2,369.061,58.0,-5.449,341.85,58.0,-14.494,345.235,58.0,-7.991
2,341.85,58.0,-14.494,369.061,58.0,-5.449,347.073,58.0,-47.488
2,341.85,58.0,-14.494,347.073,58.0,-47.488,330.335,58.0,-36.634
1,330.335,0.0,-36.634,330.335,58.0,-36.634,347.073,58.0,-47.488
1,330.335,0.0,-36.634,347.073,58.0,-47.488,347.073,0.0,-47.488
2,330.30235505645294,56.85,-36.68434190760002,330.30235505645294,58.0,-36.68434190760002,347.04035505645294,58.0,-47.53834190760002
2,330.30235505645294,56.85,-36.68434190760002,347.04035505645294,58.0,-47.53834190760002,347.04035505645294,56.85,-47.53834190760002
0,334.3357975282264,0.8,-39.26413095380001,334.3357975282264,57.4,-39.26413095380001,338.1855375282264,57.4,-41.76055095380001
0,334.3357975282264,0.8,-39.26413095380001,338.1855375282264,57.4,-41.76055095380001,338.1855375282264,0.8,-41.76055095380001
1,334.3303567043019,3.58,-39.27252127173335,334.3303567043019,3.67,-39.27252127173335,338.1800967043019,3.67,-41.768941271733354
1,334.3303567043019,3.58,-39.27252127173335,338.1800967043019,3.67,-41.768941271733354,338.1800967043019,3.58,-41.768941271733354
1,334.3303567043019,7.205,-39.27252127173335,334.3303567043019,7.295,-39.27252127173335,338.1800967043019,7.295,-41.768941271733354
1,334.3303567043019,7.205,-39.27252127173335,338.1800967043019,7.295,-41.768941271733354,338.1800967043019,7.205,-41.768941271733354
1,334.3303567043019,10.83,-39.27252127173335,334.3303567043019,10.92,-39.27252127173335,338.1800967043019,10.92,-41.768941271733354
1,334.3303567043019,10.83,-39.27252127173335,338.1800967043019,10.92,-41.768941271733354,338.1800967043019,10.83,-41.768941271733354
1,334.3303567043019,14.455,-39.27252127173335,334.3303567043019,14.545,-39.27252127173335,338.1800967043019,14.545,-41.768941271733354
1,334.3303567043019,14.455,-39.27252127173335,338.1800967043019,14.545,-41.768941271733354,338.1800967043019,14.455,-41.768941271733354
1,334.3303567043019,18.08,-39.27252127173335,334.3303567043019,18.17,-39.27252127173335,338.1800967043019,18.17,-41.768941271733354
1,334.3303567043019,18.08,-39.27252127173335,338.1800967043019,18.17,-41.768941271733354,338.1800967043019,18.08,-41.768941271733354
1,334.3303567043019,21.705,-39.27252127173335,334.3303567043019,21.795,-39.27252127173335,338.1800967043019,21.795,-41.768941271733354
1,334.3303567043019,21.705,-39.27252127173335,338.1800967043019,21.795,-41.768941271733354,338.1800967043019,21.705,-41.768941271733354
1,334.3303567043019,25.33,-39.27252127173335,334.3303567043019,25.42,-39.27252127173335,338.1800967043019,25.42,-41.768941271733354
1,334.3303567043019,25.33,-39.27252127173335,338.1800967043019,25.42,-41.768941271733354,338.1800967043019,25.33,-41.768941271733354
1,334.3303567043019,28.955,-39.27252127173335,334.3303567043019,29.045,-39.27252127173335,338.1800967043019,29.045,-41.768941271733354
1,334.3303567043019,28.955,-39.27252127173335,338.1800967043019,29.045,-41.768941271733354,338.1800967043019,28.955,-41.768941271733354
1,334.3303567043019,32.58,-39.27252127173335,334.3303567043019,32.67,-39.27252127173335,338.1800967043019,32.67,-41.768941271733354
1,334.3303567043019,32.58,-39.27252127173335,338.1800967043019,32.67,-41.768941271733354,338.1800967043019,32.58,-41.768941271733354
1,334.3303567043019,36.205,-39.27252127173335,334.3303567043019,36.295,-39.27252127173335,338.1800967043019,36.295,-41.768941271733354
1,334.3303567043019,36.205,-39.27252127173335,338.1800967043019,36.295,-41.768941271733354,338.1800967043019,36.205,-41.768941271733354
1,334.3303567043019,39.83,-39.27252127173335,334.3303567043019,39.92,-39.27252127173335,338.1800967043019,39.92,-41.768941271733354
1,334.3303567043019,39.83,-39.27252127173335,338.1800967043019,39.92,-41.768941271733354,338.1800967043019,39.83,-41.768941271733354
1,334.3303567043019,43.455,-39.27252127173335,334.3303567043019,43.545,-39.27252127173335,338.1800967043019,43.545,-41.768941271733354
1,334.3303567043019,43.455,-39.27252127173335,338.1800967043019,43.545,-41.768941271733354,338.1800967043019,43.455,-41.768941271733354
1,334.3303567043019,47.08,-39.27252127173335,334.3303567043019,47.17,-39.27252127173335,338.1800967043019,47.17,-41.768941271733354
1,334.3303567043019,47.08,-39.27252127173335,338.1800967043019,47.17,-41.768941271733354,338.1800967043019,47.08,-41.768941271733354
1,334.3303567043019,50.705,-39.27252127173335,334.3303567043019,50.795,-39.27252127173335,338.1800967043019,50.795,-41.768941271733354
1,334.3303567043019,50.705,-39.27252127173335,338.1800967043019,50.795,-41.768941271733354,338.1800967043019,50.705,-41.768941271733354
1,334.3303567043019,54.33,-39.27252127173335,334.3303567043019,54.42,-39.27252127173335,338.1800967043019,54.42,-41.768941271733354
1,334.3303567043019,54.33,-39.27252127173335,338.1800967043019,54.42,-41.768941271733354,338.1800967043019,54.33,-41.768941271733354
1,347.073,0.0,-47.488,347.073,58.0,-47.488,369.061,58.0,-5.449
1,347.073,0.0,-47.488,369.061,58.0,-5.449,369.061,0.0,-5.449
2,347.1261667397946,56.85,-47.51580823222733,347.1261667397946,58.0,-47.51580823222733,369.1141667397946,58.0,-5.476808232227326
2,347.1261667397946,56.85,-47.51580823222733,369.1141667397946,58.0,-5.476808232227326,369.1141667397946,56.85,-5.476808232227326
0,347.64204804205184,0.85,-46.45397421413344,347.64204804205184,3.325,-46.45397421413344,349.09528010451527,3.325,-43.675530395964465
0,347.64204804205184,0.85,-46.45397421413344,349.09528010451527,3.325,-43.675530395964465,349.09528010451527,0.85,-43.675530395964465
0,349.2621294978792,0.85,-43.35652995719662,349.2621294978792,3.325,-43.35652995719662,350.7153615603426,3.325,-40.57808613902765
0,349.2621294978792,0.85,-43.35652995719662,350.7153615603426,3.325,-40.57808613902765,350.7153615603426,0.85,-40.57808613902765
0,350.8822109537066,0.85,-40.2590857002598,350.8822109537066,3.325,-40.2590857002598,352.33544301616996,3.325,-37.48064188209083
0,350.8822109537066,0.85,-40.2590857002598,352.33544301616996,3.325,-37.48064188209083,352.33544301616996,0.85,-37.48064188209083
0,352.50229240953394,0.85,-37.161641443322985,352.50229240953394,3.325,-37.161641443322985,353.95552447199736,3.325,-34.38319762515402
0,352.50229240953394,0.85,-37.161641443322985,353.95552447199736,3.325,-34.38319762515402,353.95552447199736,0.85,-34.38319762515402
0,354.1223738653613,0.85,-34.06419718638617,354.1223738653613,3.325,-34.06419718638617,355.5756059278247,3.325,-31.2857533682172
0,354.1223738653613,0.85,-34.06419718638617,355.5756059278247,3.325,-31.2857533682172,355.5756059278247,0.85,-31.2857533682172
0,355.7424553211887,0.85,-30.966752929449353,355.7424553211887,3.325,-30.966752929449353,357.19568738365206,3.325,-28.188309111280383
0,355.7424553211887,0.85,-30.966752929449353,357.19568738365206,3.325,-28.188309111280383,357.19568738365206,0.85,-28.188309111280383
0,357.36253677701603,0.85,-27.869308672512535,357.36253677701603,3.325,-27.869308672512535,358.81576883947946,3.325,-25.090864854343565
0,357.36253677701603,0.85,-27.869308672512535,358.81576883947946,3.325,-25.090864854343565,358.81576883947946,0.85,-25.090864854343565
0,358.98261823284344,0.85,-24.77186441557572,358.98261823284344,3.325,-24.77186441557572,360.4358502953068,3.325,-21.99342059740675
0,358.98261823284344,0.85,-24.77186441557572,360.4358502953068,3.325,-21.99342059740675,360.4358502953068,0.85,-21.99342059740675
0,360.6026996886708,0.85,-21.674420158638902,360.6026996886708,3.325,-21.674420158638902,362.0559317511342,3.325,-18.895976340469932
0,360.6026996886708,0.85,-21.674420158638902,362.0559317511342,3.325,-18.895976340469932,362.0559317511342,0.85,-18.895976340469932
0,362.22278114449813,0.85,-18.576975901702085,362.22278114449813,3.325,-18.576975901702085,363.67601320696156,3.325,-15.798532083533111
0,362.22278114449813,0.85,-18.576975901702085,363.67601320696156,3.325,-15.798532083533111,363.67601320696156,0.85,-15.798532083533111
0,363.84286260032553,0.85,-15.479531644765263,363.84286260032553,3.325,-15.479531644765263,365.2960946627889,3.325,-12.701087826596297
0,363.84286260032553,0.85,-15.479531644765263,365.2960946627889,3.325,-12.701087826596297,365.2960946627889,0.85,-12.701087826596297
0,365.4629440561529,0.85,-12.382087387828452,365.4629440561529,3.325,-12.382087387828452,366.9161761186163,3.325,-9.603643569659479
0,365.4629440561529,0.85,-12.382087387828452,366.9161761186163,3.325,-9.603643569659479,366.9161761186163,0.85,-9.603643569659479
0,367.0830255119802,0.85,-9.284643130891634,367.0830255119802,3.325,-9.284643130891634,368.53625757444365,3.325,-6.506199312722661
0,367.0830255119802,0.85,-9.284643130891634,368.53625757444365,3.325,-6.506199312722661,368.53625757444365,0.85,-6.506199312722661
0,347.64204804205184,4.475,-46.45397421413344,347.64204804205184,6.95,-46.45397421413344,349.09528010451527,6.95,-43.675530395964465
0,347.64204804205184,4.475,-46.45397421413344,349.09528010451527,6.95,-43.675530395964465,349.09528010451527,4.475,-43.675530395964465
0,349.2621294978792,4.475,-43.35652995719662,349.2621294978792,6.95,-43.35652995719662,350.7153615603426,6.95,-40.57808613902765
0,349.2621294978792,4.475,-43.35652995719662,350.7153615603426,6.95,-40.57808613902765,350.7153615603426,4.475,-40.57808613902765
0,350.8822109537066,4.475,-40.2590857002598,350.8822109537066,6.95,-40.2590857002598,352.33544301616996,6.95,-37.48064188209083
0,350.8822109537066,4.475,-40.2590857002598,352.33544301616996,6.95,-37.48064188209083,352.33544301616996,4.475,-37.48064188209083
0,352.50229240953394,4.475,-37.161641443322985,352.50229240953394,6.95,-37.161641443322985,353.95552447199736,6.95,-34.38319762515402
0,352.50229240953394,4.475,-37.161641443322985,353.95552447199736,6.95,-34.38319762515402,353.95552447199736,4.475,-34.38319762515402
0,354.1223738653613,4.475,-34.06419718638617,354.1223738653613,6.95,-34.06419718638617,355.5756059278247,6.95,-31.2857533682172
0,354.1223738653613,4.475,-34.06419718638617,355.5756059278247,6.95,-31.2857533682172,355.5756059278247,4.475,-31.2857533682172
0,355.7424553211887,4.475,-30.966752929449353,355.7424553211887,6.95,-30.966752929449353,357.19568738365206,6.95,-28.188309111280383
0,355.7424553211887,4.475,-30.966752929449353,357.19568738365206,6.95,-28.188309111280383,357.19568738365206,4.475,-28.188309111280383
0,357.36253677701603,4.475,-27.869308672512535,357.36253677701603,6.95,-27.869308672512535,358.81576883947946,6.95,-25.090864854343565
0,357.36253677701603,4.475,-27.869308672512535,358.81576883947946,6.95,-25.090864854343565,358.81576883947946,4.475,-25.090864854343565
0,358.98261823284344,4.475,-24.77186441557572,358.98261823284344,6.95,-24.77186441557572,360.4358502953068,6.95,-21.99342059740675
0,358.98261823284344,4.475,-24.77186441557572,360.4358502953068,6.95,-21.99342059740675,360.4358502953068,4.475,-21.99342059740675
0,360.6026996886708,4.475,-21.674420158638902,360.6026996886708,6.95,-21.674420158638902,362.0559317511342,6.95,-18.895976340469932
0,360.6026996886708,4.475,-21.674420158638902,362.0559317511342,6.95,-18.895976340469932,362.0559317511342,4.475,-18.895976340469932
0,362.22278114449813,4.475,-18.576975901702085,362.22278114449813,6.95,-18.576975901702085,363.67601320696156,6.95,-15.798532083533111
0,362.22278114449813,4.475,-18.576975901702085,363.67601320696156,6.95,-15.798532083533111,363.67601320696156,4.475,-15.798532083533111
0,363.84286260032553,4.475,-15.479531644765263,363.84286260032553,6.95,-15.479531644765263,365.2960946627889,6.95,-12.701087826596297
0,363.84286260032553,4.475,-15.479531644765263,365.2960946627889,6.95,-12.701087826596297,365.2960946627889,4.475,-12.701087826596297
0,365.4629440561529,4.475,-12.382087387828452,365.4629440561529,6.95,-12.382087387828452,366.9161761186163,6.95,-9.603643569659479
0,365.4629440561529,4.475,-12.382087387828452,366.9161761186163,6.95,-9.603643569659479,366.9161761186163,4.475,-9.603643569659479
0,367.0830255119802,4.475,-9.284643130891634,367.0830255119802,6.95,-9.284643130891634,368.53625757444365,6.95,-6.506199312722661
0,367.0830255119802,4.475,-9.284643130891634,368.53625757444365,6.95,-6.506199312722661,368.53625757444365,4.475,-6.506199312722661
0,347.64204804205184,8.1,-46.45397421413344,347.64204804205184,10.575,-46.45397421413344,349.09528010451527,10.575,-43.675530395964465
0,347.64204804205184,8.1,-46.45397421413344,349.09528010451527,10.575,-43.675530395964465,349.09528010451527,8.1,-43.675530395964465
0,349.2621294978792,8.1,-43.35652995719662,349.2621294978792,10.575,-43.35652995719662,350.7153615603426,10.575,-40.57808613902765
0,349.2621294978792,8.1,-43.35652995719662,350.7153615603426,10.575,-40.57808613902765,350.7153615603426,8.1,-40.57808613902765
0,350.8822109537066,8.1,-40.2590857002598,350.8822109537066,10.575,-40.2590857002598,352.33544301616996,10.575,-37.48064188209083
0,350.8822109537066,8.1,-40.2590857002598,352.33544301616996,10.575,-37.48064188209083,352.33544301616996,8.1,-37.48064188209083
0,352.50229240953394,8.1,-37.161641443322985,352.50229240953394,10.575,-37.161641443322985,353.95552447199736,10.575,-34.38319762515402
0,352.50229240953394,8.1,-37.161641443322985,353.95552447199736,10.575,-34.38319762515402,353.95552447199736,8.1,-34.38319762515402
0,354.1223738653613,8.1,-34.06419718638617,354.1223738653613,10.575,-34.06419718638617,355.5756059278247,10.575,-31.2857533682172
0,354.1223738653613,8.1,-34.06419718638617,355.5756059278247,10.575,-31.2857533682172,355.5756059278247,8.1,-31.2857533682172
0,355.7424553211887,8.1,-30.966752929449353,355.7424553211887,10.575,-30.966752929449353,357.19568738365206,10.575,-28.188309111280383
0,355.7424553211887,8.1,-30.966752929449353,357.19568738365206,10.575,-28.188309111280383,357.19568738365206,8.1,-28.188309111280383
0,357.36253677701603,8.1,-27.869308672512535,357.36253677701603,10.575,-27.869308672512535,358.81576883947946,10.575,-25.090864854343565
0,357.36253677701603,8.1,-27.869308672512535,358.81576883947946,10.575,-25.090864854343565,358.81576883947946,8.1,-25.090864854343565
0,358.98261823284344,8.1,-24.77186441557572,358.98261823284344,10.575,-24.77186441557572,360.4358502953068,10.575,-21.99342059740675
0,358.98261823284344,8.1,-24.77186441557572,360.4358502953068,10.575,-21.99342059740675,360.4358502953068,8.1,-21.99342059740675
0,360.6026996886708,8.1,-21.674420158638902,360.6026996886708,10.575,-21.674420158638902,362.0559317511342,10.575,-18.895976340469932
0,360.6026996886708,8.1,-21.674420158638902,362.0559317511342,10.575,-18.895976340469932,362.0559317511342,8.1,-18.895976340469932
0,362.22278114449813,8.1,-18.576975901702085,362.22278114449813,10.575,-18.576975901702085,363.67601320696156,10.575,-15.798532083533111
0,362.22278114449813,8.1,-18.576975901702085,363.67601320696156,10.575,-15.798532083533111,363.67601320696156,8.1,-15.798532083533111
0,363.84286260032553,8.1,-15.479531644765263,363.84286260032553,10.575,-15.479531644765263,365.2960946627889,10.575,-12.701087826596297
0,363.84286260032553,8.1,-15.479531644765263,365.2960946627889,10.575,-12.701087826596297,365.2960946627889,8.1,-12.701087826596297
0,365.4629440561529,8.1,-12.382087387828452,365.4629440561529,10.575,-12.382087387828452,366.9161761186163,10.575,-9.603643569659479
0,365.4629440561529,8.1,-12.382087387828452,366.9161761186163,10.575,-9.603643569659479,366.9161761186163,8.1,-9.603643569659479
0,367.0830255119802,8.1,-9.284643130891634,367.0830255119802,10.575,-9.284643130891634,368.53625757444365,10.575,-6.506199312722661
0,367.0830255119802,8.1,-9.284643130891634,368.53625757444365,10.575,-6.506199312722661,368.53625757444365,8.1,-6.506199312722661
0,347.64204804205184,11.725,-46.45397421413344,347.64204804205184,14.2,-46.45397421413344,349.09528010451527,14.2,-43.675530395964465
0,347.64204804205184,11.725,-46.45397421413344,349.09528010451527,14.2,-43.675530395964465,349.09528010451527,11.725,-43.675530395964465
0,349.2621294978792,11.725,-43.35652995719662,349.2621294978792,14.2,-43.35652995719662,350.7153615603426,14.2,-40.57808613902765
0,349.2621294978792,11.725,-43.35652995719662,350.7153615603426,14.2,-40.57808613902765,350.7153615603426,11.725,-40.57808613902765
0,350.8822109537066,11.725,-40.2590857002598,350.8822109537066,14.2,-40.2590857002598,352.33544301616996,14.2,-37.48064188209083
0,350.8822109537066,11.725,-40.2590857002598,352.33544301616996,14.2,-37.48064188209083,352.33544301616996,11.725,-37.48064188209083
0,352.50229240953394,11.725,-37.161641443322985,352.50229240953394,14.2,-37.161641443322985,353.95552447199736,14.2,-34.38319762515402
0,352.50229240953394,11.725,-37.161641443322985,353.95552447199736,14.2,-34.38319762515402,353.95552447199736,11.725,-34.38319762515402
0,354.1223738653613,11.725,-34.06419718638617,354.1223738653613,14.2,-34.06419718638617,355.5756059278247,14.2,-31.2857533682172
0,354.1223738653613,11.725,-34.06419718638617,355.5756059278247,14.2,-31.2857533682172,355.5756059278247,11.725,-31.2857533682172
0,355.7424553211887,11.725,-30.966752929449353,355.7424553211887,14.2,-30.966752929449353,357.19568738365206,14.2,-28.188309111280383
0,355.7424553211887,11.725,-30.966752929449353,357.19568738365206,14.2,-28.188309111280383,357.19568738365206,11.725,-28.188309111280383
0,357.36253677701603,11.725,-27.869308672512535,357.36253677701603,14.2,-27.869308672512535,358.81576883947946,14.2,-25.090864854343565
0,357.36253677701603,11.725,-27.869308672512535,358.81576883947946,14.2,-25.090864854343565,358.81576883947946,11.725,-25.090864854343565
0,358.98261823284344,11.725,-24.77186441557572,358.98261823284344,14.2,-24.77186441557572,360.4358502953068,14.2,-21.99342059740675
0,358.98261823284344,11.725,-24.77186441557572,360.4358502953068,14.2,-21.99342059740675,360.4358502953068,11.725,-21.99342059740675
0,360.6026996886708,11.725,-21.674420158638902,360.6026996886708,14.2,-21.674420158638902,362.0559317511342,14.2,-18.895976340469932
0,360.6026996886708,11.725,-21.674420158638902,362.0559317511342,14.2,-18.895976340469932,362.0559317511342,11.725,-18.895976340469932
0,362.22278114449813,11.725,-18.576975901702085,362.22278114449813,14.2,-18.576975901702085,363.67601320696156,14.2,-15.798532083533111
0,362.22278114449813,11.725,-18.576975901702085,363.67601320696156,14.2,-15.798532083533111,363.67601320696156,11.725,-15.798532083533111
0,363.84286260032553,11.725,-15.479531644765263,363.84286260032553,14.2,-15.479531644765263,365.2960946627889,14.2,-12.701087826596297
0,363.84286260032553,11.725,-15.479531644765263,365.2960946627889,14.2,-12.701087826596297,365.2960946627889,11.725,-12.701087826596297
0,365.4629440561529,11.725,-12.382087387828452,365.4629440561529,14.2,-12.382087387828452,366.9161761186163,14.2,-9.603643569659479
0,365.4629440561529,11.725,-12.382087387828452,366.9161761186163,14.2,-9.603643569659479,366.9161761186163,11.725,-9.603643569659479
0,367.0830255119802,11.725,-9.284643130891634,367.0830255119802,14.2,-9.284643130891634,368.53625757444365,14.2,-6.506199312722661
0,367.0830255119802,11.725,-9.284643130891634,368.53625757444365,14.2,-6.506199312722661,368.53625757444365,11.725,-6.506199312722661
0,347.64204804205184,15.35,-46.45397421413344,347.64204804205184,17.825,-46.45397421413344,349.09528010451527,17.825,-43.675530395964465
0,347.64204804205184,15.35,-46.45397421413344,349.09528010451527,17.825,-43.675530395964465,349.09528010451527,15.35,-43.675530395964465
0,349.2621294978792,15.35,-43.35652995719662,349.2621294978792,17.825,-43.35652995719662,350.7153615603426,17.825,-40.57808613902765
0,349.2621294978792,15.35,-43.35652995719662,350.7153615603426,17.825,-40.57808613902765,350.7153615603426,15.35,-40.57808613902765
0,350.8822109537066,15.35,-40.2590857002598,350.8822109537066,17.825,-40.2590857002598,352.33544301616996,17.825,-37.48064188209083
0,350.8822109537066,15.35,-40.2590857002598,352.33544301616996,17.825,-37.48064188209083,352.33544301616996,15.35,-37.48064188209083
0,352.50229240953394,15.35,-37.161641443322985,352.50229240953394,17.825,-37.161641443322985,353.95552447199736,17.825,-34.38319762515402
0,352.50229240953394,15.35,-37.161641443322985,353.95552447199736,17.825,-34.38319762515402,353.95552447199736,15.35,-34.38319762515402
0,354.1223738653613,15.35,-34.06419718638617,354.1223738653613,17.825,-34.06419718638617,355.5756059278247,17.825,-31.2857533682172
0,354.1223738653613,15.35,-34.06419718638617,355.5756059278247,17.825,-31.2857533682172,355.5756059278247,15.35,-31.2857533682172
0,355.7424553211887,15.35,-30.966752929449353,355.7424553211887,17.825,-30.966752929449353,357.19568738365206,17.825,-28.188309111280383
0,355.7424553211887,15.35,-30.966752929449353,357.19568738365206,17.825,-28.188309111280383,357.19568738365206,15.35,-28.188309111280383
0,357.36253677701603,15.35,-27.869308672512535,357.36253677701603,17.825,-27.869308672512535,358.81576883947946,17.825,-25.090864854343565
0,357.36253677701603,15.35,-27.869308672512535,358.81576883947946,17.825,-25.090864854343565,358.81576883947946,15.35,-25.090864854343565
0,358.98261823284344,15.35,-24.77186441557572,358.98261823284344,17.825,-24.77186441557572,360.4358502953068,17.825,-21.99342059740675
0,358.98261823284344,15.35,-24.77186441557572,360.4358502953068,17.825,-21.99342059740675,360.4358502953068,15.35,-21.99342059740675
0,360.6026996886708,15.35,-21.674420158638902,360.6026996886708,17.825,-21.674420158638902,362.0559317511342,17.825,-18.895976340469932
0,360.6026996886708,15.35,-21.674420158638902,362.0559317511342,17.825,-18.895976340469932,362.0559317511342,15.35,-18.895976340469932
0,362.22278114449813,15.35,-18.576975901702085,362.22278114449813,17.825,-18.576975901702085,363.67601320696156,17.825,-15.798532083533111
0,362.22278114449813,15.35,-18.576975901702085,363.67601320696156,17.825,-15.798532083533111,363.67601320696156,15.35,-15.798532083533111
0,363.84286260032553,15.35,-15.479531644765263,363.84286260032553,17.825,-15.479531644765263,365.2960946627889,17.825,-12.701087826596297
0,363.84286260032553,15.35,-15.479531644765263,365.2960946627889,17.825,-12.701087826596297,365.2960946627889,15.35,-12.701087826596297
0,365.4629440561529,15.35,-12.382087387828452,365.4629440561529,17.825,-12.382087387828452,366.9161761186163,17.825,-9.603643569659479
0,365.4629440561529,15.35,-12.382087387828452,366.9161761186163,17.825,-9.603643569659479,366.9161761186163,15.35,-9.603643569659479
0,367.0830255119802,15.35,-9.284643130891634,367.0830255119802,17.825,-9.284643130891634,368.53625757444365,17.825,-6.506199312722661
0,367.0830255119802,15.35,-9.284643130891634,368.53625757444365,17.825,-6.506199312722661,368.53625757444365,15.35,-6.506199312722661
0,347.64204804205184,18.975,-46.45397421413344,347.64204804205184,21.45,-46.45397421413344,349.09528010451527,21.45,-43.675530395964465
0,347.64204804205184,18.975,-46.45397421413344,349.09528010451527,21.45,-43.675530395964465,349.09528010451527,18.975,-43.675530395964465
0,349.2621294978792,18.975,-43.35652995719662,349.2621294978792,21.45,-43.35652995719662,350.7153615603426,21.45,-40.57808613902765
0,349.2621294978792,18.975,-43.35652995719662,350.7153615603426,21.45,-40.57808613902765,350.7153615603426,18.975,-40.57808613902765
0,350.8822109537066,18.975,-40.2590857002598,350.8822109537066,21.45,-40.2590857002598,352.33544301616996,21.45,-37.48064188209083
0,350.8822109537066,18.975,-40.2590857002598,352.33544301616996,21.45,-37.48064188209083,352.33544301616996,18.975,-37.48064188209083
0,352.50229240953394,18.975,-37.161641443322985,352.50229240953394,21.45,-37.161641443322985,353.95552447199736,21.45,-34.38319762515402
0,352.50229240953394,18.975,-37.161641443322985,353.95552447199736,21.45,-34.38319762515402,353.95552447199736,18.975,-34.38319762515402
0,354.1223738653613,18.975,-34.06419718638617,354.1223738653613,21.45,-34.06419718638617,355.5756059278247,21.45,-31.2857533682172
0,354.1223738653613,18.975,-34.06419718638617,355.5756059278247,21.45,-31.2857533682172,355.5756059278247,18.975,-31.2857533682172
0,355.7424553211887,18.975,-30.966752929449353,355.7424553211887,21.45,-30.966752929449353,357.19568738365206,21.45,-28.188309111280383
0,355.7424553211887,18.975,-30.966752929449353,357.19568738365206,21.45,-28.188309111280383,357.19568738365206,18.975,-28.188309111280383
0,357.36253677701603,18.975,-27.869308672512535,357.36253677701603,21.45,-27.869308672512535,358.81576883947946,21.45,-25.090864854343565
0,357.36253677701603,18.975,-27.869308672512535,358.81576883947946,21.45,-25.090864854343565,358.81576883947946,18.975,-25.090864854343565
0,358.98261823284344,18.975,-24.77186441557572,358.98261823284344,21.45,-24.77186441557572,360.4358502953068,21.45,-21.99342059740675
0,358.98261823284344,18.975,-24.77186441557572,360.4358502953068,21.45,-21.99342059740675,360.4358502953068,18.975,-21.99342059740675
0,360.6026996886708,18.975,-21.674420158638902,360.6026996886708,21.45,-21.674420158638902,362.0559317511342,21.45,-18.895976340469932
0,360.6026996886708,18.975,-21.674420158638902,362.0559317511342,21.45,-18.895976340469932,362.0559317511342,18.975,-18.895976340469932
0,362.22278114449813,18.975,-18.576975901702085,362.22278114449813,21.45,-18.576975901702085,363.67601320696156,21.45,-15.798532083533111
0,362.22278114449813,18.975,-18.576975901702085,363.67601320696156,21.45,-15.798532083533111,363.67601320696156,18.975,-15.798532083533111
0,363.84286260032553,18.975,-15.479531644765263,363.84286260032553,21.45,-15.479531644765263,365.2960946627889,21.45,-12.701087826596297
0,363.84286260032553,18.975,-15.479531644765263,365.2960946627889,21.45,-12.701087826596297,365.2960946627889,18.975,-12.701087826596297
0,365.4629440561529,18.975,-12.382087387828452,365.4629440561529,21.45,-12.382087387828452,366.9161761186163,21.45,-9.603643569659479
0,365.4629440561529,18.975,-12.382087387828452,366.9161761186163,21.45,-9.603643569659479,366.9161761186163,18.975,-9.603643569659479
0,367.0830255119802,18.975,-9.284643130891634,367.0830255119802,21.45,-9.284643130891634,368.53625757444365,21.45,-6.506199312722661
0,367.0830255119802,18.975,-9.284643130891634,368.53625757444365,21.45,-6.506199312722661,368.53625757444365,18.975,-6.506199312722661
0,347.64204804205184,22.6,-46.45397421413344,347.64204804205184,25.075,-46.45397421413344,349.09528010451527,25.075,-43.675530395964465
0,347.64204804205184,22.6,-46.45397421413344,349.09528010451527,25.075,-43.675530395964465,349.09528010451527,22.6,-43.675530395964465
0,349.2621294978792,22.6,-43.35652995719662,349.2621294978792,25.075,-43.35652995719662,350.7153615603426,25.075,-40.57808613902765
0,349.2621294978792,22.6,-43.35652995719662,350.7153615603426,25.075,-40.57808613902765,350.7153615603426,22.6,-40.57808613902765
0,350.8822109537066,22.6,-40.2590857002598,350.8822109537066,25.075,-40.2590857002598,352.33544301616996,25.075,-37.48064188209083
0,350.8822109537066,22.6,-40.2590857002598,352.33544301616996,25.075,-37.48064188209083,352.33544301616996,22.6,-37.48064188209083
0,352.50229240953394,22.6,-37.161641443322985,352.50229240953394,25.075,-37.161641443322985,353.95552447199736,25.075,-34.38319762515402
0,352.50229240953394,22.6,-37.161641443322985,353.95552447199736,25.075,-34.38319762515402,353.95552447199736,22.6,-34.38319762515402
0,354.1223738653613,22.6,-34.06419718638617,354.1223738653613,25.075,-34.06419718638617,355.5756059278247,25.075,-31.2857533682172
0,354.1223738653613,22.6,-34.06419718638617,355.5756059278247,25.075,-31.2857533682172,355.5756059278247,22.6,-31.2857533682172
0,355.7424553211887,22.6,-30.966752929449353,355.7424553211887,25.075,-30.966752929449353,357.19568738365206,25.075,-28.188309111280383
0,355.7424553211887,22.6,-30.966752929449353,357.19568738365206,25.075,-28.188309111280383,357.19568738365206,22.6,-28.188309111280383
0,357.36253677701603,22.6,-27.869308672512535,357.36253677701603,25.075,-27.869308672512535,358.81576883947946,25.075,-25.090864854343565
0,357.36253677701603,22.6,-27.869308672512535,358.81576883947946,25.075,-25.090864854343565,358.81576883947946,22.6,-25.090864854343565
0,358.98261823284344,22.6,-24.77186441557572,358.98261823284344,25.075,-24.77186441557572,360.4358502953068,25.075,-21.99342059740675
0,358.98261823284344,22.6,-24.77186441557572,360.4358502953068,25.075,-21.99342059740675,360.4358502953068,22.6,-21.99342059740675
0,360.6026996886708,22.6,-21.674420158638902,360.6026996886708,25.075,-21.674420158638902,362.0559317511342,25.075,-18.895976340469932
0,360.6026996886708,22.6,-21.674420158638902,362.0559317511342,25.075,-18.895976340469932,362.0559317511342,22.6,-18.895976340469932
0,362.22278114449813,22.6,-18.576975901702085,362.22278114449813,25.075,-18.576975901702085,363.67601320696156,25.075,-15.798532083533111
0,362.22278114449813,22.6,-18.576975901702085,363.67601320696156,25.075,-15.798532083533111,363.67601320696156,22.6,-15.798532083533111
0,363.84286260032553,22.6,-15.479531644765263,363.84286260032553,25.075,-15.479531644765263,365.2960946627889,25.075,-12.701087826596297
0,363.84286260032553,22.6,-15.479531644765263,365.2960946627889,25.075,-12.701087826596297,365.2960946627889,22.6,-12.701087826596297
0,365.4629440561529,22.6,-12.382087387828452,365.4629440561529,25.075,-12.382087387828452,366.9161761186163,25.075,-9.603643569659479
0,365.4629440561529,22.6,-12.382087387828452,366.9161761186163,25.075,-9.603643569659479,366.9161761186163,22.6,-9.603643569659479
0,367.0830255119802,22.6,-9.284643130891634,367.0830255119802,25.075,-9.284643130891634,368.53625757444365,25.075,-6.506199312722661
0,367.0830255119802,22.6,-9.284643130891634,368.53625757444365,25.075,-6.506199312722661,368.53625757444365,22.6,-6.506199312722661
0,347.64204804205184,26.225,-46.45397421413344,347.64204804205184,28.7,-46.45397421413344,349.09528010451527,28.7,-43.675530395964465
0,347.64204804205184,26.225,-46.45397421413344,349.09528010451527,28.7,-43.675530395964465,349.09528010451527,26.225,-43.675530395964465
0,349.2621294978792,26.225,-43.35652995719662,349.2621294978792,28.7,-43.35652995719662,350.7153615603426,28.7,-40.57808613902765
0,349.2621294978792,26.225,-43.35652995719662,350.7153615603426,28.7,-40.57808613902765,350.7153615603426,26.225,-40.57808613902765
0,350.8822109537066,26.225,-40.2590857002598,350.8822109537066,28.7,-40.2590857002598,352.33544301616996,28.7,-37.48064188209083
0,350.8822109537066,26.225,-40.2590857002598,352.33544301616996,28.7,-37.48064188209083,352.33544301616996,26.225,-37.48064188209083
0,352.50229240953394,26.225,-37.161641443322985,352.50229240953394,28.7,-37.161641443322985,353.95552447199736,28.7,-34.38319762515402
0,352.50229240953394,26.225,-37.161641443322985,353.95552447199736,28.7,-34.38319762515402,353.95552447199736,26.225,-34.38319762515402
0,354.1223738653613,26.225,-34.06419718638617,354.1223738653613,28.7,-34.06419718638617,355.5756059278247,28.7,-31.2857533682172
0,354.1223738653613,26.225,-34.06419718638617,355.5756059278247,28.7,-31.2857533682172,355.5756059278247,26.225,-31.2857533682172
0,355.7424553211887,26.225,-30.966752929449353,355.7424553211887,28.7,-30.966752929449353,357.19568738365206,28.7,-28.188309111280383
0,355.7424553211887,26.225,-30.966752929449353,357.19568738365206,28.7,-28.188309111280383,357.19568738365206,26.225,-28.188309111280383
0,357.36253677701603,26.225,-27.869308672512535,357.36253677701603,28.7,-27.869308672512535,358.81576883947946,28.7,-25.090864854343565
0,357.36253677701603,26.225,-27.869308672512535,358.81576883947946,28.7,-25.090864854343565,358.81576883947946,26.225,-25.090864854343565
0,358.98261823284344,26.225,-24.77186441557572,358.98261823284344,28.7,-24.77186441557572,360.4358502953068,28.7,-21.99342059740675
0,358.98261823284344,26.225,-24.77186441557572,360.4358502953068,28.7,-21.99342059740675,360.4358502953068,26.225,-21.99342059740675
0,360.6026996886708,26.225,-21.674420158638902,360.6026996886708,28.7,-21.674420158638902,362.0559317511342,28.7,-18.895976340469932
0,360.6026996886708,26.225,-21.674420158638902,362.0559317511342,28.7,-18.895976340469932,362.0559317511342,26.225,-18.895976340469932
0,362.22278114449813,26.225,-18.576975901702085,362.22278114449813,28.7,-18.576975901702085,363.67601320696156,28.7,-15.798532083533111
0,362.22278114449813,26.225,-18.576975901702085,363.67601320696156,28.7,-15.798532083533111,363.67601320696156,26.225,-15.798532083533111
0,363.84286260032553,26.225,-15.479531644765263,363.84286260032553,28.7,-15.479531644765263,365.2960946627889,28.7,-12.701087826596297
0,363.84286260032553,26.225,-15.479531644765263,365.2960946627889,28.7,-12.701087826596297,365.2960946627889,26.225,-12.701087826596297
0,365.4629440561529,26.225,-12.382087387828452,365.4629440561529,28.7,-12.382087387828452,366.9161761186163,28.7,-9.603643569659479
0,365.4629440561529,26.225,-12.382087387828452,366.9161761186163,28.7,-9.603643569659479,366.9161761186163,26.225,-9.603643569659479
0,367.0830255119802,26.225,-9.284643130891634,367.0830255119802,28.7,-9.284643130891634,368.53625757444365,28.7,-6.506199312722661
0,367.0830255119802,26.225,-9.284643130891634,368.53625757444365,28.7,-6.506199312722661,368.53625757444365,26.225,-6.506199312722661
0,347.64204804205184,29.85,-46.45397421413344,347.64204804205184,32.325,-46.45397421413344,349.09528010451527,32.325,-43.675530395964465
0,347.64204804205184,29.85,-46.45397421413344,349.09528010451527,32.325,-43.675530395964465,349.09528010451527,29.85,-43.675530395964465
0,349.2621294978792,29.85,-43.35652995719662,349.2621294978792,32.325,-43.35652995719662,350.7153615603426,32.325,-40.57808613902765
0,349.2621294978792,29.85,-43.35652995719662,350.7153615603426,32.325,-40.57808613902765,350.7153615603426,29.85,-40.57808613902765
0,350.8822109537066,29.85,-40.2590857002598,350.8822109537066,32.325,-40.2590857002598,352.33544301616996,32.325,-37.48064188209083
0,350.8822109537066,29.85,-40.2590857002598,352.33544301616996,32.325,-37.48064188209083,352.33544301616996,29.85,-37.48064188209083
0,352.50229240953394,29.85,-37.161641443322985,352.50229240953394,32.325,-37.161641443322985,353.95552447199736,32.325,-34.38319762515402
0,352.50229240953394,29.85,-37.161641443322985,353.95552447199736,32.325,-34.38319762515402,353.95552447199736,29.85,-34.38319762515402
0,354.1223738653613,29.85,-34.06419718638617,354.1223738653613,32.325,-34.06419718638617,355.5756059278247,32.325,-31.2857533682172
0,354.1223738653613,29.85,-34.06419718638617,355.5756059278247,32.325,-31.2857533682172,355.5756059278247,29.85,-31.2857533682172
0,355.7424553211887,29.85,-30.966752929449353,355.7424553211887,32.325,-30.966752929449353,357.19568738365206,32.325,-28.188309111280383
0,355.7424553211887,29.85,-30.966752929449353,357.19568738365206,32.325,-28.188309111280383,357.19568738365206,29.85,-28.188309111280383
0,357.36253677701603,29.85,-27.869308672512535,357.36253677701603,32.325,-27.869308672512535,358.81576883947946,32.325,-25.090864854343565
0,357.36253677701603,29.85,-27.869308672512535,358.81576883947946,32.325,-25.090864854343565,358.81576883947946,29.85,-25.090864854343565
0,358.98261823284344,29.85,-24.77186441557572,358.98261823284344,32.325,-24.77186441557572,360.4358502953068,32.325,-21.99342059740675
0,358.98261823284344,29.85,-24.77186441557572,360.4358502953068,32.325,-21.99342059740675,360.4358502953068,29.85,-21.99342059740675
0,360.6026996886708,29.85,-21.674420158638902,360.6026996886708,32.325,-21.674420158638902,362.0559317511342,32.325,-18.895976340469932
0,360.6026996886708,29.85,-21.674420158638902,362.0559317511342,32.325,-18.895976340469932,362.0559317511342,29.85,-18.895976340469932
0,362.22278114449813,29.85,-18.576975901702085,362.22278114449813,32.325,-18.576975901702085,363.67601320696156,32.325,-15.798532083533111
0,362.22278114449813,29.85,-18.576975901702085,363.67601320696156,32.325,-15.798532083533111,363.67601320696156,29.85,-15.798532083533111
0,363.84286260032553,29.85,-15.479531644765263,363.84286260032553,32.325,-15.479531644765263,365.2960946627889,32.325,-12.701087826596297
0,363.84286260032553,29.85,-15.479531644765263,365.2960946627889,32.325,-12.701087826596297,365.2960946627889,29.85,-12.701087826596297
0,365.4629440561529,29.85,-12.382087387828452,365.4629440561529,32.325,-12.382087387828452,366.9161761186163,32.325,-9.603643569659479
0,365.4629440561529,29.85,-12.382087387828452,366.9161761186163,32.325,-9.603643569659479,366.9161761186163,29.85,-9.603643569659479
0,367.0830255119802,29.85,-9.284643130891634,367.0830255119802,32.325,-9.284643130891634,368.53625757444365,32.325,-6.506199312722661
0,367.0830255119802,29.85,-9.284643130891634,368.53625757444365,32.325,-6.506199312722661,368.53625757444365,29.85,-6.506199312722661
0,347.64204804205184,33.475,-46.45397421413344,347.64204804205184,35.95,-46.45397421413344,349.09528010451527,35.95,-43.675530395964465
0,347.64204804205184,33.475,-46.45397421413344,349.09528010451527,35.95,-43.675530395964465,349.09528010451527,33.475,-43.675530395964465
0,349.2621294978792,33.475,-43.35652995719662,349.2621294978792,35.95,-43.35652995719662,350.7153615603426,35.95,-40.57808613902765
0,349.2621294978792,33.475,-43.35652995719662,350.7153615603426,35.95,-40.57808613902765,350.7153615603426,33.475,-40.57808613902765
0,350.8822109537066,33.475,-40.2590857002598,350.8822109537066,35.95,-40.2590857002598,352.33544301616996,35.95,-37.48064188209083
0,350.8822109537066,33.475,-40.2590857002598,352.33544301616996,35.95,-37.48064188209083,352.33544301616996,33.475,-37.48064188209083
0,352.50229240953394,33.475,-37.161641443322985,352.50229240953394,35.95,-37.161641443322985,353.95552447199736,35.95,-34.38319762515402
0,352.50229240953394,33.475,-37.161641443322985,353.95552447199736,35.95,-34.38319762515402,353.95552447199736,33.475,-34.38319762515402
0,354.1223738653613,33.475,-34.06419718638617,354.1223738653613,35.95,-34.06419718638617,355.5756059278247,35.95,-31.2857533682172
0,354.1223738653613,33.475,-34.06419718638617,355.5756059278247,35.95,-31.2857533682172,355.5756059278247,33.475,-31.2857533682172
0,355.7424553211887,33.475,-30.966752929449353,355.7424553211887,35.95,-30.966752929449353,357.19568738365206,35.95,-28.188309111280383
0,355.7424553211887,33.475,-30.966752929449353,357.19568738365206,35.95,-28.188309111280383,357.19568738365206,33.475,-28.188309111280383
0,357.36253677701603,33.475,-27.869308672512535,357.36253677701603,35.95,-27.869308672512535,358.81576883947946,35.95,-25.090864854343565
0,357.36253677701603,33.475,-27.869308672512535,358.81576883947946,35.95,-25.090864854343565,358.81576883947946,33.475,-25.090864854343565
0,358.98261823284344,33.475,-24.77186441557572,358.98261823284344,35.95,-24.77186441557572,360.4358502953068,35.95,-21.99342059740675
0,358.98261823284344,33.475,-24.77186441557572,360.4358502953068,35.95,-21.99342059740675,360.4358502953068,33.475,-21.99342059740675
0,360.6026996886708,33.475,-21.674420158638902,360.6026996886708,35.95,-21.674420158638902,362.0559317511342,35.95,-18.895976340469932
0,360.6026996886708,33.475,-21.674420158638902,362.0559317511342,35.95,-18.895976340469932,362.0559317511342,33.475,-18.895976340469932
0,362.22278114449813,33.475,-18.576975901702085,362.22278114449813,35.95,-18.576975901702085,363.67601320696156,35.95,-15.798532083533111
0,362.22278114449813,33.475,-18.576975901702085,363.67601320696156,35.95,-15.798532083533111,363.67601320696156,33.475,-15.798532083533111
0,363.84286260032553,33.475,-15.479531644765263,363.84286260032553,35.95,-15.479531644765263,365.2960946627889,35.95,-12.701087826596297
0,363.84286260032553,33.475,-15.479531644765263,365.2960946627889,35.95,-12.701087826596297,365.2960946627889,33.475,-12.701087826596297
0,365.4629440561529,33.475,-12.382087387828452,365.4629440561529,35.95,-12.382087387828452,366.9161761186163,35.95,-9.603643569659479
0,365.4629440561529,33.475,-12.382087387828452,366.9161761186163,35.95,-9.603643569659479,366.9161761186163,33.475,-9.603643569659479
0,367.0830255119802,33.475,-9.284643130891634,367.0830255119802,35.95,-9.284643130891634,368.53625757444365,35.95,-6.506199312722661
0,367.0830255119802,33.475,-9.284643130891634,368.53625757444365,35.95,-6.506199312722661,368.53625757444365,33.475,-6.506199312722661
0,347.64204804205184,37.1,-46.45397421413344,347.64204804205184,39.575,-46.45397421413344,349.09528010451527,39.575,-43.675530395964465
0,347.64204804205184,37.1,-46.45397421413344,349.09528010451527,39.575,-43.675530395964465,349.09528010451527,37.1,-43.675530395964465
0,349.2621294978792,37.1,-43.35652995719662,349.2621294978792,39.575,-43.35652995719662,350.7153615603426,39.575,-40.57808613902765
0,349.2621294978792,37.1,-43.35652995719662,350.7153615603426,39.575,-40.57808613902765,350.7153615603426,37.1,-40.57808613902765
0,350.8822109537066,37.1,-40.2590857002598,350.8822109537066,39.575,-40.2590857002598,352.33544301616996,39.575,-37.48064188209083
0,350.8822109537066,37.1,-40.2590857002598,352.33544301616996,39.575,-37.48064188209083,352.33544301616996,37.1,-37.48064188209083
0,352.50229240953394,37.1,-37.161641443322985,352.50229240953394,39.575,-37.161641443322985,353.95552447199736,39.575,-34.38319762515402
0,352.50229240953394,37.1,-37.161641443322985,353.95552447199736,39.575,-34.38319762515402,353.95552447199736,37.1,-34.38319762515402
0,354.1223738653613,37.1,-34.06419718638617,354.1223738653613,39.575,-34.06419718638617,355.5756059278247,39.575,-31.2857533682172
0,354.1223738653613,37.1,-34.06419718638617,355.5756059278247,39.575,-31.2857533682172,355.5756059278247,37.1,-31.2857533682172
0,355.7424553211887,37.1,-30.966752929449353,355.7424553211887,39.575,-30.966752929449353,357.19568738365206,39.575,-28.188309111280383
0,355.7424553211887,37.1,-30.966752929449353,357.19568738365206,39.575,-28.188309111280383,357.19568738365206,37.1,-28.188309111280383
0,357.36253677701603,37.1,-27.869308672512535,357.36253677701603,39.575,-27.869308672512535,358.81576883947946,39.575,-25.090864854343565
0,357.36253677701603,37.1,-27.869308672512535,358.81576883947946,39.575,-25.090864854343565,358.81576883947946,37.1,-25.090864854343565
0,358.98261823284344,37.1,-24.77186441557572,358.98261823284344,39.575,-24.77186441557572,360.4358502953068,39.575,-21.99342059740675
0,358.98261823284344,37.1,-24.77186441557572,360.4358502953068,39.575,-21.99342059740675,360.4358502953068,37.1,-21.99342059740675
0,360.6026996886708,37.1,-21.674420158638902,360.6026996886708,39.575,-21.674420158638902,362.0559317511342,39.575,-18.895976340469932
0,360.6026996886708,37.1,-21.674420158638902,362.0559317511342,39.575,-18.895976340469932,362.0559317511342,37.1,-18.895976340469932
0,362.22278114449813,37.1,-18.576975901702085,362.22278114449813,39.575,-18.576975901702085,363.67601320696156,39.575,-15.798532083533111
0,362.22278114449813,37.1,-18.576975901702085,363.67601320696156,39.575,-15.798532083533111,363.67601320696156,37.1,-15.798532083533111
0,363.84286260032553,37.1,-15.479531644765263,363.84286260032553,39.575,-15.479531644765263,365.2960946627889,39.575,-12.701087826596297
0,363.84286260032553,37.1,-15.479531644765263,365.2960946627889,39.575,-12.701087826596297,365.2960946627889,37.1,-12.701087826596297
0,365.4629440561529,37.1,-12.382087387828452,365.4629440561529,39.575,-12.382087387828452,366.9161761186163,39.575,-9.603643569659479
0,365.4629440561529,37.1,-12.382087387828452,366.9161761186163,39.575,-9.603643569659479,366.9161761186163,37.1,-9.603643569659479
0,367.0830255119802,37.1,-9.284643130891634,367.0830255119802,39.575,-9.284643130891634,368.53625757444365,39.575,-6.506199312722661
0,367.0830255119802,37.1,-9.284643130891634,368.53625757444365,39.575,-6.506199312722661,368.53625757444365,37.1,-6.506199312722661
0,347.64204804205184,40.725,-46.45397421413344,347.64204804205184,43.2,-46.45397421413344,349.09528010451527,43.2,-43.675530395964465
0,347.64204804205184,40.725,-46.45397421413344,349.09528010451527,43.2,-43.675530395964465,349.09528010451527,40.725,-43.675530395964465
0,349.2621294978792,40.725,-43.35652995719662,349.2621294978792,43.2,-43.35652995719662,350.7153615603426,43.2,-40.57808613902765
0,349.2621294978792,40.725,-43.35652995719662,350.7153615603426,43.2,-40.57808613902765,350.7153615603426,40.725,-40.57808613902765
0,350.8822109537066,40.725,-40.2590857002598,350.8822109537066,43.2,-40.2590857002598,352.33544301616996,43.2,-37.48064188209083
0,350.8822109537066,40.725,-40.2590857002598,352.33544301616996,43.2,-37.48064188209083,352.33544301616996,40.725,-37.48064188209083
0,352.50229240953394,40.725,-37.161641443322985,352.50229240953394,43.2,-37.161641443322985,353.95552447199736,43.2,-34.38319762515402
0,352.50229240953394,40.725,-37.161641443322985,353.95552447199736,43.2,-34.38319762515402,353.95552447199736,40.725,-34.38319762515402
0,354.1223738653613,40.725,-34.06419718638617,354.1223738653613,43.2,-34.06419718638617,355.5756059278247,43.2,-31.2857533682172
0,354.1223738653613,40.725,-34.06419718638617,355.5756059278247,43.2,-31.2857533682172,355.5756059278247,40.725,-31.2857533682172
0,355.7424553211887,40.725,-30.966752929449353,355.7424553211887,43.2,-30.966752929449353,357.19568738365206,43.2,-28.188309111280383
0,355.7424553211887,40.725,-30.966752929449353,357.19568738365206,43.2,-28.188309111280383,357.19568738365206,40.725,-28.188309111280383
0,357.36253677701603,40.725,-27.869308672512535,357.36253677701603,43.2,-27.869308672512535,358.81576883947946,43.2,-25.090864854343565
0,357.36253677701603,40.725,-27.869308672512535,358.81576883947946,43.2,-25.090864854343565,358.81576883947946,40.725,-25.090864854343565
0,358.98261823284344,40.725,-24.77186441557572,358.98261823284344,43.2,-24.77186441557572,360.4358502953068,43.2,-21.99342059740675
0,358.98261823284344,40.725,-24.77186441557572,360.4358502953068,43.2,-21.99342059740675,360.4358502953068,40.725,-21.99342059740675
0,360.6026996886708,40.725,-21.674420158638902,360.6026996886708,43.2,-21.674420158638902,362.0559317511342,43.2,-18.895976340469932
0,360.6026996886708,40.725,-21.674420158638902,362.0559317511342,43.2,-18.895976340469932,362.0559317511342,40.725,-18.895976340469932
0,362.22278114449813,40.725,-18.576975901702085,362.22278114449813,43.2,-18.576975901702085,363.67601320696156,43.2,-15.798532083533111
0,362.22278114449813,40.725,-18.576975901702085,363.67601320696156,43.2,-15.798532083533111,363.67601320696156,40.725,-15.798532083533111
0,363.84286260032553,40.725,-15.479531644765263,363.84286260032553,43.2,-15.479531644765263,365.2960946627889,43.2,-12.701087826596297
0,363.84286260032553,40.725,-15.479531644765263,365.2960946627889,43.2,-12.701087826596297,365.2960946627889,40.725,-12.701087826596297
0,365.4629440561529,40.725,-12.382087387828452,365.4629440561529,43.2,-12.382087387828452,366.9161761186163,43.2,-9.603643569659479
0,365.4629440561529,40.725,-12.382087387828452,366.9161761186163,43.2,-9.603643569659479,366.9161761186163,40.725,-9.603643569659479
0,367.0830255119802,40.725,-9.284643130891634,367.0830255119802,43.2,-9.284643130891634,368.53625757444365,43.2,-6.506199312722661
0,367.0830255119802,40.725,-9.284643130891634,368.53625757444365,43.2,-6.506199312722661,368.53625757444365,40.725,-6.506199312722661
0,347.64204804205184,44.35,-46.45397421413344,347.64204804205184,46.825,-46.45397421413344,349.09528010451527,46.825,-43.675530395964465
0,347.64204804205184,44.35,-46.45397421413344,349.09528010451527,46.825,-43.675530395964465,349.09528010451527,44.35,-43.675530395964465
0,349.2621294978792,44.35,-43.35652995719662,349.2621294978792,46.825,-43.35652995719662,350.7153615603426,46.825,-40.57808613902765
0,349.2621294978792,44.35,-43.35652995719662,350.7153615603426,46.825,-40.57808613902765,350.7153615603426,44.35,-40.57808613902765
0,350.8822109537066,44.35,-40.2590857002598,350.8822109537066,46.825,-40.2590857002598,352.33544301616996,46.825,-37.48064188209083
0,350.8822109537066,44.35,-40.2590857002598,352.33544301616996,46.825,-37.48064188209083,352.33544301616996,44.35,-37.48064188209083
0,352.50229240953394,44.35,-37.161641443322985,352.50229240953394,46.825,-37.161641443322985,353.95552447199736,46.825,-34.38319762515402
0,352.50229240953394,44.35,-37.161641443322985,353.95552447199736,46.825,-34.38319762515402,353.95552447199736,44.35,-34.38319762515402
0,354.1223738653613,44.35,-34.06419718638617,354.1223738653613,46.825,-34.06419718638617,355.5756059278247,46.825,-31.2857533682172
0,354.1223738653613,44.35,-34.06419718638617,355.5756059278247,46.825,-31.2857533682172,355.5756059278247,44.35,-31.2857533682172
0,355.7424553211887,44.35,-30.966752929449353,355.7424553211887,46.825,-30.966752929449353,357.19568738365206,46.825,-28.188309111280383
0,355.7424553211887,44.35,-30.966752929449353,357.19568738365206,46.825,-28.188309111280383,357.19568738365206,44.35,-28.188309111280383
0,357.36253677701603,44.35,-27.869308672512535,357.36253677701603,46.825,-27.869308672512535,358.81576883947946,46.825,-25.090864854343565
0,357.36253677701603,44.35,-27.869308672512535,358.81576883947946,46.825,-25.090864854343565,358.81576883947946,44.35,-25.090864854343565
0,358.98261823284344,44.35,-24.77186441557572,358.98261823284344,46.825,-24.77186441557572,360.4358502953068,46.825,-21.99342059740675
0,358.98261823284344,44.35,-24.77186441557572,360.4358502953068,46.825,-21.99342059740675,360.4358502953068,44.35,-21.99342059740675
0,360.6026996886708,44.35,-21.674420158638902,360.6026996886708,46.825,-21.674420158638902,362.0559317511342,46.825,-18.895976340469932
0,360.6026996886708,44.35,-21.674420158638902,362.0559317511342,46.825,-18.895976340469932,362.0559317511342,44.35,-18.895976340469932
0,362.22278114449813,44.35,-18.576975901702085,362.22278114449813,46.825,-18.576975901702085,363.67601320696156,46.825,-15.798532083533111
0,362.22278114449813,44.35,-18.576975901702085,363.67601320696156,46.825,-15.798532083533111,363.67601320696156,44.35,-15.798532083533111
0,363.84286260032553,44.35,-15.479531644765263,363.84286260032553,46.825,-15.479531644765263,365.2960946627889,46.825,-12.701087826596297
0,363.84286260032553,44.35,-15.479531644765263,365.2960946627889,46.825,-12.701087826596297,365.2960946627889,44.35,-12.701087826596297
0,365.4629440561529,44.35,-12.382087387828452,365.4629440561529,46.825,-12.382087387828452,366.9161761186163,46.825,-9.603643569659479
0,365.4629440561529,44.35,-12.382087387828452,366.9161761186163,46.825,-9.603643569659479,366.9161761186163,44.35,-9.603643569659479
0,367.0830255119802,44.35,-9.284643130891634,367.0830255119802,46.825,-9.284643130891634,368.53625757444365,46.825,-6.506199312722661
0,367.0830255119802,44.35,-9.284643130891634,368.53625757444365,46.825,-6.506199312722661,368.53625757444365,44.35,-6.506199312722661
0,347.64204804205184,47.975,-46.45397421413344,347.64204804205184,50.45,-46.45397421413344,349.09528010451527,50.45,-43.675530395964465
0,347.64204804205184,47.975,-46.45397421413344,349.09528010451527,50.45,-43.675530395964465,349.09528010451527,47.975,-43.675530395964465
0,349.2621294978792,47.975,-43.35652995719662,349.2621294978792,50.45,-43.35652995719662,350.7153615603426,50.45,-40.57808613902765
0,349.2621294978792,47.975,-43.35652995719662,350.7153615603426,50.45,-40.57808613902765,350.7153615603426,47.975,-40.57808613902765
0,350.8822109537066,47.975,-40.2590857002598,350.8822109537066,50.45,-40.2590857002598,352.33544301616996,50.45,-37.48064188209083
0,350.8822109537066,47.975,-40.2590857002598,352.33544301616996,50.45,-37.48064188209083,352.33544301616996,47.975,-37.48064188209083
0,352.50229240953394,47.975,-37.161641443322985,352.50229240953394,50.45,-37.161641443322985,353.95552447199736,50.45,-34.38319762515402
0,352.50229240953394,47.975,-37.161641443322985,353.95552447199736,50.45,-34.38319762515402,353.95552447199736,47.975,-34.38319762515402
0,354.1223738653613,47.975,-34.06419718638617,354.1223738653613,50.45,-34.06419718638617,355.5756059278247,50.45,-31.2857533682172
0,354.1223738653613,47.975,-34.06419718638617,355.5756059278247,50.45,-31.2857533682172,355.5756059278247,47.975,-31.2857533682172
0,355.7424553211887,47.975,-30.966752929449353,355.7424553211887,50.45,-30.966752929449353,357.19568738365206,50.45,-28.188309111280383
0,355.7424553211887,47.975,-30.966752929449353,357.19568738365206,50.45,-28.188309111280383,357.19568738365206,47.975,-28.188309111280383
0,357.36253677701603,47.975,-27.869308672512535,357.36253677701603,50.45,-27.869308672512535,358.81576883947946,50.45,-25.090864854343565
0,357.36253677701603,47.975,-27.869308672512535,358.81576883947946,50.45,-25.090864854343565,358.81576883947946,47.975,-25.090864854343565
0,358.98261823284344,47.975,-24.77186441557572,358.98261823284344,50.45,-24.77186441557572,360.4358502953068,50.45,-21.99342059740675
0,358.98261823284344,47.975,-24.77186441557572,360.4358502953068,50.45,-21.99342059740675,360.4358502953068,47.975,-21.99342059740675
0,360.6026996886708,47.975,-21.674420158638902,360.6026996886708,50.45,-21.674420158638902,362.0559317511342,50.45,-18.895976340469932
0,360.6026996886708,47.975,-21.674420158638902,362.0559317511342,50.45,-18.895976340469932,362.0559317511342,47.975,-18.895976340469932
0,362.22278114449813,47.975,-18.576975901702085,362.22278114449813,50.45,-18.576975901702085,363.67601320696156,50.45,-15.798532083533111
0,362.22278114449813,47.975,-18.576975901702085,363.67601320696156,50.45,-15.798532083533111,363.67601320696156,47.975,-15.798532083533111
0,363.84286260032553,47.975,-15.479531644765263,363.84286260032553,50.45,-15.479531644765263,365.2960946627889,50.45,-12.701087826596297
0,363.84286260032553,47.975,-15.479531644765263,365.2960946627889,50.45,-12.701087826596297,365.2960946627889,47.975,-12.701087826596297
0,365.4629440561529,47.975,-12.382087387828452,365.4629440561529,50.45,-12.382087387828452,366.9161761186163,50.45,-9.603643569659479
0,365.4629440561529,47.975,-12.382087387828452,366.9161761186163,50.45,-9.603643569659479,366.9161761186163,47.975,-9.603643569659479
0,367.0830255119802,47.975,-9.284643130891634,367.0830255119802,50.45,-9.284643130891634,368.53625757444365,50.45,-6.506199312722661
0,367.0830255119802,47.975,-9.284643130891634,368.53625757444365,50.45,-6.506199312722661,368.53625757444365,47.975,-6.506199312722661
0,347.64204804205184,51.6,-46.45397421413344,347.64204804205184,54.075,-46.45397421413344,349.09528010451527,54.075,-43.675530395964465
0,347.64204804205184,51.6,-46.45397421413344,349.09528010451527,54.075,-43.675530395964465,349.09528010451527,51.6,-43.675530395964465
0,349.2621294978792,51.6,-43.35652995719662,349.2621294978792,54.075,-43.35652995719662,350.7153615603426,54.075,-40.57808613902765
0,349.2621294978792,51.6,-43.35652995719662,350.7153615603426,54.075,-40.57808613902765,350.7153615603426,51.6,-40.57808613902765
0,350.8822109537066,51.6,-40.2590857002598,350.8822109537066,54.075,-40.2590857002598,352.33544301616996,54.075,-37.48064188209083
0,350.8822109537066,51.6,-40.2590857002598,352.33544301616996,54.075,-37.48064188209083,352.33544301616996,51.6,-37.48064188209083
0,352.50229240953394,51.6,-37.161641443322985,352.50229240953394,54.075,-37.161641443322985,353.95552447199736,54.075,-34.38319762515402
0,352.50229240953394,51.6,-37.161641443322985,353.95552447199736,54.075,-34.38319762515402,353.95552447199736,51.6,-34.38319762515402
0,354.1223738653613,51.6,-34.06419718638617,354.1223738653613,54.075,-34.06419718638617,355.5756059278247,54.075,-31.2857533682172
0,354.1223738653613,51.6,-34.06419718638617,355.5756059278247,54.075,-31.2857533682172,355.5756059278247,51.6,-31.2857533682172
0,355.7424553211887,51.6,-30.966752929449353,355.7424553211887,54.075,-30.966752929449353,357.19568738365206,54.075,-28.188309111280383
0,355.7424553211887,51.6,-30.966752929449353,357.19568738365206,54.075,-28.188309111280383,357.19568738365206,51.6,-28.188309111280383
0,357.36253677701603,51.6,-27.869308672512535,357.36253677701603,54.075,-27.869308672512535,358.81576883947946,54.075,-25.090864854343565
0,357.36253677701603,51.6,-27.869308672512535,358.81576883947946,54.075,-25.090864854343565,358.81576883947946,51.6,-25.090864854343565
0,358.98261823284344,51.6,-24.77186441557572,358.98261823284344,54.075,-24.77186441557572,360.4358502953068,54.075,-21.99342059740675
0,358.98261823284344,51.6,-24.77186441557572,360.4358502953068,54.075,-21.99342059740675,360.4358502953068,51.6,-21.99342059740675
0,360.6026996886708,51.6,-21.674420158638902,360.6026996886708,54.075,-21.674420158638902,362.0559317511342,54.075,-18.895976340469932
0,360.6026996886708,51.6,-21.674420158638902,362.0559317511342,54.075,-18.895976340469932,362.0559317511342,51.6,-18.895976340469932
0,362.22278114449813,51.6,-18.576975901702085,362.22278114449813,54.075,-18.576975901702085,363.67601320696156,54.075,-15.798532083533111
0,362.22278114449813,51.6,-18.576975901702085,363.67601320696156,54.075,-15.798532083533111,363.67601320696156,51.6,-15.798532083533111
0,363.84286260032553,51.6,-15.479531644765263,363.84286260032553,54.075,-15.479531644765263,365.2960946627889,54.075,-12.701087826596297
0,363.84286260032553,51.6,-15.479531644765263,365.2960946627889,54.075,-12.701087826596297,365.2960946627889,51.6,-12.701087826596297
0,365.4629440561529,51.6,-12.382087387828452,365.4629440561529,54.075,-12.382087387828452,366.9161761186163,54.075,-9.603643569659479
0,365.4629440561529,51.6,-12.382087387828452,366.9161761186163,54.075,-9.603643569659479,366.9161761186163,51.6,-9.603643569659479
0,367.0830255119802,51.6,-9.284643130891634,367.0830255119802,54.075,-9.284643130891634,368.53625757444365,54.075,-6.506199312722661
0,367.0830255119802,51.6,-9.284643130891634,368.53625757444365,54.075,-6.506199312722661,368.53625757444365,51.6,-6.506199312722661
0,347.64204804205184,55.225,-46.45397421413344,347.64204804205184,57.7,-46.45397421413344,349.09528010451527,57.7,-43.675530395964465
0,347.64204804205184,55.225,-46.45397421413344,349.09528010451527,57.7,-43.675530395964465,349.09528010451527,55.225,-43.675530395964465
0,349.2621294978792,55.225,-43.35652995719662,349.2621294978792,57.7,-43.35652995719662,350.7153615603426,57.7,-40.57808613902765
0,349.2621294978792,55.225,-43.35652995719662,350.7153615603426,57.7,-40.57808613902765,350.7153615603426,55.225,-40.57808613902765
0,350.8822109537066,55.225,-40.2590857002598,350.8822109537066,57.7,-40.2590857002598,352.33544301616996,57.7,-37.48064188209083
0,350.8822109537066,55.225,-40.2590857002598,352.33544301616996,57.7,-37.48064188209083,352.33544301616996,55.225,-37.48064188209083
0,352.50229240953394,55.225,-37.161641443322985,352.50229240953394,57.7,-37.161641443322985,353.95552447199736,57.7,-34.38319762515402
0,352.50229240953394,55.225,-37.161641443322985,353.95552447199736,57.7,-34.38319762515402,353.95552447199736,55.225,-34.38319762515402
0,354.1223738653613,55.225,-34.06419718638617,354.1223738653613,57.7,-34.06419718638617,355.5756059278247,57.7,-31.2857533682172
0,354.1223738653613,55.225,-34.06419718638617,355.5756059278247,57.7,-31.2857533682172,355.5756059278247,55.225,-31.2857533682172
0,355.7424553211887,55.225,-30.966752929449353,355.7424553211887,57.7,-30.966752929449353,357.19568738365206,57.7,-28.188309111280383
0,355.7424553211887,55.225,-30.966752929449353,357.19568738365206,57.7,-28.188309111280383,357.19568738365206,55.225,-28.188309111280383
0,357.36253677701603,55.225,-27.869308672512535,357.36253677701603,57.7,-27.869308672512535,358.81576883947946,57.7,-25.090864854343565
0,357.36253677701603,55.225,-27.869308672512535,358.81576883947946,57.7,-25.090864854343565,358.81576883947946,55.225,-25.090864854343565
0,358.98261823284344,55.225,-24.77186441557572,358.98261823284344,57.7,-24.77186441557572,360.4358502953068,57.7,-21.99342059740675
0,358.98261823284344,55.225,-24.77186441557572,360.4358502953068,57.7,-21.99342059740675,360.4358502953068,55.225,-21.99342059740675
0,360.6026996886708,55.225,-21.674420158638902,360.6026996886708,57.7,-21.674420158638902,362.0559317511342,57.7,-18.895976340469932
0,360.6026996886708,55.225,-21.674420158638902,362.0559317511342,57.7,-18.895976340469932,362.0559317511342,55.225,-18.895976340469932
0,362.22278114449813,55.225,-18.576975901702085,362.22278114449813,57.7,-18.576975901702085,363.67601320696156,57.7,-15.798532083533111
0,362.22278114449813,55.225,-18.576975901702085,363.67601320696156,57.7,-15.798532083533111,363.67601320696156,55.225,-15.798532083533111
0,363.84286260032553,55.225,-15.479531644765263,363.84286260032553,57.7,-15.479531644765263,365.2960946627889,57.7,-12.701087826596297
0,363.84286260032553,55.225,-15.479531644765263,365.2960946627889,57.7,-12.701087826596297,365.2960946627889,55.225,-12.701087826596297
0,365.4629440561529,55.225,-12.382087387828452,365.4629440561529,57.7,-12.382087387828452,366.9161761186163,57.7,-9.603643569659479
0,365.4629440561529,55.225,-12.382087387828452,366.9161761186163,57.7,-9.603643569659479,366.9161761186163,55.225,-9.603643569659479
0,367.0830255119802,55.225,-9.284643130891634,367.0830255119802,57.7,-9.284643130891634,368.53625757444365,57.7,-6.506199312722661
0,367.0830255119802,55.225,-9.284643130891634,368.53625757444365,57.7,-6.506199312722661,368.53625757444365,55.225,-6.506199312722661
1,369.061,22.0,-5.449,369.061,58.0,-5.449,345.235,58.0,-7.991
1,369.061,22.0,-5.449,345.235,58.0,-7.991,345.235,22.0,-7.991
2,369.05463471462747,56.85,-5.3893385958753335,369.05463471462747,58.0,-5.3893385958753335,345.2286347146275,58.0,-7.931338595875333
2,369.05463471462747,56.85,-5.3893385958753335,345.2286347146275,58.0,-7.931338595875333,345.2286347146275,56.85,-7.931338595875333
0,367.8850068499763,22.6,-5.549325027273656,367.8850068499763,25.075,-5.549325027273656,364.6034275198614,25.075,-5.89943728519157
0,367.8850068499763,22.6,-5.549325027273656,364.6034275198614,25.075,-5.89943728519157,364.6034275198614,22.6,-5.89943728519157
0,364.24545909511335,22.6,-5.937628997426499,364.24545909511335,25.075,-5.937628997426499,360.9638797649984,25.075,-6.287741255344414
0,364.24545909511335,22.6,-5.937628997426499,360.9638797649984,25.075,-6.287741255344414,360.9638797649984,22.6,-6.287741255344414
0,360.6059113402504,22.6,-6.325932967579343,360.6059113402504,25.075,-6.325932967579343,357.32433201013544,25.075,-6.6760452254972575
0,360.6059113402504,22.6,-6.325932967579343,357.32433201013544,25.075,-6.6760452254972575,357.32433201013544,22.6,-6.6760452254972575
0,356.96636358538746,22.6,-6.714236937732186,356.96636358538746,25.075,-6.714236937732186,353.68478425527246,25.075,-7.0643491956501006
0,356.96636358538746,22.6,-6.714236937732186,353.68478425527246,25.075,-7.0643491956501006,353.68478425527246,22.6,-7.0643491956501006
0,353.3268158305245,22.6,-7.10254090788503,353.3268158305245,25.075,-7.10254090788503,350.04523650040954,25.075,-7.452653165802944
0,353.3268158305245,22.6,-7.10254090788503,350.04523650040954,25.075,-7.452653165802944,350.04523650040954,22.6,-7.452653165802944
0,349.6872680756615,22.6,-7.490844878037874,349.6872680756615,25.075,-7.490844878037874,346.40568874554657,25.075,-7.8409571359557875
0,349.6872680756615,22.6,-7.490844878037874,346.40568874554657,25.075,-7.8409571359557875,346.40568874554657,22.6,-7.8409571359557875
0,367.8850068499763,26.225,-5.549325027273656,367.8850068499763,28.7,-5.549325027273656,364.6034275198614,28.7,-5.89943728519157
0,367.8850068499763,26.225,-5.549325027273656,364.6034275198614,28.7,-5.89943728519157,364.6034275198614,26.225,-5.89943728519157
0,364.24545909511335,26.225,-5.937628997426499,364.24545909511335,28.7,-5.937628997426499,360.9638797649984,28.7,-6.287741255344414
0,364.24545909511335,26.225,-5.937628997426499,360.9638797649984,28.7,-6.287741255344414,360.9638797649984,26.225,-6.287741255344414
0,360.6059113402504,26.225,-6.325932967579343,360.6059113402504,28.7,-6.325932967579343,357.32433201013544,28.7,-6.6760452254972575
0,360.6059113402504,26.225,-6.325932967579343,357.32433201013544,28.7,-6.6760452254972575,357.32433201013544,26.225,-6.6760452254972575
0,356.96636358538746,26.225,-6.714236937732186,356.96636358538746,28.7,-6.714236937732186,353.68478425527246,28.7,-7.0643491956501006
0,356.96636358538746,26.225,-6.714236937732186,353.68478425527246,28.7,-7.0643491956501006,353.68478425527246,26.225,-7.0643491956501006
0,353.3268158305245,26.225,-7.10254090788503,353.3268158305245,28.7,-7.10254090788503,350.04523650040954,28.7,-7.452653165802944
0,353.3268158305245,26.225,-7.10254090788503,350.04523650040954,28.7,-7.452653165802944,350.04523650040954,26.225,-7.452653165802944
0,349.6872680756615,26.225,-7.490844878037874,349.6872680756615,28.7,-7.490844878037874,346.40568874554657,28.7,-7.8409571359557875
0,349.6872680756615,26.225,-7.490844878037874,346.40568874554657,28.7,-7.8409571359557875,346.40568874554657,26.225,-7.8409571359557875
0,367.8850068499763,29.85,-5.549325027273656,367.8850068499763,32.325,-5.549325027273656,364.6034275198614,32.325,-5.89943728519157
0,367.8850068499763,29.85,-5.549325027273656,364.6034275198614,32.325,-5.89943728519157,364.6034275198614,29.85,-5.89943728519157
0,364.24545909511335,29.85,-5.937628997426499,364.24545909511335,32.325,-5.937628997426499,360.9638797649984,32.325,-6.287741255344414
0,364.24545909511335,29.85,-5.937628997426499,360.9638797649984,32.325,-6.287741255344414,360.9638797649984,29.85,-6.287741255344414
0,360.6059113402504,29.85,-6.325932967579343,360.6059113402504,32.325,-6.325932967579343,357.32433201013544,32.325,-6.6760452254972575
0,360.6059113402504,29.85,-6.325932967579343,357.32433201013544,32.325,-6.6760452254972575,357.32433201013544,29.85,-6.6760452254972575
0,356.96636358538746,29.85,-6.714236937732186,356.96636358538746,32.325,-6.714236937732186,353.68478425527246,32.325,-7.0643491956501006
0,356.96636358538746,29.85,-6.714236937732186,353.68478425527246,32.325,-7.0643491956501006,353.68478425527246,29.85,-7.0643491956501006
0,353.3268158305245,29.85,-7.10254090788503,353.3268158305245,32.325,-7.10254090788503,350.04523650040954,32.325,-7.452653165802944
0,353.3268158305245,29.85,-7.10254090788503,350.04523650040954,32.325,-7.452653165802944,350.04523650040954,29.85,-7.452653165802944
0,349.6872680756615,29.85,-7.490844878037874,349.6872680756615,32.325,-7.490844878037874,346.40568874554657,32.325,-7.8409571359557875
0,349.6872680756615,29.85,-7.490844878037874,346.40568874554657,32.325,-7.8409571359557875,346.40568874554657,29.85,-7.8409571359557875
0,367.8850068499763,33.475,-5.549325027273656,367.8850068499763,35.95,-5.549325027273656,364.6034275198614,35.95,-5.89943728519157
0,367.8850068499763,33.475,-5.549325027273656,364.6034275198614,35.95,-5.89943728519157,364.6034275198614,33.475,-5.89943728519157
0,364.24545909511335,33.475,-5.937628997426499,364.24545909511335,35.95,-5.937628997426499,360.9638797649984,35.95,-6.287741255344414
0,364.24545909511335,33.475,-5.937628997426499,360.9638797649984,35.95,-6.287741255344414,360.9638797649984,33.475,-6.287741255344414
0,360.6059113402504,33.475,-6.325932967579343,360.6059113402504,35.95,-6.325932967579343,357.32433201013544,35.95,-6.6760452254972575
0,360.6059113402504,33.475,-6.325932967579343,357.32433201013544,35.95,-6.6760452254972575,357.32433201013544,33.475,-6.6760452254972575
0,356.96636358538746,33.475,-6.714236937732186,356.96636358538746,35.95,-6.714236937732186,353.68478425527246,35.95,-7.0643491956501006
0,356.96636358538746,33.475,-6.714236937732186,353.68478425527246,35.95,-7.0643491956501006,353.68478425527246,33.475,-7.0643491956501006
0,353.3268158305245,33.475,-7.10254090788503,353.3268158305245,35.95,-7.10254090788503,350.04523650040954,35.95,-7.452653165802944
0,353.3268158305245,33.475,-7.10254090788503,350.04523650040954,35.95,-7.452653165802944,350.04523650040954,33.475,-7.452653165802944
0,349.6872680756615,33.475,-7.490844878037874,349.6872680756615,35.95,-7.490844878037874,346.40568874554657,35.95,-7.8409571359557875
0,349.6872680756615,33.475,-7.490844878037874,346.40568874554657,35.95,-7.8409571359557875,346.40568874554657,33.475,-7.8409571359557875
0,367.8850068499763,37.1,-5.549325027273656,367.8850068499763,39.575,-5.549325027273656,364.6034275198614,39.575,-5.89943728519157
0,367.8850068499763,37.1,-5.549325027273656,364.6034275198614,39.575,-5.89943728519157,364.6034275198614,37.1,-5.89943728519157
0,364.24545909511335,37.1,-5.937628997426499,364.24545909511335,39.575,-5.937628997426499,360.9638797649984,39.575,-6.287741255344414
0,364.24545909511335,37.1,-5.937628997426499,360.9638797649984,39.575,-6.287741255344414,360.9638797649984,37.1,-6.287741255344414
0,360.6059113402504,37.1,-6.325932967579343,360.6059113402504,39.575,-6.325932967579343,357.32433201013544,39.575,-6.6760452254972575
0,360.6059113402504,37.1,-6.325932967579343,357.32433201013544,39.575,-6.6760452254972575,357.32433201013544,37.1,-6.6760452254972575
0,356.96636358538746,37.1,-6.714236937732186,356.96636358538746,39.575,-6.714236937732186,353.68478425527246,39.575,-7.0643491956501006
0,356.96636358538746,37.1,-6.714236937732186,353.68478425527246,39.575,-7.0643491956501006,353.68478425527246,37.1,-7.0643491956501006
0,353.3268158305245,37.1,-7.10254090788503,353.3268158305245,39.575,-7.10254090788503,350.04523650040954,39.575,-7.452653165802944
0,353.3268158305245,37.1,-7.10254090788503,350.04523650040954,39.575,-7.452653165802944,350.04523650040954,37.1,-7.452653165802944
0,349.6872680756615,37.1,-7.490844878037874,349.6872680756615,39.575,-7.490844878037874,346.40568874554657,39.575,-7.8409571359557875
0,349.6872680756615,37.1,-7.490844878037874,346.40568874554657,39.575,-7.8409571359557875,346.40568874554657,37.1,-7.8409571359557875
0,367.8850068499763,40.725,-5.549325027273656,367.8850068499763,43.2,-5.549325027273656,364.6034275198614,43.2,-5.89943728519157
0,367.8850068499763,40.725,-5.549325027273656,364.6034275198614,43.2,-5.89943728519157,364.6034275198614,40.725,-5.89943728519157
0,364.24545909511335,40.725,-5.937628997426499,364.24545909511335,43.2,-5.937628997426499,360.9638797649984,43.2,-6.287741255344414
0,364.24545909511335,40.725,-5.937628997426499,360.9638797649984,43.2,-6.287741255344414,360.9638797649984,40.725,-6.287741255344414
0,360.6059113402504,40.725,-6.325932967579343,360.6059113402504,43.2,-6.325932967579343,357.32433201013544,43.2,-6.6760452254972575
0,360.6059113402504,40.725,-6.325932967579343,357.32433201013544,43.2,-6.6760452254972575,357.32433201013544,40.725,-6.6760452254972575
0,356.96636358538746,40.725,-6.714236937732186,356.96636358538746,43.2,-6.714236937732186,353.68478425527246,43.2,-7.0643491956501006
0,356.96636358538746,40.725,-6.714236937732186,353.68478425527246,43.2,-7.0643491956501006,353.68478425527246,40.725,-7.0643491956501006
0,353.3268158305245,40.725,-7.10254090788503,353.3268158305245,43.2,-7.10254090788503,350.04523650040954,43.2,-7.452653165802944
0,353.3268158305245,40.725,-7.10254090788503,350.04523650040954,43.2,-7.452653165802944,350.04523650040954,40.725,-7.452653165802944
0,349.6872680756615,40.725,-7.490844878037874,349.6872680756615,43.2,-7.490844878037874,346.40568874554657,43.2,-7.8409571359557875
0,349.6872680756615,40.725,-7.490844878037874,346.40568874554657,43.2,-7.8409571359557875,346.40568874554657,40.725,-7.8409571359557875
0,367.8850068499763,44.35,-5.549325027273656,367.8850068499763,46.825,-5.549325027273656,364.6034275198614,46.825,-5.89943728519157
0,367.8850068499763,44.35,-5.549325027273656,364.6034275198614,46.825,-5.89943728519157,364.6034275198614,44.35,-5.89943728519157
0,364.24545909511335,44.35,-5.937628997426499,364.24545909511335,46.825,-5.937628997426499,360.9638797649984,46.825,-6.287741255344414
0,364.24545909511335,44.35,-5.937628997426499,360.9638797649984,46.825,-6.287741255344414,360.9638797649984,44.35,-6.287741255344414
0,360.6059113402504,44.35,-6.325932967579343,360.6059113402504,46.825,-6.325932967579343,357.32433201013544,46.825,-6.6760452254972575
0,360.6059113402504,44.35,-6.325932967579343,357.32433201013544,46.825,-6.6760452254972575,357.32433201013544,44.35,-6.6760452254972575
0,356.96636358538746,44.35,-6.714236937732186,356.96636358538746,46.825,-6.714236937732186,353.68478425527246,46.825,-7.0643491956501006
0,356.96636358538746,44.35,-6.714236937732186,353.68478425527246,46.825,-7.0643491956501006,353.68478425527246,44.35,-7.0643491956501006
0,353.3268158305245,44.35,-7.10254090788503,353.3268158305245,46.825,-7.10254090788503,350.04523650040954,46.825,-7.452653165802944
0,353.3268158305245,44.35,-7.10254090788503,350.04523650040954,46.825,-7.452653165802944,350.04523650040954,44.35,-7.452653165802944
0,349.6872680756615,44.35,-7.490844878037874,349.6872680756615,46.825,-7.490844878037874,346.40568874554657,46.825,-7.8409571359557875
0,349.6872680756615,44.35,-7.490844878037874,346.40568874554657,46.825,-7.8409571359557875,346.40568874554657,44.35,-7.8409571359557875
0,367.8850068499763,47.975,-5.549325027273656,367.8850068499763,50.45,-5.549325027273656,364.6034275198614,50.45,-5.89943728519157
0,367.8850068499763,47.975,-5.549325027273656,364.6034275198614,50.45,-5.89943728519157,364.6034275198614,47.975,-5.89943728519157
0,364.24545909511335,47.975,-5.937628997426499,364.24545909511335,50.45,-5.937628997426499,360.9638797649984,50.45,-6.287741255344414
0,364.24545909511335,47.975,-5.937628997426499,360.9638797649984,50.45,-6.287741255344414,360.9638797649984,47.975,-6.287741255344414
0,360.6059113402504,47.975,-6.325932967579343,360.6059113402504,50.45,-6.325932967579343,357.32433201013544,50.45,-6.6760452254972575
0,360.6059113402504,47.975,-6.325932967579343,357.32433201013544,50.45,-6.6760452254972575,357.32433201013544,47.975,-6.6760452254972575
0,356.96636358538746,47.975,-6.714236937732186,356.96636358538746,50.45,-6.714236937732186,353.68478425527246,50.45,-7.0643491956501006
0,356.96636358538746,47.975,-6.714236937732186,353.68478425527246,50.45,-7.0643491956501006,353.68478425527246,47.975,-7.0643491956501006
0,353.3268158305245,47.975,-7.10254090788503,353.3268158305245,50.45,-7.10254090788503,350.04523650040954,50.45,-7.452653165802944
0,353.3268158305245,47.975,-7.10254090788503,350.04523650040954,50.45,-7.452653165802944,350.04523650040954,47.975,-7.452653165802944
0,349.6872680756615,47.975,-7.490844878037874,349.6872680756615,50.45,-7.490844878037874,346.40568874554657,50.45,-7.8409571359557875
0,349.6872680756615,47.975,-7.490844878037874,346.40568874554657,50.45,-7.8409571359557875,346.40568874554657,47.975,-7.8409571359557875
0,367.8850068499763,51.6,-5.549325027273656,367.8850068499763,54.075,-5.549325027273656,364.6034275198614,54.075,-5.89943728519157
0,367.8850068499763,51.6,-5.549325027273656,364.6034275198614,54.075,-5.89943728519157,364.6034275198614,51.6,-5.89943728519157
0,364.24545909511335,51.6,-5.937628997426499,364.24545909511335,54.075,-5.937628997426499,360.9638797649984,54.075,-6.287741255344414
0,364.24545909511335,51.6,-5.937628997426499,360.9638797649984,54.075,-6.287741255344414,360.9638797649984,51.6,-6.287741255344414
0,360.6059113402504,51.6,-6.325932967579343,360.6059113402504,54.075,-6.325932967579343,357.32433201013544,54.075,-6.6760452254972575
0,360.6059113402504,51.6,-6.325932967579343,357.32433201013544,54.075,-6.6760452254972575,357.32433201013544,51.6,-6.6760452254972575
0,356.96636358538746,51.6,-6.714236937732186,356.96636358538746,54.075,-6.714236937732186,353.68478425527246,54.075,-7.0643491956501006
0,356.96636358538746,51.6,-6.714236937732186,353.68478425527246,54.075,-7.0643491956501006,353.68478425527246,51.6,-7.0643491956501006
0,353.3268158305245,51.6,-7.10254090788503,353.3268158305245,54.075,-7.10254090788503,350.04523650040954,54.075,-7.452653165802944
0,353.3268158305245,51.6,-7.10254090788503,350.04523650040954,54.075,-7.452653165802944,350.04523650040954,51.6,-7.452653165802944
0,349.6872680756615,51.6,-7.490844878037874,349.6872680756615,54.075,-7.490844878037874,346.40568874554657,54.075,-7.8409571359557875
0,349.6872680756615,51.6,-7.490844878037874,346.40568874554657,54.075,-7.8409571359557875,346.40568874554657,51.6,-7.8409571359557875
0,367.8850068499763,55.225,-5.549325027273656,367.8850068499763,57.7,-5.549325027273656,364.6034275198614,57.7,-5.89943728519157
0,367.8850068499763,55.225,-5.549325027273656,364.6034275198614,57.7,-5.89943728519157,364.6034275198614,55.225,-5.89943728519157
0,364.24545909511335,55.225,-5.937628997426499,364.24545909511335,57.7,-5.937628997426499,360.9638797649984,57.7,-6.287741255344414
0,364.24545909511335,55.225,-5.937628997426499,360.9638797649984,57.7,-6.287741255344414,360.9638797649984,55.225,-6.287741255344414
0,360.6059113402504,55.225,-6.325932967579343,360.6059113402504,57.7,-6.325932967579343,357.32433201013544,57.7,-6.6760452254972575
0,360.6059113402504,55.225,-6.325932967579343,357.32433201013544,57.7,-6.6760452254972575,357.32433201013544,55.225,-6.6760452254972575
0,356.96636358538746,55.225,-6.714236937732186,356.96636358538746,57.7,-6.714236937732186,353.68478425527246,57.7,-7.0643491956501006
0,356.96636358538746,55.225,-6.714236937732186,353.68478425527246,57.7,-7.0643491956501006,353.68478425527246,55.225,-7.0643491956501006
0,353.3268158305245,55.225,-7.10254090788503,353.3268158305245,57.7,-7.10254090788503,350.04523650040954,57.7,-7.452653165802944
0,353.3268158305245,55.225,-7.10254090788503,350.04523650040954,57.7,-7.452653165802944,350.04523650040954,55.225,-7.452653165802944
0,349.6872680756615,55.225,-7.490844878037874,349.6872680756615,57.7,-7.490844878037874,346.40568874554657,57.7,-7.8409571359557875
0,349.6872680756615,55.225,-7.490844878037874,346.40568874554657,57.7,-7.8409571359557875,346.40568874554657,55.225,-7.8409571359557875
1,345.235,0.0,-7.991,345.235,58.0,-7.991,341.85,58.0,-14.494
1,345.235,0.0,-7.991,341.85,58.0,-14.494,341.85,0.0,-14.494
2,345.1817785203064,56.85,-7.963296677108598,345.1817785203064,58.0,-7.963296677108598,341.7967785203064,58.0,-14.466296677108598
2,345.1817785203064,56.85,-7.963296677108598,341.7967785203064,58.0,-14.466296677108598,341.7967785203064,56.85,-14.466296677108598
0,344.66799236659676,0.85,-9.026146049435763,344.66799236659676,3.325,-9.026146049435763,342.37265640032524,3.325,-13.435767848154736
0,344.66799236659676,0.85,-9.026146049435763,342.37265640032524,3.325,-13.435767848154736,342.37265640032524,0.85,-13.435767848154736
0,344.66799236659676,4.475,-9.026146049435763,344.66799236659676,6.95,-9.026146049435763,342.37265640032524,6.95,-13.435767848154736
0,344.66799236659676,4.475,-9.026146049435763,342.37265640032524,6.95,-13.435767848154736,342.37265640032524,4.475,-13.435767848154736
0,344.66799236659676,8.1,-9.026146049435763,344.66799236659676,10.575,-9.026146049435763,342.37265640032524,10.575,-13.435767848154736
0,344.66799236659676,8.1,-9.026146049435763,342.37265640032524,10.575,-13.435767848154736,342.37265640032524,8.1,-13.435767848154736
0,344.66799236659676,11.725,-9.026146049435763,344.66799236659676,14.2,-9.026146049435763,342.37265640032524,14.2,-13.435767848154736
0,344.66799236659676,11.725,-9.026146049435763,342.37265640032524,14.2,-13.435767848154736,342.37265640032524,11.725,-13.435767848154736
0,344.66799236659676,15.35,-9.026146049435763,344.66799236659676,17.825,-9.026146049435763,342.37265640032524,17.825,-13.435767848154736
0,344.66799236659676,15.35,-9.026146049435763,342.37265640032524,17.825,-13.435767848154736,342.37265640032524,15.35,-13.435767848154736
0,344.66799236659676,18.975,-9.026146049435763,344.66799236659676,21.45,-9.026146049435763,342.37265640032524,21.45,-13.435767848154736
0,344.66799236659676,18.975,-9.026146049435763,342.37265640032524,21.45,-13.435767848154736,342.37265640032524,18.975,-13.435767848154736
0,344.66799236659676,22.6,-9.026146049435763,344.66799236659676,25.075,-9.026146049435763,342.37265640032524,25.075,-13.435767848154736
0,344.66799236659676,22.6,-9.026146049435763,342.37265640032524,25.075,-13.435767848154736,342.37265640032524,22.6,-13.435767848154736
0,344.66799236659676,26.225,-9.026146049435763,344.66799236659676,28.7,-9.026146049435763,342.37265640032524,28.7,-13.435767848154736
0,344.66799236659676,26.225,-9.026146049435763,342.37265640032524,28.7,-13.435767848154736,342.37265640032524,26.225,-13.435767848154736
0,344.66799236659676,29.85,-9.026146049435763,344.66799236659676,32.325,-9.026146049435763,342.37265640032524,32.325,-13.435767848154736
0,344.66799236659676,29.85,-9.026146049435763,342.37265640032524,32.325,-13.435767848154736,342.37265640032524,29.85,-13.435767848154736
0,344.66799236659676,33.475,-9.026146049435763,344.66799236659676,35.95,-9.026146049435763,342.37265640032524,35.95,-13.435767848154736
0,344.66799236659676,33.475,-9.026146049435763,342.37265640032524,35.95,-13.435767848154736,342.37265640032524,33.475,-13.435767848154736
0,344.66799236659676,37.1,-9.026146049435763,344.66799236659676,39.575,-9.026146049435763,342.37265640032524,39.575,-13.435767848154736
0,344.66799236659676,37.1,-9.026146049435763,342.37265640032524,39.575,-13.435767848154736,342.37265640032524,37.1,-13.435767848154736
0,344.66799236659676,40.725,-9.026146049435763,344.66799236659676,43.2,-9.026146049435763,342.37265640032524,43.2,-13.435767848154736
0,344.66799236659676,40.725,-9.026146049435763,342.37265640032524,43.2,-13.435767848154736,342.37265640032524,40.725,-13.435767848154736
0,344.66799236659676,44.35,-9.026146049435763,344.66799236659676,46.825,-9.026146049435763,342.37265640032524,46.825,-13.435767848154736
0,344.66799236659676,44.35,-9.026146049435763,342.37265640032524,46.825,-13.435767848154736,342.37265640032524,44.35,-13.435767848154736
0,344.66799236659676,47.975,-9.026146049435763,344.66799236659676,50.45,-9.026146049435763,342.37265640032524,50.45,-13.435767848154736
0,344.66799236659676,47.975,-9.026146049435763,342.37265640032524,50.45,-13.435767848154736,342.37265640032524,47.975,-13.435767848154736
0,344.66799236659676,51.6,-9.026146049435763,344.66799236659676,54.075,-9.026146049435763,342.37265640032524,54.075,-13.435767848154736
0,344.66799236659676,51.6,-9.026146049435763,342.37265640032524,54.075,-13.435767848154736,342.37265640032524,51.6,-13.435767848154736
0,344.66799236659676,55.225,-9.026146049435763,344.66799236659676,57.7,-9.026146049435763,342.37265640032524,57.7,-13.435767848154736
0,344.66799236659676,55.225,-9.026146049435763,342.37265640032524,57.7,-13.435767848154736,342.37265640032524,55.225,-13.435767848154736
1,341.85,0.0,-14.494,341.85,58.0,-14.494,330.335,58.0,-36.634
1,341.85,0.0,-14.494,330.335,58.0,-36.634,330.335,0.0,-36.634
2,341.7967691571554,56.85,-14.466314672296484,341.7967691571554,58.0,-14.466314672296484,330.28176915715534,58.0,-36.606314672296485
2,341.7967691571554,56.85,-14.466314672296484,330.28176915715534,58.0,-36.606314672296485,330.28176915715534,56.85,-36.606314672296485
0,341.2833423706456,0.85,-15.52933768940112,341.2833423706456,3.325,-15.52933768940112,339.68409504633064,3.325,-18.604225727641033
0,341.2833423706456,0.85,-15.52933768940112,339.68409504633064,3.325,-18.604225727641033,339.68409504633064,0.85,-18.604225727641033
0,339.51798308010956,0.85,-18.92361078470877,339.51798308010956,3.325,-18.92361078470877,337.9187357557946,3.325,-21.998498822948683
0,339.51798308010956,0.85,-18.92361078470877,337.9187357557946,3.325,-21.998498822948683,337.9187357557946,0.85,-21.998498822948683
0,337.75262378957353,0.85,-22.31788388001642,337.75262378957353,3.325,-22.31788388001642,336.1533764652586,3.325,-25.392771918256337
0,337.75262378957353,0.85,-22.31788388001642,336.1533764652586,3.325,-25.392771918256337,336.1533764652586,0.85,-25.392771918256337
0,335.9872644990375,0.85,-25.71215697532407,335.9872644990375,3.325,-25.71215697532407,334.38801717472256,3.325,-28.787045013563983
0,335.9872644990375,0.85,-25.71215697532407,334.38801717472256,3.325,-28.787045013563983,334.38801717472256,0.85,-28.787045013563983
0,334.2219052085015,0.85,-29.106430070631724,334.2219052085015,3.325,-29.106430070631724,332.62265788418654,3.325,-32.181318108871636
0,334.2219052085015,0.85,-29.106430070631724,332.62265788418654,3.325,-32.181318108871636,332.62265788418654,0.85,-32.181318108871636
0,332.45654591796546,0.85,-32.50070316593937,332.45654591796546,3.325,-32.50070316593937,330.8572985936505,3.325,-35.57559120417929
0,332.45654591796546,0.85,-32.50070316593937,330.8572985936505,3.325,-35.57559120417929,330.8572985936505,0.85,-35.57559120417929
0,341.2833423706456,4.475,-15.52933768940112,341.2833423706456,6.95,-15.52933768940112,339.68409504633064,6.95,-18.604225727641033
0,341.2833423706456,4.475,-15.52933768940112,339.68409504633064,6.95,-18.604225727641033,339.68409504633064,4.475,-18.604225727641033
0,339.51798308010956,4.475,-18.92361078470877,339.51798308010956,6.95,-18.92361078470877,337.9187357557946,6.95,-21.998498822948683
0,339.51798308010956,4.475,-18.92361078470877,337.9187357557946,6.95,-21.998498822948683,337.9187357557946,4.475,-21.998498822948683
0,337.75262378957353,4.475,-22.31788388001642,337.75262378957353,6.95,-22.31788388001642,336.1533764652586,6.95,-25.392771918256337
0,337.75262378957353,4.475,-22.31788388001642,336.1533764652586,6.95,-25.392771918256337,336.1533764652586,4.475,-25.392771918256337
0,335.9872644990375,4.475,-25.71215697532407,335.9872644990375,6.95,-25.71215697532407,334.38801717472256,6.95,-28.787045013563983
0,335.9872644990375,4.475,-25.71215697532407,334.38801717472256,6.95,-28.787045013563983,334.38801717472256,4.475,-28.787045013563983
0,334.2219052085015,4.475,-29.106430070631724,334.2219052085015,6.95,-29.106430070631724,332.62265788418654,6.95,-32.181318108871636
0,334.2219052085015,4.475,-29.106430070631724,332.62265788418654,6.95,-32.181318108871636,332.62265788418654,4.475,-32.181318108871636
0,332.45654591796546,4.475,-32.50070316593937,332.45654591796546,6.95,-32.50070316593937,330.8572985936505,6.95,-35.57559120417929
0,332.45654591796546,4.475,-32.50070316593937,330.8572985936505,6.95,-35.57559120417929,330.8572985936505,4.475,-35.57559120417929
0,341.2833423706456,8.1,-15.52933768940112,341.2833423706456,10.575,-15.52933768940112,339.68409504633064,10.575,-18.604225727641033
0,341.2833423706456,8.1,-15.52933768940112,339.68409504633064,10.575,-18.604225727641033,339.68409504633064,8.1,-18.604225727641033
0,339.51798308010956,8.1,-18.92361078470877,339.51798308010956,10.575,-18.92361078470877,337.9187357557946,10.575,-21.998498822948683
0,339.51798308010956,8.1,-18.92361078470877,337.9187357557946,10.575,-21.998498822948683,337.9187357557946,8.1,-21.998498822948683
0,337.75262378957353,8.1,-22.31788388001642,337.75262378957353,10.575,-22.31788388001642,336.1533764652586,10.575,-25.392771918256337
0,337.75262378957353,8.1,-22.31788388001642,336.1533764652586,10.575,-25.392771918256337,336.1533764652586,8.1,-25.392771918256337
0,335.9872644990375,8.1,-25.71215697532407,335.9872644990375,10.575,-25.71215697532407,334.38801717472256,10.575,-28.787045013563983
0,335.9872644990375,8.1,-25.71215697532407,334.38801717472256,10.575,-28.787045013563983,334.38801717472256,8.1,-28.787045013563983
0,334.2219052085015,8.1,-29.106430070631724,334.2219052085015,10.575,-29.106430070631724,332.62265788418654,10.575,-32.181318108871636
0,334.2219052085015,8.1,-29.106430070631724,332.62265788418654,10.575,-32.181318108871636,332.62265788418654,8.1,-32.181318108871636
0,332.45654591796546,8.1,-32.50070316593937,332.45654591796546,10.575,-32.50070316593937,330.8572985936505,10.575,-35.57559120417929
0,332.45654591796546,8.1,-32.50070316593937,330.8572985936505,10.575,-35.57559120417929,330.8572985936505,8.1,-35.57559120417929
0,341.2833423706456,11.725,-15.52933768940112,341.2833423706456,14.2,-15.52933768940112,339.68409504633064,14.2,-18.604225727641033
0,341.2833423706456,11.725,-15.52933768940112,339.68409504633064,14.2,-18.604225727641033,339.68409504633064,11.725,-18.604225727641033
0,339.51798308010956,11.725,-18.92361078470877,339.51798308010956,14.2,-18.92361078470877,337.9187357557946,14.2,-21.998498822948683
0,339.51798308010956,11.725,-18.92361078470877,337.9187357557946,14.2,-21.998498822948683,337.9187357557946,11.725,-21.998498822948683
0,337.75262378957353,11.725,-22.31788388001642,337.75262378957353,14.2,-22.31788388001642,336.1533764652586,14.2,-25.392771918256337
0,337.75262378957353,11.725,-22.31788388001642,336.1533764652586,14.2,-25.392771918256337,336.1533764652586,11.725,-25.392771918256337
0,335.9872644990375,11.725,-25.71215697532407,335.9872644990375,14.2,-25.71215697532407,334.38801717472256,14.2,-28.787045013563983
0,335.9872644990375,11.725,-25.71215697532407,334.38801717472256,14.2,-28.787045013563983,334.38801717472256,11.725,-28.787045013563983
0,334.2219052085015,11.725,-29.106430070631724,334.2219052085015,14.2,-29.106430070631724,332.62265788418654,14.2,-32.181318108871636
0,334.2219052085015,11.725,-29.106430070631724,332.62265788418654,14.2,-32.181318108871636,332.62265788418654,11.725,-32.181318108871636
0,332.45654591796546,11.725,-32.50070316593937,332.45654591796546,14.2,-32.50070316593937,330.8572985936505,14.2,-35.57559120417929
0,332.45654591796546,11.725,-32.50070316593937,330.8572985936505,14.2,-35.57559120417929,330.8572985936505,11.725,-35.57559120417929
0,341.2833423706456,15.35,-15.52933768940112,341.2833423706456,17.825,-15.52933768940112,339.68409504633064,17.825,-18.604225727641033
0,341.2833423706456,15.35,-15.52933768940112,339.68409504633064,17.825,-18.604225727641033,339.68409504633064,15.35,-18.604225727641033
0,339.51798308010956,15.35,-18.92361078470877,339.51798308010956,17.825,-18.92361078470877,337.9187357557946,17.825,-21.998498822948683
0,339.51798308010956,15.35,-18.92361078470877,337.9187357557946,17.825,-21.998498822948683,337.9187357557946,15.35,-21.998498822948683
0,337.75262378957353,15.35,-22.31788388001642,337.75262378957353,17.825,-22.31788388001642,336.1533764652586,17.825,-25.392771918256337
0,337.75262378957353,15.35,-22.31788388001642,336.1533764652586,17.825,-25.392771918256337,336.1533764652586,15.35,-25.392771918256337
0,335.9872644990375,15.35,-25.71215697532407,335.9872644990375,17.825,-25.71215697532407,334.38801717472256,17.825,-28.787045013563983
0,335.9872644990375,15.35,-25.71215697532407,334.38801717472256,17.825,-28.787045013563983,334.38801717472256,15.35,-28.787045013563983
0,334.2219052085015,15.35,-29.106430070631724,334.2219052085015,17.825,-29.106430070631724,332.62265788418654,17.825,-32.181318108871636
0,334.2219052085015,15.35,-29.106430070631724,332.62265788418654,17.825,-32.181318108871636,332.62265788418654,15.35,-32.181318108871636
0,332.45654591796546,15.35,-32.50070316593937,332.45654591796546,17.825,-32.50070316593937,330.8572985936505,17.825,-35.57559120417929
0,332.45654591796546,15.35,-32.50070316593937,330.8572985936505,17.825,-35.57559120417929,330.8572985936505,15.35,-35.57559120417929
0,341.2833423706456,18.975,-15.52933768940112,341.2833423706456,21.45,-15.52933768940112,339.68409504633064,21.45,-18.604225727641033
0,341.2833423706456,18.975,-15.52933768940112,339.68409504633064,21.45,-18.604225727641033,339.68409504633064,18.975,-18.604225727641033
0,339.51798308010956,18.975,-18.92361078470877,339.51798308010956,21.45,-18.92361078470877,337.9187357557946,21.45,-21.998498822948683
0,339.51798308010956,18.975,-18.92361078470877,337.9187357557946,21.45,-21.998498822948683,337.9187357557946,18.975,-21.998498822948683
0,337.75262378957353,18.975,-22.31788388001642,337.75262378957353,21.45,-22.31788388001642,336.1533764652586,21.45,-25.392771918256337
0,337.75262378957353,18.975,-22.31788388001642,336.1533764652586,21.45,-25.392771918256337,336.1533764652586,18.975,-25.392771918256337
0,335.9872644990375,18.975,-25.71215697532407,335.9872644990375,21.45,-25.71215697532407,334.38801717472256,21.45,-28.787045013563983
0,335.9872644990375,18.975,-25.71215697532407,334.38801717472256,21.45,-28.787045013563983,334.38801717472256,18.975,-28.787045013563983
0,334.2219052085015,18.975,-29.106430070631724,334.2219052085015,21.45,-29.106430070631724,332.62265788418654,21.45,-32.181318108871636
0,334.2219052085015,18.975,-29.106430070631724,332.62265788418654,21.45,-32.181318108871636,332.62265788418654,18.975,-32.181318108871636
0,332.45654591796546,18.975,-32.50070316593937,332.45654591796546,21.45,-32.50070316593937,330.8572985936505,21.45,-35.57559120417929
0,332.45654591796546,18.975,-32.50070316593937,330.8572985936505,21.45,-35.57559120417929,330.8572985936505,18.975,-35.57559120417929
0,341.2833423706456,22.6,-15.52933768940112,341.2833423706456,25.075,-15.52933768940112,339.68409504633064,25.075,-18.604225727641033
0,341.2833423706456,22.6,-15.52933768940112,339.68409504633064,25.075,-18.604225727641033,339.68409504633064,22.6,-18.604225727641033
0,339.51798308010956,22.6,-18.92361078470877,339.51798308010956,25.075,-18.92361078470877,337.9187357557946,25.075,-21.998498822948683
0,339.51798308010956,22.6,-18.92361078470877,337.9187357557946,25.075,-21.998498822948683,337.9187357557946,22.6,-21.998498822948683
0,337.75262378957353,22.6,-22.31788388001642,337.75262378957353,25.075,-22.31788388001642,336.1533764652586,25.075,-25.392771918256337
0,337.75262378957353,22.6,-22.31788388001642,336.1533764652586,25.075,-25.392771918256337,336.1533764652586,22.6,-25.392771918256337
0,335.9872644990375,22.6,-25.71215697532407,335.9872644990375,25.075,-25.71215697532407,334.38801717472256,25.075,-28.787045013563983
0,335.9872644990375,22.6,-25.71215697532407,334.38801717472256,25.075,-28.787045013563983,334.38801717472256,22.6,-28.787045013563983
0,334.2219052085015,22.6,-29.106430070631724,334.2219052085015,25.075,-29.106430070631724,332.62265788418654,25.075,-32.181318108871636
0,334.2219052085015,22.6,-29.106430070631724,332.62265788418654,25.075,-32.181318108871636,332.62265788418654,22.6,-32.181318108871636
0,332.45654591796546,22.6,-32.50070316593937,332.45654591796546,25.075,-32.50070316593937,330.8572985936505,25.075,-35.57559120417929
0,332.45654591796546,22.6,-32.50070316593937,330.8572985936505,25.075,-35.57559120417929,330.8572985936505,22.6,-35.57559120417929
0,341.2833423706456,26.225,-15.52933768940112,341.2833423706456,28.7,-15.52933768940112,339.68409504633064,28.7,-18.604225727641033
0,341.2833423706456,26.225,-15.52933768940112,339.68409504633064,28.7,-18.604225727641033,339.68409504633064,26.225,-18.604225727641033
0,339.51798308010956,26.225,-18.92361078470877,339.51798308010956,28.7,-18.92361078470877,337.9187357557946,28.7,-21.998498822948683
0,339.51798308010956,26.225,-18.92361078470877,337.9187357557946,28.7,-21.998498822948683,337.9187357557946,26.225,-21.998498822948683
0,337.75262378957353,26.225,-22.31788388001642,337.75262378957353,28.7,-22.31788388001642,336.1533764652586,28.7,-25.392771918256337
0,337.75262378957353,26.225,-22.31788388001642,336.1533764652586,28.7,-25.392771918256337,336.1533764652586,26.225,-25.392771918256337
0,335.9872644990375,26.225,-25.71215697532407,335.9872644990375,28.7,-25.71215697532407,334.38801717472256,28.7,-28.787045013563983
0,335.9872644990375,26.225,-25.71215697532407,334.38801717472256,28.7,-28.787045013563983,334.38801717472256,26.225,-28.787045013563983
0,334.2219052085015,26.225,-29.106430070631724,334.2219052085015,28.7,-29.106430070631724,332.62265788418654,28.7,-32.181318108871636
0,334.2219052085015,26.225,-29.106430070631724,332.62265788418654,28.7,-32.181318108871636,332.62265788418654,26.225,-32.181318108871636
0,332.45654591796546,26.225,-32.50070316593937,332.45654591796546,28.7,-32.50070316593937,330.8572985936505,28.7,-35.57559120417929
0,332.45654591796546,26.225,-32.50070316593937,330.8572985936505,28.7,-35.57559120417929,330.8572985936505,26.225,-35.57559120417929
0,341.2833423706456,29.85,-15.52933768940112,341.2833423706456,32.325,-15.52933768940112,339.68409504633064,32.325,-18.604225727641033
0,341.2833423706456,29.85,-15.52933768940112,339.68409504633064,32.325,-18.604225727641033,339.68409504633064,29.85,-18.604225727641033
0,339.51798308010956,29.85,-18.92361078470877,339.51798308010956,32.325,-18.92361078470877,337.9187357557946,32.325,-21.998498822948683
0,339.51798308010956,29.85,-18.92361078470877,337.9187357557946,32.325,-21.998498822948683,337.9187357557946,29.85,-21.998498822948683
0,337.75262378957353,29.85,-22.31788388001642,337.75262378957353,32.325,-22.31788388001642,336.1533764652586,32.325,-25.392771918256337
0,337.75262378957353,29.85,-22.31788388001642,336.1533764652586,32.325,-25.392771918256337,336.1533764652586,29.85,-25.392771918256337
0,335.9872644990375,29.85,-25.71215697532407,335.9872644990375,32.325,-25.71215697532407,334.38801717472256,32.325,-28.787045013563983
0,335.9872644990375,29.85,-25.71215697532407,334.38801717472256,32.325,-28.787045013563983,334.38801717472256,29.85,-28.787045013563983
0,334.2219052085015,29.85,-29.106430070631724,334.2219052085015,32.325,-29.106430070631724,332.62265788418654,32.325,-32.181318108871636
0,334.2219052085015,29.85,-29.106430070631724,332.62265788418654,32.325,-32.181318108871636,332.62265788418654,29.85,-32.181318108871636
0,332.45654591796546,29.85,-32.50070316593937,332.45654591796546,32.325,-32.50070316593937,330.8572985936505,32.325,-35.57559120417929
0,332.45654591796546,29.85,-32.50070316593937,330.8572985936505,32.325,-35.57559120417929,330.8572985936505,29.85,-35.57559120417929
0,341.2833423706456,33.475,-15.52933768940112,341.2833423706456,35.95,-15.52933768940112,339.68409504633064,35.95,-18.604225727641033
0,341.2833423706456,33.475,-15.52933768940112,339.68409504633064,35.95,-18.604225727641033,339.68409504633064,33.475,-18.604225727641033
0,339.51798308010956,33.475,-18.92361078470877,339.51798308010956,35.95,-18.92361078470877,337.9187357557946,35.95,-21.998498822948683
0,339.51798308010956,33.475,-18.92361078470877,337.9187357557946,35.95,-21.998498822948683,337.9187357557946,33.475,-21.998498822948683
0,337.75262378957353,33.475,-22.31788388001642,337.75262378957353,35.95,-22.31788388001642,336.1533764652586,35.95,-25.392771918256337
0,337.75262378957353,33.475,-22.31788388001642,336.1533764652586,35.95,-25.392771918256337,336.1533764652586,33.475,-25.392771918256337
0,335.9872644990375,33.475,-25.71215697532407,335.9872644990375,35.95,-25.71215697532407,334.38801717472256,35.95,-28.787045013563983
0,335.9872644990375,33.475,-25.71215697532407,334.38801717472256,35.95,-28.787045013563983,334.38801717472256,33.475,-28.787045013563983
0,334.2219052085015,33.475,-29.106430070631724,334.2219052085015,35.95,-29.106430070631724,332.62265788418654,35.95,-32.181318108871636
0,334.2219052085015,33.475,-29.106430070631724,332.62265788418654,35.95,-32.181318108871636,332.62265788418654,33.475,-32.181318108871636
0,332.45654591796546,33.475,-32.50070316593937,332.45654591796546,35.95,-32.50070316593937,330.8572985936505,35.95,-35.57559120417929
0,332.45654591796546,33.475,-32.50070316593937,330.8572985936505,35.95,-35.57559120417929,330.8572985936505,33.475,-35.57559120417929
0,341.2833423706456,37.1,-15.52933768940112,341.2833423706456,39.575,-15.52933768940112,339.68409504633064,39.575,-18.604225727641033
0,341.2833423706456,37.1,-15.52933768940112,339.68409504633064,39.575,-18.604225727641033,339.68409504633064,37.1,-18.604225727641033
0,339.51798308010956,37.1,-18.92361078470877,339.51798308010956,39.575,-18.92361078470877,337.9187357557946,39.575,-21.998498822948683
0,339.51798308010956,37.1,-18.92361078470877,337.9187357557946,39.575,-21.998498822948683,337.9187357557946,37.1,-21.998498822948683
0,337.75262378957353,37.1,-22.31788388001642,337.75262378957353,39.575,-22.31788388001642,336.1533764652586,39.575,-25.392771918256337
0,337.75262378957353,37.1,-22.31788388001642,336.1533764652586,39.575,-25.392771918256337,336.1533764652586,37.1,-25.392771918256337
0,335.9872644990375,37.1,-25.71215697532407,335.9872644990375,39.575,-25.71215697532407,334.38801717472256,39.575,-28.787045013563983
0,335.9872644990375,37.1,-25.71215697532407,334.38801717472256,39.575,-28.787045013563983,334.38801717472256,37.1,-28.787045013563983
0,334.2219052085015,37.1,-29.106430070631724,334.2219052085015,39.575,-29.106430070631724,332.62265788418654,39.575,-32.181318108871636
0,334.2219052085015,37.1,-29.106430070631724,332.62265788418654,39.575,-32.181318108871636,332.62265788418654,37.1,-32.181318108871636
0,332.45654591796546,37.1,-32.50070316593937,332.45654591796546,39.575,-32.50070316593937,330.8572985936505,39.575,-35.57559120417929
0,332.45654591796546,37.1,-32.50070316593937,330.8572985936505,39.575,-35.57559120417929,330.8572985936505,37.1,-35.57559120417929
0,341.2833423706456,40.725,-15.52933768940112,341.2833423706456,43.2,-15.52933768940112,339.68409504633064,43.2,-18.604225727641033
0,341.2833423706456,40.725,-15.52933768940112,339.68409504633064,43.2,-18.604225727641033,339.68409504633064,40.725,-18.604225727641033
0,339.51798308010956,40.725,-18.92361078470877,339.51798308010956,43.2,-18.92361078470877,337.9187357557946,43.2,-21.998498822948683
0,339.51798308010956,40.725,-18.92361078470877,337.9187357557946,43.2,-21.998498822948683,337.9187357557946,40.725,-21.998498822948683
0,337.75262378957353,40.725,-22.31788388001642,337.75262378957353,43.2,-22.31788388001642,336.1533764652586,43.2,-25.392771918256337
0,337.75262378957353,40.725,-22.31788388001642,336.1533764652586,43.2,-25.392771918256337,336.1533764652586,40.725,-25.392771918256337
0,335.9872644990375,40.725,-25.71215697532407,335.9872644990375,43.2,-25.71215697532407,334.38801717472256,43.2,-28.787045013563983
0,335.9872644990375,40.725,-25.71215697532407,334.38801717472256,43.2,-28.787045013563983,334.38801717472256,40.725,-28.787045013563983
0,334.2219052085015,40.725,-29.106430070631724,334.2219052085015,43.2,-29.106430070631724,332.62265788418654,43.2,-32.181318108871636
0,334.2219052085015,40.725,-29.106430070631724,332.62265788418654,43.2,-32.181318108871636,332.62265788418654,40.725,-32.181318108871636
0,332.45654591796546,40.725,-32.50070316593937,332.45654591796546,43.2,-32.50070316593937,330.8572985936505,43.2,-35.57559120417929
0,332.45654591796546,40.725,-32.50070316593937,330.8572985936505,43.2,-35.57559120417929,330.8572985936505,40.725,-35.57559120417929
0,341.2833423706456,44.35,-15.52933768940112,341.2833423706456,46.825,-15.52933768940112,339.68409504633064,46.825,-18.604225727641033
0,341.2833423706456,44.35,-15.52933768940112,339.68409504633064,46.825,-18.604225727641033,339.68409504633064,44.35,-18.604225727641033
0,339.51798308010956,44.35,-18.92361078470877,339.51798308010956,46.825,-18.92361078470877,337.9187357557946,46.825,-21.998498822948683
0,339.51798308010956,44.35,-18.92361078470877,337.9187357557946,46.825,-21.998498822948683,337.9187357557946,44.35,-21.998498822948683
0,337.75262378957353,44.35,-22.31788388001642,337.75262378957353,46.825,-22.31788388001642,336.1533764652586,46.825,-25.392771918256337
0,337.75262378957353,44.35,-22.31788388001642,336.1533764652586,46.825,-25.392771918256337,336.1533764652586,44.35,-25.392771918256337
0,335.9872644990375,44.35,-25.71215697532407,335.9872644990375,46.825,-25.71215697532407,334.38801717472256,46.825,-28.787045013563983
0,335.9872644990375,44.35,-25.71215697532407,334.38801717472256,46.825,-28.787045013563983,334.38801717472256,44.35,-28.787045013563983
0,334.2219052085015,44.35,-29.106430070631724,334.2219052085015,46.825,-29.106430070631724,332.62265788418654,46.825,-32.181318108871636
0,334.2219052085015,44.35,-29.106430070631724,332.62265788418654,46.825,-32.181318108871636,332.62265788418654,44.35,-32.181318108871636
0,332.45654591796546,44.35,-32.50070316593937,332.45654591796546,46.825,-32.50070316593937,330.8572985936505,46.825,-35.57559120417929
0,332.45654591796546,44.35,-32.50070316593937,330.8572985936505,46.825,-35.57559120417929,330.8572985936505,44.35,-35.57559120417929
0,341.2833423706456,47.975,-15.52933768940112,341.2833423706456,50.45,-15.52933768940112,339.68409504633064,50.45,-18.604225727641033
0,341.2833423706456,47.975,-15.52933768940112,339.68409504633064,50.45,-18.604225727641033,339.68409504633064,47.975,-18.604225727641033
0,339.51798308010956,47.975,-18.92361078470877,339.51798308010956,50.45,-18.92361078470877,337.9187357557946,50.45,-21.998498822948683
0,339.51798308010956,47.975,-18.92361078470877,337.9187357557946,50.45,-21.998498822948683,337.9187357557946,47.975,-21.998498822948683
0,337.75262378957353,47.975,-22.31788388001642,337.75262378957353,50.45,-22.31788388001642,336.1533764652586,50.45,-25.392771918256337
0,337.75262378957353,47.975,-22.31788388001642,336.1533764652586,50.45,-25.392771918256337,336.1533764652586,47.975,-25.392771918256337
0,335.9872644990375,47.975,-25.71215697532407,335.9872644990375,50.45,-25.71215697532407,334.38801717472256,50.45,-28.787045013563983
0,335.9872644990375,47.975,-25.71215697532407,334.38801717472256,50.45,-28.787045013563983,334.38801717472256,47.975,-28.787045013563983
0,334.2219052085015,47.975,-29.106430070631724,334.2219052085015,50.45,-29.106430070631724,332.62265788418654,50.45,-32.181318108871636
0,334.2219052085015,47.975,-29.106430070631724,332.62265788418654,50.45,-32.181318108871636,332.62265788418654,47.975,-32.181318108871636
0,332.45654591796546,47.975,-32.50070316593937,332.45654591796546,50.45,-32.50070316593937,330.8572985936505,50.45,-35.57559120417929
0,332.45654591796546,47.975,-32.50070316593937,330.8572985936505,50.45,-35.57559120417929,330.8572985936505,47.975,-35.57559120417929
0,341.2833423706456,51.6,-15.52933768940112,341.2833423706456,54.075,-15.52933768940112,339.68409504633064,54.075,-18.604225727641033
0,341.2833423706456,51.6,-15.52933768940112,339.68409504633064,54.075,-18.604225727641033,339.68409504633064,51.6,-18.604225727641033
0,339.51798308010956,51.6,-18.92361078470877,339.51798308010956,54.075,-18.92361078470877,337.9187357557946,54.075,-21.998498822948683
0,339.51798308010956,51.6,-18.92361078470877,337.9187357557946,54.075,-21.998498822948683,337.9187357557946,51.6,-21.998498822948683
0,337.75262378957353,51.6,-22.31788388001642,337.75262378957353,54.075,-22.31788388001642,336.1533764652586,54.075,-25.392771918256337
0,337.75262378957353,51.6,-22.31788388001642,336.1533764652586,54.075,-25.392771918256337,336.1533764652586,51.6,-25.392771918256337
0,335.9872644990375,51.6,-25.71215697532407,335.9872644990375,54.075,-25.71215697532407,334.38801717472256,54.075,-28.787045013563983
0,335.9872644990375,51.6,-25.71215697532407,334.38801717472256,54.075,-28.787045013563983,334.38801717472256,51.6,-28.787045013563983
0,334.2219052085015,51.6,-29.106430070631724,334.2219052085015,54.075,-29.106430070631724,332.62265788418654,54.075,-32.181318108871636
0,334.2219052085015,51.6,-29.106430070631724,332.62265788418654,54.075,-32.181318108871636,332.62265788418654,51.6,-32.181318108871636
0,332.45654591796546,51.6,-32.50070316593937,332.45654591796546,54.075,-32.50070316593937,330.8572985936505,54.075,-35.57559120417929
0,332.45654591796546,51.6,-32.50070316593937,330.8572985936505,54.075,-35.57559120417929,330.8572985936505,51.6,-35.57559120417929
0,341.2833423706456,55.225,-15.52933768940112,341.2833423706456,57.7,-15.52933768940112,339.68409504633064,57.7,-18.604225727641033
0,341.2833423706456,55.225,-15.52933768940112,339.68409504633064,57.7,-18.604225727641033,339.68409504633064,55.225,-18.604225727641033
0,339.51798308010956,55.225,-18.92361078470877,339.51798308010956,57.7,-18.92361078470877,337.9187357557946,57.7,-21.998498822948683
0,339.51798308010956,55.225,-18.92361078470877,337.9187357557946,57.7,-21.998498822948683,337.9187357557946,55.225,-21.998498822948683
0,337.75262378957353,55.225,-22.31788388001642,337.75262378957353,57.7,-22.31788388001642,336.1533764652586,57.7,-25.392771918256337
0,337.75262378957353,55.225,-22.31788388001642,336.1533764652586,57.7,-25.392771918256337,336.1533764652586,55.225,-25.392771918256337
0,335.9872644990375,55.225,-25.71215697532407,335.9872644990375,57.7,-25.71215697532407,334.38801717472256,57.7,-28.787045013563983
0,335.9872644990375,55.225,-25.71215697532407,334.38801717472256,57.7,-28.787045013563983,334.38801717472256,55.225,-28.787045013563983
0,334.2219052085015,55.225,-29.106430070631724,334.2219052085015,57.7,-29.106430070631724,332.62265788418654,57.7,-32.181318108871636
0,334.2219052085015,55.225,-29.106430070631724,332.62265788418654,57.7,-32.181318108871636,332.62265788418654,55.225,-32.181318108871636
0,332.45654591796546,55.225,-32.50070316593937,332.45654591796546,57.7,-32.50070316593937,330.8572985936505,57.7,-35.57559120417929
0,332.45654591796546,55.225,-32.50070316593937,330.8572985936505,57.7,-35.57559120417929,330.8572985936505,55.225,-35.57559120417929
2,345.235,22.0,-7.991,281.614,22.0,20.953,292.095,22.0,45.868
2,345.235,22.0,-7.991,293.262,22.0,48.765,376.528,22.0,10.044
2,293.262,22.0,48.765,345.235,22.0,-7.991,292.095,22.0,45.868
2,369.061,22.0,-5.449,345.235,22.0,-7.991,376.528,22.0,10.044
1,369.061,0.0,-5.449,369.061,22.0,-5.449,376.528,22.0,10.044
1,369.061,0.0,-5.449,376.528,22.0,10.044,376.528,0.0,10.044
0,369.5958358031164,0.85,-4.396870890192267,369.5958358031164,3.3666666666666667,-4.396870890192267,371.0892037050624,3.3666666666666667,-1.2983374892481994
0,369.5958358031164,0.85,-4.396870890192267,371.0892037050624,3.3666666666666667,-1.2983374892481994,371.0892037050624,0.85,-1.2983374892481994
0,371.2455031879687,0.85,-0.974037517550368,371.2455031879687,3.3666666666666667,-0.974037517550368,372.7388710899147,3.3666666666666667,2.1244958833937
0,371.2455031879687,0.85,-0.974037517550368,372.7388710899147,3.3666666666666667,2.1244958833937,372.7388710899147,0.85,2.1244958833937
0,372.8951705728211,0.85,2.4487958550915323,372.8951705728211,3.3666666666666667,2.4487958550915323,374.3885384747671,3.3666666666666667,5.547329256035599
0,372.8951705728211,0.85,2.4487958550915323,374.3885384747671,3.3666666666666667,5.547329256035599,374.3885384747671,0.85,5.547329256035599
0,374.5448379576734,0.85,5.871629227733431,374.5448379576734,3.3666666666666667,5.871629227733431,376.0382058596194,3.3666666666666667,8.9701626286775
0,374.5448379576734,0.85,5.871629227733431,376.0382058596194,3.3666666666666667,8.9701626286775,376.0382058596194,0.85,8.9701626286775
0,369.5958358031164,4.516666666666667,-4.396870890192267,369.5958358031164,7.033333333333333,-4.396870890192267,371.0892037050624,7.033333333333333,-1.2983374892481994
0,369.5958358031164,4.516666666666667,-4.396870890192267,371.0892037050624,7.033333333333333,-1.2983374892481994,371.0892037050624,4.516666666666667,-1.2983374892481994
0,371.2455031879687,4.516666666666667,-0.974037517550368,371.2455031879687,7.033333333333333,-0.974037517550368,372.7388710899147,7.033333333333333,2.1244958833937
0,371.2455031879687,4.516666666666667,-0.974037517550368,372.7388710899147,7.033333333333333,2.1244958833937,372.7388710899147,4.516666666666667,2.1244958833937
0,372.8951705728211,4.516666666666667,2.4487958550915323,372.8951705728211,7.033333333333333,2.4487958550915323,374.3885384747671,7.033333333333333,5.547329256035599
0,372.8951705728211,4.516666666666667,2.4487958550915323,374.3885384747671,7.033333333333333,5.547329256035599,374.3885384747671,4.516666666666667,5.547329256035599
0,374.5448379576734,4.516666666666667,5.871629227733431,374.5448379576734,7.033333333333333,5.871629227733431,376.0382058596194,7.033333333333333,8.9701626286775
0,374.5448379576734,4.516666666666667,5.871629227733431,376.0382058596194,7.033333333333333,8.9701626286775,376.0382058596194,4.516666666666667,8.9701626286775
0,369.5958358031164,8.183333333333334,-4.396870890192267,369.5958358031164,10.7,-4.396870890192267,371.0892037050624,10.7,-1.2983374892481994
0,369.5958358031164,8.183333333333334,-4.396870890192267,371.0892037050624,10.7,-1.2983374892481994,371.0892037050624,8.183333333333334,-1.2983374892481994
0,371.2455031879687,8.183333333333334,-0.974037517550368,371.2455031879687,10.7,-0.974037517550368,372.7388710899147,10.7,2.1244958833937
0,371.2455031879687,8.183333333333334,-0.974037517550368,372.7388710899147,10.7,2.1244958833937,372.7388710899147,8.183333333333334,2.1244958833937
0,372.8951705728211,8.183333333333334,2.4487958550915323,372.8951705728211,10.7,2.4487958550915323,374.3885384747671,10.7,5.547329256035599
0,372.8951705728211,8.183333333333334,2.4487958550915323,374.3885384747671,10.7,5.547329256035599,374.3885384747671,8.183333333333334,5.547329256035599
0,374.5448379576734,8.183333333333334,5.871629227733431,374.5448379576734,10.7,5.871629227733431,376.0382058596194,10.7,8.9701626286775
0,374.5448379576734,8.183333333333334,5.871629227733431,376.0382058596194,10.7,8.9701626286775,376.0382058596194,8.183333333333334,8.9701626286775
0,369.5958358031164,11.85,-4.396870890192267,369.5958358031164,14.366666666666665,-4.396870890192267,371.0892037050624,14.366666666666665,-1.2983374892481994
0,369.5958358031164,11.85,-4.396870890192267,371.0892037050624,14.366666666666665,-1.2983374892481994,371.0892037050624,11.85,-1.2983374892481994
0,371.2455031879687,11.85,-0.974037517550368,371.2455031879687,14.366666666666665,-0.974037517550368,372.7388710899147,14.366666666666665,2.1244958833937
0,371.2455031879687,11.85,-0.974037517550368,372.7388710899147,14.366666666666665,2.1244958833937,372.7388710899147,11.85,2.1244958833937
0,372.8951705728211,11.85,2.4487958550915323,372.8951705728211,14.366666666666665,2.4487958550915323,374.3885384747671,14.366666666666665,5.547329256035599
0,372.8951705728211,11.85,2.4487958550915323,374.3885384747671,14.366666666666665,5.547329256035599,374.3885384747671,11.85,5.547329256035599
0,374.5448379576734,11.85,5.871629227733431,374.5448379576734,14.366666666666665,5.871629227733431,376.0382058596194,14.366666666666665,8.9701626286775
0,374.5448379576734,11.85,5.871629227733431,376.0382058596194,14.366666666666665,8.9701626286775,376.0382058596194,11.85,8.9701626286775
0,369.5958358031164,15.516666666666666,-4.396870890192267,369.5958358031164,18.03333333333333,-4.396870890192267,371.0892037050624,18.03333333333333,-1.2983374892481994
0,369.5958358031164,15.516666666666666,-4.396870890192267,371.0892037050624,18.03333333333333,-1.2983374892481994,371.0892037050624,15.516666666666666,-1.2983374892481994
0,371.2455031879687,15.516666666666666,-0.974037517550368,371.2455031879687,18.03333333333333,-0.974037517550368,372.7388710899147,18.03333333333333,2.1244958833937
0,371.2455031879687,15.516666666666666,-0.974037517550368,372.7388710899147,18.03333333333333,2.1244958833937,372.7388710899147,15.516666666666666,2.1244958833937
0,372.8951705728211,15.516666666666666,2.4487958550915323,372.8951705728211,18.03333333333333,2.4487958550915323,374.3885384747671,18.03333333333333,5.547329256035599
0,372.8951705728211,15.516666666666666,2.4487958550915323,374.3885384747671,18.03333333333333,5.547329256035599,374.3885384747671,15.516666666666666,5.547329256035599
0,374.5448379576734,15.516666666666666,5.871629227733431,374.5448379576734,18.03333333333333,5.871629227733431,376.0382058596194,18.03333333333333,8.9701626286775
0,374.5448379576734,15.516666666666666,5.871629227733431,376.0382058596194,18.03333333333333,8.9701626286775,376.0382058596194,15.516666666666666,8.9701626286775
0,369.5958358031164,19.183333333333334,-4.396870890192267,369.5958358031164,21.7,-4.396870890192267,371.0892037050624,21.7,-1.2983374892481994
0,369.5958358031164,19.183333333333334,-4.396870890192267,371.0892037050624,21.7,-1.2983374892481994,371.0892037050624,19.183333333333334,-1.2983374892481994
0,371.2455031879687,19.183333333333334,-0.974037517550368,371.2455031879687,21.7,-0.974037517550368,372.7388710899147,21.7,2.1244958833937
0,371.2455031879687,19.183333333333334,-0.974037517550368,372.7388710899147,21.7,2.1244958833937,372.7388710899147,19.183333333333334,2.1244958833937
0,372.8951705728211,19.183333333333334,2.4487958550915323,372.8951705728211,21.7,2.4487958550915323,374.3885384747671,21.7,5.547329256035599
0,372.8951705728211,19.183333333333334,2.4487958550915323,374.3885384747671,21.7,5.547329256035599,374.3885384747671,19.183333333333334,5.547329256035599
0,374.5448379576734,19.183333333333334,5.871629227733431,374.5448379576734,21.7,5.871629227733431,376.0382058596194,21.7,8.9701626286775
0,374.5448379576734,19.183333333333334,5.871629227733431,376.0382058596194,21.7,8.9701626286775,376.0382058596194,19.183333333333334,8.9701626286775
1,376.528,0.0,10.044,376.528,22.0,10.044,293.262,22.0,48.765
1,376.528,0.0,10.044,293.262,22.0,48.765,293.262,0.0,48.765
0,375.46857448495246,0.85,10.564233195851797,375.46857448495246,3.3666666666666667,10.564233195851797,372.6622168134692,3.3666666666666667,11.869267368233135
0,375.46857448495246,0.85,10.564233195851797,372.6622168134692,3.3666666666666667,11.869267368233135,372.6622168134692,0.85,11.869267368233135
0,372.3357861625082,0.85,12.02106667690485,372.3357861625082,3.3666666666666667,12.02106667690485,369.52942849102493,3.3666666666666667,13.326100849286188
0,372.3357861625082,0.85,12.02106667690485,369.52942849102493,3.3666666666666667,13.326100849286188,369.52942849102493,0.85,13.326100849286188
0,369.202997840064,0.85,13.477900157957901,369.202997840064,3.3666666666666667,13.477900157957901,366.3966401685807,3.3666666666666667,14.782934330339241
0,369.202997840064,0.85,13.477900157957901,366.3966401685807,3.3666666666666667,14.782934330339241,366.3966401685807,0.85,14.782934330339241
0,366.07020951761973,0.85,14.934733639010954,366.07020951761973,3.3666666666666667,14.934733639010954,363.26385184613645,3.3666666666666667,16.239767811392294
0,366.07020951761973,0.85,14.934733639010954,363.26385184613645,3.3666666666666667,16.239767811392294,363.26385184613645,0.85,16.239767811392294
0,362.9374211951755,0.85,16.391567120064007,362.9374211951755,3.3666666666666667,16.391567120064007,360.1310635236922,3.3666666666666667,17.696601292445347
0,362.9374211951755,0.85,16.391567120064007,360.1310635236922,3.3666666666666667,17.696601292445347,360.1310635236922,0.85,17.696601292445347
0,359.80463287273125,0.85,17.84840060111706,359.80463287273125,3.3666666666666667,17.84840060111706,356.99827520124796,3.3666666666666667,19.1534347734984
0,359.80463287273125,0.85,17.84840060111706,356.99827520124796,3.3666666666666667,19.1534347734984,356.99827520124796,0.85,19.1534347734984
0,356.671844550287,0.85,19.305234082170113,356.671844550287,3.3666666666666667,19.305234082170113,353.8654868788037,3.3666666666666667,20.610268254551453
0,356.671844550287,0.85,19.305234082170113,353.8654868788037,3.3666666666666667,20.610268254551453,353.8654868788037,0.85,20.610268254551453
0,353.53905622784276,0.85,20.762067563223166,353.53905622784276,3.3666666666666667,20.762067563223166,350.7326985563595,3.3666666666666667,22.067101735604506
0,353.53905622784276,0.85,20.762067563223166,350.7326985563595,3.3666666666666667,22.067101735604506,350.7326985563595,0.85,22.067101735604506
0,350.4062679053985,0.85,22.21890104427622,350.4062679053985,3.3666666666666667,22.21890104427622,347.59991023391524,3.3666666666666667,23.52393521665756
0,350.4062679053985,0.85,22.21890104427622,347.59991023391524,3.3666666666666667,23.52393521665756,347.59991023391524,0.85,23.52393521665756
0,347.2734795829543,0.85,23.675734525329272,347.2734795829543,3.3666666666666667,23.675734525329272,344.467121911471,3.3666666666666667,24.98076869771061
0,347.2734795829543,0.85,23.675734525329272,344.467121911471,3.3666666666666667,24.98076869771061,344.467121911471,0.85,24.98076869771061
0,344.14069126051004,0.85,25.132568006382325,344.14069126051004,3.3666666666666667,25.132568006382325,341.33433358902676,3.3666666666666667,26.43760217876366
0,344.14069126051004,0.85,25.132568006382325,341.33433358902676,3.3666666666666667,26.43760217876366,341.33433358902676,0.85,26.43760217876366
0,341.0079029380658,0.85,26.589401487435374,341.0079029380658,3.3666666666666667,26.589401487435374,338.2015452665825,3.3666666666666667,27.894435659816715
0,341.0079029380658,0.85,26.589401487435374,338.2015452665825,3.3666666666666667,27.894435659816715,338.2015452665825,0.85,27.894435659816715
0,337.87511461562156,0.85,28.046234968488427,337.87511461562156,3.3666666666666667,28.046234968488427,335.0687569441383,3.3666666666666667,29.351269140869768
0,337.87511461562156,0.85,28.046234968488427,335.0687569441383,3.3666666666666667,29.351269140869768,335.0687569441383,0.85,29.351269140869768
0,334.7423262931773,0.85,29.50306844954148,334.7423262931773,3.3666666666666667,29.50306844954148,331.93596862169403,3.3666666666666667,30.80810262192282
0,334.7423262931773,0.85,29.50306844954148,331.93596862169403,3.3666666666666667,30.80810262192282,331.93596862169403,0.85,30.80810262192282
0,331.6095379707331,0.85,30.959901930594533,331.6095379707331,3.3666666666666667,30.959901930594533,328.8031802992498,3.3666666666666667,32.26493610297587
0,331.6095379707331,0.85,30.959901930594533,328.8031802992498,3.3666666666666667,32.26493610297587,328.8031802992498,0.85,32.26493610297587
0,328.47674964828883,0.85,32.41673541164758,328.47674964828883,3.3666666666666667,32.41673541164758,325.67039197680555,3.3666666666666667,33.72176958402892
0,328.47674964828883,0.85,32.41673541164758,325.67039197680555,3.3666666666666667,33.72176958402892,325.67039197680555,0.85,33.72176958402892
0,325.3439613258446,0.85,33.87356889270063,325.3439613258446,3.3666666666666667,33.87356889270063,322.5376036543613,3.3666666666666667,35.17860306508197
0,325.3439613258446,0.85,33.87356889270063,322.5376036543613,3.3666666666666667,35.17860306508197,322.5376036543613,0.85,35.17860306508197
0,322.21117300340035,0.85,35.330402373753685,322.21117300340035,3.3666666666666667,35.330402373753685,319.40481533191706,3.3666666666666667,36.635436546135026
0,322.21117300340035,0.85,35.330402373753685,319.40481533191706,3.3666666666666667,36.635436546135026,319.40481533191706,0.85,36.635436546135026
0,319.0783846809561,0.85,36.78723585480674,319.0783846809561,3.3666666666666667,36.78723585480674,316.2720270094728,3.3666666666666667,38.09227002718808
0,319.0783846809561,0.85,36.78723585480674,316.2720270094728,3.3666666666666667,38.09227002718808,316.2720270094728,0.85,38.09227002718808
0,315.94559635851186,0.85,38.24406933585979,315.94559635851186,3.3666666666666667,38.24406933585979,313.1392386870286,3.3666666666666667,39.54910350824113
0,315.94559635851186,0.85,38.24406933585979,313.1392386870286,3.3666666666666667,39.54910350824113,313.1392386870286,0.85,39.54910350824113
0,312.8128080360676,0.85,39.700902816912844,312.8128080360676,3.3666666666666667,39.700902816912844,310.00645036458434,3.3666666666666667,41.005936989294185
0,312.8128080360676,0.85,39.700902816912844,310.00645036458434,3.3666666666666667,41.005936989294185,310.00645036458434,0.85,41.005936989294185
0,309.6800197136234,0.85,41.1577362979659,309.6800197136234,3.3666666666666667,41.1577362979659,306.8736620421401,3.3666666666666667,42.46277047034724
0,309.6800197136234,0.85,41.1577362979659,306.8736620421401,3.3666666666666667,42.46277047034724,306.8736620421401,0.85,42.46277047034724
0,306.54723139117914,0.85,42.61456977901895,306.54723139117914,3.3666666666666667,42.61456977901895,303.74087371969586,3.3666666666666667,43.91960395140029
0,306.54723139117914,0.85,42.61456977901895,303.74087371969586,3.3666666666666667,43.91960395140029,303.74087371969586,0.85,43.91960395140029
0,303.4144430687349,0.85,44.071403260072,303.4144430687349,3.3666666666666667,44.071403260072,300.6080853972516,3.3666666666666667,45.37643743245334
0,303.4144430687349,0.85,44.071403260072,300.6080853972516,3.3666666666666667,45.37643743245334,300.6080853972516,0.85,45.37643743245334
0,300.28165474629066,0.85,45.528236741125056,300.28165474629066,3.3666666666666667,45.528236741125056,297.4752970748074,3.3666666666666667,46.8332709135064
0,300.28165474629066,0.85,45.528236741125056,297.4752970748074,3.3666666666666667,46.8332709135064,297.4752970748074,0.85,46.8332709135064
0,297.1488664238464,0.85,46.98507022217811,297.1488664238464,3.3666666666666667,46.98507022217811,294.34250875236313,3.3666666666666667,48.29010439455945
0,297.1488664238464,0.85,46.98507022217811,294.34250875236313,3.3666666666666667,48.29010439455945,294.34250875236313,0.85,48.29010439455945
0,375.46857448495246,4.516666666666667,10.564233195851797,375.46857448495246,7.033333333333333,10.564233195851797,372.6622168134692,7.033333333333333,11.869267368233135
0,375.46857448495246,4.516666666666667,10.564233195851797,372.6622168134692,7.033333333333333,11.869267368233135,372.6622168134692,4.516666666666667,11.869267368233135
0,372.3357861625082,4.516666666666667,12.02106667690485,372.3357861625082,7.033333333333333,12.02106667690485,369.52942849102493,7.033333333333333,13.326100849286188
0,372.3357861625082,4.516666666666667,12.02106667690485,369.52942849102493,7.033333333333333,13.326100849286188,369.52942849102493,4.516666666666667,13.326100849286188
0,369.202997840064,4.516666666666667,13.477900157957901,369.202997840064,7.033333333333333,13.477900157957901,366.3966401685807,7.033333333333333,14.782934330339241
0,369.202997840064,4.516666666666667,13.477900157957901,366.3966401685807,7.033333333333333,14.782934330339241,366.3966401685807,4.516666666666667,14.782934330339241
0,366.07020951761973,4.516666666666667,14.934733639010954,366.07020951761973,7.033333333333333,14.934733639010954,363.26385184613645,7.033333333333333,16.239767811392294
0,366.07020951761973,4.516666666666667,14.934733639010954,363.26385184613645,7.033333333333333,16.239767811392294,363.26385184613645,4.516666666666667,16.239767811392294
0,362.9374211951755,4.516666666666667,16.391567120064007,362.9374211951755,7.033333333333333,16.391567120064007,360.1310635236922,7.033333333333333,17.696601292445347
0,362.9374211951755,4.516666666666667,16.391567120064007,360.1310635236922,7.033333333333333,17.696601292445347,360.1310635236922,4.516666666666667,17.696601292445347
0,359.80463287273125,4.516666666666667,17.84840060111706,359.80463287273125,7.033333333333333,17.84840060111706,356.99827520124796,7.033333333333333,19.1534347734984
0,359.80463287273125,4.516666666666667,17.84840060111706,356.99827520124796,7.033333333333333,19.1534347734984,356.99827520124796,4.516666666666667,19.1534347734984
0,356.671844550287,4.516666666666667,19.305234082170113,356.671844550287,7.033333333333333,19.305234082170113,353.8654868788037,7.033333333333333,20.610268254551453
0,356.671844550287,4.516666666666667,19.305234082170113,353.8654868788037,7.033333333333333,20.610268254551453,353.8654868788037,4.516666666666667,20.610268254551453
0,353.53905622784276,4.516666666666667,20.762067563223166,353.53905622784276,7.033333333333333,20.762067563223166,350.7326985563595,7.033333333333333,22.067101735604506
0,353.53905622784276,4.516666666666667,20.762067563223166,350.7326985563595,7.033333333333333,22.067101735604506,350.7326985563595,4.516666666666667,22.067101735604506
0,350.4062679053985,4.516666666666667,22.21890104427622,350.4062679053985,7.033333333333333,22.21890104427622,347.59991023391524,7.033333333333333,23.52393521665756
0,350.4062679053985,4.516666666666667,22.21890104427622,347.59991023391524,7.033333333333333,23.52393521665756,347.59991023391524,4.516666666666667,23.52393521665756
0,347.2734795829543,4.516666666666667,23.675734525329272,347.2734795829543,7.033333333333333,23.675734525329272,344.467121911471,7.033333333333333,24.98076869771061
0,347.2734795829543,4.516666666666667,23.675734525329272,344.467121911471,7.033333333333333,24.98076869771061,344.467121911471,4.516666666666667,24.98076869771061
0,344.14069126051004,4.516666666666667,25.132568006382325,344.14069126051004,7.033333333333333,25.132568006382325,341.33433358902676,7.033333333333333,26.43760217876366
0,344.14069126051004,4.516666666666667,25.132568006382325,341.33433358902676,7.033333333333333,26.43760217876366,341.33433358902676,4.516666666666667,26.43760217876366
0,341.0079029380658,4.516666666666667,26.589401487435374,341.0079029380658,7.033333333333333,26.589401487435374,338.2015452665825,7.033333333333333,27.894435659816715
0,341.0079029380658,4.516666666666667,26.589401487435374,338.2015452665825,7.033333333333333,27.894435659816715,338.2015452665825,4.516666666666667,27.894435659816715
0,337.87511461562156,4.516666666666667,28.046234968488427,337.87511461562156,7.033333333333333,28.046234968488427,335.0687569441383,7.033333333333333,29.351269140869768
0,337.87511461562156,4.516666666666667,28.046234968488427,335.0687569441383,7.033333333333333,29.351269140869768,335.0687569441383,4.516666666666667,29.351269140869768
0,334.7423262931773,4.516666666666667,29.50306844954148,334.7423262931773,7.033333333333333,29.50306844954148,331.93596862169403,7.033333333333333,30.80810262192282
0,334.7423262931773,4.516666666666667,29.50306844954148,331.93596862169403,7.033333333333333,30.80810262192282,331.93596862169403,4.516666666666667,30.80810262192282
0,331.6095379707331,4.516666666666667,30.959901930594533,331.6095379707331,7.033333333333333,30.959901930594533,328.8031802992498,7.033333333333333,32.26493610297587
0,331.6095379707331,4.516666666666667,30.959901930594533,328.8031802992498,7.033333333333333,32.26493610297587,328.8031802992498,4.516666666666667,32.26493610297587
0,328.47674964828883,4.516666666666667,32.41673541164758,328.47674964828883,7.033333333333333,32.41673541164758,325.67039197680555,7.033333333333333,33.72176958402892
0,328.47674964828883,4.516666666666667,32.41673541164758,325.67039197680555,7.033333333333333,33.72176958402892,325.67039197680555,4.516666666666667,33.72176958402892
0,325.3439613258446,4.516666666666667,33.87356889270063,325.3439613258446,7.033333333333333,33.87356889270063,322.5376036543613,7.033333333333333,35.17860306508197
0,325.3439613258446,4.516666666666667,33.87356889270063,322.5376036543613,7.033333333333333,35.17860306508197,322.5376036543613,4.516666666666667,35.17860306508197
0,322.21117300340035,4.516666666666667,35.330402373753685,322.21117300340035,7.033333333333333,35.330402373753685,319.40481533191706,7.033333333333333,36.635436546135026
0,322.21117300340035,4.516666666666667,35.330402373753685,319.40481533191706,7.033333333333333,36.635436546135026,319.40481533191706,4.516666666666667,36.635436546135026
0,319.0783846809561,4.516666666666667,36.78723585480674,319.0783846809561,7.033333333333333,36.78723585480674,316.2720270094728,7.033333333333333,38.09227002718808
0,319.0783846809561,4.516666666666667,36.78723585480674,316.2720270094728,7.033333333333333,38.09227002718808,316.2720270094728,4.516666666666667,38.09227002718808
0,315.94559635851186,4.516666666666667,38.24406933585979,315.94559635851186,7.033333333333333,38.24406933585979,313.1392386870286,7.033333333333333,39.54910350824113
0,315.94559635851186,4.516666666666667,38.24406933585979,313.1392386870286,7.033333333333333,39.54910350824113,313.1392386870286,4.516666666666667,39.54910350824113
0,312.8128080360676,4.516666666666667,39.700902816912844,312.8128080360676,7.033333333333333,39.700902816912844,310.00645036458434,7.033333333333333,41.005936989294185
0,312.8128080360676,4.516666666666667,39.700902816912844,310.00645036458434,7.033333333333333,41.005936989294185,310.00645036458434,4.516666666666667,41.005936989294185
0,309.6800197136234,4.516666666666667,41.1577362979659,309.6800197136234,7.033333333333333,41.1577362979659,306.8736620421401,7.033333333333333,42.46277047034724
0,309.6800197136234,4.516666666666667,41.1577362979659,306.8736620421401,7.033333333333333,42.46277047034724,306.8736620421401,4.516666666666667,42.46277047034724
0,306.54723139117914,4.516666666666667,42.61456977901895,306.54723139117914,7.033333333333333,42.61456977901895,303.74087371969586,7.033333333333333,43.91960395140029
0,306.54723139117914,4.516666666666667,42.61456977901895,303.74087371969586,7.033333333333333,43.91960395140029,303.74087371969586,4.516666666666667,43.91960395140029
0,303.4144430687349,4.516666666666667,44.071403260072,303.4144430687349,7.033333333333333,44.071403260072,300.6080853972516,7.033333333333333,45.37643743245334
0,303.4144430687349,4.516666666666667,44.071403260072,300.6080853972516,7.033333333333333,45.37643743245334,300.6080853972516,4.516666666666667,45.37643743245334
0,300.28165474629066,4.516666666666667,45.528236741125056,300.28165474629066,7.033333333333333,45.528236741125056,297.4752970748074,7.033333333333333,46.8332709135064
0,300.28165474629066,4.516666666666667,45.528236741125056,297.4752970748074,7.033333333333333,46.8332709135064,297.4752970748074,4.516666666666667,46.8332709135064
0,297.1488664238464,4.516666666666667,46.98507022217811,297.1488664238464,7.033333333333333,46.98507022217811,294.34250875236313,7.033333333333333,48.29010439455945
0,297.1488664238464,4.516666666666667,46.98507022217811,294.34250875236313,7.033333333333333,48.29010439455945,294.34250875236313,4.516666666666667,48.29010439455945
0,375.46857448495246,8.183333333333334,10.564233195851797,375.46857448495246,10.7,10.564233195851797,372.6622168134692,10.7,11.869267368233135
0,375.46857448495246,8.183333333333334,10.564233195851797,372.6622168134692,10.7,11.869267368233135,372.6622168134692,8.183333333333334,11.869267368233135
0,372.3357861625082,8.183333333333334,12.02106667690485,372.3357861625082,10.7,12.02106667690485,369.52942849102493,10.7,13.326100849286188
0,372.3357861625082,8.183333333333334,12.02106667690485,369.52942849102493,10.7,13.326100849286188,369.52942849102493,8.183333333333334,13.326100849286188
0,369.202997840064,8.183333333333334,13.477900157957901,369.202997840064,10.7,13.477900157957901,366.3966401685807,10.7,14.782934330339241
0,369.202997840064,8.183333333333334,13.477900157957901,366.3966401685807,10.7,14.782934330339241,366.3966401685807,8.183333333333334,14.782934330339241
0,366.07020951761973,8.183333333333334,14.934733639010954,366.07020951761973,10.7,14.934733639010954,363.26385184613645,10.7,16.239767811392294
0,366.07020951761973,8.183333333333334,14.934733639010954,363.26385184613645,10.7,16.239767811392294,363.26385184613645,8.183333333333334,16.239767811392294
0,362.9374211951755,8.183333333333334,16.391567120064007,362.9374211951755,10.7,16.391567120064007,360.1310635236922,10.7,17.696601292445347
0,362.9374211951755,8.183333333333334,16.391567120064007,360.1310635236922,10.7,17.696601292445347,360.1310635236922,8.183333333333334,17.696601292445347
0,359.80463287273125,8.183333333333334,17.84840060111706,359.80463287273125,10.7,17.84840060111706,356.99827520124796,10.7,19.1534347734984
0,359.80463287273125,8.183333333333334,17.84840060111706,356.99827520124796,10.7,19.1534347734984,356.99827520124796,8.183333333333334,19.1534347734984
0,356.671844550287,8.183333333333334,19.305234082170113,356.671844550287,10.7,19.305234082170113,353.8654868788037,10.7,20.610268254551453
0,356.671844550287,8.183333333333334,19.305234082170113,353.8654868788037,10.7,20.610268254551453,353.8654868788037,8.183333333333334,20.610268254551453
0,353.53905622784276,8.183333333333334,20.762067563223166,353.53905622784276,10.7,20.762067563223166,350.7326985563595,10.7,22.067101735604506
0,353.53905622784276,8.183333333333334,20.762067563223166,350.7326985563595,10.7,22.067101735604506,350.7326985563595,8.183333333333334,22.067101735604506
0,350.4062679053985,8.183333333333334,22.21890104427622,350.4062679053985,10.7,22.21890104427622,347.59991023391524,10.7,23.52393521665756
0,350.4062679053985,8.183333333333334,22.21890104427622,347.59991023391524,10.7,23.52393521665756,347.59991023391524,8.183333333333334,23.52393521665756
0,347.2734795829543,8.183333333333334,23.675734525329272,347.2734795829543,10.7,23.675734525329272,344.467121911471,10.7,24.98076869771061
0,347.2734795829543,8.183333333333334,23.675734525329272,344.467121911471,10.7,24.98076869771061,344.467121911471,8.183333333333334,24.98076869771061
0,344.14069126051004,8.183333333333334,25.132568006382325,344.14069126051004,10.7,25.132568006382325,341.33433358902676,10.7,26.43760217876366
0,344.14069126051004,8.183333333333334,25.132568006382325,341.33433358902676,10.7,26.43760217876366,341.33433358902676,8.183333333333334,26.43760217876366
0,341.0079029380658,8.183333333333334,26.589401487435374,341.0079029380658,10.7,26.589401487435374,338.2015452665825,10.7,27.894435659816715
0,341.0079029380658,8.183333333333334,26.589401487435374,338.2015452665825,10.7,27.894435659816715,338.2015452665825,8.183333333333334,27.894435659816715
0,337.87511461562156,8.183333333333334,28.046234968488427,337.87511461562156,10.7,28.046234968488427,335.0687569441383,10.7,29.351269140869768
0,337.87511461562156,8.183333333333334,28.046234968488427,335.0687569441383,10.7,29.351269140869768,335.0687569441383,8.183333333333334,29.351269140869768
0,334.7423262931773,8.183333333333334,29.50306844954148,334.7423262931773,10.7,29.50306844954148,331.93596862169403,10.7,30.80810262192282
0,334.7423262931773,8.183333333333334,29.50306844954148,331.93596862169403,10.7,30.80810262192282,331.93596862169403,8.183333333333334,30.80810262192282
0,331.6095379707331,8.183333333333334,30.959901930594533,331.6095379707331,10.7,30.959901930594533,328.8031802992498,10.7,32.26493610297587
0,331.6095379707331,8.183333333333334,30.959901930594533,328.8031802992498,10.7,32.26493610297587,328.8031802992498,8.183333333333334,32.26493610297587
0,328.47674964828883,8.183333333333334,32.41673541164758,328.47674964828883,10.7,32.41673541164758,325.67039197680555,10.7,33.72176958402892
0,328.47674964828883,8.183333333333334,32.41673541164758,325.67039197680555,10.7,33.72176958402892,325.67039197680555,8.183333333333334,33.72176958402892
0,325.3439613258446,8.183333333333334,33.87356889270063,325.3439613258446,10.7,33.87356889270063,322.5376036543613,10.7,35.17860306508197
0,325.3439613258446,8.183333333333334,33.87356889270063,322.5376036543613,10.7,35.17860306508197,322.5376036543613,8.183333333333334,35.17860306508197
0,322.21117300340035,8.183333333333334,35.330402373753685,322.21117300340035,10.7,35.330402373753685,319.40481533191706,10.7,36.635436546135026
0,322.21117300340035,8.183333333333334,35.330402373753685,319.40481533191706,10.7,36.635436546135026,319.40481533191706,8.183333333333334,36.635436546135026
0,319.0783846809561,8.183333333333334,36.78723585480674,319.0783846809561,10.7,36.78723585480674,316.2720270094728,10.7,38.09227002718808
0,319.0783846809561,8.183333333333334,36.78723585480674,316.2720270094728,10.7,38.09227002718808,316.2720270094728,8.183333333333334,38.09227002718808
0,315.94559635851186,8.183333333333334,38.24406933585979,315.94559635851186,10.7,38.24406933585979,313.1392386870286,10.7,39.54910350824113
0,315.94559635851186,8.183333333333334,38.24406933585979,313.1392386870286,10.7,39.54910350824113,313.1392386870286,8.183333333333334,39.54910350824113
0,312.8128080360676,8.183333333333334,39.700902816912844,312.8128080360676,10.7,39.700902816912844,310.00645036458434,10.7,41.005936989294185
0,312.8128080360676,8.183333333333334,39.700902816912844,310.00645036458434,10.7,41.005936989294185,310.00645036458434,8.183333333333334,41.005936989294185
0,309.6800197136234,8.183333333333334,41.1577362979659,309.6800197136234,10.7,41.1577362979659,306.8736620421401,10.7,42.46277047034724
0,309.6800197136234,8.183333333333334,41.1577362979659,306.8736620421401,10.7,42.46277047034724,306.8736620421401,8.183333333333334,42.46277047034724
0,306.54723139117914,8.183333333333334,42.61456977901895,306.54723139117914,10.7,42.61456977901895,303.74087371969586,10.7,43.91960395140029
0,306.54723139117914,8.183333333333334,42.61456977901895,303.74087371969586,10.7,43.91960395140029,303.74087371969586,8.183333333333334,43.91960395140029
0,303.4144430687349,8.183333333333334,44.071403260072,303.4144430687349,10.7,44.071403260072,300.6080853972516,10.7,45.37643743245334
0,303.4144430687349,8.183333333333334,44.071403260072,300.6080853972516,10.7,45.37643743245334,300.6080853972516,8.183333333333334,45.37643743245334
0,300.28165474629066,8.183333333333334,45.528236741125056,300.28165474629066,10.7,45.528236741125056,297.4752970748074,10.7,46.8332709135064
0,300.28165474629066,8.183333333333334,45.528236741125056,297.4752970748074,10.7,46.8332709135064,297.4752970748074,8.183333333333334,46.8332709135064
0,297.1488664238464,8.183333333333334,46.98507022217811,297.1488664238464,10.7,46.98507022217811,294.34250875236313,10.7,48.29010439455945
0,297.1488664238464,8.183333333333334,46.98507022217811,294.34250875236313,10.7,48.29010439455945,294.34250875236313,8.183333333333334,48.29010439455945
0,375.46857448495246,11.85,10.564233195851797,375.46857448495246,14.366666666666665,10.564233195851797,372.6622168134692,14.366666666666665,11.869267368233135
0,375.46857448495246,11.85,10.564233195851797,372.6622168134692,14.366666666666665,11.869267368233135,372.6622168134692,11.85,11.869267368233135
0,372.3357861625082,11.85,12.02106667690485,372.3357861625082,14.366666666666665,12.02106667690485,369.52942849102493,14.366666666666665,13.326100849286188
0,372.3357861625082,11.85,12.02106667690485,369.52942849102493,14.366666666666665,13.326100849286188,369.52942849102493,11.85,13.326100849286188
0,369.202997840064,11.85,13.477900157957901,369.202997840064,14.366666666666665,13.477900157957901,366.3966401685807,14.366666666666665,14.782934330339241
0,369.202997840064,11.85,13.477900157957901,366.3966401685807,14.366666666666665,14.782934330339241,366.3966401685807,11.85,14.782934330339241
0,366.07020951761973,11.85,14.934733639010954,366.07020951761973,14.366666666666665,14.934733639010954,363.26385184613645,14.366666666666665,16.239767811392294
0,366.07020951761973,11.85,14.934733639010954,363.26385184613645,14.366666666666665,16.239767811392294,363.26385184613645,11.85,16.239767811392294
0,362.9374211951755,11.85,16.391567120064007,362.9374211951755,14.366666666666665,16.391567120064007,360.1310635236922,14.366666666666665,17.696601292445347
0,362.9374211951755,11.85,16.391567120064007,360.1310635236922,14.366666666666665,17.696601292445347,360.1310635236922,11.85,17.696601292445347
0,359.80463287273125,11.85,17.84840060111706,359.80463287273125,14.366666666666665,17.84840060111706,356.99827520124796,14.366666666666665,19.1534347734984
0,359.80463287273125,11.85,17.84840060111706,356.99827520124796,14.366666666666665,19.1534347734984,356.99827520124796,11.85,19.1534347734984
0,356.671844550287,11.85,19.305234082170113,356.671844550287,14.366666666666665,19.305234082170113,353.8654868788037,14.366666666666665,20.610268254551453
0,356.671844550287,11.85,19.305234082170113,353.8654868788037,14.366666666666665,20.610268254551453,353.8654868788037,11.85,20.610268254551453
0,353.53905622784276,11.85,20.762067563223166,353.53905622784276,14.366666666666665,20.762067563223166,350.7326985563595,14.366666666666665,22.067101735604506
0,353.53905622784276,11.85,20.762067563223166,350.7326985563595,14.366666666666665,22.067101735604506,350.7326985563595,11.85,22.067101735604506
0,350.4062679053985,11.85,22.21890104427622,350.4062679053985,14.366666666666665,22.21890104427622,347.59991023391524,14.366666666666665,23.52393521665756
0,350.4062679053985,11.85,22.21890104427622,347.59991023391524,14.366666666666665,23.52393521665756,347.59991023391524,11.85,23.52393521665756
0,347.2734795829543,11.85,23.675734525329272,347.2734795829543,14.366666666666665,23.675734525329272,344.467121911471,14.366666666666665,24.98076869771061
0,347.2734795829543,11.85,23.675734525329272,344.467121911471,14.366666666666665,24.98076869771061,344.467121911471,11.85,24.98076869771061
0,344.14069126051004,11.85,25.132568006382325,344.14069126051004,14.366666666666665,25.132568006382325,341.33433358902676,14.366666666666665,26.43760217876366
0,344.14069126051004,11.85,25.132568006382325,341.33433358902676,14.366666666666665,26.43760217876366,341.33433358902676,11.85,26.43760217876366
0,341.0079029380658,11.85,26.589401487435374,341.0079029380658,14.366666666666665,26.589401487435374,338.2015452665825,14.366666666666665,27.894435659816715
0,341.0079029380658,11.85,26.589401487435374,338.2015452665825,14.366666666666665,27.894435659816715,338.2015452665825,11.85,27.894435659816715
0,337.87511461562156,11.85,28.046234968488427,337.87511461562156,14.366666666666665,28.046234968488427,335.0687569441383,14.366666666666665,29.351269140869768
0,337.87511461562156,11.85,28.046234968488427,335.0687569441383,14.366666666666665,29.351269140869768,335.0687569441383,11.85,29.351269140869768
0,334.7423262931773,11.85,29.50306844954148,334.7423262931773,14.366666666666665,29.50306844954148,331.93596862169403,14.366666666666665,30.80810262192282
0,334.7423262931773,11.85,29.50306844954148,331.93596862169403,14.366666666666665,30.80810262192282,331.93596862169403,11.85,30.80810262192282
0,331.6095379707331,11.85,30.959901930594533,331.6095379707331,14.366666666666665,30.959901930594533,328.8031802992498,14.366666666666665,32.26493610297587
0,331.6095379707331,11.85,30.959901930594533,328.8031802992498,14.366666666666665,32.26493610297587,328.8031802992498,11.85,32.26493610297587
0,328.47674964828883,11.85,32.41673541164758,328.47674964828883,14.366666666666665,32.41673541164758,325.67039197680555,14.366666666666665,33.72176958402892
0,328.47674964828883,11.85,32.41673541164758,325.67039197680555,14.366666666666665,33.72176958402892,325.67039197680555,11.85,33.72176958402892
0,325.3439613258446,11.85,33.87356889270063,325.3439613258446,14.366666666666665,33.87356889270063,322.5376036543613,14.366666666666665,35.17860306508197
0,325.3439613258446,11.85,33.87356889270063,322.5376036543613,14.366666666666665,35.17860306508197,322.5376036543613,11.85,35.17860306508197
0,322.21117300340035,11.85,35.330402373753685,322.21117300340035,14.366666666666665,35.330402373753685,319.40481533191706,14.366666666666665,36.635436546135026
0,322.21117300340035,11.85,35.330402373753685,319.40481533191706,14.366666666666665,36.635436546135026,319.40481533191706,11.85,36.635436546135026
0,319.0783846809561,11.85,36.78723585480674,319.0783846809561,14.366666666666665,36.78723585480674,316.2720270094728,14.366666666666665,38.09227002718808
0,319.0783846809561,11.85,36.78723585480674,316.2720270094728,14.366666666666665,38.09227002718808,316.2720270094728,11.85,38.09227002718808
0,315.94559635851186,11.85,38.24406933585979,315.94559635851186,14.366666666666665,38.24406933585979,313.1392386870286,14.366666666666665,39.54910350824113
0,315.94559635851186,11.85,38.24406933585979,313.1392386870286,14.366666666666665,39.54910350824113,313.1392386870286,11.85,39.54910350824113
0,312.8128080360676,11.85,39.700902816912844,312.8128080360676,14.366666666666665,39.700902816912844,310.00645036458434,14.366666666666665,41.005936989294185
0,312.8128080360676,11.85,39.700902816912844,310.00645036458434,14.366666666666665,41.005936989294185,310.00645036458434,11.85,41.005936989294185
0,309.6800197136234,11.85,41.1577362979659,309.6800197136234,14.366666666666665,41.1577362979659,306.8736620421401,14.366666666666665,42.46277047034724
0,309.6800197136234,11.85,41.1577362979659,306.8736620421401,14.366666666666665,42.46277047034724,306.8736620421401,11.85,42.46277047034724
0,306.54723139117914,11.85,42.61456977901895,306.54723139117914,14.366666666666665,42.61456977901895,303.74087371969586,14.366666666666665,43.91960395140029
0,306.54723139117914,11.85,42.61456977901895,303.74087371969586,14.366666666666665,43.91960395140029,303.74087371969586,11.85,43.91960395140029
0,303.4144430687349,11.85,44.071403260072,303.4144430687349,14.366666666666665,44.071403260072,300.6080853972516,14.366666666666665,45.37643743245334
0,303.4144430687349,11.85,44.071403260072,300.6080853972516,14.366666666666665,45.37643743245334,300.6080853972516,11.85,45.37643743245334
0,300.28165474629066,11.85,45.528236741125056,300.28165474629066,14.366666666666665,45.528236741125056,297.4752970748074,14.366666666666665,46.8332709135064
0,300.28165474629066,11.85,45.528236741125056,297.4752970748074,14.366666666666665,46.8332709135064,297.4752970748074,11.85,46.8332709135064
0,297.1488664238464,11.85,46.98507022217811,297.1488664238464,14.366666666666665,46.98507022217811,294.34250875236313,14.366666666666665,48.29010439455945
0,297.1488664238464,11.85,46.98507022217811,294.34250875236313,14.366666666666665,48.29010439455945,294.34250875236313,11.85,48.29010439455945
0,375.46857448495246,15.516666666666666,10.564233195851797,375.46857448495246,18.03333333333333,10.564233195851797,372.6622168134692,18.03333333333333,11.869267368233135
0,375.46857448495246,15.516666666666666,10.564233195851797,372.6622168134692,18.03333333333333,11.869267368233135,372.6622168134692,15.516666666666666,11.869267368233135
0,372.3357861625082,15.516666666666666,12.02106667690485,372.3357861625082,18.03333333333333,12.02106667690485,369.52942849102493,18.03333333333333,13.326100849286188
0,372.3357861625082,15.516666666666666,12.02106667690485,369.52942849102493,18.03333333333333,13.326100849286188,369.52942849102493,15.516666666666666,13.326100849286188
0,369.202997840064,15.516666666666666,13.477900157957901,369.202997840064,18.03333333333333,13.477900157957901,366.3966401685807,18.03333333333333,14.782934330339241
0,369.202997840064,15.516666666666666,13.477900157957901,366.3966401685807,18.03333333333333,14.782934330339241,366.3966401685807,15.516666666666666,14.782934330339241
0,366.07020951761973,15.516666666666666,14.934733639010954,366.07020951761973,18.03333333333333,14.934733639010954,363.26385184613645,18.03333333333333,16.239767811392294
0,366.07020951761973,15.516666666666666,14.934733639010954,363.26385184613645,18.03333333333333,16.239767811392294,363.26385184613645,15.516666666666666,16.239767811392294
0,362.9374211951755,15.516666666666666,16.391567120064007,362.9374211951755,18.03333333333333,16.391567120064007,360.1310635236922,18.03333333333333,17.696601292445347
0,362.9374211951755,15.516666666666666,16.391567120064007,360.1310635236922,18.03333333333333,17.696601292445347,360.1310635236922,15.516666666666666,17.696601292445347
0,359.80463287273125,15.516666666666666,17.84840060111706,359.80463287273125,18.03333333333333,17.84840060111706,356.99827520124796,18.03333333333333,19.1534347734984
0,359.80463287273125,15.516666666666666,17.84840060111706,356.99827520124796,18.03333333333333,19.1534347734984,356.99827520124796,15.516666666666666,19.1534347734984
0,356.671844550287,15.516666666666666,19.305234082170113,356.671844550287,18.03333333333333,19.305234082170113,353.8654868788037,18.03333333333333,20.610268254551453
0,356.671844550287,15.516666666666666,19.305234082170113,353.8654868788037,18.03333333333333,20.610268254551453,353.8654868788037,15.516666666666666,20.610268254551453
0,353.53905622784276,15.516666666666666,20.762067563223166,353.53905622784276,18.03333333333333,20.762067563223166,350.7326985563595,18.03333333333333,22.067101735604506
0,353.53905622784276,15.516666666666666,20.762067563223166,350.7326985563595,18.03333333333333,22.067101735604506,350.7326985563595,15.516666666666666,22.067101735604506
0,350.4062679053985,15.516666666666666,22.21890104427622,350.4062679053985,18.03333333333333,22.21890104427622,347.59991023391524,18.03333333333333,23.52393521665756
0,350.4062679053985,15.516666666666666,22.21890104427622,347.59991023391524,18.03333333333333,23.52393521665756,347.59991023391524,15.516666666666666,23.52393521665756
0,347.2734795829543,15.516666666666666,23.675734525329272,347.2734795829543,18.03333333333333,23.675734525329272,344.467121911471,18.03333333333333,24.98076869771061
0,347.2734795829543,15.516666666666666,23.675734525329272,344.467121911471,18.03333333333333,24.98076869771061,344.467121911471,15.516666666666666,24.98076869771061
0,344.14069126051004,15.516666666666666,25.132568006382325,344.14069126051004,18.03333333333333,25.132568006382325,341.33433358902676,18.03333333333333,26.43760217876366
0,344.14069126051004,15.516666666666666,25.132568006382325,341.33433358902676,18.03333333333333,26.43760217876366,341.33433358902676,15.516666666666666,26.43760217876366
0,341.0079029380658,15.516666666666666,26.589401487435374,341.0079029380658,18.03333333333333,26.589401487435374,338.2015452665825,18.03333333333333,27.894435659816715
0,341.0079029380658,15.516666666666666,26.589401487435374,338.2015452665825,18.03333333333333,27.894435659816715,338.2015452665825,15.516666666666666,27.894435659816715
0,337.87511461562156,15.516666666666666,28.046234968488427,337.87511461562156,18.03333333333333,28.046234968488427,335.0687569441383,18.03333333333333,29.351269140869768
0,337.87511461562156,15.516666666666666,28.046234968488427,335.0687569441383,18.03333333333333,29.351269140869768,335.0687569441383,15.516666666666666,29.351269140869768
0,334.7423262931773,15.516666666666666,29.50306844954148,334.7423262931773,18.03333333333333,29.50306844954148,331.93596862169403,18.03333333333333,30.80810262192282
0,334.7423262931773,15.516666666666666,29.50306844954148,331.93596862169403,18.03333333333333,30.80810262192282,331.93596862169403,15.516666666666666,30.80810262192282
0,331.6095379707331,15.516666666666666,30.959901930594533,331.6095379707331,18.03333333333333,30.959901930594533,328.8031802992498,18.03333333333333,32.26493610297587
0,331.6095379707331,15.516666666666666,30.959901930594533,328.8031802992498,18.03333333333333,32.26493610297587,328.8031802992498,15.516666666666666,32.26493610297587
0,328.47674964828883,15.516666666666666,32.41673541164758,328.47674964828883,18.03333333333333,32.41673541164758,325.67039197680555,18.03333333333333,33.72176958402892
0,328.47674964828883,15.516666666666666,32.41673541164758,325.67039197680555,18.03333333333333,33.72176958402892,325.67039197680555,15.516666666666666,33.72176958402892
0,325.3439613258446,15.516666666666666,33.87356889270063,325.3439613258446,18.03333333333333,33.87356889270063,322.5376036543613,18.03333333333333,35.17860306508197
0,325.3439613258446,15.516666666666666,33.87356889270063,322.5376036543613,18.03333333333333,35.17860306508197,322.5376036543613,15.516666666666666,35.17860306508197
0,322.21117300340035,15.516666666666666,35.330402373753685,322.21117300340035,18.03333333333333,35.330402373753685,319.40481533191706,18.03333333333333,36.635436546135026
0,322.21117300340035,15.516666666666666,35.330402373753685,319.40481533191706,18.03333333333333,36.635436546135026,319.40481533191706,15.516666666666666,36.635436546135026
0,319.0783846809561,15.516666666666666,36.78723585480674,319.0783846809561,18.03333333333333,36.78723585480674,316.2720270094728,18.03333333333333,38.09227002718808
0,319.0783846809561,15.516666666666666,36.78723585480674,316.2720270094728,18.03333333333333,38.09227002718808,316.2720270094728,15.516666666666666,38.09227002718808
0,315.94559635851186,15.516666666666666,38.24406933585979,315.94559635851186,18.03333333333333,38.24406933585979,313.1392386870286,18.03333333333333,39.54910350824113
0,315.94559635851186,15.516666666666666,38.24406933585979,313.1392386870286,18.03333333333333,39.54910350824113,313.1392386870286,15.516666666666666,39.54910350824113
0,312.8128080360676,15.516666666666666,39.700902816912844,312.8128080360676,18.03333333333333,39.700902816912844,310.00645036458434,18.03333333333333,41.005936989294185
0,312.8128080360676,15.516666666666666,39.700902816912844,310.00645036458434,18.03333333333333,41.005936989294185,310.00645036458434,15.516666666666666,41.005936989294185
0,309.6800197136234,15.516666666666666,41.1577362979659,309.6800197136234,18.03333333333333,41.1577362979659,306.8736620421401,18.03333333333333,42.46277047034724
0,309.6800197136234,15.516666666666666,41.1577362979659,306.8736620421401,18.03333333333333,42.46277047034724,306.8736620421401,15.516666666666666,42.46277047034724
0,306.54723139117914,15.516666666666666,42.61456977901895,306.54723139117914,18.03333333333333,42.61456977901895,303.74087371969586,18.03333333333333,43.91960395140029
0,306.54723139117914,15.516666666666666,42.61456977901895,303.74087371969586,18.03333333333333,43.91960395140029,303.74087371969586,15.516666666666666,43.91960395140029
0,303.4144430687349,15.516666666666666,44.071403260072,303.4144430687349,18.03333333333333,44.071403260072,300.6080853972516,18.03333333333333,45.37643743245334
0,303.4144430687349,15.516666666666666,44.071403260072,300.6080853972516,18.03333333333333,45.37643743245334,300.6080853972516,15.516666666666666,45.37643743245334
0,300.28165474629066,15.516666666666666,45.528236741125056,300.28165474629066,18.03333333333333,45.528236741125056,297.4752970748074,18.03333333333333,46.8332709135064
0,300.28165474629066,15.516666666666666,45.528236741125056,297.4752970748074,18.03333333333333,46.8332709135064,297.4752970748074,15.516666666666666,46.8332709135064
0,297.1488664238464,15.516666666666666,46.98507022217811,297.1488664238464,18.03333333333333,46.98507022217811,294.34250875236313,18.03333333333333,48.29010439455945
0,297.1488664238464,15.516666666666666,46.98507022217811,294.34250875236313,18.03333333333333,48.29010439455945,294.34250875236313,15.516666666666666,48.29010439455945
0,375.46857448495246,19.183333333333334,10.564233195851797,375.46857448495246,21.7,10.564233195851797,372.6622168134692,21.7,11.869267368233135
0,375.46857448495246,19.183333333333334,10.564233195851797,372.6622168134692,21.7,11.869267368233135,372.6622168134692,19.183333333333334,11.869267368233135
0,372.3357861625082,19.183333333333334,12.02106667690485,372.3357861625082,21.7,12.02106667690485,369.52942849102493,21.7,13.326100849286188
0,372.3357861625082,19.183333333333334,12.02106667690485,369.52942849102493,21.7,13.326100849286188,369.52942849102493,19.183333333333334,13.326100849286188
0,369.202997840064,19.183333333333334,13.477900157957901,369.202997840064,21.7,13.477900157957901,366.3966401685807,21.7,14.782934330339241
0,369.202997840064,19.183333333333334,13.477900157957901,366.3966401685807,21.7,14.782934330339241,366.3966401685807,19.183333333333334,14.782934330339241
0,366.07020951761973,19.183333333333334,14.934733639010954,366.07020951761973,21.7,14.934733639010954,363.26385184613645,21.7,16.239767811392294
0,366.07020951761973,19.183333333333334,14.934733639010954,363.26385184613645,21.7,16.239767811392294,363.26385184613645,19.183333333333334,16.239767811392294
0,362.9374211951755,19.183333333333334,16.391567120064007,362.9374211951755,21.7,16.391567120064007,360.1310635236922,21.7,17.696601292445347
0,362.9374211951755,19.183333333333334,16.391567120064007,360.1310635236922,21.7,17.696601292445347,360.1310635236922,19.183333333333334,17.696601292445347
0,359.80463287273125,19.183333333333334,17.84840060111706,359.80463287273125,21.7,17.84840060111706,356.99827520124796,21.7,19.1534347734984
0,359.80463287273125,19.183333333333334,17.84840060111706,356.99827520124796,21.7,19.1534347734984,356.99827520124796,19.183333333333334,19.1534347734984
0,356.671844550287,19.183333333333334,19.305234082170113,356.671844550287,21.7,19.305234082170113,353.8654868788037,21.7,20.610268254551453
0,356.671844550287,19.183333333333334,19.305234082170113,353.8654868788037,21.7,20.610268254551453,353.8654868788037,19.183333333333334,20.610268254551453
0,353.53905622784276,19.183333333333334,20.762067563223166,353.53905622784276,21.7,20.762067563223166,350.7326985563595,21.7,22.067101735604506
0,353.53905622784276,19.183333333333334,20.762067563223166,350.7326985563595,21.7,22.067101735604506,350.7326985563595,19.183333333333334,22.067101735604506
0,350.4062679053985,19.183333333333334,22.21890104427622,350.4062679053985,21.7,22.21890104427622,347.59991023391524,21.7,23.52393521665756
0,350.4062679053985,19.183333333333334,22.21890104427622,347.59991023391524,21.7,23.52393521665756,347.59991023391524,19.183333333333334,23.52393521665756
0,347.2734795829543,19.183333333333334,23.675734525329272,347.2734795829543,21.7,23.675734525329272,344.467121911471,21.7,24.98076869771061
0,347.2734795829543,19.183333333333334,23.675734525329272,344.467121911471,21.7,24.98076869771061,344.467121911471,19.183333333333334,24.98076869771061
0,344.14069126051004,19.183333333333334,25.132568006382325,344.14069126051004,21.7,25.132568006382325,341.33433358902676,21.7,26.43760217876366
0,344.14069126051004,19.183333333333334,25.132568006382325,341.33433358902676,21.7,26.43760217876366,341.33433358902676,19.183333333333334,26.43760217876366
0,341.0079029380658,19.183333333333334,26.589401487435374,341.0079029380658,21.7,26.589401487435374,338.2015452665825,21.7,27.894435659816715
0,341.0079029380658,19.183333333333334,26.589401487435374,338.2015452665825,21.7,27.894435659816715,338.2015452665825,19.183333333333334,27.894435659816715
0,337.87511461562156,19.183333333333334,28.046234968488427,337.87511461562156,21.7,28.046234968488427,335.0687569441383,21.7,29.351269140869768
0,337.87511461562156,19.183333333333334,28.046234968488427,335.0687569441383,21.7,29.351269140869768,335.0687569441383,19.183333333333334,29.351269140869768
0,334.7423262931773,19.183333333333334,29.50306844954148,334.7423262931773,21.7,29.50306844954148,331.93596862169403,21.7,30.80810262192282
0,334.7423262931773,19.183333333333334,29.50306844954148,331.93596862169403,21.7,30.80810262192282,331.93596862169403,19.183333333333334,30.80810262192282
0,331.6095379707331,19.183333333333334,30.959901930594533,331.6095379707331,21.7,30.959901930594533,328.8031802992498,21.7,32.26493610297587
0,331.6095379707331,19.183333333333334,30.959901930594533,328.8031802992498,21.7,32.26493610297587,328.8031802992498,19.183333333333334,32.26493610297587
0,328.47674964828883,19.183333333333334,32.41673541164758,328.47674964828883,21.7,32.41673541164758,325.67039197680555,21.7,33.72176958402892
0,328.47674964828883,19.183333333333334,32.41673541164758,325.67039197680555,21.7,33.72176958402892,325.67039197680555,19.183333333333334,33.72176958402892
0,325.3439613258446,19.183333333333334,33.87356889270063,325.3439613258446,21.7,33.87356889270063,322.5376036543613,21.7,35.17860306508197
0,325.3439613258446,19.183333333333334,33.87356889270063,322.5376036543613,21.7,35.17860306508197,322.5376036543613,19.183333333333334,35.17860306508197
0,322.21117300340035,19.183333333333334,35.330402373753685,322.21117300340035,21.7,35.330402373753685,319.40481533191706,21.7,36.635436546135026
0,322.21117300340035,19.183333333333334,35.330402373753685,319.40481533191706,21.7,36.635436546135026,319.40481533191706,19.183333333333334,36.635436546135026
0,319.0783846809561,19.183333333333334,36.78723585480674,319.0783846809561,21.7,36.78723585480674,316.2720270094728,21.7,38.09227002718808
0,319.0783846809561,19.183333333333334,36.78723585480674,316.2720270094728,21.7,38.09227002718808,316.2720270094728,19.183333333333334,38.09227002718808
0,315.94559635851186,19.183333333333334,38.24406933585979,315.94559635851186,21.7,38.24406933585979,313.1392386870286,21.7,39.54910350824113
0,315.94559635851186,19.183333333333334,38.24406933585979,313.1392386870286,21.7,39.54910350824113,313.1392386870286,19.183333333333334,39.54910350824113
0,312.8128080360676,19.183333333333334,39.700902816912844,312.8128080360676,21.7,39.700902816912844,310.00645036458434,21.7,41.005936989294185
0,312.8128080360676,19.183333333333334,39.700902816912844,310.00645036458434,21.7,41.005936989294185,310.00645036458434,19.183333333333334,41.005936989294185
0,309.6800197136234,19.183333333333334,41.1577362979659,309.6800197136234,21.7,41.1577362979659,306.8736620421401,21.7,42.46277047034724
0,309.6800197136234,19.183333333333334,41.1577362979659,306.8736620421401,21.7,42.46277047034724,306.8736620421401,19.183333333333334,42.46277047034724
0,306.54723139117914,19.183333333333334,42.61456977901895,306.54723139117914,21.7,42.61456977901895,303.74087371969586,21.7,43.91960395140029
0,306.54723139117914,19.183333333333334,42.61456977901895,303.74087371969586,21.7,43.91960395140029,303.74087371969586,19.183333333333334,43.91960395140029
0,303.4144430687349,19.183333333333334,44.071403260072,303.4144430687349,21.7,44.071403260072,300.6080853972516,21.7,45.37643743245334
0,303.4144430687349,19.183333333333334,44.071403260072,300.6080853972516,21.7,45.37643743245334,300.6080853972516,19.183333333333334,45.37643743245334
0,300.28165474629066,19.183333333333334,45.528236741125056,300.28165474629066,21.7,45.528236741125056,297.4752970748074,21.7,46.8332709135064
0,300.28165474629066,19.183333333333334,45.528236741125056,297.4752970748074,21.7,46.8332709135064,297.4752970748074,19.183333333333334,46.8332709135064
0,297.1488664238464,19.183333333333334,46.98507022217811,297.1488664238464,21.7,46.98507022217811,294.34250875236313,21.7,48.29010439455945
0,297.1488664238464,19.183333333333334,46.98507022217811,294.34250875236313,21.7,48.29010439455945,294.34250875236313,19.183333333333334,48.29010439455945
1,293.262,0.0,48.765,293.262,22.0,48.765,292.095,22.0,45.868
1,293.262,0.0,48.765,292.095,22.0,45.868,292.095,0.0,45.868
0,292.7979003259446,0.85,47.67981038866855,292.7979003259446,3.3666666666666667,47.67981038866855,292.51272124462224,3.3666666666666667,46.9718722579136
0,292.7979003259446,0.85,47.67981038866855,292.51272124462224,3.3666666666666667,46.9718722579136,292.51272124462224,0.85,46.9718722579136
0,292.7979003259446,4.516666666666667,47.67981038866855,292.7979003259446,7.033333333333333,47.67981038866855,292.51272124462224,7.033333333333333,46.9718722579136
0,292.7979003259446,4.516666666666667,47.67981038866855,292.51272124462224,7.033333333333333,46.9718722579136,292.51272124462224,4.516666666666667,46.9718722579136
0,292.7979003259446,8.183333333333334,47.67981038866855,292.7979003259446,10.7,47.67981038866855,292.51272124462224,10.7,46.9718722579136
0,292.7979003259446,8.183333333333334,47.67981038866855,292.51272124462224,10.7,46.9718722579136,292.51272124462224,8.183333333333334,46.9718722579136
0,292.7979003259446,11.85,47.67981038866855,292.7979003259446,14.366666666666665,47.67981038866855,292.51272124462224,14.366666666666665,46.9718722579136
0,292.7979003259446,11.85,47.67981038866855,292.51272124462224,14.366666666666665,46.9718722579136,292.51272124462224,11.85,46.9718722579136
0,292.7979003259446,15.516666666666666,47.67981038866855,292.7979003259446,18.03333333333333,47.67981038866855,292.51272124462224,18.03333333333333,46.9718722579136
0,292.7979003259446,15.516666666666666,47.67981038866855,292.51272124462224,18.03333333333333,46.9718722579136,292.51272124462224,15.516666666666666,46.9718722579136
0,292.7979003259446,19.183333333333334,47.67981038866855,292.7979003259446,21.7,47.67981038866855,292.51272124462224,21.7,46.9718722579136
0,292.7979003259446,19.183333333333334,47.67981038866855,292.51272124462224,21.7,46.9718722579136,292.51272124462224,19.183333333333334,46.9718722579136
1,292.095,0.0,45.868,292.095,22.0,45.868,281.614,22.0,20.953
1,292.095,0.0,45.868,281.614,22.0,20.953,281.614,0.0,20.953
0,291.6144019802822,0.85,44.790015517995144,291.6144019802822,3.3666666666666667,44.790015517995144,290.3674968972025,3.3666666666666667,41.82592429149672
0,291.6144019802822,0.85,44.790015517995144,290.3674968972025,3.3666666666666667,41.82592429149672,290.3674968972025,0.85,41.82592429149672
0,290.22790415591066,0.85,41.494090196535666,290.22790415591066,3.3666666666666667,41.494090196535666,288.98099907283097,3.3666666666666667,38.52999897003724
0,290.22790415591066,0.85,41.494090196535666,288.98099907283097,3.3666666666666667,38.52999897003724,288.98099907283097,0.85,38.52999897003724
0,288.84140633153913,0.85,38.19816487507619,288.84140633153913,3.3666666666666667,38.19816487507619,287.59450124845944,3.3666666666666667,35.234073648577755
0,288.84140633153913,0.85,38.19816487507619,287.59450124845944,3.3666666666666667,35.234073648577755,287.59450124845944,0.85,35.234073648577755
0,287.45490850716754,0.85,34.9022395536167,287.45490850716754,3.3666666666666667,34.9022395536167,286.2080034240879,3.3666666666666667,31.938148327118277
0,287.45490850716754,0.85,34.9022395536167,286.2080034240879,3.3666666666666667,31.938148327118277,286.2080034240879,0.85,31.938148327118277
0,286.068410682796,0.85,31.606314232157224,286.068410682796,3.3666666666666667,31.606314232157224,284.8215055997163,3.3666666666666667,28.6422230056588
0,286.068410682796,0.85,31.606314232157224,284.8215055997163,3.3666666666666667,28.6422230056588,284.8215055997163,0.85,28.6422230056588
0,284.6819128584245,0.85,28.310388910697743,284.6819128584245,3.3666666666666667,28.310388910697743,283.4350077753448,3.3666666666666667,25.346297684199318
0,284.6819128584245,0.85,28.310388910697743,283.4350077753448,3.3666666666666667,25.346297684199318,283.4350077753448,0.85,25.346297684199318
0,283.29541503405295,0.85,25.014463589238265,283.29541503405295,3.3666666666666667,25.014463589238265,282.04850995097325,3.3666666666666667,22.050372362739836
0,283.29541503405295,0.85,25.014463589238265,282.04850995097325,3.3666666666666667,22.050372362739836,282.04850995097325,0.85,22.050372362739836
0,291.6144019802822,4.516666666666667,44.790015517995144,291.6144019802822,7.033333333333333,44.790015517995144,290.3674968972025,7.033333333333333,41.82592429149672
0,291.6144019802822,4.516666666666667,44.790015517995144,290.3674968972025,7.033333333333333,41.82592429149672,290.3674968972025,4.516666666666667,41.82592429149672
0,290.22790415591066,4.516666666666667,41.494090196535666,290.22790415591066,7.033333333333333,41.494090196535666,288.98099907283097,7.033333333333333,38.52999897003724
0,290.22790415591066,4.516666666666667,41.494090196535666,288.98099907283097,7.033333333333333,38.52999897003724,288.98099907283097,4.516666666666667,38.52999897003724
0,288.84140633153913,4.516666666666667,38.19816487507619,288.84140633153913,7.033333333333333,38.19816487507619,287.59450124845944,7.033333333333333,35.234073648577755
0,288.84140633153913,4.516666666666667,38.19816487507619,287.59450124845944,7.033333333333333,35.234073648577755,287.59450124845944,4.516666666666667,35.234073648577755
0,287.45490850716754,4.516666666666667,34.9022395536167,287.45490850716754,7.033333333333333,34.9022395536167,286.2080034240879,7.033333333333333,31.938148327118277
0,287.45490850716754,4.516666666666667,34.9022395536167,286.2080034240879,7.033333333333333,31.938148327118277,286.2080034240879,4.516666666666667,31.938148327118277
0,286.068410682796,4.516666666666667,31.606314232157224,286.068410682796,7.033333333333333,31.606314232157224,284.8215055997163,7.033333333333333,28.6422230056588
0,286.068410682796,4.516666666666667,31.606314232157224,284.8215055997163,7.033333333333333,28.6422230056588,284.8215055997163,4.516666666666667,28.6422230056588
0,284.6819128584245,4.516666666666667,28.310388910697743,284.6819128584245,7.033333333333333,28.310388910697743,283.4350077753448,7.033333333333333,25.346297684199318
0,284.6819128584245,4.516666666666667,28.310388910697743,283.4350077753448,7.033333333333333,25.346297684199318,283.4350077753448,4.516666666666667,25.346297684199318
0,283.29541503405295,4.516666666666667,25.014463589238265,283.29541503405295,7.033333333333333,25.014463589238265,282.04850995097325,7.033333333333333,22.050372362739836
0,283.29541503405295,4.516666666666667,25.014463589238265,282.04850995097325,7.033333333333333,22.050372362739836,282.04850995097325,4.516666666666667,22.050372362739836
0,291.6144019802822,8.183333333333334,44.790015517995144,291.6144019802822,10.7,44.790015517995144,290.3674968972025,10.7,41.82592429149672
0,291.6144019802822,8.183333333333334,44.790015517995144,290.3674968972025,10.7,41.82592429149672,290.3674968972025,8.183333333333334,41.82592429149672
0,290.22790415591066,8.183333333333334,41.494090196535666,290.22790415591066,10.7,41.494090196535666,288.98099907283097,10.7,38.52999897003724
0,290.22790415591066,8.183333333333334,41.494090196535666,288.98099907283097,10.7,38.52999897003724,288.98099907283097,8.183333333333334,38.52999897003724
0,288.84140633153913,8.183333333333334,38.19816487507619,288.84140633153913,10.7,38.19816487507619,287.59450124845944,10.7,35.234073648577755
0,288.84140633153913,8.183333333333334,38.19816487507619,287.59450124845944,10.7,35.234073648577755,287.59450124845944,8.183333333333334,35.234073648577755
0,287.45490850716754,8.183333333333334,34.9022395536167,287.45490850716754,10.7,34.9022395536167,286.2080034240879,10.7,31.938148327118277
0,287.45490850716754,8.183333333333334,34.9022395536167,286.2080034240879,10.7,31.938148327118277,286.2080034240879,8.183333333333334,31.938148327118277
0,286.068410682796,8.183333333333334,31.606314232157224,286.068410682796,10.7,31.606314232157224,284.8215055997163,10.7,28.6422230056588
0,286.068410682796,8.183333333333334,31.606314232157224,284.8215055997163,10.7,28.6422230056588,284.8215055997163,8.183333333333334,28.6422230056588
0,284.6819128584245,8.183333333333334,28.310388910697743,284.6819128584245,10.7,28.310388910697743,283.4350077753448,10.7,25.346297684199318
0,284.6819128584245,8.183333333333334,28.310388910697743,283.4350077753448,10.7,25.346297684199318,283.4350077753448,8.183333333333334,25.346297684199318
0,283.29541503405295,8.183333333333334,25.014463589238265,283.29541503405295,10.7,25.014463589238265,282.04850995097325,10.7,22.050372362739836
0,283.29541503405295,8.183333333333334,25.014463589238265,282.04850995097325,10.7,22.050372362739836,282.04850995097325,8.183333333333334,22.050372362739836
0,291.6144019802822,11.85,44.790015517995144,291.6144019802822,14.366666666666665,44.790015517995144,290.3674968972025,14.366666666666665,41.82592429149672
0,291.6144019802822,11.85,44.790015517995144,290.3674968972025,14.366666666666665,41.82592429149672,290.3674968972025,11.85,41.82592429149672
0,290.22790415591066,11.85,41.494090196535666,290.22790415591066,14.366666666666665,41.494090196535666,288.98099907283097,14.366666666666665,38.52999897003724
0,290.22790415591066,11.85,41.494090196535666,288.98099907283097,14.366666666666665,38.52999897003724,288.98099907283097,11.85,38.52999897003724
0,288.84140633153913,11.85,38.19816487507619,288.84140633153913,14.366666666666665,38.19816487507619,287.59450124845944,14.366666666666665,35.234073648577755
0,288.84140633153913,11.85,38.19816487507619,287.59450124845944,14.366666666666665,35.234073648577755,287.59450124845944,11.85,35.234073648577755
0,287.45490850716754,11.85,34.9022395536167,287.45490850716754,14.366666666666665,34.9022395536167,286.2080034240879,14.366666666666665,31.938148327118277
0,287.45490850716754,11.85,34.9022395536167,286.2080034240879,14.366666666666665,31.938148327118277,286.2080034240879,11.85,31.938148327118277
0,286.068410682796,11.85,31.606314232157224,286.068410682796,14.366666666666665,31.606314232157224,284.8215055997163,14.366666666666665,28.6422230056588
0,286.068410682796,11.85,31.606314232157224,284.8215055997163,14.366666666666665,28.6422230056588,284.8215055997163,11.85,28.6422230056588
0,284.6819128584245,11.85,28.310388910697743,284.6819128584245,14.366666666666665,28.310388910697743,283.4350077753448,14.366666666666665,25.346297684199318
0,284.6819128584245,11.85,28.310388910697743,283.4350077753448,14.366666666666665,25.346297684199318,283.4350077753448,11.85,25.346297684199318
0,283.29541503405295,11.85,25.014463589238265,283.29541503405295,14.366666666666665,25.014463589238265,282.04850995097325,14.366666666666665,22.050372362739836
0,283.29541503405295,11.85,25.014463589238265,282.04850995097325,14.366666666666665,22.050372362739836,282.04850995097325,11.85,22.050372362739836
0,291.6144019802822,15.516666666666666,44.790015517995144,291.6144019802822,18.03333333333333,44.790015517995144,290.3674968972025,18.03333333333333,41.82592429149672
0,291.6144019802822,15.516666666666666,44.790015517995144,290.3674968972025,18.03333333333333,41.82592429149672,290.3674968972025,15.516666666666666,41.82592429149672
0,290.22790415591066,15.516666666666666,41.494090196535666,290.22790415591066,18.03333333333333,41.494090196535666,288.98099907283097,18.03333333333333,38.52999897003724
0,290.22790415591066,15.516666666666666,41.494090196535666,288.98099907283097,18.03333333333333,38.52999897003724,288.98099907283097,15.516666666666666,38.52999897003724
0,288.84140633153913,15.516666666666666,38.19816487507619,288.84140633153913,18.03333333333333,38.19816487507619,287.59450124845944,18.03333333333333,35.234073648577755
0,288.84140633153913,15.516666666666666,38.19816487507619,287.59450124845944,18.03333333333333,35.234073648577755,287.59450124845944,15.516666666666666,35.234073648577755
0,287.45490850716754,15.516666666666666,34.9022395536167,287.45490850716754,18.03333333333333,34.9022395536167,286.2080034240879,18.03333333333333,31.938148327118277
0,287.45490850716754,15.516666666666666,34.9022395536167,286.2080034240879,18.03333333333333,31.938148327118277,286.2080034240879,15.516666666666666,31.938148327118277
0,286.068410682796,15.516666666666666,31.606314232157224,286.068410682796,18.03333333333333,31.606314232157224,284.8215055997163,18.03333333333333,28.6422230056588
0,286.068410682796,15.516666666666666,31.606314232157224,284.8215055997163,18.03333333333333,28.6422230056588,284.8215055997163,15.516666666666666,28.6422230056588
0,284.6819128584245,15.516666666666666,28.310388910697743,284.6819128584245,18.03333333333333,28.310388910697743,283.4350077753448,18.03333333333333,25.346297684199318
0,284.6819128584245,15.516666666666666,28.310388910697743,283.4350077753448,18.03333333333333,25.346297684199318,283.4350077753448,15.516666666666666,25.346297684199318
0,283.29541503405295,15.516666666666666,25.014463589238265,283.29541503405295,18.03333333333333,25.014463589238265,282.04850995097325,18.03333333333333,22.050372362739836
0,283.29541503405295,15.516666666666666,25.014463589238265,282.04850995097325,18.03333333333333,22.050372362739836,282.04850995097325,15.516666666666666,22.050372362739836
0,291.6144019802822,19.183333333333334,44.790015517995144,291.6144019802822,21.7,44.790015517995144,290.3674968972025,21.7,41.82592429149672
0,291.6144019802822,19.183333333333334,44.790015517995144,290.3674968972025,21.7,41.82592429149672,290.3674968972025,19.183333333333334,41.82592429149672
0,290.22790415591066,19.183333333333334,41.494090196535666,290.22790415591066,21.7,41.494090196535666,288.98099907283097,21.7,38.52999897003724
0,290.22790415591066,19.183333333333334,41.494090196535666,288.98099907283097,21.7,38.52999897003724,288.98099907283097,19.183333333333334,38.52999897003724
0,288.84140633153913,19.183333333333334,38.19816487507619,288.84140633153913,21.7,38.19816487507619,287.59450124845944,21.7,35.234073648577755
0,288.84140633153913,19.183333333333334,38.19816487507619,287.59450124845944,21.7,35.234073648577755,287.59450124845944,19.183333333333334,35.234073648577755
0,287.45490850716754,19.183333333333334,34.9022395536167,287.45490850716754,21.7,34.9022395536167,286.2080034240879,21.7,31.938148327118277
0,287.45490850716754,19.183333333333334,34.9022395536167,286.2080034240879,21.7,31.938148327118277,286.2080034240879,19.183333333333334,31.938148327118277
0,286.068410682796,19.183333333333334,31.606314232157224,286.068410682796,21.7,31.606314232157224,284.8215055997163,21.7,28.6422230056588
0,286.068410682796,19.183333333333334,31.606314232157224,284.8215055997163,21.7,28.6422230056588,284.8215055997163,19.183333333333334,28.6422230056588
0,284.6819128584245,19.183333333333334,28.310388910697743,284.6819128584245,21.7,28.310388910697743,283.4350077753448,21.7,25.346297684199318
0,284.6819128584245,19.183333333333334,28.310388910697743,283.4350077753448,21.7,25.346297684199318,283.4350077753448,19.183333333333334,25.346297684199318
0,283.29541503405295,19.183333333333334,25.014463589238265,283.29541503405295,21.7,25.014463589238265,282.04850995097325,21.7,22.050372362739836
0,283.29541503405295,19.183333333333334,25.014463589238265,282.04850995097325,21.7,22.050372362739836,282.04850995097325,19.183333333333334,22.050372362739836
1,281.614,0.0,20.953,281.614,22.0,20.953,345.235,22.0,-7.991
1,281.614,0.0,20.953,345.235,22.0,-7.991,345.235,0.0,-7.991
0,282.67771848593907,0.85,20.441601933254205,282.67771848593907,3.3666666666666667,20.441601933254205,285.602695813082,3.3666666666666667,19.110900690632693
0,282.67771848593907,0.85,20.441601933254205,285.602695813082,3.3666666666666667,19.110900690632693,285.602695813082,0.85,19.110900690632693
0,285.93037851470444,0.85,18.96182337157513,285.93037851470444,3.3666666666666667,18.96182337157513,288.8553558418473,3.3666666666666667,17.631122128953617
0,285.93037851470444,0.85,18.96182337157513,288.8553558418473,3.3666666666666667,17.631122128953617,288.8553558418473,0.85,17.631122128953617
0,289.1830385434698,0.85,17.482044809896053,289.1830385434698,3.3666666666666667,17.482044809896053,292.1080158706127,3.3666666666666667,16.15134356727454
0,289.1830385434698,0.85,17.482044809896053,292.1080158706127,3.3666666666666667,16.15134356727454,292.1080158706127,0.85,16.15134356727454
0,292.43569857223514,0.85,16.00226624821698,292.43569857223514,3.3666666666666667,16.00226624821698,295.36067589937807,3.3666666666666667,14.671565005595467
0,292.43569857223514,0.85,16.00226624821698,295.36067589937807,3.3666666666666667,14.671565005595467,295.36067589937807,0.85,14.671565005595467
0,295.6883586010005,0.85,14.522487686537906,295.6883586010005,3.3666666666666667,14.522487686537906,298.6133359281434,3.3666666666666667,13.191786443916394
0,295.6883586010005,0.85,14.522487686537906,298.6133359281434,3.3666666666666667,13.191786443916394,298.6133359281434,0.85,13.191786443916394
0,298.9410186297659,0.85,13.04270912485883,298.9410186297659,3.3666666666666667,13.04270912485883,301.86599595690876,3.3666666666666667,11.712007882237318
0,298.9410186297659,0.85,13.04270912485883,301.86599595690876,3.3666666666666667,11.712007882237318,301.86599595690876,0.85,11.712007882237318
0,302.1936786585312,0.85,11.562930563179755,302.1936786585312,3.3666666666666667,11.562930563179755,305.11865598567414,3.3666666666666667,10.232229320558242
0,302.1936786585312,0.85,11.562930563179755,305.11865598567414,3.3666666666666667,10.232229320558242,305.11865598567414,0.85,10.232229320558242
0,305.4463386872966,0.85,10.083152001500679,305.4463386872966,3.3666666666666667,10.083152001500679,308.37131601443946,3.3666666666666667,8.752450758879165
0,305.4463386872966,0.85,10.083152001500679,308.37131601443946,3.3666666666666667,8.752450758879165,308.37131601443946,0.85,8.752450758879165
0,308.69899871606196,0.85,8.603373439821604,308.69899871606196,3.3666666666666667,8.603373439821604,311.62397604320483,3.3666666666666667,7.27267219720009
0,308.69899871606196,0.85,8.603373439821604,311.62397604320483,3.3666666666666667,7.27267219720009,311.62397604320483,0.85,7.27267219720009
0,311.9516587448273,0.85,7.123594878142529,311.9516587448273,3.3666666666666667,7.123594878142529,314.87663607197015,3.3666666666666667,5.792893635521016
0,311.9516587448273,0.85,7.123594878142529,314.87663607197015,3.3666666666666667,5.792893635521016,314.87663607197015,0.85,5.792893635521016
0,315.20431877359266,0.85,5.643816316463453,315.20431877359266,3.3666666666666667,5.643816316463453,318.12929610073553,3.3666666666666667,4.3131150738419395
0,315.20431877359266,0.85,5.643816316463453,318.12929610073553,3.3666666666666667,4.3131150738419395,318.12929610073553,0.85,4.3131150738419395
0,318.45697880235804,0.85,4.1640377547843785,318.45697880235804,3.3666666666666667,4.1640377547843785,321.3819561295009,3.3666666666666667,2.8333365121628638
0,318.45697880235804,0.85,4.1640377547843785,321.3819561295009,3.3666666666666667,2.8333365121628638,321.3819561295009,0.85,2.8333365121628638
0,321.70963883112336,0.85,2.684259193105303,321.70963883112336,3.3666666666666667,2.684259193105303,324.6346161582663,3.3666666666666667,1.3535579504837874
0,321.70963883112336,0.85,2.684259193105303,324.6346161582663,3.3666666666666667,1.3535579504837874,324.6346161582663,0.85,1.3535579504837874
0,324.96229885988873,0.85,1.2044806314262264,324.96229885988873,3.3666666666666667,1.2044806314262264,327.8872761870316,3.3666666666666667,-0.12622061119528516
0,324.96229885988873,0.85,1.2044806314262264,327.8872761870316,3.3666666666666667,-0.12622061119528516,327.8872761870316,0.85,-0.12622061119528516
0,328.2149588886541,0.85,-0.27529793025284965,328.2149588886541,3.3666666666666667,-0.27529793025284965,331.139936215797,3.3666666666666667,-1.6059991728743614
0,328.2149588886541,0.85,-0.27529793025284965,331.139936215797,3.3666666666666667,-1.6059991728743614,331.139936215797,0.85,-1.6059991728743614
0,331.46761891741943,0.85,-1.755076491931926,331.46761891741943,3.3666666666666667,-1.755076491931926,334.3925962445623,3.3666666666666667,-3.0857777345534374
0,331.46761891741943,0.85,-1.755076491931926,334.3925962445623,3.3666666666666667,-3.0857777345534374,334.3925962445623,0.85,-3.0857777345534374
0,334.7202789461848,0.85,-3.2348550536109983,334.7202789461848,3.3666666666666667,-3.2348550536109983,337.6452562733277,3.3666666666666667,-4.565556296232514
0,334.7202789461848,0.85,-3.2348550536109983,337.6452562733277,3.3666666666666667,-4.565556296232514,337.6452562733277,0.85,-4.565556296232514
0,337.9729389749502,0.85,-4.714633615290075,337.9729389749502,3.3666666666666667,-4.714633615290075,340.89791630209305,3.3666666666666667,-6.045334857911583
0,337.9729389749502,0.85,-4.714633615290075,340.89791630209305,3.3666666666666667,-6.045334857911583,340.89791630209305,0.85,-6.045334857911583
0,341.22559900371556,0.85,-6.194412176969151,341.22559900371556,3.3666666666666667,-6.194412176969151,344.1505763308584,3.3666666666666667,-7.525113419590663
0,341.22559900371556,0.85,-6.194412176969151,344.1505763308584,3.3666666666666667,-7.525113419590663,344.1505763308584,0.85,-7.525113419590663
0,282.67771848593907,4.516666666666667,20.441601933254205,282.67771848593907,7.033333333333333,20.441601933254205,285.602695813082,7.033333333333333,19.110900690632693
0,282.67771848593907,4.516666666666667,20.441601933254205,285.602695813082,7.033333333333333,19.110900690632693,285.602695813082,4.516666666666667,19.110900690632693
0,285.93037851470444,4.516666666666667,18.96182337157513,285.93037851470444,7.033333333333333,18.96182337157513,288.8553558418473,7.033333333333333,17.631122128953617
0,285.93037851470444,4.516666666666667,18.96182337157513,288.8553558418473,7.033333333333333,17.631122128953617,288.8553558418473,4.516666666666667,17.631122128953617
0,289.1830385434698,4.516666666666667,17.482044809896053,289.1830385434698,7.033333333333333,17.482044809896053,292.1080158706127,7.033333333333333,16.15134356727454
0,289.1830385434698,4.516666666666667,17.482044809896053,292.1080158706127,7.033333333333333,16.15134356727454,292.1080158706127,4.516666666666667,16.15134356727454
0,292.43569857223514,4.516666666666667,16.00226624821698,292.43569857223514,7.033333333333333,16.00226624821698,295.36067589937807,7.033333333333333,14.671565005595467
0,292.43569857223514,4.516666666666667,16.00226624821698,295.36067589937807,7.033333333333333,14.671565005595467,295.36067589937807,4.516666666666667,14.671565005595467
0,295.6883586010005,4.516666666666667,14.522487686537906,295.6883586010005,7.033333333333333,14.522487686537906,298.6133359281434,7.033333333333333,13.191786443916394
0,295.6883586010005,4.516666666666667,14.522487686537906,298.6133359281434,7.033333333333333,13.191786443916394,298.6133359281434,4.516666666666667,13.191786443916394
0,298.9410186297659,4.516666666666667,13.04270912485883,298.9410186297659,7.033333333333333,13.04270912485883,301.86599595690876,7.033333333333333,11.712007882237318
0,298.9410186297659,4.516666666666667,13.04270912485883,301.86599595690876,7.033333333333333,11.712007882237318,301.86599595690876,4.516666666666667,11.712007882237318
0,302.1936786585312,4.516666666666667,11.562930563179755,302.1936786585312,7.033333333333333,11.562930563179755,305.11865598567414,7.033333333333333,10.232229320558242
0,302.1936786585312,4.516666666666667,11.562930563179755,305.11865598567414,7.033333333333333,10.232229320558242,305.11865598567414,4.516666666666667,10.232229320558242
0,305.4463386872966,4.516666666666667,10.083152001500679,305.4463386872966,7.033333333333333,10.083152001500679,308.37131601443946,7.033333333333333,8.752450758879165
0,305.4463386872966,4.516666666666667,10.083152001500679,308.37131601443946,7.033333333333333,8.752450758879165,308.37131601443946,4.516666666666667,8.752450758879165
0,308.69899871606196,4.516666666666667,8.603373439821604,308.69899871606196,7.033333333333333,8.603373439821604,311.62397604320483,7.033333333333333,7.27267219720009
0,308.69899871606196,4.516666666666667,8.603373439821604,311.62397604320483,7.033333333333333,7.27267219720009,311.62397604320483,4.516666666666667,7.27267219720009
0,311.9516587448273,4.516666666666667,7.123594878142529,311.9516587448273,7.033333333333333,7.123594878142529,314.87663607197015,7.033333333333333,5.792893635521016
0,311.9516587448273,4.516666666666667,7.123594878142529,314.87663607197015,7.033333333333333,5.792893635521016,314.87663607197015,4.516666666666667,5.792893635521016
0,315.20431877359266,4.516666666666667,5.643816316463453,315.20431877359266,7.033333333333333,5.643816316463453,318.12929610073553,7.033333333333333,4.3131150738419395
0,315.20431877359266,4.516666666666667,5.643816316463453,318.12929610073553,7.033333333333333,4.3131150738419395,318.12929610073553,4.516666666666667,4.3131150738419395
0,318.45697880235804,4.516666666666667,4.1640377547843785,318.45697880235804,7.033333333333333,4.1640377547843785,321.3819561295009,7.033333333333333,2.8333365121628638
0,318.45697880235804,4.516666666666667,4.1640377547843785,321.3819561295009,7.033333333333333,2.8333365121628638,321.3819561295009,4.516666666666667,2.8333365121628638
0,321.70963883112336,4.516666666666667,2.684259193105303,321.70963883112336,7.033333333333333,2.684259193105303,324.6346161582663,7.033333333333333,1.3535579504837874
0,321.70963883112336,4.516666666666667,2.684259193105303,324.6346161582663,7.033333333333333,1.3535579504837874,324.6346161582663,4.516666666666667,1.3535579504837874
0,324.96229885988873,4.516666666666667,1.2044806314262264,324.96229885988873,7.033333333333333,1.2044806314262264,327.8872761870316,7.033333333333333,-0.12622061119528516
0,324.96229885988873,4.516666666666667,1.2044806314262264,327.8872761870316,7.033333333333333,-0.12622061119528516,327.8872761870316,4.516666666666667,-0.12622061119528516
0,328.2149588886541,4.516666666666667,-0.27529793025284965,328.2149588886541,7.033333333333333,-0.27529793025284965,331.139936215797,7.033333333333333,-1.6059991728743614
0,328.2149588886541,4.516666666666667,-0.27529793025284965,331.139936215797,7.033333333333333,-1.6059991728743614,331.139936215797,4.516666666666667,-1.6059991728743614
0,331.46761891741943,4.516666666666667,-1.755076491931926,331.46761891741943,7.033333333333333,-1.755076491931926,334.3925962445623,7.033333333333333,-3.0857777345534374
0,331.46761891741943,4.516666666666667,-1.755076491931926,334.3925962445623,7.033333333333333,-3.0857777345534374,334.3925962445623,4.516666666666667,-3.0857777345534374
0,334.7202789461848,4.516666666666667,-3.2348550536109983,334.7202789461848,7.033333333333333,-3.2348550536109983,337.6452562733277,7.033333333333333,-4.565556296232514
0,334.7202789461848,4.516666666666667,-3.2348550536109983,337.6452562733277,7.033333333333333,-4.565556296232514,337.6452562733277,4.516666666666667,-4.565556296232514
0,337.9729389749502,4.516666666666667,-4.714633615290075,337.9729389749502,7.033333333333333,-4.714633615290075,340.89791630209305,7.033333333333333,-6.045334857911583
0,337.9729389749502,4.516666666666667,-4.714633615290075,340.89791630209305,7.033333333333333,-6.045334857911583,340.89791630209305,4.516666666666667,-6.045334857911583
0,341.22559900371556,4.516666666666667,-6.194412176969151,341.22559900371556,7.033333333333333,-6.194412176969151,344.1505763308584,7.033333333333333,-7.525113419590663
0,341.22559900371556,4.516666666666667,-6.194412176969151,344.1505763308584,7.033333333333333,-7.525113419590663,344.1505763308584,4.516666666666667,-7.525113419590663
0,282.67771848593907,8.183333333333334,20.441601933254205,282.67771848593907,10.7,20.441601933254205,285.602695813082,10.7,19.110900690632693
0,282.67771848593907,8.183333333333334,20.441601933254205,285.602695813082,10.7,19.110900690632693,285.602695813082,8.183333333333334,19.110900690632693
0,285.93037851470444,8.183333333333334,18.96182337157513,285.93037851470444,10.7,18.96182337157513,288.8553558418473,10.7,17.631122128953617
0,285.93037851470444,8.183333333333334,18.96182337157513,288.8553558418473,10.7,17.631122128953617,288.8553558418473,8.183333333333334,17.631122128953617
0,289.1830385434698,8.183333333333334,17.482044809896053,289.1830385434698,10.7,17.482044809896053,292.1080158706127,10.7,16.15134356727454
0,289.1830385434698,8.183333333333334,17.482044809896053,292.1080158706127,10.7,16.15134356727454,292.1080158706127,8.183333333333334,16.15134356727454
0,292.43569857223514,8.183333333333334,16.00226624821698,292.43569857223514,10.7,16.00226624821698,295.36067589937807,10.7,14.671565005595467
0,292.43569857223514,8.183333333333334,16.00226624821698,295.36067589937807,10.7,14.671565005595467,295.36067589937807,8.183333333333334,14.671565005595467
0,295.6883586010005,8.183333333333334,14.522487686537906,295.6883586010005,10.7,14.522487686537906,298.6133359281434,10.7,13.191786443916394
0,295.6883586010005,8.183333333333334,14.522487686537906,298.6133359281434,10.7,13.191786443916394,298.6133359281434,8.183333333333334,13.191786443916394
0,298.9410186297659,8.183333333333334,13.04270912485883,298.9410186297659,10.7,13.04270912485883,301.86599595690876,10.7,11.712007882237318
0,298.9410186297659,8.183333333333334,13.04270912485883,301.86599595690876,10.7,11.712007882237318,301.86599595690876,8.183333333333334,11.712007882237318
0,302.1936786585312,8.183333333333334,11.562930563179755,302.1936786585312,10.7,11.562930563179755,305.11865598567414,10.7,10.232229320558242
0,302.1936786585312,8.183333333333334,11.562930563179755,305.11865598567414,10.7,10.232229320558242,305.11865598567414,8.183333333333334,10.232229320558242
0,305.4463386872966,8.183333333333334,10.083152001500679,305.4463386872966,10.7,10.083152001500679,308.37131601443946,10.7,8.752450758879165
0,305.4463386872966,8.183333333333334,10.083152001500679,308.37131601443946,10.7,8.752450758879165,308.37131601443946,8.183333333333334,8.752450758879165
0,308.69899871606196,8.183333333333334,8.603373439821604,308.69899871606196,10.7,8.603373439821604,311.62397604320483,10.7,7.27267219720009
0,308.69899871606196,8.183333333333334,8.603373439821604,311.62397604320483,10.7,7.27267219720009,311.62397604320483,8.183333333333334,7.27267219720009
0,311.9516587448273,8.183333333333334,7.123594878142529,311.9516587448273,10.7,7.123594878142529,314.87663607197015,10.7,5.792893635521016
0,311.9516587448273,8.183333333333334,7.123594878142529,314.87663607197015,10.7,5.792893635521016,314.87663607197015,8.183333333333334,5.792893635521016
0,315.20431877359266,8.183333333333334,5.643816316463453,315.20431877359266,10.7,5.643816316463453,318.12929610073553,10.7,4.3131150738419395
0,315.20431877359266,8.183333333333334,5.643816316463453,318.12929610073553,10.7,4.3131150738419395,318.12929610073553,8.183333333333334,4.3131150738419395
0,318.45697880235804,8.183333333333334,4.1640377547843785,318.45697880235804,10.7,4.1640377547843785,321.3819561295009,10.7,2.8333365121628638
0,318.45697880235804,8.183333333333334,4.1640377547843785,321.3819561295009,10.7,2.8333365121628638,321.3819561295009,8.183333333333334,2.8333365121628638
0,321.70963883112336,8.183333333333334,2.684259193105303,321.70963883112336,10.7,2.684259193105303,324.6346161582663,10.7,1.3535579504837874
0,321.70963883112336,8.183333333333334,2.684259193105303,324.6346161582663,10.7,1.3535579504837874,324.6346161582663,8.183333333333334,1.3535579504837874
0,324.96229885988873,8.183333333333334,1.2044806314262264,324.96229885988873,10.7,1.2044806314262264,327.8872761870316,10.7,-0.12622061119528516
0,324.96229885988873,8.183333333333334,1.2044806314262264,327.8872761870316,10.7,-0.12622061119528516,327.8872761870316,8.183333333333334,-0.12622061119528516
0,328.2149588886541,8.183333333333334,-0.27529793025284965,328.2149588886541,10.7,-0.27529793025284965,331.139936215797,10.7,-1.6059991728743614
0,328.2149588886541,8.183333333333334,-0.27529793025284965,331.139936215797,10.7,-1.6059991728743614,331.139936215797,8.183333333333334,-1.6059991728743614
0,331.46761891741943,8.183333333333334,-1.755076491931926,331.46761891741943,10.7,-1.755076491931926,334.3925962445623,10.7,-3.0857777345534374
0,331.46761891741943,8.183333333333334,-1.755076491931926,334.3925962445623,10.7,-3.0857777345534374,334.3925962445623,8.183333333333334,-3.0857777345534374
0,334.7202789461848,8.183333333333334,-3.2348550536109983,334.7202789461848,10.7,-3.2348550536109983,337.6452562733277,10.7,-4.565556296232514
0,334.7202789461848,8.183333333333334,-3.2348550536109983,337.6452562733277,10.7,-4.565556296232514,337.6452562733277,8.183333333333334,-4.565556296232514
0,337.9729389749502,8.183333333333334,-4.714633615290075,337.9729389749502,10.7,-4.714633615290075,340.89791630209305,10.7,-6.045334857911583
0,337.9729389749502,8.183333333333334,-4.714633615290075,340.89791630209305,10.7,-6.045334857911583,340.89791630209305,8.183333333333334,-6.045334857911583
0,341.22559900371556,8.183333333333334,-6.194412176969151,341.22559900371556,10.7,-6.194412176969151,344.1505763308584,10.7,-7.525113419590663
0,341.22559900371556,8.183333333333334,-6.194412176969151,344.1505763308584,10.7,-7.525113419590663,344.1505763308584,8.183333333333334,-7.525113419590663
0,282.67771848593907,11.85,20.441601933254205,282.67771848593907,14.366666666666665,20.441601933254205,285.602695813082,14.366666666666665,19.110900690632693
0,282.67771848593907,11.85,20.441601933254205,285.602695813082,14.366666666666665,19.110900690632693,285.602695813082,11.85,19.110900690632693
0,285.93037851470444,11.85,18.96182337157513,285.93037851470444,14.366666666666665,18.96182337157513,288.8553558418473,14.366666666666665,17.631122128953617
0,285.93037851470444,11.85,18.96182337157513,288.8553558418473,14.366666666666665,17.631122128953617,288.8553558418473,11.85,17.631122128953617
0,289.1830385434698,11.85,17.482044809896053,289.1830385434698,14.366666666666665,17.482044809896053,292.1080158706127,14.366666666666665,16.15134356727454
0,289.1830385434698,11.85,17.482044809896053,292.1080158706127,14.366666666666665,16.15134356727454,292.1080158706127,11.85,16.15134356727454
0,292.43569857223514,11.85,16.00226624821698,292.43569857223514,14.366666666666665,16.00226624821698,295.36067589937807,14.366666666666665,14.671565005595467
0,292.43569857223514,11.85,16.00226624821698,295.36067589937807,14.366666666666665,14.671565005595467,295.36067589937807,11.85,14.671565005595467
0,295.6883586010005,11.85,14.522487686537906,295.6883586010005,14.366666666666665,14.522487686537906,298.6133359281434,14.366666666666665,13.191786443916394
0,295.6883586010005,11.85,14.522487686537906,298.6133359281434,14.366666666666665,13.191786443916394,298.6133359281434,11.85,13.191786443916394
0,298.9410186297659,11.85,13.04270912485883,298.9410186297659,14.366666666666665,13.04270912485883,301.86599595690876,14.366666666666665,11.712007882237318
0,298.9410186297659,11.85,13.04270912485883,301.86599595690876,14.366666666666665,11.712007882237318,301.86599595690876,11.85,11.712007882237318
0,302.1936786585312,11.85,11.562930563179755,302.1936786585312,14.366666666666665,11.562930563179755,305.11865598567414,14.366666666666665,10.232229320558242
0,302.1936786585312,11.85,11.562930563179755,305.11865598567414,14.366666666666665,10.232229320558242,305.11865598567414,11.85,10.232229320558242
0,305.4463386872966,11.85,10.083152001500679,305.4463386872966,14.366666666666665,10.083152001500679,308.37131601443946,14.366666666666665,8.752450758879165
0,305.4463386872966,11.85,10.083152001500679,308.37131601443946,14.366666666666665,8.752450758879165,308.37131601443946,11.85,8.752450758879165
0,308.69899871606196,11.85,8.603373439821604,308.69899871606196,14.366666666666665,8.603373439821604,311.62397604320483,14.366666666666665,7.27267219720009
0,308.69899871606196,11.85,8.603373439821604,311.62397604320483,14.366666666666665,7.27267219720009,311.62397604320483,11.85,7.27267219720009
0,311.9516587448273,11.85,7.123594878142529,311.9516587448273,14.366666666666665,7.123594878142529,314.87663607197015,14.366666666666665,5.792893635521016
0,311.9516587448273,11.85,7.123594878142529,314.87663607197015,14.366666666666665,5.792893635521016,314.87663607197015,11.85,5.792893635521016
0,315.20431877359266,11.85,5.643816316463453,315.20431877359266,14.366666666666665,5.643816316463453,318.12929610073553,14.366666666666665,4.3131150738419395
0,315.20431877359266,11.85,5.643816316463453,318.12929610073553,14.366666666666665,4.3131150738419395,318.12929610073553,11.85,4.3131150738419395
0,318.45697880235804,11.85,4.1640377547843785,318.45697880235804,14.366666666666665,4.1640377547843785,321.3819561295009,14.366666666666665,2.8333365121628638
0,318.45697880235804,11.85,4.1640377547843785,321.3819561295009,14.366666666666665,2.8333365121628638,321.3819561295009,11.85,2.8333365121628638
0,321.70963883112336,11.85,2.684259193105303,321.70963883112336,14.366666666666665,2.684259193105303,324.6346161582663,14.366666666666665,1.3535579504837874
0,321.70963883112336,11.85,2.684259193105303,324.6346161582663,14.366666666666665,1.3535579504837874,324.6346161582663,11.85,1.3535579504837874
0,324.96229885988873,11.85,1.2044806314262264,324.96229885988873,14.366666666666665,1.2044806314262264,327.8872761870316,14.366666666666665,-0.12622061119528516
0,324.96229885988873,11.85,1.2044806314262264,327.8872761870316,14.366666666666665,-0.12622061119528516,327.8872761870316,11.85,-0.12622061119528516
0,328.2149588886541,11.85,-0.27529793025284965,328.2149588886541,14.366666666666665,-0.27529793025284965,331.139936215797,14.366666666666665,-1.6059991728743614
0,328.2149588886541,11.85,-0.27529793025284965,331.139936215797,14.366666666666665,-1.6059991728743614,331.139936215797,11.85,-1.6059991728743614
0,331.46761891741943,11.85,-1.755076491931926,331.46761891741943,14.366666666666665,-1.755076491931926,334.3925962445623,14.366666666666665,-3.0857777345534374
0,331.46761891741943,11.85,-1.755076491931926,334.3925962445623,14.366666666666665,-3.0857777345534374,334.3925962445623,11.85,-3.0857777345534374
0,334.7202789461848,11.85,-3.2348550536109983,334.7202789461848,14.366666666666665,-3.2348550536109983,337.6452562733277,14.366666666666665,-4.565556296232514
0,334.7202789461848,11.85,-3.2348550536109983,337.6452562733277,14.366666666666665,-4.565556296232514,337.6452562733277,11.85,-4.565556296232514
0,337.9729389749502,11.85,-4.714633615290075,337.9729389749502,14.366666666666665,-4.714633615290075,340.89791630209305,14.366666666666665,-6.045334857911583
0,337.9729389749502,11.85,-4.714633615290075,340.89791630209305,14.366666666666665,-6.045334857911583,340.89791630209305,11.85,-6.045334857911583
0,341.22559900371556,11.85,-6.194412176969151,341.22559900371556,14.366666666666665,-6.194412176969151,344.1505763308584,14.366666666666665,-7.525113419590663
0,341.22559900371556,11.85,-6.194412176969151,344.1505763308584,14.366666666666665,-7.525113419590663,344.1505763308584,11.85,-7.525113419590663
0,282.67771848593907,15.516666666666666,20.441601933254205,282.67771848593907,18.03333333333333,20.441601933254205,285.602695813082,18.03333333333333,19.110900690632693
0,282.67771848593907,15.516666666666666,20.441601933254205,285.602695813082,18.03333333333333,19.110900690632693,285.602695813082,15.516666666666666,19.110900690632693
0,285.93037851470444,15.516666666666666,18.96182337157513,285.93037851470444,18.03333333333333,18.96182337157513,288.8553558418473,18.03333333333333,17.631122128953617
0,285.93037851470444,15.516666666666666,18.96182337157513,288.8553558418473,18.03333333333333,17.631122128953617,288.8553558418473,15.516666666666666,17.631122128953617
0,289.1830385434698,15.516666666666666,17.482044809896053,289.1830385434698,18.03333333333333,17.482044809896053,292.1080158706127,18.03333333333333,16.15134356727454
0,289.1830385434698,15.516666666666666,17.482044809896053,292.1080158706127,18.03333333333333,16.15134356727454,292.1080158706127,15.516666666666666,16.15134356727454
0,292.43569857223514,15.516666666666666,16.00226624821698,292.43569857223514,18.03333333333333,16.00226624821698,295.36067589937807,18.03333333333333,14.671565005595467
0,292.43569857223514,15.516666666666666,16.00226624821698,295.36067589937807,18.03333333333333,14.671565005595467,295.36067589937807,15.516666666666666,14.671565005595467
0,295.6883586010005,15.516666666666666,14.522487686537906,295.6883586010005,18.03333333333333,14.522487686537906,298.6133359281434,18.03333333333333,13.191786443916394
0,295.6883586010005,15.516666666666666,14.522487686537906,298.6133359281434,18.03333333333333,13.191786443916394,298.6133359281434,15.516666666666666,13.191786443916394
0,298.9410186297659,15.516666666666666,13.04270912485883,298.9410186297659,18.03333333333333,13.04270912485883,301.86599595690876,18.03333333333333,11.712007882237318
0,298.9410186297659,15.516666666666666,13.04270912485883,301.86599595690876,18.03333333333333,11.712007882237318,301.86599595690876,15.516666666666666,11.712007882237318
0,302.1936786585312,15.516666666666666,11.562930563179755,302.1936786585312,18.03333333333333,11.562930563179755,305.11865598567414,18.03333333333333,10.232229320558242
0,302.1936786585312,15.516666666666666,11.562930563179755,305.11865598567414,18.03333333333333,10.232229320558242,305.11865598567414,15.516666666666666,10.232229320558242
0,305.4463386872966,15.516666666666666,10.083152001500679,305.4463386872966,18.03333333333333,10.083152001500679,308.37131601443946,18.03333333333333,8.752450758879165
0,305.4463386872966,15.516666666666666,10.083152001500679,308.37131601443946,18.03333333333333,8.752450758879165,308.37131601443946,15.516666666666666,8.752450758879165
0,308.69899871606196,15.516666666666666,8.603373439821604,308.69899871606196,18.03333333333333,8.603373439821604,311.62397604320483,18.03333333333333,7.27267219720009
0,308.69899871606196,15.516666666666666,8.603373439821604,311.62397604320483,18.03333333333333,7.27267219720009,311.62397604320483,15.516666666666666,7.27267219720009
0,311.9516587448273,15.516666666666666,7.123594878142529,311.9516587448273,18.03333333333333,7.123594878142529,314.87663607197015,18.03333333333333,5.792893635521016
0,311.9516587448273,15.516666666666666,7.123594878142529,314.87663607197015,18.03333333333333,5.792893635521016,314.87663607197015,15.516666666666666,5.792893635521016
0,315.20431877359266,15.516666666666666,5.643816316463453,315.20431877359266,18.03333333333333,5.643816316463453,318.12929610073553,18.03333333333333,4.3131150738419395
0,315.20431877359266,15.516666666666666,5.643816316463453,318.12929610073553,18.03333333333333,4.3131150738419395,318.12929610073553,15.516666666666666,4.3131150738419395
0,318.45697880235804,15.516666666666666,4.1640377547843785,318.45697880235804,18.03333333333333,4.1640377547843785,321.3819561295009,18.03333333333333,2.8333365121628638
0,318.45697880235804,15.516666666666666,4.1640377547843785,321.3819561295009,18.03333333333333,2.8333365121628638,321.3819561295009,15.516666666666666,2.8333365121628638
0,321.70963883112336,15.516666666666666,2.684259193105303,321.70963883112336,18.03333333333333,2.684259193105303,324.6346161582663,18.03333333333333,1.3535579504837874
0,321.70963883112336,15.516666666666666,2.684259193105303,324.6346161582663,18.03333333333333,1.3535579504837874,324.6346161582663,15.516666666666666,1.3535579504837874
0,324.96229885988873,15.516666666666666,1.2044806314262264,324.96229885988873,18.03333333333333,1.2044806314262264,327.8872761870316,18.03333333333333,-0.12622061119528516
0,324.96229885988873,15.516666666666666,1.2044806314262264,327.8872761870316,18.03333333333333,-0.12622061119528516,327.8872761870316,15.516666666666666,-0.12622061119528516
0,328.2149588886541,15.516666666666666,-0.27529793025284965,328.2149588886541,18.03333333333333,-0.27529793025284965,331.139936215797,18.03333333333333,-1.6059991728743614
0,328.2149588886541,15.516666666666666,-0.27529793025284965,331.139936215797,18.03333333333333,-1.6059991728743614,331.139936215797,15.516666666666666,-1.6059991728743614
0,331.46761891741943,15.516666666666666,-1.755076491931926,331.46761891741943,18.03333333333333,-1.755076491931926,334.3925962445623,18.03333333333333,-3.0857777345534374
0,331.46761891741943,15.516666666666666,-1.755076491931926,334.3925962445623,18.03333333333333,-3.0857777345534374,334.3925962445623,15.516666666666666,-3.0857777345534374
0,334.7202789461848,15.516666666666666,-3.2348550536109983,334.7202789461848,18.03333333333333,-3.2348550536109983,337.6452562733277,18.03333333333333,-4.565556296232514
0,334.7202789461848,15.516666666666666,-3.2348550536109983,337.6452562733277,18.03333333333333,-4.565556296232514,337.6452562733277,15.516666666666666,-4.565556296232514
0,337.9729389749502,15.516666666666666,-4.714633615290075,337.9729389749502,18.03333333333333,-4.714633615290075,340.89791630209305,18.03333333333333,-6.045334857911583
0,337.9729389749502,15.516666666666666,-4.714633615290075,340.89791630209305,18.03333333333333,-6.045334857911583,340.89791630209305,15.516666666666666,-6.045334857911583
0,341.22559900371556,15.516666666666666,-6.194412176969151,341.22559900371556,18.03333333333333,-6.194412176969151,344.1505763308584,18.03333333333333,-7.525113419590663
0,341.22559900371556,15.516666666666666,-6.194412176969151,344.1505763308584,18.03333333333333,-7.525113419590663,344.1505763308584,15.516666666666666,-7.525113419590663
0,282.67771848593907,19.183333333333334,20.441601933254205,282.67771848593907,21.7,20.441601933254205,285.602695813082,21.7,19.110900690632693
0,282.67771848593907,19.183333333333334,20.441601933254205,285.602695813082,21.7,19.110900690632693,285.602695813082,19.183333333333334,19.110900690632693
0,285.93037851470444,19.183333333333334,18.96182337157513,285.93037851470444,21.7,18.96182337157513,288.8553558418473,21.7,17.631122128953617
0,285.93037851470444,19.183333333333334,18.96182337157513,288.8553558418473,21.7,17.631122128953617,288.8553558418473,19.183333333333334,17.631122128953617
0,289.1830385434698,19.183333333333334,17.482044809896053,289.1830385434698,21.7,17.482044809896053,292.1080158706127,21.7,16.15134356727454
0,289.1830385434698,19.183333333333334,17.482044809896053,292.1080158706127,21.7,16.15134356727454,292.1080158706127,19.183333333333334,16.15134356727454
0,292.43569857223514,19.183333333333334,16.00226624821698,292.43569857223514,21.7,16.00226624821698,295.36067589937807,21.7,14.671565005595467
0,292.43569857223514,19.183333333333334,16.00226624821698,295.36067589937807,21.7,14.671565005595467,295.36067589937807,19.183333333333334,14.671565005595467
0,295.6883586010005,19.183333333333334,14.522487686537906,295.6883586010005,21.7,14.522487686537906,298.6133359281434,21.7,13.191786443916394
0,295.6883586010005,19.183333333333334,14.522487686537906,298.6133359281434,21.7,13.191786443916394,298.6133359281434,19.183333333333334,13.191786443916394
0,298.9410186297659,19.183333333333334,13.04270912485883,298.9410186297659,21.7,13.04270912485883,301.86599595690876,21.7,11.712007882237318
0,298.9410186297659,19.183333333333334,13.04270912485883,301.86599595690876,21.7,11.712007882237318,301.86599595690876,19.183333333333334,11.712007882237318
0,302.1936786585312,19.183333333333334,11.562930563179755,302.1936786585312,21.7,11.562930563179755,305.11865598567414,21.7,10.232229320558242
0,302.1936786585312,19.183333333333334,11.562930563179755,305.11865598567414,21.7,10.232229320558242,305.11865598567414,19.183333333333334,10.232229320558242
0,305.4463386872966,19.183333333333334,10.083152001500679,305.4463386872966,21.7,10.083152001500679,308.37131601443946,21.7,8.752450758879165
0,305.4463386872966,19.183333333333334,10.083152001500679,308.37131601443946,21.7,8.752450758879165,308.37131601443946,19.183333333333334,8.752450758879165
0,308.69899871606196,19.183333333333334,8.603373439821604,308.69899871606196,21.7,8.603373439821604,311.62397604320483,21.7,7.27267219720009
0,308.69899871606196,19.183333333333334,8.603373439821604,311.62397604320483,21.7,7.27267219720009,311.62397604320483,19.183333333333334,7.27267219720009
0,311.9516587448273,19.183333333333334,7.123594878142529,311.9516587448273,21.7,7.123594878142529,314.87663607197015,21.7,5.792893635521016
0,311.9516587448273,19.183333333333334,7.123594878142529,314.87663607197015,21.7,5.792893635521016,314.87663607197015,19.183333333333334,5.792893635521016
0,315.20431877359266,19.183333333333334,5.643816316463453,315.20431877359266,21.7,5.643816316463453,318.12929610073553,21.7,4.3131150738419395
0,315.20431877359266,19.183333333333334,5.643816316463453,318.12929610073553,21.7,4.3131150738419395,318.12929610073553,19.183333333333334,4.3131150738419395
0,318.45697880235804,19.183333333333334,4.1640377547843785,318.45697880235804,21.7,4.1640377547843785,321.3819561295009,21.7,2.8333365121628638
0,318.45697880235804,19.183333333333334,4.1640377547843785,321.3819561295009,21.7,2.8333365121628638,321.3819561295009,19.183333333333334,2.8333365121628638
0,321.70963883112336,19.183333333333334,2.684259193105303,321.70963883112336,21.7,2.684259193105303,324.6346161582663,21.7,1.3535579504837874
0,321.70963883112336,19.183333333333334,2.684259193105303,324.6346161582663,21.7,1.3535579504837874,324.6346161582663,19.183333333333334,1.3535579504837874
0,324.96229885988873,19.183333333333334,1.2044806314262264,324.96229885988873,21.7,1.2044806314262264,327.8872761870316,21.7,-0.12622061119528516
0,324.96229885988873,19.183333333333334,1.2044806314262264,327.8872761870316,21.7,-0.12622061119528516,327.8872761870316,19.183333333333334,-0.12622061119528516
0,328.2149588886541,19.183333333333334,-0.27529793025284965,328.2149588886541,21.7,-0.27529793025284965,331.139936215797,21.7,-1.6059991728743614
0,328.2149588886541,19.183333333333334,-0.27529793025284965,331.139936215797,21.7,-1.6059991728743614,331.139936215797,19.183333333333334,-1.6059991728743614
0,331.46761891741943,19.183333333333334,-1.755076491931926,331.46761891741943,21.7,-1.755076491931926,334.3925962445623,21.7,-3.0857777345534374
0,331.46761891741943,19.183333333333334,-1.755076491931926,334.3925962445623,21.7,-3.0857777345534374,334.3925962445623,19.183333333333334,-3.0857777345534374
0,334.7202789461848,19.183333333333334,-3.2348550536109983,334.7202789461848,21.7,-3.2348550536109983,337.6452562733277,21.7,-4.565556296232514
0,334.7202789461848,19.183333333333334,-3.2348550536109983,337.6452562733277,21.7,-4.565556296232514,337.6452562733277,19.183333333333334,-4.565556296232514
0,337.9729389749502,19.183333333333334,-4.714633615290075,337.9729389749502,21.7,-4.714633615290075,340.89791630209305,21.7,-6.045334857911583
0,337.9729389749502,19.183333333333334,-4.714633615290075,340.89791630209305,21.7,-6.045334857911583,340.89791630209305,19.183333333333334,-6.045334857911583
0,341.22559900371556,19.183333333333334,-6.194412176969151,341.22559900371556,21.7,-6.194412176969151,344.1505763308584,21.7,-7.525113419590663
0,341.22559900371556,19.183333333333334,-6.194412176969151,344.1505763308584,21.7,-7.525113419590663,344.1505763308584,19.183333333333334,-7.525113419590663
