<?xml version="1.0" encoding="UTF-8"?>
<osm version="0.6" generator="openstreetmap-cgimap 2.1.0 (244692 spike-07.openstreetmap.org)" copyright="OpenStreetMap and contributors" attribution="http://www.openstreetmap.org/copyright" license="http://opendatacommons.org/licenses/odbl/1-0/">
 <bounds minlat="37.4450000" minlon="126.6480000" maxlat="37.4540000" maxlon="126.6590000"/>
 <node id="368895709" visible="true" version="9" changeset="185046759" timestamp="2026-07-03T15:30:17Z" user="BLUE LIME" uid="22330927" lat="37.4514425" lon="126.6562124">
  <tag k="amenity" v="bank"/>
  <tag k="atm" v="yes"/>
  <tag k="brand" v="우리은행"/>
  <tag k="brand:en" v="Woori Bank"/>
  <tag k="brand:ko" v="우리은행"/>
  <tag k="brand:wikidata" v="Q494369"/>
  <tag k="name" v="우리은행"/>
  <tag k="name:en" v="Woori Bank"/>
  <tag k="name:ko" v="우리은행"/>
  <tag k="name:ko-Latn" v="Urieunhaeng"/>
 </node>
 <node id="368909069" visible="true" version="6" changeset="175105461" timestamp="2025-11-25T11:24:55Z" user="LuxuryCoop" uid="7245212" lat="37.4471033" lon="126.6529979">
  <tag k="amenity" v="fuel"/>
  <tag k="name" v="인하주유소"/>
  <tag k="name:en" v="Inha Gas Station"/>
  <tag k="name:ko" v="인하주유소"/>
  <tag k="name:ko-Latn" v="Inhajuyuso"/>
 </node>
 <node id="415154888" visible="true" version="6" changeset="145921519" timestamp="2024-01-05T13:09:02Z" user="songyw124" uid="3610838" lat="37.4508937" lon="126.6492456">
  <tag k="description" v="법정동 정보입니다. 지명의 변경이나 오류가 없다면 되도록 수정하지 말아주세요."/>
  <tag k="name" v="용현동"/>
  <tag k="name:el" v="Γιόγχιον-ντονγκ"/>
  <tag k="name:en" v="Yonghyeon-dong"/>
  <tag k="name:ko" v="용현동"/>
  <tag k="name:ko-Hani" v="龍峴洞"/>
  <tag k="name:zh" v="龍峴洞"/>
  <tag k="name:zh-Hans" v="龙岘洞"/>
  <tag k="name:zh-Hant" v="龍峴洞"/>
  <tag k="place" v="quarter"/>
 </node>
 <node id="436222329" visible="true" version="3" changeset="54226461" timestamp="2017-12-01T07:25:27Z" user="minseo" uid="5186039" lat="37.4521569" lon="126.6478939"/>
 <node id="436222330" visible="true" version="4" changeset="54226461" timestamp="2017-12-01T07:25:27Z" user="minseo" uid="5186039" lat="37.4520878" lon="126.6484831"/>
 <node id="436222331" visible="true" version="3" changeset="54226461" timestamp="2017-12-01T07:25:27Z" user="minseo" uid="5186039" lat="37.4521617" lon="126.6512275"/>
 <node id="436222332" visible="true" version="2" changeset="17423384" timestamp="2013-08-20T09:33:21Z" user="IRTC1015" uid="223224" lat="37.4522690" lon="126.6519015"/>
 <node id="436222333" visible="true" version="2" changeset="17423384" timestamp="2013-08-20T09:33:21Z" user="IRTC1015" uid="223224" lat="37.4523865" lon="126.6526125"/>
 <node id="436222334" visible="true" version="4" changeset="96035887" timestamp="2020-12-18T03:12:51Z" user="디토디토" uid="12332171" lat="37.4525904" lon="126.6536153">
  <tag k="direction" v="255"/>
  <tag k="highway" v="speed_camera"/>
  <tag k="maxspeed" v="70"/>
 </node>
 <node id="436222339" visible="true" version="2" changeset="17468023" timestamp="2013-08-23T10:39:11Z" user="IRTC1015" uid="223224" lat="37.4556977" lon="126.6656592"/>
 <node id="436222340" visible="true" version="2" changeset="17468023" timestamp="2013-08-23T10:39:11Z" user="IRTC1015" uid="223224" lat="37.4561941" lon="126.6667299"/>
 <node id="436222341" visible="true" version="2" changeset="17468023" timestamp="2013-08-23T10:39:11Z" user="IRTC1015" uid="223224" lat="37.4570496" lon="126.6680853"/>
 <node id="436222342" visible="true" version="2" changeset="17468023" timestamp="2013-08-23T10:39:11Z" user="IRTC1015" uid="223224" lat="37.4574710" lon="126.6686160"/>
 <node id="436222344" visible="true" version="2" changeset="17468023" timestamp="2013-08-23T10:39:11Z" user="IRTC1015" uid="223224" lat="37.4591259" lon="126.6701618"/>
 <node id="436222348" visible="true" version="2" changeset="17468023" timestamp="2013-08-23T10:39:11Z" user="IRTC1015" uid="223224" lat="37.4617762" lon="126.6718448"/>
 <node id="436222349" visible="true" version="2" changeset="17468023" timestamp="2013-08-23T10:39:11Z" user="IRTC1015" uid="223224" lat="37.4591678" lon="126.6700395"/>
 <node id="436222350" visible="true" version="2" changeset="17468023" timestamp="2013-08-23T10:39:11Z" user="IRTC1015" uid="223224" lat="37.4581914" lon="126.6691841"/>
 <node id="436222351" visible="true" version="2" changeset="17468023" timestamp="2013-08-23T10:39:11Z" user="IRTC1015" uid="223224" lat="37.4575428" lon="126.6685027"/>
 <node id="436222352" visible="true" version="2" changeset="17468023" timestamp="2013-08-23T10:39:11Z" user="IRTC1015" uid="223224" lat="37.4567795" lon="126.6674821"/>
 <node id="436222353" visible="true" version="2" changeset="17468023" timestamp="2013-08-23T10:39:11Z" user="IRTC1015" uid="223224" lat="37.4562925" lon="126.6666562"/>
 <node id="436222354" visible="true" version="2" changeset="17468023" timestamp="2013-08-23T10:39:11Z" user="IRTC1015" uid="223224" lat="37.4553348" lon="126.6642433"/>
 <node id="436222359" visible="true" version="2" changeset="17423384" timestamp="2013-08-20T09:33:21Z" user="IRTC1015" uid="223224" lat="37.4526996" lon="126.6535970"/>
 <node id="436222360" visible="true" version="3" changeset="17423384" timestamp="2013-08-20T09:33:21Z" user="IRTC1015" uid="223224" lat="37.4524942" lon="126.6525714"/>
 <node id="436222361" visible="true" version="2" changeset="17423384" timestamp="2013-08-20T09:33:21Z" user="IRTC1015" uid="223224" lat="37.4522233" lon="126.6503335"/>
 <node id="436222362" visible="true" version="2" changeset="17423384" timestamp="2013-08-20T09:33:21Z" user="IRTC1015" uid="223224" lat="37.4522102" lon="126.6494416"/>
 <node id="436222363" visible="true" version="3" changeset="54226461" timestamp="2017-12-01T07:25:27Z" user="minseo" uid="5186039" lat="37.4522211" lon="126.6484389"/>
 <node id="436222364" visible="true" version="3" changeset="54226461" timestamp="2017-12-01T07:25:27Z" user="minseo" uid="5186039" lat="37.4522780" lon="126.6478256"/>
 <node id="436790186" visible="true" version="5" changeset="104263450" timestamp="2021-05-06T15:54:56Z" user="7684F217EA19BA8FA19C3D74" uid="5222005" lat="37.4395094" lon="126.6749808"/>
 <node id="436821486" visible="true" version="6" changeset="104263450" timestamp="2021-05-06T15:54:56Z" user="7684F217EA19BA8FA19C3D74" uid="5222005" lat="37.4396855" lon="126.6722682">
  <tag k="junction" v="yes"/>
  <tag k="name" v="학익소방사거리"/>
  <tag k="name:ko" v="학익소방사거리"/>
 </node>
 <node id="436821490" visible="true" version="3" changeset="22364386" timestamp="2014-05-16T05:00:09Z" user="전기곰돌" uid="613089" lat="37.4402147" lon="126.6644935"/>
 <node id="436821492" visible="true" version="3" changeset="22364386" timestamp="2014-05-16T05:00:09Z" user="전기곰돌" uid="613089" lat="37.4402959" lon="126.6639289"/>
 <node id="436821495" visible="true" version="9" changeset="175105461" timestamp="2025-11-25T11:24:55Z" user="LuxuryCoop" uid="7245212" lat="37.4408059" lon="126.6624964">
  <tag k="junction" v="yes"/>
  <tag k="name" v="학산사거리"/>
  <tag k="name:en" v="Haksan Crossroad"/>
  <tag k="name:ko" v="학산사거리"/>
  <tag k="name:ko-Latn" v="Haksansageori"/>
 </node>
 <node id="436830039" visible="true" version="4" changeset="17468023" timestamp="2013-08-23T10:39:12Z" user="IRTC1015" uid="223224" lat="37.4453438" lon="126.6511351"/>
 <node id="436830040" visible="true" version="8" changeset="142487675" timestamp="2023-10-12T16:20:24Z" user="aaei924" uid="10626814" lat="37.4454029" lon="126.6504795">
  <tag k="crossing" v="no"/>
  <tag k="highway" v="traffic_signals"/>
  <tag k="traffic_signals" v="signal"/>
 </node>
 <node id="436836503" visible="true" version="8" changeset="175105461" timestamp="2025-11-25T11:24:55Z" user="LuxuryCoop" uid="7245212" lat="37.4485853" lon="126.6498752">
  <tag k="junction" v="yes"/>
  <tag k="name" v="비룡삼거리"/>
  <tag k="name:en" v="Biryongsamgeori"/>
  <tag k="name:ko" v="비룡삼거리"/>
  <tag k="name:ko-Latn" v="Biryongsamgeori"/>
 </node>
 <node id="436836603" visible="true" version="6" changeset="142490312" timestamp="2023-10-12T17:27:08Z" user="aaei924" uid="10626814" lat="37.4518976" lon="126.6482129"/>
 <node id="436836605" visible="true" version="3" changeset="22614417" timestamp="2014-05-29T09:09:26Z" user="전기곰돌" uid="613089" lat="37.4524308" lon="126.6479363"/>
 <node id="436836606" visible="true" version="3" changeset="22614417" timestamp="2014-05-29T09:09:26Z" user="전기곰돌" uid="613089" lat="37.4529290" lon="126.6479423"/>
 <node id="436836609" visible="true" version="3" changeset="142531885" timestamp="2023-10-13T16:33:01Z" user="aaei924" uid="10626814" lat="37.4561015" lon="126.6499244"/>
 <node id="436836610" visible="true" version="9" changeset="175105461" timestamp="2025-11-25T11:24:55Z" user="LuxuryCoop" uid="7245212" lat="37.4563619" lon="126.6499796">
  <tag k="junction" v="yes"/>
  <tag k="name" v="용현사거리"/>
  <tag k="name:en" v="Yonghyeon Crossroad"/>
  <tag k="name:ko" v="용현사거리"/>
  <tag k="name:ko-Latn" v="Yonghyeonsageori"/>
 </node>
 <node id="436836633" visible="true" version="4" changeset="142487675" timestamp="2023-10-12T16:20:24Z" user="aaei924" uid="10626814" lat="37.4489603" lon="126.6498105"/>
 <node id="436836634" visible="true" version="4" changeset="142487675" timestamp="2023-10-12T16:20:24Z" user="aaei924" uid="10626814" lat="37.4496517" lon="126.6495475"/>
 <node id="436836635" visible="true" version="4" changeset="142487675" timestamp="2023-10-12T16:20:24Z" user="aaei924" uid="10626814" lat="37.4500629" lon="126.6493550"/>
 <node id="436847206" visible="true" version="3" changeset="142490312" timestamp="2023-10-12T17:27:08Z" user="aaei924" uid="10626814" lat="37.4523095" lon="126.6464594"/>
 <node id="436847207" visible="true" version="5" changeset="142490312" timestamp="2023-10-12T17:27:08Z" user="aaei924" uid="10626814" lat="37.4528402" lon="126.6447431"/>
 <node id="436847208" visible="true" version="3" changeset="142490312" timestamp="2023-10-12T17:27:08Z" user="aaei924" uid="10626814" lat="37.4537923" lon="126.6426182"/>
 <node id="436868702" visible="true" version="3" changeset="17423384" timestamp="2013-08-20T09:33:24Z" user="IRTC1015" uid="223224" lat="37.4518886" lon="126.6492031"/>
 <node id="436868703" visible="true" version="2" changeset="6958658" timestamp="2011-01-13T16:19:47Z" user="IRTC1015" uid="223224" lat="37.4522200" lon="126.6530700"/>
 <node id="436868704" visible="true" version="3" changeset="17468023" timestamp="2013-08-23T10:39:14Z" user="IRTC1015" uid="223224" lat="37.4521584" lon="126.6533313"/>
 <node id="436868707" visible="true" version="6" changeset="22315651" timestamp="2014-05-13T15:40:32Z" user="전기곰돌" uid="613089" lat="37.4512632" lon="126.6564766"/>
 <node id="436868713" visible="true" version="4" changeset="22315651" timestamp="2014-05-13T15:40:32Z" user="전기곰돌" uid="613089" lat="37.4491592" lon="126.6643918"/>
 <node id="436870793" visible="true" version="2" changeset="5431226" timestamp="2010-08-08T09:59:49Z" user="alimamo" uid="7213" lat="37.4549800" lon="126.6400600"/>
 <node id="436877252" visible="true" version="2" changeset="5431226" timestamp="2010-08-08T10:00:58Z" user="alimamo" uid="7213" lat="37.4559500" lon="126.6379615"/>
 <node id="436879748" visible="true" version="9" changeset="148199934" timestamp="2024-03-04T10:37:30Z" user="LuxuryCoop" uid="7245212" lat="37.4488826" lon="126.6675710">
  <tag k="junction" v="yes"/>
  <tag k="name" v="제운사거리"/>
  <tag k="name:en" v="Jeun Crossroad"/>
  <tag k="name:ko" v="제운사거리"/>
  <tag k="name:ko-Latn" v="Jeunsageori"/>
 </node>
 <node id="849431934" visible="true" version="3" changeset="17423384" timestamp="2013-08-20T09:33:26Z" user="IRTC1015" uid="223224" lat="37.4519832" lon="126.6510362"/>
 <node id="849431950" visible="true" version="2" changeset="17468023" timestamp="2013-08-23T10:39:15Z" user="IRTC1015" uid="223224" lat="37.4567158" lon="126.6675892"/>
 <node id="849431993" visible="true" version="3" changeset="17468023" timestamp="2013-08-23T10:39:15Z" user="IRTC1015" uid="223224" lat="37.4552247" lon="126.6642492"/>
 <node id="928022998" visible="true" version="5" changeset="142620119" timestamp="2023-10-15T14:21:39Z" user="aaei924" uid="10626814" lat="37.4756002" lon="126.6174071"/>
 <node id="1770237413" visible="true" version="3" changeset="17468023" timestamp="2013-08-23T10:38:04Z" user="IRTC1015" uid="223224" lat="37.4460547" lon="126.6565480"/>
 <node id="1770238786" visible="true" version="3" changeset="142490312" timestamp="2023-10-12T17:27:08Z" user="aaei924" uid="10626814" lat="37.4525936" lon="126.6455335"/>
 <node id="1969458122" visible="true" version="2" changeset="17648854" timestamp="2013-09-03T07:41:44Z" user="IRTC1015" uid="223224" lat="37.4495126" lon="126.6304189"/>
 <node id="2262335931" visible="true" version="5" changeset="126731102" timestamp="2022-09-28T09:22:47Z" user="oldman Jang" uid="17260371" lat="37.4514903" lon="126.6544702"/>
 <node id="2262335932" visible="true" version="2" changeset="17468023" timestamp="2013-08-23T10:38:04Z" user="IRTC1015" uid="223224" lat="37.4509710" lon="126.6567214"/>
 <node id="2262335934" visible="true" version="4" changeset="126902098" timestamp="2022-10-02T16:54:22Z" user="oldman Jang" uid="17260371" lat="37.4517233" lon="126.6546715"/>
 <node id="2262335935" visible="true" version="3" changeset="17648854" timestamp="2013-09-03T07:41:44Z" user="IRTC1015" uid="223224" lat="37.4496873" lon="126.6554559"/>
 <node id="2262335936" visible="true" version="4" changeset="57704415" timestamp="2018-04-01T05:20:19Z" user="min_gyu" uid="8015024" lat="37.4502665" lon="126.6541191"/>
 <node id="2262335938" visible="true" version="3" changeset="103952854" timestamp="2021-05-01T11:37:56Z" user="pehrelax" uid="3805548" lat="37.4507791" lon="126.6566735"/>
 <node id="2262335939" visible="true" version="4" changeset="17664887" timestamp="2013-09-04T04:21:20Z" user="SeaBreeze" uid="1733716" lat="37.4510352" lon="126.6563790"/>
 <node id="2262335940" visible="true" version="3" changeset="45393593" timestamp="2017-01-23T09:23:28Z" user="Kate Diaz" uid="4803527" lat="37.4513755" lon="126.6549418"/>
 <node id="2262335941" visible="true" version="3" changeset="121469321" timestamp="2022-05-25T10:49:29Z" user="chang hyeon" uid="16074147" lat="37.4504694" lon="126.6573682">
  <tag k="entrance" v="entrance"/>
  <tag k="wheelchair" v="yes"/>
 </node>
 <node id="2272559141" visible="true" version="3" changeset="73181119" timestamp="2019-08-09T07:29:46Z" user="maxhero" uid="5364374" lat="37.4464073" lon="126.6505977"/>
 <node id="2272559144" visible="true" version="3" changeset="73181119" timestamp="2019-08-09T07:29:46Z" user="maxhero" uid="5364374" lat="37.4465022" lon="126.6514155"/>
 <node id="2272559147" visible="true" version="3" changeset="73181119" timestamp="2019-08-09T07:29:46Z" user="maxhero" uid="5364374" lat="37.4478699" lon="126.6503359"/>
 <node id="2272559149" visible="true" version="3" changeset="73181119" timestamp="2019-08-09T07:29:46Z" user="maxhero" uid="5364374" lat="37.4479611" lon="126.6511261"/>
 <node id="2272564900" visible="true" version="2" changeset="17468023" timestamp="2013-08-23T10:38:04Z" user="IRTC1015" uid="223224" lat="37.4470090" lon="126.6530864"/>
 <node id="2272564904" visible="true" version="2" changeset="17468023" timestamp="2013-08-23T10:38:04Z" user="IRTC1015" uid="223224" lat="37.4470928" lon="126.6531383"/>
 <node id="2272564906" visible="true" version="2" changeset="17468023" timestamp="2013-08-23T10:38:05Z" user="IRTC1015" uid="223224" lat="37.4470966" lon="126.6528460"/>
 <node id="2272564909" visible="true" version="2" changeset="17468023" timestamp="2013-08-23T10:38:05Z" user="IRTC1015" uid="223224" lat="37.4471005" lon="126.6531172"/>
 <node id="2272564912" visible="true" version="2" changeset="17468023" timestamp="2013-08-23T10:38:05Z" user="IRTC1015" uid="223224" lat="37.4471456" lon="126.6530052"/>
 <node id="2272564915" visible="true" version="2" changeset="17468023" timestamp="2013-08-23T10:38:05Z" user="IRTC1015" uid="223224" lat="37.4471818" lon="126.6528980"/>
 <node id="2272564919" visible="true" version="2" changeset="17468023" timestamp="2013-08-23T10:38:05Z" user="IRTC1015" uid="223224" lat="37.4472320" lon="126.6531984"/>
 <node id="2272564922" visible="true" version="2" changeset="17468023" timestamp="2013-08-23T10:38:05Z" user="IRTC1015" uid="223224" lat="37.4472785" lon="126.6530847"/>
 <node id="2272581025" visible="true" version="4" changeset="17648854" timestamp="2013-09-03T07:41:44Z" user="IRTC1015" uid="223224" lat="37.4463047" lon="126.6542209"/>
 <node id="2272581027" visible="true" version="4" changeset="17648854" timestamp="2013-09-03T07:41:44Z" user="IRTC1015" uid="223224" lat="37.4463632" lon="126.6540782"/>
 <node id="2272581029" visible="true" version="4" changeset="17648854" timestamp="2013-09-03T07:41:44Z" user="IRTC1015" uid="223224" lat="37.4464530" lon="126.6538611"/>
 <node id="2272581031" visible="true" version="4" changeset="17648854" timestamp="2013-09-03T07:41:44Z" user="IRTC1015" uid="223224" lat="37.4465133" lon="126.6537139"/>
 <node id="2272581033" visible="true" version="4" changeset="17648854" timestamp="2013-09-03T07:41:44Z" user="IRTC1015" uid="223224" lat="37.4466185" lon="126.6542442"/>
 <node id="2272581035" visible="true" version="4" changeset="17648854" timestamp="2013-09-03T07:41:44Z" user="IRTC1015" uid="223224" lat="37.4466246" lon="126.6541591"/>
 <node id="2272581037" visible="true" version="4" changeset="17648854" timestamp="2013-09-03T07:41:44Z" user="IRTC1015" uid="223224" lat="37.4466298" lon="126.6544323"/>
 <node id="2272581039" visible="true" version="4" changeset="17648854" timestamp="2013-09-03T07:41:44Z" user="IRTC1015" uid="223224" lat="37.4466473" lon="126.6541739"/>
 <node id="2272581041" visible="true" version="4" changeset="17648854" timestamp="2013-09-03T07:41:44Z" user="IRTC1015" uid="223224" lat="37.4466520" lon="126.6535375"/>
 <node id="2272581042" visible="true" version="4" changeset="17648854" timestamp="2013-09-03T07:41:44Z" user="IRTC1015" uid="223224" lat="37.4466599" lon="126.6540730"/>
 <node id="2272581044" visible="true" version="4" changeset="17648854" timestamp="2013-09-03T07:41:44Z" user="IRTC1015" uid="223224" lat="37.4466826" lon="126.6540878"/>
 <node id="2272581047" visible="true" version="4" changeset="17648854" timestamp="2013-09-03T07:41:44Z" user="IRTC1015" uid="223224" lat="37.4466838" lon="126.6534599"/>
 <node id="2272581049" visible="true" version="4" changeset="17648854" timestamp="2013-09-03T07:41:44Z" user="IRTC1015" uid="223224" lat="37.4467076" lon="126.6540267"/>
 <node id="2272581051" visible="true" version="4" changeset="17648854" timestamp="2013-09-03T07:41:44Z" user="IRTC1015" uid="223224" lat="37.4467172" lon="126.6542190"/>
 <node id="2272581053" visible="true" version="4" changeset="17648854" timestamp="2013-09-03T07:41:45Z" user="IRTC1015" uid="223224" lat="37.4467168" lon="126.6534813"/>
 <node id="2272581055" visible="true" version="4" changeset="17648854" timestamp="2013-09-03T07:41:45Z" user="IRTC1015" uid="223224" lat="37.4467267" lon="126.6542252"/>
 <node id="2272581057" visible="true" version="4" changeset="17648854" timestamp="2013-09-03T07:41:45Z" user="IRTC1015" uid="223224" lat="37.4467441" lon="126.6534147"/>
 <node id="2272581059" visible="true" version="4" changeset="17648854" timestamp="2013-09-03T07:41:45Z" user="IRTC1015" uid="223224" lat="37.4467487" lon="126.6541291"/>
 <node id="2272581061" visible="true" version="4" changeset="17648854" timestamp="2013-09-03T07:41:45Z" user="IRTC1015" uid="223224" lat="37.4467624" lon="126.6541380"/>
 <node id="2272581063" visible="true" version="4" changeset="17648854" timestamp="2013-09-03T07:41:45Z" user="IRTC1015" uid="223224" lat="37.4467639" lon="126.6538768"/>
 <node id="2272581065" visible="true" version="4" changeset="17648854" timestamp="2013-09-03T07:41:45Z" user="IRTC1015" uid="223224" lat="37.4467663" lon="126.6537941"/>
 <node id="2272581067" visible="true" version="4" changeset="17648854" timestamp="2013-09-03T07:41:45Z" user="IRTC1015" uid="223224" lat="37.4467912" lon="126.6538103"/>
 <node id="2272581069" visible="true" version="4" changeset="17648854" timestamp="2013-09-03T07:41:45Z" user="IRTC1015" uid="223224" lat="37.4468028" lon="126.6537049"/>
 <node id="2272581071" visible="true" version="4" changeset="17648854" timestamp="2013-09-03T07:41:45Z" user="IRTC1015" uid="223224" lat="37.4468254" lon="126.6537196"/>
 <node id="2272581073" visible="true" version="4" changeset="17648854" timestamp="2013-09-03T07:41:45Z" user="IRTC1015" uid="223224" lat="37.4468479" lon="126.6536648"/>
 <node id="2272581076" visible="true" version="4" changeset="17648854" timestamp="2013-09-03T07:41:45Z" user="IRTC1015" uid="223224" lat="37.4468582" lon="126.6538618"/>
 <node id="2272581078" visible="true" version="4" changeset="17648854" timestamp="2013-09-03T07:41:45Z" user="IRTC1015" uid="223224" lat="37.4468663" lon="126.6538671"/>
 <node id="2272581080" visible="true" version="4" changeset="17648854" timestamp="2013-09-03T07:41:45Z" user="IRTC1015" uid="223224" lat="37.4468897" lon="126.6537652"/>
 <node id="2272581082" visible="true" version="4" changeset="17648854" timestamp="2013-09-03T07:41:45Z" user="IRTC1015" uid="223224" lat="37.4469042" lon="126.6537746"/>
 <node id="2272581084" visible="true" version="4" changeset="17648854" timestamp="2013-09-03T07:41:45Z" user="IRTC1015" uid="223224" lat="37.4469725" lon="126.6535632"/>
 <node id="2272594743" visible="true" version="3" changeset="17468023" timestamp="2013-08-23T10:38:05Z" user="IRTC1015" uid="223224" lat="37.4481105" lon="126.6521499"/>
 <node id="2272594744" visible="true" version="3" changeset="17468023" timestamp="2013-08-23T10:38:05Z" user="IRTC1015" uid="223224" lat="37.4481129" lon="126.6521115"/>
 <node id="2272594745" visible="true" version="3" changeset="17468023" timestamp="2013-08-23T10:38:05Z" user="IRTC1015" uid="223224" lat="37.4481237" lon="126.6521187"/>
 <node id="2272594746" visible="true" version="3" changeset="17468023" timestamp="2013-08-23T10:38:05Z" user="IRTC1015" uid="223224" lat="37.4481548" lon="126.6520121"/>
 <node id="2272594747" visible="true" version="3" changeset="17468023" timestamp="2013-08-23T10:38:05Z" user="IRTC1015" uid="223224" lat="37.4481698" lon="126.6520220"/>
 <node id="2272594748" visible="true" version="3" changeset="17468023" timestamp="2013-08-23T10:38:06Z" user="IRTC1015" uid="223224" lat="37.4481901" lon="126.6519738"/>
 <node id="2272594749" visible="true" version="3" changeset="17468023" timestamp="2013-08-23T10:38:06Z" user="IRTC1015" uid="223224" lat="37.4482700" lon="126.6517911"/>
 <node id="2272594750" visible="true" version="3" changeset="17468023" timestamp="2013-08-23T10:38:06Z" user="IRTC1015" uid="223224" lat="37.4482726" lon="126.6517411"/>
 <node id="2272594751" visible="true" version="3" changeset="17468023" timestamp="2013-08-23T10:38:06Z" user="IRTC1015" uid="223224" lat="37.4482870" lon="126.6517507"/>
 <node id="2272594753" visible="true" version="3" changeset="17468023" timestamp="2013-08-23T10:38:06Z" user="IRTC1015" uid="223224" lat="37.4483100" lon="126.6516523"/>
 <node id="2272594754" visible="true" version="3" changeset="17468023" timestamp="2013-08-23T10:38:06Z" user="IRTC1015" uid="223224" lat="37.4483200" lon="126.6516590"/>
 <node id="2272594756" visible="true" version="3" changeset="17468023" timestamp="2013-08-23T10:38:06Z" user="IRTC1015" uid="223224" lat="37.4483366" lon="126.6516196"/>
 <node id="2272594757" visible="true" version="3" changeset="17468023" timestamp="2013-08-23T10:38:06Z" user="IRTC1015" uid="223224" lat="37.4483767" lon="126.6523278"/>
 <node id="2272594759" visible="true" version="3" changeset="17468023" timestamp="2013-08-23T10:38:06Z" user="IRTC1015" uid="223224" lat="37.4483938" lon="126.6522871"/>
 <node id="2272594760" visible="true" version="3" changeset="17468023" timestamp="2013-08-23T10:38:06Z" user="IRTC1015" uid="223224" lat="37.4483943" lon="126.6523369"/>
 <node id="2272594762" visible="true" version="3" changeset="17468023" timestamp="2013-08-23T10:38:06Z" user="IRTC1015" uid="223224" lat="37.4484106" lon="126.6522983"/>
 <node id="2272594763" visible="true" version="3" changeset="17468023" timestamp="2013-08-23T10:38:06Z" user="IRTC1015" uid="223224" lat="37.4484200" lon="126.6523540"/>
 <node id="2272594765" visible="true" version="3" changeset="17468023" timestamp="2013-08-23T10:38:06Z" user="IRTC1015" uid="223224" lat="37.4484306" lon="126.6521345"/>
 <node id="2272594766" visible="true" version="3" changeset="17468023" timestamp="2013-08-23T10:38:06Z" user="IRTC1015" uid="223224" lat="37.4484501" lon="126.6522824"/>
 <node id="2272594767" visible="true" version="3" changeset="17468023" timestamp="2013-08-23T10:38:06Z" user="IRTC1015" uid="223224" lat="37.4484662" lon="126.6522932"/>
 <node id="2272594768" visible="true" version="3" changeset="17468023" timestamp="2013-08-23T10:38:06Z" user="IRTC1015" uid="223224" lat="37.4485082" lon="126.6519504"/>
 <node id="2272594769" visible="true" version="3" changeset="17468023" timestamp="2013-08-23T10:38:06Z" user="IRTC1015" uid="223224" lat="37.4485147" lon="126.6521402"/>
 <node id="2272594770" visible="true" version="3" changeset="17468023" timestamp="2013-08-23T10:38:06Z" user="IRTC1015" uid="223224" lat="37.4485272" lon="126.6521485"/>
 <node id="2272594771" visible="true" version="3" changeset="17468023" timestamp="2013-08-23T10:38:06Z" user="IRTC1015" uid="223224" lat="37.4485562" lon="126.6520417"/>
 <node id="2272594772" visible="true" version="3" changeset="17468023" timestamp="2013-08-23T10:38:06Z" user="IRTC1015" uid="223224" lat="37.4485716" lon="126.6520520"/>
 <node id="2272594773" visible="true" version="3" changeset="17468023" timestamp="2013-08-23T10:38:06Z" user="IRTC1015" uid="223224" lat="37.4486017" lon="126.6518250"/>
 <node id="2272594774" visible="true" version="3" changeset="17468023" timestamp="2013-08-23T10:38:06Z" user="IRTC1015" uid="223224" lat="37.4486110" lon="126.6518030"/>
 <node id="2272594775" visible="true" version="3" changeset="17468023" timestamp="2013-08-23T10:38:06Z" user="IRTC1015" uid="223224" lat="37.4486201" lon="126.6518374"/>
 <node id="2272594776" visible="true" version="3" changeset="17468023" timestamp="2013-08-23T10:38:06Z" user="IRTC1015" uid="223224" lat="37.4486259" lon="126.6518959"/>
 <node id="2272594777" visible="true" version="3" changeset="17468023" timestamp="2013-08-23T10:38:06Z" user="IRTC1015" uid="223224" lat="37.4486321" lon="126.6518089"/>
 <node id="2272594778" visible="true" version="3" changeset="17468023" timestamp="2013-08-23T10:38:06Z" user="IRTC1015" uid="223224" lat="37.4486349" lon="126.6519019"/>
 <node id="2272594779" visible="true" version="3" changeset="17468023" timestamp="2013-08-23T10:38:06Z" user="IRTC1015" uid="223224" lat="37.4486559" lon="126.6518248"/>
 <node id="2272674532" visible="true" version="4" changeset="126737957" timestamp="2022-09-28T12:07:26Z" user="oldman Jang" uid="17260371" lat="37.4489084" lon="126.6525304"/>
 <node id="2272674534" visible="true" version="4" changeset="126737957" timestamp="2022-09-28T12:07:26Z" user="oldman Jang" uid="17260371" lat="37.4490443" lon="126.6526280"/>
 <node id="2272674536" visible="true" version="4" changeset="126737957" timestamp="2022-09-28T12:07:26Z" user="oldman Jang" uid="17260371" lat="37.4490783" lon="126.6525431"/>
 <node id="2272674538" visible="true" version="4" changeset="126737957" timestamp="2022-09-28T12:07:26Z" user="oldman Jang" uid="17260371" lat="37.4490882" lon="126.6521088"/>
 <node id="2272674539" visible="true" version="4" changeset="126737957" timestamp="2022-09-28T12:07:26Z" user="oldman Jang" uid="17260371" lat="37.4491105" lon="126.6526081"/>
 <node id="2272674541" visible="true" version="4" changeset="126737957" timestamp="2022-09-28T12:07:26Z" user="oldman Jang" uid="17260371" lat="37.4491247" lon="126.6525723"/>
 <node id="2272674543" visible="true" version="4" changeset="126737957" timestamp="2022-09-28T12:07:26Z" user="oldman Jang" uid="17260371" lat="37.4491675" lon="126.6521689"/>
 <node id="2272674545" visible="true" version="4" changeset="126737957" timestamp="2022-09-28T12:07:26Z" user="oldman Jang" uid="17260371" lat="37.4492057" lon="126.6520804"/>
 <node id="2272674547" visible="true" version="4" changeset="126737957" timestamp="2022-09-28T12:07:26Z" user="oldman Jang" uid="17260371" lat="37.4493965" lon="126.6528698"/>
 <node id="2272674548" visible="true" version="4" changeset="126737957" timestamp="2022-09-28T12:07:26Z" user="oldman Jang" uid="17260371" lat="37.4494156" lon="126.6528204"/>
 <node id="2272674550" visible="true" version="4" changeset="126737957" timestamp="2022-09-28T12:07:26Z" user="oldman Jang" uid="17260371" lat="37.4495378" lon="126.6529708"/>
 <node id="2272674552" visible="true" version="4" changeset="126737957" timestamp="2022-09-28T12:07:26Z" user="oldman Jang" uid="17260371" lat="37.4496776" lon="126.6525206"/>
 <node id="2272674554" visible="true" version="4" changeset="126737957" timestamp="2022-09-28T12:07:26Z" user="oldman Jang" uid="17260371" lat="37.4497150" lon="126.6524377"/>
 <node id="2272674556" visible="true" version="4" changeset="126737957" timestamp="2022-09-28T12:07:26Z" user="oldman Jang" uid="17260371" lat="37.4497253" lon="126.6525547"/>
 <node id="2272674645" visible="true" version="3" changeset="17648854" timestamp="2013-09-03T07:41:45Z" user="IRTC1015" uid="223224" lat="37.4490924" lon="126.6549223"/>
 <node id="2272674646" visible="true" version="3" changeset="17648854" timestamp="2013-09-03T07:41:45Z" user="IRTC1015" uid="223224" lat="37.4491213" lon="126.6547712"/>
 <node id="2272674647" visible="true" version="3" changeset="17648854" timestamp="2013-09-03T07:41:45Z" user="IRTC1015" uid="223224" lat="37.4491505" lon="126.6547918"/>
 <node id="2272674648" visible="true" version="3" changeset="17648854" timestamp="2013-09-03T07:41:45Z" user="IRTC1015" uid="223224" lat="37.4491730" lon="126.6546550"/>
 <node id="2272674649" visible="true" version="3" changeset="17648854" timestamp="2013-09-03T07:41:46Z" user="IRTC1015" uid="223224" lat="37.4491809" lon="126.6546605"/>
 <node id="2272674650" visible="true" version="3" changeset="17648854" timestamp="2013-09-03T07:41:46Z" user="IRTC1015" uid="223224" lat="37.4492543" lon="126.6550367"/>
 <node id="2272674651" visible="true" version="3" changeset="17648854" timestamp="2013-09-03T07:41:46Z" user="IRTC1015" uid="223224" lat="37.4493349" lon="126.6547643"/>
 <node id="2272674652" visible="true" version="3" changeset="17648854" timestamp="2013-09-03T07:41:46Z" user="IRTC1015" uid="223224" lat="37.4493659" lon="126.6547862"/>
 <node id="2272674653" visible="true" version="3" changeset="17648854" timestamp="2013-09-03T07:41:46Z" user="IRTC1015" uid="223224" lat="37.4494086" lon="126.6545988"/>
 <node id="2272674654" visible="true" version="3" changeset="17648854" timestamp="2013-09-03T07:41:46Z" user="IRTC1015" uid="223224" lat="37.4494309" lon="126.6540604"/>
 <node id="2272674655" visible="true" version="3" changeset="17648854" timestamp="2013-09-03T07:41:46Z" user="IRTC1015" uid="223224" lat="37.4494440" lon="126.6540696"/>
 <node id="2272674656" visible="true" version="3" changeset="17648854" timestamp="2013-09-03T07:41:46Z" user="IRTC1015" uid="223224" lat="37.4494846" lon="126.6539400"/>
 <node id="2272674657" visible="true" version="3" changeset="17648854" timestamp="2013-09-03T07:41:46Z" user="IRTC1015" uid="223224" lat="37.4495047" lon="126.6539542"/>
 <node id="2272674658" visible="true" version="3" changeset="17648854" timestamp="2013-09-03T07:41:46Z" user="IRTC1015" uid="223224" lat="37.4495105" lon="126.6543632"/>
 <node id="2272674659" visible="true" version="3" changeset="17648854" timestamp="2013-09-03T07:41:46Z" user="IRTC1015" uid="223224" lat="37.4495594" lon="126.6538313"/>
 <node id="2272674660" visible="true" version="3" changeset="17648854" timestamp="2013-09-03T07:41:46Z" user="IRTC1015" uid="223224" lat="37.4495654" lon="126.6547096"/>
 <node id="2272674661" visible="true" version="3" changeset="17648854" timestamp="2013-09-03T07:41:46Z" user="IRTC1015" uid="223224" lat="37.4495967" lon="126.6541697"/>
 <node id="2272674662" visible="true" version="3" changeset="17648854" timestamp="2013-09-03T07:41:46Z" user="IRTC1015" uid="223224" lat="37.4496257" lon="126.6541902"/>
 <node id="2272674663" visible="true" version="3" changeset="17648854" timestamp="2013-09-03T07:41:46Z" user="IRTC1015" uid="223224" lat="37.4496697" lon="126.6544756"/>
 <node id="2272674664" visible="true" version="3" changeset="17648854" timestamp="2013-09-03T07:41:46Z" user="IRTC1015" uid="223224" lat="37.4497314" lon="126.6539528"/>
 <node id="2273250459" visible="true" version="4" changeset="17648854" timestamp="2013-09-03T07:41:46Z" user="IRTC1015" uid="223224" lat="37.4478376" lon="126.6573158"/>
 <node id="2273250460" visible="true" version="4" changeset="17648854" timestamp="2013-09-03T07:41:46Z" user="IRTC1015" uid="223224" lat="37.4479240" lon="126.6573754"/>
 <node id="2273250461" visible="true" version="4" changeset="17648854" timestamp="2013-09-03T07:41:46Z" user="IRTC1015" uid="223224" lat="37.4479390" lon="126.6573410"/>
 <node id="2273250462" visible="true" version="4" changeset="17648854" timestamp="2013-09-03T07:41:46Z" user="IRTC1015" uid="223224" lat="37.4479755" lon="126.6572595"/>
 <node id="2273250463" visible="true" version="4" changeset="17648854" timestamp="2013-09-03T07:41:46Z" user="IRTC1015" uid="223224" lat="37.4479987" lon="126.6573822"/>
 <node id="2273250464" visible="true" version="4" changeset="17648854" timestamp="2013-09-03T07:41:46Z" user="IRTC1015" uid="223224" lat="37.4480344" lon="126.6573001"/>
 <node id="2273250465" visible="true" version="4" changeset="17648854" timestamp="2013-09-03T07:41:46Z" user="IRTC1015" uid="223224" lat="37.4480846" lon="126.6570084"/>
 <node id="2273250466" visible="true" version="4" changeset="17648854" timestamp="2013-09-03T07:41:46Z" user="IRTC1015" uid="223224" lat="37.4481201" lon="126.6569313"/>
 <node id="2273250467" visible="true" version="4" changeset="17648854" timestamp="2013-09-03T07:41:47Z" user="IRTC1015" uid="223224" lat="37.4481289" lon="126.6570389"/>
 <node id="2273250468" visible="true" version="4" changeset="17648854" timestamp="2013-09-03T07:41:47Z" user="IRTC1015" uid="223224" lat="37.4481629" lon="126.6569607"/>
 <node id="2273250469" visible="true" version="4" changeset="17648854" timestamp="2013-09-03T07:41:47Z" user="IRTC1015" uid="223224" lat="37.4481849" lon="126.6565164"/>
 <node id="2273250470" visible="true" version="4" changeset="17648854" timestamp="2013-09-03T07:41:47Z" user="IRTC1015" uid="223224" lat="37.4482057" lon="126.6567344"/>
 <node id="2273250471" visible="true" version="3" changeset="17648854" timestamp="2013-09-03T07:41:47Z" user="IRTC1015" uid="223224" lat="37.4482201" lon="126.6575475"/>
 <node id="2273250472" visible="true" version="3" changeset="17648854" timestamp="2013-09-03T07:41:47Z" user="IRTC1015" uid="223224" lat="37.4482278" lon="126.6576075"/>
 <node id="2273250473" visible="true" version="4" changeset="17648854" timestamp="2013-09-03T07:41:47Z" user="IRTC1015" uid="223224" lat="37.4482439" lon="126.6567608"/>
 <node id="2273250474" visible="true" version="3" changeset="17648854" timestamp="2013-09-03T07:41:47Z" user="IRTC1015" uid="223224" lat="37.4482459" lon="126.6575637"/>
 <node id="2273250475" visible="true" version="4" changeset="17648854" timestamp="2013-09-03T07:41:47Z" user="IRTC1015" uid="223224" lat="37.4482578" lon="126.6566077"/>
 <node id="2273250476" visible="true" version="4" changeset="17648854" timestamp="2013-09-03T07:41:47Z" user="IRTC1015" uid="223224" lat="37.4482625" lon="126.6567179"/>
 <node id="2273250477" visible="true" version="4" changeset="17648854" timestamp="2013-09-03T07:41:47Z" user="IRTC1015" uid="223224" lat="37.4482715" lon="126.6565760"/>
 <node id="2273250478" visible="true" version="4" changeset="17648854" timestamp="2013-09-03T07:41:47Z" user="IRTC1015" uid="223224" lat="37.4482962" lon="126.6567411"/>
 <node id="2273250479" visible="true" version="3" changeset="17648854" timestamp="2013-09-03T07:41:47Z" user="IRTC1015" uid="223224" lat="37.4483052" lon="126.6576482"/>
 <node id="2273250480" visible="true" version="3" changeset="17648854" timestamp="2013-09-03T07:41:47Z" user="IRTC1015" uid="223224" lat="37.4483220" lon="126.6576075"/>
 <node id="2273250481" visible="true" version="4" changeset="17648854" timestamp="2013-09-03T07:41:47Z" user="IRTC1015" uid="223224" lat="37.4483319" lon="126.6566588"/>
 <node id="2273250482" visible="true" version="3" changeset="17648854" timestamp="2013-09-03T07:41:47Z" user="IRTC1015" uid="223224" lat="37.4483336" lon="126.6571706"/>
 <node id="2273250483" visible="true" version="3" changeset="17648854" timestamp="2013-09-03T07:41:47Z" user="IRTC1015" uid="223224" lat="37.4483336" lon="126.6572096"/>
 <node id="2273250484" visible="true" version="3" changeset="17648854" timestamp="2013-09-03T07:41:47Z" user="IRTC1015" uid="223224" lat="37.4483426" lon="126.6572275"/>
 <node id="2273250485" visible="true" version="3" changeset="17648854" timestamp="2013-09-03T07:41:47Z" user="IRTC1015" uid="223224" lat="37.4483452" lon="126.6571414"/>
 <node id="2273250486" visible="true" version="3" changeset="17648854" timestamp="2013-09-03T07:41:47Z" user="IRTC1015" uid="223224" lat="37.4483537" lon="126.6572449"/>
 <node id="2273250487" visible="true" version="3" changeset="17648854" timestamp="2013-09-03T07:41:47Z" user="IRTC1015" uid="223224" lat="37.4483632" lon="126.6571089"/>
 <node id="2273250488" visible="true" version="3" changeset="17648854" timestamp="2013-09-03T07:41:47Z" user="IRTC1015" uid="223224" lat="37.4483774" lon="126.6576417"/>
 <node id="2273250489" visible="true" version="3" changeset="17648854" timestamp="2013-09-03T07:41:47Z" user="IRTC1015" uid="223224" lat="37.4483929" lon="126.6570927"/>
 <node id="2273250490" visible="true" version="3" changeset="17648854" timestamp="2013-09-03T07:41:47Z" user="IRTC1015" uid="223224" lat="37.4484328" lon="126.6570927"/>
 <node id="2273250491" visible="true" version="3" changeset="17648854" timestamp="2013-09-03T07:41:47Z" user="IRTC1015" uid="223224" lat="37.4485631" lon="126.6567629"/>
 <node id="2273250492" visible="true" version="3" changeset="17648854" timestamp="2013-09-03T07:41:47Z" user="IRTC1015" uid="223224" lat="37.4485871" lon="126.6567821"/>
 <node id="2273250493" visible="true" version="3" changeset="17648854" timestamp="2013-09-03T07:41:47Z" user="IRTC1015" uid="223224" lat="37.4486013" lon="126.6567479"/>
 <node id="2273250494" visible="true" version="3" changeset="17648854" timestamp="2013-09-03T07:41:47Z" user="IRTC1015" uid="223224" lat="37.4486567" lon="126.6568308"/>
 <node id="2273250495" visible="true" version="3" changeset="17648854" timestamp="2013-09-03T07:41:47Z" user="IRTC1015" uid="223224" lat="37.4486683" lon="126.6567934"/>
 <node id="2273250496" visible="true" version="3" changeset="17648854" timestamp="2013-09-03T07:41:47Z" user="IRTC1015" uid="223224" lat="37.4487070" lon="126.6568616"/>
 <node id="2273253114" visible="true" version="6" changeset="164283310" timestamp="2025-03-30T11:32:51Z" user="Wolframite74" uid="20102979" lat="37.4470961" lon="126.6536904">
  <tag k="bus" v="yes"/>
  <tag k="highway" v="bus_stop"/>
  <tag k="local_ref" v="woongbijae"/>
  <tag k="name" v="(웅비재)woongbijae"/>
  <tag k="network" v="인천광역시 시내버스"/>
  <tag k="network:ko" v="인천광역시 시내버스"/>
  <tag k="network:wikidata" v="Q12613485"/>
  <tag k="public_transport" v="platform"/>
 </node>
 <node id="2273259183" visible="true" version="4" changeset="57051379" timestamp="2018-03-10T06:59:33Z" user="pehrelax" uid="3805548" lat="37.4480915" lon="126.6588669"/>
 <node id="2273259184" visible="true" version="4" changeset="57051379" timestamp="2018-03-10T06:59:33Z" user="pehrelax" uid="3805548" lat="37.4482184" lon="126.6589372"/>
 <node id="2273259185" visible="true" version="4" changeset="57051379" timestamp="2018-03-10T06:59:33Z" user="pehrelax" uid="3805548" lat="37.4483298" lon="126.6583195"/>
 <node id="2273259186" visible="true" version="3" changeset="57051379" timestamp="2018-03-10T06:59:33Z" user="pehrelax" uid="3805548" lat="37.4484461" lon="126.6586173"/>
 <node id="2273259187" visible="true" version="4" changeset="57051379" timestamp="2018-03-10T06:59:33Z" user="pehrelax" uid="3805548" lat="37.4484438" lon="126.6583967"/>
 <node id="2273259188" visible="true" version="3" changeset="57051379" timestamp="2018-03-10T06:59:32Z" user="pehrelax" uid="3805548" lat="37.4485123" lon="126.6584630"/>
 <node id="2273259189" visible="true" version="3" changeset="57051379" timestamp="2018-03-10T06:59:32Z" user="pehrelax" uid="3805548" lat="37.4488181" lon="126.6588559"/>
 <node id="2273259190" visible="true" version="3" changeset="57051379" timestamp="2018-03-10T06:59:32Z" user="pehrelax" uid="3805548" lat="37.4488837" lon="126.6587017"/>
 <node id="2273425534" visible="true" version="3" changeset="17648854" timestamp="2013-09-03T07:41:48Z" user="IRTC1015" uid="223224" lat="37.4474673" lon="126.6585815"/>
 <node id="2273425535" visible="true" version="3" changeset="17648854" timestamp="2013-09-03T07:41:48Z" user="IRTC1015" uid="223224" lat="37.4475495" lon="126.6583884"/>
 <node id="2273425536" visible="true" version="4" changeset="57051379" timestamp="2018-03-10T06:59:32Z" user="pehrelax" uid="3805548" lat="37.4476526" lon="126.6580782"/>
 <node id="2273425537" visible="true" version="3" changeset="17648854" timestamp="2013-09-03T07:41:48Z" user="IRTC1015" uid="223224" lat="37.4478782" lon="126.6588401"/>
 <node id="2273425538" visible="true" version="3" changeset="17648854" timestamp="2013-09-03T07:41:48Z" user="IRTC1015" uid="223224" lat="37.4479481" lon="126.6586523"/>
 <node id="2273425539" visible="true" version="4" changeset="57051379" timestamp="2018-03-10T06:59:32Z" user="pehrelax" uid="3805548" lat="37.4478347" lon="126.6576748"/>
 <node id="2273425540" visible="true" version="3" changeset="17648854" timestamp="2013-09-03T07:41:48Z" user="IRTC1015" uid="223224" lat="37.4479850" lon="126.6582864"/>
 <node id="2273425542" visible="true" version="3" changeset="17648854" timestamp="2013-09-03T07:41:48Z" user="IRTC1015" uid="223224" lat="37.4481423" lon="126.6578865"/>
 <node id="2273428496" visible="true" version="4" changeset="108754512" timestamp="2021-07-28T11:35:02Z" user="Wudang" uid="10888633" lat="37.4482582" lon="126.6561784"/>
 <node id="2273428497" visible="true" version="4" changeset="108754512" timestamp="2021-07-28T11:35:02Z" user="Wudang" uid="10888633" lat="37.4482681" lon="126.6562554"/>
 <node id="2273428498" visible="true" version="4" changeset="108754512" timestamp="2021-07-28T11:35:02Z" user="Wudang" uid="10888633" lat="37.4484035" lon="126.6558345"/>
 <node id="2273428499" visible="true" version="4" changeset="108754512" timestamp="2021-07-28T11:35:02Z" user="Wudang" uid="10888633" lat="37.4484133" lon="126.6563531"/>
 <node id="2273428500" visible="true" version="4" changeset="108754512" timestamp="2021-07-28T11:35:02Z" user="Wudang" uid="10888633" lat="37.4484690" lon="126.6557794"/>
 <node id="2273428501" visible="true" version="4" changeset="108754512" timestamp="2021-07-28T11:35:02Z" user="Wudang" uid="10888633" lat="37.4484854" lon="126.6563283"/>
 <node id="2273428502" visible="true" version="4" changeset="108754512" timestamp="2021-07-28T11:35:02Z" user="Wudang" uid="10888633" lat="37.4486274" lon="126.6559913"/>
 <node id="2273428503" visible="true" version="4" changeset="108754512" timestamp="2021-07-28T11:35:02Z" user="Wudang" uid="10888633" lat="37.4486296" lon="126.6558867"/>
 <node id="2273434938" visible="true" version="2" changeset="17468023" timestamp="2013-08-23T10:38:10Z" user="IRTC1015" uid="223224" lat="37.4490857" lon="126.6565488"/>
 <node id="2273434939" visible="true" version="2" changeset="17468023" timestamp="2013-08-23T10:38:10Z" user="IRTC1015" uid="223224" lat="37.4491173" lon="126.6566272"/>
 <node id="2273434940" visible="true" version="2" changeset="17468023" timestamp="2013-08-23T10:38:10Z" user="IRTC1015" uid="223224" lat="37.4491281" lon="126.6563587"/>
 <node id="2273434941" visible="true" version="2" changeset="17468023" timestamp="2013-08-23T10:38:10Z" user="IRTC1015" uid="223224" lat="37.4492346" lon="126.6563567"/>
 <node id="2273434942" visible="true" version="2" changeset="17468023" timestamp="2013-08-23T10:38:10Z" user="IRTC1015" uid="223224" lat="37.4492840" lon="126.6563859"/>
 <node id="2273434943" visible="true" version="2" changeset="17468023" timestamp="2013-08-23T10:38:10Z" user="IRTC1015" uid="223224" lat="37.4493677" lon="126.6563858"/>
 <node id="2273434944" visible="true" version="2" changeset="17468023" timestamp="2013-08-23T10:38:10Z" user="IRTC1015" uid="223224" lat="37.4493897" lon="126.6569158"/>
 <node id="2273434945" visible="true" version="2" changeset="17468023" timestamp="2013-08-23T10:38:10Z" user="IRTC1015" uid="223224" lat="37.4493980" lon="126.6567937"/>
 <node id="2273434946" visible="true" version="2" changeset="17468023" timestamp="2013-08-23T10:38:10Z" user="IRTC1015" uid="223224" lat="37.4494264" lon="126.6563392"/>
 <node id="2273434947" visible="true" version="3" changeset="57051379" timestamp="2018-03-10T06:59:32Z" user="pehrelax" uid="3805548" lat="37.4494772" lon="126.6569714"/>
 <node id="2273434948" visible="true" version="2" changeset="17468023" timestamp="2013-08-23T10:38:10Z" user="IRTC1015" uid="223224" lat="37.4494635" lon="126.6562594"/>
 <node id="2273434950" visible="true" version="2" changeset="17468023" timestamp="2013-08-23T10:38:10Z" user="IRTC1015" uid="223224" lat="37.4495812" lon="126.6563179"/>
 <node id="2273434952" visible="true" version="2" changeset="17468023" timestamp="2013-08-23T10:38:10Z" user="IRTC1015" uid="223224" lat="37.4495910" lon="126.6562918"/>
 <node id="2273434953" visible="true" version="3" changeset="46961468" timestamp="2017-03-18T17:04:17Z" user="7684F217EA19BA8FA19C3D74" uid="5222005" lat="37.4495315" lon="126.6563158"/>
 <node id="2273434954" visible="true" version="2" changeset="17468023" timestamp="2013-08-23T10:38:10Z" user="IRTC1015" uid="223224" lat="37.4496118" lon="126.6562835"/>
 <node id="2273434955" visible="true" version="2" changeset="17468023" timestamp="2013-08-23T10:38:10Z" user="IRTC1015" uid="223224" lat="37.4496380" lon="126.6562945"/>
 <node id="2273434956" visible="true" version="2" changeset="17468023" timestamp="2013-08-23T10:38:10Z" user="IRTC1015" uid="223224" lat="37.4497152" lon="126.6564673"/>
 <node id="2273434957" visible="true" version="2" changeset="17468023" timestamp="2013-08-23T10:38:10Z" user="IRTC1015" uid="223224" lat="37.4497720" lon="126.6564439"/>
 <node id="2273434958" visible="true" version="3" changeset="57051379" timestamp="2018-03-10T06:59:32Z" user="pehrelax" uid="3805548" lat="37.4497695" lon="126.6568173"/>
 <node id="2273434959" visible="true" version="2" changeset="17468023" timestamp="2013-08-23T10:38:10Z" user="IRTC1015" uid="223224" lat="37.4499052" lon="126.6565375"/>
 <node id="2273434963" visible="true" version="2" changeset="17468023" timestamp="2013-08-23T10:38:10Z" user="IRTC1015" uid="223224" lat="37.4500112" lon="126.6569824"/>
 <node id="2273434964" visible="true" version="2" changeset="17468023" timestamp="2013-08-23T10:38:10Z" user="IRTC1015" uid="223224" lat="37.4500417" lon="126.6564852"/>
 <node id="2273434965" visible="true" version="2" changeset="17468023" timestamp="2013-08-23T10:38:10Z" user="IRTC1015" uid="223224" lat="37.4501058" lon="126.6567718"/>
 <node id="2273434966" visible="true" version="2" changeset="17468023" timestamp="2013-08-23T10:38:10Z" user="IRTC1015" uid="223224" lat="37.4501430" lon="126.6567071"/>
 <node id="2273434967" visible="true" version="2" changeset="17468023" timestamp="2013-08-23T10:38:10Z" user="IRTC1015" uid="223224" lat="37.4501583" lon="126.6568075"/>
 <node id="2273434968" visible="true" version="2" changeset="17468023" timestamp="2013-08-23T10:38:10Z" user="IRTC1015" uid="223224" lat="37.4501888" lon="126.6567401"/>
 <node id="2273434969" visible="true" version="2" changeset="17468023" timestamp="2013-08-23T10:38:10Z" user="IRTC1015" uid="223224" lat="37.4501913" lon="126.6565884"/>
 <node id="2273439053" visible="true" version="5" changeset="185044612" timestamp="2026-07-03T14:50:49Z" user="BLUE LIME" uid="22330927" lat="37.4492159" lon="126.6565478">
  <tag k="amenity" v="bank"/>
  <tag k="atm" v="yes"/>
  <tag k="branch" v="인하대지점"/>
  <tag k="brand" v="하나은행"/>
  <tag k="brand:en" v="KEB Hana Bank"/>
  <tag k="brand:ko" v="하나은행"/>
  <tag k="brand:wikidata" v="Q484047"/>
  <tag k="name" v="하나은행"/>
  <tag k="name:en" v="KEB Hana Bank"/>
  <tag k="name:ko" v="하나은행"/>
 </node>
 <node id="2273439962" visible="true" version="4" changeset="185044612" timestamp="2026-07-03T14:50:49Z" user="BLUE LIME" uid="22330927" lat="37.4497737" lon="126.6565650">
  <tag k="amenity" v="restaurant"/>
  <tag k="cuisine" v="international"/>
  <tag k="name" v="학생식당"/>
 </node>
 <node id="2273452771" visible="true" version="2" changeset="17468023" timestamp="2013-08-23T10:38:10Z" user="IRTC1015" uid="223224" lat="37.4490221" lon="126.6574716"/>
 <node id="2273452773" visible="true" version="2" changeset="17468023" timestamp="2013-08-23T10:38:10Z" user="IRTC1015" uid="223224" lat="37.4490664" lon="126.6573735"/>
 <node id="2273452775" visible="true" version="2" changeset="17468023" timestamp="2013-08-23T10:38:10Z" user="IRTC1015" uid="223224" lat="37.4490753" lon="126.6573473"/>
 <node id="2273452778" visible="true" version="2" changeset="17468023" timestamp="2013-08-23T10:38:10Z" user="IRTC1015" uid="223224" lat="37.4490768" lon="126.6573817"/>
 <node id="2273452780" visible="true" version="2" changeset="17468023" timestamp="2013-08-23T10:38:11Z" user="IRTC1015" uid="223224" lat="37.4490868" lon="126.6573590"/>
 <node id="2273452782" visible="true" version="2" changeset="17468023" timestamp="2013-08-23T10:38:11Z" user="IRTC1015" uid="223224" lat="37.4491683" lon="126.6575687"/>
 <node id="2273452784" visible="true" version="2" changeset="17468023" timestamp="2013-08-23T10:38:11Z" user="IRTC1015" uid="223224" lat="37.4491920" lon="126.6570795"/>
 <node id="2273452786" visible="true" version="2" changeset="17468023" timestamp="2013-08-23T10:38:11Z" user="IRTC1015" uid="223224" lat="37.4491961" lon="126.6574622"/>
 <node id="2273452788" visible="true" version="2" changeset="17468023" timestamp="2013-08-23T10:38:11Z" user="IRTC1015" uid="223224" lat="37.4492032" lon="126.6570887"/>
 <node id="2273452790" visible="true" version="2" changeset="17468023" timestamp="2013-08-23T10:38:11Z" user="IRTC1015" uid="223224" lat="37.4492051" lon="126.6570552"/>
 <node id="2273452792" visible="true" version="2" changeset="17468023" timestamp="2013-08-23T10:38:11Z" user="IRTC1015" uid="223224" lat="37.4492081" lon="126.6574724"/>
 <node id="2273452794" visible="true" version="2" changeset="17468023" timestamp="2013-08-23T10:38:11Z" user="IRTC1015" uid="223224" lat="37.4492085" lon="126.6574325"/>
 <node id="2273452796" visible="true" version="2" changeset="17468023" timestamp="2013-08-23T10:38:11Z" user="IRTC1015" uid="223224" lat="37.4492151" lon="126.6570639"/>
 <node id="2273452798" visible="true" version="2" changeset="17468023" timestamp="2013-08-23T10:38:11Z" user="IRTC1015" uid="223224" lat="37.4492251" lon="126.6574462"/>
 <node id="2273452800" visible="true" version="2" changeset="17468023" timestamp="2013-08-23T10:38:11Z" user="IRTC1015" uid="223224" lat="37.4492469" lon="126.6569539"/>
 <node id="2273452802" visible="true" version="2" changeset="17468023" timestamp="2013-08-23T10:38:11Z" user="IRTC1015" uid="223224" lat="37.4493420" lon="126.6571359"/>
 <node id="2273452804" visible="true" version="2" changeset="17468023" timestamp="2013-08-23T10:38:11Z" user="IRTC1015" uid="223224" lat="37.4493516" lon="126.6571101"/>
 <node id="2273452807" visible="true" version="2" changeset="17468023" timestamp="2013-08-23T10:38:11Z" user="IRTC1015" uid="223224" lat="37.4493532" lon="126.6571456"/>
 <node id="2273452809" visible="true" version="2" changeset="17468023" timestamp="2013-08-23T10:38:11Z" user="IRTC1015" uid="223224" lat="37.4493640" lon="126.6571186"/>
 <node id="2273452811" visible="true" version="2" changeset="17468023" timestamp="2013-08-23T10:38:11Z" user="IRTC1015" uid="223224" lat="37.4493894" lon="126.6570502"/>
 <node id="2273453270" visible="true" version="2" changeset="17468023" timestamp="2013-08-23T10:38:11Z" user="IRTC1015" uid="223224" lat="37.4487535" lon="126.6580593"/>
 <node id="2273453271" visible="true" version="2" changeset="17468023" timestamp="2013-08-23T10:38:11Z" user="IRTC1015" uid="223224" lat="37.4489130" lon="126.6581693"/>
 <node id="2273453272" visible="true" version="2" changeset="17468023" timestamp="2013-08-23T10:38:11Z" user="IRTC1015" uid="223224" lat="37.4489777" lon="126.6574961"/>
 <node id="2273453273" visible="true" version="2" changeset="17468023" timestamp="2013-08-23T10:38:11Z" user="IRTC1015" uid="223224" lat="37.4491372" lon="126.6576102"/>
 <node id="2273460219" visible="true" version="2" changeset="17468023" timestamp="2013-08-23T10:38:11Z" user="IRTC1015" uid="223224" lat="37.4502902" lon="126.6585003"/>
 <node id="2273460220" visible="true" version="2" changeset="17468023" timestamp="2013-08-23T10:38:11Z" user="IRTC1015" uid="223224" lat="37.4504401" lon="126.6584458"/>
 <node id="2273460221" visible="true" version="2" changeset="17468023" timestamp="2013-08-23T10:38:11Z" user="IRTC1015" uid="223224" lat="37.4504601" lon="126.6579147"/>
 <node id="2273460222" visible="true" version="2" changeset="17468023" timestamp="2013-08-23T10:38:11Z" user="IRTC1015" uid="223224" lat="37.4504747" lon="126.6583560"/>
 <node id="2273460223" visible="true" version="2" changeset="17468023" timestamp="2013-08-23T10:38:11Z" user="IRTC1015" uid="223224" lat="37.4505086" lon="126.6584308"/>
 <node id="2273460224" visible="true" version="2" changeset="17468023" timestamp="2013-08-23T10:38:11Z" user="IRTC1015" uid="223224" lat="37.4505225" lon="126.6583754"/>
 <node id="2273460225" visible="true" version="2" changeset="17468023" timestamp="2013-08-23T10:38:11Z" user="IRTC1015" uid="223224" lat="37.4505760" lon="126.6579672"/>
 <node id="2273460226" visible="true" version="2" changeset="17468023" timestamp="2013-08-23T10:38:11Z" user="IRTC1015" uid="223224" lat="37.4505791" lon="126.6586229"/>
 <node id="2273460227" visible="true" version="2" changeset="17468023" timestamp="2013-08-23T10:38:11Z" user="IRTC1015" uid="223224" lat="37.4505908" lon="126.6579311"/>
 <node id="2273460228" visible="true" version="2" changeset="17468023" timestamp="2013-08-23T10:38:11Z" user="IRTC1015" uid="223224" lat="37.4506028" lon="126.6584766"/>
 <node id="2273460229" visible="true" version="2" changeset="17468023" timestamp="2013-08-23T10:38:11Z" user="IRTC1015" uid="223224" lat="37.4506084" lon="126.6585120"/>
 <node id="2273460230" visible="true" version="2" changeset="17468023" timestamp="2013-08-23T10:38:11Z" user="IRTC1015" uid="223224" lat="37.4506889" lon="126.6580155"/>
 <node id="2273460231" visible="true" version="2" changeset="17468023" timestamp="2013-08-23T10:38:11Z" user="IRTC1015" uid="223224" lat="37.4506987" lon="126.6579776"/>
 <node id="2273460232" visible="true" version="2" changeset="17468023" timestamp="2013-08-23T10:38:11Z" user="IRTC1015" uid="223224" lat="37.4507178" lon="126.6580334"/>
 <node id="2273464943" visible="true" version="2" changeset="17468023" timestamp="2013-08-23T10:38:11Z" user="IRTC1015" uid="223224" lat="37.4494306" lon="126.6585546"/>
 <node id="2273464946" visible="true" version="2" changeset="17468023" timestamp="2013-08-23T10:38:11Z" user="IRTC1015" uid="223224" lat="37.4495814" lon="126.6586633"/>
 <node id="2273464948" visible="true" version="2" changeset="17468023" timestamp="2013-08-23T10:38:11Z" user="IRTC1015" uid="223224" lat="37.4497244" lon="126.6583225"/>
 <node id="2273464950" visible="true" version="2" changeset="17468023" timestamp="2013-08-23T10:38:11Z" user="IRTC1015" uid="223224" lat="37.4497257" lon="126.6579000"/>
 <node id="2273464952" visible="true" version="2" changeset="17468023" timestamp="2013-08-23T10:38:11Z" user="IRTC1015" uid="223224" lat="37.4497392" lon="126.6583349"/>
 <node id="2273464953" visible="true" version="2" changeset="17468023" timestamp="2013-08-23T10:38:12Z" user="IRTC1015" uid="223224" lat="37.4497463" lon="126.6582751"/>
 <node id="2273464954" visible="true" version="2" changeset="17468023" timestamp="2013-08-23T10:38:12Z" user="IRTC1015" uid="223224" lat="37.4497599" lon="126.6582867"/>
 <node id="2273464955" visible="true" version="2" changeset="17468023" timestamp="2013-08-23T10:38:12Z" user="IRTC1015" uid="223224" lat="37.4497890" lon="126.6579477"/>
 <node id="2273464956" visible="true" version="2" changeset="17468023" timestamp="2013-08-23T10:38:12Z" user="IRTC1015" uid="223224" lat="37.4498068" lon="126.6579059"/>
 <node id="2273464958" visible="true" version="2" changeset="17468023" timestamp="2013-08-23T10:38:12Z" user="IRTC1015" uid="223224" lat="37.4498338" lon="126.6578444"/>
 <node id="2273464960" visible="true" version="2" changeset="17468023" timestamp="2013-08-23T10:38:12Z" user="IRTC1015" uid="223224" lat="37.4498647" lon="126.6580089"/>
 <node id="2273464962" visible="true" version="2" changeset="17468023" timestamp="2013-08-23T10:38:12Z" user="IRTC1015" uid="223224" lat="37.4498773" lon="126.6577546"/>
 <node id="2273464964" visible="true" version="2" changeset="17468023" timestamp="2013-08-23T10:38:12Z" user="IRTC1015" uid="223224" lat="37.4498779" lon="126.6580200"/>
 <node id="2273464966" visible="true" version="2" changeset="17468023" timestamp="2013-08-23T10:38:12Z" user="IRTC1015" uid="223224" lat="37.4498943" lon="126.6577697"/>
 <node id="2273464968" visible="true" version="2" changeset="17468023" timestamp="2013-08-23T10:38:12Z" user="IRTC1015" uid="223224" lat="37.4498995" lon="126.6579710"/>
 <node id="2273464970" visible="true" version="2" changeset="17468023" timestamp="2013-08-23T10:38:12Z" user="IRTC1015" uid="223224" lat="37.4499414" lon="126.6576738"/>
 <node id="2273464972" visible="true" version="2" changeset="17468023" timestamp="2013-08-23T10:38:12Z" user="IRTC1015" uid="223224" lat="37.4499599" lon="126.6576919"/>
 <node id="2273464974" visible="true" version="2" changeset="17468023" timestamp="2013-08-23T10:38:12Z" user="IRTC1015" uid="223224" lat="37.4499719" lon="126.6576657"/>
 <node id="2273464976" visible="true" version="2" changeset="17468023" timestamp="2013-08-23T10:38:12Z" user="IRTC1015" uid="223224" lat="37.4502328" lon="126.6581288"/>
 <node id="2273464978" visible="true" version="2" changeset="17468023" timestamp="2013-08-23T10:38:12Z" user="IRTC1015" uid="223224" lat="37.4502465" lon="126.6580979"/>
 <node id="2273464980" visible="true" version="2" changeset="17468023" timestamp="2013-08-23T10:38:12Z" user="IRTC1015" uid="223224" lat="37.4502923" lon="126.6581303"/>
 <node id="2273464982" visible="true" version="2" changeset="17468023" timestamp="2013-08-23T10:38:12Z" user="IRTC1015" uid="223224" lat="37.4503748" lon="126.6579494"/>
 <node id="2273469495" visible="true" version="3" changeset="57051379" timestamp="2018-03-10T06:59:32Z" user="pehrelax" uid="3805548" lat="37.4496013" lon="126.6587981"/>
 <node id="2273469496" visible="true" version="2" changeset="17468023" timestamp="2013-08-23T10:38:12Z" user="IRTC1015" uid="223224" lat="37.4496666" lon="126.6586313"/>
 <node id="2273469497" visible="true" version="2" changeset="17468023" timestamp="2013-08-23T10:38:12Z" user="IRTC1015" uid="223224" lat="37.4497040" lon="126.6586599"/>
 <node id="2273469498" visible="true" version="2" changeset="17468023" timestamp="2013-08-23T10:38:12Z" user="IRTC1015" uid="223224" lat="37.4497121" lon="126.6586420"/>
 <node id="2273469499" visible="true" version="3" changeset="57051379" timestamp="2018-03-10T06:59:32Z" user="pehrelax" uid="3805548" lat="37.4499221" lon="126.6590039"/>
 <node id="2273469500" visible="true" version="3" changeset="57051379" timestamp="2018-03-10T06:59:32Z" user="pehrelax" uid="3805548" lat="37.4499707" lon="126.6588479"/>
 <node id="2273469501" visible="true" version="3" changeset="57051379" timestamp="2018-03-10T06:59:32Z" user="pehrelax" uid="3805548" lat="37.4499789" lon="126.6588263"/>
 <node id="2273469502" visible="true" version="3" changeset="57051379" timestamp="2018-03-10T06:59:32Z" user="pehrelax" uid="3805548" lat="37.4499866" lon="126.6588614"/>
 <node id="2273620631" visible="true" version="7" changeset="170053058" timestamp="2025-08-06T11:45:50Z" user="mampir" uid="8982757" lat="37.4472273" lon="126.6538877">
  <tag k="bus" v="yes"/>
  <tag k="highway" v="bus_stop"/>
  <tag k="local_ref" v="Inha main gate"/>
  <tag k="name" v="인하대정문"/>
  <tag k="name:en" v="Inha main gate"/>
  <tag k="name:ko" v="인하대정문"/>
  <tag k="network" v="인천광역시 시내버스"/>
  <tag k="network:ko" v="인천광역시 시내버스"/>
  <tag k="network:wikidata" v="Q12613485"/>
  <tag k="public_transport" v="platform"/>
  <tag k="ref" v="37104"/>
 </node>
 <node id="2273758509" visible="true" version="4" changeset="108754512" timestamp="2021-07-28T11:35:02Z" user="Wudang" uid="10888633" lat="37.4505509" lon="126.6576761"/>
 <node id="2273758511" visible="true" version="3" changeset="46961468" timestamp="2017-03-18T17:04:17Z" user="7684F217EA19BA8FA19C3D74" uid="5222005" lat="37.4501721" lon="126.6574273"/>
 <node id="2273758512" visible="true" version="4" changeset="46961468" timestamp="2017-03-18T17:04:17Z" user="7684F217EA19BA8FA19C3D74" uid="5222005" lat="37.4502699" lon="126.6572379"/>
 <node id="2273758513" visible="true" version="5" changeset="126731102" timestamp="2022-09-28T09:22:47Z" user="oldman Jang" uid="17260371" lat="37.4507888" lon="126.6566866"/>
 <node id="2273758516" visible="true" version="4" changeset="46961468" timestamp="2017-03-18T17:04:17Z" user="7684F217EA19BA8FA19C3D74" uid="5222005" lat="37.4510394" lon="126.6568184"/>
 <node id="2273758518" visible="true" version="3" changeset="46961468" timestamp="2017-03-18T17:04:17Z" user="7684F217EA19BA8FA19C3D74" uid="5222005" lat="37.4506905" lon="126.6577606"/>
 <node id="2273782024" visible="true" version="2" changeset="17468023" timestamp="2013-08-23T10:38:12Z" user="IRTC1015" uid="223224" lat="37.4500205" lon="126.6589650"/>
 <node id="2273782025" visible="true" version="2" changeset="17468023" timestamp="2013-08-23T10:38:12Z" user="IRTC1015" uid="223224" lat="37.4501286" lon="126.6590489"/>
 <node id="2273782026" visible="true" version="2" changeset="17468023" timestamp="2013-08-23T10:38:12Z" user="IRTC1015" uid="223224" lat="37.4501592" lon="126.6586528"/>
 <node id="2273782027" visible="true" version="2" changeset="17468023" timestamp="2013-08-23T10:38:12Z" user="IRTC1015" uid="223224" lat="37.4502194" lon="126.6586578"/>
 <node id="2273782028" visible="true" version="2" changeset="17468023" timestamp="2013-08-23T10:38:13Z" user="IRTC1015" uid="223224" lat="37.4502609" lon="126.6585285"/>
 <node id="2273782029" visible="true" version="2" changeset="17468023" timestamp="2013-08-23T10:38:13Z" user="IRTC1015" uid="223224" lat="37.4502728" lon="126.6587325"/>
 <node id="2273782030" visible="true" version="2" changeset="17468023" timestamp="2013-08-23T10:38:13Z" user="IRTC1015" uid="223224" lat="37.4502871" lon="126.6587114"/>
 <node id="2273782031" visible="true" version="2" changeset="17468023" timestamp="2013-08-23T10:38:13Z" user="IRTC1015" uid="223224" lat="37.4503352" lon="126.6585821"/>
 <node id="2273787545" visible="true" version="3" changeset="173864762" timestamp="2025-10-28T04:51:11Z" user="Gorger" uid="20415418" lat="37.4489516" lon="126.6581769"/>
 <node id="2273787548" visible="true" version="3" changeset="173864762" timestamp="2025-10-28T04:51:11Z" user="Gorger" uid="20415418" lat="37.4490276" lon="126.6582251"/>
 <node id="2273787549" visible="true" version="3" changeset="173864762" timestamp="2025-10-28T04:51:11Z" user="Gorger" uid="20415418" lat="37.4490277" lon="126.6579865"/>
 <node id="2273787552" visible="true" version="3" changeset="173864762" timestamp="2025-10-28T04:51:11Z" user="Gorger" uid="20415418" lat="37.4490605" lon="126.6581429"/>
 <node id="2273787554" visible="true" version="3" changeset="173864762" timestamp="2025-10-28T04:51:11Z" user="Gorger" uid="20415418" lat="37.4492003" lon="126.6582315"/>
 <node id="2273787555" visible="true" version="3" changeset="173864762" timestamp="2025-10-28T04:51:11Z" user="Gorger" uid="20415418" lat="37.4492435" lon="126.6581234"/>
 <node id="2273790986" visible="true" version="3" changeset="17648854" timestamp="2013-09-03T07:41:48Z" user="IRTC1015" uid="223224" lat="37.4466184" lon="126.6557278"/>
 <node id="2273790987" visible="true" version="3" changeset="17648854" timestamp="2013-09-03T07:41:48Z" user="IRTC1015" uid="223224" lat="37.4467115" lon="126.6554907"/>
 <node id="2273790988" visible="true" version="3" changeset="17648854" timestamp="2013-09-03T07:41:48Z" user="IRTC1015" uid="223224" lat="37.4467299" lon="126.6557972"/>
 <node id="2273790989" visible="true" version="3" changeset="17648854" timestamp="2013-09-03T07:41:48Z" user="IRTC1015" uid="223224" lat="37.4467550" lon="126.6558134"/>
 <node id="2273790990" visible="true" version="3" changeset="17648854" timestamp="2013-09-03T07:41:48Z" user="IRTC1015" uid="223224" lat="37.4468230" lon="126.6555602"/>
 <node id="2273790991" visible="true" version="3" changeset="17648854" timestamp="2013-09-03T07:41:49Z" user="IRTC1015" uid="223224" lat="37.4468481" lon="126.6555763"/>
 <node id="2273790992" visible="true" version="3" changeset="17648854" timestamp="2013-09-03T07:41:49Z" user="IRTC1015" uid="223224" lat="37.4468664" lon="126.6558828"/>
 <node id="2273790993" visible="true" version="3" changeset="17648854" timestamp="2013-09-03T07:41:49Z" user="IRTC1015" uid="223224" lat="37.4469596" lon="126.6556458"/>
 <node id="2274577267" visible="true" version="4" changeset="126729666" timestamp="2022-09-28T08:48:36Z" user="oldman Jang" uid="17260371" lat="37.4471922" lon="126.6543833"/>
 <node id="2274577268" visible="true" version="4" changeset="126729666" timestamp="2022-09-28T08:48:36Z" user="oldman Jang" uid="17260371" lat="37.4471794" lon="126.6544067"/>
 <node id="2274577270" visible="true" version="4" changeset="126729666" timestamp="2022-09-28T08:48:36Z" user="oldman Jang" uid="17260371" lat="37.4472790" lon="126.6540384"/>
 <node id="2274577271" visible="true" version="4" changeset="126729666" timestamp="2022-09-28T08:48:36Z" user="oldman Jang" uid="17260371" lat="37.4471518" lon="126.6543506"/>
 <node id="2274577272" visible="true" version="4" changeset="126729666" timestamp="2022-09-28T08:48:36Z" user="oldman Jang" uid="17260371" lat="37.4473031" lon="126.6540521"/>
 <node id="2274577273" visible="true" version="3" changeset="108754512" timestamp="2021-07-28T11:35:02Z" user="Wudang" uid="10888633" lat="37.4473012" lon="126.6544917"/>
 <node id="2274577274" visible="true" version="4" changeset="126729666" timestamp="2022-09-28T08:48:36Z" user="oldman Jang" uid="17260371" lat="37.4473244" lon="126.6540058"/>
 <node id="2274577275" visible="true" version="3" changeset="108754512" timestamp="2021-07-28T11:35:02Z" user="Wudang" uid="10888633" lat="37.4473170" lon="126.6544532"/>
 <node id="2274577277" visible="true" version="3" changeset="108754512" timestamp="2021-07-28T11:35:02Z" user="Wudang" uid="10888633" lat="37.4473345" lon="126.6544656"/>
 <node id="2274577278" visible="true" version="4" changeset="126729666" timestamp="2022-09-28T08:48:36Z" user="oldman Jang" uid="17260371" lat="37.4473976" lon="126.6537441"/>
 <node id="2274577279" visible="true" version="4" changeset="126729666" timestamp="2022-09-28T08:48:36Z" user="oldman Jang" uid="17260371" lat="37.4473476" lon="126.6543671"/>
 <node id="2274577280" visible="true" version="4" changeset="126729666" timestamp="2022-09-28T08:48:36Z" user="oldman Jang" uid="17260371" lat="37.4473627" lon="126.6543303"/>
 <node id="2274577281" visible="true" version="4" changeset="126729666" timestamp="2022-09-28T08:48:36Z" user="oldman Jang" uid="17260371" lat="37.4473914" lon="126.6542597"/>
 <node id="2274577282" visible="true" version="4" changeset="126729666" timestamp="2022-09-28T08:48:36Z" user="oldman Jang" uid="17260371" lat="37.4474013" lon="126.6543083"/>
 <node id="2274577283" visible="true" version="4" changeset="126729666" timestamp="2022-09-28T08:48:36Z" user="oldman Jang" uid="17260371" lat="37.4474578" lon="126.6540913"/>
 <node id="2274577284" visible="true" version="4" changeset="126729666" timestamp="2022-09-28T08:48:36Z" user="oldman Jang" uid="17260371" lat="37.4475612" lon="126.6538451"/>
 <node id="2274577285" visible="true" version="4" changeset="126729666" timestamp="2022-09-28T08:48:36Z" user="oldman Jang" uid="17260371" lat="37.4474216" lon="126.6541301"/>
 <node id="2274580115" visible="true" version="2" changeset="17468023" timestamp="2013-08-23T10:38:14Z" user="IRTC1015" uid="223224" lat="37.4488363" lon="126.6589678"/>
 <node id="2274580116" visible="true" version="2" changeset="17468023" timestamp="2013-08-23T10:38:14Z" user="IRTC1015" uid="223224" lat="37.4489629" lon="126.6590514"/>
 <node id="2274580118" visible="true" version="2" changeset="17468023" timestamp="2013-08-23T10:38:14Z" user="IRTC1015" uid="223224" lat="37.4489907" lon="126.6585534"/>
 <node id="2274580119" visible="true" version="2" changeset="17468023" timestamp="2013-08-23T10:38:14Z" user="IRTC1015" uid="223224" lat="37.4490278" lon="126.6585592"/>
 <node id="2274580122" visible="true" version="2" changeset="17468023" timestamp="2013-08-23T10:38:14Z" user="IRTC1015" uid="223224" lat="37.4490664" lon="126.6585787"/>
 <node id="2274580123" visible="true" version="2" changeset="17468023" timestamp="2013-08-23T10:38:14Z" user="IRTC1015" uid="223224" lat="37.4490957" lon="126.6585943"/>
 <node id="2274580125" visible="true" version="2" changeset="17468023" timestamp="2013-08-23T10:38:14Z" user="IRTC1015" uid="223224" lat="37.4491235" lon="126.6586234"/>
 <node id="2274599643" visible="true" version="3" changeset="17648854" timestamp="2013-09-03T07:41:49Z" user="IRTC1015" uid="223224" lat="37.4513951" lon="126.6505481"/>
 <node id="2274599644" visible="true" version="3" changeset="17648854" timestamp="2013-09-03T07:41:49Z" user="IRTC1015" uid="223224" lat="37.4514025" lon="126.6508354"/>
 <node id="2274599645" visible="true" version="3" changeset="17648854" timestamp="2013-09-03T07:41:49Z" user="IRTC1015" uid="223224" lat="37.4514340" lon="126.6504503"/>
 <node id="2274599646" visible="true" version="3" changeset="17648854" timestamp="2013-09-03T07:41:49Z" user="IRTC1015" uid="223224" lat="37.4514430" lon="126.6507337"/>
 <node id="2274599647" visible="true" version="3" changeset="17648854" timestamp="2013-09-03T07:41:49Z" user="IRTC1015" uid="223224" lat="37.4515395" lon="126.6509218"/>
 <node id="2274599648" visible="true" version="3" changeset="17648854" timestamp="2013-09-03T07:41:49Z" user="IRTC1015" uid="223224" lat="37.4515530" lon="126.6508878"/>
 <node id="2274599649" visible="true" version="3" changeset="17648854" timestamp="2013-09-03T07:41:49Z" user="IRTC1015" uid="223224" lat="37.4515608" lon="126.6508080"/>
 <node id="2274599650" visible="true" version="3" changeset="17648854" timestamp="2013-09-03T07:41:49Z" user="IRTC1015" uid="223224" lat="37.4516102" lon="126.6506839"/>
 <node id="2274599651" visible="true" version="2" changeset="17468023" timestamp="2013-08-23T10:38:14Z" user="IRTC1015" uid="223224" lat="37.4516659" lon="126.6509825"/>
 <node id="2274599652" visible="true" version="3" changeset="17648854" timestamp="2013-09-03T07:41:49Z" user="IRTC1015" uid="223224" lat="37.4516409" lon="126.6509433"/>
 <node id="2274599653" visible="true" version="3" changeset="17648854" timestamp="2013-09-03T07:41:49Z" user="IRTC1015" uid="223224" lat="37.4516618" lon="126.6506271"/>
 <node id="2274599654" visible="true" version="3" changeset="17648854" timestamp="2013-09-03T07:41:49Z" user="IRTC1015" uid="223224" lat="37.4516723" lon="126.6506007"/>
 <node id="2274599655" visible="true" version="2" changeset="17468023" timestamp="2013-08-23T10:38:14Z" user="IRTC1015" uid="223224" lat="37.4517189" lon="126.6508690"/>
 <node id="2274599656" visible="true" version="2" changeset="17468023" timestamp="2013-08-23T10:38:15Z" user="IRTC1015" uid="223224" lat="37.4517465" lon="126.6510403"/>
 <node id="2274599657" visible="true" version="3" changeset="17648854" timestamp="2013-09-03T07:41:49Z" user="IRTC1015" uid="223224" lat="37.4517456" lon="126.6506799"/>
 <node id="2274599658" visible="true" version="2" changeset="17468023" timestamp="2013-08-23T10:38:15Z" user="IRTC1015" uid="223224" lat="37.4517977" lon="126.6509291"/>
 <node id="2274604978" visible="true" version="3" changeset="47012114" timestamp="2017-03-20T13:01:14Z" user="7684F217EA19BA8FA19C3D74" uid="5222005" lat="37.4504422" lon="126.6534457"/>
 <node id="2274604979" visible="true" version="2" changeset="17468023" timestamp="2013-08-23T10:38:15Z" user="IRTC1015" uid="223224" lat="37.4505885" lon="126.6535404"/>
 <node id="2274604980" visible="true" version="2" changeset="17468023" timestamp="2013-08-23T10:38:15Z" user="IRTC1015" uid="223224" lat="37.4506185" lon="126.6534649"/>
 <node id="2274604981" visible="true" version="2" changeset="17468023" timestamp="2013-08-23T10:38:15Z" user="IRTC1015" uid="223224" lat="37.4506245" lon="126.6536565"/>
 <node id="2274604982" visible="true" version="2" changeset="17468023" timestamp="2013-08-23T10:38:15Z" user="IRTC1015" uid="223224" lat="37.4506844" lon="126.6535097"/>
 <node id="2274604983" visible="true" version="3" changeset="47012114" timestamp="2017-03-20T13:01:14Z" user="7684F217EA19BA8FA19C3D74" uid="5222005" lat="37.4508096" lon="126.6525687"/>
 <node id="2274604984" visible="true" version="3" changeset="47012114" timestamp="2017-03-20T13:01:14Z" user="7684F217EA19BA8FA19C3D74" uid="5222005" lat="37.4508953" lon="126.6526341"/>
 <node id="2274604985" visible="true" version="3" changeset="47012114" timestamp="2017-03-20T13:01:14Z" user="7684F217EA19BA8FA19C3D74" uid="5222005" lat="37.4508692" lon="126.6524126"/>
 <node id="2274604986" visible="true" version="3" changeset="47012114" timestamp="2017-03-20T13:01:14Z" user="7684F217EA19BA8FA19C3D74" uid="5222005" lat="37.4509556" lon="126.6524766"/>
 <node id="2274604987" visible="true" version="3" changeset="47012114" timestamp="2017-03-20T13:01:14Z" user="7684F217EA19BA8FA19C3D74" uid="5222005" lat="37.4510956" lon="126.6519048"/>
 <node id="2274604988" visible="true" version="3" changeset="17648854" timestamp="2013-09-03T07:41:49Z" user="IRTC1015" uid="223224" lat="37.4511870" lon="126.6518412"/>
 <node id="2274604989" visible="true" version="2" changeset="17468023" timestamp="2013-08-23T10:38:15Z" user="IRTC1015" uid="223224" lat="37.4513918" lon="126.6541823"/>
 <node id="2274604990" visible="true" version="2" changeset="17468023" timestamp="2013-08-23T10:38:15Z" user="IRTC1015" uid="223224" lat="37.4514084" lon="126.6541425"/>
 <node id="2274604991" visible="true" version="3" changeset="17648854" timestamp="2013-09-03T07:41:49Z" user="IRTC1015" uid="223224" lat="37.4514421" lon="126.6517582"/>
 <node id="2274604993" visible="true" version="3" changeset="17648854" timestamp="2013-09-03T07:41:49Z" user="IRTC1015" uid="223224" lat="37.4515437" lon="126.6510393"/>
 <node id="2274604994" visible="true" version="3" changeset="17648854" timestamp="2013-09-03T07:41:49Z" user="IRTC1015" uid="223224" lat="37.4515439" lon="126.6520932"/>
 <node id="2274604995" visible="true" version="3" changeset="17648854" timestamp="2013-09-03T07:41:49Z" user="IRTC1015" uid="223224" lat="37.4516330" lon="126.6518930"/>
 <node id="2274604996" visible="true" version="3" changeset="17648854" timestamp="2013-09-03T07:41:49Z" user="IRTC1015" uid="223224" lat="37.4517098" lon="126.6511566"/>
 <node id="2274604997" visible="true" version="3" changeset="47012114" timestamp="2017-03-20T13:01:14Z" user="7684F217EA19BA8FA19C3D74" uid="5222005" lat="37.4520022" lon="126.6525127"/>
 <node id="2274604998" visible="true" version="3" changeset="47012114" timestamp="2017-03-20T13:01:14Z" user="7684F217EA19BA8FA19C3D74" uid="5222005" lat="37.4520701" lon="126.6528291"/>
 <node id="2274609163" visible="true" version="5" changeset="84211601" timestamp="2020-04-27T16:57:41Z" user="biuret" uid="11091395" lat="37.4503360" lon="126.6541464"/>
 <node id="2274609164" visible="true" version="6" changeset="126731102" timestamp="2022-09-28T09:22:47Z" user="oldman Jang" uid="17260371" lat="37.4504610" lon="126.6538579"/>
 <node id="2274609165" visible="true" version="5" changeset="84211601" timestamp="2020-04-27T16:57:41Z" user="biuret" uid="11091395" lat="37.4513115" lon="126.6548480"/>
 <node id="2274609166" visible="true" version="5" changeset="126731102" timestamp="2022-09-28T09:22:47Z" user="oldman Jang" uid="17260371" lat="37.4514372" lon="126.6545519"/>
 <node id="2274890717" visible="true" version="3" changeset="126737957" timestamp="2022-09-28T12:07:26Z" user="oldman Jang" uid="17260371" lat="37.4485732" lon="126.6535614"/>
 <node id="2274890718" visible="true" version="3" changeset="126737957" timestamp="2022-09-28T12:07:26Z" user="oldman Jang" uid="17260371" lat="37.4488584" lon="126.6529016"/>
 <node id="2274890719" visible="true" version="3" changeset="126737957" timestamp="2022-09-28T12:07:26Z" user="oldman Jang" uid="17260371" lat="37.4488867" lon="126.6528660"/>
 <node id="2274890720" visible="true" version="3" changeset="126737957" timestamp="2022-09-28T12:07:26Z" user="oldman Jang" uid="17260371" lat="37.4489061" lon="126.6528669"/>
 <node id="2274890721" visible="true" version="3" changeset="126737957" timestamp="2022-09-28T12:07:26Z" user="oldman Jang" uid="17260371" lat="37.4490841" lon="126.6530298"/>
 <node id="2274890722" visible="true" version="3" changeset="126737957" timestamp="2022-09-28T12:07:26Z" user="oldman Jang" uid="17260371" lat="37.4489290" lon="126.6528769"/>
 <node id="2274890723" visible="true" version="3" changeset="126737957" timestamp="2022-09-28T12:07:26Z" user="oldman Jang" uid="17260371" lat="37.4489360" lon="126.6529007"/>
 <node id="2274890724" visible="true" version="3" changeset="126737957" timestamp="2022-09-28T12:07:26Z" user="oldman Jang" uid="17260371" lat="37.4489683" lon="126.6529534"/>
 <node id="2274890725" visible="true" version="3" changeset="126737957" timestamp="2022-09-28T12:07:26Z" user="oldman Jang" uid="17260371" lat="37.4489370" lon="126.6529371"/>
 <node id="2274890726" visible="true" version="3" changeset="126737957" timestamp="2022-09-28T12:07:26Z" user="oldman Jang" uid="17260371" lat="37.4490771" lon="126.6530743"/>
 <node id="2274890727" visible="true" version="3" changeset="126737957" timestamp="2022-09-28T12:07:26Z" user="oldman Jang" uid="17260371" lat="37.4492266" lon="126.6540152"/>
 <node id="2274890728" visible="true" version="3" changeset="126737957" timestamp="2022-09-28T12:07:26Z" user="oldman Jang" uid="17260371" lat="37.4491033" lon="126.6531308"/>
 <node id="2274890729" visible="true" version="3" changeset="126737957" timestamp="2022-09-28T12:07:26Z" user="oldman Jang" uid="17260371" lat="37.4494873" lon="126.6533953"/>
 <node id="2274916793" visible="true" version="3" changeset="126737957" timestamp="2022-09-28T12:07:26Z" user="oldman Jang" uid="17260371" lat="37.4479165" lon="126.6530978"/>
 <node id="2274916795" visible="true" version="3" changeset="126737957" timestamp="2022-09-28T12:07:26Z" user="oldman Jang" uid="17260371" lat="37.4479171" lon="126.6531156"/>
 <node id="2274916796" visible="true" version="3" changeset="126737957" timestamp="2022-09-28T12:07:26Z" user="oldman Jang" uid="17260371" lat="37.4479200" lon="126.6530815"/>
 <node id="2274916797" visible="true" version="3" changeset="126737957" timestamp="2022-09-28T12:07:26Z" user="oldman Jang" uid="17260371" lat="37.4479312" lon="126.6531304"/>
 <node id="2274916799" visible="true" version="3" changeset="126737957" timestamp="2022-09-28T12:07:26Z" user="oldman Jang" uid="17260371" lat="37.4479324" lon="126.6530659"/>
 <node id="2274916800" visible="true" version="3" changeset="126737957" timestamp="2022-09-28T12:07:26Z" user="oldman Jang" uid="17260371" lat="37.4479435" lon="126.6531385"/>
 <node id="2274916811" visible="true" version="3" changeset="126737957" timestamp="2022-09-28T12:07:26Z" user="oldman Jang" uid="17260371" lat="37.4484131" lon="126.6526731"/>
 <node id="2274916813" visible="true" version="3" changeset="126737957" timestamp="2022-09-28T12:07:26Z" user="oldman Jang" uid="17260371" lat="37.4484364" lon="126.6526532"/>
 <node id="2274916815" visible="true" version="3" changeset="126737957" timestamp="2022-09-28T12:07:26Z" user="oldman Jang" uid="17260371" lat="37.4484705" lon="126.6526333"/>
 <node id="2274916816" visible="true" version="3" changeset="126737957" timestamp="2022-09-28T12:07:26Z" user="oldman Jang" uid="17260371" lat="37.4484809" lon="126.6535186"/>
 <node id="2274916817" visible="true" version="3" changeset="126737957" timestamp="2022-09-28T12:07:26Z" user="oldman Jang" uid="17260371" lat="37.4484967" lon="126.6535165"/>
 <node id="2274916818" visible="true" version="3" changeset="126737957" timestamp="2022-09-28T12:07:26Z" user="oldman Jang" uid="17260371" lat="37.4485005" lon="126.6526207"/>
 <node id="2274916819" visible="true" version="3" changeset="126737957" timestamp="2022-09-28T12:07:26Z" user="oldman Jang" uid="17260371" lat="37.4485083" lon="126.6535144"/>
 <node id="2274916820" visible="true" version="3" changeset="126737957" timestamp="2022-09-28T12:07:26Z" user="oldman Jang" uid="17260371" lat="37.4485241" lon="126.6535029"/>
 <node id="2274916821" visible="true" version="3" changeset="126737957" timestamp="2022-09-28T12:07:26Z" user="oldman Jang" uid="17260371" lat="37.4485321" lon="126.6526155"/>
 <node id="2274916822" visible="true" version="3" changeset="126737957" timestamp="2022-09-28T12:07:26Z" user="oldman Jang" uid="17260371" lat="37.4485333" lon="126.6534861"/>
 <node id="2274916823" visible="true" version="3" changeset="126737957" timestamp="2022-09-28T12:07:26Z" user="oldman Jang" uid="17260371" lat="37.4485621" lon="126.6526155"/>
 <node id="2274916824" visible="true" version="3" changeset="126737957" timestamp="2022-09-28T12:07:26Z" user="oldman Jang" uid="17260371" lat="37.4485896" lon="126.6526312"/>
 <node id="2274916830" visible="true" version="3" changeset="126737957" timestamp="2022-09-28T12:07:26Z" user="oldman Jang" uid="17260371" lat="37.4488242" lon="126.6527937"/>
 <node id="2274916831" visible="true" version="3" changeset="126737957" timestamp="2022-09-28T12:07:26Z" user="oldman Jang" uid="17260371" lat="37.4488248" lon="126.6528480"/>
 <node id="2274916832" visible="true" version="3" changeset="126737957" timestamp="2022-09-28T12:07:26Z" user="oldman Jang" uid="17260371" lat="37.4488289" lon="126.6528113"/>
 <node id="2274916833" visible="true" version="3" changeset="126737957" timestamp="2022-09-28T12:07:26Z" user="oldman Jang" uid="17260371" lat="37.4488289" lon="126.6528312"/>
 <node id="2274924122" visible="true" version="3" changeset="20277834" timestamp="2014-01-30T06:20:04Z" user="rizqie" uid="1369210" lat="37.4479829" lon="126.6534853"/>
 <node id="2274924124" visible="true" version="3" changeset="20277834" timestamp="2014-01-30T06:20:04Z" user="rizqie" uid="1369210" lat="37.4480253" lon="126.6533919"/>
 <node id="2274924125" visible="true" version="3" changeset="20277834" timestamp="2014-01-30T06:20:04Z" user="rizqie" uid="1369210" lat="37.4489889" lon="126.6541698"/>
 <node id="2274924127" visible="true" version="3" changeset="20277834" timestamp="2014-01-30T06:20:04Z" user="rizqie" uid="1369210" lat="37.4490336" lon="126.6540764"/>
 <node id="2274926207" visible="true" version="3" changeset="126731102" timestamp="2022-09-28T09:22:47Z" user="oldman Jang" uid="17260371" lat="37.4480901" lon="126.6546669"/>
 <node id="2274926217" visible="true" version="3" changeset="126731102" timestamp="2022-09-28T09:22:47Z" user="oldman Jang" uid="17260371" lat="37.4483965" lon="126.6539742"/>
 <node id="2274926219" visible="true" version="3" changeset="126731102" timestamp="2022-09-28T09:22:47Z" user="oldman Jang" uid="17260371" lat="37.4484045" lon="126.6539630"/>
 <node id="2274926233" visible="true" version="3" changeset="126731102" timestamp="2022-09-28T09:22:47Z" user="oldman Jang" uid="17260371" lat="37.4484201" lon="126.6539594"/>
 <node id="2274926235" visible="true" version="3" changeset="126731102" timestamp="2022-09-28T09:22:47Z" user="oldman Jang" uid="17260371" lat="37.4484645" lon="126.6539772"/>
 <node id="2274926246" visible="true" version="3" changeset="126731102" timestamp="2022-09-28T09:22:47Z" user="oldman Jang" uid="17260371" lat="37.4486464" lon="126.6550602"/>
 <node id="2274926247" visible="true" version="3" changeset="126731102" timestamp="2022-09-28T09:22:47Z" user="oldman Jang" uid="17260371" lat="37.4486895" lon="126.6550751"/>
 <node id="2274926248" visible="true" version="3" changeset="126731102" timestamp="2022-09-28T09:22:47Z" user="oldman Jang" uid="17260371" lat="37.4487173" lon="126.6550663"/>
 <node id="2274926249" visible="true" version="3" changeset="126731102" timestamp="2022-09-28T09:22:47Z" user="oldman Jang" uid="17260371" lat="37.4487481" lon="126.6550522"/>
 <node id="2274926250" visible="true" version="3" changeset="126731102" timestamp="2022-09-28T09:22:47Z" user="oldman Jang" uid="17260371" lat="37.4487798" lon="126.6550258"/>
 <node id="2274926257" visible="true" version="3" changeset="126731102" timestamp="2022-09-28T09:22:47Z" user="oldman Jang" uid="17260371" lat="37.4490651" lon="126.6544085"/>
 <node id="2274926262" visible="true" version="2" changeset="17468023" timestamp="2013-08-23T10:38:17Z" user="IRTC1015" uid="223224" lat="37.4494207" lon="126.6538930"/>
 <node id="2274926263" visible="true" version="2" changeset="17468023" timestamp="2013-08-23T10:38:17Z" user="IRTC1015" uid="223224" lat="37.4494923" lon="126.6539266"/>
 <node id="2274926264" visible="true" version="2" changeset="17468023" timestamp="2013-08-23T10:38:17Z" user="IRTC1015" uid="223224" lat="37.4495572" lon="126.6537693"/>
 <node id="2274926265" visible="true" version="2" changeset="17468023" timestamp="2013-08-23T10:38:17Z" user="IRTC1015" uid="223224" lat="37.4495685" lon="126.6535136"/>
 <node id="2274926266" visible="true" version="2" changeset="17468023" timestamp="2013-08-23T10:38:17Z" user="IRTC1015" uid="223224" lat="37.4496018" lon="126.6534695"/>
 <node id="2274926267" visible="true" version="2" changeset="17468023" timestamp="2013-08-23T10:38:17Z" user="IRTC1015" uid="223224" lat="37.4496368" lon="126.6534549"/>
 <node id="2274926268" visible="true" version="2" changeset="17468023" timestamp="2013-08-23T10:38:17Z" user="IRTC1015" uid="223224" lat="37.4496900" lon="126.6534360"/>
 <node id="2274926269" visible="true" version="2" changeset="17468023" timestamp="2013-08-23T10:38:17Z" user="IRTC1015" uid="223224" lat="37.4497536" lon="126.6538951"/>
 <node id="2274926270" visible="true" version="2" changeset="17468023" timestamp="2013-08-23T10:38:17Z" user="IRTC1015" uid="223224" lat="37.4497803" lon="126.6538364"/>
 <node id="2274926271" visible="true" version="3" changeset="126737957" timestamp="2022-09-28T12:07:26Z" user="oldman Jang" uid="17260371" lat="37.4499305" lon="126.6539344"/>
 <node id="2274926273" visible="true" version="3" changeset="126737957" timestamp="2022-09-28T12:07:26Z" user="oldman Jang" uid="17260371" lat="37.4499830" lon="126.6536189"/>
 <node id="2274926274" visible="true" version="3" changeset="126737957" timestamp="2022-09-28T12:07:26Z" user="oldman Jang" uid="17260371" lat="37.4500106" lon="126.6536748"/>
 <node id="2274926275" visible="true" version="3" changeset="126737957" timestamp="2022-09-28T12:07:26Z" user="oldman Jang" uid="17260371" lat="37.4500158" lon="126.6537265"/>
 <node id="2274932600" visible="true" version="2" changeset="17468023" timestamp="2013-08-23T10:38:17Z" user="IRTC1015" uid="223224" lat="37.4508888" lon="126.6534095"/>
 <node id="2274932602" visible="true" version="2" changeset="17468023" timestamp="2013-08-23T10:38:17Z" user="IRTC1015" uid="223224" lat="37.4513243" lon="126.6524251"/>
 <node id="2274932604" visible="true" version="2" changeset="17468023" timestamp="2013-08-23T10:38:17Z" user="IRTC1015" uid="223224" lat="37.4514302" lon="126.6537683"/>
 <node id="2274932606" visible="true" version="2" changeset="17468023" timestamp="2013-08-23T10:38:17Z" user="IRTC1015" uid="223224" lat="37.4518633" lon="126.6527958"/>
 <node id="2275291878" visible="true" version="3" changeset="126731102" timestamp="2022-09-28T09:22:47Z" user="oldman Jang" uid="17260371" lat="37.4492360" lon="126.6558375"/>
 <node id="2275291879" visible="true" version="2" changeset="17468023" timestamp="2013-08-23T10:38:17Z" user="IRTC1015" uid="223224" lat="37.4492675" lon="126.6559039"/>
 <node id="2275291882" visible="true" version="3" changeset="126731102" timestamp="2022-09-28T09:22:47Z" user="oldman Jang" uid="17260371" lat="37.4493481" lon="126.6555556"/>
 <node id="2275291883" visible="true" version="2" changeset="17468023" timestamp="2013-08-23T10:38:17Z" user="IRTC1015" uid="223224" lat="37.4494440" lon="126.6555303"/>
 <node id="2275291885" visible="true" version="3" changeset="17648854" timestamp="2013-09-03T07:41:49Z" user="IRTC1015" uid="223224" lat="37.4495302" lon="126.6556041"/>
 <node id="2275291887" visible="true" version="3" changeset="17664703" timestamp="2013-09-04T03:48:46Z" user="realwakka" uid="1733703" lat="37.4495863" lon="126.6556973"/>
 <node id="2275291889" visible="true" version="2" changeset="17468023" timestamp="2013-08-23T10:38:17Z" user="IRTC1015" uid="223224" lat="37.4496535" lon="126.6558446"/>
 <node id="2275291893" visible="true" version="2" changeset="17468023" timestamp="2013-08-23T10:38:18Z" user="IRTC1015" uid="223224" lat="37.4497712" lon="126.6559424"/>
 <node id="2275291895" visible="true" version="2" changeset="17468023" timestamp="2013-08-23T10:38:18Z" user="IRTC1015" uid="223224" lat="37.4498418" lon="126.6559751"/>
 <node id="2275291898" visible="true" version="2" changeset="17468023" timestamp="2013-08-23T10:38:18Z" user="IRTC1015" uid="223224" lat="37.4499454" lon="126.6560225"/>
 <node id="2275291900" visible="true" version="3" changeset="17648854" timestamp="2013-09-03T07:41:49Z" user="IRTC1015" uid="223224" lat="37.4500732" lon="126.6563875"/>
 <node id="2275291905" visible="true" version="2" changeset="17468023" timestamp="2013-08-23T10:38:18Z" user="IRTC1015" uid="223224" lat="37.4500913" lon="126.6560670"/>
 <node id="2275291907" visible="true" version="2" changeset="17468023" timestamp="2013-08-23T10:38:18Z" user="IRTC1015" uid="223224" lat="37.4501596" lon="126.6561144"/>
 <node id="2275294060" visible="true" version="5" changeset="84211601" timestamp="2020-04-27T16:57:41Z" user="biuret" uid="11091395" lat="37.4507702" lon="126.6558821"/>
 <node id="2275294062" visible="true" version="5" changeset="84211601" timestamp="2020-04-27T16:57:41Z" user="biuret" uid="11091395" lat="37.4508135" lon="126.6552868"/>
 <node id="2275294063" visible="true" version="5" changeset="84211601" timestamp="2020-04-27T16:57:41Z" user="biuret" uid="11091395" lat="37.4509280" lon="126.6559911"/>
 <node id="2275294064" visible="true" version="5" changeset="84211601" timestamp="2020-04-27T16:57:41Z" user="biuret" uid="11091395" lat="37.4509781" lon="126.6554018"/>
 <node id="2275294065" visible="true" version="5" changeset="84211601" timestamp="2020-04-27T16:57:41Z" user="biuret" uid="11091395" lat="37.4510422" lon="126.6547818"/>
 <node id="2275294068" visible="true" version="5" changeset="84211601" timestamp="2020-04-27T16:57:41Z" user="biuret" uid="11091395" lat="37.4511455" lon="126.6551924"/>
 <node id="2275294071" visible="true" version="5" changeset="84211601" timestamp="2020-04-27T16:57:41Z" user="biuret" uid="11091395" lat="37.4512471" lon="126.6552579"/>
 <node id="2275294072" visible="true" version="5" changeset="84211601" timestamp="2020-04-27T16:57:41Z" user="biuret" uid="11091395" lat="37.4512518" lon="126.6549305"/>
 <node id="2275297543" visible="true" version="2" changeset="17468023" timestamp="2013-08-23T10:38:18Z" user="IRTC1015" uid="223224" lat="37.4488971" lon="126.6507889"/>
 <node id="2275297546" visible="true" version="2" changeset="17468023" timestamp="2013-08-23T10:38:18Z" user="IRTC1015" uid="223224" lat="37.4489570" lon="126.6506589"/>
 <node id="2275297550" visible="true" version="2" changeset="17468023" timestamp="2013-08-23T10:38:18Z" user="IRTC1015" uid="223224" lat="37.4490594" lon="126.6507354"/>
 <node id="2275297554" visible="true" version="2" changeset="17468023" timestamp="2013-08-23T10:38:18Z" user="IRTC1015" uid="223224" lat="37.4490860" lon="126.6506841"/>
 <node id="2275297557" visible="true" version="2" changeset="17468023" timestamp="2013-08-23T10:38:18Z" user="IRTC1015" uid="223224" lat="37.4491284" lon="126.6509650"/>
 <node id="2275297560" visible="true" version="2" changeset="17468023" timestamp="2013-08-23T10:38:18Z" user="IRTC1015" uid="223224" lat="37.4491467" lon="126.6507292"/>
 <node id="2275297563" visible="true" version="2" changeset="17468023" timestamp="2013-08-23T10:38:18Z" user="IRTC1015" uid="223224" lat="37.4491950" lon="126.6506338"/>
 <node id="2275297565" visible="true" version="2" changeset="17468023" timestamp="2013-08-23T10:38:18Z" user="IRTC1015" uid="223224" lat="37.4492616" lon="126.6506904"/>
 <node id="2275312759" visible="true" version="3" changeset="126737957" timestamp="2022-09-28T12:07:26Z" user="oldman Jang" uid="17260371" lat="37.4486192" lon="126.6521427"/>
 <node id="2275312760" visible="true" version="3" changeset="126737957" timestamp="2022-09-28T12:07:26Z" user="oldman Jang" uid="17260371" lat="37.4487763" lon="126.6517258"/>
 <node id="2275312761" visible="true" version="3" changeset="126737957" timestamp="2022-09-28T12:07:26Z" user="oldman Jang" uid="17260371" lat="37.4488888" lon="126.6525379"/>
 <node id="2275312762" visible="true" version="3" changeset="126737957" timestamp="2022-09-28T12:07:26Z" user="oldman Jang" uid="17260371" lat="37.4490128" lon="126.6519348"/>
 <node id="2275312763" visible="true" version="3" changeset="126737957" timestamp="2022-09-28T12:07:26Z" user="oldman Jang" uid="17260371" lat="37.4490128" lon="126.6519704"/>
 <node id="2275312764" visible="true" version="3" changeset="126737957" timestamp="2022-09-28T12:07:26Z" user="oldman Jang" uid="17260371" lat="37.4490199" lon="126.6519986"/>
 <node id="2275312765" visible="true" version="3" changeset="126737957" timestamp="2022-09-28T12:07:26Z" user="oldman Jang" uid="17260371" lat="37.4490270" lon="126.6519037"/>
 <node id="2275312766" visible="true" version="3" changeset="126737957" timestamp="2022-09-28T12:07:26Z" user="oldman Jang" uid="17260371" lat="37.4490281" lon="126.6520223"/>
 <node id="2275312767" visible="true" version="3" changeset="126737957" timestamp="2022-09-28T12:07:26Z" user="oldman Jang" uid="17260371" lat="37.4490352" lon="126.6520431"/>
 <node id="2275312768" visible="true" version="3" changeset="126737957" timestamp="2022-09-28T12:07:26Z" user="oldman Jang" uid="17260371" lat="37.4490505" lon="126.6520623"/>
 <node id="2275312769" visible="true" version="3" changeset="126737957" timestamp="2022-09-28T12:07:26Z" user="oldman Jang" uid="17260371" lat="37.4490705" lon="126.6520875"/>
 <node id="2275312770" visible="true" version="3" changeset="126737957" timestamp="2022-09-28T12:07:26Z" user="oldman Jang" uid="17260371" lat="37.4490835" lon="126.6521024"/>
 <node id="2275312771" visible="true" version="4" changeset="126737957" timestamp="2022-09-28T12:07:26Z" user="oldman Jang" uid="17260371" lat="37.4496449" lon="126.6530461"/>
 <node id="2275312772" visible="true" version="3" changeset="126737957" timestamp="2022-09-28T12:07:26Z" user="oldman Jang" uid="17260371" lat="37.4497465" lon="126.6531149"/>
 <node id="2275312775" visible="true" version="4" changeset="126737957" timestamp="2022-09-28T12:07:26Z" user="oldman Jang" uid="17260371" lat="37.4498753" lon="126.6524657"/>
 <node id="2275312777" visible="true" version="3" changeset="126737957" timestamp="2022-09-28T12:07:26Z" user="oldman Jang" uid="17260371" lat="37.4500723" lon="126.6533491"/>
 <node id="2275312778" visible="true" version="3" changeset="126737957" timestamp="2022-09-28T12:07:26Z" user="oldman Jang" uid="17260371" lat="37.4500958" lon="126.6533387"/>
 <node id="2275312779" visible="true" version="3" changeset="126737957" timestamp="2022-09-28T12:07:26Z" user="oldman Jang" uid="17260371" lat="37.4502837" lon="126.6527467"/>
 <node id="2275312780" visible="true" version="4" changeset="126737957" timestamp="2022-09-28T12:07:26Z" user="oldman Jang" uid="17260371" lat="37.4502988" lon="126.6527841"/>
 <node id="2275328579" visible="true" version="4" changeset="126731102" timestamp="2022-09-28T09:22:47Z" user="oldman Jang" uid="17260371" lat="37.4492016" lon="126.6558695"/>
 <node id="2275328581" visible="true" version="3" changeset="126731102" timestamp="2022-09-28T09:22:47Z" user="oldman Jang" uid="17260371" lat="37.4493420" lon="126.6555146"/>
 <node id="2275328582" visible="true" version="3" changeset="126731102" timestamp="2022-09-28T09:22:47Z" user="oldman Jang" uid="17260371" lat="37.4493776" lon="126.6554656"/>
 <node id="2275328583" visible="true" version="3" changeset="126731102" timestamp="2022-09-28T09:22:47Z" user="oldman Jang" uid="17260371" lat="37.4494173" lon="126.6553580"/>
 <node id="2275328584" visible="true" version="3" changeset="17648854" timestamp="2013-09-03T07:41:50Z" user="IRTC1015" uid="223224" lat="37.4496774" lon="126.6554099"/>
 <node id="2275328585" visible="true" version="3" changeset="126731102" timestamp="2022-09-28T09:22:47Z" user="oldman Jang" uid="17260371" lat="37.4494835" lon="126.6552121"/>
 <node id="2275328586" visible="true" version="4" changeset="126731102" timestamp="2022-09-28T09:22:47Z" user="oldman Jang" uid="17260371" lat="37.4495541" lon="126.6551967"/>
 <node id="2275328587" visible="true" version="3" changeset="17648854" timestamp="2013-09-03T07:41:50Z" user="IRTC1015" uid="223224" lat="37.4496852" lon="126.6554726"/>
 <node id="2275328588" visible="true" version="4" changeset="126731102" timestamp="2022-09-28T09:22:47Z" user="oldman Jang" uid="17260371" lat="37.4497109" lon="126.6547151"/>
 <node id="2275328589" visible="true" version="3" changeset="17648854" timestamp="2013-09-03T07:41:50Z" user="IRTC1015" uid="223224" lat="37.4498295" lon="126.6547975"/>
 <node id="2275328590" visible="true" version="3" changeset="17648854" timestamp="2013-09-03T07:41:50Z" user="IRTC1015" uid="223224" lat="37.4498764" lon="126.6548614"/>
 <node id="2275328591" visible="true" version="3" changeset="17648854" timestamp="2013-09-03T07:41:50Z" user="IRTC1015" uid="223224" lat="37.4498929" lon="126.6549277"/>
 <node id="2275328592" visible="true" version="2" changeset="17468023" timestamp="2013-08-23T10:38:19Z" user="IRTC1015" uid="223224" lat="37.4499087" lon="126.6557440"/>
 <node id="2275328594" visible="true" version="3" changeset="17648854" timestamp="2013-09-03T07:41:50Z" user="IRTC1015" uid="223224" lat="37.4501187" lon="126.6564441"/>
 <node id="2275328595" visible="true" version="3" changeset="17648854" timestamp="2013-09-03T07:41:50Z" user="IRTC1015" uid="223224" lat="37.4504545" lon="126.6561542"/>
 <node id="2275328596" visible="true" version="3" changeset="17648854" timestamp="2013-09-03T07:41:50Z" user="IRTC1015" uid="223224" lat="37.4504793" lon="126.6560621"/>
 <node id="2275328599" visible="true" version="3" changeset="17648854" timestamp="2013-09-03T07:41:50Z" user="IRTC1015" uid="223224" lat="37.4505434" lon="126.6562124"/>
 <node id="2275328603" visible="true" version="3" changeset="17648854" timestamp="2013-09-03T07:41:50Z" user="IRTC1015" uid="223224" lat="37.4505731" lon="126.6561290"/>
 <node id="2275328606" visible="true" version="3" changeset="17648854" timestamp="2013-09-03T07:41:50Z" user="IRTC1015" uid="223224" lat="37.4509279" lon="126.6564578"/>
 <node id="2275328611" visible="true" version="3" changeset="17648854" timestamp="2013-09-03T07:41:50Z" user="IRTC1015" uid="223224" lat="37.4509475" lon="126.6563727"/>
 <node id="2276350561" visible="true" version="3" changeset="126737957" timestamp="2022-09-28T12:07:26Z" user="oldman Jang" uid="17260371" lat="37.4497685" lon="126.6545543"/>
 <node id="2276350562" visible="true" version="3" changeset="126737957" timestamp="2022-09-28T12:07:26Z" user="oldman Jang" uid="17260371" lat="37.4497735" lon="126.6545017"/>
 <node id="2276350563" visible="true" version="3" changeset="126737957" timestamp="2022-09-28T12:07:26Z" user="oldman Jang" uid="17260371" lat="37.4498570" lon="126.6544579"/>
 <node id="2276350564" visible="true" version="2" changeset="17468023" timestamp="2013-08-23T10:38:20Z" user="IRTC1015" uid="223224" lat="37.4499624" lon="126.6546993"/>
 <node id="2276350565" visible="true" version="2" changeset="17468023" timestamp="2013-08-23T10:38:20Z" user="IRTC1015" uid="223224" lat="37.4499890" lon="126.6546909"/>
 <node id="2276350566" visible="true" version="2" changeset="17468023" timestamp="2013-08-23T10:38:20Z" user="IRTC1015" uid="223224" lat="37.4500156" lon="126.6546574"/>
 <node id="2276350567" visible="true" version="3" changeset="126737957" timestamp="2022-09-28T12:07:26Z" user="oldman Jang" uid="17260371" lat="37.4500408" lon="126.6539617"/>
 <node id="2276350568" visible="true" version="3" changeset="126737957" timestamp="2022-09-28T12:07:26Z" user="oldman Jang" uid="17260371" lat="37.4500389" lon="126.6540535"/>
 <node id="2276350569" visible="true" version="3" changeset="126737957" timestamp="2022-09-28T12:07:26Z" user="oldman Jang" uid="17260371" lat="37.4501093" lon="126.6538117"/>
 <node id="2276350570" visible="true" version="2" changeset="17468023" timestamp="2013-08-23T10:38:21Z" user="IRTC1015" uid="223224" lat="37.4502303" lon="126.6540913"/>
 <node id="2276350571" visible="true" version="2" changeset="17468023" timestamp="2013-08-23T10:38:21Z" user="IRTC1015" uid="223224" lat="37.4502420" lon="126.6541458"/>
 <node id="2276360812" visible="true" version="4" changeset="126737957" timestamp="2022-09-28T12:07:26Z" user="oldman Jang" uid="17260371" lat="37.4470167" lon="126.6544155"/>
 <node id="2276360815" visible="true" version="3" changeset="126729666" timestamp="2022-09-28T08:48:36Z" user="oldman Jang" uid="17260371" lat="37.4471045" lon="126.6544700"/>
 <node id="2276360817" visible="true" version="3" changeset="126729666" timestamp="2022-09-28T08:48:36Z" user="oldman Jang" uid="17260371" lat="37.4472077" lon="126.6542095"/>
 <node id="2276360819" visible="true" version="3" changeset="126729666" timestamp="2022-09-28T08:48:36Z" user="oldman Jang" uid="17260371" lat="37.4473242" lon="126.6539300"/>
 <node id="2276360822" visible="true" version="3" changeset="126729666" timestamp="2022-09-28T08:48:36Z" user="oldman Jang" uid="17260371" lat="37.4475079" lon="126.6547394"/>
 <node id="2276360824" visible="true" version="3" changeset="126729666" timestamp="2022-09-28T08:48:36Z" user="oldman Jang" uid="17260371" lat="37.4474990" lon="126.6539931"/>
 <node id="2276360827" visible="true" version="3" changeset="126729666" timestamp="2022-09-28T08:48:36Z" user="oldman Jang" uid="17260371" lat="37.4476430" lon="126.6544127"/>
 <node id="2276360831" visible="true" version="3" changeset="126729666" timestamp="2022-09-28T08:48:36Z" user="oldman Jang" uid="17260371" lat="37.4476354" lon="126.6540808"/>
 <node id="2276360833" visible="true" version="3" changeset="126737957" timestamp="2022-09-28T12:07:26Z" user="oldman Jang" uid="17260371" lat="37.4474971" lon="126.6533395"/>
 <node id="2276360838" visible="true" version="3" changeset="126737957" timestamp="2022-09-28T12:07:26Z" user="oldman Jang" uid="17260371" lat="37.4475657" lon="126.6533003"/>
 <node id="2276360839" visible="true" version="3" changeset="126737957" timestamp="2022-09-28T12:07:26Z" user="oldman Jang" uid="17260371" lat="37.4475865" lon="126.6534249"/>
 <node id="2276360840" visible="true" version="3" changeset="126737957" timestamp="2022-09-28T12:07:26Z" user="oldman Jang" uid="17260371" lat="37.4476627" lon="126.6534037"/>
 <node id="2276360841" visible="true" version="2" changeset="17468023" timestamp="2013-08-23T10:38:22Z" user="IRTC1015" uid="223224" lat="37.4477166" lon="126.6534580"/>
 <node id="2276360842" visible="true" version="2" changeset="17468023" timestamp="2013-08-23T10:38:22Z" user="IRTC1015" uid="223224" lat="37.4477257" lon="126.6535141"/>
 <node id="2276360843" visible="true" version="2" changeset="17468023" timestamp="2013-08-23T10:38:22Z" user="IRTC1015" uid="223224" lat="37.4477561" lon="126.6545194"/>
 <node id="2276360844" visible="true" version="3" changeset="126731102" timestamp="2022-09-28T09:22:47Z" user="oldman Jang" uid="17260371" lat="37.4477860" lon="126.6545710"/>
 <node id="2276360845" visible="true" version="4" changeset="126731102" timestamp="2022-09-28T09:22:47Z" user="oldman Jang" uid="17260371" lat="37.4479390" lon="126.6550435"/>
 <node id="2276360846" visible="true" version="3" changeset="126731102" timestamp="2022-09-28T09:22:47Z" user="oldman Jang" uid="17260371" lat="37.4479652" lon="126.6550255"/>
 <node id="2276360847" visible="true" version="3" changeset="126731102" timestamp="2022-09-28T09:22:47Z" user="oldman Jang" uid="17260371" lat="37.4480362" lon="126.6547065"/>
 <node id="2276360848" visible="true" version="3" changeset="126731102" timestamp="2022-09-28T09:22:47Z" user="oldman Jang" uid="17260371" lat="37.4480643" lon="126.6547268"/>
 <node id="2276360849" visible="true" version="3" changeset="126731102" timestamp="2022-09-28T09:22:47Z" user="oldman Jang" uid="17260371" lat="37.4486403" lon="126.6554862"/>
 <node id="2276360850" visible="true" version="3" changeset="126731102" timestamp="2022-09-28T09:22:47Z" user="oldman Jang" uid="17260371" lat="37.4487495" lon="126.6552191"/>
 <node id="2276366132" visible="true" version="4" changeset="126737957" timestamp="2022-09-28T12:07:26Z" user="oldman Jang" uid="17260371" lat="37.4468884" lon="126.6547144"/>
 <node id="2276366133" visible="true" version="3" changeset="126729666" timestamp="2022-09-28T08:48:36Z" user="oldman Jang" uid="17260371" lat="37.4471702" lon="126.6549013"/>
 <node id="2276366134" visible="true" version="4" changeset="126737957" timestamp="2022-09-28T12:07:26Z" user="oldman Jang" uid="17260371" lat="37.4469713" lon="126.6545294"/>
 <node id="2276366135" visible="true" version="3" changeset="126729666" timestamp="2022-09-28T08:48:36Z" user="oldman Jang" uid="17260371" lat="37.4470551" lon="126.6545814"/>
 <node id="2276366137" visible="true" version="2" changeset="17468023" timestamp="2013-08-23T10:38:22Z" user="IRTC1015" uid="223224" lat="37.4473001" lon="126.6546742"/>
 <node id="2276366138" visible="true" version="2" changeset="17468023" timestamp="2013-08-23T10:38:22Z" user="IRTC1015" uid="223224" lat="37.4473916" lon="126.6547308"/>
 <node id="2276366139" visible="true" version="2" changeset="17468023" timestamp="2013-08-23T10:38:22Z" user="IRTC1015" uid="223224" lat="37.4475172" lon="126.6549771"/>
 <node id="2276366140" visible="true" version="2" changeset="17468023" timestamp="2013-08-23T10:38:22Z" user="IRTC1015" uid="223224" lat="37.4478970" lon="126.6552096"/>
 <node id="2276366141" visible="true" version="2" changeset="17468023" timestamp="2013-08-23T10:38:22Z" user="IRTC1015" uid="223224" lat="37.4479328" lon="126.6552332"/>
 <node id="2276366142" visible="true" version="3" changeset="126731102" timestamp="2022-09-28T09:22:47Z" user="oldman Jang" uid="17260371" lat="37.4479498" lon="126.6550819"/>
 <node id="2276366143" visible="true" version="2" changeset="17468023" timestamp="2013-08-23T10:38:23Z" user="IRTC1015" uid="223224" lat="37.4484393" lon="126.6555634"/>
 <node id="2276366144" visible="true" version="2" changeset="17468023" timestamp="2013-08-23T10:38:23Z" user="IRTC1015" uid="223224" lat="37.4484675" lon="126.6555249"/>
 <node id="2276366145" visible="true" version="2" changeset="17468023" timestamp="2013-08-23T10:38:23Z" user="IRTC1015" uid="223224" lat="37.4484981" lon="126.6555160"/>
 <node id="2276366146" visible="true" version="3" changeset="126731102" timestamp="2022-09-28T09:22:47Z" user="oldman Jang" uid="17260371" lat="37.4485331" lon="126.6555405"/>
 <node id="2276366147" visible="true" version="2" changeset="17468023" timestamp="2013-08-23T10:38:23Z" user="IRTC1015" uid="223224" lat="37.4485499" lon="126.6556227"/>
 <node id="2276366148" visible="true" version="3" changeset="126731102" timestamp="2022-09-28T09:22:47Z" user="oldman Jang" uid="17260371" lat="37.4485786" lon="126.6556742"/>
 <node id="2276366149" visible="true" version="2" changeset="17468023" timestamp="2013-08-23T10:38:23Z" user="IRTC1015" uid="223224" lat="37.4486299" lon="126.6556939"/>
 <node id="2276369450" visible="true" version="3" changeset="126737957" timestamp="2022-09-28T12:07:26Z" user="oldman Jang" uid="17260371" lat="37.4476634" lon="126.6527874"/>
 <node id="2276369451" visible="true" version="3" changeset="126737957" timestamp="2022-09-28T12:07:26Z" user="oldman Jang" uid="17260371" lat="37.4477095" lon="126.6529522"/>
 <node id="2276369452" visible="true" version="3" changeset="126737957" timestamp="2022-09-28T12:07:26Z" user="oldman Jang" uid="17260371" lat="37.4477858" lon="126.6530306"/>
 <node id="2276369454" visible="true" version="2" changeset="17468023" timestamp="2013-08-23T10:38:23Z" user="IRTC1015" uid="223224" lat="37.4479443" lon="126.6523640"/>
 <node id="2276369455" visible="true" version="2" changeset="17468023" timestamp="2013-08-23T10:38:23Z" user="IRTC1015" uid="223224" lat="37.4479585" lon="126.6524189"/>
 <node id="2276369456" visible="true" version="2" changeset="17468023" timestamp="2013-08-23T10:38:23Z" user="IRTC1015" uid="223224" lat="37.4479908" lon="126.6524554"/>
 <node id="2276369457" visible="true" version="2" changeset="17468023" timestamp="2013-08-23T10:38:23Z" user="IRTC1015" uid="223224" lat="37.4479920" lon="126.6525177"/>
 <node id="2276369458" visible="true" version="2" changeset="17468023" timestamp="2013-08-23T10:38:23Z" user="IRTC1015" uid="223224" lat="37.4480085" lon="126.6525740"/>
 <node id="2276369459" visible="true" version="3" changeset="126737957" timestamp="2022-09-28T12:07:26Z" user="oldman Jang" uid="17260371" lat="37.4482050" lon="126.6526822"/>
 <node id="2276369461" visible="true" version="2" changeset="17468023" timestamp="2013-08-23T10:38:23Z" user="IRTC1015" uid="223224" lat="37.4483402" lon="126.6514394"/>
 <node id="2276369462" visible="true" version="2" changeset="17468023" timestamp="2013-08-23T10:38:23Z" user="IRTC1015" uid="223224" lat="37.4483854" lon="126.6514313"/>
 <node id="2276369463" visible="true" version="2" changeset="17468023" timestamp="2013-08-23T10:38:23Z" user="IRTC1015" uid="223224" lat="37.4484242" lon="126.6514061"/>
 <node id="2276369464" visible="true" version="2" changeset="17468023" timestamp="2013-08-23T10:38:23Z" user="IRTC1015" uid="223224" lat="37.4484277" lon="126.6512756"/>
 <node id="2276369465" visible="true" version="2" changeset="17468023" timestamp="2013-08-23T10:38:23Z" user="IRTC1015" uid="223224" lat="37.4484583" lon="126.6511986"/>
 <node id="2276369466" visible="true" version="2" changeset="17468023" timestamp="2013-08-23T10:38:23Z" user="IRTC1015" uid="223224" lat="37.4484630" lon="126.6512905"/>
 <node id="2276369467" visible="true" version="2" changeset="17468023" timestamp="2013-08-23T10:38:23Z" user="IRTC1015" uid="223224" lat="37.4484654" lon="126.6513290"/>
 <node id="2276369468" visible="true" version="2" changeset="17468023" timestamp="2013-08-23T10:38:23Z" user="IRTC1015" uid="223224" lat="37.4484889" lon="126.6512030"/>
 <node id="2276369469" visible="true" version="2" changeset="17468023" timestamp="2013-08-23T10:38:23Z" user="IRTC1015" uid="223224" lat="37.4485184" lon="126.6512015"/>
 <node id="2276369470" visible="true" version="4" changeset="126737957" timestamp="2022-09-28T12:07:26Z" user="oldman Jang" uid="17260371" lat="37.4484888" lon="126.6507639"/>
 <node id="2276369471" visible="true" version="3" changeset="126737957" timestamp="2022-09-28T12:07:26Z" user="oldman Jang" uid="17260371" lat="37.4485626" lon="126.6505808"/>
 <node id="2276369472" visible="true" version="2" changeset="17468023" timestamp="2013-08-23T10:38:23Z" user="IRTC1015" uid="223224" lat="37.4487343" lon="126.6507263"/>
 <node id="2276369473" visible="true" version="2" changeset="17468023" timestamp="2013-08-23T10:38:23Z" user="IRTC1015" uid="223224" lat="37.4487366" lon="126.6503408"/>
 <node id="2276369474" visible="true" version="2" changeset="17468023" timestamp="2013-08-23T10:38:23Z" user="IRTC1015" uid="223224" lat="37.4487767" lon="126.6507174"/>
 <node id="2276369475" visible="true" version="2" changeset="17468023" timestamp="2013-08-23T10:38:23Z" user="IRTC1015" uid="223224" lat="37.4487982" lon="126.6502465"/>
 <node id="2276369476" visible="true" version="2" changeset="17468023" timestamp="2013-08-23T10:38:23Z" user="IRTC1015" uid="223224" lat="37.4488414" lon="126.6507456"/>
 <node id="2276369477" visible="true" version="2" changeset="17468023" timestamp="2013-08-23T10:38:23Z" user="IRTC1015" uid="223224" lat="37.4488764" lon="126.6505693"/>
 <node id="2276369478" visible="true" version="3" changeset="126730009" timestamp="2022-09-28T08:55:58Z" user="oldman Jang" uid="17260371" lat="37.4488536" lon="126.6504913"/>
 <node id="2276369479" visible="true" version="2" changeset="17468023" timestamp="2013-08-23T10:38:23Z" user="IRTC1015" uid="223224" lat="37.4488935" lon="126.6507141"/>
 <node id="2276369480" visible="true" version="2" changeset="17468023" timestamp="2013-08-23T10:38:23Z" user="IRTC1015" uid="223224" lat="37.4488964" lon="126.6505945"/>
 <node id="2276369481" visible="true" version="2" changeset="17468023" timestamp="2013-08-23T10:38:23Z" user="IRTC1015" uid="223224" lat="37.4490112" lon="126.6501354"/>
 <node id="2276369483" visible="true" version="3" changeset="126730009" timestamp="2022-09-28T08:55:58Z" user="oldman Jang" uid="17260371" lat="37.4490381" lon="126.6502018"/>
 <node id="2276375028" visible="true" version="2" changeset="17468023" timestamp="2013-08-23T10:38:23Z" user="IRTC1015" uid="223224" lat="37.4489580" lon="126.6581945"/>
 <node id="2276375029" visible="true" version="2" changeset="17468023" timestamp="2013-08-23T10:38:23Z" user="IRTC1015" uid="223224" lat="37.4489613" lon="126.6581652"/>
 <node id="2276375030" visible="true" version="2" changeset="17468023" timestamp="2013-08-23T10:38:24Z" user="IRTC1015" uid="223224" lat="37.4489763" lon="126.6582197"/>
 <node id="2276375031" visible="true" version="2" changeset="17468023" timestamp="2013-08-23T10:38:24Z" user="IRTC1015" uid="223224" lat="37.4490712" lon="126.6580016"/>
 <node id="2276375032" visible="true" version="2" changeset="17468023" timestamp="2013-08-23T10:38:24Z" user="IRTC1015" uid="223224" lat="37.4491666" lon="126.6584731"/>
 <node id="2276375033" visible="true" version="2" changeset="17468023" timestamp="2013-08-23T10:38:24Z" user="IRTC1015" uid="223224" lat="37.4491666" lon="126.6585193"/>
 <node id="2276375034" visible="true" version="2" changeset="17468023" timestamp="2013-08-23T10:38:24Z" user="IRTC1015" uid="223224" lat="37.4491733" lon="126.6585822"/>
 <node id="2276375035" visible="true" version="2" changeset="17468023" timestamp="2013-08-23T10:38:24Z" user="IRTC1015" uid="223224" lat="37.4491800" lon="126.6576172"/>
 <node id="2276375036" visible="true" version="2" changeset="17468023" timestamp="2013-08-23T10:38:24Z" user="IRTC1015" uid="223224" lat="37.4492008" lon="126.6575742"/>
 <node id="2276375037" visible="true" version="2" changeset="17468023" timestamp="2013-08-23T10:38:24Z" user="IRTC1015" uid="223224" lat="37.4492035" lon="126.6576142"/>
 <node id="2276375038" visible="true" version="2" changeset="17468023" timestamp="2013-08-23T10:38:24Z" user="IRTC1015" uid="223224" lat="37.4492132" lon="126.6586304"/>
 <node id="2276375039" visible="true" version="2" changeset="17468023" timestamp="2013-08-23T10:38:24Z" user="IRTC1015" uid="223224" lat="37.4492781" lon="126.6586178"/>
 <node id="2276375040" visible="true" version="2" changeset="17468023" timestamp="2013-08-23T10:38:24Z" user="IRTC1015" uid="223224" lat="37.4493021" lon="126.6581423"/>
 <node id="2276375041" visible="true" version="2" changeset="17468023" timestamp="2013-08-23T10:38:24Z" user="IRTC1015" uid="223224" lat="37.4493941" lon="126.6578255"/>
 <node id="2276375042" visible="true" version="2" changeset="17468023" timestamp="2013-08-23T10:38:24Z" user="IRTC1015" uid="223224" lat="37.4493989" lon="126.6578914"/>
 <node id="2276375043" visible="true" version="2" changeset="17468023" timestamp="2013-08-23T10:38:24Z" user="IRTC1015" uid="223224" lat="37.4494138" lon="126.6570501"/>
 <node id="2276375044" visible="true" version="2" changeset="17468023" timestamp="2013-08-23T10:38:24Z" user="IRTC1015" uid="223224" lat="37.4494189" lon="126.6579611"/>
 <node id="2276375045" visible="true" version="2" changeset="17468023" timestamp="2013-08-23T10:38:24Z" user="IRTC1015" uid="223224" lat="37.4494241" lon="126.6578339"/>
 <node id="2276375046" visible="true" version="2" changeset="17468023" timestamp="2013-08-23T10:38:24Z" user="IRTC1015" uid="223224" lat="37.4494541" lon="126.6578108"/>
 <node id="2276375047" visible="true" version="2" changeset="17468023" timestamp="2013-08-23T10:38:24Z" user="IRTC1015" uid="223224" lat="37.4494636" lon="126.6579092"/>
 <node id="2276375048" visible="true" version="2" changeset="17468023" timestamp="2013-08-23T10:38:24Z" user="IRTC1015" uid="223224" lat="37.4495481" lon="126.6576085"/>
 <node id="2276375049" visible="true" version="2" changeset="17468023" timestamp="2013-08-23T10:38:24Z" user="IRTC1015" uid="223224" lat="37.4495681" lon="126.6576463"/>
 <node id="2276375050" visible="true" version="2" changeset="17468023" timestamp="2013-08-23T10:38:24Z" user="IRTC1015" uid="223224" lat="37.4496668" lon="126.6572199"/>
 <node id="2276375051" visible="true" version="2" changeset="17468023" timestamp="2013-08-23T10:38:24Z" user="IRTC1015" uid="223224" lat="37.4496951" lon="126.6572702"/>
 <node id="2276375052" visible="true" version="2" changeset="17468023" timestamp="2013-08-23T10:38:24Z" user="IRTC1015" uid="223224" lat="37.4497301" lon="126.6573457"/>
 <node id="2276375053" visible="true" version="2" changeset="17468023" timestamp="2013-08-23T10:38:24Z" user="IRTC1015" uid="223224" lat="37.4497384" lon="126.6574107"/>
 <node id="2276376844" visible="true" version="2" changeset="17468023" timestamp="2013-08-23T10:38:24Z" user="IRTC1015" uid="223224" lat="37.4496025" lon="126.6586116"/>
 <node id="2276376845" visible="true" version="2" changeset="17468023" timestamp="2013-08-23T10:38:24Z" user="IRTC1015" uid="223224" lat="37.4496108" lon="126.6586200"/>
 <node id="2276376846" visible="true" version="2" changeset="17468023" timestamp="2013-08-23T10:38:24Z" user="IRTC1015" uid="223224" lat="37.4496675" lon="126.6586302"/>
 <node id="2276376847" visible="true" version="2" changeset="17468023" timestamp="2013-08-23T10:38:24Z" user="IRTC1015" uid="223224" lat="37.4497041" lon="126.6586606"/>
 <node id="2276376848" visible="true" version="2" changeset="17468023" timestamp="2013-08-23T10:38:24Z" user="IRTC1015" uid="223224" lat="37.4497122" lon="126.6586418"/>
 <node id="2276376849" visible="true" version="2" changeset="17468023" timestamp="2013-08-23T10:38:24Z" user="IRTC1015" uid="223224" lat="37.4497240" lon="126.6586507"/>
 <node id="2276376850" visible="true" version="2" changeset="17468023" timestamp="2013-08-23T10:38:24Z" user="IRTC1015" uid="223224" lat="37.4497243" lon="126.6583222"/>
 <node id="2276376851" visible="true" version="2" changeset="17468023" timestamp="2013-08-23T10:38:24Z" user="IRTC1015" uid="223224" lat="37.4497393" lon="126.6583344"/>
 <node id="2276376852" visible="true" version="2" changeset="17468023" timestamp="2013-08-23T10:38:24Z" user="IRTC1015" uid="223224" lat="37.4497466" lon="126.6582748"/>
 <node id="2276376853" visible="true" version="2" changeset="17468023" timestamp="2013-08-23T10:38:24Z" user="IRTC1015" uid="223224" lat="37.4497495" lon="126.6583116"/>
 <node id="2276376854" visible="true" version="2" changeset="17468023" timestamp="2013-08-23T10:38:24Z" user="IRTC1015" uid="223224" lat="37.4497531" lon="126.6586726"/>
 <node id="2276376855" visible="true" version="2" changeset="17468023" timestamp="2013-08-23T10:38:24Z" user="IRTC1015" uid="223224" lat="37.4497601" lon="126.6582868"/>
 <node id="2276376856" visible="true" version="2" changeset="17468023" timestamp="2013-08-23T10:38:24Z" user="IRTC1015" uid="223224" lat="37.4497908" lon="126.6585725"/>
 <node id="2276376857" visible="true" version="2" changeset="17468023" timestamp="2013-08-23T10:38:24Z" user="IRTC1015" uid="223224" lat="37.4498157" lon="126.6584392"/>
 <node id="2276376858" visible="true" version="2" changeset="17468023" timestamp="2013-08-23T10:38:25Z" user="IRTC1015" uid="223224" lat="37.4498179" lon="126.6585191"/>
 <node id="2276376859" visible="true" version="2" changeset="17468023" timestamp="2013-08-23T10:38:25Z" user="IRTC1015" uid="223224" lat="37.4498209" lon="126.6584106"/>
 <node id="2276376860" visible="true" version="2" changeset="17468023" timestamp="2013-08-23T10:38:25Z" user="IRTC1015" uid="223224" lat="37.4498642" lon="126.6580088"/>
 <node id="2276376861" visible="true" version="2" changeset="17468023" timestamp="2013-08-23T10:38:25Z" user="IRTC1015" uid="223224" lat="37.4498775" lon="126.6580204"/>
 <node id="2276376862" visible="true" version="2" changeset="17468023" timestamp="2013-08-23T10:38:25Z" user="IRTC1015" uid="223224" lat="37.4498932" lon="126.6579840"/>
 <node id="2276376863" visible="true" version="2" changeset="17468023" timestamp="2013-08-23T10:38:25Z" user="IRTC1015" uid="223224" lat="37.4499603" lon="126.6583175"/>
 <node id="2276376864" visible="true" version="2" changeset="17468023" timestamp="2013-08-23T10:38:25Z" user="IRTC1015" uid="223224" lat="37.4499615" lon="126.6588164"/>
 <node id="2276376865" visible="true" version="2" changeset="17468023" timestamp="2013-08-23T10:38:25Z" user="IRTC1015" uid="223224" lat="37.4499779" lon="126.6584568"/>
 <node id="2276376866" visible="true" version="2" changeset="17468023" timestamp="2013-08-23T10:38:25Z" user="IRTC1015" uid="223224" lat="37.4499797" lon="126.6580426"/>
 <node id="2276376867" visible="true" version="2" changeset="17468023" timestamp="2013-08-23T10:38:25Z" user="IRTC1015" uid="223224" lat="37.4499885" lon="126.6584346"/>
 <node id="2276376868" visible="true" version="2" changeset="17468023" timestamp="2013-08-23T10:38:25Z" user="IRTC1015" uid="223224" lat="37.4500180" lon="126.6581855"/>
 <node id="2276376869" visible="true" version="2" changeset="17468023" timestamp="2013-08-23T10:38:25Z" user="IRTC1015" uid="223224" lat="37.4500839" lon="126.6585309"/>
 <node id="2276376870" visible="true" version="2" changeset="17468023" timestamp="2013-08-23T10:38:25Z" user="IRTC1015" uid="223224" lat="37.4500874" lon="126.6585057"/>
 <node id="2276376871" visible="true" version="2" changeset="17468023" timestamp="2013-08-23T10:38:25Z" user="IRTC1015" uid="223224" lat="37.4501780" lon="126.6582878"/>
 <node id="2278258236" visible="true" version="3" changeset="17648854" timestamp="2013-09-03T07:41:51Z" user="IRTC1015" uid="223224" lat="37.4502059" lon="126.6534342"/>
 <node id="2278258237" visible="true" version="3" changeset="17648854" timestamp="2013-09-03T07:41:51Z" user="IRTC1015" uid="223224" lat="37.4502458" lon="126.6534446"/>
 <node id="2278258238" visible="true" version="3" changeset="17648854" timestamp="2013-09-03T07:41:51Z" user="IRTC1015" uid="223224" lat="37.4502841" lon="126.6534530"/>
 <node id="2278258239" visible="true" version="3" changeset="17648854" timestamp="2013-09-03T07:41:51Z" user="IRTC1015" uid="223224" lat="37.4503141" lon="126.6534425"/>
 <node id="2278258240" visible="true" version="3" changeset="17648854" timestamp="2013-09-03T07:41:51Z" user="IRTC1015" uid="223224" lat="37.4503407" lon="126.6534321"/>
 <node id="2278258241" visible="true" version="3" changeset="17648854" timestamp="2013-09-03T07:41:51Z" user="IRTC1015" uid="223224" lat="37.4503790" lon="126.6534006"/>
 <node id="2278258242" visible="true" version="3" changeset="17648854" timestamp="2013-09-03T07:41:51Z" user="IRTC1015" uid="223224" lat="37.4503956" lon="126.6529352"/>
 <node id="2278258244" visible="true" version="2" changeset="17468023" timestamp="2013-08-23T10:38:25Z" user="IRTC1015" uid="223224" lat="37.4504239" lon="126.6528637"/>
 <node id="2278258245" visible="true" version="3" changeset="17648854" timestamp="2013-09-03T07:41:51Z" user="IRTC1015" uid="223224" lat="37.4504123" lon="126.6533503"/>
 <node id="2278258247" visible="true" version="3" changeset="17648854" timestamp="2013-09-03T07:41:51Z" user="IRTC1015" uid="223224" lat="37.4505404" lon="126.6530337"/>
 <node id="2278258248" visible="true" version="3" changeset="17648854" timestamp="2013-09-03T07:41:51Z" user="IRTC1015" uid="223224" lat="37.4505461" lon="126.6529376"/>
 <node id="2278258251" visible="true" version="2" changeset="17468023" timestamp="2013-08-23T10:38:25Z" user="IRTC1015" uid="223224" lat="37.4506020" lon="126.6524108"/>
 <node id="2278258255" visible="true" version="3" changeset="17648854" timestamp="2013-09-03T07:41:51Z" user="IRTC1015" uid="223224" lat="37.4506544" lon="126.6524437"/>
 <node id="2278258257" visible="true" version="3" changeset="17648854" timestamp="2013-09-03T07:41:51Z" user="IRTC1015" uid="223224" lat="37.4506632" lon="126.6522962"/>
 <node id="2278258258" visible="true" version="2" changeset="17468023" timestamp="2013-08-23T10:38:25Z" user="IRTC1015" uid="223224" lat="37.4506935" lon="126.6525072"/>
 <node id="2278258260" visible="true" version="3" changeset="17648854" timestamp="2013-09-03T07:41:51Z" user="IRTC1015" uid="223224" lat="37.4507149" lon="126.6526415"/>
 <node id="2278258261" visible="true" version="3" changeset="17648854" timestamp="2013-09-03T07:41:51Z" user="IRTC1015" uid="223224" lat="37.4507178" lon="126.6525764"/>
 <node id="2278258269" visible="true" version="3" changeset="17648854" timestamp="2013-09-03T07:41:51Z" user="IRTC1015" uid="223224" lat="37.4508641" lon="126.6518096"/>
 <node id="2278299549" visible="true" version="2" changeset="17468023" timestamp="2013-08-23T10:38:36Z" user="IRTC1015" uid="223224" lat="37.4483701" lon="126.6580754"/>
 <node id="2278299550" visible="true" version="2" changeset="17468023" timestamp="2013-08-23T10:38:36Z" user="IRTC1015" uid="223224" lat="37.4483865" lon="126.6580798"/>
 <node id="2278299551" visible="true" version="2" changeset="17468023" timestamp="2013-08-23T10:38:36Z" user="IRTC1015" uid="223224" lat="37.4484030" lon="126.6579523"/>
 <node id="2278299552" visible="true" version="2" changeset="17468023" timestamp="2013-08-23T10:38:36Z" user="IRTC1015" uid="223224" lat="37.4484112" lon="126.6579138"/>
 <node id="2278299553" visible="true" version="2" changeset="17468023" timestamp="2013-08-23T10:38:36Z" user="IRTC1015" uid="223224" lat="37.4484165" lon="126.6579015"/>
 <node id="2278299554" visible="true" version="2" changeset="17468023" timestamp="2013-08-23T10:38:36Z" user="IRTC1015" uid="223224" lat="37.4484218" lon="126.6580991"/>
 <node id="2278299555" visible="true" version="2" changeset="17468023" timestamp="2013-08-23T10:38:36Z" user="IRTC1015" uid="223224" lat="37.4484289" lon="126.6578723"/>
 <node id="2278299557" visible="true" version="2" changeset="17468023" timestamp="2013-08-23T10:38:36Z" user="IRTC1015" uid="223224" lat="37.4484442" lon="126.6578486"/>
 <node id="2278299559" visible="true" version="2" changeset="17468023" timestamp="2013-08-23T10:38:36Z" user="IRTC1015" uid="223224" lat="37.4484592" lon="126.6580616"/>
 <node id="2278299561" visible="true" version="2" changeset="17468023" timestamp="2013-08-23T10:38:36Z" user="IRTC1015" uid="223224" lat="37.4484736" lon="126.6577700"/>
 <node id="2278299563" visible="true" version="2" changeset="17468023" timestamp="2013-08-23T10:38:36Z" user="IRTC1015" uid="223224" lat="37.4484875" lon="126.6580675"/>
 <node id="2278299565" visible="true" version="2" changeset="17468023" timestamp="2013-08-23T10:38:36Z" user="IRTC1015" uid="223224" lat="37.4484901" lon="126.6577166"/>
 <node id="2278299567" visible="true" version="2" changeset="17468023" timestamp="2013-08-23T10:38:36Z" user="IRTC1015" uid="223224" lat="37.4484913" lon="126.6576870"/>
 <node id="2278299568" visible="true" version="2" changeset="17468023" timestamp="2013-08-23T10:38:36Z" user="IRTC1015" uid="223224" lat="37.4485148" lon="126.6576277"/>
 <node id="2278299570" visible="true" version="2" changeset="17468023" timestamp="2013-08-23T10:38:36Z" user="IRTC1015" uid="223224" lat="37.4485192" lon="126.6580779"/>
 <node id="2278299572" visible="true" version="2" changeset="17468023" timestamp="2013-08-23T10:38:36Z" user="IRTC1015" uid="223224" lat="37.4485569" lon="126.6580646"/>
 <node id="2278299574" visible="true" version="2" changeset="17468023" timestamp="2013-08-23T10:38:36Z" user="IRTC1015" uid="223224" lat="37.4485840" lon="126.6580409"/>
 <node id="2278299576" visible="true" version="2" changeset="17468023" timestamp="2013-08-23T10:38:36Z" user="IRTC1015" uid="223224" lat="37.4486372" lon="126.6573267"/>
 <node id="2278299578" visible="true" version="2" changeset="17468023" timestamp="2013-08-23T10:38:36Z" user="IRTC1015" uid="223224" lat="37.4486596" lon="126.6573163"/>
 <node id="2278299580" visible="true" version="2" changeset="17468023" timestamp="2013-08-23T10:38:36Z" user="IRTC1015" uid="223224" lat="37.4486655" lon="126.6572822"/>
 <node id="2278299582" visible="true" version="2" changeset="17468023" timestamp="2013-08-23T10:38:36Z" user="IRTC1015" uid="223224" lat="37.4486796" lon="126.6572496"/>
 <node id="2278299584" visible="true" version="2" changeset="17468023" timestamp="2013-08-23T10:38:36Z" user="IRTC1015" uid="223224" lat="37.4486802" lon="126.6578073"/>
 <node id="2278299586" visible="true" version="2" changeset="17468023" timestamp="2013-08-23T10:38:36Z" user="IRTC1015" uid="223224" lat="37.4487055" lon="126.6571963"/>
 <node id="2278299588" visible="true" version="2" changeset="17468023" timestamp="2013-08-23T10:38:36Z" user="IRTC1015" uid="223224" lat="37.4487055" lon="126.6572155"/>
 <node id="2278299590" visible="true" version="2" changeset="17468023" timestamp="2013-08-23T10:38:36Z" user="IRTC1015" uid="223224" lat="37.4487177" lon="126.6577884"/>
 <node id="2278299591" visible="true" version="2" changeset="17468023" timestamp="2013-08-23T10:38:36Z" user="IRTC1015" uid="223224" lat="37.4487363" lon="126.6577332"/>
 <node id="2278299593" visible="true" version="2" changeset="17468023" timestamp="2013-08-23T10:38:36Z" user="IRTC1015" uid="223224" lat="37.4487596" lon="126.6570688"/>
 <node id="2278299595" visible="true" version="2" changeset="17468023" timestamp="2013-08-23T10:38:36Z" user="IRTC1015" uid="223224" lat="37.4487646" lon="126.6576808"/>
 <node id="2278299597" visible="true" version="2" changeset="17468023" timestamp="2013-08-23T10:38:37Z" user="IRTC1015" uid="223224" lat="37.4487795" lon="126.6570518"/>
 <node id="2278299599" visible="true" version="2" changeset="17468023" timestamp="2013-08-23T10:38:37Z" user="IRTC1015" uid="223224" lat="37.4487826" lon="126.6569739"/>
 <node id="2278299601" visible="true" version="2" changeset="17468023" timestamp="2013-08-23T10:38:37Z" user="IRTC1015" uid="223224" lat="37.4487979" lon="126.6576388"/>
 <node id="2278299603" visible="true" version="2" changeset="17468023" timestamp="2013-08-23T10:38:37Z" user="IRTC1015" uid="223224" lat="37.4488073" lon="126.6569932"/>
 <node id="2278299605" visible="true" version="2" changeset="17468023" timestamp="2013-08-23T10:38:37Z" user="IRTC1015" uid="223224" lat="37.4488195" lon="126.6574481"/>
 <node id="2278299620" visible="true" version="2" changeset="17468023" timestamp="2013-08-23T10:38:37Z" user="IRTC1015" uid="223224" lat="37.4488245" lon="126.6575780"/>
 <node id="2278299622" visible="true" version="2" changeset="17468023" timestamp="2013-08-23T10:38:37Z" user="IRTC1015" uid="223224" lat="37.4488345" lon="126.6575026"/>
 <node id="2278299624" visible="true" version="2" changeset="17468023" timestamp="2013-08-23T10:38:37Z" user="IRTC1015" uid="223224" lat="37.4488528" lon="126.6573705"/>
 <node id="2278299626" visible="true" version="2" changeset="17468023" timestamp="2013-08-23T10:38:37Z" user="IRTC1015" uid="223224" lat="37.4488661" lon="126.6571021"/>
 <node id="2278299628" visible="true" version="2" changeset="17468023" timestamp="2013-08-23T10:38:37Z" user="IRTC1015" uid="223224" lat="37.4488791" lon="126.6570288"/>
 <node id="2278299630" visible="true" version="2" changeset="17468023" timestamp="2013-08-23T10:38:37Z" user="IRTC1015" uid="223224" lat="37.4488979" lon="126.6567130"/>
 <node id="2278299632" visible="true" version="2" changeset="17468023" timestamp="2013-08-23T10:38:37Z" user="IRTC1015" uid="223224" lat="37.4489144" lon="126.6573684"/>
 <node id="2278299634" visible="true" version="2" changeset="17468023" timestamp="2013-08-23T10:38:37Z" user="IRTC1015" uid="223224" lat="37.4489177" lon="126.6571483"/>
 <node id="2278299636" visible="true" version="2" changeset="17468023" timestamp="2013-08-23T10:38:37Z" user="IRTC1015" uid="223224" lat="37.4489203" lon="126.6570495"/>
 <node id="2278299638" visible="true" version="2" changeset="17468023" timestamp="2013-08-23T10:38:37Z" user="IRTC1015" uid="223224" lat="37.4489438" lon="126.6567100"/>
 <node id="2278299641" visible="true" version="2" changeset="17468023" timestamp="2013-08-23T10:38:37Z" user="IRTC1015" uid="223224" lat="37.4489526" lon="126.6572971"/>
 <node id="2278299643" visible="true" version="2" changeset="17468023" timestamp="2013-08-23T10:38:37Z" user="IRTC1015" uid="223224" lat="37.4489543" lon="126.6571986"/>
 <node id="2278299645" visible="true" version="2" changeset="17468023" timestamp="2013-08-23T10:38:37Z" user="IRTC1015" uid="223224" lat="37.4489662" lon="126.6567056"/>
 <node id="2278299647" visible="true" version="2" changeset="17468023" timestamp="2013-08-23T10:38:37Z" user="IRTC1015" uid="223224" lat="37.4489726" lon="126.6572279"/>
 <node id="2278299649" visible="true" version="2" changeset="17468023" timestamp="2013-08-23T10:38:37Z" user="IRTC1015" uid="223224" lat="37.4489733" lon="126.6570436"/>
 <node id="2278299651" visible="true" version="2" changeset="17468023" timestamp="2013-08-23T10:38:37Z" user="IRTC1015" uid="223224" lat="37.4489909" lon="126.6567086"/>
 <node id="2278299653" visible="true" version="2" changeset="17468023" timestamp="2013-08-23T10:38:37Z" user="IRTC1015" uid="223224" lat="37.4490203" lon="126.6570139"/>
 <node id="2278299655" visible="true" version="2" changeset="17468023" timestamp="2013-08-23T10:38:37Z" user="IRTC1015" uid="223224" lat="37.4491121" lon="126.6567931"/>
 <node id="2278299657" visible="true" version="2" changeset="17468023" timestamp="2013-08-23T10:38:37Z" user="IRTC1015" uid="223224" lat="37.4498953" lon="126.6573346"/>
 <node id="2278299659" visible="true" version="2" changeset="17468023" timestamp="2013-08-23T10:38:37Z" user="IRTC1015" uid="223224" lat="37.4499635" lon="126.6571795"/>
 <node id="2278299661" visible="true" version="2" changeset="17468023" timestamp="2013-08-23T10:38:37Z" user="IRTC1015" uid="223224" lat="37.4500035" lon="126.6571606"/>
 <node id="2278299663" visible="true" version="2" changeset="17468023" timestamp="2013-08-23T10:38:37Z" user="IRTC1015" uid="223224" lat="37.4500318" lon="126.6571669"/>
 <node id="2278299665" visible="true" version="2" changeset="17468023" timestamp="2013-08-23T10:38:37Z" user="IRTC1015" uid="223224" lat="37.4500650" lon="126.6574604"/>
 <node id="2278299666" visible="true" version="2" changeset="17468023" timestamp="2013-08-23T10:38:37Z" user="IRTC1015" uid="223224" lat="37.4501599" lon="126.6572591"/>
 <node id="2278299668" visible="true" version="2" changeset="17468023" timestamp="2013-08-23T10:38:37Z" user="IRTC1015" uid="223224" lat="37.4501599" lon="126.6573074"/>
 <node id="2278299670" visible="true" version="2" changeset="17468023" timestamp="2013-08-23T10:38:37Z" user="IRTC1015" uid="223224" lat="37.4501632" lon="126.6573577"/>
 <node id="2278299672" visible="true" version="2" changeset="17468023" timestamp="2013-08-23T10:38:37Z" user="IRTC1015" uid="223224" lat="37.4502148" lon="126.6575359"/>
 <node id="2278299674" visible="true" version="2" changeset="17468023" timestamp="2013-08-23T10:38:37Z" user="IRTC1015" uid="223224" lat="37.4502165" lon="126.6574227"/>
 <node id="2283987778" visible="true" version="3" changeset="126737957" timestamp="2022-09-28T12:07:26Z" user="oldman Jang" uid="17260371" lat="37.4516336" lon="126.6521643"/>
 <node id="2283987779" visible="true" version="3" changeset="126737957" timestamp="2022-09-28T12:07:26Z" user="oldman Jang" uid="17260371" lat="37.4516128" lon="126.6520855"/>
 <node id="2283987780" visible="true" version="2" changeset="17468023" timestamp="2013-08-23T10:38:49Z" user="IRTC1015" uid="223224" lat="37.4516261" lon="126.6517683"/>
 <node id="2283987781" visible="true" version="2" changeset="17468023" timestamp="2013-08-23T10:38:49Z" user="IRTC1015" uid="223224" lat="37.4516394" lon="126.6516761"/>
 <node id="2283987782" visible="true" version="2" changeset="17468023" timestamp="2013-08-23T10:38:49Z" user="IRTC1015" uid="223224" lat="37.4516525" lon="126.6521195"/>
 <node id="2283987783" visible="true" version="2" changeset="17468023" timestamp="2013-08-23T10:38:49Z" user="IRTC1015" uid="223224" lat="37.4516777" lon="126.6515691"/>
 <node id="2283987784" visible="true" version="2" changeset="17468023" timestamp="2013-08-23T10:38:49Z" user="IRTC1015" uid="223224" lat="37.4516877" lon="126.6518417"/>
 <node id="2283987785" visible="true" version="2" changeset="17468023" timestamp="2013-08-23T10:38:49Z" user="IRTC1015" uid="223224" lat="37.4517060" lon="126.6518773"/>
 <node id="2283987786" visible="true" version="3" changeset="126737957" timestamp="2022-09-28T12:07:26Z" user="oldman Jang" uid="17260371" lat="37.4516844" lon="126.6514842"/>
 <node id="2283987787" visible="true" version="2" changeset="17468023" timestamp="2013-08-23T10:38:49Z" user="IRTC1015" uid="223224" lat="37.4517635" lon="126.6512255"/>
 <node id="2283987788" visible="true" version="2" changeset="17468023" timestamp="2013-08-23T10:38:49Z" user="IRTC1015" uid="223224" lat="37.4517653" lon="126.6513219"/>
 <node id="2283987789" visible="true" version="2" changeset="17468023" timestamp="2013-08-23T10:38:50Z" user="IRTC1015" uid="223224" lat="37.4517823" lon="126.6511469"/>
 <node id="2283987790" visible="true" version="3" changeset="126737957" timestamp="2022-09-28T12:07:26Z" user="oldman Jang" uid="17260371" lat="37.4517208" lon="126.6514395"/>
 <node id="2283987791" visible="true" version="2" changeset="17468023" timestamp="2013-08-23T10:38:50Z" user="IRTC1015" uid="223224" lat="37.4518070" lon="126.6511006"/>
 <node id="2283987792" visible="true" version="2" changeset="17468023" timestamp="2013-08-23T10:38:50Z" user="IRTC1015" uid="223224" lat="37.4518245" lon="126.6518964"/>
 <node id="2283987793" visible="true" version="3" changeset="126737957" timestamp="2022-09-28T12:07:26Z" user="oldman Jang" uid="17260371" lat="37.4517854" lon="126.6514587"/>
 <node id="2283987794" visible="true" version="2" changeset="17468023" timestamp="2013-08-23T10:38:50Z" user="IRTC1015" uid="223224" lat="37.4518286" lon="126.6517926"/>
 <node id="2283987795" visible="true" version="3" changeset="126737957" timestamp="2022-09-28T12:07:26Z" user="oldman Jang" uid="17260371" lat="37.4518008" lon="126.6514143"/>
 <node id="2283987796" visible="true" version="2" changeset="17468023" timestamp="2013-08-23T10:38:50Z" user="IRTC1015" uid="223224" lat="37.4518731" lon="126.6519685"/>
 <node id="2283987797" visible="true" version="3" changeset="126737957" timestamp="2022-09-28T12:07:26Z" user="oldman Jang" uid="17260371" lat="37.4518266" lon="126.6510982"/>
 <node id="2283987798" visible="true" version="3" changeset="126737957" timestamp="2022-09-28T12:07:26Z" user="oldman Jang" uid="17260371" lat="37.4519342" lon="126.6517828"/>
 <node id="2283987799" visible="true" version="2" changeset="17468023" timestamp="2013-08-23T10:38:50Z" user="IRTC1015" uid="223224" lat="37.4519192" lon="126.6519569"/>
 <node id="2283987800" visible="true" version="3" changeset="126737957" timestamp="2022-09-28T12:07:26Z" user="oldman Jang" uid="17260371" lat="37.4518467" lon="126.6512838"/>
 <node id="2283987802" visible="true" version="3" changeset="126737957" timestamp="2022-09-28T12:07:26Z" user="oldman Jang" uid="17260371" lat="37.4519878" lon="126.6520885"/>
 <node id="2283987803" visible="true" version="3" changeset="126737957" timestamp="2022-09-28T12:07:26Z" user="oldman Jang" uid="17260371" lat="37.4519731" lon="126.6520048"/>
 <node id="2283987804" visible="true" version="3" changeset="126737957" timestamp="2022-09-28T12:07:26Z" user="oldman Jang" uid="17260371" lat="37.4520465" lon="126.6524237"/>
 <node id="2283987807" visible="true" version="3" changeset="126737957" timestamp="2022-09-28T12:07:26Z" user="oldman Jang" uid="17260371" lat="37.4520153" lon="126.6524138"/>
 <node id="2283993632" visible="true" version="2" changeset="17468023" timestamp="2013-08-23T10:38:50Z" user="IRTC1015" uid="223224" lat="37.4504226" lon="126.6548895"/>
 <node id="2283993634" visible="true" version="2" changeset="17468023" timestamp="2013-08-23T10:38:50Z" user="IRTC1015" uid="223224" lat="37.4505932" lon="126.6544996"/>
 <node id="2283993636" visible="true" version="2" changeset="17468023" timestamp="2013-08-23T10:38:50Z" user="IRTC1015" uid="223224" lat="37.4506533" lon="126.6550481"/>
 <node id="2283993644" visible="true" version="2" changeset="17468023" timestamp="2013-08-23T10:38:50Z" user="IRTC1015" uid="223224" lat="37.4507305" lon="126.6523529"/>
 <node id="2283993648" visible="true" version="2" changeset="17468023" timestamp="2013-08-23T10:38:50Z" user="IRTC1015" uid="223224" lat="37.4507821" lon="126.6523612"/>
 <node id="2283993652" visible="true" version="2" changeset="17468023" timestamp="2013-08-23T10:38:50Z" user="IRTC1015" uid="223224" lat="37.4508169" lon="126.6546537"/>
 <node id="2283993654" visible="true" version="2" changeset="17468023" timestamp="2013-08-23T10:38:50Z" user="IRTC1015" uid="223224" lat="37.4508229" lon="126.6523571"/>
 <node id="2283993659" visible="true" version="2" changeset="17468023" timestamp="2013-08-23T10:38:50Z" user="IRTC1015" uid="223224" lat="37.4508537" lon="126.6523403"/>
 <node id="2283993665" visible="true" version="2" changeset="17468023" timestamp="2013-08-23T10:38:50Z" user="IRTC1015" uid="223224" lat="37.4510157" lon="126.6519166"/>
 <node id="2283993667" visible="true" version="3" changeset="17648854" timestamp="2013-09-03T07:41:51Z" user="IRTC1015" uid="223224" lat="37.4510153" lon="126.6519571"/>
 <node id="2284006857" visible="true" version="5" changeset="126737957" timestamp="2022-09-28T12:07:26Z" user="oldman Jang" uid="17260371" lat="37.4494522" lon="126.6519463"/>
 <node id="2284006860" visible="true" version="4" changeset="126737957" timestamp="2022-09-28T12:07:26Z" user="oldman Jang" uid="17260371" lat="37.4496354" lon="126.6515146"/>
 <node id="2284006863" visible="true" version="4" changeset="126737957" timestamp="2022-09-28T12:07:26Z" user="oldman Jang" uid="17260371" lat="37.4501123" lon="126.6523800"/>
 <node id="2284006874" visible="true" version="4" changeset="126737957" timestamp="2022-09-28T12:07:26Z" user="oldman Jang" uid="17260371" lat="37.4502136" lon="126.6521447"/>
 <node id="2284006883" visible="true" version="4" changeset="126737957" timestamp="2022-09-28T12:07:26Z" user="oldman Jang" uid="17260371" lat="37.4503097" lon="126.6522093"/>
 <node id="2291100719" visible="true" version="6" changeset="126731102" timestamp="2022-09-28T09:22:47Z" user="oldman Jang" uid="17260371" lat="37.4501807" lon="126.6551894"/>
 <node id="2291100722" visible="true" version="5" changeset="84211601" timestamp="2020-04-27T16:57:41Z" user="biuret" uid="11091395" lat="37.4505359" lon="126.6554439"/>
 <node id="2291100726" visible="true" version="6" changeset="84211601" timestamp="2020-04-27T16:57:41Z" user="biuret" uid="11091395" lat="37.4508084" lon="126.6548153"/>
 <node id="2291100727" visible="true" version="6" changeset="84211601" timestamp="2020-04-27T16:57:41Z" user="biuret" uid="11091395" lat="37.4508748" lon="126.6546664"/>
 <node id="2291100728" visible="true" version="6" changeset="84211601" timestamp="2020-04-27T16:57:41Z" user="biuret" uid="11091395" lat="37.4509250" lon="126.6548927"/>
 <node id="2291100729" visible="true" version="6" changeset="84211601" timestamp="2020-04-27T16:57:41Z" user="biuret" uid="11091395" lat="37.4509893" lon="126.6547492"/>
 <node id="2291102812" visible="true" version="5" changeset="84211601" timestamp="2020-04-27T16:57:41Z" user="biuret" uid="11091395" lat="37.4497947" lon="126.6553925"/>
 <node id="2291102816" visible="true" version="5" changeset="84211601" timestamp="2020-04-27T16:57:41Z" user="biuret" uid="11091395" lat="37.4500274" lon="126.6553593"/>
 <node id="2291102822" visible="true" version="5" changeset="84211601" timestamp="2020-04-27T16:57:41Z" user="biuret" uid="11091395" lat="37.4503088" lon="126.6542635"/>
 <node id="2291102823" visible="true" version="6" changeset="126731102" timestamp="2022-09-28T09:22:47Z" user="oldman Jang" uid="17260371" lat="37.4505702" lon="126.6544515"/>
 <node id="2291102824" visible="true" version="5" changeset="84211601" timestamp="2020-04-27T16:57:41Z" user="biuret" uid="11091395" lat="37.4507730" lon="126.6560864"/>
 <node id="2291123390" visible="true" version="3" changeset="126731102" timestamp="2022-09-28T09:22:47Z" user="oldman Jang" uid="17260371" lat="37.4502808" lon="126.6564997"/>
 <node id="2291123394" visible="true" version="3" changeset="126731102" timestamp="2022-09-28T09:22:47Z" user="oldman Jang" uid="17260371" lat="37.4505436" lon="126.6566577"/>
 <node id="2291123395" visible="true" version="3" changeset="126731102" timestamp="2022-09-28T09:22:47Z" user="oldman Jang" uid="17260371" lat="37.4506545" lon="126.6566149"/>
 <node id="2291123398" visible="true" version="3" changeset="126731102" timestamp="2022-09-28T09:22:47Z" user="oldman Jang" uid="17260371" lat="37.4509178" lon="126.6565159"/>
 <node id="2291123401" visible="true" version="3" changeset="126731102" timestamp="2022-09-28T09:22:47Z" user="oldman Jang" uid="17260371" lat="37.4508856" lon="126.6565729"/>
 <node id="2299667515" visible="true" version="2" changeset="17468023" timestamp="2013-08-23T10:39:03Z" user="IRTC1015" uid="223224" lat="37.4469959" lon="126.6556321"/>
 <node id="2299667516" visible="true" version="2" changeset="17468023" timestamp="2013-08-23T10:39:03Z" user="IRTC1015" uid="223224" lat="37.4473260" lon="126.6571073"/>
 <node id="2299667517" visible="true" version="2" changeset="17468023" timestamp="2013-08-23T10:39:03Z" user="IRTC1015" uid="223224" lat="37.4474658" lon="126.6571451"/>
 <node id="2299667518" visible="true" version="2" changeset="17468023" timestamp="2013-08-23T10:39:03Z" user="IRTC1015" uid="223224" lat="37.4475790" lon="126.6571828"/>
 <node id="2299667519" visible="true" version="2" changeset="17468023" timestamp="2013-08-23T10:39:03Z" user="IRTC1015" uid="223224" lat="37.4479418" lon="126.6562813"/>
 <node id="2299672176" visible="true" version="2" changeset="17468023" timestamp="2013-08-23T10:39:03Z" user="IRTC1015" uid="223224" lat="37.4460072" lon="126.6572804"/>
 <node id="2299672181" visible="true" version="3" changeset="17648854" timestamp="2013-09-03T07:41:52Z" user="IRTC1015" uid="223224" lat="37.4461610" lon="126.6573640"/>
 <node id="2299672182" visible="true" version="3" changeset="17648854" timestamp="2013-09-03T07:41:52Z" user="IRTC1015" uid="223224" lat="37.4462093" lon="126.6574930"/>
 <node id="2299672183" visible="true" version="2" changeset="17468023" timestamp="2013-08-23T10:39:04Z" user="IRTC1015" uid="223224" lat="37.4462183" lon="126.6567569"/>
 <node id="2299672184" visible="true" version="2" changeset="17468023" timestamp="2013-08-23T10:39:04Z" user="IRTC1015" uid="223224" lat="37.4463706" lon="126.6567999"/>
 <node id="2299672185" visible="true" version="2" changeset="17468023" timestamp="2013-08-23T10:39:04Z" user="IRTC1015" uid="223224" lat="37.4465729" lon="126.6567254"/>
 <node id="2299673468" visible="true" version="4" changeset="22307267" timestamp="2014-05-13T07:40:05Z" user="엘리프" uid="2072959" lat="37.4490721" lon="126.6511289"/>
 <node id="2299673469" visible="true" version="4" changeset="22307267" timestamp="2014-05-13T07:40:05Z" user="엘리프" uid="2072959" lat="37.4494145" lon="126.6503525"/>
 <node id="2299673471" visible="true" version="4" changeset="22307267" timestamp="2014-05-13T07:40:05Z" user="엘리프" uid="2072959" lat="37.4502511" lon="126.6519362"/>
 <node id="2299673472" visible="true" version="5" changeset="61978187" timestamp="2018-08-25T07:23:10Z" user="Stleamist" uid="751501" lat="37.4495903" lon="126.6502931"/>
 <node id="2299673474" visible="true" version="3" changeset="22307267" timestamp="2014-05-13T07:40:05Z" user="엘리프" uid="2072959" lat="37.4506180" lon="126.6509810"/>
 <node id="2401071755" visible="true" version="4" changeset="22315651" timestamp="2014-05-13T15:40:32Z" user="전기곰돌" uid="613089" lat="37.4511411" lon="126.6569674"/>
 <node id="2401071756" visible="true" version="3" changeset="17666848" timestamp="2013-09-04T07:52:41Z" user="SeaBreeze" uid="1733716" lat="37.4522506" lon="126.6574650"/>
 <node id="2401071757" visible="true" version="3" changeset="17664869" timestamp="2013-09-04T04:17:51Z" user="SeaBreeze" uid="1733716" lat="37.4525422" lon="126.6563589"/>
 <node id="2401071758" visible="true" version="3" changeset="17666848" timestamp="2013-09-04T07:52:41Z" user="SeaBreeze" uid="1733716" lat="37.4530348" lon="126.6577903"/>
 <node id="2401071760" visible="true" version="2" changeset="17468023" timestamp="2013-08-23T10:39:09Z" user="IRTC1015" uid="223224" lat="37.4520049" lon="126.6537646"/>
 <node id="2401071761" visible="true" version="3" changeset="17664869" timestamp="2013-09-04T04:17:51Z" user="SeaBreeze" uid="1733716" lat="37.4514268" lon="126.6558634"/>
 <node id="2401071762" visible="true" version="3" changeset="17468023" timestamp="2013-08-23T10:39:09Z" user="IRTC1015" uid="223224" lat="37.4530877" lon="126.6562076"/>
 <node id="2401071763" visible="true" version="4" changeset="17666848" timestamp="2013-09-04T07:52:41Z" user="SeaBreeze" uid="1733716" lat="37.4534447" lon="126.6576398"/>
 <node id="2401071764" visible="true" version="3" changeset="22315651" timestamp="2014-05-13T15:40:32Z" user="전기곰돌" uid="613089" lat="37.4499520" lon="126.6614048"/>
 <node id="2425231740" visible="true" version="1" changeset="17423384" timestamp="2013-08-20T09:32:53Z" user="IRTC1015" uid="223224" lat="37.4518723" lon="126.6486647"/>
 <node id="2425231741" visible="true" version="1" changeset="17423384" timestamp="2013-08-20T09:32:53Z" user="IRTC1015" uid="223224" lat="37.4519081" lon="126.6500416"/>
 <node id="2425231743" visible="true" version="2" changeset="54226461" timestamp="2017-12-01T07:25:27Z" user="minseo" uid="5186039" lat="37.4520629" lon="126.6494424"/>
 <node id="2425231745" visible="true" version="2" changeset="54226461" timestamp="2017-12-01T07:25:27Z" user="minseo" uid="5186039" lat="37.4520651" lon="126.6503426"/>
 <node id="2425231746" visible="true" version="2" changeset="142490312" timestamp="2023-10-12T17:27:08Z" user="aaei924" uid="10626814" lat="37.4521467" lon="126.6470807"/>
 <node id="2425231748" visible="true" version="1" changeset="17423384" timestamp="2013-08-20T09:32:53Z" user="IRTC1015" uid="223224" lat="37.4522214" lon="126.6526557"/>
 <node id="2425231750" visible="true" version="1" changeset="17423384" timestamp="2013-08-20T09:32:53Z" user="IRTC1015" uid="223224" lat="37.4522344" lon="126.6528817"/>
 <node id="2425231752" visible="true" version="1" changeset="17423384" timestamp="2013-08-20T09:32:53Z" user="IRTC1015" uid="223224" lat="37.4522919" lon="126.6511698"/>
 <node id="2425231755" visible="true" version="1" changeset="17423384" timestamp="2013-08-20T09:32:53Z" user="IRTC1015" uid="223224" lat="37.4523767" lon="126.6518604"/>
 <node id="2425231757" visible="true" version="1" changeset="17423384" timestamp="2013-08-20T09:32:53Z" user="IRTC1015" uid="223224" lat="37.4523780" lon="126.6533195"/>
 <node id="2425231761" visible="true" version="2" changeset="22614417" timestamp="2014-05-29T09:09:26Z" user="전기곰돌" uid="613089" lat="37.4525531" lon="126.6478956"/>
 <node id="2425231767" visible="true" version="2" changeset="22614417" timestamp="2014-05-29T09:09:26Z" user="전기곰돌" uid="613089" lat="37.4527423" lon="126.6478840"/>
 <node id="2425231803" visible="true" version="2" changeset="142490312" timestamp="2023-10-12T17:27:08Z" user="aaei924" uid="10626814" lat="37.4569698" lon="126.6356428"/>
 <node id="2429042677" visible="true" version="1" changeset="17468023" timestamp="2013-08-23T10:37:27Z" user="IRTC1015" uid="223224" lat="37.4397907" lon="126.6715047"/>
 <node id="2429042682" visible="true" version="2" changeset="22364386" timestamp="2014-05-16T05:00:09Z" user="전기곰돌" uid="613089" lat="37.4402579" lon="126.6641263"/>
 <node id="2429042702" visible="true" version="2" changeset="142490312" timestamp="2023-10-12T17:27:08Z" user="aaei924" uid="10626814" lat="37.4429537" lon="126.6571344"/>
 <node id="2429042765" visible="true" version="3" changeset="142487675" timestamp="2023-10-12T16:20:24Z" user="aaei924" uid="10626814" lat="37.4448422" lon="126.6504113"/>
 <node id="2429042769" visible="true" version="1" changeset="17468023" timestamp="2013-08-23T10:37:27Z" user="IRTC1015" uid="223224" lat="37.4451871" lon="126.6516253"/>
 <node id="2429042772" visible="true" version="1" changeset="17468023" timestamp="2013-08-23T10:37:27Z" user="IRTC1015" uid="223224" lat="37.4452329" lon="126.6586002"/>
 <node id="2429042776" visible="true" version="3" changeset="142487675" timestamp="2023-10-12T16:20:24Z" user="aaei924" uid="10626814" lat="37.4453873" lon="126.6502649">
  <tag k="crossing" v="traffic_signals"/>
  <tag k="highway" v="crossing"/>
 </node>
 <node id="2429042784" visible="true" version="2" changeset="22614417" timestamp="2014-05-29T09:09:26Z" user="전기곰돌" uid="613089" lat="37.4461138" lon="126.6504447"/>
 <node id="2429042798" visible="true" version="1" changeset="17468023" timestamp="2013-08-23T10:37:28Z" user="IRTC1015" uid="223224" lat="37.4523409" lon="126.6486759"/>
 <node id="2429042801" visible="true" version="1" changeset="17468023" timestamp="2013-08-23T10:37:28Z" user="IRTC1015" uid="223224" lat="37.4523196" lon="126.6494426"/>
 <node id="2429042802" visible="true" version="1" changeset="17468023" timestamp="2013-08-23T10:37:28Z" user="IRTC1015" uid="223224" lat="37.4523428" lon="126.6503509"/>
 <node id="2429042803" visible="true" version="3" changeset="40703654" timestamp="2016-07-13T06:00:35Z" user="pehrelax" uid="3805548" lat="37.4524035" lon="126.6479481"/>
 <node id="2429042806" visible="true" version="1" changeset="17468023" timestamp="2013-08-23T10:37:28Z" user="IRTC1015" uid="223224" lat="37.4524397" lon="126.6514398"/>
 <node id="2429042808" visible="true" version="1" changeset="17468023" timestamp="2013-08-23T10:37:28Z" user="IRTC1015" uid="223224" lat="37.4525715" lon="126.6523066"/>
 <node id="2429042810" visible="true" version="1" changeset="17468023" timestamp="2013-08-23T10:37:28Z" user="IRTC1015" uid="223224" lat="37.4526691" lon="126.6563570"/>
 <node id="2429042812" visible="true" version="1" changeset="17468023" timestamp="2013-08-23T10:37:28Z" user="IRTC1015" uid="223224" lat="37.4528061" lon="126.6535444"/>
 <node id="2429042829" visible="true" version="3" changeset="142213495" timestamp="2023-10-06T03:59:16Z" user="aaei924" uid="10626814" lat="37.4544857" lon="126.6604350"/>
 <node id="2429042842" visible="true" version="1" changeset="17468023" timestamp="2013-08-23T10:37:28Z" user="IRTC1015" uid="223224" lat="37.4549833" lon="126.6639133"/>
 <node id="2429042851" visible="true" version="1" changeset="17468023" timestamp="2013-08-23T10:37:28Z" user="IRTC1015" uid="223224" lat="37.4552405" lon="126.6634182"/>
 <node id="2429042853" visible="true" version="1" changeset="17468023" timestamp="2013-08-23T10:37:28Z" user="IRTC1015" uid="223224" lat="37.4552711" lon="126.6648835"/>
 <node id="2429042859" visible="true" version="1" changeset="17468023" timestamp="2013-08-23T10:37:29Z" user="IRTC1015" uid="223224" lat="37.4555535" lon="126.6656155"/>
 <node id="2429042861" visible="true" version="1" changeset="17468023" timestamp="2013-08-23T10:37:29Z" user="IRTC1015" uid="223224" lat="37.4556028" lon="126.6646911"/>
 <node id="2429042864" visible="true" version="1" changeset="17468023" timestamp="2013-08-23T10:37:29Z" user="IRTC1015" uid="223224" lat="37.4557914" lon="126.6655648"/>
 <node id="2429042866" visible="true" version="1" changeset="17468023" timestamp="2013-08-23T10:37:29Z" user="IRTC1015" uid="223224" lat="37.4558166" lon="126.6662647"/>
 <node id="2429042867" visible="true" version="1" changeset="17468023" timestamp="2013-08-23T10:37:29Z" user="IRTC1015" uid="223224" lat="37.4559824" lon="126.6657356"/>
 <node id="2429042868" visible="true" version="1" changeset="17468023" timestamp="2013-08-23T10:37:29Z" user="IRTC1015" uid="223224" lat="37.4561702" lon="126.6669622"/>
 <node id="2429042869" visible="true" version="1" changeset="17468023" timestamp="2013-08-23T10:37:29Z" user="IRTC1015" uid="223224" lat="37.4564812" lon="126.6667301"/>
 <node id="2429042870" visible="true" version="1" changeset="17468023" timestamp="2013-08-23T10:37:29Z" user="IRTC1015" uid="223224" lat="37.4564854" lon="126.6674836"/>
 <node id="2429042871" visible="true" version="1" changeset="17468023" timestamp="2013-08-23T10:37:29Z" user="IRTC1015" uid="223224" lat="37.4568390" lon="126.6680222"/>
 <node id="2429042872" visible="true" version="1" changeset="17468023" timestamp="2013-08-23T10:37:29Z" user="IRTC1015" uid="223224" lat="37.4571446" lon="126.6677659"/>
 <node id="2429042879" visible="true" version="1" changeset="17468023" timestamp="2013-08-23T10:37:29Z" user="IRTC1015" uid="223224" lat="37.4572529" lon="126.6685643"/>
 <node id="2429042890" visible="true" version="1" changeset="17468023" timestamp="2013-08-23T10:37:29Z" user="IRTC1015" uid="223224" lat="37.4575264" lon="126.6688735"/>
 <node id="2429042893" visible="true" version="1" changeset="17468023" timestamp="2013-08-23T10:37:29Z" user="IRTC1015" uid="223224" lat="37.4575749" lon="126.6683460"/>
 <node id="2429042899" visible="true" version="1" changeset="17468023" timestamp="2013-08-23T10:37:29Z" user="IRTC1015" uid="223224" lat="37.4578018" lon="126.6684860"/>
 <node id="2429042900" visible="true" version="1" changeset="17468023" timestamp="2013-08-23T10:37:29Z" user="IRTC1015" uid="223224" lat="37.4581053" lon="126.6695277"/>
 <node id="2429042902" visible="true" version="1" changeset="17468023" timestamp="2013-08-23T10:37:29Z" user="IRTC1015" uid="223224" lat="37.4581451" lon="126.6693203"/>
 <node id="2429042918" visible="true" version="1" changeset="17468023" timestamp="2013-08-23T10:37:29Z" user="IRTC1015" uid="223224" lat="37.4591192" lon="126.6703369"/>
 <node id="2429042919" visible="true" version="1" changeset="17468023" timestamp="2013-08-23T10:37:29Z" user="IRTC1015" uid="223224" lat="37.4591520" lon="126.6697640"/>
 <node id="2429042923" visible="true" version="1" changeset="17468023" timestamp="2013-08-23T10:37:29Z" user="IRTC1015" uid="223224" lat="37.4594257" lon="126.6705640"/>
 <node id="2429042929" visible="true" version="1" changeset="17468023" timestamp="2013-08-23T10:37:29Z" user="IRTC1015" uid="223224" lat="37.4598731" lon="126.6703764"/>
 <node id="2429042939" visible="true" version="1" changeset="17468023" timestamp="2013-08-23T10:37:29Z" user="IRTC1015" uid="223224" lat="37.4616960" lon="126.6719460"/>
 <node id="2429042941" visible="true" version="4" changeset="142487675" timestamp="2023-10-12T16:20:24Z" user="aaei924" uid="10626814" lat="37.4616964" lon="126.6721606">
  <tag k="junction" v="yes"/>
  <tag k="name" v="도화IC"/>
  <tag k="name:en" v="Dowha IC."/>
  <tag k="name:ja" v="道禾出入口"/>
  <tag k="name:ko" v="도화IC"/>
 </node>
 <node id="2429042945" visible="true" version="4" changeset="142487675" timestamp="2023-10-12T16:20:24Z" user="aaei924" uid="10626814" lat="37.4619871" lon="126.6717702">
  <tag k="junction" v="yes"/>
  <tag k="name" v="도화IC"/>
  <tag k="name:en" v="Dohwa IC."/>
  <tag k="name:ja" v="道禾出入口"/>
  <tag k="name:ko" v="도화IC"/>
 </node>
 <node id="2444013850" visible="true" version="1" changeset="17648854" timestamp="2013-09-03T07:41:08Z" user="IRTC1015" uid="223224" lat="37.4466278" lon="126.6565947"/>
 <node id="2444013851" visible="true" version="1" changeset="17648854" timestamp="2013-09-03T07:41:08Z" user="IRTC1015" uid="223224" lat="37.4466878" lon="126.6577927"/>
 <node id="2444013852" visible="true" version="1" changeset="17648854" timestamp="2013-09-03T07:41:08Z" user="IRTC1015" uid="223224" lat="37.4469953" lon="126.6570135"/>
 <node id="2444013856" visible="true" version="2" changeset="126731102" timestamp="2022-09-28T09:22:47Z" user="oldman Jang" uid="17260371" lat="37.4494374" lon="126.6554547"/>
 <node id="2444013857" visible="true" version="2" changeset="126731102" timestamp="2022-09-28T09:22:47Z" user="oldman Jang" uid="17260371" lat="37.4497041" lon="126.6548497"/>
 <node id="2444013859" visible="true" version="1" changeset="17648854" timestamp="2013-09-03T07:41:08Z" user="IRTC1015" uid="223224" lat="37.4505091" lon="126.6529278"/>
 <node id="2444013860" visible="true" version="1" changeset="17648854" timestamp="2013-09-03T07:41:09Z" user="IRTC1015" uid="223224" lat="37.4505949" lon="126.6529093"/>
 <node id="2445308366" visible="true" version="2" changeset="46961468" timestamp="2017-03-18T17:04:17Z" user="7684F217EA19BA8FA19C3D74" uid="5222005" lat="37.4505280" lon="126.6574065"/>
 <node id="2445314155" visible="true" version="1" changeset="17664752" timestamp="2013-09-04T03:56:05Z" user="realwakka" uid="1733703" lat="37.4512496" lon="126.6569723"/>
 <node id="2445314158" visible="true" version="1" changeset="17664752" timestamp="2013-09-04T03:56:05Z" user="realwakka" uid="1733703" lat="37.4513187" lon="126.6569999"/>
 <node id="2445314160" visible="true" version="1" changeset="17664752" timestamp="2013-09-04T03:56:05Z" user="realwakka" uid="1733703" lat="37.4513359" lon="126.6569169"/>
 <node id="2445314168" visible="true" version="1" changeset="17664752" timestamp="2013-09-04T03:56:05Z" user="realwakka" uid="1733703" lat="37.4512684" lon="126.6568872"/>
 <node id="2445317858" visible="true" version="3" changeset="22315651" timestamp="2014-05-13T15:40:33Z" user="전기곰돌" uid="613089" lat="37.4517335" lon="126.6572336"/>
 <node id="2445317859" visible="true" version="1" changeset="17664869" timestamp="2013-09-04T04:17:51Z" user="SeaBreeze" uid="1733716" lat="37.4523214" lon="126.6550000"/>
 <node id="2445319135" visible="true" version="3" changeset="164283310" timestamp="2025-03-30T11:32:51Z" user="Wolframite74" uid="20102979" lat="37.4514330" lon="126.6556876">
  <tag k="bus" v="yes"/>
  <tag k="highway" v="bus_stop"/>
  <tag k="name" v="511 버스정류장"/>
  <tag k="public_transport" v="platform"/>
 </node>
 <node id="2445319838" visible="true" version="4" changeset="164283310" timestamp="2025-03-30T11:32:51Z" user="Wolframite74" uid="20102979" lat="37.4510636" lon="126.6571281">
  <tag k="bus" v="yes"/>
  <tag k="highway" v="bus_stop"/>
  <tag k="name" v="908 버스 정류장"/>
  <tag k="public_transport" v="platform"/>
 </node>
 <node id="2445429546" visible="true" version="1" changeset="17666884" timestamp="2013-09-04T07:55:22Z" user="SeaBreeze" uid="1733716" lat="37.4520433" lon="126.6559737"/>
 <node id="2445429548" visible="true" version="1" changeset="17666884" timestamp="2013-09-04T07:55:22Z" user="SeaBreeze" uid="1733716" lat="37.4519739" lon="126.6559554"/>
 <node id="2445429550" visible="true" version="1" changeset="17666884" timestamp="2013-09-04T07:55:22Z" user="SeaBreeze" uid="1733716" lat="37.4519658" lon="126.6559818"/>
 <node id="2445429552" visible="true" version="1" changeset="17666884" timestamp="2013-09-04T07:55:22Z" user="SeaBreeze" uid="1733716" lat="37.4519464" lon="126.6559778"/>
 <node id="2445429554" visible="true" version="1" changeset="17666884" timestamp="2013-09-04T07:55:22Z" user="SeaBreeze" uid="1733716" lat="37.4519222" lon="126.6560570"/>
 <node id="2445429556" visible="true" version="1" changeset="17666884" timestamp="2013-09-04T07:55:22Z" user="SeaBreeze" uid="1733716" lat="37.4519706" lon="126.6560794"/>
 <node id="2445429558" visible="true" version="1" changeset="17666884" timestamp="2013-09-04T07:55:22Z" user="SeaBreeze" uid="1733716" lat="37.4520239" lon="126.6560469"/>
 <node id="2453805966" visible="true" version="2" changeset="17778282" timestamp="2013-09-11T07:44:42Z" user="SeaBreeze" uid="1733716" lat="37.4486949" lon="126.6517346"/>
 <node id="2453805971" visible="true" version="2" changeset="17778282" timestamp="2013-09-11T07:44:42Z" user="SeaBreeze" uid="1733716" lat="37.4490484" lon="126.6509567"/>
 <node id="2453805973" visible="true" version="1" changeset="17778276" timestamp="2013-09-11T07:44:27Z" user="SeaBreeze" uid="1733716" lat="37.4483883" lon="126.6515146"/>
 <node id="2643027199" visible="true" version="1" changeset="20276225" timestamp="2014-01-30T02:05:18Z" user="rizqie" uid="1369210" lat="37.4477745" lon="126.6535040"/>
 <node id="2643027201" visible="true" version="2" changeset="126731102" timestamp="2022-09-28T09:22:47Z" user="oldman Jang" uid="17260371" lat="37.4477979" lon="126.6544546"/>
 <node id="2643027203" visible="true" version="2" changeset="126731102" timestamp="2022-09-28T09:22:47Z" user="oldman Jang" uid="17260371" lat="37.4480610" lon="126.6546506"/>
 <node id="2643027204" visible="true" version="1" changeset="20276225" timestamp="2014-01-30T02:05:18Z" user="rizqie" uid="1369210" lat="37.4483763" lon="126.6539012"/>
 <node id="2643032901" visible="true" version="2" changeset="142487675" timestamp="2023-10-12T16:20:24Z" user="aaei924" uid="10626814" lat="37.4473242" lon="126.6532344"/>
 <node id="2643032903" visible="true" version="1" changeset="20276253" timestamp="2014-01-30T02:09:32Z" user="rizqie" uid="1369210" lat="37.4478766" lon="126.6535087"/>
 <node id="2643032904" visible="true" version="1" changeset="20276253" timestamp="2014-01-30T02:09:32Z" user="rizqie" uid="1369210" lat="37.4479326" lon="126.6533746"/>
 <node id="2643032905" visible="true" version="1" changeset="20276253" timestamp="2014-01-30T02:09:32Z" user="rizqie" uid="1369210" lat="37.4479810" lon="126.6532669"/>
 <node id="2643032907" visible="true" version="1" changeset="20276253" timestamp="2014-01-30T02:09:32Z" user="rizqie" uid="1369210" lat="37.4490012" lon="126.6542786"/>
 <node id="2643032908" visible="true" version="1" changeset="20276253" timestamp="2014-01-30T02:09:33Z" user="rizqie" uid="1369210" lat="37.4490993" lon="126.6540219"/>
 <node id="2643274446" visible="true" version="2" changeset="46961468" timestamp="2017-03-18T17:04:17Z" user="7684F217EA19BA8FA19C3D74" uid="5222005" lat="37.4488567" lon="126.6551791"/>
 <node id="2643274447" visible="true" version="2" changeset="126729666" timestamp="2022-09-28T08:48:36Z" user="oldman Jang" uid="17260371" lat="37.4492669" lon="126.6554511"/>
 <node id="2643274449" visible="true" version="2" changeset="46961468" timestamp="2017-03-18T17:04:17Z" user="7684F217EA19BA8FA19C3D74" uid="5222005" lat="37.4489849" lon="126.6548570"/>
 <node id="2643274450" visible="true" version="2" changeset="126729666" timestamp="2022-09-28T08:48:36Z" user="oldman Jang" uid="17260371" lat="37.4493225" lon="126.6554155"/>
 <node id="2643274451" visible="true" version="2" changeset="126729666" timestamp="2022-09-28T08:48:36Z" user="oldman Jang" uid="17260371" lat="37.4493775" lon="126.6552995"/>
 <node id="2643274453" visible="true" version="1" changeset="20277748" timestamp="2014-01-30T06:06:24Z" user="rizqie" uid="1369210" lat="37.4493939" lon="126.6551105"/>
 <node id="2643274454" visible="true" version="2" changeset="126729666" timestamp="2022-09-28T08:48:36Z" user="oldman Jang" uid="17260371" lat="37.4494420" lon="126.6551423"/>
 <node id="2643278724" visible="true" version="1" changeset="20277788" timestamp="2014-01-30T06:12:44Z" user="rizqie" uid="1369210" lat="37.4509112" lon="126.6534005"/>
 <node id="2643278725" visible="true" version="1" changeset="20277788" timestamp="2014-01-30T06:12:44Z" user="rizqie" uid="1369210" lat="37.4513315" lon="126.6524591"/>
 <node id="2643278726" visible="true" version="1" changeset="20277788" timestamp="2014-01-30T06:12:44Z" user="rizqie" uid="1369210" lat="37.4514199" lon="126.6537338"/>
 <node id="2643278727" visible="true" version="1" changeset="20277788" timestamp="2014-01-30T06:12:45Z" user="rizqie" uid="1369210" lat="37.4518252" lon="126.6527965"/>
 <node id="2854550894" visible="true" version="2" changeset="126902098" timestamp="2022-10-02T16:54:22Z" user="oldman Jang" uid="17260371" lat="37.4517950" lon="126.6548868"/>
 <node id="2854550895" visible="true" version="2" changeset="126902098" timestamp="2022-10-02T16:54:22Z" user="oldman Jang" uid="17260371" lat="37.4517411" lon="126.6550780"/>
 <node id="2854550896" visible="true" version="2" changeset="126902098" timestamp="2022-10-02T16:54:22Z" user="oldman Jang" uid="17260371" lat="37.4518538" lon="126.6551284"/>
 <node id="2854550897" visible="true" version="2" changeset="126902098" timestamp="2022-10-02T16:54:22Z" user="oldman Jang" uid="17260371" lat="37.4519077" lon="126.6549372"/>
 <node id="2854554762" visible="true" version="1" changeset="22307267" timestamp="2014-05-13T07:40:04Z" user="엘리프" uid="2072959" lat="37.4501090" lon="126.6506219"/>
 <node id="2854554763" visible="true" version="1" changeset="22307267" timestamp="2014-05-13T07:40:04Z" user="엘리프" uid="2072959" lat="37.4501407" lon="126.6505627"/>
 <node id="2854554764" visible="true" version="1" changeset="22307267" timestamp="2014-05-13T07:40:04Z" user="엘리프" uid="2072959" lat="37.4503557" lon="126.6506989"/>
 <node id="2854554765" visible="true" version="1" changeset="22307267" timestamp="2014-05-13T07:40:05Z" user="엘리프" uid="2072959" lat="37.4503353" lon="126.6507939"/>
 <node id="2854554766" visible="true" version="1" changeset="22307267" timestamp="2014-05-13T07:40:05Z" user="엘리프" uid="2072959" lat="37.4507745" lon="126.6510858"/>
 <node id="2854554767" visible="true" version="1" changeset="22307267" timestamp="2014-05-13T07:40:05Z" user="엘리프" uid="2072959" lat="37.4508430" lon="126.6513076"/>
 <node id="2854554768" visible="true" version="1" changeset="22307267" timestamp="2014-05-13T07:40:05Z" user="엘리프" uid="2072959" lat="37.4491381" lon="126.6511948"/>
 <node id="2854554769" visible="true" version="1" changeset="22307267" timestamp="2014-05-13T07:40:05Z" user="엘리프" uid="2072959" lat="37.4489718" lon="126.6515645"/>
 <node id="2854554770" visible="true" version="1" changeset="22307267" timestamp="2014-05-13T07:40:05Z" user="엘리프" uid="2072959" lat="37.4494096" lon="126.6518788"/>
 <node id="2854554771" visible="true" version="1" changeset="22307267" timestamp="2014-05-13T07:40:05Z" user="엘리프" uid="2072959" lat="37.4495221" lon="126.6516508"/>
 <node id="2854554772" visible="true" version="1" changeset="22307267" timestamp="2014-05-13T07:40:05Z" user="엘리프" uid="2072959" lat="37.4495588" lon="126.6516847"/>
 <node id="2855690575" visible="true" version="1" changeset="22315467" timestamp="2014-05-13T15:32:53Z" user="전기곰돌" uid="613089" lat="37.4536846" lon="126.6586179"/>
 <node id="2855690576" visible="true" version="1" changeset="22315467" timestamp="2014-05-13T15:32:53Z" user="전기곰돌" uid="613089" lat="37.4539404" lon="126.6582773"/>
 <node id="2855690579" visible="true" version="1" changeset="22315467" timestamp="2014-05-13T15:32:53Z" user="전기곰돌" uid="613089" lat="37.4551080" lon="126.6569487"/>
 <node id="2855690581" visible="true" version="1" changeset="22315467" timestamp="2014-05-13T15:32:53Z" user="전기곰돌" uid="613089" lat="37.4533232" lon="126.6590377"/>
 <node id="2855690582" visible="true" version="1" changeset="22315467" timestamp="2014-05-13T15:32:53Z" user="전기곰돌" uid="613089" lat="37.4542054" lon="126.6580399"/>
 <node id="2855690583" visible="true" version="1" changeset="22315467" timestamp="2014-05-13T15:32:53Z" user="전기곰돌" uid="613089" lat="37.4543375" lon="126.6579139"/>
 <node id="2855690584" visible="true" version="1" changeset="22315467" timestamp="2014-05-13T15:32:54Z" user="전기곰돌" uid="613089" lat="37.4557960" lon="126.6561731"/>
 <node id="2855690586" visible="true" version="1" changeset="22315467" timestamp="2014-05-13T15:32:54Z" user="전기곰돌" uid="613089" lat="37.4539649" lon="126.6582446"/>
 <node id="2855690589" visible="true" version="1" changeset="22315467" timestamp="2014-05-13T15:32:54Z" user="전기곰돌" uid="613089" lat="37.4537127" lon="126.6585805"/>
 <node id="2855690590" visible="true" version="2" changeset="22315651" timestamp="2014-05-13T15:40:32Z" user="전기곰돌" uid="613089" lat="37.4503569" lon="126.6598938"/>
 <node id="2855690591" visible="true" version="1" changeset="22315467" timestamp="2014-05-13T15:32:54Z" user="전기곰돌" uid="613089" lat="37.4519929" lon="126.6605832"/>
 <node id="2855696649" visible="true" version="2" changeset="22315651" timestamp="2014-05-13T15:40:32Z" user="전기곰돌" uid="613089" lat="37.4495747" lon="126.6628126"/>
 <node id="2855710499" visible="true" version="1" changeset="22315651" timestamp="2014-05-13T15:38:39Z" user="전기곰돌" uid="613089" lat="37.4546031" lon="126.6623630"/>
 <node id="2855717082" visible="true" version="2" changeset="73903454" timestamp="2019-08-30T03:00:06Z" user="octel" uid="238290" lat="37.4491493" lon="126.6642888"/>
 <node id="2855717084" visible="true" version="1" changeset="22315651" timestamp="2014-05-13T15:40:32Z" user="전기곰돌" uid="613089" lat="37.4516413" lon="126.6575754"/>
 <node id="2855717085" visible="true" version="1" changeset="22315651" timestamp="2014-05-13T15:40:32Z" user="전기곰돌" uid="613089" lat="37.4509484" lon="126.6601431"/>
 <node id="2855730194" visible="true" version="1" changeset="22315651" timestamp="2014-05-13T15:42:40Z" user="전기곰돌" uid="613089" lat="37.4490306" lon="126.6660991"/>
 <node id="2856009871" visible="true" version="2" changeset="22524393" timestamp="2014-05-24T14:00:32Z" user="전기곰돌" uid="613089" lat="37.4461215" lon="126.6577759"/>
 <node id="2856079389" visible="true" version="1" changeset="22317818" timestamp="2014-05-13T17:28:53Z" user="전기곰돌" uid="613089" lat="37.4400917" lon="126.6666282"/>
 <node id="2856079397" visible="true" version="1" changeset="22317818" timestamp="2014-05-13T17:28:53Z" user="전기곰돌" uid="613089" lat="37.4443909" lon="126.6606375"/>
 <node id="2856199546" visible="true" version="1" changeset="22318631" timestamp="2014-05-13T18:20:10Z" user="전기곰돌" uid="613089" lat="37.4543239" lon="126.6546834"/>
 <node id="2856199547" visible="true" version="1" changeset="22318631" timestamp="2014-05-13T18:20:10Z" user="전기곰돌" uid="613089" lat="37.4541818" lon="126.6531694"/>
 <node id="2856199548" visible="true" version="1" changeset="22318631" timestamp="2014-05-13T18:20:10Z" user="전기곰돌" uid="613089" lat="37.4535153" lon="126.6555860"/>
 <node id="2856199550" visible="true" version="1" changeset="22318631" timestamp="2014-05-13T18:20:10Z" user="전기곰돌" uid="613089" lat="37.4533382" lon="126.6532229"/>
 <node id="2856199554" visible="true" version="1" changeset="22318631" timestamp="2014-05-13T18:20:10Z" user="전기곰돌" uid="613089" lat="37.4533355" lon="126.6556916"/>
 <node id="2856199556" visible="true" version="1" changeset="22318631" timestamp="2014-05-13T18:20:10Z" user="전기곰돌" uid="613089" lat="37.4536363" lon="126.6537754"/>
 <node id="2856199558" visible="true" version="1" changeset="22318631" timestamp="2014-05-13T18:20:10Z" user="전기곰돌" uid="613089" lat="37.4537917" lon="126.6539176"/>
 <node id="2856199560" visible="true" version="2" changeset="75256793" timestamp="2019-10-04T01:42:18Z" user="octel" uid="238290" lat="37.4542563" lon="126.6519329"/>
 <node id="2856199561" visible="true" version="1" changeset="22318631" timestamp="2014-05-13T18:20:10Z" user="전기곰돌" uid="613089" lat="37.4539029" lon="126.6540464"/>
 <node id="2856199562" visible="true" version="1" changeset="22318631" timestamp="2014-05-13T18:20:10Z" user="전기곰돌" uid="613089" lat="37.4541477" lon="126.6535744"/>
 <node id="2856199563" visible="true" version="1" changeset="22318631" timestamp="2014-05-13T18:20:10Z" user="전기곰돌" uid="613089" lat="37.4541179" lon="126.6549155"/>
 <node id="2856199564" visible="true" version="1" changeset="22318631" timestamp="2014-05-13T18:20:10Z" user="전기곰돌" uid="613089" lat="37.4536090" lon="126.6555324"/>
 <node id="2856199565" visible="true" version="1" changeset="22318631" timestamp="2014-05-13T18:20:10Z" user="전기곰돌" uid="613089" lat="37.4541303" lon="126.6536949"/>
 <node id="2856199566" visible="true" version="1" changeset="22318631" timestamp="2014-05-13T18:20:10Z" user="전기곰돌" uid="613089" lat="37.4539881" lon="126.6542177"/>
 <node id="2856199568" visible="true" version="1" changeset="22318631" timestamp="2014-05-13T18:20:10Z" user="전기곰돌" uid="613089" lat="37.4539362" lon="126.6546313"/>
 <node id="2856199569" visible="true" version="1" changeset="22318631" timestamp="2014-05-13T18:20:10Z" user="전기곰돌" uid="613089" lat="37.4539408" lon="126.6551541"/>
 <node id="2856199572" visible="true" version="1" changeset="22318631" timestamp="2014-05-13T18:20:10Z" user="전기곰돌" uid="613089" lat="37.4539514" lon="126.6541268"/>
 <node id="2856199575" visible="true" version="1" changeset="22318631" timestamp="2014-05-13T18:20:10Z" user="전기곰돌" uid="613089" lat="37.4532641" lon="126.6531157"/>
 <node id="2856199577" visible="true" version="1" changeset="22318631" timestamp="2014-05-13T18:20:11Z" user="전기곰돌" uid="613089" lat="37.4534127" lon="126.6533972"/>
 <node id="2856199579" visible="true" version="1" changeset="22318631" timestamp="2014-05-13T18:20:11Z" user="전기곰돌" uid="613089" lat="37.4542286" lon="126.6525283"/>
 <node id="2856199587" visible="true" version="1" changeset="22318631" timestamp="2014-05-13T18:20:11Z" user="전기곰돌" uid="613089" lat="37.4535468" lon="126.6536735"/>
 <node id="2856199588" visible="true" version="1" changeset="22318631" timestamp="2014-05-13T18:20:11Z" user="전기곰돌" uid="613089" lat="37.4534191" lon="126.6533409"/>
 <node id="2856199589" visible="true" version="1" changeset="22318631" timestamp="2014-05-13T18:20:11Z" user="전기곰돌" uid="613089" lat="37.4537389" lon="126.6554144"/>
 <node id="2856199590" visible="true" version="1" changeset="22318631" timestamp="2014-05-13T18:20:11Z" user="전기곰돌" uid="613089" lat="37.4540238" lon="126.6540490"/>
 <node id="2856199591" visible="true" version="1" changeset="22318631" timestamp="2014-05-13T18:20:11Z" user="전기곰돌" uid="613089" lat="37.4526442" lon="126.6526903"/>
 <node id="2856199592" visible="true" version="1" changeset="22318631" timestamp="2014-05-13T18:20:11Z" user="전기곰돌" uid="613089" lat="37.4538198" lon="126.6516539"/>
 <node id="2856210683" visible="true" version="1" changeset="22318631" timestamp="2014-05-13T18:17:34Z" user="전기곰돌" uid="613089" lat="37.4534302" lon="126.6547519"/>
 <node id="2856210686" visible="true" version="1" changeset="22318631" timestamp="2014-05-13T18:17:34Z" user="전기곰돌" uid="613089" lat="37.4533514" lon="126.6548913"/>
 <node id="2856210688" visible="true" version="1" changeset="22318631" timestamp="2014-05-13T18:17:34Z" user="전기곰돌" uid="613089" lat="37.4539923" lon="126.6558730"/>
 <node id="2856210690" visible="true" version="1" changeset="22318631" timestamp="2014-05-13T18:17:34Z" user="전기곰돌" uid="613089" lat="37.4548057" lon="126.6547975"/>
 <node id="2856210691" visible="true" version="1" changeset="22318631" timestamp="2014-05-13T18:17:34Z" user="전기곰돌" uid="613089" lat="37.4545271" lon="126.6576764"/>
 <node id="2856210694" visible="true" version="1" changeset="22318631" timestamp="2014-05-13T18:17:34Z" user="전기곰돌" uid="613089" lat="37.4543415" lon="126.6557845"/>
 <node id="2856210695" visible="true" version="1" changeset="22318631" timestamp="2014-05-13T18:17:34Z" user="전기곰돌" uid="613089" lat="37.4532086" lon="126.6551771"/>
 <node id="2856210697" visible="true" version="1" changeset="22318631" timestamp="2014-05-13T18:17:34Z" user="전기곰돌" uid="613089" lat="37.4550812" lon="126.6569823"/>
 <node id="2856212862" visible="true" version="1" changeset="22318631" timestamp="2014-05-13T18:17:58Z" user="전기곰돌" uid="613089" lat="37.4539497" lon="126.6555565"/>
 <node id="2856212863" visible="true" version="1" changeset="22318631" timestamp="2014-05-13T18:17:58Z" user="전기곰돌" uid="613089" lat="37.4541126" lon="126.6565645"/>
 <node id="2856212864" visible="true" version="1" changeset="22318631" timestamp="2014-05-13T18:17:58Z" user="전기곰돌" uid="613089" lat="37.4536029" lon="126.6567763"/>
 <node id="2856212901" visible="true" version="1" changeset="22318631" timestamp="2014-05-13T18:17:34Z" user="전기곰돌" uid="613089" lat="37.4537747" lon="126.6546096"/>
 <node id="2856212908" visible="true" version="1" changeset="22318631" timestamp="2014-05-13T18:17:34Z" user="전기곰돌" uid="613089" lat="37.4534584" lon="126.6545444"/>
 <node id="2856212909" visible="true" version="1" changeset="22318631" timestamp="2014-05-13T18:17:34Z" user="전기곰돌" uid="613089" lat="37.4546796" lon="126.6550468"/>
 <node id="2856212910" visible="true" version="1" changeset="22318631" timestamp="2014-05-13T18:17:34Z" user="전기곰돌" uid="613089" lat="37.4546098" lon="126.6552213"/>
 <node id="2856218036" visible="true" version="1" changeset="22318631" timestamp="2014-05-13T18:22:34Z" user="전기곰돌" uid="613089" lat="37.4556453" lon="126.6496634"/>
 <node id="2856218037" visible="true" version="1" changeset="22318631" timestamp="2014-05-13T18:22:34Z" user="전기곰돌" uid="613089" lat="37.4529766" lon="126.6511041"/>
 <node id="2856218038" visible="true" version="2" changeset="75256793" timestamp="2019-10-04T01:42:18Z" user="octel" uid="238290" lat="37.4534599" lon="126.6514152"/>
 <node id="2856218039" visible="true" version="1" changeset="22318631" timestamp="2014-05-13T18:22:35Z" user="전기곰돌" uid="613089" lat="37.4543606" lon="126.6501814"/>
 <node id="2856218044" visible="true" version="1" changeset="22318631" timestamp="2014-05-13T18:22:35Z" user="전기곰돌" uid="613089" lat="37.4535047" lon="126.6498461"/>
 <node id="2856218046" visible="true" version="2" changeset="75256793" timestamp="2019-10-04T01:42:18Z" user="octel" uid="238290" lat="37.4539003" lon="126.6507123"/>
 <node id="2856218048" visible="true" version="1" changeset="22318631" timestamp="2014-05-13T18:22:35Z" user="전기곰돌" uid="613089" lat="37.4549334" lon="126.6502404"/>
 <node id="2856218049" visible="true" version="1" changeset="22318631" timestamp="2014-05-13T18:22:35Z" user="전기곰돌" uid="613089" lat="37.4541498" lon="126.6502109"/>
 <node id="2856218050" visible="true" version="1" changeset="22318631" timestamp="2014-05-13T18:22:35Z" user="전기곰돌" uid="613089" lat="37.4540792" lon="126.6503663"/>
 <node id="2856218052" visible="true" version="1" changeset="22318631" timestamp="2014-05-13T18:22:35Z" user="전기곰돌" uid="613089" lat="37.4538198" lon="126.6512730"/>
 <node id="2856218056" visible="true" version="1" changeset="22318631" timestamp="2014-05-13T18:22:35Z" user="전기곰돌" uid="613089" lat="37.4545459" lon="126.6502484"/>
 <node id="2856218057" visible="true" version="1" changeset="22318631" timestamp="2014-05-13T18:22:35Z" user="전기곰돌" uid="613089" lat="37.4536218" lon="126.6515091"/>
 <node id="2856218058" visible="true" version="2" changeset="75256793" timestamp="2019-10-04T01:42:18Z" user="octel" uid="238290" lat="37.4539901" lon="126.6505033"/>
 <node id="2856218059" visible="true" version="1" changeset="22318631" timestamp="2014-05-13T18:22:35Z" user="전기곰돌" uid="613089" lat="37.4546460" lon="126.6502243"/>
 <node id="2856218060" visible="true" version="1" changeset="22318631" timestamp="2014-05-13T18:22:35Z" user="전기곰돌" uid="613089" lat="37.4551336" lon="126.6502270"/>
 <node id="2856218062" visible="true" version="2" changeset="75256793" timestamp="2019-10-04T01:42:18Z" user="octel" uid="238290" lat="37.4547396" lon="126.6502297"/>
 <node id="2856218063" visible="true" version="1" changeset="22318631" timestamp="2014-05-13T18:22:35Z" user="전기곰돌" uid="613089" lat="37.4540855" lon="126.6502671"/>
 <node id="2856218064" visible="true" version="1" changeset="22318631" timestamp="2014-05-13T18:22:35Z" user="전기곰돌" uid="613089" lat="37.4554721" lon="126.6499051"/>
 <node id="2856218067" visible="true" version="1" changeset="22318631" timestamp="2014-05-13T18:22:35Z" user="전기곰돌" uid="613089" lat="37.4555637" lon="126.6497951"/>
 <node id="2856218068" visible="true" version="1" changeset="22318631" timestamp="2014-05-13T18:22:35Z" user="전기곰돌" uid="613089" lat="37.4541030" lon="126.6518524"/>
 <node id="2856218069" visible="true" version="1" changeset="22318631" timestamp="2014-05-13T18:22:35Z" user="전기곰돌" uid="613089" lat="37.4552783" lon="126.6501331"/>
 <node id="2856218070" visible="true" version="1" changeset="22318631" timestamp="2014-05-13T18:22:35Z" user="전기곰돌" uid="613089" lat="37.4525501" lon="126.6521661"/>
 <node id="2856218073" visible="true" version="1" changeset="22318631" timestamp="2014-05-13T18:22:35Z" user="전기곰돌" uid="613089" lat="37.4539195" lon="126.6508008"/>
 <node id="2856218074" visible="true" version="1" changeset="22318631" timestamp="2014-05-13T18:22:35Z" user="전기곰돌" uid="613089" lat="37.4536909" lon="126.6515505"/>
 <node id="2856218075" visible="true" version="1" changeset="22318631" timestamp="2014-05-13T18:22:35Z" user="전기곰돌" uid="613089" lat="37.4539071" lon="126.6510236"/>
 <node id="2856218076" visible="true" version="1" changeset="22318631" timestamp="2014-05-13T18:22:35Z" user="전기곰돌" uid="613089" lat="37.4540264" lon="126.6502055"/>
 <node id="2856218077" visible="true" version="1" changeset="22318631" timestamp="2014-05-13T18:22:35Z" user="전기곰돌" uid="613089" lat="37.4544990" lon="126.6502431"/>
 <node id="2856218078" visible="true" version="1" changeset="22318631" timestamp="2014-05-13T18:22:35Z" user="전기곰돌" uid="613089" lat="37.4526977" lon="126.6517827"/>
 <node id="2856218079" visible="true" version="1" changeset="22318631" timestamp="2014-05-13T18:22:35Z" user="전기곰돌" uid="613089" lat="37.4545885" lon="126.6502458"/>
 <node id="2856218080" visible="true" version="1" changeset="22318631" timestamp="2014-05-13T18:22:35Z" user="전기곰돌" uid="613089" lat="37.4538918" lon="126.6510905"/>
 <node id="2856218081" visible="true" version="1" changeset="22318631" timestamp="2014-05-13T18:22:35Z" user="전기곰돌" uid="613089" lat="37.4540902" lon="126.6502216"/>
 <node id="2856218083" visible="true" version="1" changeset="22318631" timestamp="2014-05-13T18:22:35Z" user="전기곰돌" uid="613089" lat="37.4552076" lon="126.6501947"/>
 <node id="2856218084" visible="true" version="1" changeset="22318631" timestamp="2014-05-13T18:22:35Z" user="전기곰돌" uid="613089" lat="37.4543308" lon="126.6501760"/>
 <node id="2856218085" visible="true" version="1" changeset="22318631" timestamp="2014-05-13T18:22:35Z" user="전기곰돌" uid="613089" lat="37.4537538" lon="126.6514072"/>
 <node id="2856218087" visible="true" version="1" changeset="22318631" timestamp="2014-05-13T18:22:35Z" user="전기곰돌" uid="613089" lat="37.4531555" lon="126.6512087"/>
 <node id="2856218088" visible="true" version="1" changeset="22318631" timestamp="2014-05-13T18:22:35Z" user="전기곰돌" uid="613089" lat="37.4546928" lon="126.6502270"/>
 <node id="2856228002" visible="true" version="1" changeset="22318766" timestamp="2014-05-13T18:28:36Z" user="전기곰돌" uid="613089" lat="37.4555877" lon="126.6646381"/>
 <node id="2856228003" visible="true" version="1" changeset="22318766" timestamp="2014-05-13T18:28:36Z" user="전기곰돌" uid="613089" lat="37.4561268" lon="126.6660236"/>
 <node id="2861418098" visible="true" version="1" changeset="22364386" timestamp="2014-05-16T05:00:08Z" user="전기곰돌" uid="613089" lat="37.4403726" lon="126.6637001"/>
 <node id="2861418099" visible="true" version="1" changeset="22364386" timestamp="2014-05-16T05:00:08Z" user="전기곰돌" uid="613089" lat="37.4402393" lon="126.6642647"/>
 <node id="2861419101" visible="true" version="1" changeset="22364386" timestamp="2014-05-16T05:00:08Z" user="전기곰돌" uid="613089" lat="37.4401964" lon="126.6648108"/>
 <node id="2861419114" visible="true" version="1" changeset="22364386" timestamp="2014-05-16T05:00:09Z" user="전기곰돌" uid="613089" lat="37.4405482" lon="126.6632330"/>
 <node id="2865601912" visible="true" version="1" changeset="22398954" timestamp="2014-05-18T01:23:17Z" user="전기곰돌" uid="613089" lat="37.4564431" lon="126.6674136"/>
 <node id="2865601924" visible="true" version="1" changeset="22398954" timestamp="2014-05-18T01:23:17Z" user="전기곰돌" uid="613089" lat="37.4549566" lon="126.6638046"/>
 <node id="2865601933" visible="true" version="1" changeset="22398954" timestamp="2014-05-18T01:23:18Z" user="전기곰돌" uid="613089" lat="37.4557841" lon="126.6661846"/>
 <node id="2865607370" visible="true" version="1" changeset="22398954" timestamp="2014-05-18T01:24:46Z" user="전기곰돌" uid="613089" lat="37.4580730" lon="126.6694912"/>
 <node id="2865607375" visible="true" version="1" changeset="22398954" timestamp="2014-05-18T01:24:47Z" user="전기곰돌" uid="613089" lat="37.4572326" lon="126.6685377"/>
 <node id="2865607514" visible="true" version="2" changeset="173003272" timestamp="2025-10-08T12:50:30Z" user="Min_T" uid="8386494" lat="37.4554072" lon="126.6495209"/>
 <node id="2865607600" visible="true" version="1" changeset="22398954" timestamp="2014-05-18T01:26:23Z" user="전기곰돌" uid="613089" lat="37.4556878" lon="126.6496899"/>
 <node id="2865620697" visible="true" version="1" changeset="22399118" timestamp="2014-05-18T01:52:41Z" user="전기곰돌" uid="613089" lat="37.4399109" lon="126.6695568"/>
 <node id="2865621522" visible="true" version="1" changeset="22399118" timestamp="2014-05-18T01:52:41Z" user="전기곰돌" uid="613089" lat="37.4399868" lon="126.6683284"/>
 <node id="2875746075" visible="true" version="1" changeset="22500095" timestamp="2014-05-23T08:00:33Z" user="전기곰돌" uid="613089" lat="37.4554691" lon="126.6390019"/>
 <node id="2876919237" visible="true" version="1" changeset="22514018" timestamp="2014-05-23T22:35:37Z" user="전기곰돌" uid="613089" lat="37.4568442" lon="126.6672969"/>
 <node id="2876919260" visible="true" version="1" changeset="22514018" timestamp="2014-05-23T22:35:38Z" user="전기곰돌" uid="613089" lat="37.4598601" lon="126.6703654"/>
 <node id="2876921296" visible="true" version="1" changeset="22514018" timestamp="2014-05-23T22:37:54Z" user="전기곰돌" uid="613089" lat="37.4552225" lon="126.6633451"/>
 <node id="2876921484" visible="true" version="1" changeset="22514018" timestamp="2014-05-23T22:39:19Z" user="전기곰돌" uid="613089" lat="37.4548539" lon="126.6618504"/>
 <node id="2876922890" visible="true" version="1" changeset="22514018" timestamp="2014-05-23T22:40:58Z" user="전기곰돌" uid="613089" lat="37.4540604" lon="126.6574609"/>
 <node id="2876922891" visible="true" version="1" changeset="22514018" timestamp="2014-05-23T22:40:58Z" user="전기곰돌" uid="613089" lat="37.4539574" lon="126.6577942"/>
 <node id="2876922892" visible="true" version="1" changeset="22514018" timestamp="2014-05-23T22:40:58Z" user="전기곰돌" uid="613089" lat="37.4542243" lon="126.6571739"/>
 <node id="2876922893" visible="true" version="1" changeset="22514018" timestamp="2014-05-23T22:40:58Z" user="전기곰돌" uid="613089" lat="37.4542598" lon="126.6571541"/>
 <node id="2876922894" visible="true" version="1" changeset="22514018" timestamp="2014-05-23T22:40:59Z" user="전기곰돌" uid="613089" lat="37.4538829" lon="126.6579119"/>
 <node id="2876922895" visible="true" version="1" changeset="22514018" timestamp="2014-05-23T22:40:59Z" user="전기곰돌" uid="613089" lat="37.4544383" lon="126.6577876"/>
 <node id="2876922897" visible="true" version="1" changeset="22514018" timestamp="2014-05-23T22:40:59Z" user="전기곰돌" uid="613089" lat="37.4539886" lon="126.6577148"/>
 <node id="2876922900" visible="true" version="1" changeset="22514018" timestamp="2014-05-23T22:40:59Z" user="전기곰돌" uid="613089" lat="37.4540795" lon="126.6573187"/>
 <node id="2876923201" visible="true" version="1" changeset="22514018" timestamp="2014-05-23T22:40:59Z" user="전기곰돌" uid="613089" lat="37.4540731" lon="126.6573375"/>
 <node id="2876923202" visible="true" version="1" changeset="22514018" timestamp="2014-05-23T22:40:59Z" user="전기곰돌" uid="613089" lat="37.4540497" lon="126.6575145"/>
 <node id="2876927825" visible="true" version="1" changeset="22514018" timestamp="2014-05-23T22:48:28Z" user="전기곰돌" uid="613089" lat="37.4589782" lon="126.6702244"/>
 <node id="2877844573" visible="true" version="1" changeset="22523695" timestamp="2014-05-24T13:05:53Z" user="전기곰돌" uid="613089" lat="37.4397923" lon="126.6714793"/>
 <node id="2877844582" visible="true" version="1" changeset="22523695" timestamp="2014-05-24T13:05:53Z" user="전기곰돌" uid="613089" lat="37.4398355" lon="126.6707789"/>
 <node id="2877961301" visible="true" version="1" changeset="22524393" timestamp="2014-05-24T13:55:28Z" user="전기곰돌" uid="613089" lat="37.4515112" lon="126.6601129"/>
 <node id="2877961303" visible="true" version="1" changeset="22524393" timestamp="2014-05-24T13:55:28Z" user="전기곰돌" uid="613089" lat="37.4514753" lon="126.6586465"/>
 <node id="2877961305" visible="true" version="1" changeset="22524393" timestamp="2014-05-24T13:55:28Z" user="전기곰돌" uid="613089" lat="37.4507712" lon="126.6583478"/>
 <node id="2877961307" visible="true" version="2" changeset="22524393" timestamp="2014-05-24T13:55:36Z" user="전기곰돌" uid="613089" lat="37.4513649" lon="126.6585997"/>
 <node id="2877961308" visible="true" version="1" changeset="22524393" timestamp="2014-05-24T13:55:28Z" user="전기곰돌" uid="613089" lat="37.4514568" lon="126.6603574"/>
 <node id="2877968854" visible="true" version="1" changeset="22524393" timestamp="2014-05-24T13:59:24Z" user="전기곰돌" uid="613089" lat="37.4460841" lon="126.6595879"/>
 <node id="2877968866" visible="true" version="1" changeset="22524393" timestamp="2014-05-24T13:59:24Z" user="전기곰돌" uid="613089" lat="37.4464052" lon="126.6598240"/>
 <node id="2877968868" visible="true" version="1" changeset="22524393" timestamp="2014-05-24T13:59:24Z" user="전기곰돌" uid="613089" lat="37.4459783" lon="126.6595206"/>
 <node id="2877968870" visible="true" version="1" changeset="22524393" timestamp="2014-05-24T13:59:24Z" user="전기곰돌" uid="613089" lat="37.4444566" lon="126.6604786"/>
 <node id="2877968880" visible="true" version="1" changeset="22524393" timestamp="2014-05-24T13:59:24Z" user="전기곰돌" uid="613089" lat="37.4450868" lon="126.6589536"/>
 <node id="2877968888" visible="true" version="1" changeset="22524393" timestamp="2014-05-24T13:59:24Z" user="전기곰돌" uid="613089" lat="37.4455405" lon="126.6592422"/>
 <node id="2877968889" visible="true" version="1" changeset="22524393" timestamp="2014-05-24T13:59:24Z" user="전기곰돌" uid="613089" lat="37.4462645" lon="126.6597127"/>
 <node id="2877968895" visible="true" version="2" changeset="23039162" timestamp="2014-06-20T08:29:23Z" user="aquilegia" uid="476671" lat="37.4499657" lon="126.6613536"/>
 <node id="2877970942" visible="true" version="1" changeset="22524393" timestamp="2014-05-24T14:00:31Z" user="전기곰돌" uid="613089" lat="37.4463520" lon="126.6579196"/>
 <node id="2877970943" visible="true" version="1" changeset="22524393" timestamp="2014-05-24T14:00:31Z" user="전기곰돌" uid="613089" lat="37.4456746" lon="126.6574972"/>
 <node id="2878957926" visible="true" version="1" changeset="22533508" timestamp="2014-05-24T22:50:36Z" user="전기곰돌" uid="613089" lat="37.4546307" lon="126.6575467"/>
 <node id="2879019540" visible="true" version="2" changeset="173003272" timestamp="2025-10-08T12:50:30Z" user="Min_T" uid="8386494" lat="37.4540095" lon="126.6486432"/>
 <node id="2879038614" visible="true" version="1" changeset="22534068" timestamp="2014-05-25T00:09:38Z" user="전기곰돌" uid="613089" lat="37.4539224" lon="126.6595875"/>
 <node id="2881072415" visible="true" version="1" changeset="22555577" timestamp="2014-05-26T06:03:25Z" user="전기곰돌" uid="613089" lat="37.4527594" lon="126.6505676"/>
 <node id="2881072417" visible="true" version="1" changeset="22555577" timestamp="2014-05-26T06:03:25Z" user="전기곰돌" uid="613089" lat="37.4536012" lon="126.6534082"/>
 <node id="2881072419" visible="true" version="1" changeset="22555577" timestamp="2014-05-26T06:03:25Z" user="전기곰돌" uid="613089" lat="37.4531063" lon="126.6507951"/>
 <node id="2881072421" visible="true" version="1" changeset="22555577" timestamp="2014-05-26T06:03:25Z" user="전기곰돌" uid="613089" lat="37.4543939" lon="126.6546154"/>
 <node id="2881072422" visible="true" version="1" changeset="22555577" timestamp="2014-05-26T06:03:25Z" user="전기곰돌" uid="613089" lat="37.4523213" lon="126.6493821"/>
 <node id="2881072423" visible="true" version="1" changeset="22555577" timestamp="2014-05-26T06:03:25Z" user="전기곰돌" uid="613089" lat="37.4542605" lon="126.6543683"/>
 <node id="2881072424" visible="true" version="1" changeset="22555577" timestamp="2014-05-26T06:03:25Z" user="전기곰돌" uid="613089" lat="37.4533899" lon="126.6482567"/>
 <node id="2881072425" visible="true" version="1" changeset="22555577" timestamp="2014-05-26T06:03:25Z" user="전기곰돌" uid="613089" lat="37.4529733" lon="126.6492062"/>
 <node id="2881072426" visible="true" version="2" changeset="142490312" timestamp="2023-10-12T17:27:08Z" user="aaei924" uid="10626814" lat="37.4524009" lon="126.6480814"/>
 <node id="2881072427" visible="true" version="1" changeset="22555577" timestamp="2014-05-26T06:03:25Z" user="전기곰돌" uid="613089" lat="37.4532487" lon="126.6485915"/>
 <node id="2881072428" visible="true" version="1" changeset="22555577" timestamp="2014-05-26T06:03:25Z" user="전기곰돌" uid="613089" lat="37.4539800" lon="126.6542821"/>
 <node id="2881072429" visible="true" version="1" changeset="22555577" timestamp="2014-05-26T06:03:25Z" user="전기곰돌" uid="613089" lat="37.4530277" lon="126.6507473"/>
 <node id="2881072430" visible="true" version="1" changeset="22555577" timestamp="2014-05-26T06:03:25Z" user="전기곰돌" uid="613089" lat="37.4529645" lon="126.6500071"/>
 <node id="2881072433" visible="true" version="1" changeset="22555577" timestamp="2014-05-26T06:03:25Z" user="전기곰돌" uid="613089" lat="37.4541497" lon="126.6535502"/>
 <node id="2881072434" visible="true" version="1" changeset="22555577" timestamp="2014-05-26T06:03:25Z" user="전기곰돌" uid="613089" lat="37.4529425" lon="126.6500955"/>
 <node id="2881072435" visible="true" version="2" changeset="142490312" timestamp="2023-10-12T17:27:08Z" user="aaei924" uid="10626814" lat="37.4523447" lon="126.6483647"/>
 <node id="2881072436" visible="true" version="1" changeset="22555577" timestamp="2014-05-26T06:03:25Z" user="전기곰돌" uid="613089" lat="37.4541988" lon="126.6543119"/>
 <node id="2881072437" visible="true" version="1" changeset="22555577" timestamp="2014-05-26T06:03:25Z" user="전기곰돌" uid="613089" lat="37.4531718" lon="126.6493425"/>
 <node id="2881072438" visible="true" version="1" changeset="22555577" timestamp="2014-05-26T06:03:25Z" user="전기곰돌" uid="613089" lat="37.4540568" lon="126.6539392"/>
 <node id="2881072439" visible="true" version="1" changeset="22555577" timestamp="2014-05-26T06:03:26Z" user="전기곰돌" uid="613089" lat="37.4540015" lon="126.6534886"/>
 <node id="2881072440" visible="true" version="1" changeset="22555577" timestamp="2014-05-26T06:03:26Z" user="전기곰돌" uid="613089" lat="37.4541626" lon="126.6533971"/>
 <node id="2881072441" visible="true" version="1" changeset="22555577" timestamp="2014-05-26T06:03:26Z" user="전기곰돌" uid="613089" lat="37.4531022" lon="126.6484969"/>
 <node id="2881072442" visible="true" version="1" changeset="22555577" timestamp="2014-05-26T06:03:26Z" user="전기곰돌" uid="613089" lat="37.4535939" lon="126.6496323"/>
 <node id="2881072443" visible="true" version="1" changeset="22555577" timestamp="2014-05-26T06:03:26Z" user="전기곰돌" uid="613089" lat="37.4530023" lon="126.6491752"/>
 <node id="2881072445" visible="true" version="1" changeset="22555577" timestamp="2014-05-26T06:03:26Z" user="전기곰돌" uid="613089" lat="37.4538709" lon="126.6534590"/>
 <node id="2881072446" visible="true" version="1" changeset="22555577" timestamp="2014-05-26T06:03:26Z" user="전기곰돌" uid="613089" lat="37.4523896" lon="126.6493768"/>
 <node id="2881072447" visible="true" version="1" changeset="22555577" timestamp="2014-05-26T06:03:26Z" user="전기곰돌" uid="613089" lat="37.4530561" lon="126.6497121"/>
 <node id="2881072448" visible="true" version="1" changeset="22555577" timestamp="2014-05-26T06:03:26Z" user="전기곰돌" uid="613089" lat="37.4523408" lon="126.6502727"/>
 <node id="2881072449" visible="true" version="1" changeset="22555577" timestamp="2014-05-26T06:03:26Z" user="전기곰돌" uid="613089" lat="37.4542371" lon="126.6543361"/>
 <node id="2881072450" visible="true" version="1" changeset="22555577" timestamp="2014-05-26T06:03:26Z" user="전기곰돌" uid="613089" lat="37.4531369" lon="126.6488564"/>
 <node id="2881076905" visible="true" version="1" changeset="22555577" timestamp="2014-05-26T06:06:13Z" user="전기곰돌" uid="613089" lat="37.4527502" lon="126.6548345"/>
 <node id="2881078292" visible="true" version="3" changeset="142490312" timestamp="2023-10-12T17:27:08Z" user="aaei924" uid="10626814" lat="37.4544248" lon="126.6412114"/>
 <node id="2882114717" visible="true" version="1" changeset="22567521" timestamp="2014-05-26T17:33:34Z" user="전기곰돌" uid="613089" lat="37.4540328" lon="126.6516004"/>
 <node id="2882114718" visible="true" version="1" changeset="22567521" timestamp="2014-05-26T17:33:35Z" user="전기곰돌" uid="613089" lat="37.4537434" lon="126.6515926"/>
 <node id="2882114720" visible="true" version="1" changeset="22567521" timestamp="2014-05-26T17:33:35Z" user="전기곰돌" uid="613089" lat="37.4546205" lon="126.6502338"/>
 <node id="2882114722" visible="true" version="1" changeset="22567521" timestamp="2014-05-26T17:33:35Z" user="전기곰돌" uid="613089" lat="37.4538310" lon="126.6515931"/>
 <node id="2882114723" visible="true" version="1" changeset="22567521" timestamp="2014-05-26T17:33:35Z" user="전기곰돌" uid="613089" lat="37.4539944" lon="126.6516191"/>
 <node id="2882119935" visible="true" version="1" changeset="22567521" timestamp="2014-05-26T17:37:36Z" user="전기곰돌" uid="613089" lat="37.4400572" lon="126.6671876"/>
 <node id="2882127721" visible="true" version="2" changeset="49920965" timestamp="2017-06-29T14:24:33Z" user="pehrelax" uid="3805548" lat="37.4401846" lon="126.6650161"/>
 <node id="2886779521" visible="true" version="2" changeset="142490312" timestamp="2023-10-12T17:27:08Z" user="aaei924" uid="10626814" lat="37.4531383" lon="126.6440810"/>
 <node id="2886779522" visible="true" version="2" changeset="142490312" timestamp="2023-10-12T17:27:08Z" user="aaei924" uid="10626814" lat="37.4533184" lon="126.6436303"/>
 <node id="2886789140" visible="true" version="1" changeset="22614417" timestamp="2014-05-29T09:09:23Z" user="전기곰돌" uid="613089" lat="37.4467759" lon="126.6500741"/>
 <node id="2886789141" visible="true" version="1" changeset="22614417" timestamp="2014-05-29T09:09:23Z" user="전기곰돌" uid="613089" lat="37.4462754" lon="126.6506025"/>
 <node id="2886789143" visible="true" version="1" changeset="22614417" timestamp="2014-05-29T09:09:24Z" user="전기곰돌" uid="613089" lat="37.4463159" lon="126.6504523"/>
 <node id="2886789147" visible="true" version="1" changeset="22614417" timestamp="2014-05-29T09:09:24Z" user="전기곰돌" uid="613089" lat="37.4463706" lon="126.6503957"/>
 <node id="2886789148" visible="true" version="1" changeset="22614417" timestamp="2014-05-29T09:09:24Z" user="전기곰돌" uid="613089" lat="37.4461775" lon="126.6501975"/>
 <node id="2886789149" visible="true" version="3" changeset="142490312" timestamp="2023-10-12T17:27:08Z" user="aaei924" uid="10626814" lat="37.4509346" lon="126.6487361"/>
 <node id="2886789150" visible="true" version="1" changeset="22614417" timestamp="2014-05-29T09:09:24Z" user="전기곰돌" uid="613089" lat="37.4464671" lon="126.6501438"/>
 <node id="2886789151" visible="true" version="1" changeset="22614417" timestamp="2014-05-29T09:09:24Z" user="전기곰돌" uid="613089" lat="37.4469015" lon="126.6497522"/>
 <node id="2886789154" visible="true" version="1" changeset="22614417" timestamp="2014-05-29T09:09:24Z" user="전기곰돌" uid="613089" lat="37.4464912" lon="126.6503727"/>
 <node id="2886789155" visible="true" version="1" changeset="22614417" timestamp="2014-05-29T09:09:24Z" user="전기곰돌" uid="613089" lat="37.4453504" lon="126.6500351"/>
 <node id="2886789156" visible="true" version="2" changeset="142487675" timestamp="2023-10-12T16:20:24Z" user="aaei924" uid="10626814" lat="37.4450432" lon="126.6504507"/>
 <node id="2886789158" visible="true" version="1" changeset="22614417" timestamp="2014-05-29T09:09:24Z" user="전기곰돌" uid="613089" lat="37.4468035" lon="126.6500043"/>
 <node id="2886789160" visible="true" version="1" changeset="22614417" timestamp="2014-05-29T09:09:24Z" user="전기곰돌" uid="613089" lat="37.4463159" lon="126.6515225"/>
 <node id="2886789162" visible="true" version="1" changeset="22614417" timestamp="2014-05-29T09:09:24Z" user="전기곰돌" uid="613089" lat="37.4452705" lon="126.6513708"/>
 <node id="2886789165" visible="true" version="1" changeset="22614417" timestamp="2014-05-29T09:09:24Z" user="전기곰돌" uid="613089" lat="37.4453824" lon="126.6509646"/>
 <node id="2886789166" visible="true" version="4" changeset="142490312" timestamp="2023-10-12T17:27:08Z" user="aaei924" uid="10626814" lat="37.4521927" lon="126.6468494"/>
 <node id="2886789168" visible="true" version="1" changeset="22614417" timestamp="2014-05-29T09:09:24Z" user="전기곰돌" uid="613089" lat="37.4462903" lon="126.6505247"/>
 <node id="2886789170" visible="true" version="2" changeset="65289484" timestamp="2018-12-08T10:42:21Z" user="Yoonsoohwa" uid="9209175" lat="37.4518127" lon="126.6478292"/>
 <node id="2886789172" visible="true" version="2" changeset="142487675" timestamp="2023-10-12T16:20:24Z" user="aaei924" uid="10626814" lat="37.4454153" lon="126.6507206">
  <tag k="crossing" v="traffic_signals"/>
  <tag k="highway" v="crossing"/>
 </node>
 <node id="2886789173" visible="true" version="2" changeset="65289484" timestamp="2018-12-08T10:42:21Z" user="Yoonsoohwa" uid="9209175" lat="37.4515849" lon="126.6476415"/>
 <node id="2886789174" visible="true" version="1" changeset="22614417" timestamp="2014-05-29T09:09:24Z" user="전기곰돌" uid="613089" lat="37.4470165" lon="126.6494894"/>
 <node id="3372749731" visible="true" version="1" changeset="29106545" timestamp="2015-02-26T05:13:54Z" user="mapper_jb" uid="565465" lat="37.4348824" lon="126.6476477"/>
 <node id="3372749732" visible="true" version="1" changeset="29106545" timestamp="2015-02-26T05:13:54Z" user="mapper_jb" uid="565465" lat="37.4351638" lon="126.6476138"/>
 <node id="3372749733" visible="true" version="1" changeset="29106545" timestamp="2015-02-26T05:13:54Z" user="mapper_jb" uid="565465" lat="37.4353853" lon="126.6476246"/>
 <node id="3372749735" visible="true" version="2" changeset="62650551" timestamp="2018-09-17T03:12:03Z" user="Q8ba2di0Pa" uid="2945135" lat="37.4363266" lon="126.6478337"/>
 <node id="3372749737" visible="true" version="2" changeset="62650551" timestamp="2018-09-17T03:12:03Z" user="Q8ba2di0Pa" uid="2945135" lat="37.4379909" lon="126.6483901"/>
 <node id="3372749738" visible="true" version="2" changeset="62650551" timestamp="2018-09-17T03:12:03Z" user="Q8ba2di0Pa" uid="2945135" lat="37.4392912" lon="126.6487993"/>
 <node id="3372749739" visible="true" version="2" changeset="62650551" timestamp="2018-09-17T03:12:03Z" user="Q8ba2di0Pa" uid="2945135" lat="37.4416253" lon="126.6495450"/>
 <node id="3372749740" visible="true" version="2" changeset="62650551" timestamp="2018-09-17T03:12:03Z" user="Q8ba2di0Pa" uid="2945135" lat="37.4433610" lon="126.6500841"/>
 <node id="3372749742" visible="true" version="3" changeset="62650551" timestamp="2018-09-17T03:12:03Z" user="Q8ba2di0Pa" uid="2945135" lat="37.4449735" lon="126.6505760"/>
 <node id="3372749743" visible="true" version="3" changeset="62650551" timestamp="2018-09-17T03:12:03Z" user="Q8ba2di0Pa" uid="2945135" lat="37.4453809" lon="126.6506020"/>
 <node id="3372749744" visible="true" version="3" changeset="62650551" timestamp="2018-09-17T03:12:03Z" user="Q8ba2di0Pa" uid="2945135" lat="37.4456752" lon="126.6505416"/>
 <node id="3372749745" visible="true" version="3" changeset="62650551" timestamp="2018-09-17T03:12:03Z" user="Q8ba2di0Pa" uid="2945135" lat="37.4463095" lon="126.6504250"/>
 <node id="3372749746" visible="true" version="3" changeset="62650551" timestamp="2018-09-17T03:12:03Z" user="Q8ba2di0Pa" uid="2945135" lat="37.4474001" lon="126.6501713"/>
 <node id="3372749747" visible="true" version="3" changeset="62650551" timestamp="2018-09-17T03:12:03Z" user="Q8ba2di0Pa" uid="2945135" lat="37.4480655" lon="126.6499083"/>
 <node id="3372749748" visible="true" version="3" changeset="62650551" timestamp="2018-09-17T03:12:03Z" user="Q8ba2di0Pa" uid="2945135" lat="37.4493193" lon="126.6492409"/>
 <node id="3372749749" visible="true" version="1" changeset="29106545" timestamp="2015-02-26T05:13:54Z" user="mapper_jb" uid="565465" lat="37.4495981" lon="126.6490247"/>
 <node id="3372749750" visible="true" version="1" changeset="29106545" timestamp="2015-02-26T05:13:54Z" user="mapper_jb" uid="565465" lat="37.4500964" lon="126.6486009"/>
 <node id="3372749751" visible="true" version="1" changeset="29106545" timestamp="2015-02-26T05:13:54Z" user="mapper_jb" uid="565465" lat="37.4504627" lon="126.6481878"/>
 <node id="3372749752" visible="true" version="1" changeset="29106545" timestamp="2015-02-26T05:13:54Z" user="mapper_jb" uid="565465" lat="37.4512505" lon="126.6471471"/>
 <node id="3372749753" visible="true" version="2" changeset="62650551" timestamp="2018-09-17T03:12:03Z" user="Q8ba2di0Pa" uid="2945135" lat="37.4521128" lon="126.6463398"/>
 <node id="3372749754" visible="true" version="2" changeset="62650551" timestamp="2018-09-17T03:12:03Z" user="Q8ba2di0Pa" uid="2945135" lat="37.4523343" lon="126.6461413"/>
 <node id="3372749755" visible="true" version="2" changeset="62650551" timestamp="2018-09-17T03:12:03Z" user="Q8ba2di0Pa" uid="2945135" lat="37.4525941" lon="126.6460125"/>
 <node id="3372749758" visible="true" version="2" changeset="62650551" timestamp="2018-09-17T03:12:03Z" user="Q8ba2di0Pa" uid="2945135" lat="37.4524329" lon="126.6460860"/>
 <node id="3372749759" visible="true" version="2" changeset="62650551" timestamp="2018-09-17T03:12:03Z" user="Q8ba2di0Pa" uid="2945135" lat="37.4522321" lon="126.6462245"/>
 <node id="3372751844" visible="true" version="2" changeset="62650551" timestamp="2018-09-17T03:12:03Z" user="Q8ba2di0Pa" uid="2945135" lat="37.4542592" lon="126.6452483"/>
 <node id="3372751845" visible="true" version="2" changeset="62650551" timestamp="2018-09-17T03:12:03Z" user="Q8ba2di0Pa" uid="2945135" lat="37.4547196" lon="126.6449685"/>
 <node id="3372751846" visible="true" version="1" changeset="29106549" timestamp="2015-02-26T05:15:05Z" user="mapper_jb" uid="565465" lat="37.4552170" lon="126.6445643"/>
 <node id="3372751847" visible="true" version="2" changeset="62650551" timestamp="2018-09-17T03:12:03Z" user="Q8ba2di0Pa" uid="2945135" lat="37.4570504" lon="126.6430878"/>
 <node id="3372751848" visible="true" version="2" changeset="62650551" timestamp="2018-09-17T03:12:03Z" user="Q8ba2di0Pa" uid="2945135" lat="37.4585620" lon="126.6417690"/>
 <node id="3372751849" visible="true" version="3" changeset="62650551" timestamp="2018-09-17T03:12:03Z" user="Q8ba2di0Pa" uid="2945135" lat="37.4591831" lon="126.6412120"/>
 <node id="3372751850" visible="true" version="3" changeset="62650551" timestamp="2018-09-17T03:12:03Z" user="Q8ba2di0Pa" uid="2945135" lat="37.4594752" lon="126.6408766"/>
 <node id="3372751852" visible="true" version="3" changeset="62650551" timestamp="2018-09-17T03:12:03Z" user="Q8ba2di0Pa" uid="2945135" lat="37.4613230" lon="126.6369922"/>
 <node id="3372751853" visible="true" version="2" changeset="29106573" timestamp="2015-02-26T05:19:21Z" user="mapper_jb" uid="565465" lat="37.4633130" lon="126.6323333"/>
 <node id="3372754546" visible="true" version="1" changeset="29106573" timestamp="2015-02-26T05:19:21Z" user="mapper_jb" uid="565465" lat="37.4599363" lon="126.6401337"/>
 <node id="3372754547" visible="true" version="2" changeset="62650551" timestamp="2018-09-17T03:12:03Z" user="Q8ba2di0Pa" uid="2945135" lat="37.4597229" lon="126.6405169"/>
 <node id="3372754548" visible="true" version="1" changeset="29106573" timestamp="2015-02-26T05:19:21Z" user="mapper_jb" uid="565465" lat="37.4642007" lon="126.6300116"/>
 <node id="3372754549" visible="true" version="1" changeset="29106573" timestamp="2015-02-26T05:19:21Z" user="mapper_jb" uid="565465" lat="37.4644086" lon="126.6295798"/>
 <node id="3372754550" visible="true" version="1" changeset="29106573" timestamp="2015-02-26T05:19:21Z" user="mapper_jb" uid="565465" lat="37.4646558" lon="126.6292047"/>
 <node id="3372754551" visible="true" version="1" changeset="29106573" timestamp="2015-02-26T05:19:21Z" user="mapper_jb" uid="565465" lat="37.4656390" lon="126.6280013"/>
 <node id="3372754552" visible="true" version="1" changeset="29106573" timestamp="2015-02-26T05:19:21Z" user="mapper_jb" uid="565465" lat="37.4660660" lon="126.6275342"/>
 <node id="3372754553" visible="true" version="1" changeset="29106573" timestamp="2015-02-26T05:19:21Z" user="mapper_jb" uid="565465" lat="37.4669481" lon="126.6265927"/>
 <node id="3372754554" visible="true" version="2" changeset="49266808" timestamp="2017-06-05T11:22:10Z" user="icemango" uid="3654695" lat="37.4672501" lon="126.6262789"/>
 <node id="3372754555" visible="true" version="2" changeset="49266808" timestamp="2017-06-05T11:22:10Z" user="icemango" uid="3654695" lat="37.4675598" lon="126.6258727"/>
 <node id="3372754556" visible="true" version="3" changeset="62650551" timestamp="2018-09-17T03:12:03Z" user="Q8ba2di0Pa" uid="2945135" lat="37.4685287" lon="126.6244546"/>
 <node id="3372754557" visible="true" version="3" changeset="62650551" timestamp="2018-09-17T03:12:03Z" user="Q8ba2di0Pa" uid="2945135" lat="37.4702958" lon="126.6215547"/>
 <node id="3372754558" visible="true" version="2" changeset="62650551" timestamp="2018-09-17T03:12:03Z" user="Q8ba2di0Pa" uid="2945135" lat="37.4715039" lon="126.6195417"/>
 <node id="3372754559" visible="true" version="2" changeset="62650551" timestamp="2018-09-17T03:12:03Z" user="Q8ba2di0Pa" uid="2945135" lat="37.4717977" lon="126.6191287"/>
 <node id="3372754560" visible="true" version="2" changeset="62650551" timestamp="2018-09-17T03:12:03Z" user="Q8ba2di0Pa" uid="2945135" lat="37.4720298" lon="126.6188899"/>
 <node id="3372754561" visible="true" version="2" changeset="62650551" timestamp="2018-09-17T03:12:03Z" user="Q8ba2di0Pa" uid="2945135" lat="37.4723980" lon="126.6186351"/>
 <node id="3372754562" visible="true" version="2" changeset="62650551" timestamp="2018-09-17T03:12:03Z" user="Q8ba2di0Pa" uid="2945135" lat="37.4728557" lon="126.6184286"/>
 <node id="3372754564" visible="true" version="2" changeset="62650551" timestamp="2018-09-17T03:12:03Z" user="Q8ba2di0Pa" uid="2945135" lat="37.4744160" lon="126.6178841"/>
 <node id="3372754566" visible="true" version="2" changeset="62650551" timestamp="2018-09-17T03:12:03Z" user="Q8ba2di0Pa" uid="2945135" lat="37.4756592" lon="126.6174000"/>
 <node id="3372754568" visible="true" version="2" changeset="62650551" timestamp="2018-09-17T03:12:03Z" user="Q8ba2di0Pa" uid="2945135" lat="37.4754761" lon="126.6174375"/>
 <node id="3372754569" visible="true" version="2" changeset="62650551" timestamp="2018-09-17T03:12:03Z" user="Q8ba2di0Pa" uid="2945135" lat="37.4755698" lon="126.6174107"/>
 <node id="3372756478" visible="true" version="2" changeset="55410375" timestamp="2018-01-13T16:19:00Z" user="lorenzo23622" uid="476483" lat="37.4335394" lon="126.6482627"/>
 <node id="4040411595" visible="true" version="6" changeset="62650551" timestamp="2018-09-17T03:12:04Z" user="Q8ba2di0Pa" uid="2945135" lat="37.4682525" lon="126.6248879"/>
 <node id="4295961832" visible="true" version="1" changeset="40646834" timestamp="2016-07-11T10:07:26Z" user="pehrelax" uid="3805548" lat="37.4471106" lon="126.6585739"/>
 <node id="4295961833" visible="true" version="1" changeset="40646834" timestamp="2016-07-11T10:07:26Z" user="pehrelax" uid="3805548" lat="37.4466262" lon="126.6597879"/>
 <node id="4295961834" visible="true" version="1" changeset="40646834" timestamp="2016-07-11T10:07:26Z" user="pehrelax" uid="3805548" lat="37.4458043" lon="126.6592764"/>
 <node id="4295961835" visible="true" version="1" changeset="40646834" timestamp="2016-07-11T10:07:26Z" user="pehrelax" uid="3805548" lat="37.4463180" lon="126.6580132"/>
 <node id="4299576216" visible="true" version="2" changeset="142490312" timestamp="2023-10-12T17:27:08Z" user="aaei924" uid="10626814" lat="37.4410725" lon="126.6618569"/>
 <node id="4309918709" visible="true" version="1" changeset="40837499" timestamp="2016-07-18T20:39:20Z" user="samely" uid="2512300" lat="37.4520136" lon="126.6561261"/>
 <node id="4634325654" visible="true" version="4" changeset="65289484" timestamp="2018-12-08T10:42:21Z" user="Yoonsoohwa" uid="9209175" lat="37.4489320" lon="126.6426901"/>
 <node id="4634325655" visible="true" version="2" changeset="45750137" timestamp="2017-02-02T15:24:51Z" user="pehrelax" uid="3805548" lat="37.4507021" lon="126.6474850"/>
 <node id="4634325656" visible="true" version="3" changeset="45767486" timestamp="2017-02-03T04:55:00Z" user="pehrelax" uid="3805548" lat="37.4486795" lon="126.6490159"/>
 <node id="4634325657" visible="true" version="5" changeset="70847109" timestamp="2019-06-02T02:44:53Z" user="pehrelax" uid="3805548" lat="37.4473933" lon="126.6427842"/>
 <node id="4634325658" visible="true" version="4" changeset="65289712" timestamp="2018-12-08T10:51:49Z" user="Yoonsoohwa" uid="9209175" lat="37.4484163" lon="126.6425921"/>
 <node id="4634751988" visible="true" version="1" changeset="45513098" timestamp="2017-01-26T13:43:54Z" user="메구메구" uid="5198070" lat="37.4599610" lon="126.6400840"/>
 <node id="4634752508" visible="true" version="2" changeset="62650551" timestamp="2018-09-17T03:12:04Z" user="Q8ba2di0Pa" uid="2945135" lat="37.4549396" lon="126.6448036"/>
 <node id="4634752509" visible="true" version="2" changeset="62650551" timestamp="2018-09-17T03:12:04Z" user="Q8ba2di0Pa" uid="2945135" lat="37.4595348" lon="126.6408048"/>
 <node id="4638918402" visible="true" version="1" changeset="45580253" timestamp="2017-01-28T02:25:58Z" user="StarDustJH" uid="5211386" lat="37.4460236" lon="126.6566257"/>
 <node id="4638918404" visible="true" version="1" changeset="45580253" timestamp="2017-01-28T02:25:58Z" user="StarDustJH" uid="5211386" lat="37.4459894" lon="126.6565064"/>
 <node id="4638918405" visible="true" version="1" changeset="45580253" timestamp="2017-01-28T02:25:58Z" user="StarDustJH" uid="5211386" lat="37.4453460" lon="126.6583178"/>
 <node id="4638918407" visible="true" version="1" changeset="45580253" timestamp="2017-01-28T02:25:58Z" user="StarDustJH" uid="5211386" lat="37.4459554" lon="126.6564848"/>
 <node id="4638918409" visible="true" version="1" changeset="45580253" timestamp="2017-01-28T02:25:58Z" user="StarDustJH" uid="5211386" lat="37.4446289" lon="126.6582281"/>
 <node id="4638918410" visible="true" version="1" changeset="45580253" timestamp="2017-01-28T02:25:58Z" user="StarDustJH" uid="5211386" lat="37.4443893" lon="126.6580805"/>
 <node id="4638918412" visible="true" version="1" changeset="45580253" timestamp="2017-01-28T02:25:58Z" user="StarDustJH" uid="5211386" lat="37.4450036" lon="126.6558782"/>
 <node id="4638921028" visible="true" version="2" changeset="142490312" timestamp="2023-10-12T17:27:08Z" user="aaei924" uid="10626814" lat="37.4417818" lon="126.6600162"/>
 <node id="4638921029" visible="true" version="1" changeset="45580351" timestamp="2017-01-28T02:34:02Z" user="StarDustJH" uid="5211386" lat="37.4445008" lon="126.6603717"/>
 <node id="4638921566" visible="true" version="1" changeset="45580333" timestamp="2017-01-28T02:32:13Z" user="StarDustJH" uid="5211386" lat="37.4451687" lon="126.6585607"/>
 <node id="4638925351" visible="true" version="1" changeset="45580380" timestamp="2017-01-28T02:36:53Z" user="StarDustJH" uid="5211386" lat="37.4459410" lon="126.6568320"/>
 <node id="4638934519" visible="true" version="1" changeset="45580453" timestamp="2017-01-28T02:42:58Z" user="StarDustJH" uid="5211386" lat="37.4458000" lon="126.6571841"/>
 <node id="4638934521" visible="true" version="1" changeset="45580453" timestamp="2017-01-28T02:42:58Z" user="StarDustJH" uid="5211386" lat="37.4457489" lon="126.6571060">
  <tag k="amenity" v="place_of_worship"/>
  <tag k="name" v="반석교회"/>
 </node>
 <node id="4638939008" visible="true" version="1" changeset="45580518" timestamp="2017-01-28T02:47:49Z" user="StarDustJH" uid="5211386" lat="37.4455101" lon="126.6576396">
  <tag k="name" v="장미슈퍼"/>
  <tag k="shop" v="supermarket"/>
 </node>
 <node id="4638940121" visible="true" version="2" changeset="174027306" timestamp="2025-10-31T15:53:09Z" user="Wolframite74" uid="20102979" lat="37.4451013" lon="126.6567491">
  <tag k="amenity" v="kindergarten"/>
  <tag k="education" v="kindergarten"/>
  <tag k="name" v="인하어린이집"/>
 </node>
 <node id="4638942940" visible="true" version="5" changeset="164283310" timestamp="2025-03-30T11:32:51Z" user="Wolframite74" uid="20102979" lat="37.4456194" lon="126.6562474">
  <tag k="bus" v="yes"/>
  <tag k="highway" v="bus_stop"/>
  <tag k="name" v="장미아파트19동앞 정류장;장미아파트정류장"/>
  <tag k="network" v="인천광역시 시내버스"/>
  <tag k="network:ko" v="인천광역시 시내버스"/>
  <tag k="network:wikidata" v="Q12613485"/>
  <tag k="public_transport" v="platform"/>
 </node>
 <node id="4638943279" visible="true" version="4" changeset="164283310" timestamp="2025-03-30T11:32:51Z" user="Wolframite74" uid="20102979" lat="37.4456250" lon="126.6575324">
  <tag k="bus" v="yes"/>
  <tag k="highway" v="bus_stop"/>
  <tag k="name" v="장미아파트정류장"/>
  <tag k="network" v="인천광역시 시내버스"/>
  <tag k="network:ko" v="인천광역시 시내버스"/>
  <tag k="network:wikidata" v="Q12613485"/>
  <tag k="public_transport" v="platform"/>
 </node>
 <node id="4639098808" visible="true" version="1" changeset="45582484" timestamp="2017-01-28T04:57:30Z" user="hellomango" uid="5211998" lat="37.4537506" lon="126.6573752"/>
 <node id="4646841996" visible="true" version="1" changeset="45678695" timestamp="2017-01-31T08:58:27Z" user="pehrelax" uid="3805548" lat="37.4459440" lon="126.6567028"/>
 <node id="4646841997" visible="true" version="1" changeset="45678695" timestamp="2017-01-31T08:58:27Z" user="pehrelax" uid="3805548" lat="37.4459281" lon="126.6567552"/>
 <node id="4646841998" visible="true" version="1" changeset="45678695" timestamp="2017-01-31T08:58:27Z" user="pehrelax" uid="3805548" lat="37.4458865" lon="126.6567182"/>
 <node id="4646841999" visible="true" version="1" changeset="45678695" timestamp="2017-01-31T08:58:27Z" user="pehrelax" uid="3805548" lat="37.4459146" lon="126.6566366"/>
 <node id="4656648633" visible="true" version="2" changeset="45750137" timestamp="2017-02-02T15:24:51Z" user="pehrelax" uid="3805548" lat="37.4516215" lon="126.6463806"/>
 <node id="4656657827" visible="true" version="1" changeset="45750137" timestamp="2017-02-02T15:24:50Z" user="pehrelax" uid="3805548" lat="37.4471815" lon="126.6493598"/>
 <node id="4656657828" visible="true" version="1" changeset="45750137" timestamp="2017-02-02T15:24:50Z" user="pehrelax" uid="3805548" lat="37.4458646" lon="126.6431803"/>
 <node id="4656657836" visible="true" version="2" changeset="65289484" timestamp="2018-12-08T10:42:21Z" user="Yoonsoohwa" uid="9209175" lat="37.4497640" lon="126.6429855"/>
 <node id="4656657837" visible="true" version="1" changeset="45750137" timestamp="2017-02-02T15:24:51Z" user="pehrelax" uid="3805548" lat="37.4508428" lon="126.6435383"/>
 <node id="4656657838" visible="true" version="1" changeset="45750137" timestamp="2017-02-02T15:24:51Z" user="pehrelax" uid="3805548" lat="37.4518584" lon="126.6442015"/>
 <node id="4656657839" visible="true" version="1" changeset="45750137" timestamp="2017-02-02T15:24:51Z" user="pehrelax" uid="3805548" lat="37.4527477" lon="126.6448165"/>
 <node id="4656657840" visible="true" version="1" changeset="45750137" timestamp="2017-02-02T15:24:51Z" user="pehrelax" uid="3805548" lat="37.4491540" lon="126.6488441"/>
 <node id="4656657841" visible="true" version="1" changeset="45750137" timestamp="2017-02-02T15:24:51Z" user="pehrelax" uid="3805548" lat="37.4521846" lon="126.6456663"/>
 <node id="4656657842" visible="true" version="1" changeset="45750137" timestamp="2017-02-02T15:24:51Z" user="pehrelax" uid="3805548" lat="37.4524380" lon="126.6455670"/>
 <node id="4656657843" visible="true" version="1" changeset="45750137" timestamp="2017-02-02T15:24:51Z" user="pehrelax" uid="3805548" lat="37.4522996" lon="126.6455558"/>
 <node id="4658502132" visible="true" version="1" changeset="45767560" timestamp="2017-02-03T04:59:42Z" user="pehrelax" uid="3805548" lat="37.4466096" lon="126.6466761"/>
 <node id="4658502133" visible="true" version="2" changeset="142487675" timestamp="2023-10-12T16:20:24Z" user="aaei924" uid="10626814" lat="37.4478390" lon="126.6462769"/>
 <node id="4666556970" visible="true" version="4" changeset="126737957" timestamp="2022-09-28T12:07:26Z" user="oldman Jang" uid="17260371" lat="37.4495766" lon="126.6497967"/>
 <node id="4666556971" visible="true" version="5" changeset="126737957" timestamp="2022-09-28T12:07:26Z" user="oldman Jang" uid="17260371" lat="37.4509487" lon="126.6490067"/>
 <node id="4666556972" visible="true" version="5" changeset="126737957" timestamp="2022-09-28T12:07:26Z" user="oldman Jang" uid="17260371" lat="37.4514003" lon="126.6497810"/>
 <node id="4666556974" visible="true" version="3" changeset="126737957" timestamp="2022-09-28T12:07:26Z" user="oldman Jang" uid="17260371" lat="37.4517726" lon="126.6505999"/>
 <node id="4666556976" visible="true" version="2" changeset="126737957" timestamp="2022-09-28T12:07:26Z" user="oldman Jang" uid="17260371" lat="37.4520720" lon="126.6525693"/>
 <node id="4666556977" visible="true" version="2" changeset="126737957" timestamp="2022-09-28T12:07:26Z" user="oldman Jang" uid="17260371" lat="37.4521371" lon="126.6528855"/>
 <node id="4666556978" visible="true" version="2" changeset="126737957" timestamp="2022-09-28T12:07:26Z" user="oldman Jang" uid="17260371" lat="37.4516675" lon="126.6544021"/>
 <node id="4666556979" visible="true" version="4" changeset="126730009" timestamp="2022-09-28T08:55:58Z" user="oldman Jang" uid="17260371" lat="37.4507776" lon="126.6578465"/>
 <node id="4666556992" visible="true" version="2" changeset="57051379" timestamp="2018-03-10T06:59:32Z" user="pehrelax" uid="3805548" lat="37.4466845" lon="126.6553859"/>
 <node id="4666557001" visible="true" version="2" changeset="57051379" timestamp="2018-03-10T06:59:32Z" user="pehrelax" uid="3805548" lat="37.4492734" lon="126.6569217"/>
 <node id="4703015310" visible="true" version="2" changeset="142490312" timestamp="2023-10-12T17:27:08Z" user="aaei924" uid="10626814" lat="37.4437652" lon="126.6551100">
  <tag k="junction" v="yes"/>
  <tag k="name" v="남부서사거리"/>
  <tag k="name:en" v="Nambuseo crossroad"/>
 </node>
 <node id="4741759433" visible="true" version="1" changeset="46961468" timestamp="2017-03-18T17:04:13Z" user="7684F217EA19BA8FA19C3D74" uid="5222005" lat="37.4475546" lon="126.6531798"/>
 <node id="4741759434" visible="true" version="1" changeset="46961468" timestamp="2017-03-18T17:04:13Z" user="7684F217EA19BA8FA19C3D74" uid="5222005" lat="37.4477196" lon="126.6532817"/>
 <node id="4741759435" visible="true" version="1" changeset="46961468" timestamp="2017-03-18T17:04:13Z" user="7684F217EA19BA8FA19C3D74" uid="5222005" lat="37.4477430" lon="126.6535204"/>
 <node id="4741759436" visible="true" version="2" changeset="126731102" timestamp="2022-09-28T09:22:47Z" user="oldman Jang" uid="17260371" lat="37.4477788" lon="126.6544898"/>
 <node id="4741759437" visible="true" version="2" changeset="126731102" timestamp="2022-09-28T09:22:47Z" user="oldman Jang" uid="17260371" lat="37.4478088" lon="126.6545433"/>
 <node id="4741759438" visible="true" version="3" changeset="126731102" timestamp="2022-09-28T09:22:47Z" user="oldman Jang" uid="17260371" lat="37.4480616" lon="126.6546858"/>
 <node id="4741759439" visible="true" version="2" changeset="126731102" timestamp="2022-09-28T09:22:47Z" user="oldman Jang" uid="17260371" lat="37.4492969" lon="126.6555442"/>
 <node id="4741759440" visible="true" version="1" changeset="46961468" timestamp="2017-03-18T17:04:13Z" user="7684F217EA19BA8FA19C3D74" uid="5222005" lat="37.4484186" lon="126.6538798"/>
 <node id="4741759441" visible="true" version="1" changeset="46961468" timestamp="2017-03-18T17:04:13Z" user="7684F217EA19BA8FA19C3D74" uid="5222005" lat="37.4472182" lon="126.6553790"/>
 <node id="4741759442" visible="true" version="3" changeset="126729666" timestamp="2022-09-28T08:48:36Z" user="oldman Jang" uid="17260371" lat="37.4474328" lon="126.6547292"/>
 <node id="4741759443" visible="true" version="2" changeset="126729666" timestamp="2022-09-28T08:48:36Z" user="oldman Jang" uid="17260371" lat="37.4472949" lon="126.6546486"/>
 <node id="4741759444" visible="true" version="1" changeset="46961468" timestamp="2017-03-18T17:04:13Z" user="7684F217EA19BA8FA19C3D74" uid="5222005" lat="37.4491737" lon="126.6558984"/>
 <node id="4741759445" visible="true" version="2" changeset="126737957" timestamp="2022-09-28T12:07:26Z" user="oldman Jang" uid="17260371" lat="37.4513896" lon="126.6502519"/>
 <node id="4741759446" visible="true" version="3" changeset="126737957" timestamp="2022-09-28T12:07:26Z" user="oldman Jang" uid="17260371" lat="37.4501295" lon="126.6535430"/>
 <node id="4741759447" visible="true" version="3" changeset="126737957" timestamp="2022-09-28T12:07:26Z" user="oldman Jang" uid="17260371" lat="37.4500696" lon="126.6536596"/>
 <node id="4741759448" visible="true" version="2" changeset="108754512" timestamp="2021-07-28T11:35:02Z" user="Wudang" uid="10888633" lat="37.4490593" lon="126.6562233"/>
 <node id="4741759449" visible="true" version="1" changeset="46961468" timestamp="2017-03-18T17:04:13Z" user="7684F217EA19BA8FA19C3D74" uid="5222005" lat="37.4501252" lon="126.6564605"/>
 <node id="4741759450" visible="true" version="1" changeset="46961468" timestamp="2017-03-18T17:04:13Z" user="7684F217EA19BA8FA19C3D74" uid="5222005" lat="37.4510135" lon="126.6564949"/>
 <node id="4741759451" visible="true" version="2" changeset="126731102" timestamp="2022-09-28T09:22:47Z" user="oldman Jang" uid="17260371" lat="37.4493495" lon="126.6554416"/>
 <node id="4741759452" visible="true" version="2" changeset="126731102" timestamp="2022-09-28T09:22:47Z" user="oldman Jang" uid="17260371" lat="37.4494074" lon="126.6554100"/>
 <node id="4741759453" visible="true" version="1" changeset="46961468" timestamp="2017-03-18T17:04:13Z" user="7684F217EA19BA8FA19C3D74" uid="5222005" lat="37.4496945" lon="126.6554400"/>
 <node id="4741759454" visible="true" version="1" changeset="46961468" timestamp="2017-03-18T17:04:13Z" user="7684F217EA19BA8FA19C3D74" uid="5222005" lat="37.4511325" lon="126.6541975"/>
 <node id="4741759455" visible="true" version="3" changeset="126737957" timestamp="2022-09-28T12:07:26Z" user="oldman Jang" uid="17260371" lat="37.4504638" lon="126.6537715"/>
 <node id="4741759457" visible="true" version="1" changeset="46961468" timestamp="2017-03-18T17:04:13Z" user="7684F217EA19BA8FA19C3D74" uid="5222005" lat="37.4503348" lon="126.6540932"/>
 <node id="4741759458" visible="true" version="2" changeset="108754512" timestamp="2021-07-28T11:35:02Z" user="Wudang" uid="10888633" lat="37.4508684" lon="126.6545710"/>
 <node id="4741759459" visible="true" version="2" changeset="108754512" timestamp="2021-07-28T11:35:02Z" user="Wudang" uid="10888633" lat="37.4507460" lon="126.6549285"/>
 <node id="4741759460" visible="true" version="5" changeset="126729666" timestamp="2022-09-28T08:48:36Z" user="oldman Jang" uid="17260371" lat="37.4506979" lon="126.6551299"/>
 <node id="4741759462" visible="true" version="3" changeset="108754512" timestamp="2021-07-28T11:35:02Z" user="Wudang" uid="10888633" lat="37.4506885" lon="126.6553011"/>
 <node id="4741759463" visible="true" version="4" changeset="126729666" timestamp="2022-09-28T08:48:36Z" user="oldman Jang" uid="17260371" lat="37.4507036" lon="126.6553605"/>
 <node id="4741759466" visible="true" version="1" changeset="46961468" timestamp="2017-03-18T17:04:13Z" user="7684F217EA19BA8FA19C3D74" uid="5222005" lat="37.4507605" lon="126.6548597"/>
 <node id="4741759474" visible="true" version="2" changeset="84211601" timestamp="2020-04-27T16:57:41Z" user="biuret" uid="11091395" lat="37.4502904" lon="126.6549429"/>
 <node id="4741759475" visible="true" version="2" changeset="47012114" timestamp="2017-03-20T13:01:14Z" user="7684F217EA19BA8FA19C3D74" uid="5222005" lat="37.4515687" lon="126.6542366"/>
 <node id="4741759478" visible="true" version="1" changeset="46961468" timestamp="2017-03-18T17:04:13Z" user="7684F217EA19BA8FA19C3D74" uid="5222005" lat="37.4508581" lon="126.6516590"/>
 <node id="4741759479" visible="true" version="1" changeset="46961468" timestamp="2017-03-18T17:04:13Z" user="7684F217EA19BA8FA19C3D74" uid="5222005" lat="37.4510626" lon="126.6518116"/>
 <node id="4741759480" visible="true" version="2" changeset="126731102" timestamp="2022-09-28T09:22:47Z" user="oldman Jang" uid="17260371" lat="37.4503831" lon="126.6534567"/>
 <node id="4741759481" visible="true" version="1" changeset="46961468" timestamp="2017-03-18T17:04:14Z" user="7684F217EA19BA8FA19C3D74" uid="5222005" lat="37.4505575" lon="126.6530014"/>
 <node id="4741759482" visible="true" version="1" changeset="46961468" timestamp="2017-03-18T17:04:14Z" user="7684F217EA19BA8FA19C3D74" uid="5222005" lat="37.4503783" lon="126.6528736"/>
 <node id="4741759483" visible="true" version="1" changeset="46961468" timestamp="2017-03-18T17:04:14Z" user="7684F217EA19BA8FA19C3D74" uid="5222005" lat="37.4505968" lon="126.6523204"/>
 <node id="4741759484" visible="true" version="1" changeset="46961468" timestamp="2017-03-18T17:04:14Z" user="7684F217EA19BA8FA19C3D74" uid="5222005" lat="37.4506941" lon="126.6523828"/>
 <node id="4741759485" visible="true" version="1" changeset="46961468" timestamp="2017-03-18T17:04:14Z" user="7684F217EA19BA8FA19C3D74" uid="5222005" lat="37.4507296" lon="126.6524914"/>
 <node id="4741759486" visible="true" version="1" changeset="46961468" timestamp="2017-03-18T17:04:14Z" user="7684F217EA19BA8FA19C3D74" uid="5222005" lat="37.4507396" lon="126.6525725"/>
 <node id="4741759487" visible="true" version="1" changeset="46961468" timestamp="2017-03-18T17:04:14Z" user="7684F217EA19BA8FA19C3D74" uid="5222005" lat="37.4508374" lon="126.6523421"/>
 <node id="4741759488" visible="true" version="1" changeset="46961468" timestamp="2017-03-18T17:04:14Z" user="7684F217EA19BA8FA19C3D74" uid="5222005" lat="37.4507871" lon="126.6523700"/>
 <node id="4741759489" visible="true" version="1" changeset="46961468" timestamp="2017-03-18T17:04:14Z" user="7684F217EA19BA8FA19C3D74" uid="5222005" lat="37.4507245" lon="126.6523828"/>
 <node id="4741759490" visible="true" version="1" changeset="46961468" timestamp="2017-03-18T17:04:14Z" user="7684F217EA19BA8FA19C3D74" uid="5222005" lat="37.4504220" lon="126.6527628"/>
 <node id="4741759491" visible="true" version="2" changeset="108730416" timestamp="2021-07-28T07:04:13Z" user="Wudang" uid="10888633" lat="37.4488071" lon="126.6515963"/>
 <node id="4741759492" visible="true" version="2" changeset="108730416" timestamp="2021-07-28T07:04:13Z" user="Wudang" uid="10888633" lat="37.4489698" lon="126.6512514"/>
 <node id="4741759493" visible="true" version="2" changeset="126730009" timestamp="2022-09-28T08:55:58Z" user="oldman Jang" uid="17260371" lat="37.4482803" lon="126.6527431"/>
 <node id="4741759495" visible="true" version="2" changeset="126737957" timestamp="2022-09-28T12:07:26Z" user="oldman Jang" uid="17260371" lat="37.4477904" lon="126.6531223"/>
 <node id="4741759496" visible="true" version="2" changeset="126737957" timestamp="2022-09-28T12:07:26Z" user="oldman Jang" uid="17260371" lat="37.4476498" lon="126.6529862"/>
 <node id="4741759497" visible="true" version="2" changeset="142487675" timestamp="2023-10-12T16:20:24Z" user="aaei924" uid="10626814" lat="37.4475486" lon="126.6527163"/>
 <node id="4741759498" visible="true" version="2" changeset="126737957" timestamp="2022-09-28T12:07:26Z" user="oldman Jang" uid="17260371" lat="37.4500791" lon="126.6536329"/>
 <node id="4741759499" visible="true" version="1" changeset="46961468" timestamp="2017-03-18T17:04:14Z" user="7684F217EA19BA8FA19C3D74" uid="5222005" lat="37.4495668" lon="126.6532897"/>
 <node id="4741759500" visible="true" version="2" changeset="126737957" timestamp="2022-09-28T12:07:26Z" user="oldman Jang" uid="17260371" lat="37.4488638" lon="126.6528056"/>
 <node id="4741759501" visible="true" version="2" changeset="126730009" timestamp="2022-09-28T08:55:58Z" user="oldman Jang" uid="17260371" lat="37.4486051" lon="126.6526098"/>
 <node id="4741759502" visible="true" version="2" changeset="126730009" timestamp="2022-09-28T08:55:58Z" user="oldman Jang" uid="17260371" lat="37.4483478" lon="126.6526884"/>
 <node id="4741759503" visible="true" version="3" changeset="126730009" timestamp="2022-09-28T08:55:58Z" user="oldman Jang" uid="17260371" lat="37.4484321" lon="126.6524029"/>
 <node id="4741759505" visible="true" version="2" changeset="126737957" timestamp="2022-09-28T12:07:26Z" user="oldman Jang" uid="17260371" lat="37.4485071" lon="126.6535990"/>
 <node id="4741759506" visible="true" version="1" changeset="46961468" timestamp="2017-03-18T17:04:14Z" user="7684F217EA19BA8FA19C3D74" uid="5222005" lat="37.4495876" lon="126.6533032"/>
 <node id="4741759507" visible="true" version="3" changeset="126737957" timestamp="2022-09-28T12:07:26Z" user="oldman Jang" uid="17260371" lat="37.4487903" lon="126.6552095"/>
 <node id="4741759508" visible="true" version="2" changeset="126737957" timestamp="2022-09-28T12:07:26Z" user="oldman Jang" uid="17260371" lat="37.4487502" lon="126.6551815"/>
 <node id="4741759509" visible="true" version="1" changeset="46961468" timestamp="2017-03-18T17:04:14Z" user="7684F217EA19BA8FA19C3D74" uid="5222005" lat="37.4499825" lon="126.6548005"/>
 <node id="4741759510" visible="true" version="2" changeset="108730416" timestamp="2021-07-28T07:04:13Z" user="Wudang" uid="10888633" lat="37.4499134" lon="126.6547443"/>
 <node id="4741759511" visible="true" version="3" changeset="126737957" timestamp="2022-09-28T12:07:26Z" user="oldman Jang" uid="17260371" lat="37.4497409" lon="126.6545112"/>
 <node id="4741759512" visible="true" version="3" changeset="126737957" timestamp="2022-09-28T12:07:26Z" user="oldman Jang" uid="17260371" lat="37.4496452" lon="126.6547295"/>
 <node id="4741759513" visible="true" version="1" changeset="46961468" timestamp="2017-03-18T17:04:14Z" user="7684F217EA19BA8FA19C3D74" uid="5222005" lat="37.4507178" lon="126.6568015"/>
 <node id="4741759514" visible="true" version="1" changeset="46961468" timestamp="2017-03-18T17:04:14Z" user="7684F217EA19BA8FA19C3D74" uid="5222005" lat="37.4502257" lon="126.6565183"/>
 <node id="4741759520" visible="true" version="1" changeset="46961468" timestamp="2017-03-18T17:04:14Z" user="7684F217EA19BA8FA19C3D74" uid="5222005" lat="37.4510133" lon="126.6568052"/>
 <node id="4741759621" visible="true" version="2" changeset="103952854" timestamp="2021-05-01T11:37:56Z" user="pehrelax" uid="3805548" lat="37.4508863" lon="126.6579184"/>
 <node id="4741759622" visible="true" version="1" changeset="46961468" timestamp="2017-03-18T17:04:14Z" user="7684F217EA19BA8FA19C3D74" uid="5222005" lat="37.4486940" lon="126.6591346"/>
 <node id="4741759623" visible="true" version="2" changeset="108754512" timestamp="2021-07-28T11:35:02Z" user="Wudang" uid="10888633" lat="37.4489604" lon="126.6591016"/>
 <node id="4741759624" visible="true" version="1" changeset="46961468" timestamp="2017-03-18T17:04:14Z" user="7684F217EA19BA8FA19C3D74" uid="5222005" lat="37.4490641" lon="126.6588174"/>
 <node id="4741759625" visible="true" version="2" changeset="108754512" timestamp="2021-07-28T11:35:02Z" user="Wudang" uid="10888633" lat="37.4491310" lon="126.6586556"/>
 <node id="4741759626" visible="true" version="1" changeset="46961468" timestamp="2017-03-18T17:04:14Z" user="7684F217EA19BA8FA19C3D74" uid="5222005" lat="37.4491435" lon="126.6584768"/>
 <node id="4741759627" visible="true" version="1" changeset="46961468" timestamp="2017-03-18T17:04:14Z" user="7684F217EA19BA8FA19C3D74" uid="5222005" lat="37.4494350" lon="126.6578454"/>
 <node id="4741759628" visible="true" version="2" changeset="108754512" timestamp="2021-07-28T11:35:02Z" user="Wudang" uid="10888633" lat="37.4497374" lon="126.6572392"/>
 <node id="4741759631" visible="true" version="1" changeset="46961468" timestamp="2017-03-18T17:04:14Z" user="7684F217EA19BA8FA19C3D74" uid="5222005" lat="37.4484913" lon="126.6592751"/>
 <node id="4741759632" visible="true" version="1" changeset="46961468" timestamp="2017-03-18T17:04:14Z" user="7684F217EA19BA8FA19C3D74" uid="5222005" lat="37.4486496" lon="126.6590892"/>
 <node id="4741759633" visible="true" version="1" changeset="46961468" timestamp="2017-03-18T17:04:14Z" user="7684F217EA19BA8FA19C3D74" uid="5222005" lat="37.4488374" lon="126.6589540"/>
 <node id="4741759634" visible="true" version="1" changeset="46961468" timestamp="2017-03-18T17:04:14Z" user="7684F217EA19BA8FA19C3D74" uid="5222005" lat="37.4485383" lon="126.6587361"/>
 <node id="4741759635" visible="true" version="1" changeset="46961468" timestamp="2017-03-18T17:04:14Z" user="7684F217EA19BA8FA19C3D74" uid="5222005" lat="37.4482230" lon="126.6594305"/>
 <node id="4741759636" visible="true" version="1" changeset="46961468" timestamp="2017-03-18T17:04:14Z" user="7684F217EA19BA8FA19C3D74" uid="5222005" lat="37.4480929" lon="126.6593579"/>
 <node id="4741759637" visible="true" version="1" changeset="46961468" timestamp="2017-03-18T17:04:14Z" user="7684F217EA19BA8FA19C3D74" uid="5222005" lat="37.4480151" lon="126.6595234"/>
 <node id="4741759638" visible="true" version="1" changeset="46961468" timestamp="2017-03-18T17:04:14Z" user="7684F217EA19BA8FA19C3D74" uid="5222005" lat="37.4482686" lon="126.6596907"/>
 <node id="4741759639" visible="true" version="1" changeset="46961468" timestamp="2017-03-18T17:04:14Z" user="7684F217EA19BA8FA19C3D74" uid="5222005" lat="37.4482995" lon="126.6596383"/>
 <node id="4741759640" visible="true" version="1" changeset="46961468" timestamp="2017-03-18T17:04:14Z" user="7684F217EA19BA8FA19C3D74" uid="5222005" lat="37.4483947" lon="126.6594288"/>
 <node id="4741759641" visible="true" version="1" changeset="46961468" timestamp="2017-03-18T17:04:14Z" user="7684F217EA19BA8FA19C3D74" uid="5222005" lat="37.4484336" lon="126.6594035"/>
 <node id="4741759642" visible="true" version="1" changeset="46961468" timestamp="2017-03-18T17:04:14Z" user="7684F217EA19BA8FA19C3D74" uid="5222005" lat="37.4487167" lon="126.6591078"/>
 <node id="4741759643" visible="true" version="1" changeset="46961468" timestamp="2017-03-18T17:04:14Z" user="7684F217EA19BA8FA19C3D74" uid="5222005" lat="37.4488683" lon="126.6590858"/>
 <node id="4741759648" visible="true" version="1" changeset="46961468" timestamp="2017-03-18T17:04:14Z" user="7684F217EA19BA8FA19C3D74" uid="5222005" lat="37.4502816" lon="126.6576167"/>
 <node id="4741759649" visible="true" version="2" changeset="108754512" timestamp="2021-07-28T11:35:02Z" user="Wudang" uid="10888633" lat="37.4494106" lon="126.6569716"/>
 <node id="4741759650" visible="true" version="1" changeset="46961468" timestamp="2017-03-18T17:04:15Z" user="7684F217EA19BA8FA19C3D74" uid="5222005" lat="37.4491296" lon="126.6567423"/>
 <node id="4741759651" visible="true" version="1" changeset="46961468" timestamp="2017-03-18T17:04:15Z" user="7684F217EA19BA8FA19C3D74" uid="5222005" lat="37.4489209" lon="126.6565626"/>
 <node id="4741759653" visible="true" version="1" changeset="46961468" timestamp="2017-03-18T17:04:15Z" user="7684F217EA19BA8FA19C3D74" uid="5222005" lat="37.4485227" lon="126.6574799"/>
 <node id="4741759654" visible="true" version="1" changeset="46961468" timestamp="2017-03-18T17:04:15Z" user="7684F217EA19BA8FA19C3D74" uid="5222005" lat="37.4478988" lon="126.6589900"/>
 <node id="4741759655" visible="true" version="1" changeset="46961468" timestamp="2017-03-18T17:04:15Z" user="7684F217EA19BA8FA19C3D74" uid="5222005" lat="37.4483200" lon="126.6579704"/>
 <node id="4741759656" visible="true" version="1" changeset="46961468" timestamp="2017-03-18T17:04:15Z" user="7684F217EA19BA8FA19C3D74" uid="5222005" lat="37.4482416" lon="126.6578071"/>
 <node id="4741759657" visible="true" version="1" changeset="46961468" timestamp="2017-03-18T17:04:15Z" user="7684F217EA19BA8FA19C3D74" uid="5222005" lat="37.4461392" lon="126.6563369"/>
 <node id="4741759658" visible="true" version="1" changeset="46961468" timestamp="2017-03-18T17:04:15Z" user="7684F217EA19BA8FA19C3D74" uid="5222005" lat="37.4484546" lon="126.6576446"/>
 <node id="4741759659" visible="true" version="1" changeset="46961468" timestamp="2017-03-18T17:04:15Z" user="7684F217EA19BA8FA19C3D74" uid="5222005" lat="37.4482991" lon="126.6576784"/>
 <node id="4741759660" visible="true" version="1" changeset="46961468" timestamp="2017-03-18T17:04:15Z" user="7684F217EA19BA8FA19C3D74" uid="5222005" lat="37.4481435" lon="126.6576524"/>
 <node id="4741793208" visible="true" version="1" changeset="46962018" timestamp="2017-03-18T17:29:47Z" user="7684F217EA19BA8FA19C3D74" uid="5222005" lat="37.4477024" lon="126.6531848">
  <tag k="amenity" v="university"/>
  <tag k="name" v="인하대학교 정문"/>
 </node>
 <node id="4741793209" visible="true" version="3" changeset="108754512" timestamp="2021-07-28T11:35:02Z" user="Wudang" uid="10888633" lat="37.4511471" lon="126.6564271">
  <tag k="barrier" v="entrance"/>
  <tag k="name" v="인하대학교 후문"/>
 </node>
 <node id="4741793210" visible="true" version="1" changeset="46962018" timestamp="2017-03-18T17:29:47Z" user="7684F217EA19BA8FA19C3D74" uid="5222005" lat="37.4516913" lon="126.6546437">
  <tag k="amenity" v="university"/>
  <tag k="name" v="인하대학교 후문쪽문"/>
 </node>
 <node id="4741793211" visible="true" version="2" changeset="173982571" timestamp="2025-10-30T15:32:54Z" user="Wolframite74" uid="20102979" lat="37.4508181" lon="126.6578926">
  <tag k="amenity" v="university"/>
  <tag k="education" v="university"/>
  <tag k="name" v="인하대학교 하이테크쪽문"/>
 </node>
 <node id="4741793213" visible="true" version="6" changeset="175889085" timestamp="2025-12-13T15:58:16Z" user="aaei924" uid="10626814" lat="37.4478074" lon="126.6502630">
  <tag k="description" v="인하대역 7번출구"/>
  <tag k="description:ja" v="仁荷大駅 7番出口"/>
  <tag k="description:ko" v="인하대역 7번출구"/>
  <tag k="railway" v="subway_entrance"/>
  <tag k="ref" v="7"/>
  <tag k="wheelchair" v="no"/>
 </node>
 <node id="4741793214" visible="true" version="2" changeset="62650551" timestamp="2018-09-17T03:12:04Z" user="Q8ba2di0Pa" uid="2945135" lat="37.4444589" lon="126.6504605"/>
 <node id="4741793215" visible="true" version="2" changeset="62650551" timestamp="2018-09-17T03:12:04Z" user="Q8ba2di0Pa" uid="2945135" lat="37.4490102" lon="126.6494246"/>
 <node id="4741793219" visible="true" version="2" changeset="142487675" timestamp="2023-10-12T16:20:24Z" user="aaei924" uid="10626814" lat="37.4475882" lon="126.6501251"/>
 <node id="4741793359" visible="true" version="5" changeset="175889085" timestamp="2025-12-13T15:58:16Z" user="aaei924" uid="10626814" lat="37.4475977" lon="126.6496632">
  <tag k="description" v="인하대역 1번출구"/>
  <tag k="description:ja" v="仁荷大駅 1番出口"/>
  <tag k="description:ko" v="인하대역 1번출구"/>
  <tag k="railway" v="subway_entrance"/>
  <tag k="ref" v="1"/>
 </node>
 <node id="4741793360" visible="true" version="5" changeset="175889085" timestamp="2025-12-13T15:58:16Z" user="aaei924" uid="10626814" lat="37.4483060" lon="126.6494097">
  <tag k="description" v="인하대역 2번출구"/>
  <tag k="description:ja" v="仁荷大駅 2番出口"/>
  <tag k="description:ko" v="인하대역 2번출구"/>
  <tag k="railway" v="subway_entrance"/>
  <tag k="ref" v="2"/>
 </node>
 <node id="4741793361" visible="true" version="5" changeset="175889085" timestamp="2025-12-13T15:58:16Z" user="aaei924" uid="10626814" lat="37.4487299" lon="126.6490718">
  <tag k="description" v="인하대역 3번출구"/>
  <tag k="description:ja" v="仁荷大駅 3番出口"/>
  <tag k="description:ko" v="인하대역 3번출구"/>
  <tag k="railway" v="subway_entrance"/>
  <tag k="ref" v="3"/>
 </node>
 <node id="4741793362" visible="true" version="6" changeset="175889085" timestamp="2025-12-13T15:58:16Z" user="aaei924" uid="10626814" lat="37.4490116" lon="126.6500924">
  <tag k="description" v="인하대역 4번출구"/>
  <tag k="description:ja" v="仁荷大駅 4番出口"/>
  <tag k="description:ko" v="인하대역 4번출구"/>
  <tag k="railway" v="subway_entrance"/>
  <tag k="ref" v="4"/>
  <tag k="wheelchair" v="no"/>
 </node>
 <node id="4741793363" visible="true" version="6" changeset="175889085" timestamp="2025-12-13T15:58:16Z" user="aaei924" uid="10626814" lat="37.4487264" lon="126.6504634">
  <tag k="description" v="인하대역 5번출구"/>
  <tag k="description:ja" v="仁荷大駅 5番出口"/>
  <tag k="description:ko" v="인하대역 5번출구"/>
  <tag k="railway" v="subway_entrance"/>
  <tag k="ref" v="5"/>
  <tag k="wheelchair" v="no"/>
 </node>
 <node id="4741793364" visible="true" version="6" changeset="175889085" timestamp="2025-12-13T15:58:16Z" user="aaei924" uid="10626814" lat="37.4482704" lon="126.6505383">
  <tag k="description" v="인하대역 6번출구"/>
  <tag k="description:ja" v="仁荷大駅 6番出口"/>
  <tag k="description:ko" v="인하대역 6번출구"/>
  <tag k="railway" v="subway_entrance"/>
  <tag k="ref" v="6"/>
  <tag k="wheelchair" v="no"/>
 </node>
 <node id="4741797750" visible="true" version="4" changeset="126737957" timestamp="2022-09-28T12:07:26Z" user="oldman Jang" uid="17260371" lat="37.4517312" lon="126.6495914"/>
 <node id="4741797751" visible="true" version="3" changeset="126737957" timestamp="2022-09-28T12:07:26Z" user="oldman Jang" uid="17260371" lat="37.4517500" lon="126.6501326"/>
 <node id="4741797753" visible="true" version="2" changeset="126730009" timestamp="2022-09-28T08:55:58Z" user="oldman Jang" uid="17260371" lat="37.4487565" lon="126.6505271"/>
 <node id="4741797754" visible="true" version="3" changeset="126737957" timestamp="2022-09-28T12:07:26Z" user="oldman Jang" uid="17260371" lat="37.4490350" lon="126.6500060"/>
 <node id="4958020822" visible="true" version="1" changeset="50125552" timestamp="2017-07-08T06:59:54Z" user="pehrelax" uid="3805548" lat="37.4430637" lon="126.6573816"/>
 <node id="4958020823" visible="true" version="1" changeset="50125552" timestamp="2017-07-08T06:59:54Z" user="pehrelax" uid="3805548" lat="37.4424111" lon="126.6590068"/>
 <node id="4958020824" visible="true" version="1" changeset="50125552" timestamp="2017-07-08T06:59:54Z" user="pehrelax" uid="3805548" lat="37.4444133" lon="126.6602583"/>
 <node id="4958020825" visible="true" version="1" changeset="50125552" timestamp="2017-07-08T06:59:54Z" user="pehrelax" uid="3805548" lat="37.4450733" lon="126.6586565"/>
 <node id="4958020850" visible="true" version="1" changeset="50125552" timestamp="2017-07-08T06:59:54Z" user="pehrelax" uid="3805548" lat="37.4449277" lon="126.6569215"/>
 <node id="4958020851" visible="true" version="1" changeset="50125552" timestamp="2017-07-08T06:59:54Z" user="pehrelax" uid="3805548" lat="37.4445657" lon="126.6578519"/>
 <node id="4958020852" visible="true" version="1" changeset="50125552" timestamp="2017-07-08T06:59:54Z" user="pehrelax" uid="3805548" lat="37.4446685" lon="126.6579197"/>
 <node id="4958020853" visible="true" version="1" changeset="50125552" timestamp="2017-07-08T06:59:54Z" user="pehrelax" uid="3805548" lat="37.4450354" lon="126.6569954"/>
 <node id="4958020854" visible="true" version="1" changeset="50125552" timestamp="2017-07-08T06:59:54Z" user="pehrelax" uid="3805548" lat="37.4451332" lon="126.6570447"/>
 <node id="4958020855" visible="true" version="1" changeset="50125552" timestamp="2017-07-08T06:59:54Z" user="pehrelax" uid="3805548" lat="37.4448593" lon="126.6577657"/>
 <node id="4958020856" visible="true" version="1" changeset="50125552" timestamp="2017-07-08T06:59:54Z" user="pehrelax" uid="3805548" lat="37.4449473" lon="126.6578150"/>
 <node id="4958020857" visible="true" version="1" changeset="50125552" timestamp="2017-07-08T06:59:54Z" user="pehrelax" uid="3805548" lat="37.4452262" lon="126.6570940"/>
 <node id="4958020858" visible="true" version="1" changeset="50125552" timestamp="2017-07-08T06:59:54Z" user="pehrelax" uid="3805548" lat="37.4453436" lon="126.6571680"/>
 <node id="4958020859" visible="true" version="1" changeset="50125552" timestamp="2017-07-08T06:59:54Z" user="pehrelax" uid="3805548" lat="37.4450549" lon="126.6579444"/>
 <node id="4958020860" visible="true" version="1" changeset="50125552" timestamp="2017-07-08T06:59:54Z" user="pehrelax" uid="3805548" lat="37.4451528" lon="126.6579998"/>
 <node id="4958020861" visible="true" version="1" changeset="50125552" timestamp="2017-07-08T06:59:54Z" user="pehrelax" uid="3805548" lat="37.4454463" lon="126.6572234"/>
 <node id="4958020882" visible="true" version="1" changeset="50125552" timestamp="2017-07-08T06:59:55Z" user="pehrelax" uid="3805548" lat="37.4450516" lon="126.6560254"/>
 <node id="4958020883" visible="true" version="1" changeset="50125552" timestamp="2017-07-08T06:59:55Z" user="pehrelax" uid="3805548" lat="37.4448224" lon="126.6566393"/>
 <node id="4958020884" visible="true" version="1" changeset="50125552" timestamp="2017-07-08T06:59:55Z" user="pehrelax" uid="3805548" lat="37.4448958" lon="126.6566892"/>
 <node id="4958020885" visible="true" version="1" changeset="50125552" timestamp="2017-07-08T06:59:55Z" user="pehrelax" uid="3805548" lat="37.4451248" lon="126.6560681"/>
 <node id="4958020886" visible="true" version="1" changeset="50125552" timestamp="2017-07-08T06:59:55Z" user="pehrelax" uid="3805548" lat="37.4452695" lon="126.6561512"/>
 <node id="4958020887" visible="true" version="1" changeset="50125552" timestamp="2017-07-08T06:59:55Z" user="pehrelax" uid="3805548" lat="37.4450292" lon="126.6567706"/>
 <node id="4958020888" visible="true" version="1" changeset="50125552" timestamp="2017-07-08T06:59:55Z" user="pehrelax" uid="3805548" lat="37.4451192" lon="126.6568237"/>
 <node id="4958020889" visible="true" version="1" changeset="50125552" timestamp="2017-07-08T06:59:55Z" user="pehrelax" uid="3805548" lat="37.4453566" lon="126.6562132"/>
 <node id="4958020890" visible="true" version="1" changeset="50125552" timestamp="2017-07-08T06:59:55Z" user="pehrelax" uid="3805548" lat="37.4454859" lon="126.6562751"/>
 <node id="4958020891" visible="true" version="1" changeset="50125552" timestamp="2017-07-08T06:59:55Z" user="pehrelax" uid="3805548" lat="37.4452414" lon="126.6568998"/>
 <node id="4958020892" visible="true" version="1" changeset="50125552" timestamp="2017-07-08T06:59:55Z" user="pehrelax" uid="3805548" lat="37.4453102" lon="126.6569458"/>
 <node id="4958020893" visible="true" version="1" changeset="50125552" timestamp="2017-07-08T06:59:55Z" user="pehrelax" uid="3805548" lat="37.4455505" lon="126.6563246"/>
 <node id="4958020894" visible="true" version="1" changeset="50125552" timestamp="2017-07-08T06:59:55Z" user="pehrelax" uid="3805548" lat="37.4456882" lon="126.6563884"/>
 <node id="4958020895" visible="true" version="1" changeset="50125552" timestamp="2017-07-08T06:59:55Z" user="pehrelax" uid="3805548" lat="37.4454592" lon="126.6569989"/>
 <node id="4958020896" visible="true" version="1" changeset="50125552" timestamp="2017-07-08T06:59:55Z" user="pehrelax" uid="3805548" lat="37.4455378" lon="126.6570537"/>
 <node id="4958020897" visible="true" version="1" changeset="50125552" timestamp="2017-07-08T06:59:55Z" user="pehrelax" uid="3805548" lat="37.4457682" lon="126.6564450"/>
 <node id="4958020898" visible="true" version="1" changeset="50125552" timestamp="2017-07-08T06:59:55Z" user="pehrelax" uid="3805548" lat="37.4457753" lon="126.6566733"/>
 <node id="4958020899" visible="true" version="1" changeset="50125552" timestamp="2017-07-08T06:59:55Z" user="pehrelax" uid="3805548" lat="37.4456109" lon="126.6571086"/>
 <node id="4958020900" visible="true" version="1" changeset="50125552" timestamp="2017-07-08T06:59:55Z" user="pehrelax" uid="3805548" lat="37.4456727" lon="126.6571493"/>
 <node id="4958020901" visible="true" version="1" changeset="50125552" timestamp="2017-07-08T06:59:55Z" user="pehrelax" uid="3805548" lat="37.4458413" lon="126.6567140"/>
 <node id="4958020902" visible="true" version="1" changeset="50125552" timestamp="2017-07-08T06:59:55Z" user="pehrelax" uid="3805548" lat="37.4454901" lon="126.6572838"/>
 <node id="4958020903" visible="true" version="1" changeset="50125552" timestamp="2017-07-08T06:59:55Z" user="pehrelax" uid="3805548" lat="37.4452302" lon="126.6579562"/>
 <node id="4958020904" visible="true" version="1" changeset="50125552" timestamp="2017-07-08T06:59:55Z" user="pehrelax" uid="3805548" lat="37.4452990" lon="126.6580005"/>
 <node id="4958020905" visible="true" version="1" changeset="50125552" timestamp="2017-07-08T06:59:55Z" user="pehrelax" uid="3805548" lat="37.4455645" lon="126.6573315"/>
 <node id="4958020906" visible="true" version="1" changeset="50125552" timestamp="2017-07-08T06:59:55Z" user="pehrelax" uid="3805548" lat="37.4439180" lon="126.6552615"/>
 <node id="4958020907" visible="true" version="1" changeset="50125552" timestamp="2017-07-08T06:59:55Z" user="pehrelax" uid="3805548" lat="37.4433309" lon="126.6567619"/>
 <node id="4958020908" visible="true" version="1" changeset="50125552" timestamp="2017-07-08T06:59:55Z" user="pehrelax" uid="3805548" lat="37.4449447" lon="126.6581419"/>
 <node id="4958020909" visible="true" version="1" changeset="50125552" timestamp="2017-07-08T06:59:55Z" user="pehrelax" uid="3805548" lat="37.4458059" lon="126.6564389"/>
 <node id="4958020910" visible="true" version="1" changeset="50125552" timestamp="2017-07-08T06:59:55Z" user="pehrelax" uid="3805548" lat="37.4433659" lon="126.6568352"/>
 <node id="4958020911" visible="true" version="1" changeset="50125552" timestamp="2017-07-08T06:59:55Z" user="pehrelax" uid="3805548" lat="37.4432213" lon="126.6571995"/>
 <node id="4958020912" visible="true" version="1" changeset="50125552" timestamp="2017-07-08T06:59:55Z" user="pehrelax" uid="3805548" lat="37.4451530" lon="126.6584324"/>
 <node id="4958020913" visible="true" version="1" changeset="50125552" timestamp="2017-07-08T06:59:55Z" user="pehrelax" uid="3805548" lat="37.4452531" lon="126.6581755"/>
 <node id="4958020914" visible="true" version="1" changeset="50125552" timestamp="2017-07-08T06:59:55Z" user="pehrelax" uid="3805548" lat="37.4450195" lon="126.6580167"/>
 <node id="4958020915" visible="true" version="1" changeset="50125552" timestamp="2017-07-08T06:59:55Z" user="pehrelax" uid="3805548" lat="37.4449528" lon="126.6581849"/>
 <node id="4958020916" visible="true" version="1" changeset="50125552" timestamp="2017-07-08T06:59:55Z" user="pehrelax" uid="3805548" lat="37.4443299" lon="126.6577972"/>
 <node id="4958020917" visible="true" version="1" changeset="50125552" timestamp="2017-07-08T06:59:55Z" user="pehrelax" uid="3805548" lat="37.4444411" lon="126.6575264"/>
 <node id="4958020918" visible="true" version="1" changeset="50125552" timestamp="2017-07-08T06:59:55Z" user="pehrelax" uid="3805548" lat="37.4444794" lon="126.6575141"/>
 <node id="4958020919" visible="true" version="1" changeset="50125552" timestamp="2017-07-08T06:59:55Z" user="pehrelax" uid="3805548" lat="37.4443714" lon="126.6577851"/>
 <node id="4958020920" visible="true" version="1" changeset="50125552" timestamp="2017-07-08T06:59:55Z" user="pehrelax" uid="3805548" lat="37.4450154" lon="126.6579851"/>
 <node id="4958020921" visible="true" version="1" changeset="50125552" timestamp="2017-07-08T06:59:55Z" user="pehrelax" uid="3805548" lat="37.4451615" lon="126.6580730"/>
 <node id="4958020922" visible="true" version="1" changeset="50125552" timestamp="2017-07-08T06:59:55Z" user="pehrelax" uid="3805548" lat="37.4441943" lon="126.6553625"/>
 <node id="4958020924" visible="true" version="1" changeset="50125552" timestamp="2017-07-08T06:59:55Z" user="pehrelax" uid="3805548" lat="37.4438807" lon="126.6561551"/>
 <node id="4958020925" visible="true" version="1" changeset="50125552" timestamp="2017-07-08T06:59:55Z" user="pehrelax" uid="3805548" lat="37.4457468" lon="126.6573170"/>
 <node id="4958020926" visible="true" version="1" changeset="50125552" timestamp="2017-07-08T06:59:55Z" user="pehrelax" uid="3805548" lat="37.4453337" lon="126.6570598"/>
 <node id="4958020927" visible="true" version="1" changeset="50125552" timestamp="2017-07-08T06:59:55Z" user="pehrelax" uid="3805548" lat="37.4456335" lon="126.6562796"/>
 <node id="4958020929" visible="true" version="1" changeset="50125552" timestamp="2017-07-08T06:59:55Z" user="pehrelax" uid="3805548" lat="37.4447298" lon="126.6566838"/>
 <node id="4958020931" visible="true" version="1" changeset="50125552" timestamp="2017-07-08T06:59:55Z" user="pehrelax" uid="3805548" lat="37.4445079" lon="126.6565457"/>
 <node id="4958020933" visible="true" version="1" changeset="50125552" timestamp="2017-07-08T06:59:56Z" user="pehrelax" uid="3805548" lat="37.4442984" lon="126.6564152"/>
 <node id="4958020935" visible="true" version="1" changeset="50125552" timestamp="2017-07-08T06:59:56Z" user="pehrelax" uid="3805548" lat="37.4440775" lon="126.6562777"/>
 <node id="4958020936" visible="true" version="1" changeset="50125552" timestamp="2017-07-08T06:59:56Z" user="pehrelax" uid="3805548" lat="37.4450114" lon="126.6578819"/>
 <node id="4958020937" visible="true" version="1" changeset="50125552" timestamp="2017-07-08T06:59:56Z" user="pehrelax" uid="3805548" lat="37.4454020" lon="126.6562433"/>
 <node id="4958020938" visible="true" version="1" changeset="50125552" timestamp="2017-07-08T06:59:56Z" user="pehrelax" uid="3805548" lat="37.4451309" lon="126.6569335"/>
 <node id="4958020939" visible="true" version="1" changeset="50125552" timestamp="2017-07-08T06:59:56Z" user="pehrelax" uid="3805548" lat="37.4448204" lon="126.6577439"/>
 <node id="4958020940" visible="true" version="1" changeset="50125552" timestamp="2017-07-08T06:59:56Z" user="pehrelax" uid="3805548" lat="37.4451857" lon="126.6561194"/>
 <node id="4958020941" visible="true" version="1" changeset="50125552" timestamp="2017-07-08T06:59:56Z" user="pehrelax" uid="3805548" lat="37.4449146" lon="126.6567988"/>
 <node id="4958020942" visible="true" version="1" changeset="50125552" timestamp="2017-07-08T06:59:56Z" user="pehrelax" uid="3805548" lat="37.4445338" lon="126.6577828"/>
 <node id="5132295997" visible="true" version="1" changeset="52403191" timestamp="2017-09-27T05:40:03Z" user="pehrelax" uid="3805548" lat="37.4537456" lon="126.6546430"/>
 <node id="5132295998" visible="true" version="1" changeset="52403191" timestamp="2017-09-27T05:40:03Z" user="pehrelax" uid="3805548" lat="37.4541237" lon="126.6547037"/>
 <node id="5132295999" visible="true" version="1" changeset="52403191" timestamp="2017-09-27T05:40:03Z" user="pehrelax" uid="3805548" lat="37.4541497" lon="126.6547831"/>
 <node id="5132296000" visible="true" version="1" changeset="52403191" timestamp="2017-09-27T05:40:03Z" user="pehrelax" uid="3805548" lat="37.4537159" lon="126.6553528"/>
 <node id="5132296001" visible="true" version="1" changeset="52403191" timestamp="2017-09-27T05:40:03Z" user="pehrelax" uid="3805548" lat="37.4536084" lon="126.6554649"/>
 <node id="5132296002" visible="true" version="1" changeset="52403191" timestamp="2017-09-27T05:40:03Z" user="pehrelax" uid="3805548" lat="37.4535194" lon="126.6554929"/>
 <node id="5132296003" visible="true" version="1" changeset="52403191" timestamp="2017-09-27T05:40:03Z" user="pehrelax" uid="3805548" lat="37.4534453" lon="126.6550539"/>
 <node id="5132296004" visible="true" version="1" changeset="52403191" timestamp="2017-09-27T05:40:03Z" user="pehrelax" uid="3805548" lat="37.4536084" lon="126.6549605"/>
 <node id="5132296005" visible="true" version="1" changeset="52403191" timestamp="2017-09-27T05:40:03Z" user="pehrelax" uid="3805548" lat="37.4527745" lon="126.6582646"/>
 <node id="5132296006" visible="true" version="1" changeset="52403191" timestamp="2017-09-27T05:40:03Z" user="pehrelax" uid="3805548" lat="37.4526179" lon="126.6588685"/>
 <node id="5132296007" visible="true" version="1" changeset="52403191" timestamp="2017-09-27T05:40:03Z" user="pehrelax" uid="3805548" lat="37.4519820" lon="126.6585974"/>
 <node id="5132296008" visible="true" version="1" changeset="52403191" timestamp="2017-09-27T05:40:03Z" user="pehrelax" uid="3805548" lat="37.4521385" lon="126.6579812"/>
 <node id="5132296009" visible="true" version="1" changeset="52403191" timestamp="2017-09-27T05:40:03Z" user="pehrelax" uid="3805548" lat="37.4527640" lon="126.6581528"/>
 <node id="5132296010" visible="true" version="1" changeset="52403191" timestamp="2017-09-27T05:40:03Z" user="pehrelax" uid="3805548" lat="37.4528600" lon="126.6586338"/>
 <node id="5132296011" visible="true" version="1" changeset="52403191" timestamp="2017-09-27T05:40:03Z" user="pehrelax" uid="3805548" lat="37.4530930" lon="126.6585600"/>
 <node id="5132296012" visible="true" version="1" changeset="52403191" timestamp="2017-09-27T05:40:03Z" user="pehrelax" uid="3805548" lat="37.4531379" lon="126.6584503"/>
 <node id="5132296013" visible="true" version="1" changeset="52403191" timestamp="2017-09-27T05:40:03Z" user="pehrelax" uid="3805548" lat="37.4530888" lon="126.6582041"/>
 <node id="5132296014" visible="true" version="1" changeset="52403191" timestamp="2017-09-27T05:40:03Z" user="pehrelax" uid="3805548" lat="37.4528832" lon="126.6582692"/>
 <node id="5132296015" visible="true" version="1" changeset="52403191" timestamp="2017-09-27T05:40:03Z" user="pehrelax" uid="3805548" lat="37.4528543" lon="126.6581242"/>
 <node id="5337170645" visible="true" version="1" changeset="55410375" timestamp="2018-01-13T16:18:59Z" user="lorenzo23622" uid="476483" lat="37.4341815" lon="126.6478874"/>
 <node id="5468652309" visible="true" version="1" changeset="57051379" timestamp="2018-03-10T06:59:30Z" user="pehrelax" uid="3805548" lat="37.4466758" lon="126.6554201"/>
 <node id="5468652310" visible="true" version="1" changeset="57051379" timestamp="2018-03-10T06:59:30Z" user="pehrelax" uid="3805548" lat="37.4491598" lon="126.6568856"/>
 <node id="5468652311" visible="true" version="1" changeset="57051379" timestamp="2018-03-10T06:59:30Z" user="pehrelax" uid="3805548" lat="37.4507722" lon="126.6579284"/>
 <node id="5468652312" visible="true" version="1" changeset="57051379" timestamp="2018-03-10T06:59:30Z" user="pehrelax" uid="3805548" lat="37.4505843" lon="126.6586713"/>
 <node id="5468652313" visible="true" version="1" changeset="57051379" timestamp="2018-03-10T06:59:30Z" user="pehrelax" uid="3805548" lat="37.4496992" lon="126.6573561"/>
 <node id="5468652314" visible="true" version="1" changeset="57051379" timestamp="2018-03-10T06:59:30Z" user="pehrelax" uid="3805548" lat="37.4483317" lon="126.6597667"/>
 <node id="5468652315" visible="true" version="1" changeset="57051379" timestamp="2018-03-10T06:59:30Z" user="pehrelax" uid="3805548" lat="37.4470393" lon="126.6600921"/>
 <node id="5468652316" visible="true" version="1" changeset="57051379" timestamp="2018-03-10T06:59:30Z" user="pehrelax" uid="3805548" lat="37.4466648" lon="126.6597996"/>
 <node id="5468652317" visible="true" version="1" changeset="57051379" timestamp="2018-03-10T06:59:30Z" user="pehrelax" uid="3805548" lat="37.4471845" lon="126.6585311"/>
 <node id="5468652318" visible="true" version="1" changeset="57051379" timestamp="2018-03-10T06:59:30Z" user="pehrelax" uid="3805548" lat="37.4457675" lon="126.6576123"/>
 <node id="5468652319" visible="true" version="1" changeset="57051379" timestamp="2018-03-10T06:59:30Z" user="pehrelax" uid="3805548" lat="37.4468631" lon="126.6599320"/>
 <node id="5468652320" visible="true" version="1" changeset="57051379" timestamp="2018-03-10T06:59:30Z" user="pehrelax" uid="3805548" lat="37.4469585" lon="126.6600059"/>
 <node id="5468653021" visible="true" version="1" changeset="57051379" timestamp="2018-03-10T06:59:30Z" user="pehrelax" uid="3805548" lat="37.4471268" lon="126.6599510"/>
 <node id="5468653022" visible="true" version="1" changeset="57051379" timestamp="2018-03-10T06:59:30Z" user="pehrelax" uid="3805548" lat="37.4479671" lon="126.6598581"/>
 <node id="5468653023" visible="true" version="1" changeset="57051379" timestamp="2018-03-10T06:59:30Z" user="pehrelax" uid="3805548" lat="37.4472002" lon="126.6598514"/>
 <node id="5468653024" visible="true" version="1" changeset="57051379" timestamp="2018-03-10T06:59:30Z" user="pehrelax" uid="3805548" lat="37.4480277" lon="126.6599210"/>
 <node id="5468653025" visible="true" version="1" changeset="57051379" timestamp="2018-03-10T06:59:30Z" user="pehrelax" uid="3805548" lat="37.4480898" lon="126.6598446"/>
 <node id="5468653026" visible="true" version="1" changeset="57051379" timestamp="2018-03-10T06:59:30Z" user="pehrelax" uid="3805548" lat="37.4481698" lon="126.6596878"/>
 <node id="5468653027" visible="true" version="2" changeset="108754512" timestamp="2021-07-28T11:35:02Z" user="Wudang" uid="10888633" lat="37.4486547" lon="126.6596871"/>
 <node id="5468653028" visible="true" version="1" changeset="57051379" timestamp="2018-03-10T06:59:30Z" user="pehrelax" uid="3805548" lat="37.4484108" lon="126.6597761"/>
 <node id="5468653029" visible="true" version="1" changeset="57051379" timestamp="2018-03-10T06:59:30Z" user="pehrelax" uid="3805548" lat="37.4485335" lon="126.6597361"/>
 <node id="5468653030" visible="true" version="1" changeset="57051379" timestamp="2018-03-10T06:59:30Z" user="pehrelax" uid="3805548" lat="37.4489836" lon="126.6590709"/>
 <node id="5468653031" visible="true" version="1" changeset="57051379" timestamp="2018-03-10T06:59:30Z" user="pehrelax" uid="3805548" lat="37.4498596" lon="126.6573700"/>
 <node id="5468653032" visible="true" version="1" changeset="57051379" timestamp="2018-03-10T06:59:30Z" user="pehrelax" uid="3805548" lat="37.4502396" lon="126.6584944"/>
 <node id="5468653033" visible="true" version="1" changeset="57051379" timestamp="2018-03-10T06:59:30Z" user="pehrelax" uid="3805548" lat="37.4504366" lon="126.6578482"/>
 <node id="5468653034" visible="true" version="1" changeset="57051379" timestamp="2018-03-10T06:59:30Z" user="pehrelax" uid="3805548" lat="37.4505767" lon="126.6586935"/>
 <node id="5468653035" visible="true" version="1" changeset="57051379" timestamp="2018-03-10T06:59:30Z" user="pehrelax" uid="3805548" lat="37.4502074" lon="126.6585025"/>
 <node id="5468653036" visible="true" version="1" changeset="57051379" timestamp="2018-03-10T06:59:30Z" user="pehrelax" uid="3805548" lat="37.4503982" lon="126.6578647"/>
 <node id="5468653037" visible="true" version="1" changeset="57051379" timestamp="2018-03-10T06:59:30Z" user="pehrelax" uid="3805548" lat="37.4497475" lon="126.6574395"/>
 <node id="5468653038" visible="true" version="1" changeset="57051379" timestamp="2018-03-10T06:59:30Z" user="pehrelax" uid="3805548" lat="37.4492877" lon="126.6587243"/>
 <node id="5468653039" visible="true" version="1" changeset="57051379" timestamp="2018-03-10T06:59:30Z" user="pehrelax" uid="3805548" lat="37.4494369" lon="126.6589677"/>
 <node id="5468653040" visible="true" version="1" changeset="57051379" timestamp="2018-03-10T06:59:30Z" user="pehrelax" uid="3805548" lat="37.4494247" lon="126.6594052"/>
 <node id="5468653041" visible="true" version="1" changeset="57051379" timestamp="2018-03-10T06:59:30Z" user="pehrelax" uid="3805548" lat="37.4495299" lon="126.6600245"/>
 <node id="5468653042" visible="true" version="1" changeset="57051379" timestamp="2018-03-10T06:59:30Z" user="pehrelax" uid="3805548" lat="37.4495103" lon="126.6602155"/>
 <node id="5468653043" visible="true" version="1" changeset="57051379" timestamp="2018-03-10T06:59:31Z" user="pehrelax" uid="3805548" lat="37.4496546" lon="126.6604435"/>
 <node id="5468653044" visible="true" version="2" changeset="123179755" timestamp="2022-07-04T08:57:10Z" user="_EvaL_" uid="10156445" lat="37.4500476" lon="126.6605141"/>
 <node id="5468653045" visible="true" version="1" changeset="57051379" timestamp="2018-03-10T06:59:31Z" user="pehrelax" uid="3805548" lat="37.4476342" lon="126.6575535"/>
 <node id="5468653046" visible="true" version="1" changeset="57051379" timestamp="2018-03-10T06:59:31Z" user="pehrelax" uid="3805548" lat="37.4473113" lon="126.6583916"/>
 <node id="5468653047" visible="true" version="1" changeset="57051379" timestamp="2018-03-10T06:59:31Z" user="pehrelax" uid="3805548" lat="37.4474189" lon="126.6584686"/>
 <node id="5468653048" visible="true" version="1" changeset="57051379" timestamp="2018-03-10T06:59:31Z" user="pehrelax" uid="3805548" lat="37.4477369" lon="126.6576336"/>
 <node id="5468653049" visible="true" version="1" changeset="57051379" timestamp="2018-03-10T06:59:31Z" user="pehrelax" uid="3805548" lat="37.4482161" lon="126.6555248"/>
 <node id="5468653050" visible="true" version="1" changeset="57051379" timestamp="2018-03-10T06:59:31Z" user="pehrelax" uid="3805548" lat="37.4479989" lon="126.6560049"/>
 <node id="5468653051" visible="true" version="1" changeset="57051379" timestamp="2018-03-10T06:59:31Z" user="pehrelax" uid="3805548" lat="37.4481629" lon="126.6561310"/>
 <node id="5468653052" visible="true" version="1" changeset="57051379" timestamp="2018-03-10T06:59:31Z" user="pehrelax" uid="3805548" lat="37.4483844" lon="126.6556536"/>
 <node id="5468653053" visible="true" version="1" changeset="57051379" timestamp="2018-03-10T06:59:31Z" user="pehrelax" uid="3805548" lat="37.4480191" lon="126.6559426"/>
 <node id="5468653054" visible="true" version="1" changeset="57051379" timestamp="2018-03-10T06:59:31Z" user="pehrelax" uid="3805548" lat="37.4479734" lon="126.6560533"/>
 <node id="5468653055" visible="true" version="1" changeset="57051379" timestamp="2018-03-10T06:59:31Z" user="pehrelax" uid="3805548" lat="37.4475337" lon="126.6557577"/>
 <node id="5468653056" visible="true" version="1" changeset="57051379" timestamp="2018-03-10T06:59:31Z" user="pehrelax" uid="3805548" lat="37.4475579" lon="126.6557048"/>
 <node id="5468653057" visible="true" version="1" changeset="57051379" timestamp="2018-03-10T06:59:31Z" user="pehrelax" uid="3805548" lat="37.4473562" lon="126.6555584"/>
 <node id="5468653058" visible="true" version="1" changeset="57051379" timestamp="2018-03-10T06:59:31Z" user="pehrelax" uid="3805548" lat="37.4475837" lon="126.6550869"/>
 <node id="5468653059" visible="true" version="1" changeset="57051379" timestamp="2018-03-10T06:59:31Z" user="pehrelax" uid="3805548" lat="37.4477725" lon="126.6552271"/>
 <node id="5468653060" visible="true" version="1" changeset="57051379" timestamp="2018-03-10T06:59:31Z" user="pehrelax" uid="3805548" lat="37.4475853" lon="126.6556459"/>
 <node id="5468653061" visible="true" version="1" changeset="57051379" timestamp="2018-03-10T06:59:31Z" user="pehrelax" uid="3805548" lat="37.4487508" lon="126.6559083"/>
 <node id="5468653062" visible="true" version="1" changeset="57051379" timestamp="2018-03-10T06:59:31Z" user="pehrelax" uid="3805548" lat="37.4486775" lon="126.6560901"/>
 <node id="5468653063" visible="true" version="1" changeset="57051379" timestamp="2018-03-10T06:59:31Z" user="pehrelax" uid="3805548" lat="37.4489465" lon="126.6562595"/>
 <node id="5468653064" visible="true" version="1" changeset="57051379" timestamp="2018-03-10T06:59:31Z" user="pehrelax" uid="3805548" lat="37.4490199" lon="126.6560870"/>
 <node id="5468653065" visible="true" version="2" changeset="126737957" timestamp="2022-09-28T12:07:26Z" user="oldman Jang" uid="17260371" lat="37.4498771" lon="126.6503168"/>
 <node id="5468653066" visible="true" version="2" changeset="126737957" timestamp="2022-09-28T12:07:26Z" user="oldman Jang" uid="17260371" lat="37.4509270" lon="126.6509875"/>
 <node id="5468653067" visible="true" version="2" changeset="126737957" timestamp="2022-09-28T12:07:26Z" user="oldman Jang" uid="17260371" lat="37.4511101" lon="126.6497977"/>
 <node id="5468653068" visible="true" version="2" changeset="126737957" timestamp="2022-09-28T12:07:26Z" user="oldman Jang" uid="17260371" lat="37.4510390" lon="126.6496092"/>
 <node id="5468653069" visible="true" version="2" changeset="126737957" timestamp="2022-09-28T12:07:26Z" user="oldman Jang" uid="17260371" lat="37.4507253" lon="126.6493756"/>
 <node id="5468653070" visible="true" version="2" changeset="126737957" timestamp="2022-09-28T12:07:26Z" user="oldman Jang" uid="17260371" lat="37.4501035" lon="126.6498411"/>
 <node id="5468653071" visible="true" version="1" changeset="57051379" timestamp="2018-03-10T06:59:31Z" user="pehrelax" uid="3805548" lat="37.4499630" lon="126.6570044"/>
 <node id="5468653072" visible="true" version="1" changeset="57051379" timestamp="2018-03-10T06:59:31Z" user="pehrelax" uid="3805548" lat="37.4498870" lon="126.6571889"/>
 <node id="5468653073" visible="true" version="1" changeset="57051379" timestamp="2018-03-10T06:59:31Z" user="pehrelax" uid="3805548" lat="37.4496145" lon="126.6570091"/>
 <node id="5468653074" visible="true" version="1" changeset="57051379" timestamp="2018-03-10T06:59:31Z" user="pehrelax" uid="3805548" lat="37.4496219" lon="126.6569857"/>
 <node id="5468653075" visible="true" version="1" changeset="57051379" timestamp="2018-03-10T06:59:31Z" user="pehrelax" uid="3805548" lat="37.4498184" lon="126.6568947"/>
 <node id="5468653076" visible="true" version="1" changeset="57051379" timestamp="2018-03-10T06:59:31Z" user="pehrelax" uid="3805548" lat="37.4485206" lon="126.6586823"/>
 <node id="5468653077" visible="true" version="1" changeset="57051379" timestamp="2018-03-10T06:59:31Z" user="pehrelax" uid="3805548" lat="37.4482124" lon="126.6593925"/>
 <node id="5468653078" visible="true" version="1" changeset="57051379" timestamp="2018-03-10T06:59:31Z" user="pehrelax" uid="3805548" lat="37.4479336" lon="126.6592138"/>
 <node id="5468653079" visible="true" version="1" changeset="57051379" timestamp="2018-03-10T06:59:31Z" user="pehrelax" uid="3805548" lat="37.4479972" lon="126.6590798"/>
 <node id="5468653080" visible="true" version="1" changeset="57051379" timestamp="2018-03-10T06:59:31Z" user="pehrelax" uid="3805548" lat="37.4481794" lon="126.6591969"/>
 <node id="5468653081" visible="true" version="1" changeset="57051379" timestamp="2018-03-10T06:59:31Z" user="pehrelax" uid="3805548" lat="37.4484301" lon="126.6586192"/>
 <node id="5502604210" visible="true" version="1" changeset="57502228" timestamp="2018-03-25T08:18:49Z" user="root361" uid="2106424" lat="37.4470697" lon="126.6602612"/>
 <node id="5502604211" visible="true" version="1" changeset="57502228" timestamp="2018-03-25T08:18:49Z" user="root361" uid="2106424" lat="37.4481919" lon="126.6602102"/>
 <node id="5502604212" visible="true" version="1" changeset="57502228" timestamp="2018-03-25T08:18:49Z" user="root361" uid="2106424" lat="37.4478065" lon="126.6598722"/>
 <node id="5502604213" visible="true" version="1" changeset="57502228" timestamp="2018-03-25T08:18:49Z" user="root361" uid="2106424" lat="37.4478022" lon="126.6594404"/>
 <node id="5502604214" visible="true" version="1" changeset="57502228" timestamp="2018-03-25T08:18:49Z" user="root361" uid="2106424" lat="37.4471400" lon="126.6585633"/>
 <node id="5502604215" visible="true" version="1" changeset="57502228" timestamp="2018-03-25T08:18:49Z" user="root361" uid="2106424" lat="37.4456749" lon="126.6575038"/>
 <node id="5502604216" visible="true" version="1" changeset="57502228" timestamp="2018-03-25T08:18:49Z" user="root361" uid="2106424" lat="37.4472571" lon="126.6535556"/>
 <node id="5502604217" visible="true" version="1" changeset="57502228" timestamp="2018-03-25T08:18:49Z" user="root361" uid="2106424" lat="37.4471634" lon="126.6534591"/>
 <node id="5502604218" visible="true" version="1" changeset="57502228" timestamp="2018-03-25T08:18:49Z" user="root361" uid="2106424" lat="37.4466481" lon="126.6532767"/>
 <node id="5502604219" visible="true" version="1" changeset="57502228" timestamp="2018-03-25T08:18:49Z" user="root361" uid="2106424" lat="37.4466055" lon="126.6526008"/>
 <node id="5502604220" visible="true" version="1" changeset="57502228" timestamp="2018-03-25T08:18:49Z" user="root361" uid="2106424" lat="37.4457793" lon="126.6526329"/>
 <node id="5502604221" visible="true" version="1" changeset="57502228" timestamp="2018-03-25T08:18:49Z" user="root361" uid="2106424" lat="37.4456132" lon="126.6525149"/>
 <node id="5502604222" visible="true" version="1" changeset="57502228" timestamp="2018-03-25T08:18:49Z" user="root361" uid="2106424" lat="37.4456174" lon="126.6522628"/>
 <node id="5502604223" visible="true" version="1" changeset="57502228" timestamp="2018-03-25T08:18:49Z" user="root361" uid="2106424" lat="37.4459326" lon="126.6516781"/>
 <node id="5502604224" visible="true" version="1" changeset="57502228" timestamp="2018-03-25T08:18:49Z" user="root361" uid="2106424" lat="37.4460135" lon="126.6514313"/>
 <node id="5502604225" visible="true" version="1" changeset="57502228" timestamp="2018-03-25T08:18:49Z" user="root361" uid="2106424" lat="37.4461540" lon="126.6511631"/>
 <node id="5502604320" visible="true" version="1" changeset="57502228" timestamp="2018-03-25T08:18:50Z" user="root361" uid="2106424" lat="37.4589937" lon="126.6571176"/>
 <node id="5502604321" visible="true" version="1" changeset="57502228" timestamp="2018-03-25T08:18:50Z" user="root361" uid="2106424" lat="37.4583209" lon="126.6557121"/>
 <node id="5502604322" visible="true" version="1" changeset="57502228" timestamp="2018-03-25T08:18:50Z" user="root361" uid="2106424" lat="37.4575480" lon="126.6546580"/>
 <node id="5502604323" visible="true" version="1" changeset="57502228" timestamp="2018-03-25T08:18:50Z" user="root361" uid="2106424" lat="37.4560576" lon="126.6556531"/>
 <node id="5502604324" visible="true" version="1" changeset="57502228" timestamp="2018-03-25T08:18:50Z" user="root361" uid="2106424" lat="37.4557403" lon="126.6565275"/>
 <node id="5502604325" visible="true" version="1" changeset="57502228" timestamp="2018-03-25T08:18:50Z" user="root361" uid="2106424" lat="37.4538410" lon="126.6585070"/>
 <node id="5502604326" visible="true" version="1" changeset="57502228" timestamp="2018-03-25T08:18:50Z" user="root361" uid="2106424" lat="37.4524698" lon="126.6526812"/>
 <node id="5502604327" visible="true" version="1" changeset="57502228" timestamp="2018-03-25T08:18:50Z" user="root361" uid="2106424" lat="37.4522185" lon="126.6513401"/>
 <node id="5502604328" visible="true" version="1" changeset="57502228" timestamp="2018-03-25T08:18:50Z" user="root361" uid="2106424" lat="37.4521334" lon="126.6502243"/>
 <node id="5502604329" visible="true" version="1" changeset="57502228" timestamp="2018-03-25T08:18:50Z" user="root361" uid="2106424" lat="37.4521334" lon="126.6487116"/>
 <node id="5502604332" visible="true" version="3" changeset="88139167" timestamp="2020-07-17T10:59:06Z" user="PekRiver" uid="11387820" lat="37.4419844" lon="126.6324574"/>
 <node id="5502604333" visible="true" version="1" changeset="57502228" timestamp="2018-03-25T08:18:51Z" user="root361" uid="2106424" lat="37.4437477" lon="126.6432238"/>
 <node id="5502604334" visible="true" version="1" changeset="57502228" timestamp="2018-03-25T08:18:51Z" user="root361" uid="2106424" lat="37.4453874" lon="126.6502029"/>
 <node id="5502604335" visible="true" version="1" changeset="57502228" timestamp="2018-03-25T08:18:51Z" user="root361" uid="2106424" lat="37.4453789" lon="126.6505247"/>
 <node id="5502604336" visible="true" version="1" changeset="57502228" timestamp="2018-03-25T08:18:51Z" user="root361" uid="2106424" lat="37.4461668" lon="126.6504282"/>
 <node id="5502604337" visible="true" version="1" changeset="57502228" timestamp="2018-03-25T08:18:51Z" user="root361" uid="2106424" lat="37.4489010" lon="126.6499025"/>
 <node id="5502604338" visible="true" version="1" changeset="57502228" timestamp="2018-03-25T08:18:51Z" user="root361" uid="2106424" lat="37.4493695" lon="126.6497683"/>
 <node id="5502604339" visible="true" version="1" changeset="57502228" timestamp="2018-03-25T08:18:51Z" user="root361" uid="2106424" lat="37.4563620" lon="126.6501224"/>
 <node id="5502604340" visible="true" version="1" changeset="57502228" timestamp="2018-03-25T08:18:51Z" user="root361" uid="2106424" lat="37.4561449" lon="126.6499776"/>
 <node id="5502604341" visible="true" version="1" changeset="57502228" timestamp="2018-03-25T08:18:51Z" user="root361" uid="2106424" lat="37.4530745" lon="126.6480142"/>
 <node id="5502604342" visible="true" version="1" changeset="57502228" timestamp="2018-03-25T08:18:51Z" user="root361" uid="2106424" lat="37.4528957" lon="126.6479176"/>
 <node id="5502604343" visible="true" version="1" changeset="57502228" timestamp="2018-03-25T08:18:51Z" user="root361" uid="2106424" lat="37.4526444" lon="126.6478586"/>
 <node id="5502604344" visible="true" version="1" changeset="57502228" timestamp="2018-03-25T08:18:51Z" user="root361" uid="2106424" lat="37.4524229" lon="126.6479284"/>
 <node id="5502604345" visible="true" version="1" changeset="57502228" timestamp="2018-03-25T08:18:51Z" user="root361" uid="2106424" lat="37.4521972" lon="126.6481000"/>
 <node id="5502604346" visible="true" version="1" changeset="57502228" timestamp="2018-03-25T08:18:51Z" user="root361" uid="2106424" lat="37.4523931" lon="126.6469252"/>
 <node id="5502604347" visible="true" version="1" changeset="57502228" timestamp="2018-03-25T08:18:51Z" user="root361" uid="2106424" lat="37.4528786" lon="126.6454446"/>
 <node id="5502604348" visible="true" version="1" changeset="57502228" timestamp="2018-03-25T08:18:51Z" user="root361" uid="2106424" lat="37.4533811" lon="126.6441357"/>
 <node id="5502604349" visible="true" version="1" changeset="57502228" timestamp="2018-03-25T08:18:51Z" user="root361" uid="2106424" lat="37.4572572" lon="126.6355165"/>
 <node id="5502604356" visible="true" version="1" changeset="57502228" timestamp="2018-03-25T08:18:51Z" user="root361" uid="2106424" lat="37.4580696" lon="126.6493016"/>
 <node id="5519722437" visible="true" version="2" changeset="173076972" timestamp="2025-10-10T05:35:01Z" user="JSon0507" uid="22656175" lat="37.4503562" lon="126.6538004"/>
 <node id="5519722438" visible="true" version="2" changeset="173076972" timestamp="2025-10-10T05:35:01Z" user="JSon0507" uid="22656175" lat="37.4502310" lon="126.6537213"/>
 <node id="5519722439" visible="true" version="2" changeset="173076972" timestamp="2025-10-10T05:35:01Z" user="JSon0507" uid="22656175" lat="37.4501894" lon="126.6538255"/>
 <node id="5519722440" visible="true" version="2" changeset="173076972" timestamp="2025-10-10T05:35:01Z" user="JSon0507" uid="22656175" lat="37.4503146" lon="126.6539047"/>
 <node id="5614460999" visible="true" version="1" changeset="58914790" timestamp="2018-05-13T03:01:05Z" user="mingyu9321" uid="5669525" lat="37.4518549" lon="126.6567534"/>
 <node id="5754313276" visible="true" version="2" changeset="70847109" timestamp="2019-06-02T02:44:53Z" user="pehrelax" uid="3805548" lat="37.4591608" lon="126.6412320"/>
 <node id="5766807287" visible="true" version="1" changeset="60814953" timestamp="2018-07-17T22:28:22Z" user="panoramedia" uid="228596" lat="37.4603015" lon="126.6393976"/>
 <node id="5766807288" visible="true" version="2" changeset="62650551" timestamp="2018-09-17T03:12:04Z" user="Q8ba2di0Pa" uid="2945135" lat="37.4605104" lon="126.6389734"/>
 <node id="5910775253" visible="true" version="1" changeset="62650551" timestamp="2018-09-17T03:11:53Z" user="Q8ba2di0Pa" uid="2945135" lat="37.4357796" lon="126.6476950"/>
 <node id="5910775258" visible="true" version="7" changeset="177667049" timestamp="2026-01-25T02:25:46Z" user="aaei924" uid="10626814" lat="37.4769719" lon="126.6173267">
  <tag k="name" v="인천"/>
  <tag k="name:en" v="Incheon"/>
  <tag k="name:ja" v="仁川"/>
  <tag k="name:ko" v="인천"/>
  <tag k="name:zh" v="仁川"/>
  <tag k="network" v="수도권 전철"/>
  <tag k="operator" v="한국철도공사"/>
  <tag k="operator:en" v="Korea Railroad Corporation"/>
  <tag k="operator:ko" v="한국철도공사"/>
  <tag k="operator:short" v="KORAIL"/>
  <tag k="operator:type" v="public"/>
  <tag k="operator:wikidata" v="Q18169"/>
  <tag k="operator:wikipedia" v="en:Korail"/>
  <tag k="public_transport" v="stop_position"/>
  <tag k="railway" v="stop"/>
  <tag k="ref" v="K272"/>
  <tag k="train" v="yes"/>
 </node>
 <node id="5910775260" visible="true" version="5" changeset="177667049" timestamp="2026-01-25T02:25:46Z" user="aaei924" uid="10626814" lat="37.4689305" lon="126.6236807">
  <tag k="name" v="신포"/>
  <tag k="name:en" v="Sinpo"/>
  <tag k="name:ko" v="신포"/>
  <tag k="network" v="K271"/>
  <tag k="operator" v="한국철도공사"/>
  <tag k="operator:en" v="Korea Railroad Corporation"/>
  <tag k="operator:ko" v="한국철도공사"/>
  <tag k="operator:short" v="KORAIL"/>
  <tag k="operator:type" v="public"/>
  <tag k="operator:wikidata" v="Q18169"/>
  <tag k="operator:wikipedia" v="en:Korail"/>
  <tag k="public_transport" v="stop_position"/>
  <tag k="railway" v="stop"/>
  <tag k="train" v="yes"/>
 </node>
 <node id="5910775261" visible="true" version="5" changeset="177667049" timestamp="2026-01-25T02:25:46Z" user="aaei924" uid="10626814" lat="37.4679870" lon="126.6253144">
  <tag k="name" v="신포"/>
  <tag k="name:en" v="Sinpo"/>
  <tag k="name:ko" v="신포"/>
  <tag k="network" v="K271"/>
  <tag k="operator" v="한국철도공사"/>
  <tag k="operator:en" v="Korea Railroad Corporation"/>
  <tag k="operator:ko" v="한국철도공사"/>
  <tag k="operator:short" v="KORAIL"/>
  <tag k="operator:type" v="public"/>
  <tag k="operator:wikidata" v="Q18169"/>
  <tag k="operator:wikipedia" v="en:Korail"/>
  <tag k="public_transport" v="stop_position"/>
  <tag k="railway" v="stop"/>
  <tag k="train" v="yes"/>
 </node>
 <node id="5910775262" visible="true" version="5" changeset="177667049" timestamp="2026-01-25T02:25:46Z" user="aaei924" uid="10626814" lat="37.4612390" lon="126.6370849">
  <tag k="name" v="숭의"/>
  <tag k="name:en" v="Sungui"/>
  <tag k="name:ko" v="숭의"/>
  <tag k="operator" v="한국철도공사"/>
  <tag k="operator:en" v="Korea Railroad Corporation"/>
  <tag k="operator:ko" v="한국철도공사"/>
  <tag k="operator:short" v="KORAIL"/>
  <tag k="operator:type" v="public"/>
  <tag k="operator:wikidata" v="Q18169"/>
  <tag k="operator:wikipedia" v="en:Korail"/>
  <tag k="public_transport" v="stop_position"/>
  <tag k="railway" v="stop"/>
  <tag k="ref" v="K270"/>
  <tag k="train" v="yes"/>
 </node>
 <node id="5910775263" visible="true" version="5" changeset="177667049" timestamp="2026-01-25T02:25:46Z" user="aaei924" uid="10626814" lat="37.4605823" lon="126.6387981">
  <tag k="name" v="숭의"/>
  <tag k="name:en" v="Sungui"/>
  <tag k="name:ko" v="숭의"/>
  <tag k="operator" v="한국철도공사"/>
  <tag k="operator:en" v="Korea Railroad Corporation"/>
  <tag k="operator:ko" v="한국철도공사"/>
  <tag k="operator:short" v="KORAIL"/>
  <tag k="operator:type" v="public"/>
  <tag k="operator:wikidata" v="Q18169"/>
  <tag k="operator:wikipedia" v="en:Korail"/>
  <tag k="public_transport" v="stop_position"/>
  <tag k="railway" v="stop"/>
  <tag k="ref" v="K270"/>
  <tag k="train" v="yes"/>
 </node>
 <node id="5910775266" visible="true" version="1" changeset="62650551" timestamp="2018-09-17T03:11:54Z" user="Q8ba2di0Pa" uid="2945135" lat="37.4678686" lon="126.6255046"/>
 <node id="5910775267" visible="true" version="1" changeset="62650551" timestamp="2018-09-17T03:11:54Z" user="Q8ba2di0Pa" uid="2945135" lat="37.4678266" lon="126.6254635"/>
 <node id="5910775268" visible="true" version="5" changeset="177667049" timestamp="2026-01-25T02:25:46Z" user="aaei924" uid="10626814" lat="37.4476431" lon="126.6500767">
  <tag k="name" v="인하대"/>
  <tag k="name:en" v="Inha University"/>
  <tag k="name:ko" v="인하대"/>
  <tag k="operator" v="한국철도공사"/>
  <tag k="operator:en" v="Korea Railroad Corporation"/>
  <tag k="operator:ko" v="한국철도공사"/>
  <tag k="operator:short" v="KORAIL"/>
  <tag k="operator:type" v="public"/>
  <tag k="operator:wikidata" v="Q18169"/>
  <tag k="operator:wikipedia" v="en:Korail"/>
  <tag k="public_transport" v="stop_position"/>
  <tag k="railway" v="stop"/>
  <tag k="ref" v="K269"/>
  <tag k="train" v="yes"/>
 </node>
 <node id="5910775269" visible="true" version="8" changeset="177667049" timestamp="2026-01-25T02:25:46Z" user="aaei924" uid="10626814" lat="37.4482473" lon="126.6497844">
  <tag k="name" v="인하대"/>
  <tag k="name:en" v="Inha Univ."/>
  <tag k="name:ja" v="インハデ(仁荷大)"/>
  <tag k="name:ko" v="인하대"/>
  <tag k="name:zh" v="仁荷大学"/>
  <tag k="operator" v="한국철도공사"/>
  <tag k="operator:en" v="Korea Railroad Corporation"/>
  <tag k="operator:ko" v="한국철도공사"/>
  <tag k="operator:short" v="KORAIL"/>
  <tag k="operator:type" v="public"/>
  <tag k="operator:wikidata" v="Q18169"/>
  <tag k="operator:wikipedia" v="en:Korail"/>
  <tag k="public_transport" v="station"/>
  <tag k="railway" v="station"/>
  <tag k="station" v="train"/>
  <tag k="train" v="yes"/>
  <tag k="wheelchair" v="yes"/>
  <tag k="wikidata" v="Q1593043"/>
  <tag k="wikipedia" v="ko:인하대역"/>
 </node>
 <node id="5910775271" visible="true" version="1" changeset="62650551" timestamp="2018-09-17T03:11:54Z" user="Q8ba2di0Pa" uid="2945135" lat="37.4756670" lon="126.6173364"/>
 <node id="5910775272" visible="true" version="1" changeset="62650551" timestamp="2018-09-17T03:11:54Z" user="Q8ba2di0Pa" uid="2945135" lat="37.4755605" lon="126.6173498"/>
 <node id="5910775273" visible="true" version="1" changeset="62650551" timestamp="2018-09-17T03:11:54Z" user="Q8ba2di0Pa" uid="2945135" lat="37.4754605" lon="126.6173767"/>
 <node id="5910775274" visible="true" version="1" changeset="62650551" timestamp="2018-09-17T03:11:54Z" user="Q8ba2di0Pa" uid="2945135" lat="37.4743983" lon="126.6178232"/>
 <node id="5910775275" visible="true" version="1" changeset="62650551" timestamp="2018-09-17T03:11:54Z" user="Q8ba2di0Pa" uid="2945135" lat="37.4728401" lon="126.6183731"/>
 <node id="5910775276" visible="true" version="1" changeset="62650551" timestamp="2018-09-17T03:11:54Z" user="Q8ba2di0Pa" uid="2945135" lat="37.4723803" lon="126.6185716"/>
 <node id="5910775277" visible="true" version="1" changeset="62650551" timestamp="2018-09-17T03:11:54Z" user="Q8ba2di0Pa" uid="2945135" lat="37.4720014" lon="126.6188318"/>
 <node id="5910775278" visible="true" version="1" changeset="62650551" timestamp="2018-09-17T03:11:54Z" user="Q8ba2di0Pa" uid="2945135" lat="37.4717566" lon="126.6190866"/>
 <node id="5910775279" visible="true" version="1" changeset="62650551" timestamp="2018-09-17T03:11:54Z" user="Q8ba2di0Pa" uid="2945135" lat="37.4714649" lon="126.6195050"/>
 <node id="5910775280" visible="true" version="1" changeset="62650551" timestamp="2018-09-17T03:11:54Z" user="Q8ba2di0Pa" uid="2945135" lat="37.4702483" lon="126.6215073"/>
 <node id="5910775281" visible="true" version="1" changeset="62650551" timestamp="2018-09-17T03:11:54Z" user="Q8ba2di0Pa" uid="2945135" lat="37.4684910" lon="126.6244054"/>
 <node id="5910775282" visible="true" version="1" changeset="62650551" timestamp="2018-09-17T03:11:54Z" user="Q8ba2di0Pa" uid="2945135" lat="37.4675245" lon="126.6258296"/>
 <node id="5910775283" visible="true" version="1" changeset="62650551" timestamp="2018-09-17T03:11:54Z" user="Q8ba2di0Pa" uid="2945135" lat="37.4672180" lon="126.6262346"/>
 <node id="5910775284" visible="true" version="1" changeset="62650551" timestamp="2018-09-17T03:11:54Z" user="Q8ba2di0Pa" uid="2945135" lat="37.4669178" lon="126.6265485"/>
 <node id="5910775585" visible="true" version="1" changeset="62650551" timestamp="2018-09-17T03:11:54Z" user="Q8ba2di0Pa" uid="2945135" lat="37.4660279" lon="126.6274899"/>
 <node id="5910775586" visible="true" version="1" changeset="62650551" timestamp="2018-09-17T03:11:54Z" user="Q8ba2di0Pa" uid="2945135" lat="37.4655957" lon="126.6279513"/>
 <node id="5910775587" visible="true" version="1" changeset="62650551" timestamp="2018-09-17T03:11:54Z" user="Q8ba2di0Pa" uid="2945135" lat="37.4646164" lon="126.6291583"/>
 <node id="5910775588" visible="true" version="1" changeset="62650551" timestamp="2018-09-17T03:11:54Z" user="Q8ba2di0Pa" uid="2945135" lat="37.4643652" lon="126.6295445"/>
 <node id="5910775589" visible="true" version="1" changeset="62650551" timestamp="2018-09-17T03:11:54Z" user="Q8ba2di0Pa" uid="2945135" lat="37.4641544" lon="126.6299871"/>
 <node id="5910775590" visible="true" version="1" changeset="62650551" timestamp="2018-09-17T03:11:54Z" user="Q8ba2di0Pa" uid="2945135" lat="37.4632688" lon="126.6323045"/>
 <node id="5910775591" visible="true" version="1" changeset="62650551" timestamp="2018-09-17T03:11:54Z" user="Q8ba2di0Pa" uid="2945135" lat="37.4612824" lon="126.6369796"/>
 <node id="5910775592" visible="true" version="1" changeset="62650551" timestamp="2018-09-17T03:11:54Z" user="Q8ba2di0Pa" uid="2945135" lat="37.4604659" lon="126.6389617"/>
 <node id="5910775593" visible="true" version="1" changeset="62650551" timestamp="2018-09-17T03:11:54Z" user="Q8ba2di0Pa" uid="2945135" lat="37.4602562" lon="126.6393828"/>
 <node id="5910775594" visible="true" version="1" changeset="62650551" timestamp="2018-09-17T03:11:54Z" user="Q8ba2di0Pa" uid="2945135" lat="37.4599049" lon="126.6400802"/>
 <node id="5910775595" visible="true" version="1" changeset="62650551" timestamp="2018-09-17T03:11:54Z" user="Q8ba2di0Pa" uid="2945135" lat="37.4596835" lon="126.6404772"/>
 <node id="5910775596" visible="true" version="1" changeset="62650551" timestamp="2018-09-17T03:11:54Z" user="Q8ba2di0Pa" uid="2945135" lat="37.4594983" lon="126.6407722"/>
 <node id="5910775597" visible="true" version="1" changeset="62650551" timestamp="2018-09-17T03:11:54Z" user="Q8ba2di0Pa" uid="2945135" lat="37.4594344" lon="126.6408446"/>
 <node id="5910775598" visible="true" version="1" changeset="62650551" timestamp="2018-09-17T03:11:54Z" user="Q8ba2di0Pa" uid="2945135" lat="37.4591533" lon="126.6411665"/>
 <node id="5910775599" visible="true" version="1" changeset="62650551" timestamp="2018-09-17T03:11:54Z" user="Q8ba2di0Pa" uid="2945135" lat="37.4585295" lon="126.6417298"/>
 <node id="5910775600" visible="true" version="1" changeset="62650551" timestamp="2018-09-17T03:11:54Z" user="Q8ba2di0Pa" uid="2945135" lat="37.4570157" lon="126.6430441"/>
 <node id="5910775601" visible="true" version="1" changeset="62650551" timestamp="2018-09-17T03:11:54Z" user="Q8ba2di0Pa" uid="2945135" lat="37.4551867" lon="126.6445219"/>
 <node id="5910775602" visible="true" version="1" changeset="62650551" timestamp="2018-09-17T03:11:54Z" user="Q8ba2di0Pa" uid="2945135" lat="37.4549078" lon="126.6447687"/>
 <node id="5910775603" visible="true" version="1" changeset="62650551" timestamp="2018-09-17T03:11:54Z" user="Q8ba2di0Pa" uid="2945135" lat="37.4547055" lon="126.6449189"/>
 <node id="5910775604" visible="true" version="1" changeset="62650551" timestamp="2018-09-17T03:11:54Z" user="Q8ba2di0Pa" uid="2945135" lat="37.4542477" lon="126.6451925"/>
 <node id="5910775605" visible="true" version="1" changeset="62650551" timestamp="2018-09-17T03:11:54Z" user="Q8ba2di0Pa" uid="2945135" lat="37.4525869" lon="126.6459516"/>
 <node id="5910775606" visible="true" version="1" changeset="62650551" timestamp="2018-09-17T03:11:54Z" user="Q8ba2di0Pa" uid="2945135" lat="37.4524272" lon="126.6460320"/>
 <node id="5910775607" visible="true" version="1" changeset="62650551" timestamp="2018-09-17T03:11:54Z" user="Q8ba2di0Pa" uid="2945135" lat="37.4523186" lon="126.6460937"/>
 <node id="5910775608" visible="true" version="1" changeset="62650551" timestamp="2018-09-17T03:11:54Z" user="Q8ba2di0Pa" uid="2945135" lat="37.4522143" lon="126.6461796"/>
 <node id="5910775609" visible="true" version="1" changeset="62650551" timestamp="2018-09-17T03:11:54Z" user="Q8ba2di0Pa" uid="2945135" lat="37.4520823" lon="126.6463056"/>
 <node id="5910775610" visible="true" version="1" changeset="62650551" timestamp="2018-09-17T03:11:54Z" user="Q8ba2di0Pa" uid="2945135" lat="37.4512178" lon="126.6471156"/>
 <node id="5910775611" visible="true" version="1" changeset="62650551" timestamp="2018-09-17T03:11:54Z" user="Q8ba2di0Pa" uid="2945135" lat="37.4504278" lon="126.6481563"/>
 <node id="5910775612" visible="true" version="1" changeset="62650551" timestamp="2018-09-17T03:11:54Z" user="Q8ba2di0Pa" uid="2945135" lat="37.4500679" lon="126.6485587"/>
 <node id="5910775613" visible="true" version="1" changeset="62650551" timestamp="2018-09-17T03:11:54Z" user="Q8ba2di0Pa" uid="2945135" lat="37.4495739" lon="126.6489744"/>
 <node id="5910775614" visible="true" version="1" changeset="62650551" timestamp="2018-09-17T03:11:55Z" user="Q8ba2di0Pa" uid="2945135" lat="37.4492992" lon="126.6491917"/>
 <node id="5910775615" visible="true" version="5" changeset="177667049" timestamp="2026-01-25T02:25:46Z" user="aaei924" uid="10626814" lat="37.4489904" lon="126.6493767">
  <tag k="name" v="인하대"/>
  <tag k="name:en" v="Inha University"/>
  <tag k="name:ko" v="인하대"/>
  <tag k="operator" v="한국철도공사"/>
  <tag k="operator:en" v="Korea Railroad Corporation"/>
  <tag k="operator:ko" v="한국철도공사"/>
  <tag k="operator:short" v="KORAIL"/>
  <tag k="operator:type" v="public"/>
  <tag k="operator:wikidata" v="Q18169"/>
  <tag k="operator:wikipedia" v="en:Korail"/>
  <tag k="public_transport" v="stop_position"/>
  <tag k="railway" v="stop"/>
  <tag k="ref" v="K269"/>
  <tag k="train" v="yes"/>
 </node>
 <node id="5910775616" visible="true" version="1" changeset="62650551" timestamp="2018-09-17T03:11:55Z" user="Q8ba2di0Pa" uid="2945135" lat="37.4480429" lon="126.6498622"/>
 <node id="5910775617" visible="true" version="1" changeset="62650551" timestamp="2018-09-17T03:11:55Z" user="Q8ba2di0Pa" uid="2945135" lat="37.4473891" lon="126.6501224"/>
 <node id="5910775618" visible="true" version="1" changeset="62650551" timestamp="2018-09-17T03:11:55Z" user="Q8ba2di0Pa" uid="2945135" lat="37.4462988" lon="126.6503745"/>
 <node id="5910775619" visible="true" version="1" changeset="62650551" timestamp="2018-09-17T03:11:55Z" user="Q8ba2di0Pa" uid="2945135" lat="37.4456664" lon="126.6504845"/>
 <node id="5910775620" visible="true" version="1" changeset="62650551" timestamp="2018-09-17T03:11:55Z" user="Q8ba2di0Pa" uid="2945135" lat="37.4453725" lon="126.6505435"/>
 <node id="5910775621" visible="true" version="1" changeset="62650551" timestamp="2018-09-17T03:11:55Z" user="Q8ba2di0Pa" uid="2945135" lat="37.4449786" lon="126.6505194"/>
 <node id="5910775622" visible="true" version="1" changeset="62650551" timestamp="2018-09-17T03:11:55Z" user="Q8ba2di0Pa" uid="2945135" lat="37.4444717" lon="126.6503987"/>
 <node id="5910775623" visible="true" version="1" changeset="62650551" timestamp="2018-09-17T03:11:55Z" user="Q8ba2di0Pa" uid="2945135" lat="37.4433708" lon="126.6500258"/>
 <node id="5910775624" visible="true" version="1" changeset="62650551" timestamp="2018-09-17T03:11:55Z" user="Q8ba2di0Pa" uid="2945135" lat="37.4416330" lon="126.6494787"/>
 <node id="5910775625" visible="true" version="1" changeset="62650551" timestamp="2018-09-17T03:11:55Z" user="Q8ba2di0Pa" uid="2945135" lat="37.4393011" lon="126.6487437"/>
 <node id="5910775626" visible="true" version="1" changeset="62650551" timestamp="2018-09-17T03:11:55Z" user="Q8ba2di0Pa" uid="2945135" lat="37.4380020" lon="126.6483361"/>
 <node id="5910775627" visible="true" version="1" changeset="62650551" timestamp="2018-09-17T03:11:55Z" user="Q8ba2di0Pa" uid="2945135" lat="37.4363472" lon="126.6477808"/>
 <node id="5910775628" visible="true" version="1" changeset="62650551" timestamp="2018-09-17T03:11:55Z" user="Q8ba2di0Pa" uid="2945135" lat="37.4357700" lon="126.6476279"/>
 <node id="5910775629" visible="true" version="1" changeset="62650551" timestamp="2018-09-17T03:11:55Z" user="Q8ba2di0Pa" uid="2945135" lat="37.4353973" lon="126.6475716"/>
 <node id="5910775630" visible="true" version="1" changeset="62650551" timestamp="2018-09-17T03:11:55Z" user="Q8ba2di0Pa" uid="2945135" lat="37.4351566" lon="126.6475528"/>
 <node id="5910775631" visible="true" version="1" changeset="62650551" timestamp="2018-09-17T03:11:55Z" user="Q8ba2di0Pa" uid="2945135" lat="37.4348670" lon="126.6475984"/>
 <node id="5910775632" visible="true" version="1" changeset="62650551" timestamp="2018-09-17T03:11:55Z" user="Q8ba2di0Pa" uid="2945135" lat="37.4341684" lon="126.6478398"/>
 <node id="5910775633" visible="true" version="1" changeset="62650551" timestamp="2018-09-17T03:11:55Z" user="Q8ba2di0Pa" uid="2945135" lat="37.4335188" lon="126.6482207"/>
 <node id="6124712684" visible="true" version="2" changeset="142487675" timestamp="2023-10-12T16:20:24Z" user="aaei924" uid="10626814" lat="37.4504752" lon="126.6486966"/>
 <node id="6124712885" visible="true" version="1" changeset="65289484" timestamp="2018-12-08T10:42:16Z" user="Yoonsoohwa" uid="9209175" lat="37.4504891" lon="126.6485412"/>
 <node id="6124712886" visible="true" version="1" changeset="65289484" timestamp="2018-12-08T10:42:16Z" user="Yoonsoohwa" uid="9209175" lat="37.4505820" lon="126.6484395"/>
 <node id="6124712887" visible="true" version="1" changeset="65289484" timestamp="2018-12-08T10:42:16Z" user="Yoonsoohwa" uid="9209175" lat="37.4508731" lon="126.6482762"/>
 <node id="6124712888" visible="true" version="1" changeset="65289484" timestamp="2018-12-08T10:42:16Z" user="Yoonsoohwa" uid="9209175" lat="37.4510272" lon="126.6481284"/>
 <node id="6124712889" visible="true" version="1" changeset="65289484" timestamp="2018-12-08T10:42:16Z" user="Yoonsoohwa" uid="9209175" lat="37.4511250" lon="126.6480205"/>
 <node id="6124712890" visible="true" version="1" changeset="65289484" timestamp="2018-12-08T10:42:16Z" user="Yoonsoohwa" uid="9209175" lat="37.4512840" lon="126.6479435"/>
 <node id="6124712891" visible="true" version="1" changeset="65289484" timestamp="2018-12-08T10:42:16Z" user="Yoonsoohwa" uid="9209175" lat="37.4513403" lon="126.6478695"/>
 <node id="6124712892" visible="true" version="1" changeset="65289484" timestamp="2018-12-08T10:42:16Z" user="Yoonsoohwa" uid="9209175" lat="37.4514381" lon="126.6478264"/>
 <node id="6124712893" visible="true" version="1" changeset="65289484" timestamp="2018-12-08T10:42:16Z" user="Yoonsoohwa" uid="9209175" lat="37.4516803" lon="126.6474628"/>
 <node id="6124712894" visible="true" version="1" changeset="65289484" timestamp="2018-12-08T10:42:16Z" user="Yoonsoohwa" uid="9209175" lat="37.4517879" lon="126.6470931"/>
 <node id="6124712895" visible="true" version="1" changeset="65289484" timestamp="2018-12-08T10:42:16Z" user="Yoonsoohwa" uid="9209175" lat="37.4519273" lon="126.6468620"/>
 <node id="6124712896" visible="true" version="1" changeset="65289484" timestamp="2018-12-08T10:42:16Z" user="Yoonsoohwa" uid="9209175" lat="37.4520300" lon="126.6465817"/>
 <node id="6124712897" visible="true" version="1" changeset="65289484" timestamp="2018-12-08T10:42:16Z" user="Yoonsoohwa" uid="9209175" lat="37.4521695" lon="126.6464769"/>
 <node id="6124712899" visible="true" version="2" changeset="65289793" timestamp="2018-12-08T10:55:34Z" user="Yoonsoohwa" uid="9209175" lat="37.4490711" lon="126.6481621"/>
 <node id="6124712900" visible="true" version="2" changeset="65289793" timestamp="2018-12-08T10:55:34Z" user="Yoonsoohwa" uid="9209175" lat="37.4489485" lon="126.6480722"/>
 <node id="6124712901" visible="true" version="2" changeset="65289793" timestamp="2018-12-08T10:55:34Z" user="Yoonsoohwa" uid="9209175" lat="37.4486918" lon="126.6486276"/>
 <node id="6124712902" visible="true" version="2" changeset="65289793" timestamp="2018-12-08T10:55:34Z" user="Yoonsoohwa" uid="9209175" lat="37.4489400" lon="126.6488096"/>
 <node id="6124712903" visible="true" version="2" changeset="65289793" timestamp="2018-12-08T10:55:34Z" user="Yoonsoohwa" uid="9209175" lat="37.4490344" lon="126.6486053"/>
 <node id="6124712904" visible="true" version="2" changeset="65289793" timestamp="2018-12-08T10:55:34Z" user="Yoonsoohwa" uid="9209175" lat="37.4489089" lon="126.6485132"/>
 <node id="6124712918" visible="true" version="1" changeset="65289484" timestamp="2018-12-08T10:42:16Z" user="Yoonsoohwa" uid="9209175" lat="37.4497390" lon="126.6477648"/>
 <node id="6124712919" visible="true" version="1" changeset="65289484" timestamp="2018-12-08T10:42:16Z" user="Yoonsoohwa" uid="9209175" lat="37.4496395" lon="126.6477300"/>
 <node id="6124712920" visible="true" version="1" changeset="65289484" timestamp="2018-12-08T10:42:16Z" user="Yoonsoohwa" uid="9209175" lat="37.4495200" lon="126.6482718"/>
 <node id="6124712921" visible="true" version="1" changeset="65289484" timestamp="2018-12-08T10:42:16Z" user="Yoonsoohwa" uid="9209175" lat="37.4496959" lon="126.6483334"/>
 <node id="6124712922" visible="true" version="1" changeset="65289484" timestamp="2018-12-08T10:42:16Z" user="Yoonsoohwa" uid="9209175" lat="37.4497230" lon="126.6482106"/>
 <node id="6124712923" visible="true" version="1" changeset="65289484" timestamp="2018-12-08T10:42:16Z" user="Yoonsoohwa" uid="9209175" lat="37.4496467" lon="126.6481839"/>
 <node id="6124712965" visible="true" version="2" changeset="142487675" timestamp="2023-10-12T16:20:24Z" user="aaei924" uid="10626814" lat="37.4484716" lon="126.6487251"/>
 <node id="6124712966" visible="true" version="1" changeset="65289484" timestamp="2018-12-08T10:42:17Z" user="Yoonsoohwa" uid="9209175" lat="37.4487585" lon="126.6483743"/>
 <node id="6124712967" visible="true" version="1" changeset="65289484" timestamp="2018-12-08T10:42:17Z" user="Yoonsoohwa" uid="9209175" lat="37.4487206" lon="126.6480875"/>
 <node id="6124712968" visible="true" version="1" changeset="65289484" timestamp="2018-12-08T10:42:17Z" user="Yoonsoohwa" uid="9209175" lat="37.4489786" lon="126.6477911"/>
 <node id="6124712969" visible="true" version="1" changeset="65289484" timestamp="2018-12-08T10:42:17Z" user="Yoonsoohwa" uid="9209175" lat="37.4492063" lon="126.6479600"/>
 <node id="6124712970" visible="true" version="1" changeset="65289484" timestamp="2018-12-08T10:42:17Z" user="Yoonsoohwa" uid="9209175" lat="37.4493176" lon="126.6479218"/>
 <node id="6124712971" visible="true" version="1" changeset="65289484" timestamp="2018-12-08T10:42:17Z" user="Yoonsoohwa" uid="9209175" lat="37.4494821" lon="126.6478357"/>
 <node id="6124712972" visible="true" version="2" changeset="108754512" timestamp="2021-07-28T11:35:02Z" user="Wudang" uid="10888633" lat="37.4497195" lon="126.6476244"/>
 <node id="6124712973" visible="true" version="1" changeset="65289484" timestamp="2018-12-08T10:42:17Z" user="Yoonsoohwa" uid="9209175" lat="37.4498514" lon="126.6473227"/>
 <node id="6124712974" visible="true" version="1" changeset="65289484" timestamp="2018-12-08T10:42:17Z" user="Yoonsoohwa" uid="9209175" lat="37.4500058" lon="126.6470582"/>
 <node id="6124712975" visible="true" version="1" changeset="65289484" timestamp="2018-12-08T10:42:17Z" user="Yoonsoohwa" uid="9209175" lat="37.4501651" lon="126.6468287"/>
 <node id="6124712976" visible="true" version="1" changeset="65289484" timestamp="2018-12-08T10:42:17Z" user="Yoonsoohwa" uid="9209175" lat="37.4503524" lon="126.6466152"/>
 <node id="6124712977" visible="true" version="1" changeset="65289484" timestamp="2018-12-08T10:42:17Z" user="Yoonsoohwa" uid="9209175" lat="37.4506306" lon="126.6463890"/>
 <node id="6124712978" visible="true" version="1" changeset="65289484" timestamp="2018-12-08T10:42:17Z" user="Yoonsoohwa" uid="9209175" lat="37.4508381" lon="126.6462010"/>
 <node id="6124712979" visible="true" version="1" changeset="65289484" timestamp="2018-12-08T10:42:17Z" user="Yoonsoohwa" uid="9209175" lat="37.4510911" lon="126.6458440"/>
 <node id="6124712980" visible="true" version="1" changeset="65289484" timestamp="2018-12-08T10:42:17Z" user="Yoonsoohwa" uid="9209175" lat="37.4511695" lon="126.6455126"/>
 <node id="6124712981" visible="true" version="1" changeset="65289484" timestamp="2018-12-08T10:42:17Z" user="Yoonsoohwa" uid="9209175" lat="37.4511998" lon="126.6452641"/>
 <node id="6124712982" visible="true" version="1" changeset="65289484" timestamp="2018-12-08T10:42:17Z" user="Yoonsoohwa" uid="9209175" lat="37.4511214" lon="126.6450028"/>
 <node id="6124712983" visible="true" version="1" changeset="65289484" timestamp="2018-12-08T10:42:17Z" user="Yoonsoohwa" uid="9209175" lat="37.4509089" lon="126.6448084"/>
 <node id="6124712984" visible="true" version="1" changeset="65289484" timestamp="2018-12-08T10:42:17Z" user="Yoonsoohwa" uid="9209175" lat="37.4505830" lon="126.6447361"/>
 <node id="6124713010" visible="true" version="1" changeset="65289484" timestamp="2018-12-08T10:42:18Z" user="Yoonsoohwa" uid="9209175" lat="37.4487965" lon="126.6461404"/>
 <node id="6124713016" visible="true" version="1" changeset="65289484" timestamp="2018-12-08T10:42:18Z" user="Yoonsoohwa" uid="9209175" lat="37.4490874" lon="126.6478851"/>
 <node id="6124713017" visible="true" version="2" changeset="142487675" timestamp="2023-10-12T16:20:24Z" user="aaei924" uid="10626814" lat="37.4485825" lon="126.6496828"/>
 <node id="6124713018" visible="true" version="1" changeset="65289484" timestamp="2018-12-08T10:42:18Z" user="Yoonsoohwa" uid="9209175" lat="37.4506470" lon="126.6447747"/>
 <node id="6124713056" visible="true" version="1" changeset="65289484" timestamp="2018-12-08T10:42:18Z" user="Yoonsoohwa" uid="9209175" lat="37.4483056" lon="126.6489530"/>
 <node id="6124713057" visible="true" version="1" changeset="65289484" timestamp="2018-12-08T10:42:18Z" user="Yoonsoohwa" uid="9209175" lat="37.4479372" lon="126.6490340"/>
 <node id="6124713058" visible="true" version="1" changeset="65289484" timestamp="2018-12-08T10:42:18Z" user="Yoonsoohwa" uid="9209175" lat="37.4479874" lon="126.6493967"/>
 <node id="6124713059" visible="true" version="1" changeset="65289484" timestamp="2018-12-08T10:42:18Z" user="Yoonsoohwa" uid="9209175" lat="37.4483558" lon="126.6493158"/>
 <node id="6124713085" visible="true" version="1" changeset="65289484" timestamp="2018-12-08T10:42:19Z" user="Yoonsoohwa" uid="9209175" lat="37.4512570" lon="126.6438188"/>
 <node id="6124713114" visible="true" version="1" changeset="65289484" timestamp="2018-12-08T10:42:19Z" user="Yoonsoohwa" uid="9209175" lat="37.4524293" lon="126.6456040"/>
 <node id="6124713115" visible="true" version="1" changeset="65289484" timestamp="2018-12-08T10:42:19Z" user="Yoonsoohwa" uid="9209175" lat="37.4517774" lon="126.6478983"/>
 <node id="6124713116" visible="true" version="1" changeset="65289484" timestamp="2018-12-08T10:42:19Z" user="Yoonsoohwa" uid="9209175" lat="37.4493080" lon="126.6493135"/>
 <node id="6124713117" visible="true" version="1" changeset="65289484" timestamp="2018-12-08T10:42:19Z" user="Yoonsoohwa" uid="9209175" lat="37.4488018" lon="126.6493618"/>
 <node id="6124713118" visible="true" version="1" changeset="65289484" timestamp="2018-12-08T10:42:19Z" user="Yoonsoohwa" uid="9209175" lat="37.4489514" lon="126.6489899"/>
 <node id="6124713119" visible="true" version="1" changeset="65289484" timestamp="2018-12-08T10:42:19Z" user="Yoonsoohwa" uid="9209175" lat="37.4500749" lon="126.6480867"/>
 <node id="6124713120" visible="true" version="1" changeset="65289484" timestamp="2018-12-08T10:42:19Z" user="Yoonsoohwa" uid="9209175" lat="37.4508150" lon="126.6474202"/>
 <node id="6124713121" visible="true" version="1" changeset="65289484" timestamp="2018-12-08T10:42:19Z" user="Yoonsoohwa" uid="9209175" lat="37.4522978" lon="126.6456040"/>
 <node id="6124725570" visible="true" version="1" changeset="65289712" timestamp="2018-12-08T10:51:48Z" user="Yoonsoohwa" uid="9209175" lat="37.4511002" lon="126.6458055"/>
 <node id="6124725572" visible="true" version="1" changeset="65289712" timestamp="2018-12-08T10:51:48Z" user="Yoonsoohwa" uid="9209175" lat="37.4511342" lon="126.6456618"/>
 <node id="6124725578" visible="true" version="1" changeset="65289712" timestamp="2018-12-08T10:51:48Z" user="Yoonsoohwa" uid="9209175" lat="37.4521497" lon="126.6444030"/>
 <node id="6124725579" visible="true" version="1" changeset="65289712" timestamp="2018-12-08T10:51:48Z" user="Yoonsoohwa" uid="9209175" lat="37.4491718" lon="126.6482805"/>
 <node id="6124725580" visible="true" version="1" changeset="65289712" timestamp="2018-12-08T10:51:48Z" user="Yoonsoohwa" uid="9209175" lat="37.4494511" lon="126.6484469"/>
 <node id="6124725581" visible="true" version="1" changeset="65289712" timestamp="2018-12-08T10:51:48Z" user="Yoonsoohwa" uid="9209175" lat="37.4496511" lon="126.6483631"/>
 <node id="6124725582" visible="true" version="1" changeset="65289712" timestamp="2018-12-08T10:51:48Z" user="Yoonsoohwa" uid="9209175" lat="37.4497020" lon="126.6483425"/>
 <node id="6124725583" visible="true" version="1" changeset="65289712" timestamp="2018-12-08T10:51:48Z" user="Yoonsoohwa" uid="9209175" lat="37.4498007" lon="126.6482437"/>
 <node id="6124725584" visible="true" version="1" changeset="65289712" timestamp="2018-12-08T10:51:48Z" user="Yoonsoohwa" uid="9209175" lat="37.4500977" lon="126.6479601"/>
 <node id="6124725585" visible="true" version="1" changeset="65289712" timestamp="2018-12-08T10:51:48Z" user="Yoonsoohwa" uid="9209175" lat="37.4506560" lon="126.6473882"/>
 <node id="6124725586" visible="true" version="1" changeset="65289712" timestamp="2018-12-08T10:51:48Z" user="Yoonsoohwa" uid="9209175" lat="37.4509874" lon="126.6470058"/>
 <node id="6124725587" visible="true" version="1" changeset="65289712" timestamp="2018-12-08T10:51:48Z" user="Yoonsoohwa" uid="9209175" lat="37.4515970" lon="126.6462307"/>
 <node id="6124725588" visible="true" version="1" changeset="65289712" timestamp="2018-12-08T10:51:48Z" user="Yoonsoohwa" uid="9209175" lat="37.4519664" lon="126.6458593"/>
 <node id="6124725589" visible="true" version="1" changeset="65289712" timestamp="2018-12-08T10:51:48Z" user="Yoonsoohwa" uid="9209175" lat="37.4522245" lon="126.6456280"/>
 <node id="6124725592" visible="true" version="1" changeset="65289712" timestamp="2018-12-08T10:51:48Z" user="Yoonsoohwa" uid="9209175" lat="37.4511055" lon="126.6468557"/>
 <node id="6124725593" visible="true" version="1" changeset="65289712" timestamp="2018-12-08T10:51:48Z" user="Yoonsoohwa" uid="9209175" lat="37.4503210" lon="126.6466510"/>
 <node id="6124725596" visible="true" version="1" changeset="65289712" timestamp="2018-12-08T10:51:48Z" user="Yoonsoohwa" uid="9209175" lat="37.4508100" lon="126.6472104"/>
 <node id="6124725599" visible="true" version="1" changeset="65289712" timestamp="2018-12-08T10:51:48Z" user="Yoonsoohwa" uid="9209175" lat="37.4502018" lon="126.6478535"/>
 <node id="6124725600" visible="true" version="1" changeset="65289712" timestamp="2018-12-08T10:51:48Z" user="Yoonsoohwa" uid="9209175" lat="37.4498491" lon="126.6481975"/>
 <node id="6124725601" visible="true" version="1" changeset="65289712" timestamp="2018-12-08T10:51:48Z" user="Yoonsoohwa" uid="9209175" lat="37.4497613" lon="126.6475032"/>
 <node id="6124725606" visible="true" version="1" changeset="65289712" timestamp="2018-12-08T10:51:48Z" user="Yoonsoohwa" uid="9209175" lat="37.4478499" lon="126.6426701"/>
 <node id="6124725607" visible="true" version="1" changeset="65289712" timestamp="2018-12-08T10:51:48Z" user="Yoonsoohwa" uid="9209175" lat="37.4485014" lon="126.6477476"/>
 <node id="6124725608" visible="true" version="1" changeset="65289712" timestamp="2018-12-08T10:51:48Z" user="Yoonsoohwa" uid="9209175" lat="37.4485392" lon="126.6474072"/>
 <node id="6124725609" visible="true" version="1" changeset="65289712" timestamp="2018-12-08T10:51:48Z" user="Yoonsoohwa" uid="9209175" lat="37.4483852" lon="126.6468508"/>
 <node id="6124725610" visible="true" version="1" changeset="65289712" timestamp="2018-12-08T10:51:48Z" user="Yoonsoohwa" uid="9209175" lat="37.4484259" lon="126.6465543"/>
 <node id="6127643699" visible="true" version="1" changeset="65333679" timestamp="2018-12-10T06:56:06Z" user="lilinlin" uid="9213172" lat="37.4378523" lon="126.6490715"/>
 <node id="6127643700" visible="true" version="1" changeset="65333679" timestamp="2018-12-10T06:56:06Z" user="lilinlin" uid="9213172" lat="37.4385508" lon="126.6495114"/>
 <node id="6127643701" visible="true" version="1" changeset="65333679" timestamp="2018-12-10T06:56:06Z" user="lilinlin" uid="9213172" lat="37.4394581" lon="126.6502410"/>
 <node id="6127643702" visible="true" version="1" changeset="65333679" timestamp="2018-12-10T06:56:06Z" user="lilinlin" uid="9213172" lat="37.4398201" lon="126.6503805"/>
 <node id="6127643703" visible="true" version="1" changeset="65333679" timestamp="2018-12-10T06:56:06Z" user="lilinlin" uid="9213172" lat="37.4405101" lon="126.6506111"/>
 <node id="6127643704" visible="true" version="1" changeset="65333679" timestamp="2018-12-10T06:56:06Z" user="lilinlin" uid="9213172" lat="37.4409020" lon="126.6506970"/>
 <node id="6127643705" visible="true" version="1" changeset="65333679" timestamp="2018-12-10T06:56:06Z" user="lilinlin" uid="9213172" lat="37.4416431" lon="126.6509115"/>
 <node id="6127643706" visible="true" version="1" changeset="65333679" timestamp="2018-12-10T06:56:06Z" user="lilinlin" uid="9213172" lat="37.4421329" lon="126.6509813"/>
 <node id="6127643707" visible="true" version="1" changeset="65333679" timestamp="2018-12-10T06:56:06Z" user="lilinlin" uid="9213172" lat="37.4438323" lon="126.6506809"/>
 <node id="6127643708" visible="true" version="1" changeset="65333679" timestamp="2018-12-10T06:56:06Z" user="lilinlin" uid="9213172" lat="37.4448544" lon="126.6503805"/>
 <node id="6127643709" visible="true" version="1" changeset="65333679" timestamp="2018-12-10T06:56:06Z" user="lilinlin" uid="9213172" lat="37.4476313" lon="126.6499299"/>
 <node id="6127643710" visible="true" version="1" changeset="65333679" timestamp="2018-12-10T06:56:06Z" user="lilinlin" uid="9213172" lat="37.4485725" lon="126.6495061"/>
 <node id="6127643711" visible="true" version="1" changeset="65333679" timestamp="2018-12-10T06:56:06Z" user="lilinlin" uid="9213172" lat="37.4494203" lon="126.6490144"/>
 <node id="6127643712" visible="true" version="1" changeset="65333679" timestamp="2018-12-10T06:56:07Z" user="lilinlin" uid="9213172" lat="37.4500778" lon="126.6483986"/>
 <node id="6127643713" visible="true" version="1" changeset="65333679" timestamp="2018-12-10T06:56:07Z" user="lilinlin" uid="9213172" lat="37.4510933" lon="126.6471877"/>
 <node id="6127643714" visible="true" version="1" changeset="65333679" timestamp="2018-12-10T06:56:07Z" user="lilinlin" uid="9213172" lat="37.4516895" lon="126.6465493"/>
 <node id="6127643715" visible="true" version="1" changeset="65333679" timestamp="2018-12-10T06:56:07Z" user="lilinlin" uid="9213172" lat="37.4522261" lon="126.6460665"/>
 <node id="6127643716" visible="true" version="1" changeset="65333679" timestamp="2018-12-10T06:56:07Z" user="lilinlin" uid="9213172" lat="37.4531204" lon="126.6456481"/>
 <node id="6127643717" visible="true" version="1" changeset="65333679" timestamp="2018-12-10T06:56:07Z" user="lilinlin" uid="9213172" lat="37.4541382" lon="126.6451868"/>
 <node id="6127643718" visible="true" version="1" changeset="65333679" timestamp="2018-12-10T06:56:07Z" user="lilinlin" uid="9213172" lat="37.4547940" lon="126.6447791"/>
 <node id="6127643719" visible="true" version="1" changeset="65333679" timestamp="2018-12-10T06:56:07Z" user="lilinlin" uid="9213172" lat="37.4579494" lon="126.6421827"/>
 <node id="6127643720" visible="true" version="1" changeset="65333679" timestamp="2018-12-10T06:56:07Z" user="lilinlin" uid="9213172" lat="37.4592652" lon="126.6409811"/>
 <node id="6127643721" visible="true" version="1" changeset="65333679" timestamp="2018-12-10T06:56:07Z" user="lilinlin" uid="9213172" lat="37.4601552" lon="126.6396212"/>
 <node id="6231555713" visible="true" version="1" changeset="66588480" timestamp="2019-01-24T04:25:06Z" user="minseo" uid="5186039" lat="37.4534535" lon="126.6576755"/>
 <node id="6231555714" visible="true" version="1" changeset="66588480" timestamp="2019-01-24T04:25:06Z" user="minseo" uid="5186039" lat="37.4536863" lon="126.6583673"/>
 <node id="6231555715" visible="true" version="1" changeset="66588480" timestamp="2019-01-24T04:25:06Z" user="minseo" uid="5186039" lat="37.4538366" lon="126.6586460"/>
 <node id="6515781536" visible="true" version="1" changeset="70847109" timestamp="2019-06-02T02:44:53Z" user="pehrelax" uid="3805548" lat="37.4476119" lon="126.6438024"/>
 <node id="6515781537" visible="true" version="1" changeset="70847109" timestamp="2019-06-02T02:44:53Z" user="pehrelax" uid="3805548" lat="37.4471095" lon="126.6439908"/>
 <node id="6515781538" visible="true" version="1" changeset="70847109" timestamp="2019-06-02T02:44:53Z" user="pehrelax" uid="3805548" lat="37.4480312" lon="126.6460706"/>
 <node id="6515781539" visible="true" version="1" changeset="70847109" timestamp="2019-06-02T02:44:53Z" user="pehrelax" uid="3805548" lat="37.4476329" lon="126.6462173"/>
 <node id="6515781540" visible="true" version="1" changeset="70847109" timestamp="2019-06-02T02:44:53Z" user="pehrelax" uid="3805548" lat="37.4557722" lon="126.6439742"/>
 <node id="6696554919" visible="true" version="1" changeset="73181085" timestamp="2019-08-09T07:28:31Z" user="maxhero" uid="5364374" lat="37.4471365" lon="126.6441055"/>
 <node id="6696554920" visible="true" version="1" changeset="73181085" timestamp="2019-08-09T07:28:31Z" user="maxhero" uid="5364374" lat="37.4474685" lon="126.6455180"/>
 <node id="6848997560" visible="true" version="1" changeset="75256793" timestamp="2019-10-04T01:42:18Z" user="octel" uid="238290" lat="37.4540449" lon="126.6561751"/>
 <node id="6848997561" visible="true" version="1" changeset="75256793" timestamp="2019-10-04T01:42:18Z" user="octel" uid="238290" lat="37.4535226" lon="126.6533791"/>
 <node id="6848997562" visible="true" version="1" changeset="75256793" timestamp="2019-10-04T01:42:18Z" user="octel" uid="238290" lat="37.4541918" lon="126.6530325"/>
 <node id="7454421606" visible="true" version="1" changeset="84211601" timestamp="2020-04-27T16:57:41Z" user="biuret" uid="11091395" lat="37.4507873" lon="126.6560536"/>
 <node id="7454421607" visible="true" version="1" changeset="84211601" timestamp="2020-04-27T16:57:41Z" user="biuret" uid="11091395" lat="37.4508705" lon="126.6561119"/>
 <node id="7454421608" visible="true" version="1" changeset="84211601" timestamp="2020-04-27T16:57:41Z" user="biuret" uid="11091395" lat="37.4506436" lon="126.6551958"/>
 <node id="7454421609" visible="true" version="1" changeset="84211601" timestamp="2020-04-27T16:57:41Z" user="biuret" uid="11091395" lat="37.4505880" lon="126.6554863"/>
 <node id="7454421610" visible="true" version="1" changeset="84211601" timestamp="2020-04-27T16:57:41Z" user="biuret" uid="11091395" lat="37.4503334" lon="126.6552973"/>
 <node id="7454421611" visible="true" version="1" changeset="84211601" timestamp="2020-04-27T16:57:41Z" user="biuret" uid="11091395" lat="37.4502984" lon="126.6553817"/>
 <node id="7454421612" visible="true" version="1" changeset="84211601" timestamp="2020-04-27T16:57:41Z" user="biuret" uid="11091395" lat="37.4502217" lon="126.6553280"/>
 <node id="7454421613" visible="true" version="1" changeset="84211601" timestamp="2020-04-27T16:57:41Z" user="biuret" uid="11091395" lat="37.4501682" lon="126.6554589"/>
 <node id="7454421614" visible="true" version="1" changeset="84211601" timestamp="2020-04-27T16:57:41Z" user="biuret" uid="11091395" lat="37.4504962" lon="126.6556960"/>
 <node id="7454421615" visible="true" version="1" changeset="84211601" timestamp="2020-04-27T16:57:41Z" user="biuret" uid="11091395" lat="37.4509252" lon="126.6559913"/>
 <node id="7902543836" visible="true" version="4" changeset="177667049" timestamp="2026-01-25T02:25:46Z" user="aaei924" uid="10626814" lat="37.4758745" lon="126.6173982">
  <tag k="name" v="인천"/>
  <tag k="name:en" v="Incheon"/>
  <tag k="name:ja" v="仁川"/>
  <tag k="name:ko" v="인천"/>
  <tag k="name:zh" v="仁川"/>
  <tag k="network" v="수도권 전철"/>
  <tag k="operator" v="한국철도공사"/>
  <tag k="operator:en" v="Korea Railroad Corporation"/>
  <tag k="operator:ko" v="한국철도공사"/>
  <tag k="operator:short" v="KORAIL"/>
  <tag k="operator:type" v="public"/>
  <tag k="operator:wikidata" v="Q18169"/>
  <tag k="operator:wikipedia" v="en:Korail"/>
  <tag k="public_transport" v="stop_position"/>
  <tag k="railway" v="stop"/>
  <tag k="ref" v="K272"/>
  <tag k="train" v="yes"/>
 </node>
 <node id="7915217629" visible="true" version="1" changeset="91013212" timestamp="2020-09-17T02:48:02Z" user="user_5239402" uid="5239402" lat="37.4766586" lon="126.6173323"/>
 <node id="7933863142" visible="true" version="3" changeset="177667049" timestamp="2026-01-25T02:25:46Z" user="aaei924" uid="10626814" lat="37.4397554" lon="126.6488869">
  <tag k="construction" v="stop_position"/>
  <tag k="name" v="학익"/>
  <tag k="name:en" v="Hagik"/>
  <tag k="name:ko" v="학익"/>
  <tag k="network" v="수도권 전철"/>
  <tag k="operator" v="한국철도공사"/>
  <tag k="operator:en" v="Korea Railroad Corporation"/>
  <tag k="operator:ko" v="한국철도공사"/>
  <tag k="operator:short" v="KORAIL"/>
  <tag k="operator:type" v="public"/>
  <tag k="operator:wikidata" v="Q18169"/>
  <tag k="operator:wikipedia" v="en:Korail"/>
  <tag k="public_transport" v="stop_position"/>
  <tag k="railway" v="construction"/>
  <tag k="ref" v="K268"/>
  <tag k="train" v="yes"/>
 </node>
 <node id="7933863143" visible="true" version="3" changeset="177667049" timestamp="2026-01-25T02:25:46Z" user="aaei924" uid="10626814" lat="37.4379005" lon="126.6483599">
  <tag k="construction" v="stop_position"/>
  <tag k="name" v="학익"/>
  <tag k="name:en" v="Hagik"/>
  <tag k="name:ko" v="학익"/>
  <tag k="network" v="수도권 전철"/>
  <tag k="operator" v="한국철도공사"/>
  <tag k="operator:en" v="Korea Railroad Corporation"/>
  <tag k="operator:ko" v="한국철도공사"/>
  <tag k="operator:short" v="KORAIL"/>
  <tag k="operator:type" v="public"/>
  <tag k="operator:wikidata" v="Q18169"/>
  <tag k="operator:wikipedia" v="en:Korail"/>
  <tag k="public_transport" v="stop_position"/>
  <tag k="railway" v="construction"/>
  <tag k="ref" v="K268"/>
  <tag k="train" v="yes"/>
 </node>
 <node id="7933863144" visible="true" version="1" changeset="91351334" timestamp="2020-09-23T08:52:04Z" user="user_5239402" uid="5239402" lat="37.4389627" lon="126.6486375"/>
 <node id="8064014296" visible="true" version="3" changeset="185047938" timestamp="2026-07-03T15:51:48Z" user="BLUE LIME" uid="22330927" lat="37.4522282" lon="126.6575522">
  <tag k="brand" v="세븐일레븐"/>
  <tag k="brand:en" v="7-Eleven"/>
  <tag k="brand:ko" v="세븐일레븐"/>
  <tag k="brand:wikidata" v="Q259340"/>
  <tag k="name" v="세븐일레븐"/>
  <tag k="name:en" v="7-Eleven"/>
  <tag k="name:ko" v="세븐일레븐"/>
  <tag k="shop" v="convenience"/>
 </node>
 <node id="8239087924" visible="true" version="1" changeset="96035682" timestamp="2020-12-18T03:06:10Z" user="디토디토" uid="12332171" lat="37.4543208" lon="126.6601466">
  <tag k="direction" v="73"/>
  <tag k="highway" v="speed_camera"/>
  <tag k="maxspeed" v="70"/>
 </node>
 <node id="8411336300" visible="true" version="1" changeset="99033130" timestamp="2021-02-10T10:16:31Z" user="jafarbeek" uid="12333599" lat="37.4535716" lon="126.6589900"/>
 <node id="8411336301" visible="true" version="1" changeset="99033130" timestamp="2021-02-10T10:16:31Z" user="jafarbeek" uid="12333599" lat="37.4533929" lon="126.6590262"/>
 <node id="8411336302" visible="true" version="1" changeset="99033130" timestamp="2021-02-10T10:16:31Z" user="jafarbeek" uid="12333599" lat="37.4535000" lon="126.6589102"/>
 <node id="8411336303" visible="true" version="1" changeset="99033130" timestamp="2021-02-10T10:16:31Z" user="jafarbeek" uid="12333599" lat="37.4533840" lon="126.6591611"/>
 <node id="8411336304" visible="true" version="1" changeset="99033130" timestamp="2021-02-10T10:16:31Z" user="jafarbeek" uid="12333599" lat="37.4533840" lon="126.6590754"/>
 <node id="8411336305" visible="true" version="1" changeset="99033130" timestamp="2021-02-10T10:16:31Z" user="jafarbeek" uid="12333599" lat="37.4534319" lon="126.6592793"/>
 <node id="8411336306" visible="true" version="1" changeset="99033130" timestamp="2021-02-10T10:16:31Z" user="jafarbeek" uid="12333599" lat="37.4534994" lon="126.6592539"/>
 <node id="8411336307" visible="true" version="1" changeset="99033130" timestamp="2021-02-10T10:16:31Z" user="jafarbeek" uid="12333599" lat="37.4534725" lon="126.6591126"/>
 <node id="8411370365" visible="true" version="2" changeset="99033910" timestamp="2021-02-10T10:27:36Z" user="jafarbeek" uid="12333599" lat="37.4496712" lon="126.6565326">
  <tag k="amenity" v="place_of_worship"/>
  <tag k="denomination" v="sunni"/>
  <tag k="name" v="Room for Namaz (Islamic praying)"/>
  <tag k="religion" v="muslim"/>
 </node>
 <node id="8411374837" visible="true" version="2" changeset="120825016" timestamp="2022-05-11T07:36:59Z" user="jafarbeek" uid="12333599" lat="37.4510905" lon="126.6579837"/>
 <node id="8411374838" visible="true" version="2" changeset="120825016" timestamp="2022-05-11T07:36:59Z" user="jafarbeek" uid="12333599" lat="37.4510546" lon="126.6580939"/>
 <node id="8411374839" visible="true" version="2" changeset="120825016" timestamp="2022-05-11T07:36:59Z" user="jafarbeek" uid="12333599" lat="37.4511301" lon="126.6581329"/>
 <node id="8411374840" visible="true" version="2" changeset="120825016" timestamp="2022-05-11T07:36:59Z" user="jafarbeek" uid="12333599" lat="37.4511660" lon="126.6580227"/>
 <node id="8687774327" visible="true" version="1" changeset="103952854" timestamp="2021-05-01T11:37:56Z" user="pehrelax" uid="3805548" lat="37.4521058" lon="126.6528558"/>
 <node id="8687774328" visible="true" version="1" changeset="103952854" timestamp="2021-05-01T11:37:56Z" user="pehrelax" uid="3805548" lat="37.4520187" lon="126.6524453"/>
 <node id="8706838032" visible="true" version="1" changeset="104263450" timestamp="2021-05-06T15:54:56Z" user="7684F217EA19BA8FA19C3D74" uid="5222005" lat="37.4398288" lon="126.6708874"/>
 <node id="8706838042" visible="true" version="1" changeset="104263450" timestamp="2021-05-06T15:54:56Z" user="7684F217EA19BA8FA19C3D74" uid="5222005" lat="37.4395807" lon="126.6738829"/>
 <node id="8706864816" visible="true" version="1" changeset="104264337" timestamp="2021-05-06T16:15:25Z" user="7684F217EA19BA8FA19C3D74" uid="5222005" lat="37.4543364" lon="126.6612756"/>
 <node id="8706895017" visible="true" version="1" changeset="104264337" timestamp="2021-05-06T16:15:25Z" user="7684F217EA19BA8FA19C3D74" uid="5222005" lat="37.4542396" lon="126.6608808"/>
 <node id="8706895026" visible="true" version="2" changeset="142213495" timestamp="2023-10-06T03:59:16Z" user="aaei924" uid="10626814" lat="37.4545390" lon="126.6606636"/>
 <node id="8706895032" visible="true" version="2" changeset="142213495" timestamp="2023-10-06T03:59:16Z" user="aaei924" uid="10626814" lat="37.4544388" lon="126.6602751"/>
 <node id="8706895033" visible="true" version="1" changeset="104264337" timestamp="2021-05-06T16:15:25Z" user="7684F217EA19BA8FA19C3D74" uid="5222005" lat="37.4533053" lon="126.6589604"/>
 <node id="8841043778" visible="true" version="1" changeset="106507339" timestamp="2021-06-17T06:43:43Z" user="icemango" uid="3654695" lat="37.4449722" lon="126.6484450"/>
 <node id="8956947365" visible="true" version="2" changeset="126729666" timestamp="2022-09-28T08:48:36Z" user="oldman Jang" uid="17260371" lat="37.4507889" lon="126.6556296"/>
 <node id="8956947366" visible="true" version="2" changeset="126729666" timestamp="2022-09-28T08:48:36Z" user="oldman Jang" uid="17260371" lat="37.4506138" lon="126.6555040"/>
 <node id="8956947367" visible="true" version="2" changeset="126729666" timestamp="2022-09-28T08:48:36Z" user="oldman Jang" uid="17260371" lat="37.4506175" lon="126.6554641"/>
 <node id="8956947368" visible="true" version="1" changeset="108754512" timestamp="2021-07-28T11:35:02Z" user="Wudang" uid="10888633" lat="37.4475009" lon="126.6541290"/>
 <node id="8956947369" visible="true" version="1" changeset="108754512" timestamp="2021-07-28T11:35:02Z" user="Wudang" uid="10888633" lat="37.4475153" lon="126.6541229"/>
 <node id="8956947370" visible="true" version="1" changeset="108754512" timestamp="2021-07-28T11:35:02Z" user="Wudang" uid="10888633" lat="37.4476021" lon="126.6542128"/>
 <node id="8956947371" visible="true" version="1" changeset="108754512" timestamp="2021-07-28T11:35:02Z" user="Wudang" uid="10888633" lat="37.4476053" lon="126.6542396"/>
 <node id="8956947373" visible="true" version="2" changeset="126730009" timestamp="2022-09-28T08:55:58Z" user="oldman Jang" uid="17260371" lat="37.4483320" lon="126.6526055"/>
 <node id="8956947375" visible="true" version="1" changeset="108754512" timestamp="2021-07-28T11:35:02Z" user="Wudang" uid="10888633" lat="37.4479642" lon="126.6523159"/>
 <node id="8956947377" visible="true" version="2" changeset="126730009" timestamp="2022-09-28T08:55:58Z" user="oldman Jang" uid="17260371" lat="37.4481004" lon="126.6521954"/>
 <node id="9659463900" visible="true" version="2" changeset="164283310" timestamp="2025-03-30T11:32:51Z" user="Wolframite74" uid="20102979" lat="37.4453647" lon="126.6501065">
  <tag k="crossing" v="marked"/>
  <tag k="crossing:markings" v="yes"/>
  <tag k="highway" v="crossing"/>
 </node>
 <node id="9694405990" visible="true" version="1" changeset="120197728" timestamp="2022-04-26T07:31:04Z" user="jafarbeek" uid="12333599" lat="37.4475547" lon="126.6552355">
  <tag k="amenity" v="cafe"/>
  <tag k="name" v="Cafe Dream"/>
 </node>
 <node id="9695049398" visible="true" version="1" changeset="120211212" timestamp="2022-04-26T12:34:02Z" user="jafarbeek" uid="12333599" lat="37.4514151" lon="126.6587259">
  <tag k="amenity" v="restaurant"/>
  <tag k="cuisine" v="chicken"/>
  <tag k="name" v="Thunder Chicken"/>
 </node>
 <node id="9695063827" visible="true" version="3" changeset="185047938" timestamp="2026-07-03T15:51:48Z" user="BLUE LIME" uid="22330927" lat="37.4531569" lon="126.6576746">
  <tag k="amenity" v="restaurant"/>
  <tag k="cuisine" v="mexican"/>
  <tag k="diet:halal" v="yes"/>
  <tag k="name" v="Uzkebab"/>
 </node>
 <node id="9695063828" visible="true" version="2" changeset="164283310" timestamp="2025-03-30T11:32:51Z" user="Wolframite74" uid="20102979" lat="37.4512363" lon="126.6588227">
  <tag k="brand" v="GS25"/>
  <tag k="brand:wikidata" v="Q624041"/>
  <tag k="name" v="GS25"/>
  <tag k="shop" v="convenience"/>
 </node>
 <node id="9731905053" visible="true" version="1" changeset="120825016" timestamp="2022-05-11T07:36:59Z" user="jafarbeek" uid="12333599" lat="37.4511917" lon="126.6577899">
  <tag k="amenity" v="restaurant"/>
  <tag k="name" v="맛사랑"/>
 </node>
 <node id="9731905054" visible="true" version="1" changeset="120825016" timestamp="2022-05-11T07:36:59Z" user="jafarbeek" uid="12333599" lat="37.4511579" lon="126.6579317">
  <tag k="amenity" v="cafe"/>
  <tag k="name" v="SoBling"/>
 </node>
 <node id="9731905055" visible="true" version="1" changeset="120825016" timestamp="2022-05-11T07:36:59Z" user="jafarbeek" uid="12333599" lat="37.4512170" lon="126.6576624">
  <tag k="amenity" v="restaurant"/>
  <tag k="name" v="삼삼오오"/>
 </node>
 <node id="9731905056" visible="true" version="1" changeset="120825016" timestamp="2022-05-11T07:36:59Z" user="jafarbeek" uid="12333599" lat="37.4510835" lon="126.6581632">
  <tag k="amenity" v="cafe"/>
  <tag k="name" v="Hodabang"/>
 </node>
 <node id="9731905057" visible="true" version="2" changeset="185045963" timestamp="2026-07-03T15:16:31Z" user="BLUE LIME" uid="22330927" lat="37.4513387" lon="126.6576791">
  <tag k="amenity" v="restaurant"/>
  <tag k="name" v="이모떡"/>
 </node>
 <node id="9731905058" visible="true" version="2" changeset="185045963" timestamp="2026-07-03T15:16:31Z" user="BLUE LIME" uid="22330927" lat="37.4512661" lon="126.6579820">
  <tag k="amenity" v="restaurant"/>
  <tag k="name" v="포케품은초밥"/>
 </node>
 <node id="9767076578" visible="true" version="1" changeset="121423336" timestamp="2022-05-24T13:01:40Z" user="chang hyeon" uid="16074147" lat="37.4506113" lon="126.6543780"/>
 <node id="9767086762" visible="true" version="1" changeset="121423393" timestamp="2022-05-24T13:02:55Z" user="chang hyeon" uid="16074147" lat="37.4509946" lon="126.6558381">
  <tag k="entrance" v="entrance"/>
  <tag k="ref" v="2호관 북쪽입구"/>
 </node>
 <node id="9767086763" visible="true" version="1" changeset="121423393" timestamp="2022-05-24T13:02:55Z" user="chang hyeon" uid="16074147" lat="37.4511371" lon="126.6559488"/>
 <node id="9767095616" visible="true" version="1" changeset="121423205" timestamp="2022-05-24T12:58:48Z" user="chang hyeon" uid="16074147" lat="37.4505569" lon="126.6553956">
  <tag k="entrance" v="entrance"/>
  <tag k="level" v="1"/>
  <tag k="ref" v="4호관 북쪽입구"/>
 </node>
 <node id="9767118837" visible="true" version="1" changeset="121423295" timestamp="2022-05-24T13:00:41Z" user="chang hyeon" uid="16074147" lat="37.4503464" lon="126.6549830">
  <tag k="entrance" v="yes"/>
  <tag k="ref" v="4호관 서쪽 입구"/>
 </node>
 <node id="9767122969" visible="true" version="1" changeset="121423543" timestamp="2022-05-24T13:06:22Z" user="chang hyeon" uid="16074147" lat="37.4496712" lon="126.6563688">
  <tag k="entrance" v="entrance"/>
  <tag k="ref" v="비룡플라자 입구1"/>
 </node>
 <node id="9767122970" visible="true" version="1" changeset="121423543" timestamp="2022-05-24T13:06:22Z" user="chang hyeon" uid="16074147" lat="37.4491754" lon="126.6563578">
  <tag k="entrance" v="yes"/>
  <tag k="ref" v="비룡플라자 입구2"/>
 </node>
 <node id="9767122971" visible="true" version="1" changeset="121423543" timestamp="2022-05-24T13:06:22Z" user="chang hyeon" uid="16074147" lat="37.4497847" lon="126.6562594"/>
 <node id="9767128851" visible="true" version="1" changeset="121423661" timestamp="2022-05-24T13:08:28Z" user="chang hyeon" uid="16074147" lat="37.4514446" lon="126.6541637">
  <tag k="entrance" v="yes"/>
  <tag k="ref" v="5북 입구"/>
 </node>
 <node id="9767128852" visible="true" version="1" changeset="121423661" timestamp="2022-05-24T13:08:28Z" user="chang hyeon" uid="16074147" lat="37.4509699" lon="126.6538932">
  <tag k="entrance" v="entrance"/>
  <tag k="ref" v="5동 입구"/>
 </node>
 <node id="9767128853" visible="true" version="1" changeset="121423661" timestamp="2022-05-24T13:08:28Z" user="chang hyeon" uid="16074147" lat="37.4509215" lon="126.6540495"/>
 <node id="9767128854" visible="true" version="1" changeset="121423661" timestamp="2022-05-24T13:08:28Z" user="chang hyeon" uid="16074147" lat="37.4513665" lon="126.6543714"/>
 <node id="9767141262" visible="true" version="2" changeset="126731102" timestamp="2022-09-28T09:22:47Z" user="oldman Jang" uid="17260371" lat="37.4509034" lon="126.6541926">
  <tag k="entrance" v="entrance"/>
  <tag k="ref" v="60주년 입구"/>
 </node>
 <node id="9769489905" visible="true" version="1" changeset="121469999" timestamp="2022-05-25T11:03:33Z" user="chang hyeon" uid="16074147" lat="37.4497945" lon="126.6547524"/>
 <node id="9769489906" visible="true" version="3" changeset="126737957" timestamp="2022-09-28T12:07:26Z" user="oldman Jang" uid="17260371" lat="37.4496720" lon="126.6546693"/>
 <node id="10057989143" visible="true" version="1" changeset="126728958" timestamp="2022-09-28T08:33:04Z" user="oldman Jang" uid="17260371" lat="37.4523428" lon="126.6555276"/>
 <node id="10057989144" visible="true" version="1" changeset="126728958" timestamp="2022-09-28T08:33:04Z" user="oldman Jang" uid="17260371" lat="37.4522839" lon="126.6557705"/>
 <node id="10057989145" visible="true" version="1" changeset="126728958" timestamp="2022-09-28T08:33:04Z" user="oldman Jang" uid="17260371" lat="37.4524243" lon="126.6558345"/>
 <node id="10057989146" visible="true" version="1" changeset="126728958" timestamp="2022-09-28T08:33:04Z" user="oldman Jang" uid="17260371" lat="37.4524550" lon="126.6557064"/>
 <node id="10057989147" visible="true" version="1" changeset="126728958" timestamp="2022-09-28T08:33:04Z" user="oldman Jang" uid="17260371" lat="37.4524380" lon="126.6556983"/>
 <node id="10057989148" visible="true" version="1" changeset="126728958" timestamp="2022-09-28T08:33:04Z" user="oldman Jang" uid="17260371" lat="37.4524477" lon="126.6556536"/>
 <node id="10057989149" visible="true" version="1" changeset="126728958" timestamp="2022-09-28T08:33:04Z" user="oldman Jang" uid="17260371" lat="37.4524122" lon="126.6556394"/>
 <node id="10057989150" visible="true" version="1" changeset="126728958" timestamp="2022-09-28T08:33:04Z" user="oldman Jang" uid="17260371" lat="37.4524316" lon="126.6555652"/>
 <node id="10057989151" visible="true" version="1" changeset="126728958" timestamp="2022-09-28T08:33:04Z" user="oldman Jang" uid="17260371" lat="37.4520887" lon="126.6558514"/>
 <node id="10057989152" visible="true" version="1" changeset="126728958" timestamp="2022-09-28T08:33:04Z" user="oldman Jang" uid="17260371" lat="37.4524082" lon="126.6559798"/>
 <node id="10057989153" visible="true" version="1" changeset="126728958" timestamp="2022-09-28T08:33:04Z" user="oldman Jang" uid="17260371" lat="37.4525584" lon="126.6559249"/>
 <node id="10057989154" visible="true" version="1" changeset="126728958" timestamp="2022-09-28T08:33:04Z" user="oldman Jang" uid="17260371" lat="37.4523388" lon="126.6551159"/>
 <node id="10057989155" visible="true" version="1" changeset="126728958" timestamp="2022-09-28T08:33:04Z" user="oldman Jang" uid="17260371" lat="37.4522985" lon="126.6551098"/>
 <node id="10057989156" visible="true" version="1" changeset="126728958" timestamp="2022-09-28T08:33:04Z" user="oldman Jang" uid="17260371" lat="37.4522646" lon="126.6552267"/>
 <node id="10057989157" visible="true" version="1" changeset="126728958" timestamp="2022-09-28T08:33:04Z" user="oldman Jang" uid="17260371" lat="37.4523678" lon="126.6552288"/>
 <node id="10058049420" visible="true" version="1" changeset="126729666" timestamp="2022-09-28T08:48:36Z" user="oldman Jang" uid="17260371" lat="37.4508504" lon="126.6554622"/>
 <node id="10058049421" visible="true" version="1" changeset="126729666" timestamp="2022-09-28T08:48:36Z" user="oldman Jang" uid="17260371" lat="37.4503235" lon="126.6548820"/>
 <node id="10058049422" visible="true" version="1" changeset="126729666" timestamp="2022-09-28T08:48:36Z" user="oldman Jang" uid="17260371" lat="37.4492222" lon="126.6554359"/>
 <node id="10058049423" visible="true" version="2" changeset="126731102" timestamp="2022-09-28T09:22:47Z" user="oldman Jang" uid="17260371" lat="37.4479324" lon="126.6550075"/>
 <node id="10058049424" visible="true" version="1" changeset="126729666" timestamp="2022-09-28T08:48:36Z" user="oldman Jang" uid="17260371" lat="37.4473023" lon="126.6539824"/>
 <node id="10058049425" visible="true" version="1" changeset="126729666" timestamp="2022-09-28T08:48:36Z" user="oldman Jang" uid="17260371" lat="37.4474203" lon="126.6540679"/>
 <node id="10058049426" visible="true" version="1" changeset="126729666" timestamp="2022-09-28T08:48:36Z" user="oldman Jang" uid="17260371" lat="37.4474147" lon="126.6540826"/>
 <node id="10058049427" visible="true" version="1" changeset="126729666" timestamp="2022-09-28T08:48:36Z" user="oldman Jang" uid="17260371" lat="37.4474314" lon="126.6540963"/>
 <node id="10058049428" visible="true" version="1" changeset="126729666" timestamp="2022-09-28T08:48:36Z" user="oldman Jang" uid="17260371" lat="37.4474377" lon="126.6541443"/>
 <node id="10058049429" visible="true" version="1" changeset="126729666" timestamp="2022-09-28T08:48:36Z" user="oldman Jang" uid="17260371" lat="37.4473626" lon="126.6543753"/>
 <node id="10058049430" visible="true" version="1" changeset="126729666" timestamp="2022-09-28T08:48:36Z" user="oldman Jang" uid="17260371" lat="37.4473004" lon="126.6548485"/>
 <node id="10058049431" visible="true" version="2" changeset="142487675" timestamp="2023-10-12T16:20:24Z" user="aaei924" uid="10626814" lat="37.4468509" lon="126.6544119"/>
 <node id="10058056496" visible="true" version="1" changeset="126730009" timestamp="2022-09-28T08:55:58Z" user="oldman Jang" uid="17260371" lat="37.4480083" lon="126.6524007"/>
 <node id="10058056497" visible="true" version="1" changeset="126730009" timestamp="2022-09-28T08:55:58Z" user="oldman Jang" uid="17260371" lat="37.4481866" lon="126.6528221"/>
 <node id="10058056498" visible="true" version="1" changeset="126730009" timestamp="2022-09-28T08:55:58Z" user="oldman Jang" uid="17260371" lat="37.4485087" lon="126.6525739"/>
 <node id="10058056499" visible="true" version="1" changeset="126730009" timestamp="2022-09-28T08:55:58Z" user="oldman Jang" uid="17260371" lat="37.4484826" lon="126.6525887"/>
 <node id="10058056500" visible="true" version="2" changeset="126737957" timestamp="2022-09-28T12:07:26Z" user="oldman Jang" uid="17260371" lat="37.4490101" lon="126.6501274"/>
 <node id="10058056501" visible="true" version="2" changeset="126737957" timestamp="2022-09-28T12:07:26Z" user="oldman Jang" uid="17260371" lat="37.4474272" lon="126.6533860"/>
 <node id="10058101209" visible="true" version="1" changeset="126731102" timestamp="2022-09-28T09:22:47Z" user="oldman Jang" uid="17260371" lat="37.4504036" lon="126.6548384"/>
 <node id="10058101210" visible="true" version="1" changeset="126731102" timestamp="2022-09-28T09:22:47Z" user="oldman Jang" uid="17260371" lat="37.4502892" lon="126.6547597"/>
 <node id="10058101211" visible="true" version="1" changeset="126731102" timestamp="2022-09-28T09:22:47Z" user="oldman Jang" uid="17260371" lat="37.4506687" lon="126.6536823">
  <tag k="access" v="permit"/>
  <tag k="description" v="5동 남측 출입구"/>
  <tag k="door" v="hinged"/>
  <tag k="entrance" v="yes"/>
 </node>
 <node id="10058101212" visible="true" version="1" changeset="126731102" timestamp="2022-09-28T09:22:47Z" user="oldman Jang" uid="17260371" lat="37.4506236" lon="126.6530126">
  <tag k="description" v="5남 주출입구"/>
  <tag k="door" v="automatic"/>
  <tag k="entrance" v="gate"/>
  <tag k="level" v="1"/>
  <tag k="wheelchair" v="yes"/>
 </node>
 <node id="10058101213" visible="true" version="1" changeset="126731102" timestamp="2022-09-28T09:22:47Z" user="oldman Jang" uid="17260371" lat="37.4500506" lon="126.6548306">
  <tag k="access" v="permit"/>
  <tag k="door" v="automatic"/>
  <tag k="entrance" v="entrance"/>
  <tag k="level" v="1"/>
  <tag k="ref" v="2호관 남쪽 출입구"/>
  <tag k="wheelchair" v="yes"/>
 </node>
 <node id="10058101214" visible="true" version="1" changeset="126731102" timestamp="2022-09-28T09:22:47Z" user="oldman Jang" uid="17260371" lat="37.4502393" lon="126.6557078">
  <tag k="access" v="permit"/>
  <tag k="door" v="hinged"/>
  <tag k="entrance" v="entrance"/>
  <tag k="level" v="2"/>
  <tag k="ref" v="2호관 동쪽 출입구"/>
  <tag k="wheelchair" v="limited"/>
 </node>
 <node id="10058101215" visible="true" version="1" changeset="126731102" timestamp="2022-09-28T09:22:47Z" user="oldman Jang" uid="17260371" lat="37.4503931" lon="126.6543242">
  <tag k="access" v="permit"/>
  <tag k="door" v="hinged"/>
  <tag k="entrance" v="entrance"/>
  <tag k="level" v="1"/>
  <tag k="ref" v="2남관 서쪽 출입구"/>
  <tag k="wheelchair" v="no"/>
 </node>
 <node id="10058101216" visible="true" version="1" changeset="126731102" timestamp="2022-09-28T09:22:47Z" user="oldman Jang" uid="17260371" lat="37.4502289" lon="126.6548956"/>
 <node id="10058120917" visible="true" version="1" changeset="126731102" timestamp="2022-09-28T09:22:47Z" user="oldman Jang" uid="17260371" lat="37.4501200" lon="126.6551468"/>
 <node id="10058120918" visible="true" version="1" changeset="126731102" timestamp="2022-09-28T09:22:47Z" user="oldman Jang" uid="17260371" lat="37.4502667" lon="126.6549247">
  <tag k="access" v="permit"/>
  <tag k="door" v="hinged"/>
  <tag k="entrance" v="entrance"/>
  <tag k="level" v="2"/>
  <tag k="ref" v="2남관 북쪽 출입구"/>
 </node>
 <node id="10058120919" visible="true" version="1" changeset="126731102" timestamp="2022-09-28T09:22:47Z" user="oldman Jang" uid="17260371" lat="37.4504961" lon="126.6543983">
  <tag k="access" v="private"/>
  <tag k="door" v="shutter"/>
  <tag k="entrance" v="gate"/>
  <tag k="level" v="1"/>
  <tag k="ref" v="2호관 구조시험동 입구"/>
  <tag k="wheelchair" v="no"/>
 </node>
 <node id="10058120920" visible="true" version="2" changeset="126902296" timestamp="2022-10-02T16:59:05Z" user="oldman Jang" uid="17260371" lat="37.4517294" lon="126.6559989"/>
 <node id="10058120921" visible="true" version="1" changeset="126731102" timestamp="2022-09-28T09:22:47Z" user="oldman Jang" uid="17260371" lat="37.4517811" lon="126.6558320"/>
 <node id="10058120923" visible="true" version="1" changeset="126731102" timestamp="2022-09-28T09:22:47Z" user="oldman Jang" uid="17260371" lat="37.4514220" lon="126.6570936"/>
 <node id="10058120924" visible="true" version="1" changeset="126731102" timestamp="2022-09-28T09:22:47Z" user="oldman Jang" uid="17260371" lat="37.4512721" lon="126.6564433"/>
 <node id="10058120925" visible="true" version="1" changeset="126731102" timestamp="2022-09-28T09:22:47Z" user="oldman Jang" uid="17260371" lat="37.4518665" lon="126.6567077"/>
 <node id="10058120926" visible="true" version="1" changeset="126731102" timestamp="2022-09-28T09:22:47Z" user="oldman Jang" uid="17260371" lat="37.4515677" lon="126.6565748"/>
 <node id="10058120927" visible="true" version="1" changeset="126731102" timestamp="2022-09-28T09:22:47Z" user="oldman Jang" uid="17260371" lat="37.4518210" lon="126.6568874"/>
 <node id="10058120928" visible="true" version="1" changeset="126731102" timestamp="2022-09-28T09:22:47Z" user="oldman Jang" uid="17260371" lat="37.4523462" lon="126.6571024"/>
 <node id="10058120929" visible="true" version="1" changeset="126731102" timestamp="2022-09-28T09:22:47Z" user="oldman Jang" uid="17260371" lat="37.4510909" lon="126.6584834"/>
 <node id="10058120930" visible="true" version="1" changeset="126731102" timestamp="2022-09-28T09:22:47Z" user="oldman Jang" uid="17260371" lat="37.4512287" lon="126.6579049"/>
 <node id="10058120931" visible="true" version="1" changeset="126731102" timestamp="2022-09-28T09:22:47Z" user="oldman Jang" uid="17260371" lat="37.4509290" lon="126.6577590"/>
 <node id="10058120932" visible="true" version="1" changeset="126731102" timestamp="2022-09-28T09:22:47Z" user="oldman Jang" uid="17260371" lat="37.4511933" lon="126.6580533"/>
 <node id="10058120933" visible="true" version="1" changeset="126731102" timestamp="2022-09-28T09:22:47Z" user="oldman Jang" uid="17260371" lat="37.4514793" lon="126.6581758"/>
 <node id="10058120934" visible="true" version="1" changeset="126731102" timestamp="2022-09-28T09:22:47Z" user="oldman Jang" uid="17260371" lat="37.4502634" lon="126.6534912"/>
 <node id="10058120935" visible="true" version="1" changeset="126731102" timestamp="2022-09-28T09:22:47Z" user="oldman Jang" uid="17260371" lat="37.4501640" lon="126.6534540"/>
 <node id="10058120936" visible="true" version="1" changeset="126731102" timestamp="2022-09-28T09:22:47Z" user="oldman Jang" uid="17260371" lat="37.4503513" lon="126.6540524"/>
 <node id="10058120937" visible="true" version="1" changeset="126731102" timestamp="2022-09-28T09:22:47Z" user="oldman Jang" uid="17260371" lat="37.4503237" lon="126.6539814"/>
 <node id="10058120938" visible="true" version="2" changeset="173076972" timestamp="2025-10-10T05:35:01Z" user="JSon0507" uid="22656175" lat="37.4502714" lon="126.6538774">
  <tag k="access" v="customers"/>
  <tag k="door" v="hinged"/>
  <tag k="entrance" v="entrance"/>
  <tag k="level" v="2"/>
  <tag k="ref" v="Grazie 입구"/>
  <tag k="wheelchair" v="yes"/>
 </node>
 <node id="10058120939" visible="true" version="1" changeset="126731102" timestamp="2022-09-28T09:22:47Z" user="oldman Jang" uid="17260371" lat="37.4478307" lon="126.6545177"/>
 <node id="10058120940" visible="true" version="1" changeset="126731102" timestamp="2022-09-28T09:22:47Z" user="oldman Jang" uid="17260371" lat="37.4479814" lon="126.6551022"/>
 <node id="10058120941" visible="true" version="1" changeset="126731102" timestamp="2022-09-28T09:22:47Z" user="oldman Jang" uid="17260371" lat="37.4486779" lon="126.6555811"/>
 <node id="10058120942" visible="true" version="1" changeset="126731102" timestamp="2022-09-28T09:22:47Z" user="oldman Jang" uid="17260371" lat="37.4485545" lon="126.6555737"/>
 <node id="10058120943" visible="true" version="1" changeset="126731102" timestamp="2022-09-28T09:22:47Z" user="oldman Jang" uid="17260371" lat="37.4492609" lon="126.6555804"/>
 <node id="10058120944" visible="true" version="1" changeset="126731102" timestamp="2022-09-28T09:22:47Z" user="oldman Jang" uid="17260371" lat="37.4491594" lon="126.6558442"/>
 <node id="10058120945" visible="true" version="1" changeset="126731102" timestamp="2022-09-28T09:22:47Z" user="oldman Jang" uid="17260371" lat="37.4487017" lon="126.6555223"/>
 <node id="10058120946" visible="true" version="1" changeset="126731102" timestamp="2022-09-28T09:22:47Z" user="oldman Jang" uid="17260371" lat="37.4488183" lon="126.6552706"/>
 <node id="10058120947" visible="true" version="1" changeset="126731102" timestamp="2022-09-28T09:22:47Z" user="oldman Jang" uid="17260371" lat="37.4496879" lon="126.6547630"/>
 <node id="10058460584" visible="true" version="1" changeset="126737957" timestamp="2022-09-28T12:07:26Z" user="oldman Jang" uid="17260371" lat="37.4493095" lon="126.6499295"/>
 <node id="10058460585" visible="true" version="1" changeset="126737957" timestamp="2022-09-28T12:07:26Z" user="oldman Jang" uid="17260371" lat="37.4498464" lon="126.6496642"/>
 <node id="10058460586" visible="true" version="1" changeset="126737957" timestamp="2022-09-28T12:07:26Z" user="oldman Jang" uid="17260371" lat="37.4504076" lon="126.6493324"/>
 <node id="10058460587" visible="true" version="1" changeset="126737957" timestamp="2022-09-28T12:07:26Z" user="oldman Jang" uid="17260371" lat="37.4521045" lon="126.6530797"/>
 <node id="10058460588" visible="true" version="1" changeset="126737957" timestamp="2022-09-28T12:07:26Z" user="oldman Jang" uid="17260371" lat="37.4518765" lon="126.6536373"/>
 <node id="10058460589" visible="true" version="1" changeset="126737957" timestamp="2022-09-28T12:07:26Z" user="oldman Jang" uid="17260371" lat="37.4484277" lon="126.6531039">
  <tag k="natural" v="tree"/>
 </node>
 <node id="10058460590" visible="true" version="1" changeset="126737957" timestamp="2022-09-28T12:07:26Z" user="oldman Jang" uid="17260371" lat="37.4494854" lon="126.6533241"/>
 <node id="10058460591" visible="true" version="1" changeset="126737957" timestamp="2022-09-28T12:07:26Z" user="oldman Jang" uid="17260371" lat="37.4494554" lon="126.6532716"/>
 <node id="10058460592" visible="true" version="1" changeset="126737957" timestamp="2022-09-28T12:07:26Z" user="oldman Jang" uid="17260371" lat="37.4491683" lon="126.6531601"/>
 <node id="10058460593" visible="true" version="1" changeset="126737957" timestamp="2022-09-28T12:07:26Z" user="oldman Jang" uid="17260371" lat="37.4492210" lon="126.6531284"/>
 <node id="10058460594" visible="true" version="1" changeset="126737957" timestamp="2022-09-28T12:07:26Z" user="oldman Jang" uid="17260371" lat="37.4486497" lon="126.6555227"/>
 <node id="10058460595" visible="true" version="1" changeset="126737957" timestamp="2022-09-28T12:07:26Z" user="oldman Jang" uid="17260371" lat="37.4476374" lon="126.6533223"/>
 <node id="10058460596" visible="true" version="1" changeset="126737957" timestamp="2022-09-28T12:07:26Z" user="oldman Jang" uid="17260371" lat="37.4475770" lon="126.6533426"/>
 <node id="10058460597" visible="true" version="1" changeset="126737957" timestamp="2022-09-28T12:07:26Z" user="oldman Jang" uid="17260371" lat="37.4475907" lon="126.6534187"/>
 <node id="10058460598" visible="true" version="1" changeset="126737957" timestamp="2022-09-28T12:07:26Z" user="oldman Jang" uid="17260371" lat="37.4476525" lon="126.6534010"/>
 <node id="10058460599" visible="true" version="1" changeset="126737957" timestamp="2022-09-28T12:07:26Z" user="oldman Jang" uid="17260371" lat="37.4485842" lon="126.6521176"/>
 <node id="10058460600" visible="true" version="1" changeset="126737957" timestamp="2022-09-28T12:07:26Z" user="oldman Jang" uid="17260371" lat="37.4485476" lon="126.6523061"/>
 <node id="10058460601" visible="true" version="1" changeset="126737957" timestamp="2022-09-28T12:07:26Z" user="oldman Jang" uid="17260371" lat="37.4505316" lon="126.6521137"/>
 <node id="10058460602" visible="true" version="1" changeset="126737957" timestamp="2022-09-28T12:07:26Z" user="oldman Jang" uid="17260371" lat="37.4503873" lon="126.6520224"/>
 <node id="10058460603" visible="true" version="1" changeset="126737957" timestamp="2022-09-28T12:07:26Z" user="oldman Jang" uid="17260371" lat="37.4496216" lon="126.6515582"/>
 <node id="10058460604" visible="true" version="1" changeset="126737957" timestamp="2022-09-28T12:07:26Z" user="oldman Jang" uid="17260371" lat="37.4504153" lon="126.6524257"/>
 <node id="10058460605" visible="true" version="1" changeset="126737957" timestamp="2022-09-28T12:07:26Z" user="oldman Jang" uid="17260371" lat="37.4502590" lon="126.6523271"/>
 <node id="10058460606" visible="true" version="1" changeset="126737957" timestamp="2022-09-28T12:07:26Z" user="oldman Jang" uid="17260371" lat="37.4502919" lon="126.6522444"/>
 <node id="10058460607" visible="true" version="1" changeset="126737957" timestamp="2022-09-28T12:07:26Z" user="oldman Jang" uid="17260371" lat="37.4502324" lon="126.6522068"/>
 <node id="10058460608" visible="true" version="1" changeset="126737957" timestamp="2022-09-28T12:07:26Z" user="oldman Jang" uid="17260371" lat="37.4501284" lon="126.6524650"/>
 <node id="10058460609" visible="true" version="1" changeset="126737957" timestamp="2022-09-28T12:07:26Z" user="oldman Jang" uid="17260371" lat="37.4503426" lon="126.6526084"/>
 <node id="10058460610" visible="true" version="1" changeset="126737957" timestamp="2022-09-28T12:07:26Z" user="oldman Jang" uid="17260371" lat="37.4505176" lon="126.6521524"/>
 <node id="10058460611" visible="true" version="1" changeset="126737957" timestamp="2022-09-28T12:07:26Z" user="oldman Jang" uid="17260371" lat="37.4503861" lon="126.6520680"/>
 <node id="10058460612" visible="true" version="1" changeset="126737957" timestamp="2022-09-28T12:07:26Z" user="oldman Jang" uid="17260371" lat="37.4502758" lon="126.6523377"/>
 <node id="10058460613" visible="true" version="1" changeset="126737957" timestamp="2022-09-28T12:07:26Z" user="oldman Jang" uid="17260371" lat="37.4503168" lon="126.6522374"/>
 <node id="10058460614" visible="true" version="1" changeset="126737957" timestamp="2022-09-28T12:07:26Z" user="oldman Jang" uid="17260371" lat="37.4502247" lon="126.6521798"/>
 <node id="10058460615" visible="true" version="1" changeset="126737957" timestamp="2022-09-28T12:07:26Z" user="oldman Jang" uid="17260371" lat="37.4500793" lon="126.6525153"/>
 <node id="10058460616" visible="true" version="1" changeset="126737957" timestamp="2022-09-28T12:07:26Z" user="oldman Jang" uid="17260371" lat="37.4503310" lon="126.6523725"/>
 <node id="10058484917" visible="true" version="1" changeset="126737957" timestamp="2022-09-28T12:07:26Z" user="oldman Jang" uid="17260371" lat="37.4502253" lon="126.6526207"/>
 <node id="10058484918" visible="true" version="1" changeset="126737957" timestamp="2022-09-28T12:07:26Z" user="oldman Jang" uid="17260371" lat="37.4503076" lon="126.6519720"/>
 <node id="10058484919" visible="true" version="1" changeset="126737957" timestamp="2022-09-28T12:07:26Z" user="oldman Jang" uid="17260371" lat="37.4495784" lon="126.6517418"/>
 <node id="10058484920" visible="true" version="1" changeset="126737957" timestamp="2022-09-28T12:07:26Z" user="oldman Jang" uid="17260371" lat="37.4495474" lon="126.6520088"/>
 <node id="10058484921" visible="true" version="1" changeset="126737957" timestamp="2022-09-28T12:07:26Z" user="oldman Jang" uid="17260371" lat="37.4497400" lon="126.6515862"/>
 <node id="10058484922" visible="true" version="1" changeset="126737957" timestamp="2022-09-28T12:07:26Z" user="oldman Jang" uid="17260371" lat="37.4496477" lon="126.6517888"/>
 <node id="10058484923" visible="true" version="1" changeset="126737957" timestamp="2022-09-28T12:07:26Z" user="oldman Jang" uid="17260371" lat="37.4496889" lon="126.6521017"/>
 <node id="10058484924" visible="true" version="1" changeset="126737957" timestamp="2022-09-28T12:07:26Z" user="oldman Jang" uid="17260371" lat="37.4498649" lon="126.6516718"/>
 <node id="10058484925" visible="true" version="1" changeset="126737957" timestamp="2022-09-28T12:07:26Z" user="oldman Jang" uid="17260371" lat="37.4497802" lon="126.6518786"/>
 <node id="10058484926" visible="true" version="1" changeset="126737957" timestamp="2022-09-28T12:07:26Z" user="oldman Jang" uid="17260371" lat="37.4499455" lon="126.6522704"/>
 <node id="10058484927" visible="true" version="1" changeset="126737957" timestamp="2022-09-28T12:07:26Z" user="oldman Jang" uid="17260371" lat="37.4501249" lon="126.6518498"/>
 <node id="10058484928" visible="true" version="1" changeset="126737957" timestamp="2022-09-28T12:07:26Z" user="oldman Jang" uid="17260371" lat="37.4500812" lon="126.6523595"/>
 <node id="10058484929" visible="true" version="1" changeset="126737957" timestamp="2022-09-28T12:07:26Z" user="oldman Jang" uid="17260371" lat="37.4501686" lon="126.6521418"/>
 <node id="10058484930" visible="true" version="1" changeset="126737957" timestamp="2022-09-28T12:07:26Z" user="oldman Jang" uid="17260371" lat="37.4508836" lon="126.6510121"/>
 <node id="10058484931" visible="true" version="1" changeset="126737957" timestamp="2022-09-28T12:07:26Z" user="oldman Jang" uid="17260371" lat="37.4509046" lon="126.6512211"/>
 <node id="10058484932" visible="true" version="1" changeset="126737957" timestamp="2022-09-28T12:07:26Z" user="oldman Jang" uid="17260371" lat="37.4509655" lon="126.6513249"/>
 <node id="10058484933" visible="true" version="1" changeset="126737957" timestamp="2022-09-28T12:07:26Z" user="oldman Jang" uid="17260371" lat="37.4513921" lon="126.6502000"/>
 <node id="10058484934" visible="true" version="1" changeset="126737957" timestamp="2022-09-28T12:07:26Z" user="oldman Jang" uid="17260371" lat="37.4512165" lon="126.6497488"/>
 <node id="10058484935" visible="true" version="1" changeset="126737957" timestamp="2022-09-28T12:07:26Z" user="oldman Jang" uid="17260371" lat="37.4510872" lon="126.6495223"/>
 <node id="10058484936" visible="true" version="1" changeset="126737957" timestamp="2022-09-28T12:07:26Z" user="oldman Jang" uid="17260371" lat="37.4508414" lon="126.6492639"/>
 <node id="10058484937" visible="true" version="1" changeset="126737957" timestamp="2022-09-28T12:07:26Z" user="oldman Jang" uid="17260371" lat="37.4507880" lon="126.6492604"/>
 <node id="10058484938" visible="true" version="1" changeset="126737957" timestamp="2022-09-28T12:07:26Z" user="oldman Jang" uid="17260371" lat="37.4506953" lon="126.6493347"/>
 <node id="10058484939" visible="true" version="1" changeset="126737957" timestamp="2022-09-28T12:07:26Z" user="oldman Jang" uid="17260371" lat="37.4506846" lon="126.6493880"/>
 <node id="10058484940" visible="true" version="1" changeset="126737957" timestamp="2022-09-28T12:07:26Z" user="oldman Jang" uid="17260371" lat="37.4507037" lon="126.6495807"/>
 <node id="10058484941" visible="true" version="1" changeset="126737957" timestamp="2022-09-28T12:07:26Z" user="oldman Jang" uid="17260371" lat="37.4511027" lon="126.6499664"/>
 <node id="10058484942" visible="true" version="1" changeset="126737957" timestamp="2022-09-28T12:07:26Z" user="oldman Jang" uid="17260371" lat="37.4511406" lon="126.6501894"/>
 <node id="10058484943" visible="true" version="1" changeset="126737957" timestamp="2022-09-28T12:07:26Z" user="oldman Jang" uid="17260371" lat="37.4508765" lon="126.6507999"/>
 <node id="10058484944" visible="true" version="1" changeset="126737957" timestamp="2022-09-28T12:07:26Z" user="oldman Jang" uid="17260371" lat="37.4502457" lon="126.6498603"/>
 <node id="10058484945" visible="true" version="1" changeset="126737957" timestamp="2022-09-28T12:07:26Z" user="oldman Jang" uid="17260371" lat="37.4500434" lon="126.6502425"/>
 <node id="10058484946" visible="true" version="1" changeset="126737957" timestamp="2022-09-28T12:07:26Z" user="oldman Jang" uid="17260371" lat="37.4508090" lon="126.6508017"/>
 <node id="10058484947" visible="true" version="1" changeset="126737957" timestamp="2022-09-28T12:07:26Z" user="oldman Jang" uid="17260371" lat="37.4505240" lon="126.6496659"/>
 <node id="10058484948" visible="true" version="1" changeset="126737957" timestamp="2022-09-28T12:07:26Z" user="oldman Jang" uid="17260371" lat="37.4511292" lon="126.6502158"/>
 <node id="10058484949" visible="true" version="1" changeset="126737957" timestamp="2022-09-28T12:07:26Z" user="oldman Jang" uid="17260371" lat="37.4503690" lon="126.6497761"/>
 <node id="10058484950" visible="true" version="1" changeset="126737957" timestamp="2022-09-28T12:07:26Z" user="oldman Jang" uid="17260371" lat="37.4510672" lon="126.6503584"/>
 <node id="10058484951" visible="true" version="1" changeset="126737957" timestamp="2022-09-28T12:07:26Z" user="oldman Jang" uid="17260371" lat="37.4502170" lon="126.6499146"/>
 <node id="10058484952" visible="true" version="1" changeset="126737957" timestamp="2022-09-28T12:07:26Z" user="oldman Jang" uid="17260371" lat="37.4510052" lon="126.6505024"/>
 <node id="10058484953" visible="true" version="1" changeset="126737957" timestamp="2022-09-28T12:07:26Z" user="oldman Jang" uid="17260371" lat="37.4501303" lon="126.6500783"/>
 <node id="10058484954" visible="true" version="1" changeset="126737957" timestamp="2022-09-28T12:07:26Z" user="oldman Jang" uid="17260371" lat="37.4509379" lon="126.6506581"/>
 <node id="10058484955" visible="true" version="1" changeset="126737957" timestamp="2022-09-28T12:07:26Z" user="oldman Jang" uid="17260371" lat="37.4511487" lon="126.6501009"/>
 <node id="10058484956" visible="true" version="1" changeset="126737957" timestamp="2022-09-28T12:07:26Z" user="oldman Jang" uid="17260371" lat="37.4508222" lon="126.6494206"/>
 <node id="10058484957" visible="true" version="1" changeset="126737957" timestamp="2022-09-28T12:07:26Z" user="oldman Jang" uid="17260371" lat="37.4511565" lon="126.6499328"/>
 <node id="10058484958" visible="true" version="1" changeset="126737957" timestamp="2022-09-28T12:07:26Z" user="oldman Jang" uid="17260371" lat="37.4511866" lon="126.6501394"/>
 <node id="10058484959" visible="true" version="1" changeset="126737957" timestamp="2022-09-28T12:07:26Z" user="oldman Jang" uid="17260371" lat="37.4511584" lon="126.6503273"/>
 <node id="10058484960" visible="true" version="1" changeset="126737957" timestamp="2022-09-28T12:07:26Z" user="oldman Jang" uid="17260371" lat="37.4511274" lon="126.6504688"/>
 <node id="10058484961" visible="true" version="1" changeset="126737957" timestamp="2022-09-28T12:07:26Z" user="oldman Jang" uid="17260371" lat="37.4510650" lon="126.6506443"/>
 <node id="10058484962" visible="true" version="1" changeset="126737957" timestamp="2022-09-28T12:07:26Z" user="oldman Jang" uid="17260371" lat="37.4509951" lon="126.6507232"/>
 <node id="10058484963" visible="true" version="1" changeset="126737957" timestamp="2022-09-28T12:07:26Z" user="oldman Jang" uid="17260371" lat="37.4509301" lon="126.6507695"/>
 <node id="10058484964" visible="true" version="1" changeset="126737957" timestamp="2022-09-28T12:07:26Z" user="oldman Jang" uid="17260371" lat="37.4508151" lon="126.6510012"/>
 <node id="10058484965" visible="true" version="1" changeset="126737957" timestamp="2022-09-28T12:07:26Z" user="oldman Jang" uid="17260371" lat="37.4506537" lon="126.6494065"/>
 <node id="10058484966" visible="true" version="1" changeset="126737957" timestamp="2022-09-28T12:07:26Z" user="oldman Jang" uid="17260371" lat="37.4506601" lon="126.6494735"/>
 <node id="10058484967" visible="true" version="1" changeset="126737957" timestamp="2022-09-28T12:07:26Z" user="oldman Jang" uid="17260371" lat="37.4500381" lon="126.6520534"/>
 <node id="10058525544" visible="true" version="1" changeset="126739238" timestamp="2022-09-28T12:37:57Z" user="oldman Jang" uid="17260371" lat="37.4478568" lon="126.6480726"/>
 <node id="10058525545" visible="true" version="1" changeset="126739238" timestamp="2022-09-28T12:37:57Z" user="oldman Jang" uid="17260371" lat="37.4477381" lon="126.6481146"/>
 <node id="10058525546" visible="true" version="1" changeset="126739238" timestamp="2022-09-28T12:37:57Z" user="oldman Jang" uid="17260371" lat="37.4477530" lon="126.6481683"/>
 <node id="10058525547" visible="true" version="1" changeset="126739238" timestamp="2022-09-28T12:37:57Z" user="oldman Jang" uid="17260371" lat="37.4476399" lon="126.6484205"/>
 <node id="10058525548" visible="true" version="1" changeset="126739238" timestamp="2022-09-28T12:37:57Z" user="oldman Jang" uid="17260371" lat="37.4475008" lon="126.6484882"/>
 <node id="10058525549" visible="true" version="1" changeset="126739238" timestamp="2022-09-28T12:37:57Z" user="oldman Jang" uid="17260371" lat="37.4475120" lon="126.6484345"/>
 <node id="10058525550" visible="true" version="1" changeset="126739238" timestamp="2022-09-28T12:37:57Z" user="oldman Jang" uid="17260371" lat="37.4472784" lon="126.6482687"/>
 <node id="10058525551" visible="true" version="1" changeset="126739238" timestamp="2022-09-28T12:37:57Z" user="oldman Jang" uid="17260371" lat="37.4471950" lon="126.6483107"/>
 <node id="10058525552" visible="true" version="1" changeset="126739238" timestamp="2022-09-28T12:37:57Z" user="oldman Jang" uid="17260371" lat="37.4472154" lon="126.6484088"/>
 <node id="10058525553" visible="true" version="1" changeset="126739238" timestamp="2022-09-28T12:37:57Z" user="oldman Jang" uid="17260371" lat="37.4474730" lon="126.6485979"/>
 <node id="10058525554" visible="true" version="1" changeset="126739238" timestamp="2022-09-28T12:37:57Z" user="oldman Jang" uid="17260371" lat="37.4475045" lon="126.6487450"/>
 <node id="10058525555" visible="true" version="1" changeset="126739238" timestamp="2022-09-28T12:37:57Z" user="oldman Jang" uid="17260371" lat="37.4473711" lon="126.6490789"/>
 <node id="10058525556" visible="true" version="1" changeset="126739238" timestamp="2022-09-28T12:37:57Z" user="oldman Jang" uid="17260371" lat="37.4473952" lon="126.6491677"/>
 <node id="10058525557" visible="true" version="1" changeset="126739238" timestamp="2022-09-28T12:37:57Z" user="oldman Jang" uid="17260371" lat="37.4474786" lon="126.6491420"/>
 <node id="10058525558" visible="true" version="2" changeset="185048836" timestamp="2026-07-03T16:08:41Z" user="BLUE LIME" uid="22330927" lat="37.4475825" lon="126.6488134">
  <tag k="hairdresser" v="barber"/>
  <tag k="name" v="노드온헤어"/>
  <tag k="shop" v="hairdresser"/>
 </node>
 <node id="10058525559" visible="true" version="1" changeset="126739238" timestamp="2022-09-28T12:37:57Z" user="oldman Jang" uid="17260371" lat="37.4477326" lon="126.6487847"/>
 <node id="10058525560" visible="true" version="1" changeset="126739238" timestamp="2022-09-28T12:37:57Z" user="oldman Jang" uid="17260371" lat="37.4479232" lon="126.6489245"/>
 <node id="10058525561" visible="true" version="1" changeset="126739238" timestamp="2022-09-28T12:37:57Z" user="oldman Jang" uid="17260371" lat="37.4479336" lon="126.6489823"/>
 <node id="10058525562" visible="true" version="1" changeset="126739238" timestamp="2022-09-28T12:37:57Z" user="oldman Jang" uid="17260371" lat="37.4480589" lon="126.6489353"/>
 <node id="10058525563" visible="true" version="1" changeset="126739238" timestamp="2022-09-28T12:37:57Z" user="oldman Jang" uid="17260371" lat="37.4480387" lon="126.6488506"/>
 <node id="10058525564" visible="true" version="1" changeset="126739238" timestamp="2022-09-28T12:37:57Z" user="oldman Jang" uid="17260371" lat="37.4480063" lon="126.6488568"/>
 <node id="10058525565" visible="true" version="1" changeset="126739238" timestamp="2022-09-28T12:37:57Z" user="oldman Jang" uid="17260371" lat="37.4479904" lon="126.6488236"/>
 <node id="10058525566" visible="true" version="1" changeset="126739238" timestamp="2022-09-28T12:37:57Z" user="oldman Jang" uid="17260371" lat="37.4480045" lon="126.6487921"/>
 <node id="10058525567" visible="true" version="1" changeset="126739238" timestamp="2022-09-28T12:37:57Z" user="oldman Jang" uid="17260371" lat="37.4477856" lon="126.6486411"/>
 <node id="10058525568" visible="true" version="1" changeset="126739238" timestamp="2022-09-28T12:37:57Z" user="oldman Jang" uid="17260371" lat="37.4477507" lon="126.6484978"/>
 <node id="10058525569" visible="true" version="1" changeset="126739238" timestamp="2022-09-28T12:37:57Z" user="oldman Jang" uid="17260371" lat="37.4478749" lon="126.6482313"/>
 <node id="10058525570" visible="true" version="1" changeset="126739238" timestamp="2022-09-28T12:37:57Z" user="oldman Jang" uid="17260371" lat="37.4478437" lon="126.6482067"/>
 <node id="10058525571" visible="true" version="1" changeset="126739238" timestamp="2022-09-28T12:37:57Z" user="oldman Jang" uid="17260371" lat="37.4478522" lon="126.6481897"/>
 <node id="10058525572" visible="true" version="1" changeset="126739238" timestamp="2022-09-28T12:37:57Z" user="oldman Jang" uid="17260371" lat="37.4478449" lon="126.6481697"/>
 <node id="10058525573" visible="true" version="1" changeset="126739238" timestamp="2022-09-28T12:37:57Z" user="oldman Jang" uid="17260371" lat="37.4478767" lon="126.6481566"/>
 <node id="10058525574" visible="true" version="1" changeset="126739238" timestamp="2022-09-28T12:37:57Z" user="oldman Jang" uid="17260371" lat="37.4477844" lon="126.6490976"/>
 <node id="10058525575" visible="true" version="1" changeset="126739238" timestamp="2022-09-28T12:37:57Z" user="oldman Jang" uid="17260371" lat="37.4477691" lon="126.6490336"/>
 <node id="10058525576" visible="true" version="1" changeset="126739238" timestamp="2022-09-28T12:37:57Z" user="oldman Jang" uid="17260371" lat="37.4478635" lon="126.6489939"/>
 <node id="10058525577" visible="true" version="1" changeset="126739238" timestamp="2022-09-28T12:37:57Z" user="oldman Jang" uid="17260371" lat="37.4479353" lon="126.6493425"/>
 <node id="10058525578" visible="true" version="1" changeset="126739238" timestamp="2022-09-28T12:37:57Z" user="oldman Jang" uid="17260371" lat="37.4476884" lon="126.6494371"/>
 <node id="10058525579" visible="true" version="1" changeset="126739238" timestamp="2022-09-28T12:37:57Z" user="oldman Jang" uid="17260371" lat="37.4476335" lon="126.6491799"/>
 <node id="10058525580" visible="true" version="1" changeset="126739238" timestamp="2022-09-28T12:37:57Z" user="oldman Jang" uid="17260371" lat="37.4477376" lon="126.6491474"/>
 <node id="10058525581" visible="true" version="1" changeset="126739238" timestamp="2022-09-28T12:37:57Z" user="oldman Jang" uid="17260371" lat="37.4477295" lon="126.6491159"/>
 <node id="10058525592" visible="true" version="1" changeset="126739238" timestamp="2022-09-28T12:37:57Z" user="oldman Jang" uid="17260371" lat="37.4470891" lon="126.6482259"/>
 <node id="10058525593" visible="true" version="1" changeset="126739238" timestamp="2022-09-28T12:37:57Z" user="oldman Jang" uid="17260371" lat="37.4468340" lon="126.6470897"/>
 <node id="10058525594" visible="true" version="1" changeset="126739238" timestamp="2022-09-28T12:37:57Z" user="oldman Jang" uid="17260371" lat="37.4476759" lon="126.6467898"/>
 <node id="10058525595" visible="true" version="1" changeset="126739238" timestamp="2022-09-28T12:37:57Z" user="oldman Jang" uid="17260371" lat="37.4479311" lon="126.6479258"/>
 <node id="10058553729" visible="true" version="1" changeset="126739238" timestamp="2022-09-28T12:37:57Z" user="oldman Jang" uid="17260371" lat="37.4470816" lon="126.6476700"/>
 <node id="10058553730" visible="true" version="1" changeset="126739238" timestamp="2022-09-28T12:37:57Z" user="oldman Jang" uid="17260371" lat="37.4471464" lon="126.6479699"/>
 <node id="10058553731" visible="true" version="1" changeset="126739238" timestamp="2022-09-28T12:37:57Z" user="oldman Jang" uid="17260371" lat="37.4471360" lon="126.6479735"/>
 <node id="10058553732" visible="true" version="1" changeset="126739238" timestamp="2022-09-28T12:37:57Z" user="oldman Jang" uid="17260371" lat="37.4471617" lon="126.6480926"/>
 <node id="10058553733" visible="true" version="1" changeset="126739238" timestamp="2022-09-28T12:37:57Z" user="oldman Jang" uid="17260371" lat="37.4471779" lon="126.6481068"/>
 <node id="10058553734" visible="true" version="1" changeset="126739238" timestamp="2022-09-28T12:37:57Z" user="oldman Jang" uid="17260371" lat="37.4472685" lon="126.6480723"/>
 <node id="10058553735" visible="true" version="1" changeset="126739238" timestamp="2022-09-28T12:37:57Z" user="oldman Jang" uid="17260371" lat="37.4473401" lon="126.6481201"/>
 <node id="10058553736" visible="true" version="1" changeset="126739238" timestamp="2022-09-28T12:37:57Z" user="oldman Jang" uid="17260371" lat="37.4473693" lon="126.6480508"/>
 <node id="10058553737" visible="true" version="1" changeset="126739238" timestamp="2022-09-28T12:37:57Z" user="oldman Jang" uid="17260371" lat="37.4473219" lon="126.6480191"/>
 <node id="10058553738" visible="true" version="1" changeset="126739238" timestamp="2022-09-28T12:37:57Z" user="oldman Jang" uid="17260371" lat="37.4473338" lon="126.6479909"/>
 <node id="10058553739" visible="true" version="1" changeset="126739238" timestamp="2022-09-28T12:37:57Z" user="oldman Jang" uid="17260371" lat="37.4473208" lon="126.6479119"/>
 <node id="10058553740" visible="true" version="1" changeset="126739238" timestamp="2022-09-28T12:37:57Z" user="oldman Jang" uid="17260371" lat="37.4472327" lon="126.6479351"/>
 <node id="10058553741" visible="true" version="1" changeset="126739238" timestamp="2022-09-28T12:37:57Z" user="oldman Jang" uid="17260371" lat="37.4472208" lon="126.6479086"/>
 <node id="10058553742" visible="true" version="1" changeset="126739238" timestamp="2022-09-28T12:37:57Z" user="oldman Jang" uid="17260371" lat="37.4471991" lon="126.6479160"/>
 <node id="10058553743" visible="true" version="1" changeset="126739238" timestamp="2022-09-28T12:37:57Z" user="oldman Jang" uid="17260371" lat="37.4471900" lon="126.6478737"/>
 <node id="10058553744" visible="true" version="1" changeset="126739238" timestamp="2022-09-28T12:37:57Z" user="oldman Jang" uid="17260371" lat="37.4472363" lon="126.6478578"/>
 <node id="10058553745" visible="true" version="1" changeset="126739238" timestamp="2022-09-28T12:37:57Z" user="oldman Jang" uid="17260371" lat="37.4471960" lon="126.6476713"/>
 <node id="10058553746" visible="true" version="1" changeset="126739238" timestamp="2022-09-28T12:37:57Z" user="oldman Jang" uid="17260371" lat="37.4471416" lon="126.6476899"/>
 <node id="10058553747" visible="true" version="1" changeset="126739238" timestamp="2022-09-28T12:37:57Z" user="oldman Jang" uid="17260371" lat="37.4471335" lon="126.6476523"/>
 <node id="10058553752" visible="true" version="1" changeset="126739238" timestamp="2022-09-28T12:37:57Z" user="oldman Jang" uid="17260371" lat="37.4476073" lon="126.6492108"/>
 <node id="10058553753" visible="true" version="1" changeset="126739238" timestamp="2022-09-28T12:37:57Z" user="oldman Jang" uid="17260371" lat="37.4473692" lon="126.6493002"/>
 <node id="10058553754" visible="true" version="1" changeset="126739238" timestamp="2022-09-28T12:37:57Z" user="oldman Jang" uid="17260371" lat="37.4474036" lon="126.6494957"/>
 <node id="10058553755" visible="true" version="1" changeset="126739238" timestamp="2022-09-28T12:37:57Z" user="oldman Jang" uid="17260371" lat="37.4476607" lon="126.6494391"/>
 <node id="10058553766" visible="true" version="1" changeset="126739238" timestamp="2022-09-28T12:37:57Z" user="oldman Jang" uid="17260371" lat="37.4462693" lon="126.6450793"/>
 <node id="10058553795" visible="true" version="1" changeset="126739238" timestamp="2022-09-28T12:37:57Z" user="oldman Jang" uid="17260371" lat="37.4460735" lon="126.6441603"/>
 <node id="10058553881" visible="true" version="1" changeset="126739238" timestamp="2022-09-28T12:37:57Z" user="oldman Jang" uid="17260371" lat="37.4471621" lon="126.6520650"/>
 <node id="10058553882" visible="true" version="1" changeset="126739238" timestamp="2022-09-28T12:37:57Z" user="oldman Jang" uid="17260371" lat="37.4472331" lon="126.6517723"/>
 <node id="10058553883" visible="true" version="1" changeset="126739238" timestamp="2022-09-28T12:37:57Z" user="oldman Jang" uid="17260371" lat="37.4472278" lon="126.6513268"/>
 <node id="10058553884" visible="true" version="1" changeset="126739238" timestamp="2022-09-28T12:37:57Z" user="oldman Jang" uid="17260371" lat="37.4463962" lon="126.6514857"/>
 <node id="10058553885" visible="true" version="1" changeset="126739238" timestamp="2022-09-28T12:37:57Z" user="oldman Jang" uid="17260371" lat="37.4464717" lon="126.6521837"/>
 <node id="10058553886" visible="true" version="1" changeset="126739238" timestamp="2022-09-28T12:37:57Z" user="oldman Jang" uid="17260371" lat="37.4469814" lon="126.6520961"/>
 <node id="10058553887" visible="true" version="1" changeset="126739238" timestamp="2022-09-28T12:37:57Z" user="oldman Jang" uid="17260371" lat="37.4469717" lon="126.6519965"/>
 <node id="10058553888" visible="true" version="1" changeset="126739238" timestamp="2022-09-28T12:37:57Z" user="oldman Jang" uid="17260371" lat="37.4470169" lon="126.6519826"/>
 <node id="10058553889" visible="true" version="1" changeset="126739238" timestamp="2022-09-28T12:37:57Z" user="oldman Jang" uid="17260371" lat="37.4470683" lon="126.6519333"/>
 <node id="10058553890" visible="true" version="1" changeset="126739238" timestamp="2022-09-28T12:37:57Z" user="oldman Jang" uid="17260371" lat="37.4470830" lon="126.6518671"/>
 <node id="10058553891" visible="true" version="1" changeset="126739238" timestamp="2022-09-28T12:37:57Z" user="oldman Jang" uid="17260371" lat="37.4470597" lon="126.6517885"/>
 <node id="10058553892" visible="true" version="1" changeset="126739238" timestamp="2022-09-28T12:37:57Z" user="oldman Jang" uid="17260371" lat="37.4470059" lon="126.6516822"/>
 <node id="10058553893" visible="true" version="1" changeset="126739238" timestamp="2022-09-28T12:37:57Z" user="oldman Jang" uid="17260371" lat="37.4469374" lon="126.6516160"/>
 <node id="10058553894" visible="true" version="1" changeset="126739238" timestamp="2022-09-28T12:37:57Z" user="oldman Jang" uid="17260371" lat="37.4468298" lon="126.6515405"/>
 <node id="10058553895" visible="true" version="1" changeset="126739238" timestamp="2022-09-28T12:37:57Z" user="oldman Jang" uid="17260371" lat="37.4467466" lon="126.6515066"/>
 <node id="10058553896" visible="true" version="1" changeset="126739238" timestamp="2022-09-28T12:37:57Z" user="oldman Jang" uid="17260371" lat="37.4466268" lon="126.6514897"/>
 <node id="10058553897" visible="true" version="1" changeset="126739238" timestamp="2022-09-28T12:37:57Z" user="oldman Jang" uid="17260371" lat="37.4465742" lon="126.6515081"/>
 <node id="10058553898" visible="true" version="1" changeset="126739238" timestamp="2022-09-28T12:37:57Z" user="oldman Jang" uid="17260371" lat="37.4465363" lon="126.6515544"/>
 <node id="10058553899" visible="true" version="1" changeset="126739238" timestamp="2022-09-28T12:37:57Z" user="oldman Jang" uid="17260371" lat="37.4465265" lon="126.6516437"/>
 <node id="10058553900" visible="true" version="1" changeset="126739238" timestamp="2022-09-28T12:37:57Z" user="oldman Jang" uid="17260371" lat="37.4465656" lon="126.6517223"/>
 <node id="10058553901" visible="true" version="1" changeset="126739238" timestamp="2022-09-28T12:37:57Z" user="oldman Jang" uid="17260371" lat="37.4466305" lon="126.6518209"/>
 <node id="10058553902" visible="true" version="1" changeset="126739238" timestamp="2022-09-28T12:37:57Z" user="oldman Jang" uid="17260371" lat="37.4466977" lon="126.6518779"/>
 <node id="10058553903" visible="true" version="1" changeset="126739238" timestamp="2022-09-28T12:37:57Z" user="oldman Jang" uid="17260371" lat="37.4467858" lon="126.6519272"/>
 <node id="10058553904" visible="true" version="1" changeset="126739238" timestamp="2022-09-28T12:37:57Z" user="oldman Jang" uid="17260371" lat="37.4468848" lon="126.6519734"/>
 <node id="10058553905" visible="true" version="1" changeset="126739238" timestamp="2022-09-28T12:37:57Z" user="oldman Jang" uid="17260371" lat="37.4464886" lon="126.6516853"/>
 <node id="10058553906" visible="true" version="1" changeset="126739238" timestamp="2022-09-28T12:37:57Z" user="oldman Jang" uid="17260371" lat="37.4464190" lon="126.6516967"/>
 <node id="10058553907" visible="true" version="1" changeset="126739238" timestamp="2022-09-28T12:37:57Z" user="oldman Jang" uid="17260371" lat="37.4478412" lon="126.6512901"/>
 <node id="10058553908" visible="true" version="1" changeset="126739238" timestamp="2022-09-28T12:37:57Z" user="oldman Jang" uid="17260371" lat="37.4477815" lon="126.6512513"/>
 <node id="10058553909" visible="true" version="1" changeset="126739238" timestamp="2022-09-28T12:37:57Z" user="oldman Jang" uid="17260371" lat="37.4477741" lon="126.6512694"/>
 <node id="10058553910" visible="true" version="1" changeset="126739238" timestamp="2022-09-28T12:37:57Z" user="oldman Jang" uid="17260371" lat="37.4477074" lon="126.6512261"/>
 <node id="10058553911" visible="true" version="1" changeset="126739238" timestamp="2022-09-28T12:37:57Z" user="oldman Jang" uid="17260371" lat="37.4476807" lon="126.6512915"/>
 <node id="10058553912" visible="true" version="1" changeset="126739238" timestamp="2022-09-28T12:37:57Z" user="oldman Jang" uid="17260371" lat="37.4477087" lon="126.6513097"/>
 <node id="10058553913" visible="true" version="1" changeset="126739238" timestamp="2022-09-28T12:37:57Z" user="oldman Jang" uid="17260371" lat="37.4476536" lon="126.6514446"/>
 <node id="10058553914" visible="true" version="1" changeset="126739238" timestamp="2022-09-28T12:37:57Z" user="oldman Jang" uid="17260371" lat="37.4476458" lon="126.6514395"/>
 <node id="10058553915" visible="true" version="1" changeset="126739238" timestamp="2022-09-28T12:37:57Z" user="oldman Jang" uid="17260371" lat="37.4476342" lon="126.6514678"/>
 <node id="10058553916" visible="true" version="1" changeset="126739238" timestamp="2022-09-28T12:37:57Z" user="oldman Jang" uid="17260371" lat="37.4476573" lon="126.6514828"/>
 <node id="10058553917" visible="true" version="1" changeset="126739238" timestamp="2022-09-28T12:37:57Z" user="oldman Jang" uid="17260371" lat="37.4476407" lon="126.6515233"/>
 <node id="10058553918" visible="true" version="1" changeset="126739238" timestamp="2022-09-28T12:37:57Z" user="oldman Jang" uid="17260371" lat="37.4476259" lon="126.6515266"/>
 <node id="10058553919" visible="true" version="1" changeset="126739238" timestamp="2022-09-28T12:37:57Z" user="oldman Jang" uid="17260371" lat="37.4476180" lon="126.6514692"/>
 <node id="10058553920" visible="true" version="1" changeset="126739238" timestamp="2022-09-28T12:37:57Z" user="oldman Jang" uid="17260371" lat="37.4473998" lon="126.6515171"/>
 <node id="10058553921" visible="true" version="1" changeset="126739238" timestamp="2022-09-28T12:37:57Z" user="oldman Jang" uid="17260371" lat="37.4473794" lon="126.6514950"/>
 <node id="10058553922" visible="true" version="1" changeset="126739238" timestamp="2022-09-28T12:37:57Z" user="oldman Jang" uid="17260371" lat="37.4473551" lon="126.6513216"/>
 <node id="10058553923" visible="true" version="1" changeset="126739238" timestamp="2022-09-28T12:37:57Z" user="oldman Jang" uid="17260371" lat="37.4472941" lon="126.6513352"/>
 <node id="10058553924" visible="true" version="1" changeset="126739238" timestamp="2022-09-28T12:37:57Z" user="oldman Jang" uid="17260371" lat="37.4472915" lon="126.6513171"/>
 <node id="10058553925" visible="true" version="1" changeset="126739238" timestamp="2022-09-28T12:37:57Z" user="oldman Jang" uid="17260371" lat="37.4472290" lon="126.6513310"/>
 <node id="10058553926" visible="true" version="1" changeset="126739238" timestamp="2022-09-28T12:37:57Z" user="oldman Jang" uid="17260371" lat="37.4473177" lon="126.6519629"/>
 <node id="10058553927" visible="true" version="1" changeset="126739238" timestamp="2022-09-28T12:37:57Z" user="oldman Jang" uid="17260371" lat="37.4474207" lon="126.6519399"/>
 <node id="10058553928" visible="true" version="1" changeset="126739238" timestamp="2022-09-28T12:37:57Z" user="oldman Jang" uid="17260371" lat="37.4473884" lon="126.6517102"/>
 <node id="10058553929" visible="true" version="1" changeset="126739238" timestamp="2022-09-28T12:37:57Z" user="oldman Jang" uid="17260371" lat="37.4476538" lon="126.6516511"/>
 <node id="10058553930" visible="true" version="1" changeset="126739238" timestamp="2022-09-28T12:37:57Z" user="oldman Jang" uid="17260371" lat="37.4476440" lon="126.6515812"/>
 <node id="10058553931" visible="true" version="1" changeset="126739238" timestamp="2022-09-28T12:37:57Z" user="oldman Jang" uid="17260371" lat="37.4476653" lon="126.6515764"/>
 <node id="10058553932" visible="true" version="1" changeset="126739238" timestamp="2022-09-28T12:37:57Z" user="oldman Jang" uid="17260371" lat="37.4477117" lon="126.6516065"/>
 <node id="10068934844" visible="true" version="1" changeset="126900829" timestamp="2022-10-02T16:19:23Z" user="oldman Jang" uid="17260371" lat="37.4523222" lon="126.6534698"/>
 <node id="10068934845" visible="true" version="1" changeset="126900829" timestamp="2022-10-02T16:19:23Z" user="oldman Jang" uid="17260371" lat="37.4522253" lon="126.6535060"/>
 <node id="10068934846" visible="true" version="1" changeset="126900829" timestamp="2022-10-02T16:19:23Z" user="oldman Jang" uid="17260371" lat="37.4522343" lon="126.6535455"/>
 <node id="10068934847" visible="true" version="1" changeset="126900829" timestamp="2022-10-02T16:19:23Z" user="oldman Jang" uid="17260371" lat="37.4521864" lon="126.6535650"/>
 <node id="10068934848" visible="true" version="1" changeset="126900829" timestamp="2022-10-02T16:19:23Z" user="oldman Jang" uid="17260371" lat="37.4522019" lon="126.6536421"/>
 <node id="10068934849" visible="true" version="1" changeset="126900829" timestamp="2022-10-02T16:19:23Z" user="oldman Jang" uid="17260371" lat="37.4522184" lon="126.6536414"/>
 <node id="10068934850" visible="true" version="1" changeset="126900829" timestamp="2022-10-02T16:19:23Z" user="oldman Jang" uid="17260371" lat="37.4522418" lon="126.6536367"/>
 <node id="10068934851" visible="true" version="1" changeset="126900829" timestamp="2022-10-02T16:19:23Z" user="oldman Jang" uid="17260371" lat="37.4522641" lon="126.6536280"/>
 <node id="10068934852" visible="true" version="1" changeset="126900829" timestamp="2022-10-02T16:19:23Z" user="oldman Jang" uid="17260371" lat="37.4523030" lon="126.6536146"/>
 <node id="10068934853" visible="true" version="1" changeset="126900829" timestamp="2022-10-02T16:19:23Z" user="oldman Jang" uid="17260371" lat="37.4523073" lon="126.6536314"/>
 <node id="10068934854" visible="true" version="1" changeset="126900829" timestamp="2022-10-02T16:19:23Z" user="oldman Jang" uid="17260371" lat="37.4523552" lon="126.6536133"/>
 <node id="10068934855" visible="true" version="1" changeset="126900829" timestamp="2022-10-02T16:19:23Z" user="oldman Jang" uid="17260371" lat="37.4523585" lon="126.6536273"/>
 <node id="10068934856" visible="true" version="1" changeset="126900829" timestamp="2022-10-02T16:19:23Z" user="oldman Jang" uid="17260371" lat="37.4522133" lon="126.6536828"/>
 <node id="10068934857" visible="true" version="1" changeset="126900829" timestamp="2022-10-02T16:19:23Z" user="oldman Jang" uid="17260371" lat="37.4522413" lon="126.6537993"/>
 <node id="10068934858" visible="true" version="1" changeset="126900829" timestamp="2022-10-02T16:19:23Z" user="oldman Jang" uid="17260371" lat="37.4523865" lon="126.6537438"/>
 <node id="10068934859" visible="true" version="1" changeset="126900829" timestamp="2022-10-02T16:19:23Z" user="oldman Jang" uid="17260371" lat="37.4523311" lon="126.6534370"/>
 <node id="10068934860" visible="true" version="1" changeset="126900829" timestamp="2022-10-02T16:19:23Z" user="oldman Jang" uid="17260371" lat="37.4523118" lon="126.6533482"/>
 <node id="10068934861" visible="true" version="1" changeset="126900829" timestamp="2022-10-02T16:19:23Z" user="oldman Jang" uid="17260371" lat="37.4522456" lon="126.6533711"/>
 <node id="10068934862" visible="true" version="1" changeset="126900829" timestamp="2022-10-02T16:19:23Z" user="oldman Jang" uid="17260371" lat="37.4522548" lon="126.6534136"/>
 <node id="10068934863" visible="true" version="1" changeset="126900829" timestamp="2022-10-02T16:19:23Z" user="oldman Jang" uid="17260371" lat="37.4522451" lon="126.6534169"/>
 <node id="10068934864" visible="true" version="1" changeset="126900829" timestamp="2022-10-02T16:19:23Z" user="oldman Jang" uid="17260371" lat="37.4522510" lon="126.6534443"/>
 <node id="10068934865" visible="true" version="1" changeset="126900829" timestamp="2022-10-02T16:19:23Z" user="oldman Jang" uid="17260371" lat="37.4522312" lon="126.6534512"/>
 <node id="10068934866" visible="true" version="1" changeset="126900829" timestamp="2022-10-02T16:19:23Z" user="oldman Jang" uid="17260371" lat="37.4522354" lon="126.6534702"/>
 <node id="10068934867" visible="true" version="1" changeset="126900829" timestamp="2022-10-02T16:19:23Z" user="oldman Jang" uid="17260371" lat="37.4521396" lon="126.6536609"/>
 <node id="10068934868" visible="true" version="1" changeset="126900829" timestamp="2022-10-02T16:19:23Z" user="oldman Jang" uid="17260371" lat="37.4520662" lon="126.6538648"/>
 <node id="10068934869" visible="true" version="1" changeset="126900829" timestamp="2022-10-02T16:19:23Z" user="oldman Jang" uid="17260371" lat="37.4520788" lon="126.6539126"/>
 <node id="10068934870" visible="true" version="1" changeset="126900829" timestamp="2022-10-02T16:19:23Z" user="oldman Jang" uid="17260371" lat="37.4521935" lon="126.6538645"/>
 <node id="10068934871" visible="true" version="1" changeset="126900829" timestamp="2022-10-02T16:19:23Z" user="oldman Jang" uid="17260371" lat="37.4524129" lon="126.6538060"/>
 <node id="10068934872" visible="true" version="1" changeset="126900829" timestamp="2022-10-02T16:19:23Z" user="oldman Jang" uid="17260371" lat="37.4523334" lon="126.6538378"/>
 <node id="10068934873" visible="true" version="1" changeset="126900829" timestamp="2022-10-02T16:19:23Z" user="oldman Jang" uid="17260371" lat="37.4523626" lon="126.6539543"/>
 <node id="10068934874" visible="true" version="1" changeset="126900829" timestamp="2022-10-02T16:19:23Z" user="oldman Jang" uid="17260371" lat="37.4524197" lon="126.6539315"/>
 <node id="10068934875" visible="true" version="1" changeset="126900829" timestamp="2022-10-02T16:19:23Z" user="oldman Jang" uid="17260371" lat="37.4524068" lon="126.6538801"/>
 <node id="10068934876" visible="true" version="1" changeset="126900829" timestamp="2022-10-02T16:19:23Z" user="oldman Jang" uid="17260371" lat="37.4524293" lon="126.6538712"/>
 <node id="10068934877" visible="true" version="1" changeset="126900829" timestamp="2022-10-02T16:19:23Z" user="oldman Jang" uid="17260371" lat="37.4523560" lon="126.6539584"/>
 <node id="10068934878" visible="true" version="1" changeset="126900829" timestamp="2022-10-02T16:19:23Z" user="oldman Jang" uid="17260371" lat="37.4522877" lon="126.6539860"/>
 <node id="10068934879" visible="true" version="1" changeset="126900829" timestamp="2022-10-02T16:19:23Z" user="oldman Jang" uid="17260371" lat="37.4522509" lon="126.6538417"/>
 <node id="10068934880" visible="true" version="1" changeset="126900829" timestamp="2022-10-02T16:19:23Z" user="oldman Jang" uid="17260371" lat="37.4523192" lon="126.6538140"/>
 <node id="10068934881" visible="true" version="1" changeset="126900829" timestamp="2022-10-02T16:19:23Z" user="oldman Jang" uid="17260371" lat="37.4523704" lon="126.6539819"/>
 <node id="10068934882" visible="true" version="1" changeset="126900829" timestamp="2022-10-02T16:19:23Z" user="oldman Jang" uid="17260371" lat="37.4524030" lon="126.6541147"/>
 <node id="10068934883" visible="true" version="1" changeset="126900829" timestamp="2022-10-02T16:19:23Z" user="oldman Jang" uid="17260371" lat="37.4524765" lon="126.6540860"/>
 <node id="10068934884" visible="true" version="1" changeset="126900829" timestamp="2022-10-02T16:19:23Z" user="oldman Jang" uid="17260371" lat="37.4524438" lon="126.6539532"/>
 <node id="10068934885" visible="true" version="1" changeset="126900829" timestamp="2022-10-02T16:19:23Z" user="oldman Jang" uid="17260371" lat="37.4523981" lon="126.6541307"/>
 <node id="10068934886" visible="true" version="1" changeset="126900829" timestamp="2022-10-02T16:19:23Z" user="oldman Jang" uid="17260371" lat="37.4523296" lon="126.6541575"/>
 <node id="10068934887" visible="true" version="1" changeset="126900829" timestamp="2022-10-02T16:19:23Z" user="oldman Jang" uid="17260371" lat="37.4522940" lon="126.6540127"/>
 <node id="10068934888" visible="true" version="1" changeset="126900829" timestamp="2022-10-02T16:19:23Z" user="oldman Jang" uid="17260371" lat="37.4523625" lon="126.6539859"/>
 <node id="10068934889" visible="true" version="1" changeset="126900829" timestamp="2022-10-02T16:19:23Z" user="oldman Jang" uid="17260371" lat="37.4524818" lon="126.6537419"/>
 <node id="10068934890" visible="true" version="1" changeset="126900829" timestamp="2022-10-02T16:19:23Z" user="oldman Jang" uid="17260371" lat="37.4523307" lon="126.6538125"/>
 <node id="10068934891" visible="true" version="1" changeset="126900829" timestamp="2022-10-02T16:19:23Z" user="oldman Jang" uid="17260371" lat="37.4525606" lon="126.6540629"/>
 <node id="10068934892" visible="true" version="1" changeset="126900829" timestamp="2022-10-02T16:19:23Z" user="oldman Jang" uid="17260371" lat="37.4524063" lon="126.6541270"/>
 <node id="10068934893" visible="true" version="1" changeset="126900829" timestamp="2022-10-02T16:19:23Z" user="oldman Jang" uid="17260371" lat="37.4524921" lon="126.6541100"/>
 <node id="10068934894" visible="true" version="1" changeset="126900829" timestamp="2022-10-02T16:19:23Z" user="oldman Jang" uid="17260371" lat="37.4524253" lon="126.6541370"/>
 <node id="10068934895" visible="true" version="1" changeset="126900829" timestamp="2022-10-02T16:19:23Z" user="oldman Jang" uid="17260371" lat="37.4524426" lon="126.6542053"/>
 <node id="10068934896" visible="true" version="1" changeset="126900829" timestamp="2022-10-02T16:19:23Z" user="oldman Jang" uid="17260371" lat="37.4524353" lon="126.6542083"/>
 <node id="10068934897" visible="true" version="1" changeset="126900829" timestamp="2022-10-02T16:19:23Z" user="oldman Jang" uid="17260371" lat="37.4524483" lon="126.6542597"/>
 <node id="10068934898" visible="true" version="1" changeset="126900829" timestamp="2022-10-02T16:19:23Z" user="oldman Jang" uid="17260371" lat="37.4525225" lon="126.6542298"/>
 <node id="10068934899" visible="true" version="1" changeset="126900829" timestamp="2022-10-02T16:19:23Z" user="oldman Jang" uid="17260371" lat="37.4525176" lon="126.6542764"/>
 <node id="10068934900" visible="true" version="1" changeset="126900829" timestamp="2022-10-02T16:19:23Z" user="oldman Jang" uid="17260371" lat="37.4524296" lon="126.6543101"/>
 <node id="10068934901" visible="true" version="1" changeset="126900829" timestamp="2022-10-02T16:19:23Z" user="oldman Jang" uid="17260371" lat="37.4524605" lon="126.6544383"/>
 <node id="10068934902" visible="true" version="1" changeset="126900829" timestamp="2022-10-02T16:19:23Z" user="oldman Jang" uid="17260371" lat="37.4525486" lon="126.6544046"/>
 <node id="10068934903" visible="true" version="1" changeset="126900829" timestamp="2022-10-02T16:19:23Z" user="oldman Jang" uid="17260371" lat="37.4525625" lon="126.6544175"/>
 <node id="10068934904" visible="true" version="1" changeset="126900829" timestamp="2022-10-02T16:19:23Z" user="oldman Jang" uid="17260371" lat="37.4524574" lon="126.6544590"/>
 <node id="10068934905" visible="true" version="1" changeset="126900829" timestamp="2022-10-02T16:19:23Z" user="oldman Jang" uid="17260371" lat="37.4524725" lon="126.6545198"/>
 <node id="10068934906" visible="true" version="1" changeset="126900829" timestamp="2022-10-02T16:19:23Z" user="oldman Jang" uid="17260371" lat="37.4525684" lon="126.6544819"/>
 <node id="10068934907" visible="true" version="1" changeset="126900829" timestamp="2022-10-02T16:19:23Z" user="oldman Jang" uid="17260371" lat="37.4525613" lon="126.6544536"/>
 <node id="10068934908" visible="true" version="1" changeset="126900829" timestamp="2022-10-02T16:19:23Z" user="oldman Jang" uid="17260371" lat="37.4525705" lon="126.6544499"/>
 <node id="10068934909" visible="true" version="1" changeset="126900829" timestamp="2022-10-02T16:19:23Z" user="oldman Jang" uid="17260371" lat="37.4524513" lon="126.6544609"/>
 <node id="10068934910" visible="true" version="1" changeset="126900829" timestamp="2022-10-02T16:19:23Z" user="oldman Jang" uid="17260371" lat="37.4523731" lon="126.6544915"/>
 <node id="10068934911" visible="true" version="1" changeset="126900829" timestamp="2022-10-02T16:19:23Z" user="oldman Jang" uid="17260371" lat="37.4523993" lon="126.6545981"/>
 <node id="10068934912" visible="true" version="1" changeset="126900829" timestamp="2022-10-02T16:19:23Z" user="oldman Jang" uid="17260371" lat="37.4524776" lon="126.6545675"/>
 <node id="10068934913" visible="true" version="1" changeset="126900829" timestamp="2022-10-02T16:19:23Z" user="oldman Jang" uid="17260371" lat="37.4526080" lon="126.6545389"/>
 <node id="10068934914" visible="true" version="1" changeset="126900829" timestamp="2022-10-02T16:19:23Z" user="oldman Jang" uid="17260371" lat="37.4525006" lon="126.6545830"/>
 <node id="10068934915" visible="true" version="1" changeset="126900829" timestamp="2022-10-02T16:19:23Z" user="oldman Jang" uid="17260371" lat="37.4525038" lon="126.6545954"/>
 <node id="10068934916" visible="true" version="1" changeset="126900829" timestamp="2022-10-02T16:19:23Z" user="oldman Jang" uid="17260371" lat="37.4524764" lon="126.6546066"/>
 <node id="10068967317" visible="true" version="1" changeset="126900829" timestamp="2022-10-02T16:19:23Z" user="oldman Jang" uid="17260371" lat="37.4524977" lon="126.6546888"/>
 <node id="10068967318" visible="true" version="1" changeset="126900829" timestamp="2022-10-02T16:19:23Z" user="oldman Jang" uid="17260371" lat="37.4526325" lon="126.6546335"/>
 <node id="10068967319" visible="true" version="1" changeset="126900829" timestamp="2022-10-02T16:19:23Z" user="oldman Jang" uid="17260371" lat="37.4526376" lon="126.6546623"/>
 <node id="10068967320" visible="true" version="1" changeset="126900829" timestamp="2022-10-02T16:19:23Z" user="oldman Jang" uid="17260371" lat="37.4525515" lon="126.6546966"/>
 <node id="10068967321" visible="true" version="1" changeset="126900829" timestamp="2022-10-02T16:19:23Z" user="oldman Jang" uid="17260371" lat="37.4525808" lon="126.6548133"/>
 <node id="10068967322" visible="true" version="1" changeset="126900829" timestamp="2022-10-02T16:19:23Z" user="oldman Jang" uid="17260371" lat="37.4526421" lon="126.6547888"/>
 <node id="10068967323" visible="true" version="1" changeset="126900829" timestamp="2022-10-02T16:19:23Z" user="oldman Jang" uid="17260371" lat="37.4526613" lon="126.6547566"/>
 <node id="10068967324" visible="true" version="1" changeset="126900829" timestamp="2022-10-02T16:19:23Z" user="oldman Jang" uid="17260371" lat="37.4524901" lon="126.6547218"/>
 <node id="10068967325" visible="true" version="1" changeset="126900829" timestamp="2022-10-02T16:19:23Z" user="oldman Jang" uid="17260371" lat="37.4524115" lon="126.6547545"/>
 <node id="10068967326" visible="true" version="1" changeset="126900829" timestamp="2022-10-02T16:19:23Z" user="oldman Jang" uid="17260371" lat="37.4524414" lon="126.6548687"/>
 <node id="10068967327" visible="true" version="1" changeset="126900829" timestamp="2022-10-02T16:19:23Z" user="oldman Jang" uid="17260371" lat="37.4525201" lon="126.6548359"/>
 <node id="10068967328" visible="true" version="1" changeset="126900829" timestamp="2022-10-02T16:19:23Z" user="oldman Jang" uid="17260371" lat="37.4523736" lon="126.6547785"/>
 <node id="10068967329" visible="true" version="1" changeset="126900829" timestamp="2022-10-02T16:19:23Z" user="oldman Jang" uid="17260371" lat="37.4522948" lon="126.6548120"/>
 <node id="10068967330" visible="true" version="1" changeset="126900829" timestamp="2022-10-02T16:19:23Z" user="oldman Jang" uid="17260371" lat="37.4523166" lon="126.6548936"/>
 <node id="10068967331" visible="true" version="1" changeset="126900829" timestamp="2022-10-02T16:19:23Z" user="oldman Jang" uid="17260371" lat="37.4523445" lon="126.6549112"/>
 <node id="10068967332" visible="true" version="1" changeset="126900829" timestamp="2022-10-02T16:19:23Z" user="oldman Jang" uid="17260371" lat="37.4524025" lon="126.6548866"/>
 <node id="10068967333" visible="true" version="1" changeset="126900829" timestamp="2022-10-02T16:19:23Z" user="oldman Jang" uid="17260371" lat="37.4523747" lon="126.6546505"/>
 <node id="10068967334" visible="true" version="1" changeset="126900829" timestamp="2022-10-02T16:19:23Z" user="oldman Jang" uid="17260371" lat="37.4522626" lon="126.6546969"/>
 <node id="10068967335" visible="true" version="1" changeset="126900829" timestamp="2022-10-02T16:19:23Z" user="oldman Jang" uid="17260371" lat="37.4522861" lon="126.6547872"/>
 <node id="10068967336" visible="true" version="1" changeset="126900829" timestamp="2022-10-02T16:19:23Z" user="oldman Jang" uid="17260371" lat="37.4523983" lon="126.6547408"/>
 <node id="10068967337" visible="true" version="1" changeset="126900829" timestamp="2022-10-02T16:19:23Z" user="oldman Jang" uid="17260371" lat="37.4523414" lon="126.6545251"/>
 <node id="10068967338" visible="true" version="1" changeset="126900829" timestamp="2022-10-02T16:19:23Z" user="oldman Jang" uid="17260371" lat="37.4522642" lon="126.6545568"/>
 <node id="10068967339" visible="true" version="1" changeset="126900829" timestamp="2022-10-02T16:19:23Z" user="oldman Jang" uid="17260371" lat="37.4522732" lon="126.6545916"/>
 <node id="10068967340" visible="true" version="1" changeset="126900829" timestamp="2022-10-02T16:19:23Z" user="oldman Jang" uid="17260371" lat="37.4522780" lon="126.6545897"/>
 <node id="10068967341" visible="true" version="1" changeset="126900829" timestamp="2022-10-02T16:19:23Z" user="oldman Jang" uid="17260371" lat="37.4522902" lon="126.6546368"/>
 <node id="10068967342" visible="true" version="1" changeset="126900829" timestamp="2022-10-02T16:19:23Z" user="oldman Jang" uid="17260371" lat="37.4522959" lon="126.6546345"/>
 <node id="10068967343" visible="true" version="1" changeset="126900829" timestamp="2022-10-02T16:19:23Z" user="oldman Jang" uid="17260371" lat="37.4523035" lon="126.6546639"/>
 <node id="10068967344" visible="true" version="1" changeset="126900829" timestamp="2022-10-02T16:19:23Z" user="oldman Jang" uid="17260371" lat="37.4523234" lon="126.6546557"/>
 <node id="10068967345" visible="true" version="1" changeset="126900829" timestamp="2022-10-02T16:19:23Z" user="oldman Jang" uid="17260371" lat="37.4523250" lon="126.6546619"/>
 <node id="10068967346" visible="true" version="1" changeset="126900829" timestamp="2022-10-02T16:19:23Z" user="oldman Jang" uid="17260371" lat="37.4523718" lon="126.6546427"/>
 <node id="10068967347" visible="true" version="1" changeset="126900829" timestamp="2022-10-02T16:19:23Z" user="oldman Jang" uid="17260371" lat="37.4523032" lon="126.6543879"/>
 <node id="10068967348" visible="true" version="1" changeset="126900829" timestamp="2022-10-02T16:19:23Z" user="oldman Jang" uid="17260371" lat="37.4523297" lon="126.6544908"/>
 <node id="10068967349" visible="true" version="1" changeset="126900829" timestamp="2022-10-02T16:19:23Z" user="oldman Jang" uid="17260371" lat="37.4522244" lon="126.6545339"/>
 <node id="10068967350" visible="true" version="1" changeset="126900829" timestamp="2022-10-02T16:19:23Z" user="oldman Jang" uid="17260371" lat="37.4522045" lon="126.6544570"/>
 <node id="10068967351" visible="true" version="1" changeset="126900829" timestamp="2022-10-02T16:19:23Z" user="oldman Jang" uid="17260371" lat="37.4522721" lon="126.6544293"/>
 <node id="10068967352" visible="true" version="1" changeset="126900829" timestamp="2022-10-02T16:19:23Z" user="oldman Jang" uid="17260371" lat="37.4522654" lon="126.6544034"/>
 <node id="10068967353" visible="true" version="1" changeset="126900829" timestamp="2022-10-02T16:19:23Z" user="oldman Jang" uid="17260371" lat="37.4524158" lon="126.6543425"/>
 <node id="10068967354" visible="true" version="1" changeset="126900829" timestamp="2022-10-02T16:19:23Z" user="oldman Jang" uid="17260371" lat="37.4523262" lon="126.6543792"/>
 <node id="10068967355" visible="true" version="1" changeset="126900829" timestamp="2022-10-02T16:19:23Z" user="oldman Jang" uid="17260371" lat="37.4523524" lon="126.6544808"/>
 <node id="10068967356" visible="true" version="1" changeset="126900829" timestamp="2022-10-02T16:19:23Z" user="oldman Jang" uid="17260371" lat="37.4524420" lon="126.6544441"/>
 <node id="10068967357" visible="true" version="1" changeset="126900829" timestamp="2022-10-02T16:19:23Z" user="oldman Jang" uid="17260371" lat="37.4523868" lon="126.6541968"/>
 <node id="10068967358" visible="true" version="1" changeset="126900829" timestamp="2022-10-02T16:19:23Z" user="oldman Jang" uid="17260371" lat="37.4524179" lon="126.6543251"/>
 <node id="10068967359" visible="true" version="1" changeset="126900829" timestamp="2022-10-02T16:19:23Z" user="oldman Jang" uid="17260371" lat="37.4523497" lon="126.6543513"/>
 <node id="10068967360" visible="true" version="1" changeset="126900829" timestamp="2022-10-02T16:19:23Z" user="oldman Jang" uid="17260371" lat="37.4523186" lon="126.6542230"/>
 <node id="10068967361" visible="true" version="1" changeset="126900829" timestamp="2022-10-02T16:19:23Z" user="oldman Jang" uid="17260371" lat="37.4522506" lon="126.6542506"/>
 <node id="10068967362" visible="true" version="1" changeset="126900829" timestamp="2022-10-02T16:19:23Z" user="oldman Jang" uid="17260371" lat="37.4521625" lon="126.6542850"/>
 <node id="10068967363" visible="true" version="1" changeset="126900829" timestamp="2022-10-02T16:19:23Z" user="oldman Jang" uid="17260371" lat="37.4521845" lon="126.6543745"/>
 <node id="10068967364" visible="true" version="1" changeset="126900829" timestamp="2022-10-02T16:19:23Z" user="oldman Jang" uid="17260371" lat="37.4522726" lon="126.6543402"/>
 <node id="10068967365" visible="true" version="1" changeset="126900829" timestamp="2022-10-02T16:19:23Z" user="oldman Jang" uid="17260371" lat="37.4522885" lon="126.6542040"/>
 <node id="10068967366" visible="true" version="1" changeset="126900829" timestamp="2022-10-02T16:19:23Z" user="oldman Jang" uid="17260371" lat="37.4522243" lon="126.6542282"/>
 <node id="10068967367" visible="true" version="1" changeset="126900829" timestamp="2022-10-02T16:19:23Z" user="oldman Jang" uid="17260371" lat="37.4522166" lon="126.6541959"/>
 <node id="10068967368" visible="true" version="1" changeset="126900829" timestamp="2022-10-02T16:19:23Z" user="oldman Jang" uid="17260371" lat="37.4521706" lon="126.6542133"/>
 <node id="10068967369" visible="true" version="1" changeset="126900829" timestamp="2022-10-02T16:19:23Z" user="oldman Jang" uid="17260371" lat="37.4521508" lon="126.6541301"/>
 <node id="10068967370" visible="true" version="1" changeset="126900829" timestamp="2022-10-02T16:19:23Z" user="oldman Jang" uid="17260371" lat="37.4522611" lon="126.6540886"/>
 <node id="10068967371" visible="true" version="1" changeset="126900829" timestamp="2022-10-02T16:19:23Z" user="oldman Jang" uid="17260371" lat="37.4520913" lon="126.6539633"/>
 <node id="10068967372" visible="true" version="1" changeset="126900829" timestamp="2022-10-02T16:19:23Z" user="oldman Jang" uid="17260371" lat="37.4521241" lon="126.6540944"/>
 <node id="10068967373" visible="true" version="1" changeset="126900829" timestamp="2022-10-02T16:19:23Z" user="oldman Jang" uid="17260371" lat="37.4522090" lon="126.6540607"/>
 <node id="10068967374" visible="true" version="1" changeset="126900829" timestamp="2022-10-02T16:19:23Z" user="oldman Jang" uid="17260371" lat="37.4521762" lon="126.6539296"/>
 <node id="10068967375" visible="true" version="1" changeset="126900829" timestamp="2022-10-02T16:19:23Z" user="oldman Jang" uid="17260371" lat="37.4526633" lon="126.6544806"/>
 <node id="10068967376" visible="true" version="1" changeset="126900829" timestamp="2022-10-02T16:19:23Z" user="oldman Jang" uid="17260371" lat="37.4524885" lon="126.6545437"/>
 <node id="10068967377" visible="true" version="1" changeset="126900829" timestamp="2022-10-02T16:19:23Z" user="oldman Jang" uid="17260371" lat="37.4521720" lon="126.6544168"/>
 <node id="10068967378" visible="true" version="1" changeset="126900829" timestamp="2022-10-02T16:19:23Z" user="oldman Jang" uid="17260371" lat="37.4523108" lon="126.6543535"/>
 <node id="10068985182" visible="true" version="1" changeset="126902772" timestamp="2022-10-02T17:11:17Z" user="oldman Jang" uid="17260371" lat="37.4494092" lon="126.6560677"/>
 <node id="10068985183" visible="true" version="1" changeset="126902772" timestamp="2022-10-02T17:11:17Z" user="oldman Jang" uid="17260371" lat="37.4493610" lon="126.6561964"/>
 <node id="10068985184" visible="true" version="1" changeset="126902772" timestamp="2022-10-02T17:11:17Z" user="oldman Jang" uid="17260371" lat="37.4493190" lon="126.6562367"/>
 <node id="10068985185" visible="true" version="1" changeset="126902772" timestamp="2022-10-02T17:11:17Z" user="oldman Jang" uid="17260371" lat="37.4492707" lon="126.6562418"/>
 <node id="10068985186" visible="true" version="1" changeset="126902772" timestamp="2022-10-02T17:11:17Z" user="oldman Jang" uid="17260371" lat="37.4492161" lon="126.6562290"/>
 <node id="10068985187" visible="true" version="1" changeset="126902772" timestamp="2022-10-02T17:11:17Z" user="oldman Jang" uid="17260371" lat="37.4490902" lon="126.6561542"/>
 <node id="10068985188" visible="true" version="1" changeset="126902772" timestamp="2022-10-02T17:11:17Z" user="oldman Jang" uid="17260371" lat="37.4491747" lon="126.6559284"/>
 <node id="10069011778" visible="true" version="1" changeset="126902098" timestamp="2022-10-02T16:54:22Z" user="oldman Jang" uid="17260371" lat="37.4520350" lon="126.6540840"/>
 <node id="10069011779" visible="true" version="1" changeset="126902098" timestamp="2022-10-02T16:54:22Z" user="oldman Jang" uid="17260371" lat="37.4520051" lon="126.6540740"/>
 <node id="10069011780" visible="true" version="1" changeset="126902098" timestamp="2022-10-02T16:54:22Z" user="oldman Jang" uid="17260371" lat="37.4519549" lon="126.6542612"/>
 <node id="10069011781" visible="true" version="1" changeset="126902098" timestamp="2022-10-02T16:54:22Z" user="oldman Jang" uid="17260371" lat="37.4520295" lon="126.6542974"/>
 <node id="10069011782" visible="true" version="1" changeset="126902098" timestamp="2022-10-02T16:54:22Z" user="oldman Jang" uid="17260371" lat="37.4520809" lon="126.6542727"/>
 <node id="10069011783" visible="true" version="1" changeset="126902098" timestamp="2022-10-02T16:54:22Z" user="oldman Jang" uid="17260371" lat="37.4520526" lon="126.6543179"/>
 <node id="10069011784" visible="true" version="1" changeset="126902098" timestamp="2022-10-02T16:54:22Z" user="oldman Jang" uid="17260371" lat="37.4520332" lon="126.6543251"/>
 <node id="10069011785" visible="true" version="1" changeset="126902098" timestamp="2022-10-02T16:54:22Z" user="oldman Jang" uid="17260371" lat="37.4519489" lon="126.6542868"/>
 <node id="10069011786" visible="true" version="1" changeset="126902098" timestamp="2022-10-02T16:54:22Z" user="oldman Jang" uid="17260371" lat="37.4519155" lon="126.6544162"/>
 <node id="10069011787" visible="true" version="1" changeset="126902098" timestamp="2022-10-02T16:54:22Z" user="oldman Jang" uid="17260371" lat="37.4519996" lon="126.6544507"/>
 <node id="10069011788" visible="true" version="1" changeset="126902098" timestamp="2022-10-02T16:54:22Z" user="oldman Jang" uid="17260371" lat="37.4520784" lon="126.6544186"/>
 <node id="10069011789" visible="true" version="1" changeset="126902098" timestamp="2022-10-02T16:54:22Z" user="oldman Jang" uid="17260371" lat="37.4521219" lon="126.6544619"/>
 <node id="10069011790" visible="true" version="1" changeset="126902098" timestamp="2022-10-02T16:54:22Z" user="oldman Jang" uid="17260371" lat="37.4520273" lon="126.6544985"/>
 <node id="10069011791" visible="true" version="1" changeset="126902098" timestamp="2022-10-02T16:54:22Z" user="oldman Jang" uid="17260371" lat="37.4520560" lon="126.6546131"/>
 <node id="10069011792" visible="true" version="1" changeset="126902098" timestamp="2022-10-02T16:54:22Z" user="oldman Jang" uid="17260371" lat="37.4521499" lon="126.6545768"/>
 <node id="10069011793" visible="true" version="1" changeset="126902098" timestamp="2022-10-02T16:54:22Z" user="oldman Jang" uid="17260371" lat="37.4520367" lon="126.6545373"/>
 <node id="10069011794" visible="true" version="1" changeset="126902098" timestamp="2022-10-02T16:54:22Z" user="oldman Jang" uid="17260371" lat="37.4520252" lon="126.6545418"/>
 <node id="10069011795" visible="true" version="1" changeset="126902098" timestamp="2022-10-02T16:54:22Z" user="oldman Jang" uid="17260371" lat="37.4520188" lon="126.6545739"/>
 <node id="10069011796" visible="true" version="1" changeset="126902098" timestamp="2022-10-02T16:54:22Z" user="oldman Jang" uid="17260371" lat="37.4520440" lon="126.6545641"/>
 <node id="10069011797" visible="true" version="1" changeset="126902098" timestamp="2022-10-02T16:54:22Z" user="oldman Jang" uid="17260371" lat="37.4521743" lon="126.6546796"/>
 <node id="10069011798" visible="true" version="1" changeset="126902098" timestamp="2022-10-02T16:54:22Z" user="oldman Jang" uid="17260371" lat="37.4520596" lon="126.6547229"/>
 <node id="10069011799" visible="true" version="1" changeset="126902098" timestamp="2022-10-02T16:54:22Z" user="oldman Jang" uid="17260371" lat="37.4520403" lon="126.6546415"/>
 <node id="10069011800" visible="true" version="1" changeset="126902098" timestamp="2022-10-02T16:54:22Z" user="oldman Jang" uid="17260371" lat="37.4521549" lon="126.6545982"/>
 <node id="10069011801" visible="true" version="1" changeset="126902098" timestamp="2022-10-02T16:54:22Z" user="oldman Jang" uid="17260371" lat="37.4521821" lon="126.6547119"/>
 <node id="10069011802" visible="true" version="1" changeset="126902098" timestamp="2022-10-02T16:54:22Z" user="oldman Jang" uid="17260371" lat="37.4520616" lon="126.6547579"/>
 <node id="10069011803" visible="true" version="1" changeset="126902098" timestamp="2022-10-02T16:54:22Z" user="oldman Jang" uid="17260371" lat="37.4520831" lon="126.6548471"/>
 <node id="10069011804" visible="true" version="1" changeset="126902098" timestamp="2022-10-02T16:54:22Z" user="oldman Jang" uid="17260371" lat="37.4521175" lon="126.6548479"/>
 <node id="10069011805" visible="true" version="1" changeset="126902098" timestamp="2022-10-02T16:54:22Z" user="oldman Jang" uid="17260371" lat="37.4521551" lon="126.6548335"/>
 <node id="10069011806" visible="true" version="1" changeset="126902098" timestamp="2022-10-02T16:54:22Z" user="oldman Jang" uid="17260371" lat="37.4521571" lon="126.6548419"/>
 <node id="10069011807" visible="true" version="1" changeset="126902098" timestamp="2022-10-02T16:54:22Z" user="oldman Jang" uid="17260371" lat="37.4522086" lon="126.6548222"/>
 <node id="10069011808" visible="true" version="1" changeset="126902098" timestamp="2022-10-02T16:54:22Z" user="oldman Jang" uid="17260371" lat="37.4522556" lon="126.6549410"/>
 <node id="10069011809" visible="true" version="1" changeset="126902098" timestamp="2022-10-02T16:54:22Z" user="oldman Jang" uid="17260371" lat="37.4522623" lon="126.6549706"/>
 <node id="10069011810" visible="true" version="1" changeset="126902098" timestamp="2022-10-02T16:54:22Z" user="oldman Jang" uid="17260371" lat="37.4522383" lon="126.6550457"/>
 <node id="10069011811" visible="true" version="1" changeset="126902098" timestamp="2022-10-02T16:54:22Z" user="oldman Jang" uid="17260371" lat="37.4521225" lon="126.6549869"/>
 <node id="10069011812" visible="true" version="1" changeset="126902098" timestamp="2022-10-02T16:54:22Z" user="oldman Jang" uid="17260371" lat="37.4521538" lon="126.6548893"/>
 <node id="10069011813" visible="true" version="1" changeset="126902098" timestamp="2022-10-02T16:54:22Z" user="oldman Jang" uid="17260371" lat="37.4518777" lon="126.6545663"/>
 <node id="10069011814" visible="true" version="1" changeset="126902098" timestamp="2022-10-02T16:54:22Z" user="oldman Jang" uid="17260371" lat="37.4519514" lon="126.6545958"/>
 <node id="10069011815" visible="true" version="1" changeset="126902098" timestamp="2022-10-02T16:54:22Z" user="oldman Jang" uid="17260371" lat="37.4519839" lon="126.6544667"/>
 <node id="10069011816" visible="true" version="1" changeset="126902098" timestamp="2022-10-02T16:54:22Z" user="oldman Jang" uid="17260371" lat="37.4519102" lon="126.6544373"/>
 <node id="10069027217" visible="true" version="1" changeset="126902098" timestamp="2022-10-02T16:54:22Z" user="oldman Jang" uid="17260371" lat="37.4518683" lon="126.6546042"/>
 <node id="10069027218" visible="true" version="1" changeset="126902098" timestamp="2022-10-02T16:54:22Z" user="oldman Jang" uid="17260371" lat="37.4518462" lon="126.6546865"/>
 <node id="10069027219" visible="true" version="1" changeset="126902098" timestamp="2022-10-02T16:54:22Z" user="oldman Jang" uid="17260371" lat="37.4520157" lon="126.6547589"/>
 <node id="10069027220" visible="true" version="1" changeset="126902098" timestamp="2022-10-02T16:54:22Z" user="oldman Jang" uid="17260371" lat="37.4520276" lon="126.6547143"/>
 <node id="10069027221" visible="true" version="1" changeset="126902098" timestamp="2022-10-02T16:54:22Z" user="oldman Jang" uid="17260371" lat="37.4520130" lon="126.6546296"/>
 <node id="10069027222" visible="true" version="1" changeset="126902098" timestamp="2022-10-02T16:54:22Z" user="oldman Jang" uid="17260371" lat="37.4519682" lon="126.6546105"/>
 <node id="10069027223" visible="true" version="1" changeset="126902098" timestamp="2022-10-02T16:54:22Z" user="oldman Jang" uid="17260371" lat="37.4519594" lon="126.6546430"/>
 <node id="10069027224" visible="true" version="1" changeset="126902098" timestamp="2022-10-02T16:54:22Z" user="oldman Jang" uid="17260371" lat="37.4519371" lon="126.6547861"/>
 <node id="10069027225" visible="true" version="1" changeset="126902098" timestamp="2022-10-02T16:54:22Z" user="oldman Jang" uid="17260371" lat="37.4518331" lon="126.6547395"/>
 <node id="10069027226" visible="true" version="1" changeset="126902098" timestamp="2022-10-02T16:54:22Z" user="oldman Jang" uid="17260371" lat="37.4517995" lon="126.6548588"/>
 <node id="10069027227" visible="true" version="1" changeset="126902098" timestamp="2022-10-02T16:54:22Z" user="oldman Jang" uid="17260371" lat="37.4519034" lon="126.6549053"/>
 <node id="10069027228" visible="true" version="1" changeset="126902098" timestamp="2022-10-02T16:54:22Z" user="oldman Jang" uid="17260371" lat="37.4520105" lon="126.6547721"/>
 <node id="10069027229" visible="true" version="1" changeset="126902098" timestamp="2022-10-02T16:54:22Z" user="oldman Jang" uid="17260371" lat="37.4519689" lon="126.6549299"/>
 <node id="10069027230" visible="true" version="1" changeset="126902098" timestamp="2022-10-02T16:54:22Z" user="oldman Jang" uid="17260371" lat="37.4519275" lon="126.6549126"/>
 <node id="10069027231" visible="true" version="1" changeset="126902098" timestamp="2022-10-02T16:54:22Z" user="oldman Jang" uid="17260371" lat="37.4519691" lon="126.6547548"/>
 <node id="10069027232" visible="true" version="1" changeset="126902098" timestamp="2022-10-02T16:54:22Z" user="oldman Jang" uid="17260371" lat="37.4517272" lon="126.6546599"/>
 <node id="10069027233" visible="true" version="1" changeset="126902098" timestamp="2022-10-02T16:54:22Z" user="oldman Jang" uid="17260371" lat="37.4519420" lon="126.6547552"/>
 <node id="10069027234" visible="true" version="1" changeset="126902098" timestamp="2022-10-02T16:54:22Z" user="oldman Jang" uid="17260371" lat="37.4521131" lon="126.6549880"/>
 <node id="10069027235" visible="true" version="1" changeset="126902098" timestamp="2022-10-02T16:54:22Z" user="oldman Jang" uid="17260371" lat="37.4519823" lon="126.6549303"/>
 <node id="10069027236" visible="true" version="1" changeset="126902098" timestamp="2022-10-02T16:54:22Z" user="oldman Jang" uid="17260371" lat="37.4520200" lon="126.6547948"/>
 <node id="10069027237" visible="true" version="1" changeset="126902098" timestamp="2022-10-02T16:54:22Z" user="oldman Jang" uid="17260371" lat="37.4520768" lon="126.6548614"/>
 <node id="10069027238" visible="true" version="1" changeset="126902098" timestamp="2022-10-02T16:54:22Z" user="oldman Jang" uid="17260371" lat="37.4521405" lon="126.6548896"/>
 <node id="10069027239" visible="true" version="1" changeset="126902098" timestamp="2022-10-02T16:54:22Z" user="oldman Jang" uid="17260371" lat="37.4520622" lon="126.6548135"/>
 <node id="10069027240" visible="true" version="1" changeset="126902098" timestamp="2022-10-02T16:54:22Z" user="oldman Jang" uid="17260371" lat="37.4522320" lon="126.6550640"/>
 <node id="10069027241" visible="true" version="1" changeset="126902098" timestamp="2022-10-02T16:54:22Z" user="oldman Jang" uid="17260371" lat="37.4521293" lon="126.6550183"/>
 <node id="10069027242" visible="true" version="1" changeset="126902098" timestamp="2022-10-02T16:54:22Z" user="oldman Jang" uid="17260371" lat="37.4521075" lon="126.6550962"/>
 <node id="10069027243" visible="true" version="1" changeset="126902098" timestamp="2022-10-02T16:54:22Z" user="oldman Jang" uid="17260371" lat="37.4522102" lon="126.6551418"/>
 <node id="10069027244" visible="true" version="1" changeset="126902098" timestamp="2022-10-02T16:54:22Z" user="oldman Jang" uid="17260371" lat="37.4522016" lon="126.6551728"/>
 <node id="10069027245" visible="true" version="1" changeset="126902098" timestamp="2022-10-02T16:54:22Z" user="oldman Jang" uid="17260371" lat="37.4521788" lon="126.6552568"/>
 <node id="10069027246" visible="true" version="1" changeset="126902098" timestamp="2022-10-02T16:54:22Z" user="oldman Jang" uid="17260371" lat="37.4520777" lon="126.6552131"/>
 <node id="10069027247" visible="true" version="1" changeset="126902098" timestamp="2022-10-02T16:54:22Z" user="oldman Jang" uid="17260371" lat="37.4520960" lon="126.6551461"/>
 <node id="10069027248" visible="true" version="1" changeset="126902098" timestamp="2022-10-02T16:54:22Z" user="oldman Jang" uid="17260371" lat="37.4521399" lon="126.6551651"/>
 <node id="10069027249" visible="true" version="1" changeset="126902098" timestamp="2022-10-02T16:54:22Z" user="oldman Jang" uid="17260371" lat="37.4521445" lon="126.6551482"/>
 <node id="10069027250" visible="true" version="1" changeset="126902098" timestamp="2022-10-02T16:54:22Z" user="oldman Jang" uid="17260371" lat="37.4521013" lon="126.6550068"/>
 <node id="10069027251" visible="true" version="1" changeset="126902098" timestamp="2022-10-02T16:54:22Z" user="oldman Jang" uid="17260371" lat="37.4520086" lon="126.6549667"/>
 <node id="10069027252" visible="true" version="1" changeset="126902098" timestamp="2022-10-02T16:54:22Z" user="oldman Jang" uid="17260371" lat="37.4519864" lon="126.6550480"/>
 <node id="10069027253" visible="true" version="1" changeset="126902098" timestamp="2022-10-02T16:54:22Z" user="oldman Jang" uid="17260371" lat="37.4520792" lon="126.6550881"/>
 <node id="10069027254" visible="true" version="1" changeset="126902098" timestamp="2022-10-02T16:54:22Z" user="oldman Jang" uid="17260371" lat="37.4520767" lon="126.6551137"/>
 <node id="10069027255" visible="true" version="1" changeset="126902098" timestamp="2022-10-02T16:54:22Z" user="oldman Jang" uid="17260371" lat="37.4520540" lon="126.6551974"/>
 <node id="10069027256" visible="true" version="1" changeset="126902098" timestamp="2022-10-02T16:54:22Z" user="oldman Jang" uid="17260371" lat="37.4519302" lon="126.6551443"/>
 <node id="10069027257" visible="true" version="1" changeset="126902098" timestamp="2022-10-02T16:54:22Z" user="oldman Jang" uid="17260371" lat="37.4519452" lon="126.6550889"/>
 <node id="10069027258" visible="true" version="1" changeset="126902098" timestamp="2022-10-02T16:54:22Z" user="oldman Jang" uid="17260371" lat="37.4519747" lon="126.6551016"/>
 <node id="10069027259" visible="true" version="1" changeset="126902098" timestamp="2022-10-02T16:54:22Z" user="oldman Jang" uid="17260371" lat="37.4519824" lon="126.6550732"/>
 <node id="10069027260" visible="true" version="1" changeset="126902098" timestamp="2022-10-02T16:54:22Z" user="oldman Jang" uid="17260371" lat="37.4522709" lon="126.6551849"/>
 <node id="10069027261" visible="true" version="1" changeset="126902098" timestamp="2022-10-02T16:54:22Z" user="oldman Jang" uid="17260371" lat="37.4521022" lon="126.6551118"/>
 <node id="10069027262" visible="true" version="1" changeset="126902098" timestamp="2022-10-02T16:54:22Z" user="oldman Jang" uid="17260371" lat="37.4521753" lon="126.6552710"/>
 <node id="10069027263" visible="true" version="1" changeset="126902098" timestamp="2022-10-02T16:54:22Z" user="oldman Jang" uid="17260371" lat="37.4521551" lon="126.6553411"/>
 <node id="10069027264" visible="true" version="1" changeset="126902098" timestamp="2022-10-02T16:54:22Z" user="oldman Jang" uid="17260371" lat="37.4520346" lon="126.6552861"/>
 <node id="10069027265" visible="true" version="1" changeset="126902098" timestamp="2022-10-02T16:54:22Z" user="oldman Jang" uid="17260371" lat="37.4520548" lon="126.6552159"/>
 <node id="10069027266" visible="true" version="1" changeset="126902098" timestamp="2022-10-02T16:54:22Z" user="oldman Jang" uid="17260371" lat="37.4522091" lon="126.6554109"/>
 <node id="10069027267" visible="true" version="1" changeset="126902098" timestamp="2022-10-02T16:54:22Z" user="oldman Jang" uid="17260371" lat="37.4519855" lon="126.6553059"/>
 <node id="10069027268" visible="true" version="1" changeset="126902098" timestamp="2022-10-02T16:54:22Z" user="oldman Jang" uid="17260371" lat="37.4519005" lon="126.6552697"/>
 <node id="10069027269" visible="true" version="1" changeset="126902098" timestamp="2022-10-02T16:54:22Z" user="oldman Jang" uid="17260371" lat="37.4518846" lon="126.6553259"/>
 <node id="10069027270" visible="true" version="1" changeset="126902098" timestamp="2022-10-02T16:54:22Z" user="oldman Jang" uid="17260371" lat="37.4519371" lon="126.6552693"/>
 <node id="10069027271" visible="true" version="1" changeset="126902098" timestamp="2022-10-02T16:54:22Z" user="oldman Jang" uid="17260371" lat="37.4519727" lon="126.6552845"/>
 <node id="10069027272" visible="true" version="1" changeset="126902098" timestamp="2022-10-02T16:54:22Z" user="oldman Jang" uid="17260371" lat="37.4520000" lon="126.6551828"/>
 <node id="10069027273" visible="true" version="1" changeset="126902098" timestamp="2022-10-02T16:54:22Z" user="oldman Jang" uid="17260371" lat="37.4519138" lon="126.6551460"/>
 <node id="10069027274" visible="true" version="1" changeset="126902098" timestamp="2022-10-02T16:54:22Z" user="oldman Jang" uid="17260371" lat="37.4519019" lon="126.6551903"/>
 <node id="10069027275" visible="true" version="1" changeset="126902098" timestamp="2022-10-02T16:54:22Z" user="oldman Jang" uid="17260371" lat="37.4519525" lon="126.6552119"/>
 <node id="10069027276" visible="true" version="1" changeset="126902098" timestamp="2022-10-02T16:54:22Z" user="oldman Jang" uid="17260371" lat="37.4518691" lon="126.6552769"/>
 <node id="10069027277" visible="true" version="1" changeset="126902098" timestamp="2022-10-02T16:54:22Z" user="oldman Jang" uid="17260371" lat="37.4518284" lon="126.6552604"/>
 <node id="10069027278" visible="true" version="1" changeset="126902098" timestamp="2022-10-02T16:54:22Z" user="oldman Jang" uid="17260371" lat="37.4518625" lon="126.6551265"/>
 <node id="10069027279" visible="true" version="1" changeset="126902098" timestamp="2022-10-02T16:54:22Z" user="oldman Jang" uid="17260371" lat="37.4519088" lon="126.6551453"/>
 <node id="10069027280" visible="true" version="1" changeset="126902098" timestamp="2022-10-02T16:54:22Z" user="oldman Jang" uid="17260371" lat="37.4518992" lon="126.6551827"/>
 <node id="10069027281" visible="true" version="1" changeset="126902098" timestamp="2022-10-02T16:54:22Z" user="oldman Jang" uid="17260371" lat="37.4518738" lon="126.6551724"/>
 <node id="10069027282" visible="true" version="1" changeset="126902098" timestamp="2022-10-02T16:54:22Z" user="oldman Jang" uid="17260371" lat="37.4518569" lon="126.6552385"/>
 <node id="10069027283" visible="true" version="1" changeset="126902098" timestamp="2022-10-02T16:54:22Z" user="oldman Jang" uid="17260371" lat="37.4518768" lon="126.6552466"/>
 <node id="10069027284" visible="true" version="1" changeset="126902098" timestamp="2022-10-02T16:54:22Z" user="oldman Jang" uid="17260371" lat="37.4518696" lon="126.6552814"/>
 <node id="10069027285" visible="true" version="1" changeset="126902098" timestamp="2022-10-02T16:54:22Z" user="oldman Jang" uid="17260371" lat="37.4518165" lon="126.6552600"/>
 <node id="10069027286" visible="true" version="1" changeset="126902098" timestamp="2022-10-02T16:54:22Z" user="oldman Jang" uid="17260371" lat="37.4517889" lon="126.6553685"/>
 <node id="10069027287" visible="true" version="1" changeset="126902098" timestamp="2022-10-02T16:54:22Z" user="oldman Jang" uid="17260371" lat="37.4518420" lon="126.6553899"/>
 <node id="11152475759" visible="true" version="1" changeset="140529578" timestamp="2023-08-29T08:53:01Z" user="czjing" uid="20123193" lat="37.4509401" lon="126.6513257"/>
 <node id="11152475760" visible="true" version="1" changeset="140529578" timestamp="2023-08-29T08:53:01Z" user="czjing" uid="20123193" lat="37.4506248" lon="126.6521665"/>
 <node id="11152475761" visible="true" version="1" changeset="140529578" timestamp="2023-08-29T08:53:01Z" user="czjing" uid="20123193" lat="37.4505526" lon="126.6521247"/>
 <node id="11152475762" visible="true" version="1" changeset="140529578" timestamp="2023-08-29T08:53:01Z" user="czjing" uid="20123193" lat="37.4508895" lon="126.6512346"/>
 <node id="11257934902" visible="true" version="1" changeset="142487675" timestamp="2023-10-12T16:20:24Z" user="aaei924" uid="10626814" lat="37.4452981" lon="126.6498151"/>
 <node id="11257934903" visible="true" version="1" changeset="142487675" timestamp="2023-10-12T16:20:24Z" user="aaei924" uid="10626814" lat="37.4452022" lon="126.6501373"/>
 <node id="11257934904" visible="true" version="1" changeset="142487675" timestamp="2023-10-12T16:20:24Z" user="aaei924" uid="10626814" lat="37.4451009" lon="126.6502451"/>
 <node id="11257934905" visible="true" version="1" changeset="142487675" timestamp="2023-10-12T16:20:24Z" user="aaei924" uid="10626814" lat="37.4449882" lon="126.6503132"/>
 <node id="11257934906" visible="true" version="1" changeset="142487675" timestamp="2023-10-12T16:20:24Z" user="aaei924" uid="10626814" lat="37.4447443" lon="126.6503879"/>
 <node id="11257934907" visible="true" version="1" changeset="142487675" timestamp="2023-10-12T16:20:24Z" user="aaei924" uid="10626814" lat="37.4449928" lon="126.6506678"/>
 <node id="11257934908" visible="true" version="1" changeset="142487675" timestamp="2023-10-12T16:20:24Z" user="aaei924" uid="10626814" lat="37.4451865" lon="126.6508947"/>
 <node id="11257934909" visible="true" version="1" changeset="142487675" timestamp="2023-10-12T16:20:24Z" user="aaei924" uid="10626814" lat="37.4452473" lon="126.6510479"/>
 <node id="11257934910" visible="true" version="1" changeset="142487675" timestamp="2023-10-12T16:20:24Z" user="aaei924" uid="10626814" lat="37.4452986" lon="126.6512803"/>
 <node id="11257934911" visible="true" version="1" changeset="142487675" timestamp="2023-10-12T16:20:24Z" user="aaei924" uid="10626814" lat="37.4456684" lon="126.6507075"/>
 <node id="11257934912" visible="true" version="1" changeset="142487675" timestamp="2023-10-12T16:20:24Z" user="aaei924" uid="10626814" lat="37.4458802" lon="126.6504468"/>
 <node id="11257934913" visible="true" version="1" changeset="142487675" timestamp="2023-10-12T16:20:24Z" user="aaei924" uid="10626814" lat="37.4456144" lon="126.6503018"/>
 <node id="11257934914" visible="true" version="1" changeset="142487675" timestamp="2023-10-12T16:20:24Z" user="aaei924" uid="10626814" lat="37.4454725" lon="126.6501146"/>
 <node id="11257934915" visible="true" version="1" changeset="142487675" timestamp="2023-10-12T16:20:24Z" user="aaei924" uid="10626814" lat="37.4455976" lon="126.6504632">
  <tag k="crossing" v="traffic_signals"/>
  <tag k="highway" v="crossing"/>
 </node>
 <node id="11257934916" visible="true" version="1" changeset="142487675" timestamp="2023-10-12T16:20:24Z" user="aaei924" uid="10626814" lat="37.4452208" lon="126.6504708">
  <tag k="crossing" v="traffic_signals"/>
  <tag k="highway" v="crossing"/>
 </node>
 <node id="11257934917" visible="true" version="1" changeset="142487675" timestamp="2023-10-12T16:20:24Z" user="aaei924" uid="10626814" lat="37.4485677" lon="126.6501311"/>
 <node id="11257934918" visible="true" version="1" changeset="142487675" timestamp="2023-10-12T16:20:24Z" user="aaei924" uid="10626814" lat="37.4480135" lon="126.6500185"/>
 <node id="11257934919" visible="true" version="1" changeset="142487675" timestamp="2023-10-12T16:20:24Z" user="aaei924" uid="10626814" lat="37.4482741" lon="126.6501488"/>
 <node id="11257934920" visible="true" version="1" changeset="142487675" timestamp="2023-10-12T16:20:24Z" user="aaei924" uid="10626814" lat="37.4483325" lon="126.6501945"/>
 <node id="11257934921" visible="true" version="1" changeset="142487675" timestamp="2023-10-12T16:20:24Z" user="aaei924" uid="10626814" lat="37.4483567" lon="126.6502440"/>
 <node id="11257934922" visible="true" version="1" changeset="142487675" timestamp="2023-10-12T16:20:24Z" user="aaei924" uid="10626814" lat="37.4483778" lon="126.6503505"/>
 <node id="11257934923" visible="true" version="1" changeset="142487675" timestamp="2023-10-12T16:20:24Z" user="aaei924" uid="10626814" lat="37.4483995" lon="126.6505577"/>
 <node id="11257934924" visible="true" version="1" changeset="142487675" timestamp="2023-10-12T16:20:24Z" user="aaei924" uid="10626814" lat="37.4486558" lon="126.6501818"/>
 <node id="11257934925" visible="true" version="1" changeset="142487675" timestamp="2023-10-12T16:20:24Z" user="aaei924" uid="10626814" lat="37.4486991" lon="126.6501298"/>
 <node id="11257934926" visible="true" version="1" changeset="142487675" timestamp="2023-10-12T16:20:24Z" user="aaei924" uid="10626814" lat="37.4490480" lon="126.6497772"/>
 <node id="11257934927" visible="true" version="1" changeset="142487675" timestamp="2023-10-12T16:20:24Z" user="aaei924" uid="10626814" lat="37.4492200" lon="126.6497117"/>
 <node id="11257934928" visible="true" version="1" changeset="142487675" timestamp="2023-10-12T16:20:24Z" user="aaei924" uid="10626814" lat="37.4488462" lon="126.6496591"/>
 <node id="11257934929" visible="true" version="1" changeset="142487675" timestamp="2023-10-12T16:20:24Z" user="aaei924" uid="10626814" lat="37.4487273" lon="126.6496299"/>
 <node id="11257934930" visible="true" version="1" changeset="142487675" timestamp="2023-10-12T16:20:24Z" user="aaei924" uid="10626814" lat="37.4486508" lon="126.6495792"/>
 <node id="11257934931" visible="true" version="1" changeset="142487675" timestamp="2023-10-12T16:20:24Z" user="aaei924" uid="10626814" lat="37.4485379" lon="126.6494694"/>
 <node id="11257934932" visible="true" version="1" changeset="142487675" timestamp="2023-10-12T16:20:24Z" user="aaei924" uid="10626814" lat="37.4486711" lon="126.6494938"/>
 <node id="11257934933" visible="true" version="1" changeset="142487675" timestamp="2023-10-12T16:20:24Z" user="aaei924" uid="10626814" lat="37.4484021" lon="126.6488203"/>
 <node id="11257934934" visible="true" version="1" changeset="142487675" timestamp="2023-10-12T16:20:24Z" user="aaei924" uid="10626814" lat="37.4486165" lon="126.6493908"/>
 <node id="11257934935" visible="true" version="1" changeset="142487675" timestamp="2023-10-12T16:20:24Z" user="aaei924" uid="10626814" lat="37.4487463" lon="126.6495341"/>
 <node id="11257934936" visible="true" version="1" changeset="142487675" timestamp="2023-10-12T16:20:24Z" user="aaei924" uid="10626814" lat="37.4491519" lon="126.6494386"/>
 <node id="11257934937" visible="true" version="1" changeset="142487675" timestamp="2023-10-12T16:20:24Z" user="aaei924" uid="10626814" lat="37.4494933" lon="126.6492713"/>
 <node id="11257934938" visible="true" version="1" changeset="142487675" timestamp="2023-10-12T16:20:24Z" user="aaei924" uid="10626814" lat="37.4503279" lon="126.6487972"/>
 <node id="11257934939" visible="true" version="1" changeset="142487675" timestamp="2023-10-12T16:20:24Z" user="aaei924" uid="10626814" lat="37.4514936" lon="126.6481338"/>
 <node id="11257934940" visible="true" version="1" changeset="142487675" timestamp="2023-10-12T16:20:24Z" user="aaei924" uid="10626814" lat="37.4518131" lon="126.6479537"/>
 <node id="11257934941" visible="true" version="1" changeset="142487675" timestamp="2023-10-12T16:20:24Z" user="aaei924" uid="10626814" lat="37.4487234" lon="126.6498514"/>
 <node id="11257934942" visible="true" version="1" changeset="142487675" timestamp="2023-10-12T16:20:24Z" user="aaei924" uid="10626814" lat="37.4487172" lon="126.6500406"/>
 <node id="11257934943" visible="true" version="1" changeset="142487675" timestamp="2023-10-12T16:20:24Z" user="aaei924" uid="10626814" lat="37.4486804" lon="126.6500918"/>
 <node id="11257934944" visible="true" version="1" changeset="142487675" timestamp="2023-10-12T16:20:24Z" user="aaei924" uid="10626814" lat="37.4487235" lon="126.6501493"/>
 <node id="11257934945" visible="true" version="1" changeset="142487675" timestamp="2023-10-12T16:20:24Z" user="aaei924" uid="10626814" lat="37.4487178" lon="126.6500215"/>
 <node id="11257934946" visible="true" version="1" changeset="142487675" timestamp="2023-10-12T16:20:24Z" user="aaei924" uid="10626814" lat="37.4486858" lon="126.6501027"/>
 <node id="11257934947" visible="true" version="1" changeset="142487675" timestamp="2023-10-12T16:20:24Z" user="aaei924" uid="10626814" lat="37.4510138" lon="126.6486557"/>
 <node id="11258056596" visible="true" version="1" changeset="142490312" timestamp="2023-10-12T17:27:08Z" user="aaei924" uid="10626814" lat="37.4508644" lon="126.6488337"/>
 <node id="11258056597" visible="true" version="1" changeset="142490312" timestamp="2023-10-12T17:27:08Z" user="aaei924" uid="10626814" lat="37.4508134" lon="126.6486797"/>
 <node id="11258056598" visible="true" version="1" changeset="142490312" timestamp="2023-10-12T17:27:08Z" user="aaei924" uid="10626814" lat="37.4499801" lon="126.6492063"/>
 <node id="11260390443" visible="true" version="1" changeset="142531885" timestamp="2023-10-13T16:33:01Z" user="aaei924" uid="10626814" lat="37.4558441" lon="126.6497874"/>
 <node id="11379634728" visible="true" version="2" changeset="164283310" timestamp="2025-03-30T11:32:51Z" user="Wolframite74" uid="20102979" lat="37.4457448" lon="126.6562100">
  <tag k="bus" v="yes"/>
  <tag k="highway" v="bus_stop"/>
  <tag k="name" v="장미아파트(19동)앞"/>
  <tag k="network" v="인천광역시 시내버스"/>
  <tag k="network:ko" v="인천광역시 시내버스"/>
  <tag k="network:wikidata" v="Q12613485"/>
  <tag k="public_transport" v="platform"/>
  <tag k="ref" v="37474"/>
 </node>
 <node id="11379634729" visible="true" version="2" changeset="164283310" timestamp="2025-03-30T11:32:51Z" user="Wolframite74" uid="20102979" lat="37.4456751" lon="126.6564638">
  <tag k="bus" v="yes"/>
  <tag k="highway" v="bus_stop"/>
  <tag k="name" v="장미아파트(19동)앞"/>
  <tag k="network" v="인천광역시 시내버스"/>
  <tag k="network:ko" v="인천광역시 시내버스"/>
  <tag k="network:wikidata" v="Q12613485"/>
  <tag k="public_transport" v="platform"/>
  <tag k="ref" v="37540"/>
 </node>
 <node id="11379634730" visible="true" version="2" changeset="164283310" timestamp="2025-03-30T11:32:51Z" user="Wolframite74" uid="20102979" lat="37.4454377" lon="126.6577372">
  <tag k="bus" v="yes"/>
  <tag k="highway" v="bus_stop"/>
  <tag k="name" v="장미아파트"/>
  <tag k="network" v="인천광역시 시내버스"/>
  <tag k="network:ko" v="인천광역시 시내버스"/>
  <tag k="network:wikidata" v="Q12613485"/>
  <tag k="public_transport" v="platform"/>
  <tag k="ref" v="37092"/>
 </node>
 <node id="11379634731" visible="true" version="2" changeset="164283310" timestamp="2025-03-30T11:32:51Z" user="Wolframite74" uid="20102979" lat="37.4457609" lon="126.6576046">
  <tag k="bus" v="yes"/>
  <tag k="highway" v="bus_stop"/>
  <tag k="name" v="장미아파트"/>
  <tag k="network" v="인천광역시 시내버스"/>
  <tag k="network:ko" v="인천광역시 시내버스"/>
  <tag k="network:wikidata" v="Q12613485"/>
  <tag k="public_transport" v="platform"/>
  <tag k="ref" v="37094"/>
 </node>
 <node id="11379634816" visible="true" version="2" changeset="164283310" timestamp="2025-03-30T11:32:51Z" user="Wolframite74" uid="20102979" lat="37.4510802" lon="126.6566974">
  <tag k="bus" v="yes"/>
  <tag k="highway" v="bus_stop"/>
  <tag k="name" v="인하대후문"/>
  <tag k="network" v="인천광역시 시내버스"/>
  <tag k="network:ko" v="인천광역시 시내버스"/>
  <tag k="network:wikidata" v="Q12613485"/>
  <tag k="public_transport" v="platform"/>
  <tag k="ref" v="37166"/>
 </node>
 <node id="11379634817" visible="true" version="3" changeset="185046759" timestamp="2026-07-03T15:30:17Z" user="BLUE LIME" uid="22330927" lat="37.4513813" lon="126.6561421">
  <tag k="bus" v="yes"/>
  <tag k="highway" v="bus_stop"/>
  <tag k="name" v="인하대후문"/>
  <tag k="network" v="인천광역시 시내버스"/>
  <tag k="network:ko" v="인천광역시 시내버스"/>
  <tag k="network:wikidata" v="Q12613485"/>
  <tag k="public_transport" v="platform"/>
  <tag k="ref" v="37167"/>
 </node>
 <node id="11379634818" visible="true" version="2" changeset="164283310" timestamp="2025-03-30T11:32:51Z" user="Wolframite74" uid="20102979" lat="37.4513523" lon="126.6557201">
  <tag k="bus" v="yes"/>
  <tag k="highway" v="bus_stop"/>
  <tag k="name" v="인하대후문"/>
  <tag k="network" v="인천광역시 시내버스"/>
  <tag k="network:ko" v="인천광역시 시내버스"/>
  <tag k="network:wikidata" v="Q12613485"/>
  <tag k="public_transport" v="platform"/>
  <tag k="ref" v="37165"/>
 </node>
 <node id="11379634819" visible="true" version="1" changeset="144509032" timestamp="2023-11-27T13:50:55Z" user="Keonsoon Hwang" uid="2424231" lat="37.4497575" lon="126.6497171">
  <tag k="bus" v="yes"/>
  <tag k="highway" v="bus_stop"/>
  <tag k="name" v="인하대역4번출구"/>
  <tag k="public_transport" v="platform"/>
  <tag k="ref" v="37122"/>
 </node>
 <node id="11379634820" visible="true" version="1" changeset="144509032" timestamp="2023-11-27T13:50:55Z" user="Keonsoon Hwang" uid="2424231" lat="37.4502335" lon="126.6491380">
  <tag k="bus" v="yes"/>
  <tag k="highway" v="bus_stop"/>
  <tag k="name" v="인하대역3번출구"/>
  <tag k="public_transport" v="platform"/>
  <tag k="ref" v="37127"/>
 </node>
 <node id="11379634821" visible="true" version="1" changeset="144509032" timestamp="2023-11-27T13:50:55Z" user="Keonsoon Hwang" uid="2424231" lat="37.4476473" lon="126.6502949">
  <tag k="bus" v="yes"/>
  <tag k="highway" v="bus_stop"/>
  <tag k="name" v="인하대역(7번출구)"/>
  <tag k="public_transport" v="platform"/>
  <tag k="ref" v="37091"/>
 </node>
 <node id="11379634822" visible="true" version="1" changeset="144509032" timestamp="2023-11-27T13:50:55Z" user="Keonsoon Hwang" uid="2424231" lat="37.4479904" lon="126.6500086">
  <tag k="bus" v="yes"/>
  <tag k="highway" v="bus_stop"/>
  <tag k="name" v="인하대역(1번출구)"/>
  <tag k="public_transport" v="platform"/>
  <tag k="ref" v="37066"/>
 </node>
 <node id="11379634823" visible="true" version="1" changeset="144509032" timestamp="2023-11-27T13:50:55Z" user="Keonsoon Hwang" uid="2424231" lat="37.4487537" lon="126.6494585">
  <tag k="bus" v="yes"/>
  <tag k="highway" v="bus_stop"/>
  <tag k="name" v="인하대역"/>
  <tag k="public_transport" v="platform"/>
  <tag k="ref" v="37596"/>
 </node>
 <node id="11379635289" visible="true" version="1" changeset="144509032" timestamp="2023-11-27T13:50:55Z" user="Keonsoon Hwang" uid="2424231" lat="37.4520159" lon="126.6503805">
  <tag k="bus" v="yes"/>
  <tag k="highway" v="bus_stop"/>
  <tag k="name" v="용현고가교"/>
  <tag k="public_transport" v="platform"/>
  <tag k="ref" v="37550"/>
 </node>
 <node id="11379635290" visible="true" version="1" changeset="144509032" timestamp="2023-11-27T13:50:55Z" user="Keonsoon Hwang" uid="2424231" lat="37.4517804" lon="126.6488714">
  <tag k="bus" v="yes"/>
  <tag k="highway" v="bus_stop"/>
  <tag k="name" v="용현고가교"/>
  <tag k="public_transport" v="platform"/>
  <tag k="ref" v="37611"/>
 </node>
 <node id="11379638180" visible="true" version="1" changeset="144509032" timestamp="2023-11-27T13:50:55Z" user="Keonsoon Hwang" uid="2424231" lat="37.4453911" lon="126.6493361">
  <tag k="bus" v="yes"/>
  <tag k="highway" v="bus_stop"/>
  <tag k="name" v="교통방송사거리"/>
  <tag k="public_transport" v="platform"/>
  <tag k="ref" v="37538"/>
 </node>
 <node id="11379638181" visible="true" version="1" changeset="144509032" timestamp="2023-11-27T13:50:55Z" user="Keonsoon Hwang" uid="2424231" lat="37.4450798" lon="126.6496654">
  <tag k="bus" v="yes"/>
  <tag k="highway" v="bus_stop"/>
  <tag k="name" v="교통방송사거리"/>
  <tag k="public_transport" v="platform"/>
  <tag k="ref" v="37539"/>
 </node>
 <node id="11403267420" visible="true" version="2" changeset="144905956" timestamp="2023-12-08T14:26:35Z" user="Keonsoon Hwang" uid="2424231" lat="37.4490524" lon="126.6658101">
  <tag k="bus" v="yes"/>
  <tag k="highway" v="bus_stop"/>
  <tag k="name" v="용남파출소"/>
  <tag k="public_transport" v="stop_position"/>
 </node>
 <node id="11403267421" visible="true" version="2" changeset="144905956" timestamp="2023-12-08T14:26:35Z" user="Keonsoon Hwang" uid="2424231" lat="37.4494719" lon="126.6631692">
  <tag k="bus" v="yes"/>
  <tag k="highway" v="bus_stop"/>
  <tag k="name" v="학산소극장"/>
  <tag k="public_transport" v="stop_position"/>
 </node>
 <node id="11403267422" visible="true" version="2" changeset="144905956" timestamp="2023-12-08T14:26:35Z" user="Keonsoon Hwang" uid="2424231" lat="37.4504488" lon="126.6595510">
  <tag k="bus" v="yes"/>
  <tag k="highway" v="bus_stop"/>
  <tag k="name" v="정석항공과학고"/>
  <tag k="public_transport" v="stop_position"/>
 </node>
 <node id="11403267423" visible="true" version="2" changeset="144905956" timestamp="2023-12-08T14:26:35Z" user="Keonsoon Hwang" uid="2424231" lat="37.4513640" lon="126.6560988">
  <tag k="bus" v="yes"/>
  <tag k="highway" v="bus_stop"/>
  <tag k="name" v="인하대후문"/>
  <tag k="public_transport" v="stop_position"/>
 </node>
 <node id="11403267424" visible="true" version="2" changeset="144905956" timestamp="2023-12-08T14:26:35Z" user="Keonsoon Hwang" uid="2424231" lat="37.4519338" lon="126.6503815">
  <tag k="bus" v="yes"/>
  <tag k="highway" v="bus_stop"/>
  <tag k="name" v="용현고가교"/>
  <tag k="public_transport" v="stop_position"/>
 </node>
 <node id="11403267425" visible="true" version="2" changeset="144905956" timestamp="2023-12-08T14:26:35Z" user="Keonsoon Hwang" uid="2424231" lat="37.4544964" lon="126.6489469">
  <tag k="bus" v="yes"/>
  <tag k="highway" v="bus_stop"/>
  <tag k="name" v="용현고개"/>
  <tag k="public_transport" v="stop_position"/>
 </node>
 <node id="12866720413" visible="true" version="1" changeset="166825644" timestamp="2025-05-27T12:57:33Z" user="Priyanka korhale" uid="22889571" lat="37.4445424" lon="126.6532052"/>
 <node id="12866720414" visible="true" version="1" changeset="166825644" timestamp="2025-05-27T12:57:33Z" user="Priyanka korhale" uid="22889571" lat="37.4452677" lon="126.6536338"/>
 <node id="12866720415" visible="true" version="1" changeset="166825644" timestamp="2025-05-27T12:57:33Z" user="Priyanka korhale" uid="22889571" lat="37.4454850" lon="126.6537800"/>
 <node id="12866720416" visible="true" version="1" changeset="166825644" timestamp="2025-05-27T12:57:33Z" user="Priyanka korhale" uid="22889571" lat="37.4458260" lon="126.6539782"/>
 <node id="12866720417" visible="true" version="1" changeset="166825644" timestamp="2025-05-27T12:57:33Z" user="Priyanka korhale" uid="22889571" lat="37.4467792" lon="126.6546057"/>
 <node id="12866875108" visible="true" version="1" changeset="166828796" timestamp="2025-05-27T13:57:33Z" user="Priyanka korhale" uid="22889571" lat="37.4599507" lon="126.6709331"/>
 <node id="13083842132" visible="true" version="1" changeset="170707028" timestamp="2025-08-20T07:09:47Z" user="unenTT" uid="22367796" lat="37.4402418" lon="126.6642458"/>
 <node id="13083842146" visible="true" version="1" changeset="170707028" timestamp="2025-08-20T07:09:47Z" user="unenTT" uid="22367796" lat="37.4403463" lon="126.6637784"/>
 <node id="13083842194" visible="true" version="1" changeset="170707028" timestamp="2025-08-20T07:09:47Z" user="unenTT" uid="22367796" lat="37.4401434" lon="126.6657306"/>
 <node id="13083871608" visible="true" version="1" changeset="170707028" timestamp="2025-08-20T07:09:47Z" user="unenTT" uid="22367796" lat="37.4401658" lon="126.6653425"/>
 <node id="13858006482" visible="true" version="1" changeset="182982124" timestamp="2026-05-21T15:29:05Z" user="Kaduna" uid="20432991" lat="37.4562951" lon="126.6371769"/>
 <node id="13986121358" visible="true" version="2" changeset="185044786" timestamp="2026-07-03T14:54:07Z" user="BLUE LIME" uid="22330927" lat="37.4493491" lon="126.6557346">
  <tag k="name" v="인경호 오리집"/>
  <tag k="tourism" v="zoo"/>
 </node>
 <node id="13986125138" visible="true" version="1" changeset="185044612" timestamp="2026-07-03T14:50:49Z" user="BLUE LIME" uid="22330927" lat="37.4493163" lon="126.6564699">
  <tag k="amenity" v="cafe"/>
  <tag k="cuisine" v="coffee_shop"/>
  <tag k="name" v="블루포트"/>
 </node>
 <node id="13986125139" visible="true" version="1" changeset="185044612" timestamp="2026-07-03T14:50:49Z" user="BLUE LIME" uid="22330927" lat="37.4493986" lon="126.6566737">
  <tag k="brand" v="GS25"/>
  <tag k="brand:wikidata" v="Q624041"/>
  <tag k="name" v="GS25"/>
  <tag k="shop" v="convenience"/>
 </node>
 <node id="13986125140" visible="true" version="1" changeset="185044612" timestamp="2026-07-03T14:50:49Z" user="BLUE LIME" uid="22330927" lat="37.4495108" lon="126.6563590">
  <tag k="name" v="대학서적인하대"/>
  <tag k="shop" v="books"/>
 </node>
 <node id="13986125141" visible="true" version="1" changeset="185044612" timestamp="2026-07-03T14:50:49Z" user="BLUE LIME" uid="22330927" lat="37.4494128" lon="126.6563965">
  <tag k="name" v="씨채널안경"/>
  <tag k="shop" v="optician"/>
 </node>
 <node id="13986125142" visible="true" version="1" changeset="185044612" timestamp="2026-07-03T14:50:49Z" user="BLUE LIME" uid="22330927" lat="37.4495988" lon="126.6566487">
  <tag k="amenity" v="fast_food"/>
  <tag k="cuisine" v="burger"/>
  <tag k="name" v="버거리"/>
 </node>
 <node id="13986125143" visible="true" version="1" changeset="185044612" timestamp="2026-07-03T14:50:49Z" user="BLUE LIME" uid="22330927" lat="37.4496102" lon="126.6564663">
  <tag k="amenity" v="fast_food"/>
  <tag k="brand" v="써브웨이"/>
  <tag k="brand:en" v="Subway"/>
  <tag k="brand:ko" v="써브웨이"/>
  <tag k="brand:wikidata" v="Q244457"/>
  <tag k="cuisine" v="sandwich"/>
  <tag k="name" v="써브웨이"/>
  <tag k="name:en" v="Subway"/>
  <tag k="name:ko" v="써브웨이"/>
  <tag k="takeaway" v="yes"/>
 </node>
 <node id="13986125144" visible="true" version="1" changeset="185044612" timestamp="2026-07-03T14:50:49Z" user="BLUE LIME" uid="22330927" lat="37.4500204" lon="126.6566004">
  <tag k="craft" v="photographer"/>
  <tag k="name" v="포토블링"/>
 </node>
 <node id="13986125145" visible="true" version="1" changeset="185044612" timestamp="2026-07-03T14:50:49Z" user="BLUE LIME" uid="22330927" lat="37.4495009" lon="126.6566147">
  <tag k="amenity" v="post_office"/>
  <tag k="name" v="인하대학교우편취급국"/>
 </node>
 <node id="13986125146" visible="true" version="1" changeset="185044612" timestamp="2026-07-03T14:50:49Z" user="BLUE LIME" uid="22330927" lat="37.4495392" lon="126.6545244">
  <tag k="name" v="인하대학교박물관"/>
  <tag k="tourism" v="museum"/>
 </node>
 <node id="13986125147" visible="true" version="1" changeset="185044612" timestamp="2026-07-03T14:50:49Z" user="BLUE LIME" uid="22330927" lat="37.4502376" lon="126.6538073">
  <tag k="brand" v="이마트24"/>
  <tag k="brand:en" v="emart24"/>
  <tag k="brand:ko" v="이마트24"/>
  <tag k="brand:wikidata" v="Q16219674"/>
  <tag k="name" v="이마트24"/>
  <tag k="name:en" v="emart24"/>
  <tag k="name:ko" v="이마트24"/>
  <tag k="shop" v="convenience"/>
 </node>
 <node id="13986125148" visible="true" version="1" changeset="185044612" timestamp="2026-07-03T14:50:49Z" user="BLUE LIME" uid="22330927" lat="37.4510666" lon="126.6523178">
  <tag k="amenity" v="cafe"/>
  <tag k="cuisine" v="coffee_shop"/>
  <tag k="name" v="블루포트"/>
 </node>
 <node id="13986125149" visible="true" version="1" changeset="185044612" timestamp="2026-07-03T14:50:49Z" user="BLUE LIME" uid="22330927" lat="37.4505996" lon="126.6575052">
  <tag k="name" v="마이프린팅"/>
  <tag k="shop" v="stationery"/>
 </node>
 <node id="13986133592" visible="true" version="1" changeset="185046759" timestamp="2026-07-03T15:30:17Z" user="BLUE LIME" uid="22330927" lat="37.4512991" lon="126.6566494">
  <tag k="name" v="다비치안경"/>
  <tag k="shop" v="optician"/>
 </node>
 <node id="13986133593" visible="true" version="1" changeset="185046759" timestamp="2026-07-03T15:30:17Z" user="BLUE LIME" uid="22330927" lat="37.4513292" lon="126.6565004">
  <tag k="amenity" v="restaurant"/>
  <tag k="name" v="백소정"/>
 </node>
 <node id="13986133594" visible="true" version="1" changeset="185046759" timestamp="2026-07-03T15:30:17Z" user="BLUE LIME" uid="22330927" lat="37.4514163" lon="126.6565803">
  <tag k="hairdresser" v="barber"/>
  <tag k="name" v="일랑헤어"/>
  <tag k="shop" v="hairdresser"/>
 </node>
 <node id="13986133595" visible="true" version="1" changeset="185046759" timestamp="2026-07-03T15:30:17Z" user="BLUE LIME" uid="22330927" lat="37.4515153" lon="126.6562578">
  <tag k="brand" v="다이소"/>
  <tag k="brand:en" v="Daiso"/>
  <tag k="brand:ja" v="ダイソー"/>
  <tag k="brand:ko" v="다이소"/>
  <tag k="brand:wikidata" v="Q12590862"/>
  <tag k="brand:zh-Hans" v="大创百货"/>
  <tag k="brand:zh-Hant" v="大創百貨"/>
  <tag k="name" v="다이소"/>
  <tag k="name:en" v="Daiso"/>
  <tag k="name:ja" v="ダイソー"/>
  <tag k="name:ko" v="다이소"/>
  <tag k="name:zh-Hans" v="大创百货"/>
  <tag k="name:zh-Hant" v="大創百貨"/>
  <tag k="shop" v="variety_store"/>
 </node>
 <node id="13986133596" visible="true" version="1" changeset="185046759" timestamp="2026-07-03T15:30:17Z" user="BLUE LIME" uid="22330927" lat="37.4513937" lon="126.6563039">
  <tag k="brand" v="이마트24"/>
  <tag k="brand:en" v="emart24"/>
  <tag k="brand:ko" v="이마트24"/>
  <tag k="brand:wikidata" v="Q16219674"/>
  <tag k="name" v="이마트24"/>
  <tag k="name:en" v="emart24"/>
  <tag k="name:ko" v="이마트24"/>
  <tag k="shop" v="convenience"/>
 </node>
 <node id="13986133597" visible="true" version="1" changeset="185046759" timestamp="2026-07-03T15:30:17Z" user="BLUE LIME" uid="22330927" lat="37.4513625" lon="126.6564123">
  <tag k="amenity" v="cafe"/>
  <tag k="brand" v="컴포즈커피"/>
  <tag k="brand:en" v="Compose Coffee"/>
  <tag k="brand:ko" v="컴포즈커피"/>
  <tag k="brand:wikidata" v="Q120997937"/>
  <tag k="cuisine" v="coffee_shop"/>
  <tag k="name" v="컴포즈커피"/>
  <tag k="name:en" v="Compose Coffee"/>
  <tag k="name:ko" v="컴포즈커피"/>
  <tag k="takeaway" v="yes"/>
 </node>
 <node id="13986133598" visible="true" version="1" changeset="185046759" timestamp="2026-07-03T15:30:17Z" user="BLUE LIME" uid="22330927" lat="37.4514820" lon="126.6564556">
  <tag k="amenity" v="fast_food"/>
  <tag k="cuisine" v="sandwich"/>
  <tag k="name" v="샐러리아"/>
 </node>
 <node id="13986133599" visible="true" version="1" changeset="185046759" timestamp="2026-07-03T15:30:17Z" user="BLUE LIME" uid="22330927" lat="37.4515002" lon="126.6563648">
  <tag k="amenity" v="restaurant"/>
  <tag k="name" v="면식당"/>
 </node>
 <node id="13986133600" visible="true" version="1" changeset="185046759" timestamp="2026-07-03T15:30:17Z" user="BLUE LIME" uid="22330927" lat="37.4514572" lon="126.6560952">
  <tag k="alt_name:ko" v="파리바게트"/>
  <tag k="brand" v="파리바게뜨"/>
  <tag k="brand:en" v="Paris Baguette"/>
  <tag k="brand:ko" v="파리바게뜨"/>
  <tag k="brand:wikidata" v="Q62605260"/>
  <tag k="name" v="파리바게뜨"/>
  <tag k="name:en" v="Paris Baguette"/>
  <tag k="name:ko" v="파리바게뜨"/>
  <tag k="shop" v="bakery"/>
 </node>
 <node id="13986157376" visible="true" version="1" changeset="185045963" timestamp="2026-07-03T15:16:31Z" user="BLUE LIME" uid="22330927" lat="37.4509740" lon="126.6578588">
  <tag k="amenity" v="cafe"/>
  <tag k="cuisine" v="bubble_tea"/>
  <tag k="name" v="아마스빈"/>
 </node>
 <node id="13986157377" visible="true" version="1" changeset="185045963" timestamp="2026-07-03T15:16:31Z" user="BLUE LIME" uid="22330927" lat="37.4509610" lon="126.6580005">
  <tag k="amenity" v="restaurant"/>
  <tag k="cuisine" v="chinese"/>
  <tag k="name" v="인하각"/>
 </node>
 <node id="13986157378" visible="true" version="1" changeset="185045963" timestamp="2026-07-03T15:16:31Z" user="BLUE LIME" uid="22330927" lat="37.4509202" lon="126.6581607">
  <tag k="amenity" v="restaurant"/>
  <tag k="cuisine" v="korean"/>
  <tag k="name" v="박지혜순대국"/>
 </node>
 <node id="13986157379" visible="true" version="1" changeset="185045963" timestamp="2026-07-03T15:16:31Z" user="BLUE LIME" uid="22330927" lat="37.4508811" lon="126.6582963">
  <tag k="name" v="인하안경본점"/>
  <tag k="shop" v="optician"/>
 </node>
 <node id="13986157380" visible="true" version="1" changeset="185045963" timestamp="2026-07-03T15:16:31Z" user="BLUE LIME" uid="22330927" lat="37.4510425" lon="126.6583497">
  <tag k="amenity" v="restaurant"/>
  <tag k="cuisine" v="korean"/>
  <tag k="name" v="내동칼국수"/>
 </node>
 <node id="13986157381" visible="true" version="1" changeset="185045963" timestamp="2026-07-03T15:16:31Z" user="BLUE LIME" uid="22330927" lat="37.4511827" lon="126.6584195">
  <tag k="amenity" v="restaurant"/>
  <tag k="name" v="콩불"/>
 </node>
 <node id="13986157382" visible="true" version="1" changeset="185045963" timestamp="2026-07-03T15:16:31Z" user="BLUE LIME" uid="22330927" lat="37.4513393" lon="126.6584832">
  <tag k="amenity" v="cafe"/>
  <tag k="cuisine" v="coffee_shop"/>
  <tag k="name" v="위플라"/>
 </node>
 <node id="13986157383" visible="true" version="1" changeset="185045963" timestamp="2026-07-03T15:16:31Z" user="BLUE LIME" uid="22330927" lat="37.4513686" lon="126.6583394">
  <tag k="amenity" v="restaurant"/>
  <tag k="name" v="알촌"/>
 </node>
 <node id="13986157384" visible="true" version="1" changeset="185045963" timestamp="2026-07-03T15:16:31Z" user="BLUE LIME" uid="22330927" lat="37.4514126" lon="126.6582203">
  <tag k="amenity" v="restaurant"/>
  <tag k="brand" v="양궈푸마라탕"/>
  <tag k="brand:en" v="Yangguofu Spicy Hot Pot"/>
  <tag k="brand:ko" v="양궈푸마라탕"/>
  <tag k="brand:wikidata" v="Q108210209"/>
  <tag k="brand:zh" v="杨国福麻辣烫"/>
  <tag k="cuisine" v="chinese;malatang"/>
  <tag k="name" v="양궈푸마라탕"/>
  <tag k="name:en" v="Yangguofu Spicy Hot Pot"/>
  <tag k="name:ko" v="양궈푸마라탕"/>
  <tag k="name:zh" v="杨国福麻辣烫"/>
 </node>
 <node id="13986157385" visible="true" version="1" changeset="185045963" timestamp="2026-07-03T15:16:31Z" user="BLUE LIME" uid="22330927" lat="37.4514567" lon="126.6580477">
  <tag k="amenity" v="bar"/>
  <tag k="name" v="금별맥주"/>
 </node>
 <node id="13986157386" visible="true" version="1" changeset="185045963" timestamp="2026-07-03T15:16:31Z" user="BLUE LIME" uid="22330927" lat="37.4513278" lon="126.6578280">
  <tag k="amenity" v="cafe"/>
  <tag k="cuisine" v="coffee_shop"/>
  <tag k="name" v="훗카페"/>
 </node>
 <node id="13986157387" visible="true" version="1" changeset="185045963" timestamp="2026-07-03T15:16:31Z" user="BLUE LIME" uid="22330927" lat="37.4514958" lon="126.6578731">
  <tag k="amenity" v="fast_food"/>
  <tag k="cuisine" v="chicken"/>
  <tag k="name" v="푸라닭"/>
 </node>
 <node id="13986157388" visible="true" version="1" changeset="185045963" timestamp="2026-07-03T15:16:31Z" user="BLUE LIME" uid="22330927" lat="37.4515431" lon="126.6577088">
  <tag k="amenity" v="restaurant"/>
  <tag k="name" v="큰손샤브샤브"/>
 </node>
 <node id="13986157389" visible="true" version="1" changeset="185045963" timestamp="2026-07-03T15:16:31Z" user="BLUE LIME" uid="22330927" lat="37.4515871" lon="126.6575548">
  <tag k="amenity" v="restaurant"/>
  <tag k="cuisine" v="japanese"/>
  <tag k="name" v="멘지"/>
 </node>
 <node id="13986157390" visible="true" version="1" changeset="185045963" timestamp="2026-07-03T15:16:31Z" user="BLUE LIME" uid="22330927" lat="37.4516214" lon="126.6574521">
  <tag k="amenity" v="restaurant"/>
  <tag k="name" v="청년다방"/>
 </node>
 <node id="13986157391" visible="true" version="1" changeset="185045963" timestamp="2026-07-03T15:16:31Z" user="BLUE LIME" uid="22330927" lat="37.4516442" lon="126.6573268">
  <tag k="amenity" v="restaurant"/>
  <tag k="cuisine" v="pizza"/>
  <tag k="name" v="레오펍"/>
 </node>
 <node id="13986157392" visible="true" version="1" changeset="185045963" timestamp="2026-07-03T15:16:31Z" user="BLUE LIME" uid="22330927" lat="37.4516083" lon="126.6572405">
  <tag k="amenity" v="ice_cream"/>
  <tag k="brand" v="배스킨라빈스"/>
  <tag k="brand:en" v="Baskin-Robbins"/>
  <tag k="brand:ja" v="バスキン・ロビンス"/>
  <tag k="brand:ka" v="ბასკინ რობინსი"/>
  <tag k="brand:ko" v="배스킨라빈스"/>
  <tag k="brand:wikidata" v="Q584601"/>
  <tag k="brand:zh" v="31冰淇淋"/>
  <tag k="name" v="배스킨라빈스"/>
  <tag k="name:en" v="Baskin-Robbins"/>
  <tag k="name:ja" v="サーティワンアイスクリーム"/>
  <tag k="name:ka" v="ბასკინ რობინსი"/>
  <tag k="name:ko" v="배스킨라빈스"/>
 </node>
 <node id="13986157393" visible="true" version="1" changeset="185045963" timestamp="2026-07-03T15:16:31Z" user="BLUE LIME" uid="22330927" lat="37.4515366" lon="126.6572980">
  <tag k="amenity" v="cafe"/>
  <tag k="brand" v="설빙"/>
  <tag k="brand:en" v="Sulbing"/>
  <tag k="brand:ko" v="설빙"/>
  <tag k="brand:wikidata" v="Q18156373"/>
  <tag k="cuisine" v="dessert"/>
  <tag k="name" v="설빙"/>
  <tag k="name:en" v="Sulbing"/>
  <tag k="name:ko" v="설빙"/>
  <tag k="takeaway" v="yes"/>
 </node>
 <node id="13986157394" visible="true" version="1" changeset="185045963" timestamp="2026-07-03T15:16:31Z" user="BLUE LIME" uid="22330927" lat="37.4515088" lon="126.6571933">
  <tag k="amenity" v="cafe"/>
  <tag k="cuisine" v="coffee_shop"/>
  <tag k="name" v="히어로보드게임카페"/>
 </node>
 <node id="13986157395" visible="true" version="1" changeset="185045963" timestamp="2026-07-03T15:16:31Z" user="BLUE LIME" uid="22330927" lat="37.4514453" lon="126.6571727">
  <tag k="alt_name" v="Kentucky Fried Chicken"/>
  <tag k="amenity" v="fast_food"/>
  <tag k="brand" v="KFC"/>
  <tag k="brand:wikidata" v="Q524757"/>
  <tag k="cuisine" v="chicken"/>
  <tag k="name" v="KFC"/>
  <tag k="takeaway" v="yes"/>
 </node>
 <node id="13986157396" visible="true" version="1" changeset="185045963" timestamp="2026-07-03T15:16:31Z" user="BLUE LIME" uid="22330927" lat="37.4514241" lon="126.6573596">
  <tag k="amenity" v="cafe"/>
  <tag k="cuisine" v="coffee_shop"/>
  <tag k="name" v="파브커피컴퍼니"/>
 </node>
 <node id="13986157397" visible="true" version="1" changeset="185045963" timestamp="2026-07-03T15:16:31Z" user="BLUE LIME" uid="22330927" lat="37.4513963" lon="126.6575240">
  <tag k="amenity" v="fast_food"/>
  <tag k="cuisine" v="burger"/>
  <tag k="name" v="밀플랜비"/>
 </node>
 <node id="13986157398" visible="true" version="1" changeset="185045963" timestamp="2026-07-03T15:16:31Z" user="BLUE LIME" uid="22330927" lat="37.4516947" lon="126.6571296">
  <tag k="name" v="헌터독"/>
  <tag k="shop" v="stationery"/>
 </node>
 <node id="13986157399" visible="true" version="1" changeset="185045963" timestamp="2026-07-03T15:16:31Z" user="BLUE LIME" uid="22330927" lat="37.4515871" lon="126.6570885">
  <tag k="amenity" v="cafe"/>
  <tag k="brand" v="메가MGC커피"/>
  <tag k="brand:en" v="Mega Coffee"/>
  <tag k="brand:ko" v="메가MGC커피"/>
  <tag k="brand:wikidata" v="Q120998343"/>
  <tag k="cuisine" v="coffee_shop"/>
  <tag k="name" v="메가MGC커피"/>
  <tag k="name:en" v="Mega Coffee"/>
  <tag k="name:ko" v="메가MGC커피"/>
  <tag k="short_name" v="MGC"/>
  <tag k="takeaway" v="yes"/>
 </node>
 <node id="13986157400" visible="true" version="1" changeset="185045963" timestamp="2026-07-03T15:16:31Z" user="BLUE LIME" uid="22330927" lat="37.4515072" lon="126.6570392">
  <tag k="amenity" v="cafe"/>
  <tag k="cuisine" v="coffee_shop"/>
  <tag k="name" v="치즈홀덤"/>
 </node>
 <node id="13986167601" visible="true" version="1" changeset="185045963" timestamp="2026-07-03T15:16:31Z" user="BLUE LIME" uid="22330927" lat="37.4513833" lon="126.6569899">
  <tag k="name" v="원조통계란영양빵"/>
  <tag k="shop" v="confectionery"/>
 </node>
 <node id="13986167602" visible="true" version="1" changeset="185045963" timestamp="2026-07-03T15:16:31Z" user="BLUE LIME" uid="22330927" lat="37.4513507" lon="126.6571255">
  <tag k="amenity" v="cafe"/>
  <tag k="brand" v="매머드커피"/>
  <tag k="brand:en" v="Mammoth Coffee"/>
  <tag k="brand:ko" v="매머드커피"/>
  <tag k="brand:wikidata" v="Q120998386"/>
  <tag k="cuisine" v="coffee_shop"/>
  <tag k="name" v="매머드커피"/>
  <tag k="name:en" v="Mammoth Coffee"/>
  <tag k="name:ko" v="매머드커피"/>
  <tag k="takeaway" v="yes"/>
 </node>
 <node id="13986167603" visible="true" version="1" changeset="185045963" timestamp="2026-07-03T15:16:31Z" user="BLUE LIME" uid="22330927" lat="37.4513050" lon="126.6572035">
  <tag k="amenity" v="cafe"/>
  <tag k="cuisine" v="coffee_shop"/>
  <tag k="name" v="콜드케이스"/>
 </node>
 <node id="13986167604" visible="true" version="1" changeset="185045963" timestamp="2026-07-03T15:16:31Z" user="BLUE LIME" uid="22330927" lat="37.4512007" lon="126.6570844">
  <tag k="amenity" v="restaurant"/>
  <tag k="name" v="핵밥"/>
 </node>
 <node id="13986167605" visible="true" version="1" changeset="185045963" timestamp="2026-07-03T15:16:31Z" user="BLUE LIME" uid="22330927" lat="37.4511648" lon="126.6572426">
  <tag k="brand" v="올리브영"/>
  <tag k="brand:en" v="Olive Young"/>
  <tag k="brand:ko" v="올리브영"/>
  <tag k="brand:wikidata" v="Q55643246"/>
  <tag k="name" v="올리브영"/>
  <tag k="name:en" v="Olive Young"/>
  <tag k="name:ko" v="올리브영"/>
  <tag k="shop" v="cosmetics"/>
 </node>
 <node id="13986167606" visible="true" version="1" changeset="185045963" timestamp="2026-07-03T15:16:31Z" user="BLUE LIME" uid="22330927" lat="37.4512643" lon="126.6572836">
  <tag k="amenity" v="cafe"/>
  <tag k="cuisine" v="coffee_shop"/>
  <tag k="name" v="베브릿지"/>
 </node>
 <node id="13986167607" visible="true" version="1" changeset="185045963" timestamp="2026-07-03T15:16:31Z" user="BLUE LIME" uid="22330927" lat="37.4511485" lon="126.6573473">
  <tag k="amenity" v="fast_food"/>
  <tag k="cuisine" v="burger"/>
  <tag k="name" v="노브랜드버거"/>
 </node>
 <node id="13986167608" visible="true" version="1" changeset="185045963" timestamp="2026-07-03T15:16:31Z" user="BLUE LIME" uid="22330927" lat="37.4511142" lon="126.6574890">
  <tag k="amenity" v="fast_food"/>
  <tag k="cuisine" v="sandwich"/>
  <tag k="name" v="이삭토스트"/>
 </node>
 <node id="13986167609" visible="true" version="1" changeset="185045963" timestamp="2026-07-03T15:16:31Z" user="BLUE LIME" uid="22330927" lat="37.4510718" lon="126.6576349">
  <tag k="amenity" v="restaurant"/>
  <tag k="name" v="형제닭꼬치"/>
 </node>
 <node id="13986167610" visible="true" version="1" changeset="185045963" timestamp="2026-07-03T15:16:31Z" user="BLUE LIME" uid="22330927" lat="37.4510441" lon="126.6577335">
  <tag k="amenity" v="library"/>
  <tag k="name" v="메이트스터디카페"/>
 </node>
 <node id="13986167611" visible="true" version="1" changeset="185045963" timestamp="2026-07-03T15:16:31Z" user="BLUE LIME" uid="22330927" lat="37.4512577" lon="126.6575445">
  <tag k="amenity" v="restaurant"/>
  <tag k="name" v="난라야미얀마식당"/>
 </node>
 <node id="13986167612" visible="true" version="1" changeset="185045963" timestamp="2026-07-03T15:16:31Z" user="BLUE LIME" uid="22330927" lat="37.4512903" lon="126.6573946">
  <tag k="amenity" v="restaurant"/>
  <tag k="cuisine" v="chinese"/>
  <tag k="name" v="수봉차이나"/>
 </node>
 <node id="13986167613" visible="true" version="1" changeset="185045963" timestamp="2026-07-03T15:16:31Z" user="BLUE LIME" uid="22330927" lat="37.4514779" lon="126.6577294">
  <tag k="amenity" v="restaurant"/>
  <tag k="name" v="슬로우캘리"/>
 </node>
 <node id="13986167614" visible="true" version="1" changeset="185045963" timestamp="2026-07-03T15:16:31Z" user="BLUE LIME" uid="22330927" lat="37.4514501" lon="126.6578444">
  <tag k="amenity" v="restaurant"/>
  <tag k="name" v="큰손샤브샤브"/>
 </node>
 <node id="13986167615" visible="true" version="1" changeset="185045963" timestamp="2026-07-03T15:16:31Z" user="BLUE LIME" uid="22330927" lat="37.4515252" lon="126.6575240">
  <tag k="amenity" v="restaurant"/>
  <tag k="name" v="치즈를사랑한찜닭"/>
 </node>
 <node id="13986167616" visible="true" version="1" changeset="185045963" timestamp="2026-07-03T15:16:31Z" user="BLUE LIME" uid="22330927" lat="37.4515382" lon="126.6582655">
  <tag k="amenity" v="restaurant"/>
  <tag k="name" v="동아리닭갈비"/>
 </node>
 <node id="13986167617" visible="true" version="1" changeset="185045963" timestamp="2026-07-03T15:16:31Z" user="BLUE LIME" uid="22330927" lat="37.4516507" lon="126.6580210">
  <tag k="amenity" v="fast_food"/>
  <tag k="cuisine" v="chicken"/>
  <tag k="name" v="노랑통닭"/>
 </node>
 <node id="13986167618" visible="true" version="1" changeset="185045963" timestamp="2026-07-03T15:16:31Z" user="BLUE LIME" uid="22330927" lat="37.4513197" lon="126.6567434">
  <tag k="amenity" v="fast_food"/>
  <tag k="cuisine" v="sandwich"/>
  <tag k="name" v="오이아샌드위치인하대"/>
 </node>
 <node id="13986167619" visible="true" version="2" changeset="185046759" timestamp="2026-07-03T15:30:17Z" user="BLUE LIME" uid="22330927" lat="37.4513195" lon="126.6565803">
  <tag k="amenity" v="cafe"/>
  <tag k="brand" v="투썸플레이스"/>
  <tag k="brand:en" v="A Twosome Place"/>
  <tag k="brand:ko" v="투썸플레이스"/>
  <tag k="brand:wikidata" v="Q12621301"/>
  <tag k="cuisine" v="coffee_shop"/>
  <tag k="name" v="투썸플레이스"/>
  <tag k="name:en" v="A Twosome Place"/>
  <tag k="name:ko" v="투썸플레이스"/>
  <tag k="takeaway" v="yes"/>
 </node>
 <node id="13986167620" visible="true" version="1" changeset="185045963" timestamp="2026-07-03T15:16:31Z" user="BLUE LIME" uid="22330927" lat="37.4515806" lon="126.6568461">
  <tag k="amenity" v="cafe"/>
  <tag k="name" v="사랑채전통찻집"/>
 </node>
 <node id="13986167621" visible="true" version="1" changeset="185045963" timestamp="2026-07-03T15:16:31Z" user="BLUE LIME" uid="22330927" lat="37.4517518" lon="126.6569406">
  <tag k="name" v="오렌즈"/>
  <tag k="shop" v="optician"/>
 </node>
 <node id="13986167622" visible="true" version="1" changeset="185045963" timestamp="2026-07-03T15:16:31Z" user="BLUE LIME" uid="22330927" lat="37.4516784" lon="126.6569201">
  <tag k="name" v="빈티지얌얌"/>
  <tag k="shop" v="clothes"/>
 </node>
 <node id="13986167623" visible="true" version="1" changeset="185045963" timestamp="2026-07-03T15:16:31Z" user="BLUE LIME" uid="22330927" lat="37.4517975" lon="126.6567475">
  <tag k="amenity" v="bar"/>
  <tag k="name" v="투다리"/>
 </node>
 <node id="13986167624" visible="true" version="1" changeset="185045963" timestamp="2026-07-03T15:16:31Z" user="BLUE LIME" uid="22330927" lat="37.4517176" lon="126.6567023">
  <tag k="amenity" v="restaurant"/>
  <tag k="brand" v="BBQ치킨"/>
  <tag k="brand:en" v="bb.q"/>
  <tag k="brand:ko" v="BBQ치킨"/>
  <tag k="brand:wikidata" v="Q87716489"/>
  <tag k="cuisine" v="chicken"/>
  <tag k="name" v="BBQ치킨"/>
  <tag k="name:en" v="bb.q Olive Chicken Cafe"/>
  <tag k="name:ko" v="BBQ치킨"/>
 </node>
 <node id="13986167625" visible="true" version="1" changeset="185045963" timestamp="2026-07-03T15:16:31Z" user="BLUE LIME" uid="22330927" lat="37.4517779" lon="126.6568420">
  <tag k="amenity" v="bar"/>
  <tag k="name" v="압구정수산시장"/>
 </node>
 <node id="13986167626" visible="true" version="2" changeset="185046759" timestamp="2026-07-03T15:30:17Z" user="BLUE LIME" uid="22330927" lat="37.4517094" lon="126.6568071">
  <tag k="amenity" v="restaurant"/>
  <tag k="cuisine" v="sushi"/>
  <tag k="name" v="가메이"/>
 </node>
 <node id="13986167627" visible="true" version="1" changeset="185045963" timestamp="2026-07-03T15:16:31Z" user="BLUE LIME" uid="22330927" lat="37.4517388" lon="126.6565565">
  <tag k="name" v="프린트카페"/>
  <tag k="shop" v="stationery"/>
 </node>
 <node id="13986167628" visible="true" version="1" changeset="185045963" timestamp="2026-07-03T15:16:31Z" user="BLUE LIME" uid="22330927" lat="37.4516328" lon="126.6565113">
  <tag k="amenity" v="restaurant"/>
  <tag k="cuisine" v="korean"/>
  <tag k="name" v="조선탕반"/>
 </node>
 <node id="13986167630" visible="true" version="1" changeset="185045963" timestamp="2026-07-03T15:16:31Z" user="BLUE LIME" uid="22330927" lat="37.4518366" lon="126.6565976">
  <tag k="amenity" v="restaurant"/>
  <tag k="name" v="인하닭강정&amp;로제떡볶이"/>
 </node>
 <node id="13986167631" visible="true" version="1" changeset="185045963" timestamp="2026-07-03T15:16:31Z" user="BLUE LIME" uid="22330927" lat="37.4518725" lon="126.6564702">
  <tag k="amenity" v="bar"/>
  <tag k="name" v="이나술"/>
 </node>
 <node id="13986167632" visible="true" version="1" changeset="185045963" timestamp="2026-07-03T15:16:31Z" user="BLUE LIME" uid="22330927" lat="37.4519067" lon="126.6563532">
  <tag k="amenity" v="restaurant"/>
  <tag k="name" v="더진국"/>
 </node>
 <node id="13986167633" visible="true" version="1" changeset="185045963" timestamp="2026-07-03T15:16:31Z" user="BLUE LIME" uid="22330927" lat="37.4519475" lon="126.6562381">
  <tag k="amenity" v="restaurant"/>
  <tag k="cuisine" v="korean"/>
  <tag k="name" v="궁중보쌈"/>
 </node>
 <node id="13986167634" visible="true" version="1" changeset="185045963" timestamp="2026-07-03T15:16:31Z" user="BLUE LIME" uid="22330927" lat="37.4519556" lon="126.6561498">
  <tag k="amenity" v="fast_food"/>
  <tag k="cuisine" v="chicken"/>
  <tag k="name" v="레커훈스"/>
 </node>
 <node id="13986167635" visible="true" version="1" changeset="185045963" timestamp="2026-07-03T15:16:31Z" user="BLUE LIME" uid="22330927" lat="37.4518888" lon="126.6561211">
  <tag k="amenity" v="restaurant"/>
  <tag k="name" v="정직유부"/>
 </node>
 <node id="13986167636" visible="true" version="1" changeset="185045963" timestamp="2026-07-03T15:16:31Z" user="BLUE LIME" uid="22330927" lat="37.4517730" lon="126.6561005">
  <tag k="amenity" v="cafe"/>
  <tag k="cuisine" v="coffee_shop"/>
  <tag k="name" v="엘에스프레소"/>
 </node>
 <node id="13986167637" visible="true" version="1" changeset="185045963" timestamp="2026-07-03T15:16:31Z" user="BLUE LIME" uid="22330927" lat="37.4518708" lon="126.6562340">
  <tag k="amenity" v="restaurant"/>
  <tag k="name" v="매운애갈비찜"/>
 </node>
 <node id="13986167638" visible="true" version="1" changeset="185045963" timestamp="2026-07-03T15:16:31Z" user="BLUE LIME" uid="22330927" lat="37.4517453" lon="126.6562546">
  <tag k="amenity" v="restaurant"/>
  <tag k="name" v="두찜"/>
 </node>
 <node id="13986167639" visible="true" version="1" changeset="185045963" timestamp="2026-07-03T15:16:31Z" user="BLUE LIME" uid="22330927" lat="37.4517290" lon="126.6563901">
  <tag k="amenity" v="restaurant"/>
  <tag k="name" v="돈먹자왕돈까스"/>
 </node>
 <node id="13986167640" visible="true" version="1" changeset="185045963" timestamp="2026-07-03T15:16:31Z" user="BLUE LIME" uid="22330927" lat="37.4518073" lon="126.6564661">
  <tag k="amenity" v="cafe"/>
  <tag k="cuisine" v="coffee_shop"/>
 </node>
 <node id="13986183501" visible="true" version="1" changeset="185046759" timestamp="2026-07-03T15:30:17Z" user="BLUE LIME" uid="22330927" lat="37.4514820" lon="126.6560274">
  <tag k="amenity" v="restaurant"/>
  <tag k="name" v="역전우동-41-"/>
 </node>
 <node id="13986183502" visible="true" version="1" changeset="185046759" timestamp="2026-07-03T15:30:17Z" user="BLUE LIME" uid="22330927" lat="37.4514766" lon="126.6559488">
  <tag k="name" v="그린화방"/>
  <tag k="shop" v="stationery"/>
 </node>
 <node id="13986183503" visible="true" version="1" changeset="185046759" timestamp="2026-07-03T15:30:17Z" user="BLUE LIME" uid="22330927" lat="37.4515799" lon="126.6560925">
  <tag k="amenity" v="restaurant"/>
  <tag k="name" v="내가찜한닭"/>
 </node>
 <node id="13986183504" visible="true" version="1" changeset="185046759" timestamp="2026-07-03T15:30:17Z" user="BLUE LIME" uid="22330927" lat="37.4517993" lon="126.6559583">
  <tag k="name" v="정석카피사"/>
  <tag k="shop" v="stationery"/>
 </node>
 <node id="13986183505" visible="true" version="1" changeset="185046759" timestamp="2026-07-03T15:30:17Z" user="BLUE LIME" uid="22330927" lat="37.4518811" lon="126.6559854">
  <tag k="amenity" v="restaurant"/>
  <tag k="cuisine" v="sushi"/>
  <tag k="name" v="구름카츠"/>
 </node>
 <node id="13986183506" visible="true" version="1" changeset="185046759" timestamp="2026-07-03T15:30:17Z" user="BLUE LIME" uid="22330927" lat="37.4518585" lon="126.6558594">
  <tag k="amenity" v="restaurant"/>
  <tag k="cuisine" v="sushi"/>
  <tag k="name" v="이치라멘&amp;돈가스"/>
 </node>
 <node id="13986183507" visible="true" version="1" changeset="185046759" timestamp="2026-07-03T15:30:17Z" user="BLUE LIME" uid="22330927" lat="37.4515207" lon="126.6557930">
  <tag k="amenity" v="restaurant"/>
  <tag k="name" v="지지고"/>
 </node>
 <node id="13986183508" visible="true" version="1" changeset="185046759" timestamp="2026-07-03T15:30:17Z" user="BLUE LIME" uid="22330927" lat="37.4516993" lon="126.6559027">
  <tag k="amenity" v="restaurant"/>
  <tag k="cuisine" v="korean"/>
  <tag k="name" v="본가신촌설렁탕"/>
 </node>
 <node id="13986183509" visible="true" version="1" changeset="185046759" timestamp="2026-07-03T15:30:17Z" user="BLUE LIME" uid="22330927" lat="37.4516928" lon="126.6558024">
  <tag k="amenity" v="restaurant"/>
  <tag k="name" v="신촌샤브샤브"/>
 </node>
 <node id="13986183510" visible="true" version="1" changeset="185046759" timestamp="2026-07-03T15:30:17Z" user="BLUE LIME" uid="22330927" lat="37.4516175" lon="126.6557577">
  <tag k="amenity" v="restaurant"/>
  <tag k="name" v="행컵"/>
 </node>
 <node id="13986183511" visible="true" version="1" changeset="185046759" timestamp="2026-07-03T15:30:17Z" user="BLUE LIME" uid="22330927" lat="37.4515616" lon="126.6556846">
  <tag k="name" v="효즈네일&amp;속눈썹&amp;왁싱"/>
  <tag k="shop" v="cosmetics"/>
 </node>
 <node id="13986183512" visible="true" version="1" changeset="185046759" timestamp="2026-07-03T15:30:17Z" user="BLUE LIME" uid="22330927" lat="37.4515971" lon="126.6555870">
  <tag k="name" v="동문인쇄출판"/>
  <tag k="shop" v="stationery"/>
 </node>
 <node id="13986183513" visible="true" version="1" changeset="185046759" timestamp="2026-07-03T15:30:17Z" user="BLUE LIME" uid="22330927" lat="37.4516272" lon="126.6554908">
  <tag k="amenity" v="cafe"/>
  <tag k="cuisine" v="coffee_shop"/>
  <tag k="name" v="뭉크커피"/>
 </node>
 <node id="13986183514" visible="true" version="1" changeset="185046759" timestamp="2026-07-03T15:30:17Z" user="BLUE LIME" uid="22330927" lat="37.4516573" lon="126.6553973">
  <tag k="amenity" v="cafe"/>
  <tag k="brand" v="공차"/>
  <tag k="brand:en" v="Gong Cha"/>
  <tag k="brand:ko" v="공차"/>
  <tag k="brand:wikidata" v="Q5581670"/>
  <tag k="brand:zh" v="貢茶"/>
  <tag k="cuisine" v="bubble_tea"/>
  <tag k="name" v="공차"/>
  <tag k="name:en" v="Gong Cha"/>
  <tag k="name:ko" v="공차"/>
  <tag k="name:zh" v="貢茶"/>
  <tag k="takeaway" v="yes"/>
 </node>
 <node id="13986183515" visible="true" version="1" changeset="185046759" timestamp="2026-07-03T15:30:17Z" user="BLUE LIME" uid="22330927" lat="37.4516874" lon="126.6553010">
  <tag k="amenity" v="restaurant"/>
  <tag k="name" v="삼청당"/>
 </node>
 <node id="13986183516" visible="true" version="1" changeset="185046759" timestamp="2026-07-03T15:30:17Z" user="BLUE LIME" uid="22330927" lat="37.4517853" lon="126.6549853">
  <tag k="amenity" v="cafe"/>
  <tag k="brand" v="스타벅스"/>
  <tag k="brand:en" v="Starbucks"/>
  <tag k="brand:ko" v="스타벅스"/>
  <tag k="brand:wikidata" v="Q37158"/>
  <tag k="cuisine" v="coffee_shop"/>
  <tag k="name" v="스타벅스"/>
  <tag k="name:en" v="Starbucks"/>
  <tag k="name:ko" v="스타벅스"/>
  <tag k="takeaway" v="yes"/>
 </node>
 <node id="13986183517" visible="true" version="1" changeset="185046759" timestamp="2026-07-03T15:30:17Z" user="BLUE LIME" uid="22330927" lat="37.4517283" lon="126.6551899">
  <tag k="name" v="보루"/>
  <tag k="shop" v="e-cigarette"/>
 </node>
 <node id="13986183518" visible="true" version="1" changeset="185046759" timestamp="2026-07-03T15:30:17Z" user="BLUE LIME" uid="22330927" lat="37.4518617" lon="126.6550137">
  <tag k="amenity" v="library"/>
  <tag k="name" v="골든스터디카페"/>
 </node>
 <node id="13986183519" visible="true" version="1" changeset="185046759" timestamp="2026-07-03T15:30:17Z" user="BLUE LIME" uid="22330927" lat="37.4517714" lon="126.6553309">
  <tag k="amenity" v="restaurant"/>
  <tag k="name" v="돈까스전문점허수아비"/>
 </node>
 <node id="13986183520" visible="true" version="1" changeset="185046759" timestamp="2026-07-03T15:30:17Z" user="BLUE LIME" uid="22330927" lat="37.4518531" lon="126.6548064">
  <tag k="amenity" v="restaurant"/>
  <tag k="cuisine" v="indian"/>
  <tag k="name" v="커리야"/>
 </node>
 <node id="13986183521" visible="true" version="1" changeset="185046759" timestamp="2026-07-03T15:30:17Z" user="BLUE LIME" uid="22330927" lat="37.4518940" lon="126.6546573">
  <tag k="amenity" v="restaurant"/>
  <tag k="name" v="육쌈냉면"/>
 </node>
 <node id="13986183522" visible="true" version="1" changeset="185046759" timestamp="2026-07-03T15:30:17Z" user="BLUE LIME" uid="22330927" lat="37.4519758" lon="126.6546899">
  <tag k="amenity" v="restaurant"/>
  <tag k="cuisine" v="italian"/>
  <tag k="name" v="롤링파스타"/>
 </node>
 <node id="13986183523" visible="true" version="1" changeset="185046759" timestamp="2026-07-03T15:30:17Z" user="BLUE LIME" uid="22330927" lat="37.4519263" lon="126.6545083">
  <tag k="amenity" v="cafe"/>
  <tag k="brand" v="이디야커피"/>
  <tag k="brand:en" v="Ediya Coffee"/>
  <tag k="brand:ko" v="이디야커피"/>
  <tag k="brand:wikidata" v="Q12611298"/>
  <tag k="cuisine" v="coffee_shop"/>
  <tag k="name" v="이디야커피"/>
  <tag k="name:en" v="Ediya Coffee"/>
  <tag k="name:ko" v="이디야커피"/>
  <tag k="takeaway" v="yes"/>
 </node>
 <node id="13986183524" visible="true" version="1" changeset="185046759" timestamp="2026-07-03T15:30:17Z" user="BLUE LIME" uid="22330927" lat="37.4519704" lon="126.6543592">
  <tag k="amenity" v="restaurant"/>
  <tag k="cuisine" v="korean"/>
  <tag k="name" v="찌개사랑"/>
 </node>
 <node id="13986183525" visible="true" version="1" changeset="185046759" timestamp="2026-07-03T15:30:17Z" user="BLUE LIME" uid="22330927" lat="37.4520317" lon="126.6543795">
  <tag k="amenity" v="cafe"/>
  <tag k="cuisine" v="coffee_shop"/>
  <tag k="name" v="카페삼층"/>
 </node>
 <node id="13986183526" visible="true" version="1" changeset="185046759" timestamp="2026-07-03T15:30:17Z" user="BLUE LIME" uid="22330927" lat="37.4520188" lon="126.6541532">
  <tag k="brand" v="GS25"/>
  <tag k="brand:wikidata" v="Q624041"/>
  <tag k="name" v="GS25"/>
  <tag k="shop" v="convenience"/>
 </node>
 <node id="13986183527" visible="true" version="1" changeset="185046759" timestamp="2026-07-03T15:30:17Z" user="BLUE LIME" uid="22330927" lat="37.4521447" lon="126.6540082">
  <tag k="name" v="미추홀인쇄소"/>
  <tag k="shop" v="stationery"/>
 </node>
 <node id="13986183528" visible="true" version="1" changeset="185046759" timestamp="2026-07-03T15:30:17Z" user="BLUE LIME" uid="22330927" lat="37.4521113" lon="126.6538619">
  <tag k="amenity" v="cafe"/>
  <tag k="name" v="팥지콩지"/>
 </node>
 <node id="13986183529" visible="true" version="1" changeset="185046759" timestamp="2026-07-03T15:30:17Z" user="BLUE LIME" uid="22330927" lat="37.4521382" lon="126.6537670">
  <tag k="name" v="진"/>
  <tag k="shop" v="hardware"/>
 </node>
 <node id="13986183530" visible="true" version="1" changeset="185046759" timestamp="2026-07-03T15:30:17Z" user="BLUE LIME" uid="22330927" lat="37.4522920" lon="126.6534011">
  <tag k="amenity" v="restaurant"/>
  <tag k="cuisine" v="sushi"/>
  <tag k="name" v="회뜨는포차"/>
 </node>
 <node id="13986183531" visible="true" version="1" changeset="185046759" timestamp="2026-07-03T15:30:17Z" user="BLUE LIME" uid="22330927" lat="37.4523792" lon="126.6538727">
  <tag k="name" v="봉봉키즈"/>
  <tag k="tourism" v="theme_park"/>
 </node>
 <node id="13986183532" visible="true" version="1" changeset="185046759" timestamp="2026-07-03T15:30:17Z" user="BLUE LIME" uid="22330927" lat="37.4522221" lon="126.6541573">
  <tag k="amenity" v="restaurant"/>
  <tag k="cuisine" v="italian"/>
  <tag k="name" v="까사올리브"/>
 </node>
 <node id="13986183533" visible="true" version="1" changeset="185046759" timestamp="2026-07-03T15:30:17Z" user="BLUE LIME" uid="22330927" lat="37.4525244" lon="126.6546248">
  <tag k="name" v="몰릭디자인"/>
  <tag k="shop" v="furniture"/>
 </node>
 <node id="13986183534" visible="true" version="1" changeset="185046759" timestamp="2026-07-03T15:30:17Z" user="BLUE LIME" uid="22330927" lat="37.4525911" lon="126.6545923">
  <tag k="amenity" v="cafe"/>
  <tag k="name" v="카페위위"/>
 </node>
 <node id="13986183535" visible="true" version="1" changeset="185046759" timestamp="2026-07-03T15:30:17Z" user="BLUE LIME" uid="22330927" lat="37.4523501" lon="126.6548403">
  <tag k="name" v="제이에스비전통상지점 인하대점"/>
  <tag k="shop" v="supermarket"/>
 </node>
 <node id="13986183536" visible="true" version="1" changeset="185046759" timestamp="2026-07-03T15:30:17Z" user="BLUE LIME" uid="22330927" lat="37.4521296" lon="126.6552875">
  <tag k="name" v="아리베이글"/>
  <tag k="shop" v="bakery"/>
 </node>
 <node id="13986183537" visible="true" version="1" changeset="185046759" timestamp="2026-07-03T15:30:17Z" user="BLUE LIME" uid="22330927" lat="37.4522404" lon="126.6555097">
  <tag k="amenity" v="restaurant"/>
  <tag k="name" v="촌닭"/>
 </node>
 <node id="13986183538" visible="true" version="1" changeset="185046759" timestamp="2026-07-03T15:30:17Z" user="BLUE LIME" uid="22330927" lat="37.4520285" lon="126.6548755">
  <tag k="amenity" v="restaurant"/>
  <tag k="name" v="무한리필삼겹의난"/>
 </node>
 <node id="13986183539" visible="true" version="1" changeset="185046759" timestamp="2026-07-03T15:30:17Z" user="BLUE LIME" uid="22330927" lat="37.4519682" lon="126.6548416">
  <tag k="amenity" v="restaurant"/>
  <tag k="name" v="전골의법칙얼큰한곱창전골"/>
 </node>
 <node id="13986203853" visible="true" version="1" changeset="185047938" timestamp="2026-07-03T15:51:48Z" user="BLUE LIME" uid="22330927" lat="37.4521705" lon="126.6557930">
  <tag k="name" v="슈퍼노트"/>
  <tag k="shop" v="supermarket"/>
 </node>
 <node id="13986203854" visible="true" version="1" changeset="185047938" timestamp="2026-07-03T15:51:48Z" user="BLUE LIME" uid="22330927" lat="37.4521985" lon="126.6556751">
  <tag k="amenity" v="restaurant"/>
  <tag k="name" v="고기덕후를위한곳"/>
 </node>
 <node id="13986203855" visible="true" version="1" changeset="185047938" timestamp="2026-07-03T15:51:48Z" user="BLUE LIME" uid="22330927" lat="37.4521318" lon="126.6560762">
  <tag k="amenity" v="restaurant"/>
  <tag k="cuisine" v="sushi"/>
  <tag k="name" v="탄포포"/>
 </node>
 <node id="13986203856" visible="true" version="1" changeset="185047938" timestamp="2026-07-03T15:51:48Z" user="BLUE LIME" uid="22330927" lat="37.4522608" lon="126.6561209">
  <tag k="amenity" v="restaurant"/>
  <tag k="name" v="신전떡볶이"/>
 </node>
 <node id="13986203857" visible="true" version="1" changeset="185047938" timestamp="2026-07-03T15:51:48Z" user="BLUE LIME" uid="22330927" lat="37.4520554" lon="126.6562117">
  <tag k="amenity" v="restaurant"/>
  <tag k="cuisine" v="chinese"/>
  <tag k="name" v="중경마라탕"/>
 </node>
 <node id="13986203858" visible="true" version="1" changeset="185047938" timestamp="2026-07-03T15:51:48Z" user="BLUE LIME" uid="22330927" lat="37.4523189" lon="126.6563540">
  <tag k="name" v="인하세탁전문점"/>
  <tag k="shop" v="laundry"/>
 </node>
 <node id="13986203859" visible="true" version="1" changeset="185047938" timestamp="2026-07-03T15:51:48Z" user="BLUE LIME" uid="22330927" lat="37.4522092" lon="126.6562984">
  <tag k="amenity" v="restaurant"/>
  <tag k="name" v="다우리식당"/>
 </node>
 <node id="13986203860" visible="true" version="1" changeset="185047938" timestamp="2026-07-03T15:51:48Z" user="BLUE LIME" uid="22330927" lat="37.4524351" lon="126.6565640">
  <tag k="amenity" v="restaurant"/>
  <tag k="name" v="동대문엽기떡볶이"/>
 </node>
 <node id="13986203861" visible="true" version="1" changeset="185047938" timestamp="2026-07-03T15:51:48Z" user="BLUE LIME" uid="22330927" lat="37.4523146" lon="126.6569828">
  <tag k="amenity" v="restaurant"/>
  <tag k="name" v="불판위에서춤추는갈매기"/>
 </node>
 <node id="13986203862" visible="true" version="1" changeset="185047938" timestamp="2026-07-03T15:51:48Z" user="BLUE LIME" uid="22330927" lat="37.4521780" lon="126.6569299">
  <tag k="amenity" v="internet_cafe"/>
  <tag k="name" v="로하스PC방"/>
 </node>
 <node id="13986203863" visible="true" version="1" changeset="185047938" timestamp="2026-07-03T15:51:48Z" user="BLUE LIME" uid="22330927" lat="37.4520328" lon="126.6568744">
  <tag k="amenity" v="fast_food"/>
  <tag k="cuisine" v="chicken"/>
  <tag k="name" v="아웃닭"/>
 </node>
 <node id="13986203864" visible="true" version="1" changeset="185047938" timestamp="2026-07-03T15:51:48Z" user="BLUE LIME" uid="22330927" lat="37.4519026" lon="126.6568283">
  <tag k="amenity" v="bar"/>
  <tag k="name" v="인쌩맥주"/>
 </node>
 <node id="13986203865" visible="true" version="1" changeset="185047938" timestamp="2026-07-03T15:51:48Z" user="BLUE LIME" uid="22330927" lat="37.4519575" lon="126.6566833">
  <tag k="amenity" v="restaurant"/>
  <tag k="name" v="솣불구이먹방"/>
 </node>
 <node id="13986203866" visible="true" version="1" changeset="185047938" timestamp="2026-07-03T15:51:48Z" user="BLUE LIME" uid="22330927" lat="37.4520371" lon="126.6563797">
  <tag k="amenity" v="restaurant"/>
  <tag k="name" v="디아스라면앤드카페"/>
 </node>
 <node id="13986203867" visible="true" version="1" changeset="185047938" timestamp="2026-07-03T15:51:48Z" user="BLUE LIME" uid="22330927" lat="37.4521748" lon="126.6564556">
  <tag k="amenity" v="restaurant"/>
  <tag k="name" v="인하칼국수"/>
 </node>
 <node id="13986203868" visible="true" version="1" changeset="185047938" timestamp="2026-07-03T15:51:48Z" user="BLUE LIME" uid="22330927" lat="37.4523803" lon="126.6567768">
  <tag k="amenity" v="restaurant"/>
  <tag k="name" v="효자동솥뚜껑"/>
 </node>
 <node id="13986203869" visible="true" version="1" changeset="185047938" timestamp="2026-07-03T15:51:48Z" user="BLUE LIME" uid="22330927" lat="37.4522727" lon="126.6571671">
  <tag k="amenity" v="bar"/>
  <tag k="name" v="역전할머니맥주"/>
 </node>
 <node id="13986203870" visible="true" version="1" changeset="185047938" timestamp="2026-07-03T15:51:48Z" user="BLUE LIME" uid="22330927" lat="37.4521447" lon="126.6571142">
  <tag k="amenity" v="restaurant"/>
  <tag k="cuisine" v="korean"/>
  <tag k="name" v="빙그래정육식당"/>
 </node>
 <node id="13986203871" visible="true" version="1" changeset="185047938" timestamp="2026-07-03T15:51:48Z" user="BLUE LIME" uid="22330927" lat="37.4518811" lon="126.6570126">
  <tag k="amenity" v="restaurant"/>
  <tag k="name" v="봉구스밥버거"/>
 </node>
 <node id="13986203872" visible="true" version="1" changeset="185047938" timestamp="2026-07-03T15:51:48Z" user="BLUE LIME" uid="22330927" lat="37.4518424" lon="126.6571739">
  <tag k="amenity" v="cafe"/>
  <tag k="name" v="타이쿤보드게임카페"/>
 </node>
 <node id="13986203873" visible="true" version="1" changeset="185047938" timestamp="2026-07-03T15:51:48Z" user="BLUE LIME" uid="22330927" lat="37.4519822" lon="126.6572362">
  <tag k="amenity" v="restaurant"/>
  <tag k="cuisine" v="chinese"/>
  <tag k="name" v="탕화쿵푸마라탕"/>
 </node>
 <node id="13986203874" visible="true" version="1" changeset="185047938" timestamp="2026-07-03T15:51:48Z" user="BLUE LIME" uid="22330927" lat="37.4521188" lon="126.6572972">
  <tag k="amenity" v="restaurant"/>
  <tag k="cuisine" v="korean"/>
  <tag k="name" v="일품부대찌개"/>
 </node>
 <node id="13986203875" visible="true" version="1" changeset="185047938" timestamp="2026-07-03T15:51:48Z" user="BLUE LIME" uid="22330927" lat="37.4522329" lon="126.6573514">
  <tag k="amenity" v="bar"/>
  <tag k="name" v="주접집"/>
 </node>
 <node id="13986203876" visible="true" version="1" changeset="185047938" timestamp="2026-07-03T15:51:48Z" user="BLUE LIME" uid="22330927" lat="37.4522243" lon="126.6571386">
  <tag k="amenity" v="restaurant"/>
  <tag k="cuisine" v="vietnamese"/>
  <tag k="name" v="하노이별"/>
 </node>
 <node id="13986203877" visible="true" version="1" changeset="185047938" timestamp="2026-07-03T15:51:48Z" user="BLUE LIME" uid="22330927" lat="37.4526098" lon="126.6564429">
  <tag k="brand" v="세븐일레븐"/>
  <tag k="brand:en" v="7-Eleven"/>
  <tag k="brand:ko" v="세븐일레븐"/>
  <tag k="brand:wikidata" v="Q259340"/>
  <tag k="name" v="세븐일레븐"/>
  <tag k="name:en" v="7-Eleven"/>
  <tag k="name:ko" v="세븐일레븐"/>
  <tag k="shop" v="convenience"/>
 </node>
 <node id="13986203878" visible="true" version="1" changeset="185047938" timestamp="2026-07-03T15:51:48Z" user="BLUE LIME" uid="22330927" lat="37.4527617" lon="126.6563964">
  <tag k="amenity" v="cafe"/>
  <tag k="cuisine" v="coffee_shop"/>
  <tag k="name" v="알케미스타"/>
 </node>
 <node id="13986203879" visible="true" version="1" changeset="185047938" timestamp="2026-07-03T15:51:48Z" user="BLUE LIME" uid="22330927" lat="37.4523571" lon="126.6573959">
  <tag k="amenity" v="cafe"/>
  <tag k="brand" v="더벤티"/>
  <tag k="brand:en" v="The Venti"/>
  <tag k="brand:ko" v="더벤티"/>
  <tag k="brand:wikidata" v="Q120998398"/>
  <tag k="cuisine" v="coffee_shop"/>
  <tag k="name" v="더벤티"/>
  <tag k="name:en" v="The Venti"/>
  <tag k="name:ko" v="더벤티"/>
  <tag k="takeaway" v="yes"/>
 </node>
 <node id="13986203880" visible="true" version="1" changeset="185047938" timestamp="2026-07-03T15:51:48Z" user="BLUE LIME" uid="22330927" lat="37.4524210" lon="126.6571170">
  <tag k="amenity" v="bar"/>
  <tag k="name" v="국민정서"/>
 </node>
 <node id="13986203881" visible="true" version="1" changeset="185047938" timestamp="2026-07-03T15:51:48Z" user="BLUE LIME" uid="22330927" lat="37.4525615" lon="126.6566038">
  <tag k="amenity" v="restaurant"/>
  <tag k="cuisine" v="pizza"/>
  <tag k="name" v="아미고"/>
 </node>
 <node id="13986203882" visible="true" version="1" changeset="185047938" timestamp="2026-07-03T15:51:48Z" user="BLUE LIME" uid="22330927" lat="37.4525303" lon="126.6568058">
  <tag k="amenity" v="bar"/>
  <tag k="name" v="당나발포차"/>
 </node>
 <node id="13986203883" visible="true" version="1" changeset="185047938" timestamp="2026-07-03T15:51:48Z" user="BLUE LIME" uid="22330927" lat="37.4524834" lon="126.6569650">
  <tag k="amenity" v="cafe"/>
  <tag k="cuisine" v="coffee_shop"/>
  <tag k="name" v="보드게임카페블랙쉽"/>
 </node>
 <node id="13986203884" visible="true" version="1" changeset="185047938" timestamp="2026-07-03T15:51:48Z" user="BLUE LIME" uid="22330927" lat="37.4529391" lon="126.6576606">
  <tag k="amenity" v="cafe"/>
  <tag k="cuisine" v="coffee_shop"/>
  <tag k="name" v="백억커피"/>
 </node>
 <node id="13986203885" visible="true" version="1" changeset="185047938" timestamp="2026-07-03T15:51:48Z" user="BLUE LIME" uid="22330927" lat="37.4528752" lon="126.6574049">
  <tag k="amenity" v="restaurant"/>
  <tag k="name" v="스며듦튀김수육"/>
 </node>
 <node id="13986203886" visible="true" version="1" changeset="185047938" timestamp="2026-07-03T15:51:48Z" user="BLUE LIME" uid="22330927" lat="37.4533593" lon="126.6575783">
  <tag k="amenity" v="cafe"/>
  <tag k="cuisine" v="coffee_shop"/>
  <tag k="name" v="테라커피"/>
 </node>
 <node id="13986203887" visible="true" version="1" changeset="185047938" timestamp="2026-07-03T15:51:48Z" user="BLUE LIME" uid="22330927" lat="37.4533493" lon="126.6577697">
  <tag k="amenity" v="restaurant"/>
  <tag k="name" v="영지숯불갈비"/>
 </node>
 <node id="13986203888" visible="true" version="1" changeset="185047938" timestamp="2026-07-03T15:51:48Z" user="BLUE LIME" uid="22330927" lat="37.4532656" lon="126.6576195">
  <tag k="amenity" v="restaurant"/>
  <tag k="name" v="송도만두"/>
 </node>
 <node id="13986203889" visible="true" version="1" changeset="185047938" timestamp="2026-07-03T15:51:48Z" user="BLUE LIME" uid="22330927" lat="37.4528582" lon="126.6576302">
  <tag k="amenity" v="restaurant"/>
  <tag k="name" v="미로곱창볶음집"/>
 </node>
 <node id="13986203890" visible="true" version="1" changeset="185047938" timestamp="2026-07-03T15:51:48Z" user="BLUE LIME" uid="22330927" lat="37.4527531" lon="126.6575855">
  <tag k="amenity" v="restaurant"/>
  <tag k="name" v="디탕"/>
 </node>
 <node id="13986203891" visible="true" version="1" changeset="185047938" timestamp="2026-07-03T15:51:48Z" user="BLUE LIME" uid="22330927" lat="37.4526623" lon="126.6575408">
  <tag k="amenity" v="restaurant"/>
  <tag k="cuisine" v="chinese"/>
  <tag k="name" v="춘리마라탕"/>
 </node>
 <node id="13986203892" visible="true" version="1" changeset="185047938" timestamp="2026-07-03T15:51:48Z" user="BLUE LIME" uid="22330927" lat="37.4525658" lon="126.6575032">
  <tag k="amenity" v="cafe"/>
  <tag k="brand" v="빽다방"/>
  <tag k="brand:en" v="Paik's Coffee"/>
  <tag k="brand:ko" v="빽다방"/>
  <tag k="brand:wikidata" v="Q55730575"/>
  <tag k="cuisine" v="coffee_shop"/>
  <tag k="name" v="빽다방"/>
  <tag k="name:en" v="Paik's Coffee"/>
  <tag k="name:ko" v="빽다방"/>
  <tag k="takeaway" v="yes"/>
 </node>
 <node id="13986203893" visible="true" version="1" changeset="185047938" timestamp="2026-07-03T15:51:48Z" user="BLUE LIME" uid="22330927" lat="37.4523608" lon="126.6576154">
  <tag k="amenity" v="bar"/>
  <tag k="name" v="맥주집"/>
 </node>
 <node id="13986203894" visible="true" version="1" changeset="185047938" timestamp="2026-07-03T15:51:48Z" user="BLUE LIME" uid="22330927" lat="37.4525031" lon="126.6576602">
  <tag k="amenity" v="internet_cafe"/>
  <tag k="name" v="빠삐용PC방"/>
 </node>
 <node id="13986203895" visible="true" version="1" changeset="185047938" timestamp="2026-07-03T15:51:48Z" user="BLUE LIME" uid="22330927" lat="37.4525069" lon="126.6578112">
  <tag k="amenity" v="bar"/>
  <tag k="name" v="봄날은간다"/>
 </node>
 <node id="13986203896" visible="true" version="1" changeset="185047938" timestamp="2026-07-03T15:51:48Z" user="BLUE LIME" uid="22330927" lat="37.4526680" lon="126.6577381">
  <tag k="amenity" v="cafe"/>
  <tag k="cuisine" v="coffee_shop"/>
  <tag k="name" v="닉스냅"/>
 </node>
 <node id="13986203897" visible="true" version="1" changeset="185047938" timestamp="2026-07-03T15:51:48Z" user="BLUE LIME" uid="22330927" lat="37.4528553" lon="126.6578018">
  <tag k="amenity" v="fast_food"/>
  <tag k="cuisine" v="chicken"/>
  <tag k="name" v="닭큐멘터리"/>
 </node>
 <node id="13986203898" visible="true" version="1" changeset="185047938" timestamp="2026-07-03T15:51:48Z" user="BLUE LIME" uid="22330927" lat="37.4520723" lon="126.6575163">
  <tag k="amenity" v="bar"/>
  <tag k="name" v="천지인"/>
 </node>
 <node id="13986203899" visible="true" version="1" changeset="185047938" timestamp="2026-07-03T15:51:48Z" user="BLUE LIME" uid="22330927" lat="37.4520292" lon="126.6578537">
  <tag k="amenity" v="bar"/>
  <tag k="name" v="이구포차"/>
 </node>
 <node id="13986203900" visible="true" version="1" changeset="185047938" timestamp="2026-07-03T15:51:48Z" user="BLUE LIME" uid="22330927" lat="37.4519712" lon="126.6581510">
  <tag k="amenity" v="bar"/>
  <tag k="name" v="포차1번지먹새통"/>
 </node>
 <node id="13986218601" visible="true" version="1" changeset="185047938" timestamp="2026-07-03T15:51:48Z" user="BLUE LIME" uid="22330927" lat="37.4518419" lon="126.6581132">
  <tag k="leisure" v="fitness_centre"/>
  <tag k="name" v="머신휘트니스"/>
 </node>
 <node id="13986218602" visible="true" version="1" changeset="185047938" timestamp="2026-07-03T15:51:48Z" user="BLUE LIME" uid="22330927" lat="37.4518663" lon="126.6578915">
  <tag k="amenity" v="restaurant"/>
  <tag k="cuisine" v="korean"/>
  <tag k="name" v="신흥갈비"/>
 </node>
 <node id="13986218603" visible="true" version="1" changeset="185047938" timestamp="2026-07-03T15:51:48Z" user="BLUE LIME" uid="22330927" lat="37.4517820" lon="126.6573488">
  <tag k="amenity" v="fast_food"/>
  <tag k="brand" v="맘스터치"/>
  <tag k="brand:en" v="Mom's Touch"/>
  <tag k="brand:ko" v="맘스터치"/>
  <tag k="brand:wikidata" v="Q23044856"/>
  <tag k="cuisine" v="burger"/>
  <tag k="name" v="맘스터치"/>
  <tag k="name:en" v="Mom's Touch"/>
  <tag k="name:ko" v="맘스터치"/>
  <tag k="takeaway" v="yes"/>
 </node>
 <node id="13986218604" visible="true" version="1" changeset="185047938" timestamp="2026-07-03T15:51:48Z" user="BLUE LIME" uid="22330927" lat="37.4519506" lon="126.6574620">
  <tag k="name" v="180아시아마트"/>
  <tag k="shop" v="supermarket"/>
 </node>
 <node id="13986218605" visible="true" version="1" changeset="185047938" timestamp="2026-07-03T15:51:48Z" user="BLUE LIME" uid="22330927" lat="37.4519262" lon="126.6576390">
  <tag k="amenity" v="restaurant"/>
  <tag k="name" v="정인곱창"/>
 </node>
 <node id="13986218606" visible="true" version="1" changeset="185047938" timestamp="2026-07-03T15:51:48Z" user="BLUE LIME" uid="22330927" lat="37.4517614" lon="126.6575611">
  <tag k="amenity" v="bar"/>
  <tag k="name" v="비터스윗"/>
 </node>
 <node id="13986218607" visible="true" version="1" changeset="185047938" timestamp="2026-07-03T15:51:48Z" user="BLUE LIME" uid="22330927" lat="37.4516996" lon="126.6577758">
  <tag k="amenity" v="bar"/>
  <tag k="name" v="산타나"/>
 </node>
 <node id="13986218608" visible="true" version="1" changeset="185047938" timestamp="2026-07-03T15:51:48Z" user="BLUE LIME" uid="22330927" lat="37.4512763" lon="126.6586441">
  <tag k="name" v="오늘의 부동산"/>
  <tag k="office" v="estate_agent"/>
 </node>
 <node id="13986218609" visible="true" version="1" changeset="185047938" timestamp="2026-07-03T15:51:48Z" user="BLUE LIME" uid="22330927" lat="37.4511564" lon="126.6586040">
  <tag k="name" v="몬스터"/>
  <tag k="shop" v="supermarket"/>
 </node>
 <node id="13986218610" visible="true" version="1" changeset="185047938" timestamp="2026-07-03T15:51:48Z" user="BLUE LIME" uid="22330927" lat="37.4510346" lon="126.6585615">
  <tag k="amenity" v="restaurant"/>
  <tag k="cuisine" v="korean"/>
  <tag k="name" v="청진동해장국"/>
 </node>
 <node id="13986218611" visible="true" version="1" changeset="185047938" timestamp="2026-07-03T15:51:48Z" user="BLUE LIME" uid="22330927" lat="37.4509091" lon="126.6585120">
  <tag k="amenity" v="cafe"/>
  <tag k="cuisine" v="coffee_shop"/>
  <tag k="name" v="카페더스토리"/>
 </node>
 <node id="13986218612" visible="true" version="1" changeset="185047938" timestamp="2026-07-03T15:51:48Z" user="BLUE LIME" uid="22330927" lat="37.4507499" lon="126.6589107">
  <tag k="name" v="흥원인쇄복사"/>
  <tag k="shop" v="stationery"/>
 </node>
 <node id="13986218622" visible="true" version="1" changeset="185047938" timestamp="2026-07-03T15:51:48Z" user="BLUE LIME" uid="22330927" lat="37.4513774" lon="126.6588753">
  <tag k="hairdresser" v="barber"/>
  <tag k="name" v="빈헤어"/>
  <tag k="shop" v="hairdresser"/>
 </node>
 <node id="13986242525" visible="true" version="1" changeset="185048836" timestamp="2026-07-03T16:08:41Z" user="BLUE LIME" uid="22330927" lat="37.4477455" lon="126.6518478">
  <tag k="amenity" v="restaurant"/>
  <tag k="cuisine" v="korean"/>
  <tag k="name" v="가마솥순대국"/>
 </node>
 <node id="13986242526" visible="true" version="1" changeset="185048836" timestamp="2026-07-03T16:08:41Z" user="BLUE LIME" uid="22330927" lat="37.4476574" lon="126.6521106">
  <tag k="amenity" v="cafe"/>
  <tag k="cuisine" v="coffee_shop"/>
  <tag k="name" v="913"/>
 </node>
 <node id="13986242527" visible="true" version="1" changeset="185048836" timestamp="2026-07-03T16:08:41Z" user="BLUE LIME" uid="22330927" lat="37.4473181" lon="126.6516261">
  <tag k="amenity" v="restaurant"/>
  <tag k="cuisine" v="chinese"/>
  <tag k="name" v="마라시대마라탕"/>
 </node>
 <node id="13986242528" visible="true" version="1" changeset="185048836" timestamp="2026-07-03T16:08:41Z" user="BLUE LIME" uid="22330927" lat="37.4474786" lon="126.6515402">
  <tag k="amenity" v="restaurant"/>
  <tag k="cuisine" v="sushi"/>
  <tag k="name" v="스시만"/>
 </node>
 <node id="13986242529" visible="true" version="1" changeset="185048836" timestamp="2026-07-03T16:08:41Z" user="BLUE LIME" uid="22330927" lat="37.4476106" lon="126.6515706">
  <tag k="amenity" v="bar"/>
  <tag k="name" v="모모하루"/>
 </node>
 <node id="13986242530" visible="true" version="1" changeset="185048836" timestamp="2026-07-03T16:08:41Z" user="BLUE LIME" uid="22330927" lat="37.4477426" lon="126.6514133">
  <tag k="brand" v="GS25"/>
  <tag k="brand:wikidata" v="Q624041"/>
  <tag k="name" v="GS25"/>
  <tag k="shop" v="convenience"/>
 </node>
 <node id="13986242531" visible="true" version="1" changeset="185048836" timestamp="2026-07-03T16:08:41Z" user="BLUE LIME" uid="22330927" lat="37.4477227" lon="126.6505675">
  <tag k="amenity" v="cafe"/>
  <tag k="brand" v="공차"/>
  <tag k="brand:en" v="Gong Cha"/>
  <tag k="brand:ko" v="공차"/>
  <tag k="brand:wikidata" v="Q5581670"/>
  <tag k="brand:zh" v="貢茶"/>
  <tag k="cuisine" v="bubble_tea"/>
  <tag k="name" v="공차"/>
  <tag k="name:en" v="Gong Cha"/>
  <tag k="name:ko" v="공차"/>
  <tag k="name:zh" v="貢茶"/>
  <tag k="takeaway" v="yes"/>
 </node>
 <node id="13986242532" visible="true" version="1" changeset="185048836" timestamp="2026-07-03T16:08:41Z" user="BLUE LIME" uid="22330927" lat="37.4477795" lon="126.6508929">
  <tag k="brand" v="Tony Moly"/>
  <tag k="brand:en" v="Tony Moly"/>
  <tag k="brand:ko" v="토니모리"/>
  <tag k="brand:wikidata" v="Q16935513"/>
  <tag k="name" v="Tony Moly"/>
  <tag k="name:en" v="Tony Moly"/>
  <tag k="name:ko" v="토니모리"/>
  <tag k="shop" v="cosmetics"/>
 </node>
 <node id="13986242533" visible="true" version="1" changeset="185048836" timestamp="2026-07-03T16:08:41Z" user="BLUE LIME" uid="22330927" lat="37.4476191" lon="126.6508428">
  <tag k="name" v="전국열쇠공사"/>
  <tag k="shop" v="hardware"/>
 </node>
 <node id="13986242534" visible="true" version="1" changeset="185048836" timestamp="2026-07-03T16:08:41Z" user="BLUE LIME" uid="22330927" lat="37.4473607" lon="126.6508822">
  <tag k="craft" v="photographer"/>
  <tag k="name" v="코닥"/>
 </node>
 <node id="13986242535" visible="true" version="1" changeset="185048836" timestamp="2026-07-03T16:08:41Z" user="BLUE LIME" uid="22330927" lat="37.4468568" lon="126.6506372">
  <tag k="name" v="그린필플라워"/>
  <tag k="shop" v="florist"/>
 </node>
 <node id="13986242536" visible="true" version="1" changeset="185048836" timestamp="2026-07-03T16:08:41Z" user="BLUE LIME" uid="22330927" lat="37.4466112" lon="126.6507409">
  <tag k="name" v="맥스라이더"/>
  <tag k="tourism" v="theme_park"/>
 </node>
 <node id="13986242537" visible="true" version="1" changeset="185048836" timestamp="2026-07-03T16:08:41Z" user="BLUE LIME" uid="22330927" lat="37.4453461" lon="126.6515623"/>
 <node id="13986242538" visible="true" version="1" changeset="185048836" timestamp="2026-07-03T16:08:41Z" user="BLUE LIME" uid="22330927" lat="37.4451730" lon="126.6519950"/>
 <node id="13986242539" visible="true" version="1" changeset="185048836" timestamp="2026-07-03T16:08:41Z" user="BLUE LIME" uid="22330927" lat="37.4455809" lon="126.6522192"/>
 <node id="13986242540" visible="true" version="1" changeset="185048836" timestamp="2026-07-03T16:08:41Z" user="BLUE LIME" uid="22330927" lat="37.4457564" lon="126.6518175"/>
 <node id="13986242541" visible="true" version="1" changeset="185048836" timestamp="2026-07-03T16:08:41Z" user="BLUE LIME" uid="22330927" lat="37.4481416" lon="126.6492989">
  <tag k="amenity" v="bank"/>
  <tag k="brand" v="KB국민은행"/>
  <tag k="brand:en" v="KB Kookmin Bank"/>
  <tag k="brand:ko" v="KB국민은행"/>
  <tag k="brand:wikidata" v="Q496606"/>
  <tag k="name" v="KB국민은행"/>
  <tag k="name:en" v="KB Kookmin Bank"/>
  <tag k="name:ko" v="KB국민은행"/>
 </node>
 <node id="13986242542" visible="true" version="1" changeset="185048836" timestamp="2026-07-03T16:08:41Z" user="BLUE LIME" uid="22330927" lat="37.4483146" lon="126.6492428">
  <tag k="amenity" v="cafe"/>
  <tag k="cuisine" v="coffee_shop"/>
  <tag k="name" v="그릭엔젤"/>
 </node>
 <node id="13986242543" visible="true" version="1" changeset="185048836" timestamp="2026-07-03T16:08:41Z" user="BLUE LIME" uid="22330927" lat="37.4482627" lon="126.6490093">
  <tag k="amenity" v="restaurant"/>
  <tag k="cuisine" v="korean"/>
  <tag k="name" v="귀한족발"/>
 </node>
 <node id="13986242544" visible="true" version="1" changeset="185048836" timestamp="2026-07-03T16:08:41Z" user="BLUE LIME" uid="22330927" lat="37.4480205" lon="126.6493331">
  <tag k="name" v="호안안경"/>
  <tag k="shop" v="optician"/>
 </node>
 <node id="13986242545" visible="true" version="1" changeset="185048836" timestamp="2026-07-03T16:08:41Z" user="BLUE LIME" uid="22330927" lat="37.4482849" lon="126.6492771">
  <tag k="brand" v="세븐일레븐"/>
  <tag k="brand:en" v="7-Eleven"/>
  <tag k="brand:ko" v="세븐일레븐"/>
  <tag k="brand:wikidata" v="Q259340"/>
  <tag k="name" v="세븐일레븐"/>
  <tag k="name:en" v="7-Eleven"/>
  <tag k="name:ko" v="세븐일레븐"/>
  <tag k="shop" v="convenience"/>
 </node>
 <node id="13986242546" visible="true" version="1" changeset="185048836" timestamp="2026-07-03T16:08:41Z" user="BLUE LIME" uid="22330927" lat="37.4480155" lon="126.6490809">
  <tag k="amenity" v="restaurant"/>
  <tag k="cuisine" v="korean"/>
  <tag k="name" v="한신우동인하대역점"/>
 </node>
 <node id="13986242547" visible="true" version="1" changeset="185048836" timestamp="2026-07-03T16:08:41Z" user="BLUE LIME" uid="22330927" lat="37.4478475" lon="126.6492958">
  <tag k="amenity" v="restaurant"/>
  <tag k="cuisine" v="pizza"/>
  <tag k="name" v="치즈웨이브"/>
 </node>
 <node id="13986242548" visible="true" version="1" changeset="185048836" timestamp="2026-07-03T16:08:41Z" user="BLUE LIME" uid="22330927" lat="37.4477931" lon="126.6492055">
  <tag k="amenity" v="pharmacy"/>
  <tag k="healthcare" v="pharmacy"/>
  <tag k="name" v="메디칼정성약국"/>
 </node>
 <node id="13986242549" visible="true" version="1" changeset="185048836" timestamp="2026-07-03T16:08:41Z" user="BLUE LIME" uid="22330927" lat="37.4477214" lon="126.6493238">
  <tag k="amenity" v="cafe"/>
  <tag k="brand" v="스타벅스"/>
  <tag k="brand:en" v="Starbucks"/>
  <tag k="brand:ko" v="스타벅스"/>
  <tag k="brand:wikidata" v="Q37158"/>
  <tag k="cuisine" v="coffee_shop"/>
  <tag k="name" v="스타벅스"/>
  <tag k="name:en" v="Starbucks"/>
  <tag k="name:ko" v="스타벅스"/>
  <tag k="takeaway" v="yes"/>
 </node>
 <node id="13986242550" visible="true" version="1" changeset="185048836" timestamp="2026-07-03T16:08:41Z" user="BLUE LIME" uid="22330927" lat="37.4475113" lon="126.6493518">
  <tag k="amenity" v="bank"/>
  <tag k="brand" v="우리은행"/>
  <tag k="brand:en" v="Woori Bank"/>
  <tag k="brand:ko" v="우리은행"/>
  <tag k="brand:wikidata" v="Q494369"/>
  <tag k="name" v="우리은행"/>
  <tag k="name:en" v="Woori Bank"/>
  <tag k="name:ko" v="우리은행"/>
 </node>
 <node id="13986242551" visible="true" version="1" changeset="185048836" timestamp="2026-07-03T16:08:41Z" user="BLUE LIME" uid="22330927" lat="37.4474446" lon="126.6494265">
  <tag k="amenity" v="fast_food"/>
  <tag k="brand" v="파파이스"/>
  <tag k="brand:en" v="Popeyes"/>
  <tag k="brand:ko" v="파파이스"/>
  <tag k="brand:wikidata" v="Q1330910"/>
  <tag k="cuisine" v="chicken"/>
  <tag k="name" v="파파이스"/>
  <tag k="name:en" v="Popeyes"/>
  <tag k="name:ko" v="파파이스"/>
  <tag k="takeaway" v="yes"/>
 </node>
 <node id="13986242552" visible="true" version="1" changeset="185048836" timestamp="2026-07-03T16:08:41Z" user="BLUE LIME" uid="22330927" lat="37.4476126" lon="126.6494016">
  <tag k="amenity" v="fast_food"/>
  <tag k="brand" v="교촌치킨"/>
  <tag k="brand:en" v="KyoChon"/>
  <tag k="brand:ko" v="교촌치킨"/>
  <tag k="brand:ko-Latn" v="Gyochonchikin"/>
  <tag k="brand:wikidata" v="Q6451885"/>
  <tag k="cuisine" v="chicken"/>
  <tag k="name" v="교촌치킨"/>
  <tag k="name:en" v="KyoChon"/>
  <tag k="name:ko" v="교촌치킨"/>
  <tag k="name:ko-Latn" v="Gyochonchikin"/>
  <tag k="takeaway" v="yes"/>
 </node>
 <node id="13986242553" visible="true" version="1" changeset="185048836" timestamp="2026-07-03T16:08:41Z" user="BLUE LIME" uid="22330927" lat="37.4473531" lon="126.6498406">
  <tag k="amenity" v="veterinary"/>
  <tag k="name" v="하인츠동물병원"/>
 </node>
 <node id="13986242554" visible="true" version="1" changeset="185048836" timestamp="2026-07-03T16:08:41Z" user="BLUE LIME" uid="22330927" lat="37.4488732" lon="126.6488505">
  <tag k="hairdresser" v="barber"/>
  <tag k="name" v="디어헤어"/>
  <tag k="shop" v="hairdresser"/>
 </node>
 <node id="13986242555" visible="true" version="1" changeset="185048836" timestamp="2026-07-03T16:08:41Z" user="BLUE LIME" uid="22330927" lat="37.4487793" lon="126.6488038">
  <tag k="brand" v="GS25"/>
  <tag k="brand:wikidata" v="Q624041"/>
  <tag k="name" v="GS25"/>
  <tag k="shop" v="convenience"/>
 </node>
 <node id="13986242556" visible="true" version="1" changeset="185048836" timestamp="2026-07-03T16:08:41Z" user="BLUE LIME" uid="22330927" lat="37.4487051" lon="126.6487167">
  <tag k="amenity" v="bank"/>
  <tag k="brand" v="NH농협은행"/>
  <tag k="brand:en" v="NH Bank"/>
  <tag k="brand:ko" v="NH농협은행"/>
  <tag k="brand:wikidata" v="Q15283673"/>
  <tag k="name" v="NH농협은행"/>
  <tag k="name:en" v="NH Bank"/>
  <tag k="name:ko" v="NH농협은행"/>
 </node>
 <node id="13986242557" visible="true" version="1" changeset="185048836" timestamp="2026-07-03T16:08:41Z" user="BLUE LIME" uid="22330927" lat="37.4486013" lon="126.6483773">
  <tag k="amenity" v="cafe"/>
  <tag k="brand" v="빽다방"/>
  <tag k="brand:en" v="Paik's Coffee"/>
  <tag k="brand:ko" v="빽다방"/>
  <tag k="brand:wikidata" v="Q55730575"/>
  <tag k="cuisine" v="coffee_shop"/>
  <tag k="name" v="빽다방"/>
  <tag k="name:en" v="Paik's Coffee"/>
  <tag k="name:ko" v="빽다방"/>
  <tag k="takeaway" v="yes"/>
 </node>
 <node id="13986242558" visible="true" version="1" changeset="185048836" timestamp="2026-07-03T16:08:41Z" user="BLUE LIME" uid="22330927" lat="37.4485395" lon="126.6481376">
  <tag k="amenity" v="restaurant"/>
  <tag k="name" v="백남옥달인손만두"/>
 </node>
 <node id="13986242560" visible="true" version="1" changeset="185048836" timestamp="2026-07-03T16:08:41Z" user="BLUE LIME" uid="22330927" lat="37.4481811" lon="126.6483711">
  <tag k="name" v="인하할인마트"/>
  <tag k="shop" v="supermarket"/>
 </node>
 <node id="13986242561" visible="true" version="1" changeset="185048836" timestamp="2026-07-03T16:08:41Z" user="BLUE LIME" uid="22330927" lat="37.4479933" lon="126.6484334">
  <tag k="amenity" v="restaurant"/>
  <tag k="name" v="장터삼겹살"/>
 </node>
 <node id="13986242562" visible="true" version="1" changeset="185048836" timestamp="2026-07-03T16:08:41Z" user="BLUE LIME" uid="22330927" lat="37.4477980" lon="126.6487540">
  <tag k="name" v="아르떼아이래쉬"/>
  <tag k="shop" v="cosmetics"/>
 </node>
 <node id="13986242563" visible="true" version="1" changeset="185048836" timestamp="2026-07-03T16:08:41Z" user="BLUE LIME" uid="22330927" lat="37.4475311" lon="126.6486575">
  <tag k="hairdresser" v="barber"/>
  <tag k="name" v="여우리미용실"/>
  <tag k="shop" v="hairdresser"/>
 </node>
 <node id="13986242564" visible="true" version="1" changeset="185048836" timestamp="2026-07-03T16:08:41Z" user="BLUE LIME" uid="22330927" lat="37.4470961" lon="126.6483742">
  <tag k="amenity" v="restaurant"/>
  <tag k="name" v="닭온당"/>
 </node>
 <node id="13986242565" visible="true" version="1" changeset="185048836" timestamp="2026-07-03T16:08:41Z" user="BLUE LIME" uid="22330927" lat="37.4475113" lon="126.6489377">
  <tag k="amenity" v="restaurant"/>
  <tag k="name" v="명동칼국수인하대점"/>
 </node>
 <node id="13986242566" visible="true" version="1" changeset="185048836" timestamp="2026-07-03T16:08:41Z" user="BLUE LIME" uid="22330927" lat="37.4473630" lon="126.6489377">
  <tag k="amenity" v="restaurant"/>
  <tag k="name" v="고기에진심인남자고진남"/>
 </node>
 <node id="13986242567" visible="true" version="1" changeset="185048836" timestamp="2026-07-03T16:08:41Z" user="BLUE LIME" uid="22330927" lat="37.4473630" lon="126.6487789">
  <tag k="amenity" v="restaurant"/>
  <tag k="name" v="팔각도"/>
 </node>
 <node id="13986242568" visible="true" version="1" changeset="185048836" timestamp="2026-07-03T16:08:41Z" user="BLUE LIME" uid="22330927" lat="37.4473581" lon="126.6485859">
  <tag k="amenity" v="restaurant"/>
  <tag k="cuisine" v="chinese"/>
  <tag k="name" v="챠오팡"/>
 </node>
 <node id="13986242569" visible="true" version="1" changeset="185048836" timestamp="2026-07-03T16:08:41Z" user="BLUE LIME" uid="22330927" lat="37.4472369" lon="126.6486482">
  <tag k="amenity" v="restaurant"/>
  <tag k="name" v="고씨네오리"/>
 </node>
 <node id="13986242570" visible="true" version="1" changeset="185048836" timestamp="2026-07-03T16:08:41Z" user="BLUE LIME" uid="22330927" lat="37.4476769" lon="126.6485205">
  <tag k="amenity" v="restaurant"/>
  <tag k="name" v="쇠나무그릴"/>
 </node>
 <node id="13986242592" visible="true" version="1" changeset="185048836" timestamp="2026-07-03T16:08:41Z" user="BLUE LIME" uid="22330927" lat="37.4476052" lon="126.6488519"/>
 <node id="14000365037" visible="true" version="1" changeset="185413055" timestamp="2026-07-09T14:49:45Z" user="samdasooooooo" uid="14457606" lat="37.4511875" lon="126.6571437">
  <tag k="amenity" v="restaurant"/>
  <tag k="name" v="성수완당"/>
 </node>
 <node id="14067346833" visible="true" version="1" changeset="186788353" timestamp="2026-08-02T02:15:21Z" user="Dooryun" uid="24326804" lat="37.4469254" lon="126.6481582"/>
 <node id="14067346834" visible="true" version="2" changeset="186938052" timestamp="2026-08-04T17:30:23Z" user="ratrun" uid="474183" lat="37.4450627" lon="126.6488257"/>
 <node id="14159129384" visible="true" version="1" changeset="188657647" timestamp="2026-09-07T08:29:31Z" user="Mecandoly" uid="24525045" lat="37.4444467" lon="126.6462359"/>
 <node id="14159907081" visible="true" version="1" changeset="188680620" timestamp="2026-09-07T16:37:44Z" user="Mecandoly" uid="24525045" lat="37.4481892" lon="126.6478585"/>
 <node id="14159907082" visible="true" version="1" changeset="188680620" timestamp="2026-09-07T16:37:44Z" user="Mecandoly" uid="24525045" lat="37.4469539" lon="126.6482920"/>
 <way id="37400830" visible="true" version="10" changeset="182982124" timestamp="2026-05-21T15:29:05Z" user="Kaduna" uid="20432991">
  <nd ref="436836603"/>
  <nd ref="2425231746"/>
  <nd ref="2886789166"/>
  <nd ref="436847206"/>
  <nd ref="1770238786"/>
  <nd ref="436847207"/>
  <nd ref="2886779521"/>
  <nd ref="2886779522"/>
  <nd ref="436847208"/>
  <nd ref="2881078292"/>
  <nd ref="436870793"/>
  <nd ref="2875746075"/>
  <nd ref="436877252"/>
  <nd ref="13858006482"/>
  <nd ref="2425231803"/>
  <tag k="highway" v="tertiary"/>
  <tag k="name" v="용오로"/>
  <tag k="name:en" v="Yongo-ro"/>
  <tag k="name:ko" v="용오로"/>
 </way>
 <way id="71395177" visible="true" version="38" changeset="186938052" timestamp="2026-08-04T17:30:23Z" user="ratrun" uid="474183">
  <nd ref="436790186"/>
  <nd ref="8706838042"/>
  <nd ref="436821486"/>
  <nd ref="2429042677"/>
  <nd ref="2877844573"/>
  <nd ref="8706838032"/>
  <nd ref="2877844582"/>
  <nd ref="2865620697"/>
  <nd ref="2865621522"/>
  <nd ref="2882119935"/>
  <nd ref="2856079389"/>
  <nd ref="13083842194"/>
  <nd ref="13083871608"/>
  <nd ref="2882127721"/>
  <nd ref="2861419101"/>
  <nd ref="436821490"/>
  <nd ref="2861418099"/>
  <nd ref="13083842132"/>
  <nd ref="2429042682"/>
  <nd ref="436821492"/>
  <nd ref="13083842146"/>
  <nd ref="2861418098"/>
  <nd ref="2861419114"/>
  <nd ref="436821495"/>
  <nd ref="4299576216"/>
  <nd ref="4638921028"/>
  <nd ref="2429042702"/>
  <nd ref="4703015310"/>
  <nd ref="12866720413"/>
  <nd ref="2429042769"/>
  <nd ref="2886789162"/>
  <nd ref="11257934910"/>
  <nd ref="436830039"/>
  <nd ref="2886789165"/>
  <nd ref="2886789172"/>
  <nd ref="436830040"/>
  <nd ref="2429042776"/>
  <nd ref="2886789155"/>
  <nd ref="11257934902"/>
  <nd ref="14067346834"/>
  <nd ref="8841043778"/>
  <tag k="highway" v="secondary"/>
  <tag k="lanes" v="6"/>
  <tag k="name" v="매소홀로"/>
  <tag k="name:en" v="Maesohol-ro"/>
  <tag k="name:ja" v="買召忽路"/>
  <tag k="name:ko" v="매소홀로"/>
  <tag k="name:ko-Hani" v="買召忽路"/>
  <tag k="name:zh" v="买召忽路"/>
  <tag k="name:zh-Hans" v="买召忽路"/>
  <tag k="name:zh-Hant" v="買召忽路"/>
  <tag k="oneway" v="no"/>
  <tag k="ref" v="14"/>
  <tag k="surface" v="asphalt"/>
  <tag k="wikidata" v="Q110114908"/>
  <tag k="wikipedia" v="ko:매소홀로"/>
 </way>
 <way id="165484707" visible="true" version="8" changeset="73819041" timestamp="2019-08-28T02:51:16Z" user="octel" uid="238290">
  <nd ref="1770237413"/>
  <nd ref="4638918404"/>
  <nd ref="4638918407"/>
  <nd ref="4958020927"/>
  <nd ref="4638918412"/>
  <nd ref="4958020922"/>
  <nd ref="4703015310"/>
  <tag k="highway" v="tertiary"/>
  <tag k="name" v="매소홀로289번길"/>
  <tag k="name:en" v="Maesohol-ro 289beon-gil"/>
  <tag k="name:ko" v="매소홀로289번길"/>
  <tag k="oneway" v="no"/>
 </way>
 <way id="216916382" visible="true" version="4" changeset="103952854" timestamp="2021-05-01T11:37:56Z" user="pehrelax" uid="3805548">
  <nd ref="2262335941"/>
  <nd ref="4741759513"/>
  <nd ref="2262335938"/>
  <nd ref="2262335932"/>
  <nd ref="4741759450"/>
  <nd ref="2262335939"/>
  <tag k="highway" v="service"/>
 </way>
 <way id="216916383" visible="true" version="7" changeset="126731102" timestamp="2022-09-28T09:22:47Z" user="oldman Jang" uid="17260371">
  <nd ref="436868707"/>
  <nd ref="4741793209"/>
  <nd ref="2262335939"/>
  <nd ref="9767086763"/>
  <nd ref="2262335940"/>
  <nd ref="2262335931"/>
  <tag k="highway" v="service"/>
 </way>
 <way id="216916384" visible="true" version="4" changeset="121423336" timestamp="2022-05-24T13:01:40Z" user="chang hyeon" uid="16074147">
  <nd ref="2262335935"/>
  <nd ref="4741759453"/>
  <nd ref="4741759509"/>
  <nd ref="2262335936"/>
  <nd ref="9767076578"/>
  <nd ref="4741759458"/>
  <nd ref="2262335940"/>
  <tag k="highway" v="service"/>
 </way>
 <way id="216916385" visible="true" version="2" changeset="17648854" timestamp="2013-09-03T07:41:27Z" user="IRTC1015" uid="223224">
  <nd ref="2262335935"/>
  <nd ref="2262335939"/>
  <tag k="highway" v="service"/>
 </way>
 <way id="217947345" visible="true" version="10" changeset="119595636" timestamp="2022-04-11T20:58:53Z" user="Juanantonaya" uid="150021">
  <nd ref="2272559147"/>
  <nd ref="2272559149"/>
  <nd ref="2272559144"/>
  <nd ref="2272559141"/>
  <nd ref="2272559147"/>
  <tag k="branch" v="인하점"/>
  <tag k="brand" v="Homeplus"/>
  <tag k="brand:en" v="Homeplus"/>
  <tag k="brand:ko" v="홈플러스"/>
  <tag k="brand:wikidata" v="Q5889167"/>
  <tag k="brand:wikipedia" v="ko:홈플러스"/>
  <tag k="building" v="yes"/>
  <tag k="name" v="Homeplus"/>
  <tag k="name:en" v="Homeplus"/>
  <tag k="name:ja" v="ホームプラス 仁荷店"/>
  <tag k="name:ko" v="홈플러스"/>
  <tag k="shop" v="department_store"/>
 </way>
 <way id="217948031" visible="true" version="3" changeset="45822389" timestamp="2017-02-05T07:28:17Z" user="pehrelax" uid="3805548">
  <nd ref="2272564915"/>
  <nd ref="2272564912"/>
  <nd ref="2272564922"/>
  <nd ref="2272564919"/>
  <nd ref="2272564909"/>
  <nd ref="2272564904"/>
  <nd ref="2272564900"/>
  <nd ref="2272564906"/>
  <nd ref="2272564915"/>
  <tag k="building" v="yes"/>
  <tag k="facility" v="gas station"/>
 </way>
 <way id="217948855" visible="true" version="5" changeset="57051379" timestamp="2018-03-10T06:59:37Z" user="pehrelax" uid="3805548">
  <nd ref="2272581057"/>
  <nd ref="2272581084"/>
  <nd ref="2272581080"/>
  <nd ref="2272581082"/>
  <nd ref="2272581078"/>
  <nd ref="2272581076"/>
  <nd ref="2272581059"/>
  <nd ref="2272581061"/>
  <nd ref="2272581055"/>
  <nd ref="2272581051"/>
  <nd ref="2272581037"/>
  <nd ref="2272581025"/>
  <nd ref="2272581027"/>
  <nd ref="2272581033"/>
  <nd ref="2272581039"/>
  <nd ref="2272581035"/>
  <nd ref="2272581042"/>
  <nd ref="2272581044"/>
  <nd ref="2272581049"/>
  <nd ref="2272581029"/>
  <nd ref="2272581031"/>
  <nd ref="2272581063"/>
  <nd ref="2272581067"/>
  <nd ref="2272581065"/>
  <nd ref="2272581069"/>
  <nd ref="2272581071"/>
  <nd ref="2272581073"/>
  <nd ref="2272581041"/>
  <nd ref="2272581047"/>
  <nd ref="2272581053"/>
  <nd ref="2272581057"/>
  <tag k="building" v="dormitory"/>
  <tag k="name" v="웅비재"/>
  <tag k="name:en" v="Woongbijae (Dormitory #1)"/>
 </way>
 <way id="217950511" visible="true" version="5" changeset="57051379" timestamp="2018-03-10T06:59:35Z" user="pehrelax" uid="3805548">
  <nd ref="2272594756"/>
  <nd ref="2272594754"/>
  <nd ref="2272594753"/>
  <nd ref="2272594750"/>
  <nd ref="2272594751"/>
  <nd ref="2272594749"/>
  <nd ref="2272594768"/>
  <nd ref="2272594765"/>
  <nd ref="2272594748"/>
  <nd ref="2272594747"/>
  <nd ref="2272594746"/>
  <nd ref="2272594744"/>
  <nd ref="2272594745"/>
  <nd ref="2272594743"/>
  <nd ref="2272594757"/>
  <nd ref="2272594759"/>
  <nd ref="2272594762"/>
  <nd ref="2272594760"/>
  <nd ref="2272594763"/>
  <nd ref="2272594766"/>
  <nd ref="2272594767"/>
  <nd ref="2272594770"/>
  <nd ref="2272594769"/>
  <nd ref="2272594771"/>
  <nd ref="2272594772"/>
  <nd ref="2272594778"/>
  <nd ref="2272594776"/>
  <nd ref="2272594779"/>
  <nd ref="2272594777"/>
  <nd ref="2272594775"/>
  <nd ref="2272594773"/>
  <nd ref="2272594774"/>
  <nd ref="2272594756"/>
  <tag k="building" v="university"/>
  <tag k="name" v="로스쿨관"/>
  <tag k="name:en" v="Law School"/>
 </way>
 <way id="217958067" visible="true" version="5" changeset="173165067" timestamp="2025-10-12T06:49:00Z" user="JSon0507" uid="22656175">
  <nd ref="2272674545"/>
  <nd ref="2272674554"/>
  <nd ref="2272674552"/>
  <nd ref="2272674556"/>
  <nd ref="2272674550"/>
  <nd ref="2272674547"/>
  <nd ref="2272674548"/>
  <nd ref="2272674539"/>
  <nd ref="2272674541"/>
  <nd ref="2272674536"/>
  <nd ref="2272674534"/>
  <nd ref="2272674532"/>
  <nd ref="2272674538"/>
  <nd ref="2272674543"/>
  <nd ref="2272674545"/>
  <tag k="amenity" v="library"/>
  <tag k="building" v="yes"/>
  <tag k="height" v="40"/>
  <tag k="name" v="정석학술정보관"/>
  <tag k="name:en" v="Jeonseok Memorial Library"/>
 </way>
 <way id="217958071" visible="true" version="5" changeset="57051379" timestamp="2018-03-10T06:59:35Z" user="pehrelax" uid="3805548">
  <nd ref="2272674664"/>
  <nd ref="2272674659"/>
  <nd ref="2272674657"/>
  <nd ref="2272674656"/>
  <nd ref="2272674654"/>
  <nd ref="2272674655"/>
  <nd ref="2272674649"/>
  <nd ref="2272674648"/>
  <nd ref="2272674646"/>
  <nd ref="2272674647"/>
  <nd ref="2272674645"/>
  <nd ref="2272674650"/>
  <nd ref="2272674652"/>
  <nd ref="2272674651"/>
  <nd ref="2272674653"/>
  <nd ref="2272674660"/>
  <nd ref="2272674663"/>
  <nd ref="2272674658"/>
  <nd ref="2272674661"/>
  <nd ref="2272674662"/>
  <nd ref="2272674664"/>
  <tag k="building" v="university"/>
  <tag k="name" v="본관"/>
  <tag k="name:en" v="University Main Building"/>
  <tag k="operator" v="인하대학교"/>
 </way>
 <way id="218017288" visible="true" version="3" changeset="57051379" timestamp="2018-03-10T06:59:34Z" user="pehrelax" uid="3805548">
  <nd ref="2273250496"/>
  <nd ref="2273250494"/>
  <nd ref="2273250495"/>
  <nd ref="2273250493"/>
  <nd ref="2273250492"/>
  <nd ref="2273250491"/>
  <nd ref="2273250490"/>
  <nd ref="2273250489"/>
  <nd ref="2273250487"/>
  <nd ref="2273250485"/>
  <nd ref="2273250482"/>
  <nd ref="2273250483"/>
  <nd ref="2273250484"/>
  <nd ref="2273250486"/>
  <nd ref="2273250471"/>
  <nd ref="2273250474"/>
  <nd ref="2273250472"/>
  <nd ref="2273250479"/>
  <nd ref="2273250480"/>
  <nd ref="2273250488"/>
  <nd ref="2273250496"/>
  <tag k="building" v="university"/>
  <tag k="name" v="5호관"/>
  <tag k="name:en" v="Building #5"/>
 </way>
 <way id="218017289" visible="true" version="4" changeset="57051379" timestamp="2018-03-10T06:59:34Z" user="pehrelax" uid="3805548">
  <nd ref="2273250469"/>
  <nd ref="2273250477"/>
  <nd ref="2273250475"/>
  <nd ref="2273250481"/>
  <nd ref="2273250478"/>
  <nd ref="2273250476"/>
  <nd ref="2273250473"/>
  <nd ref="2273250470"/>
  <nd ref="2273250466"/>
  <nd ref="2273250468"/>
  <nd ref="2273250467"/>
  <nd ref="2273250465"/>
  <nd ref="2273250462"/>
  <nd ref="2273250464"/>
  <nd ref="2273250463"/>
  <nd ref="2273250461"/>
  <nd ref="2273250460"/>
  <nd ref="2273250459"/>
  <nd ref="2273250469"/>
  <tag k="building" v="university"/>
  <tag k="name" v="본관"/>
  <tag k="name:en" v="College Main Building"/>
 </way>
 <way id="218018325" visible="true" version="3" changeset="57051379" timestamp="2018-03-10T06:59:33Z" user="pehrelax" uid="3805548">
  <nd ref="2273259187"/>
  <nd ref="2273259185"/>
  <nd ref="2273259183"/>
  <nd ref="2273259184"/>
  <nd ref="2273259187"/>
  <tag k="building" v="university"/>
  <tag k="name" v="4호관"/>
  <tag k="name:en" v="Building #4"/>
 </way>
 <way id="218018326" visible="true" version="3" changeset="57051379" timestamp="2018-03-10T06:59:33Z" user="pehrelax" uid="3805548">
  <nd ref="2273259188"/>
  <nd ref="2273259186"/>
  <nd ref="2273259189"/>
  <nd ref="2273259190"/>
  <nd ref="2273259188"/>
  <tag k="building" v="university"/>
  <tag k="name" v="10호관"/>
  <tag k="name:en" v="Building #10"/>
 </way>
 <way id="218036943" visible="true" version="3" changeset="57051379" timestamp="2018-03-10T06:59:34Z" user="pehrelax" uid="3805548">
  <nd ref="2273425542"/>
  <nd ref="2273425540"/>
  <nd ref="2273425536"/>
  <nd ref="2273425539"/>
  <nd ref="2273425542"/>
  <tag k="building" v="yes"/>
  <tag k="name" v="3호관"/>
  <tag k="name:en" v="Building #3"/>
 </way>
 <way id="218036946" visible="true" version="4" changeset="57051379" timestamp="2018-03-10T06:59:34Z" user="pehrelax" uid="3805548">
  <nd ref="2273425538"/>
  <nd ref="2273425537"/>
  <nd ref="2273425534"/>
  <nd ref="2273425535"/>
  <nd ref="2273425538"/>
  <tag k="building" v="yes"/>
  <tag k="name" v="2호관"/>
  <tag k="name:en" v="Building #2"/>
 </way>
 <way id="218037242" visible="true" version="4" changeset="57051379" timestamp="2018-03-10T06:59:34Z" user="pehrelax" uid="3805548">
  <nd ref="2273428503"/>
  <nd ref="2273428500"/>
  <nd ref="2273428498"/>
  <nd ref="2273428496"/>
  <nd ref="2273428497"/>
  <nd ref="2273428499"/>
  <nd ref="2273428501"/>
  <nd ref="2273428502"/>
  <nd ref="2273428503"/>
  <tag k="building" v="university"/>
  <tag k="name" v="체육관"/>
  <tag k="name:en" v="Gymnasium"/>
 </way>
 <way id="218038027" visible="true" version="6" changeset="121423543" timestamp="2022-05-24T13:06:22Z" user="chang hyeon" uid="16074147">
  <nd ref="2273434969"/>
  <nd ref="2273434964"/>
  <nd ref="2273434959"/>
  <nd ref="2273434957"/>
  <nd ref="2273434956"/>
  <nd ref="9767122969"/>
  <nd ref="2273434955"/>
  <nd ref="2273434954"/>
  <nd ref="2273434952"/>
  <nd ref="2273434950"/>
  <nd ref="2273434953"/>
  <nd ref="2273434948"/>
  <nd ref="2273434946"/>
  <nd ref="2273434943"/>
  <nd ref="2273434942"/>
  <nd ref="2273434941"/>
  <nd ref="9767122970"/>
  <nd ref="2273434940"/>
  <nd ref="2273434938"/>
  <nd ref="2273434939"/>
  <nd ref="2273434945"/>
  <nd ref="2273434944"/>
  <nd ref="2273434947"/>
  <nd ref="2273434958"/>
  <nd ref="2273434963"/>
  <nd ref="2273434965"/>
  <nd ref="2273434967"/>
  <nd ref="2273434968"/>
  <nd ref="2273434966"/>
  <nd ref="2273434969"/>
  <tag k="building" v="university"/>
  <tag k="name" v="학생회관"/>
  <tag k="name:en" v="Student Center"/>
 </way>
 <way id="218040082" visible="true" version="3" changeset="57051379" timestamp="2018-03-10T06:59:33Z" user="pehrelax" uid="3805548">
  <nd ref="2273452798"/>
  <nd ref="2273452807"/>
  <nd ref="2273452802"/>
  <nd ref="2273452804"/>
  <nd ref="2273452809"/>
  <nd ref="2273452811"/>
  <nd ref="2273452800"/>
  <nd ref="2273452790"/>
  <nd ref="2273452796"/>
  <nd ref="2273452788"/>
  <nd ref="2273452784"/>
  <nd ref="2273452775"/>
  <nd ref="2273452780"/>
  <nd ref="2273452778"/>
  <nd ref="2273452773"/>
  <nd ref="2273452771"/>
  <nd ref="2273452782"/>
  <nd ref="2273452792"/>
  <nd ref="2273452786"/>
  <nd ref="2273452794"/>
  <nd ref="2273452798"/>
  <tag k="amenity" v="library"/>
  <tag k="building" v="yes"/>
  <tag k="name" v="도서관(7호관)"/>
  <tag k="name:en" v="Building #7"/>
 </way>
 <way id="218040150" visible="true" version="3" changeset="57051379" timestamp="2018-03-10T06:59:33Z" user="pehrelax" uid="3805548">
  <nd ref="2273453273"/>
  <nd ref="2273453272"/>
  <nd ref="2273453270"/>
  <nd ref="2273453271"/>
  <nd ref="2273453273"/>
  <tag k="building" v="university"/>
  <tag k="name" v="6호관"/>
  <tag k="name:en" v="Building #6"/>
 </way>
 <way id="218041095" visible="true" version="5" changeset="57051379" timestamp="2018-03-10T06:59:33Z" user="pehrelax" uid="3805548">
  <nd ref="2273460225"/>
  <nd ref="2273460221"/>
  <nd ref="2273460219"/>
  <nd ref="2273460226"/>
  <nd ref="2273460229"/>
  <nd ref="2273460220"/>
  <nd ref="2273460225"/>
  <tag k="building" v="yes"/>
  <tag k="name" v="8호관(평생교육원)"/>
  <tag k="name:en" v="Building #8 (Center for Continuing Education)"/>
 </way>
 <way id="218041096" visible="true" version="3" changeset="57051379" timestamp="2018-03-10T06:59:33Z" user="pehrelax" uid="3805548">
  <nd ref="2273460232"/>
  <nd ref="2273460230"/>
  <nd ref="2273460231"/>
  <nd ref="2273460227"/>
  <nd ref="2273460222"/>
  <nd ref="2273460224"/>
  <nd ref="2273460223"/>
  <nd ref="2273460228"/>
  <nd ref="2273460232"/>
  <tag k="building" v="yes"/>
  <tag k="name" v="9호관"/>
  <tag k="name:en" v="Building #9"/>
 </way>
 <way id="218041567" visible="true" version="3" changeset="57051379" timestamp="2018-03-10T06:59:34Z" user="pehrelax" uid="3805548">
  <nd ref="2273464982"/>
  <nd ref="2273464974"/>
  <nd ref="2273464972"/>
  <nd ref="2273464970"/>
  <nd ref="2273464966"/>
  <nd ref="2273464962"/>
  <nd ref="2273464958"/>
  <nd ref="2273464976"/>
  <nd ref="2273464978"/>
  <nd ref="2273464980"/>
  <nd ref="2273464982"/>
  <tag k="building" v="yes"/>
 </way>
 <way id="218041568" visible="true" version="3" changeset="57051379" timestamp="2018-03-10T06:59:34Z" user="pehrelax" uid="3805548">
  <nd ref="2273464968"/>
  <nd ref="2273464956"/>
  <nd ref="2273464955"/>
  <nd ref="2273464950"/>
  <nd ref="2273464943"/>
  <nd ref="2273464946"/>
  <nd ref="2273464948"/>
  <nd ref="2273464952"/>
  <nd ref="2273464954"/>
  <nd ref="2273464953"/>
  <nd ref="2273464960"/>
  <nd ref="2273464964"/>
  <nd ref="2273464968"/>
  <tag k="building" v="yes"/>
 </way>
 <way id="218042319" visible="true" version="3" changeset="57051379" timestamp="2018-03-10T06:59:34Z" user="pehrelax" uid="3805548">
  <nd ref="2273469501"/>
  <nd ref="2273469498"/>
  <nd ref="2273469497"/>
  <nd ref="2273469496"/>
  <nd ref="2273469495"/>
  <nd ref="2273469499"/>
  <nd ref="2273469502"/>
  <nd ref="2273469500"/>
  <nd ref="2273469501"/>
  <tag k="building" v="yes"/>
 </way>
 <way id="218081857" visible="true" version="7" changeset="121469321" timestamp="2022-05-25T10:49:29Z" user="chang hyeon" uid="16074147">
  <nd ref="2273758512"/>
  <nd ref="2273758511"/>
  <nd ref="2273758509"/>
  <nd ref="2273758518"/>
  <nd ref="2273758516"/>
  <nd ref="4741759520"/>
  <nd ref="2273758513"/>
  <nd ref="2445308366"/>
  <nd ref="2262335941"/>
  <nd ref="2273758512"/>
  <tag k="building" v="university"/>
  <tag k="name" v="하이테크센터"/>
  <tag k="name:en" v="Inha Hi-Tech Center"/>
  <tag k="operator" v="인하대학교"/>
 </way>
 <way id="218084656" visible="true" version="3" changeset="57680458" timestamp="2018-03-31T06:32:27Z" user="pehrelax" uid="3805548">
  <nd ref="2273782030"/>
  <nd ref="2273782027"/>
  <nd ref="2273782028"/>
  <nd ref="2273782031"/>
  <nd ref="2273782030"/>
  <tag k="building" v="yes"/>
 </way>
 <way id="218085342" visible="true" version="3" changeset="57051379" timestamp="2018-03-10T06:59:34Z" user="pehrelax" uid="3805548">
  <nd ref="2273782029"/>
  <nd ref="2273782025"/>
  <nd ref="2273782024"/>
  <nd ref="2273782026"/>
  <nd ref="2273782029"/>
  <tag k="building" v="yes"/>
 </way>
 <way id="218086165" visible="true" version="3" changeset="57051379" timestamp="2018-03-10T06:59:33Z" user="pehrelax" uid="3805548">
  <nd ref="2273787545"/>
  <nd ref="2273787549"/>
  <nd ref="2273787555"/>
  <nd ref="2273787554"/>
  <nd ref="2273787552"/>
  <nd ref="2273787548"/>
  <nd ref="2273787545"/>
  <tag k="building" v="yes"/>
  <tag k="name" v="격납고"/>
 </way>
 <way id="218086524" visible="true" version="3" changeset="17648854" timestamp="2013-09-03T07:41:34Z" user="IRTC1015" uid="223224">
  <nd ref="2273790990"/>
  <nd ref="2273790987"/>
  <nd ref="2273790986"/>
  <nd ref="2273790988"/>
  <nd ref="2273790990"/>
  <tag k="leisure" v="pitch"/>
  <tag k="sport" v="basketball"/>
 </way>
 <way id="218086526" visible="true" version="3" changeset="17648854" timestamp="2013-09-03T07:41:34Z" user="IRTC1015" uid="223224">
  <nd ref="2273790993"/>
  <nd ref="2273790991"/>
  <nd ref="2273790989"/>
  <nd ref="2273790992"/>
  <nd ref="2273790993"/>
  <tag k="leisure" v="pitch"/>
  <tag k="sport" v="basketball"/>
 </way>
 <way id="218186034" visible="true" version="4" changeset="126729666" timestamp="2022-09-28T08:48:36Z" user="oldman Jang" uid="17260371">
  <nd ref="2274577284"/>
  <nd ref="2274577278"/>
  <nd ref="10058049424"/>
  <nd ref="2274577274"/>
  <nd ref="2274577272"/>
  <nd ref="2274577270"/>
  <nd ref="2274577271"/>
  <nd ref="2274577267"/>
  <nd ref="2274577268"/>
  <nd ref="2274577273"/>
  <nd ref="2274577275"/>
  <nd ref="2274577277"/>
  <nd ref="10058049429"/>
  <nd ref="2274577279"/>
  <nd ref="2274577280"/>
  <nd ref="2274577282"/>
  <nd ref="2274577281"/>
  <nd ref="10058049428"/>
  <nd ref="2274577285"/>
  <nd ref="10058049427"/>
  <nd ref="10058049426"/>
  <nd ref="10058049425"/>
  <nd ref="2274577283"/>
  <nd ref="2274577284"/>
  <tag k="building" v="university"/>
  <tag k="name" v="평생교육관"/>
  <tag k="name:en" v="Center for Continuing Education"/>
 </way>
 <way id="218186243" visible="true" version="3" changeset="57051379" timestamp="2018-03-10T06:59:37Z" user="pehrelax" uid="3805548">
  <nd ref="2274580118"/>
  <nd ref="2274580119"/>
  <nd ref="2274580122"/>
  <nd ref="2274580123"/>
  <nd ref="2274580125"/>
  <nd ref="2274580116"/>
  <nd ref="2274580115"/>
  <nd ref="2274580118"/>
  <tag k="building" v="yes"/>
 </way>
 <way id="218188169" visible="true" version="7" changeset="174027306" timestamp="2025-10-31T15:53:09Z" user="Wolframite74" uid="20102979">
  <nd ref="2274599657"/>
  <nd ref="2274599653"/>
  <nd ref="2274599654"/>
  <nd ref="2274599645"/>
  <nd ref="2274599643"/>
  <nd ref="2274599650"/>
  <nd ref="2274599649"/>
  <nd ref="2274599646"/>
  <nd ref="2274599644"/>
  <nd ref="2274599647"/>
  <nd ref="2274599648"/>
  <nd ref="2274599652"/>
  <nd ref="2274599657"/>
  <tag k="amenity" v="university"/>
  <tag k="building" v="yes"/>
  <tag k="education" v="university"/>
  <tag k="name" v="나빌레관"/>
  <tag k="name:en" v="Student Club Hall"/>
 </way>
 <way id="218188170" visible="true" version="2" changeset="15805849" timestamp="2013-04-21T04:09:11Z" user="rizqie" uid="1369210">
  <nd ref="2274599651"/>
  <nd ref="2274599656"/>
  <nd ref="2274599658"/>
  <nd ref="2274599655"/>
  <nd ref="2274599651"/>
  <tag k="building" v="yes"/>
 </way>
 <way id="218188830" visible="true" version="8" changeset="126731102" timestamp="2022-09-28T09:22:47Z" user="oldman Jang" uid="17260371">
  <nd ref="2274604998"/>
  <nd ref="2274604997"/>
  <nd ref="2274604987"/>
  <nd ref="2274604985"/>
  <nd ref="2274604986"/>
  <nd ref="2274604984"/>
  <nd ref="2274604983"/>
  <nd ref="10058101212"/>
  <nd ref="2274604978"/>
  <nd ref="2274604979"/>
  <nd ref="2274604980"/>
  <nd ref="2274604982"/>
  <nd ref="2274604981"/>
  <nd ref="10058101211"/>
  <nd ref="9767128852"/>
  <nd ref="2274604989"/>
  <nd ref="2274604990"/>
  <nd ref="9767128851"/>
  <nd ref="4741759475"/>
  <nd ref="2274604998"/>
 </way>
 <way id="218188831" visible="true" version="6" changeset="65289484" timestamp="2018-12-08T10:42:22Z" user="Yoonsoohwa" uid="9209175">
  <nd ref="2274604996"/>
  <nd ref="2274604991"/>
  <nd ref="2274604995"/>
  <nd ref="2274604994"/>
  <nd ref="2274604988"/>
  <nd ref="2274604993"/>
  <nd ref="2274604996"/>
  <tag k="building" v="yes"/>
  <tag k="name" v="서호관"/>
  <tag k="name:en" v="West Lake Building"/>
 </way>
 <way id="218189298" visible="true" version="8" changeset="173165103" timestamp="2025-10-12T06:50:02Z" user="JSon0507" uid="22656175">
  <nd ref="2274609163"/>
  <nd ref="2274609165"/>
  <nd ref="2274609166"/>
  <nd ref="9767141262"/>
  <nd ref="2274609164"/>
  <nd ref="2274609163"/>
  <tag k="building" v="yes"/>
  <tag k="building:levels" v="14"/>
  <tag k="name" v="60주년기념관"/>
  <tag k="name:en" v="60th Anniversary Hall"/>
  <tag k="surface" v="glass"/>
 </way>
 <way id="218215618" visible="true" version="9" changeset="126737957" timestamp="2022-09-28T12:07:26Z" user="oldman Jang" uid="17260371">
  <nd ref="2274890729"/>
  <nd ref="2274890727"/>
  <nd ref="2274890717"/>
  <nd ref="2274890718"/>
  <nd ref="2274890719"/>
  <nd ref="2274890720"/>
  <nd ref="2274890722"/>
  <nd ref="2274890723"/>
  <nd ref="2274890725"/>
  <nd ref="2274890724"/>
  <nd ref="2274890721"/>
  <nd ref="2274890726"/>
  <nd ref="2274890728"/>
  <nd ref="10058460592"/>
  <nd ref="10058460593"/>
  <nd ref="10058460591"/>
  <nd ref="10058460590"/>
  <nd ref="2274890729"/>
  <tag k="leisure" v="park"/>
 </way>
 <way id="218220046" visible="true" version="6" changeset="126737957" timestamp="2022-09-28T12:07:26Z" user="oldman Jang" uid="17260371">
  <nd ref="2274916830"/>
  <nd ref="2274916824"/>
  <nd ref="2274916823"/>
  <nd ref="2274916821"/>
  <nd ref="2274916818"/>
  <nd ref="2274916815"/>
  <nd ref="2274916813"/>
  <nd ref="2274916811"/>
  <nd ref="2274916799"/>
  <nd ref="2274916796"/>
  <nd ref="2274916793"/>
  <nd ref="2274916795"/>
  <nd ref="2274916797"/>
  <nd ref="2274916800"/>
  <nd ref="2274916816"/>
  <nd ref="2274916817"/>
  <nd ref="2274916819"/>
  <nd ref="2274916820"/>
  <nd ref="2274916822"/>
  <nd ref="2274916831"/>
  <nd ref="2274916833"/>
  <nd ref="2274916832"/>
  <nd ref="2274916830"/>
  <tag k="leisure" v="park"/>
 </way>
 <way id="218220690" visible="true" version="7" changeset="20277834" timestamp="2014-01-30T06:20:03Z" user="rizqie" uid="1369210">
  <nd ref="2274924127"/>
  <nd ref="2274924125"/>
  <nd ref="2274924122"/>
  <nd ref="2274924124"/>
  <nd ref="2274924127"/>
  <tag k="natural" v="water"/>
 </way>
 <way id="218221011" visible="true" version="6" changeset="126731102" timestamp="2022-09-28T09:22:47Z" user="oldman Jang" uid="17260371">
  <nd ref="2274926257"/>
  <nd ref="2274926235"/>
  <nd ref="2274926233"/>
  <nd ref="2274926219"/>
  <nd ref="2274926217"/>
  <nd ref="2274926207"/>
  <nd ref="2274926246"/>
  <nd ref="2274926247"/>
  <nd ref="2274926248"/>
  <nd ref="2274926249"/>
  <nd ref="2274926250"/>
  <nd ref="2274926257"/>
  <tag k="leisure" v="park"/>
 </way>
 <way id="218221016" visible="true" version="5" changeset="126737957" timestamp="2022-09-28T12:07:26Z" user="oldman Jang" uid="17260371">
  <nd ref="2274926271"/>
  <nd ref="2274926275"/>
  <nd ref="2274926274"/>
  <nd ref="2274926273"/>
  <nd ref="2274926268"/>
  <nd ref="2274926267"/>
  <nd ref="2274926266"/>
  <nd ref="2274926265"/>
  <nd ref="2274926262"/>
  <nd ref="2274926263"/>
  <nd ref="2274926264"/>
  <nd ref="2274926269"/>
  <nd ref="2274926270"/>
  <nd ref="2274926271"/>
  <tag k="leisure" v="park"/>
 </way>
 <way id="218221703" visible="true" version="5" changeset="17387442" timestamp="2013-08-17T18:56:18Z" user="IRTC1015" uid="223224">
  <nd ref="2274932606"/>
  <nd ref="2274932602"/>
  <nd ref="2274932600"/>
  <nd ref="2274932604"/>
  <nd ref="2274932606"/>
 </way>
 <way id="218264623" visible="true" version="7" changeset="46961468" timestamp="2017-03-18T17:04:18Z" user="7684F217EA19BA8FA19C3D74" uid="5222005">
  <nd ref="2275291907"/>
  <nd ref="2275291900"/>
  <nd ref="2275291879"/>
  <nd ref="2275291878"/>
  <nd ref="2275291882"/>
  <nd ref="2275291883"/>
  <nd ref="2275291885"/>
  <nd ref="2275291887"/>
  <nd ref="2275291889"/>
  <nd ref="2275291893"/>
  <nd ref="2275291895"/>
  <nd ref="2275291898"/>
  <nd ref="2275291905"/>
  <nd ref="2275291907"/>
  <tag k="name" v="인경호"/>
  <tag k="natural" v="water"/>
 </way>
 <way id="218264949" visible="true" version="8" changeset="126731102" timestamp="2022-09-28T09:22:47Z" user="oldman Jang" uid="17260371">
  <nd ref="9767086762"/>
  <nd ref="2275294071"/>
  <nd ref="2275294068"/>
  <nd ref="2275294072"/>
  <nd ref="2275294065"/>
  <nd ref="2275294062"/>
  <nd ref="2275294064"/>
 </way>
 <way id="218265217" visible="true" version="4" changeset="57051379" timestamp="2018-03-10T06:59:37Z" user="pehrelax" uid="3805548">
  <nd ref="2275297563"/>
  <nd ref="2275297565"/>
  <nd ref="2275297557"/>
  <nd ref="2275297543"/>
  <nd ref="2275297546"/>
  <nd ref="2275297550"/>
  <nd ref="2275297554"/>
  <nd ref="2275297560"/>
  <nd ref="2275297563"/>
  <tag k="building" v="yes"/>
  <tag k="name" v="학군단"/>
  <tag k="name:en" v="R.O.T.C Building"/>
 </way>
 <way id="218267473" visible="true" version="3" changeset="17648854" timestamp="2013-09-03T07:41:34Z" user="IRTC1015" uid="223224">
  <nd ref="2275312779"/>
  <nd ref="2275312775"/>
  <nd ref="2275312771"/>
  <nd ref="2275312772"/>
  <nd ref="2275312777"/>
  <nd ref="2275312778"/>
  <nd ref="2275312780"/>
  <nd ref="2275312779"/>
  <tag k="leisure" v="park"/>
 </way>
 <way id="218267475" visible="true" version="4" changeset="185044612" timestamp="2026-07-03T14:50:49Z" user="BLUE LIME" uid="22330927">
  <nd ref="2275312760"/>
  <nd ref="2275312765"/>
  <nd ref="2275312762"/>
  <nd ref="2275312763"/>
  <nd ref="2275312764"/>
  <nd ref="2275312766"/>
  <nd ref="2275312767"/>
  <nd ref="2275312768"/>
  <nd ref="2275312769"/>
  <nd ref="2275312770"/>
  <nd ref="2275312761"/>
  <nd ref="10058460600"/>
  <nd ref="2275312759"/>
  <nd ref="10058460599"/>
  <nd ref="2275312760"/>
  <tag k="leisure" v="park"/>
  <tag k="name" v="하와이인하공원"/>
 </way>
 <way id="218269414" visible="true" version="7" changeset="126731102" timestamp="2022-09-28T09:22:47Z" user="oldman Jang" uid="17260371">
  <nd ref="2275328584"/>
  <nd ref="2275328583"/>
  <nd ref="2275328585"/>
  <nd ref="2275328586"/>
  <nd ref="2444013857"/>
  <nd ref="10058120947"/>
  <nd ref="2275328588"/>
  <nd ref="2275328589"/>
  <nd ref="2275328590"/>
  <nd ref="2275328591"/>
  <nd ref="2275328584"/>
  <tag k="leisure" v="park"/>
 </way>
 <way id="218397239" visible="true" version="5" changeset="126731102" timestamp="2022-09-28T09:22:47Z" user="oldman Jang" uid="17260371">
  <nd ref="2276350571"/>
  <nd ref="2276350570"/>
  <nd ref="2276350569"/>
  <nd ref="2276350567"/>
  <nd ref="2276350568"/>
  <nd ref="2276350563"/>
  <nd ref="2276350562"/>
  <nd ref="2276350561"/>
  <nd ref="2276350564"/>
  <nd ref="2276350565"/>
  <nd ref="2276350566"/>
  <nd ref="2276350571"/>
  <tag k="leisure" v="park"/>
 </way>
 <way id="218397332" visible="true" version="9" changeset="126737957" timestamp="2022-09-28T12:07:26Z" user="oldman Jang" uid="17260371">
  <nd ref="2276360841"/>
  <nd ref="2276360840"/>
  <nd ref="2276360839"/>
  <nd ref="2276360838"/>
  <nd ref="2276360833"/>
  <nd ref="10058056501"/>
  <nd ref="2276360812"/>
  <nd ref="2276360815"/>
  <nd ref="2274577271"/>
  <nd ref="2276360817"/>
  <nd ref="2274577270"/>
  <nd ref="10058049424"/>
  <nd ref="2276360819"/>
  <nd ref="2274577278"/>
  <nd ref="2274577284"/>
  <nd ref="2276360824"/>
  <nd ref="2276360831"/>
  <nd ref="2276360827"/>
  <nd ref="2276360822"/>
  <nd ref="10058049423"/>
  <nd ref="2276360847"/>
  <nd ref="2276360844"/>
  <nd ref="2276360843"/>
  <nd ref="2276360842"/>
  <nd ref="2276360841"/>
  <tag k="leisure" v="park"/>
 </way>
 <way id="218397335" visible="true" version="3" changeset="126729666" timestamp="2022-09-28T08:48:36Z" user="oldman Jang" uid="17260371">
  <nd ref="2276360850"/>
  <nd ref="2276360849"/>
  <nd ref="2276360846"/>
  <nd ref="2276360848"/>
  <nd ref="2276360850"/>
  <tag k="leisure" v="park"/>
 </way>
 <way id="218398979" visible="true" version="5" changeset="126729666" timestamp="2022-09-28T08:48:36Z" user="oldman Jang" uid="17260371">
  <nd ref="2276366133"/>
  <nd ref="10058049430"/>
  <nd ref="2276366139"/>
  <nd ref="2276366140"/>
  <nd ref="2276366142"/>
  <nd ref="2276366138"/>
  <nd ref="2276366137"/>
  <nd ref="2276366135"/>
  <nd ref="2276366134"/>
  <nd ref="2276366132"/>
  <nd ref="2276366133"/>
  <tag k="leisure" v="park"/>
 </way>
 <way id="218398980" visible="true" version="6" changeset="126731102" timestamp="2022-09-28T09:22:47Z" user="oldman Jang" uid="17260371">
  <nd ref="10058120941"/>
  <nd ref="2276366149"/>
  <nd ref="2276366148"/>
  <nd ref="2276366147"/>
  <nd ref="10058120942"/>
  <nd ref="2276366146"/>
  <nd ref="2276366145"/>
  <nd ref="2276366144"/>
  <nd ref="2276366143"/>
  <nd ref="2276366141"/>
  <nd ref="10058120940"/>
  <nd ref="10058120941"/>
  <tag k="leisure" v="park"/>
 </way>
 <way id="218399239" visible="true" version="9" changeset="126737957" timestamp="2022-09-28T12:07:26Z" user="oldman Jang" uid="17260371">
  <nd ref="2276369480"/>
  <nd ref="2276369477"/>
  <nd ref="2276369471"/>
  <nd ref="2276369470"/>
  <nd ref="2276369450"/>
  <nd ref="2276369451"/>
  <nd ref="2276369452"/>
  <nd ref="2276369459"/>
  <nd ref="2276369458"/>
  <nd ref="2276369457"/>
  <nd ref="2276369456"/>
  <nd ref="2276369455"/>
  <nd ref="2276369454"/>
  <nd ref="8956947375"/>
  <nd ref="2276369461"/>
  <nd ref="2276369462"/>
  <nd ref="2276369463"/>
  <nd ref="2276369467"/>
  <nd ref="2276369466"/>
  <nd ref="2276369464"/>
  <nd ref="2276369465"/>
  <nd ref="2276369468"/>
  <nd ref="2276369469"/>
  <nd ref="2276369472"/>
  <nd ref="2276369474"/>
  <nd ref="2276369476"/>
  <nd ref="2276369479"/>
  <nd ref="2276369480"/>
  <tag k="leisure" v="park"/>
 </way>
 <way id="218399242" visible="true" version="6" changeset="141430736" timestamp="2023-09-18T15:36:48Z" user="Wolframite74" uid="20102979">
  <nd ref="2276369478"/>
  <nd ref="2276369473"/>
  <nd ref="2276369475"/>
  <nd ref="2276369481"/>
  <nd ref="2276369483"/>
  <nd ref="2276369478"/>
  <tag k="leaf_type" v="mixed"/>
  <tag k="natural" v="wood"/>
 </way>
 <way id="218399774" visible="true" version="4" changeset="20277748" timestamp="2014-01-30T06:06:26Z" user="rizqie" uid="1369210">
  <nd ref="2276375043"/>
  <nd ref="2276375050"/>
  <nd ref="2276375051"/>
  <nd ref="2276375052"/>
  <nd ref="2276375053"/>
  <nd ref="2276375039"/>
  <nd ref="2276375038"/>
  <nd ref="2276375034"/>
  <nd ref="2276375033"/>
  <nd ref="2276375032"/>
  <nd ref="2276375040"/>
  <nd ref="2276375031"/>
  <nd ref="2276375030"/>
  <nd ref="2276375028"/>
  <nd ref="2276375029"/>
  <nd ref="2276375035"/>
  <nd ref="2276375037"/>
  <nd ref="2276375042"/>
  <nd ref="2276375044"/>
  <nd ref="2276375047"/>
  <nd ref="2276375049"/>
  <nd ref="2276375048"/>
  <nd ref="2276375046"/>
  <nd ref="2276375045"/>
  <nd ref="2276375041"/>
  <nd ref="2276375036"/>
  <nd ref="2276375043"/>
  <tag k="natural" v="wood"/>
 </way>
 <way id="218399924" visible="true" version="4" changeset="20277748" timestamp="2014-01-30T06:06:26Z" user="rizqie" uid="1369210">
  <nd ref="2276376871"/>
  <nd ref="2276376870"/>
  <nd ref="2276376867"/>
  <nd ref="2276376863"/>
  <nd ref="2276376868"/>
  <nd ref="2276376871"/>
  <tag k="natural" v="wood"/>
 </way>
 <way id="218399926" visible="true" version="4" changeset="20277748" timestamp="2014-01-30T06:06:26Z" user="rizqie" uid="1369210">
  <nd ref="2276376854"/>
  <nd ref="2276376864"/>
  <nd ref="2276376869"/>
  <nd ref="2276376865"/>
  <nd ref="2276376858"/>
  <nd ref="2276376856"/>
  <nd ref="2276376854"/>
  <tag k="natural" v="wood"/>
 </way>
 <way id="218399928" visible="true" version="3" changeset="20277748" timestamp="2014-01-30T06:06:26Z" user="rizqie" uid="1369210">
  <nd ref="2276376866"/>
  <nd ref="2276376862"/>
  <nd ref="2276376861"/>
  <nd ref="2276376860"/>
  <nd ref="2276376852"/>
  <nd ref="2276376855"/>
  <nd ref="2276376853"/>
  <nd ref="2276376859"/>
  <nd ref="2276376866"/>
  <tag k="natural" v="wood"/>
 </way>
 <way id="218399929" visible="true" version="4" changeset="20277748" timestamp="2014-01-30T06:06:26Z" user="rizqie" uid="1369210">
  <nd ref="2276376857"/>
  <nd ref="2276376851"/>
  <nd ref="2276376850"/>
  <nd ref="2276376844"/>
  <nd ref="2276376845"/>
  <nd ref="2276376846"/>
  <nd ref="2276376847"/>
  <nd ref="2276376848"/>
  <nd ref="2276376849"/>
  <nd ref="2276376857"/>
  <tag k="natural" v="wood"/>
 </way>
 <way id="218590963" visible="true" version="4" changeset="126731102" timestamp="2022-09-28T09:22:47Z" user="oldman Jang" uid="17260371">
  <nd ref="2278258244"/>
  <nd ref="2278258251"/>
  <nd ref="2278258255"/>
  <nd ref="2278258258"/>
  <nd ref="2278258261"/>
  <nd ref="2278258260"/>
  <nd ref="2444013860"/>
  <nd ref="2278258248"/>
  <nd ref="2444013859"/>
  <nd ref="2278258244"/>
  <tag k="leisure" v="park"/>
 </way>
 <way id="218590972" visible="true" version="5" changeset="126731102" timestamp="2022-09-28T09:22:47Z" user="oldman Jang" uid="17260371">
  <nd ref="2278258242"/>
  <nd ref="2278258236"/>
  <nd ref="2278258237"/>
  <nd ref="2278258238"/>
  <nd ref="2278258239"/>
  <nd ref="2278258240"/>
  <nd ref="2278258241"/>
  <nd ref="2278258245"/>
  <nd ref="2278258247"/>
  <nd ref="2278258242"/>
  <tag k="leisure" v="park"/>
 </way>
 <way id="218595312" visible="true" version="5" changeset="126731102" timestamp="2022-09-28T09:22:47Z" user="oldman Jang" uid="17260371">
  <nd ref="2278299674"/>
  <nd ref="2278299672"/>
  <nd ref="2278299665"/>
  <nd ref="2278299657"/>
  <nd ref="2278299659"/>
  <nd ref="2278299661"/>
  <nd ref="2278299663"/>
  <nd ref="2278299666"/>
  <nd ref="2278299668"/>
  <nd ref="2278299670"/>
  <nd ref="2278299674"/>
  <tag k="leisure" v="park"/>
 </way>
 <way id="218595314" visible="true" version="4" changeset="20277748" timestamp="2014-01-30T06:06:27Z" user="rizqie" uid="1369210">
  <nd ref="2278299655"/>
  <nd ref="2278299653"/>
  <nd ref="2278299649"/>
  <nd ref="2278299636"/>
  <nd ref="2278299628"/>
  <nd ref="2278299603"/>
  <nd ref="2278299599"/>
  <nd ref="2278299630"/>
  <nd ref="2278299638"/>
  <nd ref="2278299645"/>
  <nd ref="2278299651"/>
  <nd ref="2278299655"/>
  <tag k="natural" v="wood"/>
 </way>
 <way id="218595316" visible="true" version="4" changeset="20277748" timestamp="2014-01-30T06:06:27Z" user="rizqie" uid="1369210">
  <nd ref="2278299597"/>
  <nd ref="2278299626"/>
  <nd ref="2278299634"/>
  <nd ref="2278299643"/>
  <nd ref="2278299647"/>
  <nd ref="2278299641"/>
  <nd ref="2278299632"/>
  <nd ref="2278299624"/>
  <nd ref="2278299605"/>
  <nd ref="2278299622"/>
  <nd ref="2278299620"/>
  <nd ref="2278299601"/>
  <nd ref="2278299595"/>
  <nd ref="2278299591"/>
  <nd ref="2278299590"/>
  <nd ref="2278299584"/>
  <nd ref="2278299574"/>
  <nd ref="2278299572"/>
  <nd ref="2278299570"/>
  <nd ref="2278299563"/>
  <nd ref="2278299559"/>
  <nd ref="2278299554"/>
  <nd ref="2278299550"/>
  <nd ref="2278299549"/>
  <nd ref="2278299551"/>
  <nd ref="2278299552"/>
  <nd ref="2278299553"/>
  <nd ref="2278299555"/>
  <nd ref="2278299557"/>
  <nd ref="2278299561"/>
  <nd ref="2278299565"/>
  <nd ref="2278299567"/>
  <nd ref="2278299568"/>
  <nd ref="2278299576"/>
  <nd ref="2278299578"/>
  <nd ref="2278299580"/>
  <nd ref="2278299582"/>
  <nd ref="2278299588"/>
  <nd ref="2278299586"/>
  <nd ref="2278299593"/>
  <nd ref="2278299597"/>
  <tag k="natural" v="wood"/>
 </way>
 <way id="219203139" visible="true" version="6" changeset="126737957" timestamp="2022-09-28T12:07:26Z" user="oldman Jang" uid="17260371">
  <nd ref="2283987797"/>
  <nd ref="2283987791"/>
  <nd ref="2283987789"/>
  <nd ref="2283987787"/>
  <nd ref="2283987788"/>
  <nd ref="2283987795"/>
  <nd ref="2283987793"/>
  <nd ref="2283987790"/>
  <nd ref="2283987786"/>
  <nd ref="2283987783"/>
  <nd ref="2283987781"/>
  <nd ref="2283987780"/>
  <nd ref="2283987784"/>
  <nd ref="2283987785"/>
  <nd ref="2283987779"/>
  <nd ref="2283987782"/>
  <nd ref="2283987778"/>
  <nd ref="2283987807"/>
  <nd ref="2283987804"/>
  <nd ref="2283987802"/>
  <nd ref="2283987803"/>
  <nd ref="2283987799"/>
  <nd ref="2283987796"/>
  <nd ref="2283987792"/>
  <nd ref="2283987794"/>
  <nd ref="2283987798"/>
  <nd ref="2283987800"/>
  <nd ref="2283987797"/>
  <tag k="leisure" v="park"/>
 </way>
 <way id="219203540" visible="true" version="5" changeset="126731102" timestamp="2022-09-28T09:22:47Z" user="oldman Jang" uid="17260371">
  <nd ref="2278258257"/>
  <nd ref="2278258269"/>
  <nd ref="2283993665"/>
  <nd ref="2283993667"/>
  <nd ref="2283993659"/>
  <nd ref="2283993654"/>
  <nd ref="2283993648"/>
  <nd ref="2283993644"/>
  <nd ref="2278258257"/>
  <tag k="leisure" v="park"/>
 </way>
 <way id="219203541" visible="true" version="5" changeset="126731102" timestamp="2022-09-28T09:22:47Z" user="oldman Jang" uid="17260371">
  <nd ref="2283993652"/>
  <nd ref="2283993636"/>
  <nd ref="2283993632"/>
  <nd ref="2283993634"/>
  <nd ref="2283993652"/>
  <tag k="leisure" v="park"/>
 </way>
 <way id="219204912" visible="true" version="4" changeset="126737957" timestamp="2022-09-28T12:07:26Z" user="oldman Jang" uid="17260371">
  <nd ref="2284006860"/>
  <nd ref="10058484921"/>
  <nd ref="10058484924"/>
  <nd ref="10058484927"/>
  <nd ref="2299673471"/>
  <nd ref="10058484918"/>
  <nd ref="10058460602"/>
  <nd ref="2284006883"/>
  <nd ref="2284006874"/>
  <nd ref="2284006863"/>
  <nd ref="10058484928"/>
  <nd ref="10058484926"/>
  <nd ref="10058484923"/>
  <nd ref="10058484920"/>
  <nd ref="2284006857"/>
  <nd ref="2284006860"/>
  <tag k="leisure" v="park"/>
 </way>
 <way id="219982954" visible="true" version="3" changeset="173165067" timestamp="2025-10-12T06:49:00Z" user="JSon0507" uid="22656175">
  <nd ref="2291100729"/>
  <nd ref="2291100727"/>
  <nd ref="2291100726"/>
  <nd ref="2291100728"/>
  <nd ref="2291100729"/>
  <tag k="building" v="yes"/>
  <tag k="building:levels" v="2"/>
 </way>
 <way id="219982956" visible="true" version="9" changeset="121423295" timestamp="2022-05-24T13:00:41Z" user="chang hyeon" uid="16074147">
  <nd ref="4741759474"/>
  <nd ref="2291100719"/>
  <nd ref="7454421610"/>
  <nd ref="2291100722"/>
  <nd ref="9767095616"/>
  <nd ref="7454421608"/>
  <nd ref="9767118837"/>
  <nd ref="4741759474"/>
  <tag k="building" v="university"/>
  <tag k="name" v="4호관"/>
  <tag k="name:en" v="Building #4"/>
 </way>
 <way id="219983082" visible="true" version="8" changeset="173165067" timestamp="2025-10-12T06:49:00Z" user="JSon0507" uid="22656175">
  <nd ref="2291102823"/>
  <nd ref="10058120919"/>
  <nd ref="10058101215"/>
  <nd ref="2291102822"/>
  <nd ref="10058101213"/>
  <nd ref="2291102812"/>
  <nd ref="10058101214"/>
  <nd ref="2291102824"/>
  <nd ref="7454421606"/>
  <nd ref="7454421607"/>
  <nd ref="7454421615"/>
  <nd ref="7454421614"/>
  <nd ref="7454421613"/>
  <nd ref="2291102816"/>
  <nd ref="10058120917"/>
  <nd ref="2291100719"/>
  <nd ref="4741759474"/>
  <nd ref="10058120918"/>
  <nd ref="10058101216"/>
  <nd ref="10058101210"/>
  <nd ref="10058101209"/>
  <nd ref="2291102823"/>
  <tag k="building" v="university"/>
  <tag k="building:levels" v="4"/>
  <tag k="name" v="2남관"/>
  <tag k="name:en" v="Building #2 South"/>
 </way>
 <way id="219985528" visible="true" version="5" changeset="126731102" timestamp="2022-09-28T09:22:47Z" user="oldman Jang" uid="17260371">
  <nd ref="2291123401"/>
  <nd ref="2291123395"/>
  <nd ref="2291123394"/>
  <nd ref="2291123390"/>
  <nd ref="2291123398"/>
  <nd ref="2291123401"/>
  <tag k="leisure" v="park"/>
 </way>
 <way id="220888717" visible="true" version="3" changeset="17648854" timestamp="2013-09-03T07:41:39Z" user="IRTC1015" uid="223224">
  <nd ref="2299667519"/>
  <nd ref="2299667518"/>
  <nd ref="2299667517"/>
  <nd ref="2299667516"/>
  <nd ref="2444013850"/>
  <nd ref="2299667515"/>
  <nd ref="2299667519"/>
  <tag k="leisure" v="pitch"/>
 </way>
 <way id="220888909" visible="true" version="3" changeset="17648854" timestamp="2013-09-03T07:41:39Z" user="IRTC1015" uid="223224">
  <nd ref="2444013852"/>
  <nd ref="2299672185"/>
  <nd ref="2299672184"/>
  <nd ref="2299672183"/>
  <nd ref="2299672176"/>
  <nd ref="2299672181"/>
  <nd ref="2299672182"/>
  <nd ref="2444013851"/>
  <nd ref="2444013852"/>
  <tag k="leisure" v="pitch"/>
 </way>
 <way id="220889089" visible="true" version="7" changeset="126737957" timestamp="2022-09-28T12:07:26Z" user="oldman Jang" uid="17260371">
  <nd ref="2299673474"/>
  <nd ref="2854554765"/>
  <nd ref="2854554764"/>
  <nd ref="2854554763"/>
  <nd ref="2854554762"/>
  <nd ref="2299673472"/>
  <nd ref="2299673469"/>
  <nd ref="2299673468"/>
  <nd ref="2284006860"/>
  <nd ref="10058484921"/>
  <nd ref="10058484924"/>
  <nd ref="10058484927"/>
  <nd ref="2299673471"/>
  <nd ref="2299673474"/>
  <tag k="leisure" v="pitch"/>
  <tag k="name" v="대운동장"/>
  <tag k="name:en" v="Sports Field"/>
  <tag k="sport" v="soccer"/>
 </way>
 <way id="231774838" visible="true" version="15" changeset="166828796" timestamp="2025-05-27T13:57:33Z" user="Priyanka korhale" uid="22889571">
  <nd ref="2429042941"/>
  <nd ref="12866875108"/>
  <nd ref="2429042923"/>
  <nd ref="2429042918"/>
  <nd ref="2876927825"/>
  <nd ref="2429042900"/>
  <nd ref="2865607370"/>
  <nd ref="2429042890"/>
  <nd ref="2429042879"/>
  <nd ref="2865607375"/>
  <nd ref="2429042871"/>
  <nd ref="2429042870"/>
  <nd ref="2865601912"/>
  <nd ref="2429042868"/>
  <nd ref="2429042866"/>
  <nd ref="2865601933"/>
  <nd ref="2429042859"/>
  <nd ref="2429042853"/>
  <nd ref="2429042842"/>
  <nd ref="2865601924"/>
  <nd ref="2855710499"/>
  <nd ref="8706864816"/>
  <nd ref="8706895017"/>
  <nd ref="2879038614"/>
  <nd ref="2855690575"/>
  <tag k="highway" v="residential"/>
  <tag k="name" v="경인남길"/>
  <tag k="name:en" v="Gyeonginnam-gil"/>
  <tag k="name:ko" v="경인남길"/>
 </way>
 <way id="231774839" visible="true" version="9" changeset="126900829" timestamp="2022-10-02T16:19:23Z" user="oldman Jang" uid="17260371">
  <nd ref="2855690581"/>
  <nd ref="8706895033"/>
  <nd ref="2401071758"/>
  <nd ref="2429042810"/>
  <nd ref="10057989153"/>
  <nd ref="2445317859"/>
  <nd ref="10068967377"/>
  <nd ref="2401071760"/>
  <tag k="highway" v="residential"/>
  <tag k="name" v="인하로47번길"/>
  <tag k="name:en" v="Inha-ro 47beon-gil"/>
  <tag k="name:ko" v="인하로47번길"/>
  <tag k="oneway" v="yes"/>
 </way>
 <way id="231774841" visible="true" version="4" changeset="126731102" timestamp="2022-09-28T09:22:47Z" user="oldman Jang" uid="17260371">
  <nd ref="2401071757"/>
  <nd ref="10058120928"/>
  <nd ref="2401071756"/>
  <tag k="highway" v="service"/>
  <tag k="name" v="인하로67번길"/>
  <tag k="name:en" v="Inha-ro 67beon-gil"/>
  <tag k="name:ko" v="인하로67번길"/>
 </way>
 <way id="231774843" visible="true" version="6" changeset="126902296" timestamp="2022-10-02T16:59:05Z" user="oldman Jang" uid="17260371">
  <nd ref="2401071761"/>
  <nd ref="10058120920"/>
  <nd ref="4309918709"/>
  <nd ref="2401071757"/>
  <nd ref="2429042810"/>
  <nd ref="2401071762"/>
  <tag k="highway" v="residential"/>
  <tag k="name" v="인하로67번길"/>
  <tag k="name:en" v="Inha-ro 67beon-gil"/>
  <tag k="name:ko" v="인하로67번길"/>
 </way>
 <way id="234766657" visible="true" version="13" changeset="180306656" timestamp="2026-03-23T13:47:10Z" user="小熊学地理" uid="23559326">
  <nd ref="436222348"/>
  <nd ref="436222349"/>
  <nd ref="436222350"/>
  <nd ref="436222351"/>
  <nd ref="436222352"/>
  <nd ref="436222353"/>
  <nd ref="2429042864"/>
  <nd ref="436222354"/>
  <nd ref="8239087924"/>
  <nd ref="436222359"/>
  <nd ref="436222360"/>
  <nd ref="2425231755"/>
  <nd ref="2425231752"/>
  <nd ref="436222361"/>
  <nd ref="436222362"/>
  <nd ref="436222363"/>
  <tag k="expressway" v="yes"/>
  <tag k="highway" v="trunk"/>
  <tag k="lanes" v="3"/>
  <tag k="maxspeed" v="70"/>
  <tag k="name" v="인천대로"/>
  <tag k="name:en" v="Incheon-daero"/>
  <tag k="name:ja" v="仁川大路"/>
  <tag k="name:ko" v="인천대로"/>
  <tag k="name:ko-Hani" v="仁川大路"/>
  <tag k="name:zh" v="仁川大路"/>
  <tag k="oneway" v="yes"/>
  <tag k="ref" v="25"/>
  <tag k="wikidata" v="Q61090891"/>
  <tag k="wikipedia" v="ko:인천대로"/>
 </way>
 <way id="234766658" visible="true" version="11" changeset="180306656" timestamp="2026-03-23T13:47:10Z" user="小熊学地理" uid="23559326">
  <nd ref="436222330"/>
  <nd ref="2425231743"/>
  <nd ref="2425231745"/>
  <nd ref="436222331"/>
  <nd ref="436222332"/>
  <nd ref="436222333"/>
  <nd ref="436222334"/>
  <nd ref="6231555715"/>
  <nd ref="849431993"/>
  <nd ref="436222339"/>
  <nd ref="436222340"/>
  <nd ref="849431950"/>
  <nd ref="436222341"/>
  <nd ref="436222342"/>
  <nd ref="2429042902"/>
  <nd ref="436222344"/>
  <nd ref="2429042939"/>
  <tag k="expressway" v="yes"/>
  <tag k="highway" v="trunk"/>
  <tag k="lanes" v="3"/>
  <tag k="maxspeed" v="70"/>
  <tag k="name" v="인천대로"/>
  <tag k="name:en" v="Incheon-daero"/>
  <tag k="name:ja" v="仁川大路"/>
  <tag k="name:ko" v="인천대로"/>
  <tag k="name:ko-Hani" v="仁川大路"/>
  <tag k="name:zh" v="仁川大路"/>
  <tag k="oneway" v="yes"/>
  <tag k="ref" v="25"/>
  <tag k="wikidata" v="Q61090891"/>
  <tag k="wikipedia" v="ko:인천대로"/>
 </way>
 <way id="234766669" visible="true" version="11" changeset="175105461" timestamp="2025-11-25T11:24:55Z" user="LuxuryCoop" uid="7245212">
  <nd ref="436222363"/>
  <nd ref="436222364"/>
  <tag k="bridge" v="viaduct"/>
  <tag k="bridge:name" v="송도육교"/>
  <tag k="bridge:name:ko" v="송도육교"/>
  <tag k="bridge:structure" v="beam"/>
  <tag k="expressway" v="yes"/>
  <tag k="highway" v="trunk"/>
  <tag k="lanes" v="3"/>
  <tag k="layer" v="1"/>
  <tag k="maxspeed" v="70"/>
  <tag k="oneway" v="yes"/>
  <tag k="ref" v="25"/>
 </way>
 <way id="234766670" visible="true" version="11" changeset="175105461" timestamp="2025-11-25T11:24:55Z" user="LuxuryCoop" uid="7245212">
  <nd ref="436222329"/>
  <nd ref="436222330"/>
  <tag k="bridge" v="viaduct"/>
  <tag k="bridge:name" v="송도육교"/>
  <tag k="bridge:name:ko" v="송도육교"/>
  <tag k="bridge:structure" v="beam"/>
  <tag k="expressway" v="yes"/>
  <tag k="highway" v="trunk"/>
  <tag k="lanes" v="3"/>
  <tag k="layer" v="1"/>
  <tag k="maxspeed" v="70"/>
  <tag k="oneway" v="yes"/>
  <tag k="ref" v="25"/>
 </way>
 <way id="234766709" visible="true" version="15" changeset="104264337" timestamp="2021-05-06T16:15:25Z" user="7684F217EA19BA8FA19C3D74" uid="5222005">
  <nd ref="2429042945"/>
  <nd ref="2429042929"/>
  <nd ref="2876919260"/>
  <nd ref="2429042919"/>
  <nd ref="2429042899"/>
  <nd ref="2429042893"/>
  <nd ref="2429042872"/>
  <nd ref="2876919237"/>
  <nd ref="2429042869"/>
  <nd ref="2856228003"/>
  <nd ref="2429042867"/>
  <nd ref="2429042861"/>
  <nd ref="2856228002"/>
  <nd ref="2429042851"/>
  <nd ref="2876921296"/>
  <nd ref="2876921484"/>
  <nd ref="8706895026"/>
  <nd ref="2429042829"/>
  <nd ref="8706895032"/>
  <nd ref="2855690586"/>
  <nd ref="2876922894"/>
  <nd ref="4639098808"/>
  <nd ref="2856212864"/>
  <nd ref="2856199554"/>
  <nd ref="2856210695"/>
  <nd ref="2429042812"/>
  <nd ref="2856199591"/>
  <nd ref="2429042808"/>
  <nd ref="2856218070"/>
  <nd ref="2429042806"/>
  <nd ref="2429042802"/>
  <nd ref="2881072448"/>
  <nd ref="2429042801"/>
  <nd ref="2881072422"/>
  <nd ref="2429042798"/>
  <nd ref="2881072435"/>
  <nd ref="2881072426"/>
  <nd ref="2429042803"/>
  <tag k="highway" v="residential"/>
  <tag k="name" v="경인북길"/>
  <tag k="name:en" v="Gyeonginbuk-gil"/>
  <tag k="name:ko" v="경인북길"/>
 </way>
 <way id="234766713" visible="true" version="5" changeset="73819041" timestamp="2019-08-28T02:51:16Z" user="octel" uid="238290">
  <nd ref="2429042772"/>
  <nd ref="4638921566"/>
  <nd ref="4638918409"/>
  <nd ref="4638918410"/>
  <nd ref="2429042702"/>
  <tag k="highway" v="residential"/>
  <tag k="name" v="매소홀로309번길"/>
  <tag k="name:en" v="Maesohol-ro 309beon-gil"/>
  <tag k="name:ko" v="매소홀로309번길"/>
 </way>
 <way id="236366217" visible="true" version="3" changeset="126731102" timestamp="2022-09-28T09:22:47Z" user="oldman Jang" uid="17260371">
  <nd ref="2444013856"/>
  <nd ref="2275328587"/>
  <nd ref="2275328592"/>
  <nd ref="2275328596"/>
  <nd ref="2275328595"/>
  <nd ref="2275328599"/>
  <nd ref="2275328603"/>
  <nd ref="2275328611"/>
  <nd ref="2275328606"/>
  <nd ref="2275328594"/>
  <nd ref="2275328579"/>
  <nd ref="2275328581"/>
  <nd ref="2275328582"/>
  <nd ref="2444013856"/>
  <tag k="leisure" v="park"/>
 </way>
 <way id="236508389" visible="true" version="4" changeset="143087316" timestamp="2023-10-24T23:16:15Z" user="b-jazz-bot" uid="9451067">
  <nd ref="2445314155"/>
  <nd ref="2445314158"/>
  <nd ref="2445314160"/>
  <nd ref="2445314168"/>
  <nd ref="2445314155"/>
  <tag k="brand" v="CU"/>
  <tag k="brand:wikidata" v="Q12580836"/>
  <tag k="building" v="yes"/>
  <tag k="name" v="CU"/>
  <tag k="operator" v="BGF리테일"/>
  <tag k="operator:en" v="BGF Retail"/>
  <tag k="payment:american_express" v="yes"/>
  <tag k="payment:cash" v="yes"/>
  <tag k="payment:coins" v="yes"/>
  <tag k="payment:credit_cards" v="yes"/>
  <tag k="payment:debit_cards" v="yes"/>
  <tag k="payment:diners_club" v="yes"/>
  <tag k="payment:discover_card" v="yes"/>
  <tag k="payment:jcb" v="yes"/>
  <tag k="payment:mastercard" v="yes"/>
  <tag k="payment:notes" v="yes"/>
  <tag k="payment:unionpay" v="yes"/>
  <tag k="payment:visa" v="yes"/>
  <tag k="shop" v="convenience"/>
  <tag k="smoking" v="no"/>
  <tag k="website" v="https://cu.bgfretail.com/index.do"/>
 </way>
 <way id="236508980" visible="true" version="8" changeset="126902098" timestamp="2022-10-02T16:54:22Z" user="oldman Jang" uid="17260371">
  <nd ref="2445317858"/>
  <nd ref="10058120927"/>
  <nd ref="5614460999"/>
  <nd ref="10058120925"/>
  <nd ref="4309918709"/>
  <nd ref="10057989151"/>
  <nd ref="10069027266"/>
  <nd ref="10069027260"/>
  <nd ref="2445317859"/>
  <tag k="highway" v="service"/>
  <tag k="name" v="경인남길30번길"/>
  <tag k="name:en" v="Gyeonginnam-gil 30beon-gil"/>
  <tag k="name:ko" v="경인남길30번길"/>
 </way>
 <way id="236520708" visible="true" version="2" changeset="164283310" timestamp="2025-03-30T11:32:51Z" user="Wolframite74" uid="20102979">
  <nd ref="2445429546"/>
  <nd ref="2445429548"/>
  <nd ref="2445429550"/>
  <nd ref="2445429552"/>
  <nd ref="2445429554"/>
  <nd ref="2445429556"/>
  <nd ref="2445429558"/>
  <nd ref="2445429546"/>
  <tag k="brand" v="GS25"/>
  <tag k="brand:wikidata" v="Q624041"/>
  <tag k="building" v="yes"/>
  <tag k="name" v="GS25"/>
  <tag k="shop" v="convenience"/>
 </way>
 <way id="237487555" visible="true" version="3" changeset="174027306" timestamp="2025-10-31T15:53:09Z" user="Wolframite74" uid="20102979">
  <nd ref="2453805966"/>
  <nd ref="2453805971"/>
  <nd ref="2276369472"/>
  <nd ref="2453805973"/>
  <nd ref="2453805966"/>
  <tag k="leisure" v="pitch"/>
  <tag k="sport" v="tennis"/>
 </way>
 <way id="258995412" visible="true" version="3" changeset="126731102" timestamp="2022-09-28T09:22:47Z" user="oldman Jang" uid="17260371">
  <nd ref="2643027204"/>
  <nd ref="2643027199"/>
  <nd ref="2643027201"/>
  <nd ref="10058120939"/>
  <nd ref="2643027203"/>
  <nd ref="2643027204"/>
  <tag k="leisure" v="park"/>
 </way>
 <way id="258995842" visible="true" version="2" changeset="46961468" timestamp="2017-03-18T17:04:18Z" user="7684F217EA19BA8FA19C3D74" uid="5222005">
  <nd ref="2643032904"/>
  <nd ref="2643032903"/>
  <nd ref="4741759440"/>
  <nd ref="2643032907"/>
  <tag k="highway" v="service"/>
 </way>
 <way id="259009147" visible="true" version="3" changeset="126729666" timestamp="2022-09-28T08:48:36Z" user="oldman Jang" uid="17260371">
  <nd ref="2643274454"/>
  <nd ref="2643274453"/>
  <nd ref="2643274449"/>
  <nd ref="2643274446"/>
  <nd ref="10058049422"/>
  <nd ref="2643274447"/>
  <nd ref="2643274450"/>
  <nd ref="2643274451"/>
  <nd ref="2643274454"/>
  <tag k="leisure" v="park"/>
 </way>
 <way id="259010434" visible="true" version="3" changeset="152842745" timestamp="2024-06-18T11:00:25Z" user="PizzaTreeIsland" uid="17308617">
  <nd ref="2643278727"/>
  <nd ref="2643278725"/>
  <nd ref="2643278724"/>
  <nd ref="2643278726"/>
  <nd ref="2643278727"/>
  <tag k="landuse" v="forest"/>
 </way>
 <way id="281499207" visible="true" version="3" changeset="162737141" timestamp="2025-02-20T11:44:36Z" user="chiho_kang" uid="10604125">
  <nd ref="2854550894"/>
  <nd ref="2854550895"/>
  <nd ref="2854550896"/>
  <nd ref="2854550897"/>
  <nd ref="2854550894"/>
  <tag k="addr:city" v="인천광역시"/>
  <tag k="addr:district" v="미추홀구"/>
  <tag k="addr:housenumber" v="59"/>
  <tag k="addr:postcode" v="22207"/>
  <tag k="addr:street" v="인하로"/>
  <tag k="building" v="commercial"/>
  <tag k="building:levels" v="6"/>
  <tag k="name" v="메사빌딩"/>
  <tag k="smoking" v="outside"/>
 </way>
 <way id="281499584" visible="true" version="4" changeset="174027306" timestamp="2025-10-31T15:53:09Z" user="Wolframite74" uid="20102979">
  <nd ref="2854554766"/>
  <nd ref="2299673474"/>
  <nd ref="2299673471"/>
  <nd ref="10058484918"/>
  <nd ref="10058460602"/>
  <nd ref="10058460601"/>
  <nd ref="2854554767"/>
  <nd ref="2854554766"/>
  <tag k="leisure" v="pitch"/>
  <tag k="name:en" v="Basket Field"/>
  <tag k="sport" v="basketball"/>
 </way>
 <way id="281499585" visible="true" version="4" changeset="174027306" timestamp="2025-10-31T15:53:09Z" user="Wolframite74" uid="20102979">
  <nd ref="10058460603"/>
  <nd ref="2854554768"/>
  <nd ref="2854554769"/>
  <nd ref="2854554770"/>
  <nd ref="2854554771"/>
  <nd ref="2854554772"/>
  <nd ref="10058460603"/>
  <tag k="leisure" v="pitch"/>
  <tag k="name:en" v="Tennis Court"/>
  <tag k="sport" v="tennis"/>
  <tag k="surface" v="unpaved"/>
 </way>
 <way id="281585931" visible="true" version="5" changeset="75256793" timestamp="2019-10-04T01:42:18Z" user="octel" uid="238290">
  <nd ref="2855690584"/>
  <nd ref="2855690579"/>
  <nd ref="2856210697"/>
  <nd ref="2878957926"/>
  <nd ref="2856210691"/>
  <nd ref="2876922895"/>
  <nd ref="2855690583"/>
  <nd ref="2855690582"/>
  <nd ref="2855690586"/>
  <nd ref="2855690576"/>
  <tag k="highway" v="residential"/>
  <tag k="name" v="인주대로174번길"/>
  <tag k="name:en" v="Inju-daero 174beon-gil"/>
  <tag k="name:ko" v="인주대로174번길"/>
 </way>
 <way id="281585933" visible="true" version="1" changeset="22315467" timestamp="2014-05-13T15:32:54Z" user="전기곰돌" uid="613089">
  <nd ref="2855690576"/>
  <nd ref="2855690589"/>
  <tag k="highway" v="unclassified"/>
  <tag k="layer" v="-1"/>
  <tag k="tunnel" v="yes"/>
 </way>
 <way id="281585936" visible="true" version="3" changeset="104264337" timestamp="2021-05-06T16:15:25Z" user="7684F217EA19BA8FA19C3D74" uid="5222005">
  <nd ref="2855690575"/>
  <nd ref="2855690581"/>
  <nd ref="2855690591"/>
  <tag k="highway" v="service"/>
  <tag k="name" v="경인남길102번길"/>
  <tag k="name:en" v="Gyeonginnam-gil 102beon-gil"/>
  <tag k="name:ko" v="경인남길102번길"/>
 </way>
 <way id="281588709" visible="true" version="5" changeset="104264337" timestamp="2021-05-06T16:15:25Z" user="7684F217EA19BA8FA19C3D74" uid="5222005">
  <nd ref="2877961307"/>
  <nd ref="2855717085"/>
  <tag k="highway" v="service"/>
  <tag k="name" v="경인남길30번길"/>
  <tag k="name:en" v="Gyeonginnam-gil 30beon-gil"/>
  <tag k="name:ko" v="경인남길30번길"/>
 </way>
 <way id="281589090" visible="true" version="3" changeset="126731102" timestamp="2022-09-28T09:22:47Z" user="oldman Jang" uid="17260371">
  <nd ref="2401071755"/>
  <nd ref="10058120923"/>
  <nd ref="2445317858"/>
  <nd ref="2401071756"/>
  <nd ref="2401071758"/>
  <nd ref="2401071763"/>
  <tag k="highway" v="residential"/>
  <tag k="name" v="인하로77번길"/>
  <tag k="name:en" v="Inha-ro 77beon-gil"/>
  <tag k="name:ko" v="인하로77번길"/>
 </way>
 <way id="281621314" visible="true" version="16" changeset="175105461" timestamp="2025-11-25T11:24:58Z" user="LuxuryCoop" uid="7245212">
  <nd ref="2856079397"/>
  <nd ref="2877968870"/>
  <nd ref="4638921029"/>
  <nd ref="2877968880"/>
  <nd ref="2429042772"/>
  <nd ref="4638918405"/>
  <nd ref="2877970943"/>
  <nd ref="4958020925"/>
  <nd ref="4638934519"/>
  <nd ref="4638925351"/>
  <nd ref="4638918402"/>
  <nd ref="1770237413"/>
  <nd ref="4741759657"/>
  <nd ref="12866720417"/>
  <nd ref="10058049431"/>
  <nd ref="2643032901"/>
  <nd ref="4741759497"/>
  <nd ref="11257934923"/>
  <nd ref="11257934917"/>
  <nd ref="436836503"/>
  <tag k="highway" v="secondary"/>
  <tag k="lanes" v="4"/>
  <tag k="name" v="소성로"/>
  <tag k="name:en" v="Soseong-ro"/>
  <tag k="name:ko" v="소성로"/>
  <tag k="oneway" v="no"/>
  <tag k="ref" v="16"/>
  <tag k="surface" v="asphalt"/>
 </way>
 <way id="281635648" visible="true" version="2" changeset="75256793" timestamp="2019-10-04T01:42:18Z" user="octel" uid="238290">
  <nd ref="2856210690"/>
  <nd ref="2856212909"/>
  <nd ref="2856212910"/>
  <nd ref="2856210694"/>
  <nd ref="2856210688"/>
  <tag k="highway" v="service"/>
  <tag k="name" v="비룡길29번길"/>
  <tag k="name:en" v="Biryong-gil 29beon-gil"/>
  <tag k="name:ko" v="비룡길29번길"/>
 </way>
 <way id="281635652" visible="true" version="2" changeset="75256793" timestamp="2019-10-04T01:42:18Z" user="octel" uid="238290">
  <nd ref="2856212908"/>
  <nd ref="2856210683"/>
  <nd ref="2856210686"/>
  <nd ref="2856210695"/>
  <tag k="highway" v="service"/>
  <tag k="name" v="비룡길41번길"/>
  <tag k="name:en" v="Biryong-gil 41beon-gil"/>
  <tag k="name:ko" v="비룡길41번길"/>
 </way>
 <way id="281635840" visible="true" version="2" changeset="75256793" timestamp="2019-10-04T01:42:18Z" user="octel" uid="238290">
  <nd ref="2856212863"/>
  <nd ref="2856212864"/>
  <tag k="highway" v="service"/>
  <tag k="name" v="경인북길"/>
  <tag k="name:en" v="Gyeonginbuk-gil"/>
  <tag k="name:ko" v="경인북길"/>
 </way>
 <way id="281636619" visible="true" version="3" changeset="75256793" timestamp="2019-10-04T01:42:18Z" user="octel" uid="238290">
  <nd ref="2856199566"/>
  <nd ref="2856199590"/>
  <nd ref="2881072438"/>
  <nd ref="2856199565"/>
  <nd ref="2856199562"/>
  <nd ref="2881072433"/>
  <nd ref="2881072440"/>
  <nd ref="2856199547"/>
  <nd ref="6848997562"/>
  <nd ref="2856199579"/>
  <nd ref="2856199560"/>
  <tag k="highway" v="service"/>
  <tag k="name" v="비룡길56번길"/>
  <tag k="name:en" v="Biryong-gil 56beon-gil"/>
  <tag k="name:ko" v="비룡길56번길"/>
 </way>
 <way id="281636623" visible="true" version="2" changeset="75256793" timestamp="2019-10-04T01:42:18Z" user="octel" uid="238290">
  <nd ref="2856199592"/>
  <nd ref="2856199575"/>
  <tag k="highway" v="service"/>
  <tag k="name" v="비룡길82번길"/>
  <tag k="name:en" v="Biryong-gil 82beon-gil"/>
  <tag k="name:ko" v="비룡길82번길"/>
 </way>
 <way id="281636624" visible="true" version="2" changeset="75256793" timestamp="2019-10-04T01:42:18Z" user="octel" uid="238290">
  <nd ref="2856199566"/>
  <nd ref="2856199572"/>
  <nd ref="2856199561"/>
  <nd ref="2856199558"/>
  <nd ref="2856199556"/>
  <nd ref="2856199587"/>
  <nd ref="2856199577"/>
  <nd ref="2856199588"/>
  <nd ref="2856199550"/>
  <nd ref="2856199575"/>
  <nd ref="2856199591"/>
  <tag k="highway" v="service"/>
  <tag k="name" v="비룡길"/>
  <tag k="name:en" v="Biryong-gil"/>
  <tag k="name:ko" v="비룡길"/>
 </way>
 <way id="281636883" visible="true" version="3" changeset="75256793" timestamp="2019-10-04T01:42:18Z" user="octel" uid="238290">
  <nd ref="2856218038"/>
  <nd ref="2856218057"/>
  <nd ref="2856218074"/>
  <nd ref="2882114718"/>
  <nd ref="2856199592"/>
  <nd ref="2856218068"/>
  <nd ref="2856199560"/>
  <tag k="highway" v="service"/>
  <tag k="noname" v="yes"/>
 </way>
 <way id="281636885" visible="true" version="2" changeset="75256793" timestamp="2019-10-04T01:42:18Z" user="octel" uid="238290">
  <nd ref="2856218074"/>
  <nd ref="2856218085"/>
  <nd ref="2856218052"/>
  <nd ref="2856218080"/>
  <nd ref="2856218075"/>
  <nd ref="2856218073"/>
  <nd ref="2856218046"/>
  <nd ref="2856218058"/>
  <nd ref="2856218050"/>
  <nd ref="2856218063"/>
  <nd ref="2856218081"/>
  <tag k="highway" v="service"/>
  <tag k="name" v="독배로386번길"/>
  <tag k="name:en" v="Dokbae-ro 386beon-gil"/>
  <tag k="name:ko" v="독배로386번길"/>
 </way>
 <way id="281636887" visible="true" version="4" changeset="173003272" timestamp="2025-10-08T12:50:30Z" user="Min_T" uid="8386494">
  <nd ref="2856218070"/>
  <nd ref="2856218078"/>
  <nd ref="2856218037"/>
  <nd ref="2881072419"/>
  <nd ref="2856218044"/>
  <nd ref="2881072442"/>
  <nd ref="2879019540"/>
  <tag k="highway" v="service"/>
  <tag k="name" v="독배로382번길"/>
  <tag k="name:en" v="Dokbae-ro 382beon-gil"/>
  <tag k="name:ko" v="독배로382번길"/>
 </way>
 <way id="281636888" visible="true" version="3" changeset="75256793" timestamp="2019-10-04T01:42:18Z" user="octel" uid="238290">
  <nd ref="2856218044"/>
  <nd ref="2856218076"/>
  <nd ref="2856218081"/>
  <nd ref="2856218049"/>
  <nd ref="2856218084"/>
  <nd ref="2856218039"/>
  <nd ref="2856218077"/>
  <nd ref="2856218056"/>
  <nd ref="2856218079"/>
  <nd ref="2882114720"/>
  <nd ref="2856218059"/>
  <nd ref="2856218088"/>
  <nd ref="2856218062"/>
  <nd ref="2856218048"/>
  <nd ref="2856218060"/>
  <nd ref="2856218083"/>
  <nd ref="2856218069"/>
  <nd ref="2856218064"/>
  <nd ref="2856218067"/>
  <nd ref="2856218036"/>
  <tag k="highway" v="service"/>
  <tag k="name" v="독배로404번길"/>
  <tag k="name:en" v="Dokbae-ro 404beon-gil"/>
  <tag k="name:ko" v="독배로404번길"/>
 </way>
 <way id="283879195" visible="true" version="2" changeset="75256793" timestamp="2019-10-04T01:42:18Z" user="octel" uid="238290">
  <nd ref="2876922893"/>
  <nd ref="2876922892"/>
  <nd ref="2876922900"/>
  <nd ref="2876923201"/>
  <nd ref="2876922890"/>
  <nd ref="2876923202"/>
  <nd ref="2876922897"/>
  <nd ref="2876922891"/>
  <nd ref="2876922894"/>
  <tag k="highway" v="track"/>
  <tag k="name" v="경인북길"/>
  <tag k="name:en" v="Gyeonginbuk-gil"/>
  <tag k="name:ko" v="경인북길"/>
 </way>
 <way id="284008454" visible="true" version="5" changeset="126731102" timestamp="2022-09-28T09:22:47Z" user="oldman Jang" uid="17260371">
  <nd ref="2877961305"/>
  <nd ref="10058120929"/>
  <nd ref="2877961307"/>
  <tag k="highway" v="service"/>
  <tag k="name" v="인하로91번길"/>
  <tag k="name:en" v="Inha-ro 91beon-gil"/>
  <tag k="name:ko" v="인하로91번길"/>
 </way>
 <way id="284010488" visible="true" version="1" changeset="22524393" timestamp="2014-05-24T14:00:32Z" user="전기곰돌" uid="613089">
  <nd ref="2877970942"/>
  <nd ref="2856009871"/>
  <nd ref="2877970943"/>
  <tag k="highway" v="service"/>
 </way>
 <way id="284366927" visible="true" version="2" changeset="75256793" timestamp="2019-10-04T01:42:18Z" user="octel" uid="238290">
  <nd ref="2881072442"/>
  <nd ref="2881072437"/>
  <nd ref="2881072425"/>
  <tag k="highway" v="service"/>
  <tag k="name" v="독배로376번길"/>
  <tag k="name:en" v="Dokbae-ro 376beon-gil"/>
  <tag k="name:ko" v="독배로376번길"/>
 </way>
 <way id="284366928" visible="true" version="2" changeset="75256793" timestamp="2019-10-04T01:42:18Z" user="octel" uid="238290">
  <nd ref="2881072433"/>
  <nd ref="2881072439"/>
  <nd ref="2881072445"/>
  <nd ref="2881072417"/>
  <nd ref="6848997561"/>
  <nd ref="2856199588"/>
  <tag k="highway" v="service"/>
  <tag k="name" v="비룡길78번길"/>
  <tag k="name:en" v="Biryong-gil 78beon-gil"/>
  <tag k="name:ko" v="비룡길78번길"/>
 </way>
 <way id="284366930" visible="true" version="2" changeset="75256793" timestamp="2019-10-04T01:42:18Z" user="octel" uid="238290">
  <nd ref="2881072427"/>
  <nd ref="2881072441"/>
  <nd ref="2881072426"/>
  <tag k="highway" v="service"/>
  <tag k="name" v="경인북길"/>
  <tag k="name:en" v="Gyeonginbuk-gil"/>
  <tag k="name:ko" v="경인북길"/>
 </way>
 <way id="284366931" visible="true" version="2" changeset="75256793" timestamp="2019-10-04T01:42:18Z" user="octel" uid="238290">
  <nd ref="2881072450"/>
  <nd ref="2881072435"/>
  <tag k="highway" v="service"/>
  <tag k="name" v="경인북길"/>
  <tag k="name:en" v="Gyeonginbuk-gil"/>
  <tag k="name:ko" v="경인북길"/>
 </way>
 <way id="284366932" visible="true" version="2" changeset="75256793" timestamp="2019-10-04T01:42:18Z" user="octel" uid="238290">
  <nd ref="2881072424"/>
  <nd ref="2881072427"/>
  <nd ref="2881072450"/>
  <nd ref="2881072443"/>
  <nd ref="2881072425"/>
  <tag k="highway" v="service"/>
  <tag k="name" v="독배로376번길"/>
  <tag k="name:en" v="Dokbae-ro 376beon-gil"/>
  <tag k="name:ko" v="독배로376번길"/>
 </way>
 <way id="284366933" visible="true" version="2" changeset="75256793" timestamp="2019-10-04T01:42:18Z" user="octel" uid="238290">
  <nd ref="2881072421"/>
  <nd ref="2881072423"/>
  <nd ref="2881072449"/>
  <nd ref="2881072436"/>
  <nd ref="2881072428"/>
  <tag k="highway" v="service"/>
  <tag k="name" v="비룡길"/>
  <tag k="name:en" v="Biryong-gil"/>
  <tag k="name:ko" v="비룡길"/>
 </way>
 <way id="284366934" visible="true" version="2" changeset="75256793" timestamp="2019-10-04T01:42:18Z" user="octel" uid="238290">
  <nd ref="2881072437"/>
  <nd ref="2881072447"/>
  <nd ref="2881072430"/>
  <nd ref="2881072434"/>
  <nd ref="2881072415"/>
  <tag k="highway" v="service"/>
  <tag k="name" v="독배로376번길"/>
  <tag k="name:en" v="Dokbae-ro 376beon-gil"/>
  <tag k="name:ko" v="독배로376번길"/>
 </way>
 <way id="284366935" visible="true" version="2" changeset="75256793" timestamp="2019-10-04T01:42:18Z" user="octel" uid="238290">
  <nd ref="2881072419"/>
  <nd ref="2881072429"/>
  <nd ref="2881072415"/>
  <nd ref="2881072448"/>
  <tag k="highway" v="service"/>
  <tag k="name" v="경인북길"/>
  <tag k="name:en" v="Gyeonginbuk-gil"/>
  <tag k="name:ko" v="경인북길"/>
 </way>
 <way id="284367128" visible="true" version="2" changeset="73903454" timestamp="2019-08-30T03:00:06Z" user="octel" uid="238290">
  <nd ref="2881076905"/>
  <nd ref="2445317859"/>
  <tag k="highway" v="service"/>
  <tag k="name" v="경인남길30번길"/>
  <tag k="name:en" v="Gyeonginnam-gil 30beon-gil"/>
  <tag k="name:ko" v="경인남길30번길"/>
 </way>
 <way id="284973519" visible="true" version="1" changeset="22614417" timestamp="2014-05-29T09:09:25Z" user="전기곰돌" uid="613089">
  <nd ref="2886789154"/>
  <nd ref="2886789150"/>
  <tag k="highway" v="service"/>
 </way>
 <way id="284973520" visible="true" version="1" changeset="22614417" timestamp="2014-05-29T09:09:25Z" user="전기곰돌" uid="613089">
  <nd ref="2886789160"/>
  <nd ref="2886789141"/>
  <nd ref="2886789168"/>
  <nd ref="2886789143"/>
  <nd ref="2886789147"/>
  <tag k="highway" v="service"/>
 </way>
 <way id="284973522" visible="true" version="1" changeset="22614417" timestamp="2014-05-29T09:09:25Z" user="전기곰돌" uid="613089">
  <nd ref="2886789174"/>
  <nd ref="2886789151"/>
  <nd ref="2886789158"/>
  <nd ref="2886789140"/>
  <nd ref="2886789150"/>
  <nd ref="2886789148"/>
  <tag k="highway" v="service"/>
 </way>
 <way id="430319701" visible="true" version="4" changeset="173982571" timestamp="2025-10-30T15:32:54Z" user="Wolframite74" uid="20102979">
  <nd ref="4295961832"/>
  <nd ref="4295961833"/>
  <nd ref="4295961834"/>
  <nd ref="4295961835"/>
  <nd ref="4295961832"/>
  <tag k="amenity" v="school"/>
  <tag k="education" v="school"/>
  <tag k="isced:level" v="1"/>
  <tag k="name" v="학익초등학교"/>
  <tag k="name:en" v="Hagik Elementary School"/>
 </way>
 <way id="469010818" visible="true" version="11" changeset="73181085" timestamp="2019-08-09T07:28:31Z" user="maxhero" uid="5364374">
  <nd ref="4634325654"/>
  <nd ref="4656657836"/>
  <nd ref="4656657837"/>
  <nd ref="6124713085"/>
  <nd ref="4656657838"/>
  <nd ref="6124725578"/>
  <nd ref="4656657839"/>
  <nd ref="4656657842"/>
  <nd ref="4656657843"/>
  <nd ref="6124725589"/>
  <nd ref="4656657841"/>
  <nd ref="4656648633"/>
  <nd ref="4634325655"/>
  <nd ref="4656657840"/>
  <nd ref="4634325656"/>
  <nd ref="6515781538"/>
  <nd ref="6515781539"/>
  <nd ref="6696554920"/>
  <nd ref="6696554919"/>
  <nd ref="6515781537"/>
  <nd ref="6515781536"/>
  <nd ref="4634325657"/>
  <nd ref="6124725606"/>
  <nd ref="4634325658"/>
  <nd ref="4634325654"/>
  <tag k="addr:street" v="용정공원로33"/>
  <tag k="landuse" v="residential"/>
  <tag k="name" v="인천SK스카이뷰아파트"/>
  <tag k="name:en" v="Incheon SK SkyView apartment"/>
  <tag k="name:ja" v="仁川 SK スカイビュー アパート"/>
  <tag k="name:ko" v="인천SK스카이뷰아파트"/>
 </way>
 <way id="470514336" visible="true" version="1" changeset="45678695" timestamp="2017-01-31T08:58:27Z" user="pehrelax" uid="3805548">
  <nd ref="4646841996"/>
  <nd ref="4646841997"/>
  <nd ref="4646841998"/>
  <nd ref="4646841999"/>
  <nd ref="4646841996"/>
  <tag k="leisure" v="playground"/>
 </way>
 <way id="471689462" visible="true" version="6" changeset="188680620" timestamp="2026-09-07T16:37:44Z" user="Mecandoly" uid="24525045">
  <nd ref="4658502132"/>
  <nd ref="4658502133"/>
  <nd ref="14159907081"/>
  <nd ref="11257934933"/>
  <nd ref="11257934931"/>
  <nd ref="6124713017"/>
  <nd ref="436836503"/>
  <tag k="highway" v="tertiary"/>
  <tag k="name" v="독배로317번길"/>
  <tag k="name:en" v="Dokbae-ro 317beon-gil"/>
  <tag k="name:ko" v="독배로317번길"/>
  <tag k="surface" v="asphalt"/>
 </way>
 <way id="472447787" visible="true" version="13" changeset="174027306" timestamp="2025-10-31T15:53:09Z" user="Wolframite74" uid="20102979">
  <nd ref="2276369478"/>
  <nd ref="2276369483"/>
  <nd ref="10058056500"/>
  <nd ref="4741797754"/>
  <nd ref="10058460584"/>
  <nd ref="4666556970"/>
  <nd ref="10058460585"/>
  <nd ref="10058460586"/>
  <nd ref="4666556971"/>
  <nd ref="4666556972"/>
  <nd ref="4741797750"/>
  <nd ref="4741797751"/>
  <nd ref="4666556974"/>
  <nd ref="2283987797"/>
  <nd ref="2283987800"/>
  <nd ref="2283987798"/>
  <nd ref="2283987803"/>
  <nd ref="2283987802"/>
  <nd ref="2283987804"/>
  <nd ref="4666556976"/>
  <nd ref="4666556977"/>
  <nd ref="10058460587"/>
  <nd ref="10058460588"/>
  <nd ref="4666556978"/>
  <nd ref="4741793209"/>
  <nd ref="4666556979"/>
  <nd ref="4666557001"/>
  <nd ref="4666556992"/>
  <nd ref="2276366132"/>
  <nd ref="2276366134"/>
  <nd ref="2276360812"/>
  <nd ref="10058056501"/>
  <nd ref="2276369450"/>
  <nd ref="2276369470"/>
  <nd ref="2276369471"/>
  <nd ref="4741797753"/>
  <nd ref="2276369478"/>
  <tag k="amenity" v="university"/>
  <tag k="education" v="university"/>
  <tag k="name" v="인하대학교"/>
  <tag k="name:en" v="Inha University"/>
  <tag k="name:ja" v="仁荷大学校"/>
  <tag k="name:zh" v="仁荷大学"/>
  <tag k="wikidata" v="Q488851"/>
 </way>
 <way id="481241657" visible="true" version="1" changeset="46961468" timestamp="2017-03-18T17:04:15Z" user="7684F217EA19BA8FA19C3D74" uid="5222005">
  <nd ref="2643032904"/>
  <nd ref="2643032905"/>
  <nd ref="4741759505"/>
  <nd ref="2643032908"/>
  <tag k="highway" v="service"/>
 </way>
 <way id="481241658" visible="true" version="3" changeset="142487675" timestamp="2023-10-12T16:20:24Z" user="aaei924" uid="10626814">
  <nd ref="2643032901"/>
  <nd ref="4741759433"/>
  <nd ref="4741759434"/>
  <nd ref="4741759435"/>
  <nd ref="4741759436"/>
  <nd ref="4741759437"/>
  <nd ref="4741759438"/>
  <nd ref="4741759508"/>
  <nd ref="4741759507"/>
  <nd ref="4741759439"/>
  <tag k="highway" v="service"/>
 </way>
 <way id="481241659" visible="true" version="2" changeset="108730416" timestamp="2021-07-28T07:04:13Z" user="Wudang" uid="10888633">
  <nd ref="4741759440"/>
  <nd ref="4741759438"/>
  <nd ref="2276360845"/>
  <tag k="highway" v="service"/>
 </way>
 <way id="481241660" visible="true" version="2" changeset="108754512" timestamp="2021-07-28T11:35:02Z" user="Wudang" uid="10888633">
  <nd ref="4741759441"/>
  <nd ref="4741759442"/>
  <nd ref="8956947371"/>
  <nd ref="8956947370"/>
  <nd ref="8956947369"/>
  <nd ref="8956947368"/>
  <nd ref="4741759443"/>
  <tag k="highway" v="service"/>
 </way>
 <way id="481241661" visible="true" version="2" changeset="126737957" timestamp="2022-09-28T12:07:26Z" user="oldman Jang" uid="17260371">
  <nd ref="4741759443"/>
  <nd ref="4741759442"/>
  <nd ref="2276360845"/>
  <nd ref="10058460594"/>
  <nd ref="4741759444"/>
  <tag k="highway" v="service"/>
 </way>
 <way id="481241662" visible="true" version="3" changeset="126737957" timestamp="2022-09-28T12:07:26Z" user="oldman Jang" uid="17260371">
  <nd ref="4741759445"/>
  <nd ref="10058484932"/>
  <nd ref="4741759478"/>
  <nd ref="4741759483"/>
  <nd ref="4741759490"/>
  <nd ref="4741759482"/>
  <nd ref="10058120935"/>
  <nd ref="4741759446"/>
  <nd ref="4741759498"/>
  <nd ref="4741759447"/>
  <nd ref="4741759511"/>
  <tag k="highway" v="service"/>
 </way>
 <way id="481241663" visible="true" version="3" changeset="121423543" timestamp="2022-05-24T13:06:22Z" user="chang hyeon" uid="16074147">
  <nd ref="4741759444"/>
  <nd ref="9767122971"/>
  <nd ref="4741759449"/>
  <nd ref="4741759450"/>
  <tag k="highway" v="service"/>
 </way>
 <way id="481241664" visible="true" version="1" changeset="46961468" timestamp="2017-03-18T17:04:15Z" user="7684F217EA19BA8FA19C3D74" uid="5222005">
  <nd ref="4741759451"/>
  <nd ref="4741759452"/>
  <nd ref="4741759453"/>
  <tag k="highway" v="service"/>
 </way>
 <way id="481241665" visible="true" version="1" changeset="46961468" timestamp="2017-03-18T17:04:15Z" user="7684F217EA19BA8FA19C3D74" uid="5222005">
  <nd ref="2262335936"/>
  <nd ref="4741759447"/>
  <tag k="highway" v="service"/>
 </way>
 <way id="481241666" visible="true" version="4" changeset="126731102" timestamp="2022-09-28T09:22:47Z" user="oldman Jang" uid="17260371">
  <nd ref="2262335931"/>
  <nd ref="9767128854"/>
  <nd ref="4741759454"/>
  <nd ref="9767128853"/>
  <nd ref="4741759455"/>
  <tag k="highway" v="footway"/>
 </way>
 <way id="481241667" visible="true" version="3" changeset="126731102" timestamp="2022-09-28T09:22:47Z" user="oldman Jang" uid="17260371">
  <nd ref="4741759455"/>
  <nd ref="10058120936"/>
  <nd ref="4741759457"/>
  <nd ref="2262335936"/>
  <tag k="highway" v="footway"/>
 </way>
 <way id="481241668" visible="true" version="2" changeset="58914790" timestamp="2018-05-13T03:01:06Z" user="mingyu9321" uid="5669525">
  <nd ref="4741759458"/>
  <nd ref="4741759466"/>
  <nd ref="4741759459"/>
  <nd ref="4741759460"/>
  <tag k="highway" v="service"/>
 </way>
 <way id="481241669" visible="true" version="2" changeset="126729666" timestamp="2022-09-28T08:48:36Z" user="oldman Jang" uid="17260371">
  <nd ref="4741759460"/>
  <nd ref="4741759462"/>
  <nd ref="4741759463"/>
  <nd ref="10058049420"/>
  <tag k="highway" v="service"/>
 </way>
 <way id="481241675" visible="true" version="3" changeset="126731102" timestamp="2022-09-28T09:22:47Z" user="oldman Jang" uid="17260371">
  <nd ref="4741759479"/>
  <nd ref="4741759487"/>
  <nd ref="4741759486"/>
  <nd ref="4741759481"/>
  <nd ref="4741759480"/>
  <nd ref="10058120934"/>
  <nd ref="10058120935"/>
  <tag k="highway" v="service"/>
 </way>
 <way id="481241676" visible="true" version="2" changeset="103952854" timestamp="2021-05-01T11:37:56Z" user="pehrelax" uid="3805548">
  <nd ref="4741759481"/>
  <nd ref="4741759482"/>
  <tag k="highway" v="service"/>
 </way>
 <way id="481241677" visible="true" version="1" changeset="46961468" timestamp="2017-03-18T17:04:16Z" user="7684F217EA19BA8FA19C3D74" uid="5222005">
  <nd ref="4741759483"/>
  <nd ref="4741759484"/>
  <nd ref="4741759485"/>
  <nd ref="4741759486"/>
  <tag k="highway" v="service"/>
 </way>
 <way id="481241679" visible="true" version="1" changeset="46961468" timestamp="2017-03-18T17:04:16Z" user="7684F217EA19BA8FA19C3D74" uid="5222005">
  <nd ref="4741759487"/>
  <nd ref="4741759488"/>
  <nd ref="4741759489"/>
  <nd ref="4741759484"/>
  <tag k="highway" v="service"/>
 </way>
 <way id="481241681" visible="true" version="2" changeset="126737957" timestamp="2022-09-28T12:07:26Z" user="oldman Jang" uid="17260371">
  <nd ref="4741759490"/>
  <nd ref="10058484917"/>
  <nd ref="10058460615"/>
  <nd ref="4741759491"/>
  <tag k="highway" v="service"/>
 </way>
 <way id="481241683" visible="true" version="3" changeset="126730009" timestamp="2022-09-28T08:55:58Z" user="oldman Jang" uid="17260371">
  <nd ref="4741759503"/>
  <nd ref="8956947373"/>
  <nd ref="4741759493"/>
  <nd ref="10058056497"/>
  <nd ref="4741759495"/>
  <nd ref="4741759496"/>
  <nd ref="4741759497"/>
  <tag k="highway" v="service"/>
 </way>
 <way id="481241685" visible="true" version="3" changeset="126737957" timestamp="2022-09-28T12:07:26Z" user="oldman Jang" uid="17260371">
  <nd ref="4741759498"/>
  <nd ref="4741759506"/>
  <nd ref="4741759499"/>
  <nd ref="4741759500"/>
  <nd ref="4741759501"/>
  <nd ref="10058056498"/>
  <tag k="highway" v="service"/>
 </way>
 <way id="481241687" visible="true" version="3" changeset="126730009" timestamp="2022-09-28T08:55:58Z" user="oldman Jang" uid="17260371">
  <nd ref="8956947377"/>
  <nd ref="4741759503"/>
  <tag k="highway" v="service"/>
 </way>
 <way id="481241689" visible="true" version="1" changeset="46961468" timestamp="2017-03-18T17:04:16Z" user="7684F217EA19BA8FA19C3D74" uid="5222005">
  <nd ref="4741759495"/>
  <nd ref="4741759434"/>
  <tag k="highway" v="service"/>
 </way>
 <way id="481241690" visible="true" version="2" changeset="126737957" timestamp="2022-09-28T12:07:26Z" user="oldman Jang" uid="17260371">
  <nd ref="4741759500"/>
  <nd ref="4741759505"/>
  <tag k="highway" v="service"/>
 </way>
 <way id="481241692" visible="true" version="2" changeset="126737957" timestamp="2022-09-28T12:07:26Z" user="oldman Jang" uid="17260371">
  <nd ref="4741759506"/>
  <nd ref="4741759508"/>
  <tag k="highway" v="service"/>
 </way>
 <way id="481241694" visible="true" version="2" changeset="103952854" timestamp="2021-05-01T11:37:56Z" user="pehrelax" uid="3805548">
  <nd ref="4741759509"/>
  <nd ref="4741759510"/>
  <tag k="highway" v="service"/>
 </way>
 <way id="481241696" visible="true" version="1" changeset="46961468" timestamp="2017-03-18T17:04:16Z" user="7684F217EA19BA8FA19C3D74" uid="5222005">
  <nd ref="4741759512"/>
  <nd ref="4741759451"/>
  <nd ref="4741759439"/>
  <nd ref="4741759444"/>
  <nd ref="4741759448"/>
  <tag k="highway" v="service"/>
 </way>
 <way id="481241697" visible="true" version="2" changeset="121469999" timestamp="2022-05-25T11:03:33Z" user="chang hyeon" uid="16074147">
  <nd ref="4741759511"/>
  <nd ref="9769489906"/>
  <nd ref="4741759512"/>
  <tag k="highway" v="service"/>
  <tag k="tunnel" v="yes"/>
 </way>
 <way id="481241699" visible="true" version="2" changeset="103952854" timestamp="2021-05-01T11:37:56Z" user="pehrelax" uid="3805548">
  <nd ref="4741759513"/>
  <nd ref="4741759514"/>
  <nd ref="4741759449"/>
  <tag k="highway" v="service"/>
 </way>
 <way id="481241706" visible="true" version="1" changeset="46961468" timestamp="2017-03-18T17:04:17Z" user="7684F217EA19BA8FA19C3D74" uid="5222005">
  <nd ref="4741759622"/>
  <nd ref="4741759623"/>
  <nd ref="4741759624"/>
  <nd ref="4741759625"/>
  <nd ref="4741759626"/>
  <nd ref="4741759627"/>
  <nd ref="4741759628"/>
  <tag k="highway" v="service"/>
 </way>
 <way id="481241710" visible="true" version="1" changeset="46961468" timestamp="2017-03-18T17:04:17Z" user="7684F217EA19BA8FA19C3D74" uid="5222005">
  <nd ref="4741759633"/>
  <nd ref="4741759634"/>
  <nd ref="4741759635"/>
  <nd ref="4741759636"/>
  <nd ref="4741759637"/>
  <nd ref="4741759638"/>
  <nd ref="4741759639"/>
  <nd ref="4741759640"/>
  <nd ref="4741759641"/>
  <nd ref="4741759631"/>
  <nd ref="4741759632"/>
  <nd ref="4741759642"/>
  <nd ref="4741759643"/>
  <nd ref="4741759633"/>
  <tag k="natural" v="wood"/>
 </way>
 <way id="481241714" visible="true" version="1" changeset="46961468" timestamp="2017-03-18T17:04:17Z" user="7684F217EA19BA8FA19C3D74" uid="5222005">
  <nd ref="4741759621"/>
  <nd ref="4741759648"/>
  <nd ref="4741759628"/>
  <nd ref="4741759649"/>
  <nd ref="4741759650"/>
  <nd ref="4741759651"/>
  <tag k="highway" v="service"/>
 </way>
 <way id="481241715" visible="true" version="2" changeset="108754512" timestamp="2021-07-28T11:35:02Z" user="Wudang" uid="10888633">
  <nd ref="4741759448"/>
  <nd ref="4741759651"/>
  <nd ref="4741759653"/>
  <nd ref="4741759658"/>
  <nd ref="4741759655"/>
  <nd ref="4741759654"/>
  <tag k="highway" v="service"/>
 </way>
 <way id="481241716" visible="true" version="1" changeset="46961468" timestamp="2017-03-18T17:04:17Z" user="7684F217EA19BA8FA19C3D74" uid="5222005">
  <nd ref="4741759655"/>
  <nd ref="4741759656"/>
  <nd ref="4741759660"/>
  <nd ref="4741759657"/>
  <tag k="highway" v="service"/>
 </way>
 <way id="481241717" visible="true" version="1" changeset="46961468" timestamp="2017-03-18T17:04:17Z" user="7684F217EA19BA8FA19C3D74" uid="5222005">
  <nd ref="4741759658"/>
  <nd ref="4741759659"/>
  <nd ref="4741759660"/>
  <tag k="highway" v="service"/>
 </way>
 <way id="505994396" visible="true" version="2" changeset="59486974" timestamp="2018-06-02T14:31:24Z" user="pehrelax" uid="3805548">
  <nd ref="4958020822"/>
  <nd ref="4958020823"/>
  <nd ref="4958020824"/>
  <nd ref="4958020825"/>
  <nd ref="4958020822"/>
  <tag k="landuse" v="residential"/>
  <tag k="name" v="학익엑슬루타워아파트"/>
  <tag k="name:en" v="Hagik Exllu-Tower APT"/>
 </way>
 <way id="505994403" visible="true" version="1" changeset="50125552" timestamp="2017-07-08T06:59:59Z" user="pehrelax" uid="3805548">
  <nd ref="4958020850"/>
  <nd ref="4958020851"/>
  <nd ref="4958020852"/>
  <nd ref="4958020853"/>
  <nd ref="4958020850"/>
  <tag k="building" v="apartments"/>
  <tag k="name" v="16"/>
 </way>
 <way id="505994404" visible="true" version="1" changeset="50125552" timestamp="2017-07-08T06:59:59Z" user="pehrelax" uid="3805548">
  <nd ref="4958020854"/>
  <nd ref="4958020855"/>
  <nd ref="4958020856"/>
  <nd ref="4958020857"/>
  <nd ref="4958020854"/>
  <tag k="building" v="apartments"/>
  <tag k="name" v="17"/>
 </way>
 <way id="505994405" visible="true" version="1" changeset="50125552" timestamp="2017-07-08T06:59:59Z" user="pehrelax" uid="3805548">
  <nd ref="4958020858"/>
  <nd ref="4958020859"/>
  <nd ref="4958020860"/>
  <nd ref="4958020861"/>
  <nd ref="4958020858"/>
  <tag k="building" v="apartments"/>
  <tag k="name" v="18"/>
 </way>
 <way id="505994412" visible="true" version="1" changeset="50125552" timestamp="2017-07-08T06:59:59Z" user="pehrelax" uid="3805548">
  <nd ref="4958020882"/>
  <nd ref="4958020883"/>
  <nd ref="4958020884"/>
  <nd ref="4958020885"/>
  <nd ref="4958020882"/>
  <tag k="building" v="apartments"/>
  <tag k="name" v="3"/>
 </way>
 <way id="505994413" visible="true" version="1" changeset="50125552" timestamp="2017-07-08T06:59:59Z" user="pehrelax" uid="3805548">
  <nd ref="4958020886"/>
  <nd ref="4958020887"/>
  <nd ref="4958020888"/>
  <nd ref="4958020889"/>
  <nd ref="4958020886"/>
  <tag k="building" v="apartments"/>
  <tag k="name" v="2"/>
 </way>
 <way id="505994414" visible="true" version="1" changeset="50125552" timestamp="2017-07-08T07:00:00Z" user="pehrelax" uid="3805548">
  <nd ref="4958020890"/>
  <nd ref="4958020891"/>
  <nd ref="4958020892"/>
  <nd ref="4958020893"/>
  <nd ref="4958020890"/>
  <tag k="building" v="apartments"/>
  <tag k="name" v="1"/>
 </way>
 <way id="505994415" visible="true" version="1" changeset="50125552" timestamp="2017-07-08T07:00:00Z" user="pehrelax" uid="3805548">
  <nd ref="4958020894"/>
  <nd ref="4958020895"/>
  <nd ref="4958020896"/>
  <nd ref="4958020897"/>
  <nd ref="4958020894"/>
  <tag k="building" v="apartments"/>
  <tag k="name" v="19"/>
 </way>
 <way id="505994416" visible="true" version="1" changeset="50125552" timestamp="2017-07-08T07:00:00Z" user="pehrelax" uid="3805548">
  <nd ref="4958020898"/>
  <nd ref="4958020899"/>
  <nd ref="4958020900"/>
  <nd ref="4958020901"/>
  <nd ref="4958020898"/>
  <tag k="building" v="commercial"/>
 </way>
 <way id="505994417" visible="true" version="1" changeset="50125552" timestamp="2017-07-08T07:00:00Z" user="pehrelax" uid="3805548">
  <nd ref="4958020902"/>
  <nd ref="4958020903"/>
  <nd ref="4958020904"/>
  <nd ref="4958020905"/>
  <nd ref="4958020902"/>
  <tag k="building" v="commercial"/>
 </way>
 <way id="505994418" visible="true" version="1" changeset="50125552" timestamp="2017-07-08T07:00:00Z" user="pehrelax" uid="3805548">
  <nd ref="4958020906"/>
  <nd ref="4958020907"/>
  <nd ref="4958020918"/>
  <nd ref="4958020919"/>
  <nd ref="4958020908"/>
  <nd ref="4958020920"/>
  <nd ref="4958020921"/>
  <nd ref="4958020909"/>
  <nd ref="4958020906"/>
  <tag k="landuse" v="residential"/>
  <tag k="name" v="장미아파트"/>
  <tag k="name:en" v="Jangmi Apartment"/>
 </way>
 <way id="505994419" visible="true" version="1" changeset="50125552" timestamp="2017-07-08T07:00:00Z" user="pehrelax" uid="3805548">
  <nd ref="4958020910"/>
  <nd ref="4958020911"/>
  <nd ref="4958020912"/>
  <nd ref="4958020913"/>
  <nd ref="4958020914"/>
  <nd ref="4958020915"/>
  <nd ref="4958020916"/>
  <nd ref="4958020917"/>
  <nd ref="4958020910"/>
  <tag k="leisure" v="park"/>
 </way>
 <way id="505994421" visible="true" version="1" changeset="50125552" timestamp="2017-07-08T07:00:00Z" user="pehrelax" uid="3805548">
  <nd ref="4958020924"/>
  <nd ref="4958020935"/>
  <nd ref="4958020933"/>
  <nd ref="4958020931"/>
  <nd ref="4958020929"/>
  <nd ref="4958020941"/>
  <nd ref="4958020938"/>
  <nd ref="4958020926"/>
  <nd ref="4958020925"/>
  <tag k="highway" v="service"/>
 </way>
 <way id="505994422" visible="true" version="1" changeset="50125552" timestamp="2017-07-08T07:00:00Z" user="pehrelax" uid="3805548">
  <nd ref="4958020926"/>
  <nd ref="4958020927"/>
  <tag k="highway" v="service"/>
 </way>
 <way id="505994427" visible="true" version="1" changeset="50125552" timestamp="2017-07-08T07:00:00Z" user="pehrelax" uid="3805548">
  <nd ref="4958020926"/>
  <nd ref="4958020936"/>
  <tag k="highway" v="service"/>
 </way>
 <way id="505994428" visible="true" version="1" changeset="50125552" timestamp="2017-07-08T07:00:00Z" user="pehrelax" uid="3805548">
  <nd ref="4958020937"/>
  <nd ref="4958020938"/>
  <nd ref="4958020939"/>
  <tag k="highway" v="service"/>
 </way>
 <way id="505994429" visible="true" version="1" changeset="50125552" timestamp="2017-07-08T07:00:00Z" user="pehrelax" uid="3805548">
  <nd ref="4958020940"/>
  <nd ref="4958020941"/>
  <nd ref="4958020942"/>
  <tag k="highway" v="service"/>
 </way>
 <way id="528022020" visible="true" version="1" changeset="52403191" timestamp="2017-09-27T05:40:04Z" user="pehrelax" uid="3805548">
  <nd ref="5132295997"/>
  <nd ref="5132295998"/>
  <nd ref="5132295999"/>
  <nd ref="5132296000"/>
  <nd ref="5132296001"/>
  <nd ref="5132296002"/>
  <nd ref="5132296003"/>
  <nd ref="5132296004"/>
  <nd ref="5132295997"/>
  <tag k="leisure" v="park"/>
  <tag k="name" v="비룡쉼터"/>
 </way>
 <way id="528022021" visible="true" version="1" changeset="52403191" timestamp="2017-09-27T05:40:04Z" user="pehrelax" uid="3805548">
  <nd ref="5132296005"/>
  <nd ref="5132296006"/>
  <nd ref="5132296007"/>
  <nd ref="5132296008"/>
  <nd ref="5132296005"/>
  <tag k="landuse" v="residential"/>
  <tag k="name" v="새한아파트"/>
 </way>
 <way id="528022022" visible="true" version="1" changeset="52403191" timestamp="2017-09-27T05:40:04Z" user="pehrelax" uid="3805548">
  <nd ref="5132296009"/>
  <nd ref="5132296010"/>
  <nd ref="5132296011"/>
  <nd ref="5132296012"/>
  <nd ref="5132296013"/>
  <nd ref="5132296014"/>
  <nd ref="5132296015"/>
  <nd ref="5132296009"/>
  <tag k="amenity" v="place_of_worship"/>
  <tag k="building" v="yes"/>
  <tag k="name" v="용현동성당"/>
  <tag k="religion" v="christian"/>
 </way>
 <way id="568420965" visible="true" version="4" changeset="173982571" timestamp="2025-10-30T15:32:54Z" user="Wolframite74" uid="20102979">
  <nd ref="5468652309"/>
  <nd ref="5468652310"/>
  <nd ref="5468653031"/>
  <nd ref="5468652311"/>
  <nd ref="5468652312"/>
  <nd ref="5468653032"/>
  <nd ref="5468653033"/>
  <nd ref="5468652313"/>
  <nd ref="5468653030"/>
  <nd ref="5468653027"/>
  <nd ref="5468653029"/>
  <nd ref="5468653028"/>
  <nd ref="5468652314"/>
  <nd ref="5468653026"/>
  <nd ref="5468653025"/>
  <nd ref="5468653024"/>
  <nd ref="5468653022"/>
  <nd ref="5468653023"/>
  <nd ref="5468653021"/>
  <nd ref="5468652315"/>
  <nd ref="5468652320"/>
  <nd ref="5468652319"/>
  <nd ref="5468652316"/>
  <nd ref="5468652317"/>
  <nd ref="5468652318"/>
  <nd ref="5468652309"/>
  <tag k="amenity" v="university"/>
  <tag k="education" v="university"/>
  <tag k="name" v="인하공업전문대학"/>
  <tag k="name:en" v="Inha Technical College"/>
  <tag k="name:ja" v="仁荷工業専門大学"/>
  <tag k="name:zh" v="仁荷工业专门大学"/>
 </way>
 <way id="568420966" visible="true" version="4" changeset="173982571" timestamp="2025-10-30T15:32:54Z" user="Wolframite74" uid="20102979">
  <nd ref="5468653034"/>
  <nd ref="5468653035"/>
  <nd ref="5468653036"/>
  <nd ref="5468653037"/>
  <nd ref="5468653038"/>
  <nd ref="5468653039"/>
  <nd ref="5468653040"/>
  <nd ref="5468653041"/>
  <nd ref="5468653042"/>
  <nd ref="5468653043"/>
  <nd ref="5468653044"/>
  <nd ref="5468653034"/>
  <tag k="amenity" v="school"/>
  <tag k="education" v="school"/>
  <tag k="isced:level" v="3"/>
  <tag k="name" v="정석항공과학고등학교"/>
  <tag k="name:en" v="Jungseok Aviation Science High School"/>
  <tag k="wikidata" v="Q12615710"/>
 </way>
 <way id="568420967" visible="true" version="1" changeset="57051379" timestamp="2018-03-10T06:59:31Z" user="pehrelax" uid="3805548">
  <nd ref="5468653045"/>
  <nd ref="5468653046"/>
  <nd ref="5468653047"/>
  <nd ref="5468653048"/>
  <nd ref="5468653045"/>
  <tag k="building" v="university"/>
  <tag k="name" v="1호관"/>
  <tag k="name:en" v="Building #1"/>
 </way>
 <way id="568420968" visible="true" version="1" changeset="57051379" timestamp="2018-03-10T06:59:32Z" user="pehrelax" uid="3805548">
  <nd ref="5468653049"/>
  <nd ref="5468653050"/>
  <nd ref="5468653051"/>
  <nd ref="5468653052"/>
  <nd ref="5468653049"/>
  <tag k="building" v="university"/>
  <tag k="name" v="6호관"/>
  <tag k="name:en" v="Building #6"/>
 </way>
 <way id="568420969" visible="true" version="1" changeset="57051379" timestamp="2018-03-10T06:59:32Z" user="pehrelax" uid="3805548">
  <nd ref="5468653053"/>
  <nd ref="5468653054"/>
  <nd ref="5468653055"/>
  <nd ref="5468653056"/>
  <nd ref="5468653057"/>
  <nd ref="5468653058"/>
  <nd ref="5468653059"/>
  <nd ref="5468653060"/>
  <nd ref="5468653053"/>
  <tag k="building" v="university"/>
  <tag k="name" v="9호관"/>
  <tag k="name:en" v="Building #9"/>
 </way>
 <way id="568420970" visible="true" version="1" changeset="57051379" timestamp="2018-03-10T06:59:32Z" user="pehrelax" uid="3805548">
  <nd ref="5468653061"/>
  <nd ref="5468653062"/>
  <nd ref="5468653063"/>
  <nd ref="5468653064"/>
  <nd ref="5468653061"/>
  <tag k="building" v="university"/>
  <tag k="name" v="김현태인하드림센터"/>
  <tag k="name:en" v="Kim Hyun Tae Inha Dream Center"/>
 </way>
 <way id="568420971" visible="true" version="2" changeset="126737957" timestamp="2022-09-28T12:07:26Z" user="oldman Jang" uid="17260371">
  <nd ref="5468653065"/>
  <nd ref="10058484964"/>
  <nd ref="10058484930"/>
  <nd ref="5468653066"/>
  <nd ref="10058484963"/>
  <nd ref="10058484962"/>
  <nd ref="10058484961"/>
  <nd ref="10058484960"/>
  <nd ref="10058484959"/>
  <nd ref="10058484958"/>
  <nd ref="10058484957"/>
  <nd ref="5468653067"/>
  <nd ref="5468653068"/>
  <nd ref="10058484956"/>
  <nd ref="5468653069"/>
  <nd ref="10058484939"/>
  <nd ref="10058484965"/>
  <nd ref="10058484966"/>
  <nd ref="5468653070"/>
  <nd ref="5468653065"/>
  <tag k="amenity" v="parking"/>
  <tag k="name" v="비룡주차장"/>
  <tag k="name:en" v="Biryong Parking Lot"/>
 </way>
 <way id="568420972" visible="true" version="1" changeset="57051379" timestamp="2018-03-10T06:59:32Z" user="pehrelax" uid="3805548">
  <nd ref="5468653071"/>
  <nd ref="5468653072"/>
  <nd ref="5468653073"/>
  <nd ref="5468653074"/>
  <nd ref="5468653075"/>
  <nd ref="5468653071"/>
  <tag k="building" v="university"/>
  <tag k="name" v="C호관"/>
  <tag k="name:en" v="Building #C"/>
 </way>
 <way id="568420973" visible="true" version="1" changeset="57051379" timestamp="2018-03-10T06:59:32Z" user="pehrelax" uid="3805548">
  <nd ref="5468653076"/>
  <nd ref="5468653077"/>
  <nd ref="5468653078"/>
  <nd ref="5468653079"/>
  <nd ref="5468653080"/>
  <nd ref="5468653081"/>
  <nd ref="5468653076"/>
  <tag k="building" v="university"/>
  <tag k="name" v="동아리관"/>
  <tag k="name:en" v="Dong-arigwan(Student Club Hall)"/>
 </way>
 <way id="572784178" visible="true" version="4" changeset="133373190" timestamp="2023-03-06T17:28:13Z" user="root361" uid="2106424">
  <nd ref="5502604345"/>
  <nd ref="2886789149"/>
  <nd ref="5502604338"/>
  <nd ref="5502604337"/>
  <nd ref="5502604336"/>
  <tag k="admin_level" v="8"/>
  <tag k="boundary" v="administrative"/>
 </way>
 <way id="572784180" visible="true" version="1" changeset="57502228" timestamp="2018-03-25T08:18:53Z" user="root361" uid="2106424">
  <nd ref="5502604336"/>
  <nd ref="5502604225"/>
  <nd ref="5502604224"/>
  <nd ref="5502604223"/>
  <nd ref="5502604222"/>
  <nd ref="5502604221"/>
  <nd ref="5502604220"/>
  <nd ref="5502604219"/>
  <nd ref="5502604218"/>
  <nd ref="5502604217"/>
  <nd ref="5502604216"/>
  <nd ref="5502604215"/>
  <nd ref="5502604214"/>
  <nd ref="5502604213"/>
  <nd ref="5502604212"/>
  <nd ref="5502604211"/>
  <nd ref="5502604210"/>
  <tag k="admin_level" v="8"/>
  <tag k="boundary" v="administrative"/>
 </way>
 <way id="572784197" visible="true" version="3" changeset="133373190" timestamp="2023-03-06T17:28:13Z" user="root361" uid="2106424">
  <nd ref="5502604345"/>
  <nd ref="5502604329"/>
  <nd ref="5502604328"/>
  <nd ref="5502604327"/>
  <nd ref="5502604326"/>
  <nd ref="5502604325"/>
  <nd ref="5502604324"/>
  <nd ref="5502604323"/>
  <nd ref="5502604322"/>
  <nd ref="5502604321"/>
  <nd ref="5502604320"/>
  <tag k="admin_level" v="8"/>
  <tag k="boundary" v="administrative"/>
 </way>
 <way id="572784198" visible="true" version="3" changeset="137745918" timestamp="2023-06-25T09:34:59Z" user="Lepuse" uid="9560399">
  <nd ref="5502604349"/>
  <nd ref="5502604348"/>
  <nd ref="5502604347"/>
  <nd ref="5502604346"/>
  <nd ref="5502604345"/>
  <tag k="admin_level" v="8"/>
  <tag k="boundary" v="administrative"/>
 </way>
 <way id="572784200" visible="true" version="4" changeset="188657647" timestamp="2026-09-07T08:29:31Z" user="Mecandoly" uid="24525045">
  <nd ref="5502604336"/>
  <nd ref="5502604335"/>
  <nd ref="5502604334"/>
  <nd ref="9659463900"/>
  <nd ref="14067346834"/>
  <nd ref="14159129384"/>
  <nd ref="5502604333"/>
  <nd ref="5502604332"/>
  <nd ref="1969458122"/>
  <tag k="admin_level" v="8"/>
  <tag k="boundary" v="administrative"/>
 </way>
 <way id="572784203" visible="true" version="4" changeset="173003272" timestamp="2025-10-08T12:50:30Z" user="Min_T" uid="8386494">
  <nd ref="5502604345"/>
  <nd ref="5502604344"/>
  <nd ref="5502604343"/>
  <nd ref="5502604342"/>
  <nd ref="5502604341"/>
  <nd ref="2865607514"/>
  <nd ref="5502604340"/>
  <nd ref="5502604339"/>
  <nd ref="5502604356"/>
  <tag k="admin_level" v="8"/>
  <tag k="boundary" v="administrative"/>
 </way>
 <way id="575176169" visible="true" version="3" changeset="172993411" timestamp="2025-10-08T09:11:06Z" user="JSon0507" uid="22656175">
  <nd ref="5519722437"/>
  <nd ref="5519722438"/>
  <nd ref="5519722439"/>
  <nd ref="10058120938"/>
  <nd ref="5519722440"/>
  <nd ref="5519722437"/>
  <tag k="building" v="commercial"/>
  <tag k="building:levels" v="3"/>
  <tag k="name" v="Grazie"/>
 </way>
 <way id="626070243" visible="true" version="16" changeset="176546270" timestamp="2025-12-28T20:08:44Z" user="aaei924" uid="10626814">
  <nd ref="5910775633"/>
  <nd ref="5910775632"/>
  <nd ref="5910775631"/>
  <nd ref="5910775630"/>
  <nd ref="5910775629"/>
  <nd ref="5910775628"/>
  <nd ref="5910775627"/>
  <nd ref="5910775626"/>
  <nd ref="7933863144"/>
  <nd ref="5910775625"/>
  <nd ref="7933863142"/>
  <nd ref="5910775624"/>
  <nd ref="5910775623"/>
  <nd ref="5910775622"/>
  <nd ref="5910775621"/>
  <nd ref="5910775620"/>
  <nd ref="5910775619"/>
  <nd ref="5910775618"/>
  <nd ref="5910775617"/>
  <nd ref="5910775616"/>
  <nd ref="5910775615"/>
  <nd ref="5910775614"/>
  <nd ref="5910775613"/>
  <nd ref="5910775612"/>
  <nd ref="5910775611"/>
  <nd ref="5910775610"/>
  <nd ref="5910775609"/>
  <nd ref="5910775608"/>
  <nd ref="5910775607"/>
  <nd ref="5910775606"/>
  <nd ref="5910775605"/>
  <nd ref="5910775604"/>
  <nd ref="5910775603"/>
  <nd ref="5910775602"/>
  <nd ref="5910775601"/>
  <nd ref="5910775600"/>
  <nd ref="5910775599"/>
  <nd ref="5910775598"/>
  <nd ref="5910775597"/>
  <nd ref="5910775596"/>
  <nd ref="5910775595"/>
  <nd ref="5910775594"/>
  <nd ref="5910775593"/>
  <nd ref="5910775592"/>
  <nd ref="5910775262"/>
  <nd ref="5910775591"/>
  <nd ref="5910775590"/>
  <nd ref="5910775589"/>
  <nd ref="5910775588"/>
  <nd ref="5910775587"/>
  <nd ref="5910775586"/>
  <nd ref="5910775585"/>
  <nd ref="5910775284"/>
  <nd ref="5910775283"/>
  <nd ref="5910775282"/>
  <nd ref="5910775267"/>
  <nd ref="5910775281"/>
  <nd ref="5910775260"/>
  <nd ref="5910775280"/>
  <nd ref="5910775279"/>
  <nd ref="5910775278"/>
  <nd ref="5910775277"/>
  <nd ref="5910775276"/>
  <nd ref="5910775275"/>
  <nd ref="5910775274"/>
  <nd ref="5910775273"/>
  <nd ref="5910775272"/>
  <nd ref="5910775271"/>
  <nd ref="7915217629"/>
  <nd ref="5910775258"/>
  <tag k="colour" v="#F5A200"/>
  <tag k="construction:railway:etcs" v="1"/>
  <tag k="electrified" v="contact_line"/>
  <tag k="frequency" v="60"/>
  <tag k="gauge" v="1435"/>
  <tag k="layer" v="-1"/>
  <tag k="name" v="수인선"/>
  <tag k="name:en" v="Suin Line"/>
  <tag k="name:ja" v="水仁線"/>
  <tag k="name:ko" v="수인선"/>
  <tag k="name:ko-Hani" v="水仁線"/>
  <tag k="name:zh" v="水仁線"/>
  <tag k="name:zh-Hans" v="水仁线"/>
  <tag k="name:zh-Hant" v="水仁線"/>
  <tag k="oneway" v="yes"/>
  <tag k="operator" v="한국철도공사"/>
  <tag k="operator:en" v="Korea Railroad Corporation"/>
  <tag k="operator:ko" v="한국철도공사"/>
  <tag k="operator:short" v="KORAIL"/>
  <tag k="operator:type" v="public"/>
  <tag k="operator:wikidata" v="Q18169"/>
  <tag k="operator:wikipedia" v="en:Korail"/>
  <tag k="railway" v="rail"/>
  <tag k="railway:ats" v="S2"/>
  <tag k="railway:ctc" v="yes"/>
  <tag k="railway:radio" v="lte-r"/>
  <tag k="ref" v="30205"/>
  <tag k="tracks" v="1"/>
  <tag k="tunnel" v="yes"/>
  <tag k="usage" v="main"/>
  <tag k="voltage" v="25000"/>
  <tag k="workrules" v="KR:RSA"/>
 </way>
 <way id="653535230" visible="true" version="1" changeset="65289484" timestamp="2018-12-08T10:42:19Z" user="Yoonsoohwa" uid="9209175">
  <nd ref="6124712684"/>
  <nd ref="6124712885"/>
  <nd ref="6124712886"/>
  <nd ref="6124712887"/>
  <nd ref="6124712888"/>
  <nd ref="6124712889"/>
  <nd ref="6124712890"/>
  <nd ref="6124712891"/>
  <nd ref="6124712892"/>
  <nd ref="2886789173"/>
  <nd ref="6124712893"/>
  <nd ref="6124712894"/>
  <nd ref="6124712895"/>
  <nd ref="6124712896"/>
  <nd ref="6124712897"/>
  <tag k="footway" v="sidewalk"/>
  <tag k="highway" v="footway"/>
 </way>
 <way id="653535231" visible="true" version="3" changeset="185264794" timestamp="2026-07-07T13:14:39Z" user="Dmitry2013" uid="1185631">
  <nd ref="6124712899"/>
  <nd ref="6124712900"/>
  <nd ref="6124712901"/>
  <nd ref="6124712902"/>
  <nd ref="6124712903"/>
  <nd ref="6124712904"/>
  <nd ref="6124712899"/>
  <tag k="building" v="apartments"/>
  <tag k="building:flats" v="140"/>
  <tag k="building:levels" v="32"/>
  <tag k="height" v="94"/>
  <tag k="name" v="118동"/>
  <tag k="start_date" v="2016"/>
 </way>
 <way id="653535234" visible="true" version="2" changeset="185264794" timestamp="2026-07-07T13:14:39Z" user="Dmitry2013" uid="1185631">
  <nd ref="6124712918"/>
  <nd ref="6124712919"/>
  <nd ref="6124712920"/>
  <nd ref="6124712921"/>
  <nd ref="6124712922"/>
  <nd ref="6124712923"/>
  <nd ref="6124712918"/>
  <tag k="building" v="apartments"/>
  <tag k="building:flats" v="182"/>
  <tag k="building:levels" v="39"/>
  <tag k="height" v="114"/>
  <tag k="name" v="117동"/>
  <tag k="start_date" v="2016"/>
 </way>
 <way id="653535242" visible="true" version="2" changeset="65289712" timestamp="2018-12-08T10:51:50Z" user="Yoonsoohwa" uid="9209175">
  <nd ref="6124712965"/>
  <nd ref="6124712966"/>
  <nd ref="6124712967"/>
  <nd ref="6124712968"/>
  <nd ref="6124713016"/>
  <nd ref="6124712969"/>
  <nd ref="6124712970"/>
  <nd ref="6124712971"/>
  <nd ref="6124712972"/>
  <nd ref="6124725601"/>
  <nd ref="6124712973"/>
  <nd ref="6124712974"/>
  <nd ref="6124712975"/>
  <nd ref="6124725593"/>
  <nd ref="6124712976"/>
  <nd ref="6124712977"/>
  <nd ref="6124712978"/>
  <nd ref="6124712979"/>
  <nd ref="6124725570"/>
  <nd ref="6124725572"/>
  <nd ref="6124712980"/>
  <nd ref="6124712981"/>
  <nd ref="6124712982"/>
  <nd ref="6124712983"/>
  <nd ref="6124713018"/>
  <nd ref="6124712984"/>
  <tag k="footway" v="sidewalk"/>
  <tag k="highway" v="footway"/>
 </way>
 <way id="653535243" visible="true" version="3" changeset="142487675" timestamp="2023-10-12T16:20:24Z" user="aaei924" uid="10626814">
  <nd ref="6124712970"/>
  <nd ref="6124725579"/>
  <nd ref="11257934932"/>
  <tag k="footway" v="sidewalk"/>
  <tag k="highway" v="footway"/>
 </way>
 <way id="653535251" visible="true" version="2" changeset="185264218" timestamp="2026-07-07T13:03:19Z" user="Dmitry2013" uid="1185631">
  <nd ref="6124713056"/>
  <nd ref="6124713057"/>
  <nd ref="6124713058"/>
  <nd ref="6124713059"/>
  <nd ref="6124713056"/>
  <tag k="building" v="commercial"/>
  <tag k="building:levels" v="13"/>
  <tag k="height" v="54"/>
  <tag k="name" v="비젼프라자"/>
  <tag k="smoking" v="no"/>
  <tag k="start_date" v="2016"/>
 </way>
 <way id="653535262" visible="true" version="1" changeset="65289484" timestamp="2018-12-08T10:42:21Z" user="Yoonsoohwa" uid="9209175">
  <nd ref="6124713114"/>
  <nd ref="6124713115"/>
  <nd ref="6124713116"/>
  <nd ref="6124713117"/>
  <nd ref="6124713118"/>
  <nd ref="6124713119"/>
  <nd ref="6124713120"/>
  <nd ref="6124713121"/>
  <nd ref="6124713114"/>
  <tag k="leisure" v="park"/>
 </way>
 <way id="653537033" visible="true" version="1" changeset="65289712" timestamp="2018-12-08T10:51:49Z" user="Yoonsoohwa" uid="9209175">
  <nd ref="6124725579"/>
  <nd ref="6124725580"/>
  <nd ref="6124725581"/>
  <nd ref="6124725582"/>
  <nd ref="6124725583"/>
  <nd ref="6124725600"/>
  <nd ref="6124725584"/>
  <nd ref="6124725599"/>
  <nd ref="6124725585"/>
  <nd ref="6124725596"/>
  <nd ref="6124725586"/>
  <nd ref="6124725592"/>
  <nd ref="6124725587"/>
  <nd ref="6124725588"/>
  <nd ref="6124725589"/>
  <tag k="footway" v="sidewalk"/>
  <tag k="highway" v="footway"/>
 </way>
 <way id="653537037" visible="true" version="1" changeset="65289712" timestamp="2018-12-08T10:51:49Z" user="Yoonsoohwa" uid="9209175">
  <nd ref="6124712972"/>
  <nd ref="6124725600"/>
  <tag k="footway" v="sidewalk"/>
  <tag k="highway" v="footway"/>
 </way>
 <way id="653537041" visible="true" version="1" changeset="65289712" timestamp="2018-12-08T10:51:49Z" user="Yoonsoohwa" uid="9209175">
  <nd ref="6124712967"/>
  <nd ref="6124725607"/>
  <nd ref="6124725608"/>
  <nd ref="6124725609"/>
  <nd ref="6124725610"/>
  <nd ref="6124713010"/>
  <tag k="footway" v="sidewalk"/>
  <tag k="highway" v="footway"/>
 </way>
 <way id="653873200" visible="true" version="6" changeset="189001363" timestamp="2026-09-14T09:55:54Z" user="Mecandoly" uid="24525045">
  <nd ref="6127643699"/>
  <nd ref="6127643700"/>
  <nd ref="6127643701"/>
  <nd ref="6127643702"/>
  <nd ref="6127643703"/>
  <nd ref="6127643704"/>
  <nd ref="6127643705"/>
  <nd ref="6127643706"/>
  <nd ref="6127643707"/>
  <nd ref="6127643708"/>
  <nd ref="6127643709"/>
  <nd ref="6127643710"/>
  <nd ref="6127643711"/>
  <nd ref="6127643712"/>
  <nd ref="6127643713"/>
  <nd ref="6127643714"/>
  <nd ref="6127643715"/>
  <nd ref="6127643716"/>
  <nd ref="6127643717"/>
  <nd ref="6127643718"/>
  <nd ref="6515781540"/>
  <nd ref="6127643719"/>
  <nd ref="6127643720"/>
  <nd ref="6127643721"/>
  <tag k="name" v="동양화학선"/>
  <tag k="name:ko" v="동양화학선"/>
  <tag k="name:zh" v="东洋化学线"/>
  <tag k="railway" v="razed"/>
  <tag k="usage" v="industrial"/>
 </way>
 <way id="665737674" visible="true" version="1" changeset="66588480" timestamp="2019-01-24T04:25:07Z" user="minseo" uid="5186039">
  <nd ref="6231555713"/>
  <nd ref="6231555714"/>
  <nd ref="6231555715"/>
  <tag k="highway" v="trunk_link"/>
  <tag k="oneway" v="yes"/>
 </way>
 <way id="731224474" visible="true" version="1" changeset="75256793" timestamp="2019-10-04T01:42:18Z" user="octel" uid="238290">
  <nd ref="2877968866"/>
  <nd ref="2877968889"/>
  <nd ref="2877968854"/>
  <nd ref="2877968868"/>
  <nd ref="2877968888"/>
  <nd ref="2877968880"/>
  <tag k="highway" v="service"/>
  <tag k="name" v="소성로87번길"/>
  <tag k="name:en" v="Soseong-ro 87beon-gil"/>
  <tag k="name:ko" v="소성로87번길"/>
 </way>
 <way id="731224523" visible="true" version="1" changeset="75256793" timestamp="2019-10-04T01:42:18Z" user="octel" uid="238290">
  <nd ref="2856210688"/>
  <nd ref="6848997560"/>
  <tag k="highway" v="service"/>
  <tag k="noname" v="yes"/>
 </way>
 <way id="731224525" visible="true" version="1" changeset="75256793" timestamp="2019-10-04T01:42:18Z" user="octel" uid="238290">
  <nd ref="2856212862"/>
  <nd ref="2856210688"/>
  <tag k="highway" v="service"/>
  <tag k="name" v="비룡길29번길"/>
  <tag k="name:en" v="Biryong-gil 29beon-gil"/>
  <tag k="name:ko" v="비룡길29번길"/>
 </way>
 <way id="731224528" visible="true" version="1" changeset="75256793" timestamp="2019-10-04T01:42:18Z" user="octel" uid="238290">
  <nd ref="2856199546"/>
  <nd ref="2856199568"/>
  <nd ref="2856212901"/>
  <nd ref="2856212908"/>
  <tag k="highway" v="service"/>
  <tag k="name" v="비룡길41번길"/>
  <tag k="name:en" v="Biryong-gil 41beon-gil"/>
  <tag k="name:ko" v="비룡길41번길"/>
 </way>
 <way id="731224529" visible="true" version="1" changeset="75256793" timestamp="2019-10-04T01:42:18Z" user="octel" uid="238290">
  <nd ref="2856218068"/>
  <nd ref="6848997561"/>
  <tag k="highway" v="service"/>
  <tag k="name" v="비룡길78번길"/>
  <tag k="name:en" v="Biryong-gil 78beon-gil"/>
  <tag k="name:ko" v="비룡길78번길"/>
 </way>
 <way id="731224530" visible="true" version="1" changeset="75256793" timestamp="2019-10-04T01:42:18Z" user="octel" uid="238290">
  <nd ref="2881072428"/>
  <nd ref="2856199566"/>
  <tag k="highway" v="service"/>
  <tag k="name" v="비룡길"/>
  <tag k="name:en" v="Biryong-gil"/>
  <tag k="name:ko" v="비룡길"/>
 </way>
 <way id="731224531" visible="true" version="1" changeset="75256793" timestamp="2019-10-04T01:42:18Z" user="octel" uid="238290">
  <nd ref="2856199568"/>
  <nd ref="2881072428"/>
  <tag k="highway" v="service"/>
  <tag k="noname" v="yes"/>
 </way>
 <way id="731224532" visible="true" version="1" changeset="75256793" timestamp="2019-10-04T01:42:18Z" user="octel" uid="238290">
  <nd ref="2856199554"/>
  <nd ref="2856199548"/>
  <nd ref="2856199564"/>
  <nd ref="2856199589"/>
  <nd ref="2856199569"/>
  <nd ref="2856199563"/>
  <nd ref="2856199546"/>
  <tag k="highway" v="service"/>
  <tag k="name" v="비룡길39번길"/>
  <tag k="name:en" v="Biryong-gil 39beon-gil"/>
  <tag k="name:ko" v="비룡길39번길"/>
 </way>
 <way id="731224536" visible="true" version="1" changeset="75256793" timestamp="2019-10-04T01:42:18Z" user="octel" uid="238290">
  <nd ref="2856218037"/>
  <nd ref="2856218087"/>
  <nd ref="2856218038"/>
  <tag k="highway" v="service"/>
  <tag k="name" v="독배로382번길"/>
  <tag k="name:en" v="Dokbae-ro 382beon-gil"/>
  <tag k="name:ko" v="독배로382번길"/>
 </way>
 <way id="731224537" visible="true" version="1" changeset="75256793" timestamp="2019-10-04T01:42:18Z" user="octel" uid="238290">
  <nd ref="2882114717"/>
  <nd ref="2882114723"/>
  <nd ref="2882114722"/>
  <nd ref="2882114718"/>
  <tag k="highway" v="service"/>
  <tag k="noname" v="yes"/>
 </way>
 <way id="731224540" visible="true" version="1" changeset="75256793" timestamp="2019-10-04T01:42:18Z" user="octel" uid="238290">
  <nd ref="2881072425"/>
  <nd ref="2881072446"/>
  <nd ref="2881072422"/>
  <tag k="highway" v="service"/>
  <tag k="name" v="독배로376번길"/>
  <tag k="name:en" v="Dokbae-ro 376beon-gil"/>
  <tag k="name:ko" v="독배로376번길"/>
 </way>
 <way id="731804508" visible="true" version="4" changeset="188680620" timestamp="2026-09-07T16:37:44Z" user="Mecandoly" uid="24525045">
  <nd ref="4656657827"/>
  <nd ref="14159907082"/>
  <nd ref="14067346833"/>
  <nd ref="4658502132"/>
  <nd ref="10058553766"/>
  <nd ref="10058553795"/>
  <nd ref="4656657828"/>
  <tag k="highway" v="residential"/>
  <tag k="name" v="용정공원로83번길"/>
  <tag k="name:en" v="Yongjeonggongwon-ro 83beon-gil"/>
  <tag k="name:ko" v="용정공원로83번길"/>
 </way>
 <way id="797050851" visible="true" version="1" changeset="84211601" timestamp="2020-04-27T16:57:41Z" user="biuret" uid="11091395">
  <nd ref="7454421609"/>
  <nd ref="2291100722"/>
  <nd ref="7454421610"/>
  <nd ref="7454421611"/>
  <nd ref="7454421612"/>
  <nd ref="7454421613"/>
  <nd ref="7454421614"/>
  <nd ref="7454421609"/>
  <tag k="building" v="yes"/>
 </way>
 <way id="846867975" visible="true" version="12" changeset="176546270" timestamp="2025-12-28T20:08:44Z" user="aaei924" uid="10626814">
  <nd ref="7902543836"/>
  <nd ref="3372754566"/>
  <nd ref="928022998"/>
  <nd ref="3372754569"/>
  <nd ref="3372754568"/>
  <nd ref="3372754564"/>
  <nd ref="3372754562"/>
  <nd ref="3372754561"/>
  <nd ref="3372754560"/>
  <nd ref="3372754559"/>
  <nd ref="3372754558"/>
  <nd ref="3372754557"/>
  <nd ref="3372754556"/>
  <nd ref="4040411595"/>
  <nd ref="5910775261"/>
  <nd ref="5910775266"/>
  <nd ref="3372754555"/>
  <nd ref="3372754554"/>
  <nd ref="3372754553"/>
  <nd ref="3372754552"/>
  <nd ref="3372754551"/>
  <nd ref="3372754550"/>
  <nd ref="3372754549"/>
  <nd ref="3372754548"/>
  <nd ref="3372751853"/>
  <nd ref="3372751852"/>
  <nd ref="5910775263"/>
  <nd ref="5766807288"/>
  <nd ref="5766807287"/>
  <nd ref="4634751988"/>
  <nd ref="3372754546"/>
  <nd ref="3372754547"/>
  <nd ref="4634752509"/>
  <nd ref="3372751850"/>
  <nd ref="3372751849"/>
  <nd ref="5754313276"/>
  <nd ref="3372751848"/>
  <nd ref="3372751847"/>
  <nd ref="3372751846"/>
  <nd ref="4634752508"/>
  <nd ref="3372751845"/>
  <nd ref="3372751844"/>
  <nd ref="3372749755"/>
  <nd ref="3372749758"/>
  <nd ref="3372749754"/>
  <nd ref="3372749759"/>
  <nd ref="3372749753"/>
  <nd ref="3372749752"/>
  <nd ref="3372749751"/>
  <nd ref="3372749750"/>
  <nd ref="3372749749"/>
  <nd ref="3372749748"/>
  <nd ref="4741793215"/>
  <nd ref="3372749747"/>
  <nd ref="5910775268"/>
  <nd ref="3372749746"/>
  <nd ref="3372749745"/>
  <nd ref="3372749744"/>
  <nd ref="3372749743"/>
  <nd ref="3372749742"/>
  <nd ref="4741793214"/>
  <nd ref="3372749740"/>
  <nd ref="3372749739"/>
  <nd ref="3372749738"/>
  <nd ref="3372749737"/>
  <nd ref="7933863143"/>
  <nd ref="3372749735"/>
  <nd ref="5910775253"/>
  <nd ref="3372749733"/>
  <nd ref="3372749732"/>
  <nd ref="3372749731"/>
  <nd ref="5337170645"/>
  <nd ref="3372756478"/>
  <tag k="colour" v="#F5A200"/>
  <tag k="construction:railway:etcs" v="1"/>
  <tag k="electrified" v="contact_line"/>
  <tag k="frequency" v="60"/>
  <tag k="gauge" v="1435"/>
  <tag k="layer" v="-2"/>
  <tag k="name" v="수인선"/>
  <tag k="name:en" v="Suin Line"/>
  <tag k="name:ja" v="水仁線"/>
  <tag k="name:ko" v="수인선"/>
  <tag k="name:ko-Hani" v="水仁線"/>
  <tag k="name:zh" v="水仁線"/>
  <tag k="name:zh-Hans" v="水仁线"/>
  <tag k="name:zh-Hant" v="水仁線"/>
  <tag k="oneway" v="yes"/>
  <tag k="operator" v="한국철도공사"/>
  <tag k="operator:en" v="Korea Railroad Corporation"/>
  <tag k="operator:ko" v="한국철도공사"/>
  <tag k="operator:short" v="KORAIL"/>
  <tag k="operator:type" v="public"/>
  <tag k="operator:wikidata" v="Q18169"/>
  <tag k="operator:wikipedia" v="en:Korail"/>
  <tag k="railway" v="rail"/>
  <tag k="railway:ats" v="S2"/>
  <tag k="railway:ctc" v="yes"/>
  <tag k="railway:radio" v="lte-r"/>
  <tag k="ref" v="30205"/>
  <tag k="tracks" v="1"/>
  <tag k="tunnel" v="yes"/>
  <tag k="usage" v="main"/>
  <tag k="voltage" v="25000"/>
  <tag k="workrules" v="KR:RSA"/>
 </way>
 <way id="905755439" visible="true" version="2" changeset="120211251" timestamp="2022-04-26T12:34:46Z" user="jafarbeek" uid="12333599">
  <nd ref="8411336302"/>
  <nd ref="8411336300"/>
  <nd ref="8411336307"/>
  <nd ref="8411336306"/>
  <nd ref="8411336305"/>
  <nd ref="8411336303"/>
  <nd ref="8411336304"/>
  <nd ref="8411336301"/>
  <nd ref="8411336302"/>
  <tag k="amenity" v="place_of_worship"/>
  <tag k="building" v="yes"/>
  <tag k="level" v="2"/>
  <tag k="name" v="Ashrafia masjid"/>
  <tag k="religion" v="muslim"/>
 </way>
 <way id="905757494" visible="true" version="1" changeset="99033577" timestamp="2021-02-10T10:23:06Z" user="jafarbeek" uid="12333599">
  <nd ref="8411374837"/>
  <nd ref="8411374840"/>
  <nd ref="8411374839"/>
  <nd ref="8411374838"/>
  <nd ref="8411374837"/>
  <tag k="amenity" v="restaurant"/>
  <tag k="building" v="yes"/>
  <tag k="cuisine" v="kebab"/>
  <tag k="diet:halal" v="yes"/>
  <tag k="name" v="Halal Kebab"/>
  <tag k="smoking" v="no"/>
 </way>
 <way id="937727088" visible="true" version="1" changeset="103952854" timestamp="2021-05-01T11:37:56Z" user="pehrelax" uid="3805548">
  <nd ref="2262335931"/>
  <nd ref="8687774327"/>
  <nd ref="8687774328"/>
  <nd ref="4741759479"/>
  <tag k="highway" v="service"/>
 </way>
 <way id="940020898" visible="true" version="2" changeset="126731102" timestamp="2022-09-28T09:22:47Z" user="oldman Jang" uid="17260371">
  <nd ref="2445317858"/>
  <nd ref="2855717084"/>
  <nd ref="10058120933"/>
  <nd ref="2877961307"/>
  <tag k="highway" v="service"/>
  <tag k="name" v="경인남길30번길"/>
  <tag k="name:en" v="Gyeonginnam-gil 30beon-gil"/>
  <tag k="name:ko" v="경인남길30번길"/>
 </way>
 <way id="940020899" visible="true" version="1" changeset="104264337" timestamp="2021-05-06T16:15:25Z" user="7684F217EA19BA8FA19C3D74" uid="5222005">
  <nd ref="2877961307"/>
  <nd ref="2877961303"/>
  <nd ref="2877961301"/>
  <nd ref="2877961308"/>
  <tag k="highway" v="service"/>
  <tag k="name" v="인하로91번길"/>
  <tag k="name:en" v="Inha-ro 91beon-gil"/>
  <tag k="name:ko" v="인하로91번길"/>
  <tag k="oneway" v="yes"/>
 </way>
 <way id="940020900" visible="true" version="2" changeset="126900829" timestamp="2022-10-02T16:19:23Z" user="oldman Jang" uid="17260371">
  <nd ref="436868703"/>
  <nd ref="2425231757"/>
  <nd ref="10068934889"/>
  <nd ref="10068934891"/>
  <nd ref="10068967375"/>
  <nd ref="2881076905"/>
  <nd ref="2401071762"/>
  <nd ref="2401071763"/>
  <nd ref="6231555713"/>
  <nd ref="2855690575"/>
  <tag k="highway" v="residential"/>
  <tag k="name" v="경인남길"/>
  <tag k="name:en" v="Gyeonginnam-gil"/>
  <tag k="name:ko" v="경인남길"/>
  <tag k="oneway" v="yes"/>
 </way>
 <way id="940020901" visible="true" version="1" changeset="104264337" timestamp="2021-05-06T16:15:25Z" user="7684F217EA19BA8FA19C3D74" uid="5222005">
  <nd ref="2855690589"/>
  <nd ref="2855690575"/>
  <tag k="highway" v="service"/>
  <tag k="name" v="경인남길102번길"/>
  <tag k="name:en" v="Gyeonginnam-gil 102beon-gil"/>
  <tag k="name:ko" v="경인남길102번길"/>
 </way>
 <way id="955217469" visible="true" version="7" changeset="175105461" timestamp="2025-11-25T11:24:58Z" user="LuxuryCoop" uid="7245212">
  <nd ref="11257934906"/>
  <nd ref="2429042765"/>
  <nd ref="2886789156"/>
  <nd ref="11257934916"/>
  <nd ref="436830040"/>
  <nd ref="11257934915"/>
  <nd ref="11257934912"/>
  <nd ref="2429042784"/>
  <nd ref="2886789147"/>
  <nd ref="2886789154"/>
  <nd ref="4741793219"/>
  <nd ref="11257934918"/>
  <nd ref="436836503"/>
  <tag k="highway" v="secondary"/>
  <tag k="name" v="독배로"/>
  <tag k="name:en" v="Dokbae-ro"/>
  <tag k="name:ko" v="독배로"/>
  <tag k="ref" v="17"/>
  <tag k="surface" v="asphalt"/>
 </way>
 <way id="968147725" visible="true" version="2" changeset="126729666" timestamp="2022-09-28T08:48:36Z" user="oldman Jang" uid="17260371">
  <nd ref="4741759462"/>
  <nd ref="8956947367"/>
  <nd ref="8956947366"/>
  <nd ref="8956947365"/>
  <tag k="highway" v="service"/>
 </way>
 <way id="1063265596" visible="true" version="2" changeset="121469275" timestamp="2022-05-25T10:48:31Z" user="chang hyeon" uid="16074147">
  <nd ref="9767076578"/>
  <nd ref="9767118837"/>
  <tag k="bicycle" v="no"/>
  <tag k="foot" v="yes"/>
  <tag k="footway" v="sidewalk"/>
  <tag k="highway" v="footway"/>
  <tag k="horse" v="no"/>
  <tag k="width" v="1.5"/>
 </way>
 <way id="1063266065" visible="true" version="2" changeset="126731102" timestamp="2022-09-28T09:22:47Z" user="oldman Jang" uid="17260371">
  <nd ref="9767086762"/>
  <nd ref="9767086763"/>
  <tag k="highway" v="footway"/>
  <tag k="incline" v="down"/>
 </way>
 <way id="1063267429" visible="true" version="2" changeset="121469275" timestamp="2022-05-25T10:48:31Z" user="chang hyeon" uid="16074147">
  <nd ref="9767122971"/>
  <nd ref="9767122969"/>
  <tag k="footway" v="sidewalk"/>
  <tag k="highway" v="footway"/>
 </way>
 <way id="1063267904" visible="true" version="3" changeset="126731102" timestamp="2022-09-28T09:22:47Z" user="oldman Jang" uid="17260371">
  <nd ref="9767128852"/>
  <nd ref="9767128853"/>
  <tag k="bicycle" v="yes"/>
  <tag k="foot" v="yes"/>
  <tag k="highway" v="footway"/>
  <tag k="horse" v="no"/>
  <tag k="motor_vehicle" v="no"/>
  <tag k="width" v="2"/>
 </way>
 <way id="1063267905" visible="true" version="2" changeset="126731102" timestamp="2022-09-28T09:22:47Z" user="oldman Jang" uid="17260371">
  <nd ref="9767128851"/>
  <nd ref="9767128854"/>
  <tag k="highway" v="footway"/>
 </way>
 <way id="1063268261" visible="true" version="2" changeset="121469275" timestamp="2022-05-25T10:48:31Z" user="chang hyeon" uid="16074147">
  <nd ref="9767128853"/>
  <nd ref="9767141262"/>
  <tag k="bicycle" v="yes"/>
  <tag k="foot" v="yes"/>
  <tag k="highway" v="footway"/>
  <tag k="horse" v="yes"/>
  <tag k="width" v="2"/>
 </way>
 <way id="1063579312" visible="true" version="1" changeset="121469999" timestamp="2022-05-25T11:03:33Z" user="chang hyeon" uid="16074147">
  <nd ref="4741759510"/>
  <nd ref="9769489905"/>
  <nd ref="9769489906"/>
  <tag k="bicycle" v="no"/>
  <tag k="foot" v="yes"/>
  <tag k="footway" v="sidewalk"/>
  <tag k="highway" v="footway"/>
  <tag k="horse" v="no"/>
  <tag k="width" v="1"/>
 </way>
 <way id="1098486595" visible="true" version="2" changeset="162737141" timestamp="2025-02-20T11:44:36Z" user="chiho_kang" uid="10604125">
  <nd ref="10057989143"/>
  <nd ref="10057989144"/>
  <nd ref="10057989145"/>
  <nd ref="10057989146"/>
  <nd ref="10057989147"/>
  <nd ref="10057989148"/>
  <nd ref="10057989149"/>
  <nd ref="10057989150"/>
  <nd ref="10057989143"/>
  <tag k="addr:city" v="인천광역시"/>
  <tag k="addr:district" v="미추홀구"/>
  <tag k="addr:housenumber" v="32"/>
  <tag k="addr:postcode" v="22207"/>
  <tag k="addr:street" v="인하로47번길"/>
  <tag k="building" v="residential"/>
  <tag k="building:levels" v="6"/>
  <tag k="name" v="수봉힐스빌"/>
 </way>
 <way id="1098486596" visible="true" version="1" changeset="126728958" timestamp="2022-09-28T08:33:04Z" user="oldman Jang" uid="17260371">
  <nd ref="10057989151"/>
  <nd ref="10057989152"/>
  <nd ref="10057989153"/>
  <tag k="highway" v="footway"/>
  <tag k="surface" v="concrete"/>
  <tag k="width" v="1.5"/>
 </way>
 <way id="1098486597" visible="true" version="1" changeset="126728958" timestamp="2022-09-28T08:33:04Z" user="oldman Jang" uid="17260371">
  <nd ref="10057989154"/>
  <nd ref="10057989155"/>
  <nd ref="10057989156"/>
  <nd ref="10057989157"/>
  <nd ref="10057989154"/>
  <tag k="access" v="yes"/>
  <tag k="amenity" v="parking"/>
  <tag k="capacity" v="4"/>
  <tag k="fee" v="no"/>
  <tag k="operator" v="인천광역시 미추홀구청"/>
  <tag k="parking" v="street_side"/>
  <tag k="surface" v="asphalt"/>
 </way>
 <way id="1098489686" visible="true" version="1" changeset="126729666" timestamp="2022-09-28T08:48:36Z" user="oldman Jang" uid="17260371">
  <nd ref="4741759460"/>
  <nd ref="10058049421"/>
  <tag k="highway" v="service"/>
  <tag k="surface" v="asphalt"/>
 </way>
 <way id="1098489687" visible="true" version="1" changeset="126729666" timestamp="2022-09-28T08:48:36Z" user="oldman Jang" uid="17260371">
  <nd ref="4741759443"/>
  <nd ref="10058049431"/>
  <tag k="description" v="인하대학교 등록차량 진출로(진출 단독)"/>
  <tag k="highway" v="service"/>
  <tag k="oneway" v="yes"/>
  <tag k="service" v="driveway"/>
  <tag k="surface" v="asphalt"/>
 </way>
 <way id="1098491073" visible="true" version="1" changeset="126730009" timestamp="2022-09-28T08:55:58Z" user="oldman Jang" uid="17260371">
  <nd ref="8956947373"/>
  <nd ref="10058056496"/>
  <tag k="highway" v="service"/>
  <tag k="surface" v="asphalt"/>
 </way>
 <way id="1098491074" visible="true" version="1" changeset="126730009" timestamp="2022-09-28T08:55:58Z" user="oldman Jang" uid="17260371">
  <nd ref="4741759492"/>
  <nd ref="4741759491"/>
  <nd ref="4741759503"/>
  <tag k="highway" v="service"/>
 </way>
 <way id="1098491075" visible="true" version="1" changeset="126730009" timestamp="2022-09-28T08:55:58Z" user="oldman Jang" uid="17260371">
  <nd ref="10058056498"/>
  <nd ref="4741759503"/>
  <tag k="highway" v="service"/>
  <tag k="oneway" v="yes"/>
 </way>
 <way id="1098491076" visible="true" version="1" changeset="126730009" timestamp="2022-09-28T08:55:58Z" user="oldman Jang" uid="17260371">
  <nd ref="10058056498"/>
  <nd ref="10058056499"/>
  <nd ref="4741759502"/>
  <nd ref="4741759493"/>
  <tag k="highway" v="service"/>
  <tag k="oneway" v="yes"/>
 </way>
 <way id="1098496322" visible="true" version="1" changeset="126731102" timestamp="2022-09-28T09:22:47Z" user="oldman Jang" uid="17260371">
  <nd ref="2275294064"/>
  <nd ref="2275294060"/>
  <nd ref="2275294063"/>
  <nd ref="9767086762"/>
 </way>
 <way id="1098496323" visible="true" version="2" changeset="126902296" timestamp="2022-10-02T16:59:05Z" user="oldman Jang" uid="17260371">
  <nd ref="10058120920"/>
  <nd ref="10058120921"/>
  <tag k="highway" v="residential"/>
  <tag k="name" v="인하로67번길"/>
  <tag k="surface" v="asphalt"/>
 </way>
 <way id="1098496324" visible="true" version="2" changeset="126902296" timestamp="2022-10-02T16:59:05Z" user="oldman Jang" uid="17260371">
  <nd ref="10058120920"/>
  <nd ref="10058120926"/>
  <nd ref="10058120923"/>
  <tag k="bicycle" v="yes"/>
  <tag k="foot" v="yes"/>
  <tag k="highway" v="footway"/>
  <tag k="name" v="인하로67번길"/>
  <tag k="surface" v="concrete"/>
 </way>
 <way id="1098496325" visible="true" version="1" changeset="126731102" timestamp="2022-09-28T09:22:47Z" user="oldman Jang" uid="17260371">
  <nd ref="10058120924"/>
  <nd ref="10058120926"/>
  <nd ref="10058120925"/>
  <tag k="bicycle" v="yes"/>
  <tag k="foot" v="yes"/>
  <tag k="highway" v="footway"/>
  <tag k="surface" v="concrete"/>
 </way>
 <way id="1098496326" visible="true" version="1" changeset="126731102" timestamp="2022-09-28T09:22:47Z" user="oldman Jang" uid="17260371">
  <nd ref="10058120927"/>
  <nd ref="10058120928"/>
  <tag k="bicycle" v="yes"/>
  <tag k="foot" v="yes"/>
  <tag k="highway" v="footway"/>
  <tag k="surface" v="concrete"/>
 </way>
 <way id="1098496327" visible="true" version="2" changeset="126902296" timestamp="2022-10-02T16:59:05Z" user="oldman Jang" uid="17260371">
  <nd ref="10058120923"/>
  <nd ref="10058120930"/>
  <nd ref="10058120932"/>
  <nd ref="10058120929"/>
  <tag k="bicycle" v="yes"/>
  <tag k="foot" v="yes"/>
  <tag k="highway" v="footway"/>
  <tag k="name" v="인하로77번길"/>
  <tag k="surface" v="concrete"/>
 </way>
 <way id="1098496328" visible="true" version="1" changeset="126731102" timestamp="2022-09-28T09:22:47Z" user="oldman Jang" uid="17260371">
  <nd ref="10058120930"/>
  <nd ref="10058120931"/>
  <tag k="bicycle" v="yes"/>
  <tag k="foot" v="yes"/>
  <tag k="highway" v="footway"/>
  <tag k="surface" v="concrete"/>
 </way>
 <way id="1098496329" visible="true" version="1" changeset="126731102" timestamp="2022-09-28T09:22:47Z" user="oldman Jang" uid="17260371">
  <nd ref="10058120932"/>
  <nd ref="10058120933"/>
  <tag k="bicycle" v="yes"/>
  <tag k="foot" v="yes"/>
  <tag k="highway" v="footway"/>
  <tag k="surface" v="concrete"/>
 </way>
 <way id="1098496330" visible="true" version="1" changeset="126731102" timestamp="2022-09-28T09:22:47Z" user="oldman Jang" uid="17260371">
  <nd ref="2262335931"/>
  <nd ref="2262335934"/>
  <tag k="highway" v="service"/>
 </way>
 <way id="1098496331" visible="true" version="1" changeset="126731102" timestamp="2022-09-28T09:22:47Z" user="oldman Jang" uid="17260371">
  <nd ref="4741759455"/>
  <nd ref="4741759446"/>
  <tag k="highway" v="service"/>
  <tag k="surface" v="asphalt"/>
 </way>
 <way id="1098496332" visible="true" version="1" changeset="126731102" timestamp="2022-09-28T09:22:47Z" user="oldman Jang" uid="17260371">
  <nd ref="10058120936"/>
  <nd ref="10058120937"/>
  <nd ref="10058120938"/>
  <tag k="highway" v="footway"/>
 </way>
 <way id="1098496333" visible="true" version="1" changeset="126731102" timestamp="2022-09-28T09:22:47Z" user="oldman Jang" uid="17260371">
  <nd ref="10058120943"/>
  <nd ref="10058120944"/>
  <nd ref="10058120945"/>
  <nd ref="10058120946"/>
  <nd ref="10058120943"/>
  <tag k="leisure" v="park"/>
 </way>
 <way id="1098539002" visible="true" version="1" changeset="126737957" timestamp="2022-09-28T12:07:26Z" user="oldman Jang" uid="17260371">
  <nd ref="4741759507"/>
  <nd ref="10058460594"/>
  <tag k="highway" v="service"/>
 </way>
 <way id="1098539003" visible="true" version="2" changeset="162737141" timestamp="2025-02-20T11:44:36Z" user="chiho_kang" uid="10604125">
  <nd ref="10058460595"/>
  <nd ref="10058460596"/>
  <nd ref="10058460597"/>
  <nd ref="10058460598"/>
  <nd ref="10058460595"/>
  <tag k="addr:city" v="인천광역시"/>
  <tag k="addr:district" v="미추홀구"/>
  <tag k="addr:housenumber" v="100"/>
  <tag k="addr:postcode" v="22212"/>
  <tag k="addr:street" v="인하로"/>
  <tag k="building" v="yes"/>
  <tag k="building:levels" v="1"/>
  <tag k="name" v="주차관리실"/>
 </way>
 <way id="1098539004" visible="true" version="1" changeset="126737957" timestamp="2022-09-28T12:07:26Z" user="oldman Jang" uid="17260371">
  <nd ref="10058460604"/>
  <nd ref="10058460616"/>
  <nd ref="10058460612"/>
  <nd ref="10058460605"/>
  <nd ref="10058460606"/>
  <nd ref="10058460607"/>
  <nd ref="10058460608"/>
  <nd ref="10058460609"/>
  <nd ref="10058460604"/>
  <tag k="leisure" v="park"/>
 </way>
 <way id="1098539005" visible="true" version="1" changeset="126737957" timestamp="2022-09-28T12:07:26Z" user="oldman Jang" uid="17260371">
  <nd ref="10058460610"/>
  <nd ref="10058460611"/>
  <nd ref="10058460613"/>
  <nd ref="10058460612"/>
  <nd ref="10058460616"/>
  <nd ref="10058460604"/>
  <nd ref="10058460610"/>
  <tag k="amenity" v="parking"/>
 </way>
 <way id="1098539006" visible="true" version="1" changeset="126737957" timestamp="2022-09-28T12:07:26Z" user="oldman Jang" uid="17260371">
  <nd ref="10058460613"/>
  <nd ref="10058460614"/>
  <nd ref="10058460615"/>
  <tag k="highway" v="service"/>
 </way>
 <way id="1098539007" visible="true" version="1" changeset="126737957" timestamp="2022-09-28T12:07:26Z" user="oldman Jang" uid="17260371">
  <nd ref="10058460616"/>
  <nd ref="10058484917"/>
  <tag k="highway" v="footway"/>
 </way>
 <way id="1098539008" visible="true" version="1" changeset="126737957" timestamp="2022-09-28T12:07:26Z" user="oldman Jang" uid="17260371">
  <nd ref="10058460614"/>
  <nd ref="10058484918"/>
  <tag k="highway" v="footway"/>
 </way>
 <way id="1098539009" visible="true" version="1" changeset="126737957" timestamp="2022-09-28T12:07:26Z" user="oldman Jang" uid="17260371">
  <nd ref="10058460614"/>
  <nd ref="10058484929"/>
  <nd ref="10058484967"/>
  <nd ref="10058484925"/>
  <nd ref="10058484922"/>
  <nd ref="10058484919"/>
  <tag k="highway" v="footway"/>
 </way>
 <way id="1098539010" visible="true" version="1" changeset="126737957" timestamp="2022-09-28T12:07:26Z" user="oldman Jang" uid="17260371">
  <nd ref="10058484920"/>
  <nd ref="10058484922"/>
  <nd ref="10058484921"/>
  <tag k="highway" v="footway"/>
 </way>
 <way id="1098539011" visible="true" version="1" changeset="126737957" timestamp="2022-09-28T12:07:26Z" user="oldman Jang" uid="17260371">
  <nd ref="10058484923"/>
  <nd ref="10058484925"/>
  <nd ref="10058484924"/>
  <tag k="highway" v="footway"/>
 </way>
 <way id="1098539012" visible="true" version="1" changeset="126737957" timestamp="2022-09-28T12:07:26Z" user="oldman Jang" uid="17260371">
  <nd ref="10058484926"/>
  <nd ref="10058484967"/>
  <nd ref="10058484927"/>
  <tag k="highway" v="footway"/>
 </way>
 <way id="1098539013" visible="true" version="1" changeset="126737957" timestamp="2022-09-28T12:07:26Z" user="oldman Jang" uid="17260371">
  <nd ref="10058484928"/>
  <nd ref="10058484929"/>
  <nd ref="2299673471"/>
  <tag k="highway" v="footway"/>
 </way>
 <way id="1098539014" visible="true" version="1" changeset="126737957" timestamp="2022-09-28T12:07:26Z" user="oldman Jang" uid="17260371">
  <nd ref="10058484930"/>
  <nd ref="10058484931"/>
  <nd ref="10058484932"/>
  <tag k="highway" v="service"/>
  <tag k="oneway" v="yes"/>
  <tag k="surface" v="concrete"/>
 </way>
 <way id="1098539015" visible="true" version="1" changeset="126737957" timestamp="2022-09-28T12:07:26Z" user="oldman Jang" uid="17260371">
  <nd ref="4741759445"/>
  <nd ref="10058484933"/>
  <nd ref="10058484934"/>
  <nd ref="10058484935"/>
  <nd ref="10058484936"/>
  <nd ref="10058484937"/>
  <nd ref="10058484938"/>
  <nd ref="10058484939"/>
  <tag k="highway" v="service"/>
  <tag k="oneway" v="yes"/>
  <tag k="surface" v="asphalt"/>
 </way>
 <way id="1098539016" visible="true" version="1" changeset="126737957" timestamp="2022-09-28T12:07:26Z" user="oldman Jang" uid="17260371">
  <nd ref="10058484939"/>
  <nd ref="10058484940"/>
  <nd ref="10058484941"/>
  <nd ref="10058484955"/>
  <nd ref="10058484942"/>
  <nd ref="10058484948"/>
  <nd ref="10058484950"/>
  <nd ref="10058484952"/>
  <nd ref="10058484954"/>
  <nd ref="10058484943"/>
  <nd ref="10058484930"/>
  <tag k="highway" v="service"/>
 </way>
 <way id="1098539017" visible="true" version="1" changeset="126737957" timestamp="2022-09-28T12:07:26Z" user="oldman Jang" uid="17260371">
  <nd ref="10058484940"/>
  <nd ref="10058484947"/>
  <nd ref="10058484949"/>
  <nd ref="10058484944"/>
  <nd ref="10058484951"/>
  <nd ref="10058484953"/>
  <nd ref="10058484945"/>
  <nd ref="10058484946"/>
  <nd ref="10058484943"/>
  <tag k="highway" v="service"/>
 </way>
 <way id="1098539018" visible="true" version="1" changeset="126737957" timestamp="2022-09-28T12:07:26Z" user="oldman Jang" uid="17260371">
  <nd ref="10058484947"/>
  <nd ref="10058484948"/>
  <tag k="highway" v="service"/>
 </way>
 <way id="1098539019" visible="true" version="1" changeset="126737957" timestamp="2022-09-28T12:07:26Z" user="oldman Jang" uid="17260371">
  <nd ref="10058484949"/>
  <nd ref="10058484950"/>
  <tag k="highway" v="service"/>
 </way>
 <way id="1098539020" visible="true" version="1" changeset="126737957" timestamp="2022-09-28T12:07:26Z" user="oldman Jang" uid="17260371">
  <nd ref="10058484951"/>
  <nd ref="10058484952"/>
  <tag k="highway" v="service"/>
 </way>
 <way id="1098539021" visible="true" version="1" changeset="126737957" timestamp="2022-09-28T12:07:26Z" user="oldman Jang" uid="17260371">
  <nd ref="10058484953"/>
  <nd ref="10058484954"/>
  <tag k="highway" v="service"/>
 </way>
 <way id="1098546940" visible="true" version="4" changeset="185264218" timestamp="2026-07-07T13:03:19Z" user="Dmitry2013" uid="1185631">
  <nd ref="10058525544"/>
  <nd ref="10058525545"/>
  <nd ref="10058525546"/>
  <nd ref="10058525547"/>
  <nd ref="10058525548"/>
  <nd ref="10058525549"/>
  <nd ref="10058525550"/>
  <nd ref="10058525551"/>
  <nd ref="10058525552"/>
  <nd ref="10058525553"/>
  <nd ref="10058525554"/>
  <nd ref="10058525555"/>
  <nd ref="10058525556"/>
  <nd ref="10058525557"/>
  <nd ref="13986242592"/>
  <nd ref="10058525559"/>
  <nd ref="10058525560"/>
  <nd ref="10058525561"/>
  <nd ref="10058525562"/>
  <nd ref="10058525563"/>
  <nd ref="10058525564"/>
  <nd ref="10058525565"/>
  <nd ref="10058525566"/>
  <nd ref="10058525567"/>
  <nd ref="10058525568"/>
  <nd ref="10058525569"/>
  <nd ref="10058525570"/>
  <nd ref="10058525571"/>
  <nd ref="10058525572"/>
  <nd ref="10058525573"/>
  <nd ref="10058525544"/>
  <tag k="addr:city" v="인천광역시"/>
  <tag k="addr:district" v="미추홀구"/>
  <tag k="addr:housenumber" v="49"/>
  <tag k="addr:postcode" v="22188"/>
  <tag k="addr:street" v="용정공원로83번길"/>
  <tag k="building" v="apartments"/>
  <tag k="building:flats" v="1472"/>
  <tag k="building:levels" v="24"/>
  <tag k="height" v="91"/>
  <tag k="name" v="인하대역 헤리움 메트로 타워"/>
  <tag k="start_date" v="2020"/>
 </way>
 <way id="1098546941" visible="true" version="3" changeset="185264218" timestamp="2026-07-07T13:03:19Z" user="Dmitry2013" uid="1185631">
  <nd ref="10058525574"/>
  <nd ref="10058525575"/>
  <nd ref="10058525576"/>
  <nd ref="10058525577"/>
  <nd ref="10058525578"/>
  <nd ref="10058525579"/>
  <nd ref="10058525580"/>
  <nd ref="10058525581"/>
  <nd ref="10058525574"/>
  <tag k="addr:city" v="인천광역시"/>
  <tag k="addr:district" v="미추홀구"/>
  <tag k="addr:housenumber" v="309"/>
  <tag k="addr:postcode" v="22188"/>
  <tag k="addr:street" v="독배로"/>
  <tag k="building" v="commercial"/>
  <tag k="building:levels" v="12"/>
  <tag k="height" v="56"/>
  <tag k="start_date" v="2020"/>
 </way>
 <way id="1098546943" visible="true" version="1" changeset="126739238" timestamp="2022-09-28T12:37:57Z" user="oldman Jang" uid="17260371">
  <nd ref="10058525592"/>
  <nd ref="10058525593"/>
  <nd ref="10058525594"/>
  <nd ref="10058525595"/>
  <nd ref="10058525592"/>
  <tag k="landuse" v="residential"/>
  <tag k="name" v="e편한세상시티 인하대역"/>
 </way>
 <way id="1098546947" visible="true" version="2" changeset="185264218" timestamp="2026-07-07T13:03:19Z" user="Dmitry2013" uid="1185631">
  <nd ref="10058553729"/>
  <nd ref="10058553730"/>
  <nd ref="10058553731"/>
  <nd ref="10058553732"/>
  <nd ref="10058553733"/>
  <nd ref="10058553734"/>
  <nd ref="10058553735"/>
  <nd ref="10058553736"/>
  <nd ref="10058553737"/>
  <nd ref="10058553738"/>
  <nd ref="10058553739"/>
  <nd ref="10058553740"/>
  <nd ref="10058553741"/>
  <nd ref="10058553742"/>
  <nd ref="10058553743"/>
  <nd ref="10058553744"/>
  <nd ref="10058553745"/>
  <nd ref="10058553746"/>
  <nd ref="10058553747"/>
  <nd ref="10058553729"/>
  <tag k="building" v="apartments"/>
  <tag k="building:flats" v="169"/>
  <tag k="building:levels" v="37"/>
  <tag k="height" v="113"/>
  <tag k="name" v="105"/>
  <tag k="start_date" v="2020"/>
 </way>
 <way id="1098546949" visible="true" version="3" changeset="185264218" timestamp="2026-07-07T13:03:19Z" user="Dmitry2013" uid="1185631">
  <nd ref="10058553752"/>
  <nd ref="10058553753"/>
  <nd ref="10058553754"/>
  <nd ref="10058553755"/>
  <nd ref="10058553752"/>
  <tag k="addr:city" v="인천광역시"/>
  <tag k="addr:district" v="미추홀구"/>
  <tag k="addr:housenumber" v="59"/>
  <tag k="addr:postcode" v="22188"/>
  <tag k="addr:street" v="용정공원로83번길"/>
  <tag k="building" v="commercial"/>
  <tag k="building:levels" v="11"/>
  <tag k="height" v="46"/>
  <tag k="start_date" v="2020"/>
 </way>
 <way id="1098546959" visible="true" version="1" changeset="126739238" timestamp="2022-09-28T12:37:57Z" user="oldman Jang" uid="17260371">
  <nd ref="10058553881"/>
  <nd ref="10058553882"/>
  <nd ref="10058553883"/>
  <nd ref="10058553884"/>
  <nd ref="10058553906"/>
  <nd ref="10058553885"/>
  <nd ref="10058553886"/>
  <nd ref="10058553881"/>
  <tag k="leisure" v="park"/>
 </way>
 <way id="1098546960" visible="true" version="1" changeset="126739238" timestamp="2022-09-28T12:37:57Z" user="oldman Jang" uid="17260371">
  <nd ref="10058553886"/>
  <nd ref="10058553887"/>
  <tag k="highway" v="pedestrian"/>
 </way>
 <way id="1098546961" visible="true" version="1" changeset="126739238" timestamp="2022-09-28T12:37:57Z" user="oldman Jang" uid="17260371">
  <nd ref="10058553887"/>
  <nd ref="10058553888"/>
  <nd ref="10058553889"/>
  <nd ref="10058553890"/>
  <nd ref="10058553891"/>
  <nd ref="10058553892"/>
  <nd ref="10058553893"/>
  <nd ref="10058553894"/>
  <nd ref="10058553895"/>
  <nd ref="10058553896"/>
  <nd ref="10058553897"/>
  <nd ref="10058553898"/>
  <nd ref="10058553899"/>
  <nd ref="10058553900"/>
  <nd ref="10058553901"/>
  <nd ref="10058553902"/>
  <nd ref="10058553903"/>
  <nd ref="10058553904"/>
  <nd ref="10058553887"/>
  <tag k="highway" v="pedestrian"/>
 </way>
 <way id="1098546962" visible="true" version="1" changeset="126739238" timestamp="2022-09-28T12:37:57Z" user="oldman Jang" uid="17260371">
  <nd ref="10058553899"/>
  <nd ref="10058553905"/>
  <nd ref="10058553906"/>
  <tag k="highway" v="pedestrian"/>
 </way>
 <way id="1098546963" visible="true" version="3" changeset="185264218" timestamp="2026-07-07T13:03:19Z" user="Dmitry2013" uid="1185631">
  <nd ref="10058553907"/>
  <nd ref="10058553908"/>
  <nd ref="10058553909"/>
  <nd ref="10058553910"/>
  <nd ref="10058553911"/>
  <nd ref="10058553912"/>
  <nd ref="10058553913"/>
  <nd ref="10058553914"/>
  <nd ref="10058553915"/>
  <nd ref="10058553916"/>
  <nd ref="10058553917"/>
  <nd ref="10058553918"/>
  <nd ref="10058553919"/>
  <nd ref="10058553920"/>
  <nd ref="10058553921"/>
  <nd ref="10058553922"/>
  <nd ref="10058553923"/>
  <nd ref="10058553924"/>
  <nd ref="10058553925"/>
  <nd ref="10058553926"/>
  <nd ref="10058553927"/>
  <nd ref="10058553928"/>
  <nd ref="10058553929"/>
  <nd ref="10058553930"/>
  <nd ref="10058553931"/>
  <nd ref="10058553932"/>
  <nd ref="10058553907"/>
  <tag k="addr:city" v="인천광역시"/>
  <tag k="addr:district" v="미추홀구"/>
  <tag k="addr:housenumber" v="16"/>
  <tag k="addr:postcode" v="22201"/>
  <tag k="addr:street" v="소성로"/>
  <tag k="building" v="yes"/>
  <tag k="building:levels" v="14"/>
  <tag k="height" v="55"/>
  <tag k="name" v="인하아리스타"/>
  <tag k="start_date" v="2018"/>
 </way>
 <way id="1099883991" visible="true" version="2" changeset="162737141" timestamp="2025-02-20T11:44:36Z" user="chiho_kang" uid="10604125">
  <nd ref="10068934844"/>
  <nd ref="10068934845"/>
  <nd ref="10068934846"/>
  <nd ref="10068934847"/>
  <nd ref="10068934848"/>
  <nd ref="10068934849"/>
  <nd ref="10068934850"/>
  <nd ref="10068934851"/>
  <nd ref="10068934852"/>
  <nd ref="10068934853"/>
  <nd ref="10068934854"/>
  <nd ref="10068934844"/>
  <tag k="addr:city" v="인천광역시"/>
  <tag k="addr:district" v="미추홀구"/>
  <tag k="addr:housenumber" v="6"/>
  <tag k="addr:postcode" v="22207"/>
  <tag k="addr:street" v="경인남길"/>
  <tag k="building" v="yes"/>
  <tag k="building:levels" v="7"/>
  <tag k="name" v="인천교회학생센터"/>
 </way>
 <way id="1099883992" visible="true" version="2" changeset="162737141" timestamp="2025-02-20T11:44:36Z" user="chiho_kang" uid="10604125">
  <nd ref="10068934855"/>
  <nd ref="10068934856"/>
  <nd ref="10068934857"/>
  <nd ref="10068934858"/>
  <nd ref="10068934855"/>
  <tag k="addr:city" v="인천광역시"/>
  <tag k="addr:district" v="미추홀구"/>
  <tag k="addr:housenumber" v="10"/>
  <tag k="addr:postcode" v="22207"/>
  <tag k="addr:street" v="경인남길"/>
  <tag k="building" v="yes"/>
  <tag k="building:levels" v="5"/>
  <tag k="name" v="체리쉬"/>
 </way>
 <way id="1099883993" visible="true" version="2" changeset="162737141" timestamp="2025-02-20T11:44:36Z" user="chiho_kang" uid="10604125">
  <nd ref="10068934859"/>
  <nd ref="10068934860"/>
  <nd ref="10068934861"/>
  <nd ref="10068934862"/>
  <nd ref="10068934863"/>
  <nd ref="10068934864"/>
  <nd ref="10068934865"/>
  <nd ref="10068934866"/>
  <nd ref="10068934859"/>
  <tag k="addr:city" v="인천광역시"/>
  <tag k="addr:district" v="미추홀구"/>
  <tag k="addr:housenumber" v="45"/>
  <tag k="addr:postcode" v="22207"/>
  <tag k="addr:street" v="인하로"/>
  <tag k="building" v="yes"/>
  <tag k="building:levels" v="3"/>
 </way>
 <way id="1099883994" visible="true" version="2" changeset="162737141" timestamp="2025-02-20T11:44:36Z" user="chiho_kang" uid="10604125">
  <nd ref="10068934867"/>
  <nd ref="10068934868"/>
  <nd ref="10068934869"/>
  <nd ref="10068934870"/>
  <nd ref="10068934867"/>
  <tag k="addr:city" v="인천광역시"/>
  <tag k="addr:district" v="미추홀구"/>
  <tag k="addr:housenumber" v="47"/>
  <tag k="addr:postcode" v="22207"/>
  <tag k="addr:street" v="인하로"/>
  <tag k="building" v="yes"/>
  <tag k="building:levels" v="4"/>
  <tag k="name" v="산호마을"/>
 </way>
 <way id="1099883995" visible="true" version="2" changeset="162737141" timestamp="2025-02-20T11:44:36Z" user="chiho_kang" uid="10604125">
  <nd ref="10068934871"/>
  <nd ref="10068934872"/>
  <nd ref="10068934873"/>
  <nd ref="10068934874"/>
  <nd ref="10068934875"/>
  <nd ref="10068934876"/>
  <nd ref="10068934871"/>
  <tag k="addr:city" v="인천광역시"/>
  <tag k="addr:district" v="미추홀구"/>
  <tag k="addr:housenumber" v="12"/>
  <tag k="addr:postcode" v="22207"/>
  <tag k="addr:street" v="경인남길"/>
  <tag k="building" v="yes"/>
  <tag k="building:levels" v="6"/>
  <tag k="name" v="효성주택"/>
 </way>
 <way id="1099883996" visible="true" version="1" changeset="126900829" timestamp="2022-10-02T16:19:23Z" user="oldman Jang" uid="17260371">
  <nd ref="10068934877"/>
  <nd ref="10068934878"/>
  <nd ref="10068934879"/>
  <nd ref="10068934880"/>
  <nd ref="10068934877"/>
  <tag k="building" v="yes"/>
 </way>
 <way id="1099883997" visible="true" version="2" changeset="162737141" timestamp="2025-02-20T11:44:36Z" user="chiho_kang" uid="10604125">
  <nd ref="10068934881"/>
  <nd ref="10068934882"/>
  <nd ref="10068934883"/>
  <nd ref="10068934884"/>
  <nd ref="10068934881"/>
  <tag k="addr:city" v="인천광역시"/>
  <tag k="addr:district" v="미추홀구"/>
  <tag k="addr:housenumber" v="16"/>
  <tag k="addr:postcode" v="22207"/>
  <tag k="addr:street" v="경인남길"/>
  <tag k="building" v="yes"/>
  <tag k="building:levels" v="4"/>
  <tag k="name" v="혜담주택"/>
 </way>
 <way id="1099883998" visible="true" version="1" changeset="126900829" timestamp="2022-10-02T16:19:23Z" user="oldman Jang" uid="17260371">
  <nd ref="10068934885"/>
  <nd ref="10068934886"/>
  <nd ref="10068934887"/>
  <nd ref="10068934888"/>
  <nd ref="10068934885"/>
  <tag k="building" v="yes"/>
 </way>
 <way id="1099883999" visible="true" version="2" changeset="126902098" timestamp="2022-10-02T16:54:22Z" user="oldman Jang" uid="17260371">
  <nd ref="10068934889"/>
  <nd ref="10068934890"/>
  <tag k="highway" v="footway"/>
  <tag k="surface" v="concrete"/>
 </way>
 <way id="1099884000" visible="true" version="2" changeset="126902098" timestamp="2022-10-02T16:54:22Z" user="oldman Jang" uid="17260371">
  <nd ref="10068934891"/>
  <nd ref="10068934892"/>
  <tag k="highway" v="footway"/>
 </way>
 <way id="1099884001" visible="true" version="1" changeset="126900829" timestamp="2022-10-02T16:19:23Z" user="oldman Jang" uid="17260371">
  <nd ref="10068934893"/>
  <nd ref="10068934894"/>
  <nd ref="10068934895"/>
  <nd ref="10068934896"/>
  <nd ref="10068934897"/>
  <nd ref="10068934898"/>
  <nd ref="10068934893"/>
  <tag k="building" v="yes"/>
 </way>
 <way id="1099884002" visible="true" version="2" changeset="162737141" timestamp="2025-02-20T11:44:36Z" user="chiho_kang" uid="10604125">
  <nd ref="10068934899"/>
  <nd ref="10068934900"/>
  <nd ref="10068934901"/>
  <nd ref="10068934902"/>
  <nd ref="10068934899"/>
  <tag k="addr:city" v="인천광역시"/>
  <tag k="addr:district" v="미추홀구"/>
  <tag k="addr:housenumber" v="22"/>
  <tag k="addr:postcode" v="22207"/>
  <tag k="addr:street" v="경인남길"/>
  <tag k="building" v="yes"/>
  <tag k="building:levels" v="5"/>
  <tag k="name" v="가희정 오피스텔"/>
 </way>
 <way id="1099884003" visible="true" version="2" changeset="162737141" timestamp="2025-02-20T11:44:36Z" user="chiho_kang" uid="10604125">
  <nd ref="10068934903"/>
  <nd ref="10068934904"/>
  <nd ref="10068934905"/>
  <nd ref="10068934906"/>
  <nd ref="10068934907"/>
  <nd ref="10068934908"/>
  <nd ref="10068934903"/>
  <tag k="addr:city" v="인천광역시"/>
  <tag k="addr:district" v="미추홀구"/>
  <tag k="addr:housenumber" v="24"/>
  <tag k="addr:postcode" v="22207"/>
  <tag k="addr:street" v="경인남길"/>
  <tag k="building" v="yes"/>
  <tag k="building:levels" v="2"/>
 </way>
 <way id="1099884004" visible="true" version="2" changeset="162737141" timestamp="2025-02-20T11:44:36Z" user="chiho_kang" uid="10604125">
  <nd ref="10068934909"/>
  <nd ref="10068934910"/>
  <nd ref="10068934911"/>
  <nd ref="10068934912"/>
  <nd ref="10068934909"/>
  <tag k="addr:city" v="인천광역시"/>
  <tag k="addr:district" v="미추홀구"/>
  <tag k="addr:housenumber" v="24-2"/>
  <tag k="addr:postcode" v="22207"/>
  <tag k="addr:street" v="경인남길"/>
  <tag k="building" v="yes"/>
  <tag k="building:levels" v="2"/>
 </way>
 <way id="1099884005" visible="true" version="2" changeset="162737141" timestamp="2025-02-20T11:44:36Z" user="chiho_kang" uid="10604125">
  <nd ref="10068934913"/>
  <nd ref="10068934914"/>
  <nd ref="10068934915"/>
  <nd ref="10068934916"/>
  <nd ref="10068967317"/>
  <nd ref="10068967318"/>
  <nd ref="10068934913"/>
  <tag k="addr:city" v="인천광역시"/>
  <tag k="addr:district" v="미추홀구"/>
  <tag k="addr:housenumber" v="26"/>
  <tag k="addr:postcode" v="22207"/>
  <tag k="addr:street" v="경인남길"/>
  <tag k="building" v="yes"/>
  <tag k="building:levels" v="5"/>
 </way>
 <way id="1099884006" visible="true" version="2" changeset="162737141" timestamp="2025-02-20T11:44:36Z" user="chiho_kang" uid="10604125">
  <nd ref="10068967319"/>
  <nd ref="10068967320"/>
  <nd ref="10068967321"/>
  <nd ref="10068967322"/>
  <nd ref="10068967323"/>
  <nd ref="10068967319"/>
  <tag k="addr:city" v="인천광역시"/>
  <tag k="addr:district" v="미추홀구"/>
  <tag k="addr:housenumber" v="30"/>
  <tag k="addr:postcode" v="22207"/>
  <tag k="addr:street" v="경인남길"/>
  <tag k="building" v="yes"/>
  <tag k="building:levels" v="4"/>
  <tag k="name" v="청우주택"/>
 </way>
 <way id="1099884007" visible="true" version="2" changeset="162737141" timestamp="2025-02-20T11:44:36Z" user="chiho_kang" uid="10604125">
  <nd ref="10068967324"/>
  <nd ref="10068967325"/>
  <nd ref="10068967326"/>
  <nd ref="10068967327"/>
  <nd ref="10068967324"/>
  <tag k="addr:city" v="인천광역시"/>
  <tag k="addr:district" v="미추홀구"/>
  <tag k="addr:housenumber" v="6"/>
  <tag k="addr:postcode" v="22207"/>
  <tag k="addr:street" v="경인남길30번길"/>
  <tag k="building" v="yes"/>
  <tag k="building:levels" v="4"/>
  <tag k="name" v="동원주택"/>
 </way>
 <way id="1099884008" visible="true" version="2" changeset="162737141" timestamp="2025-02-20T11:44:36Z" user="chiho_kang" uid="10604125">
  <nd ref="10068967328"/>
  <nd ref="10068967329"/>
  <nd ref="10068967330"/>
  <nd ref="10068967331"/>
  <nd ref="10068967332"/>
  <nd ref="10068967328"/>
  <tag k="addr:city" v="인천광역시"/>
  <tag k="addr:district" v="미추홀구"/>
  <tag k="addr:housenumber" v="17"/>
  <tag k="addr:postcode" v="22207"/>
  <tag k="addr:street" v="인하로47번길"/>
  <tag k="building" v="yes"/>
  <tag k="building:levels" v="5"/>
 </way>
 <way id="1099884009" visible="true" version="2" changeset="162737141" timestamp="2025-02-20T11:44:36Z" user="chiho_kang" uid="10604125">
  <nd ref="10068967333"/>
  <nd ref="10068967334"/>
  <nd ref="10068967335"/>
  <nd ref="10068967336"/>
  <nd ref="10068967333"/>
  <tag k="addr:city" v="인천광역시"/>
  <tag k="addr:district" v="미추홀구"/>
  <tag k="addr:housenumber" v="15"/>
  <tag k="addr:postcode" v="22207"/>
  <tag k="addr:street" v="인하로47번길"/>
  <tag k="building" v="yes"/>
  <tag k="building:levels" v="5"/>
  <tag k="name" v="Rhea"/>
 </way>
 <way id="1099884010" visible="true" version="2" changeset="162737141" timestamp="2025-02-20T11:44:36Z" user="chiho_kang" uid="10604125">
  <nd ref="10068967337"/>
  <nd ref="10068967338"/>
  <nd ref="10068967339"/>
  <nd ref="10068967340"/>
  <nd ref="10068967341"/>
  <nd ref="10068967342"/>
  <nd ref="10068967343"/>
  <nd ref="10068967344"/>
  <nd ref="10068967345"/>
  <nd ref="10068967346"/>
  <nd ref="10068967337"/>
  <tag k="addr:city" v="인천광역시"/>
  <tag k="addr:district" v="미추홀구"/>
  <tag k="addr:housenumber" v="13"/>
  <tag k="addr:postcode" v="22207"/>
  <tag k="addr:street" v="인하로47번길"/>
  <tag k="building" v="yes"/>
  <tag k="building:levels" v="2"/>
 </way>
 <way id="1099884011" visible="true" version="2" changeset="162737141" timestamp="2025-02-20T11:44:36Z" user="chiho_kang" uid="10604125">
  <nd ref="10068967347"/>
  <nd ref="10068967348"/>
  <nd ref="10068967349"/>
  <nd ref="10068967350"/>
  <nd ref="10068967351"/>
  <nd ref="10068967352"/>
  <nd ref="10068967347"/>
  <tag k="addr:city" v="인천광역시"/>
  <tag k="addr:district" v="미추홀구"/>
  <tag k="addr:housenumber" v="11"/>
  <tag k="addr:postcode" v="22207"/>
  <tag k="addr:street" v="인하로47번길"/>
  <tag k="building" v="yes"/>
  <tag k="building:levels" v="2"/>
 </way>
 <way id="1099884012" visible="true" version="1" changeset="126900829" timestamp="2022-10-02T16:19:23Z" user="oldman Jang" uid="17260371">
  <nd ref="10068967353"/>
  <nd ref="10068967354"/>
  <nd ref="10068967355"/>
  <nd ref="10068967356"/>
  <nd ref="10068967353"/>
  <tag k="building" v="yes"/>
 </way>
 <way id="1099884013" visible="true" version="1" changeset="126900829" timestamp="2022-10-02T16:19:23Z" user="oldman Jang" uid="17260371">
  <nd ref="10068967357"/>
  <nd ref="10068967358"/>
  <nd ref="10068967359"/>
  <nd ref="10068967360"/>
  <nd ref="10068967357"/>
  <tag k="building" v="yes"/>
 </way>
 <way id="1099884014" visible="true" version="2" changeset="162737141" timestamp="2025-02-20T11:44:36Z" user="chiho_kang" uid="10604125">
  <nd ref="10068967361"/>
  <nd ref="10068967362"/>
  <nd ref="10068967363"/>
  <nd ref="10068967364"/>
  <nd ref="10068967361"/>
  <tag k="addr:city" v="인천광역시"/>
  <tag k="addr:district" v="미추홀구"/>
  <tag k="addr:housenumber" v="9"/>
  <tag k="addr:postcode" v="22207"/>
  <tag k="addr:street" v="인하로47번길"/>
  <tag k="building" v="yes"/>
  <tag k="building:levels" v="3"/>
  <tag k="name" v="시내비"/>
 </way>
 <way id="1099884015" visible="true" version="2" changeset="162737141" timestamp="2025-02-20T11:44:36Z" user="chiho_kang" uid="10604125">
  <nd ref="10068967365"/>
  <nd ref="10068967366"/>
  <nd ref="10068967367"/>
  <nd ref="10068967368"/>
  <nd ref="10068967369"/>
  <nd ref="10068967370"/>
  <nd ref="10068967365"/>
  <tag k="addr:city" v="인천광역시"/>
  <tag k="addr:district" v="미추홀구"/>
  <tag k="addr:housenumber" v="5"/>
  <tag k="addr:postcode" v="22207"/>
  <tag k="addr:street" v="인하로47번길"/>
  <tag k="building" v="yes"/>
  <tag k="building:levels" v="4"/>
  <tag k="name" v="까사올리브"/>
 </way>
 <way id="1099884016" visible="true" version="2" changeset="162737141" timestamp="2025-02-20T11:44:36Z" user="chiho_kang" uid="10604125">
  <nd ref="10068967371"/>
  <nd ref="10068967372"/>
  <nd ref="10068967373"/>
  <nd ref="10068967374"/>
  <nd ref="10068967371"/>
  <tag k="addr:city" v="인천광역시"/>
  <tag k="addr:district" v="미추홀구"/>
  <tag k="addr:housenumber" v="1"/>
  <tag k="addr:postcode" v="22207"/>
  <tag k="addr:street" v="인하로47번길"/>
  <tag k="building" v="yes"/>
  <tag k="building:levels" v="3"/>
  <tag k="name" v="주영원룸"/>
 </way>
 <way id="1099884017" visible="true" version="2" changeset="126902098" timestamp="2022-10-02T16:54:22Z" user="oldman Jang" uid="17260371">
  <nd ref="10068967375"/>
  <nd ref="10068967376"/>
  <tag k="highway" v="footway"/>
 </way>
 <way id="1099884018" visible="true" version="2" changeset="126902098" timestamp="2022-10-02T16:54:22Z" user="oldman Jang" uid="17260371">
  <nd ref="10068967377"/>
  <nd ref="10068967378"/>
  <tag k="highway" v="footway"/>
 </way>
 <way id="1099890752" visible="true" version="2" changeset="162737141" timestamp="2025-02-20T11:44:36Z" user="chiho_kang" uid="10604125">
  <nd ref="10069011778"/>
  <nd ref="10069011779"/>
  <nd ref="10069011780"/>
  <nd ref="10069011781"/>
  <nd ref="10069011782"/>
  <nd ref="10069011778"/>
  <tag k="addr:city" v="인천광역시"/>
  <tag k="addr:district" v="미추홀구"/>
  <tag k="addr:housenumber" v="51"/>
  <tag k="addr:postcode" v="22207"/>
  <tag k="addr:street" v="인하로"/>
  <tag k="building" v="yes"/>
  <tag k="building:levels" v="6"/>
  <tag k="name" v="대원오피스텔"/>
 </way>
 <way id="1099890753" visible="true" version="2" changeset="162737141" timestamp="2025-02-20T11:44:36Z" user="chiho_kang" uid="10604125">
  <nd ref="10069011783"/>
  <nd ref="10069011784"/>
  <nd ref="10069011785"/>
  <nd ref="10069011786"/>
  <nd ref="10069011787"/>
  <nd ref="10069011788"/>
  <nd ref="10069011783"/>
  <tag k="addr:city" v="인천광역시"/>
  <tag k="addr:district" v="미추홀구"/>
  <tag k="addr:housenumber" v="53"/>
  <tag k="addr:postcode" v="22207"/>
  <tag k="addr:street" v="인하로"/>
  <tag k="building" v="yes"/>
  <tag k="building:levels" v="6"/>
 </way>
 <way id="1099890754" visible="true" version="2" changeset="162737141" timestamp="2025-02-20T11:44:36Z" user="chiho_kang" uid="10604125">
  <nd ref="10069011789"/>
  <nd ref="10069011790"/>
  <nd ref="10069011793"/>
  <nd ref="10069011794"/>
  <nd ref="10069011795"/>
  <nd ref="10069011796"/>
  <nd ref="10069011791"/>
  <nd ref="10069011792"/>
  <nd ref="10069011789"/>
  <tag k="addr:city" v="인천광역시"/>
  <tag k="addr:district" v="미추홀구"/>
  <tag k="addr:housenumber" v="12"/>
  <tag k="addr:postcode" v="22207"/>
  <tag k="addr:street" v="인하로47번길"/>
  <tag k="building" v="yes"/>
  <tag k="building:levels" v="4"/>
  <tag k="name" v="경양"/>
 </way>
 <way id="1099890755" visible="true" version="2" changeset="162737141" timestamp="2025-02-20T11:44:36Z" user="chiho_kang" uid="10604125">
  <nd ref="10069011797"/>
  <nd ref="10069011798"/>
  <nd ref="10069011799"/>
  <nd ref="10069011800"/>
  <nd ref="10069011797"/>
  <tag k="addr:city" v="인천광역시"/>
  <tag k="addr:district" v="미추홀구"/>
  <tag k="addr:housenumber" v="14"/>
  <tag k="addr:postcode" v="22207"/>
  <tag k="addr:street" v="인하로47번길"/>
  <tag k="building" v="yes"/>
  <tag k="building:levels" v="4"/>
  <tag k="name" v="햇빛마을"/>
 </way>
 <way id="1099890756" visible="true" version="2" changeset="162737141" timestamp="2025-02-20T11:44:36Z" user="chiho_kang" uid="10604125">
  <nd ref="10069011801"/>
  <nd ref="10069011802"/>
  <nd ref="10069011803"/>
  <nd ref="10069011804"/>
  <nd ref="10069011805"/>
  <nd ref="10069011806"/>
  <nd ref="10069011807"/>
  <nd ref="10069011801"/>
  <tag k="addr:city" v="인천광역시"/>
  <tag k="addr:district" v="미추홀구"/>
  <tag k="addr:housenumber" v="16"/>
  <tag k="addr:postcode" v="22207"/>
  <tag k="addr:street" v="인하로47번길"/>
  <tag k="building" v="yes"/>
  <tag k="building:levels" v="5"/>
  <tag k="name" v="LunaSquare"/>
 </way>
 <way id="1099890757" visible="true" version="2" changeset="162737141" timestamp="2025-02-20T11:44:36Z" user="chiho_kang" uid="10604125">
  <nd ref="10069011808"/>
  <nd ref="10069011809"/>
  <nd ref="10069011810"/>
  <nd ref="10069011811"/>
  <nd ref="10069011812"/>
  <nd ref="10069011808"/>
  <tag k="addr:city" v="인천광역시"/>
  <tag k="addr:district" v="미추홀구"/>
  <tag k="addr:housenumber" v="20"/>
  <tag k="addr:postcode" v="22207"/>
  <tag k="addr:street" v="인하로47번길"/>
  <tag k="building" v="yes"/>
  <tag k="building:levels" v="5"/>
  <tag k="name" v="극동주택"/>
 </way>
 <way id="1099890758" visible="true" version="2" changeset="162737141" timestamp="2025-02-20T11:44:36Z" user="chiho_kang" uid="10604125">
  <nd ref="10069011813"/>
  <nd ref="10069011814"/>
  <nd ref="10069011815"/>
  <nd ref="10069011816"/>
  <nd ref="10069011813"/>
  <tag k="addr:city" v="인천광역시"/>
  <tag k="addr:district" v="미추홀구"/>
  <tag k="addr:housenumber" v="55"/>
  <tag k="addr:postcode" v="22207"/>
  <tag k="addr:street" v="인하로"/>
  <tag k="building" v="yes"/>
  <tag k="building:levels" v="4"/>
 </way>
 <way id="1099890759" visible="true" version="2" changeset="162737141" timestamp="2025-02-20T11:44:36Z" user="chiho_kang" uid="10604125">
  <nd ref="10069027217"/>
  <nd ref="10069027218"/>
  <nd ref="10069027219"/>
  <nd ref="10069027220"/>
  <nd ref="10069027221"/>
  <nd ref="10069027222"/>
  <nd ref="10069027223"/>
  <nd ref="10069027217"/>
  <tag k="addr:city" v="인천광역시"/>
  <tag k="addr:district" v="미추홀구"/>
  <tag k="addr:housenumber" v="55-1"/>
  <tag k="addr:postcode" v="22207"/>
  <tag k="addr:street" v="인하로"/>
  <tag k="building" v="yes"/>
  <tag k="building:levels" v="2"/>
 </way>
 <way id="1099890760" visible="true" version="2" changeset="162737141" timestamp="2025-02-20T11:44:36Z" user="chiho_kang" uid="10604125">
  <nd ref="10069027224"/>
  <nd ref="10069027225"/>
  <nd ref="10069027226"/>
  <nd ref="10069027227"/>
  <nd ref="10069027224"/>
  <tag k="addr:city" v="인천광역시"/>
  <tag k="addr:district" v="미추홀구"/>
  <tag k="addr:housenumber" v="57"/>
  <tag k="addr:postcode" v="22207"/>
  <tag k="addr:street" v="인하로"/>
  <tag k="building" v="yes"/>
  <tag k="building:levels" v="4"/>
 </way>
 <way id="1099890761" visible="true" version="2" changeset="162737141" timestamp="2025-02-20T11:44:36Z" user="chiho_kang" uid="10604125">
  <nd ref="10069027228"/>
  <nd ref="10069027229"/>
  <nd ref="10069027230"/>
  <nd ref="10069027231"/>
  <nd ref="10069027228"/>
  <tag k="addr:city" v="인천광역시"/>
  <tag k="addr:district" v="미추홀구"/>
  <tag k="addr:housenumber" v="55-2"/>
  <tag k="addr:postcode" v="22207"/>
  <tag k="addr:street" v="인하로"/>
  <tag k="building" v="yes"/>
  <tag k="building:levels" v="1"/>
 </way>
 <way id="1099890762" visible="true" version="1" changeset="126902098" timestamp="2022-10-02T16:54:22Z" user="oldman Jang" uid="17260371">
  <nd ref="10069027232"/>
  <nd ref="10069027233"/>
  <tag k="highway" v="footway"/>
 </way>
 <way id="1099890763" visible="true" version="1" changeset="126902098" timestamp="2022-10-02T16:54:22Z" user="oldman Jang" uid="17260371">
  <nd ref="10069027234"/>
  <nd ref="10069027235"/>
  <nd ref="10069027236"/>
  <nd ref="10069027239"/>
  <nd ref="10069027237"/>
  <nd ref="10069027238"/>
  <nd ref="10069027234"/>
  <tag k="building" v="yes"/>
 </way>
 <way id="1099890764" visible="true" version="2" changeset="162737141" timestamp="2025-02-20T11:44:36Z" user="chiho_kang" uid="10604125">
  <nd ref="10069027240"/>
  <nd ref="10069027241"/>
  <nd ref="10069027242"/>
  <nd ref="10069027243"/>
  <nd ref="10069027240"/>
  <tag k="addr:city" v="인천광역시"/>
  <tag k="addr:district" v="미추홀구"/>
  <tag k="addr:housenumber" v="12"/>
  <tag k="addr:postcode" v="22207"/>
  <tag k="addr:street" v="경인남길30번길"/>
  <tag k="building" v="yes"/>
  <tag k="building:levels" v="3"/>
 </way>
 <way id="1099890765" visible="true" version="2" changeset="162737141" timestamp="2025-02-20T11:44:36Z" user="chiho_kang" uid="10604125">
  <nd ref="10069027244"/>
  <nd ref="10069027245"/>
  <nd ref="10069027246"/>
  <nd ref="10069027247"/>
  <nd ref="10069027248"/>
  <nd ref="10069027249"/>
  <nd ref="10069027244"/>
  <tag k="addr:city" v="인천광역시"/>
  <tag k="addr:district" v="미추홀구"/>
  <tag k="addr:housenumber" v="14"/>
  <tag k="addr:postcode" v="22207"/>
  <tag k="addr:street" v="경인남길30번길"/>
  <tag k="building" v="yes"/>
  <tag k="building:levels" v="5"/>
  <tag k="name" v="더네스빌"/>
 </way>
 <way id="1099890766" visible="true" version="1" changeset="126902098" timestamp="2022-10-02T16:54:22Z" user="oldman Jang" uid="17260371">
  <nd ref="10069027250"/>
  <nd ref="10069027251"/>
  <nd ref="10069027252"/>
  <nd ref="10069027253"/>
  <nd ref="10069027250"/>
  <tag k="building" v="yes"/>
 </way>
 <way id="1099890767" visible="true" version="1" changeset="126902098" timestamp="2022-10-02T16:54:22Z" user="oldman Jang" uid="17260371">
  <nd ref="10069027254"/>
  <nd ref="10069027255"/>
  <nd ref="10069027256"/>
  <nd ref="10069027257"/>
  <nd ref="10069027258"/>
  <nd ref="10069027259"/>
  <nd ref="10069027254"/>
  <tag k="building" v="yes"/>
 </way>
 <way id="1099890768" visible="true" version="1" changeset="126902098" timestamp="2022-10-02T16:54:22Z" user="oldman Jang" uid="17260371">
  <nd ref="10069027260"/>
  <nd ref="10069027261"/>
  <tag k="highway" v="footway"/>
 </way>
 <way id="1099890769" visible="true" version="2" changeset="162737141" timestamp="2025-02-20T11:44:36Z" user="chiho_kang" uid="10604125">
  <nd ref="10069027262"/>
  <nd ref="10069027263"/>
  <nd ref="10069027264"/>
  <nd ref="10069027265"/>
  <nd ref="10069027262"/>
  <tag k="addr:city" v="인천광역시"/>
  <tag k="addr:district" v="미추홀구"/>
  <tag k="addr:housenumber" v="18-4"/>
  <tag k="addr:postcode" v="22207"/>
  <tag k="addr:street" v="경인남길30번길"/>
  <tag k="building" v="yes"/>
  <tag k="building:levels" v="4"/>
  <tag k="name" v="The Shine"/>
 </way>
 <way id="1099890770" visible="true" version="1" changeset="126902098" timestamp="2022-10-02T16:54:22Z" user="oldman Jang" uid="17260371">
  <nd ref="10069027266"/>
  <nd ref="10069027267"/>
  <tag k="highway" v="service"/>
  <tag k="surface" v="concrete"/>
 </way>
 <way id="1099890771" visible="true" version="1" changeset="126902098" timestamp="2022-10-02T16:54:22Z" user="oldman Jang" uid="17260371">
  <nd ref="10069027267"/>
  <nd ref="10069027268"/>
  <nd ref="10069027269"/>
  <tag k="highway" v="footway"/>
 </way>
 <way id="1099890772" visible="true" version="1" changeset="126902098" timestamp="2022-10-02T16:54:22Z" user="oldman Jang" uid="17260371">
  <nd ref="10069027270"/>
  <nd ref="10069027271"/>
  <nd ref="10069027272"/>
  <nd ref="10069027273"/>
  <nd ref="10069027274"/>
  <nd ref="10069027275"/>
  <nd ref="10069027270"/>
  <tag k="building" v="yes"/>
 </way>
 <way id="1099890773" visible="true" version="1" changeset="126902098" timestamp="2022-10-02T16:54:22Z" user="oldman Jang" uid="17260371">
  <nd ref="10069027276"/>
  <nd ref="10069027277"/>
  <nd ref="10069027278"/>
  <nd ref="10069027279"/>
  <nd ref="10069027280"/>
  <nd ref="10069027281"/>
  <nd ref="10069027282"/>
  <nd ref="10069027283"/>
  <nd ref="10069027276"/>
  <tag k="building" v="yes"/>
 </way>
 <way id="1099890774" visible="true" version="1" changeset="126902098" timestamp="2022-10-02T16:54:22Z" user="oldman Jang" uid="17260371">
  <nd ref="10069027284"/>
  <nd ref="10069027285"/>
  <nd ref="10069027286"/>
  <nd ref="10069027287"/>
  <nd ref="10069027284"/>
  <tag k="building" v="yes"/>
 </way>
 <way id="1099894035" visible="true" version="1" changeset="126902772" timestamp="2022-10-02T17:11:17Z" user="oldman Jang" uid="17260371">
  <nd ref="10068985182"/>
  <nd ref="10068985183"/>
  <nd ref="10068985184"/>
  <nd ref="10068985185"/>
  <nd ref="10068985186"/>
  <nd ref="10068985187"/>
  <nd ref="10068985188"/>
  <nd ref="10068985182"/>
  <tag k="name" v="아고라 광장"/>
  <tag k="place" v="square"/>
 </way>
 <way id="1203054818" visible="true" version="1" changeset="140529578" timestamp="2023-08-29T08:53:01Z" user="czjing" uid="20123193">
  <nd ref="11152475759"/>
  <nd ref="11152475760"/>
  <nd ref="11152475761"/>
  <nd ref="11152475762"/>
  <nd ref="11152475759"/>
  <tag k="building" v="commercial"/>
  <tag k="description" v="露天看台 (관중석)"/>
  <tag k="name" v="관중석"/>
 </way>
 <way id="1215102701" visible="true" version="2" changeset="169401138" timestamp="2025-07-24T14:01:13Z" user="smorz" uid="3136185">
  <nd ref="11257934906"/>
  <nd ref="11257934907"/>
  <nd ref="11257934908"/>
  <nd ref="11257934909"/>
  <nd ref="11257934910"/>
  <tag k="highway" v="secondary_link"/>
  <tag k="oneway" v="yes"/>
 </way>
 <way id="1215102702" visible="true" version="1" changeset="142487675" timestamp="2023-10-12T16:20:24Z" user="aaei924" uid="10626814">
  <nd ref="436830039"/>
  <nd ref="11257934911"/>
  <nd ref="11257934912"/>
  <tag k="highway" v="secondary_link"/>
  <tag k="oneway" v="yes"/>
 </way>
 <way id="1215102703" visible="true" version="1" changeset="142487675" timestamp="2023-10-12T16:20:24Z" user="aaei924" uid="10626814">
  <nd ref="11257934912"/>
  <nd ref="11257934913"/>
  <nd ref="11257934914"/>
  <nd ref="11257934902"/>
  <tag k="highway" v="secondary_link"/>
  <tag k="oneway" v="yes"/>
 </way>
 <way id="1215102704" visible="true" version="1" changeset="142487675" timestamp="2023-10-12T16:20:24Z" user="aaei924" uid="10626814">
  <nd ref="11257934918"/>
  <nd ref="11257934919"/>
  <nd ref="11257934920"/>
  <nd ref="11257934921"/>
  <nd ref="11257934922"/>
  <nd ref="11257934923"/>
  <tag k="highway" v="secondary_link"/>
  <tag k="oneway" v="yes"/>
 </way>
 <way id="1215102705" visible="true" version="1" changeset="142487675" timestamp="2023-10-12T16:20:24Z" user="aaei924" uid="10626814">
  <nd ref="11257934923"/>
  <nd ref="11257934924"/>
  <nd ref="11257934925"/>
  <nd ref="11257934926"/>
  <tag k="highway" v="secondary_link"/>
  <tag k="oneway" v="yes"/>
 </way>
 <way id="1215102706" visible="true" version="1" changeset="142487675" timestamp="2023-10-12T16:20:24Z" user="aaei924" uid="10626814">
  <nd ref="11257934927"/>
  <nd ref="11257934928"/>
  <nd ref="11257934929"/>
  <nd ref="11257934930"/>
  <nd ref="11257934931"/>
  <tag k="highway" v="secondary_link"/>
  <tag k="oneway" v="yes"/>
 </way>
 <way id="1215102707" visible="true" version="1" changeset="142487675" timestamp="2023-10-12T16:20:24Z" user="aaei924" uid="10626814">
  <nd ref="6124712965"/>
  <nd ref="11257934934"/>
  <nd ref="11257934932"/>
  <nd ref="11257934935"/>
  <nd ref="11257934936"/>
  <nd ref="11257934937"/>
  <nd ref="11257934938"/>
  <nd ref="6124712684"/>
  <nd ref="11257934939"/>
  <nd ref="11257934940"/>
  <nd ref="2886789170"/>
  <tag k="footway" v="sidewalk"/>
  <tag k="highway" v="footway"/>
 </way>
 <way id="1215102708" visible="true" version="1" changeset="142487675" timestamp="2023-10-12T16:20:24Z" user="aaei924" uid="10626814">
  <nd ref="11257934935"/>
  <nd ref="11257934929"/>
  <nd ref="11257934941"/>
  <nd ref="11257934945"/>
  <tag k="crossing" v="traffic_signals"/>
  <tag k="crossing:markings" v="yes"/>
  <tag k="footway" v="crossing"/>
  <tag k="highway" v="footway"/>
 </way>
 <way id="1215102709" visible="true" version="1" changeset="142487675" timestamp="2023-10-12T16:20:24Z" user="aaei924" uid="10626814">
  <nd ref="11257934945"/>
  <nd ref="11257934942"/>
  <nd ref="11257934943"/>
  <nd ref="11257934946"/>
  <tag k="crossing:markings" v="yes"/>
  <tag k="highway" v="footway"/>
 </way>
 <way id="1215102710" visible="true" version="1" changeset="142487675" timestamp="2023-10-12T16:20:24Z" user="aaei924" uid="10626814">
  <nd ref="11257934946"/>
  <nd ref="11257934925"/>
  <nd ref="11257934944"/>
  <tag k="crossing" v="traffic_signals"/>
  <tag k="crossing:markings" v="yes"/>
  <tag k="footway" v="crossing"/>
  <tag k="highway" v="footway"/>
 </way>
 <way id="1215117217" visible="true" version="3" changeset="175105461" timestamp="2025-11-25T11:24:58Z" user="LuxuryCoop" uid="7245212">
  <nd ref="436836603"/>
  <nd ref="2429042803"/>
  <nd ref="436836605"/>
  <nd ref="2425231761"/>
  <nd ref="2425231767"/>
  <nd ref="436836606"/>
  <tag k="highway" v="secondary"/>
  <tag k="name" v="독배로"/>
  <tag k="name:en" v="Dokbae-ro"/>
  <tag k="name:ko" v="독배로"/>
  <tag k="ref" v="17"/>
  <tag k="surface" v="asphalt"/>
 </way>
 <way id="1215117218" visible="true" version="3" changeset="175105461" timestamp="2025-11-25T11:24:58Z" user="LuxuryCoop" uid="7245212">
  <nd ref="436836634"/>
  <nd ref="436836635"/>
  <nd ref="11258056596"/>
  <nd ref="11257934947"/>
  <nd ref="11258056597"/>
  <nd ref="11258056598"/>
  <nd ref="436836634"/>
  <tag k="highway" v="secondary"/>
  <tag k="name" v="독배로"/>
  <tag k="name:en" v="Dokbae-ro"/>
  <tag k="name:ko" v="독배로"/>
  <tag k="oneway" v="yes"/>
  <tag k="ref" v="16;17"/>
  <tag k="surface" v="asphalt"/>
 </way>
 <way id="1215393150" visible="true" version="2" changeset="175105461" timestamp="2025-11-25T11:24:58Z" user="LuxuryCoop" uid="7245212">
  <nd ref="436836503"/>
  <nd ref="11257934941"/>
  <nd ref="436836633"/>
  <nd ref="11257934926"/>
  <nd ref="11257934927"/>
  <nd ref="436836634"/>
  <tag k="highway" v="secondary"/>
  <tag k="name" v="독배로"/>
  <tag k="name:en" v="Dokbae-ro"/>
  <tag k="name:ko" v="독배로"/>
  <tag k="ref" v="16;17"/>
  <tag k="surface" v="asphalt"/>
 </way>
 <way id="1215393151" visible="true" version="2" changeset="175105461" timestamp="2025-11-25T11:24:58Z" user="LuxuryCoop" uid="7245212">
  <nd ref="11257934947"/>
  <nd ref="436836603"/>
  <tag k="highway" v="secondary"/>
  <tag k="name" v="독배로"/>
  <tag k="name:en" v="Dokbae-ro"/>
  <tag k="name:ko" v="독배로"/>
  <tag k="ref" v="16;17"/>
  <tag k="surface" v="asphalt"/>
 </way>
 <way id="1223158572" visible="true" version="4" changeset="175105461" timestamp="2025-11-25T11:24:58Z" user="LuxuryCoop" uid="7245212">
  <nd ref="436836606"/>
  <nd ref="2881072424"/>
  <nd ref="2879019540"/>
  <nd ref="11403267425"/>
  <nd ref="2865607514"/>
  <nd ref="2856218036"/>
  <nd ref="2865607600"/>
  <nd ref="11260390443"/>
  <nd ref="436836609"/>
  <nd ref="436836610"/>
  <tag k="highway" v="secondary"/>
  <tag k="name" v="독배로"/>
  <tag k="name:en" v="Dokbae-ro"/>
  <tag k="name:ko" v="독배로"/>
  <tag k="name:ko-Latn" v="Dokbae-ro"/>
  <tag k="ref" v="17"/>
 </way>
 <way id="1223158575" visible="true" version="4" changeset="186640983" timestamp="2026-07-30T12:16:14Z" user="7684F217EA19BA8FA19C3D74" uid="5222005">
  <nd ref="436836603"/>
  <nd ref="2425231740"/>
  <nd ref="436868702"/>
  <nd ref="2425231741"/>
  <nd ref="11403267424"/>
  <nd ref="849431934"/>
  <nd ref="2425231748"/>
  <nd ref="2425231750"/>
  <nd ref="436868703"/>
  <nd ref="436868704"/>
  <nd ref="2401071760"/>
  <nd ref="10069027232"/>
  <nd ref="2262335934"/>
  <nd ref="2401071761"/>
  <nd ref="11403267423"/>
  <nd ref="10058120924"/>
  <nd ref="436868707"/>
  <nd ref="2401071755"/>
  <nd ref="10058120931"/>
  <nd ref="4741759621"/>
  <nd ref="2877961305"/>
  <nd ref="11403267422"/>
  <nd ref="2855690590"/>
  <nd ref="2877968895"/>
  <nd ref="2401071764"/>
  <nd ref="2855696649"/>
  <nd ref="11403267421"/>
  <nd ref="2855717082"/>
  <nd ref="436868713"/>
  <nd ref="11403267420"/>
  <nd ref="2855730194"/>
  <nd ref="436879748"/>
  <tag k="highway" v="secondary"/>
  <tag k="name" v="인하로"/>
  <tag k="name:en" v="Inha-ro"/>
  <tag k="name:ko" v="인하로"/>
  <tag k="ref" v="16"/>
 </way>
 <way id="1390060991" visible="true" version="1" changeset="166825644" timestamp="2025-05-27T12:57:33Z" user="Priyanka korhale" uid="22889571">
  <nd ref="12866720413"/>
  <nd ref="12866720414"/>
  <nd ref="12866720415"/>
  <nd ref="12866720416"/>
  <nd ref="12866720417"/>
  <tag k="highway" v="residential"/>
 </way>
 <way id="1416977807" visible="true" version="1" changeset="169401138" timestamp="2025-07-24T14:01:13Z" user="smorz" uid="3136185">
  <nd ref="11257934902"/>
  <nd ref="11257934903"/>
  <nd ref="11257934904"/>
  <nd ref="11257934905"/>
  <nd ref="11257934906"/>
  <tag k="highway" v="secondary_link"/>
  <tag k="oneway" v="yes"/>
 </way>
 <way id="1534982816" visible="true" version="2" changeset="185264218" timestamp="2026-07-07T13:03:19Z" user="Dmitry2013" uid="1185631">
  <nd ref="13986242537"/>
  <nd ref="13986242538"/>
  <nd ref="13986242539"/>
  <nd ref="13986242540"/>
  <nd ref="13986242537"/>
  <tag k="amenity" v="cinema"/>
  <tag k="brand" v="CGV"/>
  <tag k="brand:en" v="CGV Cinemas"/>
  <tag k="brand:ko" v="CGV"/>
  <tag k="brand:wikidata" v="Q135400010"/>
  <tag k="building" v="yes"/>
  <tag k="building:levels" v="9"/>
  <tag k="height" v="48"/>
  <tag k="name" v="CGV 인천학익점"/>
  <tag k="name:en" v="CGV Cinemas"/>
  <tag k="name:ko" v="CGV"/>
  <tag k="start_date" v="2020"/>
 </way>
 <way id="1546646094" visible="true" version="1" changeset="186788353" timestamp="2026-08-02T02:15:21Z" user="Dooryun" uid="24326804">
  <nd ref="14067346833"/>
  <nd ref="14067346834"/>
  <tag k="highway" v="service"/>
  <tag k="surface" v="paved"/>
 </way>
 <way id="1556825513" visible="true" version="1" changeset="188680620" timestamp="2026-09-07T16:37:44Z" user="Mecandoly" uid="24525045">
  <nd ref="14159907082"/>
  <nd ref="14159907081"/>
  <tag k="highway" v="footway"/>
 </way>
 <relation id="2505207" visible="true" version="21" changeset="184736544" timestamp="2026-06-28T10:44:02Z" user="chiho_kang" uid="10604125">
  <member type="relation" ref="8144605" role="subarea"/>
  <member type="relation" ref="8144606" role="subarea"/>
  <member type="relation" ref="6683649" role="subarea"/>
  <member type="relation" ref="8144622" role="subarea"/>
  <member type="relation" ref="8144628" role="subarea"/>
  <member type="relation" ref="8144627" role="subarea"/>
  <member type="relation" ref="8144626" role="subarea"/>
  <member type="relation" ref="8144621" role="subarea"/>
  <member type="relation" ref="8144617" role="subarea"/>
  <member type="relation" ref="8144625" role="subarea"/>
  <member type="relation" ref="8144623" role="subarea"/>
  <member type="relation" ref="8144624" role="subarea"/>
  <member type="relation" ref="8144619" role="subarea"/>
  <member type="relation" ref="8144616" role="subarea"/>
  <member type="relation" ref="8144614" role="subarea"/>
  <member type="relation" ref="8144615" role="subarea"/>
  <member type="relation" ref="8144620" role="subarea"/>
  <member type="relation" ref="8144618" role="subarea"/>
  <member type="relation" ref="8144613" role="subarea"/>
  <member type="relation" ref="8144612" role="subarea"/>
  <member type="relation" ref="8144608" role="subarea"/>
  <member type="relation" ref="8144609" role="subarea"/>
  <member type="node" ref="1969457983" role="admin_centre"/>
  <member type="node" ref="415154901" role="label"/>
  <member type="way" ref="186259919" role="outer"/>
  <member type="way" ref="572784201" role="outer"/>
  <member type="way" ref="572784208" role="outer"/>
  <member type="way" ref="550043457" role="outer"/>
  <member type="way" ref="450560709" role="outer"/>
  <member type="way" ref="569061294" role="outer"/>
  <member type="way" ref="572784210" role="outer"/>
  <member type="way" ref="186259921" role="outer"/>
  <member type="way" ref="450560713" role="outer"/>
  <member type="way" ref="186259916" role="outer"/>
  <member type="way" ref="572294295" role="outer"/>
  <member type="way" ref="572784187" role="outer"/>
  <member type="way" ref="572294286" role="outer"/>
  <member type="way" ref="572784181" role="outer"/>
  <member type="way" ref="572784172" role="outer"/>
  <member type="way" ref="572784165" role="outer"/>
  <member type="way" ref="186259920" role="outer"/>
  <member type="way" ref="572294268" role="outer"/>
  <member type="way" ref="1111527124" role="outer"/>
  <member type="way" ref="572784160" role="outer"/>
  <member type="way" ref="568721397" role="outer"/>
  <member type="way" ref="568721382" role="outer"/>
  <member type="way" ref="572784157" role="outer"/>
  <member type="way" ref="186259925" role="outer"/>
  <member type="way" ref="568721404" role="outer"/>
  <member type="way" ref="572784199" role="outer"/>
  <member type="way" ref="777307020" role="outer"/>
  <tag k="admin_level" v="6"/>
  <tag k="boundary" v="administrative"/>
  <tag k="name" v="미추홀구"/>
  <tag k="name:en" v="Michuhol-gu"/>
  <tag k="name:ja" v="弥鄒忽区"/>
  <tag k="name:ko" v="미추홀구"/>
  <tag k="name:ko-Hani" v="彌鄒忽區"/>
  <tag k="name:zh" v="彌鄒忽區"/>
  <tag k="name:zh-Hans" v="弥邹忽区"/>
  <tag k="name:zh-Hant" v="彌鄒忽區"/>
  <tag k="ref:KR:mods:kadc" v="23090"/>
  <tag k="ref:KR:mois:admin" v="2817700000"/>
  <tag k="ref:KR:mois:legal" v="2817700000"/>
  <tag k="type" v="boundary"/>
  <tag k="wikidata" v="Q50365"/>
  <tag k="wikipedia" v="ko:미추홀구"/>
 </relation>
 <relation id="3012654" visible="true" version="35" changeset="178180469" timestamp="2026-02-06T10:46:56Z" user="Flamen_Sru" uid="13841144">
  <member type="node" ref="2066596170" role="stop"/>
  <member type="node" ref="5907965096" role="stop"/>
  <member type="node" ref="5907965080" role="stop"/>
  <member type="node" ref="5907965062" role="stop"/>
  <member type="node" ref="5907965001" role="stop"/>
  <member type="node" ref="5907964982" role="stop"/>
  <member type="node" ref="5907964905" role="stop"/>
  <member type="node" ref="5910775695" role="stop"/>
  <member type="node" ref="5910775684" role="stop"/>
  <member type="node" ref="5910775256" role="stop"/>
  <member type="node" ref="5910775615" role="stop"/>
  <member type="node" ref="5910775262" role="stop"/>
  <member type="node" ref="5910775260" role="stop"/>
  <member type="node" ref="5910775258" role="stop"/>
  <member type="way" ref="626070233" role=""/>
  <member type="way" ref="626070232" role=""/>
  <member type="way" ref="603285535" role=""/>
  <member type="way" ref="846882012" role=""/>
  <member type="way" ref="626070231" role=""/>
  <member type="way" ref="626070226" role=""/>
  <member type="way" ref="603285534" role=""/>
  <member type="way" ref="625745851" role=""/>
  <member type="way" ref="625745853" role=""/>
  <member type="way" ref="625745835" role=""/>
  <member type="way" ref="625745838" role=""/>
  <member type="way" ref="625745843" role=""/>
  <member type="way" ref="846859473" role=""/>
  <member type="way" ref="846859472" role=""/>
  <member type="way" ref="625745842" role=""/>
  <member type="way" ref="625745841" role=""/>
  <member type="way" ref="626070238" role=""/>
  <member type="way" ref="626070258" role=""/>
  <member type="way" ref="626070257" role=""/>
  <member type="way" ref="626070256" role=""/>
  <member type="way" ref="626070255" role=""/>
  <member type="way" ref="626070252" role=""/>
  <member type="way" ref="626070224" role=""/>
  <member type="way" ref="626070251" role=""/>
  <member type="way" ref="626070222" role=""/>
  <member type="way" ref="626070242" role=""/>
  <member type="way" ref="626070240" role=""/>
  <member type="way" ref="626070243" role=""/>
  <tag k="alt_ref" v="K2"/>
  <tag k="colour" v="#ECA300"/>
  <tag k="from" v="오이도"/>
  <tag k="name" v="수인·분당선: 오이도 → 인천"/>
  <tag k="name:en" v="Suin-Bundang Line : Oido → Incheon"/>
  <tag k="name:es" v="Línea Suin-Bundang"/>
  <tag k="name:ko" v="수인·분당선: 오이도 → 인천"/>
  <tag k="network" v="수도권 전철"/>
  <tag k="network:en" v="Seoul Metropolitan Subway"/>
  <tag k="network:ko" v="수도권 전철"/>
  <tag k="network:wikidata" v="Q16950"/>
  <tag k="network:wikipedia" v="ko:수도권 전철"/>
  <tag k="network:zh" v="韓國首都圈電鐵"/>
  <tag k="note" v="광역전철은 기차로 간주됩니다. 지하철로 바꾸지 마십시오."/>
  <tag k="operator" v="한국철도공사"/>
  <tag k="operator:en" v="Korea Railroad Corporation"/>
  <tag k="operator:ko" v="한국철도공사"/>
  <tag k="operator:short" v="KORAIL"/>
  <tag k="operator:type" v="public"/>
  <tag k="operator:wikidata" v="Q18169"/>
  <tag k="operator:wikipedia" v="en:Korail"/>
  <tag k="public_transport:version" v="2"/>
  <tag k="ref" v="수인·분당"/>
  <tag k="ref:en" v="Suin-Bundang"/>
  <tag k="route" v="train"/>
  <tag k="service" v="commuter"/>
  <tag k="to" v="인천"/>
  <tag k="type" v="route"/>
  <tag k="wheelchair" v="yes"/>
  <tag k="wikidata" v="Q84389881"/>
  <tag k="wikipedia" v="en:Suin-Bundang Line"/>
 </relation>
 <relation id="3149246" visible="true" version="5" changeset="172940500" timestamp="2025-10-07T04:16:12Z" user="JSon0507" uid="22656175">
  <member type="way" ref="218188830" role="outer"/>
  <member type="way" ref="218221703" role="inner"/>
  <tag k="building" v="university"/>
  <tag k="building:levels" v="5"/>
  <tag k="name" v="5호관"/>
  <tag k="name:en" v="Building #5"/>
  <tag k="name:ko" v="5호관"/>
  <tag k="type" v="multipolygon"/>
 </relation>
 <relation id="7701302" visible="true" version="9" changeset="120156455" timestamp="2022-04-25T09:16:24Z" user="Claudius Henrichs" uid="18069">
  <member type="node" ref="7902543836" role="stop"/>
  <member type="node" ref="5910775258" role="stop"/>
  <member type="node" ref="7902428189" role=""/>
  <member type="node" ref="3406758841" role=""/>
  <member type="node" ref="5354644639" role=""/>
  <member type="node" ref="5354644632" role=""/>
  <tag k="description" v="don't add stop or subway_entrance of Line 1"/>
  <tag k="name" v="인천 (수인분당선)"/>
  <tag k="name:en" v="Incheon (Suin-Bundang Line)"/>
  <tag k="name:ko" v="인천 (수인분당선)"/>
  <tag k="operator" v="한국철도공사"/>
  <tag k="public_transport" v="stop_area"/>
  <tag k="type" v="public_transport"/>
 </relation>
 <relation id="7990584" visible="true" version="37" changeset="163617989" timestamp="2025-03-14T16:41:59Z" user="vavamva_J" uid="22627625">
  <member type="node" ref="4800395177" role="bus_stop"/>
  <member type="node" ref="4800395175" role="bus_stop"/>
  <member type="node" ref="4850118596" role="bus_stop"/>
  <member type="node" ref="4850118598" role="bus_stop"/>
  <member type="node" ref="4857376640" role="bus_stop"/>
  <member type="node" ref="4834953795" role="bus_stop"/>
  <member type="node" ref="4857376642" role="bus_stop"/>
  <member type="node" ref="4857376644" role="bus_stop"/>
  <member type="node" ref="4857376647" role="bus_stop"/>
  <member type="node" ref="4857376648" role="bus_stop"/>
  <member type="node" ref="4857376651" role="bus_stop"/>
  <member type="node" ref="4800395189" role="bus_stop"/>
  <member type="node" ref="4800395191" role="bus_stop"/>
  <member type="node" ref="4800395193" role="bus_stop"/>
  <member type="node" ref="5394919263" role="bus_stop"/>
  <member type="node" ref="5394919265" role="bus_stop"/>
  <member type="node" ref="5394919267" role="bus_stop"/>
  <member type="node" ref="5394919269" role="bus_stop"/>
  <member type="node" ref="5394919271" role="bus_stop"/>
  <member type="node" ref="5394919275" role="bus_stop"/>
  <member type="node" ref="5394919277" role="bus_stop"/>
  <member type="node" ref="5394919279" role="bus_stop"/>
  <member type="node" ref="5394919281" role="bus_stop"/>
  <member type="node" ref="5394919283" role="bus_stop"/>
  <member type="node" ref="5394919287" role="bus_stop"/>
  <member type="node" ref="5394919289" role="bus_stop"/>
  <member type="node" ref="5394919291" role="bus_stop"/>
  <member type="way" ref="487613726" role=""/>
  <member type="way" ref="234955379" role=""/>
  <member type="way" ref="493014165" role=""/>
  <member type="way" ref="228781858" role=""/>
  <member type="way" ref="493079376" role=""/>
  <member type="way" ref="493079377" role=""/>
  <member type="way" ref="493014168" role=""/>
  <member type="way" ref="228340924" role=""/>
  <member type="way" ref="228340923" role=""/>
  <member type="way" ref="493014176" role=""/>
  <member type="way" ref="37400753" role=""/>
  <member type="way" ref="487634561" role=""/>
  <member type="way" ref="487634577" role=""/>
  <member type="way" ref="487634583" role=""/>
  <member type="way" ref="559023913" role=""/>
  <member type="way" ref="559023915" role=""/>
  <member type="way" ref="37403283" role=""/>
  <member type="way" ref="429770752" role=""/>
  <member type="way" ref="524657949" role=""/>
  <member type="way" ref="640193580" role=""/>
  <member type="way" ref="640193579" role=""/>
  <member type="way" ref="524657948" role=""/>
  <member type="way" ref="559023922" role=""/>
  <member type="way" ref="524657934" role=""/>
  <member type="way" ref="411089792" role=""/>
  <member type="way" ref="48386983" role=""/>
  <member type="way" ref="559023924" role=""/>
  <member type="way" ref="1215117252" role=""/>
  <member type="way" ref="48386979" role=""/>
  <member type="way" ref="48386985" role=""/>
  <member type="way" ref="48386973" role=""/>
  <member type="way" ref="1215117251" role=""/>
  <member type="way" ref="411089791" role=""/>
  <member type="way" ref="1215117253" role=""/>
  <member type="way" ref="559023921" role=""/>
  <member type="way" ref="48386980" role=""/>
  <member type="way" ref="640193578" role=""/>
  <member type="way" ref="640193577" role=""/>
  <member type="way" ref="429770754" role=""/>
  <member type="way" ref="559023929" role=""/>
  <member type="way" ref="1215393153" role=""/>
  <member type="way" ref="1223158575" role=""/>
  <member type="way" ref="1227252043" role=""/>
  <member type="way" ref="1227252044" role=""/>
  <member type="way" ref="1223158576" role=""/>
  <member type="way" ref="1227252045" role=""/>
  <member type="way" ref="281589088" role=""/>
  <member type="way" ref="559023932" role=""/>
  <member type="way" ref="281327277" role=""/>
  <member type="way" ref="281327267" role=""/>
  <member type="way" ref="281327269" role=""/>
  <member type="way" ref="281328199" role=""/>
  <member type="way" ref="281328205" role=""/>
  <member type="way" ref="281328203" role=""/>
  <member type="way" ref="281328202" role=""/>
  <member type="way" ref="71499301" role=""/>
  <member type="way" ref="281328201" role=""/>
  <member type="way" ref="559048326" role=""/>
  <member type="way" ref="37401899" role=""/>
  <member type="way" ref="559319618" role=""/>
  <member type="way" ref="37398785" role=""/>
  <member type="way" ref="71189114" role=""/>
  <member type="way" ref="37398786" role=""/>
  <member type="way" ref="559048329" role=""/>
  <member type="way" ref="616074248" role=""/>
  <member type="way" ref="559320316" role=""/>
  <member type="way" ref="552974152" role=""/>
  <member type="way" ref="547097707" role=""/>
  <member type="way" ref="364363824" role=""/>
  <member type="way" ref="37403080" role=""/>
  <member type="way" ref="37398795" role=""/>
  <member type="way" ref="559055372" role=""/>
  <member type="way" ref="877693751" role=""/>
  <member type="way" ref="877693748" role=""/>
  <member type="way" ref="472270062" role=""/>
  <member type="way" ref="559057507" role=""/>
  <member type="way" ref="393904851" role=""/>
  <member type="way" ref="233725457" role=""/>
  <member type="way" ref="879215095" role=""/>
  <member type="way" ref="544098152" role=""/>
  <member type="way" ref="544098153" role=""/>
  <member type="way" ref="879215108" role=""/>
  <member type="way" ref="547207780" role=""/>
  <member type="way" ref="559319620" role=""/>
  <member type="way" ref="235985378" role=""/>
  <member type="way" ref="235985379" role=""/>
  <member type="way" ref="1367364560" role=""/>
  <member type="way" ref="1367364562" role=""/>
  <member type="way" ref="559319621" role=""/>
  <member type="way" ref="749677015" role=""/>
  <member type="way" ref="559319622" role=""/>
  <member type="way" ref="559319623" role=""/>
  <member type="way" ref="234742185" role=""/>
  <member type="way" ref="234742205" role=""/>
  <member type="way" ref="484684377" role=""/>
  <member type="way" ref="559319628" role=""/>
  <member type="way" ref="234742184" role=""/>
  <member type="way" ref="1367366618" role=""/>
  <member type="way" ref="559319635" role=""/>
  <member type="way" ref="559319636" role=""/>
  <member type="way" ref="559319637" role=""/>
  <member type="way" ref="749677017" role=""/>
  <member type="way" ref="235985381" role=""/>
  <member type="way" ref="1367364563" role=""/>
  <member type="way" ref="1367364566" role=""/>
  <member type="way" ref="235985366" role=""/>
  <member type="way" ref="503705313" role=""/>
  <member type="way" ref="559319641" role=""/>
  <member type="way" ref="1272454848" role=""/>
  <member type="way" ref="1272454849" role=""/>
  <member type="way" ref="283735585" role=""/>
  <member type="way" ref="283735587" role=""/>
  <member type="way" ref="559319633" role=""/>
  <member type="way" ref="559319629" role=""/>
  <member type="way" ref="559055373" role=""/>
  <member type="way" ref="547207779" role=""/>
  <member type="way" ref="879215111" role=""/>
  <member type="way" ref="544098150" role=""/>
  <member type="way" ref="544098149" role=""/>
  <member type="way" ref="559319646" role=""/>
  <member type="way" ref="544098154" role=""/>
  <tag k="name" v="인천 버스 3-2"/>
  <tag k="name:en" v="Incheon Bus 3-2"/>
  <tag k="name:ko" v="인천 버스 3-2"/>
  <tag k="operator" v="성민버스"/>
  <tag k="ref" v="3-2"/>
  <tag k="route" v="bus"/>
  <tag k="type" v="route"/>
 </relation>
 <relation id="8016134" visible="true" version="26" changeset="178184374" timestamp="2026-02-06T12:03:40Z" user="Flamen_Sru" uid="13841144">
  <member type="node" ref="7902543836" role="stop"/>
  <member type="node" ref="5910775261" role="stop"/>
  <member type="node" ref="5910775263" role="stop"/>
  <member type="node" ref="5910775268" role="stop"/>
  <member type="node" ref="5910775257" role="stop"/>
  <member type="node" ref="5910775683" role="stop"/>
  <member type="node" ref="5204050235" role="stop"/>
  <member type="node" ref="5907964979" role="stop"/>
  <member type="node" ref="5907964981" role="stop"/>
  <member type="node" ref="5907965000" role="stop"/>
  <member type="node" ref="1794667157" role="stop"/>
  <member type="node" ref="5907965078" role="stop"/>
  <member type="node" ref="5907965097" role="stop"/>
  <member type="node" ref="5347779074" role="stop"/>
  <member type="way" ref="846867975" role=""/>
  <member type="way" ref="626070244" role=""/>
  <member type="way" ref="626070241" role=""/>
  <member type="way" ref="626070221" role=""/>
  <member type="way" ref="168174651" role=""/>
  <member type="way" ref="626070223" role=""/>
  <member type="way" ref="168174652" role=""/>
  <member type="way" ref="552858011" role=""/>
  <member type="way" ref="552858012" role=""/>
  <member type="way" ref="459515350" role=""/>
  <member type="way" ref="459515353" role=""/>
  <member type="way" ref="626070239" role=""/>
  <member type="way" ref="552857833" role=""/>
  <member type="way" ref="552857832" role=""/>
  <member type="way" ref="226702968" role=""/>
  <member type="way" ref="846859471" role=""/>
  <member type="way" ref="846859470" role=""/>
  <member type="way" ref="625745839" role=""/>
  <member type="way" ref="625745836" role=""/>
  <member type="way" ref="625745854" role=""/>
  <member type="way" ref="625745852" role=""/>
  <member type="way" ref="226702967" role=""/>
  <member type="way" ref="626070227" role=""/>
  <member type="way" ref="626070230" role=""/>
  <member type="way" ref="226702972" role=""/>
  <member type="way" ref="846882011" role=""/>
  <member type="way" ref="626070234" role=""/>
  <member type="way" ref="626070236" role=""/>
  <tag k="colour" v="#ECA300"/>
  <tag k="from" v="인천"/>
  <tag k="name" v="수인·분당선: 인천 → 오이도"/>
  <tag k="name:en" v="Suin-Bundang Line : Incheon → Oido"/>
  <tag k="name:es" v="Línea Suin"/>
  <tag k="name:ko" v="수인·분당선: 인천 → 오이도"/>
  <tag k="network" v="수도권 전철"/>
  <tag k="network:en" v="Seoul Metropolitan Subway"/>
  <tag k="network:ko" v="수도권 전철"/>
  <tag k="network:wikidata" v="Q16950"/>
  <tag k="network:wikipedia" v="ko:수도권 전철"/>
  <tag k="network:zh" v="韓國首都圈電鐵"/>
  <tag k="note" v="광역전철은 기차로 간주됩니다. 지하철로 바꾸지 마십시오."/>
  <tag k="operator" v="한국철도공사"/>
  <tag k="operator:en" v="Korea Railroad Corporation"/>
  <tag k="operator:ko" v="한국철도공사"/>
  <tag k="operator:short" v="KORAIL"/>
  <tag k="operator:type" v="public"/>
  <tag k="operator:wikidata" v="Q18169"/>
  <tag k="operator:wikipedia" v="en:Korail"/>
  <tag k="public_transport:version" v="2"/>
  <tag k="ref" v="수인·분당"/>
  <tag k="ref:en" v="Suin-Bundang"/>
  <tag k="route" v="train"/>
  <tag k="service" v="commuter"/>
  <tag k="to" v="오이도"/>
  <tag k="type" v="route"/>
  <tag k="wheelchair" v="yes"/>
  <tag k="wikidata" v="Q84389881"/>
  <tag k="wikipedia" v="en:Suin-Bundang Line"/>
 </relation>
 <relation id="8037867" visible="true" version="3" changeset="90814340" timestamp="2020-09-13T09:35:36Z" user="user_5239402" uid="5239402">
  <member type="node" ref="5910775264" role=""/>
  <member type="node" ref="4896547595" role=""/>
  <member type="node" ref="4896547594" role=""/>
  <member type="node" ref="4665399948" role=""/>
  <member type="node" ref="4896547596" role=""/>
  <member type="node" ref="5910775263" role="stop"/>
  <member type="node" ref="5910775262" role="stop"/>
  <tag k="name" v="숭의"/>
  <tag k="name:en" v="Sungui"/>
  <tag k="name:ko" v="숭의"/>
  <tag k="operator" v="한국철도공사"/>
  <tag k="public_transport" v="stop_area"/>
  <tag k="public_transport:version" v="2"/>
  <tag k="type" v="public_transport"/>
 </relation>
 <relation id="8037869" visible="true" version="4" changeset="90814340" timestamp="2020-09-13T09:35:36Z" user="user_5239402" uid="5239402">
  <member type="node" ref="5910775269" role=""/>
  <member type="node" ref="4741793213" role=""/>
  <member type="node" ref="4741793364" role=""/>
  <member type="node" ref="4741793359" role=""/>
  <member type="node" ref="4741793360" role=""/>
  <member type="node" ref="4741793363" role=""/>
  <member type="node" ref="4741793361" role=""/>
  <member type="node" ref="4741793362" role=""/>
  <member type="node" ref="5910775268" role="stop"/>
  <member type="node" ref="5910775615" role="stop"/>
  <tag k="name" v="인하대"/>
  <tag k="name:en" v="Inha University"/>
  <tag k="name:ko" v="인하대"/>
  <tag k="operator" v="한국철도공사"/>
  <tag k="public_transport" v="stop_area"/>
  <tag k="type" v="public_transport"/>
 </relation>
 <relation id="8038931" visible="true" version="2" changeset="62650551" timestamp="2018-09-17T03:12:13Z" user="Q8ba2di0Pa" uid="2945135">
  <member type="node" ref="5910775265" role=""/>
  <member type="node" ref="4897168271" role=""/>
  <member type="node" ref="4897168276" role=""/>
  <member type="node" ref="4897168275" role=""/>
  <member type="node" ref="4897168274" role=""/>
  <member type="node" ref="4897168273" role=""/>
  <member type="node" ref="4897168272" role=""/>
  <member type="node" ref="5910775261" role="stop"/>
  <member type="node" ref="5910775260" role="stop"/>
  <tag k="name" v="신포역"/>
  <tag k="name:en" v="Sinpo"/>
  <tag k="public_transport" v="stop_area"/>
  <tag k="public_transport:version" v="2"/>
  <tag k="type" v="public_transport"/>
 </relation>
 <relation id="8144603" visible="true" version="4" changeset="137745918" timestamp="2023-06-25T10:38:57Z" user="Lepuse" uid="9560399">
  <member type="node" ref="415154888" role="label"/>
  <member type="way" ref="572784192" role="outer"/>
  <member type="way" ref="572784176" role="outer"/>
  <member type="way" ref="572784169" role="outer"/>
  <member type="way" ref="572784155" role="outer"/>
  <member type="way" ref="572784180" role="outer"/>
  <member type="way" ref="572784200" role="outer"/>
  <member type="way" ref="186259919" role="outer"/>
  <member type="way" ref="572784201" role="outer"/>
  <member type="way" ref="572784209" role="outer"/>
  <member type="way" ref="572784202" role="outer"/>
  <member type="way" ref="572784206" role="outer"/>
  <member type="way" ref="572784190" role="outer"/>
  <member type="relation" ref="8144617" role="subarea"/>
  <member type="relation" ref="8144625" role="subarea"/>
  <member type="relation" ref="8144623" role="subarea"/>
  <member type="relation" ref="8144624" role="subarea"/>
  <tag k="boundary" v="legal"/>
  <tag k="description" v="법정동"/>
  <tag k="name" v="용현동"/>
  <tag k="name:en" v="Yonghyeon-dong"/>
  <tag k="name:ko" v="용현동"/>
  <tag k="name:ko-Hani" v="龍峴洞"/>
  <tag k="name:zh" v="龍峴洞"/>
  <tag k="name:zh-Hans" v="龙岘洞"/>
  <tag k="name:zh-Hant" v="龍峴洞"/>
  <tag k="type" v="boundary"/>
 </relation>
 <relation id="8144607" visible="true" version="8" changeset="137745918" timestamp="2023-06-25T10:38:57Z" user="Lepuse" uid="9560399">
  <member type="node" ref="415154889" role="label"/>
  <member type="way" ref="572784168" role="outer"/>
  <member type="way" ref="572784167" role="outer"/>
  <member type="way" ref="572784155" role="outer"/>
  <member type="way" ref="572784180" role="outer"/>
  <member type="way" ref="572784200" role="outer"/>
  <member type="way" ref="777307020" role="outer"/>
  <member type="way" ref="572784199" role="outer"/>
  <member type="way" ref="568721404" role="outer"/>
  <member type="way" ref="186259925" role="outer"/>
  <member type="way" ref="572784157" role="outer"/>
  <member type="way" ref="572784159" role="outer"/>
  <member type="way" ref="572784154" role="outer"/>
  <tag k="boundary" v="legal"/>
  <tag k="description" v="법정동"/>
  <tag k="name" v="학익동"/>
  <tag k="name:en" v="Hagik-dong"/>
  <tag k="name:ja" v="鶴翼洞"/>
  <tag k="name:ko" v="학익동"/>
  <tag k="name:ko-Hani" v="鶴翼洞"/>
  <tag k="name:zh" v="鶴翼洞"/>
  <tag k="name:zh-Hans" v="鹤翼洞"/>
  <tag k="name:zh-Hant" v="鶴翼洞"/>
  <tag k="type" v="boundary"/>
 </relation>
 <relation id="8144608" visible="true" version="7" changeset="137619815" timestamp="2023-06-21T19:45:09Z" user="Lepuse" uid="9560399">
  <member type="way" ref="572784159" role="outer"/>
  <member type="way" ref="572784156" role="outer"/>
  <member type="way" ref="572784180" role="outer"/>
  <member type="way" ref="572784200" role="outer"/>
  <member type="way" ref="777307020" role="outer"/>
  <member type="way" ref="572784199" role="outer"/>
  <member type="way" ref="568721404" role="outer"/>
  <member type="way" ref="186259925" role="outer"/>
  <member type="way" ref="572784157" role="outer"/>
  <tag k="admin_level" v="8"/>
  <tag k="boundary" v="administrative"/>
  <tag k="name" v="학익1동"/>
  <tag k="name:en" v="Hagik 1(il)-dong"/>
  <tag k="name:ja" v="鶴翼1洞"/>
  <tag k="name:ko" v="학익1동"/>
  <tag k="name:ko-Hani" v="鶴翼1洞"/>
  <tag k="name:zh" v="鶴翼1洞"/>
  <tag k="name:zh-Hans" v="鹤翼1洞"/>
  <tag k="name:zh-Hant" v="鶴翼1洞"/>
  <tag k="type" v="boundary"/>
 </relation>
 <relation id="8144617" visible="true" version="5" changeset="137619815" timestamp="2023-06-21T19:45:09Z" user="Lepuse" uid="9560399">
  <member type="way" ref="572784197" role="outer"/>
  <member type="way" ref="572784192" role="outer"/>
  <member type="way" ref="572784176" role="outer"/>
  <member type="way" ref="572784169" role="outer"/>
  <member type="way" ref="572784155" role="outer"/>
  <member type="way" ref="572784180" role="outer"/>
  <member type="way" ref="572784178" role="outer"/>
  <tag k="admin_level" v="8"/>
  <tag k="boundary" v="administrative"/>
  <tag k="name" v="용현1·4동"/>
  <tag k="name:en" v="Yonghyeon 1(il)·4(sa)-dong"/>
  <tag k="name:ko" v="용현1·4동"/>
  <tag k="name:ko-Hani" v="龍峴1·4洞"/>
  <tag k="name:zh" v="龍峴1·4洞"/>
  <tag k="name:zh-Hans" v="龙岘1·4洞"/>
  <tag k="name:zh-Hant" v="龍峴1·4洞"/>
  <tag k="type" v="boundary"/>
  <tag k="wikidata" v="Q27337387"/>
 </relation>
 <relation id="8144623" visible="true" version="5" changeset="137619815" timestamp="2023-06-21T19:45:09Z" user="Lepuse" uid="9560399">
  <member type="node" ref="5502604330" role="admin_centre"/>
  <member type="way" ref="572784206" role="outer"/>
  <member type="way" ref="572784190" role="outer"/>
  <member type="way" ref="572784197" role="outer"/>
  <member type="way" ref="572784203" role="outer"/>
  <tag k="admin_level" v="8"/>
  <tag k="boundary" v="administrative"/>
  <tag k="name" v="용현3동"/>
  <tag k="name:en" v="Yonghyeon 3(sam)-dong"/>
  <tag k="name:ko" v="용현3동"/>
  <tag k="name:ko-Hani" v="龍峴3洞"/>
  <tag k="name:zh" v="龍峴3洞"/>
  <tag k="name:zh-Hans" v="龙岘3洞"/>
  <tag k="name:zh-Hant" v="龍峴3洞"/>
  <tag k="type" v="boundary"/>
  <tag k="wikidata" v="Q27337371"/>
 </relation>
 <relation id="8144624" visible="true" version="4" changeset="137619815" timestamp="2023-06-21T19:45:09Z" user="Lepuse" uid="9560399">
  <member type="way" ref="186259919" role="outer"/>
  <member type="way" ref="572784198" role="outer"/>
  <member type="way" ref="572784178" role="outer"/>
  <member type="way" ref="572784200" role="outer"/>
  <member type="node" ref="4658464362" role="admin_centre"/>
  <tag k="admin_level" v="8"/>
  <tag k="boundary" v="administrative"/>
  <tag k="name" v="용현5동"/>
  <tag k="name:en" v="Yonghyeon 5(o)-dong"/>
  <tag k="name:ko" v="용현5동"/>
  <tag k="name:ko-Hani" v="龍峴5洞"/>
  <tag k="name:zh" v="龍峴5洞"/>
  <tag k="name:zh-Hans" v="龙岘5洞"/>
  <tag k="name:zh-Hant" v="龍峴5洞"/>
  <tag k="type" v="boundary"/>
 </relation>
 <relation id="8144625" visible="true" version="5" changeset="137619815" timestamp="2023-06-21T19:45:09Z" user="Lepuse" uid="9560399">
  <member type="way" ref="572784201" role="outer"/>
  <member type="way" ref="572784198" role="outer"/>
  <member type="way" ref="572784203" role="outer"/>
  <member type="way" ref="572784202" role="outer"/>
  <member type="way" ref="572784209" role="outer"/>
  <tag k="admin_level" v="8"/>
  <tag k="boundary" v="administrative"/>
  <tag k="name" v="용현2동"/>
  <tag k="name:en" v="Yonghyeon 2(i)-dong"/>
  <tag k="name:ko" v="용현2동"/>
  <tag k="name:ko-Hani" v="龍峴2洞"/>
  <tag k="name:zh" v="龍峴2洞"/>
  <tag k="name:zh-Hans" v="龙岘2洞"/>
  <tag k="name:zh-Hant" v="龍峴2洞"/>
  <tag k="type" v="boundary"/>
  <tag k="wikidata" v="Q27337391"/>
 </relation>
 <relation id="8683963" visible="true" version="1" changeset="62523802" timestamp="2018-09-12T15:09:08Z" user="Q8ba2di0Pa" uid="2945135">
  <member type="relation" ref="7701302" role=""/>
  <member type="relation" ref="7701303" role=""/>
  <tag k="name" v="인천역"/>
  <tag k="public_transport" v="stop_area_group"/>
  <tag k="type" v="public_transport"/>
 </relation>
 <relation id="8823701" visible="true" version="21" changeset="177152223" timestamp="2026-01-12T19:36:24Z" user="aaei924" uid="10626814">
  <member type="way" ref="330314676" role=""/>
  <member type="way" ref="846867975" role=""/>
  <member type="way" ref="626070244" role=""/>
  <member type="way" ref="626070241" role=""/>
  <member type="way" ref="626070221" role=""/>
  <member type="way" ref="168174651" role=""/>
  <member type="way" ref="626070223" role=""/>
  <member type="way" ref="168174652" role=""/>
  <member type="way" ref="552858011" role=""/>
  <member type="way" ref="552858012" role=""/>
  <member type="way" ref="459515350" role=""/>
  <member type="way" ref="459515353" role=""/>
  <member type="way" ref="626070239" role=""/>
  <member type="way" ref="552857833" role=""/>
  <member type="way" ref="552857832" role=""/>
  <member type="way" ref="226702968" role=""/>
  <member type="way" ref="846859471" role=""/>
  <member type="way" ref="846859470" role=""/>
  <member type="way" ref="625745839" role=""/>
  <member type="way" ref="625745836" role=""/>
  <member type="way" ref="625745854" role=""/>
  <member type="way" ref="625745852" role=""/>
  <member type="way" ref="226702967" role=""/>
  <member type="way" ref="626070227" role=""/>
  <member type="way" ref="626070230" role=""/>
  <member type="way" ref="226702972" role=""/>
  <member type="way" ref="846882011" role=""/>
  <member type="way" ref="626070234" role=""/>
  <member type="way" ref="626070236" role=""/>
  <member type="way" ref="554098549" role=""/>
  <member type="way" ref="626520415" role=""/>
  <member type="way" ref="553277309" role=""/>
  <member type="way" ref="553277311" role=""/>
  <member type="way" ref="553277308" role=""/>
  <member type="way" ref="553277307" role=""/>
  <member type="way" ref="553032347" role=""/>
  <member type="way" ref="774616849" role=""/>
  <member type="way" ref="774616848" role=""/>
  <member type="way" ref="553032346" role=""/>
  <member type="way" ref="1221937581" role=""/>
  <member type="way" ref="226702955" role=""/>
  <member type="way" ref="848345070" role=""/>
  <member type="way" ref="848345069" role=""/>
  <member type="way" ref="777243261" role=""/>
  <member type="way" ref="774616857" role=""/>
  <member type="way" ref="774616856" role=""/>
  <member type="way" ref="226702976" role=""/>
  <member type="way" ref="226702982" role=""/>
  <member type="way" ref="226702980" role=""/>
  <member type="way" ref="226702964" role=""/>
  <member type="way" ref="226702952" role=""/>
  <member type="way" ref="833822502" role=""/>
  <member type="way" ref="700350356" role=""/>
  <member type="way" ref="833822494" role=""/>
  <member type="way" ref="833822492" role=""/>
  <member type="way" ref="833822490" role=""/>
  <member type="way" ref="486122611" role=""/>
  <member type="way" ref="843904506" role=""/>
  <member type="way" ref="843904507" role=""/>
  <member type="way" ref="843904511" role=""/>
  <member type="way" ref="843904510" role=""/>
  <member type="way" ref="843904515" role=""/>
  <member type="way" ref="843904514" role=""/>
  <member type="way" ref="843904519" role=""/>
  <member type="way" ref="843904516" role=""/>
  <member type="way" ref="486122595" role=""/>
  <member type="way" ref="833822484" role=""/>
  <member type="way" ref="833822488" role=""/>
  <member type="way" ref="486122591" role=""/>
  <member type="way" ref="843904523" role=""/>
  <member type="way" ref="843904524" role=""/>
  <member type="way" ref="846889792" role=""/>
  <member type="way" ref="843904525" role=""/>
  <member type="way" ref="843904526" role=""/>
  <member type="way" ref="843904529" role=""/>
  <member type="way" ref="843904530" role=""/>
  <member type="way" ref="486122599" role=""/>
  <member type="way" ref="486122605" role=""/>
  <member type="way" ref="618443477" role=""/>
  <member type="way" ref="833822475" role=""/>
  <member type="way" ref="843904533" role=""/>
  <member type="way" ref="843904536" role=""/>
  <member type="way" ref="843904537" role=""/>
  <member type="way" ref="843904540" role=""/>
  <member type="way" ref="843904543" role=""/>
  <member type="way" ref="843904541" role=""/>
  <member type="way" ref="843904545" role=""/>
  <member type="way" ref="843904546" role=""/>
  <member type="way" ref="843904549" role=""/>
  <member type="way" ref="843904551" role=""/>
  <member type="way" ref="843904554" role=""/>
  <member type="way" ref="843904555" role=""/>
  <member type="way" ref="833822472" role=""/>
  <member type="way" ref="848399330" role=""/>
  <member type="way" ref="977918172" role=""/>
  <member type="way" ref="833822470" role=""/>
  <member type="way" ref="846867974" role=""/>
  <member type="way" ref="626070243" role=""/>
  <member type="way" ref="626070240" role=""/>
  <member type="way" ref="626070242" role=""/>
  <member type="way" ref="626070222" role=""/>
  <member type="way" ref="626070251" role=""/>
  <member type="way" ref="626070224" role=""/>
  <member type="way" ref="626070252" role=""/>
  <member type="way" ref="626070255" role=""/>
  <member type="way" ref="626070256" role=""/>
  <member type="way" ref="626070257" role=""/>
  <member type="way" ref="626070258" role=""/>
  <member type="way" ref="626070238" role=""/>
  <member type="way" ref="625745841" role=""/>
  <member type="way" ref="625745842" role=""/>
  <member type="way" ref="846859472" role=""/>
  <member type="way" ref="846859473" role=""/>
  <member type="way" ref="625745843" role=""/>
  <member type="way" ref="625745838" role=""/>
  <member type="way" ref="625745835" role=""/>
  <member type="way" ref="625745853" role=""/>
  <member type="way" ref="625745851" role=""/>
  <member type="way" ref="603285534" role=""/>
  <member type="way" ref="626070226" role=""/>
  <member type="way" ref="626070231" role=""/>
  <member type="way" ref="846882012" role=""/>
  <member type="way" ref="603285535" role=""/>
  <member type="way" ref="626070232" role=""/>
  <member type="way" ref="626070233" role=""/>
  <member type="way" ref="626520417" role=""/>
  <member type="way" ref="626520414" role=""/>
  <member type="way" ref="553277310" role=""/>
  <member type="way" ref="553277312" role=""/>
  <member type="way" ref="196292940" role=""/>
  <member type="way" ref="196292944" role=""/>
  <member type="way" ref="196292943" role=""/>
  <member type="way" ref="774616850" role=""/>
  <member type="way" ref="774616851" role=""/>
  <member type="way" ref="553033070" role=""/>
  <member type="way" ref="196292947" role=""/>
  <member type="way" ref="1221937580" role=""/>
  <member type="way" ref="848345073" role=""/>
  <member type="way" ref="848345074" role=""/>
  <member type="way" ref="777243258" role=""/>
  <member type="way" ref="777243259" role=""/>
  <member type="way" ref="774616858" role=""/>
  <member type="way" ref="774616859" role=""/>
  <member type="way" ref="226702956" role=""/>
  <member type="way" ref="58528337" role=""/>
  <member type="way" ref="654087838" role=""/>
  <member type="way" ref="654087839" role=""/>
  <member type="way" ref="226702974" role=""/>
  <member type="way" ref="58548721" role=""/>
  <member type="way" ref="58548718" role=""/>
  <member type="way" ref="58548717" role=""/>
  <member type="way" ref="58548716" role=""/>
  <member type="way" ref="58548715" role=""/>
  <member type="way" ref="833822496" role=""/>
  <member type="way" ref="833822495" role=""/>
  <member type="way" ref="833822493" role=""/>
  <member type="way" ref="833822491" role=""/>
  <member type="way" ref="833822489" role=""/>
  <member type="way" ref="843904504" role=""/>
  <member type="way" ref="849759838" role=""/>
  <member type="way" ref="843904509" role=""/>
  <member type="way" ref="843904508" role=""/>
  <member type="way" ref="843904512" role=""/>
  <member type="way" ref="843904513" role=""/>
  <member type="way" ref="843904517" role=""/>
  <member type="way" ref="849759837" role=""/>
  <member type="way" ref="833822482" role=""/>
  <member type="way" ref="833822483" role=""/>
  <member type="way" ref="833822486" role=""/>
  <member type="way" ref="833822481" role=""/>
  <member type="way" ref="843904522" role=""/>
  <member type="way" ref="843904521" role=""/>
  <member type="way" ref="846889793" role=""/>
  <member type="way" ref="843904528" role=""/>
  <member type="way" ref="843904527" role=""/>
  <member type="way" ref="843904531" role=""/>
  <member type="way" ref="843904532" role=""/>
  <member type="way" ref="833822477" role=""/>
  <member type="way" ref="833822476" role=""/>
  <member type="way" ref="833822474" role=""/>
  <member type="way" ref="843904534" role=""/>
  <member type="way" ref="843904535" role=""/>
  <member type="way" ref="843904538" role=""/>
  <member type="way" ref="843904539" role=""/>
  <member type="way" ref="843904544" role=""/>
  <member type="way" ref="843904542" role=""/>
  <member type="way" ref="843904547" role=""/>
  <member type="way" ref="843904548" role=""/>
  <member type="way" ref="843904550" role=""/>
  <member type="way" ref="843904552" role=""/>
  <member type="way" ref="843904553" role=""/>
  <member type="way" ref="843904556" role=""/>
  <member type="way" ref="833822473" role=""/>
  <member type="way" ref="848399331" role=""/>
  <member type="way" ref="848399332" role=""/>
  <member type="way" ref="843904560" role=""/>
  <member type="way" ref="977918171" role=""/>
  <member type="way" ref="833822469" role=""/>
  <tag k="description" v="이 관계는 하나의 국가철도 노선을 나타냅니다. 열차의 영업 노선은 route=railway, 열차의 운행 계통은 route=train 등 관계를 참고하세요."/>
  <tag k="distance" v="52.3"/>
  <tag k="from" v="수원"/>
  <tag k="name" v="수인선"/>
  <tag k="name:en" v="Suin Line"/>
  <tag k="name:ja" v="水仁線"/>
  <tag k="name:ko" v="수인선"/>
  <tag k="network" v="대한민국 국가철도"/>
  <tag k="note" v="이 관계의 하위에는 이 국가철도 노선을 구성하는 선로만 포함시켜 주시기 바랍니다."/>
  <tag k="not:operator:wikidata" v="Q624022"/>
  <tag k="operator" v="한국철도공사"/>
  <tag k="operator:en" v="Korea Railroad Corporation"/>
  <tag k="operator:ko" v="한국철도공사"/>
  <tag k="operator:short" v="KORAIL"/>
  <tag k="operator:type" v="public"/>
  <tag k="operator:wikidata" v="Q18169"/>
  <tag k="operator:wikipedia" v="en:Korail"/>
  <tag k="owner" v="대한민국정부"/>
  <tag k="ref" v="30205"/>
  <tag k="route" v="tracks"/>
  <tag k="to" v="인천"/>
  <tag k="type" v="route"/>
  <tag k="wikidata" v="Q16948"/>
  <tag k="wikipedia" v="en:Suin Line"/>
 </relation>
 <relation id="8842495" visible="true" version="20" changeset="179983026" timestamp="2026-03-17T05:48:02Z" user="AnSanMap" uid="5185732">
  <member type="relation" ref="8842494" role=""/>
  <member type="relation" ref="8842493" role=""/>
  <member type="relation" ref="8842492" role=""/>
  <member type="relation" ref="8842491" role=""/>
  <member type="relation" ref="8859995" role=""/>
  <member type="relation" ref="8823701" role=""/>
  <member type="relation" ref="8859994" role=""/>
  <member type="relation" ref="8842490" role=""/>
  <member type="relation" ref="8860049" role=""/>
  <member type="relation" ref="6094785" role=""/>
  <member type="relation" ref="6105016" role=""/>
  <member type="relation" ref="8864172" role=""/>
  <member type="relation" ref="8864220" role=""/>
  <member type="relation" ref="8864378" role=""/>
  <member type="relation" ref="8864424" role=""/>
  <member type="relation" ref="8864478" role=""/>
  <member type="relation" ref="8860031" role=""/>
  <member type="relation" ref="8860029" role=""/>
  <member type="relation" ref="8860030" role=""/>
  <member type="relation" ref="15885694" role=""/>
  <member type="relation" ref="16290442" role=""/>
  <tag k="description" v="이 경로 마스터는 지선이 있는 국가철도 노선 계통을 나타냅니다."/>
  <tag k="name" v="경부선"/>
  <tag k="name:de" v="Gyeongbu-Linie"/>
  <tag k="name:en" v="Gyeongbu Line"/>
  <tag k="name:es" v="Línea Gyeongbu"/>
  <tag k="name:fr" v="Ligne ferroviaire Gyeongbu"/>
  <tag k="name:ja" v="京釜線"/>
  <tag k="name:ko" v="경부선"/>
  <tag k="name:ko-Hani" v="京釜線"/>
  <tag k="name:pl" v="Linia kolejowa Gyeongbu"/>
  <tag k="name:zh" v="京釜線"/>
  <tag k="network" v="대한민국 국가철도"/>
  <tag k="note" v="이 관계의 하위에는 '관계' 유형의 개별 국가철도 노선만 포함시켜 주시기 바랍니다."/>
  <tag k="not:operator:wikidata" v="Q624022"/>
  <tag k="operator" v="한국철도공사"/>
  <tag k="operator:en" v="Korea Railroad Corporation"/>
  <tag k="operator:ko" v="한국철도공사"/>
  <tag k="operator:ko-Hani" v="韓國鐵道公社"/>
  <tag k="operator:ko-Latn" v="Hanguk cheoldo gongsa"/>
  <tag k="operator:short" v="KORAIL"/>
  <tag k="operator:type" v="public"/>
  <tag k="operator:wikidata" v="Q18169"/>
  <tag k="operator:wikipedia" v="en:Korail"/>
  <tag k="route_master" v="railway"/>
  <tag k="type" v="route_master"/>
 </relation>
 <relation id="11619514" visible="true" version="26" changeset="182767622" timestamp="2026-05-17T05:53:31Z" user="Claudius Henrichs" uid="18069">
  <member type="relation" ref="11625556" role=""/>
  <member type="relation" ref="10799694" role=""/>
  <member type="relation" ref="2718887" role=""/>
  <member type="relation" ref="6064115" role=""/>
  <member type="relation" ref="10791319" role=""/>
  <member type="relation" ref="6064104" role=""/>
  <member type="relation" ref="10791318" role=""/>
  <member type="relation" ref="8016134" role=""/>
  <member type="relation" ref="3012654" role=""/>
  <member type="relation" ref="10791329" role=""/>
  <member type="relation" ref="10791320" role=""/>
  <member type="relation" ref="10799695" role=""/>
  <member type="relation" ref="11625555" role=""/>
  <member type="relation" ref="11634611" role=""/>
  <member type="relation" ref="11634612" role=""/>
  <member type="relation" ref="11634613" role=""/>
  <member type="relation" ref="11634614" role=""/>
  <member type="relation" ref="11636213" role=""/>
  <member type="relation" ref="6064114" role=""/>
  <member type="relation" ref="11651118" role=""/>
  <member type="relation" ref="11651119" role=""/>
  <member type="relation" ref="11636212" role=""/>
  <member type="relation" ref="15870343" role=""/>
  <member type="relation" ref="15870344" role=""/>
  <tag k="colour" v="#ECA300"/>
  <tag k="description" v="운행계통 모음"/>
  <tag k="name" v="수도권 전철 수인·분당선"/>
  <tag k="name:en" v="Seoul Metropolitan Subway Suin–Bundang Line"/>
  <tag k="name:ko" v="수도권 전철 수인·분당선"/>
  <tag k="network" v="수도권 전철"/>
  <tag k="network:en" v="Seoul Metropolitan Subway"/>
  <tag k="network:ko" v="수도권 전철"/>
  <tag k="network:wikidata" v="Q16950"/>
  <tag k="network:wikipedia" v="ko:수도권 전철"/>
  <tag k="operator" v="한국철도공사"/>
  <tag k="operator:en" v="Korea Railroad Corporation"/>
  <tag k="ref" v="수인·분당"/>
  <tag k="ref:en" v="Suin-Bundang"/>
  <tag k="route_master" v="train"/>
  <tag k="start_date" v="1994-09-01"/>
  <tag k="type" v="route_master"/>
  <tag k="wikidata" v="Q84389881"/>
  <tag k="wikipedia" v="en:Suin–Bundang Line"/>
 </relation>
 <relation id="11625555" visible="true" version="25" changeset="178183233" timestamp="2026-02-06T11:40:29Z" user="BR_pebble" uid="15458791">
  <member type="node" ref="5925991074" role="stop_entry_only"/>
  <member type="node" ref="6312484954" role="stop"/>
  <member type="node" ref="6312484284" role="stop"/>
  <member type="node" ref="6312484691" role="stop"/>
  <member type="node" ref="6312484692" role="stop"/>
  <member type="node" ref="6312484705" role="stop"/>
  <member type="node" ref="6312484707" role="stop"/>
  <member type="node" ref="6312484708" role="stop"/>
  <member type="node" ref="6312484721" role="stop"/>
  <member type="node" ref="6312484730" role="stop"/>
  <member type="node" ref="6312484735" role="stop"/>
  <member type="node" ref="7746266277" role="stop"/>
  <member type="node" ref="6312484760" role="stop"/>
  <member type="node" ref="6312484768" role="stop"/>
  <member type="node" ref="6312484770" role="stop"/>
  <member type="node" ref="6312484772" role="stop"/>
  <member type="node" ref="6312484888" role="stop"/>
  <member type="node" ref="6312484908" role="stop"/>
  <member type="node" ref="6312484921" role="stop"/>
  <member type="node" ref="6312484922" role="stop"/>
  <member type="node" ref="6312484934" role="stop"/>
  <member type="node" ref="6312484243" role="stop"/>
  <member type="node" ref="6312484248" role="stop"/>
  <member type="node" ref="5924431381" role="stop"/>
  <member type="node" ref="7287965104" role="stop"/>
  <member type="node" ref="7287965131" role="stop"/>
  <member type="node" ref="7287965144" role="stop"/>
  <member type="node" ref="7287965160" role="stop"/>
  <member type="node" ref="7287965173" role="stop"/>
  <member type="node" ref="7287966290" role="stop"/>
  <member type="node" ref="7287966294" role="stop"/>
  <member type="node" ref="7287966303" role="stop"/>
  <member type="node" ref="7287966314" role="stop"/>
  <member type="node" ref="7287966324" role="stop"/>
  <member type="node" ref="7287966331" role="stop"/>
  <member type="node" ref="7287966349" role="stop"/>
  <member type="node" ref="7872228250" role="stop"/>
  <member type="node" ref="7864301049" role="stop"/>
  <member type="node" ref="7872218776" role="stop"/>
  <member type="node" ref="7863473544" role="stop"/>
  <member type="node" ref="7872218729" role="stop"/>
  <member type="node" ref="355173115" role="stop"/>
  <member type="node" ref="5349743239" role="stop"/>
  <member type="node" ref="5911861689" role="stop"/>
  <member type="node" ref="5723047769" role="stop"/>
  <member type="node" ref="5911861708" role="stop"/>
  <member type="node" ref="2066387615" role="stop"/>
  <member type="node" ref="619039778" role="stop"/>
  <member type="node" ref="2066596170" role="stop"/>
  <member type="node" ref="5907965096" role="stop"/>
  <member type="node" ref="5907965080" role="stop"/>
  <member type="node" ref="5907965062" role="stop"/>
  <member type="node" ref="5907965001" role="stop"/>
  <member type="node" ref="5907964982" role="stop"/>
  <member type="node" ref="5907964905" role="stop"/>
  <member type="node" ref="5910775695" role="stop"/>
  <member type="node" ref="5910775684" role="stop"/>
  <member type="node" ref="5910775256" role="stop"/>
  <member type="node" ref="5910775615" role="stop"/>
  <member type="node" ref="5910775262" role="stop"/>
  <member type="node" ref="5910775260" role="stop"/>
  <member type="node" ref="5910775258" role="stop_exit_only"/>
  <member type="way" ref="1025048904" role=""/>
  <member type="way" ref="779278180" role=""/>
  <member type="way" ref="405479645" role=""/>
  <member type="way" ref="674061234" role=""/>
  <member type="way" ref="829962031" role=""/>
  <member type="way" ref="829962029" role=""/>
  <member type="way" ref="674061232" role=""/>
  <member type="way" ref="1056157662" role=""/>
  <member type="way" ref="674061233" role=""/>
  <member type="way" ref="674061231" role=""/>
  <member type="way" ref="674061230" role=""/>
  <member type="way" ref="1219949848" role=""/>
  <member type="way" ref="778783906" role=""/>
  <member type="way" ref="778783907" role=""/>
  <member type="way" ref="674061229" role=""/>
  <member type="way" ref="778783905" role=""/>
  <member type="way" ref="778783899" role=""/>
  <member type="way" ref="779278179" role=""/>
  <member type="way" ref="627597463" role=""/>
  <member type="way" ref="848399343" role=""/>
  <member type="way" ref="840845301" role=""/>
  <member type="way" ref="840845290" role=""/>
  <member type="way" ref="780475723" role=""/>
  <member type="way" ref="847201126" role=""/>
  <member type="way" ref="847201128" role=""/>
  <member type="way" ref="847201130" role=""/>
  <member type="way" ref="847201132" role=""/>
  <member type="way" ref="1181339946" role=""/>
  <member type="way" ref="833822469" role=""/>
  <member type="way" ref="977918171" role=""/>
  <member type="way" ref="843904560" role=""/>
  <member type="way" ref="848399332" role=""/>
  <member type="way" ref="848399331" role=""/>
  <member type="way" ref="833822473" role=""/>
  <member type="way" ref="843904556" role=""/>
  <member type="way" ref="843904553" role=""/>
  <member type="way" ref="843904552" role=""/>
  <member type="way" ref="843904550" role=""/>
  <member type="way" ref="843904548" role=""/>
  <member type="way" ref="843904547" role=""/>
  <member type="way" ref="843904542" role=""/>
  <member type="way" ref="843904544" role=""/>
  <member type="way" ref="843904539" role=""/>
  <member type="way" ref="843904538" role=""/>
  <member type="way" ref="843904535" role=""/>
  <member type="way" ref="843904534" role=""/>
  <member type="way" ref="833822474" role=""/>
  <member type="way" ref="833822476" role=""/>
  <member type="way" ref="833822477" role=""/>
  <member type="way" ref="843904532" role=""/>
  <member type="way" ref="843904531" role=""/>
  <member type="way" ref="843904527" role=""/>
  <member type="way" ref="843904528" role=""/>
  <member type="way" ref="846889793" role=""/>
  <member type="way" ref="843904521" role=""/>
  <member type="way" ref="843904522" role=""/>
  <member type="way" ref="833822481" role=""/>
  <member type="way" ref="833822486" role=""/>
  <member type="way" ref="833822483" role=""/>
  <member type="way" ref="833822482" role=""/>
  <member type="way" ref="849759837" role=""/>
  <member type="way" ref="843904517" role=""/>
  <member type="way" ref="843904513" role=""/>
  <member type="way" ref="843904512" role=""/>
  <member type="way" ref="843904508" role=""/>
  <member type="way" ref="843904509" role=""/>
  <member type="way" ref="849759838" role=""/>
  <member type="way" ref="843904504" role=""/>
  <member type="way" ref="833822489" role=""/>
  <member type="way" ref="833822491" role=""/>
  <member type="way" ref="833822493" role=""/>
  <member type="way" ref="833822495" role=""/>
  <member type="way" ref="833822496" role=""/>
  <member type="way" ref="58548715" role=""/>
  <member type="way" ref="58548716" role=""/>
  <member type="way" ref="58548717" role=""/>
  <member type="way" ref="58548718" role=""/>
  <member type="way" ref="58548721" role=""/>
  <member type="way" ref="226702974" role=""/>
  <member type="way" ref="654087839" role=""/>
  <member type="way" ref="654087838" role=""/>
  <member type="way" ref="58528337" role=""/>
  <member type="way" ref="226702956" role=""/>
  <member type="way" ref="774616859" role=""/>
  <member type="way" ref="774616858" role=""/>
  <member type="way" ref="777243259" role=""/>
  <member type="way" ref="777243258" role=""/>
  <member type="way" ref="848345074" role=""/>
  <member type="way" ref="848345073" role=""/>
  <member type="way" ref="1221937580" role=""/>
  <member type="way" ref="196292947" role=""/>
  <member type="way" ref="553033070" role=""/>
  <member type="way" ref="774616851" role=""/>
  <member type="way" ref="774616850" role=""/>
  <member type="way" ref="196292943" role=""/>
  <member type="way" ref="196292944" role=""/>
  <member type="way" ref="196292940" role=""/>
  <member type="way" ref="553277312" role=""/>
  <member type="way" ref="553277310" role=""/>
  <member type="way" ref="626520414" role=""/>
  <member type="way" ref="626520417" role=""/>
  <member type="way" ref="626070233" role=""/>
  <member type="way" ref="626070232" role=""/>
  <member type="way" ref="603285535" role=""/>
  <member type="way" ref="846882012" role=""/>
  <member type="way" ref="626070231" role=""/>
  <member type="way" ref="626070226" role=""/>
  <member type="way" ref="603285534" role=""/>
  <member type="way" ref="625745851" role=""/>
  <member type="way" ref="625745853" role=""/>
  <member type="way" ref="625745835" role=""/>
  <member type="way" ref="625745838" role=""/>
  <member type="way" ref="625745843" role=""/>
  <member type="way" ref="846859473" role=""/>
  <member type="way" ref="846859472" role=""/>
  <member type="way" ref="625745842" role=""/>
  <member type="way" ref="625745841" role=""/>
  <member type="way" ref="626070238" role=""/>
  <member type="way" ref="626070258" role=""/>
  <member type="way" ref="626070257" role=""/>
  <member type="way" ref="626070256" role=""/>
  <member type="way" ref="626070255" role=""/>
  <member type="way" ref="626070252" role=""/>
  <member type="way" ref="626070224" role=""/>
  <member type="way" ref="626070251" role=""/>
  <member type="way" ref="626070222" role=""/>
  <member type="way" ref="626070242" role=""/>
  <member type="way" ref="626070240" role=""/>
  <member type="way" ref="626070243" role=""/>
  <tag k="colour" v="#ECA300"/>
  <tag k="from" v="왕십리"/>
  <tag k="name" v="수인·분당선: 왕십리 → 인천"/>
  <tag k="name:en" v="Suin-Bundang Line: Wangsimni → Incheon"/>
  <tag k="name:ko" v="수인·분당선: 왕십리 → 인천"/>
  <tag k="network" v="수도권 전철"/>
  <tag k="network:en" v="Seoul Metropolitan Subway"/>
  <tag k="network:ko" v="수도권 전철"/>
  <tag k="network:wikidata" v="Q16950"/>
  <tag k="network:wikipedia" v="ko:수도권 전철"/>
  <tag k="network:zh" v="韓國首都圈電鐵"/>
  <tag k="note" v="광역전철은 기차로 간주됩니다. 지하철로 바꾸지 마십시오."/>
  <tag k="operator" v="한국철도공사"/>
  <tag k="operator:en" v="Korea Railroad Corporation"/>
  <tag k="operator:ko" v="한국철도공사"/>
  <tag k="operator:short" v="KORAIL"/>
  <tag k="operator:type" v="public"/>
  <tag k="operator:wikidata" v="Q18169"/>
  <tag k="operator:wikipedia" v="en:Korail"/>
  <tag k="public_transport:version" v="2"/>
  <tag k="ref" v="수인·분당"/>
  <tag k="ref:en" v="Suin-Bundang"/>
  <tag k="route" v="train"/>
  <tag k="service" v="commuter"/>
  <tag k="to" v="인천"/>
  <tag k="type" v="route"/>
  <tag k="wikidata" v="Q84389881"/>
  <tag k="wikipedia" v="en:Suin-Bundang Line"/>
 </relation>
 <relation id="11625556" visible="true" version="29" changeset="182751180" timestamp="2026-05-16T16:40:21Z" user="Claudius Henrichs" uid="18069">
  <member type="node" ref="7271361461" role="stop_entry_only"/>
  <member type="node" ref="5925991074" role="stop"/>
  <member type="node" ref="6312484954" role="stop"/>
  <member type="node" ref="6312484284" role="stop"/>
  <member type="node" ref="6312484691" role="stop"/>
  <member type="node" ref="6312484692" role="stop"/>
  <member type="node" ref="6312484705" role="stop"/>
  <member type="node" ref="6312484707" role="stop"/>
  <member type="node" ref="6312484708" role="stop"/>
  <member type="node" ref="6312484721" role="stop"/>
  <member type="node" ref="6312484730" role="stop"/>
  <member type="node" ref="6312484735" role="stop"/>
  <member type="node" ref="7746266277" role="stop"/>
  <member type="node" ref="6312484760" role="stop"/>
  <member type="node" ref="6312484768" role="stop"/>
  <member type="node" ref="6312484770" role="stop"/>
  <member type="node" ref="6312484772" role="stop"/>
  <member type="node" ref="6312484888" role="stop"/>
  <member type="node" ref="6312484908" role="stop"/>
  <member type="node" ref="6312484921" role="stop"/>
  <member type="node" ref="6312484922" role="stop"/>
  <member type="node" ref="6312484934" role="stop"/>
  <member type="node" ref="6312484243" role="stop"/>
  <member type="node" ref="6312484248" role="stop"/>
  <member type="node" ref="5924431381" role="stop"/>
  <member type="node" ref="7287965104" role="stop"/>
  <member type="node" ref="7287965131" role="stop"/>
  <member type="node" ref="7287965144" role="stop"/>
  <member type="node" ref="7287965160" role="stop"/>
  <member type="node" ref="7287965173" role="stop"/>
  <member type="node" ref="7287966290" role="stop"/>
  <member type="node" ref="7287966294" role="stop"/>
  <member type="node" ref="7287966303" role="stop"/>
  <member type="node" ref="7287966314" role="stop"/>
  <member type="node" ref="7287966324" role="stop"/>
  <member type="node" ref="7287966331" role="stop"/>
  <member type="node" ref="7287966349" role="stop"/>
  <member type="node" ref="7872228250" role="stop"/>
  <member type="node" ref="7864301049" role="stop"/>
  <member type="node" ref="7872218776" role="stop"/>
  <member type="node" ref="7863473544" role="stop"/>
  <member type="node" ref="7872218729" role="stop"/>
  <member type="node" ref="355173115" role="stop"/>
  <member type="node" ref="5349743239" role="stop"/>
  <member type="node" ref="5911861689" role="stop"/>
  <member type="node" ref="5723047769" role="stop"/>
  <member type="node" ref="5911861708" role="stop"/>
  <member type="node" ref="2066387615" role="stop"/>
  <member type="node" ref="619039778" role="stop"/>
  <member type="node" ref="2066596170" role="stop"/>
  <member type="node" ref="5907965096" role="stop"/>
  <member type="node" ref="5907965080" role="stop"/>
  <member type="node" ref="5907965062" role="stop"/>
  <member type="node" ref="5907965001" role="stop"/>
  <member type="node" ref="5907964982" role="stop"/>
  <member type="node" ref="5907964905" role="stop"/>
  <member type="node" ref="5910775695" role="stop"/>
  <member type="node" ref="5910775684" role="stop"/>
  <member type="node" ref="5910775256" role="stop"/>
  <member type="node" ref="5910775615" role="stop"/>
  <member type="node" ref="5910775262" role="stop"/>
  <member type="node" ref="5910775260" role="stop"/>
  <member type="node" ref="5910775258" role="stop_exit_only"/>
  <member type="way" ref="405404110" role=""/>
  <member type="way" ref="1025050711" role=""/>
  <member type="way" ref="405430423" role=""/>
  <member type="way" ref="778783895" role=""/>
  <member type="way" ref="405404112" role=""/>
  <member type="way" ref="405430939" role=""/>
  <member type="way" ref="405430943" role=""/>
  <member type="way" ref="405430953" role=""/>
  <member type="way" ref="405430941" role=""/>
  <member type="way" ref="405431931" role=""/>
  <member type="way" ref="405431933" role=""/>
  <member type="way" ref="405451624" role=""/>
  <member type="way" ref="778783892" role=""/>
  <member type="way" ref="778783893" role=""/>
  <member type="way" ref="778783888" role=""/>
  <member type="way" ref="1465570752" role=""/>
  <member type="way" ref="405451628" role=""/>
  <member type="way" ref="778783889" role=""/>
  <member type="way" ref="778783883" role=""/>
  <member type="way" ref="778783887" role=""/>
  <member type="way" ref="405453026" role=""/>
  <member type="way" ref="405453024" role=""/>
  <member type="way" ref="627723647" role=""/>
  <member type="way" ref="1025048908" role=""/>
  <member type="way" ref="779053922" role=""/>
  <member type="way" ref="1025048904" role=""/>
  <member type="way" ref="779278180" role=""/>
  <member type="way" ref="405479645" role=""/>
  <member type="way" ref="674061234" role=""/>
  <member type="way" ref="829962031" role=""/>
  <member type="way" ref="829962029" role=""/>
  <member type="way" ref="674061232" role=""/>
  <member type="way" ref="1056157662" role=""/>
  <member type="way" ref="674061233" role=""/>
  <member type="way" ref="674061231" role=""/>
  <member type="way" ref="674061230" role=""/>
  <member type="way" ref="1219949848" role=""/>
  <member type="way" ref="778783906" role=""/>
  <member type="way" ref="778783907" role=""/>
  <member type="way" ref="674061229" role=""/>
  <member type="way" ref="778783905" role=""/>
  <member type="way" ref="778783899" role=""/>
  <member type="way" ref="779278179" role=""/>
  <member type="way" ref="627597463" role=""/>
  <member type="way" ref="848399343" role=""/>
  <member type="way" ref="840845301" role=""/>
  <member type="way" ref="840845290" role=""/>
  <member type="way" ref="780475723" role=""/>
  <member type="way" ref="847201126" role=""/>
  <member type="way" ref="847201128" role=""/>
  <member type="way" ref="847201130" role=""/>
  <member type="way" ref="847201132" role=""/>
  <member type="way" ref="1181339946" role=""/>
  <member type="way" ref="833822469" role=""/>
  <member type="way" ref="977918171" role=""/>
  <member type="way" ref="843904560" role=""/>
  <member type="way" ref="848399332" role=""/>
  <member type="way" ref="848399331" role=""/>
  <member type="way" ref="833822473" role=""/>
  <member type="way" ref="843904556" role=""/>
  <member type="way" ref="843904553" role=""/>
  <member type="way" ref="843904552" role=""/>
  <member type="way" ref="843904550" role=""/>
  <member type="way" ref="843904548" role=""/>
  <member type="way" ref="843904547" role=""/>
  <member type="way" ref="843904542" role=""/>
  <member type="way" ref="843904544" role=""/>
  <member type="way" ref="843904539" role=""/>
  <member type="way" ref="843904538" role=""/>
  <member type="way" ref="843904535" role=""/>
  <member type="way" ref="843904534" role=""/>
  <member type="way" ref="833822474" role=""/>
  <member type="way" ref="833822476" role=""/>
  <member type="way" ref="833822477" role=""/>
  <member type="way" ref="843904532" role=""/>
  <member type="way" ref="843904531" role=""/>
  <member type="way" ref="843904527" role=""/>
  <member type="way" ref="843904528" role=""/>
  <member type="way" ref="846889793" role=""/>
  <member type="way" ref="843904521" role=""/>
  <member type="way" ref="843904522" role=""/>
  <member type="way" ref="833822481" role=""/>
  <member type="way" ref="833822486" role=""/>
  <member type="way" ref="833822483" role=""/>
  <member type="way" ref="833822482" role=""/>
  <member type="way" ref="849759837" role=""/>
  <member type="way" ref="843904517" role=""/>
  <member type="way" ref="843904513" role=""/>
  <member type="way" ref="843904512" role=""/>
  <member type="way" ref="843904508" role=""/>
  <member type="way" ref="843904509" role=""/>
  <member type="way" ref="849759838" role=""/>
  <member type="way" ref="843904504" role=""/>
  <member type="way" ref="833822489" role=""/>
  <member type="way" ref="833822491" role=""/>
  <member type="way" ref="833822493" role=""/>
  <member type="way" ref="833822495" role=""/>
  <member type="way" ref="833822496" role=""/>
  <member type="way" ref="58548715" role=""/>
  <member type="way" ref="58548716" role=""/>
  <member type="way" ref="58548717" role=""/>
  <member type="way" ref="58548718" role=""/>
  <member type="way" ref="58548721" role=""/>
  <member type="way" ref="226702974" role=""/>
  <member type="way" ref="654087839" role=""/>
  <member type="way" ref="654087838" role=""/>
  <member type="way" ref="58528337" role=""/>
  <member type="way" ref="226702956" role=""/>
  <member type="way" ref="774616859" role=""/>
  <member type="way" ref="774616858" role=""/>
  <member type="way" ref="777243259" role=""/>
  <member type="way" ref="777243258" role=""/>
  <member type="way" ref="848345074" role=""/>
  <member type="way" ref="848345073" role=""/>
  <member type="way" ref="1221937580" role=""/>
  <member type="way" ref="196292947" role=""/>
  <member type="way" ref="553033070" role=""/>
  <member type="way" ref="774616851" role=""/>
  <member type="way" ref="774616850" role=""/>
  <member type="way" ref="196292943" role=""/>
  <member type="way" ref="196292944" role=""/>
  <member type="way" ref="196292940" role=""/>
  <member type="way" ref="553277312" role=""/>
  <member type="way" ref="553277310" role=""/>
  <member type="way" ref="626520414" role=""/>
  <member type="way" ref="626520417" role=""/>
  <member type="way" ref="626070233" role=""/>
  <member type="way" ref="626070232" role=""/>
  <member type="way" ref="603285535" role=""/>
  <member type="way" ref="846882012" role=""/>
  <member type="way" ref="626070231" role=""/>
  <member type="way" ref="626070226" role=""/>
  <member type="way" ref="603285534" role=""/>
  <member type="way" ref="625745851" role=""/>
  <member type="way" ref="625745853" role=""/>
  <member type="way" ref="625745835" role=""/>
  <member type="way" ref="625745838" role=""/>
  <member type="way" ref="625745843" role=""/>
  <member type="way" ref="846859473" role=""/>
  <member type="way" ref="846859472" role=""/>
  <member type="way" ref="625745842" role=""/>
  <member type="way" ref="625745841" role=""/>
  <member type="way" ref="626070238" role=""/>
  <member type="way" ref="626070258" role=""/>
  <member type="way" ref="626070257" role=""/>
  <member type="way" ref="626070256" role=""/>
  <member type="way" ref="626070255" role=""/>
  <member type="way" ref="626070252" role=""/>
  <member type="way" ref="626070224" role=""/>
  <member type="way" ref="626070251" role=""/>
  <member type="way" ref="626070222" role=""/>
  <member type="way" ref="626070242" role=""/>
  <member type="way" ref="626070240" role=""/>
  <member type="way" ref="626070243" role=""/>
  <tag k="colour" v="#ECA300"/>
  <tag k="from" v="청량리"/>
  <tag k="name" v="수인·분당선: 청량리 → 인천"/>
  <tag k="name:en" v="Suin-Bundang Line: Cheongnyangni → Incheon"/>
  <tag k="name:ko" v="수인분당선: 청량리 → 인천"/>
  <tag k="network" v="수도권 전철"/>
  <tag k="network:en" v="Seoul Metropolitan Subway"/>
  <tag k="network:ko" v="수도권 전철"/>
  <tag k="network:wikidata" v="Q16950"/>
  <tag k="network:wikipedia" v="ko:수도권 전철"/>
  <tag k="network:zh" v="韓國首都圈電鐵"/>
  <tag k="note" v="광역전철은 기차로 간주됩니다. 지하철로 바꾸지 마십시오."/>
  <tag k="operator" v="한국철도공사"/>
  <tag k="operator:en" v="Korea Railroad Corporation"/>
  <tag k="operator:ko" v="한국철도공사"/>
  <tag k="operator:short" v="KORAIL"/>
  <tag k="operator:type" v="public"/>
  <tag k="operator:wikidata" v="Q18169"/>
  <tag k="operator:wikipedia" v="en:Korail"/>
  <tag k="public_transport:version" v="2"/>
  <tag k="ref" v="수인·분당"/>
  <tag k="ref:en" v="Suin-Bundang"/>
  <tag k="route" v="train"/>
  <tag k="service" v="commuter"/>
  <tag k="to" v="인천"/>
  <tag k="type" v="route"/>
  <tag k="wikidata" v="Q84389881"/>
  <tag k="wikipedia" v="en:Suin–Bundang Line"/>
 </relation>
 <relation id="11627303" visible="true" version="28" changeset="177152223" timestamp="2026-01-12T19:36:24Z" user="aaei924" uid="10626814">
  <member type="way" ref="700350356" role=""/>
  <member type="way" ref="833822502" role=""/>
  <member type="way" ref="226702952" role=""/>
  <member type="way" ref="226702964" role=""/>
  <member type="way" ref="226702980" role=""/>
  <member type="way" ref="226702982" role=""/>
  <member type="way" ref="226702976" role=""/>
  <member type="way" ref="774616856" role=""/>
  <member type="way" ref="774616857" role=""/>
  <member type="way" ref="777243261" role=""/>
  <member type="way" ref="848345069" role=""/>
  <member type="way" ref="848345070" role=""/>
  <member type="way" ref="226702955" role=""/>
  <member type="way" ref="1221937581" role=""/>
  <member type="way" ref="553032346" role=""/>
  <member type="way" ref="774616848" role=""/>
  <member type="way" ref="774616849" role=""/>
  <member type="way" ref="553032347" role=""/>
  <member type="way" ref="553277307" role=""/>
  <member type="way" ref="553277308" role=""/>
  <member type="way" ref="553277311" role=""/>
  <member type="way" ref="553277309" role=""/>
  <member type="way" ref="626520415" role=""/>
  <member type="way" ref="554098549" role=""/>
  <member type="way" ref="626070236" role=""/>
  <member type="way" ref="626070234" role=""/>
  <member type="way" ref="846882011" role=""/>
  <member type="way" ref="226702972" role=""/>
  <member type="way" ref="626070230" role=""/>
  <member type="way" ref="626070227" role=""/>
  <member type="way" ref="226702967" role=""/>
  <member type="way" ref="625745852" role=""/>
  <member type="way" ref="625745854" role=""/>
  <member type="way" ref="625745836" role=""/>
  <member type="way" ref="625745839" role=""/>
  <member type="way" ref="846859470" role=""/>
  <member type="way" ref="846859471" role=""/>
  <member type="way" ref="226702968" role=""/>
  <member type="way" ref="552857832" role=""/>
  <member type="way" ref="552857833" role=""/>
  <member type="way" ref="626070239" role=""/>
  <member type="way" ref="459515353" role=""/>
  <member type="way" ref="459515350" role=""/>
  <member type="way" ref="552858012" role=""/>
  <member type="way" ref="552858011" role=""/>
  <member type="way" ref="168174652" role=""/>
  <member type="way" ref="626070223" role=""/>
  <member type="way" ref="168174651" role=""/>
  <member type="way" ref="626070221" role=""/>
  <member type="way" ref="626070241" role=""/>
  <member type="way" ref="626070244" role=""/>
  <member type="way" ref="846867975" role=""/>
  <member type="way" ref="330314676" role=""/>
  <member type="way" ref="674061231" role=""/>
  <member type="way" ref="674061233" role=""/>
  <member type="way" ref="1056157662" role=""/>
  <member type="way" ref="674061232" role=""/>
  <member type="way" ref="1056157663" role=""/>
  <member type="way" ref="674061234" role=""/>
  <member type="way" ref="405479645" role=""/>
  <member type="way" ref="405479643" role=""/>
  <member type="way" ref="1025048903" role=""/>
  <member type="way" ref="782655749" role=""/>
  <member type="way" ref="627723645" role=""/>
  <member type="way" ref="405479644" role=""/>
  <member type="way" ref="405453026" role=""/>
  <member type="way" ref="405453024" role=""/>
  <member type="way" ref="627723647" role=""/>
  <member type="way" ref="1025048908" role=""/>
  <member type="way" ref="779053922" role=""/>
  <member type="way" ref="1025048904" role=""/>
  <member type="way" ref="779278180" role=""/>
  <member type="way" ref="405479640" role=""/>
  <member type="way" ref="482174009" role=""/>
  <member type="way" ref="829962030" role=""/>
  <member type="way" ref="829962028" role=""/>
  <member type="way" ref="566850131" role=""/>
  <member type="way" ref="481607849" role=""/>
  <member type="way" ref="564520649" role=""/>
  <member type="way" ref="564521939" role=""/>
  <member type="way" ref="1219949847" role=""/>
  <member type="way" ref="778783908" role=""/>
  <member type="way" ref="778783909" role=""/>
  <member type="way" ref="405995678" role=""/>
  <member type="way" ref="778783903" role=""/>
  <member type="way" ref="779273845" role=""/>
  <member type="way" ref="462259722" role=""/>
  <member type="way" ref="627597464" role=""/>
  <member type="way" ref="848399334" role=""/>
  <member type="way" ref="840845302" role=""/>
  <member type="way" ref="840845289" role=""/>
  <member type="way" ref="194096064" role=""/>
  <member type="way" ref="942814979" role=""/>
  <member type="way" ref="847201125" role=""/>
  <member type="way" ref="847201127" role=""/>
  <member type="way" ref="194096063" role=""/>
  <member type="way" ref="847201129" role=""/>
  <member type="way" ref="847201131" role=""/>
  <member type="way" ref="537032656" role=""/>
  <member type="way" ref="537038709" role=""/>
  <member type="way" ref="537280234" role=""/>
  <member type="way" ref="471664442" role=""/>
  <member type="way" ref="778783897" role=""/>
  <member type="way" ref="833822470" role=""/>
  <member type="way" ref="977918172" role=""/>
  <member type="way" ref="848399330" role=""/>
  <member type="way" ref="833822472" role=""/>
  <member type="way" ref="843904555" role=""/>
  <member type="way" ref="843904554" role=""/>
  <member type="way" ref="843904551" role=""/>
  <member type="way" ref="843904549" role=""/>
  <member type="way" ref="843904546" role=""/>
  <member type="way" ref="843904545" role=""/>
  <member type="way" ref="843904541" role=""/>
  <member type="way" ref="843904543" role=""/>
  <member type="way" ref="843904540" role=""/>
  <member type="way" ref="843904537" role=""/>
  <member type="way" ref="843904536" role=""/>
  <member type="way" ref="843904533" role=""/>
  <member type="way" ref="833822475" role=""/>
  <member type="way" ref="618443477" role=""/>
  <member type="way" ref="486122605" role=""/>
  <member type="way" ref="486122599" role=""/>
  <member type="way" ref="843904530" role=""/>
  <member type="way" ref="843904529" role=""/>
  <member type="way" ref="843904526" role=""/>
  <member type="way" ref="843904525" role=""/>
  <member type="way" ref="846889792" role=""/>
  <member type="way" ref="843904524" role=""/>
  <member type="way" ref="843904523" role=""/>
  <member type="way" ref="486122591" role=""/>
  <member type="way" ref="833822488" role=""/>
  <member type="way" ref="833822484" role=""/>
  <member type="way" ref="486122595" role=""/>
  <member type="way" ref="843904516" role=""/>
  <member type="way" ref="843904519" role=""/>
  <member type="way" ref="843904514" role=""/>
  <member type="way" ref="843904515" role=""/>
  <member type="way" ref="843904510" role=""/>
  <member type="way" ref="843904511" role=""/>
  <member type="way" ref="843904507" role=""/>
  <member type="way" ref="843904506" role=""/>
  <member type="way" ref="486122611" role=""/>
  <member type="way" ref="833822490" role=""/>
  <member type="way" ref="829962029" role=""/>
  <member type="way" ref="829962031" role=""/>
  <member type="way" ref="833822492" role=""/>
  <member type="way" ref="833822494" role=""/>
  <member type="way" ref="833822489" role=""/>
  <member type="way" ref="843904504" role=""/>
  <member type="way" ref="849759838" role=""/>
  <member type="way" ref="843904509" role=""/>
  <member type="way" ref="843904508" role=""/>
  <member type="way" ref="843904512" role=""/>
  <member type="way" ref="843904513" role=""/>
  <member type="way" ref="843904517" role=""/>
  <member type="way" ref="849759837" role=""/>
  <member type="way" ref="833822482" role=""/>
  <member type="way" ref="833822483" role=""/>
  <member type="way" ref="833822486" role=""/>
  <member type="way" ref="833822481" role=""/>
  <member type="way" ref="843904522" role=""/>
  <member type="way" ref="843904521" role=""/>
  <member type="way" ref="846889793" role=""/>
  <member type="way" ref="843904528" role=""/>
  <member type="way" ref="843904527" role=""/>
  <member type="way" ref="843904531" role=""/>
  <member type="way" ref="843904532" role=""/>
  <member type="way" ref="833822477" role=""/>
  <member type="way" ref="833822476" role=""/>
  <member type="way" ref="833822474" role=""/>
  <member type="way" ref="843904534" role=""/>
  <member type="way" ref="843904535" role=""/>
  <member type="way" ref="843904538" role=""/>
  <member type="way" ref="843904539" role=""/>
  <member type="way" ref="843904544" role=""/>
  <member type="way" ref="843904542" role=""/>
  <member type="way" ref="843904547" role=""/>
  <member type="way" ref="843904548" role=""/>
  <member type="way" ref="843904550" role=""/>
  <member type="way" ref="843904552" role=""/>
  <member type="way" ref="843904553" role=""/>
  <member type="way" ref="843904556" role=""/>
  <member type="way" ref="833822473" role=""/>
  <member type="way" ref="848399331" role=""/>
  <member type="way" ref="848399332" role=""/>
  <member type="way" ref="843904560" role=""/>
  <member type="way" ref="977918171" role=""/>
  <member type="way" ref="833822469" role=""/>
  <member type="way" ref="1181339946" role=""/>
  <member type="way" ref="847201132" role=""/>
  <member type="way" ref="847201130" role=""/>
  <member type="way" ref="847201128" role=""/>
  <member type="way" ref="847201126" role=""/>
  <member type="way" ref="780475723" role=""/>
  <member type="way" ref="840845290" role=""/>
  <member type="way" ref="840845301" role=""/>
  <member type="way" ref="848399343" role=""/>
  <member type="way" ref="627597463" role=""/>
  <member type="way" ref="779278179" role=""/>
  <member type="way" ref="778783899" role=""/>
  <member type="way" ref="778783905" role=""/>
  <member type="way" ref="674061229" role=""/>
  <member type="way" ref="778783907" role=""/>
  <member type="way" ref="778783906" role=""/>
  <member type="way" ref="1219949848" role=""/>
  <member type="way" ref="674061230" role=""/>
  <member type="way" ref="833822491" role=""/>
  <member type="way" ref="833822493" role=""/>
  <member type="way" ref="833822495" role=""/>
  <member type="way" ref="833822496" role=""/>
  <member type="way" ref="58548715" role=""/>
  <member type="way" ref="58548716" role=""/>
  <member type="way" ref="58548717" role=""/>
  <member type="way" ref="58548718" role=""/>
  <member type="way" ref="58548721" role=""/>
  <member type="way" ref="226702974" role=""/>
  <member type="way" ref="654087839" role=""/>
  <member type="way" ref="654087838" role=""/>
  <member type="way" ref="58528337" role=""/>
  <member type="way" ref="226702956" role=""/>
  <member type="way" ref="774616859" role=""/>
  <member type="way" ref="774616858" role=""/>
  <member type="way" ref="777243259" role=""/>
  <member type="way" ref="777243258" role=""/>
  <member type="way" ref="848345074" role=""/>
  <member type="way" ref="848345073" role=""/>
  <member type="way" ref="1221937580" role=""/>
  <member type="way" ref="196292947" role=""/>
  <member type="way" ref="553033070" role=""/>
  <member type="way" ref="774616851" role=""/>
  <member type="way" ref="774616850" role=""/>
  <member type="way" ref="196292943" role=""/>
  <member type="way" ref="196292944" role=""/>
  <member type="way" ref="196292940" role=""/>
  <member type="way" ref="553277312" role=""/>
  <member type="way" ref="553277310" role=""/>
  <member type="way" ref="626520414" role=""/>
  <member type="way" ref="626520417" role=""/>
  <member type="way" ref="626070233" role=""/>
  <member type="way" ref="626070232" role=""/>
  <member type="way" ref="603285535" role=""/>
  <member type="way" ref="846882012" role=""/>
  <member type="way" ref="626070231" role=""/>
  <member type="way" ref="626070226" role=""/>
  <member type="way" ref="603285534" role=""/>
  <member type="way" ref="625745851" role=""/>
  <member type="way" ref="625745853" role=""/>
  <member type="way" ref="625745835" role=""/>
  <member type="way" ref="625745838" role=""/>
  <member type="way" ref="625745843" role=""/>
  <member type="way" ref="846859473" role=""/>
  <member type="way" ref="846859472" role=""/>
  <member type="way" ref="625745842" role=""/>
  <member type="way" ref="625745841" role=""/>
  <member type="way" ref="626070238" role=""/>
  <member type="way" ref="626070258" role=""/>
  <member type="way" ref="626070257" role=""/>
  <member type="way" ref="626070256" role=""/>
  <member type="way" ref="626070255" role=""/>
  <member type="way" ref="626070252" role=""/>
  <member type="way" ref="626070224" role=""/>
  <member type="way" ref="626070251" role=""/>
  <member type="way" ref="626070222" role=""/>
  <member type="way" ref="626070242" role=""/>
  <member type="way" ref="626070240" role=""/>
  <member type="way" ref="626070243" role=""/>
  <member type="way" ref="846867974" role=""/>
  <member type="way" ref="405404110" role=""/>
  <member type="way" ref="1025050711" role=""/>
  <member type="way" ref="405430423" role=""/>
  <member type="way" ref="778783895" role=""/>
  <member type="way" ref="405404112" role=""/>
  <member type="way" ref="405430939" role=""/>
  <member type="way" ref="405430943" role=""/>
  <member type="way" ref="405430953" role=""/>
  <member type="way" ref="405430941" role=""/>
  <member type="way" ref="405431931" role=""/>
  <member type="way" ref="405431933" role=""/>
  <member type="way" ref="405451624" role=""/>
  <member type="way" ref="778783892" role=""/>
  <member type="way" ref="778783893" role=""/>
  <member type="way" ref="778783888" role=""/>
  <member type="way" ref="405451628" role=""/>
  <member type="way" ref="778783889" role=""/>
  <member type="way" ref="778783883" role=""/>
  <member type="way" ref="778783887" role=""/>
  <tag k="colour" v="#fabe00"/>
  <tag k="description" v="전철 노선"/>
  <tag k="distance" v="108.1"/>
  <tag k="name" v="수도권 전철 수인·분당선"/>
  <tag k="name:en" v="Seoul Metropolitan Subway Suin–Bundang Line"/>
  <tag k="name:ja" v="水仁·盆唐線"/>
  <tag k="name:ko" v="수도권 전철 수인·분당선"/>
  <tag k="name:ko-Latn" v="suinbundangseon"/>
  <tag k="network" v="수도권 전철"/>
  <tag k="network:en" v="Seoul Metropolitan Subway"/>
  <tag k="not:operator:wikidata" v="Q624022"/>
  <tag k="operator" v="한국철도공사"/>
  <tag k="operator:en" v="Korail"/>
  <tag k="operator:ko" v="한국철도공사"/>
  <tag k="operator:wikidata" v="Q18169"/>
  <tag k="public_transport:version" v="2"/>
  <tag k="ref" v="수인·분당"/>
  <tag k="route" v="railway"/>
  <tag k="type" v="route"/>
  <tag k="wikidata" v="Q84389881"/>
  <tag k="wikipedia" v="en:Suin–Bundang Line"/>
 </relation>
 <relation id="11634611" visible="true" version="26" changeset="182751244" timestamp="2026-05-16T16:41:38Z" user="Claudius Henrichs" uid="18069">
  <member type="node" ref="7902543836" role="stop_entry_only"/>
  <member type="node" ref="5910775261" role="stop"/>
  <member type="node" ref="5910775263" role="stop"/>
  <member type="node" ref="5910775268" role="stop"/>
  <member type="node" ref="5910775257" role="stop"/>
  <member type="node" ref="5910775683" role="stop"/>
  <member type="node" ref="5204050235" role="stop"/>
  <member type="node" ref="5907964979" role="stop"/>
  <member type="node" ref="5907964981" role="stop"/>
  <member type="node" ref="5907965000" role="stop"/>
  <member type="node" ref="1794667157" role="stop"/>
  <member type="node" ref="5907965078" role="stop"/>
  <member type="node" ref="5907965097" role="stop"/>
  <member type="node" ref="5347779074" role="stop"/>
  <member type="node" ref="5347790595" role="stop"/>
  <member type="node" ref="5338792759" role="stop"/>
  <member type="node" ref="5911861709" role="stop"/>
  <member type="node" ref="5855371072" role="stop"/>
  <member type="node" ref="5911861688" role="stop"/>
  <member type="node" ref="5349743240" role="stop"/>
  <member type="node" ref="7783726043" role="stop"/>
  <member type="node" ref="7863473571" role="stop"/>
  <member type="node" ref="7872218757" role="stop"/>
  <member type="node" ref="7872218777" role="stop"/>
  <member type="node" ref="7872228248" role="stop"/>
  <member type="node" ref="7872228249" role="stop"/>
  <member type="node" ref="5910050514" role="stop"/>
  <member type="node" ref="7287966330" role="stop"/>
  <member type="node" ref="7287966323" role="stop"/>
  <member type="node" ref="7287966313" role="stop"/>
  <member type="node" ref="7287966302" role="stop"/>
  <member type="node" ref="7287966296" role="stop"/>
  <member type="node" ref="7287966289" role="stop"/>
  <member type="node" ref="7287965175" role="stop"/>
  <member type="node" ref="1725220163" role="stop"/>
  <member type="node" ref="7287965143" role="stop"/>
  <member type="node" ref="7287965130" role="stop"/>
  <member type="node" ref="1914727373" role="stop"/>
  <member type="node" ref="5924431380" role="stop"/>
  <member type="node" ref="5438824808" role="stop"/>
  <member type="node" ref="5881397264" role="stop"/>
  <member type="node" ref="5225259408" role="stop"/>
  <member type="node" ref="1915043095" role="stop"/>
  <member type="node" ref="1915043090" role="stop"/>
  <member type="node" ref="5882162368" role="stop"/>
  <member type="node" ref="1915043091" role="stop"/>
  <member type="node" ref="5887972151" role="stop"/>
  <member type="node" ref="1914136597" role="stop"/>
  <member type="node" ref="1914136725" role="stop"/>
  <member type="node" ref="4733039958" role="stop"/>
  <member type="node" ref="5909995038" role="stop"/>
  <member type="node" ref="355173583" role="stop"/>
  <member type="node" ref="6312484935" role="stop"/>
  <member type="node" ref="1906684759" role="stop"/>
  <member type="node" ref="5772493740" role="stop"/>
  <member type="node" ref="6312484936" role="stop"/>
  <member type="node" ref="5924268023" role="stop"/>
  <member type="node" ref="7908597444" role="stop"/>
  <member type="node" ref="6312484938" role="stop"/>
  <member type="node" ref="6312484944" role="stop"/>
  <member type="node" ref="4963715631" role="stop"/>
  <member type="node" ref="7746266267" role="stop_exit_only"/>
  <member type="way" ref="846867975" role=""/>
  <member type="way" ref="626070244" role=""/>
  <member type="way" ref="626070241" role=""/>
  <member type="way" ref="626070221" role=""/>
  <member type="way" ref="168174651" role=""/>
  <member type="way" ref="626070223" role=""/>
  <member type="way" ref="168174652" role=""/>
  <member type="way" ref="552858011" role=""/>
  <member type="way" ref="552858012" role=""/>
  <member type="way" ref="459515350" role=""/>
  <member type="way" ref="459515353" role=""/>
  <member type="way" ref="626070239" role=""/>
  <member type="way" ref="552857833" role=""/>
  <member type="way" ref="552857832" role=""/>
  <member type="way" ref="226702968" role=""/>
  <member type="way" ref="846859471" role=""/>
  <member type="way" ref="846859470" role=""/>
  <member type="way" ref="625745839" role=""/>
  <member type="way" ref="625745836" role=""/>
  <member type="way" ref="625745854" role=""/>
  <member type="way" ref="625745852" role=""/>
  <member type="way" ref="226702967" role=""/>
  <member type="way" ref="626070227" role=""/>
  <member type="way" ref="626070230" role=""/>
  <member type="way" ref="226702972" role=""/>
  <member type="way" ref="846882011" role=""/>
  <member type="way" ref="626070234" role=""/>
  <member type="way" ref="626070236" role=""/>
  <member type="way" ref="554098549" role=""/>
  <member type="way" ref="626520415" role=""/>
  <member type="way" ref="553277309" role=""/>
  <member type="way" ref="553277311" role=""/>
  <member type="way" ref="553277308" role=""/>
  <member type="way" ref="553277307" role=""/>
  <member type="way" ref="553032347" role=""/>
  <member type="way" ref="774616849" role=""/>
  <member type="way" ref="774616848" role=""/>
  <member type="way" ref="553032346" role=""/>
  <member type="way" ref="1221937581" role=""/>
  <member type="way" ref="226702955" role=""/>
  <member type="way" ref="848345070" role=""/>
  <member type="way" ref="848345069" role=""/>
  <member type="way" ref="777243261" role=""/>
  <member type="way" ref="774616857" role=""/>
  <member type="way" ref="774616856" role=""/>
  <member type="way" ref="226702976" role=""/>
  <member type="way" ref="226702982" role=""/>
  <member type="way" ref="226702980" role=""/>
  <member type="way" ref="226702964" role=""/>
  <member type="way" ref="226702952" role=""/>
  <member type="way" ref="833822502" role=""/>
  <member type="way" ref="700350356" role=""/>
  <member type="way" ref="833822494" role=""/>
  <member type="way" ref="833822492" role=""/>
  <member type="way" ref="833822490" role=""/>
  <member type="way" ref="486122611" role=""/>
  <member type="way" ref="843904506" role=""/>
  <member type="way" ref="843904507" role=""/>
  <member type="way" ref="843904511" role=""/>
  <member type="way" ref="843904510" role=""/>
  <member type="way" ref="843904515" role=""/>
  <member type="way" ref="843904514" role=""/>
  <member type="way" ref="843904519" role=""/>
  <member type="way" ref="843904516" role=""/>
  <member type="way" ref="486122595" role=""/>
  <member type="way" ref="833822484" role=""/>
  <member type="way" ref="833822488" role=""/>
  <member type="way" ref="486122591" role=""/>
  <member type="way" ref="843904523" role=""/>
  <member type="way" ref="843904524" role=""/>
  <member type="way" ref="846889792" role=""/>
  <member type="way" ref="843904525" role=""/>
  <member type="way" ref="843904526" role=""/>
  <member type="way" ref="843904529" role=""/>
  <member type="way" ref="843904530" role=""/>
  <member type="way" ref="486122599" role=""/>
  <member type="way" ref="486122605" role=""/>
  <member type="way" ref="618443477" role=""/>
  <member type="way" ref="833822475" role=""/>
  <member type="way" ref="843904533" role=""/>
  <member type="way" ref="843904536" role=""/>
  <member type="way" ref="843904537" role=""/>
  <member type="way" ref="843904540" role=""/>
  <member type="way" ref="843904543" role=""/>
  <member type="way" ref="843904541" role=""/>
  <member type="way" ref="843904545" role=""/>
  <member type="way" ref="843904546" role=""/>
  <member type="way" ref="843904549" role=""/>
  <member type="way" ref="843904551" role=""/>
  <member type="way" ref="843904554" role=""/>
  <member type="way" ref="843904555" role=""/>
  <member type="way" ref="833822472" role=""/>
  <member type="way" ref="848399330" role=""/>
  <member type="way" ref="977918172" role=""/>
  <member type="way" ref="833822470" role=""/>
  <member type="way" ref="778783897" role=""/>
  <member type="way" ref="471664442" role=""/>
  <member type="way" ref="537280234" role=""/>
  <member type="way" ref="537038709" role=""/>
  <member type="way" ref="537032656" role=""/>
  <member type="way" ref="847201131" role=""/>
  <member type="way" ref="847201129" role=""/>
  <member type="way" ref="194096063" role=""/>
  <member type="way" ref="847201127" role=""/>
  <member type="way" ref="847201125" role=""/>
  <member type="way" ref="942814979" role=""/>
  <member type="way" ref="194096064" role=""/>
  <member type="way" ref="840845289" role=""/>
  <member type="way" ref="840845302" role=""/>
  <member type="way" ref="848399334" role=""/>
  <member type="way" ref="627597464" role=""/>
  <member type="way" ref="462259722" role=""/>
  <member type="way" ref="779273845" role=""/>
  <member type="way" ref="778783903" role=""/>
  <member type="way" ref="405995678" role=""/>
  <member type="way" ref="778783909" role=""/>
  <member type="way" ref="778783908" role=""/>
  <member type="way" ref="1219949847" role=""/>
  <member type="way" ref="564521939" role=""/>
  <member type="way" ref="564520649" role=""/>
  <member type="way" ref="481607849" role=""/>
  <member type="way" ref="1056157663" role=""/>
  <member type="way" ref="566850131" role=""/>
  <member type="way" ref="829962028" role=""/>
  <member type="way" ref="829962030" role=""/>
  <member type="way" ref="482174009" role=""/>
  <member type="way" ref="405479640" role=""/>
  <member type="way" ref="405479643" role=""/>
  <member type="way" ref="1025048903" role=""/>
  <tag k="colour" v="#ECA300"/>
  <tag k="distance" v="108.1km"/>
  <tag k="from" v="인천"/>
  <tag k="name" v="수인·분당선: 인천 → 왕십리"/>
  <tag k="name:en" v="Suin-Bundang Line : Incheon → Wangsimni"/>
  <tag k="name:ko" v="수인·분당선: 인천 → 왕십리"/>
  <tag k="network" v="수도권 전철"/>
  <tag k="network:en" v="Seoul Metropolitan Subway"/>
  <tag k="network:ko" v="수도권 전철"/>
  <tag k="network:wikidata" v="Q16950"/>
  <tag k="network:wikipedia" v="ko:수도권 전철"/>
  <tag k="network:zh" v="韓國首都圈電鐵"/>
  <tag k="note" v="광역전철은 기차로 간주됩니다. 지하철로 바꾸지 마십시오."/>
  <tag k="operator" v="한국철도공사"/>
  <tag k="operator:en" v="Korea Railroad Corporation"/>
  <tag k="operator:ko" v="한국철도공사"/>
  <tag k="operator:short" v="KORAIL"/>
  <tag k="operator:type" v="public"/>
  <tag k="operator:wikidata" v="Q18169"/>
  <tag k="operator:wikipedia" v="en:Korail"/>
  <tag k="public_transport:version" v="2"/>
  <tag k="ref" v="수인·분당"/>
  <tag k="ref:en" v="Suin-Bundang"/>
  <tag k="route" v="train"/>
  <tag k="service" v="commuter"/>
  <tag k="to" v="왕십리"/>
  <tag k="type" v="route"/>
  <tag k="wikidata" v="Q84389881"/>
  <tag k="wikipedia" v="en:Suin–Bundang Line"/>
 </relation>
 <relation id="11634612" visible="true" version="26" changeset="182751308" timestamp="2026-05-16T16:43:21Z" user="Claudius Henrichs" uid="18069">
  <member type="node" ref="7902543836" role="stop_entry_only"/>
  <member type="node" ref="5910775261" role="stop"/>
  <member type="node" ref="5910775263" role="stop"/>
  <member type="node" ref="5910775268" role="stop"/>
  <member type="node" ref="5910775257" role="stop"/>
  <member type="node" ref="5910775683" role="stop"/>
  <member type="node" ref="5204050235" role="stop"/>
  <member type="node" ref="5907964979" role="stop"/>
  <member type="node" ref="5907964981" role="stop"/>
  <member type="node" ref="5907965000" role="stop"/>
  <member type="node" ref="1794667157" role="stop"/>
  <member type="node" ref="5907965078" role="stop"/>
  <member type="node" ref="5907965097" role="stop"/>
  <member type="node" ref="5347779074" role="stop"/>
  <member type="node" ref="5347790595" role="stop"/>
  <member type="node" ref="5338792759" role="stop"/>
  <member type="node" ref="5911861709" role="stop"/>
  <member type="node" ref="5855371072" role="stop"/>
  <member type="node" ref="5911861688" role="stop"/>
  <member type="node" ref="5349743240" role="stop"/>
  <member type="node" ref="7783726043" role="stop"/>
  <member type="node" ref="7863473571" role="stop"/>
  <member type="node" ref="7872218757" role="stop"/>
  <member type="node" ref="7872218777" role="stop"/>
  <member type="node" ref="7872228248" role="stop"/>
  <member type="node" ref="7872228249" role="stop"/>
  <member type="node" ref="5910050514" role="stop"/>
  <member type="node" ref="7287966330" role="stop"/>
  <member type="node" ref="7287966323" role="stop"/>
  <member type="node" ref="7287966313" role="stop"/>
  <member type="node" ref="7287966302" role="stop"/>
  <member type="node" ref="7287966296" role="stop"/>
  <member type="node" ref="7287966289" role="stop"/>
  <member type="node" ref="7287965175" role="stop"/>
  <member type="node" ref="1725220163" role="stop"/>
  <member type="node" ref="7287965143" role="stop"/>
  <member type="node" ref="7287965130" role="stop"/>
  <member type="node" ref="1914727373" role="stop"/>
  <member type="node" ref="5924431380" role="stop"/>
  <member type="node" ref="5438824808" role="stop"/>
  <member type="node" ref="5881397264" role="stop"/>
  <member type="node" ref="5225259408" role="stop"/>
  <member type="node" ref="1915043095" role="stop"/>
  <member type="node" ref="1915043090" role="stop"/>
  <member type="node" ref="5882162368" role="stop"/>
  <member type="node" ref="1915043091" role="stop"/>
  <member type="node" ref="5887972151" role="stop"/>
  <member type="node" ref="1914136597" role="stop"/>
  <member type="node" ref="1914136725" role="stop"/>
  <member type="node" ref="4733039958" role="stop"/>
  <member type="node" ref="5909995038" role="stop"/>
  <member type="node" ref="355173583" role="stop"/>
  <member type="node" ref="6312484935" role="stop"/>
  <member type="node" ref="1906684759" role="stop"/>
  <member type="node" ref="5772493740" role="stop"/>
  <member type="node" ref="6312484936" role="stop"/>
  <member type="node" ref="5924268023" role="stop"/>
  <member type="node" ref="7908597444" role="stop"/>
  <member type="node" ref="6312484938" role="stop"/>
  <member type="node" ref="6312484944" role="stop"/>
  <member type="node" ref="4963715631" role="stop"/>
  <member type="node" ref="7746266267" role="stop"/>
  <member type="node" ref="7271361461" role="stop_exit_only"/>
  <member type="way" ref="846867975" role=""/>
  <member type="way" ref="626070244" role=""/>
  <member type="way" ref="626070241" role=""/>
  <member type="way" ref="626070221" role=""/>
  <member type="way" ref="168174651" role=""/>
  <member type="way" ref="626070223" role=""/>
  <member type="way" ref="168174652" role=""/>
  <member type="way" ref="552858011" role=""/>
  <member type="way" ref="552858012" role=""/>
  <member type="way" ref="459515350" role=""/>
  <member type="way" ref="459515353" role=""/>
  <member type="way" ref="626070239" role=""/>
  <member type="way" ref="552857833" role=""/>
  <member type="way" ref="552857832" role=""/>
  <member type="way" ref="226702968" role=""/>
  <member type="way" ref="846859471" role=""/>
  <member type="way" ref="846859470" role=""/>
  <member type="way" ref="625745839" role=""/>
  <member type="way" ref="625745836" role=""/>
  <member type="way" ref="625745854" role=""/>
  <member type="way" ref="625745852" role=""/>
  <member type="way" ref="226702967" role=""/>
  <member type="way" ref="626070227" role=""/>
  <member type="way" ref="626070230" role=""/>
  <member type="way" ref="226702972" role=""/>
  <member type="way" ref="846882011" role=""/>
  <member type="way" ref="626070234" role=""/>
  <member type="way" ref="626070236" role=""/>
  <member type="way" ref="554098549" role=""/>
  <member type="way" ref="626520415" role=""/>
  <member type="way" ref="553277309" role=""/>
  <member type="way" ref="553277311" role=""/>
  <member type="way" ref="553277308" role=""/>
  <member type="way" ref="553277307" role=""/>
  <member type="way" ref="553032347" role=""/>
  <member type="way" ref="774616849" role=""/>
  <member type="way" ref="774616848" role=""/>
  <member type="way" ref="553032346" role=""/>
  <member type="way" ref="1221937581" role=""/>
  <member type="way" ref="226702955" role=""/>
  <member type="way" ref="848345070" role=""/>
  <member type="way" ref="848345069" role=""/>
  <member type="way" ref="777243261" role=""/>
  <member type="way" ref="774616857" role=""/>
  <member type="way" ref="774616856" role=""/>
  <member type="way" ref="226702976" role=""/>
  <member type="way" ref="226702982" role=""/>
  <member type="way" ref="226702980" role=""/>
  <member type="way" ref="226702964" role=""/>
  <member type="way" ref="226702952" role=""/>
  <member type="way" ref="833822502" role=""/>
  <member type="way" ref="700350356" role=""/>
  <member type="way" ref="833822494" role=""/>
  <member type="way" ref="833822492" role=""/>
  <member type="way" ref="833822490" role=""/>
  <member type="way" ref="486122611" role=""/>
  <member type="way" ref="843904506" role=""/>
  <member type="way" ref="843904507" role=""/>
  <member type="way" ref="843904511" role=""/>
  <member type="way" ref="843904510" role=""/>
  <member type="way" ref="843904515" role=""/>
  <member type="way" ref="843904514" role=""/>
  <member type="way" ref="843904519" role=""/>
  <member type="way" ref="843904516" role=""/>
  <member type="way" ref="486122595" role=""/>
  <member type="way" ref="833822484" role=""/>
  <member type="way" ref="833822488" role=""/>
  <member type="way" ref="486122591" role=""/>
  <member type="way" ref="843904523" role=""/>
  <member type="way" ref="843904524" role=""/>
  <member type="way" ref="846889792" role=""/>
  <member type="way" ref="843904525" role=""/>
  <member type="way" ref="843904526" role=""/>
  <member type="way" ref="843904529" role=""/>
  <member type="way" ref="843904530" role=""/>
  <member type="way" ref="486122599" role=""/>
  <member type="way" ref="486122605" role=""/>
  <member type="way" ref="618443477" role=""/>
  <member type="way" ref="833822475" role=""/>
  <member type="way" ref="843904533" role=""/>
  <member type="way" ref="843904536" role=""/>
  <member type="way" ref="843904537" role=""/>
  <member type="way" ref="843904540" role=""/>
  <member type="way" ref="843904543" role=""/>
  <member type="way" ref="843904541" role=""/>
  <member type="way" ref="843904545" role=""/>
  <member type="way" ref="843904546" role=""/>
  <member type="way" ref="843904549" role=""/>
  <member type="way" ref="843904551" role=""/>
  <member type="way" ref="843904554" role=""/>
  <member type="way" ref="843904555" role=""/>
  <member type="way" ref="833822472" role=""/>
  <member type="way" ref="848399330" role=""/>
  <member type="way" ref="977918172" role=""/>
  <member type="way" ref="833822470" role=""/>
  <member type="way" ref="778783897" role=""/>
  <member type="way" ref="471664442" role=""/>
  <member type="way" ref="537280234" role=""/>
  <member type="way" ref="537038709" role=""/>
  <member type="way" ref="537032656" role=""/>
  <member type="way" ref="847201131" role=""/>
  <member type="way" ref="847201129" role=""/>
  <member type="way" ref="194096063" role=""/>
  <member type="way" ref="847201127" role=""/>
  <member type="way" ref="847201125" role=""/>
  <member type="way" ref="942814979" role=""/>
  <member type="way" ref="194096064" role=""/>
  <member type="way" ref="840845289" role=""/>
  <member type="way" ref="840845302" role=""/>
  <member type="way" ref="848399334" role=""/>
  <member type="way" ref="627597464" role=""/>
  <member type="way" ref="462259722" role=""/>
  <member type="way" ref="779273845" role=""/>
  <member type="way" ref="778783903" role=""/>
  <member type="way" ref="405995678" role=""/>
  <member type="way" ref="778783909" role=""/>
  <member type="way" ref="778783908" role=""/>
  <member type="way" ref="1219949847" role=""/>
  <member type="way" ref="564521939" role=""/>
  <member type="way" ref="564520649" role=""/>
  <member type="way" ref="481607849" role=""/>
  <member type="way" ref="1056157663" role=""/>
  <member type="way" ref="566850131" role=""/>
  <member type="way" ref="829962028" role=""/>
  <member type="way" ref="829962030" role=""/>
  <member type="way" ref="482174009" role=""/>
  <member type="way" ref="405479640" role=""/>
  <member type="way" ref="405479643" role=""/>
  <member type="way" ref="1025048903" role=""/>
  <member type="way" ref="782655749" role=""/>
  <member type="way" ref="627723645" role=""/>
  <member type="way" ref="405479644" role=""/>
  <member type="way" ref="778783887" role=""/>
  <member type="way" ref="778783883" role=""/>
  <member type="way" ref="778783889" role=""/>
  <member type="way" ref="405451628" role=""/>
  <member type="way" ref="1465570752" role=""/>
  <member type="way" ref="778783888" role=""/>
  <member type="way" ref="778783893" role=""/>
  <member type="way" ref="778783892" role=""/>
  <member type="way" ref="405451624" role=""/>
  <member type="way" ref="405431933" role=""/>
  <member type="way" ref="405431931" role=""/>
  <member type="way" ref="405430941" role=""/>
  <member type="way" ref="405430953" role=""/>
  <member type="way" ref="405430943" role=""/>
  <member type="way" ref="405430939" role=""/>
  <member type="way" ref="405404112" role=""/>
  <member type="way" ref="778783895" role=""/>
  <member type="way" ref="405430423" role=""/>
  <member type="way" ref="1025050711" role=""/>
  <member type="way" ref="405404110" role=""/>
  <tag k="colour" v="#ECA300"/>
  <tag k="from" v="인천"/>
  <tag k="name" v="수인·분당선: 인천 → 청량리"/>
  <tag k="name:en" v="Suin-Bundang Line : Incheon → Cheongnyangni"/>
  <tag k="name:ko" v="수인·분당선: 인천 → 청량리"/>
  <tag k="network" v="수도권 전철"/>
  <tag k="network:en" v="Seoul Metropolitan Subway"/>
  <tag k="network:ko" v="수도권 전철"/>
  <tag k="network:wikidata" v="Q16950"/>
  <tag k="network:wikipedia" v="ko:수도권 전철"/>
  <tag k="network:zh" v="韓國首都圈電鐵"/>
  <tag k="note" v="광역전철은 기차로 간주됩니다. 지하철로 바꾸지 마십시오."/>
  <tag k="operator" v="한국철도공사"/>
  <tag k="operator:en" v="Korea Railroad Corporation"/>
  <tag k="operator:ko" v="한국철도공사"/>
  <tag k="operator:short" v="KORAIL"/>
  <tag k="operator:type" v="public"/>
  <tag k="operator:wikidata" v="Q18169"/>
  <tag k="operator:wikipedia" v="en:Korail"/>
  <tag k="public_transport:version" v="2"/>
  <tag k="ref" v="수인·분당"/>
  <tag k="ref:en" v="Suin-Bundang"/>
  <tag k="route" v="train"/>
  <tag k="service" v="commuter"/>
  <tag k="to" v="청량리"/>
  <tag k="type" v="route"/>
  <tag k="wikidata" v="Q84389881"/>
  <tag k="wikipedia" v="en:Suin–Bundang Line"/>
 </relation>
 <relation id="11634613" visible="true" version="21" changeset="182767590" timestamp="2026-05-17T05:51:48Z" user="Claudius Henrichs" uid="18069">
  <member type="node" ref="7902543836" role="stop_entry_only"/>
  <member type="node" ref="5910775261" role="stop"/>
  <member type="node" ref="5910775263" role="stop"/>
  <member type="node" ref="5910775268" role="stop"/>
  <member type="node" ref="5910775257" role="stop"/>
  <member type="node" ref="5910775683" role="stop"/>
  <member type="node" ref="5204050235" role="stop"/>
  <member type="node" ref="5907964979" role="stop"/>
  <member type="node" ref="5907964981" role="stop"/>
  <member type="node" ref="5907965000" role="stop"/>
  <member type="node" ref="1794667157" role="stop"/>
  <member type="node" ref="5907965078" role="stop"/>
  <member type="node" ref="5907965097" role="stop"/>
  <member type="node" ref="5347779074" role="stop"/>
  <member type="node" ref="5347790595" role="stop"/>
  <member type="node" ref="5338792759" role="stop"/>
  <member type="node" ref="5911861709" role="stop"/>
  <member type="node" ref="5855371072" role="stop"/>
  <member type="node" ref="5911861688" role="stop"/>
  <member type="node" ref="5349743240" role="stop"/>
  <member type="node" ref="7783726043" role="stop"/>
  <member type="node" ref="7863473571" role="stop"/>
  <member type="node" ref="7872218757" role="stop"/>
  <member type="node" ref="7872218777" role="stop"/>
  <member type="node" ref="7872228248" role="stop"/>
  <member type="node" ref="7872228249" role="stop"/>
  <member type="node" ref="5910050514" role="stop"/>
  <member type="node" ref="7287966330" role="stop"/>
  <member type="node" ref="7287966323" role="stop"/>
  <member type="node" ref="7287966313" role="stop"/>
  <member type="node" ref="7287966302" role="stop"/>
  <member type="node" ref="7287966296" role="stop"/>
  <member type="node" ref="7287966289" role="stop"/>
  <member type="node" ref="7287965175" role="stop"/>
  <member type="node" ref="1725220163" role="stop"/>
  <member type="node" ref="7287965143" role="stop"/>
  <member type="node" ref="7287965130" role="stop"/>
  <member type="node" ref="1914727373" role="stop"/>
  <member type="node" ref="7902605714" role="stop_exit_only"/>
  <member type="way" ref="846867975" role=""/>
  <member type="way" ref="626070244" role=""/>
  <member type="way" ref="626070241" role=""/>
  <member type="way" ref="626070221" role=""/>
  <member type="way" ref="168174651" role=""/>
  <member type="way" ref="626070223" role=""/>
  <member type="way" ref="168174652" role=""/>
  <member type="way" ref="552858011" role=""/>
  <member type="way" ref="552858012" role=""/>
  <member type="way" ref="459515350" role=""/>
  <member type="way" ref="459515353" role=""/>
  <member type="way" ref="626070239" role=""/>
  <member type="way" ref="552857833" role=""/>
  <member type="way" ref="552857832" role=""/>
  <member type="way" ref="226702968" role=""/>
  <member type="way" ref="846859471" role=""/>
  <member type="way" ref="846859470" role=""/>
  <member type="way" ref="625745839" role=""/>
  <member type="way" ref="625745836" role=""/>
  <member type="way" ref="625745854" role=""/>
  <member type="way" ref="625745852" role=""/>
  <member type="way" ref="226702967" role=""/>
  <member type="way" ref="626070227" role=""/>
  <member type="way" ref="626070230" role=""/>
  <member type="way" ref="226702972" role=""/>
  <member type="way" ref="846882011" role=""/>
  <member type="way" ref="626070234" role=""/>
  <member type="way" ref="626070236" role=""/>
  <member type="way" ref="554098549" role=""/>
  <member type="way" ref="626520415" role=""/>
  <member type="way" ref="553277309" role=""/>
  <member type="way" ref="553277311" role=""/>
  <member type="way" ref="553277308" role=""/>
  <member type="way" ref="553277307" role=""/>
  <member type="way" ref="553032347" role=""/>
  <member type="way" ref="774616849" role=""/>
  <member type="way" ref="774616848" role=""/>
  <member type="way" ref="553032346" role=""/>
  <member type="way" ref="1221937581" role=""/>
  <member type="way" ref="226702955" role=""/>
  <member type="way" ref="848345070" role=""/>
  <member type="way" ref="848345069" role=""/>
  <member type="way" ref="777243261" role=""/>
  <member type="way" ref="774616857" role=""/>
  <member type="way" ref="774616856" role=""/>
  <member type="way" ref="226702976" role=""/>
  <member type="way" ref="226702982" role=""/>
  <member type="way" ref="226702980" role=""/>
  <member type="way" ref="226702964" role=""/>
  <member type="way" ref="226702952" role=""/>
  <member type="way" ref="833822502" role=""/>
  <member type="way" ref="700350356" role=""/>
  <member type="way" ref="833822494" role=""/>
  <member type="way" ref="833822492" role=""/>
  <member type="way" ref="833822490" role=""/>
  <member type="way" ref="486122611" role=""/>
  <member type="way" ref="843904506" role=""/>
  <member type="way" ref="843904507" role=""/>
  <member type="way" ref="843904511" role=""/>
  <member type="way" ref="843904510" role=""/>
  <member type="way" ref="843904515" role=""/>
  <member type="way" ref="843904514" role=""/>
  <member type="way" ref="843904519" role=""/>
  <member type="way" ref="843904516" role=""/>
  <member type="way" ref="486122595" role=""/>
  <member type="way" ref="833822484" role=""/>
  <member type="way" ref="833822488" role=""/>
  <member type="way" ref="486122591" role=""/>
  <member type="way" ref="843904523" role=""/>
  <member type="way" ref="843904524" role=""/>
  <member type="way" ref="846889792" role=""/>
  <member type="way" ref="843904525" role=""/>
  <member type="way" ref="843904526" role=""/>
  <member type="way" ref="843904529" role=""/>
  <member type="way" ref="843904530" role=""/>
  <member type="way" ref="486122599" role=""/>
  <member type="way" ref="486122605" role=""/>
  <member type="way" ref="618443477" role=""/>
  <member type="way" ref="833822475" role=""/>
  <member type="way" ref="843904533" role=""/>
  <member type="way" ref="843904536" role=""/>
  <member type="way" ref="843904537" role=""/>
  <member type="way" ref="843904540" role=""/>
  <member type="way" ref="843904543" role=""/>
  <member type="way" ref="843904541" role=""/>
  <member type="way" ref="843904545" role=""/>
  <member type="way" ref="843904546" role=""/>
  <member type="way" ref="843904549" role=""/>
  <member type="way" ref="843904551" role=""/>
  <member type="way" ref="843904554" role=""/>
  <member type="way" ref="843904555" role=""/>
  <member type="way" ref="833822472" role=""/>
  <member type="way" ref="848399330" role=""/>
  <member type="way" ref="977918172" role=""/>
  <member type="way" ref="833822470" role=""/>
  <member type="way" ref="778783897" role=""/>
  <member type="way" ref="471664442" role=""/>
  <member type="way" ref="537280234" role=""/>
  <member type="way" ref="537038709" role=""/>
  <member type="way" ref="537032656" role=""/>
  <member type="way" ref="847201131" role=""/>
  <member type="way" ref="847201129" role=""/>
  <member type="way" ref="194096063" role=""/>
  <member type="way" ref="847201127" role=""/>
  <member type="way" ref="847201125" role=""/>
  <member type="way" ref="942814979" role=""/>
  <member type="way" ref="194096064" role=""/>
  <member type="way" ref="840845289" role=""/>
  <member type="way" ref="840845302" role=""/>
  <member type="way" ref="462273389" role=""/>
  <member type="way" ref="635180876" role=""/>
  <member type="way" ref="627597466" role=""/>
  <member type="way" ref="846889794" role=""/>
  <tag k="colour" v="#ECA300"/>
  <tag k="from" v="인천"/>
  <tag k="name" v="수인·분당선: 인천 → 죽전"/>
  <tag k="name:en" v="Suin-Bundang Line: Incheon → Jukjeon"/>
  <tag k="name:ko" v="수인·분당선: 인천 → 죽전"/>
  <tag k="network" v="수도권 전철"/>
  <tag k="network:en" v="Seoul Metropolitan Subway"/>
  <tag k="network:ko" v="수도권 전철"/>
  <tag k="network:wikidata" v="Q16950"/>
  <tag k="network:wikipedia" v="ko:수도권 전철"/>
  <tag k="network:zh" v="韓國首都圈電鐵"/>
  <tag k="note" v="광역전철은 기차로 간주됩니다. 지하철로 바꾸지 마십시오."/>
  <tag k="operator" v="한국철도공사"/>
  <tag k="operator:en" v="Korea Railroad Corporation"/>
  <tag k="operator:ko" v="한국철도공사"/>
  <tag k="operator:short" v="KORAIL"/>
  <tag k="operator:type" v="public"/>
  <tag k="operator:wikidata" v="Q18169"/>
  <tag k="operator:wikipedia" v="en:Korail"/>
  <tag k="ref" v="수인·분당"/>
  <tag k="ref:en" v="Suin-Bundang"/>
  <tag k="route" v="train"/>
  <tag k="service" v="commuter"/>
  <tag k="to" v="죽전"/>
  <tag k="type" v="route"/>
  <tag k="wikidata" v="Q84389881"/>
  <tag k="wikipedia" v="en:Suin–Bundang Line"/>
 </relation>
 <relation id="11634614" visible="true" version="14" changeset="178183754" timestamp="2026-02-06T11:51:47Z" user="BR_pebble" uid="15458791">
  <member type="node" ref="7902543836" role="stop_entry_only"/>
  <member type="node" ref="5910775261" role="stop"/>
  <member type="node" ref="5910775263" role="stop"/>
  <member type="node" ref="5910775268" role="stop"/>
  <member type="node" ref="5910775257" role="stop"/>
  <member type="node" ref="5910775683" role="stop"/>
  <member type="node" ref="5204050235" role="stop"/>
  <member type="node" ref="5907964979" role="stop"/>
  <member type="node" ref="5907964981" role="stop"/>
  <member type="node" ref="5907965000" role="stop"/>
  <member type="node" ref="1794667157" role="stop"/>
  <member type="node" ref="5907965078" role="stop"/>
  <member type="node" ref="5907965097" role="stop"/>
  <member type="node" ref="5347779074" role="stop"/>
  <member type="node" ref="5347790595" role="stop"/>
  <member type="node" ref="5338792759" role="stop"/>
  <member type="node" ref="5911861709" role="stop"/>
  <member type="node" ref="5855371072" role="stop"/>
  <member type="node" ref="5911861688" role="stop"/>
  <member type="node" ref="5349743240" role="stop"/>
  <member type="node" ref="7783726043" role="stop"/>
  <member type="node" ref="7863473571" role="stop"/>
  <member type="node" ref="7872218757" role="stop"/>
  <member type="node" ref="7872218777" role="stop"/>
  <member type="node" ref="7872228248" role="stop"/>
  <member type="node" ref="7872228252" role="stop_exit_only"/>
  <member type="way" ref="846867975" role=""/>
  <member type="way" ref="626070244" role=""/>
  <member type="way" ref="626070241" role=""/>
  <member type="way" ref="626070221" role=""/>
  <member type="way" ref="168174651" role=""/>
  <member type="way" ref="626070223" role=""/>
  <member type="way" ref="168174652" role=""/>
  <member type="way" ref="552858011" role=""/>
  <member type="way" ref="552858012" role=""/>
  <member type="way" ref="459515350" role=""/>
  <member type="way" ref="459515353" role=""/>
  <member type="way" ref="626070239" role=""/>
  <member type="way" ref="552857833" role=""/>
  <member type="way" ref="552857832" role=""/>
  <member type="way" ref="226702968" role=""/>
  <member type="way" ref="846859471" role=""/>
  <member type="way" ref="846859470" role=""/>
  <member type="way" ref="625745839" role=""/>
  <member type="way" ref="625745836" role=""/>
  <member type="way" ref="625745854" role=""/>
  <member type="way" ref="625745852" role=""/>
  <member type="way" ref="226702967" role=""/>
  <member type="way" ref="626070227" role=""/>
  <member type="way" ref="626070230" role=""/>
  <member type="way" ref="226702972" role=""/>
  <member type="way" ref="846882011" role=""/>
  <member type="way" ref="626070234" role=""/>
  <member type="way" ref="626070236" role=""/>
  <member type="way" ref="554098549" role=""/>
  <member type="way" ref="626520415" role=""/>
  <member type="way" ref="553277309" role=""/>
  <member type="way" ref="553277311" role=""/>
  <member type="way" ref="553277308" role=""/>
  <member type="way" ref="553277307" role=""/>
  <member type="way" ref="553032347" role=""/>
  <member type="way" ref="774616849" role=""/>
  <member type="way" ref="774616848" role=""/>
  <member type="way" ref="553032346" role=""/>
  <member type="way" ref="1221937581" role=""/>
  <member type="way" ref="226702955" role=""/>
  <member type="way" ref="848345070" role=""/>
  <member type="way" ref="848345069" role=""/>
  <member type="way" ref="777243261" role=""/>
  <member type="way" ref="774616857" role=""/>
  <member type="way" ref="774616856" role=""/>
  <member type="way" ref="226702976" role=""/>
  <member type="way" ref="226702982" role=""/>
  <member type="way" ref="226702980" role=""/>
  <member type="way" ref="226702964" role=""/>
  <member type="way" ref="226702952" role=""/>
  <member type="way" ref="833822502" role=""/>
  <member type="way" ref="700350356" role=""/>
  <member type="way" ref="833822494" role=""/>
  <member type="way" ref="833822492" role=""/>
  <member type="way" ref="833822490" role=""/>
  <member type="way" ref="486122611" role=""/>
  <member type="way" ref="843904506" role=""/>
  <member type="way" ref="843904507" role=""/>
  <member type="way" ref="843904511" role=""/>
  <member type="way" ref="843904510" role=""/>
  <member type="way" ref="843904515" role=""/>
  <member type="way" ref="843904514" role=""/>
  <member type="way" ref="843904519" role=""/>
  <member type="way" ref="843904516" role=""/>
  <member type="way" ref="486122595" role=""/>
  <member type="way" ref="833822484" role=""/>
  <member type="way" ref="833822488" role=""/>
  <member type="way" ref="486122591" role=""/>
  <member type="way" ref="843904523" role=""/>
  <member type="way" ref="843904524" role=""/>
  <member type="way" ref="846889792" role=""/>
  <member type="way" ref="843904525" role=""/>
  <member type="way" ref="843904526" role=""/>
  <member type="way" ref="843904529" role=""/>
  <member type="way" ref="843904530" role=""/>
  <member type="way" ref="486122599" role=""/>
  <member type="way" ref="486122605" role=""/>
  <member type="way" ref="618443477" role=""/>
  <member type="way" ref="833822475" role=""/>
  <member type="way" ref="843904533" role=""/>
  <member type="way" ref="843904536" role=""/>
  <member type="way" ref="843904537" role=""/>
  <member type="way" ref="843904540" role=""/>
  <member type="way" ref="843904543" role=""/>
  <member type="way" ref="843904541" role=""/>
  <member type="way" ref="843904545" role=""/>
  <member type="way" ref="843904546" role=""/>
  <member type="way" ref="843904549" role=""/>
  <member type="way" ref="843904551" role=""/>
  <member type="way" ref="843904554" role=""/>
  <member type="way" ref="843904555" role=""/>
  <member type="way" ref="833822472" role=""/>
  <member type="way" ref="848399328" role=""/>
  <member type="way" ref="848399332" role=""/>
  <member type="way" ref="843032532" role=""/>
  <tag k="colour" v="#ECA300"/>
  <tag k="from" v="인천"/>
  <tag k="name" v="수인·분당선: 인천 → 고색"/>
  <tag k="name:en" v="Suin-Bundang Line : Incheon → Gosaek"/>
  <tag k="name:ko" v="수인·분당선: 인천 → 고색"/>
  <tag k="network" v="수도권 전철"/>
  <tag k="network:en" v="Seoul Metropolitan Subway"/>
  <tag k="network:ko" v="수도권 전철"/>
  <tag k="network:wikidata" v="Q16950"/>
  <tag k="network:wikipedia" v="ko:수도권 전철"/>
  <tag k="network:zh" v="韓國首都圈電鐵"/>
  <tag k="note" v="광역전철은 기차로 간주됩니다. 지하철로 바꾸지 마십시오."/>
  <tag k="operator" v="한국철도공사"/>
  <tag k="operator:en" v="Korea Railroad Corporation"/>
  <tag k="operator:ko" v="한국철도공사"/>
  <tag k="operator:short" v="KORAIL"/>
  <tag k="operator:type" v="public"/>
  <tag k="operator:wikidata" v="Q18169"/>
  <tag k="operator:wikipedia" v="en:Korail"/>
  <tag k="ref" v="수인·분당"/>
  <tag k="ref:en" v="Suin-Bundang"/>
  <tag k="route" v="train"/>
  <tag k="service" v="commuter"/>
  <tag k="to" v="고색"/>
  <tag k="type" v="route"/>
  <tag k="wikidata" v="Q84389881"/>
  <tag k="wikipedia" v="en:Suin–Bundang Line"/>
 </relation>
 <relation id="11636212" visible="true" version="15" changeset="178183797" timestamp="2026-02-06T11:52:34Z" user="BR_pebble" uid="15458791">
  <member type="node" ref="7271361462" role="stop_entry_only"/>
  <member type="node" ref="7287965104" role="stop"/>
  <member type="node" ref="7287965131" role="stop"/>
  <member type="node" ref="7287965144" role="stop"/>
  <member type="node" ref="7287965160" role="stop"/>
  <member type="node" ref="7287965173" role="stop"/>
  <member type="node" ref="7287966290" role="stop"/>
  <member type="node" ref="7287966294" role="stop"/>
  <member type="node" ref="7287966303" role="stop"/>
  <member type="node" ref="7287966314" role="stop"/>
  <member type="node" ref="7287966324" role="stop"/>
  <member type="node" ref="7287966331" role="stop"/>
  <member type="node" ref="7287966349" role="stop"/>
  <member type="node" ref="7872228250" role="stop"/>
  <member type="node" ref="7864301049" role="stop"/>
  <member type="node" ref="7872218776" role="stop"/>
  <member type="node" ref="7863473544" role="stop"/>
  <member type="node" ref="7872218729" role="stop"/>
  <member type="node" ref="355173115" role="stop"/>
  <member type="node" ref="5349743239" role="stop"/>
  <member type="node" ref="5911861689" role="stop"/>
  <member type="node" ref="5723047769" role="stop"/>
  <member type="node" ref="5911861708" role="stop"/>
  <member type="node" ref="2066387615" role="stop"/>
  <member type="node" ref="619039778" role="stop"/>
  <member type="node" ref="2066596170" role="stop"/>
  <member type="node" ref="5907965096" role="stop"/>
  <member type="node" ref="5907965080" role="stop"/>
  <member type="node" ref="5907965062" role="stop"/>
  <member type="node" ref="5907965001" role="stop"/>
  <member type="node" ref="5907964982" role="stop"/>
  <member type="node" ref="5907964905" role="stop"/>
  <member type="node" ref="5910775695" role="stop"/>
  <member type="node" ref="5910775684" role="stop"/>
  <member type="node" ref="5910775256" role="stop"/>
  <member type="node" ref="5910775615" role="stop"/>
  <member type="node" ref="5910775262" role="stop"/>
  <member type="node" ref="5910775260" role="stop"/>
  <member type="node" ref="5910775258" role="stop_exit_only"/>
  <member type="way" ref="627597465" role=""/>
  <member type="way" ref="462273388" role=""/>
  <member type="way" ref="846889796" role=""/>
  <member type="way" ref="462273387" role=""/>
  <member type="way" ref="846889795" role=""/>
  <member type="way" ref="848399343" role=""/>
  <member type="way" ref="840845301" role=""/>
  <member type="way" ref="840845290" role=""/>
  <member type="way" ref="780475723" role=""/>
  <member type="way" ref="847201126" role=""/>
  <member type="way" ref="847201128" role=""/>
  <member type="way" ref="847201130" role=""/>
  <member type="way" ref="847201132" role=""/>
  <member type="way" ref="1181339946" role=""/>
  <member type="way" ref="833822469" role=""/>
  <member type="way" ref="977918171" role=""/>
  <member type="way" ref="843904560" role=""/>
  <member type="way" ref="848399332" role=""/>
  <member type="way" ref="848399331" role=""/>
  <member type="way" ref="833822473" role=""/>
  <member type="way" ref="843904556" role=""/>
  <member type="way" ref="843904553" role=""/>
  <member type="way" ref="843904552" role=""/>
  <member type="way" ref="843904550" role=""/>
  <member type="way" ref="843904548" role=""/>
  <member type="way" ref="843904547" role=""/>
  <member type="way" ref="843904542" role=""/>
  <member type="way" ref="843904544" role=""/>
  <member type="way" ref="843904539" role=""/>
  <member type="way" ref="843904538" role=""/>
  <member type="way" ref="843904535" role=""/>
  <member type="way" ref="843904534" role=""/>
  <member type="way" ref="833822474" role=""/>
  <member type="way" ref="833822476" role=""/>
  <member type="way" ref="833822477" role=""/>
  <member type="way" ref="843904532" role=""/>
  <member type="way" ref="843904531" role=""/>
  <member type="way" ref="843904527" role=""/>
  <member type="way" ref="843904528" role=""/>
  <member type="way" ref="846889793" role=""/>
  <member type="way" ref="843904521" role=""/>
  <member type="way" ref="843904522" role=""/>
  <member type="way" ref="833822481" role=""/>
  <member type="way" ref="833822486" role=""/>
  <member type="way" ref="833822483" role=""/>
  <member type="way" ref="833822482" role=""/>
  <member type="way" ref="849759837" role=""/>
  <member type="way" ref="843904517" role=""/>
  <member type="way" ref="843904513" role=""/>
  <member type="way" ref="843904512" role=""/>
  <member type="way" ref="843904508" role=""/>
  <member type="way" ref="843904509" role=""/>
  <member type="way" ref="849759838" role=""/>
  <member type="way" ref="843904504" role=""/>
  <member type="way" ref="833822489" role=""/>
  <member type="way" ref="833822491" role=""/>
  <member type="way" ref="833822493" role=""/>
  <member type="way" ref="833822495" role=""/>
  <member type="way" ref="833822496" role=""/>
  <member type="way" ref="58548715" role=""/>
  <member type="way" ref="58548716" role=""/>
  <member type="way" ref="58548717" role=""/>
  <member type="way" ref="58548718" role=""/>
  <member type="way" ref="58548721" role=""/>
  <member type="way" ref="226702974" role=""/>
  <member type="way" ref="654087839" role=""/>
  <member type="way" ref="654087838" role=""/>
  <member type="way" ref="58528337" role=""/>
  <member type="way" ref="226702956" role=""/>
  <member type="way" ref="774616859" role=""/>
  <member type="way" ref="774616858" role=""/>
  <member type="way" ref="777243259" role=""/>
  <member type="way" ref="777243258" role=""/>
  <member type="way" ref="848345074" role=""/>
  <member type="way" ref="848345073" role=""/>
  <member type="way" ref="1221937580" role=""/>
  <member type="way" ref="196292947" role=""/>
  <member type="way" ref="553033070" role=""/>
  <member type="way" ref="774616851" role=""/>
  <member type="way" ref="774616850" role=""/>
  <member type="way" ref="196292943" role=""/>
  <member type="way" ref="196292944" role=""/>
  <member type="way" ref="196292940" role=""/>
  <member type="way" ref="553277312" role=""/>
  <member type="way" ref="553277310" role=""/>
  <member type="way" ref="626520414" role=""/>
  <member type="way" ref="626520417" role=""/>
  <member type="way" ref="626070233" role=""/>
  <member type="way" ref="626070232" role=""/>
  <member type="way" ref="603285535" role=""/>
  <member type="way" ref="846882012" role=""/>
  <member type="way" ref="626070231" role=""/>
  <member type="way" ref="626070226" role=""/>
  <member type="way" ref="603285534" role=""/>
  <member type="way" ref="625745851" role=""/>
  <member type="way" ref="625745853" role=""/>
  <member type="way" ref="625745835" role=""/>
  <member type="way" ref="625745838" role=""/>
  <member type="way" ref="625745843" role=""/>
  <member type="way" ref="846859473" role=""/>
  <member type="way" ref="846859472" role=""/>
  <member type="way" ref="625745842" role=""/>
  <member type="way" ref="625745841" role=""/>
  <member type="way" ref="626070238" role=""/>
  <member type="way" ref="626070258" role=""/>
  <member type="way" ref="626070257" role=""/>
  <member type="way" ref="626070256" role=""/>
  <member type="way" ref="626070255" role=""/>
  <member type="way" ref="626070252" role=""/>
  <member type="way" ref="626070224" role=""/>
  <member type="way" ref="626070251" role=""/>
  <member type="way" ref="626070222" role=""/>
  <member type="way" ref="626070242" role=""/>
  <member type="way" ref="626070240" role=""/>
  <member type="way" ref="626070243" role=""/>
  <tag k="colour" v="#ECA300"/>
  <tag k="from" v="죽전"/>
  <tag k="name" v="수인·분당선: 죽전 → 인천"/>
  <tag k="name:en" v="Suin-Bundang Line: Jukjeon → Incheon"/>
  <tag k="name:ko" v="수인·분당선: 죽전 → 인천"/>
  <tag k="network" v="수도권 전철"/>
  <tag k="network:en" v="Seoul Metropolitan Subway"/>
  <tag k="network:ko" v="수도권 전철"/>
  <tag k="network:wikidata" v="Q16950"/>
  <tag k="network:wikipedia" v="ko:수도권 전철"/>
  <tag k="network:zh" v="韓國首都圈電鐵"/>
  <tag k="note" v="광역전철은 기차로 간주됩니다. 지하철로 바꾸지 마십시오."/>
  <tag k="operator" v="한국철도공사"/>
  <tag k="operator:en" v="Korea Railroad Corporation"/>
  <tag k="operator:ko" v="한국철도공사"/>
  <tag k="operator:short" v="KORAIL"/>
  <tag k="operator:type" v="public"/>
  <tag k="operator:wikidata" v="Q18169"/>
  <tag k="operator:wikipedia" v="en:Korail"/>
  <tag k="ref" v="수인·분당"/>
  <tag k="ref:en" v="Suin-Bundang"/>
  <tag k="route" v="train"/>
  <tag k="service" v="commuter"/>
  <tag k="to" v="인천"/>
  <tag k="type" v="route"/>
  <tag k="wikidata" v="Q84389881"/>
  <tag k="wikipedia" v="en:Suin-Bundang Line"/>
 </relation>
 <relation id="11636213" visible="true" version="14" changeset="178183831" timestamp="2026-02-06T11:53:22Z" user="BR_pebble" uid="15458791">
  <member type="node" ref="7872228252" role="stop_entry_only"/>
  <member type="node" ref="7864301049" role="stop"/>
  <member type="node" ref="7872218776" role="stop"/>
  <member type="node" ref="7863473544" role="stop"/>
  <member type="node" ref="7872218729" role="stop"/>
  <member type="node" ref="355173115" role="stop"/>
  <member type="node" ref="5349743239" role="stop"/>
  <member type="node" ref="5911861689" role="stop"/>
  <member type="node" ref="5723047769" role="stop"/>
  <member type="node" ref="5911861708" role="stop"/>
  <member type="node" ref="2066387615" role="stop"/>
  <member type="node" ref="619039778" role="stop"/>
  <member type="node" ref="2066596170" role="stop"/>
  <member type="node" ref="5907965096" role="stop"/>
  <member type="node" ref="5907965080" role="stop"/>
  <member type="node" ref="5907965062" role="stop"/>
  <member type="node" ref="5907965001" role="stop"/>
  <member type="node" ref="5907964982" role="stop"/>
  <member type="node" ref="5907964905" role="stop"/>
  <member type="node" ref="5910775695" role="stop"/>
  <member type="node" ref="5910775684" role="stop"/>
  <member type="node" ref="5910775256" role="stop"/>
  <member type="node" ref="5910775615" role="stop"/>
  <member type="node" ref="5910775262" role="stop"/>
  <member type="node" ref="5910775260" role="stop"/>
  <member type="node" ref="5910775258" role="stop_exit_only"/>
  <member type="way" ref="843032532" role=""/>
  <member type="way" ref="848399332" role=""/>
  <member type="way" ref="848399331" role=""/>
  <member type="way" ref="833822473" role=""/>
  <member type="way" ref="843904556" role=""/>
  <member type="way" ref="843904553" role=""/>
  <member type="way" ref="843904552" role=""/>
  <member type="way" ref="843904550" role=""/>
  <member type="way" ref="843904548" role=""/>
  <member type="way" ref="843904547" role=""/>
  <member type="way" ref="843904542" role=""/>
  <member type="way" ref="843904544" role=""/>
  <member type="way" ref="843904539" role=""/>
  <member type="way" ref="843904538" role=""/>
  <member type="way" ref="843904535" role=""/>
  <member type="way" ref="843904534" role=""/>
  <member type="way" ref="833822474" role=""/>
  <member type="way" ref="833822476" role=""/>
  <member type="way" ref="833822477" role=""/>
  <member type="way" ref="843904532" role=""/>
  <member type="way" ref="843904531" role=""/>
  <member type="way" ref="843904527" role=""/>
  <member type="way" ref="843904528" role=""/>
  <member type="way" ref="846889793" role=""/>
  <member type="way" ref="843904521" role=""/>
  <member type="way" ref="843904522" role=""/>
  <member type="way" ref="833822481" role=""/>
  <member type="way" ref="833822486" role=""/>
  <member type="way" ref="833822483" role=""/>
  <member type="way" ref="833822482" role=""/>
  <member type="way" ref="849759837" role=""/>
  <member type="way" ref="843904517" role=""/>
  <member type="way" ref="843904513" role=""/>
  <member type="way" ref="843904512" role=""/>
  <member type="way" ref="843904508" role=""/>
  <member type="way" ref="843904509" role=""/>
  <member type="way" ref="849759838" role=""/>
  <member type="way" ref="843904504" role=""/>
  <member type="way" ref="833822489" role=""/>
  <member type="way" ref="833822491" role=""/>
  <member type="way" ref="833822493" role=""/>
  <member type="way" ref="833822495" role=""/>
  <member type="way" ref="833822496" role=""/>
  <member type="way" ref="58548715" role=""/>
  <member type="way" ref="58548716" role=""/>
  <member type="way" ref="58548717" role=""/>
  <member type="way" ref="58548718" role=""/>
  <member type="way" ref="58548721" role=""/>
  <member type="way" ref="226702974" role=""/>
  <member type="way" ref="654087839" role=""/>
  <member type="way" ref="654087838" role=""/>
  <member type="way" ref="58528337" role=""/>
  <member type="way" ref="226702956" role=""/>
  <member type="way" ref="774616859" role=""/>
  <member type="way" ref="774616858" role=""/>
  <member type="way" ref="777243259" role=""/>
  <member type="way" ref="777243258" role=""/>
  <member type="way" ref="848345074" role=""/>
  <member type="way" ref="848345073" role=""/>
  <member type="way" ref="1221937580" role=""/>
  <member type="way" ref="196292947" role=""/>
  <member type="way" ref="553033070" role=""/>
  <member type="way" ref="774616851" role=""/>
  <member type="way" ref="774616850" role=""/>
  <member type="way" ref="196292943" role=""/>
  <member type="way" ref="196292944" role=""/>
  <member type="way" ref="196292940" role=""/>
  <member type="way" ref="553277312" role=""/>
  <member type="way" ref="553277310" role=""/>
  <member type="way" ref="626520414" role=""/>
  <member type="way" ref="626520417" role=""/>
  <member type="way" ref="626070233" role=""/>
  <member type="way" ref="626070232" role=""/>
  <member type="way" ref="603285535" role=""/>
  <member type="way" ref="846882012" role=""/>
  <member type="way" ref="626070231" role=""/>
  <member type="way" ref="626070226" role=""/>
  <member type="way" ref="603285534" role=""/>
  <member type="way" ref="625745851" role=""/>
  <member type="way" ref="625745853" role=""/>
  <member type="way" ref="625745835" role=""/>
  <member type="way" ref="625745838" role=""/>
  <member type="way" ref="625745843" role=""/>
  <member type="way" ref="846859473" role=""/>
  <member type="way" ref="846859472" role=""/>
  <member type="way" ref="625745842" role=""/>
  <member type="way" ref="625745841" role=""/>
  <member type="way" ref="626070238" role=""/>
  <member type="way" ref="626070258" role=""/>
  <member type="way" ref="626070257" role=""/>
  <member type="way" ref="626070256" role=""/>
  <member type="way" ref="626070255" role=""/>
  <member type="way" ref="626070252" role=""/>
  <member type="way" ref="626070224" role=""/>
  <member type="way" ref="626070251" role=""/>
  <member type="way" ref="626070222" role=""/>
  <member type="way" ref="626070242" role=""/>
  <member type="way" ref="626070240" role=""/>
  <member type="way" ref="626070243" role=""/>
  <tag k="colour" v="#ECA300"/>
  <tag k="from" v="고색"/>
  <tag k="name" v="수인·분당선: 고색 → 인천"/>
  <tag k="name:en" v="Suin-Bundang Line : Gosaek → Incheon"/>
  <tag k="name:ko" v="수인·분당선: 고색 → 인천"/>
  <tag k="network" v="수도권 전철"/>
  <tag k="network:en" v="Seoul Metropolitan Subway"/>
  <tag k="network:ko" v="수도권 전철"/>
  <tag k="network:wikidata" v="Q16950"/>
  <tag k="network:wikipedia" v="ko:수도권 전철"/>
  <tag k="network:zh" v="韓國首都圈電鐵"/>
  <tag k="note" v="광역전철은 기차로 간주됩니다. 지하철로 바꾸지 마십시오."/>
  <tag k="operator" v="한국철도공사"/>
  <tag k="operator:en" v="Korea Railroad Corporation"/>
  <tag k="operator:ko" v="한국철도공사"/>
  <tag k="operator:short" v="KORAIL"/>
  <tag k="operator:type" v="public"/>
  <tag k="operator:wikidata" v="Q18169"/>
  <tag k="operator:wikipedia" v="en:Korail"/>
  <tag k="ref" v="수인·분당"/>
  <tag k="ref:en" v="Suin-Bundang"/>
  <tag k="route" v="train"/>
  <tag k="service" v="commuter"/>
  <tag k="to" v="인천"/>
  <tag k="type" v="route"/>
  <tag k="wikidata" v="Q84389881"/>
  <tag k="wikipedia" v="en:Suin-Bundang Line"/>
 </relation>
 <relation id="11651118" visible="true" version="10" changeset="178183879" timestamp="2026-02-06T11:54:28Z" user="BR_pebble" uid="15458791">
  <member type="node" ref="2066596170" role="stop_entry_only"/>
  <member type="node" ref="5907965062" role="stop"/>
  <member type="node" ref="5907965001" role="stop"/>
  <member type="node" ref="5910775695" role="stop"/>
  <member type="node" ref="5910775684" role="stop"/>
  <member type="node" ref="5910775615" role="stop"/>
  <member type="node" ref="5910775258" role="stop_exit_only"/>
  <member type="way" ref="626070233" role=""/>
  <member type="way" ref="626070232" role=""/>
  <member type="way" ref="603285535" role=""/>
  <member type="way" ref="846882012" role=""/>
  <member type="way" ref="626070231" role=""/>
  <member type="way" ref="626070226" role=""/>
  <member type="way" ref="603285534" role=""/>
  <member type="way" ref="625745851" role=""/>
  <member type="way" ref="625745853" role=""/>
  <member type="way" ref="625745835" role=""/>
  <member type="way" ref="625745838" role=""/>
  <member type="way" ref="625745843" role=""/>
  <member type="way" ref="846859473" role=""/>
  <member type="way" ref="846859472" role=""/>
  <member type="way" ref="625745842" role=""/>
  <member type="way" ref="625745841" role=""/>
  <member type="way" ref="626070238" role=""/>
  <member type="way" ref="626070258" role=""/>
  <member type="way" ref="626070257" role=""/>
  <member type="way" ref="626070256" role=""/>
  <member type="way" ref="626070255" role=""/>
  <member type="way" ref="626070252" role=""/>
  <member type="way" ref="626070224" role=""/>
  <member type="way" ref="626070251" role=""/>
  <member type="way" ref="626070222" role=""/>
  <member type="way" ref="626070242" role=""/>
  <member type="way" ref="626070240" role=""/>
  <member type="way" ref="626070243" role=""/>
  <tag k="colour" v="#ECA300"/>
  <tag k="from" v="오이도"/>
  <tag k="name" v="수인·분당선 급행: 오이도 → 인천"/>
  <tag k="name:en" v="Suin-Bundang Line Rapid : Oido → Incheon"/>
  <tag k="name:ko" v="수인·분당선 급행: 오이도 → 인천"/>
  <tag k="network" v="수도권 전철"/>
  <tag k="network:en" v="Seoul Metropolitan Subway"/>
  <tag k="network:ko" v="수도권 전철"/>
  <tag k="network:wikidata" v="Q16950"/>
  <tag k="network:wikipedia" v="ko:수도권 전철"/>
  <tag k="network:zh" v="韓國首都圈電鐵"/>
  <tag k="note" v="광역전철은 기차로 간주됩니다. 지하철로 바꾸지 마십시오."/>
  <tag k="operator" v="한국철도공사"/>
  <tag k="operator:en" v="Korea Railroad Corporation"/>
  <tag k="operator:ko" v="한국철도공사"/>
  <tag k="operator:short" v="KORAIL"/>
  <tag k="operator:type" v="public"/>
  <tag k="operator:wikidata" v="Q18169"/>
  <tag k="operator:wikipedia" v="en:Korail"/>
  <tag k="public_transport:version" v="2"/>
  <tag k="ref" v="수인·분당"/>
  <tag k="ref:en" v="Suin-Bundang"/>
  <tag k="route" v="train"/>
  <tag k="service" v="commuter"/>
  <tag k="to" v="인천"/>
  <tag k="type" v="route"/>
  <tag k="wikidata" v="Q84389881"/>
  <tag k="wikipedia" v="en:Suin–Bundang Line"/>
 </relation>
 <relation id="11651119" visible="true" version="11" changeset="178183925" timestamp="2026-02-06T11:55:14Z" user="BR_pebble" uid="15458791">
  <member type="node" ref="7902543836" role="stop_entry_only"/>
  <member type="node" ref="5910775268" role="stop"/>
  <member type="node" ref="5910775683" role="stop"/>
  <member type="node" ref="5204050235" role="stop"/>
  <member type="node" ref="5907965000" role="stop"/>
  <member type="node" ref="1794667157" role="stop"/>
  <member type="node" ref="5347779074" role="stop_exit_only"/>
  <member type="way" ref="846867975" role=""/>
  <member type="way" ref="626070244" role=""/>
  <member type="way" ref="626070241" role=""/>
  <member type="way" ref="626070221" role=""/>
  <member type="way" ref="168174651" role=""/>
  <member type="way" ref="626070223" role=""/>
  <member type="way" ref="168174652" role=""/>
  <member type="way" ref="552858011" role=""/>
  <member type="way" ref="552858012" role=""/>
  <member type="way" ref="459515350" role=""/>
  <member type="way" ref="459515353" role=""/>
  <member type="way" ref="626070239" role=""/>
  <member type="way" ref="552857833" role=""/>
  <member type="way" ref="552857832" role=""/>
  <member type="way" ref="226702968" role=""/>
  <member type="way" ref="846859471" role=""/>
  <member type="way" ref="846859470" role=""/>
  <member type="way" ref="625745839" role=""/>
  <member type="way" ref="625745836" role=""/>
  <member type="way" ref="625745854" role=""/>
  <member type="way" ref="625745852" role=""/>
  <member type="way" ref="226702967" role=""/>
  <member type="way" ref="626070227" role=""/>
  <member type="way" ref="626070230" role=""/>
  <member type="way" ref="226702972" role=""/>
  <member type="way" ref="846882011" role=""/>
  <member type="way" ref="626070234" role=""/>
  <member type="way" ref="626070236" role=""/>
  <tag k="colour" v="#ECA300"/>
  <tag k="from" v="인천"/>
  <tag k="name" v="수인·분당선 급행: 인천 → 오이도"/>
  <tag k="name:en" v="Suin-Bundang Line Rapid : Incheon → Oido"/>
  <tag k="name:ko" v="수인·분당선 급행: 인천 → 오이도"/>
  <tag k="network" v="수도권 전철"/>
  <tag k="network:en" v="Seoul Metropolitan Subway"/>
  <tag k="network:ko" v="수도권 전철"/>
  <tag k="network:wikidata" v="Q16950"/>
  <tag k="network:wikipedia" v="ko:수도권 전철"/>
  <tag k="network:zh" v="韓國首都圈電鐵"/>
  <tag k="note" v="광역전철은 기차로 간주됩니다. 지하철로 바꾸지 마십시오."/>
  <tag k="operator" v="한국철도공사"/>
  <tag k="operator:en" v="Korea Railroad Corporation"/>
  <tag k="operator:ko" v="한국철도공사"/>
  <tag k="operator:short" v="KORAIL"/>
  <tag k="operator:type" v="public"/>
  <tag k="operator:wikidata" v="Q18169"/>
  <tag k="operator:wikipedia" v="en:Korail"/>
  <tag k="ref" v="수인·분당"/>
  <tag k="ref:en" v="Suin-Bundang"/>
  <tag k="route" v="train"/>
  <tag k="service" v="commuter"/>
  <tag k="to" v="오이도"/>
  <tag k="type" v="route"/>
  <tag k="wikidata" v="Q84389881"/>
  <tag k="wikipedia" v="en:Suin-Bundang Line"/>
 </relation>
 <relation id="11659314" visible="true" version="1" changeset="91351334" timestamp="2020-09-23T08:52:04Z" user="user_5239402" uid="5239402">
  <member type="node" ref="7933863142" role="stop"/>
  <member type="node" ref="7933863143" role="stop"/>
  <member type="node" ref="7933863141" role="station"/>
  <tag k="name" v="학익"/>
  <tag k="name:en" v="Hagik"/>
  <tag k="name:ko" v="학익"/>
  <tag k="network" v="수도권 전철"/>
  <tag k="operator" v="한국철도공사"/>
  <tag k="public_transport" v="stop_area"/>
  <tag k="type" v="public_transport"/>
 </relation>
 <relation id="12857283" visible="true" version="1" changeset="106507339" timestamp="2021-06-17T06:43:43Z" user="icemango" uid="3654695">
  <member type="way" ref="955217470" role="from"/>
  <member type="node" ref="8841043778" role="via"/>
  <member type="way" ref="955217470" role="to"/>
  <tag k="restriction" v="no_u_turn"/>
  <tag k="type" v="restriction"/>
 </relation>
 <relation id="12857284" visible="true" version="1" changeset="106507339" timestamp="2021-06-17T06:43:43Z" user="icemango" uid="3654695">
  <member type="way" ref="71395177" role="from"/>
  <member type="node" ref="8841043778" role="via"/>
  <member type="way" ref="71395177" role="to"/>
  <tag k="restriction" v="no_u_turn"/>
  <tag k="type" v="restriction"/>
 </relation>
 <relation id="12857285" visible="true" version="1" changeset="106507339" timestamp="2021-06-17T06:43:43Z" user="icemango" uid="3654695">
  <member type="way" ref="71395177" role="from"/>
  <member type="node" ref="8841043778" role="via"/>
  <member type="way" ref="955217467" role="to"/>
  <tag k="restriction" v="no_left_turn"/>
  <tag k="type" v="restriction"/>
 </relation>
 <relation id="12857286" visible="true" version="1" changeset="106507339" timestamp="2021-06-17T06:43:43Z" user="icemango" uid="3654695">
  <member type="way" ref="955217467" role="from"/>
  <member type="node" ref="8841043778" role="via"/>
  <member type="way" ref="955217467" role="to"/>
  <tag k="restriction" v="no_u_turn"/>
  <tag k="type" v="restriction"/>
 </relation>
 <relation id="12857287" visible="true" version="1" changeset="106507339" timestamp="2021-06-17T06:43:43Z" user="icemango" uid="3654695">
  <member type="way" ref="955217467" role="from"/>
  <member type="node" ref="8841043778" role="via"/>
  <member type="way" ref="955217470" role="to"/>
  <tag k="restriction" v="no_left_turn"/>
  <tag k="type" v="restriction"/>
 </relation>
 <relation id="14633181" visible="true" version="2" changeset="173165067" timestamp="2025-10-12T06:49:00Z" user="JSon0507" uid="22656175">
  <member type="way" ref="218264949" role="outer"/>
  <member type="way" ref="1098496322" role="outer"/>
  <tag k="building" v="university"/>
  <tag k="building:levels" v="5"/>
  <tag k="name" v="2북관"/>
  <tag k="name:en" v="Building #2 North"/>
  <tag k="type" v="multipolygon"/>
 </relation>
 <relation id="15690314" visible="true" version="5" changeset="164283310" timestamp="2025-03-30T11:32:51Z" user="Wolframite74" uid="20102979">
  <member type="relation" ref="15690313" role=""/>
  <member type="relation" ref="16699611" role=""/>
  <tag k="colour" v="#3366CC"/>
  <tag k="name" v="인천 버스 13"/>
  <tag k="name:en" v="Incheon Buses route 13"/>
  <tag k="name:ko" v="인천 버스 13"/>
  <tag k="network" v="인천광역시 시내버스"/>
  <tag k="network:ko" v="인천광역시 시내버스"/>
  <tag k="network:wikidata" v="Q12613485"/>
  <tag k="operator" v="신흥교통"/>
  <tag k="ref" v="13"/>
  <tag k="route_master" v="bus"/>
  <tag k="type" v="route_master"/>
 </relation>
 <relation id="16453894" visible="true" version="15" changeset="176017786" timestamp="2025-12-16T18:02:02Z" user="TazoDriver" uid="20080946">
  <member type="relation" ref="16453889" role=""/>
  <member type="relation" ref="16453890" role=""/>
  <member type="relation" ref="16453891" role=""/>
  <member type="relation" ref="16453892" role=""/>
  <member type="relation" ref="16453893" role=""/>
  <member type="relation" ref="16466088" role=""/>
  <member type="relation" ref="16466089" role=""/>
  <member type="relation" ref="16466090" role=""/>
  <member type="relation" ref="16466091" role=""/>
  <member type="relation" ref="16466092" role=""/>
  <member type="relation" ref="16466093" role=""/>
  <member type="relation" ref="16466094" role=""/>
  <member type="relation" ref="16466095" role=""/>
  <member type="relation" ref="16476930" role=""/>
  <member type="relation" ref="16481667" role=""/>
  <member type="relation" ref="16481668" role=""/>
  <member type="relation" ref="16481669" role=""/>
  <member type="relation" ref="16485217" role=""/>
  <member type="relation" ref="16485218" role=""/>
  <member type="relation" ref="16494226" role=""/>
  <member type="relation" ref="16494227" role=""/>
  <member type="relation" ref="16494228" role=""/>
  <member type="relation" ref="16494229" role=""/>
  <member type="relation" ref="16494230" role=""/>
  <member type="relation" ref="16494236" role=""/>
  <member type="relation" ref="16494872" role=""/>
  <member type="relation" ref="16494873" role=""/>
  <member type="relation" ref="16494874" role=""/>
  <member type="relation" ref="16494875" role=""/>
  <member type="relation" ref="16494876" role=""/>
  <member type="relation" ref="16494877" role=""/>
  <member type="relation" ref="16494878" role=""/>
  <member type="relation" ref="16494879" role=""/>
  <member type="relation" ref="16494882" role=""/>
  <member type="relation" ref="16494883" role=""/>
  <member type="relation" ref="16495035" role=""/>
  <member type="relation" ref="16495040" role=""/>
  <member type="relation" ref="16495041" role=""/>
  <member type="relation" ref="16495042" role=""/>
  <member type="relation" ref="16495192" role=""/>
  <member type="relation" ref="16495193" role=""/>
  <member type="relation" ref="16495194" role=""/>
  <member type="relation" ref="16495195" role=""/>
  <member type="relation" ref="16495196" role=""/>
  <member type="relation" ref="16495198" role=""/>
  <member type="relation" ref="16461800" role=""/>
  <member type="relation" ref="16461799" role=""/>
  <member type="relation" ref="16461798" role=""/>
  <member type="relation" ref="16461744" role=""/>
  <member type="relation" ref="16461743" role=""/>
  <member type="relation" ref="16461742" role=""/>
  <member type="relation" ref="16461741" role=""/>
  <member type="relation" ref="16461740" role=""/>
  <member type="relation" ref="16461739" role=""/>
  <member type="relation" ref="16461738" role=""/>
  <member type="relation" ref="16460490" role=""/>
  <member type="relation" ref="16461737" role=""/>
  <member type="relation" ref="16460491" role=""/>
  <member type="relation" ref="16460492" role=""/>
  <member type="relation" ref="16460493" role=""/>
  <member type="relation" ref="16461736" role=""/>
  <member type="relation" ref="16461735" role=""/>
  <member type="relation" ref="16461734" role=""/>
  <member type="relation" ref="16461733" role=""/>
  <member type="relation" ref="16461732" role=""/>
  <member type="relation" ref="16461731" role=""/>
  <tag k="name" v="인천광역시도"/>
  <tag k="network" v="KR:28"/>
  <tag k="type" v="network"/>
 </relation>
 <relation id="16476930" visible="true" version="3" changeset="175596442" timestamp="2025-12-06T18:19:35Z" user="aaei924" uid="10626814">
  <member type="way" ref="233901121" role=""/>
  <member type="way" ref="233901109" role=""/>
  <member type="way" ref="37397042" role=""/>
  <member type="way" ref="165475788" role=""/>
  <member type="way" ref="165475080" role=""/>
  <member type="way" ref="1215102699" role=""/>
  <member type="way" ref="1215102700" role=""/>
  <member type="way" ref="955217470" role=""/>
  <member type="way" ref="71395177" role=""/>
  <member type="way" ref="71395174" role=""/>
  <member type="way" ref="940015202" role=""/>
  <member type="way" ref="37399308" role=""/>
  <member type="way" ref="1111527122" role=""/>
  <member type="way" ref="571168234" role=""/>
  <member type="way" ref="1111527128" role=""/>
  <member type="way" ref="571168233" role=""/>
  <member type="way" ref="1111527127" role=""/>
  <member type="way" ref="554272202" role=""/>
  <member type="way" ref="554272203" role=""/>
  <member type="way" ref="554272201" role=""/>
  <member type="way" ref="391663929" role=""/>
  <member type="way" ref="391663931" role=""/>
  <member type="way" ref="554272205" role=""/>
  <member type="way" ref="37399309" role=""/>
  <member type="way" ref="37397400" role=""/>
  <member type="way" ref="1215117244" role=""/>
  <member type="way" ref="665779225" role=""/>
  <member type="way" ref="1053332246" role=""/>
  <member type="way" ref="1071396735" role=""/>
  <member type="way" ref="1071396734" role=""/>
  <member type="way" ref="1053332245" role=""/>
  <member type="way" ref="1053332248" role=""/>
  <member type="way" ref="1053332247" role=""/>
  <tag k="distance" v="19.7"/>
  <tag k="from" v="항동7가 37-1"/>
  <tag k="name" v="항동-운연선"/>
  <tag k="network" v="KR:28"/>
  <tag k="ref" v="14"/>
  <tag k="route" v="road"/>
  <tag k="to" v="운연동 356-1"/>
  <tag k="type" v="route"/>
  <tag k="via" v="항동7가;용현동;학익동;문학동;구월동;수산동;서창동;운연동"/>
 </relation>
 <relation id="16481668" visible="true" version="4" changeset="170167644" timestamp="2025-08-08T17:24:37Z" user="aaei924" uid="10626814">
  <member type="way" ref="281621318" role=""/>
  <member type="way" ref="281621317" role=""/>
  <member type="way" ref="281621319" role=""/>
  <member type="way" ref="281621314" role=""/>
  <member type="way" ref="1215393150" role=""/>
  <member type="way" ref="1215117218" role=""/>
  <member type="way" ref="644707261" role=""/>
  <member type="way" ref="644707262" role=""/>
  <member type="way" ref="644707263" role=""/>
  <member type="way" ref="644707264" role=""/>
  <member type="way" ref="393902148" role=""/>
  <member type="way" ref="559023929" role=""/>
  <member type="way" ref="1215393153" role=""/>
  <member type="way" ref="281589088" role=""/>
  <member type="way" ref="1227252045" role=""/>
  <member type="way" ref="1223158576" role=""/>
  <member type="way" ref="1227252044" role=""/>
  <member type="way" ref="1227252043" role=""/>
  <member type="way" ref="1223158575" role=""/>
  <member type="way" ref="1215393151" role=""/>
  <member type="way" ref="393902147" role=""/>
  <member type="way" ref="590386249" role=""/>
  <member type="way" ref="590386250" role=""/>
  <member type="way" ref="37402520" role=""/>
  <tag k="name" v="인천광역시도 제16호선"/>
  <tag k="network" v="KR:28"/>
  <tag k="ref" v="16"/>
  <tag k="route" v="road"/>
  <tag k="type" v="route"/>
 </relation>
 <relation id="16481669" visible="true" version="7" changeset="170167644" timestamp="2025-08-08T17:24:37Z" user="aaei924" uid="10626814">
  <member type="way" ref="1215393154" role=""/>
  <member type="way" ref="493014176" role=""/>
  <member type="way" ref="228340923" role=""/>
  <member type="way" ref="228340924" role=""/>
  <member type="way" ref="493079377" role=""/>
  <member type="way" ref="493014170" role=""/>
  <member type="way" ref="393908340" role=""/>
  <member type="way" ref="555468858" role=""/>
  <member type="way" ref="37399909" role=""/>
  <member type="way" ref="37399911" role=""/>
  <member type="way" ref="1293812899" role=""/>
  <member type="way" ref="233962730" role=""/>
  <member type="way" ref="1293812898" role=""/>
  <member type="way" ref="233962639" role=""/>
  <member type="way" ref="233962640" role=""/>
  <member type="way" ref="37400141" role=""/>
  <member type="way" ref="37400143" role=""/>
  <member type="way" ref="199637115" role=""/>
  <member type="way" ref="199637116" role=""/>
  <member type="way" ref="71382408" role=""/>
  <member type="way" ref="1416977808" role=""/>
  <member type="way" ref="955217469" role=""/>
  <member type="way" ref="1215393150" role=""/>
  <member type="way" ref="1215117218" role=""/>
  <member type="way" ref="1215393151" role=""/>
  <member type="way" ref="1215117217" role=""/>
  <member type="way" ref="1223158572" role=""/>
  <member type="way" ref="1227252038" role=""/>
  <member type="way" ref="284973517" role=""/>
  <member type="way" ref="37400593" role=""/>
  <member type="way" ref="71394423" role=""/>
  <member type="way" ref="37401227" role=""/>
  <member type="way" ref="892595638" role=""/>
  <member type="way" ref="892595637" role=""/>
  <member type="way" ref="1364279325" role=""/>
  <member type="way" ref="515114688" role=""/>
  <tag k="name" v="인천광역시도 제17호선"/>
  <tag k="network" v="KR:28"/>
  <tag k="ref" v="17"/>
  <tag k="route" v="road"/>
  <tag k="type" v="route"/>
 </relation>
 <relation id="16494236" visible="true" version="5" changeset="170167644" timestamp="2025-08-08T17:24:37Z" user="aaei924" uid="10626814">
  <member type="way" ref="1223158565" role=""/>
  <member type="way" ref="37397021" role=""/>
  <member type="way" ref="1223676132" role=""/>
  <member type="way" ref="71382400" role=""/>
  <member type="way" ref="234250401" role=""/>
  <member type="way" ref="234250393" role=""/>
  <member type="way" ref="234250405" role=""/>
  <member type="way" ref="234250407" role=""/>
  <member type="way" ref="234766661" role=""/>
  <member type="way" ref="234766678" role=""/>
  <member type="way" ref="234766670" role=""/>
  <member type="way" ref="234766658" role=""/>
  <member type="way" ref="234766667" role=""/>
  <member type="way" ref="234766679" role=""/>
  <member type="way" ref="1215102669" role=""/>
  <member type="way" ref="234766659" role=""/>
  <member type="way" ref="234766676" role=""/>
  <member type="way" ref="234766673" role=""/>
  <member type="way" ref="234766666" role=""/>
  <member type="way" ref="234766662" role=""/>
  <member type="way" ref="234766656" role=""/>
  <member type="way" ref="554099406" role=""/>
  <member type="way" ref="234766663" role=""/>
  <member type="way" ref="234250406" role=""/>
  <member type="way" ref="46618152" role=""/>
  <member type="way" ref="206401844" role=""/>
  <member type="way" ref="206401851" role=""/>
  <member type="way" ref="543838340" role=""/>
  <member type="way" ref="554099407" role=""/>
  <member type="way" ref="554099405" role=""/>
  <member type="way" ref="234766665" role=""/>
  <member type="way" ref="234766668" role=""/>
  <member type="way" ref="234766677" role=""/>
  <member type="way" ref="234766675" role=""/>
  <member type="way" ref="234766671" role=""/>
  <member type="way" ref="1215102671" role=""/>
  <member type="way" ref="234766680" role=""/>
  <member type="way" ref="554099404" role=""/>
  <member type="way" ref="234766657" role=""/>
  <member type="way" ref="234766669" role=""/>
  <member type="way" ref="234766672" role=""/>
  <member type="way" ref="234766660" role=""/>
  <member type="way" ref="234766674" role=""/>
  <member type="way" ref="234250403" role=""/>
  <member type="way" ref="234250395" role=""/>
  <member type="way" ref="234250398" role=""/>
  <member type="way" ref="543838341" role=""/>
  <tag k="name" v="인천광역시도 제25호선"/>
  <tag k="network" v="KR:28"/>
  <tag k="ref" v="25"/>
  <tag k="route" v="road"/>
  <tag k="type" v="route"/>
 </relation>
 <relation id="16699611" visible="true" version="29" changeset="172352436" timestamp="2025-09-23T16:11:41Z" user="aaei924" uid="10626814">
  <member type="node" ref="11379638409" role="platform_entry_only"/>
  <member type="node" ref="10158750698" role="platform"/>
  <member type="node" ref="10158750696" role="platform"/>
  <member type="node" ref="10158750694" role="platform"/>
  <member type="node" ref="10158747613" role="platform"/>
  <member type="node" ref="10158747611" role="platform"/>
  <member type="node" ref="10158747610" role="platform"/>
  <member type="node" ref="11379635776" role="platform"/>
  <member type="node" ref="11379635589" role="platform"/>
  <member type="node" ref="11379636493" role="platform"/>
  <member type="node" ref="11379636494" role="platform"/>
  <member type="node" ref="11379634027" role="platform"/>
  <member type="node" ref="11379635819" role="platform"/>
  <member type="node" ref="11379634009" role="platform"/>
  <member type="node" ref="11379637282" role="platform"/>
  <member type="node" ref="7866837752" role="platform"/>
  <member type="node" ref="11379637290" role="platform"/>
  <member type="node" ref="11379638609" role="platform"/>
  <member type="node" ref="11379635109" role="platform"/>
  <member type="node" ref="11379637299" role="platform"/>
  <member type="node" ref="11379635596" role="platform"/>
  <member type="node" ref="4715851345" role="platform"/>
  <member type="node" ref="4715851349" role="platform"/>
  <member type="node" ref="4715863544" role="platform"/>
  <member type="node" ref="4715863549" role="platform"/>
  <member type="node" ref="4715863547" role="platform"/>
  <member type="node" ref="4715871026" role="platform"/>
  <member type="node" ref="4715871022" role="platform"/>
  <member type="node" ref="4715871020" role="platform"/>
  <member type="node" ref="4715871018" role="platform"/>
  <member type="node" ref="11379636269" role="platform"/>
  <member type="node" ref="11379636457" role="platform"/>
  <member type="node" ref="11379638723" role="platform"/>
  <member type="node" ref="11379634891" role="platform"/>
  <member type="node" ref="11379635009" role="platform"/>
  <member type="node" ref="11379636399" role="platform"/>
  <member type="node" ref="11379634307" role="platform"/>
  <member type="node" ref="11379636089" role="platform"/>
  <member type="node" ref="11379636092" role="platform"/>
  <member type="node" ref="11379633823" role="platform"/>
  <member type="node" ref="4953805581" role="platform"/>
  <member type="node" ref="4953805583" role="platform"/>
  <member type="node" ref="4953805588" role="platform"/>
  <member type="node" ref="4953805589" role="platform"/>
  <member type="node" ref="4953818860" role="platform"/>
  <member type="node" ref="4953818862" role="platform"/>
  <member type="node" ref="4953818863" role="platform"/>
  <member type="node" ref="11379634600" role="platform"/>
  <member type="node" ref="11379637381" role="platform"/>
  <member type="node" ref="11379638727" role="platform"/>
  <member type="node" ref="4857888756" role="platform"/>
  <member type="node" ref="4857888755" role="platform"/>
  <member type="node" ref="12623439040" role="platform"/>
  <member type="node" ref="11379629363" role="platform"/>
  <member type="node" ref="8117870991" role="stop_entry_only"/>
  <member type="node" ref="11389500778" role="stop"/>
  <member type="node" ref="11393313929" role="stop"/>
  <member type="node" ref="11393313930" role="stop"/>
  <member type="node" ref="11393313931" role="stop"/>
  <member type="node" ref="11395183102" role="stop"/>
  <member type="node" ref="11395183103" role="stop"/>
  <member type="node" ref="11395183104" role="stop"/>
  <member type="node" ref="11395183105" role="stop"/>
  <member type="node" ref="11395183106" role="stop"/>
  <member type="node" ref="11395183107" role="stop"/>
  <member type="node" ref="11395183108" role="stop"/>
  <member type="node" ref="11395183109" role="stop"/>
  <member type="node" ref="11395183110" role="stop"/>
  <member type="node" ref="11395183111" role="stop"/>
  <member type="node" ref="11396377116" role="stop"/>
  <member type="node" ref="11396377117" role="stop"/>
  <member type="node" ref="11396377118" role="stop"/>
  <member type="node" ref="11396377119" role="stop"/>
  <member type="node" ref="11396377120" role="stop"/>
  <member type="node" ref="11396377121" role="stop"/>
  <member type="node" ref="11396377122" role="stop"/>
  <member type="node" ref="11396377123" role="stop"/>
  <member type="node" ref="11396377124" role="stop"/>
  <member type="node" ref="11396377125" role="stop"/>
  <member type="node" ref="11396377126" role="stop"/>
  <member type="node" ref="11396377127" role="stop"/>
  <member type="node" ref="11396377128" role="stop"/>
  <member type="node" ref="11396377129" role="stop"/>
  <member type="node" ref="11396377130" role="stop"/>
  <member type="node" ref="11396377131" role="stop"/>
  <member type="node" ref="11396377132" role="stop"/>
  <member type="node" ref="11396377133" role="stop"/>
  <member type="node" ref="11396377134" role="stop"/>
  <member type="node" ref="11396377135" role="stop"/>
  <member type="node" ref="11396377136" role="stop"/>
  <member type="node" ref="11396377137" role="stop"/>
  <member type="node" ref="11396377138" role="stop"/>
  <member type="node" ref="11396377139" role="stop"/>
  <member type="node" ref="11396377140" role="stop"/>
  <member type="node" ref="11397172453" role="stop"/>
  <member type="node" ref="11397172454" role="stop"/>
  <member type="node" ref="11397172455" role="stop"/>
  <member type="node" ref="11397172456" role="stop"/>
  <member type="node" ref="11397172457" role="stop"/>
  <member type="node" ref="11397172458" role="stop"/>
  <member type="node" ref="11397172459" role="stop"/>
  <member type="node" ref="11397172460" role="stop"/>
  <member type="node" ref="11397172461" role="stop"/>
  <member type="node" ref="11397172462" role="stop"/>
  <member type="node" ref="11397172463" role="stop"/>
  <member type="node" ref="11397172464" role="stop"/>
  <member type="node" ref="11379706768" role="stop"/>
  <member type="node" ref="11397172466" role="stop"/>
  <member type="node" ref="11397172468" role="stop"/>
  <member type="node" ref="11397172467" role="platform"/>
  <member type="node" ref="11403267416" role="stop"/>
  <member type="node" ref="4857859267" role="platform"/>
  <member type="node" ref="11403267417" role="stop"/>
  <member type="node" ref="11379634532" role="platform"/>
  <member type="node" ref="11403267418" role="stop"/>
  <member type="node" ref="11379634537" role="platform"/>
  <member type="node" ref="11403267419" role="stop"/>
  <member type="node" ref="11379634926" role="platform"/>
  <member type="node" ref="11403267420" role="stop"/>
  <member type="node" ref="11379635328" role="platform"/>
  <member type="node" ref="11403267421" role="stop"/>
  <member type="node" ref="11379634058" role="platform"/>
  <member type="node" ref="11403267422" role="stop"/>
  <member type="node" ref="9865368770" role="platform"/>
  <member type="node" ref="11403267423" role="stop"/>
  <member type="node" ref="11379634817" role="platform"/>
  <member type="node" ref="11403267424" role="stop"/>
  <member type="node" ref="11379635289" role="platform"/>
  <member type="node" ref="11403267425" role="stop"/>
  <member type="node" ref="11379635288" role="platform"/>
  <member type="node" ref="11403267426" role="stop"/>
  <member type="node" ref="11379635280" role="platform"/>
  <member type="node" ref="11403267427" role="stop"/>
  <member type="node" ref="11379635998" role="platform"/>
  <member type="node" ref="11403267428" role="stop"/>
  <member type="node" ref="11379635996" role="platform"/>
  <member type="node" ref="11403267429" role="stop"/>
  <member type="node" ref="11379635989" role="platform"/>
  <member type="node" ref="11403267430" role="stop"/>
  <member type="node" ref="11379634824" role="platform"/>
  <member type="node" ref="11403267431" role="stop"/>
  <member type="node" ref="11379634569" role="platform"/>
  <member type="node" ref="11403267432" role="stop"/>
  <member type="node" ref="11379635904" role="platform"/>
  <member type="node" ref="11403267433" role="stop"/>
  <member type="node" ref="11379633917" role="platform"/>
  <member type="node" ref="11403267434" role="stop"/>
  <member type="node" ref="11379633766" role="platform"/>
  <member type="node" ref="11403267435" role="stop"/>
  <member type="node" ref="11379634503" role="platform"/>
  <member type="node" ref="11403267436" role="stop"/>
  <member type="node" ref="11379638740" role="platform"/>
  <member type="node" ref="11403267437" role="stop"/>
  <member type="node" ref="11379638690" role="platform"/>
  <member type="node" ref="11403267439" role="stop"/>
  <member type="node" ref="11403267438" role="platform"/>
  <member type="node" ref="11403267440" role="stop"/>
  <member type="node" ref="9096902317" role="platform"/>
  <member type="node" ref="11403267441" role="stop"/>
  <member type="node" ref="9096864079" role="platform"/>
  <member type="node" ref="11403267442" role="stop"/>
  <member type="node" ref="9096864070" role="platform"/>
  <member type="node" ref="11403267443" role="stop"/>
  <member type="node" ref="9096864067" role="platform"/>
  <member type="node" ref="11403267444" role="stop"/>
  <member type="node" ref="11375442075" role="platform"/>
  <member type="node" ref="11403267445" role="stop"/>
  <member type="node" ref="11379634840" role="platform"/>
  <member type="node" ref="11403267446" role="stop"/>
  <member type="node" ref="11375442077" role="platform"/>
  <member type="node" ref="11403267447" role="stop"/>
  <member type="node" ref="11379635773" role="platform"/>
  <member type="node" ref="11403267448" role="stop_exit_only"/>
  <member type="node" ref="11379635830" role="platform_exit_only"/>
  <member type="way" ref="1223158590" role=""/>
  <member type="way" ref="871549234" role=""/>
  <member type="way" ref="228133422" role=""/>
  <member type="way" ref="918092857" role=""/>
  <member type="way" ref="228133429" role=""/>
  <member type="way" ref="871549231" role=""/>
  <member type="way" ref="918092860" role=""/>
  <member type="way" ref="871549235" role=""/>
  <member type="way" ref="871549229" role=""/>
  <member type="way" ref="228133414" role=""/>
  <member type="way" ref="1209024377" role=""/>
  <member type="way" ref="1432329281" role=""/>
  <member type="way" ref="1103108022" role=""/>
  <member type="way" ref="1209024364" role=""/>
  <member type="way" ref="1209024361" role=""/>
  <member type="way" ref="919118478" role=""/>
  <member type="way" ref="1209024360" role=""/>
  <member type="way" ref="1209024358" role=""/>
  <member type="way" ref="1209024356" role=""/>
  <member type="way" ref="1432329285" role="forward"/>
  <member type="way" ref="788746984" role="forward"/>
  <member type="way" ref="1209024390" role="forward"/>
  <member type="way" ref="790955783" role="forward"/>
  <member type="way" ref="790955784" role="forward"/>
  <member type="way" ref="1356416232" role="forward"/>
  <member type="way" ref="1231286625" role="backward"/>
  <member type="way" ref="871549202" role="backward"/>
  <member type="way" ref="616208323" role="backward"/>
  <member type="way" ref="364363821" role=""/>
  <member type="way" ref="1223158585" role=""/>
  <member type="way" ref="1231286624" role="forward"/>
  <member type="way" ref="371698167" role="forward"/>
  <member type="way" ref="559055372" role="forward"/>
  <member type="way" ref="559055373" role="backward"/>
  <member type="way" ref="552974152" role="backward"/>
  <member type="way" ref="226090704" role=""/>
  <member type="way" ref="1223158584" role=""/>
  <member type="way" ref="472256987" role=""/>
  <member type="way" ref="1223158582" role=""/>
  <member type="way" ref="878047208" role=""/>
  <member type="way" ref="226231015" role=""/>
  <member type="way" ref="544234176" role=""/>
  <member type="way" ref="234620738" role=""/>
  <member type="way" ref="234620734" role=""/>
  <member type="way" ref="516282946" role=""/>
  <member type="way" ref="283878317" role=""/>
  <member type="way" ref="1215801182" role=""/>
  <member type="way" ref="1215424078" role="backward"/>
  <member type="way" ref="1223158581" role="backward"/>
  <member type="way" ref="1223158580" role="backward"/>
  <member type="way" ref="1364279327" role="backward"/>
  <member type="way" ref="515114687" role="backward"/>
  <member type="way" ref="1364279324" role="backward"/>
  <member type="way" ref="515114705" role="backward"/>
  <member type="way" ref="37400206" role="backward"/>
  <member type="way" ref="1223158579" role="backward"/>
  <member type="way" ref="1223158578" role="forward"/>
  <member type="way" ref="509766975" role="forward"/>
  <member type="way" ref="1364030210" role="forward"/>
  <member type="way" ref="234620705" role="backward"/>
  <member type="way" ref="1363845695" role="backward"/>
  <member type="way" ref="234620702" role="backward"/>
  <member type="way" ref="37401567" role="backward"/>
  <member type="way" ref="71382406" role="forward"/>
  <member type="way" ref="493079373" role=""/>
  <member type="way" ref="1227252050" role=""/>
  <member type="way" ref="281599362" role=""/>
  <member type="way" ref="1227252049" role="backward"/>
  <member type="way" ref="493079371" role="backward"/>
  <member type="way" ref="1227252047" role=""/>
  <member type="way" ref="493079369" role=""/>
  <member type="way" ref="1227252046" role=""/>
  <member type="way" ref="1227252045" role=""/>
  <member type="way" ref="1223158576" role=""/>
  <member type="way" ref="1227252044" role=""/>
  <member type="way" ref="1227252043" role=""/>
  <member type="way" ref="1223158575" role=""/>
  <member type="way" ref="1215117217" role=""/>
  <member type="way" ref="1223158572" role=""/>
  <member type="way" ref="1227252038" role=""/>
  <member type="way" ref="284973517" role=""/>
  <member type="way" ref="1215393155" role=""/>
  <member type="way" ref="1227252037" role=""/>
  <member type="way" ref="1215801196" role=""/>
  <member type="way" ref="71394440" role=""/>
  <member type="way" ref="1293786424" role=""/>
  <member type="way" ref="650539409" role=""/>
  <member type="way" ref="1293786422" role=""/>
  <member type="way" ref="1293786423" role=""/>
  <member type="way" ref="71394410" role=""/>
  <member type="way" ref="1227252036" role=""/>
  <member type="way" ref="37402400" role=""/>
  <member type="way" ref="608745315" role=""/>
  <member type="way" ref="1223158569" role=""/>
  <member type="way" ref="1223158570" role=""/>
  <member type="way" ref="1223158567" role=""/>
  <member type="way" ref="234250420" role=""/>
  <member type="way" ref="37397021" role=""/>
  <member type="way" ref="1223158565" role=""/>
  <member type="way" ref="234250426" role=""/>
  <member type="way" ref="1223676135" role=""/>
  <member type="way" ref="1223676136" role=""/>
  <member type="way" ref="1223676138" role=""/>
  <member type="way" ref="165475097" role=""/>
  <member type="way" ref="1215102693" role=""/>
  <member type="way" ref="1227252028" role=""/>
  <member type="way" ref="233962750" role=""/>
  <member type="way" ref="1227252029" role=""/>
  <member type="way" ref="967421535" role=""/>
  <member type="way" ref="539802398" role=""/>
  <member type="way" ref="539802400" role=""/>
  <member type="way" ref="539802403" role=""/>
  <member type="way" ref="539802363" role=""/>
  <member type="way" ref="539798903" role=""/>
  <member type="way" ref="901616132" role=""/>
  <member type="way" ref="1223676143" role=""/>
  <member type="way" ref="669435127" role=""/>
  <member type="way" ref="1223676145" role=""/>
  <member type="way" ref="1193728667" role=""/>
  <member type="way" ref="896438777" role=""/>
  <member type="way" ref="1193728669" role=""/>
  <member type="way" ref="816105050" role=""/>
  <member type="way" ref="1408256773" role=""/>
  <member type="way" ref="1226722006" role=""/>
  <member type="way" ref="1408256772" role=""/>
  <member type="way" ref="816105052" role=""/>
  <member type="way" ref="896438773" role=""/>
  <member type="way" ref="1193728668" role=""/>
  <member type="way" ref="896438776" role=""/>
  <member type="way" ref="1193728674" role=""/>
  <member type="way" ref="1223676145" role=""/>
  <member type="way" ref="1223676144" role=""/>
  <member type="way" ref="669435122" role=""/>
  <member type="way" ref="674065212" role=""/>
  <member type="way" ref="674065210" role=""/>
  <member type="way" ref="1213731665" role=""/>
  <member type="way" ref="1223676149" role=""/>
  <member type="way" ref="1223676148" role=""/>
  <member type="way" ref="1160235762" role=""/>
  <member type="way" ref="1223676150" role=""/>
  <tag k="colour" v="#3366CC"/>
  <tag k="from" v="검암역"/>
  <tag k="name" v="인천 버스 13 → 신흥동"/>
  <tag k="name:en" v="Incheon Buses route 13 → Sinheung-dong"/>
  <tag k="name:ko" v="인천 버스 13 → 신흥동"/>
  <tag k="network" v="인천광역시 시내버스"/>
  <tag k="network:ko" v="인천광역시 시내버스"/>
  <tag k="network:wikidata" v="Q12613485"/>
  <tag k="operator" v="신흥교통"/>
  <tag k="public_transport:version" v="2"/>
  <tag k="ref" v="13"/>
  <tag k="route" v="bus"/>
  <tag k="to" v="신흥교통"/>
  <tag k="type" v="route"/>
 </relation>
 <relation id="16799720" visible="true" version="1" changeset="144905358" timestamp="2023-12-08T14:09:23Z" user="Keonsoon Hwang" uid="2424231">
  <member type="node" ref="11379635328" role="platform"/>
  <member type="node" ref="11403267420" role="stop"/>
  <tag k="name" v="용남파출소"/>
  <tag k="public_transport" v="stop_area"/>
  <tag k="type" v="public_transport"/>
 </relation>
 <relation id="16799721" visible="true" version="1" changeset="144905358" timestamp="2023-12-08T14:09:23Z" user="Keonsoon Hwang" uid="2424231">
  <member type="node" ref="11379634058" role="platform"/>
  <member type="node" ref="11403267421" role="stop"/>
  <tag k="name" v="학산소극장"/>
  <tag k="public_transport" v="stop_area"/>
  <tag k="type" v="public_transport"/>
 </relation>
 <relation id="16799722" visible="true" version="1" changeset="144905358" timestamp="2023-12-08T14:09:23Z" user="Keonsoon Hwang" uid="2424231">
  <member type="node" ref="9865368770" role="platform"/>
  <member type="node" ref="11403267422" role="stop"/>
  <tag k="name" v="정석항공과학고"/>
  <tag k="public_transport" v="stop_area"/>
  <tag k="type" v="public_transport"/>
 </relation>
 <relation id="16799723" visible="true" version="1" changeset="144905358" timestamp="2023-12-08T14:09:23Z" user="Keonsoon Hwang" uid="2424231">
  <member type="node" ref="11379634817" role="platform"/>
  <member type="node" ref="11403267423" role="stop"/>
  <tag k="name" v="인하대후문"/>
  <tag k="public_transport" v="stop_area"/>
  <tag k="type" v="public_transport"/>
 </relation>
 <relation id="16799724" visible="true" version="1" changeset="144905358" timestamp="2023-12-08T14:09:23Z" user="Keonsoon Hwang" uid="2424231">
  <member type="node" ref="11379635289" role="platform"/>
  <member type="node" ref="11403267424" role="stop"/>
  <tag k="name" v="용현고가교"/>
  <tag k="public_transport" v="stop_area"/>
  <tag k="type" v="public_transport"/>
 </relation>
 <relation id="16799725" visible="true" version="1" changeset="144905358" timestamp="2023-12-08T14:09:23Z" user="Keonsoon Hwang" uid="2424231">
  <member type="node" ref="11379635288" role="platform"/>
  <member type="node" ref="11403267425" role="stop"/>
  <tag k="name" v="용현고개"/>
  <tag k="public_transport" v="stop_area"/>
  <tag k="type" v="public_transport"/>
 </relation>
 <relation id="18756284" visible="true" version="3" changeset="170055606" timestamp="2025-08-06T12:35:19Z" user="mampir" uid="8982757">
  <member type="relation" ref="18756282" role=""/>
  <member type="relation" ref="19430865" role=""/>
  <tag k="colour" v="#3366CC"/>
  <tag k="name" v="인천 버스 8"/>
  <tag k="name:en" v="Incheon Buses route 8"/>
  <tag k="name:ko" v="인천 버스 8"/>
  <tag k="network" v="인천광역시 시내버스"/>
  <tag k="network:ko" v="인천광역시 시내버스"/>
  <tag k="network:wikidata" v="Q12613485"/>
  <tag k="operator" v="송도버스"/>
  <tag k="ref" v="8"/>
  <tag k="route_master" v="bus"/>
  <tag k="type" v="route_master"/>
 </relation>
 <relation id="19430865" visible="true" version="4" changeset="170056345" timestamp="2025-08-06T12:50:13Z" user="mampir" uid="8982757">
  <member type="node" ref="3909499695" role="platform"/>
  <member type="node" ref="3909499696" role="platform"/>
  <member type="node" ref="3909499697" role="platform"/>
  <member type="node" ref="3909499698" role="platform"/>
  <member type="node" ref="11379636014" role="platform"/>
  <member type="node" ref="11379638230" role="platform"/>
  <member type="node" ref="3909498698" role="platform"/>
  <member type="node" ref="11379635770" role="platform"/>
  <member type="node" ref="3909498696" role="platform"/>
  <member type="node" ref="3909498695" role="platform"/>
  <member type="node" ref="3909498694" role="platform"/>
  <member type="node" ref="3909498693" role="platform"/>
  <member type="node" ref="3909498692" role="platform"/>
  <member type="node" ref="5838342452" role="platform"/>
  <member type="node" ref="5838342448" role="platform"/>
  <member type="node" ref="5838342446" role="platform"/>
  <member type="node" ref="11379637149" role="platform"/>
  <member type="node" ref="11379629356" role="platform"/>
  <member type="node" ref="11379636351" role="platform"/>
  <member type="node" ref="11379634913" role="platform"/>
  <member type="node" ref="11379638049" role=""/>
  <member type="node" ref="13052056343" role="platform"/>
  <member type="node" ref="11379635007" role=""/>
  <member type="node" ref="11379636363" role=""/>
  <member type="node" ref="4956193568" role="platform"/>
  <member type="node" ref="4956193566" role="platform"/>
  <member type="node" ref="13052056344" role=""/>
  <member type="node" ref="11379629363" role="platform"/>
  <member type="node" ref="11397172467" role="platform"/>
  <member type="node" ref="11379635959" role="platform"/>
  <member type="node" ref="11379636519" role="platform"/>
  <member type="node" ref="11379635305" role=""/>
  <member type="node" ref="11379634583" role=""/>
  <member type="node" ref="11379634055" role=""/>
  <member type="node" ref="11379634042" role="platform"/>
  <member type="node" ref="11379634045" role="platform"/>
  <member type="node" ref="11379634731" role="platform"/>
  <member type="node" ref="2273620631" role="platform"/>
  <member type="node" ref="11379634822" role="platform"/>
  <member type="node" ref="11379629360" role="platform"/>
  <member type="node" ref="13052056345" role="platform"/>
  <member type="node" ref="11379635410" role="platform"/>
  <member type="node" ref="11379636177" role="platform"/>
  <member type="node" ref="11379636061" role=""/>
  <member type="node" ref="11379635415" role="platform"/>
  <member type="node" ref="11379635418" role="platform"/>
  <member type="node" ref="11379636122" role=""/>
  <member type="node" ref="11379635408" role="platform"/>
  <member type="node" ref="11379633833" role="platform"/>
  <member type="node" ref="11379633829" role="platform"/>
  <member type="node" ref="11379633836" role="platform"/>
  <member type="node" ref="11379635176" role="platform"/>
  <member type="node" ref="11379636982" role="platform"/>
  <member type="node" ref="11379636131" role=""/>
  <member type="node" ref="11379636104" role="platform"/>
  <member type="node" ref="13052056346" role="platform"/>
  <member type="node" ref="5772712974" role="platform"/>
  <member type="node" ref="5772712977" role="platform"/>
  <member type="node" ref="4800395167" role="platform"/>
  <member type="node" ref="4800395169" role="platform"/>
  <member type="node" ref="4850118596" role=""/>
  <member type="node" ref="4850118598" role=""/>
  <member type="node" ref="4857376640" role=""/>
  <member type="node" ref="4834953797" role="platform"/>
  <member type="node" ref="11379636262" role="platform"/>
  <member type="node" ref="11379635891" role="platform"/>
  <member type="node" ref="11379636097" role="platform"/>
  <member type="node" ref="11379636101" role="platform"/>
  <member type="node" ref="11379636099" role=""/>
  <member type="node" ref="13052056347" role=""/>
  <member type="node" ref="11379636156" role="platform"/>
  <member type="node" ref="11379636153" role="platform"/>
  <member type="node" ref="11379636114" role=""/>
  <member type="node" ref="11379636117" role="platform"/>
  <member type="node" ref="11379634973" role="platform"/>
  <member type="node" ref="11379636161" role="platform"/>
  <member type="node" ref="11379634970" role="platform"/>
  <member type="node" ref="11379634961" role="platform"/>
  <member type="node" ref="11379634966" role="platform"/>
  <tag k="colour" v="#3366CC"/>
  <tag k="from" v="송내역"/>
  <tag k="name" v="인천 버스 8: 송내역 → 인천대"/>
  <tag k="name:en" v="Incheon Buses route 8:  Songnae Station → Incheon National University"/>
  <tag k="name:ko" v="인천 버스 8: 송내역 → 인천대"/>
  <tag k="network" v="인천광역시 시내버스"/>
  <tag k="network:ko" v="인천광역시 시내버스"/>
  <tag k="network:wikidata" v="Q12613485"/>
  <tag k="operator" v="송도버스"/>
  <tag k="ref" v="8"/>
  <tag k="route" v="bus"/>
  <tag k="to" v="인천대"/>
  <tag k="type" v="route"/>
 </relation>
</osm>
