{
  "type": "FeatureCollection",
  "name": "inha-campus-osm-road-candidates",
  "data_status": "CANDIDATE_ONLY",
  "verification_status": "UNVERIFIED",
  "source_sha256": "8eb03c576a7a924e3cb4ab263fba25245431d8d25881c86ee12e7b781b265a61",
  "coordinate_frame": "WGS84 longitude, latitude",
  "features": [
    {
      "type": "Feature",
      "id": "osm-way-37400830-segment-000-014",
      "geometry": {
        "type": "LineString",
        "coordinates": [
          [
            126.6482129,
            37.4518976
          ],
          [
            126.6470807,
            37.4521467
          ],
          [
            126.6468494,
            37.4521927
          ],
          [
            126.6464594,
            37.4523095
          ],
          [
            126.6455335,
            37.4525936
          ],
          [
            126.6447431,
            37.4528402
          ],
          [
            126.644081,
            37.4531383
          ],
          [
            126.6436303,
            37.4533184
          ],
          [
            126.6426182,
            37.4537923
          ],
          [
            126.6412114,
            37.4544248
          ],
          [
            126.64006,
            37.45498
          ],
          [
            126.6390019,
            37.4554691
          ],
          [
            126.6379615,
            37.45595
          ],
          [
            126.6371769,
            37.4562951
          ],
          [
            126.6356428,
            37.4569698
          ]
        ]
      },
      "properties": {
        "osm_way_id": "37400830",
        "from_node_id": "osm-node-436836603",
        "to_node_id": "osm-node-2425231803",
        "direction_status": "DIRECTION_UNKNOWN",
        "oneway": null,
        "verification_status": "UNVERIFIED",
        "routable": false
      }
    },
    {
      "type": "Feature",
      "id": "osm-way-71395177-segment-000-026",
      "geometry": {
        "type": "LineString",
        "coordinates": [
          [
            126.6749808,
            37.4395094
          ],
          [
            126.6738829,
            37.4395807
          ],
          [
            126.6722682,
            37.4396855
          ],
          [
            126.6715047,
            37.4397907
          ],
          [
            126.6714793,
            37.4397923
          ],
          [
            126.6708874,
            37.4398288
          ],
          [
            126.6707789,
            37.4398355
          ],
          [
            126.6695568,
            37.4399109
          ],
          [
            126.6683284,
            37.4399868
          ],
          [
            126.6671876,
            37.4400572
          ],
          [
            126.6666282,
            37.4400917
          ],
          [
            126.6657306,
            37.4401434
          ],
          [
            126.6653425,
            37.4401658
          ],
          [
            126.6650161,
            37.4401846
          ],
          [
            126.6648108,
            37.4401964
          ],
          [
            126.6644935,
            37.4402147
          ],
          [
            126.6642647,
            37.4402393
          ],
          [
            126.6642458,
            37.4402418
          ],
          [
            126.6641263,
            37.4402579
          ],
          [
            126.6639289,
            37.4402959
          ],
          [
            126.6637784,
            37.4403463
          ],
          [
            126.6637001,
            37.4403726
          ],
          [
            126.663233,
            37.4405482
          ],
          [
            126.6624964,
            37.4408059
          ],
          [
            126.6618569,
            37.4410725
          ],
          [
            126.6600162,
            37.4417818
          ],
          [
            126.6571344,
            37.4429537
          ]
        ]
      },
      "properties": {
        "osm_way_id": "71395177",
        "from_node_id": "osm-node-436790186",
        "to_node_id": "osm-node-2429042702",
        "direction_status": "BIDIRECTIONAL_CANDIDATE",
        "oneway": "no",
        "verification_status": "UNVERIFIED",
        "routable": false
      }
    },
    {
      "type": "Feature",
      "id": "osm-way-71395177-segment-026-027",
      "geometry": {
        "type": "LineString",
        "coordinates": [
          [
            126.6571344,
            37.4429537
          ],
          [
            126.65511,
            37.4437652
          ]
        ]
      },
      "properties": {
        "osm_way_id": "71395177",
        "from_node_id": "osm-node-2429042702",
        "to_node_id": "osm-node-4703015310",
        "direction_status": "BIDIRECTIONAL_CANDIDATE",
        "oneway": "no",
        "verification_status": "UNVERIFIED",
        "routable": false
      }
    },
    {
      "type": "Feature",
      "id": "osm-way-71395177-segment-027-028",
      "geometry": {
        "type": "LineString",
        "coordinates": [
          [
            126.65511,
            37.4437652
          ],
          [
            126.6532052,
            37.4445424
          ]
        ]
      },
      "properties": {
        "osm_way_id": "71395177",
        "from_node_id": "osm-node-4703015310",
        "to_node_id": "osm-node-12866720413",
        "direction_status": "BIDIRECTIONAL_CANDIDATE",
        "oneway": "no",
        "verification_status": "UNVERIFIED",
        "routable": false
      }
    },
    {
      "type": "Feature",
      "id": "osm-way-71395177-segment-028-031",
      "geometry": {
        "type": "LineString",
        "coordinates": [
          [
            126.6532052,
            37.4445424
          ],
          [
            126.6516253,
            37.4451871
          ],
          [
            126.6513708,
            37.4452705
          ],
          [
            126.6512803,
            37.4452986
          ]
        ]
      },
      "properties": {
        "osm_way_id": "71395177",
        "from_node_id": "osm-node-12866720413",
        "to_node_id": "osm-node-11257934910",
        "direction_status": "BIDIRECTIONAL_CANDIDATE",
        "oneway": "no",
        "verification_status": "UNVERIFIED",
        "routable": false
      }
    },
    {
      "type": "Feature",
      "id": "osm-way-71395177-segment-031-032",
      "geometry": {
        "type": "LineString",
        "coordinates": [
          [
            126.6512803,
            37.4452986
          ],
          [
            126.6511351,
            37.4453438
          ]
        ]
      },
      "properties": {
        "osm_way_id": "71395177",
        "from_node_id": "osm-node-11257934910",
        "to_node_id": "osm-node-436830039",
        "direction_status": "BIDIRECTIONAL_CANDIDATE",
        "oneway": "no",
        "verification_status": "UNVERIFIED",
        "routable": false
      }
    },
    {
      "type": "Feature",
      "id": "osm-way-71395177-segment-032-035",
      "geometry": {
        "type": "LineString",
        "coordinates": [
          [
            126.6511351,
            37.4453438
          ],
          [
            126.6509646,
            37.4453824
          ],
          [
            126.6507206,
            37.4454153
          ],
          [
            126.6504795,
            37.4454029
          ]
        ]
      },
      "properties": {
        "osm_way_id": "71395177",
        "from_node_id": "osm-node-436830039",
        "to_node_id": "osm-node-436830040",
        "direction_status": "BIDIRECTIONAL_CANDIDATE",
        "oneway": "no",
        "verification_status": "UNVERIFIED",
        "routable": false
      }
    },
    {
      "type": "Feature",
      "id": "osm-way-71395177-segment-035-038",
      "geometry": {
        "type": "LineString",
        "coordinates": [
          [
            126.6504795,
            37.4454029
          ],
          [
            126.6502649,
            37.4453873
          ],
          [
            126.6500351,
            37.4453504
          ],
          [
            126.6498151,
            37.4452981
          ]
        ]
      },
      "properties": {
        "osm_way_id": "71395177",
        "from_node_id": "osm-node-436830040",
        "to_node_id": "osm-node-11257934902",
        "direction_status": "BIDIRECTIONAL_CANDIDATE",
        "oneway": "no",
        "verification_status": "UNVERIFIED",
        "routable": false
      }
    },
    {
      "type": "Feature",
      "id": "osm-way-71395177-segment-038-039",
      "geometry": {
        "type": "LineString",
        "coordinates": [
          [
            126.6498151,
            37.4452981
          ],
          [
            126.6488257,
            37.4450627
          ]
        ]
      },
      "properties": {
        "osm_way_id": "71395177",
        "from_node_id": "osm-node-11257934902",
        "to_node_id": "osm-node-14067346834",
        "direction_status": "BIDIRECTIONAL_CANDIDATE",
        "oneway": "no",
        "verification_status": "UNVERIFIED",
        "routable": false
      }
    },
    {
      "type": "Feature",
      "id": "osm-way-71395177-segment-039-040",
      "geometry": {
        "type": "LineString",
        "coordinates": [
          [
            126.6488257,
            37.4450627
          ],
          [
            126.648445,
            37.4449722
          ]
        ]
      },
      "properties": {
        "osm_way_id": "71395177",
        "from_node_id": "osm-node-14067346834",
        "to_node_id": "osm-node-8841043778",
        "direction_status": "BIDIRECTIONAL_CANDIDATE",
        "oneway": "no",
        "verification_status": "UNVERIFIED",
        "routable": false
      }
    },
    {
      "type": "Feature",
      "id": "osm-way-165484707-segment-000-003",
      "geometry": {
        "type": "LineString",
        "coordinates": [
          [
            126.656548,
            37.4460547
          ],
          [
            126.6565064,
            37.4459894
          ],
          [
            126.6564848,
            37.4459554
          ],
          [
            126.6562796,
            37.4456335
          ]
        ]
      },
      "properties": {
        "osm_way_id": "165484707",
        "from_node_id": "osm-node-1770237413",
        "to_node_id": "osm-node-4958020927",
        "direction_status": "BIDIRECTIONAL_CANDIDATE",
        "oneway": "no",
        "verification_status": "UNVERIFIED",
        "routable": false
      }
    },
    {
      "type": "Feature",
      "id": "osm-way-165484707-segment-003-006",
      "geometry": {
        "type": "LineString",
        "coordinates": [
          [
            126.6562796,
            37.4456335
          ],
          [
            126.6558782,
            37.4450036
          ],
          [
            126.6553625,
            37.4441943
          ],
          [
            126.65511,
            37.4437652
          ]
        ]
      },
      "properties": {
        "osm_way_id": "165484707",
        "from_node_id": "osm-node-4958020927",
        "to_node_id": "osm-node-4703015310",
        "direction_status": "BIDIRECTIONAL_CANDIDATE",
        "oneway": "no",
        "verification_status": "UNVERIFIED",
        "routable": false
      }
    },
    {
      "type": "Feature",
      "id": "osm-way-216916382-segment-000-001",
      "geometry": {
        "type": "LineString",
        "coordinates": [
          [
            126.6573682,
            37.4504694
          ],
          [
            126.6568015,
            37.4507178
          ]
        ]
      },
      "properties": {
        "osm_way_id": "216916382",
        "from_node_id": "osm-node-2262335941",
        "to_node_id": "osm-node-4741759513",
        "direction_status": "DIRECTION_UNKNOWN",
        "oneway": null,
        "verification_status": "UNVERIFIED",
        "routable": false
      }
    },
    {
      "type": "Feature",
      "id": "osm-way-216916382-segment-001-004",
      "geometry": {
        "type": "LineString",
        "coordinates": [
          [
            126.6568015,
            37.4507178
          ],
          [
            126.6566735,
            37.4507791
          ],
          [
            126.6567214,
            37.450971
          ],
          [
            126.6564949,
            37.4510135
          ]
        ]
      },
      "properties": {
        "osm_way_id": "216916382",
        "from_node_id": "osm-node-4741759513",
        "to_node_id": "osm-node-4741759450",
        "direction_status": "DIRECTION_UNKNOWN",
        "oneway": null,
        "verification_status": "UNVERIFIED",
        "routable": false
      }
    },
    {
      "type": "Feature",
      "id": "osm-way-216916382-segment-004-005",
      "geometry": {
        "type": "LineString",
        "coordinates": [
          [
            126.6564949,
            37.4510135
          ],
          [
            126.656379,
            37.4510352
          ]
        ]
      },
      "properties": {
        "osm_way_id": "216916382",
        "from_node_id": "osm-node-4741759450",
        "to_node_id": "osm-node-2262335939",
        "direction_status": "DIRECTION_UNKNOWN",
        "oneway": null,
        "verification_status": "UNVERIFIED",
        "routable": false
      }
    },
    {
      "type": "Feature",
      "id": "osm-way-216916383-segment-000-002",
      "geometry": {
        "type": "LineString",
        "coordinates": [
          [
            126.6564766,
            37.4512632
          ],
          [
            126.6564271,
            37.4511471
          ],
          [
            126.656379,
            37.4510352
          ]
        ]
      },
      "properties": {
        "osm_way_id": "216916383",
        "from_node_id": "osm-node-436868707",
        "to_node_id": "osm-node-2262335939",
        "direction_status": "DIRECTION_UNKNOWN",
        "oneway": null,
        "verification_status": "UNVERIFIED",
        "routable": false
      }
    },
    {
      "type": "Feature",
      "id": "osm-way-216916383-segment-002-004",
      "geometry": {
        "type": "LineString",
        "coordinates": [
          [
            126.656379,
            37.4510352
          ],
          [
            126.6559488,
            37.4511371
          ],
          [
            126.6549418,
            37.4513755
          ]
        ]
      },
      "properties": {
        "osm_way_id": "216916383",
        "from_node_id": "osm-node-2262335939",
        "to_node_id": "osm-node-2262335940",
        "direction_status": "DIRECTION_UNKNOWN",
        "oneway": null,
        "verification_status": "UNVERIFIED",
        "routable": false
      }
    },
    {
      "type": "Feature",
      "id": "osm-way-216916383-segment-004-005",
      "geometry": {
        "type": "LineString",
        "coordinates": [
          [
            126.6549418,
            37.4513755
          ],
          [
            126.6544702,
            37.4514903
          ]
        ]
      },
      "properties": {
        "osm_way_id": "216916383",
        "from_node_id": "osm-node-2262335940",
        "to_node_id": "osm-node-2262335931",
        "direction_status": "DIRECTION_UNKNOWN",
        "oneway": null,
        "verification_status": "UNVERIFIED",
        "routable": false
      }
    },
    {
      "type": "Feature",
      "id": "osm-way-216916384-segment-000-001",
      "geometry": {
        "type": "LineString",
        "coordinates": [
          [
            126.6554559,
            37.4496873
          ],
          [
            126.65544,
            37.4496945
          ]
        ]
      },
      "properties": {
        "osm_way_id": "216916384",
        "from_node_id": "osm-node-2262335935",
        "to_node_id": "osm-node-4741759453",
        "direction_status": "DIRECTION_UNKNOWN",
        "oneway": null,
        "verification_status": "UNVERIFIED",
        "routable": false
      }
    },
    {
      "type": "Feature",
      "id": "osm-way-216916384-segment-001-002",
      "geometry": {
        "type": "LineString",
        "coordinates": [
          [
            126.65544,
            37.4496945
          ],
          [
            126.6548005,
            37.4499825
          ]
        ]
      },
      "properties": {
        "osm_way_id": "216916384",
        "from_node_id": "osm-node-4741759453",
        "to_node_id": "osm-node-4741759509",
        "direction_status": "DIRECTION_UNKNOWN",
        "oneway": null,
        "verification_status": "UNVERIFIED",
        "routable": false
      }
    },
    {
      "type": "Feature",
      "id": "osm-way-216916384-segment-002-003",
      "geometry": {
        "type": "LineString",
        "coordinates": [
          [
            126.6548005,
            37.4499825
          ],
          [
            126.6541191,
            37.4502665
          ]
        ]
      },
      "properties": {
        "osm_way_id": "216916384",
        "from_node_id": "osm-node-4741759509",
        "to_node_id": "osm-node-2262335936",
        "direction_status": "DIRECTION_UNKNOWN",
        "oneway": null,
        "verification_status": "UNVERIFIED",
        "routable": false
      }
    },
    {
      "type": "Feature",
      "id": "osm-way-216916384-segment-003-005",
      "geometry": {
        "type": "LineString",
        "coordinates": [
          [
            126.6541191,
            37.4502665
          ],
          [
            126.654378,
            37.4506113
          ],
          [
            126.654571,
            37.4508684
          ]
        ]
      },
      "properties": {
        "osm_way_id": "216916384",
        "from_node_id": "osm-node-2262335936",
        "to_node_id": "osm-node-4741759458",
        "direction_status": "DIRECTION_UNKNOWN",
        "oneway": null,
        "verification_status": "UNVERIFIED",
        "routable": false
      }
    },
    {
      "type": "Feature",
      "id": "osm-way-216916384-segment-005-006",
      "geometry": {
        "type": "LineString",
        "coordinates": [
          [
            126.654571,
            37.4508684
          ],
          [
            126.6549418,
            37.4513755
          ]
        ]
      },
      "properties": {
        "osm_way_id": "216916384",
        "from_node_id": "osm-node-4741759458",
        "to_node_id": "osm-node-2262335940",
        "direction_status": "DIRECTION_UNKNOWN",
        "oneway": null,
        "verification_status": "UNVERIFIED",
        "routable": false
      }
    },
    {
      "type": "Feature",
      "id": "osm-way-216916385-segment-000-001",
      "geometry": {
        "type": "LineString",
        "coordinates": [
          [
            126.6554559,
            37.4496873
          ],
          [
            126.656379,
            37.4510352
          ]
        ]
      },
      "properties": {
        "osm_way_id": "216916385",
        "from_node_id": "osm-node-2262335935",
        "to_node_id": "osm-node-2262335939",
        "direction_status": "DIRECTION_UNKNOWN",
        "oneway": null,
        "verification_status": "UNVERIFIED",
        "routable": false
      }
    },
    {
      "type": "Feature",
      "id": "osm-way-231774838-segment-000-024",
      "geometry": {
        "type": "LineString",
        "coordinates": [
          [
            126.6721606,
            37.4616964
          ],
          [
            126.6709331,
            37.4599507
          ],
          [
            126.670564,
            37.4594257
          ],
          [
            126.6703369,
            37.4591192
          ],
          [
            126.6702244,
            37.4589782
          ],
          [
            126.6695277,
            37.4581053
          ],
          [
            126.6694912,
            37.458073
          ],
          [
            126.6688735,
            37.4575264
          ],
          [
            126.6685643,
            37.4572529
          ],
          [
            126.6685377,
            37.4572326
          ],
          [
            126.6680222,
            37.456839
          ],
          [
            126.6674836,
            37.4564854
          ],
          [
            126.6674136,
            37.4564431
          ],
          [
            126.6669622,
            37.4561702
          ],
          [
            126.6662647,
            37.4558166
          ],
          [
            126.6661846,
            37.4557841
          ],
          [
            126.6656155,
            37.4555535
          ],
          [
            126.6648835,
            37.4552711
          ],
          [
            126.6639133,
            37.4549833
          ],
          [
            126.6638046,
            37.4549566
          ],
          [
            126.662363,
            37.4546031
          ],
          [
            126.6612756,
            37.4543364
          ],
          [
            126.6608808,
            37.4542396
          ],
          [
            126.6595875,
            37.4539224
          ],
          [
            126.6586179,
            37.4536846
          ]
        ]
      },
      "properties": {
        "osm_way_id": "231774838",
        "from_node_id": "osm-node-2429042941",
        "to_node_id": "osm-node-2855690575",
        "direction_status": "DIRECTION_UNKNOWN",
        "oneway": null,
        "verification_status": "UNVERIFIED",
        "routable": false
      }
    },
    {
      "type": "Feature",
      "id": "osm-way-231774839-segment-000-002",
      "geometry": {
        "type": "LineString",
        "coordinates": [
          [
            126.6590377,
            37.4533232
          ],
          [
            126.6589604,
            37.4533053
          ],
          [
            126.6577903,
            37.4530348
          ]
        ]
      },
      "properties": {
        "osm_way_id": "231774839",
        "from_node_id": "osm-node-2855690581",
        "to_node_id": "osm-node-2401071758",
        "direction_status": "FORWARD_ONLY_CANDIDATE",
        "oneway": "yes",
        "verification_status": "UNVERIFIED",
        "routable": false
      }
    },
    {
      "type": "Feature",
      "id": "osm-way-231774839-segment-002-003",
      "geometry": {
        "type": "LineString",
        "coordinates": [
          [
            126.6577903,
            37.4530348
          ],
          [
            126.656357,
            37.4526691
          ]
        ]
      },
      "properties": {
        "osm_way_id": "231774839",
        "from_node_id": "osm-node-2401071758",
        "to_node_id": "osm-node-2429042810",
        "direction_status": "FORWARD_ONLY_CANDIDATE",
        "oneway": "yes",
        "verification_status": "UNVERIFIED",
        "routable": false
      }
    },
    {
      "type": "Feature",
      "id": "osm-way-231774839-segment-003-005",
      "geometry": {
        "type": "LineString",
        "coordinates": [
          [
            126.656357,
            37.4526691
          ],
          [
            126.6559249,
            37.4525584
          ],
          [
            126.655,
            37.4523214
          ]
        ]
      },
      "properties": {
        "osm_way_id": "231774839",
        "from_node_id": "osm-node-2429042810",
        "to_node_id": "osm-node-2445317859",
        "direction_status": "FORWARD_ONLY_CANDIDATE",
        "oneway": "yes",
        "verification_status": "UNVERIFIED",
        "routable": false
      }
    },
    {
      "type": "Feature",
      "id": "osm-way-231774839-segment-005-007",
      "geometry": {
        "type": "LineString",
        "coordinates": [
          [
            126.655,
            37.4523214
          ],
          [
            126.6544168,
            37.452172
          ],
          [
            126.6537646,
            37.4520049
          ]
        ]
      },
      "properties": {
        "osm_way_id": "231774839",
        "from_node_id": "osm-node-2445317859",
        "to_node_id": "osm-node-2401071760",
        "direction_status": "FORWARD_ONLY_CANDIDATE",
        "oneway": "yes",
        "verification_status": "UNVERIFIED",
        "routable": false
      }
    },
    {
      "type": "Feature",
      "id": "osm-way-231774841-segment-000-002",
      "geometry": {
        "type": "LineString",
        "coordinates": [
          [
            126.6563589,
            37.4525422
          ],
          [
            126.6571024,
            37.4523462
          ],
          [
            126.657465,
            37.4522506
          ]
        ]
      },
      "properties": {
        "osm_way_id": "231774841",
        "from_node_id": "osm-node-2401071757",
        "to_node_id": "osm-node-2401071756",
        "direction_status": "DIRECTION_UNKNOWN",
        "oneway": null,
        "verification_status": "UNVERIFIED",
        "routable": false
      }
    },
    {
      "type": "Feature",
      "id": "osm-way-231774843-segment-000-001",
      "geometry": {
        "type": "LineString",
        "coordinates": [
          [
            126.6558634,
            37.4514268
          ],
          [
            126.6559989,
            37.4517294
          ]
        ]
      },
      "properties": {
        "osm_way_id": "231774843",
        "from_node_id": "osm-node-2401071761",
        "to_node_id": "osm-node-10058120920",
        "direction_status": "DIRECTION_UNKNOWN",
        "oneway": null,
        "verification_status": "UNVERIFIED",
        "routable": false
      }
    },
    {
      "type": "Feature",
      "id": "osm-way-231774843-segment-001-002",
      "geometry": {
        "type": "LineString",
        "coordinates": [
          [
            126.6559989,
            37.4517294
          ],
          [
            126.6561261,
            37.4520136
          ]
        ]
      },
      "properties": {
        "osm_way_id": "231774843",
        "from_node_id": "osm-node-10058120920",
        "to_node_id": "osm-node-4309918709",
        "direction_status": "DIRECTION_UNKNOWN",
        "oneway": null,
        "verification_status": "UNVERIFIED",
        "routable": false
      }
    },
    {
      "type": "Feature",
      "id": "osm-way-231774843-segment-002-003",
      "geometry": {
        "type": "LineString",
        "coordinates": [
          [
            126.6561261,
            37.4520136
          ],
          [
            126.6563589,
            37.4525422
          ]
        ]
      },
      "properties": {
        "osm_way_id": "231774843",
        "from_node_id": "osm-node-4309918709",
        "to_node_id": "osm-node-2401071757",
        "direction_status": "DIRECTION_UNKNOWN",
        "oneway": null,
        "verification_status": "UNVERIFIED",
        "routable": false
      }
    },
    {
      "type": "Feature",
      "id": "osm-way-231774843-segment-003-004",
      "geometry": {
        "type": "LineString",
        "coordinates": [
          [
            126.6563589,
            37.4525422
          ],
          [
            126.656357,
            37.4526691
          ]
        ]
      },
      "properties": {
        "osm_way_id": "231774843",
        "from_node_id": "osm-node-2401071757",
        "to_node_id": "osm-node-2429042810",
        "direction_status": "DIRECTION_UNKNOWN",
        "oneway": null,
        "verification_status": "UNVERIFIED",
        "routable": false
      }
    },
    {
      "type": "Feature",
      "id": "osm-way-231774843-segment-004-005",
      "geometry": {
        "type": "LineString",
        "coordinates": [
          [
            126.656357,
            37.4526691
          ],
          [
            126.6562076,
            37.4530877
          ]
        ]
      },
      "properties": {
        "osm_way_id": "231774843",
        "from_node_id": "osm-node-2429042810",
        "to_node_id": "osm-node-2401071762",
        "direction_status": "DIRECTION_UNKNOWN",
        "oneway": null,
        "verification_status": "UNVERIFIED",
        "routable": false
      }
    },
    {
      "type": "Feature",
      "id": "osm-way-234766657-segment-000-015",
      "geometry": {
        "type": "LineString",
        "coordinates": [
          [
            126.6718448,
            37.4617762
          ],
          [
            126.6700395,
            37.4591678
          ],
          [
            126.6691841,
            37.4581914
          ],
          [
            126.6685027,
            37.4575428
          ],
          [
            126.6674821,
            37.4567795
          ],
          [
            126.6666562,
            37.4562925
          ],
          [
            126.6655648,
            37.4557914
          ],
          [
            126.6642433,
            37.4553348
          ],
          [
            126.6601466,
            37.4543208
          ],
          [
            126.653597,
            37.4526996
          ],
          [
            126.6525714,
            37.4524942
          ],
          [
            126.6518604,
            37.4523767
          ],
          [
            126.6511698,
            37.4522919
          ],
          [
            126.6503335,
            37.4522233
          ],
          [
            126.6494416,
            37.4522102
          ],
          [
            126.6484389,
            37.4522211
          ]
        ]
      },
      "properties": {
        "osm_way_id": "234766657",
        "from_node_id": "osm-node-436222348",
        "to_node_id": "osm-node-436222363",
        "direction_status": "FORWARD_ONLY_CANDIDATE",
        "oneway": "yes",
        "verification_status": "UNVERIFIED",
        "routable": false
      }
    },
    {
      "type": "Feature",
      "id": "osm-way-234766658-segment-000-007",
      "geometry": {
        "type": "LineString",
        "coordinates": [
          [
            126.6484831,
            37.4520878
          ],
          [
            126.6494424,
            37.4520629
          ],
          [
            126.6503426,
            37.4520651
          ],
          [
            126.6512275,
            37.4521617
          ],
          [
            126.6519015,
            37.452269
          ],
          [
            126.6526125,
            37.4523865
          ],
          [
            126.6536153,
            37.4525904
          ],
          [
            126.658646,
            37.4538366
          ]
        ]
      },
      "properties": {
        "osm_way_id": "234766658",
        "from_node_id": "osm-node-436222330",
        "to_node_id": "osm-node-6231555715",
        "direction_status": "FORWARD_ONLY_CANDIDATE",
        "oneway": "yes",
        "verification_status": "UNVERIFIED",
        "routable": false
      }
    },
    {
      "type": "Feature",
      "id": "osm-way-234766658-segment-007-016",
      "geometry": {
        "type": "LineString",
        "coordinates": [
          [
            126.658646,
            37.4538366
          ],
          [
            126.6642492,
            37.4552247
          ],
          [
            126.6656592,
            37.4556977
          ],
          [
            126.6667299,
            37.4561941
          ],
          [
            126.6675892,
            37.4567158
          ],
          [
            126.6680853,
            37.4570496
          ],
          [
            126.668616,
            37.457471
          ],
          [
            126.6693203,
            37.4581451
          ],
          [
            126.6701618,
            37.4591259
          ],
          [
            126.671946,
            37.461696
          ]
        ]
      },
      "properties": {
        "osm_way_id": "234766658",
        "from_node_id": "osm-node-6231555715",
        "to_node_id": "osm-node-2429042939",
        "direction_status": "FORWARD_ONLY_CANDIDATE",
        "oneway": "yes",
        "verification_status": "UNVERIFIED",
        "routable": false
      }
    },
    {
      "type": "Feature",
      "id": "osm-way-234766669-segment-000-001",
      "geometry": {
        "type": "LineString",
        "coordinates": [
          [
            126.6484389,
            37.4522211
          ],
          [
            126.6478256,
            37.452278
          ]
        ]
      },
      "properties": {
        "osm_way_id": "234766669",
        "from_node_id": "osm-node-436222363",
        "to_node_id": "osm-node-436222364",
        "direction_status": "FORWARD_ONLY_CANDIDATE",
        "oneway": "yes",
        "verification_status": "UNVERIFIED",
        "routable": false
      }
    },
    {
      "type": "Feature",
      "id": "osm-way-234766670-segment-000-001",
      "geometry": {
        "type": "LineString",
        "coordinates": [
          [
            126.6478939,
            37.4521569
          ],
          [
            126.6484831,
            37.4520878
          ]
        ]
      },
      "properties": {
        "osm_way_id": "234766670",
        "from_node_id": "osm-node-436222329",
        "to_node_id": "osm-node-436222330",
        "direction_status": "FORWARD_ONLY_CANDIDATE",
        "oneway": "yes",
        "verification_status": "UNVERIFIED",
        "routable": false
      }
    },
    {
      "type": "Feature",
      "id": "osm-way-234766709-segment-000-019",
      "geometry": {
        "type": "LineString",
        "coordinates": [
          [
            126.6717702,
            37.4619871
          ],
          [
            126.6703764,
            37.4598731
          ],
          [
            126.6703654,
            37.4598601
          ],
          [
            126.669764,
            37.459152
          ],
          [
            126.668486,
            37.4578018
          ],
          [
            126.668346,
            37.4575749
          ],
          [
            126.6677659,
            37.4571446
          ],
          [
            126.6672969,
            37.4568442
          ],
          [
            126.6667301,
            37.4564812
          ],
          [
            126.6660236,
            37.4561268
          ],
          [
            126.6657356,
            37.4559824
          ],
          [
            126.6646911,
            37.4556028
          ],
          [
            126.6646381,
            37.4555877
          ],
          [
            126.6634182,
            37.4552405
          ],
          [
            126.6633451,
            37.4552225
          ],
          [
            126.6618504,
            37.4548539
          ],
          [
            126.6606636,
            37.454539
          ],
          [
            126.660435,
            37.4544857
          ],
          [
            126.6602751,
            37.4544388
          ],
          [
            126.6582446,
            37.4539649
          ]
        ]
      },
      "properties": {
        "osm_way_id": "234766709",
        "from_node_id": "osm-node-2429042945",
        "to_node_id": "osm-node-2855690586",
        "direction_status": "DIRECTION_UNKNOWN",
        "oneway": null,
        "verification_status": "UNVERIFIED",
        "routable": false
      }
    },
    {
      "type": "Feature",
      "id": "osm-way-234766709-segment-019-020",
      "geometry": {
        "type": "LineString",
        "coordinates": [
          [
            126.6582446,
            37.4539649
          ],
          [
            126.6579119,
            37.4538829
          ]
        ]
      },
      "properties": {
        "osm_way_id": "234766709",
        "from_node_id": "osm-node-2855690586",
        "to_node_id": "osm-node-2876922894",
        "direction_status": "DIRECTION_UNKNOWN",
        "oneway": null,
        "verification_status": "UNVERIFIED",
        "routable": false
      }
    },
    {
      "type": "Feature",
      "id": "osm-way-234766709-segment-020-022",
      "geometry": {
        "type": "LineString",
        "coordinates": [
          [
            126.6579119,
            37.4538829
          ],
          [
            126.6573752,
            37.4537506
          ],
          [
            126.6567763,
            37.4536029
          ]
        ]
      },
      "properties": {
        "osm_way_id": "234766709",
        "from_node_id": "osm-node-2876922894",
        "to_node_id": "osm-node-2856212864",
        "direction_status": "DIRECTION_UNKNOWN",
        "oneway": null,
        "verification_status": "UNVERIFIED",
        "routable": false
      }
    },
    {
      "type": "Feature",
      "id": "osm-way-234766709-segment-022-023",
      "geometry": {
        "type": "LineString",
        "coordinates": [
          [
            126.6567763,
            37.4536029
          ],
          [
            126.6556916,
            37.4533355
          ]
        ]
      },
      "properties": {
        "osm_way_id": "234766709",
        "from_node_id": "osm-node-2856212864",
        "to_node_id": "osm-node-2856199554",
        "direction_status": "DIRECTION_UNKNOWN",
        "oneway": null,
        "verification_status": "UNVERIFIED",
        "routable": false
      }
    },
    {
      "type": "Feature",
      "id": "osm-way-234766709-segment-023-024",
      "geometry": {
        "type": "LineString",
        "coordinates": [
          [
            126.6556916,
            37.4533355
          ],
          [
            126.6551771,
            37.4532086
          ]
        ]
      },
      "properties": {
        "osm_way_id": "234766709",
        "from_node_id": "osm-node-2856199554",
        "to_node_id": "osm-node-2856210695",
        "direction_status": "DIRECTION_UNKNOWN",
        "oneway": null,
        "verification_status": "UNVERIFIED",
        "routable": false
      }
    },
    {
      "type": "Feature",
      "id": "osm-way-234766709-segment-024-026",
      "geometry": {
        "type": "LineString",
        "coordinates": [
          [
            126.6551771,
            37.4532086
          ],
          [
            126.6535444,
            37.4528061
          ],
          [
            126.6526903,
            37.4526442
          ]
        ]
      },
      "properties": {
        "osm_way_id": "234766709",
        "from_node_id": "osm-node-2856210695",
        "to_node_id": "osm-node-2856199591",
        "direction_status": "DIRECTION_UNKNOWN",
        "oneway": null,
        "verification_status": "UNVERIFIED",
        "routable": false
      }
    },
    {
      "type": "Feature",
      "id": "osm-way-234766709-segment-026-028",
      "geometry": {
        "type": "LineString",
        "coordinates": [
          [
            126.6526903,
            37.4526442
          ],
          [
            126.6523066,
            37.4525715
          ],
          [
            126.6521661,
            37.4525501
          ]
        ]
      },
      "properties": {
        "osm_way_id": "234766709",
        "from_node_id": "osm-node-2856199591",
        "to_node_id": "osm-node-2856218070",
        "direction_status": "DIRECTION_UNKNOWN",
        "oneway": null,
        "verification_status": "UNVERIFIED",
        "routable": false
      }
    },
    {
      "type": "Feature",
      "id": "osm-way-234766709-segment-028-031",
      "geometry": {
        "type": "LineString",
        "coordinates": [
          [
            126.6521661,
            37.4525501
          ],
          [
            126.6514398,
            37.4524397
          ],
          [
            126.6503509,
            37.4523428
          ],
          [
            126.6502727,
            37.4523408
          ]
        ]
      },
      "properties": {
        "osm_way_id": "234766709",
        "from_node_id": "osm-node-2856218070",
        "to_node_id": "osm-node-2881072448",
        "direction_status": "DIRECTION_UNKNOWN",
        "oneway": null,
        "verification_status": "UNVERIFIED",
        "routable": false
      }
    },
    {
      "type": "Feature",
      "id": "osm-way-234766709-segment-031-033",
      "geometry": {
        "type": "LineString",
        "coordinates": [
          [
            126.6502727,
            37.4523408
          ],
          [
            126.6494426,
            37.4523196
          ],
          [
            126.6493821,
            37.4523213
          ]
        ]
      },
      "properties": {
        "osm_way_id": "234766709",
        "from_node_id": "osm-node-2881072448",
        "to_node_id": "osm-node-2881072422",
        "direction_status": "DIRECTION_UNKNOWN",
        "oneway": null,
        "verification_status": "UNVERIFIED",
        "routable": false
      }
    },
    {
      "type": "Feature",
      "id": "osm-way-234766709-segment-033-035",
      "geometry": {
        "type": "LineString",
        "coordinates": [
          [
            126.6493821,
            37.4523213
          ],
          [
            126.6486759,
            37.4523409
          ],
          [
            126.6483647,
            37.4523447
          ]
        ]
      },
      "properties": {
        "osm_way_id": "234766709",
        "from_node_id": "osm-node-2881072422",
        "to_node_id": "osm-node-2881072435",
        "direction_status": "DIRECTION_UNKNOWN",
        "oneway": null,
        "verification_status": "UNVERIFIED",
        "routable": false
      }
    },
    {
      "type": "Feature",
      "id": "osm-way-234766709-segment-035-036",
      "geometry": {
        "type": "LineString",
        "coordinates": [
          [
            126.6483647,
            37.4523447
          ],
          [
            126.6480814,
            37.4524009
          ]
        ]
      },
      "properties": {
        "osm_way_id": "234766709",
        "from_node_id": "osm-node-2881072435",
        "to_node_id": "osm-node-2881072426",
        "direction_status": "DIRECTION_UNKNOWN",
        "oneway": null,
        "verification_status": "UNVERIFIED",
        "routable": false
      }
    },
    {
      "type": "Feature",
      "id": "osm-way-234766709-segment-036-037",
      "geometry": {
        "type": "LineString",
        "coordinates": [
          [
            126.6480814,
            37.4524009
          ],
          [
            126.6479481,
            37.4524035
          ]
        ]
      },
      "properties": {
        "osm_way_id": "234766709",
        "from_node_id": "osm-node-2881072426",
        "to_node_id": "osm-node-2429042803",
        "direction_status": "DIRECTION_UNKNOWN",
        "oneway": null,
        "verification_status": "UNVERIFIED",
        "routable": false
      }
    },
    {
      "type": "Feature",
      "id": "osm-way-234766713-segment-000-004",
      "geometry": {
        "type": "LineString",
        "coordinates": [
          [
            126.6586002,
            37.4452329
          ],
          [
            126.6585607,
            37.4451687
          ],
          [
            126.6582281,
            37.4446289
          ],
          [
            126.6580805,
            37.4443893
          ],
          [
            126.6571344,
            37.4429537
          ]
        ]
      },
      "properties": {
        "osm_way_id": "234766713",
        "from_node_id": "osm-node-2429042772",
        "to_node_id": "osm-node-2429042702",
        "direction_status": "DIRECTION_UNKNOWN",
        "oneway": null,
        "verification_status": "UNVERIFIED",
        "routable": false
      }
    },
    {
      "type": "Feature",
      "id": "osm-way-236508980-segment-000-004",
      "geometry": {
        "type": "LineString",
        "coordinates": [
          [
            126.6572336,
            37.4517335
          ],
          [
            126.6568874,
            37.451821
          ],
          [
            126.6567534,
            37.4518549
          ],
          [
            126.6567077,
            37.4518665
          ],
          [
            126.6561261,
            37.4520136
          ]
        ]
      },
      "properties": {
        "osm_way_id": "236508980",
        "from_node_id": "osm-node-2445317858",
        "to_node_id": "osm-node-4309918709",
        "direction_status": "DIRECTION_UNKNOWN",
        "oneway": null,
        "verification_status": "UNVERIFIED",
        "routable": false
      }
    },
    {
      "type": "Feature",
      "id": "osm-way-236508980-segment-004-006",
      "geometry": {
        "type": "LineString",
        "coordinates": [
          [
            126.6561261,
            37.4520136
          ],
          [
            126.6558514,
            37.4520887
          ],
          [
            126.6554109,
            37.4522091
          ]
        ]
      },
      "properties": {
        "osm_way_id": "236508980",
        "from_node_id": "osm-node-4309918709",
        "to_node_id": "osm-node-10069027266",
        "direction_status": "DIRECTION_UNKNOWN",
        "oneway": null,
        "verification_status": "UNVERIFIED",
        "routable": false
      }
    },
    {
      "type": "Feature",
      "id": "osm-way-236508980-segment-006-008",
      "geometry": {
        "type": "LineString",
        "coordinates": [
          [
            126.6554109,
            37.4522091
          ],
          [
            126.6551849,
            37.4522709
          ],
          [
            126.655,
            37.4523214
          ]
        ]
      },
      "properties": {
        "osm_way_id": "236508980",
        "from_node_id": "osm-node-10069027266",
        "to_node_id": "osm-node-2445317859",
        "direction_status": "DIRECTION_UNKNOWN",
        "oneway": null,
        "verification_status": "UNVERIFIED",
        "routable": false
      }
    },
    {
      "type": "Feature",
      "id": "osm-way-258995842-segment-000-002",
      "geometry": {
        "type": "LineString",
        "coordinates": [
          [
            126.6533746,
            37.4479326
          ],
          [
            126.6535087,
            37.4478766
          ],
          [
            126.6538798,
            37.4484186
          ]
        ]
      },
      "properties": {
        "osm_way_id": "258995842",
        "from_node_id": "osm-node-2643032904",
        "to_node_id": "osm-node-4741759440",
        "direction_status": "DIRECTION_UNKNOWN",
        "oneway": null,
        "verification_status": "UNVERIFIED",
        "routable": false
      }
    },
    {
      "type": "Feature",
      "id": "osm-way-258995842-segment-002-003",
      "geometry": {
        "type": "LineString",
        "coordinates": [
          [
            126.6538798,
            37.4484186
          ],
          [
            126.6542786,
            37.4490012
          ]
        ]
      },
      "properties": {
        "osm_way_id": "258995842",
        "from_node_id": "osm-node-4741759440",
        "to_node_id": "osm-node-2643032907",
        "direction_status": "DIRECTION_UNKNOWN",
        "oneway": null,
        "verification_status": "UNVERIFIED",
        "routable": false
      }
    },
    {
      "type": "Feature",
      "id": "osm-way-281585931-segment-000-008",
      "geometry": {
        "type": "LineString",
        "coordinates": [
          [
            126.6561731,
            37.455796
          ],
          [
            126.6569487,
            37.455108
          ],
          [
            126.6569823,
            37.4550812
          ],
          [
            126.6575467,
            37.4546307
          ],
          [
            126.6576764,
            37.4545271
          ],
          [
            126.6577876,
            37.4544383
          ],
          [
            126.6579139,
            37.4543375
          ],
          [
            126.6580399,
            37.4542054
          ],
          [
            126.6582446,
            37.4539649
          ]
        ]
      },
      "properties": {
        "osm_way_id": "281585931",
        "from_node_id": "osm-node-2855690584",
        "to_node_id": "osm-node-2855690586",
        "direction_status": "DIRECTION_UNKNOWN",
        "oneway": null,
        "verification_status": "UNVERIFIED",
        "routable": false
      }
    },
    {
      "type": "Feature",
      "id": "osm-way-281585931-segment-008-009",
      "geometry": {
        "type": "LineString",
        "coordinates": [
          [
            126.6582446,
            37.4539649
          ],
          [
            126.6582773,
            37.4539404
          ]
        ]
      },
      "properties": {
        "osm_way_id": "281585931",
        "from_node_id": "osm-node-2855690586",
        "to_node_id": "osm-node-2855690576",
        "direction_status": "DIRECTION_UNKNOWN",
        "oneway": null,
        "verification_status": "UNVERIFIED",
        "routable": false
      }
    },
    {
      "type": "Feature",
      "id": "osm-way-281585933-segment-000-001",
      "geometry": {
        "type": "LineString",
        "coordinates": [
          [
            126.6582773,
            37.4539404
          ],
          [
            126.6585805,
            37.4537127
          ]
        ]
      },
      "properties": {
        "osm_way_id": "281585933",
        "from_node_id": "osm-node-2855690576",
        "to_node_id": "osm-node-2855690589",
        "direction_status": "DIRECTION_UNKNOWN",
        "oneway": null,
        "verification_status": "UNVERIFIED",
        "routable": false
      }
    },
    {
      "type": "Feature",
      "id": "osm-way-281585936-segment-000-001",
      "geometry": {
        "type": "LineString",
        "coordinates": [
          [
            126.6586179,
            37.4536846
          ],
          [
            126.6590377,
            37.4533232
          ]
        ]
      },
      "properties": {
        "osm_way_id": "281585936",
        "from_node_id": "osm-node-2855690575",
        "to_node_id": "osm-node-2855690581",
        "direction_status": "DIRECTION_UNKNOWN",
        "oneway": null,
        "verification_status": "UNVERIFIED",
        "routable": false
      }
    },
    {
      "type": "Feature",
      "id": "osm-way-281585936-segment-001-002",
      "geometry": {
        "type": "LineString",
        "coordinates": [
          [
            126.6590377,
            37.4533232
          ],
          [
            126.6605832,
            37.4519929
          ]
        ]
      },
      "properties": {
        "osm_way_id": "281585936",
        "from_node_id": "osm-node-2855690581",
        "to_node_id": "osm-node-2855690591",
        "direction_status": "DIRECTION_UNKNOWN",
        "oneway": null,
        "verification_status": "UNVERIFIED",
        "routable": false
      }
    },
    {
      "type": "Feature",
      "id": "osm-way-281588709-segment-000-001",
      "geometry": {
        "type": "LineString",
        "coordinates": [
          [
            126.6585997,
            37.4513649
          ],
          [
            126.6601431,
            37.4509484
          ]
        ]
      },
      "properties": {
        "osm_way_id": "281588709",
        "from_node_id": "osm-node-2877961307",
        "to_node_id": "osm-node-2855717085",
        "direction_status": "DIRECTION_UNKNOWN",
        "oneway": null,
        "verification_status": "UNVERIFIED",
        "routable": false
      }
    },
    {
      "type": "Feature",
      "id": "osm-way-281589090-segment-000-002",
      "geometry": {
        "type": "LineString",
        "coordinates": [
          [
            126.6569674,
            37.4511411
          ],
          [
            126.6570936,
            37.451422
          ],
          [
            126.6572336,
            37.4517335
          ]
        ]
      },
      "properties": {
        "osm_way_id": "281589090",
        "from_node_id": "osm-node-2401071755",
        "to_node_id": "osm-node-2445317858",
        "direction_status": "DIRECTION_UNKNOWN",
        "oneway": null,
        "verification_status": "UNVERIFIED",
        "routable": false
      }
    },
    {
      "type": "Feature",
      "id": "osm-way-281589090-segment-002-003",
      "geometry": {
        "type": "LineString",
        "coordinates": [
          [
            126.6572336,
            37.4517335
          ],
          [
            126.657465,
            37.4522506
          ]
        ]
      },
      "properties": {
        "osm_way_id": "281589090",
        "from_node_id": "osm-node-2445317858",
        "to_node_id": "osm-node-2401071756",
        "direction_status": "DIRECTION_UNKNOWN",
        "oneway": null,
        "verification_status": "UNVERIFIED",
        "routable": false
      }
    },
    {
      "type": "Feature",
      "id": "osm-way-281589090-segment-003-004",
      "geometry": {
        "type": "LineString",
        "coordinates": [
          [
            126.657465,
            37.4522506
          ],
          [
            126.6577903,
            37.4530348
          ]
        ]
      },
      "properties": {
        "osm_way_id": "281589090",
        "from_node_id": "osm-node-2401071756",
        "to_node_id": "osm-node-2401071758",
        "direction_status": "DIRECTION_UNKNOWN",
        "oneway": null,
        "verification_status": "UNVERIFIED",
        "routable": false
      }
    },
    {
      "type": "Feature",
      "id": "osm-way-281589090-segment-004-005",
      "geometry": {
        "type": "LineString",
        "coordinates": [
          [
            126.6577903,
            37.4530348
          ],
          [
            126.6576398,
            37.4534447
          ]
        ]
      },
      "properties": {
        "osm_way_id": "281589090",
        "from_node_id": "osm-node-2401071758",
        "to_node_id": "osm-node-2401071763",
        "direction_status": "DIRECTION_UNKNOWN",
        "oneway": null,
        "verification_status": "UNVERIFIED",
        "routable": false
      }
    },
    {
      "type": "Feature",
      "id": "osm-way-281621314-segment-000-003",
      "geometry": {
        "type": "LineString",
        "coordinates": [
          [
            126.6606375,
            37.4443909
          ],
          [
            126.6604786,
            37.4444566
          ],
          [
            126.6603717,
            37.4445008
          ],
          [
            126.6589536,
            37.4450868
          ]
        ]
      },
      "properties": {
        "osm_way_id": "281621314",
        "from_node_id": "osm-node-2856079397",
        "to_node_id": "osm-node-2877968880",
        "direction_status": "BIDIRECTIONAL_CANDIDATE",
        "oneway": "no",
        "verification_status": "UNVERIFIED",
        "routable": false
      }
    },
    {
      "type": "Feature",
      "id": "osm-way-281621314-segment-003-004",
      "geometry": {
        "type": "LineString",
        "coordinates": [
          [
            126.6589536,
            37.4450868
          ],
          [
            126.6586002,
            37.4452329
          ]
        ]
      },
      "properties": {
        "osm_way_id": "281621314",
        "from_node_id": "osm-node-2877968880",
        "to_node_id": "osm-node-2429042772",
        "direction_status": "BIDIRECTIONAL_CANDIDATE",
        "oneway": "no",
        "verification_status": "UNVERIFIED",
        "routable": false
      }
    },
    {
      "type": "Feature",
      "id": "osm-way-281621314-segment-004-006",
      "geometry": {
        "type": "LineString",
        "coordinates": [
          [
            126.6586002,
            37.4452329
          ],
          [
            126.6583178,
            37.445346
          ],
          [
            126.6574972,
            37.4456746
          ]
        ]
      },
      "properties": {
        "osm_way_id": "281621314",
        "from_node_id": "osm-node-2429042772",
        "to_node_id": "osm-node-2877970943",
        "direction_status": "BIDIRECTIONAL_CANDIDATE",
        "oneway": "no",
        "verification_status": "UNVERIFIED",
        "routable": false
      }
    },
    {
      "type": "Feature",
      "id": "osm-way-281621314-segment-006-007",
      "geometry": {
        "type": "LineString",
        "coordinates": [
          [
            126.6574972,
            37.4456746
          ],
          [
            126.657317,
            37.4457468
          ]
        ]
      },
      "properties": {
        "osm_way_id": "281621314",
        "from_node_id": "osm-node-2877970943",
        "to_node_id": "osm-node-4958020925",
        "direction_status": "BIDIRECTIONAL_CANDIDATE",
        "oneway": "no",
        "verification_status": "UNVERIFIED",
        "routable": false
      }
    },
    {
      "type": "Feature",
      "id": "osm-way-281621314-segment-007-011",
      "geometry": {
        "type": "LineString",
        "coordinates": [
          [
            126.657317,
            37.4457468
          ],
          [
            126.6571841,
            37.4458
          ],
          [
            126.656832,
            37.445941
          ],
          [
            126.6566257,
            37.4460236
          ],
          [
            126.656548,
            37.4460547
          ]
        ]
      },
      "properties": {
        "osm_way_id": "281621314",
        "from_node_id": "osm-node-4958020925",
        "to_node_id": "osm-node-1770237413",
        "direction_status": "BIDIRECTIONAL_CANDIDATE",
        "oneway": "no",
        "verification_status": "UNVERIFIED",
        "routable": false
      }
    },
    {
      "type": "Feature",
      "id": "osm-way-281621314-segment-011-012",
      "geometry": {
        "type": "LineString",
        "coordinates": [
          [
            126.656548,
            37.4460547
          ],
          [
            126.6563369,
            37.4461392
          ]
        ]
      },
      "properties": {
        "osm_way_id": "281621314",
        "from_node_id": "osm-node-1770237413",
        "to_node_id": "osm-node-4741759657",
        "direction_status": "BIDIRECTIONAL_CANDIDATE",
        "oneway": "no",
        "verification_status": "UNVERIFIED",
        "routable": false
      }
    },
    {
      "type": "Feature",
      "id": "osm-way-281621314-segment-012-013",
      "geometry": {
        "type": "LineString",
        "coordinates": [
          [
            126.6563369,
            37.4461392
          ],
          [
            126.6546057,
            37.4467792
          ]
        ]
      },
      "properties": {
        "osm_way_id": "281621314",
        "from_node_id": "osm-node-4741759657",
        "to_node_id": "osm-node-12866720417",
        "direction_status": "BIDIRECTIONAL_CANDIDATE",
        "oneway": "no",
        "verification_status": "UNVERIFIED",
        "routable": false
      }
    },
    {
      "type": "Feature",
      "id": "osm-way-281621314-segment-013-014",
      "geometry": {
        "type": "LineString",
        "coordinates": [
          [
            126.6546057,
            37.4467792
          ],
          [
            126.6544119,
            37.4468509
          ]
        ]
      },
      "properties": {
        "osm_way_id": "281621314",
        "from_node_id": "osm-node-12866720417",
        "to_node_id": "osm-node-10058049431",
        "direction_status": "BIDIRECTIONAL_CANDIDATE",
        "oneway": "no",
        "verification_status": "UNVERIFIED",
        "routable": false
      }
    },
    {
      "type": "Feature",
      "id": "osm-way-281621314-segment-014-015",
      "geometry": {
        "type": "LineString",
        "coordinates": [
          [
            126.6544119,
            37.4468509
          ],
          [
            126.6532344,
            37.4473242
          ]
        ]
      },
      "properties": {
        "osm_way_id": "281621314",
        "from_node_id": "osm-node-10058049431",
        "to_node_id": "osm-node-2643032901",
        "direction_status": "BIDIRECTIONAL_CANDIDATE",
        "oneway": "no",
        "verification_status": "UNVERIFIED",
        "routable": false
      }
    },
    {
      "type": "Feature",
      "id": "osm-way-281621314-segment-015-016",
      "geometry": {
        "type": "LineString",
        "coordinates": [
          [
            126.6532344,
            37.4473242
          ],
          [
            126.6527163,
            37.4475486
          ]
        ]
      },
      "properties": {
        "osm_way_id": "281621314",
        "from_node_id": "osm-node-2643032901",
        "to_node_id": "osm-node-4741759497",
        "direction_status": "BIDIRECTIONAL_CANDIDATE",
        "oneway": "no",
        "verification_status": "UNVERIFIED",
        "routable": false
      }
    },
    {
      "type": "Feature",
      "id": "osm-way-281621314-segment-016-017",
      "geometry": {
        "type": "LineString",
        "coordinates": [
          [
            126.6527163,
            37.4475486
          ],
          [
            126.6505577,
            37.4483995
          ]
        ]
      },
      "properties": {
        "osm_way_id": "281621314",
        "from_node_id": "osm-node-4741759497",
        "to_node_id": "osm-node-11257934923",
        "direction_status": "BIDIRECTIONAL_CANDIDATE",
        "oneway": "no",
        "verification_status": "UNVERIFIED",
        "routable": false
      }
    },
    {
      "type": "Feature",
      "id": "osm-way-281621314-segment-017-019",
      "geometry": {
        "type": "LineString",
        "coordinates": [
          [
            126.6505577,
            37.4483995
          ],
          [
            126.6501311,
            37.4485677
          ],
          [
            126.6498752,
            37.4485853
          ]
        ]
      },
      "properties": {
        "osm_way_id": "281621314",
        "from_node_id": "osm-node-11257934923",
        "to_node_id": "osm-node-436836503",
        "direction_status": "BIDIRECTIONAL_CANDIDATE",
        "oneway": "no",
        "verification_status": "UNVERIFIED",
        "routable": false
      }
    },
    {
      "type": "Feature",
      "id": "osm-way-281635648-segment-000-004",
      "geometry": {
        "type": "LineString",
        "coordinates": [
          [
            126.6547975,
            37.4548057
          ],
          [
            126.6550468,
            37.4546796
          ],
          [
            126.6552213,
            37.4546098
          ],
          [
            126.6557845,
            37.4543415
          ],
          [
            126.655873,
            37.4539923
          ]
        ]
      },
      "properties": {
        "osm_way_id": "281635648",
        "from_node_id": "osm-node-2856210690",
        "to_node_id": "osm-node-2856210688",
        "direction_status": "DIRECTION_UNKNOWN",
        "oneway": null,
        "verification_status": "UNVERIFIED",
        "routable": false
      }
    },
    {
      "type": "Feature",
      "id": "osm-way-281635652-segment-000-003",
      "geometry": {
        "type": "LineString",
        "coordinates": [
          [
            126.6545444,
            37.4534584
          ],
          [
            126.6547519,
            37.4534302
          ],
          [
            126.6548913,
            37.4533514
          ],
          [
            126.6551771,
            37.4532086
          ]
        ]
      },
      "properties": {
        "osm_way_id": "281635652",
        "from_node_id": "osm-node-2856212908",
        "to_node_id": "osm-node-2856210695",
        "direction_status": "DIRECTION_UNKNOWN",
        "oneway": null,
        "verification_status": "UNVERIFIED",
        "routable": false
      }
    },
    {
      "type": "Feature",
      "id": "osm-way-281635840-segment-000-001",
      "geometry": {
        "type": "LineString",
        "coordinates": [
          [
            126.6565645,
            37.4541126
          ],
          [
            126.6567763,
            37.4536029
          ]
        ]
      },
      "properties": {
        "osm_way_id": "281635840",
        "from_node_id": "osm-node-2856212863",
        "to_node_id": "osm-node-2856212864",
        "direction_status": "DIRECTION_UNKNOWN",
        "oneway": null,
        "verification_status": "UNVERIFIED",
        "routable": false
      }
    },
    {
      "type": "Feature",
      "id": "osm-way-281636619-segment-000-005",
      "geometry": {
        "type": "LineString",
        "coordinates": [
          [
            126.6542177,
            37.4539881
          ],
          [
            126.654049,
            37.4540238
          ],
          [
            126.6539392,
            37.4540568
          ],
          [
            126.6536949,
            37.4541303
          ],
          [
            126.6535744,
            37.4541477
          ],
          [
            126.6535502,
            37.4541497
          ]
        ]
      },
      "properties": {
        "osm_way_id": "281636619",
        "from_node_id": "osm-node-2856199566",
        "to_node_id": "osm-node-2881072433",
        "direction_status": "DIRECTION_UNKNOWN",
        "oneway": null,
        "verification_status": "UNVERIFIED",
        "routable": false
      }
    },
    {
      "type": "Feature",
      "id": "osm-way-281636619-segment-005-010",
      "geometry": {
        "type": "LineString",
        "coordinates": [
          [
            126.6535502,
            37.4541497
          ],
          [
            126.6533971,
            37.4541626
          ],
          [
            126.6531694,
            37.4541818
          ],
          [
            126.6530325,
            37.4541918
          ],
          [
            126.6525283,
            37.4542286
          ],
          [
            126.6519329,
            37.4542563
          ]
        ]
      },
      "properties": {
        "osm_way_id": "281636619",
        "from_node_id": "osm-node-2881072433",
        "to_node_id": "osm-node-2856199560",
        "direction_status": "DIRECTION_UNKNOWN",
        "oneway": null,
        "verification_status": "UNVERIFIED",
        "routable": false
      }
    },
    {
      "type": "Feature",
      "id": "osm-way-281636623-segment-000-001",
      "geometry": {
        "type": "LineString",
        "coordinates": [
          [
            126.6516539,
            37.4538198
          ],
          [
            126.6531157,
            37.4532641
          ]
        ]
      },
      "properties": {
        "osm_way_id": "281636623",
        "from_node_id": "osm-node-2856199592",
        "to_node_id": "osm-node-2856199575",
        "direction_status": "DIRECTION_UNKNOWN",
        "oneway": null,
        "verification_status": "UNVERIFIED",
        "routable": false
      }
    },
    {
      "type": "Feature",
      "id": "osm-way-281636624-segment-000-007",
      "geometry": {
        "type": "LineString",
        "coordinates": [
          [
            126.6542177,
            37.4539881
          ],
          [
            126.6541268,
            37.4539514
          ],
          [
            126.6540464,
            37.4539029
          ],
          [
            126.6539176,
            37.4537917
          ],
          [
            126.6537754,
            37.4536363
          ],
          [
            126.6536735,
            37.4535468
          ],
          [
            126.6533972,
            37.4534127
          ],
          [
            126.6533409,
            37.4534191
          ]
        ]
      },
      "properties": {
        "osm_way_id": "281636624",
        "from_node_id": "osm-node-2856199566",
        "to_node_id": "osm-node-2856199588",
        "direction_status": "DIRECTION_UNKNOWN",
        "oneway": null,
        "verification_status": "UNVERIFIED",
        "routable": false
      }
    },
    {
      "type": "Feature",
      "id": "osm-way-281636624-segment-007-009",
      "geometry": {
        "type": "LineString",
        "coordinates": [
          [
            126.6533409,
            37.4534191
          ],
          [
            126.6532229,
            37.4533382
          ],
          [
            126.6531157,
            37.4532641
          ]
        ]
      },
      "properties": {
        "osm_way_id": "281636624",
        "from_node_id": "osm-node-2856199588",
        "to_node_id": "osm-node-2856199575",
        "direction_status": "DIRECTION_UNKNOWN",
        "oneway": null,
        "verification_status": "UNVERIFIED",
        "routable": false
      }
    },
    {
      "type": "Feature",
      "id": "osm-way-281636624-segment-009-010",
      "geometry": {
        "type": "LineString",
        "coordinates": [
          [
            126.6531157,
            37.4532641
          ],
          [
            126.6526903,
            37.4526442
          ]
        ]
      },
      "properties": {
        "osm_way_id": "281636624",
        "from_node_id": "osm-node-2856199575",
        "to_node_id": "osm-node-2856199591",
        "direction_status": "DIRECTION_UNKNOWN",
        "oneway": null,
        "verification_status": "UNVERIFIED",
        "routable": false
      }
    },
    {
      "type": "Feature",
      "id": "osm-way-281636883-segment-000-002",
      "geometry": {
        "type": "LineString",
        "coordinates": [
          [
            126.6514152,
            37.4534599
          ],
          [
            126.6515091,
            37.4536218
          ],
          [
            126.6515505,
            37.4536909
          ]
        ]
      },
      "properties": {
        "osm_way_id": "281636883",
        "from_node_id": "osm-node-2856218038",
        "to_node_id": "osm-node-2856218074",
        "direction_status": "DIRECTION_UNKNOWN",
        "oneway": null,
        "verification_status": "UNVERIFIED",
        "routable": false
      }
    },
    {
      "type": "Feature",
      "id": "osm-way-281636883-segment-002-003",
      "geometry": {
        "type": "LineString",
        "coordinates": [
          [
            126.6515505,
            37.4536909
          ],
          [
            126.6515926,
            37.4537434
          ]
        ]
      },
      "properties": {
        "osm_way_id": "281636883",
        "from_node_id": "osm-node-2856218074",
        "to_node_id": "osm-node-2882114718",
        "direction_status": "DIRECTION_UNKNOWN",
        "oneway": null,
        "verification_status": "UNVERIFIED",
        "routable": false
      }
    },
    {
      "type": "Feature",
      "id": "osm-way-281636883-segment-003-004",
      "geometry": {
        "type": "LineString",
        "coordinates": [
          [
            126.6515926,
            37.4537434
          ],
          [
            126.6516539,
            37.4538198
          ]
        ]
      },
      "properties": {
        "osm_way_id": "281636883",
        "from_node_id": "osm-node-2882114718",
        "to_node_id": "osm-node-2856199592",
        "direction_status": "DIRECTION_UNKNOWN",
        "oneway": null,
        "verification_status": "UNVERIFIED",
        "routable": false
      }
    },
    {
      "type": "Feature",
      "id": "osm-way-281636883-segment-004-005",
      "geometry": {
        "type": "LineString",
        "coordinates": [
          [
            126.6516539,
            37.4538198
          ],
          [
            126.6518524,
            37.454103
          ]
        ]
      },
      "properties": {
        "osm_way_id": "281636883",
        "from_node_id": "osm-node-2856199592",
        "to_node_id": "osm-node-2856218068",
        "direction_status": "DIRECTION_UNKNOWN",
        "oneway": null,
        "verification_status": "UNVERIFIED",
        "routable": false
      }
    },
    {
      "type": "Feature",
      "id": "osm-way-281636883-segment-005-006",
      "geometry": {
        "type": "LineString",
        "coordinates": [
          [
            126.6518524,
            37.454103
          ],
          [
            126.6519329,
            37.4542563
          ]
        ]
      },
      "properties": {
        "osm_way_id": "281636883",
        "from_node_id": "osm-node-2856218068",
        "to_node_id": "osm-node-2856199560",
        "direction_status": "DIRECTION_UNKNOWN",
        "oneway": null,
        "verification_status": "UNVERIFIED",
        "routable": false
      }
    },
    {
      "type": "Feature",
      "id": "osm-way-281636885-segment-000-010",
      "geometry": {
        "type": "LineString",
        "coordinates": [
          [
            126.6515505,
            37.4536909
          ],
          [
            126.6514072,
            37.4537538
          ],
          [
            126.651273,
            37.4538198
          ],
          [
            126.6510905,
            37.4538918
          ],
          [
            126.6510236,
            37.4539071
          ],
          [
            126.6508008,
            37.4539195
          ],
          [
            126.6507123,
            37.4539003
          ],
          [
            126.6505033,
            37.4539901
          ],
          [
            126.6503663,
            37.4540792
          ],
          [
            126.6502671,
            37.4540855
          ],
          [
            126.6502216,
            37.4540902
          ]
        ]
      },
      "properties": {
        "osm_way_id": "281636885",
        "from_node_id": "osm-node-2856218074",
        "to_node_id": "osm-node-2856218081",
        "direction_status": "DIRECTION_UNKNOWN",
        "oneway": null,
        "verification_status": "UNVERIFIED",
        "routable": false
      }
    },
    {
      "type": "Feature",
      "id": "osm-way-281636887-segment-000-002",
      "geometry": {
        "type": "LineString",
        "coordinates": [
          [
            126.6521661,
            37.4525501
          ],
          [
            126.6517827,
            37.4526977
          ],
          [
            126.6511041,
            37.4529766
          ]
        ]
      },
      "properties": {
        "osm_way_id": "281636887",
        "from_node_id": "osm-node-2856218070",
        "to_node_id": "osm-node-2856218037",
        "direction_status": "DIRECTION_UNKNOWN",
        "oneway": null,
        "verification_status": "UNVERIFIED",
        "routable": false
      }
    },
    {
      "type": "Feature",
      "id": "osm-way-281636887-segment-002-003",
      "geometry": {
        "type": "LineString",
        "coordinates": [
          [
            126.6511041,
            37.4529766
          ],
          [
            126.6507951,
            37.4531063
          ]
        ]
      },
      "properties": {
        "osm_way_id": "281636887",
        "from_node_id": "osm-node-2856218037",
        "to_node_id": "osm-node-2881072419",
        "direction_status": "DIRECTION_UNKNOWN",
        "oneway": null,
        "verification_status": "UNVERIFIED",
        "routable": false
      }
    },
    {
      "type": "Feature",
      "id": "osm-way-281636887-segment-003-004",
      "geometry": {
        "type": "LineString",
        "coordinates": [
          [
            126.6507951,
            37.4531063
          ],
          [
            126.6498461,
            37.4535047
          ]
        ]
      },
      "properties": {
        "osm_way_id": "281636887",
        "from_node_id": "osm-node-2881072419",
        "to_node_id": "osm-node-2856218044",
        "direction_status": "DIRECTION_UNKNOWN",
        "oneway": null,
        "verification_status": "UNVERIFIED",
        "routable": false
      }
    },
    {
      "type": "Feature",
      "id": "osm-way-281636887-segment-004-005",
      "geometry": {
        "type": "LineString",
        "coordinates": [
          [
            126.6498461,
            37.4535047
          ],
          [
            126.6496323,
            37.4535939
          ]
        ]
      },
      "properties": {
        "osm_way_id": "281636887",
        "from_node_id": "osm-node-2856218044",
        "to_node_id": "osm-node-2881072442",
        "direction_status": "DIRECTION_UNKNOWN",
        "oneway": null,
        "verification_status": "UNVERIFIED",
        "routable": false
      }
    },
    {
      "type": "Feature",
      "id": "osm-way-281636887-segment-005-006",
      "geometry": {
        "type": "LineString",
        "coordinates": [
          [
            126.6496323,
            37.4535939
          ],
          [
            126.6486432,
            37.4540095
          ]
        ]
      },
      "properties": {
        "osm_way_id": "281636887",
        "from_node_id": "osm-node-2881072442",
        "to_node_id": "osm-node-2879019540",
        "direction_status": "DIRECTION_UNKNOWN",
        "oneway": null,
        "verification_status": "UNVERIFIED",
        "routable": false
      }
    },
    {
      "type": "Feature",
      "id": "osm-way-281636888-segment-000-002",
      "geometry": {
        "type": "LineString",
        "coordinates": [
          [
            126.6498461,
            37.4535047
          ],
          [
            126.6502055,
            37.4540264
          ],
          [
            126.6502216,
            37.4540902
          ]
        ]
      },
      "properties": {
        "osm_way_id": "281636888",
        "from_node_id": "osm-node-2856218044",
        "to_node_id": "osm-node-2856218081",
        "direction_status": "DIRECTION_UNKNOWN",
        "oneway": null,
        "verification_status": "UNVERIFIED",
        "routable": false
      }
    },
    {
      "type": "Feature",
      "id": "osm-way-281636888-segment-002-019",
      "geometry": {
        "type": "LineString",
        "coordinates": [
          [
            126.6502216,
            37.4540902
          ],
          [
            126.6502109,
            37.4541498
          ],
          [
            126.650176,
            37.4543308
          ],
          [
            126.6501814,
            37.4543606
          ],
          [
            126.6502431,
            37.454499
          ],
          [
            126.6502484,
            37.4545459
          ],
          [
            126.6502458,
            37.4545885
          ],
          [
            126.6502338,
            37.4546205
          ],
          [
            126.6502243,
            37.454646
          ],
          [
            126.650227,
            37.4546928
          ],
          [
            126.6502297,
            37.4547396
          ],
          [
            126.6502404,
            37.4549334
          ],
          [
            126.650227,
            37.4551336
          ],
          [
            126.6501947,
            37.4552076
          ],
          [
            126.6501331,
            37.4552783
          ],
          [
            126.6499051,
            37.4554721
          ],
          [
            126.6497951,
            37.4555637
          ],
          [
            126.6496634,
            37.4556453
          ]
        ]
      },
      "properties": {
        "osm_way_id": "281636888",
        "from_node_id": "osm-node-2856218081",
        "to_node_id": "osm-node-2856218036",
        "direction_status": "DIRECTION_UNKNOWN",
        "oneway": null,
        "verification_status": "UNVERIFIED",
        "routable": false
      }
    },
    {
      "type": "Feature",
      "id": "osm-way-283879195-segment-000-008",
      "geometry": {
        "type": "LineString",
        "coordinates": [
          [
            126.6571541,
            37.4542598
          ],
          [
            126.6571739,
            37.4542243
          ],
          [
            126.6573187,
            37.4540795
          ],
          [
            126.6573375,
            37.4540731
          ],
          [
            126.6574609,
            37.4540604
          ],
          [
            126.6575145,
            37.4540497
          ],
          [
            126.6577148,
            37.4539886
          ],
          [
            126.6577942,
            37.4539574
          ],
          [
            126.6579119,
            37.4538829
          ]
        ]
      },
      "properties": {
        "osm_way_id": "283879195",
        "from_node_id": "osm-node-2876922893",
        "to_node_id": "osm-node-2876922894",
        "direction_status": "DIRECTION_UNKNOWN",
        "oneway": null,
        "verification_status": "UNVERIFIED",
        "routable": false
      }
    },
    {
      "type": "Feature",
      "id": "osm-way-284008454-segment-000-002",
      "geometry": {
        "type": "LineString",
        "coordinates": [
          [
            126.6583478,
            37.4507712
          ],
          [
            126.6584834,
            37.4510909
          ],
          [
            126.6585997,
            37.4513649
          ]
        ]
      },
      "properties": {
        "osm_way_id": "284008454",
        "from_node_id": "osm-node-2877961305",
        "to_node_id": "osm-node-2877961307",
        "direction_status": "DIRECTION_UNKNOWN",
        "oneway": null,
        "verification_status": "UNVERIFIED",
        "routable": false
      }
    },
    {
      "type": "Feature",
      "id": "osm-way-284010488-segment-000-002",
      "geometry": {
        "type": "LineString",
        "coordinates": [
          [
            126.6579196,
            37.446352
          ],
          [
            126.6577759,
            37.4461215
          ],
          [
            126.6574972,
            37.4456746
          ]
        ]
      },
      "properties": {
        "osm_way_id": "284010488",
        "from_node_id": "osm-node-2877970942",
        "to_node_id": "osm-node-2877970943",
        "direction_status": "DIRECTION_UNKNOWN",
        "oneway": null,
        "verification_status": "UNVERIFIED",
        "routable": false
      }
    },
    {
      "type": "Feature",
      "id": "osm-way-284366927-segment-000-001",
      "geometry": {
        "type": "LineString",
        "coordinates": [
          [
            126.6496323,
            37.4535939
          ],
          [
            126.6493425,
            37.4531718
          ]
        ]
      },
      "properties": {
        "osm_way_id": "284366927",
        "from_node_id": "osm-node-2881072442",
        "to_node_id": "osm-node-2881072437",
        "direction_status": "DIRECTION_UNKNOWN",
        "oneway": null,
        "verification_status": "UNVERIFIED",
        "routable": false
      }
    },
    {
      "type": "Feature",
      "id": "osm-way-284366927-segment-001-002",
      "geometry": {
        "type": "LineString",
        "coordinates": [
          [
            126.6493425,
            37.4531718
          ],
          [
            126.6492062,
            37.4529733
          ]
        ]
      },
      "properties": {
        "osm_way_id": "284366927",
        "from_node_id": "osm-node-2881072437",
        "to_node_id": "osm-node-2881072425",
        "direction_status": "DIRECTION_UNKNOWN",
        "oneway": null,
        "verification_status": "UNVERIFIED",
        "routable": false
      }
    },
    {
      "type": "Feature",
      "id": "osm-way-284366928-segment-000-004",
      "geometry": {
        "type": "LineString",
        "coordinates": [
          [
            126.6535502,
            37.4541497
          ],
          [
            126.6534886,
            37.4540015
          ],
          [
            126.653459,
            37.4538709
          ],
          [
            126.6534082,
            37.4536012
          ],
          [
            126.6533791,
            37.4535226
          ]
        ]
      },
      "properties": {
        "osm_way_id": "284366928",
        "from_node_id": "osm-node-2881072433",
        "to_node_id": "osm-node-6848997561",
        "direction_status": "DIRECTION_UNKNOWN",
        "oneway": null,
        "verification_status": "UNVERIFIED",
        "routable": false
      }
    },
    {
      "type": "Feature",
      "id": "osm-way-284366928-segment-004-005",
      "geometry": {
        "type": "LineString",
        "coordinates": [
          [
            126.6533791,
            37.4535226
          ],
          [
            126.6533409,
            37.4534191
          ]
        ]
      },
      "properties": {
        "osm_way_id": "284366928",
        "from_node_id": "osm-node-6848997561",
        "to_node_id": "osm-node-2856199588",
        "direction_status": "DIRECTION_UNKNOWN",
        "oneway": null,
        "verification_status": "UNVERIFIED",
        "routable": false
      }
    },
    {
      "type": "Feature",
      "id": "osm-way-284366930-segment-000-002",
      "geometry": {
        "type": "LineString",
        "coordinates": [
          [
            126.6485915,
            37.4532487
          ],
          [
            126.6484969,
            37.4531022
          ],
          [
            126.6480814,
            37.4524009
          ]
        ]
      },
      "properties": {
        "osm_way_id": "284366930",
        "from_node_id": "osm-node-2881072427",
        "to_node_id": "osm-node-2881072426",
        "direction_status": "DIRECTION_UNKNOWN",
        "oneway": null,
        "verification_status": "UNVERIFIED",
        "routable": false
      }
    },
    {
      "type": "Feature",
      "id": "osm-way-284366931-segment-000-001",
      "geometry": {
        "type": "LineString",
        "coordinates": [
          [
            126.6488564,
            37.4531369
          ],
          [
            126.6483647,
            37.4523447
          ]
        ]
      },
      "properties": {
        "osm_way_id": "284366931",
        "from_node_id": "osm-node-2881072450",
        "to_node_id": "osm-node-2881072435",
        "direction_status": "DIRECTION_UNKNOWN",
        "oneway": null,
        "verification_status": "UNVERIFIED",
        "routable": false
      }
    },
    {
      "type": "Feature",
      "id": "osm-way-284366932-segment-000-001",
      "geometry": {
        "type": "LineString",
        "coordinates": [
          [
            126.6482567,
            37.4533899
          ],
          [
            126.6485915,
            37.4532487
          ]
        ]
      },
      "properties": {
        "osm_way_id": "284366932",
        "from_node_id": "osm-node-2881072424",
        "to_node_id": "osm-node-2881072427",
        "direction_status": "DIRECTION_UNKNOWN",
        "oneway": null,
        "verification_status": "UNVERIFIED",
        "routable": false
      }
    },
    {
      "type": "Feature",
      "id": "osm-way-284366932-segment-001-002",
      "geometry": {
        "type": "LineString",
        "coordinates": [
          [
            126.6485915,
            37.4532487
          ],
          [
            126.6488564,
            37.4531369
          ]
        ]
      },
      "properties": {
        "osm_way_id": "284366932",
        "from_node_id": "osm-node-2881072427",
        "to_node_id": "osm-node-2881072450",
        "direction_status": "DIRECTION_UNKNOWN",
        "oneway": null,
        "verification_status": "UNVERIFIED",
        "routable": false
      }
    },
    {
      "type": "Feature",
      "id": "osm-way-284366932-segment-002-004",
      "geometry": {
        "type": "LineString",
        "coordinates": [
          [
            126.6488564,
            37.4531369
          ],
          [
            126.6491752,
            37.4530023
          ],
          [
            126.6492062,
            37.4529733
          ]
        ]
      },
      "properties": {
        "osm_way_id": "284366932",
        "from_node_id": "osm-node-2881072450",
        "to_node_id": "osm-node-2881072425",
        "direction_status": "DIRECTION_UNKNOWN",
        "oneway": null,
        "verification_status": "UNVERIFIED",
        "routable": false
      }
    },
    {
      "type": "Feature",
      "id": "osm-way-284366933-segment-000-004",
      "geometry": {
        "type": "LineString",
        "coordinates": [
          [
            126.6546154,
            37.4543939
          ],
          [
            126.6543683,
            37.4542605
          ],
          [
            126.6543361,
            37.4542371
          ],
          [
            126.6543119,
            37.4541988
          ],
          [
            126.6542821,
            37.45398
          ]
        ]
      },
      "properties": {
        "osm_way_id": "284366933",
        "from_node_id": "osm-node-2881072421",
        "to_node_id": "osm-node-2881072428",
        "direction_status": "DIRECTION_UNKNOWN",
        "oneway": null,
        "verification_status": "UNVERIFIED",
        "routable": false
      }
    },
    {
      "type": "Feature",
      "id": "osm-way-284366934-segment-000-004",
      "geometry": {
        "type": "LineString",
        "coordinates": [
          [
            126.6493425,
            37.4531718
          ],
          [
            126.6497121,
            37.4530561
          ],
          [
            126.6500071,
            37.4529645
          ],
          [
            126.6500955,
            37.4529425
          ],
          [
            126.6505676,
            37.4527594
          ]
        ]
      },
      "properties": {
        "osm_way_id": "284366934",
        "from_node_id": "osm-node-2881072437",
        "to_node_id": "osm-node-2881072415",
        "direction_status": "DIRECTION_UNKNOWN",
        "oneway": null,
        "verification_status": "UNVERIFIED",
        "routable": false
      }
    },
    {
      "type": "Feature",
      "id": "osm-way-284366935-segment-000-002",
      "geometry": {
        "type": "LineString",
        "coordinates": [
          [
            126.6507951,
            37.4531063
          ],
          [
            126.6507473,
            37.4530277
          ],
          [
            126.6505676,
            37.4527594
          ]
        ]
      },
      "properties": {
        "osm_way_id": "284366935",
        "from_node_id": "osm-node-2881072419",
        "to_node_id": "osm-node-2881072415",
        "direction_status": "DIRECTION_UNKNOWN",
        "oneway": null,
        "verification_status": "UNVERIFIED",
        "routable": false
      }
    },
    {
      "type": "Feature",
      "id": "osm-way-284366935-segment-002-003",
      "geometry": {
        "type": "LineString",
        "coordinates": [
          [
            126.6505676,
            37.4527594
          ],
          [
            126.6502727,
            37.4523408
          ]
        ]
      },
      "properties": {
        "osm_way_id": "284366935",
        "from_node_id": "osm-node-2881072415",
        "to_node_id": "osm-node-2881072448",
        "direction_status": "DIRECTION_UNKNOWN",
        "oneway": null,
        "verification_status": "UNVERIFIED",
        "routable": false
      }
    },
    {
      "type": "Feature",
      "id": "osm-way-284367128-segment-000-001",
      "geometry": {
        "type": "LineString",
        "coordinates": [
          [
            126.6548345,
            37.4527502
          ],
          [
            126.655,
            37.4523214
          ]
        ]
      },
      "properties": {
        "osm_way_id": "284367128",
        "from_node_id": "osm-node-2881076905",
        "to_node_id": "osm-node-2445317859",
        "direction_status": "DIRECTION_UNKNOWN",
        "oneway": null,
        "verification_status": "UNVERIFIED",
        "routable": false
      }
    },
    {
      "type": "Feature",
      "id": "osm-way-284973519-segment-000-001",
      "geometry": {
        "type": "LineString",
        "coordinates": [
          [
            126.6503727,
            37.4464912
          ],
          [
            126.6501438,
            37.4464671
          ]
        ]
      },
      "properties": {
        "osm_way_id": "284973519",
        "from_node_id": "osm-node-2886789154",
        "to_node_id": "osm-node-2886789150",
        "direction_status": "DIRECTION_UNKNOWN",
        "oneway": null,
        "verification_status": "UNVERIFIED",
        "routable": false
      }
    },
    {
      "type": "Feature",
      "id": "osm-way-284973520-segment-000-004",
      "geometry": {
        "type": "LineString",
        "coordinates": [
          [
            126.6515225,
            37.4463159
          ],
          [
            126.6506025,
            37.4462754
          ],
          [
            126.6505247,
            37.4462903
          ],
          [
            126.6504523,
            37.4463159
          ],
          [
            126.6503957,
            37.4463706
          ]
        ]
      },
      "properties": {
        "osm_way_id": "284973520",
        "from_node_id": "osm-node-2886789160",
        "to_node_id": "osm-node-2886789147",
        "direction_status": "DIRECTION_UNKNOWN",
        "oneway": null,
        "verification_status": "UNVERIFIED",
        "routable": false
      }
    },
    {
      "type": "Feature",
      "id": "osm-way-284973522-segment-000-004",
      "geometry": {
        "type": "LineString",
        "coordinates": [
          [
            126.6494894,
            37.4470165
          ],
          [
            126.6497522,
            37.4469015
          ],
          [
            126.6500043,
            37.4468035
          ],
          [
            126.6500741,
            37.4467759
          ],
          [
            126.6501438,
            37.4464671
          ]
        ]
      },
      "properties": {
        "osm_way_id": "284973522",
        "from_node_id": "osm-node-2886789174",
        "to_node_id": "osm-node-2886789150",
        "direction_status": "DIRECTION_UNKNOWN",
        "oneway": null,
        "verification_status": "UNVERIFIED",
        "routable": false
      }
    },
    {
      "type": "Feature",
      "id": "osm-way-284973522-segment-004-005",
      "geometry": {
        "type": "LineString",
        "coordinates": [
          [
            126.6501438,
            37.4464671
          ],
          [
            126.6501975,
            37.4461775
          ]
        ]
      },
      "properties": {
        "osm_way_id": "284973522",
        "from_node_id": "osm-node-2886789150",
        "to_node_id": "osm-node-2886789148",
        "direction_status": "DIRECTION_UNKNOWN",
        "oneway": null,
        "verification_status": "UNVERIFIED",
        "routable": false
      }
    },
    {
      "type": "Feature",
      "id": "osm-way-471689462-segment-000-004",
      "geometry": {
        "type": "LineString",
        "coordinates": [
          [
            126.6466761,
            37.4466096
          ],
          [
            126.6462769,
            37.447839
          ],
          [
            126.6478585,
            37.4481892
          ],
          [
            126.6488203,
            37.4484021
          ],
          [
            126.6494694,
            37.4485379
          ]
        ]
      },
      "properties": {
        "osm_way_id": "471689462",
        "from_node_id": "osm-node-4658502132",
        "to_node_id": "osm-node-11257934931",
        "direction_status": "DIRECTION_UNKNOWN",
        "oneway": null,
        "verification_status": "UNVERIFIED",
        "routable": false
      }
    },
    {
      "type": "Feature",
      "id": "osm-way-471689462-segment-004-006",
      "geometry": {
        "type": "LineString",
        "coordinates": [
          [
            126.6494694,
            37.4485379
          ],
          [
            126.6496828,
            37.4485825
          ],
          [
            126.6498752,
            37.4485853
          ]
        ]
      },
      "properties": {
        "osm_way_id": "471689462",
        "from_node_id": "osm-node-11257934931",
        "to_node_id": "osm-node-436836503",
        "direction_status": "DIRECTION_UNKNOWN",
        "oneway": null,
        "verification_status": "UNVERIFIED",
        "routable": false
      }
    },
    {
      "type": "Feature",
      "id": "osm-way-481241657-segment-000-002",
      "geometry": {
        "type": "LineString",
        "coordinates": [
          [
            126.6533746,
            37.4479326
          ],
          [
            126.6532669,
            37.447981
          ],
          [
            126.653599,
            37.4485071
          ]
        ]
      },
      "properties": {
        "osm_way_id": "481241657",
        "from_node_id": "osm-node-2643032904",
        "to_node_id": "osm-node-4741759505",
        "direction_status": "DIRECTION_UNKNOWN",
        "oneway": null,
        "verification_status": "UNVERIFIED",
        "routable": false
      }
    },
    {
      "type": "Feature",
      "id": "osm-way-481241657-segment-002-003",
      "geometry": {
        "type": "LineString",
        "coordinates": [
          [
            126.653599,
            37.4485071
          ],
          [
            126.6540219,
            37.4490993
          ]
        ]
      },
      "properties": {
        "osm_way_id": "481241657",
        "from_node_id": "osm-node-4741759505",
        "to_node_id": "osm-node-2643032908",
        "direction_status": "DIRECTION_UNKNOWN",
        "oneway": null,
        "verification_status": "UNVERIFIED",
        "routable": false
      }
    },
    {
      "type": "Feature",
      "id": "osm-way-481241658-segment-000-002",
      "geometry": {
        "type": "LineString",
        "coordinates": [
          [
            126.6532344,
            37.4473242
          ],
          [
            126.6531798,
            37.4475546
          ],
          [
            126.6532817,
            37.4477196
          ]
        ]
      },
      "properties": {
        "osm_way_id": "481241658",
        "from_node_id": "osm-node-2643032901",
        "to_node_id": "osm-node-4741759434",
        "direction_status": "DIRECTION_UNKNOWN",
        "oneway": null,
        "verification_status": "UNVERIFIED",
        "routable": false
      }
    },
    {
      "type": "Feature",
      "id": "osm-way-481241658-segment-002-006",
      "geometry": {
        "type": "LineString",
        "coordinates": [
          [
            126.6532817,
            37.4477196
          ],
          [
            126.6535204,
            37.447743
          ],
          [
            126.6544898,
            37.4477788
          ],
          [
            126.6545433,
            37.4478088
          ],
          [
            126.6546858,
            37.4480616
          ]
        ]
      },
      "properties": {
        "osm_way_id": "481241658",
        "from_node_id": "osm-node-4741759434",
        "to_node_id": "osm-node-4741759438",
        "direction_status": "DIRECTION_UNKNOWN",
        "oneway": null,
        "verification_status": "UNVERIFIED",
        "routable": false
      }
    },
    {
      "type": "Feature",
      "id": "osm-way-481241658-segment-006-007",
      "geometry": {
        "type": "LineString",
        "coordinates": [
          [
            126.6546858,
            37.4480616
          ],
          [
            126.6551815,
            37.4487502
          ]
        ]
      },
      "properties": {
        "osm_way_id": "481241658",
        "from_node_id": "osm-node-4741759438",
        "to_node_id": "osm-node-4741759508",
        "direction_status": "DIRECTION_UNKNOWN",
        "oneway": null,
        "verification_status": "UNVERIFIED",
        "routable": false
      }
    },
    {
      "type": "Feature",
      "id": "osm-way-481241658-segment-007-008",
      "geometry": {
        "type": "LineString",
        "coordinates": [
          [
            126.6551815,
            37.4487502
          ],
          [
            126.6552095,
            37.4487903
          ]
        ]
      },
      "properties": {
        "osm_way_id": "481241658",
        "from_node_id": "osm-node-4741759508",
        "to_node_id": "osm-node-4741759507",
        "direction_status": "DIRECTION_UNKNOWN",
        "oneway": null,
        "verification_status": "UNVERIFIED",
        "routable": false
      }
    },
    {
      "type": "Feature",
      "id": "osm-way-481241658-segment-008-009",
      "geometry": {
        "type": "LineString",
        "coordinates": [
          [
            126.6552095,
            37.4487903
          ],
          [
            126.6555442,
            37.4492969
          ]
        ]
      },
      "properties": {
        "osm_way_id": "481241658",
        "from_node_id": "osm-node-4741759507",
        "to_node_id": "osm-node-4741759439",
        "direction_status": "DIRECTION_UNKNOWN",
        "oneway": null,
        "verification_status": "UNVERIFIED",
        "routable": false
      }
    },
    {
      "type": "Feature",
      "id": "osm-way-481241659-segment-000-001",
      "geometry": {
        "type": "LineString",
        "coordinates": [
          [
            126.6538798,
            37.4484186
          ],
          [
            126.6546858,
            37.4480616
          ]
        ]
      },
      "properties": {
        "osm_way_id": "481241659",
        "from_node_id": "osm-node-4741759440",
        "to_node_id": "osm-node-4741759438",
        "direction_status": "DIRECTION_UNKNOWN",
        "oneway": null,
        "verification_status": "UNVERIFIED",
        "routable": false
      }
    },
    {
      "type": "Feature",
      "id": "osm-way-481241659-segment-001-002",
      "geometry": {
        "type": "LineString",
        "coordinates": [
          [
            126.6546858,
            37.4480616
          ],
          [
            126.6550435,
            37.447939
          ]
        ]
      },
      "properties": {
        "osm_way_id": "481241659",
        "from_node_id": "osm-node-4741759438",
        "to_node_id": "osm-node-2276360845",
        "direction_status": "DIRECTION_UNKNOWN",
        "oneway": null,
        "verification_status": "UNVERIFIED",
        "routable": false
      }
    },
    {
      "type": "Feature",
      "id": "osm-way-481241660-segment-000-001",
      "geometry": {
        "type": "LineString",
        "coordinates": [
          [
            126.655379,
            37.4472182
          ],
          [
            126.6547292,
            37.4474328
          ]
        ]
      },
      "properties": {
        "osm_way_id": "481241660",
        "from_node_id": "osm-node-4741759441",
        "to_node_id": "osm-node-4741759442",
        "direction_status": "DIRECTION_UNKNOWN",
        "oneway": null,
        "verification_status": "UNVERIFIED",
        "routable": false
      }
    },
    {
      "type": "Feature",
      "id": "osm-way-481241660-segment-001-006",
      "geometry": {
        "type": "LineString",
        "coordinates": [
          [
            126.6547292,
            37.4474328
          ],
          [
            126.6542396,
            37.4476053
          ],
          [
            126.6542128,
            37.4476021
          ],
          [
            126.6541229,
            37.4475153
          ],
          [
            126.654129,
            37.4475009
          ],
          [
            126.6546486,
            37.4472949
          ]
        ]
      },
      "properties": {
        "osm_way_id": "481241660",
        "from_node_id": "osm-node-4741759442",
        "to_node_id": "osm-node-4741759443",
        "direction_status": "DIRECTION_UNKNOWN",
        "oneway": null,
        "verification_status": "UNVERIFIED",
        "routable": false
      }
    },
    {
      "type": "Feature",
      "id": "osm-way-481241661-segment-000-001",
      "geometry": {
        "type": "LineString",
        "coordinates": [
          [
            126.6546486,
            37.4472949
          ],
          [
            126.6547292,
            37.4474328
          ]
        ]
      },
      "properties": {
        "osm_way_id": "481241661",
        "from_node_id": "osm-node-4741759443",
        "to_node_id": "osm-node-4741759442",
        "direction_status": "DIRECTION_UNKNOWN",
        "oneway": null,
        "verification_status": "UNVERIFIED",
        "routable": false
      }
    },
    {
      "type": "Feature",
      "id": "osm-way-481241661-segment-001-002",
      "geometry": {
        "type": "LineString",
        "coordinates": [
          [
            126.6547292,
            37.4474328
          ],
          [
            126.6550435,
            37.447939
          ]
        ]
      },
      "properties": {
        "osm_way_id": "481241661",
        "from_node_id": "osm-node-4741759442",
        "to_node_id": "osm-node-2276360845",
        "direction_status": "DIRECTION_UNKNOWN",
        "oneway": null,
        "verification_status": "UNVERIFIED",
        "routable": false
      }
    },
    {
      "type": "Feature",
      "id": "osm-way-481241661-segment-002-003",
      "geometry": {
        "type": "LineString",
        "coordinates": [
          [
            126.6550435,
            37.447939
          ],
          [
            126.6555227,
            37.4486497
          ]
        ]
      },
      "properties": {
        "osm_way_id": "481241661",
        "from_node_id": "osm-node-2276360845",
        "to_node_id": "osm-node-10058460594",
        "direction_status": "DIRECTION_UNKNOWN",
        "oneway": null,
        "verification_status": "UNVERIFIED",
        "routable": false
      }
    },
    {
      "type": "Feature",
      "id": "osm-way-481241661-segment-003-004",
      "geometry": {
        "type": "LineString",
        "coordinates": [
          [
            126.6555227,
            37.4486497
          ],
          [
            126.6558984,
            37.4491737
          ]
        ]
      },
      "properties": {
        "osm_way_id": "481241661",
        "from_node_id": "osm-node-10058460594",
        "to_node_id": "osm-node-4741759444",
        "direction_status": "DIRECTION_UNKNOWN",
        "oneway": null,
        "verification_status": "UNVERIFIED",
        "routable": false
      }
    },
    {
      "type": "Feature",
      "id": "osm-way-481241662-segment-000-001",
      "geometry": {
        "type": "LineString",
        "coordinates": [
          [
            126.6502519,
            37.4513896
          ],
          [
            126.6513249,
            37.4509655
          ]
        ]
      },
      "properties": {
        "osm_way_id": "481241662",
        "from_node_id": "osm-node-4741759445",
        "to_node_id": "osm-node-10058484932",
        "direction_status": "DIRECTION_UNKNOWN",
        "oneway": null,
        "verification_status": "UNVERIFIED",
        "routable": false
      }
    },
    {
      "type": "Feature",
      "id": "osm-way-481241662-segment-001-003",
      "geometry": {
        "type": "LineString",
        "coordinates": [
          [
            126.6513249,
            37.4509655
          ],
          [
            126.651659,
            37.4508581
          ],
          [
            126.6523204,
            37.4505968
          ]
        ]
      },
      "properties": {
        "osm_way_id": "481241662",
        "from_node_id": "osm-node-10058484932",
        "to_node_id": "osm-node-4741759483",
        "direction_status": "DIRECTION_UNKNOWN",
        "oneway": null,
        "verification_status": "UNVERIFIED",
        "routable": false
      }
    },
    {
      "type": "Feature",
      "id": "osm-way-481241662-segment-003-004",
      "geometry": {
        "type": "LineString",
        "coordinates": [
          [
            126.6523204,
            37.4505968
          ],
          [
            126.6527628,
            37.450422
          ]
        ]
      },
      "properties": {
        "osm_way_id": "481241662",
        "from_node_id": "osm-node-4741759483",
        "to_node_id": "osm-node-4741759490",
        "direction_status": "DIRECTION_UNKNOWN",
        "oneway": null,
        "verification_status": "UNVERIFIED",
        "routable": false
      }
    },
    {
      "type": "Feature",
      "id": "osm-way-481241662-segment-004-005",
      "geometry": {
        "type": "LineString",
        "coordinates": [
          [
            126.6527628,
            37.450422
          ],
          [
            126.6528736,
            37.4503783
          ]
        ]
      },
      "properties": {
        "osm_way_id": "481241662",
        "from_node_id": "osm-node-4741759490",
        "to_node_id": "osm-node-4741759482",
        "direction_status": "DIRECTION_UNKNOWN",
        "oneway": null,
        "verification_status": "UNVERIFIED",
        "routable": false
      }
    },
    {
      "type": "Feature",
      "id": "osm-way-481241662-segment-005-006",
      "geometry": {
        "type": "LineString",
        "coordinates": [
          [
            126.6528736,
            37.4503783
          ],
          [
            126.653454,
            37.450164
          ]
        ]
      },
      "properties": {
        "osm_way_id": "481241662",
        "from_node_id": "osm-node-4741759482",
        "to_node_id": "osm-node-10058120935",
        "direction_status": "DIRECTION_UNKNOWN",
        "oneway": null,
        "verification_status": "UNVERIFIED",
        "routable": false
      }
    },
    {
      "type": "Feature",
      "id": "osm-way-481241662-segment-006-007",
      "geometry": {
        "type": "LineString",
        "coordinates": [
          [
            126.653454,
            37.450164
          ],
          [
            126.653543,
            37.4501295
          ]
        ]
      },
      "properties": {
        "osm_way_id": "481241662",
        "from_node_id": "osm-node-10058120935",
        "to_node_id": "osm-node-4741759446",
        "direction_status": "DIRECTION_UNKNOWN",
        "oneway": null,
        "verification_status": "UNVERIFIED",
        "routable": false
      }
    },
    {
      "type": "Feature",
      "id": "osm-way-481241662-segment-007-008",
      "geometry": {
        "type": "LineString",
        "coordinates": [
          [
            126.653543,
            37.4501295
          ],
          [
            126.6536329,
            37.4500791
          ]
        ]
      },
      "properties": {
        "osm_way_id": "481241662",
        "from_node_id": "osm-node-4741759446",
        "to_node_id": "osm-node-4741759498",
        "direction_status": "DIRECTION_UNKNOWN",
        "oneway": null,
        "verification_status": "UNVERIFIED",
        "routable": false
      }
    },
    {
      "type": "Feature",
      "id": "osm-way-481241662-segment-008-009",
      "geometry": {
        "type": "LineString",
        "coordinates": [
          [
            126.6536329,
            37.4500791
          ],
          [
            126.6536596,
            37.4500696
          ]
        ]
      },
      "properties": {
        "osm_way_id": "481241662",
        "from_node_id": "osm-node-4741759498",
        "to_node_id": "osm-node-4741759447",
        "direction_status": "DIRECTION_UNKNOWN",
        "oneway": null,
        "verification_status": "UNVERIFIED",
        "routable": false
      }
    },
    {
      "type": "Feature",
      "id": "osm-way-481241662-segment-009-010",
      "geometry": {
        "type": "LineString",
        "coordinates": [
          [
            126.6536596,
            37.4500696
          ],
          [
            126.6545112,
            37.4497409
          ]
        ]
      },
      "properties": {
        "osm_way_id": "481241662",
        "from_node_id": "osm-node-4741759447",
        "to_node_id": "osm-node-4741759511",
        "direction_status": "DIRECTION_UNKNOWN",
        "oneway": null,
        "verification_status": "UNVERIFIED",
        "routable": false
      }
    },
    {
      "type": "Feature",
      "id": "osm-way-481241663-segment-000-002",
      "geometry": {
        "type": "LineString",
        "coordinates": [
          [
            126.6558984,
            37.4491737
          ],
          [
            126.6562594,
            37.4497847
          ],
          [
            126.6564605,
            37.4501252
          ]
        ]
      },
      "properties": {
        "osm_way_id": "481241663",
        "from_node_id": "osm-node-4741759444",
        "to_node_id": "osm-node-4741759449",
        "direction_status": "DIRECTION_UNKNOWN",
        "oneway": null,
        "verification_status": "UNVERIFIED",
        "routable": false
      }
    },
    {
      "type": "Feature",
      "id": "osm-way-481241663-segment-002-003",
      "geometry": {
        "type": "LineString",
        "coordinates": [
          [
            126.6564605,
            37.4501252
          ],
          [
            126.6564949,
            37.4510135
          ]
        ]
      },
      "properties": {
        "osm_way_id": "481241663",
        "from_node_id": "osm-node-4741759449",
        "to_node_id": "osm-node-4741759450",
        "direction_status": "DIRECTION_UNKNOWN",
        "oneway": null,
        "verification_status": "UNVERIFIED",
        "routable": false
      }
    },
    {
      "type": "Feature",
      "id": "osm-way-481241664-segment-000-002",
      "geometry": {
        "type": "LineString",
        "coordinates": [
          [
            126.6554416,
            37.4493495
          ],
          [
            126.65541,
            37.4494074
          ],
          [
            126.65544,
            37.4496945
          ]
        ]
      },
      "properties": {
        "osm_way_id": "481241664",
        "from_node_id": "osm-node-4741759451",
        "to_node_id": "osm-node-4741759453",
        "direction_status": "DIRECTION_UNKNOWN",
        "oneway": null,
        "verification_status": "UNVERIFIED",
        "routable": false
      }
    },
    {
      "type": "Feature",
      "id": "osm-way-481241665-segment-000-001",
      "geometry": {
        "type": "LineString",
        "coordinates": [
          [
            126.6541191,
            37.4502665
          ],
          [
            126.6536596,
            37.4500696
          ]
        ]
      },
      "properties": {
        "osm_way_id": "481241665",
        "from_node_id": "osm-node-2262335936",
        "to_node_id": "osm-node-4741759447",
        "direction_status": "DIRECTION_UNKNOWN",
        "oneway": null,
        "verification_status": "UNVERIFIED",
        "routable": false
      }
    },
    {
      "type": "Feature",
      "id": "osm-way-481241668-segment-000-003",
      "geometry": {
        "type": "LineString",
        "coordinates": [
          [
            126.654571,
            37.4508684
          ],
          [
            126.6548597,
            37.4507605
          ],
          [
            126.6549285,
            37.450746
          ],
          [
            126.6551299,
            37.4506979
          ]
        ]
      },
      "properties": {
        "osm_way_id": "481241668",
        "from_node_id": "osm-node-4741759458",
        "to_node_id": "osm-node-4741759460",
        "direction_status": "DIRECTION_UNKNOWN",
        "oneway": null,
        "verification_status": "UNVERIFIED",
        "routable": false
      }
    },
    {
      "type": "Feature",
      "id": "osm-way-481241669-segment-000-001",
      "geometry": {
        "type": "LineString",
        "coordinates": [
          [
            126.6551299,
            37.4506979
          ],
          [
            126.6553011,
            37.4506885
          ]
        ]
      },
      "properties": {
        "osm_way_id": "481241669",
        "from_node_id": "osm-node-4741759460",
        "to_node_id": "osm-node-4741759462",
        "direction_status": "DIRECTION_UNKNOWN",
        "oneway": null,
        "verification_status": "UNVERIFIED",
        "routable": false
      }
    },
    {
      "type": "Feature",
      "id": "osm-way-481241669-segment-001-003",
      "geometry": {
        "type": "LineString",
        "coordinates": [
          [
            126.6553011,
            37.4506885
          ],
          [
            126.6553605,
            37.4507036
          ],
          [
            126.6554622,
            37.4508504
          ]
        ]
      },
      "properties": {
        "osm_way_id": "481241669",
        "from_node_id": "osm-node-4741759462",
        "to_node_id": "osm-node-10058049420",
        "direction_status": "DIRECTION_UNKNOWN",
        "oneway": null,
        "verification_status": "UNVERIFIED",
        "routable": false
      }
    },
    {
      "type": "Feature",
      "id": "osm-way-481241675-segment-000-001",
      "geometry": {
        "type": "LineString",
        "coordinates": [
          [
            126.6518116,
            37.4510626
          ],
          [
            126.6523421,
            37.4508374
          ]
        ]
      },
      "properties": {
        "osm_way_id": "481241675",
        "from_node_id": "osm-node-4741759479",
        "to_node_id": "osm-node-4741759487",
        "direction_status": "DIRECTION_UNKNOWN",
        "oneway": null,
        "verification_status": "UNVERIFIED",
        "routable": false
      }
    },
    {
      "type": "Feature",
      "id": "osm-way-481241675-segment-001-002",
      "geometry": {
        "type": "LineString",
        "coordinates": [
          [
            126.6523421,
            37.4508374
          ],
          [
            126.6525725,
            37.4507396
          ]
        ]
      },
      "properties": {
        "osm_way_id": "481241675",
        "from_node_id": "osm-node-4741759487",
        "to_node_id": "osm-node-4741759486",
        "direction_status": "DIRECTION_UNKNOWN",
        "oneway": null,
        "verification_status": "UNVERIFIED",
        "routable": false
      }
    },
    {
      "type": "Feature",
      "id": "osm-way-481241675-segment-002-003",
      "geometry": {
        "type": "LineString",
        "coordinates": [
          [
            126.6525725,
            37.4507396
          ],
          [
            126.6530014,
            37.4505575
          ]
        ]
      },
      "properties": {
        "osm_way_id": "481241675",
        "from_node_id": "osm-node-4741759486",
        "to_node_id": "osm-node-4741759481",
        "direction_status": "DIRECTION_UNKNOWN",
        "oneway": null,
        "verification_status": "UNVERIFIED",
        "routable": false
      }
    },
    {
      "type": "Feature",
      "id": "osm-way-481241675-segment-003-006",
      "geometry": {
        "type": "LineString",
        "coordinates": [
          [
            126.6530014,
            37.4505575
          ],
          [
            126.6534567,
            37.4503831
          ],
          [
            126.6534912,
            37.4502634
          ],
          [
            126.653454,
            37.450164
          ]
        ]
      },
      "properties": {
        "osm_way_id": "481241675",
        "from_node_id": "osm-node-4741759481",
        "to_node_id": "osm-node-10058120935",
        "direction_status": "DIRECTION_UNKNOWN",
        "oneway": null,
        "verification_status": "UNVERIFIED",
        "routable": false
      }
    },
    {
      "type": "Feature",
      "id": "osm-way-481241676-segment-000-001",
      "geometry": {
        "type": "LineString",
        "coordinates": [
          [
            126.6530014,
            37.4505575
          ],
          [
            126.6528736,
            37.4503783
          ]
        ]
      },
      "properties": {
        "osm_way_id": "481241676",
        "from_node_id": "osm-node-4741759481",
        "to_node_id": "osm-node-4741759482",
        "direction_status": "DIRECTION_UNKNOWN",
        "oneway": null,
        "verification_status": "UNVERIFIED",
        "routable": false
      }
    },
    {
      "type": "Feature",
      "id": "osm-way-481241677-segment-000-001",
      "geometry": {
        "type": "LineString",
        "coordinates": [
          [
            126.6523204,
            37.4505968
          ],
          [
            126.6523828,
            37.4506941
          ]
        ]
      },
      "properties": {
        "osm_way_id": "481241677",
        "from_node_id": "osm-node-4741759483",
        "to_node_id": "osm-node-4741759484",
        "direction_status": "DIRECTION_UNKNOWN",
        "oneway": null,
        "verification_status": "UNVERIFIED",
        "routable": false
      }
    },
    {
      "type": "Feature",
      "id": "osm-way-481241677-segment-001-003",
      "geometry": {
        "type": "LineString",
        "coordinates": [
          [
            126.6523828,
            37.4506941
          ],
          [
            126.6524914,
            37.4507296
          ],
          [
            126.6525725,
            37.4507396
          ]
        ]
      },
      "properties": {
        "osm_way_id": "481241677",
        "from_node_id": "osm-node-4741759484",
        "to_node_id": "osm-node-4741759486",
        "direction_status": "DIRECTION_UNKNOWN",
        "oneway": null,
        "verification_status": "UNVERIFIED",
        "routable": false
      }
    },
    {
      "type": "Feature",
      "id": "osm-way-481241679-segment-000-003",
      "geometry": {
        "type": "LineString",
        "coordinates": [
          [
            126.6523421,
            37.4508374
          ],
          [
            126.65237,
            37.4507871
          ],
          [
            126.6523828,
            37.4507245
          ],
          [
            126.6523828,
            37.4506941
          ]
        ]
      },
      "properties": {
        "osm_way_id": "481241679",
        "from_node_id": "osm-node-4741759487",
        "to_node_id": "osm-node-4741759484",
        "direction_status": "DIRECTION_UNKNOWN",
        "oneway": null,
        "verification_status": "UNVERIFIED",
        "routable": false
      }
    },
    {
      "type": "Feature",
      "id": "osm-way-481241681-segment-000-002",
      "geometry": {
        "type": "LineString",
        "coordinates": [
          [
            126.6527628,
            37.450422
          ],
          [
            126.6526207,
            37.4502253
          ],
          [
            126.6525153,
            37.4500793
          ]
        ]
      },
      "properties": {
        "osm_way_id": "481241681",
        "from_node_id": "osm-node-4741759490",
        "to_node_id": "osm-node-10058460615",
        "direction_status": "DIRECTION_UNKNOWN",
        "oneway": null,
        "verification_status": "UNVERIFIED",
        "routable": false
      }
    },
    {
      "type": "Feature",
      "id": "osm-way-481241681-segment-002-003",
      "geometry": {
        "type": "LineString",
        "coordinates": [
          [
            126.6525153,
            37.4500793
          ],
          [
            126.6515963,
            37.4488071
          ]
        ]
      },
      "properties": {
        "osm_way_id": "481241681",
        "from_node_id": "osm-node-10058460615",
        "to_node_id": "osm-node-4741759491",
        "direction_status": "DIRECTION_UNKNOWN",
        "oneway": null,
        "verification_status": "UNVERIFIED",
        "routable": false
      }
    },
    {
      "type": "Feature",
      "id": "osm-way-481241683-segment-000-001",
      "geometry": {
        "type": "LineString",
        "coordinates": [
          [
            126.6524029,
            37.4484321
          ],
          [
            126.6526055,
            37.448332
          ]
        ]
      },
      "properties": {
        "osm_way_id": "481241683",
        "from_node_id": "osm-node-4741759503",
        "to_node_id": "osm-node-8956947373",
        "direction_status": "DIRECTION_UNKNOWN",
        "oneway": null,
        "verification_status": "UNVERIFIED",
        "routable": false
      }
    },
    {
      "type": "Feature",
      "id": "osm-way-481241683-segment-001-002",
      "geometry": {
        "type": "LineString",
        "coordinates": [
          [
            126.6526055,
            37.448332
          ],
          [
            126.6527431,
            37.4482803
          ]
        ]
      },
      "properties": {
        "osm_way_id": "481241683",
        "from_node_id": "osm-node-8956947373",
        "to_node_id": "osm-node-4741759493",
        "direction_status": "DIRECTION_UNKNOWN",
        "oneway": null,
        "verification_status": "UNVERIFIED",
        "routable": false
      }
    },
    {
      "type": "Feature",
      "id": "osm-way-481241683-segment-002-004",
      "geometry": {
        "type": "LineString",
        "coordinates": [
          [
            126.6527431,
            37.4482803
          ],
          [
            126.6528221,
            37.4481866
          ],
          [
            126.6531223,
            37.4477904
          ]
        ]
      },
      "properties": {
        "osm_way_id": "481241683",
        "from_node_id": "osm-node-4741759493",
        "to_node_id": "osm-node-4741759495",
        "direction_status": "DIRECTION_UNKNOWN",
        "oneway": null,
        "verification_status": "UNVERIFIED",
        "routable": false
      }
    },
    {
      "type": "Feature",
      "id": "osm-way-481241683-segment-004-006",
      "geometry": {
        "type": "LineString",
        "coordinates": [
          [
            126.6531223,
            37.4477904
          ],
          [
            126.6529862,
            37.4476498
          ],
          [
            126.6527163,
            37.4475486
          ]
        ]
      },
      "properties": {
        "osm_way_id": "481241683",
        "from_node_id": "osm-node-4741759495",
        "to_node_id": "osm-node-4741759497",
        "direction_status": "DIRECTION_UNKNOWN",
        "oneway": null,
        "verification_status": "UNVERIFIED",
        "routable": false
      }
    },
    {
      "type": "Feature",
      "id": "osm-way-481241685-segment-000-001",
      "geometry": {
        "type": "LineString",
        "coordinates": [
          [
            126.6536329,
            37.4500791
          ],
          [
            126.6533032,
            37.4495876
          ]
        ]
      },
      "properties": {
        "osm_way_id": "481241685",
        "from_node_id": "osm-node-4741759498",
        "to_node_id": "osm-node-4741759506",
        "direction_status": "DIRECTION_UNKNOWN",
        "oneway": null,
        "verification_status": "UNVERIFIED",
        "routable": false
      }
    },
    {
      "type": "Feature",
      "id": "osm-way-481241685-segment-001-003",
      "geometry": {
        "type": "LineString",
        "coordinates": [
          [
            126.6533032,
            37.4495876
          ],
          [
            126.6532897,
            37.4495668
          ],
          [
            126.6528056,
            37.4488638
          ]
        ]
      },
      "properties": {
        "osm_way_id": "481241685",
        "from_node_id": "osm-node-4741759506",
        "to_node_id": "osm-node-4741759500",
        "direction_status": "DIRECTION_UNKNOWN",
        "oneway": null,
        "verification_status": "UNVERIFIED",
        "routable": false
      }
    },
    {
      "type": "Feature",
      "id": "osm-way-481241685-segment-003-005",
      "geometry": {
        "type": "LineString",
        "coordinates": [
          [
            126.6528056,
            37.4488638
          ],
          [
            126.6526098,
            37.4486051
          ],
          [
            126.6525739,
            37.4485087
          ]
        ]
      },
      "properties": {
        "osm_way_id": "481241685",
        "from_node_id": "osm-node-4741759500",
        "to_node_id": "osm-node-10058056498",
        "direction_status": "DIRECTION_UNKNOWN",
        "oneway": null,
        "verification_status": "UNVERIFIED",
        "routable": false
      }
    },
    {
      "type": "Feature",
      "id": "osm-way-481241687-segment-000-001",
      "geometry": {
        "type": "LineString",
        "coordinates": [
          [
            126.6521954,
            37.4481004
          ],
          [
            126.6524029,
            37.4484321
          ]
        ]
      },
      "properties": {
        "osm_way_id": "481241687",
        "from_node_id": "osm-node-8956947377",
        "to_node_id": "osm-node-4741759503",
        "direction_status": "DIRECTION_UNKNOWN",
        "oneway": null,
        "verification_status": "UNVERIFIED",
        "routable": false
      }
    },
    {
      "type": "Feature",
      "id": "osm-way-481241689-segment-000-001",
      "geometry": {
        "type": "LineString",
        "coordinates": [
          [
            126.6531223,
            37.4477904
          ],
          [
            126.6532817,
            37.4477196
          ]
        ]
      },
      "properties": {
        "osm_way_id": "481241689",
        "from_node_id": "osm-node-4741759495",
        "to_node_id": "osm-node-4741759434",
        "direction_status": "DIRECTION_UNKNOWN",
        "oneway": null,
        "verification_status": "UNVERIFIED",
        "routable": false
      }
    },
    {
      "type": "Feature",
      "id": "osm-way-481241690-segment-000-001",
      "geometry": {
        "type": "LineString",
        "coordinates": [
          [
            126.6528056,
            37.4488638
          ],
          [
            126.653599,
            37.4485071
          ]
        ]
      },
      "properties": {
        "osm_way_id": "481241690",
        "from_node_id": "osm-node-4741759500",
        "to_node_id": "osm-node-4741759505",
        "direction_status": "DIRECTION_UNKNOWN",
        "oneway": null,
        "verification_status": "UNVERIFIED",
        "routable": false
      }
    },
    {
      "type": "Feature",
      "id": "osm-way-481241692-segment-000-001",
      "geometry": {
        "type": "LineString",
        "coordinates": [
          [
            126.6533032,
            37.4495876
          ],
          [
            126.6551815,
            37.4487502
          ]
        ]
      },
      "properties": {
        "osm_way_id": "481241692",
        "from_node_id": "osm-node-4741759506",
        "to_node_id": "osm-node-4741759508",
        "direction_status": "DIRECTION_UNKNOWN",
        "oneway": null,
        "verification_status": "UNVERIFIED",
        "routable": false
      }
    },
    {
      "type": "Feature",
      "id": "osm-way-481241694-segment-000-001",
      "geometry": {
        "type": "LineString",
        "coordinates": [
          [
            126.6548005,
            37.4499825
          ],
          [
            126.6547443,
            37.4499134
          ]
        ]
      },
      "properties": {
        "osm_way_id": "481241694",
        "from_node_id": "osm-node-4741759509",
        "to_node_id": "osm-node-4741759510",
        "direction_status": "DIRECTION_UNKNOWN",
        "oneway": null,
        "verification_status": "UNVERIFIED",
        "routable": false
      }
    },
    {
      "type": "Feature",
      "id": "osm-way-481241696-segment-000-001",
      "geometry": {
        "type": "LineString",
        "coordinates": [
          [
            126.6547295,
            37.4496452
          ],
          [
            126.6554416,
            37.4493495
          ]
        ]
      },
      "properties": {
        "osm_way_id": "481241696",
        "from_node_id": "osm-node-4741759512",
        "to_node_id": "osm-node-4741759451",
        "direction_status": "DIRECTION_UNKNOWN",
        "oneway": null,
        "verification_status": "UNVERIFIED",
        "routable": false
      }
    },
    {
      "type": "Feature",
      "id": "osm-way-481241696-segment-001-002",
      "geometry": {
        "type": "LineString",
        "coordinates": [
          [
            126.6554416,
            37.4493495
          ],
          [
            126.6555442,
            37.4492969
          ]
        ]
      },
      "properties": {
        "osm_way_id": "481241696",
        "from_node_id": "osm-node-4741759451",
        "to_node_id": "osm-node-4741759439",
        "direction_status": "DIRECTION_UNKNOWN",
        "oneway": null,
        "verification_status": "UNVERIFIED",
        "routable": false
      }
    },
    {
      "type": "Feature",
      "id": "osm-way-481241696-segment-002-003",
      "geometry": {
        "type": "LineString",
        "coordinates": [
          [
            126.6555442,
            37.4492969
          ],
          [
            126.6558984,
            37.4491737
          ]
        ]
      },
      "properties": {
        "osm_way_id": "481241696",
        "from_node_id": "osm-node-4741759439",
        "to_node_id": "osm-node-4741759444",
        "direction_status": "DIRECTION_UNKNOWN",
        "oneway": null,
        "verification_status": "UNVERIFIED",
        "routable": false
      }
    },
    {
      "type": "Feature",
      "id": "osm-way-481241696-segment-003-004",
      "geometry": {
        "type": "LineString",
        "coordinates": [
          [
            126.6558984,
            37.4491737
          ],
          [
            126.6562233,
            37.4490593
          ]
        ]
      },
      "properties": {
        "osm_way_id": "481241696",
        "from_node_id": "osm-node-4741759444",
        "to_node_id": "osm-node-4741759448",
        "direction_status": "DIRECTION_UNKNOWN",
        "oneway": null,
        "verification_status": "UNVERIFIED",
        "routable": false
      }
    },
    {
      "type": "Feature",
      "id": "osm-way-481241697-segment-000-002",
      "geometry": {
        "type": "LineString",
        "coordinates": [
          [
            126.6545112,
            37.4497409
          ],
          [
            126.6546693,
            37.449672
          ],
          [
            126.6547295,
            37.4496452
          ]
        ]
      },
      "properties": {
        "osm_way_id": "481241697",
        "from_node_id": "osm-node-4741759511",
        "to_node_id": "osm-node-4741759512",
        "direction_status": "DIRECTION_UNKNOWN",
        "oneway": null,
        "verification_status": "UNVERIFIED",
        "routable": false
      }
    },
    {
      "type": "Feature",
      "id": "osm-way-481241699-segment-000-002",
      "geometry": {
        "type": "LineString",
        "coordinates": [
          [
            126.6568015,
            37.4507178
          ],
          [
            126.6565183,
            37.4502257
          ],
          [
            126.6564605,
            37.4501252
          ]
        ]
      },
      "properties": {
        "osm_way_id": "481241699",
        "from_node_id": "osm-node-4741759513",
        "to_node_id": "osm-node-4741759449",
        "direction_status": "DIRECTION_UNKNOWN",
        "oneway": null,
        "verification_status": "UNVERIFIED",
        "routable": false
      }
    },
    {
      "type": "Feature",
      "id": "osm-way-481241706-segment-000-006",
      "geometry": {
        "type": "LineString",
        "coordinates": [
          [
            126.6591346,
            37.448694
          ],
          [
            126.6591016,
            37.4489604
          ],
          [
            126.6588174,
            37.4490641
          ],
          [
            126.6586556,
            37.449131
          ],
          [
            126.6584768,
            37.4491435
          ],
          [
            126.6578454,
            37.449435
          ],
          [
            126.6572392,
            37.4497374
          ]
        ]
      },
      "properties": {
        "osm_way_id": "481241706",
        "from_node_id": "osm-node-4741759622",
        "to_node_id": "osm-node-4741759628",
        "direction_status": "DIRECTION_UNKNOWN",
        "oneway": null,
        "verification_status": "UNVERIFIED",
        "routable": false
      }
    },
    {
      "type": "Feature",
      "id": "osm-way-481241714-segment-000-002",
      "geometry": {
        "type": "LineString",
        "coordinates": [
          [
            126.6579184,
            37.4508863
          ],
          [
            126.6576167,
            37.4502816
          ],
          [
            126.6572392,
            37.4497374
          ]
        ]
      },
      "properties": {
        "osm_way_id": "481241714",
        "from_node_id": "osm-node-4741759621",
        "to_node_id": "osm-node-4741759628",
        "direction_status": "DIRECTION_UNKNOWN",
        "oneway": null,
        "verification_status": "UNVERIFIED",
        "routable": false
      }
    },
    {
      "type": "Feature",
      "id": "osm-way-481241714-segment-002-005",
      "geometry": {
        "type": "LineString",
        "coordinates": [
          [
            126.6572392,
            37.4497374
          ],
          [
            126.6569716,
            37.4494106
          ],
          [
            126.6567423,
            37.4491296
          ],
          [
            126.6565626,
            37.4489209
          ]
        ]
      },
      "properties": {
        "osm_way_id": "481241714",
        "from_node_id": "osm-node-4741759628",
        "to_node_id": "osm-node-4741759651",
        "direction_status": "DIRECTION_UNKNOWN",
        "oneway": null,
        "verification_status": "UNVERIFIED",
        "routable": false
      }
    },
    {
      "type": "Feature",
      "id": "osm-way-481241715-segment-000-001",
      "geometry": {
        "type": "LineString",
        "coordinates": [
          [
            126.6562233,
            37.4490593
          ],
          [
            126.6565626,
            37.4489209
          ]
        ]
      },
      "properties": {
        "osm_way_id": "481241715",
        "from_node_id": "osm-node-4741759448",
        "to_node_id": "osm-node-4741759651",
        "direction_status": "DIRECTION_UNKNOWN",
        "oneway": null,
        "verification_status": "UNVERIFIED",
        "routable": false
      }
    },
    {
      "type": "Feature",
      "id": "osm-way-481241715-segment-001-003",
      "geometry": {
        "type": "LineString",
        "coordinates": [
          [
            126.6565626,
            37.4489209
          ],
          [
            126.6574799,
            37.4485227
          ],
          [
            126.6576446,
            37.4484546
          ]
        ]
      },
      "properties": {
        "osm_way_id": "481241715",
        "from_node_id": "osm-node-4741759651",
        "to_node_id": "osm-node-4741759658",
        "direction_status": "DIRECTION_UNKNOWN",
        "oneway": null,
        "verification_status": "UNVERIFIED",
        "routable": false
      }
    },
    {
      "type": "Feature",
      "id": "osm-way-481241715-segment-003-004",
      "geometry": {
        "type": "LineString",
        "coordinates": [
          [
            126.6576446,
            37.4484546
          ],
          [
            126.6579704,
            37.44832
          ]
        ]
      },
      "properties": {
        "osm_way_id": "481241715",
        "from_node_id": "osm-node-4741759658",
        "to_node_id": "osm-node-4741759655",
        "direction_status": "DIRECTION_UNKNOWN",
        "oneway": null,
        "verification_status": "UNVERIFIED",
        "routable": false
      }
    },
    {
      "type": "Feature",
      "id": "osm-way-481241715-segment-004-005",
      "geometry": {
        "type": "LineString",
        "coordinates": [
          [
            126.6579704,
            37.44832
          ],
          [
            126.65899,
            37.4478988
          ]
        ]
      },
      "properties": {
        "osm_way_id": "481241715",
        "from_node_id": "osm-node-4741759655",
        "to_node_id": "osm-node-4741759654",
        "direction_status": "DIRECTION_UNKNOWN",
        "oneway": null,
        "verification_status": "UNVERIFIED",
        "routable": false
      }
    },
    {
      "type": "Feature",
      "id": "osm-way-481241716-segment-000-002",
      "geometry": {
        "type": "LineString",
        "coordinates": [
          [
            126.6579704,
            37.44832
          ],
          [
            126.6578071,
            37.4482416
          ],
          [
            126.6576524,
            37.4481435
          ]
        ]
      },
      "properties": {
        "osm_way_id": "481241716",
        "from_node_id": "osm-node-4741759655",
        "to_node_id": "osm-node-4741759660",
        "direction_status": "DIRECTION_UNKNOWN",
        "oneway": null,
        "verification_status": "UNVERIFIED",
        "routable": false
      }
    },
    {
      "type": "Feature",
      "id": "osm-way-481241716-segment-002-003",
      "geometry": {
        "type": "LineString",
        "coordinates": [
          [
            126.6576524,
            37.4481435
          ],
          [
            126.6563369,
            37.4461392
          ]
        ]
      },
      "properties": {
        "osm_way_id": "481241716",
        "from_node_id": "osm-node-4741759660",
        "to_node_id": "osm-node-4741759657",
        "direction_status": "DIRECTION_UNKNOWN",
        "oneway": null,
        "verification_status": "UNVERIFIED",
        "routable": false
      }
    },
    {
      "type": "Feature",
      "id": "osm-way-481241717-segment-000-002",
      "geometry": {
        "type": "LineString",
        "coordinates": [
          [
            126.6576446,
            37.4484546
          ],
          [
            126.6576784,
            37.4482991
          ],
          [
            126.6576524,
            37.4481435
          ]
        ]
      },
      "properties": {
        "osm_way_id": "481241717",
        "from_node_id": "osm-node-4741759658",
        "to_node_id": "osm-node-4741759660",
        "direction_status": "DIRECTION_UNKNOWN",
        "oneway": null,
        "verification_status": "UNVERIFIED",
        "routable": false
      }
    },
    {
      "type": "Feature",
      "id": "osm-way-505994421-segment-000-005",
      "geometry": {
        "type": "LineString",
        "coordinates": [
          [
            126.6561551,
            37.4438807
          ],
          [
            126.6562777,
            37.4440775
          ],
          [
            126.6564152,
            37.4442984
          ],
          [
            126.6565457,
            37.4445079
          ],
          [
            126.6566838,
            37.4447298
          ],
          [
            126.6567988,
            37.4449146
          ]
        ]
      },
      "properties": {
        "osm_way_id": "505994421",
        "from_node_id": "osm-node-4958020924",
        "to_node_id": "osm-node-4958020941",
        "direction_status": "DIRECTION_UNKNOWN",
        "oneway": null,
        "verification_status": "UNVERIFIED",
        "routable": false
      }
    },
    {
      "type": "Feature",
      "id": "osm-way-505994421-segment-005-006",
      "geometry": {
        "type": "LineString",
        "coordinates": [
          [
            126.6567988,
            37.4449146
          ],
          [
            126.6569335,
            37.4451309
          ]
        ]
      },
      "properties": {
        "osm_way_id": "505994421",
        "from_node_id": "osm-node-4958020941",
        "to_node_id": "osm-node-4958020938",
        "direction_status": "DIRECTION_UNKNOWN",
        "oneway": null,
        "verification_status": "UNVERIFIED",
        "routable": false
      }
    },
    {
      "type": "Feature",
      "id": "osm-way-505994421-segment-006-007",
      "geometry": {
        "type": "LineString",
        "coordinates": [
          [
            126.6569335,
            37.4451309
          ],
          [
            126.6570598,
            37.4453337
          ]
        ]
      },
      "properties": {
        "osm_way_id": "505994421",
        "from_node_id": "osm-node-4958020938",
        "to_node_id": "osm-node-4958020926",
        "direction_status": "DIRECTION_UNKNOWN",
        "oneway": null,
        "verification_status": "UNVERIFIED",
        "routable": false
      }
    },
    {
      "type": "Feature",
      "id": "osm-way-505994421-segment-007-008",
      "geometry": {
        "type": "LineString",
        "coordinates": [
          [
            126.6570598,
            37.4453337
          ],
          [
            126.657317,
            37.4457468
          ]
        ]
      },
      "properties": {
        "osm_way_id": "505994421",
        "from_node_id": "osm-node-4958020926",
        "to_node_id": "osm-node-4958020925",
        "direction_status": "DIRECTION_UNKNOWN",
        "oneway": null,
        "verification_status": "UNVERIFIED",
        "routable": false
      }
    },
    {
      "type": "Feature",
      "id": "osm-way-505994422-segment-000-001",
      "geometry": {
        "type": "LineString",
        "coordinates": [
          [
            126.6570598,
            37.4453337
          ],
          [
            126.6562796,
            37.4456335
          ]
        ]
      },
      "properties": {
        "osm_way_id": "505994422",
        "from_node_id": "osm-node-4958020926",
        "to_node_id": "osm-node-4958020927",
        "direction_status": "DIRECTION_UNKNOWN",
        "oneway": null,
        "verification_status": "UNVERIFIED",
        "routable": false
      }
    },
    {
      "type": "Feature",
      "id": "osm-way-505994427-segment-000-001",
      "geometry": {
        "type": "LineString",
        "coordinates": [
          [
            126.6570598,
            37.4453337
          ],
          [
            126.6578819,
            37.4450114
          ]
        ]
      },
      "properties": {
        "osm_way_id": "505994427",
        "from_node_id": "osm-node-4958020926",
        "to_node_id": "osm-node-4958020936",
        "direction_status": "DIRECTION_UNKNOWN",
        "oneway": null,
        "verification_status": "UNVERIFIED",
        "routable": false
      }
    },
    {
      "type": "Feature",
      "id": "osm-way-505994428-segment-000-001",
      "geometry": {
        "type": "LineString",
        "coordinates": [
          [
            126.6562433,
            37.445402
          ],
          [
            126.6569335,
            37.4451309
          ]
        ]
      },
      "properties": {
        "osm_way_id": "505994428",
        "from_node_id": "osm-node-4958020937",
        "to_node_id": "osm-node-4958020938",
        "direction_status": "DIRECTION_UNKNOWN",
        "oneway": null,
        "verification_status": "UNVERIFIED",
        "routable": false
      }
    },
    {
      "type": "Feature",
      "id": "osm-way-505994428-segment-001-002",
      "geometry": {
        "type": "LineString",
        "coordinates": [
          [
            126.6569335,
            37.4451309
          ],
          [
            126.6577439,
            37.4448204
          ]
        ]
      },
      "properties": {
        "osm_way_id": "505994428",
        "from_node_id": "osm-node-4958020938",
        "to_node_id": "osm-node-4958020939",
        "direction_status": "DIRECTION_UNKNOWN",
        "oneway": null,
        "verification_status": "UNVERIFIED",
        "routable": false
      }
    },
    {
      "type": "Feature",
      "id": "osm-way-505994429-segment-000-001",
      "geometry": {
        "type": "LineString",
        "coordinates": [
          [
            126.6561194,
            37.4451857
          ],
          [
            126.6567988,
            37.4449146
          ]
        ]
      },
      "properties": {
        "osm_way_id": "505994429",
        "from_node_id": "osm-node-4958020940",
        "to_node_id": "osm-node-4958020941",
        "direction_status": "DIRECTION_UNKNOWN",
        "oneway": null,
        "verification_status": "UNVERIFIED",
        "routable": false
      }
    },
    {
      "type": "Feature",
      "id": "osm-way-505994429-segment-001-002",
      "geometry": {
        "type": "LineString",
        "coordinates": [
          [
            126.6567988,
            37.4449146
          ],
          [
            126.6577828,
            37.4445338
          ]
        ]
      },
      "properties": {
        "osm_way_id": "505994429",
        "from_node_id": "osm-node-4958020941",
        "to_node_id": "osm-node-4958020942",
        "direction_status": "DIRECTION_UNKNOWN",
        "oneway": null,
        "verification_status": "UNVERIFIED",
        "routable": false
      }
    },
    {
      "type": "Feature",
      "id": "osm-way-665737674-segment-000-002",
      "geometry": {
        "type": "LineString",
        "coordinates": [
          [
            126.6576755,
            37.4534535
          ],
          [
            126.6583673,
            37.4536863
          ],
          [
            126.658646,
            37.4538366
          ]
        ]
      },
      "properties": {
        "osm_way_id": "665737674",
        "from_node_id": "osm-node-6231555713",
        "to_node_id": "osm-node-6231555715",
        "direction_status": "FORWARD_ONLY_CANDIDATE",
        "oneway": "yes",
        "verification_status": "UNVERIFIED",
        "routable": false
      }
    },
    {
      "type": "Feature",
      "id": "osm-way-731224474-segment-000-005",
      "geometry": {
        "type": "LineString",
        "coordinates": [
          [
            126.659824,
            37.4464052
          ],
          [
            126.6597127,
            37.4462645
          ],
          [
            126.6595879,
            37.4460841
          ],
          [
            126.6595206,
            37.4459783
          ],
          [
            126.6592422,
            37.4455405
          ],
          [
            126.6589536,
            37.4450868
          ]
        ]
      },
      "properties": {
        "osm_way_id": "731224474",
        "from_node_id": "osm-node-2877968866",
        "to_node_id": "osm-node-2877968880",
        "direction_status": "DIRECTION_UNKNOWN",
        "oneway": null,
        "verification_status": "UNVERIFIED",
        "routable": false
      }
    },
    {
      "type": "Feature",
      "id": "osm-way-731224523-segment-000-001",
      "geometry": {
        "type": "LineString",
        "coordinates": [
          [
            126.655873,
            37.4539923
          ],
          [
            126.6561751,
            37.4540449
          ]
        ]
      },
      "properties": {
        "osm_way_id": "731224523",
        "from_node_id": "osm-node-2856210688",
        "to_node_id": "osm-node-6848997560",
        "direction_status": "DIRECTION_UNKNOWN",
        "oneway": null,
        "verification_status": "UNVERIFIED",
        "routable": false
      }
    },
    {
      "type": "Feature",
      "id": "osm-way-731224525-segment-000-001",
      "geometry": {
        "type": "LineString",
        "coordinates": [
          [
            126.6555565,
            37.4539497
          ],
          [
            126.655873,
            37.4539923
          ]
        ]
      },
      "properties": {
        "osm_way_id": "731224525",
        "from_node_id": "osm-node-2856212862",
        "to_node_id": "osm-node-2856210688",
        "direction_status": "DIRECTION_UNKNOWN",
        "oneway": null,
        "verification_status": "UNVERIFIED",
        "routable": false
      }
    },
    {
      "type": "Feature",
      "id": "osm-way-731224528-segment-000-001",
      "geometry": {
        "type": "LineString",
        "coordinates": [
          [
            126.6546834,
            37.4543239
          ],
          [
            126.6546313,
            37.4539362
          ]
        ]
      },
      "properties": {
        "osm_way_id": "731224528",
        "from_node_id": "osm-node-2856199546",
        "to_node_id": "osm-node-2856199568",
        "direction_status": "DIRECTION_UNKNOWN",
        "oneway": null,
        "verification_status": "UNVERIFIED",
        "routable": false
      }
    },
    {
      "type": "Feature",
      "id": "osm-way-731224528-segment-001-003",
      "geometry": {
        "type": "LineString",
        "coordinates": [
          [
            126.6546313,
            37.4539362
          ],
          [
            126.6546096,
            37.4537747
          ],
          [
            126.6545444,
            37.4534584
          ]
        ]
      },
      "properties": {
        "osm_way_id": "731224528",
        "from_node_id": "osm-node-2856199568",
        "to_node_id": "osm-node-2856212908",
        "direction_status": "DIRECTION_UNKNOWN",
        "oneway": null,
        "verification_status": "UNVERIFIED",
        "routable": false
      }
    },
    {
      "type": "Feature",
      "id": "osm-way-731224529-segment-000-001",
      "geometry": {
        "type": "LineString",
        "coordinates": [
          [
            126.6518524,
            37.454103
          ],
          [
            126.6533791,
            37.4535226
          ]
        ]
      },
      "properties": {
        "osm_way_id": "731224529",
        "from_node_id": "osm-node-2856218068",
        "to_node_id": "osm-node-6848997561",
        "direction_status": "DIRECTION_UNKNOWN",
        "oneway": null,
        "verification_status": "UNVERIFIED",
        "routable": false
      }
    },
    {
      "type": "Feature",
      "id": "osm-way-731224530-segment-000-001",
      "geometry": {
        "type": "LineString",
        "coordinates": [
          [
            126.6542821,
            37.45398
          ],
          [
            126.6542177,
            37.4539881
          ]
        ]
      },
      "properties": {
        "osm_way_id": "731224530",
        "from_node_id": "osm-node-2881072428",
        "to_node_id": "osm-node-2856199566",
        "direction_status": "DIRECTION_UNKNOWN",
        "oneway": null,
        "verification_status": "UNVERIFIED",
        "routable": false
      }
    },
    {
      "type": "Feature",
      "id": "osm-way-731224531-segment-000-001",
      "geometry": {
        "type": "LineString",
        "coordinates": [
          [
            126.6546313,
            37.4539362
          ],
          [
            126.6542821,
            37.45398
          ]
        ]
      },
      "properties": {
        "osm_way_id": "731224531",
        "from_node_id": "osm-node-2856199568",
        "to_node_id": "osm-node-2881072428",
        "direction_status": "DIRECTION_UNKNOWN",
        "oneway": null,
        "verification_status": "UNVERIFIED",
        "routable": false
      }
    },
    {
      "type": "Feature",
      "id": "osm-way-731224532-segment-000-006",
      "geometry": {
        "type": "LineString",
        "coordinates": [
          [
            126.6556916,
            37.4533355
          ],
          [
            126.655586,
            37.4535153
          ],
          [
            126.6555324,
            37.453609
          ],
          [
            126.6554144,
            37.4537389
          ],
          [
            126.6551541,
            37.4539408
          ],
          [
            126.6549155,
            37.4541179
          ],
          [
            126.6546834,
            37.4543239
          ]
        ]
      },
      "properties": {
        "osm_way_id": "731224532",
        "from_node_id": "osm-node-2856199554",
        "to_node_id": "osm-node-2856199546",
        "direction_status": "DIRECTION_UNKNOWN",
        "oneway": null,
        "verification_status": "UNVERIFIED",
        "routable": false
      }
    },
    {
      "type": "Feature",
      "id": "osm-way-731224536-segment-000-002",
      "geometry": {
        "type": "LineString",
        "coordinates": [
          [
            126.6511041,
            37.4529766
          ],
          [
            126.6512087,
            37.4531555
          ],
          [
            126.6514152,
            37.4534599
          ]
        ]
      },
      "properties": {
        "osm_way_id": "731224536",
        "from_node_id": "osm-node-2856218037",
        "to_node_id": "osm-node-2856218038",
        "direction_status": "DIRECTION_UNKNOWN",
        "oneway": null,
        "verification_status": "UNVERIFIED",
        "routable": false
      }
    },
    {
      "type": "Feature",
      "id": "osm-way-731224537-segment-000-003",
      "geometry": {
        "type": "LineString",
        "coordinates": [
          [
            126.6516004,
            37.4540328
          ],
          [
            126.6516191,
            37.4539944
          ],
          [
            126.6515931,
            37.453831
          ],
          [
            126.6515926,
            37.4537434
          ]
        ]
      },
      "properties": {
        "osm_way_id": "731224537",
        "from_node_id": "osm-node-2882114717",
        "to_node_id": "osm-node-2882114718",
        "direction_status": "DIRECTION_UNKNOWN",
        "oneway": null,
        "verification_status": "UNVERIFIED",
        "routable": false
      }
    },
    {
      "type": "Feature",
      "id": "osm-way-731224540-segment-000-002",
      "geometry": {
        "type": "LineString",
        "coordinates": [
          [
            126.6492062,
            37.4529733
          ],
          [
            126.6493768,
            37.4523896
          ],
          [
            126.6493821,
            37.4523213
          ]
        ]
      },
      "properties": {
        "osm_way_id": "731224540",
        "from_node_id": "osm-node-2881072425",
        "to_node_id": "osm-node-2881072422",
        "direction_status": "DIRECTION_UNKNOWN",
        "oneway": null,
        "verification_status": "UNVERIFIED",
        "routable": false
      }
    },
    {
      "type": "Feature",
      "id": "osm-way-731804508-segment-000-002",
      "geometry": {
        "type": "LineString",
        "coordinates": [
          [
            126.6493598,
            37.4471815
          ],
          [
            126.648292,
            37.4469539
          ],
          [
            126.6481582,
            37.4469254
          ]
        ]
      },
      "properties": {
        "osm_way_id": "731804508",
        "from_node_id": "osm-node-4656657827",
        "to_node_id": "osm-node-14067346833",
        "direction_status": "DIRECTION_UNKNOWN",
        "oneway": null,
        "verification_status": "UNVERIFIED",
        "routable": false
      }
    },
    {
      "type": "Feature",
      "id": "osm-way-731804508-segment-002-003",
      "geometry": {
        "type": "LineString",
        "coordinates": [
          [
            126.6481582,
            37.4469254
          ],
          [
            126.6466761,
            37.4466096
          ]
        ]
      },
      "properties": {
        "osm_way_id": "731804508",
        "from_node_id": "osm-node-14067346833",
        "to_node_id": "osm-node-4658502132",
        "direction_status": "DIRECTION_UNKNOWN",
        "oneway": null,
        "verification_status": "UNVERIFIED",
        "routable": false
      }
    },
    {
      "type": "Feature",
      "id": "osm-way-731804508-segment-003-006",
      "geometry": {
        "type": "LineString",
        "coordinates": [
          [
            126.6466761,
            37.4466096
          ],
          [
            126.6450793,
            37.4462693
          ],
          [
            126.6441603,
            37.4460735
          ],
          [
            126.6431803,
            37.4458646
          ]
        ]
      },
      "properties": {
        "osm_way_id": "731804508",
        "from_node_id": "osm-node-4658502132",
        "to_node_id": "osm-node-4656657828",
        "direction_status": "DIRECTION_UNKNOWN",
        "oneway": null,
        "verification_status": "UNVERIFIED",
        "routable": false
      }
    },
    {
      "type": "Feature",
      "id": "osm-way-937727088-segment-000-003",
      "geometry": {
        "type": "LineString",
        "coordinates": [
          [
            126.6544702,
            37.4514903
          ],
          [
            126.6528558,
            37.4521058
          ],
          [
            126.6524453,
            37.4520187
          ],
          [
            126.6518116,
            37.4510626
          ]
        ]
      },
      "properties": {
        "osm_way_id": "937727088",
        "from_node_id": "osm-node-2262335931",
        "to_node_id": "osm-node-4741759479",
        "direction_status": "DIRECTION_UNKNOWN",
        "oneway": null,
        "verification_status": "UNVERIFIED",
        "routable": false
      }
    },
    {
      "type": "Feature",
      "id": "osm-way-940020898-segment-000-003",
      "geometry": {
        "type": "LineString",
        "coordinates": [
          [
            126.6572336,
            37.4517335
          ],
          [
            126.6575754,
            37.4516413
          ],
          [
            126.6581758,
            37.4514793
          ],
          [
            126.6585997,
            37.4513649
          ]
        ]
      },
      "properties": {
        "osm_way_id": "940020898",
        "from_node_id": "osm-node-2445317858",
        "to_node_id": "osm-node-2877961307",
        "direction_status": "DIRECTION_UNKNOWN",
        "oneway": null,
        "verification_status": "UNVERIFIED",
        "routable": false
      }
    },
    {
      "type": "Feature",
      "id": "osm-way-940020899-segment-000-003",
      "geometry": {
        "type": "LineString",
        "coordinates": [
          [
            126.6585997,
            37.4513649
          ],
          [
            126.6586465,
            37.4514753
          ],
          [
            126.6601129,
            37.4515112
          ],
          [
            126.6603574,
            37.4514568
          ]
        ]
      },
      "properties": {
        "osm_way_id": "940020899",
        "from_node_id": "osm-node-2877961307",
        "to_node_id": "osm-node-2877961308",
        "direction_status": "FORWARD_ONLY_CANDIDATE",
        "oneway": "yes",
        "verification_status": "UNVERIFIED",
        "routable": false
      }
    },
    {
      "type": "Feature",
      "id": "osm-way-940020900-segment-000-005",
      "geometry": {
        "type": "LineString",
        "coordinates": [
          [
            126.65307,
            37.45222
          ],
          [
            126.6533195,
            37.452378
          ],
          [
            126.6537419,
            37.4524818
          ],
          [
            126.6540629,
            37.4525606
          ],
          [
            126.6544806,
            37.4526633
          ],
          [
            126.6548345,
            37.4527502
          ]
        ]
      },
      "properties": {
        "osm_way_id": "940020900",
        "from_node_id": "osm-node-436868703",
        "to_node_id": "osm-node-2881076905",
        "direction_status": "FORWARD_ONLY_CANDIDATE",
        "oneway": "yes",
        "verification_status": "UNVERIFIED",
        "routable": false
      }
    },
    {
      "type": "Feature",
      "id": "osm-way-940020900-segment-005-006",
      "geometry": {
        "type": "LineString",
        "coordinates": [
          [
            126.6548345,
            37.4527502
          ],
          [
            126.6562076,
            37.4530877
          ]
        ]
      },
      "properties": {
        "osm_way_id": "940020900",
        "from_node_id": "osm-node-2881076905",
        "to_node_id": "osm-node-2401071762",
        "direction_status": "FORWARD_ONLY_CANDIDATE",
        "oneway": "yes",
        "verification_status": "UNVERIFIED",
        "routable": false
      }
    },
    {
      "type": "Feature",
      "id": "osm-way-940020900-segment-006-007",
      "geometry": {
        "type": "LineString",
        "coordinates": [
          [
            126.6562076,
            37.4530877
          ],
          [
            126.6576398,
            37.4534447
          ]
        ]
      },
      "properties": {
        "osm_way_id": "940020900",
        "from_node_id": "osm-node-2401071762",
        "to_node_id": "osm-node-2401071763",
        "direction_status": "FORWARD_ONLY_CANDIDATE",
        "oneway": "yes",
        "verification_status": "UNVERIFIED",
        "routable": false
      }
    },
    {
      "type": "Feature",
      "id": "osm-way-940020900-segment-007-008",
      "geometry": {
        "type": "LineString",
        "coordinates": [
          [
            126.6576398,
            37.4534447
          ],
          [
            126.6576755,
            37.4534535
          ]
        ]
      },
      "properties": {
        "osm_way_id": "940020900",
        "from_node_id": "osm-node-2401071763",
        "to_node_id": "osm-node-6231555713",
        "direction_status": "FORWARD_ONLY_CANDIDATE",
        "oneway": "yes",
        "verification_status": "UNVERIFIED",
        "routable": false
      }
    },
    {
      "type": "Feature",
      "id": "osm-way-940020900-segment-008-009",
      "geometry": {
        "type": "LineString",
        "coordinates": [
          [
            126.6576755,
            37.4534535
          ],
          [
            126.6586179,
            37.4536846
          ]
        ]
      },
      "properties": {
        "osm_way_id": "940020900",
        "from_node_id": "osm-node-6231555713",
        "to_node_id": "osm-node-2855690575",
        "direction_status": "FORWARD_ONLY_CANDIDATE",
        "oneway": "yes",
        "verification_status": "UNVERIFIED",
        "routable": false
      }
    },
    {
      "type": "Feature",
      "id": "osm-way-940020901-segment-000-001",
      "geometry": {
        "type": "LineString",
        "coordinates": [
          [
            126.6585805,
            37.4537127
          ],
          [
            126.6586179,
            37.4536846
          ]
        ]
      },
      "properties": {
        "osm_way_id": "940020901",
        "from_node_id": "osm-node-2855690589",
        "to_node_id": "osm-node-2855690575",
        "direction_status": "DIRECTION_UNKNOWN",
        "oneway": null,
        "verification_status": "UNVERIFIED",
        "routable": false
      }
    },
    {
      "type": "Feature",
      "id": "osm-way-955217469-segment-000-004",
      "geometry": {
        "type": "LineString",
        "coordinates": [
          [
            126.6503879,
            37.4447443
          ],
          [
            126.6504113,
            37.4448422
          ],
          [
            126.6504507,
            37.4450432
          ],
          [
            126.6504708,
            37.4452208
          ],
          [
            126.6504795,
            37.4454029
          ]
        ]
      },
      "properties": {
        "osm_way_id": "955217469",
        "from_node_id": "osm-node-11257934906",
        "to_node_id": "osm-node-436830040",
        "direction_status": "DIRECTION_UNKNOWN",
        "oneway": null,
        "verification_status": "UNVERIFIED",
        "routable": false
      }
    },
    {
      "type": "Feature",
      "id": "osm-way-955217469-segment-004-006",
      "geometry": {
        "type": "LineString",
        "coordinates": [
          [
            126.6504795,
            37.4454029
          ],
          [
            126.6504632,
            37.4455976
          ],
          [
            126.6504468,
            37.4458802
          ]
        ]
      },
      "properties": {
        "osm_way_id": "955217469",
        "from_node_id": "osm-node-436830040",
        "to_node_id": "osm-node-11257934912",
        "direction_status": "DIRECTION_UNKNOWN",
        "oneway": null,
        "verification_status": "UNVERIFIED",
        "routable": false
      }
    },
    {
      "type": "Feature",
      "id": "osm-way-955217469-segment-006-008",
      "geometry": {
        "type": "LineString",
        "coordinates": [
          [
            126.6504468,
            37.4458802
          ],
          [
            126.6504447,
            37.4461138
          ],
          [
            126.6503957,
            37.4463706
          ]
        ]
      },
      "properties": {
        "osm_way_id": "955217469",
        "from_node_id": "osm-node-11257934912",
        "to_node_id": "osm-node-2886789147",
        "direction_status": "DIRECTION_UNKNOWN",
        "oneway": null,
        "verification_status": "UNVERIFIED",
        "routable": false
      }
    },
    {
      "type": "Feature",
      "id": "osm-way-955217469-segment-008-009",
      "geometry": {
        "type": "LineString",
        "coordinates": [
          [
            126.6503957,
            37.4463706
          ],
          [
            126.6503727,
            37.4464912
          ]
        ]
      },
      "properties": {
        "osm_way_id": "955217469",
        "from_node_id": "osm-node-2886789147",
        "to_node_id": "osm-node-2886789154",
        "direction_status": "DIRECTION_UNKNOWN",
        "oneway": null,
        "verification_status": "UNVERIFIED",
        "routable": false
      }
    },
    {
      "type": "Feature",
      "id": "osm-way-955217469-segment-009-011",
      "geometry": {
        "type": "LineString",
        "coordinates": [
          [
            126.6503727,
            37.4464912
          ],
          [
            126.6501251,
            37.4475882
          ],
          [
            126.6500185,
            37.4480135
          ]
        ]
      },
      "properties": {
        "osm_way_id": "955217469",
        "from_node_id": "osm-node-2886789154",
        "to_node_id": "osm-node-11257934918",
        "direction_status": "DIRECTION_UNKNOWN",
        "oneway": null,
        "verification_status": "UNVERIFIED",
        "routable": false
      }
    },
    {
      "type": "Feature",
      "id": "osm-way-955217469-segment-011-012",
      "geometry": {
        "type": "LineString",
        "coordinates": [
          [
            126.6500185,
            37.4480135
          ],
          [
            126.6498752,
            37.4485853
          ]
        ]
      },
      "properties": {
        "osm_way_id": "955217469",
        "from_node_id": "osm-node-11257934918",
        "to_node_id": "osm-node-436836503",
        "direction_status": "DIRECTION_UNKNOWN",
        "oneway": null,
        "verification_status": "UNVERIFIED",
        "routable": false
      }
    },
    {
      "type": "Feature",
      "id": "osm-way-968147725-segment-000-003",
      "geometry": {
        "type": "LineString",
        "coordinates": [
          [
            126.6553011,
            37.4506885
          ],
          [
            126.6554641,
            37.4506175
          ],
          [
            126.655504,
            37.4506138
          ],
          [
            126.6556296,
            37.4507889
          ]
        ]
      },
      "properties": {
        "osm_way_id": "968147725",
        "from_node_id": "osm-node-4741759462",
        "to_node_id": "osm-node-8956947365",
        "direction_status": "DIRECTION_UNKNOWN",
        "oneway": null,
        "verification_status": "UNVERIFIED",
        "routable": false
      }
    },
    {
      "type": "Feature",
      "id": "osm-way-1098489686-segment-000-001",
      "geometry": {
        "type": "LineString",
        "coordinates": [
          [
            126.6551299,
            37.4506979
          ],
          [
            126.654882,
            37.4503235
          ]
        ]
      },
      "properties": {
        "osm_way_id": "1098489686",
        "from_node_id": "osm-node-4741759460",
        "to_node_id": "osm-node-10058049421",
        "direction_status": "DIRECTION_UNKNOWN",
        "oneway": null,
        "verification_status": "UNVERIFIED",
        "routable": false
      }
    },
    {
      "type": "Feature",
      "id": "osm-way-1098489687-segment-000-001",
      "geometry": {
        "type": "LineString",
        "coordinates": [
          [
            126.6546486,
            37.4472949
          ],
          [
            126.6544119,
            37.4468509
          ]
        ]
      },
      "properties": {
        "osm_way_id": "1098489687",
        "from_node_id": "osm-node-4741759443",
        "to_node_id": "osm-node-10058049431",
        "direction_status": "FORWARD_ONLY_CANDIDATE",
        "oneway": "yes",
        "verification_status": "UNVERIFIED",
        "routable": false
      }
    },
    {
      "type": "Feature",
      "id": "osm-way-1098491073-segment-000-001",
      "geometry": {
        "type": "LineString",
        "coordinates": [
          [
            126.6526055,
            37.448332
          ],
          [
            126.6524007,
            37.4480083
          ]
        ]
      },
      "properties": {
        "osm_way_id": "1098491073",
        "from_node_id": "osm-node-8956947373",
        "to_node_id": "osm-node-10058056496",
        "direction_status": "DIRECTION_UNKNOWN",
        "oneway": null,
        "verification_status": "UNVERIFIED",
        "routable": false
      }
    },
    {
      "type": "Feature",
      "id": "osm-way-1098491074-segment-000-001",
      "geometry": {
        "type": "LineString",
        "coordinates": [
          [
            126.6512514,
            37.4489698
          ],
          [
            126.6515963,
            37.4488071
          ]
        ]
      },
      "properties": {
        "osm_way_id": "1098491074",
        "from_node_id": "osm-node-4741759492",
        "to_node_id": "osm-node-4741759491",
        "direction_status": "DIRECTION_UNKNOWN",
        "oneway": null,
        "verification_status": "UNVERIFIED",
        "routable": false
      }
    },
    {
      "type": "Feature",
      "id": "osm-way-1098491074-segment-001-002",
      "geometry": {
        "type": "LineString",
        "coordinates": [
          [
            126.6515963,
            37.4488071
          ],
          [
            126.6524029,
            37.4484321
          ]
        ]
      },
      "properties": {
        "osm_way_id": "1098491074",
        "from_node_id": "osm-node-4741759491",
        "to_node_id": "osm-node-4741759503",
        "direction_status": "DIRECTION_UNKNOWN",
        "oneway": null,
        "verification_status": "UNVERIFIED",
        "routable": false
      }
    },
    {
      "type": "Feature",
      "id": "osm-way-1098491075-segment-000-001",
      "geometry": {
        "type": "LineString",
        "coordinates": [
          [
            126.6525739,
            37.4485087
          ],
          [
            126.6524029,
            37.4484321
          ]
        ]
      },
      "properties": {
        "osm_way_id": "1098491075",
        "from_node_id": "osm-node-10058056498",
        "to_node_id": "osm-node-4741759503",
        "direction_status": "FORWARD_ONLY_CANDIDATE",
        "oneway": "yes",
        "verification_status": "UNVERIFIED",
        "routable": false
      }
    },
    {
      "type": "Feature",
      "id": "osm-way-1098491076-segment-000-003",
      "geometry": {
        "type": "LineString",
        "coordinates": [
          [
            126.6525739,
            37.4485087
          ],
          [
            126.6525887,
            37.4484826
          ],
          [
            126.6526884,
            37.4483478
          ],
          [
            126.6527431,
            37.4482803
          ]
        ]
      },
      "properties": {
        "osm_way_id": "1098491076",
        "from_node_id": "osm-node-10058056498",
        "to_node_id": "osm-node-4741759493",
        "direction_status": "FORWARD_ONLY_CANDIDATE",
        "oneway": "yes",
        "verification_status": "UNVERIFIED",
        "routable": false
      }
    },
    {
      "type": "Feature",
      "id": "osm-way-1098496323-segment-000-001",
      "geometry": {
        "type": "LineString",
        "coordinates": [
          [
            126.6559989,
            37.4517294
          ],
          [
            126.655832,
            37.4517811
          ]
        ]
      },
      "properties": {
        "osm_way_id": "1098496323",
        "from_node_id": "osm-node-10058120920",
        "to_node_id": "osm-node-10058120921",
        "direction_status": "DIRECTION_UNKNOWN",
        "oneway": null,
        "verification_status": "UNVERIFIED",
        "routable": false
      }
    },
    {
      "type": "Feature",
      "id": "osm-way-1098496330-segment-000-001",
      "geometry": {
        "type": "LineString",
        "coordinates": [
          [
            126.6544702,
            37.4514903
          ],
          [
            126.6546715,
            37.4517233
          ]
        ]
      },
      "properties": {
        "osm_way_id": "1098496330",
        "from_node_id": "osm-node-2262335931",
        "to_node_id": "osm-node-2262335934",
        "direction_status": "DIRECTION_UNKNOWN",
        "oneway": null,
        "verification_status": "UNVERIFIED",
        "routable": false
      }
    },
    {
      "type": "Feature",
      "id": "osm-way-1098496331-segment-000-001",
      "geometry": {
        "type": "LineString",
        "coordinates": [
          [
            126.6537715,
            37.4504638
          ],
          [
            126.653543,
            37.4501295
          ]
        ]
      },
      "properties": {
        "osm_way_id": "1098496331",
        "from_node_id": "osm-node-4741759455",
        "to_node_id": "osm-node-4741759446",
        "direction_status": "DIRECTION_UNKNOWN",
        "oneway": null,
        "verification_status": "UNVERIFIED",
        "routable": false
      }
    },
    {
      "type": "Feature",
      "id": "osm-way-1098539002-segment-000-001",
      "geometry": {
        "type": "LineString",
        "coordinates": [
          [
            126.6552095,
            37.4487903
          ],
          [
            126.6555227,
            37.4486497
          ]
        ]
      },
      "properties": {
        "osm_way_id": "1098539002",
        "from_node_id": "osm-node-4741759507",
        "to_node_id": "osm-node-10058460594",
        "direction_status": "DIRECTION_UNKNOWN",
        "oneway": null,
        "verification_status": "UNVERIFIED",
        "routable": false
      }
    },
    {
      "type": "Feature",
      "id": "osm-way-1098539006-segment-000-002",
      "geometry": {
        "type": "LineString",
        "coordinates": [
          [
            126.6522374,
            37.4503168
          ],
          [
            126.6521798,
            37.4502247
          ],
          [
            126.6525153,
            37.4500793
          ]
        ]
      },
      "properties": {
        "osm_way_id": "1098539006",
        "from_node_id": "osm-node-10058460613",
        "to_node_id": "osm-node-10058460615",
        "direction_status": "DIRECTION_UNKNOWN",
        "oneway": null,
        "verification_status": "UNVERIFIED",
        "routable": false
      }
    },
    {
      "type": "Feature",
      "id": "osm-way-1098539014-segment-000-002",
      "geometry": {
        "type": "LineString",
        "coordinates": [
          [
            126.6510121,
            37.4508836
          ],
          [
            126.6512211,
            37.4509046
          ],
          [
            126.6513249,
            37.4509655
          ]
        ]
      },
      "properties": {
        "osm_way_id": "1098539014",
        "from_node_id": "osm-node-10058484930",
        "to_node_id": "osm-node-10058484932",
        "direction_status": "FORWARD_ONLY_CANDIDATE",
        "oneway": "yes",
        "verification_status": "UNVERIFIED",
        "routable": false
      }
    },
    {
      "type": "Feature",
      "id": "osm-way-1098539015-segment-000-007",
      "geometry": {
        "type": "LineString",
        "coordinates": [
          [
            126.6502519,
            37.4513896
          ],
          [
            126.6502,
            37.4513921
          ],
          [
            126.6497488,
            37.4512165
          ],
          [
            126.6495223,
            37.4510872
          ],
          [
            126.6492639,
            37.4508414
          ],
          [
            126.6492604,
            37.450788
          ],
          [
            126.6493347,
            37.4506953
          ],
          [
            126.649388,
            37.4506846
          ]
        ]
      },
      "properties": {
        "osm_way_id": "1098539015",
        "from_node_id": "osm-node-4741759445",
        "to_node_id": "osm-node-10058484939",
        "direction_status": "FORWARD_ONLY_CANDIDATE",
        "oneway": "yes",
        "verification_status": "UNVERIFIED",
        "routable": false
      }
    },
    {
      "type": "Feature",
      "id": "osm-way-1098539016-segment-000-001",
      "geometry": {
        "type": "LineString",
        "coordinates": [
          [
            126.649388,
            37.4506846
          ],
          [
            126.6495807,
            37.4507037
          ]
        ]
      },
      "properties": {
        "osm_way_id": "1098539016",
        "from_node_id": "osm-node-10058484939",
        "to_node_id": "osm-node-10058484940",
        "direction_status": "DIRECTION_UNKNOWN",
        "oneway": null,
        "verification_status": "UNVERIFIED",
        "routable": false
      }
    },
    {
      "type": "Feature",
      "id": "osm-way-1098539016-segment-001-005",
      "geometry": {
        "type": "LineString",
        "coordinates": [
          [
            126.6495807,
            37.4507037
          ],
          [
            126.6499664,
            37.4511027
          ],
          [
            126.6501009,
            37.4511487
          ],
          [
            126.6501894,
            37.4511406
          ],
          [
            126.6502158,
            37.4511292
          ]
        ]
      },
      "properties": {
        "osm_way_id": "1098539016",
        "from_node_id": "osm-node-10058484940",
        "to_node_id": "osm-node-10058484948",
        "direction_status": "DIRECTION_UNKNOWN",
        "oneway": null,
        "verification_status": "UNVERIFIED",
        "routable": false
      }
    },
    {
      "type": "Feature",
      "id": "osm-way-1098539016-segment-005-006",
      "geometry": {
        "type": "LineString",
        "coordinates": [
          [
            126.6502158,
            37.4511292
          ],
          [
            126.6503584,
            37.4510672
          ]
        ]
      },
      "properties": {
        "osm_way_id": "1098539016",
        "from_node_id": "osm-node-10058484948",
        "to_node_id": "osm-node-10058484950",
        "direction_status": "DIRECTION_UNKNOWN",
        "oneway": null,
        "verification_status": "UNVERIFIED",
        "routable": false
      }
    },
    {
      "type": "Feature",
      "id": "osm-way-1098539016-segment-006-007",
      "geometry": {
        "type": "LineString",
        "coordinates": [
          [
            126.6503584,
            37.4510672
          ],
          [
            126.6505024,
            37.4510052
          ]
        ]
      },
      "properties": {
        "osm_way_id": "1098539016",
        "from_node_id": "osm-node-10058484950",
        "to_node_id": "osm-node-10058484952",
        "direction_status": "DIRECTION_UNKNOWN",
        "oneway": null,
        "verification_status": "UNVERIFIED",
        "routable": false
      }
    },
    {
      "type": "Feature",
      "id": "osm-way-1098539016-segment-007-008",
      "geometry": {
        "type": "LineString",
        "coordinates": [
          [
            126.6505024,
            37.4510052
          ],
          [
            126.6506581,
            37.4509379
          ]
        ]
      },
      "properties": {
        "osm_way_id": "1098539016",
        "from_node_id": "osm-node-10058484952",
        "to_node_id": "osm-node-10058484954",
        "direction_status": "DIRECTION_UNKNOWN",
        "oneway": null,
        "verification_status": "UNVERIFIED",
        "routable": false
      }
    },
    {
      "type": "Feature",
      "id": "osm-way-1098539016-segment-008-009",
      "geometry": {
        "type": "LineString",
        "coordinates": [
          [
            126.6506581,
            37.4509379
          ],
          [
            126.6507999,
            37.4508765
          ]
        ]
      },
      "properties": {
        "osm_way_id": "1098539016",
        "from_node_id": "osm-node-10058484954",
        "to_node_id": "osm-node-10058484943",
        "direction_status": "DIRECTION_UNKNOWN",
        "oneway": null,
        "verification_status": "UNVERIFIED",
        "routable": false
      }
    },
    {
      "type": "Feature",
      "id": "osm-way-1098539016-segment-009-010",
      "geometry": {
        "type": "LineString",
        "coordinates": [
          [
            126.6507999,
            37.4508765
          ],
          [
            126.6510121,
            37.4508836
          ]
        ]
      },
      "properties": {
        "osm_way_id": "1098539016",
        "from_node_id": "osm-node-10058484943",
        "to_node_id": "osm-node-10058484930",
        "direction_status": "DIRECTION_UNKNOWN",
        "oneway": null,
        "verification_status": "UNVERIFIED",
        "routable": false
      }
    },
    {
      "type": "Feature",
      "id": "osm-way-1098539017-segment-000-001",
      "geometry": {
        "type": "LineString",
        "coordinates": [
          [
            126.6495807,
            37.4507037
          ],
          [
            126.6496659,
            37.450524
          ]
        ]
      },
      "properties": {
        "osm_way_id": "1098539017",
        "from_node_id": "osm-node-10058484940",
        "to_node_id": "osm-node-10058484947",
        "direction_status": "DIRECTION_UNKNOWN",
        "oneway": null,
        "verification_status": "UNVERIFIED",
        "routable": false
      }
    },
    {
      "type": "Feature",
      "id": "osm-way-1098539017-segment-001-002",
      "geometry": {
        "type": "LineString",
        "coordinates": [
          [
            126.6496659,
            37.450524
          ],
          [
            126.6497761,
            37.450369
          ]
        ]
      },
      "properties": {
        "osm_way_id": "1098539017",
        "from_node_id": "osm-node-10058484947",
        "to_node_id": "osm-node-10058484949",
        "direction_status": "DIRECTION_UNKNOWN",
        "oneway": null,
        "verification_status": "UNVERIFIED",
        "routable": false
      }
    },
    {
      "type": "Feature",
      "id": "osm-way-1098539017-segment-002-004",
      "geometry": {
        "type": "LineString",
        "coordinates": [
          [
            126.6497761,
            37.450369
          ],
          [
            126.6498603,
            37.4502457
          ],
          [
            126.6499146,
            37.450217
          ]
        ]
      },
      "properties": {
        "osm_way_id": "1098539017",
        "from_node_id": "osm-node-10058484949",
        "to_node_id": "osm-node-10058484951",
        "direction_status": "DIRECTION_UNKNOWN",
        "oneway": null,
        "verification_status": "UNVERIFIED",
        "routable": false
      }
    },
    {
      "type": "Feature",
      "id": "osm-way-1098539017-segment-004-005",
      "geometry": {
        "type": "LineString",
        "coordinates": [
          [
            126.6499146,
            37.450217
          ],
          [
            126.6500783,
            37.4501303
          ]
        ]
      },
      "properties": {
        "osm_way_id": "1098539017",
        "from_node_id": "osm-node-10058484951",
        "to_node_id": "osm-node-10058484953",
        "direction_status": "DIRECTION_UNKNOWN",
        "oneway": null,
        "verification_status": "UNVERIFIED",
        "routable": false
      }
    },
    {
      "type": "Feature",
      "id": "osm-way-1098539017-segment-005-008",
      "geometry": {
        "type": "LineString",
        "coordinates": [
          [
            126.6500783,
            37.4501303
          ],
          [
            126.6502425,
            37.4500434
          ],
          [
            126.6508017,
            37.450809
          ],
          [
            126.6507999,
            37.4508765
          ]
        ]
      },
      "properties": {
        "osm_way_id": "1098539017",
        "from_node_id": "osm-node-10058484953",
        "to_node_id": "osm-node-10058484943",
        "direction_status": "DIRECTION_UNKNOWN",
        "oneway": null,
        "verification_status": "UNVERIFIED",
        "routable": false
      }
    },
    {
      "type": "Feature",
      "id": "osm-way-1098539018-segment-000-001",
      "geometry": {
        "type": "LineString",
        "coordinates": [
          [
            126.6496659,
            37.450524
          ],
          [
            126.6502158,
            37.4511292
          ]
        ]
      },
      "properties": {
        "osm_way_id": "1098539018",
        "from_node_id": "osm-node-10058484947",
        "to_node_id": "osm-node-10058484948",
        "direction_status": "DIRECTION_UNKNOWN",
        "oneway": null,
        "verification_status": "UNVERIFIED",
        "routable": false
      }
    },
    {
      "type": "Feature",
      "id": "osm-way-1098539019-segment-000-001",
      "geometry": {
        "type": "LineString",
        "coordinates": [
          [
            126.6497761,
            37.450369
          ],
          [
            126.6503584,
            37.4510672
          ]
        ]
      },
      "properties": {
        "osm_way_id": "1098539019",
        "from_node_id": "osm-node-10058484949",
        "to_node_id": "osm-node-10058484950",
        "direction_status": "DIRECTION_UNKNOWN",
        "oneway": null,
        "verification_status": "UNVERIFIED",
        "routable": false
      }
    },
    {
      "type": "Feature",
      "id": "osm-way-1098539020-segment-000-001",
      "geometry": {
        "type": "LineString",
        "coordinates": [
          [
            126.6499146,
            37.450217
          ],
          [
            126.6505024,
            37.4510052
          ]
        ]
      },
      "properties": {
        "osm_way_id": "1098539020",
        "from_node_id": "osm-node-10058484951",
        "to_node_id": "osm-node-10058484952",
        "direction_status": "DIRECTION_UNKNOWN",
        "oneway": null,
        "verification_status": "UNVERIFIED",
        "routable": false
      }
    },
    {
      "type": "Feature",
      "id": "osm-way-1098539021-segment-000-001",
      "geometry": {
        "type": "LineString",
        "coordinates": [
          [
            126.6500783,
            37.4501303
          ],
          [
            126.6506581,
            37.4509379
          ]
        ]
      },
      "properties": {
        "osm_way_id": "1098539021",
        "from_node_id": "osm-node-10058484953",
        "to_node_id": "osm-node-10058484954",
        "direction_status": "DIRECTION_UNKNOWN",
        "oneway": null,
        "verification_status": "UNVERIFIED",
        "routable": false
      }
    },
    {
      "type": "Feature",
      "id": "osm-way-1099890770-segment-000-001",
      "geometry": {
        "type": "LineString",
        "coordinates": [
          [
            126.6554109,
            37.4522091
          ],
          [
            126.6553059,
            37.4519855
          ]
        ]
      },
      "properties": {
        "osm_way_id": "1099890770",
        "from_node_id": "osm-node-10069027266",
        "to_node_id": "osm-node-10069027267",
        "direction_status": "DIRECTION_UNKNOWN",
        "oneway": null,
        "verification_status": "UNVERIFIED",
        "routable": false
      }
    },
    {
      "type": "Feature",
      "id": "osm-way-1215102701-segment-000-004",
      "geometry": {
        "type": "LineString",
        "coordinates": [
          [
            126.6503879,
            37.4447443
          ],
          [
            126.6506678,
            37.4449928
          ],
          [
            126.6508947,
            37.4451865
          ],
          [
            126.6510479,
            37.4452473
          ],
          [
            126.6512803,
            37.4452986
          ]
        ]
      },
      "properties": {
        "osm_way_id": "1215102701",
        "from_node_id": "osm-node-11257934906",
        "to_node_id": "osm-node-11257934910",
        "direction_status": "FORWARD_ONLY_CANDIDATE",
        "oneway": "yes",
        "verification_status": "UNVERIFIED",
        "routable": false
      }
    },
    {
      "type": "Feature",
      "id": "osm-way-1215102702-segment-000-002",
      "geometry": {
        "type": "LineString",
        "coordinates": [
          [
            126.6511351,
            37.4453438
          ],
          [
            126.6507075,
            37.4456684
          ],
          [
            126.6504468,
            37.4458802
          ]
        ]
      },
      "properties": {
        "osm_way_id": "1215102702",
        "from_node_id": "osm-node-436830039",
        "to_node_id": "osm-node-11257934912",
        "direction_status": "FORWARD_ONLY_CANDIDATE",
        "oneway": "yes",
        "verification_status": "UNVERIFIED",
        "routable": false
      }
    },
    {
      "type": "Feature",
      "id": "osm-way-1215102703-segment-000-003",
      "geometry": {
        "type": "LineString",
        "coordinates": [
          [
            126.6504468,
            37.4458802
          ],
          [
            126.6503018,
            37.4456144
          ],
          [
            126.6501146,
            37.4454725
          ],
          [
            126.6498151,
            37.4452981
          ]
        ]
      },
      "properties": {
        "osm_way_id": "1215102703",
        "from_node_id": "osm-node-11257934912",
        "to_node_id": "osm-node-11257934902",
        "direction_status": "FORWARD_ONLY_CANDIDATE",
        "oneway": "yes",
        "verification_status": "UNVERIFIED",
        "routable": false
      }
    },
    {
      "type": "Feature",
      "id": "osm-way-1215102704-segment-000-005",
      "geometry": {
        "type": "LineString",
        "coordinates": [
          [
            126.6500185,
            37.4480135
          ],
          [
            126.6501488,
            37.4482741
          ],
          [
            126.6501945,
            37.4483325
          ],
          [
            126.650244,
            37.4483567
          ],
          [
            126.6503505,
            37.4483778
          ],
          [
            126.6505577,
            37.4483995
          ]
        ]
      },
      "properties": {
        "osm_way_id": "1215102704",
        "from_node_id": "osm-node-11257934918",
        "to_node_id": "osm-node-11257934923",
        "direction_status": "FORWARD_ONLY_CANDIDATE",
        "oneway": "yes",
        "verification_status": "UNVERIFIED",
        "routable": false
      }
    },
    {
      "type": "Feature",
      "id": "osm-way-1215102705-segment-000-003",
      "geometry": {
        "type": "LineString",
        "coordinates": [
          [
            126.6505577,
            37.4483995
          ],
          [
            126.6501818,
            37.4486558
          ],
          [
            126.6501298,
            37.4486991
          ],
          [
            126.6497772,
            37.449048
          ]
        ]
      },
      "properties": {
        "osm_way_id": "1215102705",
        "from_node_id": "osm-node-11257934923",
        "to_node_id": "osm-node-11257934926",
        "direction_status": "FORWARD_ONLY_CANDIDATE",
        "oneway": "yes",
        "verification_status": "UNVERIFIED",
        "routable": false
      }
    },
    {
      "type": "Feature",
      "id": "osm-way-1215102706-segment-000-004",
      "geometry": {
        "type": "LineString",
        "coordinates": [
          [
            126.6497117,
            37.44922
          ],
          [
            126.6496591,
            37.4488462
          ],
          [
            126.6496299,
            37.4487273
          ],
          [
            126.6495792,
            37.4486508
          ],
          [
            126.6494694,
            37.4485379
          ]
        ]
      },
      "properties": {
        "osm_way_id": "1215102706",
        "from_node_id": "osm-node-11257934927",
        "to_node_id": "osm-node-11257934931",
        "direction_status": "FORWARD_ONLY_CANDIDATE",
        "oneway": "yes",
        "verification_status": "UNVERIFIED",
        "routable": false
      }
    },
    {
      "type": "Feature",
      "id": "osm-way-1215117217-segment-000-001",
      "geometry": {
        "type": "LineString",
        "coordinates": [
          [
            126.6482129,
            37.4518976
          ],
          [
            126.6479481,
            37.4524035
          ]
        ]
      },
      "properties": {
        "osm_way_id": "1215117217",
        "from_node_id": "osm-node-436836603",
        "to_node_id": "osm-node-2429042803",
        "direction_status": "DIRECTION_UNKNOWN",
        "oneway": null,
        "verification_status": "UNVERIFIED",
        "routable": false
      }
    },
    {
      "type": "Feature",
      "id": "osm-way-1215117217-segment-001-005",
      "geometry": {
        "type": "LineString",
        "coordinates": [
          [
            126.6479481,
            37.4524035
          ],
          [
            126.6479363,
            37.4524308
          ],
          [
            126.6478956,
            37.4525531
          ],
          [
            126.647884,
            37.4527423
          ],
          [
            126.6479423,
            37.452929
          ]
        ]
      },
      "properties": {
        "osm_way_id": "1215117217",
        "from_node_id": "osm-node-2429042803",
        "to_node_id": "osm-node-436836606",
        "direction_status": "DIRECTION_UNKNOWN",
        "oneway": null,
        "verification_status": "UNVERIFIED",
        "routable": false
      }
    },
    {
      "type": "Feature",
      "id": "osm-way-1215117218-segment-000-003",
      "geometry": {
        "type": "LineString",
        "coordinates": [
          [
            126.6495475,
            37.4496517
          ],
          [
            126.649355,
            37.4500629
          ],
          [
            126.6488337,
            37.4508644
          ],
          [
            126.6486557,
            37.4510138
          ]
        ]
      },
      "properties": {
        "osm_way_id": "1215117218",
        "from_node_id": "osm-node-436836634",
        "to_node_id": "osm-node-11257934947",
        "direction_status": "FORWARD_ONLY_CANDIDATE",
        "oneway": "yes",
        "verification_status": "UNVERIFIED",
        "routable": false
      }
    },
    {
      "type": "Feature",
      "id": "osm-way-1215117218-segment-003-006",
      "geometry": {
        "type": "LineString",
        "coordinates": [
          [
            126.6486557,
            37.4510138
          ],
          [
            126.6486797,
            37.4508134
          ],
          [
            126.6492063,
            37.4499801
          ],
          [
            126.6495475,
            37.4496517
          ]
        ]
      },
      "properties": {
        "osm_way_id": "1215117218",
        "from_node_id": "osm-node-11257934947",
        "to_node_id": "osm-node-436836634",
        "direction_status": "FORWARD_ONLY_CANDIDATE",
        "oneway": "yes",
        "verification_status": "UNVERIFIED",
        "routable": false
      }
    },
    {
      "type": "Feature",
      "id": "osm-way-1215393150-segment-000-003",
      "geometry": {
        "type": "LineString",
        "coordinates": [
          [
            126.6498752,
            37.4485853
          ],
          [
            126.6498514,
            37.4487234
          ],
          [
            126.6498105,
            37.4489603
          ],
          [
            126.6497772,
            37.449048
          ]
        ]
      },
      "properties": {
        "osm_way_id": "1215393150",
        "from_node_id": "osm-node-436836503",
        "to_node_id": "osm-node-11257934926",
        "direction_status": "DIRECTION_UNKNOWN",
        "oneway": null,
        "verification_status": "UNVERIFIED",
        "routable": false
      }
    },
    {
      "type": "Feature",
      "id": "osm-way-1215393150-segment-003-004",
      "geometry": {
        "type": "LineString",
        "coordinates": [
          [
            126.6497772,
            37.449048
          ],
          [
            126.6497117,
            37.44922
          ]
        ]
      },
      "properties": {
        "osm_way_id": "1215393150",
        "from_node_id": "osm-node-11257934926",
        "to_node_id": "osm-node-11257934927",
        "direction_status": "DIRECTION_UNKNOWN",
        "oneway": null,
        "verification_status": "UNVERIFIED",
        "routable": false
      }
    },
    {
      "type": "Feature",
      "id": "osm-way-1215393150-segment-004-005",
      "geometry": {
        "type": "LineString",
        "coordinates": [
          [
            126.6497117,
            37.44922
          ],
          [
            126.6495475,
            37.4496517
          ]
        ]
      },
      "properties": {
        "osm_way_id": "1215393150",
        "from_node_id": "osm-node-11257934927",
        "to_node_id": "osm-node-436836634",
        "direction_status": "DIRECTION_UNKNOWN",
        "oneway": null,
        "verification_status": "UNVERIFIED",
        "routable": false
      }
    },
    {
      "type": "Feature",
      "id": "osm-way-1215393151-segment-000-001",
      "geometry": {
        "type": "LineString",
        "coordinates": [
          [
            126.6486557,
            37.4510138
          ],
          [
            126.6482129,
            37.4518976
          ]
        ]
      },
      "properties": {
        "osm_way_id": "1215393151",
        "from_node_id": "osm-node-11257934947",
        "to_node_id": "osm-node-436836603",
        "direction_status": "DIRECTION_UNKNOWN",
        "oneway": null,
        "verification_status": "UNVERIFIED",
        "routable": false
      }
    },
    {
      "type": "Feature",
      "id": "osm-way-1223158572-segment-000-001",
      "geometry": {
        "type": "LineString",
        "coordinates": [
          [
            126.6479423,
            37.452929
          ],
          [
            126.6482567,
            37.4533899
          ]
        ]
      },
      "properties": {
        "osm_way_id": "1223158572",
        "from_node_id": "osm-node-436836606",
        "to_node_id": "osm-node-2881072424",
        "direction_status": "DIRECTION_UNKNOWN",
        "oneway": null,
        "verification_status": "UNVERIFIED",
        "routable": false
      }
    },
    {
      "type": "Feature",
      "id": "osm-way-1223158572-segment-001-002",
      "geometry": {
        "type": "LineString",
        "coordinates": [
          [
            126.6482567,
            37.4533899
          ],
          [
            126.6486432,
            37.4540095
          ]
        ]
      },
      "properties": {
        "osm_way_id": "1223158572",
        "from_node_id": "osm-node-2881072424",
        "to_node_id": "osm-node-2879019540",
        "direction_status": "DIRECTION_UNKNOWN",
        "oneway": null,
        "verification_status": "UNVERIFIED",
        "routable": false
      }
    },
    {
      "type": "Feature",
      "id": "osm-way-1223158572-segment-002-005",
      "geometry": {
        "type": "LineString",
        "coordinates": [
          [
            126.6486432,
            37.4540095
          ],
          [
            126.6489469,
            37.4544964
          ],
          [
            126.6495209,
            37.4554072
          ],
          [
            126.6496634,
            37.4556453
          ]
        ]
      },
      "properties": {
        "osm_way_id": "1223158572",
        "from_node_id": "osm-node-2879019540",
        "to_node_id": "osm-node-2856218036",
        "direction_status": "DIRECTION_UNKNOWN",
        "oneway": null,
        "verification_status": "UNVERIFIED",
        "routable": false
      }
    },
    {
      "type": "Feature",
      "id": "osm-way-1223158572-segment-005-009",
      "geometry": {
        "type": "LineString",
        "coordinates": [
          [
            126.6496634,
            37.4556453
          ],
          [
            126.6496899,
            37.4556878
          ],
          [
            126.6497874,
            37.4558441
          ],
          [
            126.6499244,
            37.4561015
          ],
          [
            126.6499796,
            37.4563619
          ]
        ]
      },
      "properties": {
        "osm_way_id": "1223158572",
        "from_node_id": "osm-node-2856218036",
        "to_node_id": "osm-node-436836610",
        "direction_status": "DIRECTION_UNKNOWN",
        "oneway": null,
        "verification_status": "UNVERIFIED",
        "routable": false
      }
    },
    {
      "type": "Feature",
      "id": "osm-way-1223158575-segment-000-008",
      "geometry": {
        "type": "LineString",
        "coordinates": [
          [
            126.6482129,
            37.4518976
          ],
          [
            126.6486647,
            37.4518723
          ],
          [
            126.6492031,
            37.4518886
          ],
          [
            126.6500416,
            37.4519081
          ],
          [
            126.6503815,
            37.4519338
          ],
          [
            126.6510362,
            37.4519832
          ],
          [
            126.6526557,
            37.4522214
          ],
          [
            126.6528817,
            37.4522344
          ],
          [
            126.65307,
            37.45222
          ]
        ]
      },
      "properties": {
        "osm_way_id": "1223158575",
        "from_node_id": "osm-node-436836603",
        "to_node_id": "osm-node-436868703",
        "direction_status": "DIRECTION_UNKNOWN",
        "oneway": null,
        "verification_status": "UNVERIFIED",
        "routable": false
      }
    },
    {
      "type": "Feature",
      "id": "osm-way-1223158575-segment-008-010",
      "geometry": {
        "type": "LineString",
        "coordinates": [
          [
            126.65307,
            37.45222
          ],
          [
            126.6533313,
            37.4521584
          ],
          [
            126.6537646,
            37.4520049
          ]
        ]
      },
      "properties": {
        "osm_way_id": "1223158575",
        "from_node_id": "osm-node-436868703",
        "to_node_id": "osm-node-2401071760",
        "direction_status": "DIRECTION_UNKNOWN",
        "oneway": null,
        "verification_status": "UNVERIFIED",
        "routable": false
      }
    },
    {
      "type": "Feature",
      "id": "osm-way-1223158575-segment-010-012",
      "geometry": {
        "type": "LineString",
        "coordinates": [
          [
            126.6537646,
            37.4520049
          ],
          [
            126.6546599,
            37.4517272
          ],
          [
            126.6546715,
            37.4517233
          ]
        ]
      },
      "properties": {
        "osm_way_id": "1223158575",
        "from_node_id": "osm-node-2401071760",
        "to_node_id": "osm-node-2262335934",
        "direction_status": "DIRECTION_UNKNOWN",
        "oneway": null,
        "verification_status": "UNVERIFIED",
        "routable": false
      }
    },
    {
      "type": "Feature",
      "id": "osm-way-1223158575-segment-012-013",
      "geometry": {
        "type": "LineString",
        "coordinates": [
          [
            126.6546715,
            37.4517233
          ],
          [
            126.6558634,
            37.4514268
          ]
        ]
      },
      "properties": {
        "osm_way_id": "1223158575",
        "from_node_id": "osm-node-2262335934",
        "to_node_id": "osm-node-2401071761",
        "direction_status": "DIRECTION_UNKNOWN",
        "oneway": null,
        "verification_status": "UNVERIFIED",
        "routable": false
      }
    },
    {
      "type": "Feature",
      "id": "osm-way-1223158575-segment-013-016",
      "geometry": {
        "type": "LineString",
        "coordinates": [
          [
            126.6558634,
            37.4514268
          ],
          [
            126.6560988,
            37.451364
          ],
          [
            126.6564433,
            37.4512721
          ],
          [
            126.6564766,
            37.4512632
          ]
        ]
      },
      "properties": {
        "osm_way_id": "1223158575",
        "from_node_id": "osm-node-2401071761",
        "to_node_id": "osm-node-436868707",
        "direction_status": "DIRECTION_UNKNOWN",
        "oneway": null,
        "verification_status": "UNVERIFIED",
        "routable": false
      }
    },
    {
      "type": "Feature",
      "id": "osm-way-1223158575-segment-016-017",
      "geometry": {
        "type": "LineString",
        "coordinates": [
          [
            126.6564766,
            37.4512632
          ],
          [
            126.6569674,
            37.4511411
          ]
        ]
      },
      "properties": {
        "osm_way_id": "1223158575",
        "from_node_id": "osm-node-436868707",
        "to_node_id": "osm-node-2401071755",
        "direction_status": "DIRECTION_UNKNOWN",
        "oneway": null,
        "verification_status": "UNVERIFIED",
        "routable": false
      }
    },
    {
      "type": "Feature",
      "id": "osm-way-1223158575-segment-017-019",
      "geometry": {
        "type": "LineString",
        "coordinates": [
          [
            126.6569674,
            37.4511411
          ],
          [
            126.657759,
            37.450929
          ],
          [
            126.6579184,
            37.4508863
          ]
        ]
      },
      "properties": {
        "osm_way_id": "1223158575",
        "from_node_id": "osm-node-2401071755",
        "to_node_id": "osm-node-4741759621",
        "direction_status": "DIRECTION_UNKNOWN",
        "oneway": null,
        "verification_status": "UNVERIFIED",
        "routable": false
      }
    },
    {
      "type": "Feature",
      "id": "osm-way-1223158575-segment-019-020",
      "geometry": {
        "type": "LineString",
        "coordinates": [
          [
            126.6579184,
            37.4508863
          ],
          [
            126.6583478,
            37.4507712
          ]
        ]
      },
      "properties": {
        "osm_way_id": "1223158575",
        "from_node_id": "osm-node-4741759621",
        "to_node_id": "osm-node-2877961305",
        "direction_status": "DIRECTION_UNKNOWN",
        "oneway": null,
        "verification_status": "UNVERIFIED",
        "routable": false
      }
    },
    {
      "type": "Feature",
      "id": "osm-way-1223158575-segment-020-031",
      "geometry": {
        "type": "LineString",
        "coordinates": [
          [
            126.6583478,
            37.4507712
          ],
          [
            126.659551,
            37.4504488
          ],
          [
            126.6598938,
            37.4503569
          ],
          [
            126.6613536,
            37.4499657
          ],
          [
            126.6614048,
            37.449952
          ],
          [
            126.6628126,
            37.4495747
          ],
          [
            126.6631692,
            37.4494719
          ],
          [
            126.6642888,
            37.4491493
          ],
          [
            126.6643918,
            37.4491592
          ],
          [
            126.6658101,
            37.4490524
          ],
          [
            126.6660991,
            37.4490306
          ],
          [
            126.667571,
            37.4488826
          ]
        ]
      },
      "properties": {
        "osm_way_id": "1223158575",
        "from_node_id": "osm-node-2877961305",
        "to_node_id": "osm-node-436879748",
        "direction_status": "DIRECTION_UNKNOWN",
        "oneway": null,
        "verification_status": "UNVERIFIED",
        "routable": false
      }
    },
    {
      "type": "Feature",
      "id": "osm-way-1390060991-segment-000-004",
      "geometry": {
        "type": "LineString",
        "coordinates": [
          [
            126.6532052,
            37.4445424
          ],
          [
            126.6536338,
            37.4452677
          ],
          [
            126.65378,
            37.445485
          ],
          [
            126.6539782,
            37.445826
          ],
          [
            126.6546057,
            37.4467792
          ]
        ]
      },
      "properties": {
        "osm_way_id": "1390060991",
        "from_node_id": "osm-node-12866720413",
        "to_node_id": "osm-node-12866720417",
        "direction_status": "DIRECTION_UNKNOWN",
        "oneway": null,
        "verification_status": "UNVERIFIED",
        "routable": false
      }
    },
    {
      "type": "Feature",
      "id": "osm-way-1416977807-segment-000-004",
      "geometry": {
        "type": "LineString",
        "coordinates": [
          [
            126.6498151,
            37.4452981
          ],
          [
            126.6501373,
            37.4452022
          ],
          [
            126.6502451,
            37.4451009
          ],
          [
            126.6503132,
            37.4449882
          ],
          [
            126.6503879,
            37.4447443
          ]
        ]
      },
      "properties": {
        "osm_way_id": "1416977807",
        "from_node_id": "osm-node-11257934902",
        "to_node_id": "osm-node-11257934906",
        "direction_status": "FORWARD_ONLY_CANDIDATE",
        "oneway": "yes",
        "verification_status": "UNVERIFIED",
        "routable": false
      }
    },
    {
      "type": "Feature",
      "id": "osm-way-1546646094-segment-000-001",
      "geometry": {
        "type": "LineString",
        "coordinates": [
          [
            126.6481582,
            37.4469254
          ],
          [
            126.6488257,
            37.4450627
          ]
        ]
      },
      "properties": {
        "osm_way_id": "1546646094",
        "from_node_id": "osm-node-14067346833",
        "to_node_id": "osm-node-14067346834",
        "direction_status": "DIRECTION_UNKNOWN",
        "oneway": null,
        "verification_status": "UNVERIFIED",
        "routable": false
      }
    }
  ],
  "source_query_bbox_wgs84": {
    "west_lon": 126.648,
    "south_lat": 37.445,
    "east_lon": 126.659,
    "north_lat": 37.454
  }
}
