{
  "type": "FeatureCollection",
  "name": "inha-campus-osm-road-candidates",
  "data_status": "CANDIDATE_ONLY",
  "verification_status": "UNVERIFIED",
  "source_sha256": "8eb03c576a7a924e3cb4ab263fba25245431d8d25881c86ee12e7b781b265a61",
  "coordinate_frame": "WGS84 longitude, latitude",
  "features": [
    {
      "type": "Feature",
      "id": "osm-way-37400830-segment-000-014",
      "geometry": {
        "type": "LineString",
        "coordinates": [
          [
            126.6482129,
            37.4518976
          ],
          [
            126.648,
            37.451944441008656
          ]
        ]
      },
      "properties": {
        "osm_way_id": "37400830",
        "source_from_node_id": "osm-node-436836603",
        "source_to_node_id": "osm-node-2425231803",
        "source_node_index_range": [
          0,
          14
        ],
        "direction_status": "DIRECTION_UNKNOWN",
        "verification_status": "UNVERIFIED",
        "routable": false,
        "geometry_scope": "CLIPPED_TO_SOURCE_QUERY_BBOX_DISPLAY_ONLY"
      }
    },
    {
      "type": "Feature",
      "id": "osm-way-71395177-segment-028-031",
      "geometry": {
        "type": "LineString",
        "coordinates": [
          [
            126.65208380673182,
            37.445
          ],
          [
            126.6516253,
            37.4451871
          ],
          [
            126.6513708,
            37.4452705
          ],
          [
            126.6512803,
            37.4452986
          ]
        ]
      },
      "properties": {
        "osm_way_id": "71395177",
        "source_from_node_id": "osm-node-12866720413",
        "source_to_node_id": "osm-node-11257934910",
        "source_node_index_range": [
          28,
          31
        ],
        "direction_status": "BIDIRECTIONAL_CANDIDATE",
        "verification_status": "UNVERIFIED",
        "routable": false,
        "geometry_scope": "CLIPPED_TO_SOURCE_QUERY_BBOX_DISPLAY_ONLY"
      }
    },
    {
      "type": "Feature",
      "id": "osm-way-71395177-segment-031-032",
      "geometry": {
        "type": "LineString",
        "coordinates": [
          [
            126.6512803,
            37.4452986
          ],
          [
            126.6511351,
            37.4453438
          ]
        ]
      },
      "properties": {
        "osm_way_id": "71395177",
        "source_from_node_id": "osm-node-11257934910",
        "source_to_node_id": "osm-node-436830039",
        "source_node_index_range": [
          31,
          32
        ],
        "direction_status": "BIDIRECTIONAL_CANDIDATE",
        "verification_status": "UNVERIFIED",
        "routable": false,
        "geometry_scope": "CLIPPED_TO_SOURCE_QUERY_BBOX_DISPLAY_ONLY"
      }
    },
    {
      "type": "Feature",
      "id": "osm-way-71395177-segment-032-035",
      "geometry": {
        "type": "LineString",
        "coordinates": [
          [
            126.6511351,
            37.4453438
          ],
          [
            126.6509646,
            37.4453824
          ],
          [
            126.6507206,
            37.4454153
          ],
          [
            126.6504795,
            37.4454029
          ]
        ]
      },
      "properties": {
        "osm_way_id": "71395177",
        "source_from_node_id": "osm-node-436830039",
        "source_to_node_id": "osm-node-436830040",
        "source_node_index_range": [
          32,
          35
        ],
        "direction_status": "BIDIRECTIONAL_CANDIDATE",
        "verification_status": "UNVERIFIED",
        "routable": false,
        "geometry_scope": "CLIPPED_TO_SOURCE_QUERY_BBOX_DISPLAY_ONLY"
      }
    },
    {
      "type": "Feature",
      "id": "osm-way-71395177-segment-035-038",
      "geometry": {
        "type": "LineString",
        "coordinates": [
          [
            126.6504795,
            37.4454029
          ],
          [
            126.6502649,
            37.4453873
          ],
          [
            126.6500351,
            37.4453504
          ],
          [
            126.6498151,
            37.4452981
          ]
        ]
      },
      "properties": {
        "osm_way_id": "71395177",
        "source_from_node_id": "osm-node-436830040",
        "source_to_node_id": "osm-node-11257934902",
        "source_node_index_range": [
          35,
          38
        ],
        "direction_status": "BIDIRECTIONAL_CANDIDATE",
        "verification_status": "UNVERIFIED",
        "routable": false,
        "geometry_scope": "CLIPPED_TO_SOURCE_QUERY_BBOX_DISPLAY_ONLY"
      }
    },
    {
      "type": "Feature",
      "id": "osm-way-71395177-segment-038-039",
      "geometry": {
        "type": "LineString",
        "coordinates": [
          [
            126.6498151,
            37.4452981
          ],
          [
            126.6488257,
            37.4450627
          ]
        ]
      },
      "properties": {
        "osm_way_id": "71395177",
        "source_from_node_id": "osm-node-11257934902",
        "source_to_node_id": "osm-node-14067346834",
        "source_node_index_range": [
          38,
          39
        ],
        "direction_status": "BIDIRECTIONAL_CANDIDATE",
        "verification_status": "UNVERIFIED",
        "routable": false,
        "geometry_scope": "CLIPPED_TO_SOURCE_QUERY_BBOX_DISPLAY_ONLY"
      }
    },
    {
      "type": "Feature",
      "id": "osm-way-71395177-segment-039-040",
      "geometry": {
        "type": "LineString",
        "coordinates": [
          [
            126.6488257,
            37.4450627
          ],
          [
            126.64856194430938,
            37.445
          ]
        ]
      },
      "properties": {
        "osm_way_id": "71395177",
        "source_from_node_id": "osm-node-14067346834",
        "source_to_node_id": "osm-node-8841043778",
        "source_node_index_range": [
          39,
          40
        ],
        "direction_status": "BIDIRECTIONAL_CANDIDATE",
        "verification_status": "UNVERIFIED",
        "routable": false,
        "geometry_scope": "CLIPPED_TO_SOURCE_QUERY_BBOX_DISPLAY_ONLY"
      }
    },
    {
      "type": "Feature",
      "id": "osm-way-165484707-segment-000-003",
      "geometry": {
        "type": "LineString",
        "coordinates": [
          [
            126.656548,
            37.4460547
          ],
          [
            126.6565064,
            37.4459894
          ],
          [
            126.6564848,
            37.4459554
          ],
          [
            126.6562796,
            37.4456335
          ]
        ]
      },
      "properties": {
        "osm_way_id": "165484707",
        "source_from_node_id": "osm-node-1770237413",
        "source_to_node_id": "osm-node-4958020927",
        "source_node_index_range": [
          0,
          3
        ],
        "direction_status": "BIDIRECTIONAL_CANDIDATE",
        "verification_status": "UNVERIFIED",
        "routable": false,
        "geometry_scope": "CLIPPED_TO_SOURCE_QUERY_BBOX_DISPLAY_ONLY"
      }
    },
    {
      "type": "Feature",
      "id": "osm-way-165484707-segment-003-006",
      "geometry": {
        "type": "LineString",
        "coordinates": [
          [
            126.6562796,
            37.4456335
          ],
          [
            126.6558782,
            37.4450036
          ],
          [
            126.65587590601756,
            37.445
          ]
        ]
      },
      "properties": {
        "osm_way_id": "165484707",
        "source_from_node_id": "osm-node-4958020927",
        "source_to_node_id": "osm-node-4703015310",
        "source_node_index_range": [
          3,
          6
        ],
        "direction_status": "BIDIRECTIONAL_CANDIDATE",
        "verification_status": "UNVERIFIED",
        "routable": false,
        "geometry_scope": "CLIPPED_TO_SOURCE_QUERY_BBOX_DISPLAY_ONLY"
      }
    },
    {
      "type": "Feature",
      "id": "osm-way-216916382-segment-000-001",
      "geometry": {
        "type": "LineString",
        "coordinates": [
          [
            126.6573682,
            37.4504694
          ],
          [
            126.6568015,
            37.4507178
          ]
        ]
      },
      "properties": {
        "osm_way_id": "216916382",
        "source_from_node_id": "osm-node-2262335941",
        "source_to_node_id": "osm-node-4741759513",
        "source_node_index_range": [
          0,
          1
        ],
        "direction_status": "DIRECTION_UNKNOWN",
        "verification_status": "UNVERIFIED",
        "routable": false,
        "geometry_scope": "CLIPPED_TO_SOURCE_QUERY_BBOX_DISPLAY_ONLY"
      }
    },
    {
      "type": "Feature",
      "id": "osm-way-216916382-segment-001-004",
      "geometry": {
        "type": "LineString",
        "coordinates": [
          [
            126.6568015,
            37.4507178
          ],
          [
            126.6566735,
            37.4507791
          ],
          [
            126.6567214,
            37.450971
          ],
          [
            126.6564949,
            37.4510135
          ]
        ]
      },
      "properties": {
        "osm_way_id": "216916382",
        "source_from_node_id": "osm-node-4741759513",
        "source_to_node_id": "osm-node-4741759450",
        "source_node_index_range": [
          1,
          4
        ],
        "direction_status": "DIRECTION_UNKNOWN",
        "verification_status": "UNVERIFIED",
        "routable": false,
        "geometry_scope": "CLIPPED_TO_SOURCE_QUERY_BBOX_DISPLAY_ONLY"
      }
    },
    {
      "type": "Feature",
      "id": "osm-way-216916382-segment-004-005",
      "geometry": {
        "type": "LineString",
        "coordinates": [
          [
            126.6564949,
            37.4510135
          ],
          [
            126.656379,
            37.4510352
          ]
        ]
      },
      "properties": {
        "osm_way_id": "216916382",
        "source_from_node_id": "osm-node-4741759450",
        "source_to_node_id": "osm-node-2262335939",
        "source_node_index_range": [
          4,
          5
        ],
        "direction_status": "DIRECTION_UNKNOWN",
        "verification_status": "UNVERIFIED",
        "routable": false,
        "geometry_scope": "CLIPPED_TO_SOURCE_QUERY_BBOX_DISPLAY_ONLY"
      }
    },
    {
      "type": "Feature",
      "id": "osm-way-216916383-segment-000-002",
      "geometry": {
        "type": "LineString",
        "coordinates": [
          [
            126.6564766,
            37.4512632
          ],
          [
            126.6564271,
            37.4511471
          ],
          [
            126.656379,
            37.4510352
          ]
        ]
      },
      "properties": {
        "osm_way_id": "216916383",
        "source_from_node_id": "osm-node-436868707",
        "source_to_node_id": "osm-node-2262335939",
        "source_node_index_range": [
          0,
          2
        ],
        "direction_status": "DIRECTION_UNKNOWN",
        "verification_status": "UNVERIFIED",
        "routable": false,
        "geometry_scope": "CLIPPED_TO_SOURCE_QUERY_BBOX_DISPLAY_ONLY"
      }
    },
    {
      "type": "Feature",
      "id": "osm-way-216916383-segment-002-004",
      "geometry": {
        "type": "LineString",
        "coordinates": [
          [
            126.656379,
            37.4510352
          ],
          [
            126.6559488,
            37.4511371
          ],
          [
            126.6549418,
            37.4513755
          ]
        ]
      },
      "properties": {
        "osm_way_id": "216916383",
        "source_from_node_id": "osm-node-2262335939",
        "source_to_node_id": "osm-node-2262335940",
        "source_node_index_range": [
          2,
          4
        ],
        "direction_status": "DIRECTION_UNKNOWN",
        "verification_status": "UNVERIFIED",
        "routable": false,
        "geometry_scope": "CLIPPED_TO_SOURCE_QUERY_BBOX_DISPLAY_ONLY"
      }
    },
    {
      "type": "Feature",
      "id": "osm-way-216916383-segment-004-005",
      "geometry": {
        "type": "LineString",
        "coordinates": [
          [
            126.6549418,
            37.4513755
          ],
          [
            126.6544702,
            37.4514903
          ]
        ]
      },
      "properties": {
        "osm_way_id": "216916383",
        "source_from_node_id": "osm-node-2262335940",
        "source_to_node_id": "osm-node-2262335931",
        "source_node_index_range": [
          4,
          5
        ],
        "direction_status": "DIRECTION_UNKNOWN",
        "verification_status": "UNVERIFIED",
        "routable": false,
        "geometry_scope": "CLIPPED_TO_SOURCE_QUERY_BBOX_DISPLAY_ONLY"
      }
    },
    {
      "type": "Feature",
      "id": "osm-way-216916384-segment-000-001",
      "geometry": {
        "type": "LineString",
        "coordinates": [
          [
            126.6554559,
            37.4496873
          ],
          [
            126.65544,
            37.4496945
          ]
        ]
      },
      "properties": {
        "osm_way_id": "216916384",
        "source_from_node_id": "osm-node-2262335935",
        "source_to_node_id": "osm-node-4741759453",
        "source_node_index_range": [
          0,
          1
        ],
        "direction_status": "DIRECTION_UNKNOWN",
        "verification_status": "UNVERIFIED",
        "routable": false,
        "geometry_scope": "CLIPPED_TO_SOURCE_QUERY_BBOX_DISPLAY_ONLY"
      }
    },
    {
      "type": "Feature",
      "id": "osm-way-216916384-segment-001-002",
      "geometry": {
        "type": "LineString",
        "coordinates": [
          [
            126.65544,
            37.4496945
          ],
          [
            126.6548005,
            37.4499825
          ]
        ]
      },
      "properties": {
        "osm_way_id": "216916384",
        "source_from_node_id": "osm-node-4741759453",
        "source_to_node_id": "osm-node-4741759509",
        "source_node_index_range": [
          1,
          2
        ],
        "direction_status": "DIRECTION_UNKNOWN",
        "verification_status": "UNVERIFIED",
        "routable": false,
        "geometry_scope": "CLIPPED_TO_SOURCE_QUERY_BBOX_DISPLAY_ONLY"
      }
    },
    {
      "type": "Feature",
      "id": "osm-way-216916384-segment-002-003",
      "geometry": {
        "type": "LineString",
        "coordinates": [
          [
            126.6548005,
            37.4499825
          ],
          [
            126.6541191,
            37.4502665
          ]
        ]
      },
      "properties": {
        "osm_way_id": "216916384",
        "source_from_node_id": "osm-node-4741759509",
        "source_to_node_id": "osm-node-2262335936",
        "source_node_index_range": [
          2,
          3
        ],
        "direction_status": "DIRECTION_UNKNOWN",
        "verification_status": "UNVERIFIED",
        "routable": false,
        "geometry_scope": "CLIPPED_TO_SOURCE_QUERY_BBOX_DISPLAY_ONLY"
      }
    },
    {
      "type": "Feature",
      "id": "osm-way-216916384-segment-003-005",
      "geometry": {
        "type": "LineString",
        "coordinates": [
          [
            126.6541191,
            37.4502665
          ],
          [
            126.654378,
            37.4506113
          ],
          [
            126.654571,
            37.4508684
          ]
        ]
      },
      "properties": {
        "osm_way_id": "216916384",
        "source_from_node_id": "osm-node-2262335936",
        "source_to_node_id": "osm-node-4741759458",
        "source_node_index_range": [
          3,
          5
        ],
        "direction_status": "DIRECTION_UNKNOWN",
        "verification_status": "UNVERIFIED",
        "routable": false,
        "geometry_scope": "CLIPPED_TO_SOURCE_QUERY_BBOX_DISPLAY_ONLY"
      }
    },
    {
      "type": "Feature",
      "id": "osm-way-216916384-segment-005-006",
      "geometry": {
        "type": "LineString",
        "coordinates": [
          [
            126.654571,
            37.4508684
          ],
          [
            126.6549418,
            37.4513755
          ]
        ]
      },
      "properties": {
        "osm_way_id": "216916384",
        "source_from_node_id": "osm-node-4741759458",
        "source_to_node_id": "osm-node-2262335940",
        "source_node_index_range": [
          5,
          6
        ],
        "direction_status": "DIRECTION_UNKNOWN",
        "verification_status": "UNVERIFIED",
        "routable": false,
        "geometry_scope": "CLIPPED_TO_SOURCE_QUERY_BBOX_DISPLAY_ONLY"
      }
    },
    {
      "type": "Feature",
      "id": "osm-way-216916385-segment-000-001",
      "geometry": {
        "type": "LineString",
        "coordinates": [
          [
            126.6554559,
            37.4496873
          ],
          [
            126.656379,
            37.4510352
          ]
        ]
      },
      "properties": {
        "osm_way_id": "216916385",
        "source_from_node_id": "osm-node-2262335935",
        "source_to_node_id": "osm-node-2262335939",
        "source_node_index_range": [
          0,
          1
        ],
        "direction_status": "DIRECTION_UNKNOWN",
        "verification_status": "UNVERIFIED",
        "routable": false,
        "geometry_scope": "CLIPPED_TO_SOURCE_QUERY_BBOX_DISPLAY_ONLY"
      }
    },
    {
      "type": "Feature",
      "id": "osm-way-231774838-segment-000-024",
      "geometry": {
        "type": "LineString",
        "coordinates": [
          [
            126.659,
            37.453778312231854
          ],
          [
            126.6586179,
            37.4536846
          ]
        ]
      },
      "properties": {
        "osm_way_id": "231774838",
        "source_from_node_id": "osm-node-2429042941",
        "source_to_node_id": "osm-node-2855690575",
        "source_node_index_range": [
          0,
          24
        ],
        "direction_status": "DIRECTION_UNKNOWN",
        "verification_status": "UNVERIFIED",
        "routable": false,
        "geometry_scope": "CLIPPED_TO_SOURCE_QUERY_BBOX_DISPLAY_ONLY"
      }
    },
    {
      "type": "Feature",
      "id": "osm-way-231774839-segment-000-002",
      "geometry": {
        "type": "LineString",
        "coordinates": [
          [
            126.659,
            37.45331446998706
          ],
          [
            126.6589604,
            37.4533053
          ],
          [
            126.6577903,
            37.4530348
          ]
        ]
      },
      "properties": {
        "osm_way_id": "231774839",
        "source_from_node_id": "osm-node-2855690581",
        "source_to_node_id": "osm-node-2401071758",
        "source_node_index_range": [
          0,
          2
        ],
        "direction_status": "FORWARD_ONLY_CANDIDATE",
        "verification_status": "UNVERIFIED",
        "routable": false,
        "geometry_scope": "CLIPPED_TO_SOURCE_QUERY_BBOX_DISPLAY_ONLY"
      }
    },
    {
      "type": "Feature",
      "id": "osm-way-231774839-segment-002-003",
      "geometry": {
        "type": "LineString",
        "coordinates": [
          [
            126.6577903,
            37.4530348
          ],
          [
            126.656357,
            37.4526691
          ]
        ]
      },
      "properties": {
        "osm_way_id": "231774839",
        "source_from_node_id": "osm-node-2401071758",
        "source_to_node_id": "osm-node-2429042810",
        "source_node_index_range": [
          2,
          3
        ],
        "direction_status": "FORWARD_ONLY_CANDIDATE",
        "verification_status": "UNVERIFIED",
        "routable": false,
        "geometry_scope": "CLIPPED_TO_SOURCE_QUERY_BBOX_DISPLAY_ONLY"
      }
    },
    {
      "type": "Feature",
      "id": "osm-way-231774839-segment-003-005",
      "geometry": {
        "type": "LineString",
        "coordinates": [
          [
            126.656357,
            37.4526691
          ],
          [
            126.6559249,
            37.4525584
          ],
          [
            126.655,
            37.4523214
          ]
        ]
      },
      "properties": {
        "osm_way_id": "231774839",
        "source_from_node_id": "osm-node-2429042810",
        "source_to_node_id": "osm-node-2445317859",
        "source_node_index_range": [
          3,
          5
        ],
        "direction_status": "FORWARD_ONLY_CANDIDATE",
        "verification_status": "UNVERIFIED",
        "routable": false,
        "geometry_scope": "CLIPPED_TO_SOURCE_QUERY_BBOX_DISPLAY_ONLY"
      }
    },
    {
      "type": "Feature",
      "id": "osm-way-231774839-segment-005-007",
      "geometry": {
        "type": "LineString",
        "coordinates": [
          [
            126.655,
            37.4523214
          ],
          [
            126.6544168,
            37.452172
          ],
          [
            126.6537646,
            37.4520049
          ]
        ]
      },
      "properties": {
        "osm_way_id": "231774839",
        "source_from_node_id": "osm-node-2445317859",
        "source_to_node_id": "osm-node-2401071760",
        "source_node_index_range": [
          5,
          7
        ],
        "direction_status": "FORWARD_ONLY_CANDIDATE",
        "verification_status": "UNVERIFIED",
        "routable": false,
        "geometry_scope": "CLIPPED_TO_SOURCE_QUERY_BBOX_DISPLAY_ONLY"
      }
    },
    {
      "type": "Feature",
      "id": "osm-way-231774841-segment-000-002",
      "geometry": {
        "type": "LineString",
        "coordinates": [
          [
            126.6563589,
            37.4525422
          ],
          [
            126.6571024,
            37.4523462
          ],
          [
            126.657465,
            37.4522506
          ]
        ]
      },
      "properties": {
        "osm_way_id": "231774841",
        "source_from_node_id": "osm-node-2401071757",
        "source_to_node_id": "osm-node-2401071756",
        "source_node_index_range": [
          0,
          2
        ],
        "direction_status": "DIRECTION_UNKNOWN",
        "verification_status": "UNVERIFIED",
        "routable": false,
        "geometry_scope": "CLIPPED_TO_SOURCE_QUERY_BBOX_DISPLAY_ONLY"
      }
    },
    {
      "type": "Feature",
      "id": "osm-way-231774843-segment-000-001",
      "geometry": {
        "type": "LineString",
        "coordinates": [
          [
            126.6558634,
            37.4514268
          ],
          [
            126.6559989,
            37.4517294
          ]
        ]
      },
      "properties": {
        "osm_way_id": "231774843",
        "source_from_node_id": "osm-node-2401071761",
        "source_to_node_id": "osm-node-10058120920",
        "source_node_index_range": [
          0,
          1
        ],
        "direction_status": "DIRECTION_UNKNOWN",
        "verification_status": "UNVERIFIED",
        "routable": false,
        "geometry_scope": "CLIPPED_TO_SOURCE_QUERY_BBOX_DISPLAY_ONLY"
      }
    },
    {
      "type": "Feature",
      "id": "osm-way-231774843-segment-001-002",
      "geometry": {
        "type": "LineString",
        "coordinates": [
          [
            126.6559989,
            37.4517294
          ],
          [
            126.6561261,
            37.4520136
          ]
        ]
      },
      "properties": {
        "osm_way_id": "231774843",
        "source_from_node_id": "osm-node-10058120920",
        "source_to_node_id": "osm-node-4309918709",
        "source_node_index_range": [
          1,
          2
        ],
        "direction_status": "DIRECTION_UNKNOWN",
        "verification_status": "UNVERIFIED",
        "routable": false,
        "geometry_scope": "CLIPPED_TO_SOURCE_QUERY_BBOX_DISPLAY_ONLY"
      }
    },
    {
      "type": "Feature",
      "id": "osm-way-231774843-segment-002-003",
      "geometry": {
        "type": "LineString",
        "coordinates": [
          [
            126.6561261,
            37.4520136
          ],
          [
            126.6563589,
            37.4525422
          ]
        ]
      },
      "properties": {
        "osm_way_id": "231774843",
        "source_from_node_id": "osm-node-4309918709",
        "source_to_node_id": "osm-node-2401071757",
        "source_node_index_range": [
          2,
          3
        ],
        "direction_status": "DIRECTION_UNKNOWN",
        "verification_status": "UNVERIFIED",
        "routable": false,
        "geometry_scope": "CLIPPED_TO_SOURCE_QUERY_BBOX_DISPLAY_ONLY"
      }
    },
    {
      "type": "Feature",
      "id": "osm-way-231774843-segment-003-004",
      "geometry": {
        "type": "LineString",
        "coordinates": [
          [
            126.6563589,
            37.4525422
          ],
          [
            126.656357,
            37.4526691
          ]
        ]
      },
      "properties": {
        "osm_way_id": "231774843",
        "source_from_node_id": "osm-node-2401071757",
        "source_to_node_id": "osm-node-2429042810",
        "source_node_index_range": [
          3,
          4
        ],
        "direction_status": "DIRECTION_UNKNOWN",
        "verification_status": "UNVERIFIED",
        "routable": false,
        "geometry_scope": "CLIPPED_TO_SOURCE_QUERY_BBOX_DISPLAY_ONLY"
      }
    },
    {
      "type": "Feature",
      "id": "osm-way-231774843-segment-004-005",
      "geometry": {
        "type": "LineString",
        "coordinates": [
          [
            126.656357,
            37.4526691
          ],
          [
            126.6562076,
            37.4530877
          ]
        ]
      },
      "properties": {
        "osm_way_id": "231774843",
        "source_from_node_id": "osm-node-2429042810",
        "source_to_node_id": "osm-node-2401071762",
        "source_node_index_range": [
          4,
          5
        ],
        "direction_status": "DIRECTION_UNKNOWN",
        "verification_status": "UNVERIFIED",
        "routable": false,
        "geometry_scope": "CLIPPED_TO_SOURCE_QUERY_BBOX_DISPLAY_ONLY"
      }
    },
    {
      "type": "Feature",
      "id": "osm-way-234766657-segment-000-015",
      "geometry": {
        "type": "LineString",
        "coordinates": [
          [
            126.65885057749816,
            37.454
          ],
          [
            126.653597,
            37.4526996
          ],
          [
            126.6525714,
            37.4524942
          ],
          [
            126.6518604,
            37.4523767
          ],
          [
            126.6511698,
            37.4522919
          ],
          [
            126.6503335,
            37.4522233
          ],
          [
            126.6494416,
            37.4522102
          ],
          [
            126.6484389,
            37.4522211
          ]
        ]
      },
      "properties": {
        "osm_way_id": "234766657",
        "source_from_node_id": "osm-node-436222348",
        "source_to_node_id": "osm-node-436222363",
        "source_node_index_range": [
          0,
          15
        ],
        "direction_status": "FORWARD_ONLY_CANDIDATE",
        "verification_status": "UNVERIFIED",
        "routable": false,
        "geometry_scope": "CLIPPED_TO_SOURCE_QUERY_BBOX_DISPLAY_ONLY"
      }
    },
    {
      "type": "Feature",
      "id": "osm-way-234766658-segment-000-007",
      "geometry": {
        "type": "LineString",
        "coordinates": [
          [
            126.6484831,
            37.4520878
          ],
          [
            126.6494424,
            37.4520629
          ],
          [
            126.6503426,
            37.4520651
          ],
          [
            126.6512275,
            37.4521617
          ],
          [
            126.6519015,
            37.452269
          ],
          [
            126.6526125,
            37.4523865
          ],
          [
            126.6536153,
            37.4525904
          ],
          [
            126.658646,
            37.4538366
          ]
        ]
      },
      "properties": {
        "osm_way_id": "234766658",
        "source_from_node_id": "osm-node-436222330",
        "source_to_node_id": "osm-node-6231555715",
        "source_node_index_range": [
          0,
          7
        ],
        "direction_status": "FORWARD_ONLY_CANDIDATE",
        "verification_status": "UNVERIFIED",
        "routable": false,
        "geometry_scope": "CLIPPED_TO_SOURCE_QUERY_BBOX_DISPLAY_ONLY"
      }
    },
    {
      "type": "Feature",
      "id": "osm-way-234766658-segment-007-016",
      "geometry": {
        "type": "LineString",
        "coordinates": [
          [
            126.658646,
            37.4538366
          ],
          [
            126.659,
            37.453924297637066
          ]
        ]
      },
      "properties": {
        "osm_way_id": "234766658",
        "source_from_node_id": "osm-node-6231555715",
        "source_to_node_id": "osm-node-2429042939",
        "source_node_index_range": [
          7,
          16
        ],
        "direction_status": "FORWARD_ONLY_CANDIDATE",
        "verification_status": "UNVERIFIED",
        "routable": false,
        "geometry_scope": "CLIPPED_TO_SOURCE_QUERY_BBOX_DISPLAY_ONLY"
      }
    },
    {
      "type": "Feature",
      "id": "osm-way-234766669-segment-000-001",
      "geometry": {
        "type": "LineString",
        "coordinates": [
          [
            126.6484389,
            37.4522211
          ],
          [
            126.648,
            37.45226181972934
          ]
        ]
      },
      "properties": {
        "osm_way_id": "234766669",
        "source_from_node_id": "osm-node-436222363",
        "source_to_node_id": "osm-node-436222364",
        "source_node_index_range": [
          0,
          1
        ],
        "direction_status": "FORWARD_ONLY_CANDIDATE",
        "verification_status": "UNVERIFIED",
        "routable": false,
        "geometry_scope": "CLIPPED_TO_SOURCE_QUERY_BBOX_DISPLAY_ONLY"
      }
    },
    {
      "type": "Feature",
      "id": "osm-way-234766670-segment-000-001",
      "geometry": {
        "type": "LineString",
        "coordinates": [
          [
            126.648,
            37.45214445683978
          ],
          [
            126.6484831,
            37.4520878
          ]
        ]
      },
      "properties": {
        "osm_way_id": "234766670",
        "source_from_node_id": "osm-node-436222329",
        "source_to_node_id": "osm-node-436222330",
        "source_node_index_range": [
          0,
          1
        ],
        "direction_status": "FORWARD_ONLY_CANDIDATE",
        "verification_status": "UNVERIFIED",
        "routable": false,
        "geometry_scope": "CLIPPED_TO_SOURCE_QUERY_BBOX_DISPLAY_ONLY"
      }
    },
    {
      "type": "Feature",
      "id": "osm-way-234766709-segment-000-019",
      "geometry": {
        "type": "LineString",
        "coordinates": [
          [
            126.6583949915383,
            37.454
          ],
          [
            126.6582446,
            37.4539649
          ]
        ]
      },
      "properties": {
        "osm_way_id": "234766709",
        "source_from_node_id": "osm-node-2429042945",
        "source_to_node_id": "osm-node-2855690586",
        "source_node_index_range": [
          0,
          19
        ],
        "direction_status": "DIRECTION_UNKNOWN",
        "verification_status": "UNVERIFIED",
        "routable": false,
        "geometry_scope": "CLIPPED_TO_SOURCE_QUERY_BBOX_DISPLAY_ONLY"
      }
    },
    {
      "type": "Feature",
      "id": "osm-way-234766709-segment-019-020",
      "geometry": {
        "type": "LineString",
        "coordinates": [
          [
            126.6582446,
            37.4539649
          ],
          [
            126.6579119,
            37.4538829
          ]
        ]
      },
      "properties": {
        "osm_way_id": "234766709",
        "source_from_node_id": "osm-node-2855690586",
        "source_to_node_id": "osm-node-2876922894",
        "source_node_index_range": [
          19,
          20
        ],
        "direction_status": "DIRECTION_UNKNOWN",
        "verification_status": "UNVERIFIED",
        "routable": false,
        "geometry_scope": "CLIPPED_TO_SOURCE_QUERY_BBOX_DISPLAY_ONLY"
      }
    },
    {
      "type": "Feature",
      "id": "osm-way-234766709-segment-020-022",
      "geometry": {
        "type": "LineString",
        "coordinates": [
          [
            126.6579119,
            37.4538829
          ],
          [
            126.6573752,
            37.4537506
          ],
          [
            126.6567763,
            37.4536029
          ]
        ]
      },
      "properties": {
        "osm_way_id": "234766709",
        "source_from_node_id": "osm-node-2876922894",
        "source_to_node_id": "osm-node-2856212864",
        "source_node_index_range": [
          20,
          22
        ],
        "direction_status": "DIRECTION_UNKNOWN",
        "verification_status": "UNVERIFIED",
        "routable": false,
        "geometry_scope": "CLIPPED_TO_SOURCE_QUERY_BBOX_DISPLAY_ONLY"
      }
    },
    {
      "type": "Feature",
      "id": "osm-way-234766709-segment-022-023",
      "geometry": {
        "type": "LineString",
        "coordinates": [
          [
            126.6567763,
            37.4536029
          ],
          [
            126.6556916,
            37.4533355
          ]
        ]
      },
      "properties": {
        "osm_way_id": "234766709",
        "source_from_node_id": "osm-node-2856212864",
        "source_to_node_id": "osm-node-2856199554",
        "source_node_index_range": [
          22,
          23
        ],
        "direction_status": "DIRECTION_UNKNOWN",
        "verification_status": "UNVERIFIED",
        "routable": false,
        "geometry_scope": "CLIPPED_TO_SOURCE_QUERY_BBOX_DISPLAY_ONLY"
      }
    },
    {
      "type": "Feature",
      "id": "osm-way-234766709-segment-023-024",
      "geometry": {
        "type": "LineString",
        "coordinates": [
          [
            126.6556916,
            37.4533355
          ],
          [
            126.6551771,
            37.4532086
          ]
        ]
      },
      "properties": {
        "osm_way_id": "234766709",
        "source_from_node_id": "osm-node-2856199554",
        "source_to_node_id": "osm-node-2856210695",
        "source_node_index_range": [
          23,
          24
        ],
        "direction_status": "DIRECTION_UNKNOWN",
        "verification_status": "UNVERIFIED",
        "routable": false,
        "geometry_scope": "CLIPPED_TO_SOURCE_QUERY_BBOX_DISPLAY_ONLY"
      }
    },
    {
      "type": "Feature",
      "id": "osm-way-234766709-segment-024-026",
      "geometry": {
        "type": "LineString",
        "coordinates": [
          [
            126.6551771,
            37.4532086
          ],
          [
            126.6535444,
            37.4528061
          ],
          [
            126.6526903,
            37.4526442
          ]
        ]
      },
      "properties": {
        "osm_way_id": "234766709",
        "source_from_node_id": "osm-node-2856210695",
        "source_to_node_id": "osm-node-2856199591",
        "source_node_index_range": [
          24,
          26
        ],
        "direction_status": "DIRECTION_UNKNOWN",
        "verification_status": "UNVERIFIED",
        "routable": false,
        "geometry_scope": "CLIPPED_TO_SOURCE_QUERY_BBOX_DISPLAY_ONLY"
      }
    },
    {
      "type": "Feature",
      "id": "osm-way-234766709-segment-026-028",
      "geometry": {
        "type": "LineString",
        "coordinates": [
          [
            126.6526903,
            37.4526442
          ],
          [
            126.6523066,
            37.4525715
          ],
          [
            126.6521661,
            37.4525501
          ]
        ]
      },
      "properties": {
        "osm_way_id": "234766709",
        "source_from_node_id": "osm-node-2856199591",
        "source_to_node_id": "osm-node-2856218070",
        "source_node_index_range": [
          26,
          28
        ],
        "direction_status": "DIRECTION_UNKNOWN",
        "verification_status": "UNVERIFIED",
        "routable": false,
        "geometry_scope": "CLIPPED_TO_SOURCE_QUERY_BBOX_DISPLAY_ONLY"
      }
    },
    {
      "type": "Feature",
      "id": "osm-way-234766709-segment-028-031",
      "geometry": {
        "type": "LineString",
        "coordinates": [
          [
            126.6521661,
            37.4525501
          ],
          [
            126.6514398,
            37.4524397
          ],
          [
            126.6503509,
            37.4523428
          ],
          [
            126.6502727,
            37.4523408
          ]
        ]
      },
      "properties": {
        "osm_way_id": "234766709",
        "source_from_node_id": "osm-node-2856218070",
        "source_to_node_id": "osm-node-2881072448",
        "source_node_index_range": [
          28,
          31
        ],
        "direction_status": "DIRECTION_UNKNOWN",
        "verification_status": "UNVERIFIED",
        "routable": false,
        "geometry_scope": "CLIPPED_TO_SOURCE_QUERY_BBOX_DISPLAY_ONLY"
      }
    },
    {
      "type": "Feature",
      "id": "osm-way-234766709-segment-031-033",
      "geometry": {
        "type": "LineString",
        "coordinates": [
          [
            126.6502727,
            37.4523408
          ],
          [
            126.6494426,
            37.4523196
          ],
          [
            126.6493821,
            37.4523213
          ]
        ]
      },
      "properties": {
        "osm_way_id": "234766709",
        "source_from_node_id": "osm-node-2881072448",
        "source_to_node_id": "osm-node-2881072422",
        "source_node_index_range": [
          31,
          33
        ],
        "direction_status": "DIRECTION_UNKNOWN",
        "verification_status": "UNVERIFIED",
        "routable": false,
        "geometry_scope": "CLIPPED_TO_SOURCE_QUERY_BBOX_DISPLAY_ONLY"
      }
    },
    {
      "type": "Feature",
      "id": "osm-way-234766709-segment-033-035",
      "geometry": {
        "type": "LineString",
        "coordinates": [
          [
            126.6493821,
            37.4523213
          ],
          [
            126.6486759,
            37.4523409
          ],
          [
            126.6483647,
            37.4523447
          ]
        ]
      },
      "properties": {
        "osm_way_id": "234766709",
        "source_from_node_id": "osm-node-2881072422",
        "source_to_node_id": "osm-node-2881072435",
        "source_node_index_range": [
          33,
          35
        ],
        "direction_status": "DIRECTION_UNKNOWN",
        "verification_status": "UNVERIFIED",
        "routable": false,
        "geometry_scope": "CLIPPED_TO_SOURCE_QUERY_BBOX_DISPLAY_ONLY"
      }
    },
    {
      "type": "Feature",
      "id": "osm-way-234766709-segment-035-036",
      "geometry": {
        "type": "LineString",
        "coordinates": [
          [
            126.6483647,
            37.4523447
          ],
          [
            126.6480814,
            37.4524009
          ]
        ]
      },
      "properties": {
        "osm_way_id": "234766709",
        "source_from_node_id": "osm-node-2881072435",
        "source_to_node_id": "osm-node-2881072426",
        "source_node_index_range": [
          35,
          36
        ],
        "direction_status": "DIRECTION_UNKNOWN",
        "verification_status": "UNVERIFIED",
        "routable": false,
        "geometry_scope": "CLIPPED_TO_SOURCE_QUERY_BBOX_DISPLAY_ONLY"
      }
    },
    {
      "type": "Feature",
      "id": "osm-way-234766709-segment-036-037",
      "geometry": {
        "type": "LineString",
        "coordinates": [
          [
            126.6480814,
            37.4524009
          ],
          [
            126.648,
            37.45240248769693
          ]
        ]
      },
      "properties": {
        "osm_way_id": "234766709",
        "source_from_node_id": "osm-node-2881072426",
        "source_to_node_id": "osm-node-2429042803",
        "source_node_index_range": [
          36,
          37
        ],
        "direction_status": "DIRECTION_UNKNOWN",
        "verification_status": "UNVERIFIED",
        "routable": false,
        "geometry_scope": "CLIPPED_TO_SOURCE_QUERY_BBOX_DISPLAY_ONLY"
      }
    },
    {
      "type": "Feature",
      "id": "osm-way-234766713-segment-000-004",
      "geometry": {
        "type": "LineString",
        "coordinates": [
          [
            126.6586002,
            37.4452329
          ],
          [
            126.6585607,
            37.4451687
          ],
          [
            126.65845675479807,
            37.445
          ]
        ]
      },
      "properties": {
        "osm_way_id": "234766713",
        "source_from_node_id": "osm-node-2429042772",
        "source_to_node_id": "osm-node-2429042702",
        "source_node_index_range": [
          0,
          4
        ],
        "direction_status": "DIRECTION_UNKNOWN",
        "verification_status": "UNVERIFIED",
        "routable": false,
        "geometry_scope": "CLIPPED_TO_SOURCE_QUERY_BBOX_DISPLAY_ONLY"
      }
    },
    {
      "type": "Feature",
      "id": "osm-way-236508980-segment-000-004",
      "geometry": {
        "type": "LineString",
        "coordinates": [
          [
            126.6572336,
            37.4517335
          ],
          [
            126.6568874,
            37.451821
          ],
          [
            126.6567534,
            37.4518549
          ],
          [
            126.6567077,
            37.4518665
          ],
          [
            126.6561261,
            37.4520136
          ]
        ]
      },
      "properties": {
        "osm_way_id": "236508980",
        "source_from_node_id": "osm-node-2445317858",
        "source_to_node_id": "osm-node-4309918709",
        "source_node_index_range": [
          0,
          4
        ],
        "direction_status": "DIRECTION_UNKNOWN",
        "verification_status": "UNVERIFIED",
        "routable": false,
        "geometry_scope": "CLIPPED_TO_SOURCE_QUERY_BBOX_DISPLAY_ONLY"
      }
    },
    {
      "type": "Feature",
      "id": "osm-way-236508980-segment-004-006",
      "geometry": {
        "type": "LineString",
        "coordinates": [
          [
            126.6561261,
            37.4520136
          ],
          [
            126.6558514,
            37.4520887
          ],
          [
            126.6554109,
            37.4522091
          ]
        ]
      },
      "properties": {
        "osm_way_id": "236508980",
        "source_from_node_id": "osm-node-4309918709",
        "source_to_node_id": "osm-node-10069027266",
        "source_node_index_range": [
          4,
          6
        ],
        "direction_status": "DIRECTION_UNKNOWN",
        "verification_status": "UNVERIFIED",
        "routable": false,
        "geometry_scope": "CLIPPED_TO_SOURCE_QUERY_BBOX_DISPLAY_ONLY"
      }
    },
    {
      "type": "Feature",
      "id": "osm-way-236508980-segment-006-008",
      "geometry": {
        "type": "LineString",
        "coordinates": [
          [
            126.6554109,
            37.4522091
          ],
          [
            126.6551849,
            37.4522709
          ],
          [
            126.655,
            37.4523214
          ]
        ]
      },
      "properties": {
        "osm_way_id": "236508980",
        "source_from_node_id": "osm-node-10069027266",
        "source_to_node_id": "osm-node-2445317859",
        "source_node_index_range": [
          6,
          8
        ],
        "direction_status": "DIRECTION_UNKNOWN",
        "verification_status": "UNVERIFIED",
        "routable": false,
        "geometry_scope": "CLIPPED_TO_SOURCE_QUERY_BBOX_DISPLAY_ONLY"
      }
    },
    {
      "type": "Feature",
      "id": "osm-way-258995842-segment-000-002",
      "geometry": {
        "type": "LineString",
        "coordinates": [
          [
            126.6533746,
            37.4479326
          ],
          [
            126.6535087,
            37.4478766
          ],
          [
            126.6538798,
            37.4484186
          ]
        ]
      },
      "properties": {
        "osm_way_id": "258995842",
        "source_from_node_id": "osm-node-2643032904",
        "source_to_node_id": "osm-node-4741759440",
        "source_node_index_range": [
          0,
          2
        ],
        "direction_status": "DIRECTION_UNKNOWN",
        "verification_status": "UNVERIFIED",
        "routable": false,
        "geometry_scope": "CLIPPED_TO_SOURCE_QUERY_BBOX_DISPLAY_ONLY"
      }
    },
    {
      "type": "Feature",
      "id": "osm-way-258995842-segment-002-003",
      "geometry": {
        "type": "LineString",
        "coordinates": [
          [
            126.6538798,
            37.4484186
          ],
          [
            126.6542786,
            37.4490012
          ]
        ]
      },
      "properties": {
        "osm_way_id": "258995842",
        "source_from_node_id": "osm-node-4741759440",
        "source_to_node_id": "osm-node-2643032907",
        "source_node_index_range": [
          2,
          3
        ],
        "direction_status": "DIRECTION_UNKNOWN",
        "verification_status": "UNVERIFIED",
        "routable": false,
        "geometry_scope": "CLIPPED_TO_SOURCE_QUERY_BBOX_DISPLAY_ONLY"
      }
    },
    {
      "type": "Feature",
      "id": "osm-way-281585931-segment-000-008",
      "geometry": {
        "type": "LineString",
        "coordinates": [
          [
            126.65821472486488,
            37.454
          ],
          [
            126.6582446,
            37.4539649
          ]
        ]
      },
      "properties": {
        "osm_way_id": "281585931",
        "source_from_node_id": "osm-node-2855690584",
        "source_to_node_id": "osm-node-2855690586",
        "source_node_index_range": [
          0,
          8
        ],
        "direction_status": "DIRECTION_UNKNOWN",
        "verification_status": "UNVERIFIED",
        "routable": false,
        "geometry_scope": "CLIPPED_TO_SOURCE_QUERY_BBOX_DISPLAY_ONLY"
      }
    },
    {
      "type": "Feature",
      "id": "osm-way-281585931-segment-008-009",
      "geometry": {
        "type": "LineString",
        "coordinates": [
          [
            126.6582446,
            37.4539649
          ],
          [
            126.6582773,
            37.4539404
          ]
        ]
      },
      "properties": {
        "osm_way_id": "281585931",
        "source_from_node_id": "osm-node-2855690586",
        "source_to_node_id": "osm-node-2855690576",
        "source_node_index_range": [
          8,
          9
        ],
        "direction_status": "DIRECTION_UNKNOWN",
        "verification_status": "UNVERIFIED",
        "routable": false,
        "geometry_scope": "CLIPPED_TO_SOURCE_QUERY_BBOX_DISPLAY_ONLY"
      }
    },
    {
      "type": "Feature",
      "id": "osm-way-281585933-segment-000-001",
      "geometry": {
        "type": "LineString",
        "coordinates": [
          [
            126.6582773,
            37.4539404
          ],
          [
            126.6585805,
            37.4537127
          ]
        ]
      },
      "properties": {
        "osm_way_id": "281585933",
        "source_from_node_id": "osm-node-2855690576",
        "source_to_node_id": "osm-node-2855690589",
        "source_node_index_range": [
          0,
          1
        ],
        "direction_status": "DIRECTION_UNKNOWN",
        "verification_status": "UNVERIFIED",
        "routable": false,
        "geometry_scope": "CLIPPED_TO_SOURCE_QUERY_BBOX_DISPLAY_ONLY"
      }
    },
    {
      "type": "Feature",
      "id": "osm-way-281585936-segment-000-001",
      "geometry": {
        "type": "LineString",
        "coordinates": [
          [
            126.6586179,
            37.4536846
          ],
          [
            126.659,
            37.45335565540733
          ]
        ]
      },
      "properties": {
        "osm_way_id": "281585936",
        "source_from_node_id": "osm-node-2855690575",
        "source_to_node_id": "osm-node-2855690581",
        "source_node_index_range": [
          0,
          1
        ],
        "direction_status": "DIRECTION_UNKNOWN",
        "verification_status": "UNVERIFIED",
        "routable": false,
        "geometry_scope": "CLIPPED_TO_SOURCE_QUERY_BBOX_DISPLAY_ONLY"
      }
    },
    {
      "type": "Feature",
      "id": "osm-way-281588709-segment-000-001",
      "geometry": {
        "type": "LineString",
        "coordinates": [
          [
            126.6585997,
            37.4513649
          ],
          [
            126.659,
            37.45125687554101
          ]
        ]
      },
      "properties": {
        "osm_way_id": "281588709",
        "source_from_node_id": "osm-node-2877961307",
        "source_to_node_id": "osm-node-2855717085",
        "source_node_index_range": [
          0,
          1
        ],
        "direction_status": "DIRECTION_UNKNOWN",
        "verification_status": "UNVERIFIED",
        "routable": false,
        "geometry_scope": "CLIPPED_TO_SOURCE_QUERY_BBOX_DISPLAY_ONLY"
      }
    },
    {
      "type": "Feature",
      "id": "osm-way-281589090-segment-000-002",
      "geometry": {
        "type": "LineString",
        "coordinates": [
          [
            126.6569674,
            37.4511411
          ],
          [
            126.6570936,
            37.451422
          ],
          [
            126.6572336,
            37.4517335
          ]
        ]
      },
      "properties": {
        "osm_way_id": "281589090",
        "source_from_node_id": "osm-node-2401071755",
        "source_to_node_id": "osm-node-2445317858",
        "source_node_index_range": [
          0,
          2
        ],
        "direction_status": "DIRECTION_UNKNOWN",
        "verification_status": "UNVERIFIED",
        "routable": false,
        "geometry_scope": "CLIPPED_TO_SOURCE_QUERY_BBOX_DISPLAY_ONLY"
      }
    },
    {
      "type": "Feature",
      "id": "osm-way-281589090-segment-002-003",
      "geometry": {
        "type": "LineString",
        "coordinates": [
          [
            126.6572336,
            37.4517335
          ],
          [
            126.657465,
            37.4522506
          ]
        ]
      },
      "properties": {
        "osm_way_id": "281589090",
        "source_from_node_id": "osm-node-2445317858",
        "source_to_node_id": "osm-node-2401071756",
        "source_node_index_range": [
          2,
          3
        ],
        "direction_status": "DIRECTION_UNKNOWN",
        "verification_status": "UNVERIFIED",
        "routable": false,
        "geometry_scope": "CLIPPED_TO_SOURCE_QUERY_BBOX_DISPLAY_ONLY"
      }
    },
    {
      "type": "Feature",
      "id": "osm-way-281589090-segment-003-004",
      "geometry": {
        "type": "LineString",
        "coordinates": [
          [
            126.657465,
            37.4522506
          ],
          [
            126.6577903,
            37.4530348
          ]
        ]
      },
      "properties": {
        "osm_way_id": "281589090",
        "source_from_node_id": "osm-node-2401071756",
        "source_to_node_id": "osm-node-2401071758",
        "source_node_index_range": [
          3,
          4
        ],
        "direction_status": "DIRECTION_UNKNOWN",
        "verification_status": "UNVERIFIED",
        "routable": false,
        "geometry_scope": "CLIPPED_TO_SOURCE_QUERY_BBOX_DISPLAY_ONLY"
      }
    },
    {
      "type": "Feature",
      "id": "osm-way-281589090-segment-004-005",
      "geometry": {
        "type": "LineString",
        "coordinates": [
          [
            126.6577903,
            37.4530348
          ],
          [
            126.6576398,
            37.4534447
          ]
        ]
      },
      "properties": {
        "osm_way_id": "281589090",
        "source_from_node_id": "osm-node-2401071758",
        "source_to_node_id": "osm-node-2401071763",
        "source_node_index_range": [
          4,
          5
        ],
        "direction_status": "DIRECTION_UNKNOWN",
        "verification_status": "UNVERIFIED",
        "routable": false,
        "geometry_scope": "CLIPPED_TO_SOURCE_QUERY_BBOX_DISPLAY_ONLY"
      }
    },
    {
      "type": "Feature",
      "id": "osm-way-281621314-segment-000-003",
      "geometry": {
        "type": "LineString",
        "coordinates": [
          [
            126.659,
            37.44506762617587
          ],
          [
            126.6589536,
            37.4450868
          ]
        ]
      },
      "properties": {
        "osm_way_id": "281621314",
        "source_from_node_id": "osm-node-2856079397",
        "source_to_node_id": "osm-node-2877968880",
        "source_node_index_range": [
          0,
          3
        ],
        "direction_status": "BIDIRECTIONAL_CANDIDATE",
        "verification_status": "UNVERIFIED",
        "routable": false,
        "geometry_scope": "CLIPPED_TO_SOURCE_QUERY_BBOX_DISPLAY_ONLY"
      }
    },
    {
      "type": "Feature",
      "id": "osm-way-281621314-segment-003-004",
      "geometry": {
        "type": "LineString",
        "coordinates": [
          [
            126.6589536,
            37.4450868
          ],
          [
            126.6586002,
            37.4452329
          ]
        ]
      },
      "properties": {
        "osm_way_id": "281621314",
        "source_from_node_id": "osm-node-2877968880",
        "source_to_node_id": "osm-node-2429042772",
        "source_node_index_range": [
          3,
          4
        ],
        "direction_status": "BIDIRECTIONAL_CANDIDATE",
        "verification_status": "UNVERIFIED",
        "routable": false,
        "geometry_scope": "CLIPPED_TO_SOURCE_QUERY_BBOX_DISPLAY_ONLY"
      }
    },
    {
      "type": "Feature",
      "id": "osm-way-281621314-segment-004-006",
      "geometry": {
        "type": "LineString",
        "coordinates": [
          [
            126.6586002,
            37.4452329
          ],
          [
            126.6583178,
            37.445346
          ],
          [
            126.6574972,
            37.4456746
          ]
        ]
      },
      "properties": {
        "osm_way_id": "281621314",
        "source_from_node_id": "osm-node-2429042772",
        "source_to_node_id": "osm-node-2877970943",
        "source_node_index_range": [
          4,
          6
        ],
        "direction_status": "BIDIRECTIONAL_CANDIDATE",
        "verification_status": "UNVERIFIED",
        "routable": false,
        "geometry_scope": "CLIPPED_TO_SOURCE_QUERY_BBOX_DISPLAY_ONLY"
      }
    },
    {
      "type": "Feature",
      "id": "osm-way-281621314-segment-006-007",
      "geometry": {
        "type": "LineString",
        "coordinates": [
          [
            126.6574972,
            37.4456746
          ],
          [
            126.657317,
            37.4457468
          ]
        ]
      },
      "properties": {
        "osm_way_id": "281621314",
        "source_from_node_id": "osm-node-2877970943",
        "source_to_node_id": "osm-node-4958020925",
        "source_node_index_range": [
          6,
          7
        ],
        "direction_status": "BIDIRECTIONAL_CANDIDATE",
        "verification_status": "UNVERIFIED",
        "routable": false,
        "geometry_scope": "CLIPPED_TO_SOURCE_QUERY_BBOX_DISPLAY_ONLY"
      }
    },
    {
      "type": "Feature",
      "id": "osm-way-281621314-segment-007-011",
      "geometry": {
        "type": "LineString",
        "coordinates": [
          [
            126.657317,
            37.4457468
          ],
          [
            126.6571841,
            37.4458
          ],
          [
            126.656832,
            37.445941
          ],
          [
            126.6566257,
            37.4460236
          ],
          [
            126.656548,
            37.4460547
          ]
        ]
      },
      "properties": {
        "osm_way_id": "281621314",
        "source_from_node_id": "osm-node-4958020925",
        "source_to_node_id": "osm-node-1770237413",
        "source_node_index_range": [
          7,
          11
        ],
        "direction_status": "BIDIRECTIONAL_CANDIDATE",
        "verification_status": "UNVERIFIED",
        "routable": false,
        "geometry_scope": "CLIPPED_TO_SOURCE_QUERY_BBOX_DISPLAY_ONLY"
      }
    },
    {
      "type": "Feature",
      "id": "osm-way-281621314-segment-011-012",
      "geometry": {
        "type": "LineString",
        "coordinates": [
          [
            126.656548,
            37.4460547
          ],
          [
            126.6563369,
            37.4461392
          ]
        ]
      },
      "properties": {
        "osm_way_id": "281621314",
        "source_from_node_id": "osm-node-1770237413",
        "source_to_node_id": "osm-node-4741759657",
        "source_node_index_range": [
          11,
          12
        ],
        "direction_status": "BIDIRECTIONAL_CANDIDATE",
        "verification_status": "UNVERIFIED",
        "routable": false,
        "geometry_scope": "CLIPPED_TO_SOURCE_QUERY_BBOX_DISPLAY_ONLY"
      }
    },
    {
      "type": "Feature",
      "id": "osm-way-281621314-segment-012-013",
      "geometry": {
        "type": "LineString",
        "coordinates": [
          [
            126.6563369,
            37.4461392
          ],
          [
            126.6546057,
            37.4467792
          ]
        ]
      },
      "properties": {
        "osm_way_id": "281621314",
        "source_from_node_id": "osm-node-4741759657",
        "source_to_node_id": "osm-node-12866720417",
        "source_node_index_range": [
          12,
          13
        ],
        "direction_status": "BIDIRECTIONAL_CANDIDATE",
        "verification_status": "UNVERIFIED",
        "routable": false,
        "geometry_scope": "CLIPPED_TO_SOURCE_QUERY_BBOX_DISPLAY_ONLY"
      }
    },
    {
      "type": "Feature",
      "id": "osm-way-281621314-segment-013-014",
      "geometry": {
        "type": "LineString",
        "coordinates": [
          [
            126.6546057,
            37.4467792
          ],
          [
            126.6544119,
            37.4468509
          ]
        ]
      },
      "properties": {
        "osm_way_id": "281621314",
        "source_from_node_id": "osm-node-12866720417",
        "source_to_node_id": "osm-node-10058049431",
        "source_node_index_range": [
          13,
          14
        ],
        "direction_status": "BIDIRECTIONAL_CANDIDATE",
        "verification_status": "UNVERIFIED",
        "routable": false,
        "geometry_scope": "CLIPPED_TO_SOURCE_QUERY_BBOX_DISPLAY_ONLY"
      }
    },
    {
      "type": "Feature",
      "id": "osm-way-281621314-segment-014-015",
      "geometry": {
        "type": "LineString",
        "coordinates": [
          [
            126.6544119,
            37.4468509
          ],
          [
            126.6532344,
            37.4473242
          ]
        ]
      },
      "properties": {
        "osm_way_id": "281621314",
        "source_from_node_id": "osm-node-10058049431",
        "source_to_node_id": "osm-node-2643032901",
        "source_node_index_range": [
          14,
          15
        ],
        "direction_status": "BIDIRECTIONAL_CANDIDATE",
        "verification_status": "UNVERIFIED",
        "routable": false,
        "geometry_scope": "CLIPPED_TO_SOURCE_QUERY_BBOX_DISPLAY_ONLY"
      }
    },
    {
      "type": "Feature",
      "id": "osm-way-281621314-segment-015-016",
      "geometry": {
        "type": "LineString",
        "coordinates": [
          [
            126.6532344,
            37.4473242
          ],
          [
            126.6527163,
            37.4475486
          ]
        ]
      },
      "properties": {
        "osm_way_id": "281621314",
        "source_from_node_id": "osm-node-2643032901",
        "source_to_node_id": "osm-node-4741759497",
        "source_node_index_range": [
          15,
          16
        ],
        "direction_status": "BIDIRECTIONAL_CANDIDATE",
        "verification_status": "UNVERIFIED",
        "routable": false,
        "geometry_scope": "CLIPPED_TO_SOURCE_QUERY_BBOX_DISPLAY_ONLY"
      }
    },
    {
      "type": "Feature",
      "id": "osm-way-281621314-segment-016-017",
      "geometry": {
        "type": "LineString",
        "coordinates": [
          [
            126.6527163,
            37.4475486
          ],
          [
            126.6505577,
            37.4483995
          ]
        ]
      },
      "properties": {
        "osm_way_id": "281621314",
        "source_from_node_id": "osm-node-4741759497",
        "source_to_node_id": "osm-node-11257934923",
        "source_node_index_range": [
          16,
          17
        ],
        "direction_status": "BIDIRECTIONAL_CANDIDATE",
        "verification_status": "UNVERIFIED",
        "routable": false,
        "geometry_scope": "CLIPPED_TO_SOURCE_QUERY_BBOX_DISPLAY_ONLY"
      }
    },
    {
      "type": "Feature",
      "id": "osm-way-281621314-segment-017-019",
      "geometry": {
        "type": "LineString",
        "coordinates": [
          [
            126.6505577,
            37.4483995
          ],
          [
            126.6501311,
            37.4485677
          ],
          [
            126.6498752,
            37.4485853
          ]
        ]
      },
      "properties": {
        "osm_way_id": "281621314",
        "source_from_node_id": "osm-node-11257934923",
        "source_to_node_id": "osm-node-436836503",
        "source_node_index_range": [
          17,
          19
        ],
        "direction_status": "BIDIRECTIONAL_CANDIDATE",
        "verification_status": "UNVERIFIED",
        "routable": false,
        "geometry_scope": "CLIPPED_TO_SOURCE_QUERY_BBOX_DISPLAY_ONLY"
      }
    },
    {
      "type": "Feature",
      "id": "osm-way-281635648-segment-000-004",
      "geometry": {
        "type": "LineString",
        "coordinates": [
          [
            126.65587104853952,
            37.454
          ],
          [
            126.655873,
            37.4539923
          ]
        ]
      },
      "properties": {
        "osm_way_id": "281635648",
        "source_from_node_id": "osm-node-2856210690",
        "source_to_node_id": "osm-node-2856210688",
        "source_node_index_range": [
          0,
          4
        ],
        "direction_status": "DIRECTION_UNKNOWN",
        "verification_status": "UNVERIFIED",
        "routable": false,
        "geometry_scope": "CLIPPED_TO_SOURCE_QUERY_BBOX_DISPLAY_ONLY"
      }
    },
    {
      "type": "Feature",
      "id": "osm-way-281635652-segment-000-003",
      "geometry": {
        "type": "LineString",
        "coordinates": [
          [
            126.6545444,
            37.4534584
          ],
          [
            126.6547519,
            37.4534302
          ],
          [
            126.6548913,
            37.4533514
          ],
          [
            126.6551771,
            37.4532086
          ]
        ]
      },
      "properties": {
        "osm_way_id": "281635652",
        "source_from_node_id": "osm-node-2856212908",
        "source_to_node_id": "osm-node-2856210695",
        "source_node_index_range": [
          0,
          3
        ],
        "direction_status": "DIRECTION_UNKNOWN",
        "verification_status": "UNVERIFIED",
        "routable": false,
        "geometry_scope": "CLIPPED_TO_SOURCE_QUERY_BBOX_DISPLAY_ONLY"
      }
    },
    {
      "type": "Feature",
      "id": "osm-way-281635840-segment-000-001",
      "geometry": {
        "type": "LineString",
        "coordinates": [
          [
            126.65661128964096,
            37.454
          ],
          [
            126.6567763,
            37.4536029
          ]
        ]
      },
      "properties": {
        "osm_way_id": "281635840",
        "source_from_node_id": "osm-node-2856212863",
        "source_to_node_id": "osm-node-2856212864",
        "source_node_index_range": [
          0,
          1
        ],
        "direction_status": "DIRECTION_UNKNOWN",
        "verification_status": "UNVERIFIED",
        "routable": false,
        "geometry_scope": "CLIPPED_TO_SOURCE_QUERY_BBOX_DISPLAY_ONLY"
      }
    },
    {
      "type": "Feature",
      "id": "osm-way-281636619-segment-000-005",
      "geometry": {
        "type": "LineString",
        "coordinates": [
          [
            126.6542177,
            37.4539881
          ],
          [
            126.65416146666666,
            37.454
          ]
        ]
      },
      "properties": {
        "osm_way_id": "281636619",
        "source_from_node_id": "osm-node-2856199566",
        "source_to_node_id": "osm-node-2881072433",
        "source_node_index_range": [
          0,
          5
        ],
        "direction_status": "DIRECTION_UNKNOWN",
        "verification_status": "UNVERIFIED",
        "routable": false,
        "geometry_scope": "CLIPPED_TO_SOURCE_QUERY_BBOX_DISPLAY_ONLY"
      }
    },
    {
      "type": "Feature",
      "id": "osm-way-281636623-segment-000-001",
      "geometry": {
        "type": "LineString",
        "coordinates": [
          [
            126.6516539,
            37.4538198
          ],
          [
            126.6531157,
            37.4532641
          ]
        ]
      },
      "properties": {
        "osm_way_id": "281636623",
        "source_from_node_id": "osm-node-2856199592",
        "source_to_node_id": "osm-node-2856199575",
        "source_node_index_range": [
          0,
          1
        ],
        "direction_status": "DIRECTION_UNKNOWN",
        "verification_status": "UNVERIFIED",
        "routable": false,
        "geometry_scope": "CLIPPED_TO_SOURCE_QUERY_BBOX_DISPLAY_ONLY"
      }
    },
    {
      "type": "Feature",
      "id": "osm-way-281636624-segment-000-007",
      "geometry": {
        "type": "LineString",
        "coordinates": [
          [
            126.6542177,
            37.4539881
          ],
          [
            126.6541268,
            37.4539514
          ],
          [
            126.6540464,
            37.4539029
          ],
          [
            126.6539176,
            37.4537917
          ],
          [
            126.6537754,
            37.4536363
          ],
          [
            126.6536735,
            37.4535468
          ],
          [
            126.6533972,
            37.4534127
          ],
          [
            126.6533409,
            37.4534191
          ]
        ]
      },
      "properties": {
        "osm_way_id": "281636624",
        "source_from_node_id": "osm-node-2856199566",
        "source_to_node_id": "osm-node-2856199588",
        "source_node_index_range": [
          0,
          7
        ],
        "direction_status": "DIRECTION_UNKNOWN",
        "verification_status": "UNVERIFIED",
        "routable": false,
        "geometry_scope": "CLIPPED_TO_SOURCE_QUERY_BBOX_DISPLAY_ONLY"
      }
    },
    {
      "type": "Feature",
      "id": "osm-way-281636624-segment-007-009",
      "geometry": {
        "type": "LineString",
        "coordinates": [
          [
            126.6533409,
            37.4534191
          ],
          [
            126.6532229,
            37.4533382
          ],
          [
            126.6531157,
            37.4532641
          ]
        ]
      },
      "properties": {
        "osm_way_id": "281636624",
        "source_from_node_id": "osm-node-2856199588",
        "source_to_node_id": "osm-node-2856199575",
        "source_node_index_range": [
          7,
          9
        ],
        "direction_status": "DIRECTION_UNKNOWN",
        "verification_status": "UNVERIFIED",
        "routable": false,
        "geometry_scope": "CLIPPED_TO_SOURCE_QUERY_BBOX_DISPLAY_ONLY"
      }
    },
    {
      "type": "Feature",
      "id": "osm-way-281636624-segment-009-010",
      "geometry": {
        "type": "LineString",
        "coordinates": [
          [
            126.6531157,
            37.4532641
          ],
          [
            126.6526903,
            37.4526442
          ]
        ]
      },
      "properties": {
        "osm_way_id": "281636624",
        "source_from_node_id": "osm-node-2856199575",
        "source_to_node_id": "osm-node-2856199591",
        "source_node_index_range": [
          9,
          10
        ],
        "direction_status": "DIRECTION_UNKNOWN",
        "verification_status": "UNVERIFIED",
        "routable": false,
        "geometry_scope": "CLIPPED_TO_SOURCE_QUERY_BBOX_DISPLAY_ONLY"
      }
    },
    {
      "type": "Feature",
      "id": "osm-way-281636883-segment-000-002",
      "geometry": {
        "type": "LineString",
        "coordinates": [
          [
            126.6514152,
            37.4534599
          ],
          [
            126.6515091,
            37.4536218
          ],
          [
            126.6515505,
            37.4536909
          ]
        ]
      },
      "properties": {
        "osm_way_id": "281636883",
        "source_from_node_id": "osm-node-2856218038",
        "source_to_node_id": "osm-node-2856218074",
        "source_node_index_range": [
          0,
          2
        ],
        "direction_status": "DIRECTION_UNKNOWN",
        "verification_status": "UNVERIFIED",
        "routable": false,
        "geometry_scope": "CLIPPED_TO_SOURCE_QUERY_BBOX_DISPLAY_ONLY"
      }
    },
    {
      "type": "Feature",
      "id": "osm-way-281636883-segment-002-003",
      "geometry": {
        "type": "LineString",
        "coordinates": [
          [
            126.6515505,
            37.4536909
          ],
          [
            126.6515926,
            37.4537434
          ]
        ]
      },
      "properties": {
        "osm_way_id": "281636883",
        "source_from_node_id": "osm-node-2856218074",
        "source_to_node_id": "osm-node-2882114718",
        "source_node_index_range": [
          2,
          3
        ],
        "direction_status": "DIRECTION_UNKNOWN",
        "verification_status": "UNVERIFIED",
        "routable": false,
        "geometry_scope": "CLIPPED_TO_SOURCE_QUERY_BBOX_DISPLAY_ONLY"
      }
    },
    {
      "type": "Feature",
      "id": "osm-way-281636883-segment-003-004",
      "geometry": {
        "type": "LineString",
        "coordinates": [
          [
            126.6515926,
            37.4537434
          ],
          [
            126.6516539,
            37.4538198
          ]
        ]
      },
      "properties": {
        "osm_way_id": "281636883",
        "source_from_node_id": "osm-node-2882114718",
        "source_to_node_id": "osm-node-2856199592",
        "source_node_index_range": [
          3,
          4
        ],
        "direction_status": "DIRECTION_UNKNOWN",
        "verification_status": "UNVERIFIED",
        "routable": false,
        "geometry_scope": "CLIPPED_TO_SOURCE_QUERY_BBOX_DISPLAY_ONLY"
      }
    },
    {
      "type": "Feature",
      "id": "osm-way-281636883-segment-004-005",
      "geometry": {
        "type": "LineString",
        "coordinates": [
          [
            126.6516539,
            37.4538198
          ],
          [
            126.65178020543784,
            37.454
          ]
        ]
      },
      "properties": {
        "osm_way_id": "281636883",
        "source_from_node_id": "osm-node-2856199592",
        "source_to_node_id": "osm-node-2856218068",
        "source_node_index_range": [
          4,
          5
        ],
        "direction_status": "DIRECTION_UNKNOWN",
        "verification_status": "UNVERIFIED",
        "routable": false,
        "geometry_scope": "CLIPPED_TO_SOURCE_QUERY_BBOX_DISPLAY_ONLY"
      }
    },
    {
      "type": "Feature",
      "id": "osm-way-281636885-segment-000-010",
      "geometry": {
        "type": "LineString",
        "coordinates": [
          [
            126.6515505,
            37.4536909
          ],
          [
            126.6514072,
            37.4537538
          ],
          [
            126.651273,
            37.4538198
          ],
          [
            126.6510905,
            37.4538918
          ],
          [
            126.6510236,
            37.4539071
          ],
          [
            126.6508008,
            37.4539195
          ],
          [
            126.6507123,
            37.4539003
          ],
          [
            126.6505033,
            37.4539901
          ],
          [
            126.65048807777777,
            37.454
          ]
        ]
      },
      "properties": {
        "osm_way_id": "281636885",
        "source_from_node_id": "osm-node-2856218074",
        "source_to_node_id": "osm-node-2856218081",
        "source_node_index_range": [
          0,
          10
        ],
        "direction_status": "DIRECTION_UNKNOWN",
        "verification_status": "UNVERIFIED",
        "routable": false,
        "geometry_scope": "CLIPPED_TO_SOURCE_QUERY_BBOX_DISPLAY_ONLY"
      }
    },
    {
      "type": "Feature",
      "id": "osm-way-281636887-segment-000-002",
      "geometry": {
        "type": "LineString",
        "coordinates": [
          [
            126.6521661,
            37.4525501
          ],
          [
            126.6517827,
            37.4526977
          ],
          [
            126.6511041,
            37.4529766
          ]
        ]
      },
      "properties": {
        "osm_way_id": "281636887",
        "source_from_node_id": "osm-node-2856218070",
        "source_to_node_id": "osm-node-2856218037",
        "source_node_index_range": [
          0,
          2
        ],
        "direction_status": "DIRECTION_UNKNOWN",
        "verification_status": "UNVERIFIED",
        "routable": false,
        "geometry_scope": "CLIPPED_TO_SOURCE_QUERY_BBOX_DISPLAY_ONLY"
      }
    },
    {
      "type": "Feature",
      "id": "osm-way-281636887-segment-002-003",
      "geometry": {
        "type": "LineString",
        "coordinates": [
          [
            126.6511041,
            37.4529766
          ],
          [
            126.6507951,
            37.4531063
          ]
        ]
      },
      "properties": {
        "osm_way_id": "281636887",
        "source_from_node_id": "osm-node-2856218037",
        "source_to_node_id": "osm-node-2881072419",
        "source_node_index_range": [
          2,
          3
        ],
        "direction_status": "DIRECTION_UNKNOWN",
        "verification_status": "UNVERIFIED",
        "routable": false,
        "geometry_scope": "CLIPPED_TO_SOURCE_QUERY_BBOX_DISPLAY_ONLY"
      }
    },
    {
      "type": "Feature",
      "id": "osm-way-281636887-segment-003-004",
      "geometry": {
        "type": "LineString",
        "coordinates": [
          [
            126.6507951,
            37.4531063
          ],
          [
            126.6498461,
            37.4535047
          ]
        ]
      },
      "properties": {
        "osm_way_id": "281636887",
        "source_from_node_id": "osm-node-2881072419",
        "source_to_node_id": "osm-node-2856218044",
        "source_node_index_range": [
          3,
          4
        ],
        "direction_status": "DIRECTION_UNKNOWN",
        "verification_status": "UNVERIFIED",
        "routable": false,
        "geometry_scope": "CLIPPED_TO_SOURCE_QUERY_BBOX_DISPLAY_ONLY"
      }
    },
    {
      "type": "Feature",
      "id": "osm-way-281636887-segment-004-005",
      "geometry": {
        "type": "LineString",
        "coordinates": [
          [
            126.6498461,
            37.4535047
          ],
          [
            126.6496323,
            37.4535939
          ]
        ]
      },
      "properties": {
        "osm_way_id": "281636887",
        "source_from_node_id": "osm-node-2856218044",
        "source_to_node_id": "osm-node-2881072442",
        "source_node_index_range": [
          4,
          5
        ],
        "direction_status": "DIRECTION_UNKNOWN",
        "verification_status": "UNVERIFIED",
        "routable": false,
        "geometry_scope": "CLIPPED_TO_SOURCE_QUERY_BBOX_DISPLAY_ONLY"
      }
    },
    {
      "type": "Feature",
      "id": "osm-way-281636887-segment-005-006",
      "geometry": {
        "type": "LineString",
        "coordinates": [
          [
            126.6496323,
            37.4535939
          ],
          [
            126.64866580935995,
            37.454
          ]
        ]
      },
      "properties": {
        "osm_way_id": "281636887",
        "source_from_node_id": "osm-node-2881072442",
        "source_to_node_id": "osm-node-2879019540",
        "source_node_index_range": [
          5,
          6
        ],
        "direction_status": "DIRECTION_UNKNOWN",
        "verification_status": "UNVERIFIED",
        "routable": false,
        "geometry_scope": "CLIPPED_TO_SOURCE_QUERY_BBOX_DISPLAY_ONLY"
      }
    },
    {
      "type": "Feature",
      "id": "osm-way-281636888-segment-000-002",
      "geometry": {
        "type": "LineString",
        "coordinates": [
          [
            126.6498461,
            37.4535047
          ],
          [
            126.65018731299598,
            37.454
          ]
        ]
      },
      "properties": {
        "osm_way_id": "281636888",
        "source_from_node_id": "osm-node-2856218044",
        "source_to_node_id": "osm-node-2856218081",
        "source_node_index_range": [
          0,
          2
        ],
        "direction_status": "DIRECTION_UNKNOWN",
        "verification_status": "UNVERIFIED",
        "routable": false,
        "geometry_scope": "CLIPPED_TO_SOURCE_QUERY_BBOX_DISPLAY_ONLY"
      }
    },
    {
      "type": "Feature",
      "id": "osm-way-283879195-segment-000-008",
      "geometry": {
        "type": "LineString",
        "coordinates": [
          [
            126.65767742815058,
            37.454
          ],
          [
            126.6577148,
            37.4539886
          ],
          [
            126.6577942,
            37.4539574
          ],
          [
            126.6579119,
            37.4538829
          ]
        ]
      },
      "properties": {
        "osm_way_id": "283879195",
        "source_from_node_id": "osm-node-2876922893",
        "source_to_node_id": "osm-node-2876922894",
        "source_node_index_range": [
          0,
          8
        ],
        "direction_status": "DIRECTION_UNKNOWN",
        "verification_status": "UNVERIFIED",
        "routable": false,
        "geometry_scope": "CLIPPED_TO_SOURCE_QUERY_BBOX_DISPLAY_ONLY"
      }
    },
    {
      "type": "Feature",
      "id": "osm-way-284008454-segment-000-002",
      "geometry": {
        "type": "LineString",
        "coordinates": [
          [
            126.6583478,
            37.4507712
          ],
          [
            126.6584834,
            37.4510909
          ],
          [
            126.6585997,
            37.4513649
          ]
        ]
      },
      "properties": {
        "osm_way_id": "284008454",
        "source_from_node_id": "osm-node-2877961305",
        "source_to_node_id": "osm-node-2877961307",
        "source_node_index_range": [
          0,
          2
        ],
        "direction_status": "DIRECTION_UNKNOWN",
        "verification_status": "UNVERIFIED",
        "routable": false,
        "geometry_scope": "CLIPPED_TO_SOURCE_QUERY_BBOX_DISPLAY_ONLY"
      }
    },
    {
      "type": "Feature",
      "id": "osm-way-284010488-segment-000-002",
      "geometry": {
        "type": "LineString",
        "coordinates": [
          [
            126.6579196,
            37.446352
          ],
          [
            126.6577759,
            37.4461215
          ],
          [
            126.6574972,
            37.4456746
          ]
        ]
      },
      "properties": {
        "osm_way_id": "284010488",
        "source_from_node_id": "osm-node-2877970942",
        "source_to_node_id": "osm-node-2877970943",
        "source_node_index_range": [
          0,
          2
        ],
        "direction_status": "DIRECTION_UNKNOWN",
        "verification_status": "UNVERIFIED",
        "routable": false,
        "geometry_scope": "CLIPPED_TO_SOURCE_QUERY_BBOX_DISPLAY_ONLY"
      }
    },
    {
      "type": "Feature",
      "id": "osm-way-284366927-segment-000-001",
      "geometry": {
        "type": "LineString",
        "coordinates": [
          [
            126.6496323,
            37.4535939
          ],
          [
            126.6493425,
            37.4531718
          ]
        ]
      },
      "properties": {
        "osm_way_id": "284366927",
        "source_from_node_id": "osm-node-2881072442",
        "source_to_node_id": "osm-node-2881072437",
        "source_node_index_range": [
          0,
          1
        ],
        "direction_status": "DIRECTION_UNKNOWN",
        "verification_status": "UNVERIFIED",
        "routable": false,
        "geometry_scope": "CLIPPED_TO_SOURCE_QUERY_BBOX_DISPLAY_ONLY"
      }
    },
    {
      "type": "Feature",
      "id": "osm-way-284366927-segment-001-002",
      "geometry": {
        "type": "LineString",
        "coordinates": [
          [
            126.6493425,
            37.4531718
          ],
          [
            126.6492062,
            37.4529733
          ]
        ]
      },
      "properties": {
        "osm_way_id": "284366927",
        "source_from_node_id": "osm-node-2881072437",
        "source_to_node_id": "osm-node-2881072425",
        "source_node_index_range": [
          1,
          2
        ],
        "direction_status": "DIRECTION_UNKNOWN",
        "verification_status": "UNVERIFIED",
        "routable": false,
        "geometry_scope": "CLIPPED_TO_SOURCE_QUERY_BBOX_DISPLAY_ONLY"
      }
    },
    {
      "type": "Feature",
      "id": "osm-way-284366928-segment-000-004",
      "geometry": {
        "type": "LineString",
        "coordinates": [
          [
            126.65348826003063,
            37.454
          ],
          [
            126.653459,
            37.4538709
          ],
          [
            126.6534082,
            37.4536012
          ],
          [
            126.6533791,
            37.4535226
          ]
        ]
      },
      "properties": {
        "osm_way_id": "284366928",
        "source_from_node_id": "osm-node-2881072433",
        "source_to_node_id": "osm-node-6848997561",
        "source_node_index_range": [
          0,
          4
        ],
        "direction_status": "DIRECTION_UNKNOWN",
        "verification_status": "UNVERIFIED",
        "routable": false,
        "geometry_scope": "CLIPPED_TO_SOURCE_QUERY_BBOX_DISPLAY_ONLY"
      }
    },
    {
      "type": "Feature",
      "id": "osm-way-284366928-segment-004-005",
      "geometry": {
        "type": "LineString",
        "coordinates": [
          [
            126.6533791,
            37.4535226
          ],
          [
            126.6533409,
            37.4534191
          ]
        ]
      },
      "properties": {
        "osm_way_id": "284366928",
        "source_from_node_id": "osm-node-6848997561",
        "source_to_node_id": "osm-node-2856199588",
        "source_node_index_range": [
          4,
          5
        ],
        "direction_status": "DIRECTION_UNKNOWN",
        "verification_status": "UNVERIFIED",
        "routable": false,
        "geometry_scope": "CLIPPED_TO_SOURCE_QUERY_BBOX_DISPLAY_ONLY"
      }
    },
    {
      "type": "Feature",
      "id": "osm-way-284366930-segment-000-002",
      "geometry": {
        "type": "LineString",
        "coordinates": [
          [
            126.6485915,
            37.4532487
          ],
          [
            126.6484969,
            37.4531022
          ],
          [
            126.6480814,
            37.4524009
          ]
        ]
      },
      "properties": {
        "osm_way_id": "284366930",
        "source_from_node_id": "osm-node-2881072427",
        "source_to_node_id": "osm-node-2881072426",
        "source_node_index_range": [
          0,
          2
        ],
        "direction_status": "DIRECTION_UNKNOWN",
        "verification_status": "UNVERIFIED",
        "routable": false,
        "geometry_scope": "CLIPPED_TO_SOURCE_QUERY_BBOX_DISPLAY_ONLY"
      }
    },
    {
      "type": "Feature",
      "id": "osm-way-284366931-segment-000-001",
      "geometry": {
        "type": "LineString",
        "coordinates": [
          [
            126.6488564,
            37.4531369
          ],
          [
            126.6483647,
            37.4523447
          ]
        ]
      },
      "properties": {
        "osm_way_id": "284366931",
        "source_from_node_id": "osm-node-2881072450",
        "source_to_node_id": "osm-node-2881072435",
        "source_node_index_range": [
          0,
          1
        ],
        "direction_status": "DIRECTION_UNKNOWN",
        "verification_status": "UNVERIFIED",
        "routable": false,
        "geometry_scope": "CLIPPED_TO_SOURCE_QUERY_BBOX_DISPLAY_ONLY"
      }
    },
    {
      "type": "Feature",
      "id": "osm-way-284366932-segment-000-001",
      "geometry": {
        "type": "LineString",
        "coordinates": [
          [
            126.6482567,
            37.4533899
          ],
          [
            126.6485915,
            37.4532487
          ]
        ]
      },
      "properties": {
        "osm_way_id": "284366932",
        "source_from_node_id": "osm-node-2881072424",
        "source_to_node_id": "osm-node-2881072427",
        "source_node_index_range": [
          0,
          1
        ],
        "direction_status": "DIRECTION_UNKNOWN",
        "verification_status": "UNVERIFIED",
        "routable": false,
        "geometry_scope": "CLIPPED_TO_SOURCE_QUERY_BBOX_DISPLAY_ONLY"
      }
    },
    {
      "type": "Feature",
      "id": "osm-way-284366932-segment-001-002",
      "geometry": {
        "type": "LineString",
        "coordinates": [
          [
            126.6485915,
            37.4532487
          ],
          [
            126.6488564,
            37.4531369
          ]
        ]
      },
      "properties": {
        "osm_way_id": "284366932",
        "source_from_node_id": "osm-node-2881072427",
        "source_to_node_id": "osm-node-2881072450",
        "source_node_index_range": [
          1,
          2
        ],
        "direction_status": "DIRECTION_UNKNOWN",
        "verification_status": "UNVERIFIED",
        "routable": false,
        "geometry_scope": "CLIPPED_TO_SOURCE_QUERY_BBOX_DISPLAY_ONLY"
      }
    },
    {
      "type": "Feature",
      "id": "osm-way-284366932-segment-002-004",
      "geometry": {
        "type": "LineString",
        "coordinates": [
          [
            126.6488564,
            37.4531369
          ],
          [
            126.6491752,
            37.4530023
          ],
          [
            126.6492062,
            37.4529733
          ]
        ]
      },
      "properties": {
        "osm_way_id": "284366932",
        "source_from_node_id": "osm-node-2881072450",
        "source_to_node_id": "osm-node-2881072425",
        "source_node_index_range": [
          2,
          4
        ],
        "direction_status": "DIRECTION_UNKNOWN",
        "verification_status": "UNVERIFIED",
        "routable": false,
        "geometry_scope": "CLIPPED_TO_SOURCE_QUERY_BBOX_DISPLAY_ONLY"
      }
    },
    {
      "type": "Feature",
      "id": "osm-way-284366933-segment-000-004",
      "geometry": {
        "type": "LineString",
        "coordinates": [
          [
            126.65428482394881,
            37.454
          ],
          [
            126.6542821,
            37.45398
          ]
        ]
      },
      "properties": {
        "osm_way_id": "284366933",
        "source_from_node_id": "osm-node-2881072421",
        "source_to_node_id": "osm-node-2881072428",
        "source_node_index_range": [
          0,
          4
        ],
        "direction_status": "DIRECTION_UNKNOWN",
        "verification_status": "UNVERIFIED",
        "routable": false,
        "geometry_scope": "CLIPPED_TO_SOURCE_QUERY_BBOX_DISPLAY_ONLY"
      }
    },
    {
      "type": "Feature",
      "id": "osm-way-284366934-segment-000-004",
      "geometry": {
        "type": "LineString",
        "coordinates": [
          [
            126.6493425,
            37.4531718
          ],
          [
            126.6497121,
            37.4530561
          ],
          [
            126.6500071,
            37.4529645
          ],
          [
            126.6500955,
            37.4529425
          ],
          [
            126.6505676,
            37.4527594
          ]
        ]
      },
      "properties": {
        "osm_way_id": "284366934",
        "source_from_node_id": "osm-node-2881072437",
        "source_to_node_id": "osm-node-2881072415",
        "source_node_index_range": [
          0,
          4
        ],
        "direction_status": "DIRECTION_UNKNOWN",
        "verification_status": "UNVERIFIED",
        "routable": false,
        "geometry_scope": "CLIPPED_TO_SOURCE_QUERY_BBOX_DISPLAY_ONLY"
      }
    },
    {
      "type": "Feature",
      "id": "osm-way-284366935-segment-000-002",
      "geometry": {
        "type": "LineString",
        "coordinates": [
          [
            126.6507951,
            37.4531063
          ],
          [
            126.6507473,
            37.4530277
          ],
          [
            126.6505676,
            37.4527594
          ]
        ]
      },
      "properties": {
        "osm_way_id": "284366935",
        "source_from_node_id": "osm-node-2881072419",
        "source_to_node_id": "osm-node-2881072415",
        "source_node_index_range": [
          0,
          2
        ],
        "direction_status": "DIRECTION_UNKNOWN",
        "verification_status": "UNVERIFIED",
        "routable": false,
        "geometry_scope": "CLIPPED_TO_SOURCE_QUERY_BBOX_DISPLAY_ONLY"
      }
    },
    {
      "type": "Feature",
      "id": "osm-way-284366935-segment-002-003",
      "geometry": {
        "type": "LineString",
        "coordinates": [
          [
            126.6505676,
            37.4527594
          ],
          [
            126.6502727,
            37.4523408
          ]
        ]
      },
      "properties": {
        "osm_way_id": "284366935",
        "source_from_node_id": "osm-node-2881072415",
        "source_to_node_id": "osm-node-2881072448",
        "source_node_index_range": [
          2,
          3
        ],
        "direction_status": "DIRECTION_UNKNOWN",
        "verification_status": "UNVERIFIED",
        "routable": false,
        "geometry_scope": "CLIPPED_TO_SOURCE_QUERY_BBOX_DISPLAY_ONLY"
      }
    },
    {
      "type": "Feature",
      "id": "osm-way-284367128-segment-000-001",
      "geometry": {
        "type": "LineString",
        "coordinates": [
          [
            126.6548345,
            37.4527502
          ],
          [
            126.655,
            37.4523214
          ]
        ]
      },
      "properties": {
        "osm_way_id": "284367128",
        "source_from_node_id": "osm-node-2881076905",
        "source_to_node_id": "osm-node-2445317859",
        "source_node_index_range": [
          0,
          1
        ],
        "direction_status": "DIRECTION_UNKNOWN",
        "verification_status": "UNVERIFIED",
        "routable": false,
        "geometry_scope": "CLIPPED_TO_SOURCE_QUERY_BBOX_DISPLAY_ONLY"
      }
    },
    {
      "type": "Feature",
      "id": "osm-way-284973519-segment-000-001",
      "geometry": {
        "type": "LineString",
        "coordinates": [
          [
            126.6503727,
            37.4464912
          ],
          [
            126.6501438,
            37.4464671
          ]
        ]
      },
      "properties": {
        "osm_way_id": "284973519",
        "source_from_node_id": "osm-node-2886789154",
        "source_to_node_id": "osm-node-2886789150",
        "source_node_index_range": [
          0,
          1
        ],
        "direction_status": "DIRECTION_UNKNOWN",
        "verification_status": "UNVERIFIED",
        "routable": false,
        "geometry_scope": "CLIPPED_TO_SOURCE_QUERY_BBOX_DISPLAY_ONLY"
      }
    },
    {
      "type": "Feature",
      "id": "osm-way-284973520-segment-000-004",
      "geometry": {
        "type": "LineString",
        "coordinates": [
          [
            126.6515225,
            37.4463159
          ],
          [
            126.6506025,
            37.4462754
          ],
          [
            126.6505247,
            37.4462903
          ],
          [
            126.6504523,
            37.4463159
          ],
          [
            126.6503957,
            37.4463706
          ]
        ]
      },
      "properties": {
        "osm_way_id": "284973520",
        "source_from_node_id": "osm-node-2886789160",
        "source_to_node_id": "osm-node-2886789147",
        "source_node_index_range": [
          0,
          4
        ],
        "direction_status": "DIRECTION_UNKNOWN",
        "verification_status": "UNVERIFIED",
        "routable": false,
        "geometry_scope": "CLIPPED_TO_SOURCE_QUERY_BBOX_DISPLAY_ONLY"
      }
    },
    {
      "type": "Feature",
      "id": "osm-way-284973522-segment-000-004",
      "geometry": {
        "type": "LineString",
        "coordinates": [
          [
            126.6494894,
            37.4470165
          ],
          [
            126.6497522,
            37.4469015
          ],
          [
            126.6500043,
            37.4468035
          ],
          [
            126.6500741,
            37.4467759
          ],
          [
            126.6501438,
            37.4464671
          ]
        ]
      },
      "properties": {
        "osm_way_id": "284973522",
        "source_from_node_id": "osm-node-2886789174",
        "source_to_node_id": "osm-node-2886789150",
        "source_node_index_range": [
          0,
          4
        ],
        "direction_status": "DIRECTION_UNKNOWN",
        "verification_status": "UNVERIFIED",
        "routable": false,
        "geometry_scope": "CLIPPED_TO_SOURCE_QUERY_BBOX_DISPLAY_ONLY"
      }
    },
    {
      "type": "Feature",
      "id": "osm-way-284973522-segment-004-005",
      "geometry": {
        "type": "LineString",
        "coordinates": [
          [
            126.6501438,
            37.4464671
          ],
          [
            126.6501975,
            37.4461775
          ]
        ]
      },
      "properties": {
        "osm_way_id": "284973522",
        "source_from_node_id": "osm-node-2886789150",
        "source_to_node_id": "osm-node-2886789148",
        "source_node_index_range": [
          4,
          5
        ],
        "direction_status": "DIRECTION_UNKNOWN",
        "verification_status": "UNVERIFIED",
        "routable": false,
        "geometry_scope": "CLIPPED_TO_SOURCE_QUERY_BBOX_DISPLAY_ONLY"
      }
    },
    {
      "type": "Feature",
      "id": "osm-way-471689462-segment-000-004",
      "geometry": {
        "type": "LineString",
        "coordinates": [
          [
            126.648,
            37.44822052184446
          ],
          [
            126.6488203,
            37.4484021
          ],
          [
            126.6494694,
            37.4485379
          ]
        ]
      },
      "properties": {
        "osm_way_id": "471689462",
        "source_from_node_id": "osm-node-4658502132",
        "source_to_node_id": "osm-node-11257934931",
        "source_node_index_range": [
          0,
          4
        ],
        "direction_status": "DIRECTION_UNKNOWN",
        "verification_status": "UNVERIFIED",
        "routable": false,
        "geometry_scope": "CLIPPED_TO_SOURCE_QUERY_BBOX_DISPLAY_ONLY"
      }
    },
    {
      "type": "Feature",
      "id": "osm-way-471689462-segment-004-006",
      "geometry": {
        "type": "LineString",
        "coordinates": [
          [
            126.6494694,
            37.4485379
          ],
          [
            126.6496828,
            37.4485825
          ],
          [
            126.6498752,
            37.4485853
          ]
        ]
      },
      "properties": {
        "osm_way_id": "471689462",
        "source_from_node_id": "osm-node-11257934931",
        "source_to_node_id": "osm-node-436836503",
        "source_node_index_range": [
          4,
          6
        ],
        "direction_status": "DIRECTION_UNKNOWN",
        "verification_status": "UNVERIFIED",
        "routable": false,
        "geometry_scope": "CLIPPED_TO_SOURCE_QUERY_BBOX_DISPLAY_ONLY"
      }
    },
    {
      "type": "Feature",
      "id": "osm-way-481241657-segment-000-002",
      "geometry": {
        "type": "LineString",
        "coordinates": [
          [
            126.6533746,
            37.4479326
          ],
          [
            126.6532669,
            37.447981
          ],
          [
            126.653599,
            37.4485071
          ]
        ]
      },
      "properties": {
        "osm_way_id": "481241657",
        "source_from_node_id": "osm-node-2643032904",
        "source_to_node_id": "osm-node-4741759505",
        "source_node_index_range": [
          0,
          2
        ],
        "direction_status": "DIRECTION_UNKNOWN",
        "verification_status": "UNVERIFIED",
        "routable": false,
        "geometry_scope": "CLIPPED_TO_SOURCE_QUERY_BBOX_DISPLAY_ONLY"
      }
    },
    {
      "type": "Feature",
      "id": "osm-way-481241657-segment-002-003",
      "geometry": {
        "type": "LineString",
        "coordinates": [
          [
            126.653599,
            37.4485071
          ],
          [
            126.6540219,
            37.4490993
          ]
        ]
      },
      "properties": {
        "osm_way_id": "481241657",
        "source_from_node_id": "osm-node-4741759505",
        "source_to_node_id": "osm-node-2643032908",
        "source_node_index_range": [
          2,
          3
        ],
        "direction_status": "DIRECTION_UNKNOWN",
        "verification_status": "UNVERIFIED",
        "routable": false,
        "geometry_scope": "CLIPPED_TO_SOURCE_QUERY_BBOX_DISPLAY_ONLY"
      }
    },
    {
      "type": "Feature",
      "id": "osm-way-481241658-segment-000-002",
      "geometry": {
        "type": "LineString",
        "coordinates": [
          [
            126.6532344,
            37.4473242
          ],
          [
            126.6531798,
            37.4475546
          ],
          [
            126.6532817,
            37.4477196
          ]
        ]
      },
      "properties": {
        "osm_way_id": "481241658",
        "source_from_node_id": "osm-node-2643032901",
        "source_to_node_id": "osm-node-4741759434",
        "source_node_index_range": [
          0,
          2
        ],
        "direction_status": "DIRECTION_UNKNOWN",
        "verification_status": "UNVERIFIED",
        "routable": false,
        "geometry_scope": "CLIPPED_TO_SOURCE_QUERY_BBOX_DISPLAY_ONLY"
      }
    },
    {
      "type": "Feature",
      "id": "osm-way-481241658-segment-002-006",
      "geometry": {
        "type": "LineString",
        "coordinates": [
          [
            126.6532817,
            37.4477196
          ],
          [
            126.6535204,
            37.447743
          ],
          [
            126.6544898,
            37.4477788
          ],
          [
            126.6545433,
            37.4478088
          ],
          [
            126.6546858,
            37.4480616
          ]
        ]
      },
      "properties": {
        "osm_way_id": "481241658",
        "source_from_node_id": "osm-node-4741759434",
        "source_to_node_id": "osm-node-4741759438",
        "source_node_index_range": [
          2,
          6
        ],
        "direction_status": "DIRECTION_UNKNOWN",
        "verification_status": "UNVERIFIED",
        "routable": false,
        "geometry_scope": "CLIPPED_TO_SOURCE_QUERY_BBOX_DISPLAY_ONLY"
      }
    },
    {
      "type": "Feature",
      "id": "osm-way-481241658-segment-006-007",
      "geometry": {
        "type": "LineString",
        "coordinates": [
          [
            126.6546858,
            37.4480616
          ],
          [
            126.6551815,
            37.4487502
          ]
        ]
      },
      "properties": {
        "osm_way_id": "481241658",
        "source_from_node_id": "osm-node-4741759438",
        "source_to_node_id": "osm-node-4741759508",
        "source_node_index_range": [
          6,
          7
        ],
        "direction_status": "DIRECTION_UNKNOWN",
        "verification_status": "UNVERIFIED",
        "routable": false,
        "geometry_scope": "CLIPPED_TO_SOURCE_QUERY_BBOX_DISPLAY_ONLY"
      }
    },
    {
      "type": "Feature",
      "id": "osm-way-481241658-segment-007-008",
      "geometry": {
        "type": "LineString",
        "coordinates": [
          [
            126.6551815,
            37.4487502
          ],
          [
            126.6552095,
            37.4487903
          ]
        ]
      },
      "properties": {
        "osm_way_id": "481241658",
        "source_from_node_id": "osm-node-4741759508",
        "source_to_node_id": "osm-node-4741759507",
        "source_node_index_range": [
          7,
          8
        ],
        "direction_status": "DIRECTION_UNKNOWN",
        "verification_status": "UNVERIFIED",
        "routable": false,
        "geometry_scope": "CLIPPED_TO_SOURCE_QUERY_BBOX_DISPLAY_ONLY"
      }
    },
    {
      "type": "Feature",
      "id": "osm-way-481241658-segment-008-009",
      "geometry": {
        "type": "LineString",
        "coordinates": [
          [
            126.6552095,
            37.4487903
          ],
          [
            126.6555442,
            37.4492969
          ]
        ]
      },
      "properties": {
        "osm_way_id": "481241658",
        "source_from_node_id": "osm-node-4741759507",
        "source_to_node_id": "osm-node-4741759439",
        "source_node_index_range": [
          8,
          9
        ],
        "direction_status": "DIRECTION_UNKNOWN",
        "verification_status": "UNVERIFIED",
        "routable": false,
        "geometry_scope": "CLIPPED_TO_SOURCE_QUERY_BBOX_DISPLAY_ONLY"
      }
    },
    {
      "type": "Feature",
      "id": "osm-way-481241659-segment-000-001",
      "geometry": {
        "type": "LineString",
        "coordinates": [
          [
            126.6538798,
            37.4484186
          ],
          [
            126.6546858,
            37.4480616
          ]
        ]
      },
      "properties": {
        "osm_way_id": "481241659",
        "source_from_node_id": "osm-node-4741759440",
        "source_to_node_id": "osm-node-4741759438",
        "source_node_index_range": [
          0,
          1
        ],
        "direction_status": "DIRECTION_UNKNOWN",
        "verification_status": "UNVERIFIED",
        "routable": false,
        "geometry_scope": "CLIPPED_TO_SOURCE_QUERY_BBOX_DISPLAY_ONLY"
      }
    },
    {
      "type": "Feature",
      "id": "osm-way-481241659-segment-001-002",
      "geometry": {
        "type": "LineString",
        "coordinates": [
          [
            126.6546858,
            37.4480616
          ],
          [
            126.6550435,
            37.447939
          ]
        ]
      },
      "properties": {
        "osm_way_id": "481241659",
        "source_from_node_id": "osm-node-4741759438",
        "source_to_node_id": "osm-node-2276360845",
        "source_node_index_range": [
          1,
          2
        ],
        "direction_status": "DIRECTION_UNKNOWN",
        "verification_status": "UNVERIFIED",
        "routable": false,
        "geometry_scope": "CLIPPED_TO_SOURCE_QUERY_BBOX_DISPLAY_ONLY"
      }
    },
    {
      "type": "Feature",
      "id": "osm-way-481241660-segment-000-001",
      "geometry": {
        "type": "LineString",
        "coordinates": [
          [
            126.655379,
            37.4472182
          ],
          [
            126.6547292,
            37.4474328
          ]
        ]
      },
      "properties": {
        "osm_way_id": "481241660",
        "source_from_node_id": "osm-node-4741759441",
        "source_to_node_id": "osm-node-4741759442",
        "source_node_index_range": [
          0,
          1
        ],
        "direction_status": "DIRECTION_UNKNOWN",
        "verification_status": "UNVERIFIED",
        "routable": false,
        "geometry_scope": "CLIPPED_TO_SOURCE_QUERY_BBOX_DISPLAY_ONLY"
      }
    },
    {
      "type": "Feature",
      "id": "osm-way-481241660-segment-001-006",
      "geometry": {
        "type": "LineString",
        "coordinates": [
          [
            126.6547292,
            37.4474328
          ],
          [
            126.6542396,
            37.4476053
          ],
          [
            126.6542128,
            37.4476021
          ],
          [
            126.6541229,
            37.4475153
          ],
          [
            126.654129,
            37.4475009
          ],
          [
            126.6546486,
            37.4472949
          ]
        ]
      },
      "properties": {
        "osm_way_id": "481241660",
        "source_from_node_id": "osm-node-4741759442",
        "source_to_node_id": "osm-node-4741759443",
        "source_node_index_range": [
          1,
          6
        ],
        "direction_status": "DIRECTION_UNKNOWN",
        "verification_status": "UNVERIFIED",
        "routable": false,
        "geometry_scope": "CLIPPED_TO_SOURCE_QUERY_BBOX_DISPLAY_ONLY"
      }
    },
    {
      "type": "Feature",
      "id": "osm-way-481241661-segment-000-001",
      "geometry": {
        "type": "LineString",
        "coordinates": [
          [
            126.6546486,
            37.4472949
          ],
          [
            126.6547292,
            37.4474328
          ]
        ]
      },
      "properties": {
        "osm_way_id": "481241661",
        "source_from_node_id": "osm-node-4741759443",
        "source_to_node_id": "osm-node-4741759442",
        "source_node_index_range": [
          0,
          1
        ],
        "direction_status": "DIRECTION_UNKNOWN",
        "verification_status": "UNVERIFIED",
        "routable": false,
        "geometry_scope": "CLIPPED_TO_SOURCE_QUERY_BBOX_DISPLAY_ONLY"
      }
    },
    {
      "type": "Feature",
      "id": "osm-way-481241661-segment-001-002",
      "geometry": {
        "type": "LineString",
        "coordinates": [
          [
            126.6547292,
            37.4474328
          ],
          [
            126.6550435,
            37.447939
          ]
        ]
      },
      "properties": {
        "osm_way_id": "481241661",
        "source_from_node_id": "osm-node-4741759442",
        "source_to_node_id": "osm-node-2276360845",
        "source_node_index_range": [
          1,
          2
        ],
        "direction_status": "DIRECTION_UNKNOWN",
        "verification_status": "UNVERIFIED",
        "routable": false,
        "geometry_scope": "CLIPPED_TO_SOURCE_QUERY_BBOX_DISPLAY_ONLY"
      }
    },
    {
      "type": "Feature",
      "id": "osm-way-481241661-segment-002-003",
      "geometry": {
        "type": "LineString",
        "coordinates": [
          [
            126.6550435,
            37.447939
          ],
          [
            126.6555227,
            37.4486497
          ]
        ]
      },
      "properties": {
        "osm_way_id": "481241661",
        "source_from_node_id": "osm-node-2276360845",
        "source_to_node_id": "osm-node-10058460594",
        "source_node_index_range": [
          2,
          3
        ],
        "direction_status": "DIRECTION_UNKNOWN",
        "verification_status": "UNVERIFIED",
        "routable": false,
        "geometry_scope": "CLIPPED_TO_SOURCE_QUERY_BBOX_DISPLAY_ONLY"
      }
    },
    {
      "type": "Feature",
      "id": "osm-way-481241661-segment-003-004",
      "geometry": {
        "type": "LineString",
        "coordinates": [
          [
            126.6555227,
            37.4486497
          ],
          [
            126.6558984,
            37.4491737
          ]
        ]
      },
      "properties": {
        "osm_way_id": "481241661",
        "source_from_node_id": "osm-node-10058460594",
        "source_to_node_id": "osm-node-4741759444",
        "source_node_index_range": [
          3,
          4
        ],
        "direction_status": "DIRECTION_UNKNOWN",
        "verification_status": "UNVERIFIED",
        "routable": false,
        "geometry_scope": "CLIPPED_TO_SOURCE_QUERY_BBOX_DISPLAY_ONLY"
      }
    },
    {
      "type": "Feature",
      "id": "osm-way-481241662-segment-000-001",
      "geometry": {
        "type": "LineString",
        "coordinates": [
          [
            126.6502519,
            37.4513896
          ],
          [
            126.6513249,
            37.4509655
          ]
        ]
      },
      "properties": {
        "osm_way_id": "481241662",
        "source_from_node_id": "osm-node-4741759445",
        "source_to_node_id": "osm-node-10058484932",
        "source_node_index_range": [
          0,
          1
        ],
        "direction_status": "DIRECTION_UNKNOWN",
        "verification_status": "UNVERIFIED",
        "routable": false,
        "geometry_scope": "CLIPPED_TO_SOURCE_QUERY_BBOX_DISPLAY_ONLY"
      }
    },
    {
      "type": "Feature",
      "id": "osm-way-481241662-segment-001-003",
      "geometry": {
        "type": "LineString",
        "coordinates": [
          [
            126.6513249,
            37.4509655
          ],
          [
            126.651659,
            37.4508581
          ],
          [
            126.6523204,
            37.4505968
          ]
        ]
      },
      "properties": {
        "osm_way_id": "481241662",
        "source_from_node_id": "osm-node-10058484932",
        "source_to_node_id": "osm-node-4741759483",
        "source_node_index_range": [
          1,
          3
        ],
        "direction_status": "DIRECTION_UNKNOWN",
        "verification_status": "UNVERIFIED",
        "routable": false,
        "geometry_scope": "CLIPPED_TO_SOURCE_QUERY_BBOX_DISPLAY_ONLY"
      }
    },
    {
      "type": "Feature",
      "id": "osm-way-481241662-segment-003-004",
      "geometry": {
        "type": "LineString",
        "coordinates": [
          [
            126.6523204,
            37.4505968
          ],
          [
            126.6527628,
            37.450422
          ]
        ]
      },
      "properties": {
        "osm_way_id": "481241662",
        "source_from_node_id": "osm-node-4741759483",
        "source_to_node_id": "osm-node-4741759490",
        "source_node_index_range": [
          3,
          4
        ],
        "direction_status": "DIRECTION_UNKNOWN",
        "verification_status": "UNVERIFIED",
        "routable": false,
        "geometry_scope": "CLIPPED_TO_SOURCE_QUERY_BBOX_DISPLAY_ONLY"
      }
    },
    {
      "type": "Feature",
      "id": "osm-way-481241662-segment-004-005",
      "geometry": {
        "type": "LineString",
        "coordinates": [
          [
            126.6527628,
            37.450422
          ],
          [
            126.6528736,
            37.4503783
          ]
        ]
      },
      "properties": {
        "osm_way_id": "481241662",
        "source_from_node_id": "osm-node-4741759490",
        "source_to_node_id": "osm-node-4741759482",
        "source_node_index_range": [
          4,
          5
        ],
        "direction_status": "DIRECTION_UNKNOWN",
        "verification_status": "UNVERIFIED",
        "routable": false,
        "geometry_scope": "CLIPPED_TO_SOURCE_QUERY_BBOX_DISPLAY_ONLY"
      }
    },
    {
      "type": "Feature",
      "id": "osm-way-481241662-segment-005-006",
      "geometry": {
        "type": "LineString",
        "coordinates": [
          [
            126.6528736,
            37.4503783
          ],
          [
            126.653454,
            37.450164
          ]
        ]
      },
      "properties": {
        "osm_way_id": "481241662",
        "source_from_node_id": "osm-node-4741759482",
        "source_to_node_id": "osm-node-10058120935",
        "source_node_index_range": [
          5,
          6
        ],
        "direction_status": "DIRECTION_UNKNOWN",
        "verification_status": "UNVERIFIED",
        "routable": false,
        "geometry_scope": "CLIPPED_TO_SOURCE_QUERY_BBOX_DISPLAY_ONLY"
      }
    },
    {
      "type": "Feature",
      "id": "osm-way-481241662-segment-006-007",
      "geometry": {
        "type": "LineString",
        "coordinates": [
          [
            126.653454,
            37.450164
          ],
          [
            126.653543,
            37.4501295
          ]
        ]
      },
      "properties": {
        "osm_way_id": "481241662",
        "source_from_node_id": "osm-node-10058120935",
        "source_to_node_id": "osm-node-4741759446",
        "source_node_index_range": [
          6,
          7
        ],
        "direction_status": "DIRECTION_UNKNOWN",
        "verification_status": "UNVERIFIED",
        "routable": false,
        "geometry_scope": "CLIPPED_TO_SOURCE_QUERY_BBOX_DISPLAY_ONLY"
      }
    },
    {
      "type": "Feature",
      "id": "osm-way-481241662-segment-007-008",
      "geometry": {
        "type": "LineString",
        "coordinates": [
          [
            126.653543,
            37.4501295
          ],
          [
            126.6536329,
            37.4500791
          ]
        ]
      },
      "properties": {
        "osm_way_id": "481241662",
        "source_from_node_id": "osm-node-4741759446",
        "source_to_node_id": "osm-node-4741759498",
        "source_node_index_range": [
          7,
          8
        ],
        "direction_status": "DIRECTION_UNKNOWN",
        "verification_status": "UNVERIFIED",
        "routable": false,
        "geometry_scope": "CLIPPED_TO_SOURCE_QUERY_BBOX_DISPLAY_ONLY"
      }
    },
    {
      "type": "Feature",
      "id": "osm-way-481241662-segment-008-009",
      "geometry": {
        "type": "LineString",
        "coordinates": [
          [
            126.6536329,
            37.4500791
          ],
          [
            126.6536596,
            37.4500696
          ]
        ]
      },
      "properties": {
        "osm_way_id": "481241662",
        "source_from_node_id": "osm-node-4741759498",
        "source_to_node_id": "osm-node-4741759447",
        "source_node_index_range": [
          8,
          9
        ],
        "direction_status": "DIRECTION_UNKNOWN",
        "verification_status": "UNVERIFIED",
        "routable": false,
        "geometry_scope": "CLIPPED_TO_SOURCE_QUERY_BBOX_DISPLAY_ONLY"
      }
    },
    {
      "type": "Feature",
      "id": "osm-way-481241662-segment-009-010",
      "geometry": {
        "type": "LineString",
        "coordinates": [
          [
            126.6536596,
            37.4500696
          ],
          [
            126.6545112,
            37.4497409
          ]
        ]
      },
      "properties": {
        "osm_way_id": "481241662",
        "source_from_node_id": "osm-node-4741759447",
        "source_to_node_id": "osm-node-4741759511",
        "source_node_index_range": [
          9,
          10
        ],
        "direction_status": "DIRECTION_UNKNOWN",
        "verification_status": "UNVERIFIED",
        "routable": false,
        "geometry_scope": "CLIPPED_TO_SOURCE_QUERY_BBOX_DISPLAY_ONLY"
      }
    },
    {
      "type": "Feature",
      "id": "osm-way-481241663-segment-000-002",
      "geometry": {
        "type": "LineString",
        "coordinates": [
          [
            126.6558984,
            37.4491737
          ],
          [
            126.6562594,
            37.4497847
          ],
          [
            126.6564605,
            37.4501252
          ]
        ]
      },
      "properties": {
        "osm_way_id": "481241663",
        "source_from_node_id": "osm-node-4741759444",
        "source_to_node_id": "osm-node-4741759449",
        "source_node_index_range": [
          0,
          2
        ],
        "direction_status": "DIRECTION_UNKNOWN",
        "verification_status": "UNVERIFIED",
        "routable": false,
        "geometry_scope": "CLIPPED_TO_SOURCE_QUERY_BBOX_DISPLAY_ONLY"
      }
    },
    {
      "type": "Feature",
      "id": "osm-way-481241663-segment-002-003",
      "geometry": {
        "type": "LineString",
        "coordinates": [
          [
            126.6564605,
            37.4501252
          ],
          [
            126.6564949,
            37.4510135
          ]
        ]
      },
      "properties": {
        "osm_way_id": "481241663",
        "source_from_node_id": "osm-node-4741759449",
        "source_to_node_id": "osm-node-4741759450",
        "source_node_index_range": [
          2,
          3
        ],
        "direction_status": "DIRECTION_UNKNOWN",
        "verification_status": "UNVERIFIED",
        "routable": false,
        "geometry_scope": "CLIPPED_TO_SOURCE_QUERY_BBOX_DISPLAY_ONLY"
      }
    },
    {
      "type": "Feature",
      "id": "osm-way-481241664-segment-000-002",
      "geometry": {
        "type": "LineString",
        "coordinates": [
          [
            126.6554416,
            37.4493495
          ],
          [
            126.65541,
            37.4494074
          ],
          [
            126.65544,
            37.4496945
          ]
        ]
      },
      "properties": {
        "osm_way_id": "481241664",
        "source_from_node_id": "osm-node-4741759451",
        "source_to_node_id": "osm-node-4741759453",
        "source_node_index_range": [
          0,
          2
        ],
        "direction_status": "DIRECTION_UNKNOWN",
        "verification_status": "UNVERIFIED",
        "routable": false,
        "geometry_scope": "CLIPPED_TO_SOURCE_QUERY_BBOX_DISPLAY_ONLY"
      }
    },
    {
      "type": "Feature",
      "id": "osm-way-481241665-segment-000-001",
      "geometry": {
        "type": "LineString",
        "coordinates": [
          [
            126.6541191,
            37.4502665
          ],
          [
            126.6536596,
            37.4500696
          ]
        ]
      },
      "properties": {
        "osm_way_id": "481241665",
        "source_from_node_id": "osm-node-2262335936",
        "source_to_node_id": "osm-node-4741759447",
        "source_node_index_range": [
          0,
          1
        ],
        "direction_status": "DIRECTION_UNKNOWN",
        "verification_status": "UNVERIFIED",
        "routable": false,
        "geometry_scope": "CLIPPED_TO_SOURCE_QUERY_BBOX_DISPLAY_ONLY"
      }
    },
    {
      "type": "Feature",
      "id": "osm-way-481241668-segment-000-003",
      "geometry": {
        "type": "LineString",
        "coordinates": [
          [
            126.654571,
            37.4508684
          ],
          [
            126.6548597,
            37.4507605
          ],
          [
            126.6549285,
            37.450746
          ],
          [
            126.6551299,
            37.4506979
          ]
        ]
      },
      "properties": {
        "osm_way_id": "481241668",
        "source_from_node_id": "osm-node-4741759458",
        "source_to_node_id": "osm-node-4741759460",
        "source_node_index_range": [
          0,
          3
        ],
        "direction_status": "DIRECTION_UNKNOWN",
        "verification_status": "UNVERIFIED",
        "routable": false,
        "geometry_scope": "CLIPPED_TO_SOURCE_QUERY_BBOX_DISPLAY_ONLY"
      }
    },
    {
      "type": "Feature",
      "id": "osm-way-481241669-segment-000-001",
      "geometry": {
        "type": "LineString",
        "coordinates": [
          [
            126.6551299,
            37.4506979
          ],
          [
            126.6553011,
            37.4506885
          ]
        ]
      },
      "properties": {
        "osm_way_id": "481241669",
        "source_from_node_id": "osm-node-4741759460",
        "source_to_node_id": "osm-node-4741759462",
        "source_node_index_range": [
          0,
          1
        ],
        "direction_status": "DIRECTION_UNKNOWN",
        "verification_status": "UNVERIFIED",
        "routable": false,
        "geometry_scope": "CLIPPED_TO_SOURCE_QUERY_BBOX_DISPLAY_ONLY"
      }
    },
    {
      "type": "Feature",
      "id": "osm-way-481241669-segment-001-003",
      "geometry": {
        "type": "LineString",
        "coordinates": [
          [
            126.6553011,
            37.4506885
          ],
          [
            126.6553605,
            37.4507036
          ],
          [
            126.6554622,
            37.4508504
          ]
        ]
      },
      "properties": {
        "osm_way_id": "481241669",
        "source_from_node_id": "osm-node-4741759462",
        "source_to_node_id": "osm-node-10058049420",
        "source_node_index_range": [
          1,
          3
        ],
        "direction_status": "DIRECTION_UNKNOWN",
        "verification_status": "UNVERIFIED",
        "routable": false,
        "geometry_scope": "CLIPPED_TO_SOURCE_QUERY_BBOX_DISPLAY_ONLY"
      }
    },
    {
      "type": "Feature",
      "id": "osm-way-481241675-segment-000-001",
      "geometry": {
        "type": "LineString",
        "coordinates": [
          [
            126.6518116,
            37.4510626
          ],
          [
            126.6523421,
            37.4508374
          ]
        ]
      },
      "properties": {
        "osm_way_id": "481241675",
        "source_from_node_id": "osm-node-4741759479",
        "source_to_node_id": "osm-node-4741759487",
        "source_node_index_range": [
          0,
          1
        ],
        "direction_status": "DIRECTION_UNKNOWN",
        "verification_status": "UNVERIFIED",
        "routable": false,
        "geometry_scope": "CLIPPED_TO_SOURCE_QUERY_BBOX_DISPLAY_ONLY"
      }
    },
    {
      "type": "Feature",
      "id": "osm-way-481241675-segment-001-002",
      "geometry": {
        "type": "LineString",
        "coordinates": [
          [
            126.6523421,
            37.4508374
          ],
          [
            126.6525725,
            37.4507396
          ]
        ]
      },
      "properties": {
        "osm_way_id": "481241675",
        "source_from_node_id": "osm-node-4741759487",
        "source_to_node_id": "osm-node-4741759486",
        "source_node_index_range": [
          1,
          2
        ],
        "direction_status": "DIRECTION_UNKNOWN",
        "verification_status": "UNVERIFIED",
        "routable": false,
        "geometry_scope": "CLIPPED_TO_SOURCE_QUERY_BBOX_DISPLAY_ONLY"
      }
    },
    {
      "type": "Feature",
      "id": "osm-way-481241675-segment-002-003",
      "geometry": {
        "type": "LineString",
        "coordinates": [
          [
            126.6525725,
            37.4507396
          ],
          [
            126.6530014,
            37.4505575
          ]
        ]
      },
      "properties": {
        "osm_way_id": "481241675",
        "source_from_node_id": "osm-node-4741759486",
        "source_to_node_id": "osm-node-4741759481",
        "source_node_index_range": [
          2,
          3
        ],
        "direction_status": "DIRECTION_UNKNOWN",
        "verification_status": "UNVERIFIED",
        "routable": false,
        "geometry_scope": "CLIPPED_TO_SOURCE_QUERY_BBOX_DISPLAY_ONLY"
      }
    },
    {
      "type": "Feature",
      "id": "osm-way-481241675-segment-003-006",
      "geometry": {
        "type": "LineString",
        "coordinates": [
          [
            126.6530014,
            37.4505575
          ],
          [
            126.6534567,
            37.4503831
          ],
          [
            126.6534912,
            37.4502634
          ],
          [
            126.653454,
            37.450164
          ]
        ]
      },
      "properties": {
        "osm_way_id": "481241675",
        "source_from_node_id": "osm-node-4741759481",
        "source_to_node_id": "osm-node-10058120935",
        "source_node_index_range": [
          3,
          6
        ],
        "direction_status": "DIRECTION_UNKNOWN",
        "verification_status": "UNVERIFIED",
        "routable": false,
        "geometry_scope": "CLIPPED_TO_SOURCE_QUERY_BBOX_DISPLAY_ONLY"
      }
    },
    {
      "type": "Feature",
      "id": "osm-way-481241676-segment-000-001",
      "geometry": {
        "type": "LineString",
        "coordinates": [
          [
            126.6530014,
            37.4505575
          ],
          [
            126.6528736,
            37.4503783
          ]
        ]
      },
      "properties": {
        "osm_way_id": "481241676",
        "source_from_node_id": "osm-node-4741759481",
        "source_to_node_id": "osm-node-4741759482",
        "source_node_index_range": [
          0,
          1
        ],
        "direction_status": "DIRECTION_UNKNOWN",
        "verification_status": "UNVERIFIED",
        "routable": false,
        "geometry_scope": "CLIPPED_TO_SOURCE_QUERY_BBOX_DISPLAY_ONLY"
      }
    },
    {
      "type": "Feature",
      "id": "osm-way-481241677-segment-000-001",
      "geometry": {
        "type": "LineString",
        "coordinates": [
          [
            126.6523204,
            37.4505968
          ],
          [
            126.6523828,
            37.4506941
          ]
        ]
      },
      "properties": {
        "osm_way_id": "481241677",
        "source_from_node_id": "osm-node-4741759483",
        "source_to_node_id": "osm-node-4741759484",
        "source_node_index_range": [
          0,
          1
        ],
        "direction_status": "DIRECTION_UNKNOWN",
        "verification_status": "UNVERIFIED",
        "routable": false,
        "geometry_scope": "CLIPPED_TO_SOURCE_QUERY_BBOX_DISPLAY_ONLY"
      }
    },
    {
      "type": "Feature",
      "id": "osm-way-481241677-segment-001-003",
      "geometry": {
        "type": "LineString",
        "coordinates": [
          [
            126.6523828,
            37.4506941
          ],
          [
            126.6524914,
            37.4507296
          ],
          [
            126.6525725,
            37.4507396
          ]
        ]
      },
      "properties": {
        "osm_way_id": "481241677",
        "source_from_node_id": "osm-node-4741759484",
        "source_to_node_id": "osm-node-4741759486",
        "source_node_index_range": [
          1,
          3
        ],
        "direction_status": "DIRECTION_UNKNOWN",
        "verification_status": "UNVERIFIED",
        "routable": false,
        "geometry_scope": "CLIPPED_TO_SOURCE_QUERY_BBOX_DISPLAY_ONLY"
      }
    },
    {
      "type": "Feature",
      "id": "osm-way-481241679-segment-000-003",
      "geometry": {
        "type": "LineString",
        "coordinates": [
          [
            126.6523421,
            37.4508374
          ],
          [
            126.65237,
            37.4507871
          ],
          [
            126.6523828,
            37.4507245
          ],
          [
            126.6523828,
            37.4506941
          ]
        ]
      },
      "properties": {
        "osm_way_id": "481241679",
        "source_from_node_id": "osm-node-4741759487",
        "source_to_node_id": "osm-node-4741759484",
        "source_node_index_range": [
          0,
          3
        ],
        "direction_status": "DIRECTION_UNKNOWN",
        "verification_status": "UNVERIFIED",
        "routable": false,
        "geometry_scope": "CLIPPED_TO_SOURCE_QUERY_BBOX_DISPLAY_ONLY"
      }
    },
    {
      "type": "Feature",
      "id": "osm-way-481241681-segment-000-002",
      "geometry": {
        "type": "LineString",
        "coordinates": [
          [
            126.6527628,
            37.450422
          ],
          [
            126.6526207,
            37.4502253
          ],
          [
            126.6525153,
            37.4500793
          ]
        ]
      },
      "properties": {
        "osm_way_id": "481241681",
        "source_from_node_id": "osm-node-4741759490",
        "source_to_node_id": "osm-node-10058460615",
        "source_node_index_range": [
          0,
          2
        ],
        "direction_status": "DIRECTION_UNKNOWN",
        "verification_status": "UNVERIFIED",
        "routable": false,
        "geometry_scope": "CLIPPED_TO_SOURCE_QUERY_BBOX_DISPLAY_ONLY"
      }
    },
    {
      "type": "Feature",
      "id": "osm-way-481241681-segment-002-003",
      "geometry": {
        "type": "LineString",
        "coordinates": [
          [
            126.6525153,
            37.4500793
          ],
          [
            126.6515963,
            37.4488071
          ]
        ]
      },
      "properties": {
        "osm_way_id": "481241681",
        "source_from_node_id": "osm-node-10058460615",
        "source_to_node_id": "osm-node-4741759491",
        "source_node_index_range": [
          2,
          3
        ],
        "direction_status": "DIRECTION_UNKNOWN",
        "verification_status": "UNVERIFIED",
        "routable": false,
        "geometry_scope": "CLIPPED_TO_SOURCE_QUERY_BBOX_DISPLAY_ONLY"
      }
    },
    {
      "type": "Feature",
      "id": "osm-way-481241683-segment-000-001",
      "geometry": {
        "type": "LineString",
        "coordinates": [
          [
            126.6524029,
            37.4484321
          ],
          [
            126.6526055,
            37.448332
          ]
        ]
      },
      "properties": {
        "osm_way_id": "481241683",
        "source_from_node_id": "osm-node-4741759503",
        "source_to_node_id": "osm-node-8956947373",
        "source_node_index_range": [
          0,
          1
        ],
        "direction_status": "DIRECTION_UNKNOWN",
        "verification_status": "UNVERIFIED",
        "routable": false,
        "geometry_scope": "CLIPPED_TO_SOURCE_QUERY_BBOX_DISPLAY_ONLY"
      }
    },
    {
      "type": "Feature",
      "id": "osm-way-481241683-segment-001-002",
      "geometry": {
        "type": "LineString",
        "coordinates": [
          [
            126.6526055,
            37.448332
          ],
          [
            126.6527431,
            37.4482803
          ]
        ]
      },
      "properties": {
        "osm_way_id": "481241683",
        "source_from_node_id": "osm-node-8956947373",
        "source_to_node_id": "osm-node-4741759493",
        "source_node_index_range": [
          1,
          2
        ],
        "direction_status": "DIRECTION_UNKNOWN",
        "verification_status": "UNVERIFIED",
        "routable": false,
        "geometry_scope": "CLIPPED_TO_SOURCE_QUERY_BBOX_DISPLAY_ONLY"
      }
    },
    {
      "type": "Feature",
      "id": "osm-way-481241683-segment-002-004",
      "geometry": {
        "type": "LineString",
        "coordinates": [
          [
            126.6527431,
            37.4482803
          ],
          [
            126.6528221,
            37.4481866
          ],
          [
            126.6531223,
            37.4477904
          ]
        ]
      },
      "properties": {
        "osm_way_id": "481241683",
        "source_from_node_id": "osm-node-4741759493",
        "source_to_node_id": "osm-node-4741759495",
        "source_node_index_range": [
          2,
          4
        ],
        "direction_status": "DIRECTION_UNKNOWN",
        "verification_status": "UNVERIFIED",
        "routable": false,
        "geometry_scope": "CLIPPED_TO_SOURCE_QUERY_BBOX_DISPLAY_ONLY"
      }
    },
    {
      "type": "Feature",
      "id": "osm-way-481241683-segment-004-006",
      "geometry": {
        "type": "LineString",
        "coordinates": [
          [
            126.6531223,
            37.4477904
          ],
          [
            126.6529862,
            37.4476498
          ],
          [
            126.6527163,
            37.4475486
          ]
        ]
      },
      "properties": {
        "osm_way_id": "481241683",
        "source_from_node_id": "osm-node-4741759495",
        "source_to_node_id": "osm-node-4741759497",
        "source_node_index_range": [
          4,
          6
        ],
        "direction_status": "DIRECTION_UNKNOWN",
        "verification_status": "UNVERIFIED",
        "routable": false,
        "geometry_scope": "CLIPPED_TO_SOURCE_QUERY_BBOX_DISPLAY_ONLY"
      }
    },
    {
      "type": "Feature",
      "id": "osm-way-481241685-segment-000-001",
      "geometry": {
        "type": "LineString",
        "coordinates": [
          [
            126.6536329,
            37.4500791
          ],
          [
            126.6533032,
            37.4495876
          ]
        ]
      },
      "properties": {
        "osm_way_id": "481241685",
        "source_from_node_id": "osm-node-4741759498",
        "source_to_node_id": "osm-node-4741759506",
        "source_node_index_range": [
          0,
          1
        ],
        "direction_status": "DIRECTION_UNKNOWN",
        "verification_status": "UNVERIFIED",
        "routable": false,
        "geometry_scope": "CLIPPED_TO_SOURCE_QUERY_BBOX_DISPLAY_ONLY"
      }
    },
    {
      "type": "Feature",
      "id": "osm-way-481241685-segment-001-003",
      "geometry": {
        "type": "LineString",
        "coordinates": [
          [
            126.6533032,
            37.4495876
          ],
          [
            126.6532897,
            37.4495668
          ],
          [
            126.6528056,
            37.4488638
          ]
        ]
      },
      "properties": {
        "osm_way_id": "481241685",
        "source_from_node_id": "osm-node-4741759506",
        "source_to_node_id": "osm-node-4741759500",
        "source_node_index_range": [
          1,
          3
        ],
        "direction_status": "DIRECTION_UNKNOWN",
        "verification_status": "UNVERIFIED",
        "routable": false,
        "geometry_scope": "CLIPPED_TO_SOURCE_QUERY_BBOX_DISPLAY_ONLY"
      }
    },
    {
      "type": "Feature",
      "id": "osm-way-481241685-segment-003-005",
      "geometry": {
        "type": "LineString",
        "coordinates": [
          [
            126.6528056,
            37.4488638
          ],
          [
            126.6526098,
            37.4486051
          ],
          [
            126.6525739,
            37.4485087
          ]
        ]
      },
      "properties": {
        "osm_way_id": "481241685",
        "source_from_node_id": "osm-node-4741759500",
        "source_to_node_id": "osm-node-10058056498",
        "source_node_index_range": [
          3,
          5
        ],
        "direction_status": "DIRECTION_UNKNOWN",
        "verification_status": "UNVERIFIED",
        "routable": false,
        "geometry_scope": "CLIPPED_TO_SOURCE_QUERY_BBOX_DISPLAY_ONLY"
      }
    },
    {
      "type": "Feature",
      "id": "osm-way-481241687-segment-000-001",
      "geometry": {
        "type": "LineString",
        "coordinates": [
          [
            126.6521954,
            37.4481004
          ],
          [
            126.6524029,
            37.4484321
          ]
        ]
      },
      "properties": {
        "osm_way_id": "481241687",
        "source_from_node_id": "osm-node-8956947377",
        "source_to_node_id": "osm-node-4741759503",
        "source_node_index_range": [
          0,
          1
        ],
        "direction_status": "DIRECTION_UNKNOWN",
        "verification_status": "UNVERIFIED",
        "routable": false,
        "geometry_scope": "CLIPPED_TO_SOURCE_QUERY_BBOX_DISPLAY_ONLY"
      }
    },
    {
      "type": "Feature",
      "id": "osm-way-481241689-segment-000-001",
      "geometry": {
        "type": "LineString",
        "coordinates": [
          [
            126.6531223,
            37.4477904
          ],
          [
            126.6532817,
            37.4477196
          ]
        ]
      },
      "properties": {
        "osm_way_id": "481241689",
        "source_from_node_id": "osm-node-4741759495",
        "source_to_node_id": "osm-node-4741759434",
        "source_node_index_range": [
          0,
          1
        ],
        "direction_status": "DIRECTION_UNKNOWN",
        "verification_status": "UNVERIFIED",
        "routable": false,
        "geometry_scope": "CLIPPED_TO_SOURCE_QUERY_BBOX_DISPLAY_ONLY"
      }
    },
    {
      "type": "Feature",
      "id": "osm-way-481241690-segment-000-001",
      "geometry": {
        "type": "LineString",
        "coordinates": [
          [
            126.6528056,
            37.4488638
          ],
          [
            126.653599,
            37.4485071
          ]
        ]
      },
      "properties": {
        "osm_way_id": "481241690",
        "source_from_node_id": "osm-node-4741759500",
        "source_to_node_id": "osm-node-4741759505",
        "source_node_index_range": [
          0,
          1
        ],
        "direction_status": "DIRECTION_UNKNOWN",
        "verification_status": "UNVERIFIED",
        "routable": false,
        "geometry_scope": "CLIPPED_TO_SOURCE_QUERY_BBOX_DISPLAY_ONLY"
      }
    },
    {
      "type": "Feature",
      "id": "osm-way-481241692-segment-000-001",
      "geometry": {
        "type": "LineString",
        "coordinates": [
          [
            126.6533032,
            37.4495876
          ],
          [
            126.6551815,
            37.4487502
          ]
        ]
      },
      "properties": {
        "osm_way_id": "481241692",
        "source_from_node_id": "osm-node-4741759506",
        "source_to_node_id": "osm-node-4741759508",
        "source_node_index_range": [
          0,
          1
        ],
        "direction_status": "DIRECTION_UNKNOWN",
        "verification_status": "UNVERIFIED",
        "routable": false,
        "geometry_scope": "CLIPPED_TO_SOURCE_QUERY_BBOX_DISPLAY_ONLY"
      }
    },
    {
      "type": "Feature",
      "id": "osm-way-481241694-segment-000-001",
      "geometry": {
        "type": "LineString",
        "coordinates": [
          [
            126.6548005,
            37.4499825
          ],
          [
            126.6547443,
            37.4499134
          ]
        ]
      },
      "properties": {
        "osm_way_id": "481241694",
        "source_from_node_id": "osm-node-4741759509",
        "source_to_node_id": "osm-node-4741759510",
        "source_node_index_range": [
          0,
          1
        ],
        "direction_status": "DIRECTION_UNKNOWN",
        "verification_status": "UNVERIFIED",
        "routable": false,
        "geometry_scope": "CLIPPED_TO_SOURCE_QUERY_BBOX_DISPLAY_ONLY"
      }
    },
    {
      "type": "Feature",
      "id": "osm-way-481241696-segment-000-001",
      "geometry": {
        "type": "LineString",
        "coordinates": [
          [
            126.6547295,
            37.4496452
          ],
          [
            126.6554416,
            37.4493495
          ]
        ]
      },
      "properties": {
        "osm_way_id": "481241696",
        "source_from_node_id": "osm-node-4741759512",
        "source_to_node_id": "osm-node-4741759451",
        "source_node_index_range": [
          0,
          1
        ],
        "direction_status": "DIRECTION_UNKNOWN",
        "verification_status": "UNVERIFIED",
        "routable": false,
        "geometry_scope": "CLIPPED_TO_SOURCE_QUERY_BBOX_DISPLAY_ONLY"
      }
    },
    {
      "type": "Feature",
      "id": "osm-way-481241696-segment-001-002",
      "geometry": {
        "type": "LineString",
        "coordinates": [
          [
            126.6554416,
            37.4493495
          ],
          [
            126.6555442,
            37.4492969
          ]
        ]
      },
      "properties": {
        "osm_way_id": "481241696",
        "source_from_node_id": "osm-node-4741759451",
        "source_to_node_id": "osm-node-4741759439",
        "source_node_index_range": [
          1,
          2
        ],
        "direction_status": "DIRECTION_UNKNOWN",
        "verification_status": "UNVERIFIED",
        "routable": false,
        "geometry_scope": "CLIPPED_TO_SOURCE_QUERY_BBOX_DISPLAY_ONLY"
      }
    },
    {
      "type": "Feature",
      "id": "osm-way-481241696-segment-002-003",
      "geometry": {
        "type": "LineString",
        "coordinates": [
          [
            126.6555442,
            37.4492969
          ],
          [
            126.6558984,
            37.4491737
          ]
        ]
      },
      "properties": {
        "osm_way_id": "481241696",
        "source_from_node_id": "osm-node-4741759439",
        "source_to_node_id": "osm-node-4741759444",
        "source_node_index_range": [
          2,
          3
        ],
        "direction_status": "DIRECTION_UNKNOWN",
        "verification_status": "UNVERIFIED",
        "routable": false,
        "geometry_scope": "CLIPPED_TO_SOURCE_QUERY_BBOX_DISPLAY_ONLY"
      }
    },
    {
      "type": "Feature",
      "id": "osm-way-481241696-segment-003-004",
      "geometry": {
        "type": "LineString",
        "coordinates": [
          [
            126.6558984,
            37.4491737
          ],
          [
            126.6562233,
            37.4490593
          ]
        ]
      },
      "properties": {
        "osm_way_id": "481241696",
        "source_from_node_id": "osm-node-4741759444",
        "source_to_node_id": "osm-node-4741759448",
        "source_node_index_range": [
          3,
          4
        ],
        "direction_status": "DIRECTION_UNKNOWN",
        "verification_status": "UNVERIFIED",
        "routable": false,
        "geometry_scope": "CLIPPED_TO_SOURCE_QUERY_BBOX_DISPLAY_ONLY"
      }
    },
    {
      "type": "Feature",
      "id": "osm-way-481241697-segment-000-002",
      "geometry": {
        "type": "LineString",
        "coordinates": [
          [
            126.6545112,
            37.4497409
          ],
          [
            126.6546693,
            37.449672
          ],
          [
            126.6547295,
            37.4496452
          ]
        ]
      },
      "properties": {
        "osm_way_id": "481241697",
        "source_from_node_id": "osm-node-4741759511",
        "source_to_node_id": "osm-node-4741759512",
        "source_node_index_range": [
          0,
          2
        ],
        "direction_status": "DIRECTION_UNKNOWN",
        "verification_status": "UNVERIFIED",
        "routable": false,
        "geometry_scope": "CLIPPED_TO_SOURCE_QUERY_BBOX_DISPLAY_ONLY"
      }
    },
    {
      "type": "Feature",
      "id": "osm-way-481241699-segment-000-002",
      "geometry": {
        "type": "LineString",
        "coordinates": [
          [
            126.6568015,
            37.4507178
          ],
          [
            126.6565183,
            37.4502257
          ],
          [
            126.6564605,
            37.4501252
          ]
        ]
      },
      "properties": {
        "osm_way_id": "481241699",
        "source_from_node_id": "osm-node-4741759513",
        "source_to_node_id": "osm-node-4741759449",
        "source_node_index_range": [
          0,
          2
        ],
        "direction_status": "DIRECTION_UNKNOWN",
        "verification_status": "UNVERIFIED",
        "routable": false,
        "geometry_scope": "CLIPPED_TO_SOURCE_QUERY_BBOX_DISPLAY_ONLY"
      }
    },
    {
      "type": "Feature",
      "id": "osm-way-481241706-segment-000-006",
      "geometry": {
        "type": "LineString",
        "coordinates": [
          [
            126.659,
            37.44899747220267
          ],
          [
            126.6588174,
            37.4490641
          ],
          [
            126.6586556,
            37.449131
          ],
          [
            126.6584768,
            37.4491435
          ],
          [
            126.6578454,
            37.449435
          ],
          [
            126.6572392,
            37.4497374
          ]
        ]
      },
      "properties": {
        "osm_way_id": "481241706",
        "source_from_node_id": "osm-node-4741759622",
        "source_to_node_id": "osm-node-4741759628",
        "source_node_index_range": [
          0,
          6
        ],
        "direction_status": "DIRECTION_UNKNOWN",
        "verification_status": "UNVERIFIED",
        "routable": false,
        "geometry_scope": "CLIPPED_TO_SOURCE_QUERY_BBOX_DISPLAY_ONLY"
      }
    },
    {
      "type": "Feature",
      "id": "osm-way-481241714-segment-000-002",
      "geometry": {
        "type": "LineString",
        "coordinates": [
          [
            126.6579184,
            37.4508863
          ],
          [
            126.6576167,
            37.4502816
          ],
          [
            126.6572392,
            37.4497374
          ]
        ]
      },
      "properties": {
        "osm_way_id": "481241714",
        "source_from_node_id": "osm-node-4741759621",
        "source_to_node_id": "osm-node-4741759628",
        "source_node_index_range": [
          0,
          2
        ],
        "direction_status": "DIRECTION_UNKNOWN",
        "verification_status": "UNVERIFIED",
        "routable": false,
        "geometry_scope": "CLIPPED_TO_SOURCE_QUERY_BBOX_DISPLAY_ONLY"
      }
    },
    {
      "type": "Feature",
      "id": "osm-way-481241714-segment-002-005",
      "geometry": {
        "type": "LineString",
        "coordinates": [
          [
            126.6572392,
            37.4497374
          ],
          [
            126.6569716,
            37.4494106
          ],
          [
            126.6567423,
            37.4491296
          ],
          [
            126.6565626,
            37.4489209
          ]
        ]
      },
      "properties": {
        "osm_way_id": "481241714",
        "source_from_node_id": "osm-node-4741759628",
        "source_to_node_id": "osm-node-4741759651",
        "source_node_index_range": [
          2,
          5
        ],
        "direction_status": "DIRECTION_UNKNOWN",
        "verification_status": "UNVERIFIED",
        "routable": false,
        "geometry_scope": "CLIPPED_TO_SOURCE_QUERY_BBOX_DISPLAY_ONLY"
      }
    },
    {
      "type": "Feature",
      "id": "osm-way-481241715-segment-000-001",
      "geometry": {
        "type": "LineString",
        "coordinates": [
          [
            126.6562233,
            37.4490593
          ],
          [
            126.6565626,
            37.4489209
          ]
        ]
      },
      "properties": {
        "osm_way_id": "481241715",
        "source_from_node_id": "osm-node-4741759448",
        "source_to_node_id": "osm-node-4741759651",
        "source_node_index_range": [
          0,
          1
        ],
        "direction_status": "DIRECTION_UNKNOWN",
        "verification_status": "UNVERIFIED",
        "routable": false,
        "geometry_scope": "CLIPPED_TO_SOURCE_QUERY_BBOX_DISPLAY_ONLY"
      }
    },
    {
      "type": "Feature",
      "id": "osm-way-481241715-segment-001-003",
      "geometry": {
        "type": "LineString",
        "coordinates": [
          [
            126.6565626,
            37.4489209
          ],
          [
            126.6574799,
            37.4485227
          ],
          [
            126.6576446,
            37.4484546
          ]
        ]
      },
      "properties": {
        "osm_way_id": "481241715",
        "source_from_node_id": "osm-node-4741759651",
        "source_to_node_id": "osm-node-4741759658",
        "source_node_index_range": [
          1,
          3
        ],
        "direction_status": "DIRECTION_UNKNOWN",
        "verification_status": "UNVERIFIED",
        "routable": false,
        "geometry_scope": "CLIPPED_TO_SOURCE_QUERY_BBOX_DISPLAY_ONLY"
      }
    },
    {
      "type": "Feature",
      "id": "osm-way-481241715-segment-003-004",
      "geometry": {
        "type": "LineString",
        "coordinates": [
          [
            126.6576446,
            37.4484546
          ],
          [
            126.6579704,
            37.44832
          ]
        ]
      },
      "properties": {
        "osm_way_id": "481241715",
        "source_from_node_id": "osm-node-4741759658",
        "source_to_node_id": "osm-node-4741759655",
        "source_node_index_range": [
          3,
          4
        ],
        "direction_status": "DIRECTION_UNKNOWN",
        "verification_status": "UNVERIFIED",
        "routable": false,
        "geometry_scope": "CLIPPED_TO_SOURCE_QUERY_BBOX_DISPLAY_ONLY"
      }
    },
    {
      "type": "Feature",
      "id": "osm-way-481241715-segment-004-005",
      "geometry": {
        "type": "LineString",
        "coordinates": [
          [
            126.6579704,
            37.44832
          ],
          [
            126.65899,
            37.4478988
          ]
        ]
      },
      "properties": {
        "osm_way_id": "481241715",
        "source_from_node_id": "osm-node-4741759655",
        "source_to_node_id": "osm-node-4741759654",
        "source_node_index_range": [
          4,
          5
        ],
        "direction_status": "DIRECTION_UNKNOWN",
        "verification_status": "UNVERIFIED",
        "routable": false,
        "geometry_scope": "CLIPPED_TO_SOURCE_QUERY_BBOX_DISPLAY_ONLY"
      }
    },
    {
      "type": "Feature",
      "id": "osm-way-481241716-segment-000-002",
      "geometry": {
        "type": "LineString",
        "coordinates": [
          [
            126.6579704,
            37.44832
          ],
          [
            126.6578071,
            37.4482416
          ],
          [
            126.6576524,
            37.4481435
          ]
        ]
      },
      "properties": {
        "osm_way_id": "481241716",
        "source_from_node_id": "osm-node-4741759655",
        "source_to_node_id": "osm-node-4741759660",
        "source_node_index_range": [
          0,
          2
        ],
        "direction_status": "DIRECTION_UNKNOWN",
        "verification_status": "UNVERIFIED",
        "routable": false,
        "geometry_scope": "CLIPPED_TO_SOURCE_QUERY_BBOX_DISPLAY_ONLY"
      }
    },
    {
      "type": "Feature",
      "id": "osm-way-481241716-segment-002-003",
      "geometry": {
        "type": "LineString",
        "coordinates": [
          [
            126.6576524,
            37.4481435
          ],
          [
            126.6563369,
            37.4461392
          ]
        ]
      },
      "properties": {
        "osm_way_id": "481241716",
        "source_from_node_id": "osm-node-4741759660",
        "source_to_node_id": "osm-node-4741759657",
        "source_node_index_range": [
          2,
          3
        ],
        "direction_status": "DIRECTION_UNKNOWN",
        "verification_status": "UNVERIFIED",
        "routable": false,
        "geometry_scope": "CLIPPED_TO_SOURCE_QUERY_BBOX_DISPLAY_ONLY"
      }
    },
    {
      "type": "Feature",
      "id": "osm-way-481241717-segment-000-002",
      "geometry": {
        "type": "LineString",
        "coordinates": [
          [
            126.6576446,
            37.4484546
          ],
          [
            126.6576784,
            37.4482991
          ],
          [
            126.6576524,
            37.4481435
          ]
        ]
      },
      "properties": {
        "osm_way_id": "481241717",
        "source_from_node_id": "osm-node-4741759658",
        "source_to_node_id": "osm-node-4741759660",
        "source_node_index_range": [
          0,
          2
        ],
        "direction_status": "DIRECTION_UNKNOWN",
        "verification_status": "UNVERIFIED",
        "routable": false,
        "geometry_scope": "CLIPPED_TO_SOURCE_QUERY_BBOX_DISPLAY_ONLY"
      }
    },
    {
      "type": "Feature",
      "id": "osm-way-505994421-segment-005-006",
      "geometry": {
        "type": "LineString",
        "coordinates": [
          [
            126.65685198252427,
            37.445
          ],
          [
            126.6569335,
            37.4451309
          ]
        ]
      },
      "properties": {
        "osm_way_id": "505994421",
        "source_from_node_id": "osm-node-4958020941",
        "source_to_node_id": "osm-node-4958020938",
        "source_node_index_range": [
          5,
          6
        ],
        "direction_status": "DIRECTION_UNKNOWN",
        "verification_status": "UNVERIFIED",
        "routable": false,
        "geometry_scope": "CLIPPED_TO_SOURCE_QUERY_BBOX_DISPLAY_ONLY"
      }
    },
    {
      "type": "Feature",
      "id": "osm-way-505994421-segment-006-007",
      "geometry": {
        "type": "LineString",
        "coordinates": [
          [
            126.6569335,
            37.4451309
          ],
          [
            126.6570598,
            37.4453337
          ]
        ]
      },
      "properties": {
        "osm_way_id": "505994421",
        "source_from_node_id": "osm-node-4958020938",
        "source_to_node_id": "osm-node-4958020926",
        "source_node_index_range": [
          6,
          7
        ],
        "direction_status": "DIRECTION_UNKNOWN",
        "verification_status": "UNVERIFIED",
        "routable": false,
        "geometry_scope": "CLIPPED_TO_SOURCE_QUERY_BBOX_DISPLAY_ONLY"
      }
    },
    {
      "type": "Feature",
      "id": "osm-way-505994421-segment-007-008",
      "geometry": {
        "type": "LineString",
        "coordinates": [
          [
            126.6570598,
            37.4453337
          ],
          [
            126.657317,
            37.4457468
          ]
        ]
      },
      "properties": {
        "osm_way_id": "505994421",
        "source_from_node_id": "osm-node-4958020926",
        "source_to_node_id": "osm-node-4958020925",
        "source_node_index_range": [
          7,
          8
        ],
        "direction_status": "DIRECTION_UNKNOWN",
        "verification_status": "UNVERIFIED",
        "routable": false,
        "geometry_scope": "CLIPPED_TO_SOURCE_QUERY_BBOX_DISPLAY_ONLY"
      }
    },
    {
      "type": "Feature",
      "id": "osm-way-505994422-segment-000-001",
      "geometry": {
        "type": "LineString",
        "coordinates": [
          [
            126.6570598,
            37.4453337
          ],
          [
            126.6562796,
            37.4456335
          ]
        ]
      },
      "properties": {
        "osm_way_id": "505994422",
        "source_from_node_id": "osm-node-4958020926",
        "source_to_node_id": "osm-node-4958020927",
        "source_node_index_range": [
          0,
          1
        ],
        "direction_status": "DIRECTION_UNKNOWN",
        "verification_status": "UNVERIFIED",
        "routable": false,
        "geometry_scope": "CLIPPED_TO_SOURCE_QUERY_BBOX_DISPLAY_ONLY"
      }
    },
    {
      "type": "Feature",
      "id": "osm-way-505994427-segment-000-001",
      "geometry": {
        "type": "LineString",
        "coordinates": [
          [
            126.6570598,
            37.4453337
          ],
          [
            126.6578819,
            37.4450114
          ]
        ]
      },
      "properties": {
        "osm_way_id": "505994427",
        "source_from_node_id": "osm-node-4958020926",
        "source_to_node_id": "osm-node-4958020936",
        "source_node_index_range": [
          0,
          1
        ],
        "direction_status": "DIRECTION_UNKNOWN",
        "verification_status": "UNVERIFIED",
        "routable": false,
        "geometry_scope": "CLIPPED_TO_SOURCE_QUERY_BBOX_DISPLAY_ONLY"
      }
    },
    {
      "type": "Feature",
      "id": "osm-way-505994428-segment-000-001",
      "geometry": {
        "type": "LineString",
        "coordinates": [
          [
            126.6562433,
            37.445402
          ],
          [
            126.6569335,
            37.4451309
          ]
        ]
      },
      "properties": {
        "osm_way_id": "505994428",
        "source_from_node_id": "osm-node-4958020937",
        "source_to_node_id": "osm-node-4958020938",
        "source_node_index_range": [
          0,
          1
        ],
        "direction_status": "DIRECTION_UNKNOWN",
        "verification_status": "UNVERIFIED",
        "routable": false,
        "geometry_scope": "CLIPPED_TO_SOURCE_QUERY_BBOX_DISPLAY_ONLY"
      }
    },
    {
      "type": "Feature",
      "id": "osm-way-505994428-segment-001-002",
      "geometry": {
        "type": "LineString",
        "coordinates": [
          [
            126.6569335,
            37.4451309
          ],
          [
            126.6572751468921,
            37.445
          ]
        ]
      },
      "properties": {
        "osm_way_id": "505994428",
        "source_from_node_id": "osm-node-4958020938",
        "source_to_node_id": "osm-node-4958020939",
        "source_node_index_range": [
          1,
          2
        ],
        "direction_status": "DIRECTION_UNKNOWN",
        "verification_status": "UNVERIFIED",
        "routable": false,
        "geometry_scope": "CLIPPED_TO_SOURCE_QUERY_BBOX_DISPLAY_ONLY"
      }
    },
    {
      "type": "Feature",
      "id": "osm-way-505994429-segment-000-001",
      "geometry": {
        "type": "LineString",
        "coordinates": [
          [
            126.6561194,
            37.4451857
          ],
          [
            126.6565847802287,
            37.445
          ]
        ]
      },
      "properties": {
        "osm_way_id": "505994429",
        "source_from_node_id": "osm-node-4958020940",
        "source_to_node_id": "osm-node-4958020941",
        "source_node_index_range": [
          0,
          1
        ],
        "direction_status": "DIRECTION_UNKNOWN",
        "verification_status": "UNVERIFIED",
        "routable": false,
        "geometry_scope": "CLIPPED_TO_SOURCE_QUERY_BBOX_DISPLAY_ONLY"
      }
    },
    {
      "type": "Feature",
      "id": "osm-way-665737674-segment-000-002",
      "geometry": {
        "type": "LineString",
        "coordinates": [
          [
            126.6576755,
            37.4534535
          ],
          [
            126.6583673,
            37.4536863
          ],
          [
            126.658646,
            37.4538366
          ]
        ]
      },
      "properties": {
        "osm_way_id": "665737674",
        "source_from_node_id": "osm-node-6231555713",
        "source_to_node_id": "osm-node-6231555715",
        "source_node_index_range": [
          0,
          2
        ],
        "direction_status": "FORWARD_ONLY_CANDIDATE",
        "verification_status": "UNVERIFIED",
        "routable": false,
        "geometry_scope": "CLIPPED_TO_SOURCE_QUERY_BBOX_DISPLAY_ONLY"
      }
    },
    {
      "type": "Feature",
      "id": "osm-way-731224474-segment-000-005",
      "geometry": {
        "type": "LineString",
        "coordinates": [
          [
            126.659,
            37.44515974414415
          ],
          [
            126.6589536,
            37.4450868
          ]
        ]
      },
      "properties": {
        "osm_way_id": "731224474",
        "source_from_node_id": "osm-node-2877968866",
        "source_to_node_id": "osm-node-2877968880",
        "source_node_index_range": [
          0,
          5
        ],
        "direction_status": "DIRECTION_UNKNOWN",
        "verification_status": "UNVERIFIED",
        "routable": false,
        "geometry_scope": "CLIPPED_TO_SOURCE_QUERY_BBOX_DISPLAY_ONLY"
      }
    },
    {
      "type": "Feature",
      "id": "osm-way-731224523-segment-000-001",
      "geometry": {
        "type": "LineString",
        "coordinates": [
          [
            126.655873,
            37.4539923
          ],
          [
            126.65591722376425,
            37.454
          ]
        ]
      },
      "properties": {
        "osm_way_id": "731224523",
        "source_from_node_id": "osm-node-2856210688",
        "source_to_node_id": "osm-node-6848997560",
        "source_node_index_range": [
          0,
          1
        ],
        "direction_status": "DIRECTION_UNKNOWN",
        "verification_status": "UNVERIFIED",
        "routable": false,
        "geometry_scope": "CLIPPED_TO_SOURCE_QUERY_BBOX_DISPLAY_ONLY"
      }
    },
    {
      "type": "Feature",
      "id": "osm-way-731224525-segment-000-001",
      "geometry": {
        "type": "LineString",
        "coordinates": [
          [
            126.6555565,
            37.4539497
          ],
          [
            126.655873,
            37.4539923
          ]
        ]
      },
      "properties": {
        "osm_way_id": "731224525",
        "source_from_node_id": "osm-node-2856212862",
        "source_to_node_id": "osm-node-2856210688",
        "source_node_index_range": [
          0,
          1
        ],
        "direction_status": "DIRECTION_UNKNOWN",
        "verification_status": "UNVERIFIED",
        "routable": false,
        "geometry_scope": "CLIPPED_TO_SOURCE_QUERY_BBOX_DISPLAY_ONLY"
      }
    },
    {
      "type": "Feature",
      "id": "osm-way-731224528-segment-000-001",
      "geometry": {
        "type": "LineString",
        "coordinates": [
          [
            126.65463987358783,
            37.454
          ],
          [
            126.6546313,
            37.4539362
          ]
        ]
      },
      "properties": {
        "osm_way_id": "731224528",
        "source_from_node_id": "osm-node-2856199546",
        "source_to_node_id": "osm-node-2856199568",
        "source_node_index_range": [
          0,
          1
        ],
        "direction_status": "DIRECTION_UNKNOWN",
        "verification_status": "UNVERIFIED",
        "routable": false,
        "geometry_scope": "CLIPPED_TO_SOURCE_QUERY_BBOX_DISPLAY_ONLY"
      }
    },
    {
      "type": "Feature",
      "id": "osm-way-731224528-segment-001-003",
      "geometry": {
        "type": "LineString",
        "coordinates": [
          [
            126.6546313,
            37.4539362
          ],
          [
            126.6546096,
            37.4537747
          ],
          [
            126.6545444,
            37.4534584
          ]
        ]
      },
      "properties": {
        "osm_way_id": "731224528",
        "source_from_node_id": "osm-node-2856199568",
        "source_to_node_id": "osm-node-2856212908",
        "source_node_index_range": [
          1,
          3
        ],
        "direction_status": "DIRECTION_UNKNOWN",
        "verification_status": "UNVERIFIED",
        "routable": false,
        "geometry_scope": "CLIPPED_TO_SOURCE_QUERY_BBOX_DISPLAY_ONLY"
      }
    },
    {
      "type": "Feature",
      "id": "osm-way-731224529-segment-000-001",
      "geometry": {
        "type": "LineString",
        "coordinates": [
          [
            126.65212333401102,
            37.454
          ],
          [
            126.6533791,
            37.4535226
          ]
        ]
      },
      "properties": {
        "osm_way_id": "731224529",
        "source_from_node_id": "osm-node-2856218068",
        "source_to_node_id": "osm-node-6848997561",
        "source_node_index_range": [
          0,
          1
        ],
        "direction_status": "DIRECTION_UNKNOWN",
        "verification_status": "UNVERIFIED",
        "routable": false,
        "geometry_scope": "CLIPPED_TO_SOURCE_QUERY_BBOX_DISPLAY_ONLY"
      }
    },
    {
      "type": "Feature",
      "id": "osm-way-731224530-segment-000-001",
      "geometry": {
        "type": "LineString",
        "coordinates": [
          [
            126.6542821,
            37.45398
          ],
          [
            126.6542177,
            37.4539881
          ]
        ]
      },
      "properties": {
        "osm_way_id": "731224530",
        "source_from_node_id": "osm-node-2881072428",
        "source_to_node_id": "osm-node-2856199566",
        "source_node_index_range": [
          0,
          1
        ],
        "direction_status": "DIRECTION_UNKNOWN",
        "verification_status": "UNVERIFIED",
        "routable": false,
        "geometry_scope": "CLIPPED_TO_SOURCE_QUERY_BBOX_DISPLAY_ONLY"
      }
    },
    {
      "type": "Feature",
      "id": "osm-way-731224531-segment-000-001",
      "geometry": {
        "type": "LineString",
        "coordinates": [
          [
            126.6546313,
            37.4539362
          ],
          [
            126.6542821,
            37.45398
          ]
        ]
      },
      "properties": {
        "osm_way_id": "731224531",
        "source_from_node_id": "osm-node-2856199568",
        "source_to_node_id": "osm-node-2881072428",
        "source_node_index_range": [
          0,
          1
        ],
        "direction_status": "DIRECTION_UNKNOWN",
        "verification_status": "UNVERIFIED",
        "routable": false,
        "geometry_scope": "CLIPPED_TO_SOURCE_QUERY_BBOX_DISPLAY_ONLY"
      }
    },
    {
      "type": "Feature",
      "id": "osm-way-731224532-segment-000-006",
      "geometry": {
        "type": "LineString",
        "coordinates": [
          [
            126.6556916,
            37.4533355
          ],
          [
            126.655586,
            37.4535153
          ],
          [
            126.6555324,
            37.453609
          ],
          [
            126.6554144,
            37.4537389
          ],
          [
            126.6551541,
            37.4539408
          ],
          [
            126.6550743421231,
            37.454
          ]
        ]
      },
      "properties": {
        "osm_way_id": "731224532",
        "source_from_node_id": "osm-node-2856199554",
        "source_to_node_id": "osm-node-2856199546",
        "source_node_index_range": [
          0,
          6
        ],
        "direction_status": "DIRECTION_UNKNOWN",
        "verification_status": "UNVERIFIED",
        "routable": false,
        "geometry_scope": "CLIPPED_TO_SOURCE_QUERY_BBOX_DISPLAY_ONLY"
      }
    },
    {
      "type": "Feature",
      "id": "osm-way-731224536-segment-000-002",
      "geometry": {
        "type": "LineString",
        "coordinates": [
          [
            126.6511041,
            37.4529766
          ],
          [
            126.6512087,
            37.4531555
          ],
          [
            126.6514152,
            37.4534599
          ]
        ]
      },
      "properties": {
        "osm_way_id": "731224536",
        "source_from_node_id": "osm-node-2856218037",
        "source_to_node_id": "osm-node-2856218038",
        "source_node_index_range": [
          0,
          2
        ],
        "direction_status": "DIRECTION_UNKNOWN",
        "verification_status": "UNVERIFIED",
        "routable": false,
        "geometry_scope": "CLIPPED_TO_SOURCE_QUERY_BBOX_DISPLAY_ONLY"
      }
    },
    {
      "type": "Feature",
      "id": "osm-way-731224537-segment-000-003",
      "geometry": {
        "type": "LineString",
        "coordinates": [
          [
            126.65161637291668,
            37.454
          ],
          [
            126.6516191,
            37.4539944
          ],
          [
            126.6515931,
            37.453831
          ],
          [
            126.6515926,
            37.4537434
          ]
        ]
      },
      "properties": {
        "osm_way_id": "731224537",
        "source_from_node_id": "osm-node-2882114717",
        "source_to_node_id": "osm-node-2882114718",
        "source_node_index_range": [
          0,
          3
        ],
        "direction_status": "DIRECTION_UNKNOWN",
        "verification_status": "UNVERIFIED",
        "routable": false,
        "geometry_scope": "CLIPPED_TO_SOURCE_QUERY_BBOX_DISPLAY_ONLY"
      }
    },
    {
      "type": "Feature",
      "id": "osm-way-731224540-segment-000-002",
      "geometry": {
        "type": "LineString",
        "coordinates": [
          [
            126.6492062,
            37.4529733
          ],
          [
            126.6493768,
            37.4523896
          ],
          [
            126.6493821,
            37.4523213
          ]
        ]
      },
      "properties": {
        "osm_way_id": "731224540",
        "source_from_node_id": "osm-node-2881072425",
        "source_to_node_id": "osm-node-2881072422",
        "source_node_index_range": [
          0,
          2
        ],
        "direction_status": "DIRECTION_UNKNOWN",
        "verification_status": "UNVERIFIED",
        "routable": false,
        "geometry_scope": "CLIPPED_TO_SOURCE_QUERY_BBOX_DISPLAY_ONLY"
      }
    },
    {
      "type": "Feature",
      "id": "osm-way-731804508-segment-000-002",
      "geometry": {
        "type": "LineString",
        "coordinates": [
          [
            126.6493598,
            37.4471815
          ],
          [
            126.648292,
            37.4469539
          ],
          [
            126.6481582,
            37.4469254
          ]
        ]
      },
      "properties": {
        "osm_way_id": "731804508",
        "source_from_node_id": "osm-node-4656657827",
        "source_to_node_id": "osm-node-14067346833",
        "source_node_index_range": [
          0,
          2
        ],
        "direction_status": "DIRECTION_UNKNOWN",
        "verification_status": "UNVERIFIED",
        "routable": false,
        "geometry_scope": "CLIPPED_TO_SOURCE_QUERY_BBOX_DISPLAY_ONLY"
      }
    },
    {
      "type": "Feature",
      "id": "osm-way-731804508-segment-002-003",
      "geometry": {
        "type": "LineString",
        "coordinates": [
          [
            126.6481582,
            37.4469254
          ],
          [
            126.648,
            37.446891691370354
          ]
        ]
      },
      "properties": {
        "osm_way_id": "731804508",
        "source_from_node_id": "osm-node-14067346833",
        "source_to_node_id": "osm-node-4658502132",
        "source_node_index_range": [
          2,
          3
        ],
        "direction_status": "DIRECTION_UNKNOWN",
        "verification_status": "UNVERIFIED",
        "routable": false,
        "geometry_scope": "CLIPPED_TO_SOURCE_QUERY_BBOX_DISPLAY_ONLY"
      }
    },
    {
      "type": "Feature",
      "id": "osm-way-937727088-segment-000-003",
      "geometry": {
        "type": "LineString",
        "coordinates": [
          [
            126.6544702,
            37.4514903
          ],
          [
            126.6528558,
            37.4521058
          ],
          [
            126.6524453,
            37.4520187
          ],
          [
            126.6518116,
            37.4510626
          ]
        ]
      },
      "properties": {
        "osm_way_id": "937727088",
        "source_from_node_id": "osm-node-2262335931",
        "source_to_node_id": "osm-node-4741759479",
        "source_node_index_range": [
          0,
          3
        ],
        "direction_status": "DIRECTION_UNKNOWN",
        "verification_status": "UNVERIFIED",
        "routable": false,
        "geometry_scope": "CLIPPED_TO_SOURCE_QUERY_BBOX_DISPLAY_ONLY"
      }
    },
    {
      "type": "Feature",
      "id": "osm-way-940020898-segment-000-003",
      "geometry": {
        "type": "LineString",
        "coordinates": [
          [
            126.6572336,
            37.4517335
          ],
          [
            126.6575754,
            37.4516413
          ],
          [
            126.6581758,
            37.4514793
          ],
          [
            126.6585997,
            37.4513649
          ]
        ]
      },
      "properties": {
        "osm_way_id": "940020898",
        "source_from_node_id": "osm-node-2445317858",
        "source_to_node_id": "osm-node-2877961307",
        "source_node_index_range": [
          0,
          3
        ],
        "direction_status": "DIRECTION_UNKNOWN",
        "verification_status": "UNVERIFIED",
        "routable": false,
        "geometry_scope": "CLIPPED_TO_SOURCE_QUERY_BBOX_DISPLAY_ONLY"
      }
    },
    {
      "type": "Feature",
      "id": "osm-way-940020899-segment-000-003",
      "geometry": {
        "type": "LineString",
        "coordinates": [
          [
            126.6585997,
            37.4513649
          ],
          [
            126.6586465,
            37.4514753
          ],
          [
            126.659,
            37.451483954289415
          ]
        ]
      },
      "properties": {
        "osm_way_id": "940020899",
        "source_from_node_id": "osm-node-2877961307",
        "source_to_node_id": "osm-node-2877961308",
        "source_node_index_range": [
          0,
          3
        ],
        "direction_status": "FORWARD_ONLY_CANDIDATE",
        "verification_status": "UNVERIFIED",
        "routable": false,
        "geometry_scope": "CLIPPED_TO_SOURCE_QUERY_BBOX_DISPLAY_ONLY"
      }
    },
    {
      "type": "Feature",
      "id": "osm-way-940020900-segment-000-005",
      "geometry": {
        "type": "LineString",
        "coordinates": [
          [
            126.65307,
            37.45222
          ],
          [
            126.6533195,
            37.452378
          ],
          [
            126.6537419,
            37.4524818
          ],
          [
            126.6540629,
            37.4525606
          ],
          [
            126.6544806,
            37.4526633
          ],
          [
            126.6548345,
            37.4527502
          ]
        ]
      },
      "properties": {
        "osm_way_id": "940020900",
        "source_from_node_id": "osm-node-436868703",
        "source_to_node_id": "osm-node-2881076905",
        "source_node_index_range": [
          0,
          5
        ],
        "direction_status": "FORWARD_ONLY_CANDIDATE",
        "verification_status": "UNVERIFIED",
        "routable": false,
        "geometry_scope": "CLIPPED_TO_SOURCE_QUERY_BBOX_DISPLAY_ONLY"
      }
    },
    {
      "type": "Feature",
      "id": "osm-way-940020900-segment-005-006",
      "geometry": {
        "type": "LineString",
        "coordinates": [
          [
            126.6548345,
            37.4527502
          ],
          [
            126.6562076,
            37.4530877
          ]
        ]
      },
      "properties": {
        "osm_way_id": "940020900",
        "source_from_node_id": "osm-node-2881076905",
        "source_to_node_id": "osm-node-2401071762",
        "source_node_index_range": [
          5,
          6
        ],
        "direction_status": "FORWARD_ONLY_CANDIDATE",
        "verification_status": "UNVERIFIED",
        "routable": false,
        "geometry_scope": "CLIPPED_TO_SOURCE_QUERY_BBOX_DISPLAY_ONLY"
      }
    },
    {
      "type": "Feature",
      "id": "osm-way-940020900-segment-006-007",
      "geometry": {
        "type": "LineString",
        "coordinates": [
          [
            126.6562076,
            37.4530877
          ],
          [
            126.6576398,
            37.4534447
          ]
        ]
      },
      "properties": {
        "osm_way_id": "940020900",
        "source_from_node_id": "osm-node-2401071762",
        "source_to_node_id": "osm-node-2401071763",
        "source_node_index_range": [
          6,
          7
        ],
        "direction_status": "FORWARD_ONLY_CANDIDATE",
        "verification_status": "UNVERIFIED",
        "routable": false,
        "geometry_scope": "CLIPPED_TO_SOURCE_QUERY_BBOX_DISPLAY_ONLY"
      }
    },
    {
      "type": "Feature",
      "id": "osm-way-940020900-segment-007-008",
      "geometry": {
        "type": "LineString",
        "coordinates": [
          [
            126.6576398,
            37.4534447
          ],
          [
            126.6576755,
            37.4534535
          ]
        ]
      },
      "properties": {
        "osm_way_id": "940020900",
        "source_from_node_id": "osm-node-2401071763",
        "source_to_node_id": "osm-node-6231555713",
        "source_node_index_range": [
          7,
          8
        ],
        "direction_status": "FORWARD_ONLY_CANDIDATE",
        "verification_status": "UNVERIFIED",
        "routable": false,
        "geometry_scope": "CLIPPED_TO_SOURCE_QUERY_BBOX_DISPLAY_ONLY"
      }
    },
    {
      "type": "Feature",
      "id": "osm-way-940020900-segment-008-009",
      "geometry": {
        "type": "LineString",
        "coordinates": [
          [
            126.6576755,
            37.4534535
          ],
          [
            126.6586179,
            37.4536846
          ]
        ]
      },
      "properties": {
        "osm_way_id": "940020900",
        "source_from_node_id": "osm-node-6231555713",
        "source_to_node_id": "osm-node-2855690575",
        "source_node_index_range": [
          8,
          9
        ],
        "direction_status": "FORWARD_ONLY_CANDIDATE",
        "verification_status": "UNVERIFIED",
        "routable": false,
        "geometry_scope": "CLIPPED_TO_SOURCE_QUERY_BBOX_DISPLAY_ONLY"
      }
    },
    {
      "type": "Feature",
      "id": "osm-way-940020901-segment-000-001",
      "geometry": {
        "type": "LineString",
        "coordinates": [
          [
            126.6585805,
            37.4537127
          ],
          [
            126.6586179,
            37.4536846
          ]
        ]
      },
      "properties": {
        "osm_way_id": "940020901",
        "source_from_node_id": "osm-node-2855690589",
        "source_to_node_id": "osm-node-2855690575",
        "source_node_index_range": [
          0,
          1
        ],
        "direction_status": "DIRECTION_UNKNOWN",
        "verification_status": "UNVERIFIED",
        "routable": false,
        "geometry_scope": "CLIPPED_TO_SOURCE_QUERY_BBOX_DISPLAY_ONLY"
      }
    },
    {
      "type": "Feature",
      "id": "osm-way-955217469-segment-000-004",
      "geometry": {
        "type": "LineString",
        "coordinates": [
          [
            126.65044223194029,
            37.445
          ],
          [
            126.6504507,
            37.4450432
          ],
          [
            126.6504708,
            37.4452208
          ],
          [
            126.6504795,
            37.4454029
          ]
        ]
      },
      "properties": {
        "osm_way_id": "955217469",
        "source_from_node_id": "osm-node-11257934906",
        "source_to_node_id": "osm-node-436830040",
        "source_node_index_range": [
          0,
          4
        ],
        "direction_status": "DIRECTION_UNKNOWN",
        "verification_status": "UNVERIFIED",
        "routable": false,
        "geometry_scope": "CLIPPED_TO_SOURCE_QUERY_BBOX_DISPLAY_ONLY"
      }
    },
    {
      "type": "Feature",
      "id": "osm-way-955217469-segment-004-006",
      "geometry": {
        "type": "LineString",
        "coordinates": [
          [
            126.6504795,
            37.4454029
          ],
          [
            126.6504632,
            37.4455976
          ],
          [
            126.6504468,
            37.4458802
          ]
        ]
      },
      "properties": {
        "osm_way_id": "955217469",
        "source_from_node_id": "osm-node-436830040",
        "source_to_node_id": "osm-node-11257934912",
        "source_node_index_range": [
          4,
          6
        ],
        "direction_status": "DIRECTION_UNKNOWN",
        "verification_status": "UNVERIFIED",
        "routable": false,
        "geometry_scope": "CLIPPED_TO_SOURCE_QUERY_BBOX_DISPLAY_ONLY"
      }
    },
    {
      "type": "Feature",
      "id": "osm-way-955217469-segment-006-008",
      "geometry": {
        "type": "LineString",
        "coordinates": [
          [
            126.6504468,
            37.4458802
          ],
          [
            126.6504447,
            37.4461138
          ],
          [
            126.6503957,
            37.4463706
          ]
        ]
      },
      "properties": {
        "osm_way_id": "955217469",
        "source_from_node_id": "osm-node-11257934912",
        "source_to_node_id": "osm-node-2886789147",
        "source_node_index_range": [
          6,
          8
        ],
        "direction_status": "DIRECTION_UNKNOWN",
        "verification_status": "UNVERIFIED",
        "routable": false,
        "geometry_scope": "CLIPPED_TO_SOURCE_QUERY_BBOX_DISPLAY_ONLY"
      }
    },
    {
      "type": "Feature",
      "id": "osm-way-955217469-segment-008-009",
      "geometry": {
        "type": "LineString",
        "coordinates": [
          [
            126.6503957,
            37.4463706
          ],
          [
            126.6503727,
            37.4464912
          ]
        ]
      },
      "properties": {
        "osm_way_id": "955217469",
        "source_from_node_id": "osm-node-2886789147",
        "source_to_node_id": "osm-node-2886789154",
        "source_node_index_range": [
          8,
          9
        ],
        "direction_status": "DIRECTION_UNKNOWN",
        "verification_status": "UNVERIFIED",
        "routable": false,
        "geometry_scope": "CLIPPED_TO_SOURCE_QUERY_BBOX_DISPLAY_ONLY"
      }
    },
    {
      "type": "Feature",
      "id": "osm-way-955217469-segment-009-011",
      "geometry": {
        "type": "LineString",
        "coordinates": [
          [
            126.6503727,
            37.4464912
          ],
          [
            126.6501251,
            37.4475882
          ],
          [
            126.6500185,
            37.4480135
          ]
        ]
      },
      "properties": {
        "osm_way_id": "955217469",
        "source_from_node_id": "osm-node-2886789154",
        "source_to_node_id": "osm-node-11257934918",
        "source_node_index_range": [
          9,
          11
        ],
        "direction_status": "DIRECTION_UNKNOWN",
        "verification_status": "UNVERIFIED",
        "routable": false,
        "geometry_scope": "CLIPPED_TO_SOURCE_QUERY_BBOX_DISPLAY_ONLY"
      }
    },
    {
      "type": "Feature",
      "id": "osm-way-955217469-segment-011-012",
      "geometry": {
        "type": "LineString",
        "coordinates": [
          [
            126.6500185,
            37.4480135
          ],
          [
            126.6498752,
            37.4485853
          ]
        ]
      },
      "properties": {
        "osm_way_id": "955217469",
        "source_from_node_id": "osm-node-11257934918",
        "source_to_node_id": "osm-node-436836503",
        "source_node_index_range": [
          11,
          12
        ],
        "direction_status": "DIRECTION_UNKNOWN",
        "verification_status": "UNVERIFIED",
        "routable": false,
        "geometry_scope": "CLIPPED_TO_SOURCE_QUERY_BBOX_DISPLAY_ONLY"
      }
    },
    {
      "type": "Feature",
      "id": "osm-way-968147725-segment-000-003",
      "geometry": {
        "type": "LineString",
        "coordinates": [
          [
            126.6553011,
            37.4506885
          ],
          [
            126.6554641,
            37.4506175
          ],
          [
            126.655504,
            37.4506138
          ],
          [
            126.6556296,
            37.4507889
          ]
        ]
      },
      "properties": {
        "osm_way_id": "968147725",
        "source_from_node_id": "osm-node-4741759462",
        "source_to_node_id": "osm-node-8956947365",
        "source_node_index_range": [
          0,
          3
        ],
        "direction_status": "DIRECTION_UNKNOWN",
        "verification_status": "UNVERIFIED",
        "routable": false,
        "geometry_scope": "CLIPPED_TO_SOURCE_QUERY_BBOX_DISPLAY_ONLY"
      }
    },
    {
      "type": "Feature",
      "id": "osm-way-1098489686-segment-000-001",
      "geometry": {
        "type": "LineString",
        "coordinates": [
          [
            126.6551299,
            37.4506979
          ],
          [
            126.654882,
            37.4503235
          ]
        ]
      },
      "properties": {
        "osm_way_id": "1098489686",
        "source_from_node_id": "osm-node-4741759460",
        "source_to_node_id": "osm-node-10058049421",
        "source_node_index_range": [
          0,
          1
        ],
        "direction_status": "DIRECTION_UNKNOWN",
        "verification_status": "UNVERIFIED",
        "routable": false,
        "geometry_scope": "CLIPPED_TO_SOURCE_QUERY_BBOX_DISPLAY_ONLY"
      }
    },
    {
      "type": "Feature",
      "id": "osm-way-1098489687-segment-000-001",
      "geometry": {
        "type": "LineString",
        "coordinates": [
          [
            126.6546486,
            37.4472949
          ],
          [
            126.6544119,
            37.4468509
          ]
        ]
      },
      "properties": {
        "osm_way_id": "1098489687",
        "source_from_node_id": "osm-node-4741759443",
        "source_to_node_id": "osm-node-10058049431",
        "source_node_index_range": [
          0,
          1
        ],
        "direction_status": "FORWARD_ONLY_CANDIDATE",
        "verification_status": "UNVERIFIED",
        "routable": false,
        "geometry_scope": "CLIPPED_TO_SOURCE_QUERY_BBOX_DISPLAY_ONLY"
      }
    },
    {
      "type": "Feature",
      "id": "osm-way-1098491073-segment-000-001",
      "geometry": {
        "type": "LineString",
        "coordinates": [
          [
            126.6526055,
            37.448332
          ],
          [
            126.6524007,
            37.4480083
          ]
        ]
      },
      "properties": {
        "osm_way_id": "1098491073",
        "source_from_node_id": "osm-node-8956947373",
        "source_to_node_id": "osm-node-10058056496",
        "source_node_index_range": [
          0,
          1
        ],
        "direction_status": "DIRECTION_UNKNOWN",
        "verification_status": "UNVERIFIED",
        "routable": false,
        "geometry_scope": "CLIPPED_TO_SOURCE_QUERY_BBOX_DISPLAY_ONLY"
      }
    },
    {
      "type": "Feature",
      "id": "osm-way-1098491074-segment-000-001",
      "geometry": {
        "type": "LineString",
        "coordinates": [
          [
            126.6512514,
            37.4489698
          ],
          [
            126.6515963,
            37.4488071
          ]
        ]
      },
      "properties": {
        "osm_way_id": "1098491074",
        "source_from_node_id": "osm-node-4741759492",
        "source_to_node_id": "osm-node-4741759491",
        "source_node_index_range": [
          0,
          1
        ],
        "direction_status": "DIRECTION_UNKNOWN",
        "verification_status": "UNVERIFIED",
        "routable": false,
        "geometry_scope": "CLIPPED_TO_SOURCE_QUERY_BBOX_DISPLAY_ONLY"
      }
    },
    {
      "type": "Feature",
      "id": "osm-way-1098491074-segment-001-002",
      "geometry": {
        "type": "LineString",
        "coordinates": [
          [
            126.6515963,
            37.4488071
          ],
          [
            126.6524029,
            37.4484321
          ]
        ]
      },
      "properties": {
        "osm_way_id": "1098491074",
        "source_from_node_id": "osm-node-4741759491",
        "source_to_node_id": "osm-node-4741759503",
        "source_node_index_range": [
          1,
          2
        ],
        "direction_status": "DIRECTION_UNKNOWN",
        "verification_status": "UNVERIFIED",
        "routable": false,
        "geometry_scope": "CLIPPED_TO_SOURCE_QUERY_BBOX_DISPLAY_ONLY"
      }
    },
    {
      "type": "Feature",
      "id": "osm-way-1098491075-segment-000-001",
      "geometry": {
        "type": "LineString",
        "coordinates": [
          [
            126.6525739,
            37.4485087
          ],
          [
            126.6524029,
            37.4484321
          ]
        ]
      },
      "properties": {
        "osm_way_id": "1098491075",
        "source_from_node_id": "osm-node-10058056498",
        "source_to_node_id": "osm-node-4741759503",
        "source_node_index_range": [
          0,
          1
        ],
        "direction_status": "FORWARD_ONLY_CANDIDATE",
        "verification_status": "UNVERIFIED",
        "routable": false,
        "geometry_scope": "CLIPPED_TO_SOURCE_QUERY_BBOX_DISPLAY_ONLY"
      }
    },
    {
      "type": "Feature",
      "id": "osm-way-1098491076-segment-000-003",
      "geometry": {
        "type": "LineString",
        "coordinates": [
          [
            126.6525739,
            37.4485087
          ],
          [
            126.6525887,
            37.4484826
          ],
          [
            126.6526884,
            37.4483478
          ],
          [
            126.6527431,
            37.4482803
          ]
        ]
      },
      "properties": {
        "osm_way_id": "1098491076",
        "source_from_node_id": "osm-node-10058056498",
        "source_to_node_id": "osm-node-4741759493",
        "source_node_index_range": [
          0,
          3
        ],
        "direction_status": "FORWARD_ONLY_CANDIDATE",
        "verification_status": "UNVERIFIED",
        "routable": false,
        "geometry_scope": "CLIPPED_TO_SOURCE_QUERY_BBOX_DISPLAY_ONLY"
      }
    },
    {
      "type": "Feature",
      "id": "osm-way-1098496323-segment-000-001",
      "geometry": {
        "type": "LineString",
        "coordinates": [
          [
            126.6559989,
            37.4517294
          ],
          [
            126.655832,
            37.4517811
          ]
        ]
      },
      "properties": {
        "osm_way_id": "1098496323",
        "source_from_node_id": "osm-node-10058120920",
        "source_to_node_id": "osm-node-10058120921",
        "source_node_index_range": [
          0,
          1
        ],
        "direction_status": "DIRECTION_UNKNOWN",
        "verification_status": "UNVERIFIED",
        "routable": false,
        "geometry_scope": "CLIPPED_TO_SOURCE_QUERY_BBOX_DISPLAY_ONLY"
      }
    },
    {
      "type": "Feature",
      "id": "osm-way-1098496330-segment-000-001",
      "geometry": {
        "type": "LineString",
        "coordinates": [
          [
            126.6544702,
            37.4514903
          ],
          [
            126.6546715,
            37.4517233
          ]
        ]
      },
      "properties": {
        "osm_way_id": "1098496330",
        "source_from_node_id": "osm-node-2262335931",
        "source_to_node_id": "osm-node-2262335934",
        "source_node_index_range": [
          0,
          1
        ],
        "direction_status": "DIRECTION_UNKNOWN",
        "verification_status": "UNVERIFIED",
        "routable": false,
        "geometry_scope": "CLIPPED_TO_SOURCE_QUERY_BBOX_DISPLAY_ONLY"
      }
    },
    {
      "type": "Feature",
      "id": "osm-way-1098496331-segment-000-001",
      "geometry": {
        "type": "LineString",
        "coordinates": [
          [
            126.6537715,
            37.4504638
          ],
          [
            126.653543,
            37.4501295
          ]
        ]
      },
      "properties": {
        "osm_way_id": "1098496331",
        "source_from_node_id": "osm-node-4741759455",
        "source_to_node_id": "osm-node-4741759446",
        "source_node_index_range": [
          0,
          1
        ],
        "direction_status": "DIRECTION_UNKNOWN",
        "verification_status": "UNVERIFIED",
        "routable": false,
        "geometry_scope": "CLIPPED_TO_SOURCE_QUERY_BBOX_DISPLAY_ONLY"
      }
    },
    {
      "type": "Feature",
      "id": "osm-way-1098539002-segment-000-001",
      "geometry": {
        "type": "LineString",
        "coordinates": [
          [
            126.6552095,
            37.4487903
          ],
          [
            126.6555227,
            37.4486497
          ]
        ]
      },
      "properties": {
        "osm_way_id": "1098539002",
        "source_from_node_id": "osm-node-4741759507",
        "source_to_node_id": "osm-node-10058460594",
        "source_node_index_range": [
          0,
          1
        ],
        "direction_status": "DIRECTION_UNKNOWN",
        "verification_status": "UNVERIFIED",
        "routable": false,
        "geometry_scope": "CLIPPED_TO_SOURCE_QUERY_BBOX_DISPLAY_ONLY"
      }
    },
    {
      "type": "Feature",
      "id": "osm-way-1098539006-segment-000-002",
      "geometry": {
        "type": "LineString",
        "coordinates": [
          [
            126.6522374,
            37.4503168
          ],
          [
            126.6521798,
            37.4502247
          ],
          [
            126.6525153,
            37.4500793
          ]
        ]
      },
      "properties": {
        "osm_way_id": "1098539006",
        "source_from_node_id": "osm-node-10058460613",
        "source_to_node_id": "osm-node-10058460615",
        "source_node_index_range": [
          0,
          2
        ],
        "direction_status": "DIRECTION_UNKNOWN",
        "verification_status": "UNVERIFIED",
        "routable": false,
        "geometry_scope": "CLIPPED_TO_SOURCE_QUERY_BBOX_DISPLAY_ONLY"
      }
    },
    {
      "type": "Feature",
      "id": "osm-way-1098539014-segment-000-002",
      "geometry": {
        "type": "LineString",
        "coordinates": [
          [
            126.6510121,
            37.4508836
          ],
          [
            126.6512211,
            37.4509046
          ],
          [
            126.6513249,
            37.4509655
          ]
        ]
      },
      "properties": {
        "osm_way_id": "1098539014",
        "source_from_node_id": "osm-node-10058484930",
        "source_to_node_id": "osm-node-10058484932",
        "source_node_index_range": [
          0,
          2
        ],
        "direction_status": "FORWARD_ONLY_CANDIDATE",
        "verification_status": "UNVERIFIED",
        "routable": false,
        "geometry_scope": "CLIPPED_TO_SOURCE_QUERY_BBOX_DISPLAY_ONLY"
      }
    },
    {
      "type": "Feature",
      "id": "osm-way-1098539015-segment-000-007",
      "geometry": {
        "type": "LineString",
        "coordinates": [
          [
            126.6502519,
            37.4513896
          ],
          [
            126.6502,
            37.4513921
          ],
          [
            126.6497488,
            37.4512165
          ],
          [
            126.6495223,
            37.4510872
          ],
          [
            126.6492639,
            37.4508414
          ],
          [
            126.6492604,
            37.450788
          ],
          [
            126.6493347,
            37.4506953
          ],
          [
            126.649388,
            37.4506846
          ]
        ]
      },
      "properties": {
        "osm_way_id": "1098539015",
        "source_from_node_id": "osm-node-4741759445",
        "source_to_node_id": "osm-node-10058484939",
        "source_node_index_range": [
          0,
          7
        ],
        "direction_status": "FORWARD_ONLY_CANDIDATE",
        "verification_status": "UNVERIFIED",
        "routable": false,
        "geometry_scope": "CLIPPED_TO_SOURCE_QUERY_BBOX_DISPLAY_ONLY"
      }
    },
    {
      "type": "Feature",
      "id": "osm-way-1098539016-segment-000-001",
      "geometry": {
        "type": "LineString",
        "coordinates": [
          [
            126.649388,
            37.4506846
          ],
          [
            126.6495807,
            37.4507037
          ]
        ]
      },
      "properties": {
        "osm_way_id": "1098539016",
        "source_from_node_id": "osm-node-10058484939",
        "source_to_node_id": "osm-node-10058484940",
        "source_node_index_range": [
          0,
          1
        ],
        "direction_status": "DIRECTION_UNKNOWN",
        "verification_status": "UNVERIFIED",
        "routable": false,
        "geometry_scope": "CLIPPED_TO_SOURCE_QUERY_BBOX_DISPLAY_ONLY"
      }
    },
    {
      "type": "Feature",
      "id": "osm-way-1098539016-segment-001-005",
      "geometry": {
        "type": "LineString",
        "coordinates": [
          [
            126.6495807,
            37.4507037
          ],
          [
            126.6499664,
            37.4511027
          ],
          [
            126.6501009,
            37.4511487
          ],
          [
            126.6501894,
            37.4511406
          ],
          [
            126.6502158,
            37.4511292
          ]
        ]
      },
      "properties": {
        "osm_way_id": "1098539016",
        "source_from_node_id": "osm-node-10058484940",
        "source_to_node_id": "osm-node-10058484948",
        "source_node_index_range": [
          1,
          5
        ],
        "direction_status": "DIRECTION_UNKNOWN",
        "verification_status": "UNVERIFIED",
        "routable": false,
        "geometry_scope": "CLIPPED_TO_SOURCE_QUERY_BBOX_DISPLAY_ONLY"
      }
    },
    {
      "type": "Feature",
      "id": "osm-way-1098539016-segment-005-006",
      "geometry": {
        "type": "LineString",
        "coordinates": [
          [
            126.6502158,
            37.4511292
          ],
          [
            126.6503584,
            37.4510672
          ]
        ]
      },
      "properties": {
        "osm_way_id": "1098539016",
        "source_from_node_id": "osm-node-10058484948",
        "source_to_node_id": "osm-node-10058484950",
        "source_node_index_range": [
          5,
          6
        ],
        "direction_status": "DIRECTION_UNKNOWN",
        "verification_status": "UNVERIFIED",
        "routable": false,
        "geometry_scope": "CLIPPED_TO_SOURCE_QUERY_BBOX_DISPLAY_ONLY"
      }
    },
    {
      "type": "Feature",
      "id": "osm-way-1098539016-segment-006-007",
      "geometry": {
        "type": "LineString",
        "coordinates": [
          [
            126.6503584,
            37.4510672
          ],
          [
            126.6505024,
            37.4510052
          ]
        ]
      },
      "properties": {
        "osm_way_id": "1098539016",
        "source_from_node_id": "osm-node-10058484950",
        "source_to_node_id": "osm-node-10058484952",
        "source_node_index_range": [
          6,
          7
        ],
        "direction_status": "DIRECTION_UNKNOWN",
        "verification_status": "UNVERIFIED",
        "routable": false,
        "geometry_scope": "CLIPPED_TO_SOURCE_QUERY_BBOX_DISPLAY_ONLY"
      }
    },
    {
      "type": "Feature",
      "id": "osm-way-1098539016-segment-007-008",
      "geometry": {
        "type": "LineString",
        "coordinates": [
          [
            126.6505024,
            37.4510052
          ],
          [
            126.6506581,
            37.4509379
          ]
        ]
      },
      "properties": {
        "osm_way_id": "1098539016",
        "source_from_node_id": "osm-node-10058484952",
        "source_to_node_id": "osm-node-10058484954",
        "source_node_index_range": [
          7,
          8
        ],
        "direction_status": "DIRECTION_UNKNOWN",
        "verification_status": "UNVERIFIED",
        "routable": false,
        "geometry_scope": "CLIPPED_TO_SOURCE_QUERY_BBOX_DISPLAY_ONLY"
      }
    },
    {
      "type": "Feature",
      "id": "osm-way-1098539016-segment-008-009",
      "geometry": {
        "type": "LineString",
        "coordinates": [
          [
            126.6506581,
            37.4509379
          ],
          [
            126.6507999,
            37.4508765
          ]
        ]
      },
      "properties": {
        "osm_way_id": "1098539016",
        "source_from_node_id": "osm-node-10058484954",
        "source_to_node_id": "osm-node-10058484943",
        "source_node_index_range": [
          8,
          9
        ],
        "direction_status": "DIRECTION_UNKNOWN",
        "verification_status": "UNVERIFIED",
        "routable": false,
        "geometry_scope": "CLIPPED_TO_SOURCE_QUERY_BBOX_DISPLAY_ONLY"
      }
    },
    {
      "type": "Feature",
      "id": "osm-way-1098539016-segment-009-010",
      "geometry": {
        "type": "LineString",
        "coordinates": [
          [
            126.6507999,
            37.4508765
          ],
          [
            126.6510121,
            37.4508836
          ]
        ]
      },
      "properties": {
        "osm_way_id": "1098539016",
        "source_from_node_id": "osm-node-10058484943",
        "source_to_node_id": "osm-node-10058484930",
        "source_node_index_range": [
          9,
          10
        ],
        "direction_status": "DIRECTION_UNKNOWN",
        "verification_status": "UNVERIFIED",
        "routable": false,
        "geometry_scope": "CLIPPED_TO_SOURCE_QUERY_BBOX_DISPLAY_ONLY"
      }
    },
    {
      "type": "Feature",
      "id": "osm-way-1098539017-segment-000-001",
      "geometry": {
        "type": "LineString",
        "coordinates": [
          [
            126.6495807,
            37.4507037
          ],
          [
            126.6496659,
            37.450524
          ]
        ]
      },
      "properties": {
        "osm_way_id": "1098539017",
        "source_from_node_id": "osm-node-10058484940",
        "source_to_node_id": "osm-node-10058484947",
        "source_node_index_range": [
          0,
          1
        ],
        "direction_status": "DIRECTION_UNKNOWN",
        "verification_status": "UNVERIFIED",
        "routable": false,
        "geometry_scope": "CLIPPED_TO_SOURCE_QUERY_BBOX_DISPLAY_ONLY"
      }
    },
    {
      "type": "Feature",
      "id": "osm-way-1098539017-segment-001-002",
      "geometry": {
        "type": "LineString",
        "coordinates": [
          [
            126.6496659,
            37.450524
          ],
          [
            126.6497761,
            37.450369
          ]
        ]
      },
      "properties": {
        "osm_way_id": "1098539017",
        "source_from_node_id": "osm-node-10058484947",
        "source_to_node_id": "osm-node-10058484949",
        "source_node_index_range": [
          1,
          2
        ],
        "direction_status": "DIRECTION_UNKNOWN",
        "verification_status": "UNVERIFIED",
        "routable": false,
        "geometry_scope": "CLIPPED_TO_SOURCE_QUERY_BBOX_DISPLAY_ONLY"
      }
    },
    {
      "type": "Feature",
      "id": "osm-way-1098539017-segment-002-004",
      "geometry": {
        "type": "LineString",
        "coordinates": [
          [
            126.6497761,
            37.450369
          ],
          [
            126.6498603,
            37.4502457
          ],
          [
            126.6499146,
            37.450217
          ]
        ]
      },
      "properties": {
        "osm_way_id": "1098539017",
        "source_from_node_id": "osm-node-10058484949",
        "source_to_node_id": "osm-node-10058484951",
        "source_node_index_range": [
          2,
          4
        ],
        "direction_status": "DIRECTION_UNKNOWN",
        "verification_status": "UNVERIFIED",
        "routable": false,
        "geometry_scope": "CLIPPED_TO_SOURCE_QUERY_BBOX_DISPLAY_ONLY"
      }
    },
    {
      "type": "Feature",
      "id": "osm-way-1098539017-segment-004-005",
      "geometry": {
        "type": "LineString",
        "coordinates": [
          [
            126.6499146,
            37.450217
          ],
          [
            126.6500783,
            37.4501303
          ]
        ]
      },
      "properties": {
        "osm_way_id": "1098539017",
        "source_from_node_id": "osm-node-10058484951",
        "source_to_node_id": "osm-node-10058484953",
        "source_node_index_range": [
          4,
          5
        ],
        "direction_status": "DIRECTION_UNKNOWN",
        "verification_status": "UNVERIFIED",
        "routable": false,
        "geometry_scope": "CLIPPED_TO_SOURCE_QUERY_BBOX_DISPLAY_ONLY"
      }
    },
    {
      "type": "Feature",
      "id": "osm-way-1098539017-segment-005-008",
      "geometry": {
        "type": "LineString",
        "coordinates": [
          [
            126.6500783,
            37.4501303
          ],
          [
            126.6502425,
            37.4500434
          ],
          [
            126.6508017,
            37.450809
          ],
          [
            126.6507999,
            37.4508765
          ]
        ]
      },
      "properties": {
        "osm_way_id": "1098539017",
        "source_from_node_id": "osm-node-10058484953",
        "source_to_node_id": "osm-node-10058484943",
        "source_node_index_range": [
          5,
          8
        ],
        "direction_status": "DIRECTION_UNKNOWN",
        "verification_status": "UNVERIFIED",
        "routable": false,
        "geometry_scope": "CLIPPED_TO_SOURCE_QUERY_BBOX_DISPLAY_ONLY"
      }
    },
    {
      "type": "Feature",
      "id": "osm-way-1098539018-segment-000-001",
      "geometry": {
        "type": "LineString",
        "coordinates": [
          [
            126.6496659,
            37.450524
          ],
          [
            126.6502158,
            37.4511292
          ]
        ]
      },
      "properties": {
        "osm_way_id": "1098539018",
        "source_from_node_id": "osm-node-10058484947",
        "source_to_node_id": "osm-node-10058484948",
        "source_node_index_range": [
          0,
          1
        ],
        "direction_status": "DIRECTION_UNKNOWN",
        "verification_status": "UNVERIFIED",
        "routable": false,
        "geometry_scope": "CLIPPED_TO_SOURCE_QUERY_BBOX_DISPLAY_ONLY"
      }
    },
    {
      "type": "Feature",
      "id": "osm-way-1098539019-segment-000-001",
      "geometry": {
        "type": "LineString",
        "coordinates": [
          [
            126.6497761,
            37.450369
          ],
          [
            126.6503584,
            37.4510672
          ]
        ]
      },
      "properties": {
        "osm_way_id": "1098539019",
        "source_from_node_id": "osm-node-10058484949",
        "source_to_node_id": "osm-node-10058484950",
        "source_node_index_range": [
          0,
          1
        ],
        "direction_status": "DIRECTION_UNKNOWN",
        "verification_status": "UNVERIFIED",
        "routable": false,
        "geometry_scope": "CLIPPED_TO_SOURCE_QUERY_BBOX_DISPLAY_ONLY"
      }
    },
    {
      "type": "Feature",
      "id": "osm-way-1098539020-segment-000-001",
      "geometry": {
        "type": "LineString",
        "coordinates": [
          [
            126.6499146,
            37.450217
          ],
          [
            126.6505024,
            37.4510052
          ]
        ]
      },
      "properties": {
        "osm_way_id": "1098539020",
        "source_from_node_id": "osm-node-10058484951",
        "source_to_node_id": "osm-node-10058484952",
        "source_node_index_range": [
          0,
          1
        ],
        "direction_status": "DIRECTION_UNKNOWN",
        "verification_status": "UNVERIFIED",
        "routable": false,
        "geometry_scope": "CLIPPED_TO_SOURCE_QUERY_BBOX_DISPLAY_ONLY"
      }
    },
    {
      "type": "Feature",
      "id": "osm-way-1098539021-segment-000-001",
      "geometry": {
        "type": "LineString",
        "coordinates": [
          [
            126.6500783,
            37.4501303
          ],
          [
            126.6506581,
            37.4509379
          ]
        ]
      },
      "properties": {
        "osm_way_id": "1098539021",
        "source_from_node_id": "osm-node-10058484953",
        "source_to_node_id": "osm-node-10058484954",
        "source_node_index_range": [
          0,
          1
        ],
        "direction_status": "DIRECTION_UNKNOWN",
        "verification_status": "UNVERIFIED",
        "routable": false,
        "geometry_scope": "CLIPPED_TO_SOURCE_QUERY_BBOX_DISPLAY_ONLY"
      }
    },
    {
      "type": "Feature",
      "id": "osm-way-1099890770-segment-000-001",
      "geometry": {
        "type": "LineString",
        "coordinates": [
          [
            126.6554109,
            37.4522091
          ],
          [
            126.6553059,
            37.4519855
          ]
        ]
      },
      "properties": {
        "osm_way_id": "1099890770",
        "source_from_node_id": "osm-node-10069027266",
        "source_to_node_id": "osm-node-10069027267",
        "source_node_index_range": [
          0,
          1
        ],
        "direction_status": "DIRECTION_UNKNOWN",
        "verification_status": "UNVERIFIED",
        "routable": false,
        "geometry_scope": "CLIPPED_TO_SOURCE_QUERY_BBOX_DISPLAY_ONLY"
      }
    },
    {
      "type": "Feature",
      "id": "osm-way-1215102701-segment-000-004",
      "geometry": {
        "type": "LineString",
        "coordinates": [
          [
            126.6506762340733,
            37.445
          ],
          [
            126.6508947,
            37.4451865
          ],
          [
            126.6510479,
            37.4452473
          ],
          [
            126.6512803,
            37.4452986
          ]
        ]
      },
      "properties": {
        "osm_way_id": "1215102701",
        "source_from_node_id": "osm-node-11257934906",
        "source_to_node_id": "osm-node-11257934910",
        "source_node_index_range": [
          0,
          4
        ],
        "direction_status": "FORWARD_ONLY_CANDIDATE",
        "verification_status": "UNVERIFIED",
        "routable": false,
        "geometry_scope": "CLIPPED_TO_SOURCE_QUERY_BBOX_DISPLAY_ONLY"
      }
    },
    {
      "type": "Feature",
      "id": "osm-way-1215102702-segment-000-002",
      "geometry": {
        "type": "LineString",
        "coordinates": [
          [
            126.6511351,
            37.4453438
          ],
          [
            126.6507075,
            37.4456684
          ],
          [
            126.6504468,
            37.4458802
          ]
        ]
      },
      "properties": {
        "osm_way_id": "1215102702",
        "source_from_node_id": "osm-node-436830039",
        "source_to_node_id": "osm-node-11257934912",
        "source_node_index_range": [
          0,
          2
        ],
        "direction_status": "FORWARD_ONLY_CANDIDATE",
        "verification_status": "UNVERIFIED",
        "routable": false,
        "geometry_scope": "CLIPPED_TO_SOURCE_QUERY_BBOX_DISPLAY_ONLY"
      }
    },
    {
      "type": "Feature",
      "id": "osm-way-1215102703-segment-000-003",
      "geometry": {
        "type": "LineString",
        "coordinates": [
          [
            126.6504468,
            37.4458802
          ],
          [
            126.6503018,
            37.4456144
          ],
          [
            126.6501146,
            37.4454725
          ],
          [
            126.6498151,
            37.4452981
          ]
        ]
      },
      "properties": {
        "osm_way_id": "1215102703",
        "source_from_node_id": "osm-node-11257934912",
        "source_to_node_id": "osm-node-11257934902",
        "source_node_index_range": [
          0,
          3
        ],
        "direction_status": "FORWARD_ONLY_CANDIDATE",
        "verification_status": "UNVERIFIED",
        "routable": false,
        "geometry_scope": "CLIPPED_TO_SOURCE_QUERY_BBOX_DISPLAY_ONLY"
      }
    },
    {
      "type": "Feature",
      "id": "osm-way-1215102704-segment-000-005",
      "geometry": {
        "type": "LineString",
        "coordinates": [
          [
            126.6500185,
            37.4480135
          ],
          [
            126.6501488,
            37.4482741
          ],
          [
            126.6501945,
            37.4483325
          ],
          [
            126.650244,
            37.4483567
          ],
          [
            126.6503505,
            37.4483778
          ],
          [
            126.6505577,
            37.4483995
          ]
        ]
      },
      "properties": {
        "osm_way_id": "1215102704",
        "source_from_node_id": "osm-node-11257934918",
        "source_to_node_id": "osm-node-11257934923",
        "source_node_index_range": [
          0,
          5
        ],
        "direction_status": "FORWARD_ONLY_CANDIDATE",
        "verification_status": "UNVERIFIED",
        "routable": false,
        "geometry_scope": "CLIPPED_TO_SOURCE_QUERY_BBOX_DISPLAY_ONLY"
      }
    },
    {
      "type": "Feature",
      "id": "osm-way-1215102705-segment-000-003",
      "geometry": {
        "type": "LineString",
        "coordinates": [
          [
            126.6505577,
            37.4483995
          ],
          [
            126.6501818,
            37.4486558
          ],
          [
            126.6501298,
            37.4486991
          ],
          [
            126.6497772,
            37.449048
          ]
        ]
      },
      "properties": {
        "osm_way_id": "1215102705",
        "source_from_node_id": "osm-node-11257934923",
        "source_to_node_id": "osm-node-11257934926",
        "source_node_index_range": [
          0,
          3
        ],
        "direction_status": "FORWARD_ONLY_CANDIDATE",
        "verification_status": "UNVERIFIED",
        "routable": false,
        "geometry_scope": "CLIPPED_TO_SOURCE_QUERY_BBOX_DISPLAY_ONLY"
      }
    },
    {
      "type": "Feature",
      "id": "osm-way-1215102706-segment-000-004",
      "geometry": {
        "type": "LineString",
        "coordinates": [
          [
            126.6497117,
            37.44922
          ],
          [
            126.6496591,
            37.4488462
          ],
          [
            126.6496299,
            37.4487273
          ],
          [
            126.6495792,
            37.4486508
          ],
          [
            126.6494694,
            37.4485379
          ]
        ]
      },
      "properties": {
        "osm_way_id": "1215102706",
        "source_from_node_id": "osm-node-11257934927",
        "source_to_node_id": "osm-node-11257934931",
        "source_node_index_range": [
          0,
          4
        ],
        "direction_status": "FORWARD_ONLY_CANDIDATE",
        "verification_status": "UNVERIFIED",
        "routable": false,
        "geometry_scope": "CLIPPED_TO_SOURCE_QUERY_BBOX_DISPLAY_ONLY"
      }
    },
    {
      "type": "Feature",
      "id": "osm-way-1215117217-segment-000-001",
      "geometry": {
        "type": "LineString",
        "coordinates": [
          [
            126.6482129,
            37.4518976
          ],
          [
            126.648,
            37.452304345128404
          ]
        ]
      },
      "properties": {
        "osm_way_id": "1215117217",
        "source_from_node_id": "osm-node-436836603",
        "source_to_node_id": "osm-node-2429042803",
        "source_node_index_range": [
          0,
          1
        ],
        "direction_status": "DIRECTION_UNKNOWN",
        "verification_status": "UNVERIFIED",
        "routable": false,
        "geometry_scope": "CLIPPED_TO_SOURCE_QUERY_BBOX_DISPLAY_ONLY"
      }
    },
    {
      "type": "Feature",
      "id": "osm-way-1215117218-segment-000-003",
      "geometry": {
        "type": "LineString",
        "coordinates": [
          [
            126.6495475,
            37.4496517
          ],
          [
            126.649355,
            37.4500629
          ],
          [
            126.6488337,
            37.4508644
          ],
          [
            126.6486557,
            37.4510138
          ]
        ]
      },
      "properties": {
        "osm_way_id": "1215117218",
        "source_from_node_id": "osm-node-436836634",
        "source_to_node_id": "osm-node-11257934947",
        "source_node_index_range": [
          0,
          3
        ],
        "direction_status": "FORWARD_ONLY_CANDIDATE",
        "verification_status": "UNVERIFIED",
        "routable": false,
        "geometry_scope": "CLIPPED_TO_SOURCE_QUERY_BBOX_DISPLAY_ONLY"
      }
    },
    {
      "type": "Feature",
      "id": "osm-way-1215117218-segment-003-006",
      "geometry": {
        "type": "LineString",
        "coordinates": [
          [
            126.6486557,
            37.4510138
          ],
          [
            126.6486797,
            37.4508134
          ],
          [
            126.6492063,
            37.4499801
          ],
          [
            126.6495475,
            37.4496517
          ]
        ]
      },
      "properties": {
        "osm_way_id": "1215117218",
        "source_from_node_id": "osm-node-11257934947",
        "source_to_node_id": "osm-node-436836634",
        "source_node_index_range": [
          3,
          6
        ],
        "direction_status": "FORWARD_ONLY_CANDIDATE",
        "verification_status": "UNVERIFIED",
        "routable": false,
        "geometry_scope": "CLIPPED_TO_SOURCE_QUERY_BBOX_DISPLAY_ONLY"
      }
    },
    {
      "type": "Feature",
      "id": "osm-way-1215393150-segment-000-003",
      "geometry": {
        "type": "LineString",
        "coordinates": [
          [
            126.6498752,
            37.4485853
          ],
          [
            126.6498514,
            37.4487234
          ],
          [
            126.6498105,
            37.4489603
          ],
          [
            126.6497772,
            37.449048
          ]
        ]
      },
      "properties": {
        "osm_way_id": "1215393150",
        "source_from_node_id": "osm-node-436836503",
        "source_to_node_id": "osm-node-11257934926",
        "source_node_index_range": [
          0,
          3
        ],
        "direction_status": "DIRECTION_UNKNOWN",
        "verification_status": "UNVERIFIED",
        "routable": false,
        "geometry_scope": "CLIPPED_TO_SOURCE_QUERY_BBOX_DISPLAY_ONLY"
      }
    },
    {
      "type": "Feature",
      "id": "osm-way-1215393150-segment-003-004",
      "geometry": {
        "type": "LineString",
        "coordinates": [
          [
            126.6497772,
            37.449048
          ],
          [
            126.6497117,
            37.44922
          ]
        ]
      },
      "properties": {
        "osm_way_id": "1215393150",
        "source_from_node_id": "osm-node-11257934926",
        "source_to_node_id": "osm-node-11257934927",
        "source_node_index_range": [
          3,
          4
        ],
        "direction_status": "DIRECTION_UNKNOWN",
        "verification_status": "UNVERIFIED",
        "routable": false,
        "geometry_scope": "CLIPPED_TO_SOURCE_QUERY_BBOX_DISPLAY_ONLY"
      }
    },
    {
      "type": "Feature",
      "id": "osm-way-1215393150-segment-004-005",
      "geometry": {
        "type": "LineString",
        "coordinates": [
          [
            126.6497117,
            37.44922
          ],
          [
            126.6495475,
            37.4496517
          ]
        ]
      },
      "properties": {
        "osm_way_id": "1215393150",
        "source_from_node_id": "osm-node-11257934927",
        "source_to_node_id": "osm-node-436836634",
        "source_node_index_range": [
          4,
          5
        ],
        "direction_status": "DIRECTION_UNKNOWN",
        "verification_status": "UNVERIFIED",
        "routable": false,
        "geometry_scope": "CLIPPED_TO_SOURCE_QUERY_BBOX_DISPLAY_ONLY"
      }
    },
    {
      "type": "Feature",
      "id": "osm-way-1215393151-segment-000-001",
      "geometry": {
        "type": "LineString",
        "coordinates": [
          [
            126.6486557,
            37.4510138
          ],
          [
            126.6482129,
            37.4518976
          ]
        ]
      },
      "properties": {
        "osm_way_id": "1215393151",
        "source_from_node_id": "osm-node-11257934947",
        "source_to_node_id": "osm-node-436836603",
        "source_node_index_range": [
          0,
          1
        ],
        "direction_status": "DIRECTION_UNKNOWN",
        "verification_status": "UNVERIFIED",
        "routable": false,
        "geometry_scope": "CLIPPED_TO_SOURCE_QUERY_BBOX_DISPLAY_ONLY"
      }
    },
    {
      "type": "Feature",
      "id": "osm-way-1223158572-segment-000-001",
      "geometry": {
        "type": "LineString",
        "coordinates": [
          [
            126.648,
            37.45301358629134
          ],
          [
            126.6482567,
            37.4533899
          ]
        ]
      },
      "properties": {
        "osm_way_id": "1223158572",
        "source_from_node_id": "osm-node-436836606",
        "source_to_node_id": "osm-node-2881072424",
        "source_node_index_range": [
          0,
          1
        ],
        "direction_status": "DIRECTION_UNKNOWN",
        "verification_status": "UNVERIFIED",
        "routable": false,
        "geometry_scope": "CLIPPED_TO_SOURCE_QUERY_BBOX_DISPLAY_ONLY"
      }
    },
    {
      "type": "Feature",
      "id": "osm-way-1223158572-segment-001-002",
      "geometry": {
        "type": "LineString",
        "coordinates": [
          [
            126.6482567,
            37.4533899
          ],
          [
            126.64863727399936,
            37.454
          ]
        ]
      },
      "properties": {
        "osm_way_id": "1223158572",
        "source_from_node_id": "osm-node-2881072424",
        "source_to_node_id": "osm-node-2879019540",
        "source_node_index_range": [
          1,
          2
        ],
        "direction_status": "DIRECTION_UNKNOWN",
        "verification_status": "UNVERIFIED",
        "routable": false,
        "geometry_scope": "CLIPPED_TO_SOURCE_QUERY_BBOX_DISPLAY_ONLY"
      }
    },
    {
      "type": "Feature",
      "id": "osm-way-1223158575-segment-000-008",
      "geometry": {
        "type": "LineString",
        "coordinates": [
          [
            126.6482129,
            37.4518976
          ],
          [
            126.6486647,
            37.4518723
          ],
          [
            126.6492031,
            37.4518886
          ],
          [
            126.6500416,
            37.4519081
          ],
          [
            126.6503815,
            37.4519338
          ],
          [
            126.6510362,
            37.4519832
          ],
          [
            126.6526557,
            37.4522214
          ],
          [
            126.6528817,
            37.4522344
          ],
          [
            126.65307,
            37.45222
          ]
        ]
      },
      "properties": {
        "osm_way_id": "1223158575",
        "source_from_node_id": "osm-node-436836603",
        "source_to_node_id": "osm-node-436868703",
        "source_node_index_range": [
          0,
          8
        ],
        "direction_status": "DIRECTION_UNKNOWN",
        "verification_status": "UNVERIFIED",
        "routable": false,
        "geometry_scope": "CLIPPED_TO_SOURCE_QUERY_BBOX_DISPLAY_ONLY"
      }
    },
    {
      "type": "Feature",
      "id": "osm-way-1223158575-segment-008-010",
      "geometry": {
        "type": "LineString",
        "coordinates": [
          [
            126.65307,
            37.45222
          ],
          [
            126.6533313,
            37.4521584
          ],
          [
            126.6537646,
            37.4520049
          ]
        ]
      },
      "properties": {
        "osm_way_id": "1223158575",
        "source_from_node_id": "osm-node-436868703",
        "source_to_node_id": "osm-node-2401071760",
        "source_node_index_range": [
          8,
          10
        ],
        "direction_status": "DIRECTION_UNKNOWN",
        "verification_status": "UNVERIFIED",
        "routable": false,
        "geometry_scope": "CLIPPED_TO_SOURCE_QUERY_BBOX_DISPLAY_ONLY"
      }
    },
    {
      "type": "Feature",
      "id": "osm-way-1223158575-segment-010-012",
      "geometry": {
        "type": "LineString",
        "coordinates": [
          [
            126.6537646,
            37.4520049
          ],
          [
            126.6546599,
            37.4517272
          ],
          [
            126.6546715,
            37.4517233
          ]
        ]
      },
      "properties": {
        "osm_way_id": "1223158575",
        "source_from_node_id": "osm-node-2401071760",
        "source_to_node_id": "osm-node-2262335934",
        "source_node_index_range": [
          10,
          12
        ],
        "direction_status": "DIRECTION_UNKNOWN",
        "verification_status": "UNVERIFIED",
        "routable": false,
        "geometry_scope": "CLIPPED_TO_SOURCE_QUERY_BBOX_DISPLAY_ONLY"
      }
    },
    {
      "type": "Feature",
      "id": "osm-way-1223158575-segment-012-013",
      "geometry": {
        "type": "LineString",
        "coordinates": [
          [
            126.6546715,
            37.4517233
          ],
          [
            126.6558634,
            37.4514268
          ]
        ]
      },
      "properties": {
        "osm_way_id": "1223158575",
        "source_from_node_id": "osm-node-2262335934",
        "source_to_node_id": "osm-node-2401071761",
        "source_node_index_range": [
          12,
          13
        ],
        "direction_status": "DIRECTION_UNKNOWN",
        "verification_status": "UNVERIFIED",
        "routable": false,
        "geometry_scope": "CLIPPED_TO_SOURCE_QUERY_BBOX_DISPLAY_ONLY"
      }
    },
    {
      "type": "Feature",
      "id": "osm-way-1223158575-segment-013-016",
      "geometry": {
        "type": "LineString",
        "coordinates": [
          [
            126.6558634,
            37.4514268
          ],
          [
            126.6560988,
            37.451364
          ],
          [
            126.6564433,
            37.4512721
          ],
          [
            126.6564766,
            37.4512632
          ]
        ]
      },
      "properties": {
        "osm_way_id": "1223158575",
        "source_from_node_id": "osm-node-2401071761",
        "source_to_node_id": "osm-node-436868707",
        "source_node_index_range": [
          13,
          16
        ],
        "direction_status": "DIRECTION_UNKNOWN",
        "verification_status": "UNVERIFIED",
        "routable": false,
        "geometry_scope": "CLIPPED_TO_SOURCE_QUERY_BBOX_DISPLAY_ONLY"
      }
    },
    {
      "type": "Feature",
      "id": "osm-way-1223158575-segment-016-017",
      "geometry": {
        "type": "LineString",
        "coordinates": [
          [
            126.6564766,
            37.4512632
          ],
          [
            126.6569674,
            37.4511411
          ]
        ]
      },
      "properties": {
        "osm_way_id": "1223158575",
        "source_from_node_id": "osm-node-436868707",
        "source_to_node_id": "osm-node-2401071755",
        "source_node_index_range": [
          16,
          17
        ],
        "direction_status": "DIRECTION_UNKNOWN",
        "verification_status": "UNVERIFIED",
        "routable": false,
        "geometry_scope": "CLIPPED_TO_SOURCE_QUERY_BBOX_DISPLAY_ONLY"
      }
    },
    {
      "type": "Feature",
      "id": "osm-way-1223158575-segment-017-019",
      "geometry": {
        "type": "LineString",
        "coordinates": [
          [
            126.6569674,
            37.4511411
          ],
          [
            126.657759,
            37.450929
          ],
          [
            126.6579184,
            37.4508863
          ]
        ]
      },
      "properties": {
        "osm_way_id": "1223158575",
        "source_from_node_id": "osm-node-2401071755",
        "source_to_node_id": "osm-node-4741759621",
        "source_node_index_range": [
          17,
          19
        ],
        "direction_status": "DIRECTION_UNKNOWN",
        "verification_status": "UNVERIFIED",
        "routable": false,
        "geometry_scope": "CLIPPED_TO_SOURCE_QUERY_BBOX_DISPLAY_ONLY"
      }
    },
    {
      "type": "Feature",
      "id": "osm-way-1223158575-segment-019-020",
      "geometry": {
        "type": "LineString",
        "coordinates": [
          [
            126.6579184,
            37.4508863
          ],
          [
            126.6583478,
            37.4507712
          ]
        ]
      },
      "properties": {
        "osm_way_id": "1223158575",
        "source_from_node_id": "osm-node-4741759621",
        "source_to_node_id": "osm-node-2877961305",
        "source_node_index_range": [
          19,
          20
        ],
        "direction_status": "DIRECTION_UNKNOWN",
        "verification_status": "UNVERIFIED",
        "routable": false,
        "geometry_scope": "CLIPPED_TO_SOURCE_QUERY_BBOX_DISPLAY_ONLY"
      }
    },
    {
      "type": "Feature",
      "id": "osm-way-1223158575-segment-020-031",
      "geometry": {
        "type": "LineString",
        "coordinates": [
          [
            126.6583478,
            37.4507712
          ],
          [
            126.659,
            37.45059644162234
          ]
        ]
      },
      "properties": {
        "osm_way_id": "1223158575",
        "source_from_node_id": "osm-node-2877961305",
        "source_to_node_id": "osm-node-436879748",
        "source_node_index_range": [
          20,
          31
        ],
        "direction_status": "DIRECTION_UNKNOWN",
        "verification_status": "UNVERIFIED",
        "routable": false,
        "geometry_scope": "CLIPPED_TO_SOURCE_QUERY_BBOX_DISPLAY_ONLY"
      }
    },
    {
      "type": "Feature",
      "id": "osm-way-1390060991-segment-000-004",
      "geometry": {
        "type": "LineString",
        "coordinates": [
          [
            126.65347560860333,
            37.445
          ],
          [
            126.6536338,
            37.4452677
          ],
          [
            126.65378,
            37.445485
          ],
          [
            126.6539782,
            37.445826
          ],
          [
            126.6546057,
            37.4467792
          ]
        ]
      },
      "properties": {
        "osm_way_id": "1390060991",
        "source_from_node_id": "osm-node-12866720413",
        "source_to_node_id": "osm-node-12866720417",
        "source_node_index_range": [
          0,
          4
        ],
        "direction_status": "DIRECTION_UNKNOWN",
        "verification_status": "UNVERIFIED",
        "routable": false,
        "geometry_scope": "CLIPPED_TO_SOURCE_QUERY_BBOX_DISPLAY_ONLY"
      }
    },
    {
      "type": "Feature",
      "id": "osm-way-1416977807-segment-000-004",
      "geometry": {
        "type": "LineString",
        "coordinates": [
          [
            126.6498151,
            37.4452981
          ],
          [
            126.6501373,
            37.4452022
          ],
          [
            126.6502451,
            37.4451009
          ],
          [
            126.65030606974268,
            37.445
          ]
        ]
      },
      "properties": {
        "osm_way_id": "1416977807",
        "source_from_node_id": "osm-node-11257934902",
        "source_to_node_id": "osm-node-11257934906",
        "source_node_index_range": [
          0,
          4
        ],
        "direction_status": "FORWARD_ONLY_CANDIDATE",
        "verification_status": "UNVERIFIED",
        "routable": false,
        "geometry_scope": "CLIPPED_TO_SOURCE_QUERY_BBOX_DISPLAY_ONLY"
      }
    },
    {
      "type": "Feature",
      "id": "osm-way-1546646094-segment-000-001",
      "geometry": {
        "type": "LineString",
        "coordinates": [
          [
            126.6481582,
            37.4469254
          ],
          [
            126.6488257,
            37.4450627
          ]
        ]
      },
      "properties": {
        "osm_way_id": "1546646094",
        "source_from_node_id": "osm-node-14067346833",
        "source_to_node_id": "osm-node-14067346834",
        "source_node_index_range": [
          0,
          1
        ],
        "direction_status": "DIRECTION_UNKNOWN",
        "verification_status": "UNVERIFIED",
        "routable": false,
        "geometry_scope": "CLIPPED_TO_SOURCE_QUERY_BBOX_DISPLAY_ONLY"
      }
    }
  ],
  "source_query_bbox_wgs84": {
    "west_lon": 126.648,
    "south_lat": 37.445,
    "east_lon": 126.659,
    "north_lat": 37.454
  },
  "display_clip_bbox_wgs84": {
    "west_lon": 126.648,
    "south_lat": 37.445,
    "east_lon": 126.659,
    "north_lat": 37.454
  },
  "display_only": true
}
