{
  "type": "FeatureCollection",
  "name": "inha-campus-osm-road-candidates",
  "data_status": "CANDIDATE_ONLY",
  "verification_status": "UNVERIFIED",
  "source_sha256": "8eb03c576a7a924e3cb4ab263fba25245431d8d25881c86ee12e7b781b265a61",
  "coordinate_frame": "WGS84 longitude, latitude",
  "features": [
    {
      "type": "Feature",
      "id": "osm-way-37400830",
      "geometry": {
        "type": "LineString",
        "coordinates": [
          [
            126.6482129,
            37.4518976
          ],
          [
            126.6470807,
            37.4521467
          ],
          [
            126.6468494,
            37.4521927
          ],
          [
            126.6464594,
            37.4523095
          ],
          [
            126.6455335,
            37.4525936
          ],
          [
            126.6447431,
            37.4528402
          ],
          [
            126.644081,
            37.4531383
          ],
          [
            126.6436303,
            37.4533184
          ],
          [
            126.6426182,
            37.4537923
          ],
          [
            126.6412114,
            37.4544248
          ],
          [
            126.64006,
            37.45498
          ],
          [
            126.6390019,
            37.4554691
          ],
          [
            126.6379615,
            37.45595
          ],
          [
            126.6371769,
            37.4562951
          ],
          [
            126.6356428,
            37.4569698
          ]
        ]
      },
      "properties": {
        "osm_way_id": "37400830",
        "review_status": "VEHICLE_ACCESS_REVIEW",
        "verification_status": "UNVERIFIED",
        "routable": false,
        "highway": "tertiary",
        "oneway": null,
        "access": null,
        "vehicle": null,
        "motor_vehicle": null,
        "vertices_outside_source_query_bbox": 14,
        "tags_json": "{\"highway\": \"tertiary\", \"name\": \"용오로\", \"name:en\": \"Yongo-ro\", \"name:ko\": \"용오로\"}"
      }
    },
    {
      "type": "Feature",
      "id": "osm-way-71395177",
      "geometry": {
        "type": "LineString",
        "coordinates": [
          [
            126.6749808,
            37.4395094
          ],
          [
            126.6738829,
            37.4395807
          ],
          [
            126.6722682,
            37.4396855
          ],
          [
            126.6715047,
            37.4397907
          ],
          [
            126.6714793,
            37.4397923
          ],
          [
            126.6708874,
            37.4398288
          ],
          [
            126.6707789,
            37.4398355
          ],
          [
            126.6695568,
            37.4399109
          ],
          [
            126.6683284,
            37.4399868
          ],
          [
            126.6671876,
            37.4400572
          ],
          [
            126.6666282,
            37.4400917
          ],
          [
            126.6657306,
            37.4401434
          ],
          [
            126.6653425,
            37.4401658
          ],
          [
            126.6650161,
            37.4401846
          ],
          [
            126.6648108,
            37.4401964
          ],
          [
            126.6644935,
            37.4402147
          ],
          [
            126.6642647,
            37.4402393
          ],
          [
            126.6642458,
            37.4402418
          ],
          [
            126.6641263,
            37.4402579
          ],
          [
            126.6639289,
            37.4402959
          ],
          [
            126.6637784,
            37.4403463
          ],
          [
            126.6637001,
            37.4403726
          ],
          [
            126.663233,
            37.4405482
          ],
          [
            126.6624964,
            37.4408059
          ],
          [
            126.6618569,
            37.4410725
          ],
          [
            126.6600162,
            37.4417818
          ],
          [
            126.6571344,
            37.4429537
          ],
          [
            126.65511,
            37.4437652
          ],
          [
            126.6532052,
            37.4445424
          ],
          [
            126.6516253,
            37.4451871
          ],
          [
            126.6513708,
            37.4452705
          ],
          [
            126.6512803,
            37.4452986
          ],
          [
            126.6511351,
            37.4453438
          ],
          [
            126.6509646,
            37.4453824
          ],
          [
            126.6507206,
            37.4454153
          ],
          [
            126.6504795,
            37.4454029
          ],
          [
            126.6502649,
            37.4453873
          ],
          [
            126.6500351,
            37.4453504
          ],
          [
            126.6498151,
            37.4452981
          ],
          [
            126.6488257,
            37.4450627
          ],
          [
            126.648445,
            37.4449722
          ]
        ]
      },
      "properties": {
        "osm_way_id": "71395177",
        "review_status": "VEHICLE_ACCESS_REVIEW",
        "verification_status": "UNVERIFIED",
        "routable": false,
        "highway": "secondary",
        "oneway": "no",
        "access": null,
        "vehicle": null,
        "motor_vehicle": null,
        "vertices_outside_source_query_bbox": 30,
        "tags_json": "{\"highway\": \"secondary\", \"lanes\": \"6\", \"name\": \"매소홀로\", \"name:en\": \"Maesohol-ro\", \"name:ja\": \"買召忽路\", \"name:ko\": \"매소홀로\", \"name:ko-Hani\": \"買召忽路\", \"name:zh\": \"买召忽路\", \"name:zh-Hans\": \"买召忽路\", \"name:zh-Hant\": \"買召忽路\", \"oneway\": \"no\", \"ref\": \"14\", \"surface\": \"asphalt\", \"wikidata\": \"Q110114908\", \"wikipedia\": \"ko:매소홀로\"}"
      }
    },
    {
      "type": "Feature",
      "id": "osm-way-165484707",
      "geometry": {
        "type": "LineString",
        "coordinates": [
          [
            126.656548,
            37.4460547
          ],
          [
            126.6565064,
            37.4459894
          ],
          [
            126.6564848,
            37.4459554
          ],
          [
            126.6562796,
            37.4456335
          ],
          [
            126.6558782,
            37.4450036
          ],
          [
            126.6553625,
            37.4441943
          ],
          [
            126.65511,
            37.4437652
          ]
        ]
      },
      "properties": {
        "osm_way_id": "165484707",
        "review_status": "VEHICLE_ACCESS_REVIEW",
        "verification_status": "UNVERIFIED",
        "routable": false,
        "highway": "tertiary",
        "oneway": "no",
        "access": null,
        "vehicle": null,
        "motor_vehicle": null,
        "vertices_outside_source_query_bbox": 2,
        "tags_json": "{\"highway\": \"tertiary\", \"name\": \"매소홀로289번길\", \"name:en\": \"Maesohol-ro 289beon-gil\", \"name:ko\": \"매소홀로289번길\", \"oneway\": \"no\"}"
      }
    },
    {
      "type": "Feature",
      "id": "osm-way-216916382",
      "geometry": {
        "type": "LineString",
        "coordinates": [
          [
            126.6573682,
            37.4504694
          ],
          [
            126.6568015,
            37.4507178
          ],
          [
            126.6566735,
            37.4507791
          ],
          [
            126.6567214,
            37.450971
          ],
          [
            126.6564949,
            37.4510135
          ],
          [
            126.656379,
            37.4510352
          ]
        ]
      },
      "properties": {
        "osm_way_id": "216916382",
        "review_status": "VEHICLE_ACCESS_REVIEW",
        "verification_status": "UNVERIFIED",
        "routable": false,
        "highway": "service",
        "oneway": null,
        "access": null,
        "vehicle": null,
        "motor_vehicle": null,
        "vertices_outside_source_query_bbox": 0,
        "tags_json": "{\"highway\": \"service\"}"
      }
    },
    {
      "type": "Feature",
      "id": "osm-way-216916383",
      "geometry": {
        "type": "LineString",
        "coordinates": [
          [
            126.6564766,
            37.4512632
          ],
          [
            126.6564271,
            37.4511471
          ],
          [
            126.656379,
            37.4510352
          ],
          [
            126.6559488,
            37.4511371
          ],
          [
            126.6549418,
            37.4513755
          ],
          [
            126.6544702,
            37.4514903
          ]
        ]
      },
      "properties": {
        "osm_way_id": "216916383",
        "review_status": "VEHICLE_ACCESS_REVIEW",
        "verification_status": "UNVERIFIED",
        "routable": false,
        "highway": "service",
        "oneway": null,
        "access": null,
        "vehicle": null,
        "motor_vehicle": null,
        "vertices_outside_source_query_bbox": 0,
        "tags_json": "{\"highway\": \"service\"}"
      }
    },
    {
      "type": "Feature",
      "id": "osm-way-216916384",
      "geometry": {
        "type": "LineString",
        "coordinates": [
          [
            126.6554559,
            37.4496873
          ],
          [
            126.65544,
            37.4496945
          ],
          [
            126.6548005,
            37.4499825
          ],
          [
            126.6541191,
            37.4502665
          ],
          [
            126.654378,
            37.4506113
          ],
          [
            126.654571,
            37.4508684
          ],
          [
            126.6549418,
            37.4513755
          ]
        ]
      },
      "properties": {
        "osm_way_id": "216916384",
        "review_status": "VEHICLE_ACCESS_REVIEW",
        "verification_status": "UNVERIFIED",
        "routable": false,
        "highway": "service",
        "oneway": null,
        "access": null,
        "vehicle": null,
        "motor_vehicle": null,
        "vertices_outside_source_query_bbox": 0,
        "tags_json": "{\"highway\": \"service\"}"
      }
    },
    {
      "type": "Feature",
      "id": "osm-way-216916385",
      "geometry": {
        "type": "LineString",
        "coordinates": [
          [
            126.6554559,
            37.4496873
          ],
          [
            126.656379,
            37.4510352
          ]
        ]
      },
      "properties": {
        "osm_way_id": "216916385",
        "review_status": "VEHICLE_ACCESS_REVIEW",
        "verification_status": "UNVERIFIED",
        "routable": false,
        "highway": "service",
        "oneway": null,
        "access": null,
        "vehicle": null,
        "motor_vehicle": null,
        "vertices_outside_source_query_bbox": 0,
        "tags_json": "{\"highway\": \"service\"}"
      }
    },
    {
      "type": "Feature",
      "id": "osm-way-231774838",
      "geometry": {
        "type": "LineString",
        "coordinates": [
          [
            126.6721606,
            37.4616964
          ],
          [
            126.6709331,
            37.4599507
          ],
          [
            126.670564,
            37.4594257
          ],
          [
            126.6703369,
            37.4591192
          ],
          [
            126.6702244,
            37.4589782
          ],
          [
            126.6695277,
            37.4581053
          ],
          [
            126.6694912,
            37.458073
          ],
          [
            126.6688735,
            37.4575264
          ],
          [
            126.6685643,
            37.4572529
          ],
          [
            126.6685377,
            37.4572326
          ],
          [
            126.6680222,
            37.456839
          ],
          [
            126.6674836,
            37.4564854
          ],
          [
            126.6674136,
            37.4564431
          ],
          [
            126.6669622,
            37.4561702
          ],
          [
            126.6662647,
            37.4558166
          ],
          [
            126.6661846,
            37.4557841
          ],
          [
            126.6656155,
            37.4555535
          ],
          [
            126.6648835,
            37.4552711
          ],
          [
            126.6639133,
            37.4549833
          ],
          [
            126.6638046,
            37.4549566
          ],
          [
            126.662363,
            37.4546031
          ],
          [
            126.6612756,
            37.4543364
          ],
          [
            126.6608808,
            37.4542396
          ],
          [
            126.6595875,
            37.4539224
          ],
          [
            126.6586179,
            37.4536846
          ]
        ]
      },
      "properties": {
        "osm_way_id": "231774838",
        "review_status": "VEHICLE_ACCESS_REVIEW",
        "verification_status": "UNVERIFIED",
        "routable": false,
        "highway": "residential",
        "oneway": null,
        "access": null,
        "vehicle": null,
        "motor_vehicle": null,
        "vertices_outside_source_query_bbox": 24,
        "tags_json": "{\"highway\": \"residential\", \"name\": \"경인남길\", \"name:en\": \"Gyeonginnam-gil\", \"name:ko\": \"경인남길\"}"
      }
    },
    {
      "type": "Feature",
      "id": "osm-way-231774839",
      "geometry": {
        "type": "LineString",
        "coordinates": [
          [
            126.6590377,
            37.4533232
          ],
          [
            126.6589604,
            37.4533053
          ],
          [
            126.6577903,
            37.4530348
          ],
          [
            126.656357,
            37.4526691
          ],
          [
            126.6559249,
            37.4525584
          ],
          [
            126.655,
            37.4523214
          ],
          [
            126.6544168,
            37.452172
          ],
          [
            126.6537646,
            37.4520049
          ]
        ]
      },
      "properties": {
        "osm_way_id": "231774839",
        "review_status": "VEHICLE_ACCESS_REVIEW",
        "verification_status": "UNVERIFIED",
        "routable": false,
        "highway": "residential",
        "oneway": "yes",
        "access": null,
        "vehicle": null,
        "motor_vehicle": null,
        "vertices_outside_source_query_bbox": 1,
        "tags_json": "{\"highway\": \"residential\", \"name\": \"인하로47번길\", \"name:en\": \"Inha-ro 47beon-gil\", \"name:ko\": \"인하로47번길\", \"oneway\": \"yes\"}"
      }
    },
    {
      "type": "Feature",
      "id": "osm-way-231774841",
      "geometry": {
        "type": "LineString",
        "coordinates": [
          [
            126.6563589,
            37.4525422
          ],
          [
            126.6571024,
            37.4523462
          ],
          [
            126.657465,
            37.4522506
          ]
        ]
      },
      "properties": {
        "osm_way_id": "231774841",
        "review_status": "VEHICLE_ACCESS_REVIEW",
        "verification_status": "UNVERIFIED",
        "routable": false,
        "highway": "service",
        "oneway": null,
        "access": null,
        "vehicle": null,
        "motor_vehicle": null,
        "vertices_outside_source_query_bbox": 0,
        "tags_json": "{\"highway\": \"service\", \"name\": \"인하로67번길\", \"name:en\": \"Inha-ro 67beon-gil\", \"name:ko\": \"인하로67번길\"}"
      }
    },
    {
      "type": "Feature",
      "id": "osm-way-231774843",
      "geometry": {
        "type": "LineString",
        "coordinates": [
          [
            126.6558634,
            37.4514268
          ],
          [
            126.6559989,
            37.4517294
          ],
          [
            126.6561261,
            37.4520136
          ],
          [
            126.6563589,
            37.4525422
          ],
          [
            126.656357,
            37.4526691
          ],
          [
            126.6562076,
            37.4530877
          ]
        ]
      },
      "properties": {
        "osm_way_id": "231774843",
        "review_status": "VEHICLE_ACCESS_REVIEW",
        "verification_status": "UNVERIFIED",
        "routable": false,
        "highway": "residential",
        "oneway": null,
        "access": null,
        "vehicle": null,
        "motor_vehicle": null,
        "vertices_outside_source_query_bbox": 0,
        "tags_json": "{\"highway\": \"residential\", \"name\": \"인하로67번길\", \"name:en\": \"Inha-ro 67beon-gil\", \"name:ko\": \"인하로67번길\"}"
      }
    },
    {
      "type": "Feature",
      "id": "osm-way-234766657",
      "geometry": {
        "type": "LineString",
        "coordinates": [
          [
            126.6718448,
            37.4617762
          ],
          [
            126.6700395,
            37.4591678
          ],
          [
            126.6691841,
            37.4581914
          ],
          [
            126.6685027,
            37.4575428
          ],
          [
            126.6674821,
            37.4567795
          ],
          [
            126.6666562,
            37.4562925
          ],
          [
            126.6655648,
            37.4557914
          ],
          [
            126.6642433,
            37.4553348
          ],
          [
            126.6601466,
            37.4543208
          ],
          [
            126.653597,
            37.4526996
          ],
          [
            126.6525714,
            37.4524942
          ],
          [
            126.6518604,
            37.4523767
          ],
          [
            126.6511698,
            37.4522919
          ],
          [
            126.6503335,
            37.4522233
          ],
          [
            126.6494416,
            37.4522102
          ],
          [
            126.6484389,
            37.4522211
          ]
        ]
      },
      "properties": {
        "osm_way_id": "234766657",
        "review_status": "VEHICLE_ACCESS_REVIEW",
        "verification_status": "UNVERIFIED",
        "routable": false,
        "highway": "trunk",
        "oneway": "yes",
        "access": null,
        "vehicle": null,
        "motor_vehicle": null,
        "vertices_outside_source_query_bbox": 9,
        "tags_json": "{\"expressway\": \"yes\", \"highway\": \"trunk\", \"lanes\": \"3\", \"maxspeed\": \"70\", \"name\": \"인천대로\", \"name:en\": \"Incheon-daero\", \"name:ja\": \"仁川大路\", \"name:ko\": \"인천대로\", \"name:ko-Hani\": \"仁川大路\", \"name:zh\": \"仁川大路\", \"oneway\": \"yes\", \"ref\": \"25\", \"wikidata\": \"Q61090891\", \"wikipedia\": \"ko:인천대로\"}"
      }
    },
    {
      "type": "Feature",
      "id": "osm-way-234766658",
      "geometry": {
        "type": "LineString",
        "coordinates": [
          [
            126.6484831,
            37.4520878
          ],
          [
            126.6494424,
            37.4520629
          ],
          [
            126.6503426,
            37.4520651
          ],
          [
            126.6512275,
            37.4521617
          ],
          [
            126.6519015,
            37.452269
          ],
          [
            126.6526125,
            37.4523865
          ],
          [
            126.6536153,
            37.4525904
          ],
          [
            126.658646,
            37.4538366
          ],
          [
            126.6642492,
            37.4552247
          ],
          [
            126.6656592,
            37.4556977
          ],
          [
            126.6667299,
            37.4561941
          ],
          [
            126.6675892,
            37.4567158
          ],
          [
            126.6680853,
            37.4570496
          ],
          [
            126.668616,
            37.457471
          ],
          [
            126.6693203,
            37.4581451
          ],
          [
            126.6701618,
            37.4591259
          ],
          [
            126.671946,
            37.461696
          ]
        ]
      },
      "properties": {
        "osm_way_id": "234766658",
        "review_status": "VEHICLE_ACCESS_REVIEW",
        "verification_status": "UNVERIFIED",
        "routable": false,
        "highway": "trunk",
        "oneway": "yes",
        "access": null,
        "vehicle": null,
        "motor_vehicle": null,
        "vertices_outside_source_query_bbox": 9,
        "tags_json": "{\"expressway\": \"yes\", \"highway\": \"trunk\", \"lanes\": \"3\", \"maxspeed\": \"70\", \"name\": \"인천대로\", \"name:en\": \"Incheon-daero\", \"name:ja\": \"仁川大路\", \"name:ko\": \"인천대로\", \"name:ko-Hani\": \"仁川大路\", \"name:zh\": \"仁川大路\", \"oneway\": \"yes\", \"ref\": \"25\", \"wikidata\": \"Q61090891\", \"wikipedia\": \"ko:인천대로\"}"
      }
    },
    {
      "type": "Feature",
      "id": "osm-way-234766669",
      "geometry": {
        "type": "LineString",
        "coordinates": [
          [
            126.6484389,
            37.4522211
          ],
          [
            126.6478256,
            37.452278
          ]
        ]
      },
      "properties": {
        "osm_way_id": "234766669",
        "review_status": "VEHICLE_ACCESS_REVIEW",
        "verification_status": "UNVERIFIED",
        "routable": false,
        "highway": "trunk",
        "oneway": "yes",
        "access": null,
        "vehicle": null,
        "motor_vehicle": null,
        "vertices_outside_source_query_bbox": 1,
        "tags_json": "{\"bridge\": \"viaduct\", \"bridge:name\": \"송도육교\", \"bridge:name:ko\": \"송도육교\", \"bridge:structure\": \"beam\", \"expressway\": \"yes\", \"highway\": \"trunk\", \"lanes\": \"3\", \"layer\": \"1\", \"maxspeed\": \"70\", \"oneway\": \"yes\", \"ref\": \"25\"}"
      }
    },
    {
      "type": "Feature",
      "id": "osm-way-234766670",
      "geometry": {
        "type": "LineString",
        "coordinates": [
          [
            126.6478939,
            37.4521569
          ],
          [
            126.6484831,
            37.4520878
          ]
        ]
      },
      "properties": {
        "osm_way_id": "234766670",
        "review_status": "VEHICLE_ACCESS_REVIEW",
        "verification_status": "UNVERIFIED",
        "routable": false,
        "highway": "trunk",
        "oneway": "yes",
        "access": null,
        "vehicle": null,
        "motor_vehicle": null,
        "vertices_outside_source_query_bbox": 1,
        "tags_json": "{\"bridge\": \"viaduct\", \"bridge:name\": \"송도육교\", \"bridge:name:ko\": \"송도육교\", \"bridge:structure\": \"beam\", \"expressway\": \"yes\", \"highway\": \"trunk\", \"lanes\": \"3\", \"layer\": \"1\", \"maxspeed\": \"70\", \"oneway\": \"yes\", \"ref\": \"25\"}"
      }
    },
    {
      "type": "Feature",
      "id": "osm-way-234766709",
      "geometry": {
        "type": "LineString",
        "coordinates": [
          [
            126.6717702,
            37.4619871
          ],
          [
            126.6703764,
            37.4598731
          ],
          [
            126.6703654,
            37.4598601
          ],
          [
            126.669764,
            37.459152
          ],
          [
            126.668486,
            37.4578018
          ],
          [
            126.668346,
            37.4575749
          ],
          [
            126.6677659,
            37.4571446
          ],
          [
            126.6672969,
            37.4568442
          ],
          [
            126.6667301,
            37.4564812
          ],
          [
            126.6660236,
            37.4561268
          ],
          [
            126.6657356,
            37.4559824
          ],
          [
            126.6646911,
            37.4556028
          ],
          [
            126.6646381,
            37.4555877
          ],
          [
            126.6634182,
            37.4552405
          ],
          [
            126.6633451,
            37.4552225
          ],
          [
            126.6618504,
            37.4548539
          ],
          [
            126.6606636,
            37.454539
          ],
          [
            126.660435,
            37.4544857
          ],
          [
            126.6602751,
            37.4544388
          ],
          [
            126.6582446,
            37.4539649
          ],
          [
            126.6579119,
            37.4538829
          ],
          [
            126.6573752,
            37.4537506
          ],
          [
            126.6567763,
            37.4536029
          ],
          [
            126.6556916,
            37.4533355
          ],
          [
            126.6551771,
            37.4532086
          ],
          [
            126.6535444,
            37.4528061
          ],
          [
            126.6526903,
            37.4526442
          ],
          [
            126.6523066,
            37.4525715
          ],
          [
            126.6521661,
            37.4525501
          ],
          [
            126.6514398,
            37.4524397
          ],
          [
            126.6503509,
            37.4523428
          ],
          [
            126.6502727,
            37.4523408
          ],
          [
            126.6494426,
            37.4523196
          ],
          [
            126.6493821,
            37.4523213
          ],
          [
            126.6486759,
            37.4523409
          ],
          [
            126.6483647,
            37.4523447
          ],
          [
            126.6480814,
            37.4524009
          ],
          [
            126.6479481,
            37.4524035
          ]
        ]
      },
      "properties": {
        "osm_way_id": "234766709",
        "review_status": "VEHICLE_ACCESS_REVIEW",
        "verification_status": "UNVERIFIED",
        "routable": false,
        "highway": "residential",
        "oneway": null,
        "access": null,
        "vehicle": null,
        "motor_vehicle": null,
        "vertices_outside_source_query_bbox": 20,
        "tags_json": "{\"highway\": \"residential\", \"name\": \"경인북길\", \"name:en\": \"Gyeonginbuk-gil\", \"name:ko\": \"경인북길\"}"
      }
    },
    {
      "type": "Feature",
      "id": "osm-way-234766713",
      "geometry": {
        "type": "LineString",
        "coordinates": [
          [
            126.6586002,
            37.4452329
          ],
          [
            126.6585607,
            37.4451687
          ],
          [
            126.6582281,
            37.4446289
          ],
          [
            126.6580805,
            37.4443893
          ],
          [
            126.6571344,
            37.4429537
          ]
        ]
      },
      "properties": {
        "osm_way_id": "234766713",
        "review_status": "VEHICLE_ACCESS_REVIEW",
        "verification_status": "UNVERIFIED",
        "routable": false,
        "highway": "residential",
        "oneway": null,
        "access": null,
        "vehicle": null,
        "motor_vehicle": null,
        "vertices_outside_source_query_bbox": 3,
        "tags_json": "{\"highway\": \"residential\", \"name\": \"매소홀로309번길\", \"name:en\": \"Maesohol-ro 309beon-gil\", \"name:ko\": \"매소홀로309번길\"}"
      }
    },
    {
      "type": "Feature",
      "id": "osm-way-236508980",
      "geometry": {
        "type": "LineString",
        "coordinates": [
          [
            126.6572336,
            37.4517335
          ],
          [
            126.6568874,
            37.451821
          ],
          [
            126.6567534,
            37.4518549
          ],
          [
            126.6567077,
            37.4518665
          ],
          [
            126.6561261,
            37.4520136
          ],
          [
            126.6558514,
            37.4520887
          ],
          [
            126.6554109,
            37.4522091
          ],
          [
            126.6551849,
            37.4522709
          ],
          [
            126.655,
            37.4523214
          ]
        ]
      },
      "properties": {
        "osm_way_id": "236508980",
        "review_status": "VEHICLE_ACCESS_REVIEW",
        "verification_status": "UNVERIFIED",
        "routable": false,
        "highway": "service",
        "oneway": null,
        "access": null,
        "vehicle": null,
        "motor_vehicle": null,
        "vertices_outside_source_query_bbox": 0,
        "tags_json": "{\"highway\": \"service\", \"name\": \"경인남길30번길\", \"name:en\": \"Gyeonginnam-gil 30beon-gil\", \"name:ko\": \"경인남길30번길\"}"
      }
    },
    {
      "type": "Feature",
      "id": "osm-way-258995842",
      "geometry": {
        "type": "LineString",
        "coordinates": [
          [
            126.6533746,
            37.4479326
          ],
          [
            126.6535087,
            37.4478766
          ],
          [
            126.6538798,
            37.4484186
          ],
          [
            126.6542786,
            37.4490012
          ]
        ]
      },
      "properties": {
        "osm_way_id": "258995842",
        "review_status": "VEHICLE_ACCESS_REVIEW",
        "verification_status": "UNVERIFIED",
        "routable": false,
        "highway": "service",
        "oneway": null,
        "access": null,
        "vehicle": null,
        "motor_vehicle": null,
        "vertices_outside_source_query_bbox": 0,
        "tags_json": "{\"highway\": \"service\"}"
      }
    },
    {
      "type": "Feature",
      "id": "osm-way-281585931",
      "geometry": {
        "type": "LineString",
        "coordinates": [
          [
            126.6561731,
            37.455796
          ],
          [
            126.6569487,
            37.455108
          ],
          [
            126.6569823,
            37.4550812
          ],
          [
            126.6575467,
            37.4546307
          ],
          [
            126.6576764,
            37.4545271
          ],
          [
            126.6577876,
            37.4544383
          ],
          [
            126.6579139,
            37.4543375
          ],
          [
            126.6580399,
            37.4542054
          ],
          [
            126.6582446,
            37.4539649
          ],
          [
            126.6582773,
            37.4539404
          ]
        ]
      },
      "properties": {
        "osm_way_id": "281585931",
        "review_status": "VEHICLE_ACCESS_REVIEW",
        "verification_status": "UNVERIFIED",
        "routable": false,
        "highway": "residential",
        "oneway": null,
        "access": null,
        "vehicle": null,
        "motor_vehicle": null,
        "vertices_outside_source_query_bbox": 8,
        "tags_json": "{\"highway\": \"residential\", \"name\": \"인주대로174번길\", \"name:en\": \"Inju-daero 174beon-gil\", \"name:ko\": \"인주대로174번길\"}"
      }
    },
    {
      "type": "Feature",
      "id": "osm-way-281585933",
      "geometry": {
        "type": "LineString",
        "coordinates": [
          [
            126.6582773,
            37.4539404
          ],
          [
            126.6585805,
            37.4537127
          ]
        ]
      },
      "properties": {
        "osm_way_id": "281585933",
        "review_status": "VEHICLE_ACCESS_REVIEW",
        "verification_status": "UNVERIFIED",
        "routable": false,
        "highway": "unclassified",
        "oneway": null,
        "access": null,
        "vehicle": null,
        "motor_vehicle": null,
        "vertices_outside_source_query_bbox": 0,
        "tags_json": "{\"highway\": \"unclassified\", \"layer\": \"-1\", \"tunnel\": \"yes\"}"
      }
    },
    {
      "type": "Feature",
      "id": "osm-way-281585936",
      "geometry": {
        "type": "LineString",
        "coordinates": [
          [
            126.6586179,
            37.4536846
          ],
          [
            126.6590377,
            37.4533232
          ],
          [
            126.6605832,
            37.4519929
          ]
        ]
      },
      "properties": {
        "osm_way_id": "281585936",
        "review_status": "VEHICLE_ACCESS_REVIEW",
        "verification_status": "UNVERIFIED",
        "routable": false,
        "highway": "service",
        "oneway": null,
        "access": null,
        "vehicle": null,
        "motor_vehicle": null,
        "vertices_outside_source_query_bbox": 2,
        "tags_json": "{\"highway\": \"service\", \"name\": \"경인남길102번길\", \"name:en\": \"Gyeonginnam-gil 102beon-gil\", \"name:ko\": \"경인남길102번길\"}"
      }
    },
    {
      "type": "Feature",
      "id": "osm-way-281588709",
      "geometry": {
        "type": "LineString",
        "coordinates": [
          [
            126.6585997,
            37.4513649
          ],
          [
            126.6601431,
            37.4509484
          ]
        ]
      },
      "properties": {
        "osm_way_id": "281588709",
        "review_status": "VEHICLE_ACCESS_REVIEW",
        "verification_status": "UNVERIFIED",
        "routable": false,
        "highway": "service",
        "oneway": null,
        "access": null,
        "vehicle": null,
        "motor_vehicle": null,
        "vertices_outside_source_query_bbox": 1,
        "tags_json": "{\"highway\": \"service\", \"name\": \"경인남길30번길\", \"name:en\": \"Gyeonginnam-gil 30beon-gil\", \"name:ko\": \"경인남길30번길\"}"
      }
    },
    {
      "type": "Feature",
      "id": "osm-way-281589090",
      "geometry": {
        "type": "LineString",
        "coordinates": [
          [
            126.6569674,
            37.4511411
          ],
          [
            126.6570936,
            37.451422
          ],
          [
            126.6572336,
            37.4517335
          ],
          [
            126.657465,
            37.4522506
          ],
          [
            126.6577903,
            37.4530348
          ],
          [
            126.6576398,
            37.4534447
          ]
        ]
      },
      "properties": {
        "osm_way_id": "281589090",
        "review_status": "VEHICLE_ACCESS_REVIEW",
        "verification_status": "UNVERIFIED",
        "routable": false,
        "highway": "residential",
        "oneway": null,
        "access": null,
        "vehicle": null,
        "motor_vehicle": null,
        "vertices_outside_source_query_bbox": 0,
        "tags_json": "{\"highway\": \"residential\", \"name\": \"인하로77번길\", \"name:en\": \"Inha-ro 77beon-gil\", \"name:ko\": \"인하로77번길\"}"
      }
    },
    {
      "type": "Feature",
      "id": "osm-way-281621314",
      "geometry": {
        "type": "LineString",
        "coordinates": [
          [
            126.6606375,
            37.4443909
          ],
          [
            126.6604786,
            37.4444566
          ],
          [
            126.6603717,
            37.4445008
          ],
          [
            126.6589536,
            37.4450868
          ],
          [
            126.6586002,
            37.4452329
          ],
          [
            126.6583178,
            37.445346
          ],
          [
            126.6574972,
            37.4456746
          ],
          [
            126.657317,
            37.4457468
          ],
          [
            126.6571841,
            37.4458
          ],
          [
            126.656832,
            37.445941
          ],
          [
            126.6566257,
            37.4460236
          ],
          [
            126.656548,
            37.4460547
          ],
          [
            126.6563369,
            37.4461392
          ],
          [
            126.6546057,
            37.4467792
          ],
          [
            126.6544119,
            37.4468509
          ],
          [
            126.6532344,
            37.4473242
          ],
          [
            126.6527163,
            37.4475486
          ],
          [
            126.6505577,
            37.4483995
          ],
          [
            126.6501311,
            37.4485677
          ],
          [
            126.6498752,
            37.4485853
          ]
        ]
      },
      "properties": {
        "osm_way_id": "281621314",
        "review_status": "VEHICLE_ACCESS_REVIEW",
        "verification_status": "UNVERIFIED",
        "routable": false,
        "highway": "secondary",
        "oneway": "no",
        "access": null,
        "vehicle": null,
        "motor_vehicle": null,
        "vertices_outside_source_query_bbox": 3,
        "tags_json": "{\"highway\": \"secondary\", \"lanes\": \"4\", \"name\": \"소성로\", \"name:en\": \"Soseong-ro\", \"name:ko\": \"소성로\", \"oneway\": \"no\", \"ref\": \"16\", \"surface\": \"asphalt\"}"
      }
    },
    {
      "type": "Feature",
      "id": "osm-way-281635648",
      "geometry": {
        "type": "LineString",
        "coordinates": [
          [
            126.6547975,
            37.4548057
          ],
          [
            126.6550468,
            37.4546796
          ],
          [
            126.6552213,
            37.4546098
          ],
          [
            126.6557845,
            37.4543415
          ],
          [
            126.655873,
            37.4539923
          ]
        ]
      },
      "properties": {
        "osm_way_id": "281635648",
        "review_status": "VEHICLE_ACCESS_REVIEW",
        "verification_status": "UNVERIFIED",
        "routable": false,
        "highway": "service",
        "oneway": null,
        "access": null,
        "vehicle": null,
        "motor_vehicle": null,
        "vertices_outside_source_query_bbox": 4,
        "tags_json": "{\"highway\": \"service\", \"name\": \"비룡길29번길\", \"name:en\": \"Biryong-gil 29beon-gil\", \"name:ko\": \"비룡길29번길\"}"
      }
    },
    {
      "type": "Feature",
      "id": "osm-way-281635652",
      "geometry": {
        "type": "LineString",
        "coordinates": [
          [
            126.6545444,
            37.4534584
          ],
          [
            126.6547519,
            37.4534302
          ],
          [
            126.6548913,
            37.4533514
          ],
          [
            126.6551771,
            37.4532086
          ]
        ]
      },
      "properties": {
        "osm_way_id": "281635652",
        "review_status": "VEHICLE_ACCESS_REVIEW",
        "verification_status": "UNVERIFIED",
        "routable": false,
        "highway": "service",
        "oneway": null,
        "access": null,
        "vehicle": null,
        "motor_vehicle": null,
        "vertices_outside_source_query_bbox": 0,
        "tags_json": "{\"highway\": \"service\", \"name\": \"비룡길41번길\", \"name:en\": \"Biryong-gil 41beon-gil\", \"name:ko\": \"비룡길41번길\"}"
      }
    },
    {
      "type": "Feature",
      "id": "osm-way-281635840",
      "geometry": {
        "type": "LineString",
        "coordinates": [
          [
            126.6565645,
            37.4541126
          ],
          [
            126.6567763,
            37.4536029
          ]
        ]
      },
      "properties": {
        "osm_way_id": "281635840",
        "review_status": "VEHICLE_ACCESS_REVIEW",
        "verification_status": "UNVERIFIED",
        "routable": false,
        "highway": "service",
        "oneway": null,
        "access": null,
        "vehicle": null,
        "motor_vehicle": null,
        "vertices_outside_source_query_bbox": 1,
        "tags_json": "{\"highway\": \"service\", \"name\": \"경인북길\", \"name:en\": \"Gyeonginbuk-gil\", \"name:ko\": \"경인북길\"}"
      }
    },
    {
      "type": "Feature",
      "id": "osm-way-281636619",
      "geometry": {
        "type": "LineString",
        "coordinates": [
          [
            126.6542177,
            37.4539881
          ],
          [
            126.654049,
            37.4540238
          ],
          [
            126.6539392,
            37.4540568
          ],
          [
            126.6536949,
            37.4541303
          ],
          [
            126.6535744,
            37.4541477
          ],
          [
            126.6535502,
            37.4541497
          ],
          [
            126.6533971,
            37.4541626
          ],
          [
            126.6531694,
            37.4541818
          ],
          [
            126.6530325,
            37.4541918
          ],
          [
            126.6525283,
            37.4542286
          ],
          [
            126.6519329,
            37.4542563
          ]
        ]
      },
      "properties": {
        "osm_way_id": "281636619",
        "review_status": "VEHICLE_ACCESS_REVIEW",
        "verification_status": "UNVERIFIED",
        "routable": false,
        "highway": "service",
        "oneway": null,
        "access": null,
        "vehicle": null,
        "motor_vehicle": null,
        "vertices_outside_source_query_bbox": 10,
        "tags_json": "{\"highway\": \"service\", \"name\": \"비룡길56번길\", \"name:en\": \"Biryong-gil 56beon-gil\", \"name:ko\": \"비룡길56번길\"}"
      }
    },
    {
      "type": "Feature",
      "id": "osm-way-281636623",
      "geometry": {
        "type": "LineString",
        "coordinates": [
          [
            126.6516539,
            37.4538198
          ],
          [
            126.6531157,
            37.4532641
          ]
        ]
      },
      "properties": {
        "osm_way_id": "281636623",
        "review_status": "VEHICLE_ACCESS_REVIEW",
        "verification_status": "UNVERIFIED",
        "routable": false,
        "highway": "service",
        "oneway": null,
        "access": null,
        "vehicle": null,
        "motor_vehicle": null,
        "vertices_outside_source_query_bbox": 0,
        "tags_json": "{\"highway\": \"service\", \"name\": \"비룡길82번길\", \"name:en\": \"Biryong-gil 82beon-gil\", \"name:ko\": \"비룡길82번길\"}"
      }
    },
    {
      "type": "Feature",
      "id": "osm-way-281636624",
      "geometry": {
        "type": "LineString",
        "coordinates": [
          [
            126.6542177,
            37.4539881
          ],
          [
            126.6541268,
            37.4539514
          ],
          [
            126.6540464,
            37.4539029
          ],
          [
            126.6539176,
            37.4537917
          ],
          [
            126.6537754,
            37.4536363
          ],
          [
            126.6536735,
            37.4535468
          ],
          [
            126.6533972,
            37.4534127
          ],
          [
            126.6533409,
            37.4534191
          ],
          [
            126.6532229,
            37.4533382
          ],
          [
            126.6531157,
            37.4532641
          ],
          [
            126.6526903,
            37.4526442
          ]
        ]
      },
      "properties": {
        "osm_way_id": "281636624",
        "review_status": "VEHICLE_ACCESS_REVIEW",
        "verification_status": "UNVERIFIED",
        "routable": false,
        "highway": "service",
        "oneway": null,
        "access": null,
        "vehicle": null,
        "motor_vehicle": null,
        "vertices_outside_source_query_bbox": 0,
        "tags_json": "{\"highway\": \"service\", \"name\": \"비룡길\", \"name:en\": \"Biryong-gil\", \"name:ko\": \"비룡길\"}"
      }
    },
    {
      "type": "Feature",
      "id": "osm-way-281636883",
      "geometry": {
        "type": "LineString",
        "coordinates": [
          [
            126.6514152,
            37.4534599
          ],
          [
            126.6515091,
            37.4536218
          ],
          [
            126.6515505,
            37.4536909
          ],
          [
            126.6515926,
            37.4537434
          ],
          [
            126.6516539,
            37.4538198
          ],
          [
            126.6518524,
            37.454103
          ],
          [
            126.6519329,
            37.4542563
          ]
        ]
      },
      "properties": {
        "osm_way_id": "281636883",
        "review_status": "VEHICLE_ACCESS_REVIEW",
        "verification_status": "UNVERIFIED",
        "routable": false,
        "highway": "service",
        "oneway": null,
        "access": null,
        "vehicle": null,
        "motor_vehicle": null,
        "vertices_outside_source_query_bbox": 2,
        "tags_json": "{\"highway\": \"service\", \"noname\": \"yes\"}"
      }
    },
    {
      "type": "Feature",
      "id": "osm-way-281636885",
      "geometry": {
        "type": "LineString",
        "coordinates": [
          [
            126.6515505,
            37.4536909
          ],
          [
            126.6514072,
            37.4537538
          ],
          [
            126.651273,
            37.4538198
          ],
          [
            126.6510905,
            37.4538918
          ],
          [
            126.6510236,
            37.4539071
          ],
          [
            126.6508008,
            37.4539195
          ],
          [
            126.6507123,
            37.4539003
          ],
          [
            126.6505033,
            37.4539901
          ],
          [
            126.6503663,
            37.4540792
          ],
          [
            126.6502671,
            37.4540855
          ],
          [
            126.6502216,
            37.4540902
          ]
        ]
      },
      "properties": {
        "osm_way_id": "281636885",
        "review_status": "VEHICLE_ACCESS_REVIEW",
        "verification_status": "UNVERIFIED",
        "routable": false,
        "highway": "service",
        "oneway": null,
        "access": null,
        "vehicle": null,
        "motor_vehicle": null,
        "vertices_outside_source_query_bbox": 3,
        "tags_json": "{\"highway\": \"service\", \"name\": \"독배로386번길\", \"name:en\": \"Dokbae-ro 386beon-gil\", \"name:ko\": \"독배로386번길\"}"
      }
    },
    {
      "type": "Feature",
      "id": "osm-way-281636887",
      "geometry": {
        "type": "LineString",
        "coordinates": [
          [
            126.6521661,
            37.4525501
          ],
          [
            126.6517827,
            37.4526977
          ],
          [
            126.6511041,
            37.4529766
          ],
          [
            126.6507951,
            37.4531063
          ],
          [
            126.6498461,
            37.4535047
          ],
          [
            126.6496323,
            37.4535939
          ],
          [
            126.6486432,
            37.4540095
          ]
        ]
      },
      "properties": {
        "osm_way_id": "281636887",
        "review_status": "VEHICLE_ACCESS_REVIEW",
        "verification_status": "UNVERIFIED",
        "routable": false,
        "highway": "service",
        "oneway": null,
        "access": null,
        "vehicle": null,
        "motor_vehicle": null,
        "vertices_outside_source_query_bbox": 1,
        "tags_json": "{\"highway\": \"service\", \"name\": \"독배로382번길\", \"name:en\": \"Dokbae-ro 382beon-gil\", \"name:ko\": \"독배로382번길\"}"
      }
    },
    {
      "type": "Feature",
      "id": "osm-way-281636888",
      "geometry": {
        "type": "LineString",
        "coordinates": [
          [
            126.6498461,
            37.4535047
          ],
          [
            126.6502055,
            37.4540264
          ],
          [
            126.6502216,
            37.4540902
          ],
          [
            126.6502109,
            37.4541498
          ],
          [
            126.650176,
            37.4543308
          ],
          [
            126.6501814,
            37.4543606
          ],
          [
            126.6502431,
            37.454499
          ],
          [
            126.6502484,
            37.4545459
          ],
          [
            126.6502458,
            37.4545885
          ],
          [
            126.6502338,
            37.4546205
          ],
          [
            126.6502243,
            37.454646
          ],
          [
            126.650227,
            37.4546928
          ],
          [
            126.6502297,
            37.4547396
          ],
          [
            126.6502404,
            37.4549334
          ],
          [
            126.650227,
            37.4551336
          ],
          [
            126.6501947,
            37.4552076
          ],
          [
            126.6501331,
            37.4552783
          ],
          [
            126.6499051,
            37.4554721
          ],
          [
            126.6497951,
            37.4555637
          ],
          [
            126.6496634,
            37.4556453
          ]
        ]
      },
      "properties": {
        "osm_way_id": "281636888",
        "review_status": "VEHICLE_ACCESS_REVIEW",
        "verification_status": "UNVERIFIED",
        "routable": false,
        "highway": "service",
        "oneway": null,
        "access": null,
        "vehicle": null,
        "motor_vehicle": null,
        "vertices_outside_source_query_bbox": 19,
        "tags_json": "{\"highway\": \"service\", \"name\": \"독배로404번길\", \"name:en\": \"Dokbae-ro 404beon-gil\", \"name:ko\": \"독배로404번길\"}"
      }
    },
    {
      "type": "Feature",
      "id": "osm-way-283879195",
      "geometry": {
        "type": "LineString",
        "coordinates": [
          [
            126.6571541,
            37.4542598
          ],
          [
            126.6571739,
            37.4542243
          ],
          [
            126.6573187,
            37.4540795
          ],
          [
            126.6573375,
            37.4540731
          ],
          [
            126.6574609,
            37.4540604
          ],
          [
            126.6575145,
            37.4540497
          ],
          [
            126.6577148,
            37.4539886
          ],
          [
            126.6577942,
            37.4539574
          ],
          [
            126.6579119,
            37.4538829
          ]
        ]
      },
      "properties": {
        "osm_way_id": "283879195",
        "review_status": "VEHICLE_ACCESS_REVIEW",
        "verification_status": "UNVERIFIED",
        "routable": false,
        "highway": "track",
        "oneway": null,
        "access": null,
        "vehicle": null,
        "motor_vehicle": null,
        "vertices_outside_source_query_bbox": 6,
        "tags_json": "{\"highway\": \"track\", \"name\": \"경인북길\", \"name:en\": \"Gyeonginbuk-gil\", \"name:ko\": \"경인북길\"}"
      }
    },
    {
      "type": "Feature",
      "id": "osm-way-284008454",
      "geometry": {
        "type": "LineString",
        "coordinates": [
          [
            126.6583478,
            37.4507712
          ],
          [
            126.6584834,
            37.4510909
          ],
          [
            126.6585997,
            37.4513649
          ]
        ]
      },
      "properties": {
        "osm_way_id": "284008454",
        "review_status": "VEHICLE_ACCESS_REVIEW",
        "verification_status": "UNVERIFIED",
        "routable": false,
        "highway": "service",
        "oneway": null,
        "access": null,
        "vehicle": null,
        "motor_vehicle": null,
        "vertices_outside_source_query_bbox": 0,
        "tags_json": "{\"highway\": \"service\", \"name\": \"인하로91번길\", \"name:en\": \"Inha-ro 91beon-gil\", \"name:ko\": \"인하로91번길\"}"
      }
    },
    {
      "type": "Feature",
      "id": "osm-way-284010488",
      "geometry": {
        "type": "LineString",
        "coordinates": [
          [
            126.6579196,
            37.446352
          ],
          [
            126.6577759,
            37.4461215
          ],
          [
            126.6574972,
            37.4456746
          ]
        ]
      },
      "properties": {
        "osm_way_id": "284010488",
        "review_status": "VEHICLE_ACCESS_REVIEW",
        "verification_status": "UNVERIFIED",
        "routable": false,
        "highway": "service",
        "oneway": null,
        "access": null,
        "vehicle": null,
        "motor_vehicle": null,
        "vertices_outside_source_query_bbox": 0,
        "tags_json": "{\"highway\": \"service\"}"
      }
    },
    {
      "type": "Feature",
      "id": "osm-way-284366927",
      "geometry": {
        "type": "LineString",
        "coordinates": [
          [
            126.6496323,
            37.4535939
          ],
          [
            126.6493425,
            37.4531718
          ],
          [
            126.6492062,
            37.4529733
          ]
        ]
      },
      "properties": {
        "osm_way_id": "284366927",
        "review_status": "VEHICLE_ACCESS_REVIEW",
        "verification_status": "UNVERIFIED",
        "routable": false,
        "highway": "service",
        "oneway": null,
        "access": null,
        "vehicle": null,
        "motor_vehicle": null,
        "vertices_outside_source_query_bbox": 0,
        "tags_json": "{\"highway\": \"service\", \"name\": \"독배로376번길\", \"name:en\": \"Dokbae-ro 376beon-gil\", \"name:ko\": \"독배로376번길\"}"
      }
    },
    {
      "type": "Feature",
      "id": "osm-way-284366928",
      "geometry": {
        "type": "LineString",
        "coordinates": [
          [
            126.6535502,
            37.4541497
          ],
          [
            126.6534886,
            37.4540015
          ],
          [
            126.653459,
            37.4538709
          ],
          [
            126.6534082,
            37.4536012
          ],
          [
            126.6533791,
            37.4535226
          ],
          [
            126.6533409,
            37.4534191
          ]
        ]
      },
      "properties": {
        "osm_way_id": "284366928",
        "review_status": "VEHICLE_ACCESS_REVIEW",
        "verification_status": "UNVERIFIED",
        "routable": false,
        "highway": "service",
        "oneway": null,
        "access": null,
        "vehicle": null,
        "motor_vehicle": null,
        "vertices_outside_source_query_bbox": 2,
        "tags_json": "{\"highway\": \"service\", \"name\": \"비룡길78번길\", \"name:en\": \"Biryong-gil 78beon-gil\", \"name:ko\": \"비룡길78번길\"}"
      }
    },
    {
      "type": "Feature",
      "id": "osm-way-284366930",
      "geometry": {
        "type": "LineString",
        "coordinates": [
          [
            126.6485915,
            37.4532487
          ],
          [
            126.6484969,
            37.4531022
          ],
          [
            126.6480814,
            37.4524009
          ]
        ]
      },
      "properties": {
        "osm_way_id": "284366930",
        "review_status": "VEHICLE_ACCESS_REVIEW",
        "verification_status": "UNVERIFIED",
        "routable": false,
        "highway": "service",
        "oneway": null,
        "access": null,
        "vehicle": null,
        "motor_vehicle": null,
        "vertices_outside_source_query_bbox": 0,
        "tags_json": "{\"highway\": \"service\", \"name\": \"경인북길\", \"name:en\": \"Gyeonginbuk-gil\", \"name:ko\": \"경인북길\"}"
      }
    },
    {
      "type": "Feature",
      "id": "osm-way-284366931",
      "geometry": {
        "type": "LineString",
        "coordinates": [
          [
            126.6488564,
            37.4531369
          ],
          [
            126.6483647,
            37.4523447
          ]
        ]
      },
      "properties": {
        "osm_way_id": "284366931",
        "review_status": "VEHICLE_ACCESS_REVIEW",
        "verification_status": "UNVERIFIED",
        "routable": false,
        "highway": "service",
        "oneway": null,
        "access": null,
        "vehicle": null,
        "motor_vehicle": null,
        "vertices_outside_source_query_bbox": 0,
        "tags_json": "{\"highway\": \"service\", \"name\": \"경인북길\", \"name:en\": \"Gyeonginbuk-gil\", \"name:ko\": \"경인북길\"}"
      }
    },
    {
      "type": "Feature",
      "id": "osm-way-284366932",
      "geometry": {
        "type": "LineString",
        "coordinates": [
          [
            126.6482567,
            37.4533899
          ],
          [
            126.6485915,
            37.4532487
          ],
          [
            126.6488564,
            37.4531369
          ],
          [
            126.6491752,
            37.4530023
          ],
          [
            126.6492062,
            37.4529733
          ]
        ]
      },
      "properties": {
        "osm_way_id": "284366932",
        "review_status": "VEHICLE_ACCESS_REVIEW",
        "verification_status": "UNVERIFIED",
        "routable": false,
        "highway": "service",
        "oneway": null,
        "access": null,
        "vehicle": null,
        "motor_vehicle": null,
        "vertices_outside_source_query_bbox": 0,
        "tags_json": "{\"highway\": \"service\", \"name\": \"독배로376번길\", \"name:en\": \"Dokbae-ro 376beon-gil\", \"name:ko\": \"독배로376번길\"}"
      }
    },
    {
      "type": "Feature",
      "id": "osm-way-284366933",
      "geometry": {
        "type": "LineString",
        "coordinates": [
          [
            126.6546154,
            37.4543939
          ],
          [
            126.6543683,
            37.4542605
          ],
          [
            126.6543361,
            37.4542371
          ],
          [
            126.6543119,
            37.4541988
          ],
          [
            126.6542821,
            37.45398
          ]
        ]
      },
      "properties": {
        "osm_way_id": "284366933",
        "review_status": "VEHICLE_ACCESS_REVIEW",
        "verification_status": "UNVERIFIED",
        "routable": false,
        "highway": "service",
        "oneway": null,
        "access": null,
        "vehicle": null,
        "motor_vehicle": null,
        "vertices_outside_source_query_bbox": 4,
        "tags_json": "{\"highway\": \"service\", \"name\": \"비룡길\", \"name:en\": \"Biryong-gil\", \"name:ko\": \"비룡길\"}"
      }
    },
    {
      "type": "Feature",
      "id": "osm-way-284366934",
      "geometry": {
        "type": "LineString",
        "coordinates": [
          [
            126.6493425,
            37.4531718
          ],
          [
            126.6497121,
            37.4530561
          ],
          [
            126.6500071,
            37.4529645
          ],
          [
            126.6500955,
            37.4529425
          ],
          [
            126.6505676,
            37.4527594
          ]
        ]
      },
      "properties": {
        "osm_way_id": "284366934",
        "review_status": "VEHICLE_ACCESS_REVIEW",
        "verification_status": "UNVERIFIED",
        "routable": false,
        "highway": "service",
        "oneway": null,
        "access": null,
        "vehicle": null,
        "motor_vehicle": null,
        "vertices_outside_source_query_bbox": 0,
        "tags_json": "{\"highway\": \"service\", \"name\": \"독배로376번길\", \"name:en\": \"Dokbae-ro 376beon-gil\", \"name:ko\": \"독배로376번길\"}"
      }
    },
    {
      "type": "Feature",
      "id": "osm-way-284366935",
      "geometry": {
        "type": "LineString",
        "coordinates": [
          [
            126.6507951,
            37.4531063
          ],
          [
            126.6507473,
            37.4530277
          ],
          [
            126.6505676,
            37.4527594
          ],
          [
            126.6502727,
            37.4523408
          ]
        ]
      },
      "properties": {
        "osm_way_id": "284366935",
        "review_status": "VEHICLE_ACCESS_REVIEW",
        "verification_status": "UNVERIFIED",
        "routable": false,
        "highway": "service",
        "oneway": null,
        "access": null,
        "vehicle": null,
        "motor_vehicle": null,
        "vertices_outside_source_query_bbox": 0,
        "tags_json": "{\"highway\": \"service\", \"name\": \"경인북길\", \"name:en\": \"Gyeonginbuk-gil\", \"name:ko\": \"경인북길\"}"
      }
    },
    {
      "type": "Feature",
      "id": "osm-way-284367128",
      "geometry": {
        "type": "LineString",
        "coordinates": [
          [
            126.6548345,
            37.4527502
          ],
          [
            126.655,
            37.4523214
          ]
        ]
      },
      "properties": {
        "osm_way_id": "284367128",
        "review_status": "VEHICLE_ACCESS_REVIEW",
        "verification_status": "UNVERIFIED",
        "routable": false,
        "highway": "service",
        "oneway": null,
        "access": null,
        "vehicle": null,
        "motor_vehicle": null,
        "vertices_outside_source_query_bbox": 0,
        "tags_json": "{\"highway\": \"service\", \"name\": \"경인남길30번길\", \"name:en\": \"Gyeonginnam-gil 30beon-gil\", \"name:ko\": \"경인남길30번길\"}"
      }
    },
    {
      "type": "Feature",
      "id": "osm-way-284973519",
      "geometry": {
        "type": "LineString",
        "coordinates": [
          [
            126.6503727,
            37.4464912
          ],
          [
            126.6501438,
            37.4464671
          ]
        ]
      },
      "properties": {
        "osm_way_id": "284973519",
        "review_status": "VEHICLE_ACCESS_REVIEW",
        "verification_status": "UNVERIFIED",
        "routable": false,
        "highway": "service",
        "oneway": null,
        "access": null,
        "vehicle": null,
        "motor_vehicle": null,
        "vertices_outside_source_query_bbox": 0,
        "tags_json": "{\"highway\": \"service\"}"
      }
    },
    {
      "type": "Feature",
      "id": "osm-way-284973520",
      "geometry": {
        "type": "LineString",
        "coordinates": [
          [
            126.6515225,
            37.4463159
          ],
          [
            126.6506025,
            37.4462754
          ],
          [
            126.6505247,
            37.4462903
          ],
          [
            126.6504523,
            37.4463159
          ],
          [
            126.6503957,
            37.4463706
          ]
        ]
      },
      "properties": {
        "osm_way_id": "284973520",
        "review_status": "VEHICLE_ACCESS_REVIEW",
        "verification_status": "UNVERIFIED",
        "routable": false,
        "highway": "service",
        "oneway": null,
        "access": null,
        "vehicle": null,
        "motor_vehicle": null,
        "vertices_outside_source_query_bbox": 0,
        "tags_json": "{\"highway\": \"service\"}"
      }
    },
    {
      "type": "Feature",
      "id": "osm-way-284973522",
      "geometry": {
        "type": "LineString",
        "coordinates": [
          [
            126.6494894,
            37.4470165
          ],
          [
            126.6497522,
            37.4469015
          ],
          [
            126.6500043,
            37.4468035
          ],
          [
            126.6500741,
            37.4467759
          ],
          [
            126.6501438,
            37.4464671
          ],
          [
            126.6501975,
            37.4461775
          ]
        ]
      },
      "properties": {
        "osm_way_id": "284973522",
        "review_status": "VEHICLE_ACCESS_REVIEW",
        "verification_status": "UNVERIFIED",
        "routable": false,
        "highway": "service",
        "oneway": null,
        "access": null,
        "vehicle": null,
        "motor_vehicle": null,
        "vertices_outside_source_query_bbox": 0,
        "tags_json": "{\"highway\": \"service\"}"
      }
    },
    {
      "type": "Feature",
      "id": "osm-way-471689462",
      "geometry": {
        "type": "LineString",
        "coordinates": [
          [
            126.6466761,
            37.4466096
          ],
          [
            126.6462769,
            37.447839
          ],
          [
            126.6478585,
            37.4481892
          ],
          [
            126.6488203,
            37.4484021
          ],
          [
            126.6494694,
            37.4485379
          ],
          [
            126.6496828,
            37.4485825
          ],
          [
            126.6498752,
            37.4485853
          ]
        ]
      },
      "properties": {
        "osm_way_id": "471689462",
        "review_status": "VEHICLE_ACCESS_REVIEW",
        "verification_status": "UNVERIFIED",
        "routable": false,
        "highway": "tertiary",
        "oneway": null,
        "access": null,
        "vehicle": null,
        "motor_vehicle": null,
        "vertices_outside_source_query_bbox": 3,
        "tags_json": "{\"highway\": \"tertiary\", \"name\": \"독배로317번길\", \"name:en\": \"Dokbae-ro 317beon-gil\", \"name:ko\": \"독배로317번길\", \"surface\": \"asphalt\"}"
      }
    },
    {
      "type": "Feature",
      "id": "osm-way-481241657",
      "geometry": {
        "type": "LineString",
        "coordinates": [
          [
            126.6533746,
            37.4479326
          ],
          [
            126.6532669,
            37.447981
          ],
          [
            126.653599,
            37.4485071
          ],
          [
            126.6540219,
            37.4490993
          ]
        ]
      },
      "properties": {
        "osm_way_id": "481241657",
        "review_status": "VEHICLE_ACCESS_REVIEW",
        "verification_status": "UNVERIFIED",
        "routable": false,
        "highway": "service",
        "oneway": null,
        "access": null,
        "vehicle": null,
        "motor_vehicle": null,
        "vertices_outside_source_query_bbox": 0,
        "tags_json": "{\"highway\": \"service\"}"
      }
    },
    {
      "type": "Feature",
      "id": "osm-way-481241658",
      "geometry": {
        "type": "LineString",
        "coordinates": [
          [
            126.6532344,
            37.4473242
          ],
          [
            126.6531798,
            37.4475546
          ],
          [
            126.6532817,
            37.4477196
          ],
          [
            126.6535204,
            37.447743
          ],
          [
            126.6544898,
            37.4477788
          ],
          [
            126.6545433,
            37.4478088
          ],
          [
            126.6546858,
            37.4480616
          ],
          [
            126.6551815,
            37.4487502
          ],
          [
            126.6552095,
            37.4487903
          ],
          [
            126.6555442,
            37.4492969
          ]
        ]
      },
      "properties": {
        "osm_way_id": "481241658",
        "review_status": "VEHICLE_ACCESS_REVIEW",
        "verification_status": "UNVERIFIED",
        "routable": false,
        "highway": "service",
        "oneway": null,
        "access": null,
        "vehicle": null,
        "motor_vehicle": null,
        "vertices_outside_source_query_bbox": 0,
        "tags_json": "{\"highway\": \"service\"}"
      }
    },
    {
      "type": "Feature",
      "id": "osm-way-481241659",
      "geometry": {
        "type": "LineString",
        "coordinates": [
          [
            126.6538798,
            37.4484186
          ],
          [
            126.6546858,
            37.4480616
          ],
          [
            126.6550435,
            37.447939
          ]
        ]
      },
      "properties": {
        "osm_way_id": "481241659",
        "review_status": "VEHICLE_ACCESS_REVIEW",
        "verification_status": "UNVERIFIED",
        "routable": false,
        "highway": "service",
        "oneway": null,
        "access": null,
        "vehicle": null,
        "motor_vehicle": null,
        "vertices_outside_source_query_bbox": 0,
        "tags_json": "{\"highway\": \"service\"}"
      }
    },
    {
      "type": "Feature",
      "id": "osm-way-481241660",
      "geometry": {
        "type": "LineString",
        "coordinates": [
          [
            126.655379,
            37.4472182
          ],
          [
            126.6547292,
            37.4474328
          ],
          [
            126.6542396,
            37.4476053
          ],
          [
            126.6542128,
            37.4476021
          ],
          [
            126.6541229,
            37.4475153
          ],
          [
            126.654129,
            37.4475009
          ],
          [
            126.6546486,
            37.4472949
          ]
        ]
      },
      "properties": {
        "osm_way_id": "481241660",
        "review_status": "VEHICLE_ACCESS_REVIEW",
        "verification_status": "UNVERIFIED",
        "routable": false,
        "highway": "service",
        "oneway": null,
        "access": null,
        "vehicle": null,
        "motor_vehicle": null,
        "vertices_outside_source_query_bbox": 0,
        "tags_json": "{\"highway\": \"service\"}"
      }
    },
    {
      "type": "Feature",
      "id": "osm-way-481241661",
      "geometry": {
        "type": "LineString",
        "coordinates": [
          [
            126.6546486,
            37.4472949
          ],
          [
            126.6547292,
            37.4474328
          ],
          [
            126.6550435,
            37.447939
          ],
          [
            126.6555227,
            37.4486497
          ],
          [
            126.6558984,
            37.4491737
          ]
        ]
      },
      "properties": {
        "osm_way_id": "481241661",
        "review_status": "VEHICLE_ACCESS_REVIEW",
        "verification_status": "UNVERIFIED",
        "routable": false,
        "highway": "service",
        "oneway": null,
        "access": null,
        "vehicle": null,
        "motor_vehicle": null,
        "vertices_outside_source_query_bbox": 0,
        "tags_json": "{\"highway\": \"service\"}"
      }
    },
    {
      "type": "Feature",
      "id": "osm-way-481241662",
      "geometry": {
        "type": "LineString",
        "coordinates": [
          [
            126.6502519,
            37.4513896
          ],
          [
            126.6513249,
            37.4509655
          ],
          [
            126.651659,
            37.4508581
          ],
          [
            126.6523204,
            37.4505968
          ],
          [
            126.6527628,
            37.450422
          ],
          [
            126.6528736,
            37.4503783
          ],
          [
            126.653454,
            37.450164
          ],
          [
            126.653543,
            37.4501295
          ],
          [
            126.6536329,
            37.4500791
          ],
          [
            126.6536596,
            37.4500696
          ],
          [
            126.6545112,
            37.4497409
          ]
        ]
      },
      "properties": {
        "osm_way_id": "481241662",
        "review_status": "VEHICLE_ACCESS_REVIEW",
        "verification_status": "UNVERIFIED",
        "routable": false,
        "highway": "service",
        "oneway": null,
        "access": null,
        "vehicle": null,
        "motor_vehicle": null,
        "vertices_outside_source_query_bbox": 0,
        "tags_json": "{\"highway\": \"service\"}"
      }
    },
    {
      "type": "Feature",
      "id": "osm-way-481241663",
      "geometry": {
        "type": "LineString",
        "coordinates": [
          [
            126.6558984,
            37.4491737
          ],
          [
            126.6562594,
            37.4497847
          ],
          [
            126.6564605,
            37.4501252
          ],
          [
            126.6564949,
            37.4510135
          ]
        ]
      },
      "properties": {
        "osm_way_id": "481241663",
        "review_status": "VEHICLE_ACCESS_REVIEW",
        "verification_status": "UNVERIFIED",
        "routable": false,
        "highway": "service",
        "oneway": null,
        "access": null,
        "vehicle": null,
        "motor_vehicle": null,
        "vertices_outside_source_query_bbox": 0,
        "tags_json": "{\"highway\": \"service\"}"
      }
    },
    {
      "type": "Feature",
      "id": "osm-way-481241664",
      "geometry": {
        "type": "LineString",
        "coordinates": [
          [
            126.6554416,
            37.4493495
          ],
          [
            126.65541,
            37.4494074
          ],
          [
            126.65544,
            37.4496945
          ]
        ]
      },
      "properties": {
        "osm_way_id": "481241664",
        "review_status": "VEHICLE_ACCESS_REVIEW",
        "verification_status": "UNVERIFIED",
        "routable": false,
        "highway": "service",
        "oneway": null,
        "access": null,
        "vehicle": null,
        "motor_vehicle": null,
        "vertices_outside_source_query_bbox": 0,
        "tags_json": "{\"highway\": \"service\"}"
      }
    },
    {
      "type": "Feature",
      "id": "osm-way-481241665",
      "geometry": {
        "type": "LineString",
        "coordinates": [
          [
            126.6541191,
            37.4502665
          ],
          [
            126.6536596,
            37.4500696
          ]
        ]
      },
      "properties": {
        "osm_way_id": "481241665",
        "review_status": "VEHICLE_ACCESS_REVIEW",
        "verification_status": "UNVERIFIED",
        "routable": false,
        "highway": "service",
        "oneway": null,
        "access": null,
        "vehicle": null,
        "motor_vehicle": null,
        "vertices_outside_source_query_bbox": 0,
        "tags_json": "{\"highway\": \"service\"}"
      }
    },
    {
      "type": "Feature",
      "id": "osm-way-481241666",
      "geometry": {
        "type": "LineString",
        "coordinates": [
          [
            126.6544702,
            37.4514903
          ],
          [
            126.6543714,
            37.4513665
          ],
          [
            126.6541975,
            37.4511325
          ],
          [
            126.6540495,
            37.4509215
          ],
          [
            126.6537715,
            37.4504638
          ]
        ]
      },
      "properties": {
        "osm_way_id": "481241666",
        "review_status": "NON_VEHICLE_HIGHWAY",
        "verification_status": "UNVERIFIED",
        "routable": false,
        "highway": "footway",
        "oneway": null,
        "access": null,
        "vehicle": null,
        "motor_vehicle": null,
        "vertices_outside_source_query_bbox": 0,
        "tags_json": "{\"highway\": \"footway\"}"
      }
    },
    {
      "type": "Feature",
      "id": "osm-way-481241667",
      "geometry": {
        "type": "LineString",
        "coordinates": [
          [
            126.6537715,
            37.4504638
          ],
          [
            126.6540524,
            37.4503513
          ],
          [
            126.6540932,
            37.4503348
          ],
          [
            126.6541191,
            37.4502665
          ]
        ]
      },
      "properties": {
        "osm_way_id": "481241667",
        "review_status": "NON_VEHICLE_HIGHWAY",
        "verification_status": "UNVERIFIED",
        "routable": false,
        "highway": "footway",
        "oneway": null,
        "access": null,
        "vehicle": null,
        "motor_vehicle": null,
        "vertices_outside_source_query_bbox": 0,
        "tags_json": "{\"highway\": \"footway\"}"
      }
    },
    {
      "type": "Feature",
      "id": "osm-way-481241668",
      "geometry": {
        "type": "LineString",
        "coordinates": [
          [
            126.654571,
            37.4508684
          ],
          [
            126.6548597,
            37.4507605
          ],
          [
            126.6549285,
            37.450746
          ],
          [
            126.6551299,
            37.4506979
          ]
        ]
      },
      "properties": {
        "osm_way_id": "481241668",
        "review_status": "VEHICLE_ACCESS_REVIEW",
        "verification_status": "UNVERIFIED",
        "routable": false,
        "highway": "service",
        "oneway": null,
        "access": null,
        "vehicle": null,
        "motor_vehicle": null,
        "vertices_outside_source_query_bbox": 0,
        "tags_json": "{\"highway\": \"service\"}"
      }
    },
    {
      "type": "Feature",
      "id": "osm-way-481241669",
      "geometry": {
        "type": "LineString",
        "coordinates": [
          [
            126.6551299,
            37.4506979
          ],
          [
            126.6553011,
            37.4506885
          ],
          [
            126.6553605,
            37.4507036
          ],
          [
            126.6554622,
            37.4508504
          ]
        ]
      },
      "properties": {
        "osm_way_id": "481241669",
        "review_status": "VEHICLE_ACCESS_REVIEW",
        "verification_status": "UNVERIFIED",
        "routable": false,
        "highway": "service",
        "oneway": null,
        "access": null,
        "vehicle": null,
        "motor_vehicle": null,
        "vertices_outside_source_query_bbox": 0,
        "tags_json": "{\"highway\": \"service\"}"
      }
    },
    {
      "type": "Feature",
      "id": "osm-way-481241675",
      "geometry": {
        "type": "LineString",
        "coordinates": [
          [
            126.6518116,
            37.4510626
          ],
          [
            126.6523421,
            37.4508374
          ],
          [
            126.6525725,
            37.4507396
          ],
          [
            126.6530014,
            37.4505575
          ],
          [
            126.6534567,
            37.4503831
          ],
          [
            126.6534912,
            37.4502634
          ],
          [
            126.653454,
            37.450164
          ]
        ]
      },
      "properties": {
        "osm_way_id": "481241675",
        "review_status": "VEHICLE_ACCESS_REVIEW",
        "verification_status": "UNVERIFIED",
        "routable": false,
        "highway": "service",
        "oneway": null,
        "access": null,
        "vehicle": null,
        "motor_vehicle": null,
        "vertices_outside_source_query_bbox": 0,
        "tags_json": "{\"highway\": \"service\"}"
      }
    },
    {
      "type": "Feature",
      "id": "osm-way-481241676",
      "geometry": {
        "type": "LineString",
        "coordinates": [
          [
            126.6530014,
            37.4505575
          ],
          [
            126.6528736,
            37.4503783
          ]
        ]
      },
      "properties": {
        "osm_way_id": "481241676",
        "review_status": "VEHICLE_ACCESS_REVIEW",
        "verification_status": "UNVERIFIED",
        "routable": false,
        "highway": "service",
        "oneway": null,
        "access": null,
        "vehicle": null,
        "motor_vehicle": null,
        "vertices_outside_source_query_bbox": 0,
        "tags_json": "{\"highway\": \"service\"}"
      }
    },
    {
      "type": "Feature",
      "id": "osm-way-481241677",
      "geometry": {
        "type": "LineString",
        "coordinates": [
          [
            126.6523204,
            37.4505968
          ],
          [
            126.6523828,
            37.4506941
          ],
          [
            126.6524914,
            37.4507296
          ],
          [
            126.6525725,
            37.4507396
          ]
        ]
      },
      "properties": {
        "osm_way_id": "481241677",
        "review_status": "VEHICLE_ACCESS_REVIEW",
        "verification_status": "UNVERIFIED",
        "routable": false,
        "highway": "service",
        "oneway": null,
        "access": null,
        "vehicle": null,
        "motor_vehicle": null,
        "vertices_outside_source_query_bbox": 0,
        "tags_json": "{\"highway\": \"service\"}"
      }
    },
    {
      "type": "Feature",
      "id": "osm-way-481241679",
      "geometry": {
        "type": "LineString",
        "coordinates": [
          [
            126.6523421,
            37.4508374
          ],
          [
            126.65237,
            37.4507871
          ],
          [
            126.6523828,
            37.4507245
          ],
          [
            126.6523828,
            37.4506941
          ]
        ]
      },
      "properties": {
        "osm_way_id": "481241679",
        "review_status": "VEHICLE_ACCESS_REVIEW",
        "verification_status": "UNVERIFIED",
        "routable": false,
        "highway": "service",
        "oneway": null,
        "access": null,
        "vehicle": null,
        "motor_vehicle": null,
        "vertices_outside_source_query_bbox": 0,
        "tags_json": "{\"highway\": \"service\"}"
      }
    },
    {
      "type": "Feature",
      "id": "osm-way-481241681",
      "geometry": {
        "type": "LineString",
        "coordinates": [
          [
            126.6527628,
            37.450422
          ],
          [
            126.6526207,
            37.4502253
          ],
          [
            126.6525153,
            37.4500793
          ],
          [
            126.6515963,
            37.4488071
          ]
        ]
      },
      "properties": {
        "osm_way_id": "481241681",
        "review_status": "VEHICLE_ACCESS_REVIEW",
        "verification_status": "UNVERIFIED",
        "routable": false,
        "highway": "service",
        "oneway": null,
        "access": null,
        "vehicle": null,
        "motor_vehicle": null,
        "vertices_outside_source_query_bbox": 0,
        "tags_json": "{\"highway\": \"service\"}"
      }
    },
    {
      "type": "Feature",
      "id": "osm-way-481241683",
      "geometry": {
        "type": "LineString",
        "coordinates": [
          [
            126.6524029,
            37.4484321
          ],
          [
            126.6526055,
            37.448332
          ],
          [
            126.6527431,
            37.4482803
          ],
          [
            126.6528221,
            37.4481866
          ],
          [
            126.6531223,
            37.4477904
          ],
          [
            126.6529862,
            37.4476498
          ],
          [
            126.6527163,
            37.4475486
          ]
        ]
      },
      "properties": {
        "osm_way_id": "481241683",
        "review_status": "VEHICLE_ACCESS_REVIEW",
        "verification_status": "UNVERIFIED",
        "routable": false,
        "highway": "service",
        "oneway": null,
        "access": null,
        "vehicle": null,
        "motor_vehicle": null,
        "vertices_outside_source_query_bbox": 0,
        "tags_json": "{\"highway\": \"service\"}"
      }
    },
    {
      "type": "Feature",
      "id": "osm-way-481241685",
      "geometry": {
        "type": "LineString",
        "coordinates": [
          [
            126.6536329,
            37.4500791
          ],
          [
            126.6533032,
            37.4495876
          ],
          [
            126.6532897,
            37.4495668
          ],
          [
            126.6528056,
            37.4488638
          ],
          [
            126.6526098,
            37.4486051
          ],
          [
            126.6525739,
            37.4485087
          ]
        ]
      },
      "properties": {
        "osm_way_id": "481241685",
        "review_status": "VEHICLE_ACCESS_REVIEW",
        "verification_status": "UNVERIFIED",
        "routable": false,
        "highway": "service",
        "oneway": null,
        "access": null,
        "vehicle": null,
        "motor_vehicle": null,
        "vertices_outside_source_query_bbox": 0,
        "tags_json": "{\"highway\": \"service\"}"
      }
    },
    {
      "type": "Feature",
      "id": "osm-way-481241687",
      "geometry": {
        "type": "LineString",
        "coordinates": [
          [
            126.6521954,
            37.4481004
          ],
          [
            126.6524029,
            37.4484321
          ]
        ]
      },
      "properties": {
        "osm_way_id": "481241687",
        "review_status": "VEHICLE_ACCESS_REVIEW",
        "verification_status": "UNVERIFIED",
        "routable": false,
        "highway": "service",
        "oneway": null,
        "access": null,
        "vehicle": null,
        "motor_vehicle": null,
        "vertices_outside_source_query_bbox": 0,
        "tags_json": "{\"highway\": \"service\"}"
      }
    },
    {
      "type": "Feature",
      "id": "osm-way-481241689",
      "geometry": {
        "type": "LineString",
        "coordinates": [
          [
            126.6531223,
            37.4477904
          ],
          [
            126.6532817,
            37.4477196
          ]
        ]
      },
      "properties": {
        "osm_way_id": "481241689",
        "review_status": "VEHICLE_ACCESS_REVIEW",
        "verification_status": "UNVERIFIED",
        "routable": false,
        "highway": "service",
        "oneway": null,
        "access": null,
        "vehicle": null,
        "motor_vehicle": null,
        "vertices_outside_source_query_bbox": 0,
        "tags_json": "{\"highway\": \"service\"}"
      }
    },
    {
      "type": "Feature",
      "id": "osm-way-481241690",
      "geometry": {
        "type": "LineString",
        "coordinates": [
          [
            126.6528056,
            37.4488638
          ],
          [
            126.653599,
            37.4485071
          ]
        ]
      },
      "properties": {
        "osm_way_id": "481241690",
        "review_status": "VEHICLE_ACCESS_REVIEW",
        "verification_status": "UNVERIFIED",
        "routable": false,
        "highway": "service",
        "oneway": null,
        "access": null,
        "vehicle": null,
        "motor_vehicle": null,
        "vertices_outside_source_query_bbox": 0,
        "tags_json": "{\"highway\": \"service\"}"
      }
    },
    {
      "type": "Feature",
      "id": "osm-way-481241692",
      "geometry": {
        "type": "LineString",
        "coordinates": [
          [
            126.6533032,
            37.4495876
          ],
          [
            126.6551815,
            37.4487502
          ]
        ]
      },
      "properties": {
        "osm_way_id": "481241692",
        "review_status": "VEHICLE_ACCESS_REVIEW",
        "verification_status": "UNVERIFIED",
        "routable": false,
        "highway": "service",
        "oneway": null,
        "access": null,
        "vehicle": null,
        "motor_vehicle": null,
        "vertices_outside_source_query_bbox": 0,
        "tags_json": "{\"highway\": \"service\"}"
      }
    },
    {
      "type": "Feature",
      "id": "osm-way-481241694",
      "geometry": {
        "type": "LineString",
        "coordinates": [
          [
            126.6548005,
            37.4499825
          ],
          [
            126.6547443,
            37.4499134
          ]
        ]
      },
      "properties": {
        "osm_way_id": "481241694",
        "review_status": "VEHICLE_ACCESS_REVIEW",
        "verification_status": "UNVERIFIED",
        "routable": false,
        "highway": "service",
        "oneway": null,
        "access": null,
        "vehicle": null,
        "motor_vehicle": null,
        "vertices_outside_source_query_bbox": 0,
        "tags_json": "{\"highway\": \"service\"}"
      }
    },
    {
      "type": "Feature",
      "id": "osm-way-481241696",
      "geometry": {
        "type": "LineString",
        "coordinates": [
          [
            126.6547295,
            37.4496452
          ],
          [
            126.6554416,
            37.4493495
          ],
          [
            126.6555442,
            37.4492969
          ],
          [
            126.6558984,
            37.4491737
          ],
          [
            126.6562233,
            37.4490593
          ]
        ]
      },
      "properties": {
        "osm_way_id": "481241696",
        "review_status": "VEHICLE_ACCESS_REVIEW",
        "verification_status": "UNVERIFIED",
        "routable": false,
        "highway": "service",
        "oneway": null,
        "access": null,
        "vehicle": null,
        "motor_vehicle": null,
        "vertices_outside_source_query_bbox": 0,
        "tags_json": "{\"highway\": \"service\"}"
      }
    },
    {
      "type": "Feature",
      "id": "osm-way-481241697",
      "geometry": {
        "type": "LineString",
        "coordinates": [
          [
            126.6545112,
            37.4497409
          ],
          [
            126.6546693,
            37.449672
          ],
          [
            126.6547295,
            37.4496452
          ]
        ]
      },
      "properties": {
        "osm_way_id": "481241697",
        "review_status": "VEHICLE_ACCESS_REVIEW",
        "verification_status": "UNVERIFIED",
        "routable": false,
        "highway": "service",
        "oneway": null,
        "access": null,
        "vehicle": null,
        "motor_vehicle": null,
        "vertices_outside_source_query_bbox": 0,
        "tags_json": "{\"highway\": \"service\", \"tunnel\": \"yes\"}"
      }
    },
    {
      "type": "Feature",
      "id": "osm-way-481241699",
      "geometry": {
        "type": "LineString",
        "coordinates": [
          [
            126.6568015,
            37.4507178
          ],
          [
            126.6565183,
            37.4502257
          ],
          [
            126.6564605,
            37.4501252
          ]
        ]
      },
      "properties": {
        "osm_way_id": "481241699",
        "review_status": "VEHICLE_ACCESS_REVIEW",
        "verification_status": "UNVERIFIED",
        "routable": false,
        "highway": "service",
        "oneway": null,
        "access": null,
        "vehicle": null,
        "motor_vehicle": null,
        "vertices_outside_source_query_bbox": 0,
        "tags_json": "{\"highway\": \"service\"}"
      }
    },
    {
      "type": "Feature",
      "id": "osm-way-481241706",
      "geometry": {
        "type": "LineString",
        "coordinates": [
          [
            126.6591346,
            37.448694
          ],
          [
            126.6591016,
            37.4489604
          ],
          [
            126.6588174,
            37.4490641
          ],
          [
            126.6586556,
            37.449131
          ],
          [
            126.6584768,
            37.4491435
          ],
          [
            126.6578454,
            37.449435
          ],
          [
            126.6572392,
            37.4497374
          ]
        ]
      },
      "properties": {
        "osm_way_id": "481241706",
        "review_status": "VEHICLE_ACCESS_REVIEW",
        "verification_status": "UNVERIFIED",
        "routable": false,
        "highway": "service",
        "oneway": null,
        "access": null,
        "vehicle": null,
        "motor_vehicle": null,
        "vertices_outside_source_query_bbox": 2,
        "tags_json": "{\"highway\": \"service\"}"
      }
    },
    {
      "type": "Feature",
      "id": "osm-way-481241714",
      "geometry": {
        "type": "LineString",
        "coordinates": [
          [
            126.6579184,
            37.4508863
          ],
          [
            126.6576167,
            37.4502816
          ],
          [
            126.6572392,
            37.4497374
          ],
          [
            126.6569716,
            37.4494106
          ],
          [
            126.6567423,
            37.4491296
          ],
          [
            126.6565626,
            37.4489209
          ]
        ]
      },
      "properties": {
        "osm_way_id": "481241714",
        "review_status": "VEHICLE_ACCESS_REVIEW",
        "verification_status": "UNVERIFIED",
        "routable": false,
        "highway": "service",
        "oneway": null,
        "access": null,
        "vehicle": null,
        "motor_vehicle": null,
        "vertices_outside_source_query_bbox": 0,
        "tags_json": "{\"highway\": \"service\"}"
      }
    },
    {
      "type": "Feature",
      "id": "osm-way-481241715",
      "geometry": {
        "type": "LineString",
        "coordinates": [
          [
            126.6562233,
            37.4490593
          ],
          [
            126.6565626,
            37.4489209
          ],
          [
            126.6574799,
            37.4485227
          ],
          [
            126.6576446,
            37.4484546
          ],
          [
            126.6579704,
            37.44832
          ],
          [
            126.65899,
            37.4478988
          ]
        ]
      },
      "properties": {
        "osm_way_id": "481241715",
        "review_status": "VEHICLE_ACCESS_REVIEW",
        "verification_status": "UNVERIFIED",
        "routable": false,
        "highway": "service",
        "oneway": null,
        "access": null,
        "vehicle": null,
        "motor_vehicle": null,
        "vertices_outside_source_query_bbox": 0,
        "tags_json": "{\"highway\": \"service\"}"
      }
    },
    {
      "type": "Feature",
      "id": "osm-way-481241716",
      "geometry": {
        "type": "LineString",
        "coordinates": [
          [
            126.6579704,
            37.44832
          ],
          [
            126.6578071,
            37.4482416
          ],
          [
            126.6576524,
            37.4481435
          ],
          [
            126.6563369,
            37.4461392
          ]
        ]
      },
      "properties": {
        "osm_way_id": "481241716",
        "review_status": "VEHICLE_ACCESS_REVIEW",
        "verification_status": "UNVERIFIED",
        "routable": false,
        "highway": "service",
        "oneway": null,
        "access": null,
        "vehicle": null,
        "motor_vehicle": null,
        "vertices_outside_source_query_bbox": 0,
        "tags_json": "{\"highway\": \"service\"}"
      }
    },
    {
      "type": "Feature",
      "id": "osm-way-481241717",
      "geometry": {
        "type": "LineString",
        "coordinates": [
          [
            126.6576446,
            37.4484546
          ],
          [
            126.6576784,
            37.4482991
          ],
          [
            126.6576524,
            37.4481435
          ]
        ]
      },
      "properties": {
        "osm_way_id": "481241717",
        "review_status": "VEHICLE_ACCESS_REVIEW",
        "verification_status": "UNVERIFIED",
        "routable": false,
        "highway": "service",
        "oneway": null,
        "access": null,
        "vehicle": null,
        "motor_vehicle": null,
        "vertices_outside_source_query_bbox": 0,
        "tags_json": "{\"highway\": \"service\"}"
      }
    },
    {
      "type": "Feature",
      "id": "osm-way-505994421",
      "geometry": {
        "type": "LineString",
        "coordinates": [
          [
            126.6561551,
            37.4438807
          ],
          [
            126.6562777,
            37.4440775
          ],
          [
            126.6564152,
            37.4442984
          ],
          [
            126.6565457,
            37.4445079
          ],
          [
            126.6566838,
            37.4447298
          ],
          [
            126.6567988,
            37.4449146
          ],
          [
            126.6569335,
            37.4451309
          ],
          [
            126.6570598,
            37.4453337
          ],
          [
            126.657317,
            37.4457468
          ]
        ]
      },
      "properties": {
        "osm_way_id": "505994421",
        "review_status": "VEHICLE_ACCESS_REVIEW",
        "verification_status": "UNVERIFIED",
        "routable": false,
        "highway": "service",
        "oneway": null,
        "access": null,
        "vehicle": null,
        "motor_vehicle": null,
        "vertices_outside_source_query_bbox": 6,
        "tags_json": "{\"highway\": \"service\"}"
      }
    },
    {
      "type": "Feature",
      "id": "osm-way-505994422",
      "geometry": {
        "type": "LineString",
        "coordinates": [
          [
            126.6570598,
            37.4453337
          ],
          [
            126.6562796,
            37.4456335
          ]
        ]
      },
      "properties": {
        "osm_way_id": "505994422",
        "review_status": "VEHICLE_ACCESS_REVIEW",
        "verification_status": "UNVERIFIED",
        "routable": false,
        "highway": "service",
        "oneway": null,
        "access": null,
        "vehicle": null,
        "motor_vehicle": null,
        "vertices_outside_source_query_bbox": 0,
        "tags_json": "{\"highway\": \"service\"}"
      }
    },
    {
      "type": "Feature",
      "id": "osm-way-505994427",
      "geometry": {
        "type": "LineString",
        "coordinates": [
          [
            126.6570598,
            37.4453337
          ],
          [
            126.6578819,
            37.4450114
          ]
        ]
      },
      "properties": {
        "osm_way_id": "505994427",
        "review_status": "VEHICLE_ACCESS_REVIEW",
        "verification_status": "UNVERIFIED",
        "routable": false,
        "highway": "service",
        "oneway": null,
        "access": null,
        "vehicle": null,
        "motor_vehicle": null,
        "vertices_outside_source_query_bbox": 0,
        "tags_json": "{\"highway\": \"service\"}"
      }
    },
    {
      "type": "Feature",
      "id": "osm-way-505994428",
      "geometry": {
        "type": "LineString",
        "coordinates": [
          [
            126.6562433,
            37.445402
          ],
          [
            126.6569335,
            37.4451309
          ],
          [
            126.6577439,
            37.4448204
          ]
        ]
      },
      "properties": {
        "osm_way_id": "505994428",
        "review_status": "VEHICLE_ACCESS_REVIEW",
        "verification_status": "UNVERIFIED",
        "routable": false,
        "highway": "service",
        "oneway": null,
        "access": null,
        "vehicle": null,
        "motor_vehicle": null,
        "vertices_outside_source_query_bbox": 1,
        "tags_json": "{\"highway\": \"service\"}"
      }
    },
    {
      "type": "Feature",
      "id": "osm-way-505994429",
      "geometry": {
        "type": "LineString",
        "coordinates": [
          [
            126.6561194,
            37.4451857
          ],
          [
            126.6567988,
            37.4449146
          ],
          [
            126.6577828,
            37.4445338
          ]
        ]
      },
      "properties": {
        "osm_way_id": "505994429",
        "review_status": "VEHICLE_ACCESS_REVIEW",
        "verification_status": "UNVERIFIED",
        "routable": false,
        "highway": "service",
        "oneway": null,
        "access": null,
        "vehicle": null,
        "motor_vehicle": null,
        "vertices_outside_source_query_bbox": 2,
        "tags_json": "{\"highway\": \"service\"}"
      }
    },
    {
      "type": "Feature",
      "id": "osm-way-653535230",
      "geometry": {
        "type": "LineString",
        "coordinates": [
          [
            126.6486966,
            37.4504752
          ],
          [
            126.6485412,
            37.4504891
          ],
          [
            126.6484395,
            37.450582
          ],
          [
            126.6482762,
            37.4508731
          ],
          [
            126.6481284,
            37.4510272
          ],
          [
            126.6480205,
            37.451125
          ],
          [
            126.6479435,
            37.451284
          ],
          [
            126.6478695,
            37.4513403
          ],
          [
            126.6478264,
            37.4514381
          ],
          [
            126.6476415,
            37.4515849
          ],
          [
            126.6474628,
            37.4516803
          ],
          [
            126.6470931,
            37.4517879
          ],
          [
            126.646862,
            37.4519273
          ],
          [
            126.6465817,
            37.45203
          ],
          [
            126.6464769,
            37.4521695
          ]
        ]
      },
      "properties": {
        "osm_way_id": "653535230",
        "review_status": "NON_VEHICLE_HIGHWAY",
        "verification_status": "UNVERIFIED",
        "routable": false,
        "highway": "footway",
        "oneway": null,
        "access": null,
        "vehicle": null,
        "motor_vehicle": null,
        "vertices_outside_source_query_bbox": 9,
        "tags_json": "{\"footway\": \"sidewalk\", \"highway\": \"footway\"}"
      }
    },
    {
      "type": "Feature",
      "id": "osm-way-653535242",
      "geometry": {
        "type": "LineString",
        "coordinates": [
          [
            126.6487251,
            37.4484716
          ],
          [
            126.6483743,
            37.4487585
          ],
          [
            126.6480875,
            37.4487206
          ],
          [
            126.6477911,
            37.4489786
          ],
          [
            126.6478851,
            37.4490874
          ],
          [
            126.64796,
            37.4492063
          ],
          [
            126.6479218,
            37.4493176
          ],
          [
            126.6478357,
            37.4494821
          ],
          [
            126.6476244,
            37.4497195
          ],
          [
            126.6475032,
            37.4497613
          ],
          [
            126.6473227,
            37.4498514
          ],
          [
            126.6470582,
            37.4500058
          ],
          [
            126.6468287,
            37.4501651
          ],
          [
            126.646651,
            37.450321
          ],
          [
            126.6466152,
            37.4503524
          ],
          [
            126.646389,
            37.4506306
          ],
          [
            126.646201,
            37.4508381
          ],
          [
            126.645844,
            37.4510911
          ],
          [
            126.6458055,
            37.4511002
          ],
          [
            126.6456618,
            37.4511342
          ],
          [
            126.6455126,
            37.4511695
          ],
          [
            126.6452641,
            37.4511998
          ],
          [
            126.6450028,
            37.4511214
          ],
          [
            126.6448084,
            37.4509089
          ],
          [
            126.6447747,
            37.450647
          ],
          [
            126.6447361,
            37.450583
          ]
        ]
      },
      "properties": {
        "osm_way_id": "653535242",
        "review_status": "NON_VEHICLE_HIGHWAY",
        "verification_status": "UNVERIFIED",
        "routable": false,
        "highway": "footway",
        "oneway": null,
        "access": null,
        "vehicle": null,
        "motor_vehicle": null,
        "vertices_outside_source_query_bbox": 23,
        "tags_json": "{\"footway\": \"sidewalk\", \"highway\": \"footway\"}"
      }
    },
    {
      "type": "Feature",
      "id": "osm-way-653535243",
      "geometry": {
        "type": "LineString",
        "coordinates": [
          [
            126.6479218,
            37.4493176
          ],
          [
            126.6482805,
            37.4491718
          ],
          [
            126.6494938,
            37.4486711
          ]
        ]
      },
      "properties": {
        "osm_way_id": "653535243",
        "review_status": "NON_VEHICLE_HIGHWAY",
        "verification_status": "UNVERIFIED",
        "routable": false,
        "highway": "footway",
        "oneway": null,
        "access": null,
        "vehicle": null,
        "motor_vehicle": null,
        "vertices_outside_source_query_bbox": 1,
        "tags_json": "{\"footway\": \"sidewalk\", \"highway\": \"footway\"}"
      }
    },
    {
      "type": "Feature",
      "id": "osm-way-653537033",
      "geometry": {
        "type": "LineString",
        "coordinates": [
          [
            126.6482805,
            37.4491718
          ],
          [
            126.6484469,
            37.4494511
          ],
          [
            126.6483631,
            37.4496511
          ],
          [
            126.6483425,
            37.449702
          ],
          [
            126.6482437,
            37.4498007
          ],
          [
            126.6481975,
            37.4498491
          ],
          [
            126.6479601,
            37.4500977
          ],
          [
            126.6478535,
            37.4502018
          ],
          [
            126.6473882,
            37.450656
          ],
          [
            126.6472104,
            37.45081
          ],
          [
            126.6470058,
            37.4509874
          ],
          [
            126.6468557,
            37.4511055
          ],
          [
            126.6462307,
            37.451597
          ],
          [
            126.6458593,
            37.4519664
          ],
          [
            126.645628,
            37.4522245
          ]
        ]
      },
      "properties": {
        "osm_way_id": "653537033",
        "review_status": "NON_VEHICLE_HIGHWAY",
        "verification_status": "UNVERIFIED",
        "routable": false,
        "highway": "footway",
        "oneway": null,
        "access": null,
        "vehicle": null,
        "motor_vehicle": null,
        "vertices_outside_source_query_bbox": 9,
        "tags_json": "{\"footway\": \"sidewalk\", \"highway\": \"footway\"}"
      }
    },
    {
      "type": "Feature",
      "id": "osm-way-653537037",
      "geometry": {
        "type": "LineString",
        "coordinates": [
          [
            126.6476244,
            37.4497195
          ],
          [
            126.6481975,
            37.4498491
          ]
        ]
      },
      "properties": {
        "osm_way_id": "653537037",
        "review_status": "NON_VEHICLE_HIGHWAY",
        "verification_status": "UNVERIFIED",
        "routable": false,
        "highway": "footway",
        "oneway": null,
        "access": null,
        "vehicle": null,
        "motor_vehicle": null,
        "vertices_outside_source_query_bbox": 1,
        "tags_json": "{\"footway\": \"sidewalk\", \"highway\": \"footway\"}"
      }
    },
    {
      "type": "Feature",
      "id": "osm-way-653537041",
      "geometry": {
        "type": "LineString",
        "coordinates": [
          [
            126.6480875,
            37.4487206
          ],
          [
            126.6477476,
            37.4485014
          ],
          [
            126.6474072,
            37.4485392
          ],
          [
            126.6468508,
            37.4483852
          ],
          [
            126.6465543,
            37.4484259
          ],
          [
            126.6461404,
            37.4487965
          ]
        ]
      },
      "properties": {
        "osm_way_id": "653537041",
        "review_status": "NON_VEHICLE_HIGHWAY",
        "verification_status": "UNVERIFIED",
        "routable": false,
        "highway": "footway",
        "oneway": null,
        "access": null,
        "vehicle": null,
        "motor_vehicle": null,
        "vertices_outside_source_query_bbox": 5,
        "tags_json": "{\"footway\": \"sidewalk\", \"highway\": \"footway\"}"
      }
    },
    {
      "type": "Feature",
      "id": "osm-way-665737674",
      "geometry": {
        "type": "LineString",
        "coordinates": [
          [
            126.6576755,
            37.4534535
          ],
          [
            126.6583673,
            37.4536863
          ],
          [
            126.658646,
            37.4538366
          ]
        ]
      },
      "properties": {
        "osm_way_id": "665737674",
        "review_status": "VEHICLE_ACCESS_REVIEW",
        "verification_status": "UNVERIFIED",
        "routable": false,
        "highway": "trunk_link",
        "oneway": "yes",
        "access": null,
        "vehicle": null,
        "motor_vehicle": null,
        "vertices_outside_source_query_bbox": 0,
        "tags_json": "{\"highway\": \"trunk_link\", \"oneway\": \"yes\"}"
      }
    },
    {
      "type": "Feature",
      "id": "osm-way-731224474",
      "geometry": {
        "type": "LineString",
        "coordinates": [
          [
            126.659824,
            37.4464052
          ],
          [
            126.6597127,
            37.4462645
          ],
          [
            126.6595879,
            37.4460841
          ],
          [
            126.6595206,
            37.4459783
          ],
          [
            126.6592422,
            37.4455405
          ],
          [
            126.6589536,
            37.4450868
          ]
        ]
      },
      "properties": {
        "osm_way_id": "731224474",
        "review_status": "VEHICLE_ACCESS_REVIEW",
        "verification_status": "UNVERIFIED",
        "routable": false,
        "highway": "service",
        "oneway": null,
        "access": null,
        "vehicle": null,
        "motor_vehicle": null,
        "vertices_outside_source_query_bbox": 5,
        "tags_json": "{\"highway\": \"service\", \"name\": \"소성로87번길\", \"name:en\": \"Soseong-ro 87beon-gil\", \"name:ko\": \"소성로87번길\"}"
      }
    },
    {
      "type": "Feature",
      "id": "osm-way-731224523",
      "geometry": {
        "type": "LineString",
        "coordinates": [
          [
            126.655873,
            37.4539923
          ],
          [
            126.6561751,
            37.4540449
          ]
        ]
      },
      "properties": {
        "osm_way_id": "731224523",
        "review_status": "VEHICLE_ACCESS_REVIEW",
        "verification_status": "UNVERIFIED",
        "routable": false,
        "highway": "service",
        "oneway": null,
        "access": null,
        "vehicle": null,
        "motor_vehicle": null,
        "vertices_outside_source_query_bbox": 1,
        "tags_json": "{\"highway\": \"service\", \"noname\": \"yes\"}"
      }
    },
    {
      "type": "Feature",
      "id": "osm-way-731224525",
      "geometry": {
        "type": "LineString",
        "coordinates": [
          [
            126.6555565,
            37.4539497
          ],
          [
            126.655873,
            37.4539923
          ]
        ]
      },
      "properties": {
        "osm_way_id": "731224525",
        "review_status": "VEHICLE_ACCESS_REVIEW",
        "verification_status": "UNVERIFIED",
        "routable": false,
        "highway": "service",
        "oneway": null,
        "access": null,
        "vehicle": null,
        "motor_vehicle": null,
        "vertices_outside_source_query_bbox": 0,
        "tags_json": "{\"highway\": \"service\", \"name\": \"비룡길29번길\", \"name:en\": \"Biryong-gil 29beon-gil\", \"name:ko\": \"비룡길29번길\"}"
      }
    },
    {
      "type": "Feature",
      "id": "osm-way-731224528",
      "geometry": {
        "type": "LineString",
        "coordinates": [
          [
            126.6546834,
            37.4543239
          ],
          [
            126.6546313,
            37.4539362
          ],
          [
            126.6546096,
            37.4537747
          ],
          [
            126.6545444,
            37.4534584
          ]
        ]
      },
      "properties": {
        "osm_way_id": "731224528",
        "review_status": "VEHICLE_ACCESS_REVIEW",
        "verification_status": "UNVERIFIED",
        "routable": false,
        "highway": "service",
        "oneway": null,
        "access": null,
        "vehicle": null,
        "motor_vehicle": null,
        "vertices_outside_source_query_bbox": 1,
        "tags_json": "{\"highway\": \"service\", \"name\": \"비룡길41번길\", \"name:en\": \"Biryong-gil 41beon-gil\", \"name:ko\": \"비룡길41번길\"}"
      }
    },
    {
      "type": "Feature",
      "id": "osm-way-731224529",
      "geometry": {
        "type": "LineString",
        "coordinates": [
          [
            126.6518524,
            37.454103
          ],
          [
            126.6533791,
            37.4535226
          ]
        ]
      },
      "properties": {
        "osm_way_id": "731224529",
        "review_status": "VEHICLE_ACCESS_REVIEW",
        "verification_status": "UNVERIFIED",
        "routable": false,
        "highway": "service",
        "oneway": null,
        "access": null,
        "vehicle": null,
        "motor_vehicle": null,
        "vertices_outside_source_query_bbox": 1,
        "tags_json": "{\"highway\": \"service\", \"name\": \"비룡길78번길\", \"name:en\": \"Biryong-gil 78beon-gil\", \"name:ko\": \"비룡길78번길\"}"
      }
    },
    {
      "type": "Feature",
      "id": "osm-way-731224530",
      "geometry": {
        "type": "LineString",
        "coordinates": [
          [
            126.6542821,
            37.45398
          ],
          [
            126.6542177,
            37.4539881
          ]
        ]
      },
      "properties": {
        "osm_way_id": "731224530",
        "review_status": "VEHICLE_ACCESS_REVIEW",
        "verification_status": "UNVERIFIED",
        "routable": false,
        "highway": "service",
        "oneway": null,
        "access": null,
        "vehicle": null,
        "motor_vehicle": null,
        "vertices_outside_source_query_bbox": 0,
        "tags_json": "{\"highway\": \"service\", \"name\": \"비룡길\", \"name:en\": \"Biryong-gil\", \"name:ko\": \"비룡길\"}"
      }
    },
    {
      "type": "Feature",
      "id": "osm-way-731224531",
      "geometry": {
        "type": "LineString",
        "coordinates": [
          [
            126.6546313,
            37.4539362
          ],
          [
            126.6542821,
            37.45398
          ]
        ]
      },
      "properties": {
        "osm_way_id": "731224531",
        "review_status": "VEHICLE_ACCESS_REVIEW",
        "verification_status": "UNVERIFIED",
        "routable": false,
        "highway": "service",
        "oneway": null,
        "access": null,
        "vehicle": null,
        "motor_vehicle": null,
        "vertices_outside_source_query_bbox": 0,
        "tags_json": "{\"highway\": \"service\", \"noname\": \"yes\"}"
      }
    },
    {
      "type": "Feature",
      "id": "osm-way-731224532",
      "geometry": {
        "type": "LineString",
        "coordinates": [
          [
            126.6556916,
            37.4533355
          ],
          [
            126.655586,
            37.4535153
          ],
          [
            126.6555324,
            37.453609
          ],
          [
            126.6554144,
            37.4537389
          ],
          [
            126.6551541,
            37.4539408
          ],
          [
            126.6549155,
            37.4541179
          ],
          [
            126.6546834,
            37.4543239
          ]
        ]
      },
      "properties": {
        "osm_way_id": "731224532",
        "review_status": "VEHICLE_ACCESS_REVIEW",
        "verification_status": "UNVERIFIED",
        "routable": false,
        "highway": "service",
        "oneway": null,
        "access": null,
        "vehicle": null,
        "motor_vehicle": null,
        "vertices_outside_source_query_bbox": 2,
        "tags_json": "{\"highway\": \"service\", \"name\": \"비룡길39번길\", \"name:en\": \"Biryong-gil 39beon-gil\", \"name:ko\": \"비룡길39번길\"}"
      }
    },
    {
      "type": "Feature",
      "id": "osm-way-731224536",
      "geometry": {
        "type": "LineString",
        "coordinates": [
          [
            126.6511041,
            37.4529766
          ],
          [
            126.6512087,
            37.4531555
          ],
          [
            126.6514152,
            37.4534599
          ]
        ]
      },
      "properties": {
        "osm_way_id": "731224536",
        "review_status": "VEHICLE_ACCESS_REVIEW",
        "verification_status": "UNVERIFIED",
        "routable": false,
        "highway": "service",
        "oneway": null,
        "access": null,
        "vehicle": null,
        "motor_vehicle": null,
        "vertices_outside_source_query_bbox": 0,
        "tags_json": "{\"highway\": \"service\", \"name\": \"독배로382번길\", \"name:en\": \"Dokbae-ro 382beon-gil\", \"name:ko\": \"독배로382번길\"}"
      }
    },
    {
      "type": "Feature",
      "id": "osm-way-731224537",
      "geometry": {
        "type": "LineString",
        "coordinates": [
          [
            126.6516004,
            37.4540328
          ],
          [
            126.6516191,
            37.4539944
          ],
          [
            126.6515931,
            37.453831
          ],
          [
            126.6515926,
            37.4537434
          ]
        ]
      },
      "properties": {
        "osm_way_id": "731224537",
        "review_status": "VEHICLE_ACCESS_REVIEW",
        "verification_status": "UNVERIFIED",
        "routable": false,
        "highway": "service",
        "oneway": null,
        "access": null,
        "vehicle": null,
        "motor_vehicle": null,
        "vertices_outside_source_query_bbox": 1,
        "tags_json": "{\"highway\": \"service\", \"noname\": \"yes\"}"
      }
    },
    {
      "type": "Feature",
      "id": "osm-way-731224540",
      "geometry": {
        "type": "LineString",
        "coordinates": [
          [
            126.6492062,
            37.4529733
          ],
          [
            126.6493768,
            37.4523896
          ],
          [
            126.6493821,
            37.4523213
          ]
        ]
      },
      "properties": {
        "osm_way_id": "731224540",
        "review_status": "VEHICLE_ACCESS_REVIEW",
        "verification_status": "UNVERIFIED",
        "routable": false,
        "highway": "service",
        "oneway": null,
        "access": null,
        "vehicle": null,
        "motor_vehicle": null,
        "vertices_outside_source_query_bbox": 0,
        "tags_json": "{\"highway\": \"service\", \"name\": \"독배로376번길\", \"name:en\": \"Dokbae-ro 376beon-gil\", \"name:ko\": \"독배로376번길\"}"
      }
    },
    {
      "type": "Feature",
      "id": "osm-way-731804508",
      "geometry": {
        "type": "LineString",
        "coordinates": [
          [
            126.6493598,
            37.4471815
          ],
          [
            126.648292,
            37.4469539
          ],
          [
            126.6481582,
            37.4469254
          ],
          [
            126.6466761,
            37.4466096
          ],
          [
            126.6450793,
            37.4462693
          ],
          [
            126.6441603,
            37.4460735
          ],
          [
            126.6431803,
            37.4458646
          ]
        ]
      },
      "properties": {
        "osm_way_id": "731804508",
        "review_status": "VEHICLE_ACCESS_REVIEW",
        "verification_status": "UNVERIFIED",
        "routable": false,
        "highway": "residential",
        "oneway": null,
        "access": null,
        "vehicle": null,
        "motor_vehicle": null,
        "vertices_outside_source_query_bbox": 4,
        "tags_json": "{\"highway\": \"residential\", \"name\": \"용정공원로83번길\", \"name:en\": \"Yongjeonggongwon-ro 83beon-gil\", \"name:ko\": \"용정공원로83번길\"}"
      }
    },
    {
      "type": "Feature",
      "id": "osm-way-937727088",
      "geometry": {
        "type": "LineString",
        "coordinates": [
          [
            126.6544702,
            37.4514903
          ],
          [
            126.6528558,
            37.4521058
          ],
          [
            126.6524453,
            37.4520187
          ],
          [
            126.6518116,
            37.4510626
          ]
        ]
      },
      "properties": {
        "osm_way_id": "937727088",
        "review_status": "VEHICLE_ACCESS_REVIEW",
        "verification_status": "UNVERIFIED",
        "routable": false,
        "highway": "service",
        "oneway": null,
        "access": null,
        "vehicle": null,
        "motor_vehicle": null,
        "vertices_outside_source_query_bbox": 0,
        "tags_json": "{\"highway\": \"service\"}"
      }
    },
    {
      "type": "Feature",
      "id": "osm-way-940020898",
      "geometry": {
        "type": "LineString",
        "coordinates": [
          [
            126.6572336,
            37.4517335
          ],
          [
            126.6575754,
            37.4516413
          ],
          [
            126.6581758,
            37.4514793
          ],
          [
            126.6585997,
            37.4513649
          ]
        ]
      },
      "properties": {
        "osm_way_id": "940020898",
        "review_status": "VEHICLE_ACCESS_REVIEW",
        "verification_status": "UNVERIFIED",
        "routable": false,
        "highway": "service",
        "oneway": null,
        "access": null,
        "vehicle": null,
        "motor_vehicle": null,
        "vertices_outside_source_query_bbox": 0,
        "tags_json": "{\"highway\": \"service\", \"name\": \"경인남길30번길\", \"name:en\": \"Gyeonginnam-gil 30beon-gil\", \"name:ko\": \"경인남길30번길\"}"
      }
    },
    {
      "type": "Feature",
      "id": "osm-way-940020899",
      "geometry": {
        "type": "LineString",
        "coordinates": [
          [
            126.6585997,
            37.4513649
          ],
          [
            126.6586465,
            37.4514753
          ],
          [
            126.6601129,
            37.4515112
          ],
          [
            126.6603574,
            37.4514568
          ]
        ]
      },
      "properties": {
        "osm_way_id": "940020899",
        "review_status": "VEHICLE_ACCESS_REVIEW",
        "verification_status": "UNVERIFIED",
        "routable": false,
        "highway": "service",
        "oneway": "yes",
        "access": null,
        "vehicle": null,
        "motor_vehicle": null,
        "vertices_outside_source_query_bbox": 2,
        "tags_json": "{\"highway\": \"service\", \"name\": \"인하로91번길\", \"name:en\": \"Inha-ro 91beon-gil\", \"name:ko\": \"인하로91번길\", \"oneway\": \"yes\"}"
      }
    },
    {
      "type": "Feature",
      "id": "osm-way-940020900",
      "geometry": {
        "type": "LineString",
        "coordinates": [
          [
            126.65307,
            37.45222
          ],
          [
            126.6533195,
            37.452378
          ],
          [
            126.6537419,
            37.4524818
          ],
          [
            126.6540629,
            37.4525606
          ],
          [
            126.6544806,
            37.4526633
          ],
          [
            126.6548345,
            37.4527502
          ],
          [
            126.6562076,
            37.4530877
          ],
          [
            126.6576398,
            37.4534447
          ],
          [
            126.6576755,
            37.4534535
          ],
          [
            126.6586179,
            37.4536846
          ]
        ]
      },
      "properties": {
        "osm_way_id": "940020900",
        "review_status": "VEHICLE_ACCESS_REVIEW",
        "verification_status": "UNVERIFIED",
        "routable": false,
        "highway": "residential",
        "oneway": "yes",
        "access": null,
        "vehicle": null,
        "motor_vehicle": null,
        "vertices_outside_source_query_bbox": 0,
        "tags_json": "{\"highway\": \"residential\", \"name\": \"경인남길\", \"name:en\": \"Gyeonginnam-gil\", \"name:ko\": \"경인남길\", \"oneway\": \"yes\"}"
      }
    },
    {
      "type": "Feature",
      "id": "osm-way-940020901",
      "geometry": {
        "type": "LineString",
        "coordinates": [
          [
            126.6585805,
            37.4537127
          ],
          [
            126.6586179,
            37.4536846
          ]
        ]
      },
      "properties": {
        "osm_way_id": "940020901",
        "review_status": "VEHICLE_ACCESS_REVIEW",
        "verification_status": "UNVERIFIED",
        "routable": false,
        "highway": "service",
        "oneway": null,
        "access": null,
        "vehicle": null,
        "motor_vehicle": null,
        "vertices_outside_source_query_bbox": 0,
        "tags_json": "{\"highway\": \"service\", \"name\": \"경인남길102번길\", \"name:en\": \"Gyeonginnam-gil 102beon-gil\", \"name:ko\": \"경인남길102번길\"}"
      }
    },
    {
      "type": "Feature",
      "id": "osm-way-955217469",
      "geometry": {
        "type": "LineString",
        "coordinates": [
          [
            126.6503879,
            37.4447443
          ],
          [
            126.6504113,
            37.4448422
          ],
          [
            126.6504507,
            37.4450432
          ],
          [
            126.6504708,
            37.4452208
          ],
          [
            126.6504795,
            37.4454029
          ],
          [
            126.6504632,
            37.4455976
          ],
          [
            126.6504468,
            37.4458802
          ],
          [
            126.6504447,
            37.4461138
          ],
          [
            126.6503957,
            37.4463706
          ],
          [
            126.6503727,
            37.4464912
          ],
          [
            126.6501251,
            37.4475882
          ],
          [
            126.6500185,
            37.4480135
          ],
          [
            126.6498752,
            37.4485853
          ]
        ]
      },
      "properties": {
        "osm_way_id": "955217469",
        "review_status": "VEHICLE_ACCESS_REVIEW",
        "verification_status": "UNVERIFIED",
        "routable": false,
        "highway": "secondary",
        "oneway": null,
        "access": null,
        "vehicle": null,
        "motor_vehicle": null,
        "vertices_outside_source_query_bbox": 2,
        "tags_json": "{\"highway\": \"secondary\", \"name\": \"독배로\", \"name:en\": \"Dokbae-ro\", \"name:ko\": \"독배로\", \"ref\": \"17\", \"surface\": \"asphalt\"}"
      }
    },
    {
      "type": "Feature",
      "id": "osm-way-968147725",
      "geometry": {
        "type": "LineString",
        "coordinates": [
          [
            126.6553011,
            37.4506885
          ],
          [
            126.6554641,
            37.4506175
          ],
          [
            126.655504,
            37.4506138
          ],
          [
            126.6556296,
            37.4507889
          ]
        ]
      },
      "properties": {
        "osm_way_id": "968147725",
        "review_status": "VEHICLE_ACCESS_REVIEW",
        "verification_status": "UNVERIFIED",
        "routable": false,
        "highway": "service",
        "oneway": null,
        "access": null,
        "vehicle": null,
        "motor_vehicle": null,
        "vertices_outside_source_query_bbox": 0,
        "tags_json": "{\"highway\": \"service\"}"
      }
    },
    {
      "type": "Feature",
      "id": "osm-way-1063265596",
      "geometry": {
        "type": "LineString",
        "coordinates": [
          [
            126.654378,
            37.4506113
          ],
          [
            126.654983,
            37.4503464
          ]
        ]
      },
      "properties": {
        "osm_way_id": "1063265596",
        "review_status": "NON_VEHICLE_HIGHWAY",
        "verification_status": "UNVERIFIED",
        "routable": false,
        "highway": "footway",
        "oneway": null,
        "access": null,
        "vehicle": null,
        "motor_vehicle": null,
        "vertices_outside_source_query_bbox": 0,
        "tags_json": "{\"bicycle\": \"no\", \"foot\": \"yes\", \"footway\": \"sidewalk\", \"highway\": \"footway\", \"horse\": \"no\", \"width\": \"1.5\"}"
      }
    },
    {
      "type": "Feature",
      "id": "osm-way-1063266065",
      "geometry": {
        "type": "LineString",
        "coordinates": [
          [
            126.6558381,
            37.4509946
          ],
          [
            126.6559488,
            37.4511371
          ]
        ]
      },
      "properties": {
        "osm_way_id": "1063266065",
        "review_status": "NON_VEHICLE_HIGHWAY",
        "verification_status": "UNVERIFIED",
        "routable": false,
        "highway": "footway",
        "oneway": null,
        "access": null,
        "vehicle": null,
        "motor_vehicle": null,
        "vertices_outside_source_query_bbox": 0,
        "tags_json": "{\"highway\": \"footway\", \"incline\": \"down\"}"
      }
    },
    {
      "type": "Feature",
      "id": "osm-way-1063267429",
      "geometry": {
        "type": "LineString",
        "coordinates": [
          [
            126.6562594,
            37.4497847
          ],
          [
            126.6563688,
            37.4496712
          ]
        ]
      },
      "properties": {
        "osm_way_id": "1063267429",
        "review_status": "NON_VEHICLE_HIGHWAY",
        "verification_status": "UNVERIFIED",
        "routable": false,
        "highway": "footway",
        "oneway": null,
        "access": null,
        "vehicle": null,
        "motor_vehicle": null,
        "vertices_outside_source_query_bbox": 0,
        "tags_json": "{\"footway\": \"sidewalk\", \"highway\": \"footway\"}"
      }
    },
    {
      "type": "Feature",
      "id": "osm-way-1063267904",
      "geometry": {
        "type": "LineString",
        "coordinates": [
          [
            126.6538932,
            37.4509699
          ],
          [
            126.6540495,
            37.4509215
          ]
        ]
      },
      "properties": {
        "osm_way_id": "1063267904",
        "review_status": "EXPLICIT_ACCESS_DENY",
        "verification_status": "UNVERIFIED",
        "routable": false,
        "highway": "footway",
        "oneway": null,
        "access": null,
        "vehicle": null,
        "motor_vehicle": "no",
        "vertices_outside_source_query_bbox": 0,
        "tags_json": "{\"bicycle\": \"yes\", \"foot\": \"yes\", \"highway\": \"footway\", \"horse\": \"no\", \"motor_vehicle\": \"no\", \"width\": \"2\"}"
      }
    },
    {
      "type": "Feature",
      "id": "osm-way-1063267905",
      "geometry": {
        "type": "LineString",
        "coordinates": [
          [
            126.6541637,
            37.4514446
          ],
          [
            126.6543714,
            37.4513665
          ]
        ]
      },
      "properties": {
        "osm_way_id": "1063267905",
        "review_status": "NON_VEHICLE_HIGHWAY",
        "verification_status": "UNVERIFIED",
        "routable": false,
        "highway": "footway",
        "oneway": null,
        "access": null,
        "vehicle": null,
        "motor_vehicle": null,
        "vertices_outside_source_query_bbox": 0,
        "tags_json": "{\"highway\": \"footway\"}"
      }
    },
    {
      "type": "Feature",
      "id": "osm-way-1063268261",
      "geometry": {
        "type": "LineString",
        "coordinates": [
          [
            126.6540495,
            37.4509215
          ],
          [
            126.6541926,
            37.4509034
          ]
        ]
      },
      "properties": {
        "osm_way_id": "1063268261",
        "review_status": "NON_VEHICLE_HIGHWAY",
        "verification_status": "UNVERIFIED",
        "routable": false,
        "highway": "footway",
        "oneway": null,
        "access": null,
        "vehicle": null,
        "motor_vehicle": null,
        "vertices_outside_source_query_bbox": 0,
        "tags_json": "{\"bicycle\": \"yes\", \"foot\": \"yes\", \"highway\": \"footway\", \"horse\": \"yes\", \"width\": \"2\"}"
      }
    },
    {
      "type": "Feature",
      "id": "osm-way-1063579312",
      "geometry": {
        "type": "LineString",
        "coordinates": [
          [
            126.6547443,
            37.4499134
          ],
          [
            126.6547524,
            37.4497945
          ],
          [
            126.6546693,
            37.449672
          ]
        ]
      },
      "properties": {
        "osm_way_id": "1063579312",
        "review_status": "NON_VEHICLE_HIGHWAY",
        "verification_status": "UNVERIFIED",
        "routable": false,
        "highway": "footway",
        "oneway": null,
        "access": null,
        "vehicle": null,
        "motor_vehicle": null,
        "vertices_outside_source_query_bbox": 0,
        "tags_json": "{\"bicycle\": \"no\", \"foot\": \"yes\", \"footway\": \"sidewalk\", \"highway\": \"footway\", \"horse\": \"no\", \"width\": \"1\"}"
      }
    },
    {
      "type": "Feature",
      "id": "osm-way-1098486596",
      "geometry": {
        "type": "LineString",
        "coordinates": [
          [
            126.6558514,
            37.4520887
          ],
          [
            126.6559798,
            37.4524082
          ],
          [
            126.6559249,
            37.4525584
          ]
        ]
      },
      "properties": {
        "osm_way_id": "1098486596",
        "review_status": "NON_VEHICLE_HIGHWAY",
        "verification_status": "UNVERIFIED",
        "routable": false,
        "highway": "footway",
        "oneway": null,
        "access": null,
        "vehicle": null,
        "motor_vehicle": null,
        "vertices_outside_source_query_bbox": 0,
        "tags_json": "{\"highway\": \"footway\", \"surface\": \"concrete\", \"width\": \"1.5\"}"
      }
    },
    {
      "type": "Feature",
      "id": "osm-way-1098489686",
      "geometry": {
        "type": "LineString",
        "coordinates": [
          [
            126.6551299,
            37.4506979
          ],
          [
            126.654882,
            37.4503235
          ]
        ]
      },
      "properties": {
        "osm_way_id": "1098489686",
        "review_status": "VEHICLE_ACCESS_REVIEW",
        "verification_status": "UNVERIFIED",
        "routable": false,
        "highway": "service",
        "oneway": null,
        "access": null,
        "vehicle": null,
        "motor_vehicle": null,
        "vertices_outside_source_query_bbox": 0,
        "tags_json": "{\"highway\": \"service\", \"surface\": \"asphalt\"}"
      }
    },
    {
      "type": "Feature",
      "id": "osm-way-1098489687",
      "geometry": {
        "type": "LineString",
        "coordinates": [
          [
            126.6546486,
            37.4472949
          ],
          [
            126.6544119,
            37.4468509
          ]
        ]
      },
      "properties": {
        "osm_way_id": "1098489687",
        "review_status": "VEHICLE_ACCESS_REVIEW",
        "verification_status": "UNVERIFIED",
        "routable": false,
        "highway": "service",
        "oneway": "yes",
        "access": null,
        "vehicle": null,
        "motor_vehicle": null,
        "vertices_outside_source_query_bbox": 0,
        "tags_json": "{\"description\": \"인하대학교 등록차량 진출로(진출 단독)\", \"highway\": \"service\", \"oneway\": \"yes\", \"service\": \"driveway\", \"surface\": \"asphalt\"}"
      }
    },
    {
      "type": "Feature",
      "id": "osm-way-1098491073",
      "geometry": {
        "type": "LineString",
        "coordinates": [
          [
            126.6526055,
            37.448332
          ],
          [
            126.6524007,
            37.4480083
          ]
        ]
      },
      "properties": {
        "osm_way_id": "1098491073",
        "review_status": "VEHICLE_ACCESS_REVIEW",
        "verification_status": "UNVERIFIED",
        "routable": false,
        "highway": "service",
        "oneway": null,
        "access": null,
        "vehicle": null,
        "motor_vehicle": null,
        "vertices_outside_source_query_bbox": 0,
        "tags_json": "{\"highway\": \"service\", \"surface\": \"asphalt\"}"
      }
    },
    {
      "type": "Feature",
      "id": "osm-way-1098491074",
      "geometry": {
        "type": "LineString",
        "coordinates": [
          [
            126.6512514,
            37.4489698
          ],
          [
            126.6515963,
            37.4488071
          ],
          [
            126.6524029,
            37.4484321
          ]
        ]
      },
      "properties": {
        "osm_way_id": "1098491074",
        "review_status": "VEHICLE_ACCESS_REVIEW",
        "verification_status": "UNVERIFIED",
        "routable": false,
        "highway": "service",
        "oneway": null,
        "access": null,
        "vehicle": null,
        "motor_vehicle": null,
        "vertices_outside_source_query_bbox": 0,
        "tags_json": "{\"highway\": \"service\"}"
      }
    },
    {
      "type": "Feature",
      "id": "osm-way-1098491075",
      "geometry": {
        "type": "LineString",
        "coordinates": [
          [
            126.6525739,
            37.4485087
          ],
          [
            126.6524029,
            37.4484321
          ]
        ]
      },
      "properties": {
        "osm_way_id": "1098491075",
        "review_status": "VEHICLE_ACCESS_REVIEW",
        "verification_status": "UNVERIFIED",
        "routable": false,
        "highway": "service",
        "oneway": "yes",
        "access": null,
        "vehicle": null,
        "motor_vehicle": null,
        "vertices_outside_source_query_bbox": 0,
        "tags_json": "{\"highway\": \"service\", \"oneway\": \"yes\"}"
      }
    },
    {
      "type": "Feature",
      "id": "osm-way-1098491076",
      "geometry": {
        "type": "LineString",
        "coordinates": [
          [
            126.6525739,
            37.4485087
          ],
          [
            126.6525887,
            37.4484826
          ],
          [
            126.6526884,
            37.4483478
          ],
          [
            126.6527431,
            37.4482803
          ]
        ]
      },
      "properties": {
        "osm_way_id": "1098491076",
        "review_status": "VEHICLE_ACCESS_REVIEW",
        "verification_status": "UNVERIFIED",
        "routable": false,
        "highway": "service",
        "oneway": "yes",
        "access": null,
        "vehicle": null,
        "motor_vehicle": null,
        "vertices_outside_source_query_bbox": 0,
        "tags_json": "{\"highway\": \"service\", \"oneway\": \"yes\"}"
      }
    },
    {
      "type": "Feature",
      "id": "osm-way-1098496323",
      "geometry": {
        "type": "LineString",
        "coordinates": [
          [
            126.6559989,
            37.4517294
          ],
          [
            126.655832,
            37.4517811
          ]
        ]
      },
      "properties": {
        "osm_way_id": "1098496323",
        "review_status": "VEHICLE_ACCESS_REVIEW",
        "verification_status": "UNVERIFIED",
        "routable": false,
        "highway": "residential",
        "oneway": null,
        "access": null,
        "vehicle": null,
        "motor_vehicle": null,
        "vertices_outside_source_query_bbox": 0,
        "tags_json": "{\"highway\": \"residential\", \"name\": \"인하로67번길\", \"surface\": \"asphalt\"}"
      }
    },
    {
      "type": "Feature",
      "id": "osm-way-1098496324",
      "geometry": {
        "type": "LineString",
        "coordinates": [
          [
            126.6559989,
            37.4517294
          ],
          [
            126.6565748,
            37.4515677
          ],
          [
            126.6570936,
            37.451422
          ]
        ]
      },
      "properties": {
        "osm_way_id": "1098496324",
        "review_status": "NON_VEHICLE_HIGHWAY",
        "verification_status": "UNVERIFIED",
        "routable": false,
        "highway": "footway",
        "oneway": null,
        "access": null,
        "vehicle": null,
        "motor_vehicle": null,
        "vertices_outside_source_query_bbox": 0,
        "tags_json": "{\"bicycle\": \"yes\", \"foot\": \"yes\", \"highway\": \"footway\", \"name\": \"인하로67번길\", \"surface\": \"concrete\"}"
      }
    },
    {
      "type": "Feature",
      "id": "osm-way-1098496325",
      "geometry": {
        "type": "LineString",
        "coordinates": [
          [
            126.6564433,
            37.4512721
          ],
          [
            126.6565748,
            37.4515677
          ],
          [
            126.6567077,
            37.4518665
          ]
        ]
      },
      "properties": {
        "osm_way_id": "1098496325",
        "review_status": "NON_VEHICLE_HIGHWAY",
        "verification_status": "UNVERIFIED",
        "routable": false,
        "highway": "footway",
        "oneway": null,
        "access": null,
        "vehicle": null,
        "motor_vehicle": null,
        "vertices_outside_source_query_bbox": 0,
        "tags_json": "{\"bicycle\": \"yes\", \"foot\": \"yes\", \"highway\": \"footway\", \"surface\": \"concrete\"}"
      }
    },
    {
      "type": "Feature",
      "id": "osm-way-1098496326",
      "geometry": {
        "type": "LineString",
        "coordinates": [
          [
            126.6568874,
            37.451821
          ],
          [
            126.6571024,
            37.4523462
          ]
        ]
      },
      "properties": {
        "osm_way_id": "1098496326",
        "review_status": "NON_VEHICLE_HIGHWAY",
        "verification_status": "UNVERIFIED",
        "routable": false,
        "highway": "footway",
        "oneway": null,
        "access": null,
        "vehicle": null,
        "motor_vehicle": null,
        "vertices_outside_source_query_bbox": 0,
        "tags_json": "{\"bicycle\": \"yes\", \"foot\": \"yes\", \"highway\": \"footway\", \"surface\": \"concrete\"}"
      }
    },
    {
      "type": "Feature",
      "id": "osm-way-1098496327",
      "geometry": {
        "type": "LineString",
        "coordinates": [
          [
            126.6570936,
            37.451422
          ],
          [
            126.6579049,
            37.4512287
          ],
          [
            126.6580533,
            37.4511933
          ],
          [
            126.6584834,
            37.4510909
          ]
        ]
      },
      "properties": {
        "osm_way_id": "1098496327",
        "review_status": "NON_VEHICLE_HIGHWAY",
        "verification_status": "UNVERIFIED",
        "routable": false,
        "highway": "footway",
        "oneway": null,
        "access": null,
        "vehicle": null,
        "motor_vehicle": null,
        "vertices_outside_source_query_bbox": 0,
        "tags_json": "{\"bicycle\": \"yes\", \"foot\": \"yes\", \"highway\": \"footway\", \"name\": \"인하로77번길\", \"surface\": \"concrete\"}"
      }
    },
    {
      "type": "Feature",
      "id": "osm-way-1098496328",
      "geometry": {
        "type": "LineString",
        "coordinates": [
          [
            126.6579049,
            37.4512287
          ],
          [
            126.657759,
            37.450929
          ]
        ]
      },
      "properties": {
        "osm_way_id": "1098496328",
        "review_status": "NON_VEHICLE_HIGHWAY",
        "verification_status": "UNVERIFIED",
        "routable": false,
        "highway": "footway",
        "oneway": null,
        "access": null,
        "vehicle": null,
        "motor_vehicle": null,
        "vertices_outside_source_query_bbox": 0,
        "tags_json": "{\"bicycle\": \"yes\", \"foot\": \"yes\", \"highway\": \"footway\", \"surface\": \"concrete\"}"
      }
    },
    {
      "type": "Feature",
      "id": "osm-way-1098496329",
      "geometry": {
        "type": "LineString",
        "coordinates": [
          [
            126.6580533,
            37.4511933
          ],
          [
            126.6581758,
            37.4514793
          ]
        ]
      },
      "properties": {
        "osm_way_id": "1098496329",
        "review_status": "NON_VEHICLE_HIGHWAY",
        "verification_status": "UNVERIFIED",
        "routable": false,
        "highway": "footway",
        "oneway": null,
        "access": null,
        "vehicle": null,
        "motor_vehicle": null,
        "vertices_outside_source_query_bbox": 0,
        "tags_json": "{\"bicycle\": \"yes\", \"foot\": \"yes\", \"highway\": \"footway\", \"surface\": \"concrete\"}"
      }
    },
    {
      "type": "Feature",
      "id": "osm-way-1098496330",
      "geometry": {
        "type": "LineString",
        "coordinates": [
          [
            126.6544702,
            37.4514903
          ],
          [
            126.6546715,
            37.4517233
          ]
        ]
      },
      "properties": {
        "osm_way_id": "1098496330",
        "review_status": "VEHICLE_ACCESS_REVIEW",
        "verification_status": "UNVERIFIED",
        "routable": false,
        "highway": "service",
        "oneway": null,
        "access": null,
        "vehicle": null,
        "motor_vehicle": null,
        "vertices_outside_source_query_bbox": 0,
        "tags_json": "{\"highway\": \"service\"}"
      }
    },
    {
      "type": "Feature",
      "id": "osm-way-1098496331",
      "geometry": {
        "type": "LineString",
        "coordinates": [
          [
            126.6537715,
            37.4504638
          ],
          [
            126.653543,
            37.4501295
          ]
        ]
      },
      "properties": {
        "osm_way_id": "1098496331",
        "review_status": "VEHICLE_ACCESS_REVIEW",
        "verification_status": "UNVERIFIED",
        "routable": false,
        "highway": "service",
        "oneway": null,
        "access": null,
        "vehicle": null,
        "motor_vehicle": null,
        "vertices_outside_source_query_bbox": 0,
        "tags_json": "{\"highway\": \"service\", \"surface\": \"asphalt\"}"
      }
    },
    {
      "type": "Feature",
      "id": "osm-way-1098496332",
      "geometry": {
        "type": "LineString",
        "coordinates": [
          [
            126.6540524,
            37.4503513
          ],
          [
            126.6539814,
            37.4503237
          ],
          [
            126.6538774,
            37.4502714
          ]
        ]
      },
      "properties": {
        "osm_way_id": "1098496332",
        "review_status": "NON_VEHICLE_HIGHWAY",
        "verification_status": "UNVERIFIED",
        "routable": false,
        "highway": "footway",
        "oneway": null,
        "access": null,
        "vehicle": null,
        "motor_vehicle": null,
        "vertices_outside_source_query_bbox": 0,
        "tags_json": "{\"highway\": \"footway\"}"
      }
    },
    {
      "type": "Feature",
      "id": "osm-way-1098539002",
      "geometry": {
        "type": "LineString",
        "coordinates": [
          [
            126.6552095,
            37.4487903
          ],
          [
            126.6555227,
            37.4486497
          ]
        ]
      },
      "properties": {
        "osm_way_id": "1098539002",
        "review_status": "VEHICLE_ACCESS_REVIEW",
        "verification_status": "UNVERIFIED",
        "routable": false,
        "highway": "service",
        "oneway": null,
        "access": null,
        "vehicle": null,
        "motor_vehicle": null,
        "vertices_outside_source_query_bbox": 0,
        "tags_json": "{\"highway\": \"service\"}"
      }
    },
    {
      "type": "Feature",
      "id": "osm-way-1098539006",
      "geometry": {
        "type": "LineString",
        "coordinates": [
          [
            126.6522374,
            37.4503168
          ],
          [
            126.6521798,
            37.4502247
          ],
          [
            126.6525153,
            37.4500793
          ]
        ]
      },
      "properties": {
        "osm_way_id": "1098539006",
        "review_status": "VEHICLE_ACCESS_REVIEW",
        "verification_status": "UNVERIFIED",
        "routable": false,
        "highway": "service",
        "oneway": null,
        "access": null,
        "vehicle": null,
        "motor_vehicle": null,
        "vertices_outside_source_query_bbox": 0,
        "tags_json": "{\"highway\": \"service\"}"
      }
    },
    {
      "type": "Feature",
      "id": "osm-way-1098539007",
      "geometry": {
        "type": "LineString",
        "coordinates": [
          [
            126.6523725,
            37.450331
          ],
          [
            126.6526207,
            37.4502253
          ]
        ]
      },
      "properties": {
        "osm_way_id": "1098539007",
        "review_status": "NON_VEHICLE_HIGHWAY",
        "verification_status": "UNVERIFIED",
        "routable": false,
        "highway": "footway",
        "oneway": null,
        "access": null,
        "vehicle": null,
        "motor_vehicle": null,
        "vertices_outside_source_query_bbox": 0,
        "tags_json": "{\"highway\": \"footway\"}"
      }
    },
    {
      "type": "Feature",
      "id": "osm-way-1098539008",
      "geometry": {
        "type": "LineString",
        "coordinates": [
          [
            126.6521798,
            37.4502247
          ],
          [
            126.651972,
            37.4503076
          ]
        ]
      },
      "properties": {
        "osm_way_id": "1098539008",
        "review_status": "NON_VEHICLE_HIGHWAY",
        "verification_status": "UNVERIFIED",
        "routable": false,
        "highway": "footway",
        "oneway": null,
        "access": null,
        "vehicle": null,
        "motor_vehicle": null,
        "vertices_outside_source_query_bbox": 0,
        "tags_json": "{\"highway\": \"footway\"}"
      }
    },
    {
      "type": "Feature",
      "id": "osm-way-1098539009",
      "geometry": {
        "type": "LineString",
        "coordinates": [
          [
            126.6521798,
            37.4502247
          ],
          [
            126.6521418,
            37.4501686
          ],
          [
            126.6520534,
            37.4500381
          ],
          [
            126.6518786,
            37.4497802
          ],
          [
            126.6517888,
            37.4496477
          ],
          [
            126.6517418,
            37.4495784
          ]
        ]
      },
      "properties": {
        "osm_way_id": "1098539009",
        "review_status": "NON_VEHICLE_HIGHWAY",
        "verification_status": "UNVERIFIED",
        "routable": false,
        "highway": "footway",
        "oneway": null,
        "access": null,
        "vehicle": null,
        "motor_vehicle": null,
        "vertices_outside_source_query_bbox": 0,
        "tags_json": "{\"highway\": \"footway\"}"
      }
    },
    {
      "type": "Feature",
      "id": "osm-way-1098539010",
      "geometry": {
        "type": "LineString",
        "coordinates": [
          [
            126.6520088,
            37.4495474
          ],
          [
            126.6517888,
            37.4496477
          ],
          [
            126.6515862,
            37.44974
          ]
        ]
      },
      "properties": {
        "osm_way_id": "1098539010",
        "review_status": "NON_VEHICLE_HIGHWAY",
        "verification_status": "UNVERIFIED",
        "routable": false,
        "highway": "footway",
        "oneway": null,
        "access": null,
        "vehicle": null,
        "motor_vehicle": null,
        "vertices_outside_source_query_bbox": 0,
        "tags_json": "{\"highway\": \"footway\"}"
      }
    },
    {
      "type": "Feature",
      "id": "osm-way-1098539011",
      "geometry": {
        "type": "LineString",
        "coordinates": [
          [
            126.6521017,
            37.4496889
          ],
          [
            126.6518786,
            37.4497802
          ],
          [
            126.6516718,
            37.4498649
          ]
        ]
      },
      "properties": {
        "osm_way_id": "1098539011",
        "review_status": "NON_VEHICLE_HIGHWAY",
        "verification_status": "UNVERIFIED",
        "routable": false,
        "highway": "footway",
        "oneway": null,
        "access": null,
        "vehicle": null,
        "motor_vehicle": null,
        "vertices_outside_source_query_bbox": 0,
        "tags_json": "{\"highway\": \"footway\"}"
      }
    },
    {
      "type": "Feature",
      "id": "osm-way-1098539012",
      "geometry": {
        "type": "LineString",
        "coordinates": [
          [
            126.6522704,
            37.4499455
          ],
          [
            126.6520534,
            37.4500381
          ],
          [
            126.6518498,
            37.4501249
          ]
        ]
      },
      "properties": {
        "osm_way_id": "1098539012",
        "review_status": "NON_VEHICLE_HIGHWAY",
        "verification_status": "UNVERIFIED",
        "routable": false,
        "highway": "footway",
        "oneway": null,
        "access": null,
        "vehicle": null,
        "motor_vehicle": null,
        "vertices_outside_source_query_bbox": 0,
        "tags_json": "{\"highway\": \"footway\"}"
      }
    },
    {
      "type": "Feature",
      "id": "osm-way-1098539013",
      "geometry": {
        "type": "LineString",
        "coordinates": [
          [
            126.6523595,
            37.4500812
          ],
          [
            126.6521418,
            37.4501686
          ],
          [
            126.6519362,
            37.4502511
          ]
        ]
      },
      "properties": {
        "osm_way_id": "1098539013",
        "review_status": "NON_VEHICLE_HIGHWAY",
        "verification_status": "UNVERIFIED",
        "routable": false,
        "highway": "footway",
        "oneway": null,
        "access": null,
        "vehicle": null,
        "motor_vehicle": null,
        "vertices_outside_source_query_bbox": 0,
        "tags_json": "{\"highway\": \"footway\"}"
      }
    },
    {
      "type": "Feature",
      "id": "osm-way-1098539014",
      "geometry": {
        "type": "LineString",
        "coordinates": [
          [
            126.6510121,
            37.4508836
          ],
          [
            126.6512211,
            37.4509046
          ],
          [
            126.6513249,
            37.4509655
          ]
        ]
      },
      "properties": {
        "osm_way_id": "1098539014",
        "review_status": "VEHICLE_ACCESS_REVIEW",
        "verification_status": "UNVERIFIED",
        "routable": false,
        "highway": "service",
        "oneway": "yes",
        "access": null,
        "vehicle": null,
        "motor_vehicle": null,
        "vertices_outside_source_query_bbox": 0,
        "tags_json": "{\"highway\": \"service\", \"oneway\": \"yes\", \"surface\": \"concrete\"}"
      }
    },
    {
      "type": "Feature",
      "id": "osm-way-1098539015",
      "geometry": {
        "type": "LineString",
        "coordinates": [
          [
            126.6502519,
            37.4513896
          ],
          [
            126.6502,
            37.4513921
          ],
          [
            126.6497488,
            37.4512165
          ],
          [
            126.6495223,
            37.4510872
          ],
          [
            126.6492639,
            37.4508414
          ],
          [
            126.6492604,
            37.450788
          ],
          [
            126.6493347,
            37.4506953
          ],
          [
            126.649388,
            37.4506846
          ]
        ]
      },
      "properties": {
        "osm_way_id": "1098539015",
        "review_status": "VEHICLE_ACCESS_REVIEW",
        "verification_status": "UNVERIFIED",
        "routable": false,
        "highway": "service",
        "oneway": "yes",
        "access": null,
        "vehicle": null,
        "motor_vehicle": null,
        "vertices_outside_source_query_bbox": 0,
        "tags_json": "{\"highway\": \"service\", \"oneway\": \"yes\", \"surface\": \"asphalt\"}"
      }
    },
    {
      "type": "Feature",
      "id": "osm-way-1098539016",
      "geometry": {
        "type": "LineString",
        "coordinates": [
          [
            126.649388,
            37.4506846
          ],
          [
            126.6495807,
            37.4507037
          ],
          [
            126.6499664,
            37.4511027
          ],
          [
            126.6501009,
            37.4511487
          ],
          [
            126.6501894,
            37.4511406
          ],
          [
            126.6502158,
            37.4511292
          ],
          [
            126.6503584,
            37.4510672
          ],
          [
            126.6505024,
            37.4510052
          ],
          [
            126.6506581,
            37.4509379
          ],
          [
            126.6507999,
            37.4508765
          ],
          [
            126.6510121,
            37.4508836
          ]
        ]
      },
      "properties": {
        "osm_way_id": "1098539016",
        "review_status": "VEHICLE_ACCESS_REVIEW",
        "verification_status": "UNVERIFIED",
        "routable": false,
        "highway": "service",
        "oneway": null,
        "access": null,
        "vehicle": null,
        "motor_vehicle": null,
        "vertices_outside_source_query_bbox": 0,
        "tags_json": "{\"highway\": \"service\"}"
      }
    },
    {
      "type": "Feature",
      "id": "osm-way-1098539017",
      "geometry": {
        "type": "LineString",
        "coordinates": [
          [
            126.6495807,
            37.4507037
          ],
          [
            126.6496659,
            37.450524
          ],
          [
            126.6497761,
            37.450369
          ],
          [
            126.6498603,
            37.4502457
          ],
          [
            126.6499146,
            37.450217
          ],
          [
            126.6500783,
            37.4501303
          ],
          [
            126.6502425,
            37.4500434
          ],
          [
            126.6508017,
            37.450809
          ],
          [
            126.6507999,
            37.4508765
          ]
        ]
      },
      "properties": {
        "osm_way_id": "1098539017",
        "review_status": "VEHICLE_ACCESS_REVIEW",
        "verification_status": "UNVERIFIED",
        "routable": false,
        "highway": "service",
        "oneway": null,
        "access": null,
        "vehicle": null,
        "motor_vehicle": null,
        "vertices_outside_source_query_bbox": 0,
        "tags_json": "{\"highway\": \"service\"}"
      }
    },
    {
      "type": "Feature",
      "id": "osm-way-1098539018",
      "geometry": {
        "type": "LineString",
        "coordinates": [
          [
            126.6496659,
            37.450524
          ],
          [
            126.6502158,
            37.4511292
          ]
        ]
      },
      "properties": {
        "osm_way_id": "1098539018",
        "review_status": "VEHICLE_ACCESS_REVIEW",
        "verification_status": "UNVERIFIED",
        "routable": false,
        "highway": "service",
        "oneway": null,
        "access": null,
        "vehicle": null,
        "motor_vehicle": null,
        "vertices_outside_source_query_bbox": 0,
        "tags_json": "{\"highway\": \"service\"}"
      }
    },
    {
      "type": "Feature",
      "id": "osm-way-1098539019",
      "geometry": {
        "type": "LineString",
        "coordinates": [
          [
            126.6497761,
            37.450369
          ],
          [
            126.6503584,
            37.4510672
          ]
        ]
      },
      "properties": {
        "osm_way_id": "1098539019",
        "review_status": "VEHICLE_ACCESS_REVIEW",
        "verification_status": "UNVERIFIED",
        "routable": false,
        "highway": "service",
        "oneway": null,
        "access": null,
        "vehicle": null,
        "motor_vehicle": null,
        "vertices_outside_source_query_bbox": 0,
        "tags_json": "{\"highway\": \"service\"}"
      }
    },
    {
      "type": "Feature",
      "id": "osm-way-1098539020",
      "geometry": {
        "type": "LineString",
        "coordinates": [
          [
            126.6499146,
            37.450217
          ],
          [
            126.6505024,
            37.4510052
          ]
        ]
      },
      "properties": {
        "osm_way_id": "1098539020",
        "review_status": "VEHICLE_ACCESS_REVIEW",
        "verification_status": "UNVERIFIED",
        "routable": false,
        "highway": "service",
        "oneway": null,
        "access": null,
        "vehicle": null,
        "motor_vehicle": null,
        "vertices_outside_source_query_bbox": 0,
        "tags_json": "{\"highway\": \"service\"}"
      }
    },
    {
      "type": "Feature",
      "id": "osm-way-1098539021",
      "geometry": {
        "type": "LineString",
        "coordinates": [
          [
            126.6500783,
            37.4501303
          ],
          [
            126.6506581,
            37.4509379
          ]
        ]
      },
      "properties": {
        "osm_way_id": "1098539021",
        "review_status": "VEHICLE_ACCESS_REVIEW",
        "verification_status": "UNVERIFIED",
        "routable": false,
        "highway": "service",
        "oneway": null,
        "access": null,
        "vehicle": null,
        "motor_vehicle": null,
        "vertices_outside_source_query_bbox": 0,
        "tags_json": "{\"highway\": \"service\"}"
      }
    },
    {
      "type": "Feature",
      "id": "osm-way-1098546960",
      "geometry": {
        "type": "LineString",
        "coordinates": [
          [
            126.6520961,
            37.4469814
          ],
          [
            126.6519965,
            37.4469717
          ]
        ]
      },
      "properties": {
        "osm_way_id": "1098546960",
        "review_status": "NON_VEHICLE_HIGHWAY",
        "verification_status": "UNVERIFIED",
        "routable": false,
        "highway": "pedestrian",
        "oneway": null,
        "access": null,
        "vehicle": null,
        "motor_vehicle": null,
        "vertices_outside_source_query_bbox": 0,
        "tags_json": "{\"highway\": \"pedestrian\"}"
      }
    },
    {
      "type": "Feature",
      "id": "osm-way-1098546961",
      "geometry": {
        "type": "LineString",
        "coordinates": [
          [
            126.6519965,
            37.4469717
          ],
          [
            126.6519826,
            37.4470169
          ],
          [
            126.6519333,
            37.4470683
          ],
          [
            126.6518671,
            37.447083
          ],
          [
            126.6517885,
            37.4470597
          ],
          [
            126.6516822,
            37.4470059
          ],
          [
            126.651616,
            37.4469374
          ],
          [
            126.6515405,
            37.4468298
          ],
          [
            126.6515066,
            37.4467466
          ],
          [
            126.6514897,
            37.4466268
          ],
          [
            126.6515081,
            37.4465742
          ],
          [
            126.6515544,
            37.4465363
          ],
          [
            126.6516437,
            37.4465265
          ],
          [
            126.6517223,
            37.4465656
          ],
          [
            126.6518209,
            37.4466305
          ],
          [
            126.6518779,
            37.4466977
          ],
          [
            126.6519272,
            37.4467858
          ],
          [
            126.6519734,
            37.4468848
          ],
          [
            126.6519965,
            37.4469717
          ]
        ]
      },
      "properties": {
        "osm_way_id": "1098546961",
        "review_status": "NON_VEHICLE_HIGHWAY",
        "verification_status": "UNVERIFIED",
        "routable": false,
        "highway": "pedestrian",
        "oneway": null,
        "access": null,
        "vehicle": null,
        "motor_vehicle": null,
        "vertices_outside_source_query_bbox": 0,
        "tags_json": "{\"highway\": \"pedestrian\"}"
      }
    },
    {
      "type": "Feature",
      "id": "osm-way-1098546962",
      "geometry": {
        "type": "LineString",
        "coordinates": [
          [
            126.6516437,
            37.4465265
          ],
          [
            126.6516853,
            37.4464886
          ],
          [
            126.6516967,
            37.446419
          ]
        ]
      },
      "properties": {
        "osm_way_id": "1098546962",
        "review_status": "NON_VEHICLE_HIGHWAY",
        "verification_status": "UNVERIFIED",
        "routable": false,
        "highway": "pedestrian",
        "oneway": null,
        "access": null,
        "vehicle": null,
        "motor_vehicle": null,
        "vertices_outside_source_query_bbox": 0,
        "tags_json": "{\"highway\": \"pedestrian\"}"
      }
    },
    {
      "type": "Feature",
      "id": "osm-way-1099883999",
      "geometry": {
        "type": "LineString",
        "coordinates": [
          [
            126.6537419,
            37.4524818
          ],
          [
            126.6538125,
            37.4523307
          ]
        ]
      },
      "properties": {
        "osm_way_id": "1099883999",
        "review_status": "NON_VEHICLE_HIGHWAY",
        "verification_status": "UNVERIFIED",
        "routable": false,
        "highway": "footway",
        "oneway": null,
        "access": null,
        "vehicle": null,
        "motor_vehicle": null,
        "vertices_outside_source_query_bbox": 0,
        "tags_json": "{\"highway\": \"footway\", \"surface\": \"concrete\"}"
      }
    },
    {
      "type": "Feature",
      "id": "osm-way-1099884000",
      "geometry": {
        "type": "LineString",
        "coordinates": [
          [
            126.6540629,
            37.4525606
          ],
          [
            126.654127,
            37.4524063
          ]
        ]
      },
      "properties": {
        "osm_way_id": "1099884000",
        "review_status": "NON_VEHICLE_HIGHWAY",
        "verification_status": "UNVERIFIED",
        "routable": false,
        "highway": "footway",
        "oneway": null,
        "access": null,
        "vehicle": null,
        "motor_vehicle": null,
        "vertices_outside_source_query_bbox": 0,
        "tags_json": "{\"highway\": \"footway\"}"
      }
    },
    {
      "type": "Feature",
      "id": "osm-way-1099884017",
      "geometry": {
        "type": "LineString",
        "coordinates": [
          [
            126.6544806,
            37.4526633
          ],
          [
            126.6545437,
            37.4524885
          ]
        ]
      },
      "properties": {
        "osm_way_id": "1099884017",
        "review_status": "NON_VEHICLE_HIGHWAY",
        "verification_status": "UNVERIFIED",
        "routable": false,
        "highway": "footway",
        "oneway": null,
        "access": null,
        "vehicle": null,
        "motor_vehicle": null,
        "vertices_outside_source_query_bbox": 0,
        "tags_json": "{\"highway\": \"footway\"}"
      }
    },
    {
      "type": "Feature",
      "id": "osm-way-1099884018",
      "geometry": {
        "type": "LineString",
        "coordinates": [
          [
            126.6544168,
            37.452172
          ],
          [
            126.6543535,
            37.4523108
          ]
        ]
      },
      "properties": {
        "osm_way_id": "1099884018",
        "review_status": "NON_VEHICLE_HIGHWAY",
        "verification_status": "UNVERIFIED",
        "routable": false,
        "highway": "footway",
        "oneway": null,
        "access": null,
        "vehicle": null,
        "motor_vehicle": null,
        "vertices_outside_source_query_bbox": 0,
        "tags_json": "{\"highway\": \"footway\"}"
      }
    },
    {
      "type": "Feature",
      "id": "osm-way-1099890762",
      "geometry": {
        "type": "LineString",
        "coordinates": [
          [
            126.6546599,
            37.4517272
          ],
          [
            126.6547552,
            37.451942
          ]
        ]
      },
      "properties": {
        "osm_way_id": "1099890762",
        "review_status": "NON_VEHICLE_HIGHWAY",
        "verification_status": "UNVERIFIED",
        "routable": false,
        "highway": "footway",
        "oneway": null,
        "access": null,
        "vehicle": null,
        "motor_vehicle": null,
        "vertices_outside_source_query_bbox": 0,
        "tags_json": "{\"highway\": \"footway\"}"
      }
    },
    {
      "type": "Feature",
      "id": "osm-way-1099890768",
      "geometry": {
        "type": "LineString",
        "coordinates": [
          [
            126.6551849,
            37.4522709
          ],
          [
            126.6551118,
            37.4521022
          ]
        ]
      },
      "properties": {
        "osm_way_id": "1099890768",
        "review_status": "NON_VEHICLE_HIGHWAY",
        "verification_status": "UNVERIFIED",
        "routable": false,
        "highway": "footway",
        "oneway": null,
        "access": null,
        "vehicle": null,
        "motor_vehicle": null,
        "vertices_outside_source_query_bbox": 0,
        "tags_json": "{\"highway\": \"footway\"}"
      }
    },
    {
      "type": "Feature",
      "id": "osm-way-1099890770",
      "geometry": {
        "type": "LineString",
        "coordinates": [
          [
            126.6554109,
            37.4522091
          ],
          [
            126.6553059,
            37.4519855
          ]
        ]
      },
      "properties": {
        "osm_way_id": "1099890770",
        "review_status": "VEHICLE_ACCESS_REVIEW",
        "verification_status": "UNVERIFIED",
        "routable": false,
        "highway": "service",
        "oneway": null,
        "access": null,
        "vehicle": null,
        "motor_vehicle": null,
        "vertices_outside_source_query_bbox": 0,
        "tags_json": "{\"highway\": \"service\", \"surface\": \"concrete\"}"
      }
    },
    {
      "type": "Feature",
      "id": "osm-way-1099890771",
      "geometry": {
        "type": "LineString",
        "coordinates": [
          [
            126.6553059,
            37.4519855
          ],
          [
            126.6552697,
            37.4519005
          ],
          [
            126.6553259,
            37.4518846
          ]
        ]
      },
      "properties": {
        "osm_way_id": "1099890771",
        "review_status": "NON_VEHICLE_HIGHWAY",
        "verification_status": "UNVERIFIED",
        "routable": false,
        "highway": "footway",
        "oneway": null,
        "access": null,
        "vehicle": null,
        "motor_vehicle": null,
        "vertices_outside_source_query_bbox": 0,
        "tags_json": "{\"highway\": \"footway\"}"
      }
    },
    {
      "type": "Feature",
      "id": "osm-way-1215102701",
      "geometry": {
        "type": "LineString",
        "coordinates": [
          [
            126.6503879,
            37.4447443
          ],
          [
            126.6506678,
            37.4449928
          ],
          [
            126.6508947,
            37.4451865
          ],
          [
            126.6510479,
            37.4452473
          ],
          [
            126.6512803,
            37.4452986
          ]
        ]
      },
      "properties": {
        "osm_way_id": "1215102701",
        "review_status": "VEHICLE_ACCESS_REVIEW",
        "verification_status": "UNVERIFIED",
        "routable": false,
        "highway": "secondary_link",
        "oneway": "yes",
        "access": null,
        "vehicle": null,
        "motor_vehicle": null,
        "vertices_outside_source_query_bbox": 2,
        "tags_json": "{\"highway\": \"secondary_link\", \"oneway\": \"yes\"}"
      }
    },
    {
      "type": "Feature",
      "id": "osm-way-1215102702",
      "geometry": {
        "type": "LineString",
        "coordinates": [
          [
            126.6511351,
            37.4453438
          ],
          [
            126.6507075,
            37.4456684
          ],
          [
            126.6504468,
            37.4458802
          ]
        ]
      },
      "properties": {
        "osm_way_id": "1215102702",
        "review_status": "VEHICLE_ACCESS_REVIEW",
        "verification_status": "UNVERIFIED",
        "routable": false,
        "highway": "secondary_link",
        "oneway": "yes",
        "access": null,
        "vehicle": null,
        "motor_vehicle": null,
        "vertices_outside_source_query_bbox": 0,
        "tags_json": "{\"highway\": \"secondary_link\", \"oneway\": \"yes\"}"
      }
    },
    {
      "type": "Feature",
      "id": "osm-way-1215102703",
      "geometry": {
        "type": "LineString",
        "coordinates": [
          [
            126.6504468,
            37.4458802
          ],
          [
            126.6503018,
            37.4456144
          ],
          [
            126.6501146,
            37.4454725
          ],
          [
            126.6498151,
            37.4452981
          ]
        ]
      },
      "properties": {
        "osm_way_id": "1215102703",
        "review_status": "VEHICLE_ACCESS_REVIEW",
        "verification_status": "UNVERIFIED",
        "routable": false,
        "highway": "secondary_link",
        "oneway": "yes",
        "access": null,
        "vehicle": null,
        "motor_vehicle": null,
        "vertices_outside_source_query_bbox": 0,
        "tags_json": "{\"highway\": \"secondary_link\", \"oneway\": \"yes\"}"
      }
    },
    {
      "type": "Feature",
      "id": "osm-way-1215102704",
      "geometry": {
        "type": "LineString",
        "coordinates": [
          [
            126.6500185,
            37.4480135
          ],
          [
            126.6501488,
            37.4482741
          ],
          [
            126.6501945,
            37.4483325
          ],
          [
            126.650244,
            37.4483567
          ],
          [
            126.6503505,
            37.4483778
          ],
          [
            126.6505577,
            37.4483995
          ]
        ]
      },
      "properties": {
        "osm_way_id": "1215102704",
        "review_status": "VEHICLE_ACCESS_REVIEW",
        "verification_status": "UNVERIFIED",
        "routable": false,
        "highway": "secondary_link",
        "oneway": "yes",
        "access": null,
        "vehicle": null,
        "motor_vehicle": null,
        "vertices_outside_source_query_bbox": 0,
        "tags_json": "{\"highway\": \"secondary_link\", \"oneway\": \"yes\"}"
      }
    },
    {
      "type": "Feature",
      "id": "osm-way-1215102705",
      "geometry": {
        "type": "LineString",
        "coordinates": [
          [
            126.6505577,
            37.4483995
          ],
          [
            126.6501818,
            37.4486558
          ],
          [
            126.6501298,
            37.4486991
          ],
          [
            126.6497772,
            37.449048
          ]
        ]
      },
      "properties": {
        "osm_way_id": "1215102705",
        "review_status": "VEHICLE_ACCESS_REVIEW",
        "verification_status": "UNVERIFIED",
        "routable": false,
        "highway": "secondary_link",
        "oneway": "yes",
        "access": null,
        "vehicle": null,
        "motor_vehicle": null,
        "vertices_outside_source_query_bbox": 0,
        "tags_json": "{\"highway\": \"secondary_link\", \"oneway\": \"yes\"}"
      }
    },
    {
      "type": "Feature",
      "id": "osm-way-1215102706",
      "geometry": {
        "type": "LineString",
        "coordinates": [
          [
            126.6497117,
            37.44922
          ],
          [
            126.6496591,
            37.4488462
          ],
          [
            126.6496299,
            37.4487273
          ],
          [
            126.6495792,
            37.4486508
          ],
          [
            126.6494694,
            37.4485379
          ]
        ]
      },
      "properties": {
        "osm_way_id": "1215102706",
        "review_status": "VEHICLE_ACCESS_REVIEW",
        "verification_status": "UNVERIFIED",
        "routable": false,
        "highway": "secondary_link",
        "oneway": "yes",
        "access": null,
        "vehicle": null,
        "motor_vehicle": null,
        "vertices_outside_source_query_bbox": 0,
        "tags_json": "{\"highway\": \"secondary_link\", \"oneway\": \"yes\"}"
      }
    },
    {
      "type": "Feature",
      "id": "osm-way-1215102707",
      "geometry": {
        "type": "LineString",
        "coordinates": [
          [
            126.6487251,
            37.4484716
          ],
          [
            126.6493908,
            37.4486165
          ],
          [
            126.6494938,
            37.4486711
          ],
          [
            126.6495341,
            37.4487463
          ],
          [
            126.6494386,
            37.4491519
          ],
          [
            126.6492713,
            37.4494933
          ],
          [
            126.6487972,
            37.4503279
          ],
          [
            126.6486966,
            37.4504752
          ],
          [
            126.6481338,
            37.4514936
          ],
          [
            126.6479537,
            37.4518131
          ],
          [
            126.6478292,
            37.4518127
          ]
        ]
      },
      "properties": {
        "osm_way_id": "1215102707",
        "review_status": "NON_VEHICLE_HIGHWAY",
        "verification_status": "UNVERIFIED",
        "routable": false,
        "highway": "footway",
        "oneway": null,
        "access": null,
        "vehicle": null,
        "motor_vehicle": null,
        "vertices_outside_source_query_bbox": 2,
        "tags_json": "{\"footway\": \"sidewalk\", \"highway\": \"footway\"}"
      }
    },
    {
      "type": "Feature",
      "id": "osm-way-1215102708",
      "geometry": {
        "type": "LineString",
        "coordinates": [
          [
            126.6495341,
            37.4487463
          ],
          [
            126.6496299,
            37.4487273
          ],
          [
            126.6498514,
            37.4487234
          ],
          [
            126.6500215,
            37.4487178
          ]
        ]
      },
      "properties": {
        "osm_way_id": "1215102708",
        "review_status": "NON_VEHICLE_HIGHWAY",
        "verification_status": "UNVERIFIED",
        "routable": false,
        "highway": "footway",
        "oneway": null,
        "access": null,
        "vehicle": null,
        "motor_vehicle": null,
        "vertices_outside_source_query_bbox": 0,
        "tags_json": "{\"crossing\": \"traffic_signals\", \"crossing:markings\": \"yes\", \"footway\": \"crossing\", \"highway\": \"footway\"}"
      }
    },
    {
      "type": "Feature",
      "id": "osm-way-1215102709",
      "geometry": {
        "type": "LineString",
        "coordinates": [
          [
            126.6500215,
            37.4487178
          ],
          [
            126.6500406,
            37.4487172
          ],
          [
            126.6500918,
            37.4486804
          ],
          [
            126.6501027,
            37.4486858
          ]
        ]
      },
      "properties": {
        "osm_way_id": "1215102709",
        "review_status": "NON_VEHICLE_HIGHWAY",
        "verification_status": "UNVERIFIED",
        "routable": false,
        "highway": "footway",
        "oneway": null,
        "access": null,
        "vehicle": null,
        "motor_vehicle": null,
        "vertices_outside_source_query_bbox": 0,
        "tags_json": "{\"crossing:markings\": \"yes\", \"highway\": \"footway\"}"
      }
    },
    {
      "type": "Feature",
      "id": "osm-way-1215102710",
      "geometry": {
        "type": "LineString",
        "coordinates": [
          [
            126.6501027,
            37.4486858
          ],
          [
            126.6501298,
            37.4486991
          ],
          [
            126.6501493,
            37.4487235
          ]
        ]
      },
      "properties": {
        "osm_way_id": "1215102710",
        "review_status": "NON_VEHICLE_HIGHWAY",
        "verification_status": "UNVERIFIED",
        "routable": false,
        "highway": "footway",
        "oneway": null,
        "access": null,
        "vehicle": null,
        "motor_vehicle": null,
        "vertices_outside_source_query_bbox": 0,
        "tags_json": "{\"crossing\": \"traffic_signals\", \"crossing:markings\": \"yes\", \"footway\": \"crossing\", \"highway\": \"footway\"}"
      }
    },
    {
      "type": "Feature",
      "id": "osm-way-1215117217",
      "geometry": {
        "type": "LineString",
        "coordinates": [
          [
            126.6482129,
            37.4518976
          ],
          [
            126.6479481,
            37.4524035
          ],
          [
            126.6479363,
            37.4524308
          ],
          [
            126.6478956,
            37.4525531
          ],
          [
            126.647884,
            37.4527423
          ],
          [
            126.6479423,
            37.452929
          ]
        ]
      },
      "properties": {
        "osm_way_id": "1215117217",
        "review_status": "VEHICLE_ACCESS_REVIEW",
        "verification_status": "UNVERIFIED",
        "routable": false,
        "highway": "secondary",
        "oneway": null,
        "access": null,
        "vehicle": null,
        "motor_vehicle": null,
        "vertices_outside_source_query_bbox": 5,
        "tags_json": "{\"highway\": \"secondary\", \"name\": \"독배로\", \"name:en\": \"Dokbae-ro\", \"name:ko\": \"독배로\", \"ref\": \"17\", \"surface\": \"asphalt\"}"
      }
    },
    {
      "type": "Feature",
      "id": "osm-way-1215117218",
      "geometry": {
        "type": "LineString",
        "coordinates": [
          [
            126.6495475,
            37.4496517
          ],
          [
            126.649355,
            37.4500629
          ],
          [
            126.6488337,
            37.4508644
          ],
          [
            126.6486557,
            37.4510138
          ],
          [
            126.6486797,
            37.4508134
          ],
          [
            126.6492063,
            37.4499801
          ],
          [
            126.6495475,
            37.4496517
          ]
        ]
      },
      "properties": {
        "osm_way_id": "1215117218",
        "review_status": "VEHICLE_ACCESS_REVIEW",
        "verification_status": "UNVERIFIED",
        "routable": false,
        "highway": "secondary",
        "oneway": "yes",
        "access": null,
        "vehicle": null,
        "motor_vehicle": null,
        "vertices_outside_source_query_bbox": 0,
        "tags_json": "{\"highway\": \"secondary\", \"name\": \"독배로\", \"name:en\": \"Dokbae-ro\", \"name:ko\": \"독배로\", \"oneway\": \"yes\", \"ref\": \"16;17\", \"surface\": \"asphalt\"}"
      }
    },
    {
      "type": "Feature",
      "id": "osm-way-1215393150",
      "geometry": {
        "type": "LineString",
        "coordinates": [
          [
            126.6498752,
            37.4485853
          ],
          [
            126.6498514,
            37.4487234
          ],
          [
            126.6498105,
            37.4489603
          ],
          [
            126.6497772,
            37.449048
          ],
          [
            126.6497117,
            37.44922
          ],
          [
            126.6495475,
            37.4496517
          ]
        ]
      },
      "properties": {
        "osm_way_id": "1215393150",
        "review_status": "VEHICLE_ACCESS_REVIEW",
        "verification_status": "UNVERIFIED",
        "routable": false,
        "highway": "secondary",
        "oneway": null,
        "access": null,
        "vehicle": null,
        "motor_vehicle": null,
        "vertices_outside_source_query_bbox": 0,
        "tags_json": "{\"highway\": \"secondary\", \"name\": \"독배로\", \"name:en\": \"Dokbae-ro\", \"name:ko\": \"독배로\", \"ref\": \"16;17\", \"surface\": \"asphalt\"}"
      }
    },
    {
      "type": "Feature",
      "id": "osm-way-1215393151",
      "geometry": {
        "type": "LineString",
        "coordinates": [
          [
            126.6486557,
            37.4510138
          ],
          [
            126.6482129,
            37.4518976
          ]
        ]
      },
      "properties": {
        "osm_way_id": "1215393151",
        "review_status": "VEHICLE_ACCESS_REVIEW",
        "verification_status": "UNVERIFIED",
        "routable": false,
        "highway": "secondary",
        "oneway": null,
        "access": null,
        "vehicle": null,
        "motor_vehicle": null,
        "vertices_outside_source_query_bbox": 0,
        "tags_json": "{\"highway\": \"secondary\", \"name\": \"독배로\", \"name:en\": \"Dokbae-ro\", \"name:ko\": \"독배로\", \"ref\": \"16;17\", \"surface\": \"asphalt\"}"
      }
    },
    {
      "type": "Feature",
      "id": "osm-way-1223158572",
      "geometry": {
        "type": "LineString",
        "coordinates": [
          [
            126.6479423,
            37.452929
          ],
          [
            126.6482567,
            37.4533899
          ],
          [
            126.6486432,
            37.4540095
          ],
          [
            126.6489469,
            37.4544964
          ],
          [
            126.6495209,
            37.4554072
          ],
          [
            126.6496634,
            37.4556453
          ],
          [
            126.6496899,
            37.4556878
          ],
          [
            126.6497874,
            37.4558441
          ],
          [
            126.6499244,
            37.4561015
          ],
          [
            126.6499796,
            37.4563619
          ]
        ]
      },
      "properties": {
        "osm_way_id": "1223158572",
        "review_status": "VEHICLE_ACCESS_REVIEW",
        "verification_status": "UNVERIFIED",
        "routable": false,
        "highway": "secondary",
        "oneway": null,
        "access": null,
        "vehicle": null,
        "motor_vehicle": null,
        "vertices_outside_source_query_bbox": 9,
        "tags_json": "{\"highway\": \"secondary\", \"name\": \"독배로\", \"name:en\": \"Dokbae-ro\", \"name:ko\": \"독배로\", \"name:ko-Latn\": \"Dokbae-ro\", \"ref\": \"17\"}"
      }
    },
    {
      "type": "Feature",
      "id": "osm-way-1223158575",
      "geometry": {
        "type": "LineString",
        "coordinates": [
          [
            126.6482129,
            37.4518976
          ],
          [
            126.6486647,
            37.4518723
          ],
          [
            126.6492031,
            37.4518886
          ],
          [
            126.6500416,
            37.4519081
          ],
          [
            126.6503815,
            37.4519338
          ],
          [
            126.6510362,
            37.4519832
          ],
          [
            126.6526557,
            37.4522214
          ],
          [
            126.6528817,
            37.4522344
          ],
          [
            126.65307,
            37.45222
          ],
          [
            126.6533313,
            37.4521584
          ],
          [
            126.6537646,
            37.4520049
          ],
          [
            126.6546599,
            37.4517272
          ],
          [
            126.6546715,
            37.4517233
          ],
          [
            126.6558634,
            37.4514268
          ],
          [
            126.6560988,
            37.451364
          ],
          [
            126.6564433,
            37.4512721
          ],
          [
            126.6564766,
            37.4512632
          ],
          [
            126.6569674,
            37.4511411
          ],
          [
            126.657759,
            37.450929
          ],
          [
            126.6579184,
            37.4508863
          ],
          [
            126.6583478,
            37.4507712
          ],
          [
            126.659551,
            37.4504488
          ],
          [
            126.6598938,
            37.4503569
          ],
          [
            126.6613536,
            37.4499657
          ],
          [
            126.6614048,
            37.449952
          ],
          [
            126.6628126,
            37.4495747
          ],
          [
            126.6631692,
            37.4494719
          ],
          [
            126.6642888,
            37.4491493
          ],
          [
            126.6643918,
            37.4491592
          ],
          [
            126.6658101,
            37.4490524
          ],
          [
            126.6660991,
            37.4490306
          ],
          [
            126.667571,
            37.4488826
          ]
        ]
      },
      "properties": {
        "osm_way_id": "1223158575",
        "review_status": "VEHICLE_ACCESS_REVIEW",
        "verification_status": "UNVERIFIED",
        "routable": false,
        "highway": "secondary",
        "oneway": null,
        "access": null,
        "vehicle": null,
        "motor_vehicle": null,
        "vertices_outside_source_query_bbox": 11,
        "tags_json": "{\"highway\": \"secondary\", \"name\": \"인하로\", \"name:en\": \"Inha-ro\", \"name:ko\": \"인하로\", \"ref\": \"16\"}"
      }
    },
    {
      "type": "Feature",
      "id": "osm-way-1390060991",
      "geometry": {
        "type": "LineString",
        "coordinates": [
          [
            126.6532052,
            37.4445424
          ],
          [
            126.6536338,
            37.4452677
          ],
          [
            126.65378,
            37.445485
          ],
          [
            126.6539782,
            37.445826
          ],
          [
            126.6546057,
            37.4467792
          ]
        ]
      },
      "properties": {
        "osm_way_id": "1390060991",
        "review_status": "VEHICLE_ACCESS_REVIEW",
        "verification_status": "UNVERIFIED",
        "routable": false,
        "highway": "residential",
        "oneway": null,
        "access": null,
        "vehicle": null,
        "motor_vehicle": null,
        "vertices_outside_source_query_bbox": 1,
        "tags_json": "{\"highway\": \"residential\"}"
      }
    },
    {
      "type": "Feature",
      "id": "osm-way-1416977807",
      "geometry": {
        "type": "LineString",
        "coordinates": [
          [
            126.6498151,
            37.4452981
          ],
          [
            126.6501373,
            37.4452022
          ],
          [
            126.6502451,
            37.4451009
          ],
          [
            126.6503132,
            37.4449882
          ],
          [
            126.6503879,
            37.4447443
          ]
        ]
      },
      "properties": {
        "osm_way_id": "1416977807",
        "review_status": "VEHICLE_ACCESS_REVIEW",
        "verification_status": "UNVERIFIED",
        "routable": false,
        "highway": "secondary_link",
        "oneway": "yes",
        "access": null,
        "vehicle": null,
        "motor_vehicle": null,
        "vertices_outside_source_query_bbox": 2,
        "tags_json": "{\"highway\": \"secondary_link\", \"oneway\": \"yes\"}"
      }
    },
    {
      "type": "Feature",
      "id": "osm-way-1546646094",
      "geometry": {
        "type": "LineString",
        "coordinates": [
          [
            126.6481582,
            37.4469254
          ],
          [
            126.6488257,
            37.4450627
          ]
        ]
      },
      "properties": {
        "osm_way_id": "1546646094",
        "review_status": "VEHICLE_ACCESS_REVIEW",
        "verification_status": "UNVERIFIED",
        "routable": false,
        "highway": "service",
        "oneway": null,
        "access": null,
        "vehicle": null,
        "motor_vehicle": null,
        "vertices_outside_source_query_bbox": 0,
        "tags_json": "{\"highway\": \"service\", \"surface\": \"paved\"}"
      }
    },
    {
      "type": "Feature",
      "id": "osm-way-1556825513",
      "geometry": {
        "type": "LineString",
        "coordinates": [
          [
            126.648292,
            37.4469539
          ],
          [
            126.6478585,
            37.4481892
          ]
        ]
      },
      "properties": {
        "osm_way_id": "1556825513",
        "review_status": "NON_VEHICLE_HIGHWAY",
        "verification_status": "UNVERIFIED",
        "routable": false,
        "highway": "footway",
        "oneway": null,
        "access": null,
        "vehicle": null,
        "motor_vehicle": null,
        "vertices_outside_source_query_bbox": 1,
        "tags_json": "{\"highway\": \"footway\"}"
      }
    }
  ],
  "source_query_bbox_wgs84": {
    "west_lon": 126.648,
    "south_lat": 37.445,
    "east_lon": 126.659,
    "north_lat": 37.454
  }
}
