x,z,area,grade
-89.74467,-246.4412,49.09149,0.0006852806
-112.5224,-271.8438,65.24718,0
-102.1219,-256.1978,32.62346,3.32523E-05
-107.6632,-267.3221,32.62357,0
-174.9256,-196.3709,62.01626,0.0008375962
-190.255,-188.6459,31.00783,5.52384E-05
-179.9225,-192.0548,31.00786,0.0003711533
-188.3865,-184.3288,27.89688,8.949939E-05
-179.2432,-189.7452,27.89675,0.0003678107
-194.1474,-183.6281,55.79309,0.000107083
-80.71278,-224.175,35.65588,0.00237766
-43.98471,-291.9732,22.09745,0.0005579762
-40.27378,-303.7693,11.04901,0.0004938192
-43.49773,-296.1678,11.04904,0.0005582455
-49.94563,-280.9646,11.04863,0.0009749276
-53.16959,-273.363,11.04863,0.001074731
-47.20868,-284.3716,22.09741,0.0007289704
-38.5863,-303.1787,22.09769,0.0004938187
-40.68527,-295.1833,22.09763,0.0004938971
-35.28685,-306.3888,44.19539,0.0005432356
80.6537,-314.5811,75.81805,0.01164604
59.40848,-316.7343,37.90928,0.01202167
73.04694,-313.766,37.90917,0.01236453
37.76948,-317.7379,37.90915,0.011464
16.32738,-319.3162,18.95446,0.01149025
30.35961,-317.4975,18.95437,0.01137015
51.60483,-315.3444,37.90925,0.01209282
72.45631,-312.0415,18.9541,0.01236471
58.81784,-315.0099,18.95415,0.01202186
-8.148355,-297.5665,17.39129,0.008414932
-16.45895,-292.9938,12.48174,0.02027834
-15.40143,-296.2697,12.48198,0.0104786
-20.07131,-292.295,24.96325,0.01145783
-30.81364,-207.9236,32.1883,0.02119946
-46.24893,-197.8691,16.0941,0.02142679
-35.57103,-203.8978,16.09412,0.02122347
-14.21524,-215.9551,16.09399,0.02150015
-3.537357,-221.9838,16.09399,0.02247811
-20.13576,-213.9522,32.18824,0.02136703
-47.12127,-199.3863,32.18821,0.02141378
-37.02494,-206.4263,32.18817,0.0211705
-55.56586,-195.6233,32.1884,0.02137718
-48.2844,-201.4091,16.09417,0.0209744
-53.91412,-198.9005,16.09421,0.01524328
42.60862,-174.0555,3.943877,0.02455859
44.16636,-172.3488,1.971929,0.01880597
43.80397,-173.8711,1.971979,0.04053124
46.05909,-171.0486,0.2464897,0.02360666
46.30807,-171.5143,0.06162583,0.02897573
46.38955,-171.7767,0.06162611,0.1594046
46.09527,-171.5013,0.1232462,0.03493533
45.6335,-171.0227,0.4929967,0.04764373
46.66589,-170.3135,0.4929963,0.02026951
46.61147,-171.1467,0.1232466,0.04965268
46.56161,-171.6585,0.06162443,0.1654602
46.48014,-171.3961,0.06162415,0.03403359
46.40323,-170.8122,0.2464932,0.02634065
48.04244,-169.3679,0.9859715,0.002993651
47.08238,-170.9824,0.4929934,0.09248427
47.26357,-170.2213,0.4929986,0.02070767
45.43405,-173.0697,0.9859557,0.06129515
44.56459,-174.3036,0.9859913,0.03794407
45.36171,-172.1644,1.971911,0.0728123
41.70267,-177.8613,3.943815,0.02541189
39.96376,-180.3291,3.943833,0.01518802
41.55798,-176.0506,7.887737,0.01707602
45.76059,-168.0703,15.77535,0.003887333
43.00751,-169.9614,15.77546,0.02192236
34.23991,-187.4443,31.5508,0.01473324
39.89205,-173.3749,15.77524,0.009882375
38.44252,-179.464,15.77544,0.01641477
23.80638,-202.2515,31.55083,0.02509699
13.87993,-217.347,15.77558,0.03244246
19.82146,-206.8988,15.7756,0.02392136
33.44345,-183.5347,7.887786,0.008091693
28.48022,-191.0824,3.943813,0.01078422
31.45099,-185.8583,3.943823,0.005376936
37.64606,-175.5544,15.77557,0.01013573
29.74791,-191.8033,31.55082,0.01170157
54.69659,-206.3709,15.3492,0.007459579
59.15047,-198.8093,7.674639,0.002050775
56.86413,-204.2226,7.674632,0.005767323
65.77187,-189.0993,15.34915,0.008278123
60.43093,-199.5072,3.837298,0.003314962
57.63241,-204.6414,3.837295,0.006178937
61.318,-196.6609,7.674582,0.004512621
48.98076,-219.9043,15.34941,0.01468026
43.38373,-230.1727,15.34941,0.02717504
50.75491,-214.2117,30.69841,0.01458452
62.06778,-190.41,15.34936,0.01630429
66.40285,-186.1134,15.34917,0.02138304
57.6139,-197.9717,30.69868,0.01094066
67.66481,-180.1417,30.69855,0.003793905
63.24064,-186.8871,3.83734,0.0187238
63.30004,-185.2546,3.837382,0.04152222
60.53122,-189.5725,3.837277,0.01596508
61.41829,-186.7262,0.9593326,0.0237988
61.98987,-185.3729,0.9593326,0.05026298
61.64468,-187.6821,1.918653,0.02386954
64.50259,-180.9154,1.91867,0.001391122
63.13303,-182.6662,0.9593269,0.1054628
63.70461,-181.3129,0.9593443,0.117996
65.10387,-178.7458,3.837343,0.001459659
64.41351,-183.3642,7.674691,0.0244488
19.81287,-131.1803,40.09604,0.01174643
3.562386,-121.0793,10.02397,0.01083615
-6.1606,-114.9672,5.012045,0.006565993
0.5034345,-118.6982,5.012041,0.01099573
13.69497,-126.418,20.04791,0.01165302
40.3511,-141.3419,20.04819,0.01198962
53.67917,-148.8039,20.04818,0.01245252
33.14093,-138.6423,40.09606,0.01196528
-6.843264,-116.2563,20.04817,0.006623041
-0.4522934,-120.503,20.04819,0.01139804
-11.13101,-116.1956,40.09625,0.01899347
12.32964,-128.9962,40.09653,0.01177013
-1.544559,-122.5656,40.09653,0.01309451
80.3353,-163.7279,20.04801,0.0135836
93.66337,-171.1899,20.04797,0.01491165
73.12514,-161.0282,40.09602,0.01361983
113.6555,-182.3829,20.0482,0.01517794
130.4521,-191.4525,5.012079,0.01662106
140.5164,-196.9201,2.506307,0.02343657
133.7158,-193.4469,2.506311,0.01673708
120.183,-186.3717,10.02414,0.0151779
92.98069,-172.479,10.02414,0.01491161
79.37957,-165.5327,10.02413,0.01364429
100.0543,-175.4365,20.04816,0.01491161
32.04867,-140.7049,20.04817,0.01190323
52.17731,-151.64,10.02392,0.01239551
38.57618,-144.6937,10.02392,0.01186246
11.37391,-130.801,10.02388,0.01177007
-2.227226,-123.8547,10.02388,0.01309442
18.44754,-133.7585,20.04816,0.01177007
52.58691,-150.8665,20.04818,0.01237974
39.25884,-143.4046,20.0482,0.01190323
59.79707,-153.5662,40.09597,0.01242126
127.1486,-115.2781,6.793424,0.0300957
117.9023,-110.6211,1.698343,0.03024104
113.3128,-108.2279,1.698343,0.02349373
120.3319,-111.559,3.396716,0.02940772
132.0078,-117.154,13.58687,0.03005635
146.3155,-123.2991,6.793426,0.03094697
155.7641,-127.5682,6.793439,0.03192047
141.3215,-121.6818,13.58686,0.03087809
119.725,-112.7228,6.793403,0.03025461
113.1106,-108.6158,3.396688,0.023646
117.7,-111.009,3.396688,0.03035943
126.744,-116.0539,13.5868,0.03011066
110.2764,-108.4537,13.58683,0.02870249
114.5962,-111.3641,13.58686,0.02989777
105.7485,-107.0115,10.63875,0.01673274
-60.38767,-193.2252,24.25575,0.01169053
-76.11817,-217.1582,51.92865,0.002675936
-66.3073,-205.4002,25.96416,0.002116985
-71.41303,-213.8717,25.96413,0.002706242
-79.45236,-228.1311,32.93261,0.002526633
0.941344,-81.7486,24.11708,0.01586635
8.448562,-70.17063,12.05867,0.02075903
4.119817,-78.27441,12.05867,0.01612991
-4.537666,-94.48196,12.0584,0.01545629
-8.866409,-102.5857,12.05841,0.01443054
-3.387394,-89.85239,24.11707,0.01547121
6.92741,-69.30411,24.11687,0.02073919
1.584566,-76.83019,24.11692,0.01576346
9.4134,-62.79301,24.117,0.02964511
4.899214,-68.14874,12.05854,0.01761096
6.556539,-63.808,12.05852,0.01249001
-59.13183,-24.03671,26.89171,0.02316946
-89.91781,-65.16084,69.74023,0.003794048
-98.54407,-82.49664,34.87005,0.004106505
-94.53883,-70.85431,34.86999,0.004059475
-108.4795,-99.76859,34.86984,0.003577257
-117.7604,-117.0724,17.43473,0.003412188
-112.4459,-105.494,17.4347,0.003570298
-103.8197,-88.1582,34.86984,0.003904295
-96.50262,-70.75854,17.43493,0.004126955
-100.5079,-82.40087,17.43496,0.004172343
-128.3504,-134.3125,34.86981,0.002955385
-137.6313,-151.6163,17.43535,0.002822171
-132.3168,-140.0379,17.43537,0.002971858
-147.5667,-168.8882,17.43522,0.002579551
-157.1749,-186.1761,8.717415,0.00218423
-151.2058,-174.6296,8.717422,0.002595514
-141.925,-157.3257,17.43525,0.002767482
-133.2987,-139.99,8.717277,0.00297195
-138.6132,-151.5684,8.717267,0.002822282
-123.3633,-122.718,34.86978,0.003255425
-115.0643,-105.3663,17.43478,0.003828865
-119.7241,-116.9767,17.43479,0.003597444
-106.1108,-88.04647,17.43511,0.00389019
-97.48452,-70.71068,8.717438,0.004038056
-102.799,-82.28916,8.717437,0.00391075
-111.0979,-99.64089,17.43511,0.003570304
-118.7422,-117.0246,8.717526,0.003668307
-114.0824,-105.4142,8.717522,0.003890981
-135.1345,-139.0868,17.03559,0.002940458
-142.1092,-150.0419,17.03554,0.002839474
-132.6528,-133.0178,34.07097,0.002945298
-152.5713,-166.4744,17.0353,0.002594872
-162.7819,-183.0549,8.517657,0.002033104
-156.3101,-171.8041,8.517651,0.002506238
-143.3663,-149.3025,8.517689,0.002923421
-136.8945,-138.0517,8.517665,0.003027278
-146.0994,-155.2236,17.03527,0.002923396
-113.7401,-98.9696,17.03558,0.003725012
-123.9507,-115.5501,8.517429,0.003255729
-117.4788,-104.2993,8.517437,0.003725005
-104.5351,-81.79766,8.517597,0.003881515
-98.06323,-70.54685,8.517608,0.004038045
-107.2682,-87.7188,17.03558,0.003881525
-123.1964,-115.9937,17.03587,0.003255827
-116.2217,-105.0386,17.03583,0.003725009
-125.6781,-122.0627,34.07093,0.003255782
-150.56,-167.6574,34.07106,0.002534981
-162.0277,-183.4985,17.03561,0.002023665
-155.053,-172.5435,17.03563,0.002564052
-141.1036,-150.6333,17.03522,0.002876416
-134.1289,-139.6783,17.03527,0.002976442
-143.5853,-156.7023,34.07109,0.002775302
-163.5037,-190.159,68.14204,0.002143911
-152.5388,-174.0222,34.07082,0.002592067
-158.5078,-185.5687,34.0708,0.002155026
-111.7328,-34.35,28.15123,0
-69.48994,-29.63793,76.63187,0.01709114
-214.0116,32.21303,30.98424,0.001247593
-224.8784,28.92809,26.84776,0.001327291
-270.4265,-32.92343,22.52966,0.00017286
-279.8284,-44.44706,22.5295,8.967172E-05
-266.1114,-25.5044,45.0601,0.0006312194
-252.7802,-4.904546,22.52972,0.0003457668
-241.6065,11.98581,11.26454,0.001328092
-245.9217,4.566788,11.26485,0.000345713
-254.7448,-9.442653,22.53002,0.0006775611
-259.06,-16.86168,22.53005,0.0006125456
-279.2497,-46.93288,45.05985,8.967001E-05
-267.6903,-31.69973,22.5295,0.0008719338
-272.0054,-39.11876,22.52993,0.0003457156
-281.0215,-52.2996,45.05965,0.0002261544
-285.3366,-59.71863,45.05946,0.0002407123
-320.4341,-38.73125,4.237969,0
-327.1637,-31.63524,57.45396,0
-342.9766,5.83431,45.01617,0
-358.3423,7.666875,25.21166,0.0002118312
-365.9854,7.635376,10.93206,0
-375.6505,24.50287,28.79052,0.0003614504
-371.7491,18.45284,33.92834,3.310592E-05
-346.4394,11.13916,21.58381,0
-322.7766,-34.81862,44.09589,0
-311.5054,-44.66378,36.06377,0
-277.2278,-11.63839,21.11863,0
-284.1909,-21.46746,10.55941,0
-280.198,-14.48314,10.55945,0
-291.641,-30.97279,10.55937,0.0002534622
-298.8476,-40.64,5.279533,0
-294.3678,-33.9794,5.279539,0.000253462
-285.4081,-20.65819,5.279706,0
-280.9283,-13.99757,5.279704,0
-287.1612,-24.31219,10.55939,0
-264.7621,8.990829,10.55946,0
-271.9687,-0.676356,5.279535,0.0002534622
-267.4889,5.984243,5.279548,0
-258.5292,19.30544,5.279881,0.0004258963
-254.0494,25.96604,5.279906,0.000610953
-260.2822,15.65143,10.55942,0.0002784918
-273.2348,-4.654068,21.11852,0.0002534626
-266.2716,5.174973,10.55958,0
-270.2646,-1.809326,10.55964,0.0002534607
-297.6304,-41.44926,21.11873,0.0003493112
-292.6637,-35.11235,21.11871,0.0004152861
-298.1663,-45.91254,42.23706,0.0001014641
-285.2137,-25.60702,21.1185,0
-278.2505,-15.77795,10.55893,0
-282.2434,-22.76227,10.55897,0
-290.2293,-36.73091,10.55957,0.001045742
-294.2223,-43.71522,10.55955,0.001092481
-289.2066,-32.59132,21.11864,0.0001519974
-293.8759,-6.090042,41.58083,0.0001286018
-308.4407,-24.90374,20.79098,0
-299.3795,-11.93034,20.79099,0.0001286017
-281.257,14.01648,20.78986,0.0001286012
-272.1958,26.98988,20.78978,0.0001286017
-284.8147,6.883367,41.58097,0.0001286014
-309.4898,-28.9551,41.58093,0
-312.5609,-36.41144,41.58125,0
-296.947,-13.54637,41.58049,0.0004428418
-306.5708,-30.89436,20.79047,0.0004427762
-303.4997,-23.43802,20.79024,0.000442779
-310.4424,1.39978,19.18689,0.0001564182
-319.8115,-8.489924,19.18679,0
-306.3986,7.488698,38.37512,0.0001564173
-293.6263,24.6114,19.18768,0
-284.8979,35.64516,19.18772,0.000156416
-297.3498,17.95045,38.37524,0
-318.8505,-10.20601,38.37447,0
-309.4814,-0.3163096,38.37467,0.0001564174
-322.2536,-17.439,76.74872,0
-320.8495,15.43068,16.9688,0
-329.4869,7.473643,16.96891,0.0001842322
-317.06,20.66791,33.93824,0
-305.1623,35.1209,16.9689,0.0001841776
-297.0541,44.33664,16.96885,0
-308.6872,29.2543,33.93827,0.0001841768
-328.693,5.585571,33.93854,0.0001842341
-320.0555,13.54261,33.93832,0
-331.9532,-0.9104004,67.87617,0.0004361037
-343.1175,16.68552,46.39164,0.0001498767
-334.5453,26.86542,23.19592,0.0003058476
-338.961,19.21621,23.19578,0.0003945655
-324.9986,36.39837,23.19624,0
-315.9392,46.25476,11.59805,0.0002308013
-321.3293,39.25252,11.59804,0
-329.9016,29.07266,23.19633,0
-337.4996,18.2458,11.59841,0.0002308728
-333.0838,25.895,11.59848,0
-305.0953,60.14557,51.7228,0
-291.2306,57.61485,26.41833,0
-256.2301,41.5845,54.80719,0.0004561378
-373.4242,22.38974,12.75508,0.0008900029
-346.2546,60.71978,22.19488,0
-339.3828,65.64617,22.19484,0
-348.091,56.5323,44.39044,0
-288.7439,90.07,9.654533,9.542105E-05
-225.7436,57.85229,23.12809,0.001067037
-209.0621,46.64183,11.56397,0.0008701113
-216.2767,50.87405,11.56408,0.001110865
-230.0284,59.65345,23.12775,0.0007737858
-237.243,63.88567,23.12802,0.0007737859
-252.3497,72.03513,11.56447,0.001058951
-259.5643,76.26734,11.56427,0.0007768088
-270.7249,82.45816,5.782038,0.0005914975
-277.9395,86.69037,5.782053,0.000295748
-266.4402,80.65702,11.56428,0.0005915015
-251.3334,72.50756,23.12765,0.0008788622
-243.4413,68.5903,23.128,0.0008348289
-210.6369,49.70283,46.25692,0.0009159684
-227.6572,60.75581,23.12866,0.000869088
-219.7651,56.83856,23.12842,0.0007637709
-205.3359,48.37411,46.25638,0.0009268127
-197.4438,44.45686,46.25665,0.0007585578
-138.8663,18.7744,27.09162,0.0008812501
-152.2559,26.71979,13.54564,0
-143.0107,22.1329,13.54573,0.000197276
-124.5201,12.95912,13.5461,0.01035603
-112.844,7.491786,6.772927,0.09035398
-118.8016,9.959188,3.386514,0.01740998
-115.3944,8.105972,1.693195,0.03111796
-117.8254,8.986424,1.693201,0.02222024
-129.6211,14.1875,27.0915,0.001611688
-157.8352,26.88313,54.18272,0
-144.2065,19.47027,27.09182,0
-153.9301,22.99211,27.09187,0
-148.1857,50.79248,6.099492,0
-120.3883,37.29625,21.71847,0.001885893
-112.7152,30.56169,5.429598,0.01035655
-108.1477,26.47422,2.714833,0.03091228
-111.4349,28.88761,2.714841,0.01737796
-117.8277,33.94809,10.85917,0.005253363
-130.9765,43.6017,10.85925,0.0002496188
-137.551,48.42851,10.85921,0
-126.9627,42.12305,21.71851,0.0006334221
-111.262,32.43118,10.85915,0.008095508
-107.6028,27.17529,5.429598,0.03238439
-110.5267,30.05606,5.429598,0.01905487
-116.0112,36.28498,21.71833,0.0058303
-104.6876,27.6044,21.71827,0.04019953
-106.8849,31.41991,21.71827,0.01246225
-51.77026,-13.56156,27.94487,0.01221194
-52.28864,-19.19933,27.9449,0.02084245
-102.1024,3.843979,12.75468,0.04357914
-98.35448,6.052251,6.377315,0.05126027
-99.45953,3.888652,6.377375,0.04065831
-97.96894,11.51595,25.02977,0.04677841
-58.295,2.871053,37.52188,0.001341399
-68.77438,11.10298,37.52194,0.001038825
-50.9216,0.2616831,75.04372,0.002578213
0.2826322,-41.96737,16.55918,0.05147012
-2.434221,-38.82881,8.279577,0.05800176
-0.02250036,-38.90599,8.279594,0.07700758
20.37622,-22.37179,8.508479,0.06089418
23.72217,-19.58002,2.127122,0.0835897
25.2655,-18.57486,2.127113,0.09702612
22.4319,-21.6455,4.254249,0.06224724
17.79566,-26.50277,17.01706,0.03769089
22.70373,-17.18048,4.254266,0.06030144
22.19764,-15.05982,4.254272,0.05849599
25.27176,-16.73307,4.254296,0.09728694
23.72843,-17.73823,4.254308,0.07461147
19.87012,-20.25113,8.508562,0.05134676
20.65431,-16.06499,4.254255,0.0498818
21.1604,-18.18564,4.254249,0.05318879
12.6408,-32.92295,8.508554,0.05702995
10.06025,-37.05392,4.254305,0.07423954
11.09748,-33.9281,4.254287,0.09031643
6.967335,-40.90604,4.254242,0.07342879
4.1306,-44.89759,2.127134,0.05637984
5.680187,-42.05064,2.127148,0.05918909
9.294852,-35.71472,1.063547,0.08998358
7.876486,-37.71049,0.5317848,0.09162868
8.651279,-36.28702,0.5317841,0.1033453
10.32895,-33.50979,2.127111,0.09927952
8.516921,-38.05908,4.254246,0.08441007
15.23389,-25.1084,8.508574,0.04798418
18.85168,-17.8516,4.254225,0.05206638
17.81445,-20.97742,4.254296,0.04908453
14.70901,-28.5131,17.01713,0.04987426
16.34666,-58.67442,30.20034,0.03144478
84.24198,-91.23968,33.59378,0.02373202
67.09493,-82.60417,16.79683,0.02324935
78.86555,-87.66129,16.7968,0.02211595
50.20231,-73.44373,16.79714,0.02307933
33.18248,-64.54574,8.398232,0.02180904
44.69866,-70.12778,8.398238,0.02304014
67.73103,-81.29188,8.398544,0.02324938
79.2472,-86.87391,8.398533,0.02211598
61.71849,-79.02578,16.79714,0.02324938
95.14614,-95.84735,27.90068,0.01303244
109.9446,-74.08279,18.53973,9.527757E-05
75.16006,-48.37236,13.62165,0.00781544
65.49709,-40.35197,6.810623,0.04354399
69.68775,-43.20376,6.810813,0.008413482
79.75756,-50.7787,27.24298,0.002159059
92.7364,-58.88862,13.62158,0.0003283136
101.1177,-64.5922,13.62158,0
87.73203,-56.92775,27.24294,0.001073144
66.37188,-43.11425,27.24333,0.01080118
73.93951,-49.70875,27.24337,0.007377462
63.25943,-42.802,27.24319,0.01898715
58.66191,-40.39566,27.24322,0.03839358
121.0018,-70.62299,55.16553,0.0004192098
134.8093,-77.09135,27.58282,0.0001044566
125.4871,-74.4999,27.58277,0.0002064314
148.5289,-84.85033,27.58317,0.0007455173
160.0059,-90.67087,6.895741,0.0113653
166.8877,-94.2277,3.447727,0.04315006
162.2705,-92.28668,3.447749,0.04253656
153.0582,-88.08197,13.79145,0.01117597
139.2507,-81.61359,27.58322,0.0007379248
125.3552,-76.43581,13.79168,0.0002064311
134.6774,-79.02726,13.79171,0.0001044565
256.5049,44.09541,0.05032118,0.1161224
174.0706,-100.6046,2.271428,0.05508105
168.1103,-119.4828,12.79416,0.05299057
166.3358,-126.7372,6.397186,0.03379289
166.7401,-121.8799,6.397213,0.05356272
167.5486,-112.1655,6.39724,0.06254861
167.9529,-107.3083,6.397208,0.07628056
168.5146,-114.6256,12.79419,0.06629239
168.4698,-129.2287,25.58852,0.04949943
169.6603,-121.9586,12.79427,0.06540203
170.4241,-126.8473,12.79433,0.04826374
149.8307,11.63535,49.36641,0.00213046
169.6152,23.32881,60.24237,0.001597825
183.8713,15.73452,70.23425,0.0009608505
175.5662,0.5360311,22.90263,0.0004359652
126.7113,-17.00173,37.37893,0.001790037
133.3527,-4.405701,37.37902,0.001513587
125.4547,-24.38801,74.75819,0.00173639
95.75363,29.38976,24.53808,0.0004372094
56.22607,-33.34474,2.385405,0.02845184
55.92318,-31.57794,2.385435,0.006777424
57.61312,-34.43505,4.770844,0.02729539
53.90635,-33.8143,4.770848,0.05875089
54.68759,-31.37102,2.38542,0.006833942
54.99049,-33.13783,2.38539,0.02854844
57.47366,-30.1215,19.08328,0.003815517
60.27172,-25.44185,38.16661,0.003815505
68.36301,-9.636067,38.16665,0
64.62027,-19.30578,19.08324,0.002776588
62.12511,-25.75223,19.08322,0.02212715
43.12218,-45.23656,8.183285,0.04665174
49.03444,-43.3799,8.183295,0.05437347
40.58794,-47.26271,16.3664,0.04496573
32.35237,-51.69444,32.73274,0.025428
48.4016,-41.73315,16.36642,0.05427216
41.22222,-44.60289,8.183243,0.04970536
43.75645,-42.57673,8.183206,0.05427629
50.51395,-38.60916,32.73299,0.06056857
19.75943,-54.49637,37.99932,0.03726571
25.62463,-50.01533,4.749886,0.03187564
27.21806,-49.15788,4.749897,0.01248554
30.54901,-46.70299,4.749919,0.000318798
28.66739,-49.04039,4.74992,0.01247978
24.25153,-53.40394,18.99971,0.02137721
35.18521,-44.87059,4.750012,0.0338525
36.77864,-44.01313,4.749881,0.04833521
40.10958,-41.55825,4.749938,0.06060999
38.22797,-43.89565,4.749943,0.05233517
46.48331,-38.12841,9.499866,0.06365379
42.68194,-41.16765,4.749917,0.05736228
39.2069,-44.36251,2.374928,0.0508985
41.08852,-42.02511,2.374925,0.05949217
33.15948,-47.94796,18.99974,0.03404348
26.20938,-54.33767,9.499801,0.02146941
29.03182,-50.83157,4.749887,0.01418593
30.91343,-48.49417,4.749804,0.01523035
87.43398,98.89748,2.089438,0.1464698
89.29746,99.5478,2.089446,0.1190216
86.1612,97.45661,4.178962,0.1423288
82.91755,100.1568,8.579926,0.1499087
82.80956,97.62153,8.579912,0.1679195
79.91549,100.3007,17.1599,0.1700259
73.96537,101.856,8.579951,0.1806554
70.25327,102.9865,2.14503,0.1781573
68.39723,103.5518,0.536217,0.1713256
67.66022,103.9047,0.5362267,0.1363749
69.52974,103.6563,1.07247,0.1753206
72.51832,103.1956,4.290043,0.1752519
78.52243,102.9079,4.289935,0.1682054
81.52448,102.764,4.289962,0.1548919
76.96741,101.7122,8.579954,0.1678343
60.69905,108.2077,34.3194,0.0123521
68.52885,106.6417,0.1340706,0.2060147
68.15696,106.7389,0.1340775,0.1084109
68.72828,106.91,0.2681023,0.1888177
68.68778,105.9593,0.2681399,0.248587
68.14345,106.422,0.1340775,0.1049421
68.51534,106.3248,0.1340706,0.2024825
67.43341,107.4087,0.5362669,0
68.17719,107.2143,0.5362511,0.1480287
70.03661,106.7282,1.072455,0.1839734
69.25236,105.9719,0.5362744,0.210966
69.27935,106.6058,0.5362403,0.2127445
67.53164,105.3001,0.2681257,0.1235033
67.17325,105.7143,0.2681434,0.001804226
68.09621,105.3128,0.5362369,0.2156712
67.03642,104.7086,0.06703316,0.1532101
66.85724,104.9157,0.06702308,0.04392172
67.3187,104.715,0.1340591,0.153212
66.74064,104.3854,0.1340599,0.1452
66.66454,104.8058,0.06702892,0.0358622
66.84373,104.5988,0.067039,0.1528144
66.78787,105.4946,0.2681162,0
67.3322,105.0319,0.1340387,0.1340466
66.96033,105.1291,0.1340417,0.05849465
67.03453,106.872,1.072482,0
67.94401,106.1537,0.2681115,0.1128381
68.30241,105.7396,0.268114,0.2202437
67.37943,106.141,0.536246,0.001461454
72.62629,105.7309,4.289925,0.1721563
69.58375,104.924,1.072509,0.1962061
68.06247,104.5205,0.2680877,0.2009547
67.30521,104.398,0.2680937,0.1532335
68.4546,104.8987,0.5362546,0.1952875
70.368,105.6803,2.144971,0.1913013
77.08887,104.5644,4.290077,0.1689032
81.56497,103.7148,2.145015,0.1536722
78.56292,103.8586,2.145001,0.1670846
72.55881,104.1463,2.145025,0.1747687
69.54999,104.1317,0.5362524,0.1778908
67.67035,104.1424,0.2681921,0.2362387
68.4276,104.2649,0.2681195,0.1715212
70.314,104.4126,1.072509,0.1773146
74.08683,104.7082,4.290075,0.1751164
43.01065,116.6766,34.31966,0
25.29524,124.5117,17.15884,0
37.14151,120.1334,17.15891,0
54.88391,112.9321,34.31966,0
67.51105,109.2309,0.5362667,0
68.25144,108.9573,0.5362679,0.1443522
67.11385,108.7339,1.072532,0
69.73221,108.41,1.072542,0.1695783
68.21769,108.165,0.2681049,0.1521033
67.46379,108.1217,0.2681185,0
68.60813,108.5035,0.5362638,0.1494302
72.69378,107.3154,2.144854,0.1677349
70.45237,107.661,1.072434,0.1789156
68.57777,107.7905,0.2681071,0.150396
67.45367,107.884,0.134094,0
68.20757,107.9273,0.1340872,0.1521027
69.71197,107.9346,0.5362218,0.1679248
77.13612,105.6736,2.144969,0.1689597
81.58523,104.1901,1.072598,0.1536577
78.61015,104.9678,1.072595,0.1685381
74.1543,106.2928,2.144942,0.1725119
70.42874,107.1064,0.5362607,0.1840057
68.56595,107.5132,0.1340406,0.1498632
67.4486,107.7652,0.06703188,0
68.19576,107.65,0.06702909,0.1496305
69.68835,107.38,0.2680797,0.1809485
72.67354,106.8401,1.072506,0.168496
60.78003,110.1092,17.16017,0
7.633831,133.6145,34.31992,0
-10.08157,141.4496,17.15996,0
1.76469,137.0713,17.15993,0
-27.76996,149.9185,17.15955,0
-45.47184,158.0705,8.579787,0
-33.65259,153.0584,8.579773,0
-15.93719,145.2233,17.15962,0
1.805208,138.022,8.580152,0
-10.04105,142.4003,8.580167,0
19.4936,129.5531,34.31987,0
37.24949,122.6687,17.16036,0
25.37624,126.4132,17.16038,0
52.02356,116.4035,8.579973,8.990632E-05
60.90149,112.9614,4.289845,0.006040208
54.96488,114.8336,4.289839,0.0008822011
67.1805,110.2987,0.5362501,0.0550093
68.29529,109.9872,0.2681042,0.1533927
67.5431,109.9836,0.2681039,0.04271128
69.77268,109.3607,0.5362124,0.1635941
68.65452,109.5929,0.2681042,0.1477485
67.53298,109.7459,0.1340519,0
68.28516,109.7496,0.1340521,0.1493644
72.72751,108.1077,1.072413,0.1645804
70.50127,108.8098,0.5362103,0.1638501
68.64271,109.3156,0.134072,0.1470233
67.52792,109.6271,0.06702863,0
68.27335,109.4723,0.06702871,0.14646
69.76257,109.123,0.2681403,0.1635978
77.15975,106.2282,1.072435,0.1691308
81.59536,104.4278,0.5362247,0.1536578
78.6338,105.5224,0.5362284,0.168979
74.1948,107.2435,1.072427,0.1654587
70.48948,108.5325,0.2681795,0.1656369
68.63682,109.177,0.06702479,0.1464925
67.52538,109.5677,0.03350762,0
68.26746,109.3336,0.03350906,0.1450252
69.75077,108.8457,0.1340512,0.170781
72.71739,107.87,0.5363587,0.1645811
65.31686,110.6857,2.145008,0.0572396
60.86776,112.1691,1.07244,0
63.84282,111.3914,1.072443,0.01150088
54.94464,114.3582,2.144862,0
59.3971,112.9541,1.072428,0.0006568453
63.85294,111.6291,0.5362787,0.01887883
60.87788,112.4068,0.5362768,0.01273449
43.11862,119.2119,17.16002,0
25.33573,125.4624,8.580681,0
37.20898,121.7179,8.580673,0
-148.6687,52.36654,6.099879,0
-147.3372,57.38869,53.16111,0
-141.5506,70.85226,26.58024,0
-143.6711,61.83549,26.58024,0
-134.461,84.28503,26.58086,0
-128.0229,97.73318,13.28999,0
-131.4463,88.74722,13.29005,0
-137.233,75.28365,26.58089,0
-141.7167,61.7893,13.2903,0
-139.5962,70.80606,13.2903,0
-120.2818,111.1506,26.5805,0
-113.8437,124.5987,13.29038,0
-117.2672,115.6127,13.29035,0
-106.7541,138.0314,13.28981,0
-99.9903,151.4719,6.645165,0
-104.0652,142.5013,6.645151,0
-110.5033,129.0532,13.28979,0
-116.29,115.5896,6.645262,0
-112.8665,124.5756,6.645278,0
-123.3796,102.1569,26.58047,0
-128.8405,88.68562,13.29024,0
-126.0685,97.68698,13.29024,0
-134.9529,75.22977,13.28999,0
-140.7395,61.7662,6.644969,0
-137.3161,70.75217,6.644984,0
-131.8551,84.22344,13.29002,0
-127.0457,97.71008,6.645008,0
-129.8177,88.70872,6.645008,0
96.79502,110.7561,14.87771,0.03525505
93.26016,104.5886,7.438851,0.06755032
93.90517,107.5846,7.43891,0.03403804
96.47886,114.4133,29.75539,0.006195432
256.8105,45.25978,0.9282668,0.1224269
257.9017,48.04022,0.2321052,0.1182118
258.4473,49.43047,0.05799699,0.1098855
258.7794,50.26485,0.02898523,0.005797565
258.5896,49.71027,0.02898728,0.1099076
258.1862,48.5998,0.1160049,0.1108792
257.3795,46.37889,0.4642027,0.1150748
258.4341,63.61871,13.98579,0
255.2206,56.01136,4.270684,0.01084456
253.431,54.38565,0.5338629,0.1920429
254.2038,54.39158,0.2669328,0.04219462
253.7893,54.08136,0.2669259,0.1828148
252.8848,53.69061,1.06767,0.2044288
253.5434,55.6147,0.533869,0.1243772
253.8069,56.38433,0.5338138,0.1046019
254.26,55.00611,0.5338363,0.03941596
253.6945,55.15528,0.5338595,0.1817999
255.4455,58.46941,8.541303,0.01012984
257.2578,52.95663,8.541134,0.01399825
254.7324,52.78371,2.135311,0.01471863
253.1869,52.77183,1.067656,0.2177901
254.0817,53.58467,0.1334593,0.07753539
253.799,53.65926,0.1334357,0.2140087
254.3548,53.93218,0.2669114,0
253.9219,52.89262,0.06673022,0.1948359
254.1291,53.04773,0.06673022,0.01268641
253.8938,52.58537,0.1334587,0.1692017
253.6672,53.27446,0.1334534,0.2196198
254.0536,53.27744,0.06673852,0.07766484
253.8464,53.12233,0.06673852,0.2273903
255.8248,54.17378,4.270637,0.01498583
262.0332,-39.71484,20.7906,0.06990491
260.0951,-45.78744,5.197716,0.08220496
258.8437,-48.51643,5.197675,0.1035784
259.5915,-43.19369,10.39544,0.07905549
260.9649,-36.50647,20.79062,0.06388107
261.087,-32.54823,20.79069,0.05047675
260.2628,-21.42339,20.79042,0.03740248
260.5069,-13.50692,20.79036,0.01247703
261.8957,-25.24637,20.79066,0.03691031
262.903,-30.43386,20.79089,0.05276717
261.1172,6.284297,41.58167,0.008698002
261.1019,24.71101,10.39505,0.01437059
261.0942,33.92434,2.598752,0.0389175
261.0903,38.53102,0.6496209,0.06343327
261.1513,40.51014,0.6495826,0.145397
261.3116,36.24458,1.299281,0.09640027
261.5368,29.35147,5.197525,0.01432219
261.9871,15.56528,20.79018,0.007793284
262.506,-5.45519,41.58158,0.008864652
263.9902,-18.83267,5.197822,0.02406194
264.181,-22.10865,5.197765,0.03963439
264.8755,-27.97837,2.598824,0.04762328
265.0663,-31.25438,2.598674,0.07275255
263.9636,-24.42888,5.197715,0.05043759
262.2619,-13.37167,20.79079,0.0241543
319.7051,-3.969376,11.68131,0.02131946
325.4122,-7.443675,5.840685,0.02048959
321.2324,-5.808848,5.840602,0.02212645
332.6466,-12.75749,11.68171,0.007510666
322.7597,-7.648331,5.840756,0.03778124
326.9395,-9.283157,5.840856,0.007154366
307.5878,1.701721,1.460266,0.02193328
309.3964,0.3732656,1.460234,0.01748394
306.4022,1.854914,2.920346,0.05702367
313.0135,-2.283661,2.920472,0.01571565
309.0447,-0.2655436,0.7301252,0.01739097
307.0955,0.8074036,0.7301284,0.03630164
310.16,-0.5464885,1.460239,0.01632477
301.3181,4.153986,2.920267,0.04565001
297.4196,6.29984,2.920218,0.04445702
303.5486,3.592072,5.840703,0.05095913
313.4355,-1.517115,5.840616,0.01607387
309.6777,0.8842977,1.460092,0.01739772
307.869,2.212753,1.460124,0.02185355
310.8633,0.7310893,2.920335,0.01687298
315.8067,-1.823512,11.68137,0.01973718
337.6703,-12.85923,46.72554,0.002256076
328.0647,-7.239024,11.68149,0.005948071
322.3576,-3.764704,5.840822,0.01089006
326.5374,-5.399526,5.840937,0.008462145
334.6157,-9.180252,23.36288,0.005740548
262.0669,-57.25315,2.323362,0.06032696
260.7199,-57.37594,0.5808854,0.05683604
260.0211,-57.31988,0.07259406,0.180033
260.1441,-57.57216,0.0362919,0.05663652
259.9993,-57.53747,0.03629756,0.2635372
259.7567,-57.36793,0.1452221,0.3067151
260.3795,-57.07158,0.2903953,0.05664131
261.3863,-56.64443,1.161694,0.06021625
263.3996,-55.79009,4.646686,0.06766453
261.5162,-59.79482,2.323414,0.0731459
260.8642,-61.86661,1.161655,0.08263741
260.6615,-60.92683,1.161707,0.1021433
260.3504,-58.84703,0.1452143,0.07147688
259.9412,-58.86035,0.07261192,0.3072374
260.1802,-58.69482,0.07260364,0.07147698
260.6836,-58.48127,0.2904344,0.07087592
260.1656,-59.58253,0.03629182,0.07147089
259.961,-59.58922,0.01814951,0.3227384
260.0805,-59.50645,0.01815009,0.07146634
260.3322,-59.39967,0.07260034,0.07147873
260.0497,-60.00039,0.07260165,0.1369616
259.9266,-59.74808,0.03631387,0.2829815
260.0714,-59.78278,0.03630335,0.1688783
259.8724,-59.17807,0.1452172,0.2671607
260.2816,-59.16473,0.0726096,0.07148314
260.0552,-59.38899,0.01815882,0.05728985
259.9357,-59.47175,0.01815824,0.3394849
260.0896,-59.23012,0.03631584,0.1043549
259.7892,-58.15553,0.07261407,0.3390006
260.0282,-57.98999,0.07259794,0.1371236
259.7204,-58.47324,0.1452149,0.3411109
259.5684,-57.7684,0.145217,0.3268126
259.9052,-57.7377,0.0362959,0.2844874
260.05,-57.7724,0.03629024,0.1595971
259.7386,-57.92058,0.07260314,0.3476173
260.5822,-58.01136,0.2904529,0.06726556
260.1296,-58.45989,0.07259271,0.0555995
259.8906,-58.62541,0.07260098,0.3172686
260.1984,-58.14218,0.1452121,0.08663276
261.3135,-58.85504,2.323362,0.0744336
260.0866,-54.43912,0.07259933,0.08254356
259.8477,-54.60464,0.07260049,0.2621434
260.1555,-54.12141,0.1452086,0.1105253
260.3075,-54.82623,0.1451982,0.0566445
259.8983,-54.83958,0.07260702,0.2441135
260.1373,-54.67406,0.07260586,0.06136483
259.4131,-54.50051,0.0726243,0.2279031
259.4638,-54.73546,0.07261672,0.2549891
259.1488,-54.54857,0.1452119,0.2172114
259.8658,-54.05198,0.1452312,0.135671
259.7028,-54.56993,0.07260481,0.2622737
259.6521,-54.33498,0.07261238,0.2339453
260.7783,-53.82505,1.16169,0.0772558
259.5976,-55.99295,0.2903971,0.2635902
260.0756,-55.66189,0.2904041,0.1238657
259.4599,-56.62836,0.5808442,0.2777788
259.2066,-55.45365,0.2904397,0.2572437
258.9857,-55.06653,0.07260049,0.1906995
258.9351,-54.83158,0.07260596,0.2172142
259.2501,-55.01847,0.1452236,0.2580757
259.8295,-55.15731,0.1452238,0.2266662
260.1191,-55.22672,0.1452147,0.114665
259.4963,-55.52308,0.2904299,0.2708925
259.2286,-53.00805,0.5808587,0.1062556
258.9968,-53.84371,0.1452253,0.1144203
258.8085,-54.2442,0.1452334,0.2172019
258.8013,-53.57405,0.290441,0.1097848
258.8377,-52.46875,1.16168,0.1103048
260.5757,-52.88527,1.161696,0.07990588
259.6703,-53.78231,0.2904288,0.1320899
259.0981,-54.31361,0.1451968,0.2172178
259.2865,-53.91313,0.1451887,0.1129505
259.808,-53.1469,0.5808447,0.1052169
262.9943,-53.91052,4.646834,0.06551938
261.1836,-55.70463,1.161731,0.05509094
260.2783,-56.60168,0.2904453,0.04999113
259.8003,-56.93273,0.2904442,0.272668
260.416,-55.96625,0.580874,0.06629016
261.459,-54.43379,2.323422,0.06346848
258.8794,-65.40145,4.64676,0.05232877
258.1844,-63.45247,0.580847,0.1489892
257.8584,-64.48837,0.2904106,0.07388178
257.7571,-64.01847,0.2904236,0.1561462
257.5038,-62.84373,0.5808997,0.2276755
258.0831,-62.98258,0.5808361,0.1204072
259.0534,-63.66072,2.323392,0.05741531
256.996,-69.40621,4.646676,0.03223742
257.0544,-65.85532,1.161718,0.1049268
257.1271,-63.64469,0.580909,0.1687776
257.2791,-64.34953,0.2904475,0.1861722
257.3804,-64.81943,0.2904344,0.1122594
257.5467,-66.86452,2.323361,0.03193934
258.5182,-58.63074,1.161763,0.3109459
258.0259,-57.62153,0.5808544,0.2514393
258.6052,-57.76036,0.5808544,0.3196249
257.7902,-60.35011,0.07261742,0.2781076
258.0292,-60.1846,0.07263661,0.3792653
257.7213,-60.66783,0.1452245,0.2762542
257.5947,-60.08046,0.07260529,0.300103
257.544,-59.84552,0.07261076,0.2029336
257.9785,-59.94965,0.07260399,0.257724
257.7395,-60.11516,0.0725848,0.1323966
257.3446,-61.46877,0.2904094,0.2819922
257.3592,-60.58105,0.07259756,0.2199352
257.3665,-60.13719,0.01815147,0.2150544
257.3883,-59.9196,0.01814899,0.2536264
257.4281,-60.26335,0.03629756,0.2150521
257.4823,-60.83335,0.1452065,0.2835886
257.7505,-58.89239,1.161733,0.2574503
258.2869,-55.01044,0.5808521,0.2066976
257.8667,-56.24657,0.2904285,0.1784894
257.9538,-55.3762,0.2904318,0.2394206
258.222,-53.43523,0.1452121,0.107208
258.0119,-54.0533,0.07261283,0.1979604
258.0554,-53.61812,0.07260621,0.1282206
258.2148,-52.76509,0.2904109,0.1082201
258.2291,-54.10537,0.1452084,0.198355
258.4174,-53.70488,0.1452234,0.1161353
258.4246,-54.37502,0.2904442,0.2144258
258.3013,-56.35069,0.5808829,0.2700447
258.5331,-55.51503,0.1452133,0.2293409
258.6961,-54.9971,0.0726096,0.2172208
258.7468,-55.23205,0.07260413,0.1906895
258.7286,-55.78469,0.2904266,0.2572522
258.9819,-56.95943,0.580861,0.3211079
258.4026,-56.82059,0.580861,0.2535709
258.6338,-60.44089,0.5808216,0.3571256
259.3073,-60.3795,0.145228,0.3777739
259.6441,-60.3488,0.03630733,0.3508184
259.789,-60.38351,0.03629924,0.1471641
259.4775,-60.53168,0.07261829,0.2151952
258.9742,-60.74525,0.2904286,0.3379293
257.7791,-61.57288,0.5808372,0.3486407
258.1558,-60.77194,0.580824,0.3435734
259.0976,-58.76959,1.161701,0.3550814
259.5392,-59.54384,0.2904225,0.3300083
259.76,-59.93097,0.07260158,0.2455718
259.8831,-60.18327,0.03629102,0.09736475
259.7383,-60.14856,0.03629911,0.3446641
259.4957,-59.97902,0.1452199,0.3827366
259.0105,-59.63996,0.580845,0.3746455
259.7562,-61.82389,0.2904223,0.08546059
259.184,-62.35517,0.14524,0.1163425
259.3723,-61.9547,0.1452315,0.1464349
259.8938,-61.18847,0.5808645,0.1382708
259.9082,-62.52872,1.161696,0.07894009
258.4091,-61.94667,0.2904357,0.07454025
258.5105,-62.41658,0.2904248,0.1178267
257.8805,-62.04277,0.5809265,0.2280696
259.3145,-61.04962,0.5809,0.1669081
259.0826,-61.88528,0.1451997,0.1464505
258.8943,-62.28575,0.1452082,0.1163679
258.8871,-61.61562,0.2904549,0.1488141
254.3592,-75.01283,4.646828,0.03006246
253.3746,-72.99444,2.323385,0.06437708
254.5333,-73.27211,2.323322,0.03607133
252.4758,-79.01757,4.646692,0.02441447
252.6213,-74.59632,2.323322,0.05681854
253.0265,-76.47588,2.323356,0.03207497
249.4623,-85.42515,9.293651,0.01511328
251.0275,-78.67048,2.323551,0.08515272
251.8101,-75.29314,0.580848,0.09843699
252.2738,-73.62183,0.5808464,0.1034295
251.8679,-76.19822,1.161761,0.08669361
251.1431,-80.48063,4.646848,0.0246607
256.2581,-63.43642,1.161616,0.2240098
255.7658,-62.42723,0.5808438,0.2097561
256.3451,-62.56606,0.5807985,0.2675525
255.4034,-64.56843,2.323385,0.1500214
254.4254,-67.67611,0.2904094,0.0551136
254.3241,-67.20622,0.2904132,0.1615406
253.9545,-68.6773,0.2904328,0.03992428
253.9909,-67.57198,0.1452218,0.1993707
254.0922,-68.04188,0.1452172,0.04207483
253.2012,-70.27921,0.5808261,0.08291859
253.5925,-68.59054,0.1451978,0.08176427
253.8243,-67.75488,0.1451974,0.1098226
253.6213,-69.04308,0.2904139,0.08291703
254.7371,-65.29996,2.323352,0.1531328
256.9686,-57.81377,1.16165,0.198239
256.2658,-59.6506,0.1452063,0.1766401
256.0558,-60.26867,0.07260802,0.2156307
256.0993,-59.83348,0.07260968,0.2740032
255.6791,-61.06961,0.1451961,0.1892468
255.8747,-60.22528,0.03629445,0.2159659
255.9906,-59.80745,0.03629488,0.2723109
255.8892,-60.45155,0.07259806,0.1891883
256.4471,-58.58001,0.58083,0.202281
257.3745,-55.23738,0.5807739,0.2171252
257.8817,-53.13089,0.2904129,0.2546299
257.7005,-54.20149,0.1451935,0.1913825
257.9106,-53.58341,0.07260322,0.1909993
257.867,-54.01859,0.07260984,0.2468195
257.2439,-56.54293,0.5808235,0.2068769
257.6641,-55.30679,0.2904139,0.2313471
257.5771,-56.17716,0.2904106,0.1684566
256.0412,-61.15637,0.5808492,0.2160148
256.273,-60.32073,0.1452252,0.2155301
256.4613,-59.92026,0.1452203,0.2382728
256.4685,-60.59037,0.2904243,0.2132948
256.7218,-61.7651,0.5808216,0.2687534
256.1425,-61.62627,0.5808669,0.2110015
257.1712,-58.75355,1.161687,0.2238085
257.0478,-60.7292,0.1452118,0.2436941
257.2108,-60.21127,0.03630393,0.2142414
257.3159,-59.90224,0.01814824,0.2432425
257.2941,-60.11983,0.01815073,0.2042249
257.2144,-60.54634,0.07260952,0.2199148
257.055,-61.39934,0.2904134,0.2501674
256.9212,-60.14185,0.07258689,0.2103691
257.2072,-59.87622,0.03630672,0.2205058
257.1131,-60.07644,0.0363042,0.167032
256.8523,-60.45955,0.1451918,0.2149904
256.8452,-59.78944,0.2904095,0.1866027
254.4033,-70.12169,1.161703,0.02240722
253.4473,-70.78381,1.161703,0.08132099
254.389,-68.78143,0.5808603,0.03522029
254.7657,-67.98048,0.5808372,0.01094243
254.78,-69.32074,1.161703,0.02736429
255.2866,-71.67022,2.323409,0.02387285
253.65,-71.7236,1.161736,0.07686254
254.606,-71.06149,1.161736,0.02380137
255.7074,-65.9781,1.161698,0.1147209
255.91,-66.9179,1.161738,0.0405501
256.6491,-63.97574,1.161728,0.2023905
256.5764,-66.18638,0.580867,0.09014274
256.3737,-65.24658,0.5808449,0.2019634
256.04,-70.06831,2.323385,0.0230426
255.6347,-68.18874,2.323396,0.0382335
237.1384,-167.512,24.33521,0.01460027
224.8921,-160.8215,12.16753,0.01000721
233.3708,-164.5705,12.16753,0.01439653
251.0814,-173.0432,13.39289,0.01463931
260.1631,-177.6951,13.39285,0.01605901
246.0087,-171.7555,26.78502,0.01459879
333.1549,-90.23132,6.416783,0.1565619
330.6369,-91.92429,0.8021277,0.1792506
329.881,-92.53873,0.40105,0.2106657
330.0514,-91.92861,0.4010477,0.2302561
328.5395,-93.15751,0.8020928,0.2105833
329.4659,-91.93295,0.4010805,0.1556121
329.2955,-92.54307,0.401051,0.210533
331.3131,-90.54935,3.208483,0.1919182
335.178,-87.17204,12.83375,0.1633549
331.4616,-94.20144,3.208447,0.191963
332.6216,-96.32389,1.604278,0.1168701
331.621,-95.72241,1.604214,0.2088121
329.7903,-93.90936,6.41685,0.2105844
333.394,-92.51278,0.4010424,0.1577457
333.5644,-91.90265,0.4010716,0.1749083
333.8091,-93.11857,0.8021007,0.1395282
332.3082,-92.21637,0.8020974,0.1928872
333.0641,-91.60192,0.4010495,0.1525823
332.8937,-92.21204,0.4010203,0.1359602
334.6557,-91.13352,1.604242,0.1528288
334.3149,-92.35376,1.604197,0.1340601
333.4628,-95.40438,3.208435,0.1335484
332.3027,-93.28192,1.60418,0.1856256
333.3033,-93.88338,1.604212,0.1389698
340.7306,-80.89017,0.8020917,0.04552592
340.1424,-81.42728,0.2005442,0.06248646
339.807,-81.58197,0.2005404,0.160449
340.1451,-80.89449,0.4010345,0.09112384
339.0538,-81.66363,1.604191,0.1788072
341.4068,-79.51523,3.208396,0.04628749
339.5486,-83.02993,0.8020561,0.1689454
340.1286,-84.09116,0.4010507,0.09198101
339.6283,-83.79042,0.4010319,0.1722633
338.713,-82.88387,1.604219,0.1762326
340.6399,-82.2608,0.4010366,0.04530433
339.9719,-82.03739,0.2005168,0.1524718
340.3073,-81.8827,0.2005205,0.04536188
341.0605,-81.80105,0.8021147,0.04535765
340.5492,-83.63143,0.8021545,0.04569004
339.9691,-82.57016,0.4011,0.1120538
340.4695,-82.87091,0.4010916,0.04590471
343.5894,-77.97696,12.83407,0.04115476
337.6794,-88.67574,6.416847,0.1557559
335.1451,-93.56536,0.8020865,0.1350061
336.2816,-92.11091,0.4010043,0.1447471
335.6907,-93.18079,0.4009974,0.1318266
334.3836,-95.24536,1.60418,0.1308798
335.9065,-91.88538,0.8021091,0.1642472
335.0653,-92.80487,0.8021045,0.154371
335.8267,-91.12488,1.604235,0.1522864
337.6904,-86.54462,1.604137,0.1671811
339.1171,-85.6208,0.4010574,0.1702927
339.8304,-85.15887,0.1002587,0.1637874
340.1657,-85.00419,0.1002566,0.05307412
339.5775,-85.54129,0.2005053,0.1697973
338.6113,-86.3856,0.8020701,0.1677869
336.6788,-88.07426,3.208302,0.1617382
338.3721,-84.10412,1.604235,0.1752225
339.4579,-84.40055,0.4010278,0.1772535
340.1259,-84.62394,0.2005056,0.0616744
339.7905,-84.77863,0.2005254,0.1588673
339.0374,-84.86031,0.8021277,0.1716173
337.531,-85.02363,3.20844,0.1685229
341.7328,-76.21059,1.590213,0.0445847
340.629,-75.94685,0.3975365,0.04376856
339.9494,-75.74448,0.1987706,0.1582299
340.2874,-75.58511,0.1987785,0.04478824
341.0496,-75.48711,0.7951741,0.04461364
342.574,-75.29105,3.180338,0.04567229
344.6016,-74.33488,6.360941,0.04437857
340.8164,-78.4727,3.18038,0.05625592
340.1708,-77.07795,0.7951308,0.07923561
339.8255,-76.19507,0.3975719,0.1247171
340.3361,-76.47713,0.397574,0.08764998
341.147,-77.27115,1.590167,0.05706009
339.0442,-79.56989,6.360767,0.1717478
344.2415,-71.36762,12.72176,0.04484752
341.8833,-73.52538,3.180397,0.04570225
340.7042,-74.60425,0.7950972,0.0448695
340.1147,-75.14368,0.198783,0.06993597
339.7768,-75.30307,0.1987751,0.1690955
340.111,-74.62258,0.3975181,0.09904744
340.6968,-73.56207,1.590227,0.0457684
341.8685,-71.44096,6.360944,0.0447863
334.5079,-85.369,6.360904,0.1816986
335.169,-82.96586,6.360799,0.1738993
331.1434,-89.04705,3.180414,0.1814661
329.2958,-91.48685,0.7950898,0.1831253
328.1617,-92.93664,0.3975441,0.2097959
328.7476,-91.87608,0.3975458,0.2210397
330.0469,-89.82552,1.590152,0.1915495
332.9761,-84.52283,3.180281,0.1576493
332.315,-86.92597,3.180394,0.1794285
337.3323,-77.2401,6.360749,0.1639686
339.7996,-72.54736,0.0993873,0.1441119
340.1375,-72.388,0.09937853,0.04903343
339.548,-72.92741,0.198781,0.1452731
340.0925,-72.01709,0.1987687,0.05645398
339.7545,-72.17645,0.1987748,0.1395803
338.9998,-73.31666,0.7950383,0.169294
340.592,-70.73582,1.590171,0.06356894
339.0898,-74.05847,0.7951364,0.1522079
339.8033,-73.06844,0.1987714,0.1109833
340.2238,-72.6087,0.1987676,0.07030416
339.8483,-73.43935,0.3975665,0.1300564
339.1798,-74.8003,1.590195,0.1562032
337.1818,-79.92528,12.72143,0.1772156
302.8284,-138.649,8.126431,0.1218999
306.2813,-136.2792,2.031645,0.1155195
307.8107,-135.1969,0.2539471,0.1552711
308.2049,-134.9917,0.2539721,0.2987952
308.7962,-134.684,0.5079448,0.3275344
307.3141,-136.028,1.015832,0.1364337
304.894,-138.1466,4.063249,0.1147602
299.36,-143.3174,1.015796,0.203989
300.1484,-142.9071,1.015759,0.1802763
301.3309,-142.2916,2.031586,0.1503471
298.6113,-145.1387,1.015812,0.2060507
297.5235,-146.2775,1.015823,0.2025391
298.6664,-144.2511,2.031642,0.1988316
301.0468,-140.7215,1.015835,0.1599671
300.8575,-139.6747,1.015826,0.1142039
301.9299,-140.8345,2.031549,0.1525341
299.7146,-141.7012,0.5079132,0.1851559
300.2035,-142.0194,0.5079338,0.1376341
299.1706,-142.2706,1.015851,0.1963264
300.1164,-140.3467,0.2539609,0.1634632
299.7223,-140.5519,0.2539435,0.1833903
300.2188,-139.7208,0.5078921,0.1242666
300.5029,-141.2909,0.507889,0.1598472
299.8169,-141.0752,0.2539166,0.1812254
300.2112,-140.8701,0.253934,0.1613596
305.4136,-133.8674,4.063279,0.1095068
304.7904,-131.6148,0.5079118,0.01937244
304.4909,-132.3433,0.5079028,0.09880439
304.4513,-130.9323,1.015851,0
305.7957,-131.8074,0.1270202,0.01938666
305.6459,-132.1717,0.1270127,0.1012149
305.6262,-131.4662,0.2539852,0
306.3595,-131.9435,0.2539384,0.05986773
305.8904,-132.3308,0.1269742,0.1105643
306.0402,-131.9666,0.1269817,0.06257109
304.9798,-132.6616,0.5078861,0.1074552
305.2319,-131.6713,0.2539024,0.02318979
305.3266,-132.1947,0.2539349,0.08424363
307.5266,-133.6267,0.2539496,0.1187555
307.8971,-133.2908,0.06350278,0.152434
308.0942,-133.1882,0.06350552,0.3032395
307.8459,-133.6037,0.1269667,0.1210611
307.4242,-134.2527,0.5079323,0.1153819
307.1401,-132.6826,0.5079117,0.1158022
307.7039,-132.8186,0.1269736,0.1191763
308.0468,-132.9265,0.06349199,0.2779828
307.8497,-133.029,0.06348924,0.1191968
307.4319,-133.1034,0.2539308,0.1191774
308.8513,-133.7963,1.015808,0.3249132
308.0117,-134.5196,0.06347983,0.1991813
307.9032,-134.2182,0.03173607,0.1160772
308.0254,-134.2977,0.03175029,0.3215733
308.2324,-134.5479,0.1269746,0.3221233
307.716,-134.6735,0.2539377,0.1171386
308.1889,-133.7116,0.06348431,0.3368454
307.9918,-133.8141,0.06349412,0.209705
308.2401,-133.3986,0.1269905,0.3378182
308.3822,-134.1836,0.1269729,0.3274294
308.1003,-134.1156,0.03175198,0.3270091
307.9781,-134.036,0.03173776,0.07784887
308.2363,-133.9733,0.06347727,0.329512
306.3914,-134.5039,4.063345,0.1144802
302.4496,-136.5554,8.126581,0.0986388
303.1586,-133.3231,2.03164,0.1023595
303.6629,-131.3426,1.015806,0.02185635
303.8523,-132.3894,1.015806,0.08248918
303.8369,-134.6881,4.063375,0.1086745
294.0155,-149.535,4.063298,0.1678773
292.0842,-151.9718,1.01583,0.1214622
290.9963,-153.1106,1.015832,0.1156331
292.1393,-151.0841,2.03159,0.1594651
294.9139,-147.3494,4.063359,0.1962609
293.0377,-148.8985,2.031588,0.1802893
293.6367,-147.4415,2.031525,0.1751977
288.5762,-155.2292,4.063386,0.1236439
285.5571,-158.8048,2.031651,0.1280229
287.2439,-156.2089,2.031653,0.1310172
290.862,-151.1762,8.126778,0.1189362
298.3976,-140.3822,2.031687,0.1622356
298.9966,-138.9252,2.03156,0.1043644
296.2219,-142.66,1.015772,0.1653107
295.1341,-143.7988,1.015826,0.2334174
297.2426,-140.5539,0.5079308,0.1292443
298.086,-139.2559,0.5079249,0.123731
297.0653,-141.362,1.015796,0.1701931
301.2824,-134.8722,1.01568,0.09659155
299.7728,-136.66,0.5079485,0.073672
300.6162,-135.3621,0.5079508,0.09725466
302.3031,-132.7662,0.5079436,0.09926416
303.1465,-131.4682,0.5079563,0.05497225
302.1258,-133.5743,1.01568,0.1023698
300.5337,-136.6936,0.5079082,0.09329221
299.7453,-137.1039,0.5078676,0.1505076
301.2273,-135.7599,1.015861,0.09695348
299.6903,-137.9915,1.015816,0.108225
300.4786,-137.5812,1.015825,0.0961108
297.1997,-143.2964,2.031586,0.1752957
295.0791,-144.6864,1.01575,0.1765422
296.1669,-143.5476,1.015759,0.1789839
298.587,-141.429,4.063224,0.1808486
295.5129,-145.8923,4.063272,0.1934063
297.0896,-145.0717,4.063262,0.1763075
271.4219,-185.4663,24.50278,0.01344326
282.9382,-193.0421,21.23547,0.05797461
278.7278,-188.0895,10.61799,0.04611874
282.2792,-190.0254,10.61775,0.04920462
156.6136,-372.6591,25.56278,0.000417839
148.0652,-367.8508,25.56287,0.0005150499
161.7817,-372.9079,51.12535,0.000417837
135.2426,-360.6385,25.56299,0.0009572564
122.1965,-353.9649,12.78218,0.001738527
131.1919,-357.6955,12.78214,0.0008786352
149.1826,-365.1566,12.78161,0.0005839286
158.1779,-368.8872,12.78164,0.000417837
144.2379,-364.369,25.56296,0.0006201408
88.27267,-392.0038,32.91336,0.004397294
93.17223,-380.4622,32.9133,0.004891592
87.97073,-398.6863,65.82681,0.004609372
71.00822,-351.6154,43.26519,0.0002700975
87.10513,-362.2362,21.63261,0.001756151
79.72792,-358.5633,21.63258,0.0003103518
66.14658,-350.4982,43.26534,0
58.76937,-346.8252,43.26516,0
54.53876,-343.3849,20.44165,0
57.34282,-337.724,55.21756,0.0002398217
91.43069,-346.4377,37.38962,0.001937666
78.40531,-340.6746,37.38967,0.0009794135
98.95255,-347.2142,74.77814,0.005735373
112.355,-284.9663,47.73993,0.02693481
121.9941,-291.0203,11.93495,0.02177844
127.7241,-294.7567,5.967488,0.01483228
123.5479,-292.9592,5.967525,0.02173389
115.4626,-288.8441,23.86973,0.02527086
163.9588,-206.0943,10.89072,0.009688707
160.9,-203.0308,10.89091,0.02421118
169.6577,-208.6373,21.78111,0.01389431
156.1751,-203.0458,21.78143,0.03436286
161.3187,-206.615,10.89068,0.01888202
157.1491,-205.6038,10.89071,0.02502219
147.5686,-204.7172,24.58104,0.03380499
145.5466,-212.9668,73.6629,0.04228809
136.3867,-231.2916,36.8316,0.04080318
140.7505,-218.9875,36.83157,0.03936227
125.9197,-249.5508,36.83125,0.04118527
117.8508,-264.7997,9.207839,0.0393314
113.8163,-272.424,2.302047,0.03575489
111.363,-276.997,1.150949,0.02753027
112.7807,-273.9374,1.150964,0.03565242
115.7795,-267.8264,4.60408,0.04010651
121.7772,-255.6044,18.41562,0.04110278
130.9371,-237.2795,36.8312,0.04081034
138.7898,-218.889,18.4155,0.03928323
134.426,-231.1931,18.41551,0.04073155
89.9823,-312.7566,27.17056,0.008722755
-25.75084,-345.1846,33.53164,0.0003185385
-26.83188,-332.3535,63.87245,0
-48.93201,-330.3625,49.63775,0.009589745
-54.20303,-330.2656,43.7206,0.009536954
-94.38931,-282.1473,64.42651,0.0001657885
-84.02329,-266.7581,32.21325,0.0002600295
-89.54476,-277.7174,32.21327,0.0001657887
-83.69131,-247.451,52.32528,0.0006893247
-101.3556,-249.4261,66.23929,9.136154E-05
-111.7982,-265.1567,33.11957,0
-106.1726,-253.8633,33.11948,0
-167.6633,-197.9525,24.54025,0.0007581339
-79.6533,-234.0693,5.862419,0.001752886
-29.07035,-315.5484,34.26425,0
-21.81979,-217.0208,32.27972,0.02115601
-8.847951,-225.3494,8.06987,0.01934773
-1.092405,-230.398,4.035009,0.01276843
-6.446515,-227.3751,4.03501,0.01954555
-17.01692,-221.0722,16.13976,0.02102077
-38.43336,-208.9806,16.13985,0.02120845
-49.27939,-203.1919,4.034864,0.02081234
-54.6335,-200.1691,4.034876,0.01514288
-46.32672,-204.1891,8.069905,0.02082336
-32.52802,-210.9749,32.27974,0.02120646
-0.4033591,-229.1123,16.13985,0.01272035
-5.481848,-225.5751,16.13978,0.02040659
3.238361,-228.8238,32.27986,0.02677294
-15.63883,-218.5008,32.28001,0.02128893
-4.379377,-223.5181,32.28006,0.02249636
22.26029,-209.1004,4.129741,0.0390381
26.38045,-205.1003,1.032449,0.04691397
28.48641,-203.167,1.032457,0.03490637
25.51099,-206.3342,2.064872,0.05834825
20.52137,-211.5683,8.259402,0.01386635
14.75405,-218.1699,16.51891,0.03443333
26.97463,-203.4654,4.129722,0.03553046
24.86867,-205.3986,4.129708,0.04998754
21.70974,-208.2985,8.259453,0.02804259
26.42407,-202.6635,8.259579,0.03554013
28.16299,-200.1956,8.259499,0.03224587
36.76584,-187.7227,2.064813,0.056185
34.8434,-189.9232,2.064856,0.02105362
31.95975,-193.2241,4.129742,0.007871923
37.36003,-186.0878,8.259547,0.02383358
42.43915,-178.4837,0.2581219,0.03081763
43.49213,-177.5171,0.2581234,0.04025527
42.00441,-179.1007,0.5162318,0.01816459
40.56259,-180.7511,1.032453,0.01816846
43.35449,-177.3166,0.5162219,0.05313156
42.30151,-178.2832,0.5162188,0.04775646
43.69746,-176.566,1.032413,0.02920005
45.8023,-173.3809,0.06453186,0.05678169
46.32878,-172.8976,0.0645321,0.1071628
45.58493,-173.6894,0.129056,0.05126102
44.86401,-174.5146,0.2581133,0.03799192
46.25995,-172.7974,0.1290476,0.09957016
45.73347,-173.2807,0.1290471,0.04591665
46.43144,-172.4221,0.2581043,0.1020558
47.4724,-170.8129,0.2581154,0.1611843
48.34186,-169.5789,0.2581102,0.1706676
47.32385,-171.2216,0.2580878,0.1654188
47.0322,-171.7344,0.1290442,0.1654182
46.83777,-172.0763,0.1290576,0.07355972
45.00165,-174.7151,0.5162392,0.03747744
45.96287,-173.6148,0.5162262,0.07297485
44.70456,-175.5325,1.032433,0.04110049
40.83787,-181.1521,2.06488,0.01302014
42.66855,-178.8179,0.5162287,0.02254277
43.62977,-177.7176,0.5162279,0.03594618
42.37146,-179.6353,1.032443,0.01308455
40.24369,-182.7869,4.129774,0.01651317
32.5103,-194.026,8.259528,0.008063941
36.17167,-189.3575,2.064916,0.02301452
38.0941,-187.157,2.064929,0.01523834
35.57749,-190.9924,4.129748,0.01888322
31.32194,-197.2957,16.51905,0.01805276
16.2222,-220.3084,8.25959,0.04833933
11.64324,-223.6403,8.259586,0.03303159
17.77761,-217.5732,16.51921,0.04370067
23.17789,-210.4369,8.25959,0.0318835
26.93102,-205.9022,0.5162211,0.07296796
25.78628,-206.7352,0.5162311,0.05299403
27.31986,-205.2184,1.032434,0.05892701
29.15054,-202.8842,1.032433,0.08113986
28.37284,-204.2518,1.032443,0.05028263
26.06155,-207.1361,1.032462,0.07426863
27.40072,-205.9613,0.5162551,0.06640752
27.01187,-206.6451,0.5162051,0.1083417
26.05065,-207.7453,1.032463,0.1031397
25.6618,-208.4291,1.032465,0.04017592
21.98953,-213.7067,16.51912,0.01915698
14.25614,-224.9457,8.25948,0.03282108
11.23258,-225.5424,8.259483,0.03128501
18.10102,-220.5446,8.259471,0.04701497
16.93447,-222.596,4.129694,0.08429082
16.15677,-223.9636,4.129814,0.03625565
11.18896,-227.9792,8.259616,0.02568975
14.60137,-226.6987,4.129745,0.02978518
13.82367,-228.0663,4.129807,0.009504654
12.26827,-230.8015,4.129791,0.03637123
11.49057,-232.1691,4.129769,0.03998106
10.41126,-229.3468,8.259594,0.02050607
34.47906,-239.1962,2.013575,0.0512001
33.58684,-237.7859,0.5033997,0.06963304
33.14073,-237.0808,0.1258466,0.1141191
32.999,-236.7314,0.1258391,0.1941675
33.53688,-237.2681,0.2516886,0.05827922
34.37915,-238.1606,1.00681,0.04469636
36.06368,-239.9455,4.027133,0.04328306
32.34376,-239.457,1.006765,0.09152493
33.2778,-240.1811,1.006795,0.04983155
31.65135,-240.1179,0.5034124,0.1127218
31.00077,-240.0926,0.5034082,0.1230867
31.69318,-239.4318,1.006759,0.09179405
32.42741,-238.0847,1.006799,0.1066918
32.60691,-237.146,0.06292535,0.2259109
32.84042,-237.327,0.062926,0.07699692
32.39837,-237.2239,0.1258454,0.2149085
32.67371,-236.7188,0.1258433,0.2249476
32.93219,-237.1586,0.06292229,0.07895122
32.69869,-236.9776,0.06292164,0.2249337
33.16976,-237.9417,0.2517137,0.09358241
32.65686,-237.6638,0.06292161,0.06225711
32.42335,-237.4828,0.06292634,0.1898902
32.86538,-237.5859,0.1258558,0.06224371
33.64492,-239.5076,1.006769,0.04962907
32.71087,-238.7835,1.006739,0.09146606
34.54644,-235.416,1.006776,0.06301785
35.48049,-236.1401,1.006775,0.02957417
33.62053,-235.8958,0.2516772,0.1677578
34.08755,-236.2579,0.2516719,0.03885129
33.20346,-236.0516,0.5033867,0.1862688
33.75413,-235.0413,0.5033805,0.150801
34.2711,-235.9211,0.2516962,0.0382955
33.80408,-235.5591,0.2517016,0.1673135
34.81365,-233.7069,2.013541,0.05757323
35.84761,-235.4666,1.00677,0.02959991
34.91356,-234.7425,1.00677,0.06277166
36.79792,-238.5985,4.027048,0.04230645
34.74627,-237.4871,1.006742,0.04526424
33.72044,-236.9314,0.2516961,0.05827977
33.25342,-236.5693,0.2516974,0.1884306
34.13751,-236.7756,0.5033591,0.04030946
35.5804,-237.1756,2.013549,0.03669268
36.89086,-231.7243,0.5033799,0.02963866
36.6074,-231.0256,0.5033796,0.04870475
37.68317,-232.099,1.006765,0.02276042
35.82322,-231.8548,0.2516907,0.05096271
36.29024,-232.2168,0.2516879,0.01201191
35.40615,-232.0105,0.5033855,0.1027246
35.91092,-231.0845,0.06292848,0.0616478
36.14443,-231.2655,0.06292839,0.07285731
35.70238,-231.1623,0.1258474,0.1227017
35.97772,-230.6572,0.1258398,0.07782175
36.23621,-231.0971,0.06292529,0.07529221
36.0027,-230.9161,0.06292538,0.04974814
36.4738,-231.8801,0.2516899,0.0215527
35.84412,-231.5117,0.1258359,0.1445673
36.16941,-231.5244,0.1258491,0.04767978
37.01633,-229.6659,2.013552,0.06805822
38.05029,-231.4255,1.006774,0.03633966
37.11624,-230.7014,1.006776,0.06352327
38.2594,-227.9948,0.5033755,0.003686774
37.60883,-227.9695,0.5033855,0.07871293
38.30122,-227.3086,1.006759,0.0519646
38.8519,-226.2983,2.013568,0.0443963
38.60096,-230.4153,2.013534,0.03034373
37.8923,-228.6683,0.503378,0.09397917
38.54288,-228.6935,0.503368,0.03067143
37.85048,-229.3544,1.006803,0.03971743
37.89925,-236.578,8.054076,0.04115623
36.94895,-233.446,1.006755,0.01701172
35.92313,-232.8903,0.2516958,0.02731819
35.4561,-232.5283,0.251693,0.1051873
36.34019,-232.7346,0.5033683,0.01051322
37.78308,-233.1346,2.013545,0.01799826
36.68174,-235.1551,2.013542,0.02661626
35.78952,-233.7449,0.5034004,0.02510414
35.34341,-233.0397,0.1258406,0.04360348
35.20168,-232.6904,0.1258403,0.1147023
35.73956,-233.2271,0.2516927,0.02732024
36.58184,-234.1196,1.006801,0.01695621
41.29622,-223.6422,0.5033776,0.02689784
41.01276,-222.9435,0.5033776,0.07251392
42.08854,-224.0169,1.006765,0.01762497
40.1368,-223.9411,1.006725,0.05549028
40.36217,-222.9182,0.5033868,0.07748761
40.64564,-223.617,0.5033868,0.05658492
41.4217,-221.5838,2.013535,0.04978454
42.45565,-223.3434,1.006778,0.01682418
41.52161,-222.6193,1.006768,0.05607086
42.89015,-218.8898,4.027077,0.0298258
42.72286,-221.6344,4.027137,0.03288059
45.82706,-213.5017,8.054149,0.02497752
44.60025,-217.5806,4.027074,0.015381
43.69873,-221.6723,2.013559,0.01415077
43.86603,-218.9277,2.013529,0.00511844
40.26923,-229.7923,32.2166,0.03648943
52.35146,-202.7508,32.2167,0.01174333
58.30893,-190.6024,4.027119,0.02733525
59.77738,-187.9083,4.027144,0.125722
61.79243,-183.6021,0.06292345,0.1388938
62.02595,-183.7831,0.06292568,0.1396964
61.5839,-183.68,0.1258513,0.1389034
61.85924,-183.1749,0.1258459,0.1256909
62.11773,-183.6147,0.06292345,0.09063388
61.88422,-183.4337,0.06292121,0.07139274
62.20544,-182.8444,0.5033885,0.08518787
62.96057,-181.1543,0.5033654,0.1128413
62.55164,-182.514,0.5033689,0.1287236
63.87836,-179.4705,0.2516949,0.131713
64.24548,-178.797,0.2516875,0.001526075
64.79615,-177.7868,0.5033876,0.001526571
63.57166,-180.4903,0.5033951,0.1316977
62.79561,-182.5235,0.2517055,0.128714
63.20454,-181.1638,0.2517037,0.1128392
61.92836,-184.3811,0.2517031,0.03741603
61.58332,-184.0238,0.1258456,0.1099137
61.90862,-184.0365,0.1258436,0.04815122
61.55138,-184.8823,0.503376,0.08767237
61.12269,-185.8973,1.006787,0.02625935
60.26532,-187.9274,2.013602,0.04840863
55.93895,-197.3881,16.10833,0.02869928
49.57254,-210.8962,16.10835,0.02065556
46.79362,-219.0415,8.054142,0.01374607
47.7788,-213.5776,8.054187,0.02309258
42.22096,-229.8682,16.10826,0.02933226
44.67459,-221.7102,8.054145,0.009512329
46.80293,-213.5396,4.027102,0.02403085
45.81775,-219.0035,4.02708,0.01554289
78.38265,-167.3144,20.02758,0.01367703
91.41019,-175.2767,20.02757,0.01494421
71.29529,-164.3492,40.05493,0.0136485
110.9515,-187.2201,20.02756,0.01517815
127.3793,-196.9189,5.007016,0.01376623
137.2217,-202.7636,2.503522,0.008085194
130.5645,-199.0365,2.503528,0.01422311
117.3219,-191.4552,10.01402,0.01517861
90.6932,-176.5466,10.01386,0.01500356
77.37886,-169.0923,10.01384,0.01365153
97.63715,-179.7658,20.02757,0.01495262
31.06548,-142.4943,20.02712,0.01177285
50.75019,-154.1837,10.01375,0.01243047
37.43585,-146.7294,10.01374,0.0117689
10.80718,-131.8208,10.01388,0.01176946
-2.507154,-124.3665,10.01389,0.01309542
17.75115,-135.04,20.02712,0.01176944
51.18039,-153.4218,20.02752,0.01253733
38.15285,-145.4595,20.0275,0.01188625
58.26776,-156.3869,40.05496,0.01239454
112.0987,-185.1882,40.05482,0.01517753
127.9529,-195.903,10.01369,0.01417261
137.4368,-202.3826,5.006788,0.008827579
130.923,-198.4015,5.006805,0.01496716
118.0389,-190.1853,20.02741,0.01517755
91.98377,-174.2607,20.0272,0.0149108
78.95624,-166.2985,20.02722,0.01364229
99.07113,-177.2259,40.05482,0.01491083
136.8838,-199.4825,10.01379,0.01360707
139.4237,-202.743,10.01381,0.02530059
131.9268,-196.6236,20.0275,0.01561146
143.6844,-202.9557,20.02742,0.03383906
141.1445,-199.6952,20.02751,0.02976818
119.4728,-187.6454,40.05521,0.01517744
133.3608,-194.0838,10.01368,0.01707126
140.1613,-197.557,10.01366,0.02363683
129.3869,-193.3632,20.02759,0.0157181
90.87549,-98.16505,13.84674,0.01578696
97.28174,-103.0007,6.923429,0.007025274
92.65438,-100.4685,6.923406,0.01318775
-60.03276,-187.8233,38.87777,0.02049038
-56.47218,-181.3302,38.87772,0.02538347
-48.86501,-165.0312,38.87757,0.02612077
-53.39765,-178.1499,38.87762,0.02567789
-38.18328,-145.5519,38.87757,0.02635251
-28.14869,-126.0394,19.43885,0.02485996
-33.97558,-139.0918,19.4388,0.02647096
-43.36305,-158.6374,38.87755,0.02616714
-51.45627,-178.2492,19.43912,0.02558203
-46.92363,-165.1305,19.4391,0.02603076
-68.09612,-203.8479,29.6608,0.002412926
-75.35413,-211.3702,29.66079,0.002757968
-65.89249,-197.9315,59.3213,0.01033589
-88.06089,-57.25254,24.50861,0.002970529
-116.0197,-37.7239,51.77645,0
-214.2554,34.5341,30.72847,0.001243538
-320.3667,-41.57651,23.19489,0
-371.4792,13.69287,51.50515,1.694368E-05
-328.6782,-24.03398,27.4323,0
-308.898,-49.20025,60.80953,0
-255.3182,26.68498,20.98141,0.0005092627
-259.798,20.02438,20.98133,0.0002545925
-255.129,31.12943,41.96376,0.0005532914
-266.5177,10.03346,20.98171,0
-272.7248,-0.235967,10.49063,0.0002545923
-269.2704,6.981695,10.4906,0
-262.3614,21.41704,10.49048,0.0002545916
-258.907,28.63473,10.49045,0.0002545924
-263.0633,17.25114,20.98178,0.0002545913
-279.9572,-9.948339,20.98178,0
-286.1643,-20.21781,10.49087,0
-282.7098,-13.00013,10.49092,0
-292.884,-30.20872,10.49094,0.0002545925
-297.3638,-36.86932,10.49098,0.001751245
-285.4624,-16.0519,10.4912,0
-288.9169,-23.26959,10.49094,0
-269.0812,11.42614,10.49098,0
-273.561,4.765543,10.49074,0.00174578
-261.6596,25.58295,10.49233,0.0002545924
-265.114,18.36526,10.49101,0.0002545919
-276.5028,-2.730657,20.98174,0.0002545924
-270.2957,7.538767,10.49114,0
-273.7502,0.321106,10.49116,0.0002545921
-270.2049,34.91206,82.61127,0.0003971104
-282.7701,14.89582,41.30633,0.000129395
-275.7622,28.9815,41.3063,1.419302E-05
-296.362,-4.564301,41.30464,0.0001293951
-309.4406,-24.30247,20.65221,0
-301.4059,-10.77294,20.65224,0.000129395
-288.8407,9.243312,41.30459,0.0001293953
-277.3021,29.8157,20.65295,1.419302E-05
-284.3101,15.73002,20.65296,0.000129395
-282.9121,42.85281,73.06444,0.0001467612
-294.9757,25.7428,36.53161,0
-288.3053,37.89531,36.53156,0.0001467613
-308.0683,9.192149,36.53188,0.0001533419
-320.6464,-7.638214,18.26527,0
-312.947,3.954941,18.26527,0.0001341028
-300.8835,21.06498,36.5318,7.515304E-05
-289.8488,38.73436,18.26613,0.0001467614
-296.5192,26.58185,18.26616,0
-295.4994,50.46569,62.60924,0
-306.5443,36.19616,31.30512,0.0001759259
-300.6709,46.30371,31.30516,0
-318.7067,22.37253,31.30486,0
-330.3103,8.325933,15.6522,0.0001759805
-323.3195,17.9876,15.6522,0
-312.2746,32.25715,31.30489,0.0001759256
-302.347,46.97258,15.65204,0
-308.2205,36.86502,15.65202,0.0001759254
-323.8997,41.65123,12.10359,0
-316.796,47.05432,12.10365,0.0002279663
-326.7122,37.99751,24.20671,0
-335.8892,27.98847,12.10371,0.0003935912
-342.2535,21.63317,12.10362,0.0004046562
-333.4463,32.11833,24.20672,2.69998E-05
-317.905,48.48262,24.20722,0.0002279662
-325.0087,43.07952,24.20711,0
-315.8318,53.08853,48.41373,0.0002279671
-282.3988,55.7794,50.24802,0.0002420068
-245.6978,35.86276,46.54184,0.0007666474
-371.5293,31.9935,65.07755,0
-360.7385,46.70069,32.53897,0
-366.406,36.29587,32.53883,0
-290.107,87.81474,16.08367,8.303964E-05
-103.7042,0.6780294,24.50129,0.03733783
-135.6885,44.79149,22.71435,0.001628026
-129.1141,39.96468,22.71439,0.0009225751
-118.7217,33.1026,11.35697,0.003290996
-111.882,28.46486,2.839289,0.01188631
-108.5947,26.05147,2.839277,0.02960507
-114.0563,29.29345,5.678516,0.01167192
-123.0704,34.75976,22.71425,0.002945136
-137.2807,43.65714,45.42826,0.0007848494
-144.9166,47.72771,45.42838,0
-47.57758,-15.62885,27.65047,0.01265733
-47.05919,-9.991074,27.65044,0.004997605
-93.28811,11.41683,30.32398,0.04678765
-99.97819,13.46152,7.60284,0.05035072
8.989811,-42.07102,8.557838,0.06787712
4.890154,-45.33239,4.278877,0.05578872
6.952094,-42.76431,4.278895,0.0610502
11.57935,-37.92355,17.1157,0.07707143
5.872679,-47.79791,17.11574,0.04525422
9.46897,-44.24118,8.55785,0.05853387
8.413777,-47.39999,8.557903,0.05044385
18.29277,-28.63993,8.557852,0.03408249
17.23757,-31.79875,8.557816,0.04016355
22.41666,-23.50378,4.278943,0.0718381
25.25788,-19.504,2.139484,0.09509753
23.82516,-22.44129,0.534871,0.09392165
23.04587,-23.87301,0.534873,0.07224716
23.96311,-21.57774,1.069744,0.07797009
19.80289,-29.52605,4.278965,0.03547652
20.85809,-26.36723,4.278968,0.03816859
13.06526,-40.68444,4.278967,0.07292315
15.391,-37.32668,1.069751,0.07192647
16.8116,-35.32677,0.5348412,0.06775879
16.03232,-36.7585,0.5348602,0.07657864
14.34791,-39.54811,2.13949,0.0753992
11.23078,-45.27498,2.139402,0.05694702
9.672214,-48.13842,2.139426,0.04333139
11.50669,-43.54789,4.278934,0.06950993
14.38425,-36.73592,2.13946,0.07152551
15.91859,-35.74725,2.139442,0.0456597
13.08948,-38.80966,4.27892,0.07404143
15.94281,-33.87248,4.27886,0.0475965
14.40847,-34.86115,4.278926,0.06735795
82.79723,-94.10474,33.63197,0.02639657
66.03829,-84.685,16.81585,0.02324992
77.56744,-90.27332,16.81589,0.02318708
49.54677,-74.7466,16.8159,0.02314183
32.92156,-65.06751,8.408078,0.02181254
44.1833,-71.17448,8.408083,0.02316549
66.70679,-83.3884,8.408137,0.02324987
77.96854,-89.49535,8.408139,0.02318708
60.80851,-80.85357,16.81588,0.02324991
108.002,-102.9249,10.60542,0.01464511
112.9615,-73.71701,20.44373,4.850578E-05
94.81789,-57.34444,14.07005,0.0007765128
102.0828,-63.78051,14.07009,0.0008317963
90.06902,-54.8589,28.14042,0.001288243
76.93881,-46.66977,14.06985,0.008866196
68.27838,-41.14929,3.51761,0.01876022
64.08772,-38.2975,3.517622,0.01984547
70.93192,-42.20895,7.034921,0.008758827
82.2459,-48.78908,28.14041,0.001409202
103.7574,-62.68179,28.14008,0.0004330786
96.49252,-56.24573,28.14,0.0003776214
109.6227,-64.43488,56.28019,0.0004359648
200.6296,-50.9647,9.163412,0.0001634524
208.4252,-40.32501,9.163395,0
197.1019,-56.82418,18.32629,0.0001634529
186.1488,-73.86295,9.163189,0.004674437
178.8158,-85.17716,2.290758,0.01540288
175.1493,-90.83426,0.5726705,0.02995713
173.293,-93.62909,0.5726752,0.03283132
175.985,-89.30196,1.14538,0.0160278
180.4871,-82.11253,4.581604,0.005471298
189.4913,-67.73368,18.32626,0.00104656
207.8699,-39.51559,18.32589,0
200.0743,-50.15528,18.32592,0.000163452
211.0275,-33.11654,36.65228,0
228.3882,-3.414495,2.291024,0.009572028
232.2397,1.972814,0.5726196,0.02354232
234.1886,4.632726,0.5726253,0.04420646
231.3578,0.5079448,1.1455,0.02412079
226.6243,-6.344238,4.581453,0.009564754
221.0552,-14.72872,9.16291,0.003415135
231.9158,2.444977,1.145428,0.02499716
234.0499,4.835083,1.145447,0.04600229
231.0339,0.9801229,2.290705,0.02420347
228.1106,-3.009766,4.581447,0.009570976
233.7722,5.239807,2.290786,0.04526498
231.6382,2.849701,2.290746,0.02409865
234.4691,6.974493,4.581627,0.04510107
242.2675,20.36061,0.5727196,0.1468259
244.2164,23.02054,0.5727285,0.162131
241.3856,18.89576,1.145312,0.1461955
238.6473,14.63607,0.5727537,0.1206204
236.814,11.80754,0.1431628,0.09678188
235.8859,10.41013,0.1431623,0.07414009
237.2319,12.57368,0.2863784,0.09099127
239.0419,15.43594,0.5726014,0.1653526
239.9239,16.90081,0.5726532,0.1277146
244.0776,23.22292,1.145453,0.162214
242.1287,20.56298,1.145435,0.1470355
244.867,24.8227,2.290822,0.1644898
249.184,32.28192,2.290947,0.1789562
252.2244,37.47639,0.2863802,0.2235267
253.1064,38.94124,0.2863589,0.1654521
254.4292,41.13853,0.5727342,0.1356685
252.2938,37.37521,0.5725689,0.2128064
251.4582,35.84291,0.5727312,0.1780792
247.6053,29.08238,4.58166,0.1782233
238.9712,14.16389,1.145375,0.1143135
236.4656,10.9402,0.5727342,0.1473285
237.3938,12.33761,0.5726829,0.09010846
239.8068,15.69622,2.290854,0.1154135
242.4988,20.02337,1.145334,0.1451493
244.3552,22.8182,1.145329,0.1620845
241.7557,18.35613,2.290882,0.1432647
237.2074,11.23418,2.290808,0.07800609
239.2488,13.75918,2.29083,0.1130578
236.5568,9.432053,4.581607,0.07728066
221.6105,-15.53814,18.3262,0.001471684
228.8509,-4.08904,4.58156,0.008154273
232.4711,1.635534,1.145405,0.02155424
234.3274,4.430369,1.145421,0.04203531
231.728,-0.03170776,2.290775,0.02233935
227.3646,-7.423477,9.163058,0.008089711
218.638,-22.20703,36.65233,0.001476996
187.4443,-75.75161,18.32622,0.005476913
179.4636,-86.12148,4.581558,0.01736434
175.4732,-91.30642,1.145421,0.03002178
173.4318,-93.83143,1.145424,0.03282962
176.3089,-89.7741,2.290766,0.01791546
181.1349,-83.05685,9.163116,0.006304502
190.7869,-69.62234,36.65284,0.001262626
201.555,-52.31376,18.32633,0.0001634522
208.9804,-41.13445,18.32628,0
198.5825,-58.98265,36.6529,0.0001596564
180.7591,-88.01015,9.163153,0.01673179
174.9152,-93.24345,4.581535,0.0438896
176.9566,-90.71844,4.581552,0.01696131
182.4304,-84.9455,18.32637,0.007005133
188.5548,-77.37046,36.65271,0.005471346
177.0464,-93.59979,18.32645,0.01981195
181.8696,-89.629,18.32652,0.01675679
176.9511,-96.21134,18.32636,0.02942698
175.2798,-99.27597,18.32614,0.04829505
168.5857,16.63203,66.79073,0.001081348
183.8562,11.00391,43.2087,0.00120429
179.7739,3.857381,43.20888,0.0007435484
140.2299,1.133341,78.21381,0.001948402
130.9928,-18.88712,39.10699,0.00173783
135.5702,-5.202815,39.10691,0.001545402
101.6355,26.5079,44.33492,0.001122875
111.9124,19.10686,22.16701,0.001579425
104.2679,22.6948,22.16699,0.001161414
55.51937,-36.99683,22.84525,0.0320498
-50.93464,165.5366,68.46098,0
-33.17688,158.3279,34.23014,0
-45.16946,161.4828,34.23021,0
-15.53466,149.8811,34.23014,0
2.16534,142.0534,17.1154,0
-9.711689,146.4464,17.11544,0
-27.46948,153.6551,34.23017,0
-45.3428,159.6255,17.11475,0
-33.35022,156.4707,17.11471,0
19.74979,132.9875,34.22985,0
37.44981,125.1598,17.11522,0
25.57277,129.5528,17.11522,0
52.15166,118.1208,8.557219,0.0003499594
59.53146,114.9108,2.139382,0.004368215
63.95648,112.9539,1.069694,0.01913437
60.98721,114.0521,1.069705,0.009857969
55.06313,116.4034,4.278751,0.001915861
67.24995,111.2153,0.5348325,0.03469216
68.36703,110.8422,0.2673976,0.1338261
67.60305,110.8846,0.2673921,0.07001396
69.83722,110.1383,0.5348681,0.1553988
68.71291,110.434,0.2674273,0.1275322
67.58139,110.6524,0.1337395,0.06713693
68.34538,110.61,0.1337423,0.1324457
72.77759,108.7305,1.069669,0.1639672
70.55064,109.5542,0.5348319,0.1531099
68.68762,110.1632,0.1337076,0.132539
67.57055,110.5363,0.06684967,0.06715876
68.32008,110.3392,0.0668479,0.1504435
69.81554,109.9061,0.2674146,0.155309
77.18816,106.6188,1.06966,0.1693129
81.60596,104.5844,0.5348102,0.1536995
78.65113,105.8375,0.5348173,0.1693379
74.2261,107.7944,1.069656,0.1617873
70.52535,109.2833,0.267481,0.1530774
68.675,110.0277,0.06686038,0.1347205
67.56513,110.4783,0.0334409,0.06709965
68.30744,110.2037,0.03344186,0.1597709
69.79026,109.6353,0.1337234,0.1600506
72.75591,108.4983,0.5349644,0.16211
66.11481,111.395,1.069692,0.04215835
63.88425,112.18,0.5349006,0.009804185
65.39056,111.863,0.5348986,0.02920176
60.92943,113.433,1.069731,0.009514811
63.16722,112.7254,0.5348595,0.01089981
65.41222,112.0952,0.2674439,0.03334809
63.90592,112.4122,0.2674448,0.01767017
55.01979,115.9391,2.13956,0.001646939
59.47369,114.2917,1.069792,0.003582474
63.93482,112.7217,0.5348319,0.01913208
60.95111,113.6652,0.5348341,0.009513225
43.24389,121.4155,17.11446,0
25.48611,128.6242,8.557177,0
37.36316,124.2311,8.557177,0
7.843878,137.071,34.22974,0
-9.942788,143.9701,17.11481,0
1.992021,140.1962,17.1148,0
-27.67169,151.4883,17.11497,0
-45.42946,158.6969,8.557655,0
-33.55243,154.3039,8.557671,0
-15.76576,147.4048,17.115,0
2.078676,141.1248,8.557255,0
-9.856133,144.8987,8.557262,0
-109.7071,121.8137,6.287415,0
-114.9723,114.337,6.287378,0
-107.4712,126.05,12.57386,0
-100.3668,138.261,6.286782,0
-95.49835,146.2357,6.286756,0
-102.4043,133.7757,12.57393,0
-114.3771,113.5901,12.57395,0
-109.1119,121.0668,12.57402,0
-116.2162,108.8558,25.14829,0
-127.1971,87.42532,6.287393,0
-122.3286,95.39996,6.287377,0
-129.2345,82.94001,12.57413,0
-135.7437,69.98212,6.287275,0
-140.2154,61.50952,6.287266,0
-133.9046,74.7164,12.57414,0
-122.9238,96.14691,12.57383,0
-127.7922,88.17227,12.57386,0
-121.2831,101.1302,25.14821,0
-101.7556,140.0039,12.57429,0
-96.09353,146.9826,12.5743,0
-103.793,135.5186,25.14845,0
-110.699,123.0586,12.57377,0
-115.5675,115.084,12.57374,0
-109.0583,128.0419,25.14831,0
-97.28387,148.4765,25.14804,0
-102.9459,141.4977,25.14802,0
-96.03998,153.9577,50.29648,0
88.46633,105.854,4.109509,0.07771144
86.44934,104.9806,4.109456,0.1055865
89.11134,108.85,4.109596,0.07012493
89.35366,107.1438,4.10956,0.07897374
89.83834,103.7315,4.109597,0.08344141
90.08067,102.0254,4.109567,0.1024907
86.69169,103.2744,4.109614,0.1225601
88.70867,104.1479,4.109667,0.09734724
91.89451,111.8663,8.219193,0.03312869
93.66919,114.446,8.219114,0.01667898
92.05666,106.956,4.109606,0.06720082
91.53281,103.107,2.054739,0.1026292
91.29049,104.8132,2.054783,0.06920353
91.37067,108.0173,4.10956,0.0461797
91.12833,109.7234,4.109596,0.03477312
260.2144,61.60454,14.01672,0
268.2197,45.354,2.822532,0.06675826
267.8145,43.65155,2.822538,0.08354847
266.5317,47.54959,2.822553,0.02621749
267.7921,46.65335,2.822514,0.05539313
270.6279,44.63678,0.7056104,0.1073343
270.4253,43.78558,0.7056514,0.1201923
270.099,45.51052,1.411213,0.0924053
271.9895,44.16616,1.411242,0.1406196
271.0555,43.33746,0.705593,0.1165361
271.2581,44.18866,0.7055519,0.1037847
269.0748,42.75533,2.822412,0.1031824
269.48,44.45778,2.822406,0.0867781
274.7241,41.724,5.645105,0.1707094
277.6612,40.13304,1.411243,0.1538764
279.1297,39.33759,0.3528478,0.1419072
280.0216,38.82785,0.1764189,0.027292
279.4983,38.95112,0.1764288,0.1289068
278.3982,39.36008,0.7056166,0.1475743
276.1982,40.17807,2.822515,0.1677762
272.8447,41.56749,5.644927,0.1526936
270.7516,42.06063,5.644981,0.1111558
296.5963,11.74706,6.245337,0.03829815
294.4673,10.25545,6.245554,0.05704543
295.5765,13.64011,12.49035,0
301.8294,10.19824,12.49104,0.03017553
296.5515,9.108134,6.245652,0.04844592
298.6806,10.59974,6.245435,0.02816261
307.0401,7.330048,6.24538,0.01435305
310.1778,6.268835,3.122714,0
308.0711,6.09669,3.122715,0.01772813
314.3464,3.974289,6.245372,0.002447788
311.2032,4.705622,3.122702,0.001650025
308.0544,5.107117,1.561329,0.01772819
310.161,5.279261,1.561329,0
303.8802,7.071828,12.49076,0.02286272
299.6892,8.046936,12.49047,0.03053598
320.5881,-0.1272583,12.49102,0.01267648
326.8522,-2.909378,6.24527,0.0003947522
322.6613,-1.93425,6.245298,0.008918761
335.1894,-7.498489,12.49017,0.004402164
328.9197,-5.046209,6.245145,0.003808263
322.6445,-2.923803,3.122625,0.009052918
326.8354,-3.898931,3.122611,0.0006134973
316.3916,0.5180003,12.49085,0.01024014
311.1557,1.901835,3.122735,0.01616347
308.5377,2.59377,0.7806805,0.02224372
307.4928,3.002482,0.780669,0.02649427
310.1163,2.640416,1.561361,0.01678616
314.3129,1.995143,6.245439,0.01619385
303.8411,4.762817,6.24538,0.03068108
297.5658,6.885208,3.122809,0.03756811
301.7567,5.9101,3.12281,0.04354825
307.5193,4.569315,1.561224,0.01835483
306.4604,4.153387,1.56139,0.04157419
310.1386,3.959839,1.561333,0.007767838
307.5026,3.579747,0.7807355,0.06386277
308.5615,3.995677,0.7806292,0.01152904
314.3296,2.984721,3.122651,0.01529273
310.1247,3.135203,0.7806722,0.01678445
307.497,3.249878,0.3903387,0.08544205
308.5503,3.335953,0.3903323,0.02200431
311.1808,3.3862,1.561333,0.01525761
263.9505,-53.24226,0.03227724,0.0750116
260.4744,-52.41231,0.01613226,0.08495822
262.7919,-52.96151,0.0161324,0.07417426
320.8302,-113.1543,9.498735,0.1611038
323.4259,-109.4405,2.374668,0.1498189
325.0333,-107.2423,1.187348,0.159831
324.2952,-108.9083,1.187355,0.1488482
322.5689,-112.0898,4.749287,0.1500899
327.7602,-104.6623,4.749168,0.1647554
330.606,-101.0989,1.18734,0.1771963
332.3384,-98.97589,0.5937215,0.2129067
331.3502,-100.4915,0.5937269,0.232963
329.2487,-103.4474,2.37466,0.174256
324.6766,-110.1924,1.187326,0.1466062
326.4091,-108.0694,0.5935905,0.1432109
325.4208,-109.585,0.5936103,0.1325089
323.3193,-112.5409,2.374605,0.1467524
326.403,-107.0109,2.374609,0.1501715
324.7955,-109.209,1.18741,0.1541993
325.5336,-107.5431,1.187403,0.1650349
315.3418,-123.0402,1.187375,0.2691554
314.943,-124.119,0.5936912,0.2848271
315.5324,-123.6822,0.2967991,0.270456
315.473,-124.1739,0.2968592,0.2092942
316.8897,-121.3337,1.187327,0.1942026
316.2767,-123.0748,0.2967963,0.2200674
315.8779,-124.1536,0.1484296,0.3624523
315.9373,-123.6619,0.1483924,0.2235861
316.2111,-122.508,0.5936733,0.2067662
318.7472,-119.2859,1.18742,0.1803489
320.4797,-117.1629,0.5936804,0.1604061
319.4915,-118.6784,0.5936719,0.1781703
317.5151,-121.7096,0.5936605,0.1929804
316.5894,-123.2628,0.1484516,0.2022396
316.0952,-124.0206,0.1484603,0.1653179
316.7113,-122.8087,0.296828,0.2002679
317.759,-120.8015,1.187412,0.1904608
313.1869,-127.5464,9.498693,0.2699344
319.8544,-116.7869,2.374743,0.1573539
318.616,-118.1522,2.374736,0.1762576
320.0327,-115.3119,2.374654,0.169084
318.9937,-116.1377,0.1484046,0.1297251
318.7733,-115.7415,0.1484188,0.1663498
319.3838,-116.2404,0.2968178,0.1710928
318.5442,-116.5268,0.2968126,0.166501
318.4934,-115.837,0.1484379,0.1905785
318.7139,-116.2332,0.1484238,0.1632706
318.9727,-115.2021,1.187392,0.1493011
316.7584,-120.2,2.374637,0.1896093
315.5201,-121.5652,2.374782,0.2786113
317.3653,-117.4003,1.187322,0.175542
318.1331,-115.4885,0.1484046,0.1565065
317.8235,-115.8298,0.1484036,0.2840157
318.3473,-114.8262,0.2967934,0.1562696
317.9189,-116.1509,0.1484323,0.1724297
318.2284,-115.8095,0.148428,0.1346175
318.0142,-116.4719,0.2968239,0.1706294
317.4965,-118.534,2.374684,0.1797509
328.5453,-100.3876,0.2968027,0.1942005
328.6048,-99.89594,0.2968377,0.1695222
329.0159,-100.9342,0.5936387,0.1899005
327.5151,-100.032,0.5936704,0.1835738
328.1045,-99.59519,0.2968394,0.2104298
328.0451,-100.0869,0.2968044,0.2372092
329.4742,-99.36371,1.187354,0.204657
329.5757,-100.7433,0.5937268,0.1890298
329.1348,-99.95084,0.5936965,0.2124687
331.1534,-98.79092,1.187311,0.210705
332.2728,-98.40903,1.187268,0.1166686
330.4153,-100.4568,1.187361,0.1698273
330.5342,-99.47351,1.187305,0.2123935
327.4977,-102.3949,9.498652,0.1856137
329.3306,-96.11295,4.749403,0.2105616
331.3911,-96.82421,1.18729,0.2101985
332.3917,-97.42569,1.187338,0.1168076
330.772,-97.50684,2.374725,0.2105503
328.0922,-97.47817,9.498879,0.2110908
323.7231,-106.9822,1.187365,0.1275981
324.8426,-106.6003,1.187407,0.1615403
322.985,-108.6481,1.187388,0.149344
323.1039,-107.6648,1.187388,0.1239336
324.4612,-105.3162,2.374808,0.1526762
323.3417,-105.6981,2.37471,0.1273985
320.5677,-110.8869,4.749452,0.1456518
322.1628,-106.5716,2.374582,0.1014369
321.9845,-108.0466,1.187363,0.1187168
321.8656,-109.03,1.187363,0.1444327
325.556,-100.7002,1.187464,0.1859066
325.6749,-99.71691,1.187396,0.2133428
324.3176,-102.0655,0.5936783,0.1825694
323.6984,-102.7481,0.593679,0.09512065
324.621,-100.6656,0.2968283,0.1957449
324.99,-99.83265,0.2968309,0.1829996
324.6866,-101.2325,0.5936742,0.186976
326.4724,-97.5593,4.74962,0.210424
325.3181,-102.6669,1.187373,0.1767983
324.1689,-103.2946,0.296835,0.1745069
323.6092,-103.4856,0.2968029,0.1077623
324.5083,-102.7075,0.5936378,0.1787311
325.9969,-101.4927,2.374771,0.1815722
325.0804,-104.6336,1.187422,0.1608161
323.7999,-104.1276,0.5936408,0.1229136
324.3596,-103.9367,0.5937078,0.16672
325.6996,-103.951,2.374855,0.1714028
275.2531,-175.5161,21.84063,0.03282429
280.6157,-166.6633,10.92012,0.06019473
278.453,-171.3648,5.460121,0.02503162
280.4767,-168.9291,2.730131,0.04703467
279.8191,-170.9197,2.730121,0.04956861
274.9752,-180.0476,43.68089,0.02979054
275.9312,-190.5513,55.8807,0.02540649
121.4669,-355.5569,25.73122,0.001742224
130.0153,-360.3651,25.7312,0.0009834301
116.1803,-355.2589,51.46225,0.004782916
142.8379,-367.5775,25.73116,0.0005295175
155.9137,-374.2633,12.86566,0.0004157314
146.8591,-370.5081,12.8657,0.0005373309
128.7499,-362.9978,12.865,0.001064547
119.6953,-359.2427,12.86502,0.0007913141
133.7833,-363.8223,25.73104,0.0008483016
99.47571,-374.5704,71.48677,0.004703388
92.77897,-393.3311,35.74324,0.0047187
95.5307,-380.8778,35.74324,0.00490486
91.74447,-361.9395,78.34692,0.003741501
72.65664,-349.8296,39.173,0.001386881
86.01568,-356.4807,39.17297,0.001476218
61.91962,-335.8419,27.86719,0.0004105057
128.5259,-293.1966,11.93573,0.01610404
124.884,-290.3589,11.93575,0.02320952
131.4161,-292.5353,23.87158,0.02694058
117.6003,-284.6836,23.87107,0.01960782
125.9533,-288.2788,23.87107,0.02407613
165.8869,-211.199,10.86067,0.009361245
170.7279,-215.2672,5.430236,0.01324953
167.1237,-213.2355,5.430248,0.0128068
158.1132,-208.1562,10.86066,0.03048689
162.2827,-209.1673,10.86073,0.01329602
173.6606,-214.2419,21.72123,0.02942059
170.6217,-211.1896,21.72138,0.02141967
150.4409,-204.3843,5.57792,0.03821791
96.05918,-301.1715,24.73207,0.01220612
101.7841,-294.1153,24.73213,0.01658236
95.06342,-306.2389,49.46408,0.01168972
-28.78015,-341.7147,41.70013,0.0002700024
-39.30406,-321.4065,30.67688,0.009925085
-42.8714,-326.0344,30.67701,0.007083134
-83.31519,-260.1667,64.79031,0.0007194923
-93.6968,-275.5868,32.39496,0.0001649304
-88.14414,-264.5656,32.39496,0.0004948427
-77.03098,-251.3661,4.332277,0.0009030381
-98.00314,-241.3729,24.6424,0.0004293528
-144.4661,-213.5311,17.34225,0.0005782326
-153.696,-205.4404,17.34224,0.001490909
-138.7607,-216.8621,34.68466,0.0004490216
-122.7351,-227.5695,17.34218,0
-112.4147,-234.9459,17.34216,0
-128.9856,-224.5957,34.68477,0
-155.3316,-206.5119,34.68442,0.001676224
-146.1016,-214.6026,34.68444,0.0006828417
-162.1273,-203.8952,69.36917,0.001677272
-82.11068,-232.8563,22.77966,0.00168965
7.062926,-230.6331,12.10001,0.0255856
9.816407,-232.8122,6.049902,0.0370316
7.245774,-232.7309,6.049899,0.02629717
8.925538,-236.4647,0.8465809,0.04690479
9.278501,-237.0613,0.8466102,0.07855612
7.816706,-236.7223,1.693198,0.04842548
10.61376,-235.0544,1.693165,0.04843695
10.21085,-236.5054,0.8466047,0.09263401
9.85789,-235.9087,0.8465754,0.06795204
8.232944,-238.4919,6.772749,0.03591066
6.115149,-234.912,6.772808,0.02977553
9.618136,-234.4374,3.386418,0.04666412
7.753437,-235.5494,3.386434,0.03103294
7.137444,-241.9702,1.69327,0.03562614
6.558059,-243.1228,1.693167,0.0270366
6.141819,-241.3532,3.386384,0.01581683
5.39929,-245.4281,3.386432,0.03255297
5.27274,-243.0821,3.386359,0.0161203
4.956374,-237.2173,6.772808,0.01610254
6.36824,-239.6039,6.772798,0.02826257
3.018486,-248.8656,6.772754,0.03174208
2.534018,-251.7777,0.4232856,0.06885
2.244321,-252.354,0.4233003,0.1206094
2.0362,-251.4692,0.8465895,0.06097413
1.664935,-253.5066,0.8465866,0.08425058
1.601656,-252.3337,0.846564,0.04827247
1.79644,-249.9979,3.386435,0.05044639
0.4745318,-255.2254,1.693195,0.0767346
-0.07322121,-256.9645,0.8466089,0.06534706
-0.1364911,-255.7915,0.8465652,0.07890557
-0.9422894,-258.6935,0.8466136,0.0558171
-1.650702,-260.4275,0.4233227,0.1232609
-1.392645,-259.2647,0.4233006,0.1215274
-0.8449052,-257.5255,0.8465838,0.04284767
-0.6184871,-255.7763,0.4232979,0.06274574
-0.5552171,-256.9492,0.4233197,0.04296352
0.1873175,-252.8744,1.693139,0.04492897
0.5719211,-254.0575,1.693161,0.07299577
0.832449,-249.9674,1.693169,0.03367098
1.11966,-252.3184,0.4233098,0.04579576
1.18294,-253.4914,0.4233211,0.08261589
0.7666906,-251.7218,0.8465769,0.0496507
2.444062,-244.1636,6.772806,0.005431374
3.213268,-246.5298,6.772822,0.03366349
3.73433,-238.3496,6.772755,0.01480452
4.308756,-243.0516,1.693136,0.004201296
4.435306,-245.3975,1.693173,0.02736523
3.602827,-241.8583,3.386348,0.00387766
-3.934125,-262.6971,6.772801,0.0351695
-4.418606,-265.6093,0.4233085,0.04435755
-4.708303,-266.1855,0.4233088,0.04612001
-4.916417,-265.3007,0.8466201,0.02251986
-5.054599,-267.1992,0.2116459,0.2376894
-5.231086,-266.9008,0.2116582,0.02045343
-5.344282,-267.7755,0.1058191,0.2816363
-5.481226,-268.2103,0.0529166,0.2292707
-5.497038,-267.917,0.05291295,0.2781382
-5.536591,-267.1839,0.105824,0.04259359
-5.360104,-267.4823,0.105819,0.2586807
-5.527444,-265.8669,0.4232962,0.04081905
-5.174485,-266.4635,0.4233019,0.03286162
-5.156166,-263.8294,3.38636,0.014054
-6.389837,-269.2061,0.211669,0.1103069
-5.923663,-268.9281,0.2116487,0.1899279
-6.446438,-269.6434,0.4233233,0.1193398
-6.9759,-268.7484,0.4233013,0.1173386
-6.260813,-268.6247,0.1058134,0.11336
-5.939489,-268.6349,0.1058113,0.1969999
-6.566328,-268.9077,0.2116448,0.1121542
-6.88098,-270.5079,0.4233095,0.1469417
-7.154855,-271.3774,0.2116639,0.1776417
-7.186494,-270.7909,0.2116343,0.1108012
-7.089102,-269.6231,0.8466191,0.09913829
-7.894914,-272.525,0.8466122,0.1145705
-8.60332,-274.259,0.4232977,0.112765
-8.345272,-273.0962,0.4232977,0.135579
-7.893667,-271.0613,0.4233046,0.1097928
-7.701369,-271.6529,0.4233063,0.1554206
-7.571097,-269.6078,0.4232844,0.09913944
-7.427492,-270.7833,0.1058193,0.1242733
-7.395853,-271.3698,0.1058341,0.1876893
-7.603972,-270.485,0.2116422,0.1242752
-6.765307,-266.7059,1.693178,0.06492016
-6.380705,-267.8891,1.693189,0.1016243
-6.120158,-263.7989,1.693223,0.0283668
-5.832956,-266.1499,0.4233103,0.01468302
-5.769689,-267.3229,0.4233028,0.04825151
-6.18592,-265.5533,0.8466265,0.02388256
-9.633058,-275.9829,0.4232963,0.146224
-9.922755,-276.5592,0.423326,0.1298974
-10.13088,-275.6744,0.8465846,0.1082486
-10.35731,-277.4237,0.423316,0.1365878
-10.63118,-278.2932,0.2116572,0.1647239
-10.66282,-277.7068,0.2116276,0.1349479
-10.56543,-276.5389,0.8466319,0.1362909
-11.13813,-279.3018,0.211635,0.1880899
-11.31461,-279.0034,0.2116611,0.1370345
-11.42783,-279.8781,0.1058297,0.2739519
-11.56477,-280.3129,0.05292282,0.3845978
-11.58059,-280.0197,0.05291549,0.2703583
-11.62012,-279.2865,0.1058342,0.169869
-11.44365,-279.5849,0.1058226,0.1540913
-11.93479,-280.8867,0.2116275,0.3930325
-12.21657,-281.6096,0.05291487,0.4183224
-12.39368,-282.0431,0.02645621,0.2099936
-12.32916,-281.7524,0.02645809,0.4183202
-12.15996,-281.1723,0.1058187,0.4183814
-11.96643,-280.3002,0.0529055,0.3488958
-11.92595,-279.9355,0.02645669,0.267038
-11.87788,-280.0834,0.02645465,0.3299809
-11.83802,-280.4506,0.1058395,0.372821
-11.77288,-279.4281,0.1058264,0.1369193
-11.70109,-280.0158,0.02645337,0.2703676
-11.68527,-280.3091,0.02645703,0.3846089
-11.76529,-279.9406,0.02644991,0.3154896
-11.81336,-279.7927,0.02645195,0.1646365
-11.43449,-278.2678,0.2116499,0.1558371
-11.30546,-277.6864,0.211635,0.1363249
-11.17768,-278.5687,0.4232856,0.1479041
-11.04742,-276.5237,0.4232917,0.1200777
-10.90381,-277.6991,0.105821,0.1368213
-10.87217,-278.2856,0.1058358,0.1663321
-11.08029,-277.4008,0.2116421,0.1201339
-13.10938,-282.8987,0.8466024,0.1662553
-13.81779,-284.6327,0.4232985,0.1271773
-13.55974,-283.4699,0.4232837,0.1267812
-14.97657,-286.938,0.8466346,0.04977489
-14.34848,-285.2014,0.4233177,0.0509627
-13.80072,-283.4623,0.2116202,0.1000657
-14.05878,-284.6251,0.2116276,0.1022718
-13.0905,-281.9478,0.0529105,0.2910179
-13.3035,-282.0875,0.05291684,0.3097905
-13.09232,-281.7282,0.1058211,0.4183871
-12.92801,-282.1726,0.2116587,0.2057152
-12.93529,-281.2941,0.1058386,0.4183781
-12.88478,-280.9297,0.02644916,0.292778
-12.84643,-280.7114,0.01323186,0.1606916
-12.81844,-280.8587,0.01322827,0.4358144
-12.80262,-281.1519,0.05290568,0.4183552
-12.69065,-281.7409,0.05291319,0.4183933
-12.5805,-282.1104,0.02645716,0.1513409
-12.68884,-281.9606,0.02645841,0.2720316
-12.87932,-281.5886,0.1058238,0.418397
-12.67541,-280.3509,0.05291193,0.1606906
-12.48675,-280.5032,0.02645837,0.2676973
-12.64742,-280.4981,0.02646164,0.1606927
-12.54455,-279.9891,0.05291351,0.1236047
-12.44841,-280.2849,0.01322711,0.1607251
-12.42041,-280.4321,0.01322525,0.4045098
-12.54273,-280.2087,0.02645306,0.1607192
-12.33521,-279.4103,0.1058066,0.1101489
-12.34373,-279.9955,0.02645627,0.1244809
-12.35408,-280.3611,0.0132278,0.4872947
-12.38207,-280.2138,0.01322817,0.1607103
-12.41189,-279.847,0.05290509,0.1252136
-12.48129,-281.1621,0.1058181,0.4183621
-12.48982,-281.7473,0.02645971,0.4182314
-12.50017,-282.1129,0.0132271,0.1713229
-12.52816,-281.9657,0.0132271,0.2673676
-12.55798,-281.5988,0.05290901,0.4184071
-12.5111,-280.7952,0.05292166,0.4183496
-12.69976,-280.6429,0.02645439,0.2843177
-12.53909,-280.6479,0.02645112,0.3832023
-12.64196,-281.157,0.05292213,0.4183442
-12.73811,-280.8612,0.01322513,0.4098541
-12.7661,-280.714,0.01322872,0.186578
-12.64378,-280.9374,0.02646293,0.4183514
-11.94083,-278.5445,0.2116568,0.130107
-11.70714,-277.6737,0.1058055,0.1364403
-11.75582,-278.2576,0.105809,0.1558443
-11.28842,-276.516,0.2116734,0.1017936
-11.48195,-277.3881,0.1058275,0.1017107
-11.63533,-278.2614,0.05292762,0.1557849
-11.58664,-277.6775,0.05292585,0.1363627
-11.94937,-279.1297,0.2116678,0.1379837
-12.03032,-279.859,0.05291327,0.2075779
-12.08692,-280.2964,0.02645417,0.4183223
-12.10273,-280.0031,0.02645232,0.1961275
-12.09421,-279.4179,0.105808,0.1252065
-12.25611,-280.8765,0.1058242,0.4183307
-12.37724,-281.6045,0.02645957,0.4184409
-12.45392,-282.0412,0.01322445,0.2103421
-12.42958,-281.7492,0.01322721,0.4185209
-12.36079,-281.1659,0.05291546,0.4184281
-12.23115,-279.8526,0.02646161,0.1258791
-12.30783,-280.2893,0.01322362,0.2798634
-12.28349,-279.9974,0.01322452,0.124397
-12.21471,-279.4141,0.05292138,0.1101563
-12.23967,-280.4379,0.05291203,0.363034
-12.18306,-280.0005,0.0264606,0.1149824
-12.16725,-280.2938,0.02646245,0.4015028
-10.09801,-274.7972,1.693198,0.1137017
-9.679287,-273.6395,1.693241,0.09998491
-9.051197,-271.9029,3.386503,0.08594429
-7.278923,-266.1042,3.386369,0.04907917
-7.924058,-269.0112,0.8465921,0.09882455
-8.150482,-270.7604,0.4233198,0.1109581
-8.213749,-269.5875,0.4232903,0.07107487
-8.537575,-272.5047,0.4232977,0.1025516
-8.795623,-273.6674,0.4232944,0.1754668
-8.503448,-270.1638,0.423299,0.1345276
-8.440182,-271.3368,0.4233126,0.113654
-4.654639,-259.7469,3.38636,0.03796054
-3.36204,-260.666,0.8466028,0.05474721
-2.92874,-261.2653,0.846575,0.06197737
-4.430701,-260.925,1.693191,0.03517653
-3.607845,-256.8527,3.386399,0.0348663
-2.838632,-259.2189,0.8465974,0.04947263
-2.398045,-260.6966,0.4233232,0.03421813
-2.831345,-260.0974,0.4233212,0.05160447
-3.593265,-258.6095,1.69317,0.03137781
-2.351688,-253.3795,3.386383,0.032222
-1.41686,-249.8962,1.693184,0.02218501
-1.611642,-252.232,1.693184,0.03537706
-2.001202,-256.9035,1.693188,0.04500253
-2.035308,-259.2444,0.423299,0.04906514
-2.132696,-260.4122,0.4232843,0.06607635
-2.307943,-258.6502,0.8465941,0.03808448
-2.546471,-255.7153,3.386382,0.02485853
0.579354,-245.2755,6.772862,0.01666263
2.770345,-238.3191,3.386381,0.01400301
1.738126,-242.9703,3.386396,0.005198286
0.1265176,-248.7741,3.386435,0.02677199
-0.326313,-252.2726,1.693205,0.04277821
-0.4528713,-249.9267,1.69322,0.02314498
-0.9714572,-255.1796,0.8466251,0.04703147
-1.229516,-256.3424,0.8465672,0.08013923
-1.584949,-258.6731,0.4232962,0.04377854
-1.8917,-260.4198,0.2116485,0.09925316
-1.794312,-259.252,0.2116559,0.09022569
-1.519204,-256.9187,0.846607,0.04741446
-1.129651,-252.2472,0.8466023,0.03481634
-0.9348691,-249.9115,0.8466023,0.0211907
-0.9057026,-253.4253,1.693249,0.04222877
35.32239,-243.7427,12.24998,0.03884598
32.90717,-242.0797,3.062539,0.05515882
31.69955,-241.2482,0.7656245,0.05327769
31.0029,-240.6981,0.3827962,0.1202931
31.65348,-240.7234,0.3827938,0.06099661
32.81503,-241.0301,1.531258,0.05053446
35.13812,-241.6434,6.125062,0.05095512
11.32227,-58.66577,23.47648,0.02830394
-30.94939,-140.8525,18.50355,0.026465
-23.21923,-129.1821,18.50351,0.02670796
-33.86283,-147.3787,37.00734,0.02665259
-43.55479,-166.2664,18.5034,0.02623128
-50.33332,-178.6278,18.5034,0.02563136
-41.11716,-159.3947,37.00738,0.0262198
-24.64667,-128.1456,37.00708,0.02676047
-32.37683,-139.816,37.00715,0.02651833
-22.68485,-120.9283,74.01457,0.02597318
-82.33792,-51.9794,65.41021,0.004328939
-106.8498,-46.9964,29.35432,0.0002527428
-100.1192,-53.31577,29.35432,0.0005230196
-113.3067,-44.81067,58.70863,0.0002527431
-366.536,10.18044,17.00038,0
-297.0313,-54.28813,36.52395,0.0001553565
-278.3732,50.92785,24.57099,0
-308.1428,56.29724,38.82871,0
-269.6635,48.86506,50.61977,0.0003491909
-357.1944,43.66426,29.7171,0
-364.4614,34.98373,29.71722,0
-355.1605,49.72881,59.43449,0
-103.2895,25.01869,3.476181,0.04002983
-101.6227,27.69453,1.738121,0.03487625
-102.0499,26.08184,1.738097,0.04981621
-103.4173,22.72809,6.952339,0.04916674
-44.66629,-5.665598,24.27751,0.003215668
-91.92743,14.49777,12.66829,0.03585612
-97.70626,23.88288,7.75695,0.03535016
-94.85282,19.7177,7.757051,0.04285122
4.235115,-51.33149,23.6075,0.04173491
132.832,-115.6102,13.57555,0.02998946
119.3523,-107.9233,6.787718,0.0250592
128.5236,-112.7057,6.787721,0.02996985
146.8662,-122.2705,6.787773,0.03064798
156.0376,-127.0529,6.787779,0.03191907
142.0033,-120.3926,13.57554,0.03072372
121.0213,-110.2738,6.787829,0.02852335
116.8515,-107.1127,6.787799,0.04168737
127.8304,-113.9889,13.57567,0.03004553
111.85,-105.4914,13.57562,0.02332743
116.0197,-108.6525,13.57567,0.02825209
114.1958,-69.50162,24.77612,0.0004237603
253.2396,41.54609,8.886979,0.1379161
251.6065,37.71388,4.443426,0.1661003
251.345,39.51884,4.4434,0.1600109
251.8347,43.69118,17.77381,0.1387926
247.9481,32.75693,17.77372,0.1784032
248.6172,39.46665,4.44361,0.1537156
249.2377,42.73648,4.443524,0.1266271
249.3197,38.3941,4.443412,0.1570355
249.5812,36.58914,4.443438,0.1634006
243.5385,25.43261,8.886834,0.1644693
241.4644,20.86796,4.443574,0.1473625
242.0849,24.1378,4.443521,0.1660282
239.2596,17.20576,2.221739,0.1294237
238.2226,14.92343,1.110863,0.1112722
238.5328,16.55834,1.110881,0.1303227
236.8997,12.72614,1.110812,0.09754734
235.7198,10.48634,0.5553892,0.07687808
236.3159,12.03621,0.5554065,0.09163201
237.508,15.136,0.5554482,0.1164655
238.1041,16.68589,0.5554267,0.136125
237.4958,14.27602,1.110822,0.1147137
240.0352,21.29307,2.221629,0.1517553
241.2273,24.39286,2.221642,0.1671826
240.0108,19.57313,4.443499,0.1528029
245.0896,33.60717,8.88676,0.1704548
247.188,39.8918,2.221743,0.1479287
248.3801,42.99158,2.221695,0.1220023
247.1636,38.17183,4.443432,0.1472003
245.0408,30.1673,17.77372,0.1701803
232.9555,7.854212,8.886941,0.063839
231.1917,4.924479,8.886894,0.02935185
227.3538,-2.569916,8.887052,0.01478389
229.7381,3.629659,8.88703,0.01964947
220.2985,-14.28887,17.77378,0.003701378
224.7324,-5.244578,8.886907,0.005505173
228.8805,3.884735,4.443463,0.0184163
226.4962,-2.31484,4.443474,0.01299026
234.2557,13.51264,2.221685,0.1028361
232.5755,11.42165,1.110872,0.08081667
233.3145,12.92902,1.11081,0.09317475
234.7924,15.94374,1.110817,0.1270256
235.5314,17.45113,1.110848,0.1479409
234.9946,15.02001,2.221695,0.1260127
233.3494,10.32785,4.443492,0.07014341
234.6601,11.66518,4.443447,0.09997174
237.2952,20.3809,4.443471,0.1698014
239.2264,24.98808,2.221757,0.1711329
238.3201,21.80327,2.221787,0.1548316
236.138,14.67992,1.11083,0.1207087
237.1036,16.9835,0.5554709,0.1375346
236.6504,15.39109,0.5554621,0.1161368
235.6012,12.24881,2.221667,0.09768282
236.6748,17.11104,1.110864,0.1418898
235.9358,15.60365,1.11083,0.1232488
236.4726,18.03479,2.221759,0.1416646
242.4682,30.93255,8.886998,0.169527
245.8773,38.55445,2.221749,0.1446003
247.9514,43.11911,1.110778,0.1174117
246.7592,40.01932,1.110802,0.1443656
244.232,33.86226,4.443484,0.1690494
240.6556,24.5629,2.221795,0.1686451
239.4635,21.46311,2.221781,0.1534153
240.68,26.28287,4.443515,0.1681454
237.8182,16.77093,0.5554389,0.1377015
237.2222,15.22103,0.5554605,0.1183611
237.8304,17.6309,1.110875,0.1362057
236.328,12.89618,0.5554474,0.09863885
235.732,11.34631,0.5554464,0.07352255
236.8648,15.32732,0.2776816,0.1161331
237.318,16.91973,0.277686,0.1375332
236.7812,14.48859,0.5554408,0.1151446
238.7489,21.67572,1.110831,0.1559781
239.6552,24.86053,1.110816,0.1721756
238.5816,19.99826,2.221714,0.1595791
209.1438,-31.6972,35.54791,0
199.1325,-49.44562,17.77418,0.000153616
205.0444,-37.38659,17.77415,0
188.5495,-67.02399,17.77397,0.001057172
180.0162,-81.75768,4.443555,0.008017991
175.7495,-89.12453,1.110814,0.01737917
173.1752,-93.54038,0.5554661,0.03699312
174.7961,-90.56814,0.5554718,0.02558509
178.1094,-84.6449,2.221622,0.01286825
184.736,-72.79842,8.88709,0.005569438
194.7473,-55.04999,17.77395,0.0002731191
204.1868,-37.1315,8.886804,0
198.2749,-49.19053,8.886815,0.0001536167
214.7698,-19.55313,35.54795,0.0004343015
223.9236,-1.549581,17.77386,0.006179986
218.5834,-13.77869,17.77388,0.004831155
230.8124,11.08245,2.221712,0.06884035
231.5397,13.02515,0.5554395,0.08327059
231.9449,13.76822,0.5554775,0.153068
231.5035,11.74049,1.110919,0.08553419
232.958,15.62587,1.110874,0.1445318
234.0307,17.89754,0.5554872,0.164495
233.5061,16.3264,0.5554695,0.1430752
232.314,13.22661,2.221744,0.1218332
235.3893,20.08422,1.110908,0.1763
236.4621,22.35592,0.5554304,0.1874985
235.9375,20.78477,0.5554366,0.1657825
238.083,25.32817,1.110868,0.1732179
237.0817,23.0352,0.5554482,0.1750742
236.1519,20.72098,0.2777333,0.1644119
236.6765,22.29214,0.2777302,0.1863022
234.9362,18.49181,1.110887,0.1540947
234.0778,16.15635,0.5554414,0.1362341
234.4595,17.77001,0.5554245,0.1575397
233.0765,13.86338,0.5554046,0.1099841
232.409,12.33474,0.55546,0.05168461
233.7205,16.26262,0.2776837,0.1384546
234.2451,17.83377,0.2776926,0.1605226
233.6011,15.43454,0.5554089,0.1314864
241.4677,31.23013,4.443454,0.170075
245.3771,38.70326,1.110829,0.1433966
247.737,43.18288,0.5554739,0.1174091
246.259,40.16813,0.5554754,0.1444892
243.2316,34.15986,2.221631,0.1687342
239.3937,26.6655,2.22174,0.1703212
237.6891,22.85455,0.5554409,0.1739171
236.6521,20.57221,0.2776865,0.1621787
237.2481,22.12211,0.2776919,0.1803033
238.5117,25.20063,1.110914,0.1759556
235.4722,18.33237,0.555454,0.1508314
234.4351,16.05004,0.2777875,0.1330457
235.0312,17.59994,0.2777803,0.1533958
233.3267,13.78899,0.2777478,0.1104559
232.2539,11.51729,0.1388651,0.08088222
232.9214,13.04593,0.1388643,0.09198647
233.9584,15.32824,0.2777595,0.1322079
234.924,17.63185,0.1388342,0.156491
234.3279,16.08195,0.1388378,0.1366929
236.0325,19.89289,0.5554382,0.1702368
236.9623,22.20711,0.2777116,0.1819815
236.4377,20.63595,0.2777055,0.1621916
238.2974,25.2644,0.5553848,0.1744675
237.4032,22.93955,0.2776933,0.1736918
236.5449,20.60407,0.1388228,0.1622295
237.0695,22.17523,0.1388258,0.1820168
229.5009,7.154587,8.88696,0.0661177
226.545,1.125066,8.886804,0.006003699
219.4409,-14.03378,8.887161,0.003384178
224.7811,-1.804667,8.887153,0.005254139
162.483,10.06026,30.66823,0.001235731
174.1206,3.053172,1.945521,0.000435963
143.2366,10.09359,24.23434,0.001437723
69.29086,-14.6203,4.471288,0.02030228
69.66843,-16.83053,2.235646,0.04572298
68.66706,-16.23191,2.235668,0.0121827
71.47825,-12.95115,8.942539,0.02367395
75.47549,-7.402628,4.471335,0.05403975
78.59858,-3.316066,2.235646,0.0558001
76.85032,-6.239985,2.235638,0.05528733
73.10342,-11.93816,8.94266,0.05398605
64.98587,-24.94614,4.471327,0.03033498
67.23483,-22.32153,4.471336,0.06108754
62.61381,-29.48167,8.942638,0.03186272
67.92016,-19.75445,4.471329,0.03601579
67.54258,-17.54422,2.235652,0.0091244
68.54395,-18.14283,2.23563,0.04575357
65.73276,-21.4236,8.942565,0.01158175
76.78463,-3.223933,2.235671,0.0394102
75.78326,-2.625305,2.235683,0.009753757
78.40979,-2.210938,4.471322,0.02732471
75.03635,-6.147852,4.471348,0.02348866
74.65878,-3.937612,2.235671,0
75.66015,-4.53624,2.235658,0.03986669
75.4672,0.5404103,8.942647,0
77.46996,-0.6568502,8.942599,0.02204427
71.84756,-7.218363,35.77061,0.002470824
-87.50163,160.1752,70.64112,0
-68.7925,166.368,35.32032,0
-80.20718,160.9116,35.32022,0
258.785,57.41817,32.43216,0
277.5509,42.55624,2.619042,0.1882246
277.3394,44.55383,0.6548229,0.2044773
277.2466,45.77432,0.3273863,0.2517436
277.5358,45.10688,0.3273919,0.214021
277.9437,43.66232,1.309558,0.1963739
279.1005,40.99258,1.30959,0.1584297
279.8494,39.76738,0.32738,0.08548145
280.1386,39.09993,0.3273722,0.0774151
279.3638,39.88176,0.6547964,0.1558038
278.1293,41.22136,2.619069,0.1693745
275.6863,44.34399,1.309503,0.1951166
274.3742,44.3535,1.309564,0.1656369
276.4071,45.4477,0.3273845,0.2620392
275.751,45.45243,0.3273863,0.1854577
276.761,45.88871,0.6547095,0.2664699
276.6833,44.55858,0.6547812,0.226802
275.7251,45.00906,0.3273712,0.1854551
276.3812,45.00433,0.3273694,0.2620363
276.2388,42.56572,2.619047,0.1750564
274.3224,43.46674,1.309564,0.1572087
275.6345,43.45723,1.309503,0.1877872
271.8275,45.70259,2.619179,0.1316572
270.5672,46.59883,2.619066,0.09104946
268.3357,47.72389,1.309483,0.0557524
267.0753,48.62013,1.309493,0.02662627
269.6478,47.71441,2.619023,0.06160769
273.3361,46.24617,1.309455,0.1493847
272.9433,45.14012,1.3095,0.1342428
272.0757,47.14243,1.309495,0.1121133
273.0469,46.9136,1.309444,0.1490493
275.232,46.39879,0.3273942,0.229416
275.0356,45.84575,0.3273831,0.2073335
274.8446,46.7897,0.6547673,0.2100202
276.3013,46.44649,0.6547769,0.3043832
275.5211,45.73133,0.3274003,0.2067165
275.7175,46.28438,0.3274114,0.2288369
273.9145,44.91129,1.309567,0.1813231
274.3072,46.01735,1.309522,0.1938479
281.0017,42.64223,1.309555,0.0173993
279.8601,42.76135,0.1637049,0.1317885
280.1261,42.39906,0.08184133,0.02887608
279.8833,42.45624,0.08183908,0.1694191
279.4468,42.70889,0.3274084,0.1775425
280.3716,43.09035,0.654726,0.01693532
281.8801,43.63389,2.619093,0.0205596
280.7018,40.31567,2.619083,0.01768662
279.7101,41.59806,0.1636845,0.1592037
280.0511,41.81739,0.1636868,0.07494101
279.6842,41.15471,0.3273475,0.1552161
279.2505,42.15585,0.3273917,0.1742982
279.7851,42.17971,0.08184758,0.1756401
280.0279,42.12253,0.08184982,0.0656371
279.5655,41.93178,0.1636896,0.1684443
280.609,41.53616,1.309561,0.03872576
279.163,44.87332,1.309506,0.2364648
278.7702,43.76725,1.309534,0.2172867
277.9749,45.60272,0.1636878,0.2313338
278.3159,45.82203,0.1636769,0.3121196
277.9491,45.15933,0.3273789,0.2378322
277.5152,46.16049,0.3273734,0.2564098
278.1713,46.15575,0.163697,0.3187377
277.8303,45.93644,0.1637079,0.2394704
278.8738,45.54075,1.309558,0.2614526
281.3017,44.96876,2.619061,0.06369903
279.8396,43.81496,0.3273754,0.131427
280.3252,43.70056,0.3273574,0.04036183
279.4004,43.31914,0.6548012,0.1788359
279.9405,44.83997,0.08184332,0.1311965
280.1832,44.78278,0.08183517,0.0889018
279.7209,44.59205,0.1636691,0.2142579
280.0516,45.33821,0.0409187,0.02592413
279.8811,45.22853,0.04092583,0.2118348
280.0645,45.55989,0.08183871,0.1122699
280.2814,45.05931,0.08183385,0.07236838
279.9534,45.06166,0.04092722,0.2096318
280.1239,45.17134,0.04092009,0.072383
280.5215,44.25359,0.32738,0.05913587
279.8655,44.25833,0.1636947,0.2088457
280.2064,44.47764,0.1636904,0.0584875
284.1116,42.50883,20.95253,0.02876795
290.8956,12.94554,1.523166,0.04874067
292.4256,12.40135,0.761665,0.003202893
291.3981,12.32432,0.7616366,0.05605229
289.3488,12.50018,3.046363,0.06104643
292.4591,14.38051,0.761579,0.001633898
291.4316,14.30349,0.7615631,0.04049714
292.984,15.07871,1.52318,0.00112034
292.9505,13.09959,1.523189,0.002592588
291.4205,13.64377,0.7616354,0.04043663
292.4479,13.72079,0.7616514,0.00214195
292.3921,10.42219,0.7616023,0.06601395
291.3646,10.34519,0.7616025,0.09210763
292.917,11.12044,1.523273,0.05466039
292.8835,9.141246,1.523221,0.06117135
291.3535,9.685471,0.7616277,0.09341372
292.3809,9.762471,0.7616276,0.06797177
289.3264,11.18076,3.046406,0.09341659
291.387,11.6646,0.7615677,0.08162917
292.4145,11.74163,0.7615963,0.06441985
290.8621,10.9664,1.523234,0.09521613
262.6138,-51.94532,5.062589,0.08277115
260.2963,-51.39611,5.062543,0.096575
263.416,-50.19368,10.125,0.078265
266.3575,-47.97811,20.25038,0.0714845
316.5687,-115.2845,0.590343,0.1595502
315.8042,-115.0551,0.2950948,0.3168944
316.3554,-114.8773,0.2951182,0.1540691
317.4266,-114.7697,1.180552,0.1553985
315.6173,-116.5433,0.2951165,0.3268324
316.1685,-116.3655,0.2951627,0.1770151
315.2794,-117.1282,0.5902566,0.3230706
315.4663,-115.6401,0.5901492,0.3420139
316.2307,-115.8694,0.2951586,0.1827529
315.6796,-116.0472,0.2951125,0.3486769
316.1133,-113.6466,0.1475479,0.219546
315.7311,-113.5319,0.07377844,0.3170831
316.0067,-113.443,0.07378429,0.1830125
316.5423,-113.3892,0.2951185,0.1461604
315.6532,-114.1519,0.5902364,0.2762101
315.8246,-112.7878,0.07377205,0.3171107
316.1001,-112.6989,0.07379033,0.1410343
315.6556,-113.0803,0.1475472,0.317071
315.749,-112.3363,0.1475859,0.2982398
316.1313,-112.4509,0.07377633,0.1470926
315.8557,-112.5398,0.07375806,0.322868
316.6046,-112.8932,0.2951248,0.1445549
316.0378,-113.195,0.07378384,0.1830654
315.7622,-113.2839,0.07377798,0.3171405
316.2068,-112.9025,0.1475635,0.1740148
317.5512,-113.7776,1.180489,0.1572133
316.4177,-114.3813,0.2951304,0.1542685
315.8665,-114.5591,0.295107,0.3170585
316.7556,-113.7963,0.5902441,0.152469
313.808,-118.3168,2.36105,0.312403
312.5811,-119.6646,2.361074,0.27318
314.733,-115.1628,0.5903189,0.3186569
313.935,-116.2531,0.2951353,0.3561575
314.304,-115.4201,0.2951154,0.3266585
315.1643,-113.8337,1.18066,0.3163252
314.3017,-116.4918,0.5902636,0.3272482
314.9152,-115.8179,0.5902642,0.2911024
314.4838,-117.1469,1.180508,0.324454
310.1271,-122.36,2.361017,0.2766141
308.8379,-124.2038,0.5902468,0.2566173
308.1932,-125.1256,0.1475569,0.2624071
307.8865,-125.4626,0.1476136,0.05207089
308.4089,-124.4611,0.2951255,0.2652396
309.2692,-122.8748,1.180505,0.2628205
306.0772,-127.2361,2.360949,0
308.3801,-123.6375,0.1475724,0.272363
308.0578,-124.0985,0.03689833,0.2481098
307.9044,-124.2669,0.0368923,0.01569791
308.1656,-123.7662,0.07380255,0.2651359
307.3676,-124.8565,0.1475497,0
307.8283,-124.0832,0.03689613,0.0309837
308.0739,-123.7065,0.03689809,0.1229495
307.7666,-124.3114,0.07377402,0.00502456
308.9025,-122.6361,0.5902904,0.2751396
307.3664,-125.3924,0.5902353,0
307.9499,-124.4307,0.03689318,0.1810296
308.1033,-124.2622,0.0368936,0.2169334
307.9955,-124.5945,0.07378794,0.09017485
308.3178,-124.1336,0.1475395,0.2799703
307.7954,-125.135,0.2951531,0.06813633
312.5858,-117.5213,1.180558,0.3193113
311.3588,-118.869,1.18063,0.2602821
313.8151,-115.1019,0.5901767,0.3247396
314.7976,-113.5951,0.5901521,0.3122564
313.2616,-116.3514,0.5903027,0.3103501
314.0596,-115.261,0.295107,0.3267826
313.6906,-116.094,0.2951269,0.3562716
310.8652,-120.694,2.36102,0.2887791
312.0922,-119.3463,2.360931,0.3266567
320.0769,-106.2996,9.444225,0.1076148
324.3761,-99.43924,1.180518,0.2107217
322.6578,-101.5404,0.5902734,0.09362462
323.6404,-100.0335,0.5902821,0.088411
325.7277,-97.09945,2.361059,0.211017
322.6555,-102.612,2.361048,0.1012968
323.8824,-101.2643,2.361056,0.1332376
317.925,-110.8014,1.180474,0.1409103
316.7915,-111.405,0.2951617,0.1433941
316.2247,-111.7068,0.07376369,0.1409086
315.9491,-111.7958,0.07377946,0.2853539
316.3937,-111.4144,0.1475503,0.1402582
317.1294,-110.82,0.5902847,0.1429229
318.6008,-109.6314,2.360951,0.139315
318.227,-112.6077,2.361021,0.1553148
316.9425,-112.3082,0.5902681,0.1434039
316.3002,-112.1584,0.1475499,0.1424642
315.918,-112.0438,0.07380246,0.2850572
316.1936,-111.9549,0.07378668,0.1405832
316.7292,-111.9011,0.2951572,0.1423329
317.8004,-111.7934,1.180445,0.1391196
321.0547,-106.936,4.722059,0.1400509
319.5786,-110.2679,4.722059,0.1350539
307.9428,-127.6457,0.03688578,0.1823574
308.0962,-127.4772,0.03687779,0.2196638
307.9883,-127.8094,0.07377654,0.09100015
307.6217,-127.5708,0.07378434,0
307.9051,-127.4199,0.01845144,0
308.0429,-127.3754,0.01844275,0.2660463
307.8206,-127.5661,0.03690681,0
308.4329,-127.428,0.2951082,0.2787238
307.5438,-128.1908,0.5902133,0.03535231
307.7151,-126.8267,0.07378116,0
308.0674,-126.6536,0.03691063,0.1904713
307.914,-126.822,0.03690868,0.07319398
307.5462,-127.1192,0.1475565,0
307.6397,-126.3751,0.1475895,0
308.0219,-126.4897,0.07378855,0.1989849
307.7463,-126.5787,0.07376513,0
308.4952,-126.932,0.2951384,0.2780541
307.8673,-127.1941,0.0368902,0.007240098
308.0585,-127.2514,0.01844219,0.2625888
307.9207,-127.2958,0.01845088,0.008387652
307.6528,-127.3228,0.0737733,0
308.0974,-126.9414,0.1475797,0.1537613
309.4419,-127.8165,1.18057,0.2957461
308.3083,-128.4202,0.2951481,0.2929932
307.7571,-128.598,0.2951715,0.04001551
308.6462,-127.8352,0.5903343,0.2869861
306.197,-128.3873,4.72199,0
309.8156,-124.8402,1.180542,0.2667723
308.6821,-125.4439,0.2951218,0.2743741
308.1154,-125.7457,0.07378873,0.2535845
307.8398,-125.8346,0.07377774,0.00678823
308.2843,-125.4532,0.1475492,0.2665299
309.02,-124.8589,0.5902749,0.2719803
310.4914,-123.6703,2.361017,0.2788438
310.1176,-126.6466,2.361062,0.2880935
308.8331,-126.347,0.5902321,0.274978
308.1909,-126.1973,0.1475519,0.2157469
307.8086,-126.0826,0.07378159,0
308.0842,-125.9937,0.07379259,0.2563369
308.6198,-125.9399,0.2951041,0.2741623
309.691,-125.8323,1.180454,0.265301
309.068,-130.7927,1.180446,0.3172924
307.8123,-131.3169,0.1475536,0.0688449
308.1945,-131.4315,0.07378503,0.3082918
307.9189,-131.5204,0.07380135,0.04099695
307.3833,-131.5742,0.2951136,9.693523E-06
308.288,-130.6874,0.07378908,0.3082524
307.9357,-130.8606,0.03689528,0.1920534
308.0891,-130.6921,0.03689206,0.2326702
308.4569,-130.395,0.1475686,0.3079119
308.3634,-131.139,0.147579,0.3082305
307.9812,-131.0244,0.07377163,0.09548818
308.2568,-130.9355,0.07377127,0.3083281
309.7438,-129.6228,2.360875,0.3071288
309.1256,-132.44,0.5902538,0.332262
309.739,-131.7661,0.5902504,0.3572858
309.3077,-133.0952,1.180516,0.3290951
308.101,-132.1756,0.07376914,0.3264298
307.8254,-132.2645,0.07376061,0.1096435
308.27,-131.8831,0.1475699,0.3593997
308.1765,-132.6272,0.1475761,0.2674519
307.7943,-132.5125,0.07378268,0.1191811
308.0699,-132.4236,0.07379121,0.3334269
307.321,-132.0703,0.2951154,0.07944913
307.8878,-131.7684,0.0737932,0.03758827
308.1634,-131.6796,0.07377689,0.3099296
307.7188,-132.0609,0.147557,0.08002954
309.2502,-131.4479,0.5902644,0.3221597
308.6055,-132.3698,0.2951494,0.3518697
308.6678,-131.8738,0.2951412,0.3079716
305.9478,-130.3715,4.721941,2.807262E-06
308.4593,-129.3233,0.5902455,0.2671781
307.6949,-129.094,0.2951237,0.0006899181
308.246,-128.9162,0.2951003,0.307484
309.3173,-128.8086,1.180482,0.2943273
307.5079,-130.5822,0.2951315,0
308.1358,-130.3201,0.03688939,0.3051777
307.9447,-130.2628,0.01844199,0.03903851
308.0825,-130.2183,0.01844838,0.3092929
308.3503,-130.1914,0.0737731,0.3075094
307.8979,-130.6348,0.018448,0
308.0357,-130.5903,0.01844444,0.2841465
307.8134,-130.781,0.03690299,0
307.8602,-130.409,0.03688202,0
308.0513,-130.4663,0.01844658,0.2841653
307.9135,-130.5108,0.01845013,0
307.17,-131.1671,0.5902357,5.655068E-06
307.3569,-129.679,0.5902737,0
308.0603,-129.8685,0.03688679,0.1987449
307.907,-130.037,0.03688819,0.06940858
308.0148,-129.7047,0.07378304,0.205146
308.3814,-129.9434,0.07378867,0.3112316
308.0981,-130.0943,0.0184468,0.3083921
307.9603,-130.1387,0.01844041,0.04091277
308.1825,-129.948,0.03689416,0.3025928
307.5703,-130.0861,0.2951586,0
312.9453,-120.9749,2.360955,0.2877279
314.1723,-119.6272,2.36105,0.3035994
313.3097,-122.2852,4.721995,0.2847367
316.0439,-117.3575,0.2951227,0.2158241
315.4927,-117.5353,0.2951213,0.3181442
316.3818,-116.7726,0.5902566,0.1946375
316.0727,-118.1812,0.1475778,0.2374989
316.3794,-117.8442,0.1475731,0.1732428
316.1637,-118.5088,0.2951412,0.2320289
315.4304,-118.0314,0.2951298,0.3190716
316.135,-117.6851,0.1475541,0.2260484
315.8282,-118.022,0.1475589,0.2746588
317.302,-115.7618,0.5902671,0.1149399
318.1,-114.6714,0.2951108,0.1619677
317.731,-115.5044,0.2951303,0.1756084
316.8707,-117.0908,1.180519,0.1733525
315.0255,-121.2557,2.360921,0.2799101
315.2124,-119.7676,1.180491,0.275063
315.0925,-118.6163,0.5902295,0.3147055
315.5814,-118.9346,0.5902449,0.2745259
312.1978,-126.9274,4.72185,0.2892509
310.966,-130.4184,1.180616,0.3090657
310.1656,-132.5804,0.5902721,0.3910736
310.2902,-131.5883,0.5903015,0.3010705
310.8462,-129.2672,2.360925,0.301714
311.8335,-125.6171,4.722075,0.2665814
312.0827,-123.6329,4.721999,0.2550413
288.9476,-157.3341,16.28867,0.1253569
293.6003,-152.0473,2.036021,0.1424874
291.4834,-153.4317,1.018036,0.1422064
292.5713,-152.2929,1.018034,0.1464289
294.9895,-150.1771,4.072057,0.150194
292.6964,-154.2415,8.14426,0.1260173
287.1396,-161.7223,16.28855,0.1154652
290.8884,-158.6297,8.144562,0.1266419
289.6831,-161.5552,8.144525,0.1304857
300.5208,-145.0105,1.018059,0.162591
299.7342,-145.418,1.018103,0.1945597
298.0105,-146.5986,1.018037,0.2087664
299.0984,-145.4598,1.018026,0.2120107
301.5166,-143.344,4.072113,0.1672442
298.8762,-147.8759,0.2545406,0.2374831
298.4076,-148.2625,0.1272539,0.1787725
298.5582,-147.8968,0.127279,0.15559
298.9809,-147.2464,0.5090145,0.2356731
299.0141,-148.6674,1.018051,0.1672778
297.7551,-147.5938,0.2544674,0.2313283
297.847,-148.1215,0.2544947,0.1523133
297.3159,-147.5337,0.5090155,0.2149442
298.4957,-146.9225,0.5089869,0.2110273
298.3156,-147.7349,0.1272758,0.2253686
298.1649,-148.1006,0.1272508,0.2509769
298.1483,-147.3901,0.2545157,0.2111516
300.1607,-146.6352,0.5090377,0.1731452
299.6755,-146.3113,0.5090377,0.2281385
300.7046,-146.0658,1.018031,0.1614175
299.853,-147.9452,0.06364426,0.281655
299.899,-148.209,0.06363028,0.1652408
299.6333,-147.9151,0.1272413,0.1707011
300.2232,-147.6095,0.127266,0.1832418
300.0956,-148.1072,0.06361531,0.01305731
300.0496,-147.8433,0.0636293,0.1794858
299.6499,-148.6256,0.5090073,0.1782864
299.3741,-147.0427,0.5090229,0.222605
300.056,-147.2648,0.2545226,0.18866
299.6627,-147.4685,0.2544864,0.2368413
305.0815,-139.1962,2.036097,0.1072891
304.4789,-140.6589,2.036096,0.1628833
307.2573,-136.9185,1.018087,0.1104659
308.7678,-135.1292,0.5090332,0.3129792
307.8471,-136.6129,0.06363487,0.1022394
308.1191,-136.3282,0.0636265,0.5211565
307.5605,-137.1209,0.1272642,0.1204278
308.1338,-136.1048,0.06363273,0.17761
307.8618,-136.3895,0.06363458,0.1699271
308.1485,-135.8815,0.1272565,0.3041849
306.232,-139.0316,0.5090593,0.1158276
305.3867,-140.3324,0.5090611,0.1458726
306.412,-138.2193,1.018069,0.115022
302.7296,-144.1538,2.03619,0.1699514
301.1605,-146.8364,0.5090284,0.1669055
300.2398,-148.3201,0.06362305,0.05053107
300.6175,-147.8727,0.0318057,0.09874548
300.4062,-148.1979,0.03180316,0.05700862
299.9532,-148.8281,0.1272415,0.08759174
300.5265,-147.812,0.06363689,0.1685339
300.2545,-148.0967,0.0636355,0.131484
300.5412,-147.5886,0.1272559,0.1657191
301.3405,-146.024,1.018119,0.163165
303.0897,-142.5291,4.072099,0.1646364
294.6371,-155.5371,4.072175,0.1014286
297.1142,-152.528,1.018079,0.1358942
298.2021,-151.3892,1.017978,0.1980991
295.9676,-154.5602,2.036135,0.1252644
292.5866,-159.7634,2.035899,0.1222852
290.8961,-162.3649,2.035925,0.1288766
292.9466,-158.1387,4.072126,0.09660649
296.1438,-151.8802,2.036089,0.1460511
298.2608,-150.4958,1.018072,0.1507985
297.1729,-151.6347,1.018095,0.1368328
294.7546,-153.7504,4.072256,0.131739
297.441,-149.4823,1.018068,0.1667075
297.0605,-148.5289,0.2545215,0.1778808
296.9686,-148.0013,0.254517,0.2214139
297.4998,-148.589,0.5090061,0.1690902
298.3195,-149.6025,2.036088,0.1598475
295.9599,-150.8249,2.036106,0.1568402
296.32,-149.2002,0.5089769,0.1752117
296.5753,-148.205,0.2544839,0.2214134
296.6673,-148.7327,0.2544884,0.1778716
296.6545,-149.8898,1.018046,0.1677873
100.5177,-366.251,24.31666,0.003729195
110.2637,-350.8826,24.55034,0.004834435
63.94481,-331.3846,16.63956,0
175.7028,-224.5948,78.24237,0.03578183
166.4225,-244.3454,39.12094,0.0359731
170.8833,-231.1049,39.121,0.03586745
155.8476,-264.041,39.12101,0.03635044
147.6825,-280.4814,9.780282,0.03524524
142.7187,-290.343,4.890058,0.02825813
145.5964,-283.7503,4.890102,0.03564081
151.6754,-270.5786,19.56053,0.03601898
160.9557,-250.828,39.12113,0.03657648
168.9414,-231.0222,19.56078,0.03597936
164.4806,-244.2628,19.56075,0.03608401
209.3572,-166.374,13.03451,0.03155393
206.3581,-170.4504,13.03458,0.04348234
208.7086,-163.3923,26.06928,0.03685554
200.3599,-178.6031,26.06937,0.04461175
203.6729,-169.271,6.517507,0.04437292
205.5979,-164.7229,6.517543,0.03747258
203.7845,-172.0168,13.03471,0.04355176
191.3627,-190.8322,26.06931,0.04463936
184.4021,-201.259,6.517164,0.04594458
180.1719,-207.4915,3.258513,0.04011878
182.634,-203.1792,3.258523,0.04710241
187.8266,-194.6727,13.03435,0.04463144
195.7497,-181.9718,26.0693,0.04466818
201.3678,-170.9554,6.51736,0.04491894
204.7923,-164.3691,3.258423,0.03748771
202.8673,-168.9172,3.258405,0.04438911
198.7488,-177.8955,13.03474,0.04465042
101.2337,-291.0682,23.25704,0.020532
101.9994,-286.5134,23.25758,0.02493615
94.07745,-299.8885,23.25732,0.01218935
98.08852,-289.5282,11.6289,0.01979095
97.32279,-294.083,11.62852,0.009728239
-21.8428,-327.4966,60.71378,0
-39.24146,-317.5033,57.61993,0.004112414
-79.48465,-252.6451,23.84921,0.0008801836
-94.18002,-240.965,28.01262,0.0003481298
-121.0335,-225.861,16.85672,0
-111.4841,-234.1383,16.85665,0
-126.5791,-222.6233,33.71363,0
-142.4451,-212.0091,16.85643,0.0004659013
-152.7654,-204.6327,16.85649,0.001516748
-136.514,-214.7964,33.7136,0.0004358908
-110.3277,-232.787,33.71326,0
-119.8772,-224.5098,33.7134,0
-104.0112,-235.1239,67.42688,0.0004369677
-20.91896,-288.6938,28.59004,0.005149904
-19.40354,-283.0813,7.14748,0.02837019
-18.18064,-280.6484,7.147489,0.03566021
-17.38338,-285.5565,3.573872,0.02617961
-17.06447,-287.5198,3.573827,0.02831265
-19.08464,-285.0445,7.147535,0.01276945
-14.96397,-275.548,3.573847,0.05524747
-16.50577,-276.0176,3.573785,0.03151212
-14.51198,-273.35,7.147442,0.02949008
-12.22566,-267.5027,7.147606,0.03224802
-12.90365,-270.7998,3.573835,0.03191233
-13.35564,-272.9978,3.5737,0.03981407
-15.41595,-277.7461,0.893433,0.05527575
-14.87105,-278.6103,0.8934569,0.07607315
-16.45931,-277.5487,1.786848,0.04446203
-14.14662,-276.8444,1.786946,0.05869603
-14.10016,-278.3755,0.8933998,0.08183119
-14.64506,-277.5113,0.8933759,0.06195907
-15.01733,-280.2001,0.2233538,0.06804717
-14.5804,-280.7109,0.1116727,0.1205994
-14.90935,-280.5536,0.1116688,0.06440175
-15.539,-280.1014,0.4467328,0.06806521
-14.38266,-279.7493,0.4467344,0.08370725
-14.35942,-280.5148,0.2233602,0.1300909
-14.63188,-280.0827,0.2233748,0.06191619
-14.72164,-281.3977,0.446704,0.148496
-14.69841,-282.1633,0.2233655,0.05743512
-14.97086,-281.7312,0.2233634,0.1426377
-15.65199,-280.6509,0.4467072,0.06440554
-14.96585,-280.8283,0.1116888,0.1242341
-14.6369,-280.9857,0.1116927,0.1509623
-15.18682,-281.0244,0.2233365,0.07807487
-16.02741,-278.9625,3.573693,0.05154939
-15.50258,-283.4384,1.78687,0.05406761
-15.72857,-284.5375,1.786891,0.06738888
-15.90811,-287.1676,1.786896,0.0418369
-16.22702,-285.2043,1.786918,0.04194906
-17.0243,-280.2963,3.573713,0.03841951
-16.04748,-282.5742,1.786831,0.06325149
-16.09393,-281.0431,0.8934569,0.05485412
-15.35631,-281.8486,0.2233633,0.1419811
-15.08386,-282.2807,0.2233653,0.06772295
-15.87798,-281.75,0.4467037,0.09965487
-7.786094,-259.9695,14.29509,0.0217944
-4.888325,-252.9058,7.14757,0.02561161
-5.566303,-256.2029,3.573743,0.01281583
-6.018292,-258.4008,3.57384,0.03390061
0.00323232,-243.1745,14.29491,0.01442439
-2.509087,-250.1208,7.147484,0.02149244
-4.21723,-255.792,1.786878,0.01542924
-5.280657,-259.2064,0.8934463,0.02462357
-4.828669,-257.0084,0.8934213,0.03031776
-3.731971,-252.5536,3.573733,0.02572907
-8.304614,-264.2481,14.29512,0.02800157
-9.627319,-269.8019,3.573773,0.07261118
-10.28868,-272.5788,0.8934463,0.0720475
-10.7074,-273.7365,0.8934275,0.09774218
-10.43149,-271.077,1.786844,0.06287437
-9.912956,-266.7984,7.147566,0.03815062
-11.93029,-276.1693,1.786888,0.06846397
-12.34901,-277.3271,1.786914,0.1039945
-12.80099,-279.5251,0.8934199,0.1229062
-13.07932,-280.7688,0.111675,0.1644723
-13.13997,-281.1736,0.05584373,0.3185541
-13.22801,-280.9429,0.05584541,0.1555518
-13.297,-281.6078,0.0558371,0.4184136
-13.37967,-281.9549,0.01396207,0.2586309
-13.43201,-282.0996,0.01396638,0.4227321
-13.39752,-281.7672,0.02792084,0.4184137
-13.38296,-281.312,0.02792179,0.2343124
-13.29076,-281.4127,0.02791678,0.4131511
-13.37257,-280.9869,0.02792468,0.1606992
-13.23842,-281.268,0.01395829,0.4372289
-13.33062,-281.1673,0.01396238,0.1607085
-13.20307,-280.1627,0.4467246,0.1389118
-12.96044,-278.5435,0.8934301,0.1043601
-12.92718,-277.5031,0.8934516,0.06075019
-14.14518,-282.7675,0.2233573,0.09699598
-13.75975,-282.6501,0.2233507,0.1599808
-14.16181,-283.2877,0.4467117,0.1026242
-14.49251,-284.6761,0.4467424,0.06410281
-14.45922,-283.6358,0.4467581,0.08097087
-15.32995,-286.9915,0.8934131,0.05059398
-14.99095,-285.343,0.4467035,0.04995371
-14.74832,-283.7238,0.2233527,0.0809806
-14.7816,-284.7642,0.2233448,0.06412282
-13.98402,-282.2033,0.223364,0.1493463
-14.36946,-282.3207,0.2233728,0.08995392
-14.19997,-281.4964,0.223365,0.1346982
-13.84528,-281.9679,0.02792588,0.2883149
-13.85108,-281.7765,0.01395463,0.1564528
-13.78297,-281.8845,0.01396083,0.4417542
-13.69493,-282.1153,0.05584411,0.1631781
-14.092,-281.8499,0.1116794,0.1777442
-13.97397,-280.3974,0.4467365,0.1037525
-13.71814,-281.3497,0.1116913,0.1606893
-13.59025,-281.8259,0.02791628,0.4077404
-13.5504,-282.0713,0.02792111,0.1368921
-13.69241,-281.6638,0.02791671,0.3274358
-13.68661,-281.8552,0.01396113,0.4184448
-13.75472,-281.7472,0.01395493,0.1349317
-13.95074,-281.163,0.2233737,0.1541021
-13.63499,-278.7489,0.4467335,0.1060834
-13.40899,-277.6499,0.4467641,0.04813299
-13.57189,-279.7599,0.4467394,0.1279314
-13.5171,-281.031,0.1116701,0.1809464
-13.48972,-281.6665,0.02791749,0.4074555
-13.47812,-282.0493,0.01396182,0.1368506
-13.51798,-281.8039,0.0139594,0.407744
-13.5736,-281.3057,0.05584439,0.1292882
-13.68488,-280.3094,0.223342,0.1428968
-12.26583,-274.7263,3.573627,0.07784472
-11.81384,-272.5283,3.573762,0.05923016
-11.06931,-267.1506,3.573763,0.02935628
-11.20239,-271.3118,3.573759,0.04666912
-19.37668,-113.6381,8.998087,0.01984676
-94.04458,-53.96517,47.18348,0.002979574
-104.7222,-45.49777,23.5917,0.0006995578
-96.8281,-49.79384,23.59165,0.00108416
-364.1587,11.98761,4.919834,0
-286.8136,55.53151,26.10614,0.0004471938
-298.901,59.54909,13.9284,0
-340.0187,59.44828,41.81288,0
-334.7464,66.09896,41.81235,0
-101.1893,22.8625,8.957858,0.0491928
-100.9359,26.14904,2.239495,0.04876469
-100.7024,28.1955,1.119778,0.05137555
-100.315,27.32794,1.119741,0.05021951
-99.94753,25.2203,4.478915,0.04964414
-99.21252,21.00504,17.91579,0.04585148
-78.45532,14.28167,33.41922,0.01816102
-70.21851,9.228699,16.70966,0.004898162
-76.21276,11.1027,16.70964,0.01148715
-59.73915,0.9967702,33.41934,0.001457855
-68.1646,5.489243,16.70965,0.002835915
-76.77869,9.421224,8.354697,0.01095366
-70.78444,7.547226,8.354706,0.00336524
-87.632,13.26118,18.3887,0.03570525
-93.00875,21.37885,20.18993,0.02625739
-95.86219,25.54403,20.19,0.03305949
-87.64816,19.84344,40.37979,0.03016201
9.682593,-54.93039,21.90368,0.03407103
147.1605,-88.76754,25.98325,0.004014732
157.4668,-95.60141,6.495797,0.01745303
163.6197,-99.75126,3.247892,0.04372583
159.3117,-97.3149,3.247883,0.02002566
150.8502,-92.19454,12.99158,0.006394216
133.6182,-82.44915,12.99155,0.0005906395
125.0021,-77.57644,12.99159,0.000197822
138.5444,-83.89484,25.98329,0.001355854
158.7034,-93.62012,12.9918,0.0172863
163.2383,-98.0277,3.247904,0.03819649
164.9286,-99.98885,3.247972,0.06523412
160.0845,-96.07661,6.495841,0.02361865
152.3959,-89.71793,25.98346,0.009884295
166.7012,-99.48346,6.495887,0.05475913
165.0109,-97.5223,6.495821,0.04172751
168.7829,-98.48273,12.99173,0.05159269
161.6303,-93.59998,12.99187,0.02819276
166.2474,-95.54101,12.99181,0.03949372
251.4033,47.98107,6.262868,0.1491992
252.2127,50.47902,0.7828371,0.2069175
251.3976,50.11287,0.7828614,0.1680796
252.1277,51.72145,0.7828134,0.2184706
252.4561,51.01521,0.7828031,0.2140447
253.2769,49.24957,1.565723,0.1816754
251.7259,49.4066,0.7828614,0.168413
252.541,49.77275,0.7828371,0.2071987
253.2034,46.22845,12.52561,0.1578948
165.9714,4.772125,57.16842,0.001171573
171.469,4.424383,29.5322,0.0004814454
130.4827,13.71347,49.94867,0.002262358
80.9502,8.007141,26.3163,0.0005547585
78.98706,1.880737,6.579065,0.02230857
76.98431,3.077998,6.579064,0
80.7737,3.732666,13.15799,0.01329782
89.88334,17.26682,26.316,0.0002029397
85.24027,8.362503,6.578923,0.005127162
82.66839,4.060008,6.578941,0.01001361
85.52484,11.11238,13.15805,0.0002515175
-68.3456,161.6576,30.38152,0
-79.52916,158.6775,30.38153,0
-62.52272,165.624,60.76301,0
285.6862,40.2014,19.80328,0.0103106
285.9468,35.52918,9.901736,0.004044747
283.9545,37.4743,9.901696,0.02040156
284.9355,30.44219,1.237706,0
283.7554,30.48984,1.237678,0.03173646
285.7094,31.34327,2.475444,0
285.1577,28.56855,2.47537,0.0006822855
283.5716,29.56492,1.23772,0.03161513
284.7516,29.51727,1.237747,0.0008544407
284.4222,24.86893,4.950764,0.02084923
283.5314,27.11919,1.237701,0.04483218
284.3705,26.85223,1.237689,0.01946693
283.1386,28.88315,1.237657,0.04803513
284.5543,27.77712,0.6188254,0.001274157
283.7152,28.04408,0.6188219,0.04855345
282.6941,32.63042,4.950657,0.01471513
285.0542,32.53513,2.475413,0
283.6903,31.65787,2.475331,0.02432787
281.9087,36.15839,4.950792,0.0196427
283.9009,34.21327,4.950812,0.001986847
232.7868,-118.1298,31.21874,0.02322109
239.9075,-105.0507,7.804667,0.0140371
244.2327,-97.22806,3.902258,0.004385943
241.7012,-102.6087,3.902258,0.007721826
236.3741,-113.2458,15.60934,0.01849659
223.9532,-138.6175,3.902419,0.01389268
225.4829,-136.0513,3.902413,0.03350223
229.0433,-129.5117,3.90233,0.008986476
226.5117,-134.8924,3.90233,0.008742876
220.6837,-146.9367,1.951268,0.005414873
222.8463,-143.0254,0.9756312,0.01241235
221.5805,-145.7157,0.9756281,0.009708284
218.917,-151.0342,3.902545,0.004589594
222.9513,-141.4319,3.902425,0.009795655
220.9207,-145.4053,1.951197,0.01548668
221.9226,-142.5909,1.951186,0.01969547
229.2534,-126.3249,15.60933,0.01683591
225.9569,-132.9886,3.902354,0.01765344
223.9263,-136.962,1.95113,0.01995853
224.9281,-134.1475,1.951113,0.01357574
227.1958,-128.6428,7.804656,0.01870863
241.5018,-98.40787,1.951194,0.01896564
240.3869,-98.29415,0.4877694,0.03991065
239.8294,-98.23728,0.1219487,0.09082646
239.5655,-98.11315,0.1219591,0.1571075
240.0206,-97.9165,0.2438938,0.07591304
240.7693,-97.65261,0.9755992,0.03116631
242.2667,-97.12479,3.902305,0.02257738
244.2058,-95.57256,7.804753,0.01768756
239.6166,-103.2711,7.804899,0.01993929
240.4138,-99.94965,0.9755847,0.009308886
239.8429,-99.06504,0.243891,0.01020227
239.5574,-98.62274,0.06098235,0.01579782
239.4551,-98.36924,0.06097939,0.1649806
239.7702,-98.62014,0.1219455,0.009731214
240.2684,-99.05982,0.4877779,0.008682067
241.2648,-99.93923,1.951195,0.00936988
239.3258,-101.4914,1.951176,0.02387432
239.2988,-99.83594,0.4878083,0.02840784
239.2854,-99.00819,0.1219453,0.02797625
239.2935,-98.4986,0.06096547,0.1694174
239.3958,-98.7521,0.06096843,0.02468361
239.5197,-99.32374,0.2438921,0.01023368
239.7675,-100.4671,0.9756359,0.02106305
243.0962,-91.76501,1.951163,0.1552565
243.0639,-93.80335,0.9755919,0.06538323
242.6545,-92.7894,0.9755934,0.1499879
241.8358,-90.76147,0.9755631,0.2125269
241.4264,-89.74752,0.9755691,0.2413267
242.6868,-90.75105,1.951175,0.2079057
244.6798,-92.50983,7.80475,0.01053458
241.1248,-95.35557,0.9755946,0.135697
240.7155,-94.34161,0.9756079,0.1853939
241.9758,-95.34515,1.951156,0.07178342
240.0368,-96.89735,1.951162,0.1415527
240.0691,-94.85901,0.9755916,0.1818828
240.4785,-95.87298,0.9755783,0.1315886
240.7478,-92.30326,1.951155,0.2004767
240.7801,-90.26492,0.9755923,0.2295227
241.1895,-91.27888,0.9755864,0.1998546
242.0082,-93.3068,0.9755585,0.1547708
242.4175,-94.32076,0.975557,0.07264563
241.1571,-93.31722,1.951186,0.183942
235.146,-110.2039,1.951157,0.05105106
236.4387,-109.1691,1.95119,0.05147237
234.2626,-112.2527,3.902331,0.04351214
235.8247,-107.6482,0.9755639,0.06446663
235.2833,-106.5721,0.1219411,0.2066094
235.2753,-107.0817,0.06097294,0.1004231
235.1729,-106.8282,0.0609759,0.2022128
235.049,-106.2566,0.2439069,0.2831885
235.7089,-106.5669,0.121946,0.2023218
235.9728,-106.691,0.121945,0.08097921
235.5177,-106.8877,0.2439001,0.1208795
236.8373,-107.5084,0.2438565,0.03793553
236.6326,-107.0014,0.2439024,0.1059454
237.2628,-107.5032,0.48779,0.02553115
236.2933,-108.2793,0.4878126,0.04483655
236.3094,-107.2601,0.2439441,0.1091791
236.5141,-107.7671,0.2438982,0.04333472
234.7366,-109.1899,1.951114,0.06414808
234.7905,-107.4697,0.060969,0.1004004
234.6882,-107.2163,0.06097417,0.2420173
235.0033,-107.4671,0.1219508,0.1004247
234.5185,-107.8552,0.1219434,0.08318859
234.5266,-107.3456,0.06097822,0.2420141
234.6289,-107.5991,0.06097304,0.1004217
234.7258,-106.5153,0.2438952,0.2831458
235.0113,-106.9576,0.06097526,0.202179
235.1137,-107.2111,0.0609723,0.1004251
234.7986,-106.9602,0.1219347,0.2431595
235.1783,-108.1656,0.9755451,0.09349441
231.9681,-116.1019,3.902438,0.1136769
230.4383,-118.6681,3.90229,0.07809132
233.3254,-110.9904,0.9755666,0.181944
232.5605,-112.2735,0.9755693,0.1148919
233.8129,-108.7555,0.4878258,0.1197223
234.373,-106.9654,0.2439114,0.2696065
234.2842,-107.5396,0.1219484,0.2674441
234.2249,-107.9225,0.1219535,0.1294089
233.8264,-109.5832,0.9755575,0.1823943
232.706,-113.1633,0.9755518,0.1470618
233.4708,-111.8802,0.9755578,0.1552213
232.8514,-114.0532,1.951212,0.1238212
238.2431,-99.33936,0.9755826,0.1284128
237.4783,-100.6225,0.9756064,0.1220436
238.0977,-98.44955,1.951164,0.1707964
236.331,-102.5471,0.9755855,0.1016289
235.5661,-103.8302,0.9756017,0.2863649
236.8184,-100.3121,0.4877788,0.1446049
237.3194,-98.90488,0.4877818,0.1573063
236.8319,-101.1399,0.9755795,0.1050055
238.9541,-94.74529,1.95121,0.1886721
239.956,-91.93084,1.951212,0.1849963
238.981,-96.40079,3.902352,0.1626135
237.5483,-102.9143,0.2439009,0.02075546
237.3436,-102.4073,0.2439028,0.09501223
237.9738,-102.9091,0.4877654,0.03893414
237.0043,-103.6852,0.4877771,0.02431325
237.0204,-102.666,0.2438842,0.09608778
237.2251,-103.173,0.2438823,0.02019855
236.1155,-104.3966,0.06098275,0.08011948
235.9472,-104.1121,0.03049052,0.2704194
236.0792,-104.1742,0.03048647,0.06183015
236.3283,-104.394,0.1219459,0.0772747
235.8732,-104.5906,0.2439195,0.193132
235.3884,-104.9787,0.4878133,0.2814352
236.5356,-103.0541,0.4877731,0.1495305
236.3875,-104.0112,0.1219548,0.03024387
236.1088,-103.9827,0.03048363,0.05361855
235.9768,-103.9207,0.03048767,0.2710619
236.2044,-103.8223,0.0609818,0.05789402
236.5787,-103.6904,0.243898,0.0391878
238.3293,-100.612,0.487784,0.05510279
237.6829,-101.1294,0.4877995,0.1092668
238.771,-99.58765,0.9755589,0.04802019
237.9899,-101.8899,0.2438913,0.04392662
238.1946,-102.3969,0.2438799,0.03911875
237.5645,-101.8951,0.4878002,0.08682632
238.534,-101.119,0.4877781,0.04130924
238.5178,-102.1382,0.2438938,0.06032795
238.3132,-101.6312,0.2439053,0.05222546
236.6488,-105.9822,0.487782,0.07726461
236.665,-104.9631,0.2439122,0.07734068
236.8696,-105.47,0.2439089,0.08187579
237.279,-106.484,0.2438923,0.08114295
237.4836,-106.991,0.2439008,0.02784459
236.8535,-106.4892,0.4877968,0.104329
235.6954,-105.7392,0.2439135,0.2583705
236.032,-106.3082,0.1219461,0.05815325
235.7681,-106.1841,0.1219472,0.1782279
235.2699,-105.7444,0.4878015,0.2854619
236.2098,-105.1597,0.121954,0.07727059
235.9459,-105.0356,0.1219442,0.2399178
236.401,-104.8389,0.2438778,0.07726622
236.2233,-105.9874,0.2438667,0.07439707
235.8866,-105.4184,0.1219417,0.2399166
236.1506,-105.5425,0.1219515,0.05828311
237.7368,-104.4404,0.4877847,0.08577542
237.2089,-104.1922,0.4877867,0.03362591
238.1192,-103.7989,0.9756041,0.02102538
237.823,-105.7131,0.4878012,0.08327713
237.8068,-106.7323,0.2439043,0.02701822
237.6022,-106.2253,0.2438958,0.08066953
237.1928,-105.2113,0.243881,0.09161286
236.9881,-104.7043,0.2438843,0.0837439
237.6183,-105.2061,0.4877841,0.07311303
280.9794,-172.8379,1.326143,0.06464078
281.7543,-171.8367,0.6631268,0.0738503
281.8325,-172.4963,0.6630548,0.0730137
281.5428,-173.8214,2.65243,0.06780823
283.4214,-170.8237,2.652527,0.0737035
282.842,-173.4739,1.326264,0.07414963
282.7247,-172.4845,0.6630699,0.07483178
282.6465,-171.8249,0.6631419,0.07551362
285.8634,-168.8094,2.652444,0.07507271
288.0628,-166.6333,1.326317,0.091628
286.92,-168.3,1.326328,0.0793445
284.6344,-171.6335,1.326149,0.03593616
283.4916,-173.3002,1.32612,0.06633028
284.7206,-170.4762,2.652459,0.07012606
279.0066,-178.8098,2.652413,0.03539326
280.6346,-177.467,2.65239,0.07224114
277.535,-181.4719,5.304821,0.0348783
280.807,-175.1525,5.304823,0.06354625
279.179,-176.4953,5.304812,0.03566911
286.8498,-165.8235,5.304788,0.1110582
285.2218,-167.1663,5.304802,0.1027519
285.723,-163.8565,10.60946,0.1143669
282.7798,-169.1805,5.304826,0.07231406
280.823,-171.5187,2.652326,0.07667184
281.4806,-169.5281,2.652329,0.07151467
283.281,-165.8707,10.60958,0.07201049
104.981,-362.1007,47.13208,0.00482703
118.863,-326.8509,24.3364,0.01056488
111.6252,-338.8573,12.1681,0.009459184
115.7342,-330.5467,12.16797,0.01065993
123.9523,-313.9253,12.16809,0.01079423
128.0613,-305.6147,12.16807,0.0104188
122.972,-318.5402,24.33649,0.01091195
111.7192,-343.9318,48.67273,0.009460441
118.4199,-331.6955,24.33628,0.01052343
115.3851,-340.4657,24.33648,0.009299711
65.18763,-333.5578,0.1284594,0
177.7692,-215.8783,24.34333,0.02945477
-19.82375,-320.0226,22.25518,0
-33.64127,-312.3695,22.19006,0.0005023042
-74.15405,-251.1954,26.31121,0.001054746
-90.59998,-235.6794,48.70286,0.001289515
-12.75752,-296.4221,6.64379,0.01516217
-13.81503,-293.1461,6.643542,0.01969714
-16.38116,-112.9576,24.54993,0.01569044
-81.2562,-45.41557,53.44487,0.004435572
-358.4135,10.00935,26.35956,0.0002061331
-274.0788,48.5999,26.69431,4.82299E-05
-296.1116,61.57717,33.1834,0
-325.0463,71.57816,75.54132,0.0001418915
-304.4547,79.04498,37.77085,0.0002838273
-317.3821,72.72683,37.77077,0.0001418918
-100.5038,17.43957,22.07645,0.04822677
-85.00905,15.79248,37.83036,0.02481729
-17.21754,-16.98348,10.11958,0.0117778
-12.03958,-21.73982,2.529904,0.03037389
-9.450591,-24.11798,0.6324918,0.05532367
-8.219316,-25.35757,0.6324936,0.08096883
-10.31911,-23.7002,1.264956,0.05564433
-13.77662,-20.90425,5.059785,0.02897917
-20.69162,-15.31236,20.23928,0.006244733
-29.59655,-9.086929,40.47865,0.002041096
-10.99489,-18.68212,2.529911,0.02195462
-10.26938,-20.32572,2.529913,0.03501429
-12.36918,-18.66837,5.059804,0.01929985
-9.181123,-22.79114,2.529969,0.06914251
-7.839985,-25.05455,1.264966,0.0807932
-9.071259,-23.81496,1.264963,0.05510115
-11.28092,-21.13377,5.059906,0.04112281
-15.70024,-15.77142,20.23935,0.01234817
-7.66382,-21.57906,2.529867,0.08113416
-6.833668,-20.36012,0.6324713,0.06277489
-6.292146,-19.64963,0.3162543,0.007091902
-6.363651,-20.26255,0.316243,0.08749878
-6.723797,-21.38393,1.264947,0.08199421
-7.444083,-23.62669,5.059844,0.07814129
-9.186339,-18.90476,1.264973,0.01504356
-9.32935,-20.13059,1.264944,0.05633188
-9.983352,-17.87407,2.52991,0.01663477
-7.377796,-19.1274,2.529925,0.01540199
-8.46083,-20.54837,1.264928,0.05303534
-8.317819,-19.32255,1.264958,0.01154156
-4.046731,-22.02436,2.529873,0.09881038
-5.02512,-20.58276,0.6324666,0.08666407
-5.387877,-19.76095,0.6324781,0.03716838
-4.337978,-20.58965,1.26495,0.08005189
-2.600928,-21.42521,1.264976,0.1086922
-1.732405,-21.84298,1.264959,0.123545
-3.178209,-22.44215,2.529937,0.1042817
-5.70705,-24.46226,5.059861,0.08378771
-5.855274,-21.8017,1.264954,0.08334962
-5.929389,-20.47144,0.3162316,0.08537794
-5.857883,-19.85852,0.3162429,0.03943047
-5.530882,-20.98678,0.632476,0.09125688
-5.058264,-22.8324,2.529918,0.09518329
171.3533,-100.4274,20.74747,0.0458333
256.5119,48.68677,0.7884265,0.1587211
256.8402,47.9805,0.7884448,0.1259197
255.1437,48.42803,0.7884028,0.1992433
255.8643,49.01248,0.1971075,0.2204355
256.2657,49.21644,0.197115,0.1631964
255.8278,48.55738,0.3942219,0.1618649
257.5518,49.65175,0.7884053,0.09248132
258.473,50.33818,0.3942178,0.002812947
258.2358,49.78111,0.394215,0.1024494
257.6429,48.38841,0.7884373,0.1135355
257.3146,49.09468,0.7884189,0.1492696
256.2928,45.95613,3.153566,0.1201595
255.0707,47.51782,1.576785,0.1491489
256.2017,47.21946,1.576811,0.1414037
254.3594,50.64876,0.1970999,0.1376741
254.5236,50.29564,0.1970909,0.1026407
253.6753,50.5194,0.1970888,0.2225932
254.0766,50.72335,0.1971082,0.1350986
254.9797,51.18226,0.04927018,0.1449729
255.0618,51.00571,0.04928505,0.08352435
254.738,51.16855,0.09856302,0.14498
255.34,51.47449,0.09856211,0.09421767
255.2624,51.10769,0.04927566,0.1304185
255.1803,51.28424,0.04926079,0.1743246
254.9249,50.49959,0.1971146,0.1449783
254.6194,50.89,0.09856815,0.1239018
254.9021,50.81542,0.09854678,0.1307329
254.0857,49.6366,1.576843,0.1902692
253.2649,51.40223,0.7884268,0.2302092
252.9366,52.10848,0.7884358,0.2374047
254.6331,51.66097,0.7884358,0.111545
253.7711,51.11378,0.09856654,0.2194912
254.0539,51.03918,0.09855744,0.2055564
253.5112,50.87254,0.1971094,0.2194882
253.8669,51.70817,0.1971075,0.1823052
254.1725,51.31774,0.09854927,0.1512792
253.8897,51.39233,0.09855836,0.1766022
256.7765,50.78572,0.3942118,0
256.6807,50.19133,0.09855393,0
256.5621,49.9128,0.09854747,0.1478188
256.4572,50.4052,0.1971124,0
256.3296,51.21345,0.7883959,0.03529337
258.026,50.76591,0.7883984,0
257.3055,50.18144,0.1971079,0.03561629
256.8449,49.83821,0.09854747,0.1574176
256.9635,50.11675,0.09855393,0.03687123
257.342,50.63655,0.3942192,0
255.3353,49.61678,0.3942064,0.2092597
256.1015,49.56958,0.1971289,0.123493
255.7001,49.36562,0.1971214,0.1936911
254.8154,49.13429,0.7884215,0.1840747
255.5269,50.80554,0.7884197,0.1256756
256.097,50.11299,0.04928751,0.03083305
255.8963,50.01102,0.04929155,0.170811
256.1152,50.34055,0.09855084,0.03671572
256.3615,49.81083,0.09855555,0.120475
255.9783,49.83443,0.04927544,0.2206831
256.179,49.9364,0.0492714,0.149642
255.5725,50.17387,0.3942098,0.1251864
159.646,11.38376,11.15635,0.002137978
88.14964,18.91418,29.0692,0.0002014275
81.00312,11.50644,29.06925,0
90.25824,24.71549,58.13798,0.0004359662
84.78739,97.96807,2.618257,0.1494181
84.89538,100.5034,2.618252,0.1480811
279.9002,21.56881,0.5686426,0.04092116
280.5523,21.85729,0.5685764,0.07737636
280.0573,20.86321,1.137247,0.0535228
278.6079,22.54724,1.137236,0.02486824
280.0692,22.41863,0.5685607,0.08016036
279.4171,22.13016,0.5686268,0.02768483
281.9291,21.30376,4.548998,0.07604139
278.6687,19.8613,2.274427,0.06343462
277.3645,19.28432,2.274489,0.0334679
278.3545,21.27248,4.548892,0.03516223
279.1147,25.09678,1.137355,0.01825245
280.25,24.82392,1.137274,0.0557847
278.3781,24.38334,2.274538,0.02554065
278.885,26.93287,2.274565,0.02251858
280.419,25.67375,1.137158,0.05632788
279.2837,25.9466,1.137239,0.01969288
282.2671,23.00343,4.549138,0.07364415
279.9121,23.12422,1.137218,0.05014699
278.7768,23.39708,1.137249,0.02395033
280.6487,23.83763,2.274487,0.05390381
280.5509,32.32042,18.19607,0.03478901
282.774,25.55296,9.097968,0.06875346
280.9258,28.22328,1.137286,0.0611137
279.7906,28.49614,1.137249,0.03475776
281.6624,28.93669,2.27456,0.04565142
281.1555,26.38715,2.274591,0.05866845
279.6216,27.64629,1.137281,0.02816545
280.7569,27.37342,1.137318,0.05740231
266.6957,-185.6293,29.35304,0.01420571
261.7195,-183.0803,29.35278,0.01482498
249.1973,-177.9767,29.35284,0.01445877
259.3132,-180.5368,29.35283,0.01601869
104.7297,-357.1109,34.01886,0.004354553
72.37919,-334.181,78.70872,0.000877149
93.10663,-342.0762,39.35445,0.003430519
79.07208,-338.4181,39.3545,0.0008911744
190.5316,-196.9938,13.94755,0.04411332
183.8042,-204.0709,13.94751,0.04304646
193.1661,-192.3796,27.89483,0.04457168
201.7987,-179.6127,13.94737,0.04465447
207.6145,-171.191,3.486972,0.04299563
210.6136,-167.1147,3.486974,0.03175833
206.4796,-173.7671,6.973703,0.04428152
199.5289,-184.7647,27.89481,0.04433095
184.8981,-205.6844,27.89489,0.04319361
191.6255,-198.6074,27.89496,0.04425345
182.9929,-211.3743,55.79013,0.04004129
-11.62115,-316.3717,17.714,0.002141485
-4.923531,-315.5471,17.71396,0.0103585
-14.43704,-319.0693,35.42807,0.002095935
-57.31273,-271.0128,42.76634,0.0009082907
-51.49245,-281.7884,21.38327,0.0007791935
-56.68509,-275.4406,21.38347,0.0009046473
-46.65654,-293.1907,21.38326,0.000573693
-41.32843,-304.2797,10.69137,0.00049966
-45.53673,-297.305,10.69137,0.0004997382
-53.95331,-283.3556,10.69141,0.0008577288
-58.16161,-276.3809,10.69141,0.001004648
-50.86482,-286.216,21.38311,0.0008376182
-71.82122,-254.876,50.53761,0.001021567
-86.0979,-235.8238,26.75497,0.001504606
-12.15519,-292.7432,13.19343,0.03058659
-15.58217,-106.4916,51.42421,0.01634265
-9.960003,-93.4903,25.71218,0.01532062
-11.97425,-102.2135,25.71212,0.01432552
-3.037442,-80.53066,25.71211,0.0152849
2.081155,-69.71013,6.428022,0.01210341
5.217336,-63.21988,3.214059,0.01335242
3.560012,-67.56062,3.214067,0.01576225
-0.0797259,-76.23166,12.856,0.01535367
-5.701889,-89.23299,25.71215,0.0155052
-10.02365,-102.276,12.85607,0.01453325
-8.009407,-93.55286,12.8561,0.01550529
-75.15201,-34.80113,75.12265,0.002645366
-353.3643,11.81358,52.65381,0.0002062909
-265.5486,43.98542,24.52911,0.0004302819
-291.9939,60.6862,13.1024,0
-305.2912,81.23324,39.89654,0.0002768856
-319.4191,76.9255,39.89667,0.0001384207
-298.6999,85.7532,79.79366,0.0002817059
-97.91213,16.04154,12.26829,0.04541599
-36.59594,-8.3093,69.46992,0.003635901
-21.72877,-17.40272,17.36746,0.005219486
-14.29519,-21.94943,4.341902,0.02401793
-10.5784,-24.22279,1.085469,0.05294569
-8.348962,-25.61887,0.5427362,0.07780461
-9.839524,-24.90187,0.5427344,0.06653955
-12.81744,-23.30758,2.170934,0.04670785
-18.77327,-20.11902,8.683804,0.01871426
-30.68493,-13.7419,34.73495,0.003758515
172.8162,-112.1728,25.82443,0.07177453
172.1911,-123.199,3.228067,0.07856189
172.981,-120.7414,3.228104,0.07221404
172.1781,-126.8722,6.45616,0.05601371
172.0132,-118.3036,6.456141,0.07076786
171.2233,-120.7613,6.456078,0.06447926
171.6705,-104.8398,25.82421,0.07128453
170.4725,-112.1994,12.91227,0.06736264
169.7088,-107.3107,12.91231,0.07500682
222.0564,57.92767,61.8446,0.1095201
235.6714,52.05204,15.46105,0.1066823
242.4789,49.1142,3.865269,0.09349453
245.1354,47.7154,3.865054,0.1021732
238.1617,50.09413,7.730532,0.1049707
227.0369,54.01184,30.92205,0.1100943
154.3279,8.986424,42.41429,0.001722401
116.5353,19.51465,42.07748,0.001619197
106.4529,26.82438,21.03871,0.001105415
113.7083,23.41907,21.03868,0.001678573
86.07902,101.3547,6.797233,0.125548
89.27008,100.8471,3.39855,0.1071508
87.40659,100.1968,3.398559,0.1221642
283.8311,17.16615,1.370756,0.07417507
284.7261,16.62785,1.370784,0.06084845
282.9744,16.32,2.741488,0.1232764
284.3236,19.25243,0.6853424,0.03664944
283.6715,18.96394,0.6853123,0.1013776
284.4068,20.22347,1.37075,0.01751913
285.1353,17.74314,1.370689,0.04547578
283.9143,18.13719,0.685304,0.1046254
284.5664,18.42568,0.685334,0.04771133
285.9021,13.87833,5.482868,0.05970052
283.4601,14.66642,2.7414,0.1246766
284.7643,15.2434,2.74139,0.05508013
280.411,17.52149,0.6853599,0.1234482
279.7589,17.23302,0.6853894,0.0561747
280.4942,18.49252,1.370658,0.1051151
281.2227,16.01217,1.370677,0.1259985
280.2255,16.27163,0.3427207,0.1016863
279.778,16.54078,0.3426931,0.09625713
280.6538,16.6947,0.6853085,0.1195168
278.0904,17.89621,2.741402,0.05714919
279.5993,19.03083,1.370651,0.09034941
279.19,17.91557,1.370706,0.05767431
282.0031,19.62715,2.74145,0.08542878
283.5119,20.76176,1.370762,0.07681701
283.1026,19.64648,1.370643,0.1216602
281.8366,17.68509,5.482901,0.1115422
250.0325,-175.1275,13.43623,0.01453057
259.646,-178.7411,13.43626,0.01601186
244.7234,-174.3742,26.87251,0.01448387
107.106,-352.0685,24.50133,0.005335153
149.0795,-268.0144,18.13112,0.03608656
141.7654,-279.1705,18.13112,0.03595251
151.9572,-261.4217,36.26221,0.03613176
161.3696,-242.6582,18.13073,0.03636949
167.9043,-230.4874,18.13079,0.0359658
158.8816,-249.7582,36.26218,0.03639309
142.9345,-280.6925,36.26232,0.03590722
150.2486,-269.5364,36.26232,0.03604208
142.2751,-285.0035,36.26241,0.03554375
139.3974,-291.5963,36.26203,0.0299792
-67.32375,-254.6066,30.76209,0.001072577
-79.03283,-239.8402,49.38564,0.001501491
-6.769907,-294.996,4.324339,0.005609671
-3.852096,-296.5262,4.32432,0.01275466
-8.786548,-295.2558,8.648634,0.01371537
5.860091,-55.09299,22.19141,0.03372487
-65.79713,-20.73441,24.54244,0.01600722
-342.8477,-1.113398,65.91389,0
-260.9434,41.48796,30.48802,0.0003888331
-288.6483,85.38906,5.186361,0
-99.8112,8.329987,13.69083,0.05687325
-102.8008,6.323929,3.422695,0.04617964
-104.6951,5.180099,1.711373,0.04419895
-104.102,6.341299,1.711373,0.07220683
-102.4135,8.364716,6.845391,0.05965136
-2.210122,-25.90126,28.41191,0.1029655
0.3147316,-31.68651,7.103034,0.1067501
0.9200528,-34.32384,7.103023,0.08913969
-2.616332,-29.34663,14.20608,0.09374636
172.1973,-134.0581,8.041666,0.05448286
169.1882,-132.4471,8.041685,0.04238322
136.0533,84.71482,81.22569,0.004013914
158.1933,79.34961,40.61374,0.002238947
143.5732,81.26196,40.61347,0.003657801
176.7309,73.83833,20.30651,0.004866334
185.9471,71.70689,5.076578,0.01171384
191.4821,70.36555,2.538559,0.02333774
187.8271,70.84366,2.538528,0.01194967
180.4908,72.11191,10.1531,0.00488457
196.1428,68.67562,2.538373,0.04380683
198.8972,68.16102,1.269187,0.06331547
197.0959,68.08797,1.269203,0.04404668
202.6047,67.05877,2.538187,0.09019991
199.8634,67.41734,1.269095,0.06510925
197.1352,67.61984,0.6345617,0.04733616
198.9365,67.69289,0.634554,0.06577808
210.0197,64.85424,5.07652,0.10519
204.4978,66.03951,2.538271,0.08911079
199.9093,66.87122,0.634584,0.06475952
197.155,67.3858,0.3172168,0.04735
198.9825,67.14678,0.3172075,0.06970289
202.644,66.59064,1.26918,0.08817536
193.4277,68.7221,5.076598,0.02564673
187.9321,69.5953,2.538347,0.01269385
191.5609,69.42929,2.538358,0.0242018
180.5696,71.17564,5.076906,0.004907274
186.0521,70.4585,2.538428,0.01128023
191.5215,69.89741,1.269015,0.02351527
187.8927,70.06342,1.269009,0.01166054
165.7658,75.27261,40.61318,0.0009581793
143.7307,79.38947,20.30475,0.003881565
158.3508,77.47712,20.30489,0.002681399
136.9429,14.21204,63.86916,0.002185475
100.2334,94.06991,2.141711,0.03622467
101.7011,91.7913,2.141701,0.01950319
98.71934,95.44772,2.141777,0.05201917
99.68231,93.62841,1.070854,0.04249809
98.67291,94.54694,1.070829,0.0572456
95.64469,97.30256,2.14178,0.07482708
93.62585,99.13964,2.141744,0.0950606
97.20524,96.82553,4.283556,0.07956336
102.5278,92.45355,4.2836,0.01825036
101.0601,94.73215,4.28362,0.03566577
104.3639,92.1973,8.567109,0.01456639
110.7888,88.70837,34.26894,0.009385147
94.33499,94.95801,1.070922,0.09437935
94.12754,93.49645,0.5354517,0.02302204
93.89841,94.17648,0.5354239,0.05950014
93.71573,95.75729,2.141819,0.1100288
96.05654,95.04176,2.141792,0.08408116
94.79325,93.59795,1.070881,0.02265606
95.11526,94.71951,1.070946,0.09040836
92.79916,98.47738,4.283543,0.1014652
94.81799,96.6403,4.283614,0.08220649
99.08474,92.28613,2.141807,0.00670217
98.23635,93.76543,0.5354294,0.02035523
98.00723,94.44544,0.5354651,0.08720206
99.13119,93.18691,1.070909,0.02032239
100.8744,91.12905,4.283579,0.007913253
97.13407,92.88241,1.070866,0.001502585
97.34151,94.34393,0.5354546,0.06851642
97.57064,93.66392,0.5354294,0.01745512
97.75333,92.08313,2.141787,0.001050659
95.41254,92.79868,2.141828,0
96.6758,94.24245,1.070904,0.05101313
96.3538,93.12092,1.070875,0
91.37489,96.47282,2.141808,0.1435554
90.38718,95.24979,0.5354186,0.1941073
89.83606,94.8083,0.5354317,0.2010046
90.43362,96.15057,1.070894,0.1465908
91.46775,98.27438,4.283616,0.1050706
92.72802,94.53426,0.5354668,0.1149754
92.09638,93.81238,0.2677397,0.03862758
92.25738,94.37315,0.2677424,0.1199904
92.77444,95.43504,1.070891,0.1104784
93.26678,93.45461,0.2677055,0
93.42777,94.01536,0.2677042,0.07317733
93.57641,93.05496,0.5354438,0
92.40603,93.41274,0.5354112,0
93.03766,94.13461,0.2677069,0.07317726
92.87665,93.57386,0.2677082,0
90.92596,94.17014,0.2676968,0.08303259
91.08695,94.73089,0.2677339,0.1441887
91.23562,93.77052,0.535439,0.04853395
90.20298,94.23866,0.1338719,0.1640409
90.31754,93.89865,0.1338568,0.05245113
89.87012,94.18792,0.2677208,0.1959069
90.69682,94.85015,0.2677358,0.1573119
90.59312,94.11938,0.1338425,0.0817477
90.47855,94.45939,0.1338576,0.1654658
91.99416,95.67355,1.070856,0.1138201
91.86723,94.49241,0.2677158,0.1215043
91.70624,93.93164,0.2677131,0.04330289
91.55759,94.89204,0.5354418,0.1382599
87.93182,96.30537,2.141808,0.153209
88.66567,95.16607,0.5354672,0.1691991
88.89481,94.48605,0.5354344,0.2274649
87.99996,95.06455,1.070934,0.2060464
86.60043,96.10238,4.283635,0.1786846
89.9072,98.75143,4.283491,0.1350837
89.65334,96.38909,1.070895,0.1743355
89.44592,94.92755,0.5354005,0.2297715
89.2168,95.60757,0.5354334,0.1715105
89.03408,97.18839,2.141746,0.1430803
287.6265,16.92547,4.669474,0.02856885
287.0735,14.53517,4.669348,0.04760615
286.3787,19.03749,9.338839,0.03331296
290.1894,16.74535,4.669455,0.01572399
292.2331,16.19685,2.334702,0.006591029
291.1944,15.46013,2.334724,0.03740844
288.5978,13.61831,4.669329,0.05594272
289.1508,16.00861,4.669455,0.03866843
230.8367,-169.8281,12.30954,0.01524524
222.2591,-166.0354,12.30961,0.01522215
235.6278,-170.671,24.61914,0.01510098
134.7149,-301.3705,51.51261,0.01686989
129.5058,-314.5385,25.75668,0.01119367
131.2265,-305.7937,25.75656,0.01056972
122.9826,-327.7318,25.75618,0.01065998
117.1164,-340.9126,12.87835,0.009364584
120.1512,-332.1423,12.87823,0.01050805
125.3603,-318.9744,25.7563,0.01098185
129.2554,-305.8318,12.87799,0.01034774
127.5347,-314.5765,12.87805,0.01099348
-74.14212,-243.5462,59.85376,0.001431105
-3.723235,-301.2046,58.8905,0.007966194
41.65492,-72.86605,18.10438,0.02351893
32.07877,-65.63137,18.1044,0.02199959
47.86119,-75.87431,36.20855,0.0231404
65.06181,-85.50818,18.10444,0.02329444
76.05616,-92.13377,18.10448,0.0250253
58.14644,-82.80446,36.20854,0.02318685
29.95148,-66.54499,36.20875,0.02224553
39.52763,-73.77966,36.20871,0.0237136
22.32702,-64.14581,72.4176,0.0309127
-90.74005,-7.056788,34.93298,0.02045235
-80.91349,-14.53727,34.93288,0.01942643
-94.76749,-6.36086,34.93275,0.02371001
-100.728,-3.403412,34.93271,0.03585814
-338.1866,-6.566961,29.68354,0.0005009117
-251.7532,36.49852,24.51037,0.0004854045
-286.8369,87.52479,1.242988,0
-172.8499,30.2263,26.03279,0
-182.0461,33.93863,26.03283,0
-167.2951,30.50021,52.06569,0
-4.01173,-33.69746,9.645531,0.07309063
-4.833736,-30.1161,9.645532,0.09718165
-1.997433,-34.65068,9.645542,0.09067286
0.8252907,-36.51854,4.82278,0.08828028
-1.58643,-36.44136,4.82277,0.06861424
177.7253,-142.0379,4.130818,0.0389974
180.3501,-141.9935,0.5163653,0.04347732
179.3931,-141.5507,0.2581856,0.06092384
179.9841,-141.5844,0.2581603,0.02996553
181.2016,-141.848,1.032766,0.05536503
179.6043,-142.7274,0.2581974,0.06831615
180.1954,-142.7611,0.2582084,0.05019944
179.3792,-143.1028,0.5163515,0.05398925
179.1679,-141.9261,0.5163642,0.06092771
180.125,-142.3689,0.2581821,0.04336512
179.5339,-142.3352,0.2581711,0.05972798
176.8247,-143.5394,8.261635,0.04200429
176.05,-139.2248,1.032701,0.05597164
177.2323,-139.2922,1.032719,0.03152431
175.6702,-140.3678,1.032665,0.05734702
175.5293,-139.5833,1.032707,0.05529299
175.1772,-137.6221,2.065455,0.05653564
177.0915,-138.5078,1.032706,0.03073792
175.9092,-138.4403,1.032688,0.05569775
179.217,-140.5701,1.032704,0.04796687
179.0761,-139.7856,1.032677,0.02464721
181.0608,-141.0635,1.032717,0.05896447
179.7484,-141.0856,0.1290851,0.04718385
180.0791,-141.2986,0.1290931,0.1175926
179.3226,-141.1584,0.2581984,0.06091897
180.1213,-140.7187,0.06454387,0.08103145
179.8257,-140.7019,0.06453369,0.06092824
180.2338,-140.531,0.1290894,0.06818581
180.3395,-141.1194,0.1290826,0.08551021
179.8609,-140.8979,0.06452673,0.07244034
180.1565,-140.9148,0.06453691,0.08208523
176.9229,-140.8274,2.065365,0.06151459
177.8939,-139.7182,1.032707,0.03113302
178.0347,-140.5026,1.032734,0.05665427
124.6167,17.8402,21.10622,0.002065032
112.934,90.49255,33.94192,0.005792118
102.3935,95.84953,2.121427,0.03704938
104.442,94.0034,2.121427,0.02126929
100.8478,96.32203,4.242714,0.04041667
96.73212,98.1901,2.121321,0.06609331
94.16215,99.58566,2.121343,0.09465005
98.53854,97.94289,4.242642,0.06703617
105.2241,94.67929,4.24287,0.01571742
103.1756,96.52542,4.24287,0.03361432
107.2913,94.65736,8.485562,0.01568741
120.1597,89.50369,67.88467,0.004489863
278.8991,-10.80836,11.35113,0.02992676
281.7169,-7.460022,11.35106,0.04930114
286.1398,-1.309082,2.837781,0.07351025
287.999,1.34786,1.418853,0.09701601
287.0983,-0.6176758,1.418841,0.07799491
290.1124,3.859121,1.418987,0.1178559
291.7464,6.024653,0.3546956,0.1010259
292.4508,6.861725,0.3546886,0.121078
290.9439,4.623362,0.7093879,0.1161617
288.6342,0.9836578,0.7094588,0.0987815
287.4794,-0.836202,0.7094309,0.07801741
288.9576,2.039276,1.419022,0.1009607
283.6339,-6.077215,11.35104,0.05245288
272.9866,-22.31018,5.675457,0.06131189
276.9592,-17.14199,2.837738,0.05030505
274.6496,-20.78169,2.837732,0.06434786
269.7763,-27.9154,11.35093,0.0646883
277.0977,-14.73943,11.35116,0.04629906
273.3792,-20.05329,5.675412,0.06146445
275.1807,-16.12225,5.675347,0.05404207
288.3338,4.87886,5.675404,0.1255878
290.8571,6.534521,1.4189,0.1106203
292.4219,7.498774,0.7094105,0.05955387
291.7175,6.661703,0.7094346,0.09650657
290.0546,5.13323,2.837814,0.1158303
287.2368,1.784902,2.837744,0.1016134
285.8279,0.1107229,2.837759,0.08213204
287.2281,3.341095,0.709438,0.1120056
286.8181,4.196681,0.7094435,0.1159843
288.0394,3.186183,1.418865,0.1097951
286.2205,2.367599,1.418814,0.09456195
286.1627,3.641724,0.3547224,0.106814
286.2609,4.205938,0.3547366,0.1700242
286.6218,3.068242,0.7094136,0.1062813
289.119,9.392609,5.675431,0.09996223
291.2497,8.791392,1.418878,0.09751543
292.266,8.208664,1.418824,0.08163918
290.5453,7.95432,2.837774,0.1131315
287.7101,7.71844,11.35086,0.1336664
282.502,-2.946259,11.3509,0.04914584
279.6842,-6.294601,11.35098,0.02987553
285.1464,4.224421,0.7094538,0.1387718
284.442,3.387344,0.7094355,0.09929688
284.9904,4.934321,1.418896,0.1524422
283.0331,1.713196,1.418982,0.04139302
283.8068,3.751546,0.3547111,0.05251849
284.2571,4.734299,0.354714,0.1449297
283.8357,3.114492,0.7094635,0.05497383
285.7353,7.609756,1.418949,0.136786
286.636,9.575276,1.41897,0.1198092
285.7931,6.335638,2.837793,0.1363003
284.4016,1.549021,1.418845,0.08541095
283.1891,1.003291,1.418924,0.04215882
284.9502,3.095998,0.7094082,0.09924554
285.7036,4.215185,0.3546805,0.1297688
285.6055,3.65097,0.3547062,0.1088727
285.1061,2.386108,1.418833,0.09844639
283.5009,-0.4165141,2.837785,0.04325587
284.7135,0.1292165,2.837677,0.08065598
225.8532,-164.1166,12.26045,0.01391312
222.3863,-160.6702,12.26048,0.02088474
232.1266,-167.2094,24.52085,0.01493703
217.3098,-160.339,24.52092,0.01568502
220.7768,-163.7854,24.52102,0.01534079
135.3305,-294.9434,24.35527,0.0187584
-63.39394,-260.5556,44.02422,0.001020992
13.52684,-281.281,7.483824,0.004621215
11.12357,-283.8609,3.741949,0.01152775
9.521383,-285.5809,3.741992,0.03246808
4.032421,-291.9924,7.483904,0.03883618
6.257655,-288.8251,3.741975,0.02505434
7.741152,-286.7135,3.741947,0.0391115
14.65423,-277.9947,29.93596,0.005558274
23.43643,-264.9337,3.741937,0.01158679
20.23207,-268.3736,3.741969,0.01676385
24.80122,-262.4305,7.483928,0.008443786
29.25168,-256.0959,14.9678,0.0143428
20.58816,-269.5484,7.483986,0.01675874
23.79252,-266.1084,7.483922,0.0115689
19.46077,-272.8347,14.96795,0.01458545
6.228102,-292.2304,29.93595,0.0206447
11.59835,-285.4273,3.742008,0.03230925
13.20053,-283.7073,3.741966,0.01137003
15.6038,-281.1273,7.483995,0.01124599
11.27204,-287.8536,14.96795,0.01818503
5.3381,-296.2999,29.93587,0.01699096
2.608518,-301.3062,29.93627,0.01073836
-10.07475,-46.88643,49.48163,0.03676227
-22.78463,-42.27922,24.74084,0.03055145
-14.46614,-43.5643,24.74087,0.03134537
-35.61058,-36.3322,24.74097,0.03022845
-48.37851,-31.05509,12.37034,0.02633312
-39.94394,-33.67996,12.37038,0.03007955
-27.23405,-38.28719,24.74092,0.02976723
-14.64025,-41.55461,12.37029,0.03121023
-22.95874,-40.26953,12.37027,0.03040965
-108.2289,0.3182475,28.48718,0.04617006
-114.3069,2.031387,7.121752,0.03566585
-117.9535,3.189402,3.560858,0
-115.5211,3.284958,3.560872,0.03570675
-110.6573,2.825399,14.2435,0.04459095
-125.2437,7.457474,28.48724,0
-117.9485,6.4428,3.560883,0.02325205
-115.2129,5.980962,0.44512,0.05578702
-115.8202,6.445078,0.4451205,0.08499794
-114.3008,5.935471,0.8902251,0.04351539
-116.4291,5.933182,0.8902059,0.02141439
-115.8218,5.469065,0.8902277,0.03178621
-119.1662,5.419001,7.121751,0
-110.6542,4.777441,7.121922,0.04459098
-115.5196,4.260976,1.780507,0.03570673
-117.952,4.165421,1.780499,0
-114.3024,4.959447,3.560999,0.03572262
-139.826,14.69226,28.48718,0
-154.4094,21.27637,14.24339,0
-144.6858,17.75453,14.24339,0
-130.1014,11.8211,28.4872,0.001506292
-119.1614,8.509715,3.560883,0.02107009
-115.5145,7.514374,1.780439,0.03683353
-117.9464,7.744151,1.780439,0.02317753
-110.6527,5.753464,3.560822,0.06978631
-114.2998,6.586146,1.780415,0.05639888
-117.9472,7.256144,0.8902208,0.04667299
-115.5153,7.026367,0.8902208,0.05548488
-125.2407,9.409505,14.24352,0.01154693
-335.1868,-12.51326,41.37298,0.0004361001
-243.2294,31.86453,30.82363,0.0007643852
-282.7109,86.4537,43.49528,0.0002468325
-271.4763,81.20304,21.74732,0.0004936654
-279.5163,83.23995,21.74734,0.0002468326
-260.6545,74.85474,21.74759,0.0006483209
-249.6262,69.05524,10.87367,0.0009695569
-257.2535,72.18981,10.87375,0.0009696117
-272.508,78.45895,10.8737,0.0004936653
-280.1353,81.5935,10.87369,0.0002468328
-268.2817,77.9893,21.74755,0.0004936656
-239.0106,62.15811,21.74764,0.0007405728
-227.9824,56.35861,10.87391,0.0007405728
-235.6097,59.49318,10.87391,0.0007405726
-217.1605,50.01027,10.87392,0.0009791497
-206.2355,43.93634,5.437211,0.0008777807
-213.6564,47.61973,5.437208,0.0009787001
-224.6846,53.41924,10.87385,0.0007405768
-235.9192,58.66993,5.436986,0.0007405743
-228.2919,55.53536,5.436985,0.0007405745
-246.7411,65.01826,21.74765,0.0007404952
-258.0788,69.99451,10.87372,0.0007405738
-250.2452,67.40878,10.87373,0.0007404956
-269.2102,75.51959,10.87356,0.0004936653
-280.4448,80.77026,5.437108,0.0002468329
-272.8175,77.6357,5.437109,0.0004936656
-257.563,71.36657,5.437052,0.0007405684
-249.9357,68.232,5.437015,0.0007404964
-261.583,72.38503,10.8736,0.0007405729
-4.262792,-40.88,11.44812,0.057651
-2.751801,-43.97998,11.44816,0.04743687
170.5967,-138.305,17.67592,0.04621002
167.5988,-134.0893,8.837929,0.04219827
170.6079,-135.7003,8.837912,0.05391432
121.8728,16.1527,22.9188,0.0020927
126.5524,85.11703,25.13701,0.006523806
275.7907,-22.49228,3.079224,0.06731599
278.8099,-20.10452,3.079179,0.05718692
274.6359,-24.31213,6.158497,0.06960443
270.6393,-28.83272,12.31714,0.06382642
278.2777,-19.16557,6.158513,0.05576969
275.2585,-21.55332,6.158603,0.06593014
279.0777,-16.71975,12.31719,0.05398035
284.4969,-6.994532,12.3168,0.04275895
289.0273,0.4413249,0.7698147,0.09981621
287.6952,-1.065531,0.7698403,0.07509052
289.5161,1.507751,1.539559,0.09917904
291.1596,4.394048,0.7697915,0.1208152
292.3144,6.213867,0.7697854,0.08027915
290.7596,3.171127,1.539517,0.1197285
287.9612,-1.535004,1.539569,0.07353495
289.2934,-0.02814738,1.539518,0.09817886
287.6499,-2.914398,3.079161,0.07299736
282.8969,-11.88617,24.63418,0.04676631
272.0585,-31.33659,6.158496,0.07286438
268.6845,-33.09838,6.158463,0.06221041
273.0359,-29.20376,12.31715,0.06781986
276.6777,-24.05721,6.158757,0.0753485
279.3421,-21.0435,6.158879,0.05726571
276.5439,-25.74962,6.158715,0.076519
275.5665,-27.88244,6.158631,0.09488423
269.7489,-34.97631,12.31732,0.06478975
273.123,-33.21452,12.31738,0.07510269
269.4811,-38.36108,24.63417,0.06978974
210.2184,-158.8099,24.63864,0.01815394
-63.02547,-265.2903,40.16128,0.001064486
22.15196,-262.4152,3.558359,0.006324175
18.5351,-265.6978,0.889672,0.01454644
16.72667,-267.3391,0.2223812,0.02235581
15.79925,-268.1261,0.222382,0.09189826
17.09754,-266.8111,0.4448343,0.0229529
19.27685,-264.642,1.779174,0.0030608
22.80085,-261.2251,3.55834,0.02581184
24.47002,-259.3822,3.558427,0.01340431
28.64293,-254.7752,14.2335,0.01475139
20.11241,-265.8513,3.55833,0.01146891
17.51533,-267.4158,0.8895876,0.02611498
16.21679,-268.1981,0.2224163,0.05245123
15.66024,-268.4572,0.222434,0.1712164
16.86594,-267.5406,0.4448228,0.0244456
18.81362,-266.1009,1.779201,0.02050523
22.70899,-263.2214,7.116637,0.01050666
18.25805,-268.4908,1.779177,0.0218208
16.58816,-268.7356,0.4447801,0.02314156
15.56765,-268.8555,0.2223795,0.1289619
16.1242,-268.5964,0.2223876,0.05932318
17.33014,-268.2125,0.8895749,0.02221288
19.74202,-267.4446,3.558342,0.01691041
16.77456,-270.6023,1.779151,0.02426953
15.66073,-269.5226,0.8896031,0.1274204
16.40296,-269.5322,0.8895772,0.02614817
17.88766,-270.084,3.55832,0.02250797
10.74826,-279.9796,0.8896417,0.04950752
8.939836,-281.6208,0.2223947,0.0557821
8.035625,-282.4415,0.05559977,0.05369176
7.571923,-282.835,0.05560102,0.1495058
8.221059,-282.1775,0.1111981,0.0722457
9.310709,-281.0929,0.44481,0.0430033
11.49001,-278.9238,1.779072,0.041088
13.90092,-276.0252,0.8895298,0.008769844
15.57008,-274.1823,0.8895337,0.02080997
13.25201,-277.2153,1.779062,0.02423443
9.728487,-281.6976,0.8895885,0.03731792
8.429951,-282.4799,0.2224007,0.07393162
7.641558,-282.9358,0.1111913,0.1495281
8.10526,-282.5422,0.1111889,0.05373146
9.079093,-281.8224,0.4448188,0.07630727
11.02678,-280.3827,1.779194,0.04819523
8.80132,-283.0174,0.4447845,0.0551201
7.780818,-283.1373,0.22241,0.1732633
8.337364,-282.8782,0.2223996,0.06177023
9.543302,-282.4943,0.8895937,0.05419911
7.873902,-283.8044,0.8896063,0.1114154
8.616133,-283.814,0.8896033,0.05801599
4.582721,-289.1553,0.4447525,0.1404614
5.417296,-288.2339,0.4448095,0.05018254
6.66917,-286.8518,0.8896239,0.06004865
4.351099,-289.8847,1.779171,0.02527623
1.476959,-294.2422,1.779142,0.06461634
2.77477,-291.8619,1.779139,0.02446702
6.390642,-286.4486,1.779177,0.0625325
4.814316,-288.4258,0.4448464,0.06831437
3.979741,-289.3473,0.4448421,0.0543289
5.04592,-287.6964,0.889576,0.05664463
6.610531,-285.4361,0.1112123,0.03381928
6.424849,-285.1673,0.1111982,0.1414883
6.865608,-285.2729,0.2223942,0.1035966
7.387468,-285.2297,0.4448006,0.06808672
5.857072,-286.2087,0.4448045,0.06124039
6.262625,-285.4649,0.1111851,0.1540186
6.448308,-285.7336,0.1111993,0.0525835
6.007576,-285.628,0.2223934,0.08477645
7.352277,-284.3802,0.2224007,0.1360603
7.328825,-283.814,0.2224001,0.1374707
7.711914,-284.6346,0.4448005,0.04655531
6.668201,-284.721,0.4448312,0.1243533
6.980924,-283.8427,0.2223923,0.1374497
7.004376,-284.409,0.2223928,0.1360348
13.85402,-274.8926,0.8895882,0.0249454
12.43943,-275.5069,0.2223767,0.05486228
11.58138,-275.8621,0.111197,0.2079665
12.14368,-275.4781,0.0139008,0.1134234
12.32338,-275.339,0.02779908,0.1134341
11.91181,-275.6749,0.02779859,0.201873
12.06257,-275.6269,0.02779476,0.194776
13.15821,-274.9502,0.4447536,0.0645346
15.29157,-273.7793,1.779193,0.02133318
12.05707,-276.2843,0.2223944,0.06906458
11.5699,-276.1116,0.2224036,0.2173898
12.41646,-276.006,0.4448078,0.03346536
11.9762,-276.9658,0.1112043,0.1455944
12.27769,-276.8698,0.111197,0.04321409
12.01113,-277.2825,0.2224021,0.05223452
11.45409,-276.4763,0.222409,0.217962
12.09201,-276.6011,0.1111976,0.04624752
11.79052,-276.6971,0.1112049,0.120568
13.20511,-276.0828,1.779238,0.04362009
10.28407,-279.3077,1.779157,0.1460574
8.707745,-281.2849,0.444783,0.1143765
7.896377,-282.24,0.02780537,0.1637937
8.151445,-282.0768,0.02780219,0.07350318
7.815255,-282.3887,0.0555852,0.1200398
7.502288,-282.7342,0.1111704,0.1467472
8.081813,-281.976,0.05560532,0.06955972
7.826744,-282.1392,0.05561167,0.1619475
8.116503,-281.76,0.1112014,0.1094338
8.939356,-280.5555,0.889568,0.1334067
10.42284,-278.4439,1.779178,0.14132
11.24569,-277.2394,0.2223845,0.1321291
11.22223,-276.6731,0.2224005,0.1454959
11.60533,-277.4937,0.4448,0.1150166
10.56162,-277.5801,0.444821,0.1355807
10.87434,-276.7019,0.2223979,0.2144208
10.8978,-277.2682,0.222382,0.20434
13.69081,-273.0594,0.8895711,0.0917628
14.38662,-273.0019,0.8895711,0.04241788
15.43034,-272.9154,1.779121,0.02557627
12.87969,-274.5471,0.8895978,0.1096987
11.7783,-275.3486,0.1111957,0.2012102
12.25375,-275.2382,0.05559618,0.1134149
12.02189,-275.435,0.01389887,0.07370833
11.89435,-275.5165,0.01390127,0.2225621
12.03924,-275.327,0.02779751,0.1308017
11.44211,-275.6605,0.2223886,0.2079691
12.1956,-274.8879,0.222401,0.1130178
11.84769,-274.9167,0.2224004,0.206621
13.01846,-273.6833,1.779166,0.08356109
15.35997,-271.2166,0.8896029,0.06917162
15.31306,-270.0841,0.8896031,0.07138616
16.07924,-271.7253,1.779182,0.03812517
14.15403,-271.6006,0.4447992,0.1354335
14.52539,-272.1381,0.4447931,0.04026819
13.64389,-271.9269,0.889602,0.1030012
14.45503,-270.4392,0.4447914,0.1298439
14.77948,-269.8441,0.444781,0.1742076
14.84984,-271.543,0.444802,0.03294014
14.47848,-271.0055,0.4448081,0.1306162
28.36343,-252.2413,3.558346,0.02388487
24.93129,-253.6619,1.779177,0.0467069
26.97181,-252.3566,1.779185,0.02776338
31.23854,-250.0146,7.116681,0.01863389
24.65375,-255.3895,7.116601,0.03205921
27.06563,-254.6216,7.116641,0.01993093
21.64084,-260.6109,0.8895732,0.01060868
20.22626,-261.2251,0.2223904,0.04320201
19.62329,-261.4171,0.2223868,0.1478734
20.94503,-260.6685,0.4447912,0.03329284
23.0784,-259.4975,1.779166,0.0175878
19.60033,-261.9162,0.4447813,0.1047519
20.20329,-261.7242,0.4447659,0.02161431
19.85587,-262.8184,0.4448059,0.02123053
19.48451,-262.2809,0.4448031,0.09423292
20.99194,-261.801,1.779156,0.0182386
17.97807,-264.8915,0.4448465,0.04654979
18.99833,-264.2389,0.4448322,0.04686585
17.65361,-265.4866,0.8895485,0.02137825
16.49458,-267.0031,0.4448119,0.03446982
15.65999,-267.9245,0.4448014,0.1015874
16.72619,-266.2737,0.8895547,0.03354163
18.71981,-263.8358,0.8895187,0.06705514
17.69955,-264.4884,0.8895473,0.06726483
19.02081,-262.6744,0.4447929,0.1202289
19.39216,-263.2119,0.4448014,0.03145879
18.51068,-263.0008,0.8895951,0.07839404
21.66333,-259.0464,0.4448051,0.02661834
21.29197,-258.5089,0.4448016,0.08144677
22.17346,-258.7201,0.889582,0.01772245
23.21717,-258.6336,1.779151,0.01590672
20.66652,-260.2654,0.8895797,0.01709848
19.64626,-260.918,0.8895742,0.07311826
20.96751,-259.104,0.4447947,0.082052
21.33887,-259.6415,0.4447981,0.02750954
20.46911,-259.7135,0.2223722,0.03970788
20.0401,-259.891,0.1111893,0.1022519
20.20232,-259.5935,0.1111916,0.0537558
20.6196,-259.1328,0.4447898,0.04293281
23.49471,-256.906,3.558376,0.01315524
22.12655,-257.5875,0.8895344,0.01929925
21.43075,-257.6451,0.8895559,0.07788844
22.42755,-256.4262,1.779148,0.03074998
28.4084,-249.1124,1.779166,0.01772253
27.31778,-248.0663,0.8895451,0.06213233
28.01359,-248.0087,0.8895505,0.01647396
29.42866,-248.4598,3.558346,0.01907118
31.51608,-248.287,7.116644,0.02757073
25.71897,-251.6079,1.779185,0.03729139
27.11059,-251.4927,1.77916,0.03588513
24.04981,-253.4508,1.779164,0.06355795
24.87267,-252.2462,0.2223965,0.07975379
24.84921,-251.6799,0.222393,0.09429778
25.23229,-252.5006,0.4447611,0.04977721
24.18858,-252.587,0.4447826,0.07088027
24.5013,-251.7087,0.222403,0.09272056
24.52476,-252.275,0.2224065,0.07781479
27.01678,-249.2276,1.779149,0.0467218
27.7595,-250.3026,1.779164,0.01734407
25.67207,-250.4754,1.779172,0.08030913
26.32097,-249.2852,1.779185,0.04496371
31.37537,-244.8893,3.558332,0.04556089
30.93365,-242.653,0.8895948,0.07061049
30.70107,-241.2518,0.4447925,0.1208779
31.07243,-241.7892,0.4447977,0.05331814
31.65292,-243.1617,1.779204,0.05826671
32.81389,-245.9067,7.116582,0.04154563
28.98694,-246.2235,0.8895983,0.03954545
28.75435,-244.8222,0.4448243,0.145585
29.12572,-245.3597,0.4448136,0.05840907
29.70621,-246.7321,1.779165,0.03094736
27.78101,-246.6074,0.444798,0.05767165
28.15236,-247.1449,0.4447994,0.01838803
27.27088,-246.9338,0.8896008,0.06183153
28.25595,-245.4317,0.2223865,0.07823282
27.90805,-245.4604,0.222391,0.08669477
28.40645,-244.851,0.4447768,0.09763385
28.4768,-246.5498,0.4447797,0.04970131
27.9315,-246.0267,0.2223953,0.08052513
28.2794,-245.9979,0.2223907,0.06823742
29.72772,-243.037,0.4447776,0.1096614
30.27302,-243.5601,0.2223999,0.07089578
29.92512,-243.5889,0.2223912,0.1157181
29.21759,-243.3633,0.8895947,0.1479932
30.02872,-241.8756,0.444762,0.1223724
30.35316,-241.2806,0.4447747,0.09617922
30.23785,-242.7106,0.8895705,0.06677084
30.35511,-245.542,1.779143,0.05207451
29.45017,-244.7646,0.4447797,0.0413256
29.07881,-244.2271,0.4447904,0.1318585
29.94857,-244.1552,0.2223915,0.1093007
30.29646,-244.1263,0.2224002,0.05898025
29.79807,-244.7358,0.4447726,0.06796014
-78.79224,-12.98501,35.09,0.01946695
-88.6188,-5.504532,35.09009,0.02048248
-71.73087,-15.18632,70.18008,0.01915916
-334.3449,-18.7363,70.02836,0.0001963421
-238.3077,30.04605,22.49642,0.0006696492
-1.035023,-48.56453,8.515107,0.04897413
96.83368,35.85752,53.10047,0.0004359648
103.1405,49.00756,26.55024,0.0009043502
100.7056,40.18866,26.55017,0.0008160471
110.7746,62.11843,26.55004,0.007711988
117.7451,75.24891,13.27512,0.0007651362
113.9829,66.46915,13.27512,0.002024839
107.6761,53.31908,26.55004,0.007060856
102.6964,40.12989,13.27501,0.007594666
105.1314,48.94879,13.27505,0.007656574
199.2784,-155.2991,23.63113,0.02341078
189.862,-151.5043,2.953898,0.04203545
192.6845,-153.3737,1.476907,0.02559481
190.6221,-152.4728,1.47688,0.022509
186.6328,-150.412,5.907767,0.04952181
192.1955,-151.887,5.907775,0.03188957
194.529,-152.2697,5.907775,0.02426863
202.7375,-154.7413,1.476941,0.02028118
203.1235,-153.3981,0.7385013,0.08836617
203.6494,-153.9063,0.1846299,0.1038406
203.8056,-154.2132,0.1846422,0.03649011
203.1441,-153.9641,0.369236,0.05720406
203.6331,-155.4508,2.953804,0.04390809
204.57,-157.2923,5.907785,0.03434988
199.196,-153.0352,5.907818,0.03112581
202.1129,-153.5137,1.476998,0.06060881
201.5707,-154.5499,1.476936,0.01614393
201.2172,-152.8041,2.953898,0.03569087
207.4457,-156.6387,11.81558,0.03092327
205.1859,-154.299,0.7384773,0.01808552
206.176,-153.6175,0.3692258,0.08405467
205.9049,-154.1356,0.3692369,0.01557406
205.071,-155.124,1.476912,0.03918288
204.4258,-153.3304,0.3692329,0.1007413
204.2328,-154.002,0.184621,0.05421327
204.0767,-153.6951,0.1846087,0.1122716
203.978,-152.9756,0.7384657,0.09769175
205.7281,-153.2627,0.738471,0.08935167
204.7381,-153.9442,0.3692411,0.02576538
205.0092,-153.4261,0.3692267,0.09246393
207.9261,-153.9045,0.3692419,0.04610853
207.655,-154.4227,0.3692141,0.03466954
207.4783,-153.5497,0.7384444,0.07159901
209.2284,-153.8368,0.7384751,0.02845561
208.2383,-154.5184,0.3692345,0.03607433
208.5095,-154.0002,0.3692622,0.04630217
206.2377,-155.3154,1.476912,0.03858199
206.4882,-154.2313,0.3692369,0.02131118
206.7593,-153.7131,0.3692258,0.08089156
206.9361,-154.586,0.7384884,0.03479096
-24.44906,-315.4544,49.20368,0
64.61828,-257.3624,32.62943,0.04951308
48.88248,-247.2746,16.31453,0.04922357
59.74531,-253.3169,16.31454,0.04972834
81.47095,-265.4014,16.31501,0.04972086
92.33377,-271.4437,16.31497,0.04953407
75.4811,-263.4047,32.62941,0.04965984
45.46872,-247.0445,32.62923,0.04916402
38.19081,-244.1644,16.31464,0.04639065
41.77574,-247.3266,8.157282,0.0459832
38.6412,-246.5844,8.157295,0.03540938
58.3492,-255.8778,32.6294,0.04940058
46.64871,-251.3721,8.157444,0.04842526
39.3708,-248.4921,4.078689,0.05110578
42.50534,-249.2343,4.078718,0.04250835
50.06247,-251.6022,16.31472,0.04852129
-316.3113,-41.46884,24.52522,0
-231.0024,32.17385,61.7912,0.001215075
-3.897874,-47.19937,24.67326,0.04616
125.4552,78.05688,12.80718,0.03323149
122.9803,73.22678,1.600869,0.02576369
124.168,74.10725,1.600923,0.01449497
122.3466,71.55887,3.201871,0.02501666
123.04,75.06828,6.403573,0.03753048
124.387,80.8594,25.61452,0.007245574
119.2779,66.28851,6.403685,0.01102325
119.6544,68.96394,0.8004656,0.04135434
119.1004,69.75137,0.8004863,0.08096261
120.5253,69.01047,1.600863,0.0007946811
118.7437,67.68976,1.600871,0.04899951
118.5065,69.31112,0.8004593,0.08367281
119.0606,68.52369,0.8004386,0.04628021
116.2091,61.01814,6.403651,0.02582707
117.556,66.80929,3.201815,0.08415562
117.4764,64.35395,3.201867,0.02515923
120.7841,76.9903,12.80725,0.005480347
120.6447,72.69348,1.6009,0.0539529
119.1501,71.28596,0.8004531,0.05233566
119.7639,72.34003,0.8004782,0.05724033
121.2784,74.36139,3.201784,0.05080102
120.2881,70.63184,0.8004507,0.04253691
120.8421,69.84441,0.8004557,0.0009893822
119.4172,70.58533,1.60093,0.07995298
121.1987,71.90604,1.600972,0.03745681
121.4359,70.28464,0.8004304,0
120.8819,71.07207,0.8004254,0.04250081
111.9526,54.86729,12.8073,0.03588728
108.844,48.36928,6.403707,0.03069357
110.191,54.16043,3.201807,0.04817539
109.8244,51.7919,0.8004602,0.03119561
110.4381,52.84599,0.8004733,0.03537338
110.0914,51.09126,1.600975,0.0302449
103.934,39.93673,12.80715,0.01017843
106.7556,46.52153,6.403661,0.01019323
109.2902,53.19315,3.201803,0.07848912
107.9831,48.62969,3.201801,0.07861314
114.0966,62.89676,3.20186,0.03028524
112.5821,60.87543,3.201889,0.006032324
115.4038,67.46024,3.201874,0
115.0372,65.0917,3.20192,0.03222516
113.5467,59.34395,12.80717,0.03601893
118.9826,75.05575,12.80722,0.005291963
116.6553,65.84198,3.201721,0.0602454
115.3482,61.2785,3.201691,0.05910672
116.5517,67.11304,3.201858,0.0370267
116.9183,69.4816,3.201812,0.005342841
-4.36175,-320.1798,16.82521,0.01044164
-10.72332,-320.963,16.82532,0.002547372
-1.377849,-317.4616,33.65026,0.01048829
73.85921,-266.5075,32.70945,0.04946586
87.07235,-274.8584,8.177332,0.04903928
94.97361,-279.9209,4.088594,0.03847709
89.52885,-276.8923,4.088564,0.04903034
78.77226,-270.5753,16.35468,0.04937847
56.99318,-258.4611,16.35472,0.04917026
45.97069,-252.6638,4.088728,0.04806525
40.52591,-249.6352,4.088726,0.03693108
48.95894,-253.6584,8.177367,0.04814909
62.96968,-260.4504,32.7094,0.04926171
94.60941,-277.2151,8.177322,0.04486516
96.66714,-280.0285,8.177361,0.04448426
90.45939,-275.0736,16.35474,0.04924159
100.32,-279.7241,16.35476,0.0421398
98.26232,-276.9108,16.3546,0.04808962
80.10157,-267.9773,32.70957,0.04957642
91.52283,-272.9951,32.70958,0.04949865
-301.8758,-51.06795,24.55795,0
13.57638,-57.35801,1.843895,0.03610811
179.9308,68.62701,39.41454,0.004546468
199.011,62.00346,0.6158472,0.1517983
197.7136,62.57936,0.3079574,0.1215443
198.634,62.38181,0.3079676,0.1673703
196.0393,63.53359,0.6158369,0.06918842
197.8176,62.92882,0.153954,0.1207892
198.6963,62.59149,0.1539534,0.1674017
197.3366,62.9577,0.3079108,0.06909978
201.2702,61.36983,2.463326,0.1355171
194.9943,63.31178,2.463506,0.04298567
197.1704,62.39858,0.6157835,0.09376167
198.4677,61.82266,0.3079236,0.156237
197.5474,62.02023,0.3079152,0.06508292
195.7483,62.55511,1.231594,0.09246577
208.3002,58.6712,4.927057,0.1103808
201.0624,60.67091,1.231707,0.137837
197.0041,61.83945,0.1540316,0.03545951
198.3326,61.36839,0.07695431,0.1329323
197.4331,61.63581,0.07695784,0
195.6444,62.20565,0.3080772,0.03669006
198.3638,61.47322,0.1539665,0.1329219
197.485,61.81057,0.153955,0.00549657
198.8447,61.44434,0.3079304,0.1511573
202.9446,60.41561,2.463512,0.1270296
186.7945,65.36924,19.70791,0.04274221
158.0095,73.92722,19.70779,0.001700815
143.6169,78.20618,19.70783,0.003958359
165.5383,72.906,39.41455,0.0007380339
196.829,66.18948,2.463429,0.06448369
198.5034,65.23527,2.463398,0.08023509
195.6593,65.54833,4.926756,0.03987866
201.0149,63.80394,2.463409,0.1142031
202.6893,62.84971,2.463405,0.1130836
197.6691,64.07597,0.6158922,0.07326403
198.9665,63.5001,0.3079016,0.1500542
198.0462,63.69763,0.3078978,0.1221332
196.2471,64.23251,1.231769,0.06112648
199.1743,64.19903,2.463396,0.08294595
208.5496,59.50992,9.85357,0.1117176
201.4365,61.92897,2.463502,0.1467585
197.4613,63.37704,0.307913,0.06861928
198.5286,62.85056,0.07698574,0.1471434
198.9472,62.61199,0.07699253,0.1307216
197.8591,63.0686,0.1539625,0.1207589
196.1224,63.81315,0.6158446,0.0691743
199.2604,62.84218,0.6158858,0.1312446
197.963,63.41807,0.3079377,0.1221114
198.8833,63.22054,0.3079415,0.1500412
203.3602,61.81347,4.926775,0.1112494
183.9446,68.9551,19.70708,0.005065716
192.9814,66.42051,9.85342,0.03478367
187.7921,68.72405,4.926979,0.01318024
191.4733,67.93387,4.92693,0.02104889
212.7296,60.39714,39.4148,0.1081966
203.859,63.49088,2.463389,0.1123213
202.1846,64.4451,2.463415,0.09495564
205.0287,64.13204,4.926914,0.09782934
199.673,65.87643,2.463437,0.07097548
197.0784,67.02821,1.231838,0.04959952
198.919,66.63314,1.231805,0.06997672
202.5171,65.56338,4.926894,0.09532505
209.7134,63.42388,19.70738,0.1053179
36.98196,-313.6867,37.13334,0.01140847
15.68751,-313.5063,18.56702,0.01139909
29.81819,-312.8509,18.56703,0.01139191
58.07953,-311.5403,18.56668,0.01212382
72.2102,-310.885,18.56668,0.0124074
51.11264,-313.0313,37.13338,0.01211857
8.819051,-316.1606,74.26585,0.0114238
30.06429,-315.7594,37.13268,0.01141305
16.03206,-317.578,37.13284,0.01153551
103.4457,-282.1575,24.52465,0.02801599
-293.3628,-59.52791,73.98718,0.0002098077
-0.4090932,-51.46442,29.5166,0.04259738
236.7341,54.77892,15.88372,0.110767
243.0103,50.47766,3.970942,0.101982
246.7516,47.84325,1.985663,0.1006752
244.0951,49.24205,1.985661,0.113226
238.9038,52.30773,7.941882,0.1127333
225.6213,59.30165,15.8836,0.106812
231.4211,57.57649,15.88377,0.11284
247.0001,50.20372,3.970866,0.1220096
247.7199,48.16382,3.970829,0.1307251
244.9469,51.11877,7.941739,0.1265353
249.7835,50.8973,1.985352,0.1434007
248.5769,51.8648,1.98538,0.1613598
250.8735,51.48593,3.970963,0.1934873
249.4133,48.26872,3.970932,0.1548506
248.0902,50.79239,1.985568,0.1672369
249.2967,49.82489,1.98554,0.1496976
240.1207,54.98873,15.88346,0.1192157
246.1638,53.79976,3.970841,0.1472887
249.9103,52.98962,1.985458,0.1886928
248.217,52.88472,1.985414,0.1597446
244.2271,53.15865,7.941659,0.1281222
90.23118,-309.7274,13.31038,0.01427166
111.2487,-265.7603,35.47977,0.04255875
117.9706,-254.0342,35.4798,0.04105254
107.8358,-273.4733,17.73986,0.04288081
107.7318,-277.1735,17.73982,0.03981277
113.3507,-266.7851,17.73984,0.041442
111.5663,-273.4167,4.434951,0.03810642
110.4113,-276.6045,4.434927,0.0280263
111.0928,-271.3105,8.869913,0.03781892
128.0534,-236.4452,35.47929,0.04090908
137.6107,-218.6,17.73959,0.03935275
131.9399,-230.8384,17.73959,0.04091026
120.5981,-255.3153,17.7397,0.04119997
115.19,-267.6819,4.434804,0.04055754
112.4859,-273.8651,1.108726,0.03728287
111.0682,-276.9248,1.108714,0.02796514
112.932,-272.2072,2.217412,0.03616976
116.0822,-264.3661,8.869819,0.04013882
122.3826,-248.6837,35.47941,0.04120917
-241.7957,16.30153,81.89461,0.0004908867
-254.1464,-3.772847,40.94711,0.0002710037
-247.4771,10.01421,40.94719,0.0002709608
-267.6705,-23.54408,40.94775,0.0006348519
-280.6079,-43.46691,20.47368,7.0281E-05
-272.7653,-29.98296,20.47372,0.0001687164
-260.4145,-9.908589,40.94775,0.0006628654
-249.2371,10.46887,20.47359,0.0002709608
-255.9064,-3.318181,20.47355,0.0002710037
-40.4664,-28.9368,21.30237,0.02940762
-33.10409,-32.35048,21.30234,0.03113106
-21.52449,-37.07661,10.65139,0.02915618
-14.16216,-40.4903,10.65141,0.0316473
-26.27789,-36.15858,21.30238,0.02958733
-42.07477,-30.12002,42.605,0.02990927
-50.50934,-27.49514,42.60477,0.02674177
258.2028,46.21255,3.929419,0.108206
258.5979,48.51664,0.9824198,0.1061391
258.7954,49.66867,0.2456033,0.1098679
258.9852,50.22326,0.2455827,0.02545699
259.0648,49.30571,0.4911412,0.0928648
259.1366,47.79073,1.964767,0.08580352
259.2804,44.76077,7.858871,0.1006213
106.6111,-281.1039,24.60674,0.03064914
152.0593,-201.4187,24.36388,0.03679591
-237.3233,24.5744,17.66953,0.0005915185
98.1139,-101.4612,13.93637,0.005543791
94.02132,-97.89166,13.93634,0.01429042
101.2897,-101.2042,27.87269,0.008913826
262.0256,47.11157,2.91271,0.05106744
263.837,47.8842,2.912681,0.02860436
261.4688,45.44476,5.82551,0.06541076
260.422,49.28625,5.825638,0.06155391
263.4881,49.16469,2.9128,0.0395462
261.6767,48.39207,2.912829,0.05697702
149.2234,-201.7722,5.392089,0.04000712
-239.7017,26.67295,15.67299,0.000655415
264.6528,45.29494,3.125377,0.05880011
262.7628,44.54116,3.125441,0.07539783
265.1703,46.97116,6.250845,0.0469349
266.453,43.07312,6.250788,0.0780925
263.1903,43.24181,3.125493,0.07545733
265.0804,43.99559,3.125429,0.05873591
152.9227,-194.8251,52.74774,0.05060896
158.6464,-181.4399,26.3738,0.04964667
156.5548,-190.427,26.37377,0.04660603
165.6633,-168.1024,26.374,0.05053966
170.8641,-156.9639,6.593507,0.04884881
174.0493,-150.2832,3.296925,0.04059927
172.3569,-154.7529,3.296933,0.04884694
168.6489,-163.6803,13.187,0.05098156
162.9251,-177.0656,26.37398,0.0499071
158.4946,-190.4985,13.18665,0.04662346
160.5862,-181.5114,13.18667,0.04966216
-225.025,31.25732,27.10383,0.001329599
265.5098,16.2478,16.84866,0.00907423
266.9193,28.8403,1.053103,0.02557771
266.2411,25.76889,1.053106,0.01504666
266.9689,30.44421,2.105873,0.03029337
267.5518,35.15361,4.211681,0.05196379
266.6756,25.6666,2.106189,0.01424238
267.3539,28.738,2.106182,0.02510157
266.9159,23.99451,4.212162,0.01391823
265.8913,9.695816,33.69803,0.008978236
265.8772,-9.687358,16.8493,0.01749997
265.6264,-22.55263,1.05311,0.04297666
266.015,-19.41304,1.053105,0.02871085
265.7218,-24.19064,2.106126,0.04097206
265.6688,-30.64034,2.106348,0.05971132
265.478,-27.36433,2.106141,0.05274294
265.5805,-19.31075,2.106026,0.0274958
265.1919,-22.45033,2.106036,0.04210289
265.1953,-17.60456,4.212336,0.0242624
264.9163,-2.998983,33.69798,0.008647276
265.5204,30.7852,4.212244,0.02890536
263.9729,27.91837,4.212302,0.0210702
266.6827,35.35819,8.424567,0.05325009
264.1637,24.64238,8.424607,0.01087352
265.7112,27.50921,8.424503,0.0286467
263.7716,16.65697,33.69801,0.009555118
263.3494,33.71952,4.212287,0.04231486
264.4128,35.08474,4.212273,0.06376574
266.0079,37.13257,8.424609,0.08634882
263.0084,29.76093,16.84908,0.037969
264.6583,40.68135,16.84895,0.08382734
263.1585,36.99553,4.212316,0.07670937
262.0951,35.6303,4.212331,0.05745463
262.4361,39.58891,8.42459,0.08569221
169.6604,-169.2748,24.88218,0.05163908
177.3092,-157.242,12.44123,0.05028756
172.8958,-165.6309,12.44126,0.05232928
164.0689,-182.4086,12.44128,0.04980668
159.6555,-190.7975,12.44128,0.04649211
165.247,-177.6637,24.88221,0.0498497
175.7662,-156.4163,24.88223,0.05034567
170.3241,-164.2547,24.88218,0.05125795
178.3047,-149.7117,24.8824,0.04795317
173.7089,-155.3153,12.44113,0.04963214
175.4013,-150.8456,12.44104,0.0405028
-207.4076,31.87057,68.34641,0.00121181
265.2914,-44.69992,15.76434,0.07479633
261.7242,-48.27998,3.941064,0.0855027
259.7632,-49.75702,3.941121,0.1034575
261.995,-46.28951,7.882143,0.08048314
265.8331,-40.71899,31.52845,0.06777356
179.1765,-144.9418,5.898972,0.04507871
181.2625,-143.1908,0.7373647,0.02815977
179.9671,-143.4534,0.3686555,0.09087195
180.4878,-143.0949,0.3686822,0.0423074
181.7864,-142.5155,1.474687,0.03266267
181.2529,-144.1415,2.949545,0.005947691
180.1923,-146.7598,11.79795,0.03085189
-200.5706,35.86288,16.61251,0.000631171
249.3219,-75.10097,2.244021,0.164269
250.9573,-73.50838,0.5610037,0.2023136
251.7749,-72.71209,0.1402676,0.1972748
252.1548,-72.4184,0.1402742,0.07688619
251.4691,-73.27677,0.2805141,0.198059
250.3456,-74.63773,1.122034,0.1788931
248.0985,-77.35966,4.488066,0.1616398
250.5132,-71.88248,0.561006,0.2797993
250.2814,-72.71814,0.5610064,0.2656891
250.1013,-71.21638,1.122029,0.3108328
251.421,-71.83707,0.5610174,0.2538081
252.1387,-71.9385,0.2804949,0.1116342
251.7589,-72.23219,0.2805034,0.2035772
250.8092,-72.96642,0.5610144,0.2503289
251.0411,-72.13076,0.561014,0.2648442
249.4058,-73.72336,1.122032,0.2251792
248.6461,-74.31074,1.122015,0.2002935
249.2257,-72.2216,0.5609894,0.2653097
249.4575,-71.38594,0.5609865,0.2718238
249.6376,-72.8877,1.12199,0.2285744
245.3878,-81.75292,1.12205,0.132633
244.5282,-83.23804,0.2804797,0.1328654
244.0984,-83.9806,0.07012734,0.2603673
243.8505,-84.33636,0.07012191,0.2695823
244.0903,-83.74065,0.140246,0.1310509
244.5121,-82.75814,0.561025,0.1344175
245.3557,-80.79312,2.244005,0.1368272
242.9089,-85.31052,1.121992,0.3249415
241.5535,-87.50714,0.5610374,0.2802507
242.2811,-85.95997,0.5610301,0.2867313
244.0503,-82.54089,0.07012706,0.3438114
243.8024,-82.89666,0.07012999,0.3435202
244.0422,-82.30093,0.1402608,0.1503326
243.4885,-83.22139,0.2805628,0.3497603
244.464,-81.31843,0.5610425,0.1490198
243.5045,-83.70129,0.2805018,0.3357454
243.9343,-82.95873,0.07012875,0.1696065
244.1822,-82.60295,0.07012583,0.1418791
243.9423,-83.19868,0.1402555,0.3288276
243.5206,-84.18118,0.5610057,0.3255819
246.7789,-76.73898,2.244023,0.1716683
248.35,-73.2268,0.2805245,0.2890843
247.6723,-74.32512,0.1402632,0.2356839
248.0361,-73.55152,0.1402601,0.2282463
248.9457,-71.61755,0.2805281,0.1748938
248.7139,-72.45321,0.2805199,0.2901399
247.8703,-74.41823,0.2805174,0.2356009
248.3661,-73.7067,0.2805189,0.2289473
247.8864,-74.89812,0.561004,0.1725502
246.5791,-78.53443,4.488093,0.1352354
254.1193,-63.18681,1.122026,0.179252
253.1278,-64.60986,1.122026,0.1895415
254.0872,-62.22702,2.244018,0.2090666
251.5825,-66.95332,0.1402559,0.4260438
252.0862,-66.48176,0.07012913,0.4081784
251.8384,-66.83752,0.07011651,0.3882188
251.2766,-67.518,0.2805176,0.4285042
251.8143,-66.11765,0.140259,0.3729608
252.0782,-66.24179,0.14025,0.1625462
251.5664,-66.47343,0.2805084,0.4023006
250.5329,-68.58527,0.2805176,0.4011595
249.8552,-69.6836,0.140234,0.379604
250.2191,-68.91,0.1402357,0.392343
251.0126,-67.39386,0.5610276,0.3833355
252.7158,-63.94374,0.2804981,0.1876089
252.1621,-64.86419,0.07012537,0.1996781
251.9142,-65.21996,0.07012059,0.5207855
252.402,-64.26849,0.1402568,0.1979195
253.1956,-62.75233,0.5609949,0.183293
252.426,-64.98832,0.1402501,0.2020173
251.9222,-65.45989,0.07012503,0.2090956
252.1701,-65.10413,0.07012574,0.2183375
252.7319,-64.42364,0.28049,0.1992654
252.1942,-65.82397,0.1402381,0.1814147
251.9302,-65.69984,0.1402471,0.3751132
252.442,-65.46822,0.2805094,0.1882601
256.1382,-57.52343,0.2805047,0.1910222
255.6424,-58.23494,0.2805047,0.2310346
256.1221,-57.04353,0.5610355,0.1957004
254.8987,-59.30222,0.2804971,0.2198842
254.221,-60.40054,0.1402542,0.2083949
254.5849,-59.62695,0.1402491,0.302174
255.3785,-58.11079,0.560994,0.2260631
256.8337,-55.01645,0.5610729,0.2250472
257.5613,-53.46928,0.5610758,0.1771574
256.7339,-55.91419,1.122047,0.2170237
255.6165,-59.40364,0.280506,0.2373267
255.2737,-59.83283,0.0701292,0.2113062
255.0547,-60.08413,0.03506534,0.165039
255.1127,-59.87523,0.03506756,0.2757825
255.2946,-59.48841,0.1402493,0.2410735
254.419,-60.49364,0.2804801,0.2296817
254.9727,-59.5732,0.1402555,0.2155494
254.7618,-60.06445,0.07012232,0.245128
254.9808,-59.81314,0.03506211,0.2411238
254.9228,-60.02205,0.03505989,0.1143688
255.9063,-58.35907,0.2804884,0.2314237
256.4021,-57.64757,0.2804884,0.1915713
255.9224,-58.83897,0.5610124,0.2301097
254.6989,-61.09767,1.12203,0.2039477
255.3846,-60.23929,0.2805164,0.221689
255.8225,-59.73669,0.1402629,0.2376141
255.7065,-60.15453,0.1402627,0.1227701
255.3427,-60.92811,0.5610207,0.2157119
253.076,-66.94727,1.122033,0.1723754
252.3903,-67.80564,0.2804951,0.1461539
252.0474,-68.23483,0.07012599,0.1473387
251.8575,-68.38166,0.07012148,0.3402043
252.0314,-67.75492,0.07012148,0.2521922
252.1054,-68.02591,0.07012919,0.1515776
252.4322,-67.11683,0.5609871,0.1700038
251.0608,-68.83356,0.5610154,0.3746537
250.2431,-69.62986,0.1402565,0.3839765
249.8633,-69.92355,0.1402523,0.2514883
250.549,-69.06518,0.2804981,0.3860555
251.5405,-67.64214,0.2805184,0.3949259
252.0653,-66.82616,0.03505682,0.1666869
251.8754,-66.97301,0.035064,0.4624138
252.2182,-66.54383,0.07012839,0.185967
251.8834,-67.21294,0.07012808,0.3932454
252.0733,-67.06611,0.07011878,0.2521732
251.3667,-68.26887,0.2805258,0.3711606
251.8045,-67.76627,0.1402578,0.4160558
251.6886,-68.18409,0.1402578,0.4497387
253.6556,-64.85813,1.121966,0.1881537
254.6472,-63.43509,1.121966,0.1778316
253.6877,-65.81792,2.244043,0.1585257
251.5628,-70.25055,0.1402517,0.3325632
251.8267,-70.37469,0.1402525,0.2196141
251.3149,-70.6063,0.2805097,0.2995753
251.6627,-69.35281,0.2805015,0.3317576
251.9426,-69.95686,0.1402586,0.2318705
251.6787,-69.83271,0.1402578,0.3421247
252.1807,-71.2497,0.561014,0.1381564
251.6528,-71.00141,0.5610113,0.2564054
250.5971,-70.50486,0.5610278,0.3287789
249.8793,-70.40345,0.2804798,0.2967618
250.2591,-70.10976,0.280499,0.3770379
251.2088,-69.37552,0.5610221,0.3317465
250.9769,-70.21117,0.5610278,0.3101806
252.8762,-68.74273,0.5609931,0.07035898
252.2904,-68.70337,0.1402587,0.08178885
251.9315,-68.65265,0.07012751,0.2999961
252.1214,-68.50581,0.07013202,0.09265293
252.5383,-68.3476,0.2804864,0.03553759
253.4879,-67.61338,0.5610308,0.1174134
253.2561,-68.44904,0.5610337,0.1138101
252.6765,-70.53819,1.122007,0.08292191
252.1906,-69.60108,0.280512,0.1213853
251.9106,-68.99706,0.140246,0.2578018
252.1745,-69.12119,0.1402529,0.1024618
252.6444,-69.57838,0.5610076,0.08254489
247.7311,-81.91037,0.560972,0.1035664
247.5732,-83.01702,0.280498,0.04536083
247.4252,-82.47506,0.2804936,0.1063251
247.3191,-81.24427,1.122043,0.1276716
248.5228,-82.2828,2.244036,0.0541489
246.3596,-83.62711,0.5610119,0.1211165
246.8875,-83.8754,0.5610076,0.045276
245.8639,-84.33863,1.122001,0.09943664
246.5594,-81.83167,1.122079,0.1243268
247.0454,-82.76876,0.2804993,0.106326
247.1934,-83.31072,0.2805036,0.04536747
246.5915,-82.79147,0.5610055,0.1227917
244.1545,-85.66024,0.280504,0.1514967
243.8746,-85.05619,0.1402702,0.2619115
244.1385,-85.18034,0.1402443,0.1094829
244.6084,-85.63752,0.5610205,0.09632263
243.5847,-86.10077,1.12208,0.2429483
242.3292,-87.39968,0.561007,0.2938123
241.5695,-87.98705,0.5610109,0.2213174
242.9409,-86.27032,1.121994,0.3000675
245.3039,-83.13056,0.5609998,0.1244667
244.4863,-83.92685,0.1402598,0.1187433
243.9824,-84.39843,0.07012315,0.1486841
244.2303,-84.04267,0.07012857,0.1036564
244.7921,-83.36217,0.2805073,0.1219689
245.9156,-82.00121,1.122021,0.1229975
244.8402,-84.80186,0.5610171,0.0962308
244.2544,-84.76251,0.1402414,0.1025982
243.9905,-84.63837,0.1402673,0.2556895
244.5023,-84.40675,0.2804977,0.09588221
245.336,-84.09035,1.122015,0.08501047
249.9139,-77.26884,2.244028,0.1613033
248.3945,-78.44361,2.244077,0.1224209
250.8734,-74.88601,1.12204,0.1906827
251.733,-73.4009,0.2804864,0.1529809
252.2288,-72.6894,0.2804925,0.1207895
251.7491,-73.8808,0.5610144,0.2001046
250.9055,-75.8458,2.244015,0.167683
248.8385,-80.0695,1.121977,0.1009619
249.1345,-81.15343,1.121994,0.05508853
247.9308,-80.11492,2.244025,0.126386
249.8301,-78.64648,1.122015,0.1094608
250.7057,-77.64127,0.5610312,0.1135907
250.4739,-78.47693,0.5610304,0.1029934
249.8942,-80.56606,1.122031,0.06547027
249.5983,-79.48213,1.122014,0.1091027
244.8526,-89.05887,2.244069,0.04300975
245.1683,-86.84558,1.121981,0.07241255
245.4643,-87.92953,1.122017,0.04810467
245.6765,-90.39109,4.48805,0.01520067
243.0372,-89.14971,2.244023,0.2108744
241.6016,-88.94685,1.121987,0.2421893
242.3613,-88.35947,1.121993,0.2817512
244.0707,-87.03786,0.2804847,0.1459137
244.3506,-87.6419,0.1402422,0.05254286
244.0867,-87.51776,0.140261,0.1859778
243.6168,-87.06058,0.5610037,0.2538559
244.6405,-86.59731,1.121979,0.08667359
243.8709,-88.83331,0.2805146,0.1884683
244.2507,-88.5396,0.2805137,0.07084227
243.829,-89.52212,0.5610141,0.1749683
243.385,-87.89623,0.5610275,0.2528921
243.9708,-87.93559,0.1402516,0.1861394
244.2347,-88.05972,0.1402328,0.05242043
243.7229,-88.29134,0.2805035,0.2272583
247.5955,-85.62543,2.243923,0.008621544
246.4238,-85.5467,0.5610328,0.02340786
245.896,-85.29842,0.5609972,0.09022632
246.9196,-84.83519,1.122016,0.03703137
248.587,-84.2024,4.488021,0.02609262
247.1959,-89.21633,4.488014,0.006317504
246.224,-87.34216,1.122095,0.02449468
245.6641,-86.13407,0.5610031,0.09289742
246.192,-86.38235,0.5610387,0.01890903
247.1318,-87.29675,2.243993,0.008207298
173.1409,-139.7799,12.98217,0.04743043
173.7042,-142.9178,12.9821,0.05201642
-196.8978,35.67038,36.22897,0.0001999993
225.9503,-125.6379,1.9561,0.1293064
227.3109,-124.2018,0.4889897,0.1331829
228.1541,-123.3518,0.2445072,0.1343201
227.77,-123.9967,0.2445036,0.1320884
226.8685,-125.2278,0.9779943,0.1336342
225.0653,-127.6901,3.912199,0.1277999
226.685,-122.7061,0.4890451,0.2104877
226.6724,-123.7177,0.2444978,0.1426607
226.4638,-123.2191,0.2445124,0.2113672
226.2093,-122.0901,0.9780357,0.2160639
227.5448,-122.6772,0.4890182,0.1997892
228.079,-122.912,0.4890256,0.09029195
227.1608,-123.3221,0.9780521,0.1754682
225.533,-124.6408,1.956025,0.154701
225.5582,-122.6176,0.9779835,0.1942554
226.1382,-123.4829,0.2445172,0.2114383
226.3469,-123.9815,0.2445025,0.142746
225.7084,-123.4974,0.4890183,0.1708207
223.0283,-131.6769,0.9780474,0.127421
222.2603,-132.9668,0.9780758,0.1327549
222.8781,-130.7972,1.956028,0.1220241
221.1083,-134.9015,0.9780396,0.1273523
220.2818,-136.5725,0.2444795,0.1194756
219.8978,-137.2174,0.2444983,0.3332293
220.5907,-135.4877,0.4889674,0.1144469
221.5926,-132.6732,0.4890099,0.1299952
222.0935,-131.266,0.4889889,0.1225307
221.6092,-133.4943,0.9780262,0.1202458
223.7298,-127.1031,1.956052,0.1375978
224.5981,-124.2299,0.4890242,0.1667152
225.0991,-122.8227,0.489025,0.1752741
224.6147,-125.0509,0.9780365,0.1376071
223.7631,-128.7451,3.912045,0.1215903
218.4202,-139.4159,0.9780431,0.2517356
217.6521,-140.7057,0.9780133,0.2537524
218.27,-138.5361,1.956066,0.2897792
216.5001,-142.6404,0.9779643,0.2061871
215.4816,-144.6339,0.4889718,0.1861527
215.9826,-143.2266,0.48896,0.1831887
216.9844,-140.4122,0.4890266,0.2689696
217.4853,-139.0049,0.4890184,0.2698306
217.0011,-141.2332,0.977965,0.207121
214.1961,-146.5099,0.9780109,0.1769766
213.1776,-148.5033,0.4890403,0.133244
213.6785,-147.0961,0.4890491,0.1523653
212.0255,-150.438,0.4890029,0.0949285
211.2575,-151.7279,0.4890294,0.06969309
212.8437,-148.3566,0.2444578,0.1351797
213.4782,-147.008,0.2444619,0.1523337
212.66,-149.0895,0.489007,0.08542047
215.8324,-142.3469,0.4890356,0.2377312
214.7471,-144.311,0.2444175,0.1877467
215.3816,-142.9624,0.2444195,0.1837979
216.6506,-140.2654,0.2444926,0.2688126
217.285,-138.9169,0.2444954,0.2698779
216.4669,-140.9984,0.4890438,0.2376575
214.697,-145.1026,0.9780143,0.1676615
215.7155,-143.1092,0.4890416,0.1831662
215.2146,-144.5164,0.4890535,0.1861297
221.8098,-130.3276,0.9780142,0.1270194
220.7913,-132.3211,0.4890231,0.1267995
221.2922,-130.9138,0.4890353,0.1183944
219.2552,-134.9007,0.978034,0.2483591
220.7747,-131.5,0.4890386,0.07945441
220.2737,-132.9072,0.4890034,0.2511295
223.0621,-126.8095,0.9778491,0.13703
224.2643,-124.0832,0.2444977,0.1920332
224.8987,-122.7346,0.2444993,0.198735
224.0806,-124.8161,0.4889276,0.1370735
222.6947,-128.2755,1.956022,0.1264805
219.155,-136.484,3.912108,0.2891591
220.8079,-133.1421,0.978043,0.120398
221.8264,-131.1486,0.4889763,0.1180198
221.3255,-132.5558,0.4889974,0.1258477
220.3236,-135.3703,0.4890111,0.2027732
219.8227,-136.7775,0.4890023,0.195303
220.307,-134.5493,0.9780254,0.1207651
233.6476,-107.0514,0.9780051,0.2476248
232.8211,-108.7223,0.48902,0.1955611
232.9381,-107.96,0.4890154,0.248751
233.4974,-106.1716,1.956062,0.2942312
231.7276,-110.2759,0.9780479,0.1978635
230.9595,-111.5657,0.9781351,0.1285985
232.3746,-107.9158,0.1222665,0.1593136
232.4331,-107.5346,0.1222553,0.2914494
231.8946,-108.7219,0.1222628,0.2106744
232.1743,-107.8277,0.06112683,0.464894
232.1159,-108.2089,0.06113342,0.2075943
232.7128,-106.6404,0.4890334,0.2897342
232.2869,-108.4875,0.4890006,0.2551253
232.17,-109.2498,0.4890052,0.2020148
229.4235,-114.1454,0.9779935,0.1516503
228.405,-116.1388,0.4890455,0.131353
228.9059,-114.7316,0.4890478,0.1314849
227.253,-118.0735,0.4890466,0.2905661
226.3597,-119.7151,0.1222503,0.3006636
225.9757,-120.36,0.122217,0.03675143
226.8022,-118.6891,0.2445057,0.3021377
228.2631,-115.6696,0.1222433,0.1589937
227.7205,-116.6516,0.0611293,0.2964894
228.0377,-115.9774,0.06112854,0.2885403
228.7056,-114.6435,0.2444865,0.1594115
227.6954,-117.0475,0.244521,0.2962976
228.0794,-116.4025,0.2445109,0.06366323
231.0598,-109.9824,0.4889924,0.1883758
229.9746,-111.9465,0.2444771,0.1959805
230.609,-110.5979,0.2444758,0.1987094
232.07,-107.5785,0.1222442,0.3096105
231.5273,-108.5605,0.06113774,0.2226946
231.8446,-107.8863,0.06113803,0.2218378
232.5125,-106.5524,0.2444877,0.3093962
231.5023,-108.9563,0.2444885,0.1916616
232.0115,-107.9596,0.1222494,0.1864894
231.7611,-108.6632,0.1222499,0.1917567
229.9244,-112.7381,0.9780115,0.1518965
230.6924,-111.4483,0.9780155,0.2165734
237.0372,-97.96311,0.9780614,0.172929
236.2107,-99.63407,0.2445194,0.1713911
235.7015,-100.6308,0.1222463,0.3619756
235.952,-99.92719,0.1222449,0.3546327
236.5196,-98.54932,0.4890482,0.1786951
234.8667,-101.8913,0.4890393,0.3580067
233.7814,-103.8553,0.2444916,0.3726812
234.4159,-102.5068,0.2444903,0.3758866
235.8768,-99.48733,0.1222506,0.2475651
235.4928,-100.1322,0.1222506,0.5149332
236.3193,-98.46127,0.2445014,0.2557389
235.3091,-100.8652,0.2445159,0.3599982
235.8184,-99.86849,0.1222653,0.4132656
235.5679,-100.5721,0.1222667,0.4203441
238.6735,-93.80014,0.4889677,0.1950619
237.5883,-95.76422,0.2445313,0.1881129
238.2228,-94.4157,0.2445284,0.1812484
239.4917,-91.71866,0.2444993,0.2121523
240.1262,-90.37014,0.2445029,0.2089586
239.308,-92.45162,0.4889763,0.1942929
237.5381,-96.55589,0.9780748,0.1675824
238.3062,-95.26606,0.9779513,0.2273861
234.4408,-103.7383,0.4890144,0.3408044
233.7897,-104.2658,0.4890076,0.2698375
234.8833,-102.7123,0.9780287,0.3435219
233.9399,-105.1456,0.9780339,0.2926097
234.591,-104.618,0.9780524,0.3291201
236.0646,-100.5869,0.1222519,0.1443181
235.739,-100.8507,0.1222493,0.3621277
236.2858,-100.0739,0.2445098,0.1524477
235.8141,-101.2906,0.2445186,0.3168306
236.1397,-101.0268,0.244509,0.1950531
237.0538,-98.78413,0.4889924,0.1606712
236.5529,-100.1913,0.4889893,0.1474778
235.4175,-102.9471,1.956055,0.3021156
228.5134,-118.2207,0.9780364,0.1449774
227.8331,-118.9388,0.1222657,0.2472703
228.1001,-119.0562,0.1222553,0.1219916
227.641,-119.2612,0.2445218,0.2473044
227.8164,-118.1177,0.244484,0.2319591
228.1586,-118.675,0.1222434,0.1213187
227.8915,-118.5576,0.1222538,0.2442769
226.8271,-119.9206,0.4890276,0.2437491
225.984,-120.7705,0.2445442,0.2642214
226.368,-120.1256,0.2445285,0.2644055
227.2696,-118.8945,0.9780284,0.2464096
229.0728,-116.4323,3.912051,0.1436635
227.5115,-121.0351,0.9780162,0.2062147
228.1959,-122.1497,0.4890069,0.09045511
227.6617,-121.9148,0.4889995,0.1996418
226.6517,-121.0641,1.956049,0.215861
228.5466,-119.8627,0.4889561,0.1139481
227.8497,-119.7598,0.2444972,0.2171407
228.1752,-119.496,0.2444801,0.1462919
228.9306,-119.2178,0.9780141,0.1160214
228.5799,-121.5048,0.9779872,0.09906492
227.8956,-120.3902,0.4890341,0.2078119
228.4297,-120.625,0.4890039,0.1140027
231.1097,-112.4455,0.9780396,0.1646571
231.8778,-111.1556,0.9780686,0.1695829
231.2599,-113.3252,1.956061,0.1499706
233.0298,-109.2209,0.9780856,0.1884365
234.0483,-107.2275,0.4890098,0.2476189
233.5474,-108.6347,0.4890025,0.258643
232.4119,-111.3904,1.956179,0.1844558
230.1411,-116.9019,7.824231,0.1477101
216.0657,-147.3317,0.4890168,0.1113809
216.0531,-148.3433,0.2444949,0.02248505
215.8445,-147.8447,0.244521,0.1095472
215.59,-146.7157,0.9780145,0.151143
217.0298,-147.552,0.2444889,0.00107379
216.8212,-147.0535,0.244521,0.09652791
217.4597,-147.5376,0.4890032,0.001048309
216.483,-148.3288,0.4889965,0.003853482
216.4956,-147.3172,0.2445205,0.09652438
216.7042,-147.8158,0.2444883,0.001073751
214.9137,-149.2664,1.956036,0.06679218
214.9389,-147.2432,0.9780335,0.1557097
215.5189,-148.1085,0.2445219,0.1243171
215.7276,-148.6071,0.2444958,0.0497154
215.0891,-148.123,0.4890398,0.09616413
212.9604,-150.849,1.956128,0.07477079
211.2741,-152.5489,0.978029,0.06899875
212.0422,-151.259,0.9780174,0.04729712
213.5782,-148.6794,0.9779951,0.1044954
214.3462,-147.3896,0.9779993,0.119652
213.7284,-149.5591,1.956105,0.06886698
217.627,-142.7289,0.4890166,0.2009755
218.1611,-142.9637,0.4889724,0.131864
217.243,-143.3738,0.9780476,0.1753857
215.8823,-144.81,0.978053,0.1860803
216.6503,-143.5201,0.9780557,0.1831046
218.1863,-140.9405,0.977981,0.2372341
218.9544,-139.6507,0.9780108,0.2347929
218.2781,-142.2014,0.4889934,0.1328345
217.7439,-141.9666,0.4890377,0.2024505
218.6392,-141.2412,0.06111419,0.2086159
218.7435,-141.4905,0.06112174,0.136664
218.4242,-141.2485,0.1222576,0.2339826
218.9125,-140.8528,0.1222441,0.213732
218.9063,-141.3586,0.061136,0.1366466
218.8019,-141.1093,0.06112845,0.2085832
218.708,-142.1869,0.2444785,0.1794971
218.4179,-141.7543,0.06114072,0.1512772
218.3136,-141.505,0.06112909,0.2317259
218.6329,-141.747,0.1222546,0.1252637
216.8338,-146.0419,0.4890079,0.087388
216.8464,-145.0303,0.2444954,0.1532686
217.055,-145.5289,0.2445112,0.08783222
217.4723,-146.526,0.2444903,0.06576478
217.6809,-147.0245,0.2445024,0.0006152811
217.0424,-146.5405,0.4890168,0.08878494
216.0325,-145.6897,1.956085,0.1401852
217.9274,-144.4883,0.4889857,0.06359163
217.3932,-144.2535,0.4889991,0.1534726
218.3113,-143.8434,0.977982,0.1012958
218.0191,-145.7492,0.4890122,0.0637318
218.0065,-146.7608,0.2445228,0.003676316
217.7979,-146.2622,0.2445107,0.06681587
217.3806,-145.2651,0.2445316,0.08783526
217.1719,-144.7665,0.2445158,0.1532668
217.8104,-145.2506,0.4890136,0.06528307
214.7464,-154.0751,7.824247,0.007314045
212.4927,-153.8982,1.95606,0.01622454
211.4243,-153.4286,1.956055,0.05544939
213.2607,-152.6084,3.91218,0.01794107
216.3994,-150.7332,1.956073,0.007001046
215.331,-150.2635,1.956018,0.0369818
217.1674,-149.4433,3.912098,0.003449975
216.4659,-154.0172,3.912043,0.006859078
215.3058,-152.2867,0.9780289,0.008541157
214.8885,-151.2896,0.977981,0.03456853
216.1655,-152.2578,1.95605,0.006919007
222.1767,-135.3711,1.956068,0.09224642
220.816,-136.8073,0.4890356,0.1150396
220.1356,-137.5254,0.1222542,0.1080411
219.8101,-137.7891,0.1222455,0.2807703
220.3569,-137.0123,0.244506,0.1194711
221.2584,-135.7812,0.9780838,0.1038401
222.7945,-133.2016,0.97799,0.1058768
223.5625,-131.9117,0.9779617,0.1000007
222.9447,-134.0813,1.956077,0.07100727
221.4419,-138.303,0.4889987,0.1073321
221.5588,-137.5406,0.4889953,0.03694741
222.1847,-139.0363,0.4889859,0.04088917
221.6506,-138.8015,0.4890047,0.1257042
220.5822,-138.3319,0.4890039,0.07574905
220.0187,-138.2877,0.1222589,0.1089054
219.7516,-138.1703,0.1222522,0.2742988
220.2107,-137.9652,0.2445107,0.106774
221.0246,-137.3058,0.48901,0.02787474
220.9077,-138.0682,0.4890134,0.1024182
222.477,-137.1306,3.912098,0.02412187
226.1337,-128.1597,7.824375,0.08484525
224.3971,-133.906,1.95604,0.00642167
223.3953,-136.7204,1.956057,0.0166152
224.3638,-132.264,3.91221,0.08540539
219.3546,-146.3362,3.911971,0.0121898
221.0076,-142.9943,0.9779564,0.01612688
221.7755,-141.7044,0.9779819,0.07846873
220.3897,-145.1638,1.955908,0.01747578
218.1189,-150.6753,7.823922,0.005243726
219.8807,-142.9058,0.4890286,0.01813894
219.3465,-142.671,0.4890131,0.0728483
220.2939,-142.0703,0.1222583,0.04662316
219.9454,-142.0188,0.06112526,0.1257012
220.1082,-141.8869,0.06113502,0.07046406
220.4859,-141.7478,0.244516,0.07713647
220.2063,-142.6421,0.489023,0.02354245
221.6254,-140.8247,0.977979,0.03987231
220.8574,-142.1145,0.9779947,0.03219124
218.9373,-145.3391,1.956133,0.02754975
219.2295,-143.4333,0.4890552,0.075827
219.7637,-143.6681,0.4890706,0.02354546
218.8455,-144.0782,0.9780048,0.03408146
220.6739,-139.5928,0.489039,0.1143334
220.557,-140.3551,0.4890214,0.1023346
219.9832,-138.9841,0.0611293,0.1578191
220.146,-138.8522,0.06114072,0.1114787
220.0061,-139.2993,0.1222558,0.16902
219.6932,-138.5514,0.1222461,0.2743118
220.0417,-138.6029,0.06112909,0.1853696
219.8789,-138.7348,0.06111768,0.2421385
220.4653,-139.0942,0.4890181,0.1115935
221.5336,-139.5638,0.4890094,0.1176942
222.0678,-139.7986,0.4889905,0.02545474
221.0912,-140.5899,0.4889899,0.130831
221.2081,-139.8276,0.4890075,0.1448099
219.5803,-141.1464,0.4890516,0.1768795
220.2773,-141.2493,0.2444914,0.1165894
220.0039,-141.6377,0.06113421,0.04540438
219.8411,-141.7696,0.06112446,0.1265775
219.981,-141.3224,0.1222457,0.08667864
219.1378,-142.1724,0.489016,0.08884068
219.2547,-141.4101,0.489006,0.1119886
219.547,-139.5043,0.9780457,0.2537135
220.0979,-140.5602,0.1222613,0.1480233
220.1563,-140.179,0.1222657,0.1490793
220.3358,-140.8681,0.2445254,0.1226776
219.5344,-140.5159,0.2445346,0.1665421
219.8892,-140.0616,0.1222546,0.1562145
219.8308,-140.4428,0.1222502,0.2007861
-193.8087,40.10751,27.39158,0.0001873474
213.9715,-159.1846,12.25239,0.01365693
212.1052,-156.4529,3.063083,0.01804298
211.0391,-154.7101,1.531541,0.04900758
212.1075,-155.1797,1.531554,0.01800996
213.9761,-156.6382,6.126081,0.006411633
-186.1778,39.38087,55.72098,0.0001176096
-171.2594,34.61679,27.86028,0
-181.4123,36.19904,27.86027,0
185.2096,-144.0613,1.666524,0.07645702
185.4877,-145.4559,0.4166347,0.09819293
185.4814,-146.0897,0.4166214,0.09126939
184.9092,-144.8849,0.833265,0.02657859
183.7584,-143.1091,0.8332658,0.04900797
183.183,-142.2212,0.8332388,0.03792032
184.6342,-143.1734,1.666546,0.05435418
186.9614,-144.1899,1.666516,0.1130189
188.419,-144.5084,0.83326,0.1784909
187.8293,-145.0464,0.1041649,0.1218146
188.1202,-145.1735,0.1041613,0.1624021
187.6806,-145.2998,0.2083248,0.1218117
187.6902,-144.3492,0.2083006,0.1029492
188.1234,-144.8566,0.1041488,0.1624286
187.8325,-144.7296,0.1041525,0.1218219
186.6545,-145.6473,0.8332006,0.06972127
186.0632,-146.3438,0.4166357,0.03933932
186.0695,-145.71,0.416649,0.08188479
186.3732,-144.5696,1.666495,0.08057986
183.426,-147.1015,6.666005,0.04625883
182.8697,-144.3123,1.666545,0.004308672
182.5948,-142.6009,0.8332323,0.04527316
183.1702,-143.4888,0.8332592,0.0549049
184.0269,-145.4544,3.333028,0.03660844
190.4521,-145.7147,1.666544,0.2158512
191.6156,-146.2229,1.666501,0.1996046
189.8543,-147.045,0.4166279,0.1677915
190.4361,-147.2991,0.4166135,0.1760901
189.7009,-147.7737,0.2083177,0.1668158
189.4052,-148.1219,0.1041638,0.1143027
189.4084,-147.805,0.1041605,0.1724457
189.5602,-147.2348,0.4166213,0.147979
189.72,-145.8724,0.2083164,0.120441
189.4243,-146.2206,0.1041496,0.07187866
189.4275,-145.9037,0.104143,0.2186407
189.5794,-145.3335,0.4166441,0.1771776
190.4425,-146.6653,0.4166144,0.1813894
189.8607,-146.4112,0.4166287,0.1724831
193.361,-146.9853,1.666498,0.2411342
194.5245,-147.4936,1.666595,0.2671065
191.4558,-147.5854,0.2083178,0.2163834
191.2336,-147.8862,0.05208398,0.1609204
191.0858,-148.0603,0.02604234,0.02134312
191.0874,-147.9019,0.02604161,0.2296922
191.1633,-147.6168,0.1041623,0.2163819
192.183,-147.9031,0.2083173,0.158747
191.451,-148.0607,0.1041565,0.04569143
191.7451,-147.8709,0.104155,0.1690358
190.3562,-147.9803,0.05207785,0.06233104
190.2084,-148.1545,0.0260453,0.07816977
190.21,-147.996,0.02604655,0.192469
190.5736,-148.1549,0.104155,0.07391206
189.6961,-148.249,0.1041795,0.09953468
189.9167,-148.1066,0.05208443,0.05400028
190.0645,-147.9325,0.02604473,0.1524587
190.0629,-148.0909,0.02604349,0.1052845
190.6503,-147.7905,0.05208233,0.216388
190.7941,-148.0125,0.05208352,0.1395583
190.4313,-147.7745,0.1041467,0.2170676
190.8724,-147.4897,0.1041622,0.2163815
190.942,-147.8384,0.02603976,0.2163749
190.9404,-147.9968,0.02604049,0.0772187
190.7973,-147.6956,0.05207725,0.2164034
192.191,-147.1109,1.666527,0.236782
186.3413,-147.7384,1.666551,0.04817971
187.5048,-148.2467,1.666555,0.06763857
184.5832,-148.2436,3.333044,0.04607361
187.8085,-147.1062,0.4166303,0.008358411
187.671,-146.2505,0.2083384,0.0708973
187.9588,-146.6944,0.208321,0.04664451
188.5325,-147.7408,0.1041517,0.1508822
188.4638,-147.3129,0.05208091,0.07213149
188.6077,-147.5349,0.05208655,0.1923246
188.8953,-147.9788,0.05208293,0.1879254
189.0392,-148.2008,0.05208797,0.09121305
188.6764,-147.9627,0.104155,0.09820605
188.0227,-147.5976,0.05207848,0.04380864
188.1665,-147.8196,0.0520762,0.1252438
187.8037,-147.5815,0.1041606,0.05092768
188.2448,-147.2968,0.1041657,0.05895719
188.3136,-147.7247,0.05208128,0.1350704
188.1697,-147.5027,0.05208356,0.06681199
186.9358,-146.725,1.666513,0.03428917
188.5533,-145.681,0.2082872,0.1438734
188.841,-146.125,0.2082981,0.1231407
187.9683,-145.7438,0.2083234,0.06688807
188.2624,-145.5539,0.2083234,0.1661059
188.9976,-145.0794,0.4166225,0.1860729
189.1366,-145.7767,0.1041575,0.1825467
189.1335,-146.0936,0.1041641,0.009057948
188.8474,-145.4912,0.2083108,0.1687441
188.9753,-147.2976,0.8332703,0.1065367
188.2529,-146.5046,0.208304,0.0616027
187.9651,-146.0607,0.2083213,0.08170444
188.6908,-146.5367,0.4166298,0.07212945
197.7211,-149.2082,0.8332379,0.07196759
196.9987,-148.4152,0.2083164,0.09331935
196.6383,-147.9395,0.02603808,0.3025661
196.6367,-148.0979,0.02603787,0.0246285
196.4936,-147.7967,0.05207627,0.3492986
196.8932,-148.011,0.01301985,0.2660262
196.8213,-147.9001,0.01302154,0.3547914
197.0027,-148.0191,0.02603982,0.126705
196.7821,-148.1614,0.02603789,0.09520369
196.7478,-147.9475,0.01301907,0.2688182
196.8197,-148.0585,0.01301739,0.1313415
197.4366,-148.4473,0.4166178,0.08475552
198.597,-149.2725,1.666548,0.0809784
196.8325,-150.4114,1.6665,0.06246528
196.5544,-149.0168,0.4166442,0.0924629
196.4153,-148.3195,0.1041504,0.09519754
196.3466,-147.8916,0.05208135,0.2639305
196.4904,-148.1136,0.05207739,0.1353939
196.7046,-148.605,0.2083278,0.09330236
197.1329,-149.5878,0.833275,0.07648066
200.9241,-150.289,3.333043,0.07138036
197.996,-150.9197,1.666527,0.04441157
199.1724,-150.1604,1.666558,0.07424571
205.5784,-152.322,6.665944,0.07709514
202.0781,-151.7479,3.332986,0.08987822
198.5747,-151.4907,1.666551,0.05683951
200.9146,-151.2397,1.666536,0.07357309
193.9108,-150.4083,3.333034,0.0375158
191.5773,-150.0256,3.333034,0.03652523
195.3804,-149.5384,0.8332273,0.0313962
195.8284,-148.5803,0.2083244,0.0544231
196.0523,-148.1013,0.05207723,0.0570552
196.2006,-147.8875,0.05207107,0.3269648
196.1232,-148.3113,0.1041406,0.05973938
195.9702,-149.0004,0.4166388,0.03114874
195.6641,-150.3785,1.66645,0.03466414
193.9236,-149.1408,1.66652,0.03069617
195.0999,-148.3815,0.4166269,0.03495969
195.7614,-147.9742,0.02603516,0.2885678
195.7598,-148.1326,0.02603601,0.03214433
195.6156,-147.9503,0.0520786,0.1736744
196.0555,-147.7844,0.05207217,0.3535983
195.9065,-148.0773,0.02604321,0.1380793
195.9081,-147.9189,0.02604236,0.2735183
195.5383,-148.374,0.2083387,0.009689922
194.8002,-149.1259,0.8332312,0.03449987
187.4905,-149.6727,1.666577,0.05277595
188.6636,-149.2303,1.666526,0.08551951
184.5736,-149.1942,1.666584,0.04670037
187.5,-148.722,0.8332292,0.09407707
186.3269,-149.1644,0.8333028,0.05112588
192.1767,-148.5368,0.8332452,0.04863168
190.7166,-148.4561,0.2083346,0.07819675
189.8408,-148.3918,0.1041606,0.08935416
190.4257,-148.329,0.1041551,0.07819624
191.5949,-148.2827,0.4166621,0.07847482
194.0798,-148.1348,0.1041425,0.02733579
194.4464,-147.9966,0.02604073,0.2538911
194.4448,-148.155,0.02603402,0.04151359
194.3006,-147.9726,0.05207523,0.1534777
193.3506,-148.0152,0.1041591,0.08863402
194.0822,-147.8972,0.05210271,0.2922508
193.7889,-148.0078,0.05208323,0.07730142
195.398,-147.7956,0.2083212,0.3706353
194.9581,-147.9615,0.1041579,0.1368972
194.5915,-148.0997,0.02603579,0.0859922
194.5931,-147.9413,0.02604251,0.2419404
194.7373,-148.1236,0.05207403,0.01771678
193.3466,-148.4113,0.8332599,0.0518
190.4169,-149.2004,3.333007,0.05869003
-61.37329,-20.32266,26.66574,0.01957789
163.1019,-135.6707,61.96242,0.03437112
148.151,-129.1903,30.98117,0.03188956
157.1226,-131.237,30.98117,0.03191909
132.4535,-121.0048,30.9811,0.0304692
117.1294,-113.6719,15.4905,0.02952286
126.8477,-117.4237,15.4905,0.03008811
141.7985,-123.9041,30.98114,0.03087759
156.0026,-128.6794,15.49055,0.03172047
147.031,-126.6326,15.49055,0.03169012
-54.69232,-23.59583,24.72033,0.02027077
105.1093,-103.9807,21.33359,0.01136712
373.5754,-6.811239,16.13148,0.01156765
375.1515,-10.74372,8.065684,0.03324963
372.9831,-9.882207,8.065805,0.007730645
377.767,-0.2107341,16.13175,0.003123006
376.8281,-8.103516,8.065908,0.02272282
376.3363,-4.601791,8.065889,0.007106303
382.7969,7.709875,16.13164,0.0488749
386.4463,14.52576,4.032956,0.04972824
388.6902,18.59373,2.016309,0.01860983
387.5557,15.73815,2.016284,0.01353993
385.0156,10.13469,8.06584,0.05609851
379.6393,-2.607742,4.032868,0.007577281
381.8831,1.460251,2.016566,0.0303323
380.7486,-1.39533,2.016571,0.009534927
378.2086,-6.9988,8.065818,0.01381204
380.3798,1.230952,2.01636,0.01743107
381.7602,2.335678,2.016395,0.04777231
379.3933,-0.8568878,4.032687,0.007178379
381.5143,4.086543,4.032906,0.04754165
380.1339,2.981817,4.032861,0.024632
387.3349,19.1322,8.065873,0.02221411
385.6583,16.492,8.066016,0.02249537
386.0047,21.31382,16.13167,0.009545208
382.8974,14.28256,32.26332,0.04381006
375.5985,0.650767,32.26358,0.0005024445
380.8519,14.26865,2.016516,0.05751775
380.0751,12.5108,0.5041451,0.04853017
379.6559,11.85077,0.5040579,0.05062537
380.1617,13.71627,1.008277,0.04815179
378.1889,9.540599,2.016292,0
379.4715,13.16391,1.008178,0.07064825
379.1753,11.62844,1.008121,0.01888408
381.5924,18.10734,2.016172,0.03955201
382.7268,20.96292,2.016182,0.01281658
381.5672,16.46418,4.032906,0.04229924
378.7058,7.682053,8.066021,0.0005114194
379.9884,11.30536,0.5041548,0.05255232
380.4076,11.96539,0.5042056,0.06483587
380.321,10.75997,1.00825,0.03192943
381.0978,12.51778,2.016478,0.0839409
380.0863,8.786784,4.033071,0.03446133
