object,x,z,area,grade
Road 471332807 restored connection,564.5462,-328.7589,4.46814,0.244111
Road 471332807 restored connection,562.5461,-328.2629,4.467773,0.2441124
Road 471332807 restored connection,564.5459,-327.2696,4.468049,0.2441015
Road 471332807 restored connection,563.0457,-326.6493,0.5584832,0.2452805
Road 471332807 restored connection,561.7957,-326.4634,0.1396179,0.2248317
Road 471332807 restored connection,561.2957,-326.3394,0.1396294,0.05156702
Road 471332807 restored connection,562.5457,-326.4012,0.2792359,0.2452629
Road 471332807 restored connection,564.5457,-326.5249,1.116989,0.2429858
Road 471332807 restored connection,561.1708,-326.8049,0.1396265,0.1768903
Road 471332807 restored connection,560.9207,-326.4947,0.1396265,0.0737725
Road 471332807 restored connection,561.5458,-326.7738,0.279253,0.1926348
Road 471332807 restored connection,560.8584,-327.2859,0.03490874,0.2408126
Road 471332807 restored connection,560.7334,-327.1308,0.03490874,0.06422669
Road 471332807 restored connection,561.0459,-327.2704,0.06980612,0.2452546
Road 471332807 restored connection,560.671,-327.5497,0.06982037,0.2192093
Road 471332807 restored connection,560.6084,-327.2239,0.0349116,0.07376267
Road 471332807 restored connection,560.7334,-327.379,0.0349116,0.2440944
Road 471332807 restored connection,560.6707,-326.6809,0.1396265,0.07377014
Road 471332807 restored connection,561.0458,-327.0221,0.069809,0.1859798
Road 471332807 restored connection,560.7958,-326.9601,0.06982037,0.08745342
Road 471332807 restored connection,562.0458,-327.146,1.117024,0.2452678
Road 471332807 restored connection,564.5456,-326.0284,1.116989,0.2429583
Road 471332807 restored connection,562.5457,-326.153,0.2792358,0.2309528
Road 471332807 restored connection,561.5457,-326.1532,0.2792358,0.189948
Road 471332807 restored connection,563.0456,-325.9047,0.5584946,0.2428952
Road 471332807 restored connection,565.5455,-325.5318,2.23391,0.2429647
Road 471332807 restored connection,563.2955,-325.222,0.2792644,0.2452615
Road 471332807 restored connection,562.7954,-325.098,0.279253,0.07210577
Road 471332807 restored connection,562.0454,-324.912,0.5585175,0.02435002
Road 471332807 restored connection,564.5454,-325.0356,1.117035,0.2429572
Road 471332807 restored connection,561.5455,-325.2844,0.558529,0.07377175
Road 471332807 restored connection,562.2955,-325.4704,0.2792759,0.07923409
Road 471332807 restored connection,562.7956,-325.5945,0.2792873,0.2514291
Road 471332807 restored connection,561.0456,-325.6569,1.117069,0.07377093
Road 471332807 restored connection,563.8577,-324.3065,0.0349045,0.2452637
Road 471332807 restored connection,563.7327,-324.1514,0.03490164,0.06574783
Road 471332807 restored connection,564.0452,-324.291,0.06982037,0.2431071
Road 471332807 restored connection,563.6703,-324.5703,0.06981184,0.2279851
Road 471332807 restored connection,563.6077,-324.2445,0.0349045,0.07433885
Road 471332807 restored connection,563.7328,-324.3996,0.03490736,0.2483171
Road 471332807 restored connection,564.2953,-324.4771,0.279253,0.2404557
Road 471332807 restored connection,565.0453,-324.6631,0.5585175,0.2404257
Road 471332807 restored connection,562.5453,-324.5395,1.117035,0.1335035
Road 471332807 restored connection,565.7952,-324.3527,0.5585232,0.2323726
Road 471332807 restored connection,566.2951,-323.732,0.2792474,0.1882354
Road 471332807 restored connection,566.2952,-324.2285,0.2792417,0.2350258
Road 471332807 restored connection,564.7952,-324.1046,0.2792644,0.2200434
Road 471332807 restored connection,564.0452,-324.1048,0.03491588,0.1848246
Road 471332807 restored connection,563.7952,-324.0428,0.0349102,0.09652793
Road 471332807 restored connection,564.1702,-324.0117,0.06982325,0.2010623
Road 471332807 restored connection,564.5452,-323.9185,0.1396351,0.2254831
Road 471332807 restored connection,565.5451,-323.7942,0.5585288,0.2214129
Road 471332807 restored connection,562.5451,-323.5467,1.116943,0.01066105
Road 471332807 restored connection,564.795,-323.4841,0.1396236,0.1592311
Road 471332807 restored connection,564.295,-323.3601,0.1396065,0.1166204
Road 471332807 restored connection,565.5451,-323.4219,0.2792358,0.1829211
Road 471332807 restored connection,564.0451,-323.5463,0.1396066,0.05598893
Road 471332807 restored connection,564.5451,-323.6703,0.1396179,0.1254241
Road 471332807 restored connection,563.7951,-323.7325,0.2792472,0.0294063
Road 471332807 restored connection,561.5452,-324.0433,2.233864,0.04179619
Road 471332807 restored connection,564.045,-322.9258,0.5585519,0.009017238
Road 471332807 restored connection,565.545,-323.1737,0.2792816,0.1762171
Road 471332807 restored connection,564.545,-323.1739,0.2792816,0.1235366
Road 471332807 restored connection,562.545,-323.0502,1.117127,0.007328415
Road 471332807 restored connection,566.0449,-322.677,1.117126,0.1811867
Road 471332807 restored connection,565.0449,-322.429,1.117092,0.02828817
Road 471332807 restored connection,562.5447,-322.0573,1.116898,0.007329079
Road 471332807 restored connection,564.5447,-322.0568,1.116898,0.0226264
Road 471332807 restored connection,561.5449,-322.554,2.233841,0.007328204
Road 471332807 restored connection,564.5446,-321.5604,1.117035,0.02262512
Road 471332807 restored connection,562.5446,-321.5609,1.117035,0.007326236
Road 471332807 restored connection,565.5444,-321.0636,2.234093,0.03771006
Road 471332807 restored connection,562.5444,-320.8162,4.46814,0.008316024
Road 471332807 restored connection,564.5441,-319.8228,4.467865,0.008315555
Road 471332807 restored connection,562.544,-319.3268,4.468232,0.006730976
Road 471332807 restored connection,564.5438,-318.3335,4.467957,0.007977846
Road 471332807 restored connection,562.5436,-317.8375,4.468323,0.00456395
Road 471332807 restored connection,564.5434,-316.8441,4.467957,0.007413093
Road 471332807 restored connection,562.5433,-316.3481,4.467957,0.003358563
Road 471332807 restored connection,564.5431,-315.3548,4.46814,0.008626858
Road 471332807 restored connection,562.543,-314.8587,4.46814,0.001207352
Road 471332807 restored connection,564.5427,-313.8654,4.467957,0.00501167
Road 471332807 restored connection,562.5427,-313.3694,4.467957,0
Road 471332807 restored connection,564.5424,-312.376,4.468323,0
Road 471332807 restored connection,562.5423,-311.88,4.467957,0
Road 471332807 restored connection,564.5421,-310.8867,4.468049,0
Road 471332807 restored connection,562.5419,-310.3907,4.468049,0
Road 471332807 restored connection,564.5417,-309.3973,4.468049,0
Road 471332807 restored connection,562.5416,-308.9014,4.468049,0
Road 471332807 restored connection,564.5413,-307.908,4.46814,0
Road 471332807 restored connection,562.5412,-307.412,4.46814,0
Road 471332807 restored connection,564.541,-306.4186,4.467774,0
Road 471332807 restored connection,562.5408,-305.9226,4.46814,0
Road 471332807 restored connection,564.5406,-304.9293,4.468048,0
Road 471332807 restored connection,562.5405,-304.4333,4.468048,0
Road 471332807 restored connection,564.5403,-303.4399,4.467957,0
Road 471332807 restored connection,562.5402,-302.944,4.467957,0
Road 471332807 restored connection,564.54,-301.9506,4.468323,0
Road 471332807 restored connection,562.5399,-301.4546,4.467957,0
Road 471332807 restored connection,564.5396,-300.4612,4.468232,0
Road 471332807 restored connection,562.5395,-299.9652,4.467865,0
Road 471332807 restored connection,564.5392,-298.9719,4.467774,0
Road 471332807 restored connection,562.5391,-298.4759,4.468506,0
Road 471332807 restored connection,564.5388,-297.4825,4.467957,0
Road 471332807 restored connection,562.5388,-296.9865,4.467957,0
Road 471332807 restored connection,564.5385,-295.9932,4.468323,0
Road 471332807 restored connection,562.5384,-295.4972,4.467957,0
Road 471332807 restored connection,564.5381,-294.5038,4.468049,0
Road 471332807 restored connection,562.538,-294.0078,4.468049,0
Road 471332807 restored connection,564.5378,-293.0144,4.468049,0
Road 471332807 restored connection,562.5377,-292.5185,4.468049,0
Road 731224474 restored connection,496.9785,-579.9907,4.46305,0.04372996
Road 731224474 restored connection,498.5385,-581.3369,4.463828,0.04306813
Road 731224474 restored connection,496.3062,-581.3179,4.463625,0.04109666
Road 731224474 restored connection,497.8662,-582.6641,4.463625,0.04216365
Road 731224474 restored connection,495.6338,-582.6452,4.463459,0.0410097
Road 731224474 restored connection,497.1939,-583.9914,4.463459,0.04199057
Road 731224474 restored connection,494.9615,-583.9725,4.463789,0.04098728
Road 731224474 restored connection,496.5216,-585.3187,4.463378,0.04196765
Road 731224474 restored connection,494.2892,-585.2998,4.464032,0.04096196
Road 731224474 restored connection,495.8492,-586.646,4.463622,0.04194614
Road 731224474 restored connection,493.6169,-586.6271,4.463049,0.04031391
Road 731224474 restored connection,495.177,-587.9733,4.463869,0.0399304
Road 731224474 restored connection,492.9446,-587.9544,4.463583,0.04026289
Road 731224474 restored connection,494.5046,-589.3006,4.463583,0.03992682
Road 731224474 restored connection,492.2722,-589.2817,4.463459,0.03898008
Road 731224474 restored connection,493.8323,-590.6279,4.463459,0.0399085
Road 731224474 restored connection,491.5999,-590.6089,4.463379,0.03889407
Road 731224474 restored connection,493.1599,-591.9551,4.463789,0.03991358
Road 731224474 restored connection,490.9276,-591.9362,4.463789,0.03949947
Road 731224474 restored connection,492.4876,-593.2824,4.463379,0.04070223
Road 731224474 restored connection,490.2552,-593.2635,4.463869,0.03952073
Road 731224474 restored connection,491.8153,-594.6097,4.463049,0.04068219
Road 731224474 restored connection,489.5829,-594.5908,4.463622,0.03950049
Road 731224474 restored connection,491.143,-595.937,4.464032,0.03904939
Road 731224474 restored connection,488.9106,-595.9182,4.463583,0.03950851
Road 731224474 restored connection,490.4707,-597.2643,4.463583,0.03900098
Road 731224474 restored connection,488.2383,-597.2454,4.463171,0.03794841
Road 731224474 restored connection,489.7984,-598.5916,4.463582,0.03866046
Road 731224474 restored connection,487.566,-598.5727,4.463503,0.03780627
Road 731224474 restored connection,489.126,-599.9189,4.463913,0.03863214
Road 731224474 restored connection,486.8997,-599.8879,4.341896,0.03779426
Road 731224474 restored connection,488.4537,-601.2462,4.584972,0.03862052
Road 731224474 restored connection,486.3214,-601.0297,2.592358,0.03778187
Road 731224474 restored connection,487.7753,-602.5855,6.334892,0.03824648
Road 731224474 restored connection,485.743,-602.1716,2.592384,0.03750117
Road 731224474 restored connection,487.009,-604.0983,6.334291,0.03724766
Road 731224474 restored connection,485.1647,-603.3134,2.592695,0.03672521
Road 731224474 restored connection,486.2428,-605.611,6.334863,0.03724459
Road 731224474 restored connection,484.5863,-604.4553,2.592458,0.03671779
Road 731224474 restored connection,485.4765,-607.1238,6.334661,0.0374928
Road 731224474 restored connection,484.0079,-605.5971,2.59235,0.03670609
Road 731224474 restored connection,484.7102,-608.6365,6.334291,0.03775122
Road 731224474 restored connection,483.4296,-606.7388,2.592218,0.03544809
Road 731224474 restored connection,483.944,-610.1494,6.334991,0.03138761
Road 731224474 restored connection,482.8512,-607.8807,2.592554,0.03464727
Road 731224474 restored connection,483.1777,-611.662,6.334723,0.03030601
Road 731224474 restored connection,482.2728,-609.0225,2.592691,0.03469072
Road 731224474 restored connection,482.4114,-613.1747,6.334419,0.02981637
Road 471332807 ,588.913,-394.573,4.417801,0.1153677
Road 471332807 ,587.3109,-395.8669,4.417801,0.1141845
Road 471332807 ,587.7414,-393.681,4.417489,0.1148025
Road 471332807 ,586.1392,-394.9749,4.417564,0.113734
Road 471332807 ,586.5698,-392.7889,4.417675,0.1142219
Road 471332807 ,584.9677,-394.0828,4.4176,0.1139207
Road 471332807 ,585.3983,-391.8968,4.417746,0.1139745
Road 471332807 ,583.7961,-393.1908,4.417746,0.1141539
Road 471332807 ,584.2266,-391.0048,4.4176,0.1137359
Road 471332807 ,582.6245,-392.2987,4.4176,0.1139955
Road 471332807 ,583.055,-390.1127,4.417801,0.1139157
Road 471332807 ,581.4529,-391.4066,4.417801,0.1137745
Road 471332807 ,581.8834,-389.2206,4.417489,0.1144644
Road 471332807 ,580.2813,-390.5146,4.417564,0.1128941
Road 471332807 ,580.7119,-388.3286,4.417418,0.1135191
Road 471332807 ,579.1097,-389.6225,4.417839,0.1123206
Road 471332807 ,579.5403,-387.4365,4.417895,0.1125778
Road 471332807 ,577.9382,-388.7303,4.417398,0.1116691
Road 471332807 ,578.3687,-386.5444,4.417746,0.1121396
Road 471332807 ,576.7665,-387.8383,4.417746,0.1111188
Road 471332807 ,577.1971,-385.6523,4.417544,0.1116441
Road 471332807 ,575.595,-386.9463,4.417619,0.1106238
Road 471332807 ,576.0255,-384.7603,4.417619,0.1108303
Road 471332807 ,574.4234,-386.0542,4.417544,0.1111733
Road 471332807 ,574.8539,-383.8683,4.417746,0.1106462
Road 471332807 ,573.2518,-385.1621,4.417746,0.1106654
Road 471332807 ,573.6823,-382.9762,4.417655,0.1106569
Road 471332807 ,572.0801,-384.2701,4.417655,0.1103685
Road 471332807 ,572.5107,-382.0841,4.417746,0.110582
Road 471332807 ,570.9086,-383.378,4.417746,0.1101523
Road 471332807 ,571.3391,-381.192,4.417544,0.1104518
Road 471332807 ,569.737,-382.4859,4.417619,0.1098124
Road 471332807 ,570.1675,-380.3,4.417619,0.1098195
Road 471332807 ,568.5654,-381.5938,4.417544,0.1088504
Road 471332807 ,568.9959,-379.4079,4.417746,0.1093242
Road 471332807 ,567.3938,-380.7018,4.417746,0.1083539
Road 471332807 ,567.8243,-378.5159,4.4176,0.1088304
Road 471332807 ,566.2222,-379.8097,4.417675,0.1078556
Road 471332807 ,566.6528,-377.6237,4.41782,0.1078912
Road 471332807 ,565.0506,-378.9176,4.417746,0.1086764
Road 471332807 ,565.7701,-377.0808,0.4449129,0.1078384
Road 471332807 ,563.879,-378.0255,7.936628,0.1079209
Road 471332807 ,565.0886,-376.4245,0.09630087,0.1072169
Road 471332807 ,563.1881,-376.3858,8.395977,0.1075907
Road 471332807 ,565.0715,-374.9346,4.470286,0.1076056
Road 471332807 ,563.0659,-374.4609,4.469556,0.1079312
Road 471332807 ,565.0543,-373.4447,4.470109,0.107466
Road 471332807 ,563.0487,-372.971,4.470109,0.1079856
Road 471332807 ,565.0372,-371.9547,4.469922,0.1048569
Road 471332807 ,563.0316,-371.4811,4.470287,0.1057879
Road 471332807 ,565.02,-370.4648,4.470106,0.1034931
Road 471332807 ,563.0145,-369.9912,4.470106,0.1044627
Road 471332807 ,565.0029,-368.9749,4.469921,0.1040379
Road 471332807 ,562.9973,-368.5013,4.469921,0.1043319
Road 471332807 ,564.9858,-367.485,4.470289,0.1043402
Road 471332807 ,562.9802,-367.0114,4.469924,0.1043365
Road 471332807 ,564.9687,-365.9951,4.469832,0.104343
Road 471332807 ,562.9631,-365.5215,4.470198,0.1043378
Road 471332807 ,564.9515,-364.5052,4.46983,0.1027259
Road 471332807 ,562.946,-364.0316,4.470195,0.103056
Road 471332807 ,564.9344,-363.0153,4.470469,0.09957959
Road 471332807 ,562.9289,-362.5416,4.469739,0.1001607
Road 471332807 ,564.9173,-361.5254,4.469835,0.09962731
Road 471332807 ,562.9117,-361.0518,4.4702,0.09997638
Road 471332807 ,564.9001,-360.0355,4.469827,0.1000009
Road 471332807 ,562.8946,-359.5619,4.470192,0.09949782
Road 471332807 ,564.8831,-358.5456,4.470105,0.1002633
Road 471332807 ,563.376,-357.942,0.5587059,0.1011707
Road 471332807 ,561.8732,-357.711,0.2793758,0.1709132
Road 471332807 ,562.8732,-357.6995,0.2793644,0.09765121
Road 471332807 ,564.8745,-357.8007,1.117435,0.0988216
Road 471332807 ,561.379,-358.2133,1.117446,0.1476156
Road 471332807 ,562.3818,-358.4502,1.117389,0.1021764
Road 471332807 ,564.8688,-357.304,1.117526,0.09882633
Road 471332807 ,562.8704,-357.4512,0.2793644,0.08799061
Road 471332807 ,561.8704,-357.4627,0.2793758,0.1655844
Road 471332807 ,563.3675,-357.1971,0.5587517,0.1209014
Road 471332807 ,565.863,-356.7959,2.235052,0.09885087
Road 471332807 ,563.2343,-356.4846,0.06984106,0.1592887
Road 471332807 ,563.4864,-356.668,0.06984106,0.1679269
Road 471332807 ,562.8589,-356.4579,0.1396822,0.1655805
Road 471332807 ,563.7343,-356.4789,0.1396879,0.09177192
Road 471332807 ,563.4821,-356.2955,0.1396879,0.1631756
Road 471332807 ,562.3561,-356.2153,0.5587407,0.165584
Road 471332807 ,564.8574,-356.3108,1.117526,0.0959414
Road 471332807 ,561.8605,-356.5935,0.5587974,0.1655851
Road 471332807 ,562.8618,-356.7062,0.1396937,0.1709524
Road 471332807 ,563.3632,-356.8246,0.1396936,0.09571226
Road 471332807 ,562.614,-356.8954,0.2793873,0.1514997
Road 471332807 ,561.3647,-356.9718,1.117549,0.1655861
Road 471332807 ,564.8517,-355.8141,1.117526,0.09218756
Road 471332807 ,562.8519,-355.8371,1.117526,0.1695797
Road 471332807 ,565.8459,-355.3059,2.23503,0.09790573
Road 471332807 ,562.8404,-354.8438,1.117527,0.1725116
Road 471332807 ,564.8403,-354.8208,1.117527,0.09776641
Road 471332807 ,561.8462,-355.352,2.235076,0.1696319
Road 471332807 ,564.8345,-354.3242,1.11748,0.09777478
Road 471332807 ,562.8347,-354.3472,1.11748,0.1725143
Road 471332807 ,565.8288,-353.8161,2.235006,0.09798582
Road 471332807 ,562.8232,-353.3539,1.117526,0.1725118
Road 471332807 ,564.8232,-353.3309,1.117526,0.09789472
Road 471332807 ,561.829,-353.862,2.235006,0.1725145
Road 471332807 ,564.8174,-352.8343,1.117527,0.09790232
Road 471332807 ,562.8176,-352.8573,1.117527,0.1725181
Road 471332807 ,565.8116,-352.3261,2.235122,0.09862564
Road 471332807 ,562.8062,-351.864,1.117481,0.1725139
Road 471332807 ,564.806,-351.841,1.117481,0.09831154
Road 471332807 ,561.812,-352.3722,2.234894,0.1725174
Road 471332807 ,564.8003,-351.3444,1.117435,0.09831267
Road 471332807 ,562.8005,-351.3674,1.117435,0.1725145
Road 471332807 ,565.7945,-350.8363,2.234848,0.09904753
Road 471332807 ,562.789,-350.3741,1.117527,0.185883
Road 471332807 ,564.7889,-350.3512,1.117527,0.09873568
Road 471332807 ,561.7948,-350.8823,2.235076,0.1732097
Road 471332807 ,564.7832,-349.8545,1.11748,0.09873189
Road 471332807 ,562.7833,-349.8775,1.11748,0.1858789
Road 471332807 ,565.7774,-349.3464,2.234961,0.09946422
Road 471332807 ,562.7719,-348.8842,1.117617,0.2049176
Road 471332807 ,564.7718,-348.8612,1.117617,0.09915323
Road 471332807 ,561.7776,-349.3923,2.235234,0.1888332
Road 471332807 ,564.7661,-348.3646,1.117571,0.09263475
Road 471332807 ,562.7662,-348.3875,1.117571,0.2018441
Road 471332807 ,565.7603,-347.8564,2.235143,0.09926748
Road 471332807 ,562.7548,-347.3943,1.117435,0.208182
Road 471332807 ,564.7547,-347.3712,1.117435,0.09806475
Road 471332807 ,561.7606,-347.9023,2.234869,0.2025464
Road 471332807 ,564.749,-346.8746,1.117527,0.09805197
Road 471332807 ,562.7491,-346.8976,1.117527,0.2081779
Road 471332807 ,565.7432,-346.3665,2.235076,0.09927833
Road 471332807 ,562.7377,-345.9044,1.117435,0.2081812
Road 471332807 ,564.7375,-345.8814,1.117435,0.0988896
Road 471332807 ,561.7434,-346.4125,2.234848,0.2081775
Road 471332807 ,564.7318,-345.3848,1.117481,0.09888995
Road 471332807 ,562.732,-345.4078,1.117481,0.2081814
Road 471332807 ,565.7261,-344.8766,2.234939,0.0998924
Road 471332807 ,562.7205,-344.4145,1.117573,0.20817
Road 471332807 ,564.7204,-344.3915,1.117573,0.09957003
Road 471332807 ,561.7263,-344.9226,2.235168,0.2081811
Road 471332807 ,564.7147,-343.8949,1.117526,0.0995818
Road 471332807 ,562.7148,-343.9178,1.117526,0.2081737
Road 471332807 ,565.7089,-343.3867,2.235052,0.1005222
Road 471332807 ,562.7034,-342.9246,1.117526,0.2133304
Road 471332807 ,564.7033,-342.9016,1.117526,0.1002276
Road 471332807 ,561.7092,-343.4327,2.235052,0.208883
Road 471332807 ,563.9455,-342.2273,0.279359,0.1362717
Road 471332807 ,564.4468,-342.3457,0.2793763,0.130893
Road 471332807 ,565.199,-342.5233,0.5587407,0.1308848
Road 471332807 ,562.6977,-342.4279,1.117481,0.2133347
Road 471332807 ,565.6918,-341.8968,2.23503,0.1011623
Road 471332807 ,562.6863,-341.4347,1.117526,0.2263083
Road 471332807 ,565.1846,-341.2817,0.5587854,0.09208073
Road 471332807 ,564.4368,-341.4766,0.2793758,0.09208285
Road 471332807 ,563.9383,-341.6065,0.2793758,0.1369455
Road 471332807 ,561.6921,-341.9428,2.234984,0.2162796
Road 471332807 ,564.4283,-340.7317,0.2793873,0.09260087
Road 471332807 ,563.9297,-340.8615,0.2793758,0.1383052
Road 471332807 ,565.1818,-341.0334,0.5587865,0.1334645
Road 471332807 ,562.6806,-340.938,1.117526,0.2263073
Road 471332807 ,565.1761,-340.5368,1.117492,0.1216964
Road 471332807 ,566.1732,-340.277,1.117526,0.06918372
Road 471332807 ,562.6692,-339.9447,1.11748,0.2314846
Road 471332807 ,564.9183,-339.8568,0.1396822,0.08000952
Road 471332807 ,564.1669,-339.7413,0.06983536,0.1835709
Road 471332807 ,564.6669,-339.7355,0.06983539,0.0852006
Road 471332807 ,565.6675,-339.7861,0.2793758,0.08200815
Road 471332807 ,564.2951,-340.0192,0.06984106,0.06657788
Road 471332807 ,564.043,-339.8358,0.06983536,0.2744085
Road 471332807 ,564.6705,-340.0459,0.1396822,0.08681592
Road 471332807 ,563.7952,-340.0249,0.1396823,0.2832892
Road 471332807 ,564.0473,-340.2083,0.1396879,0.1510123
Road 471332807 ,561.675,-340.4529,2.235006,0.235532
Road 471332807 ,564.1605,-339.1826,0.1396822,0.2257728
Road 471332807 ,564.6619,-339.301,0.1396822,0.162256
Road 471332807 ,563.9127,-339.3717,0.2793644,0.2256984
Road 471332807 ,565.6647,-339.5378,0.2793758,0.0852145
Road 471332807 ,564.6655,-339.6114,0.06984683,0.110327
Road 471332807 ,564.1655,-339.6171,0.0698468,0.1964967
Road 471332807 ,564.914,-339.4843,0.1396822,0.09501815
Road 471332807 ,562.6635,-339.4481,1.11748,0.2583162
Road 471332807 ,566.1589,-339.0354,1.117515,0.08521376
Road 471332807 ,564.6591,-339.0526,0.1396822,0.1622531
Road 471332807 ,564.1577,-338.9342,0.1396822,0.2257711
Road 471332807 ,564.9069,-338.8636,0.2793644,0.1625729
Road 471332807 ,565.6547,-338.6687,0.5587289,0.1232102
Road 471332807 ,562.652,-338.4549,1.117527,0.2583152
Road 471332807 ,564.6505,-338.3077,0.2793986,0.2130523
Road 471332807 ,565.6497,-338.2341,0.06983536,0.1565169
Road 471332807 ,566.1497,-338.2284,0.06983539,0.08523552
Road 471332807 ,565.4012,-338.3612,0.1396937,0.1780474
Road 471332807 ,564.1534,-338.5618,0.5587635,0.2133255
Road 471332807 ,561.6578,-338.963,2.23503,0.2583239
Road 471332807 ,564.1448,-337.8168,0.5587745,0.2136533
Road 471332807 ,565.3969,-337.9887,0.1396937,0.2000655
Road 471332807 ,566.1483,-338.1042,0.06985828,0.1183484
Road 471332807 ,565.6483,-338.11,0.06985825,0.1767443
Road 471332807 ,564.6476,-338.0594,0.2793986,0.2130465
Road 471332807 ,562.6463,-337.9582,1.117526,0.2583264
Road 471332807 ,565.3912,-337.492,0.2793643,0.2000655
Road 471332807 ,566.1461,-337.918,0.1396707,0.1389301
Road 471332807 ,565.6447,-337.7996,0.1396707,0.2000671
Road 471332807 ,564.6406,-337.4386,0.5587515,0.2133707
Road 471332807 ,566.3882,-337.2322,0.2793645,0.1900665
Road 471332807 ,566.394,-337.7289,0.2793759,0.1374709
Road 471332807 ,565.8869,-337.1138,0.5587516,0.2000655
Road 471332807 ,562.6349,-336.9649,1.11748,0.2583251
Road 471332807 ,564.6348,-336.942,1.11748,0.2072798
Road 471332807 ,561.6407,-337.4731,2.235006,0.2583246
Road 471332807 ,564.6291,-336.4453,1.117481,0.2072925
Road 471332807 ,562.6292,-336.4683,1.117481,0.2583331
Road 471332807 ,565.6233,-335.9372,2.234984,0.2069835
Road 471332807 ,562.6178,-335.475,1.117572,0.254575
Road 471332807 ,564.6176,-335.4521,1.117572,0.2076041
Road 471332807 ,561.6235,-335.9832,2.235121,0.2525269
Road 471332807 ,564.6119,-334.9554,1.117572,0.2076026
Road 471332807 ,562.6121,-334.9784,1.117572,0.2545738
Road 471332807 ,565.6062,-334.4473,2.235165,0.2073091
Road 471332807 ,563.1021,-334.1035,0.5586939,0.2583151
Road 471332807 ,561.5994,-333.8725,0.2793415,0.1573274
Road 471332807 ,562.5993,-333.861,0.2793529,0.2326618
Road 471332807 ,564.6006,-333.9621,1.117388,0.2078978
Road 471332807 ,561.8558,-334.4283,0.2793415,0.2219227
Road 471332807 ,561.3515,-334.0616,0.2793415,0.1556241
Road 471332807 ,562.6064,-334.4817,0.5586831,0.2583199
Road 471332807 ,560.8558,-334.4398,0.5586999,0.1375506
Road 471332807 ,561.36,-334.8065,0.5586999,0.2285643
Road 471332807 ,564.5949,-333.4655,1.117573,0.2079253
Road 471332807 ,562.3458,-333.5535,0.1396937,0.1863404
Road 471332807 ,562.8472,-333.6719,0.1396996,0.2713946
Road 471332807 ,561.5965,-333.6242,0.2793873,0.1375457
Road 471332807 ,563.3443,-333.4178,0.2794046,0.2583418
Road 471332807 ,562.5936,-333.3643,0.1396937,0.2012609
Road 471332807 ,563.0921,-333.2344,0.1396937,0.2583169
Road 471332807 ,565.5891,-332.9573,2.235125,0.2076229
Road 471332807 ,563.3356,-332.6728,0.2793764,0.2125542
Road 471332807 ,562.8342,-332.5545,0.2793764,0.1375534
Road 471332807 ,562.0821,-332.3769,0.5587409,0.1375417
Road 471332807 ,564.5834,-332.4722,1.117483,0.1906584
Road 471332807 ,561.088,-332.885,1.117471,0.1375415
Road 471332807 ,562.3386,-332.9327,0.2793764,0.1375546
Road 471332807 ,563.0893,-332.9861,0.1396882,0.2077973
Road 471332807 ,562.5908,-333.1161,0.1396882,0.1414535
Road 471332807 ,561.5922,-333.2517,0.5587528,0.1375459
Road 471332807 ,564.5776,-331.9756,1.117435,0.2214106
Road 471332807 ,562.0793,-332.1286,0.5587398,0.1589165
Road 471332807 ,563.0764,-331.8687,0.558706,0.1906345
Road 471332807 ,565.5718,-331.4674,2.23487,0.2651156
Road 471332807 ,562.5693,-331.2537,4.47047,0.2212495
Road 471332807 ,564.5577,-330.2373,4.470289,0.2700238
Road 471332807 ,562.5521,-329.7637,4.469924,0.2441317
Road 1098489687 ,85.98578,-400.8025,4.157357,0.008706422
Road 1098489687 ,87.64626,-402.0092,4.15755,0.009060893
Road 1098489687 ,85.44427,-402.078,4.157084,0.00881423
Road 1098489687 ,87.10476,-403.2848,4.157084,0.008381882
Road 1098489687 ,84.90277,-403.3536,4.157448,0.008789025
Road 1098489687 ,86.56324,-404.5603,4.157456,0.007249583
Road 1098489687 ,84.36126,-404.6292,4.157279,0.007769413
Road 1098489687 ,86.02173,-405.8359,4.157279,0.007215976
Road 1098489687 ,83.81973,-405.9048,4.157363,0.006970186
Road 1098489687 ,85.4802,-407.1115,4.157363,0.007231269
Road 1098489687 ,83.27821,-407.1804,4.157372,0.007158329
Road 1098489687 ,84.93868,-408.3871,4.157364,0.007290989
Road 1098489687 ,82.73669,-408.456,4.157364,0.007383183
Road 1098489687 ,84.39718,-409.6627,4.157171,0.007437866
Road 1098489687 ,82.1952,-409.7316,4.157423,0.007386974
Road 1098489687 ,83.85567,-410.9383,4.157432,0.007195034
Road 1098489687 ,81.65369,-411.0072,4.157077,0.007374862
Road 1098489687 ,83.31417,-412.2139,4.157471,0.005268668
Road 1098489687 ,81.11217,-412.2827,4.157294,0.006602935
Road 1098489687 ,82.77262,-413.4895,4.157294,0.005191046
Road 1098489687 ,80.57063,-413.5583,4.157387,0.004796861
Road 1098489687 ,82.2311,-414.7651,4.157177,0.005211692
Road 1098489687 ,80.02911,-414.834,4.157448,0.004819687
Road 1098489687 ,81.6896,-416.0407,4.157255,0.005234342
Road 955217469 독배로,-296.7159,-333.4465,7.292678,0.003216833
Road 955217469 독배로,-300.0799,-333.6222,7.292097,0.003037581
Road 955217469 독배로,-297.0013,-332.0162,7.292605,0.003435878
Road 955217469 독배로,-300.3654,-332.1919,7.292896,0.002873764
Road 955217469 독배로,-297.2868,-330.5859,7.292058,0.003295351
Road 955217469 독배로,-300.6508,-330.7616,7.292639,0.002961838
Road 955217469 독배로,-297.5723,-329.1556,7.292998,0.003224953
Road 955217469 독배로,-300.9363,-329.3313,7.292417,0.002993252
Road 955217469 독배로,-297.8578,-327.7253,7.292088,0.003089086
Road 955217469 독배로,-301.2218,-327.901,7.292669,0.002891669
Road 955217469 독배로,-298.1432,-326.295,7.292819,0.002916265
Road 955217469 독배로,-301.5072,-326.4707,7.292238,0.002722289
Road 955217469 독배로,-298.4287,-324.8647,7.292717,0.002958746
Road 955217469 독배로,-301.7927,-325.0404,7.292426,0.002644381
Road 955217469 독배로,-298.7142,-323.4344,7.292127,0.002982024
Road 955217469 독배로,-302.0782,-323.6101,7.292998,0.002569757
Road 955217469 독배로,-298.9997,-322.0042,7.292789,0.00289874
Road 955217469 독배로,-302.3637,-322.1798,7.292208,0.002655691
Road 955217469 독배로,-299.2851,-320.5739,7.292447,0.00268038
Road 955217469 독배로,-302.6491,-320.7495,7.292447,0.002487245
Road 955217469 독배로,-299.5706,-319.1436,7.292357,0.002577485
Road 955217469 독배로,-302.9346,-319.3192,7.292939,0.002375699
Road 955217469 독배로,-299.856,-317.7132,7.292998,0.002529288
Road 955217469 독배로,-303.2201,-317.8889,7.292127,0.002324358
Road 955217469 독배로,-300.1416,-316.283,7.292426,0.002665774
Road 955217469 독배로,-303.5056,-316.4586,7.292717,0.002226349
Road 955217469 독배로,-300.427,-314.8527,7.292088,0.00258161
Road 955217469 독배로,-303.791,-315.0284,7.29296,0.002244726
Road 955217469 독배로,-300.7125,-313.4223,7.293408,0.002287849
Road 955217469 독배로,-304.0765,-313.598,7.292246,0.002335117
Road 955217469 독배로,-300.998,-311.992,7.292156,0.00229777
Road 955217469 독배로,-304.362,-312.1677,7.292447,0.002343984
Road 955217469 독배로,-301.2835,-310.5618,7.292357,0.002306911
Road 955217469 독배로,-304.6475,-310.7374,7.292939,0.002357104
Road 955217469 독배로,-301.5689,-309.1314,7.292849,0.002317095
Road 955217469 독배로,-304.933,-309.3071,7.291977,0.002460951
Road 955217469 독배로,-301.8544,-307.7011,7.292575,0.002346112
Road 955217469 독배로,-305.2184,-307.8768,7.292866,0.002313992
Road 955217469 독배로,-302.1399,-306.2708,7.292387,0.002338959
Road 955217469 독배로,-305.5039,-306.4465,7.292387,0.002368269
Road 955217469 독배로,-302.4254,-304.8406,7.292417,0.002345049
Road 955217469 독배로,-305.7894,-305.0162,7.292707,0.002390982
Road 955217469 독배로,-302.7108,-303.4102,7.292828,0.002354912
Road 955217469 독배로,-306.0749,-303.5859,7.292537,0.002400764
Road 955217469 독배로,-302.9963,-301.9799,7.292267,0.002364175
Road 955217469 독배로,-306.3603,-302.1557,7.292267,0.00241027
Road 955217469 독배로,-303.2818,-300.5497,7.292387,0.00218291
Road 955217469 독배로,-306.6458,-300.7253,7.292968,0.002482882
Road 955217469 독배로,-303.5673,-299.1194,7.292819,0.002221528
Road 955217469 독배로,-306.9313,-299.295,7.292238,0.00242565
Road 955217469 독배로,-303.8528,-297.6891,7.292417,0.002288908
Road 955217469 독배로,-307.2168,-297.8648,7.292417,0.002288908
Road 955217469 독배로,-304.1382,-296.2588,7.292836,0.002288918
Road 955217469 독배로,-307.5022,-296.4345,7.292546,0.002288918
Road 955217469 독배로,-304.4237,-294.8285,7.292605,0.002288899
Road 955217469 독배로,-307.7877,-295.0042,7.292605,0.002288899
Road 955217469 독배로,-304.7092,-293.3982,7.292097,0.002270172
Road 955217469 독배로,-308.0732,-293.5739,7.292968,0.002304666
Road 955217469 독배로,-304.9947,-291.9679,7.292669,0.002280427
Road 955217469 독배로,-308.3587,-292.1436,7.292088,0.002411651
Road 955217469 독배로,-305.2801,-290.5376,7.292417,0.002388623
Road 955217469 독배로,-308.6441,-290.7133,7.292998,0.002397726
Road 955217469 독배로,-305.5656,-289.1073,7.292789,0.002412742
Road 955217469 독배로,-308.9296,-289.283,7.292208,0.002412727
Road 955217469 독배로,-305.8511,-287.677,7.292447,0.002412662
Road 955217469 독배로,-309.2151,-287.8527,7.292447,0.002412662
Road 955217469 독배로,-306.1373,-286.2428,7.352716,0.002412738
Road 955217469 독배로,-309.5022,-286.4144,7.354272,0.002412768
Road 955217469 독배로,-306.4251,-284.8005,7.353344,0.002500525
Road 955217469 독배로,-309.7899,-284.9721,7.353054,0.002474372
Road 955217469 독배로,-306.713,-283.3583,7.353383,0.002670564
Road 955217469 독배로,-310.0778,-283.5299,7.353964,0.002583769
Road 955217469 독배로,-307.0008,-281.916,7.353456,0.002751
Road 955217469 독배로,-310.3656,-282.0876,7.353165,0.002751015
Road 955217469 독배로,-307.2886,-280.4738,7.353674,0.002751015
Road 955217469 독배로,-310.6534,-280.6454,7.353093,0.002691988
Road 955217469 독배로,-307.5764,-279.0316,7.352913,0.002793503
Road 955217469 독배로,-310.9413,-279.2032,7.353494,0.002722171
Road 955217469 독배로,-307.8642,-277.5894,7.353344,0.002861633
Road 955217469 독배로,-311.229,-277.761,7.353635,0.00278914
Road 955217469 독배로,-308.1521,-276.1471,7.353964,0.003483149
Road 955217469 독배로,-311.5169,-276.3187,7.352698,0.003015189
Road 955217469 독배로,-308.4399,-274.7049,7.352908,0.003625171
Road 955217469 독배로,-311.8047,-274.8765,7.354174,0.003330703
Road 955217469 독배로,-308.7277,-273.2627,7.353127,0.003525319
Road 955217469 독배로,-312.0925,-273.4342,7.353417,0.003312291
Road 955217469 독배로,-309.0155,-271.8204,7.353985,0.003641062
Road 955217469 독배로,-312.3803,-271.992,7.352429,0.003440273
Road 955217469 독배로,-309.3033,-270.3782,7.353357,0.003757971
Road 955217469 독배로,-312.6682,-270.5498,7.353357,0.00356868
Road 955217469 독배로,-309.5912,-268.936,7.352878,0.004235273
Road 955217469 독배로,-312.956,-269.1076,7.354144,0.003798013
Road 955217469 독배로,-309.879,-267.4937,7.353156,0.004472281
Road 955217469 독배로,-313.2438,-267.6653,7.353447,0.004041902
Road 955217469 독배로,-310.1668,-266.0515,7.353776,0.004369183
Road 955217469 독배로,-313.5316,-266.2231,7.352904,0.004220635
Road 955217469 독배로,-310.4546,-264.6092,7.353862,0.004458936
Road 955217469 독배로,-313.8195,-264.7809,7.353177,0.004315799
Road 955217469 독배로,-310.7425,-263.167,7.352728,0.004549057
Road 955217469 독배로,-314.1073,-263.3387,7.353703,0.004410917
Road 955217469 독배로,-311.0303,-261.7248,7.353015,0.004639489
Road 955217469 독배로,-314.3951,-261.8964,7.353596,0.004506396
Road 955217469 독배로,-311.3181,-260.2826,7.353926,0.005601058
Road 955217469 독배로,-314.6829,-260.4541,7.353054,0.004851347
Road 955217469 독배로,-311.6059,-258.8403,7.353383,0.00608147
Road 955217469 독배로,-314.9707,-259.0119,7.353383,0.005340601
Road 955217469 독배로,-311.8937,-257.3981,7.353279,0.006460781
Road 955217469 독배로,-315.2585,-257.5697,7.353642,0.005797029
Road 955217469 독배로,-312.1815,-255.9558,7.353268,0.00679056
Road 955217469 독배로,-315.5464,-256.1274,7.35334,0.006187812
Road 955217469 독배로,-312.4693,-254.5136,7.35364,0.006710469
Road 955217469 독배로,-315.8341,-254.6852,7.353204,0.006453273
Road 955217469 독배로,-312.7572,-253.0713,7.353713,0.006590172
Road 955217469 독배로,-316.122,-253.243,7.353028,0.006701685
Road 955217469 독배로,-313.045,-251.6291,7.352878,0.007393687
Road 955217469 독배로,-316.4098,-251.8007,7.353853,0.007212488
Road 955217469 독배로,-313.3328,-250.1869,7.35309,0.007861159
Road 955217469 독배로,-316.6976,-250.3585,7.353236,0.007585389
Road 955217469 독배로,-313.6206,-248.7446,7.353999,0.008134085
Road 955217469 독배로,-316.9855,-248.9163,7.353023,0.007879329
Road 955217469 독배로,-313.9085,-247.3024,7.352874,0.00791759
Road 955217469 독배로,-317.2733,-247.4741,7.353849,0.008025287
Road 955217469 독배로,-314.1963,-245.8602,7.35346,0.008036423
Road 955217469 독배로,-317.5611,-246.0318,7.35346,0.008330281
Road 955217469 독배로,-314.4841,-244.4179,7.353594,0.008267218
Road 955217469 독배로,-317.8489,-244.5895,7.353159,0.008559443
Road 955217469 독배로,-314.7719,-242.9757,7.353204,0.008498029
Road 955217469 독배로,-318.1367,-243.1473,7.35364,0.008659187
Road 955217469 독배로,-315.0597,-241.5335,7.35334,0.008649356
Road 955217469 독배로,-318.4245,-241.7051,7.353195,0.008700458
Road 955217469 독배로,-315.3475,-240.0912,7.353494,0.008711793
Road 955217469 독배로,-318.7124,-240.2629,7.353204,0.008914257
Road 955217469 독배로,-315.6354,-238.649,7.353533,0.008833817
Road 955217469 독배로,-319.0002,-238.8206,7.353533,0.009055017
Road 955217469 독배로,-315.9232,-237.2068,7.353129,0.008978809
Road 955217469 독배로,-319.288,-237.3784,7.353565,0.009154842
Road 955217469 독배로,-316.211,-235.7645,7.353415,0.009134069
Road 955217469 독배로,-319.5758,-235.9361,7.353415,0.009176632
Road 955217469 독배로,-316.4988,-234.3223,7.353969,0.009155892
Road 955217469 독배로,-319.8636,-234.4939,7.352848,0.009142135
Road 955217469 독배로,-316.7867,-232.88,7.353057,0.009148465
Road 955217469 독배로,-320.1515,-233.0517,7.353597,0.009213486
Road 955217469 독배로,-317.0745,-231.4378,7.353029,0.009181463
Road 955217469 독배로,-320.4393,-231.6095,7.353464,0.009245914
Road 955217469 독배로,-317.3623,-229.9956,7.353524,0.009214228
Road 955217469 독배로,-320.7271,-230.1672,7.353234,0.009257549
Road 955217469 독배로,-317.6501,-228.5534,7.353428,0.009378997
Road 955217469 독배로,-321.0149,-228.725,7.353428,0.009116373
Road 955217469 독배로,-317.938,-227.1111,7.353009,0.009248259
Road 955217469 독배로,-321.3028,-227.2827,7.354026,0.008966145
Road 955217469 독배로,-318.2257,-225.6689,7.353338,0.00909759
Road 955217469 독배로,-321.5905,-225.8404,7.353338,0.008788536
Road 955217469 독배로,-318.5135,-224.2266,7.35428,0.008947107
Road 955217469 독배로,-321.8784,-224.3982,7.352724,0.008635245
Road 281621314 소성로,419.9342,-578.2886,7.429935,0.02021823
Road 281621314 소성로,417.994,-581.044,7.429642,0.01945713
Road 281621314 소성로,418.6066,-577.621,7.429915,0.01952042
Road 281621314 소성로,416.6665,-580.3765,7.429915,0.01953823
Road 281621314 소성로,417.2791,-576.9534,7.429779,0.01950455
Road 281621314 소성로,415.339,-579.7088,7.430071,0.01960615
Road 281621314 소성로,415.9515,-576.2858,7.429799,0.0197685
Road 281621314 소성로,414.0114,-579.0413,7.429506,0.0194045
Road 281621314 소성로,414.6239,-575.6182,7.430188,0.01956821
Road 281621314 소성로,412.6839,-578.3737,7.428823,0.01878309
Road 281621314 소성로,413.2964,-574.9506,7.429641,0.01889263
Road 281621314 소성로,411.3564,-577.7061,7.429934,0.01861591
Road 281621314 소성로,411.9689,-574.2831,7.429253,0.01874406
Road 281621314 소성로,410.0288,-577.0386,7.430618,0.01834509
Road 281621314 소성로,410.6413,-573.6155,7.429663,0.01845858
Road 281621314 소성로,408.7012,-576.3709,7.429663,0.01800711
Road 281621314 소성로,409.3137,-572.9479,7.430481,0.0180252
Road 281621314 소성로,407.3737,-575.7033,7.429409,0.01789728
Road 281621314 소성로,407.9862,-572.2803,7.429818,0.01791539
Road 281621314 소성로,406.0461,-575.0358,7.429232,0.0181866
Road 281621314 소성로,406.6587,-571.6127,7.429505,0.01813758
Road 281621314 소성로,404.7186,-574.3682,7.430091,0.01778508
Road 281621314 소성로,405.3311,-570.9453,7.428999,0.01809442
Road 281621314 소성로,403.3911,-573.7007,7.430558,0.01718571
Road 281621314 소성로,404.0036,-570.2776,7.429875,0.01749793
Road 281621314 소성로,402.0635,-573.033,7.429096,0.01659102
Road 281621314 소성로,402.676,-569.61,7.430734,0.01668931
Road 281621314 소성로,400.736,-572.3654,7.429661,0.01667245
Road 281621314 소성로,401.3485,-568.9424,7.428979,0.01661205
Road 281621314 소성로,399.4084,-571.6979,7.430051,0.0167706
Road 281621314 소성로,400.0209,-568.2748,7.430052,0.0168849
Road 281621314 소성로,398.0808,-571.0303,7.430345,0.01664538
Road 281621314 소성로,398.6933,-567.6072,7.429662,0.01676054
Road 281621314 소성로,396.7533,-570.3627,7.429076,0.01607375
Road 281621314 소성로,397.3658,-566.9396,7.430304,0.0161682
Road 281621314 소성로,395.4258,-569.6951,7.429525,0.01600988
Road 281621314 소성로,396.0382,-566.272,7.429934,0.01609301
Road 281621314 소성로,394.0982,-569.0275,7.429641,0.01580325
Road 281621314 소성로,394.7107,-565.6046,7.428686,0.0159302
Road 281621314 소성로,392.7707,-568.36,7.430344,0.01545955
Road 281621314 소성로,393.3832,-564.937,7.429526,0.0154809
Road 281621314 소성로,391.443,-567.6924,7.430599,0.01534083
Road 281621314 소성로,392.0556,-564.2693,7.430325,0.01536231
Road 281621314 소성로,390.1155,-567.0247,7.42896,0.01564936
Road 281621314 소성로,390.7281,-563.6017,7.430051,0.01557431
Road 281621314 소성로,388.7881,-566.3572,7.428979,0.01531657
Road 281621314 소성로,389.4005,-562.9341,7.429934,0.01558179
Road 281621314 소성로,387.4604,-565.6896,7.43042,0.0148404
Road 281621314 소성로,388.0729,-562.2665,7.429329,0.01510939
Road 281621314 소성로,386.1329,-565.022,7.429136,0.01436367
Road 281621314 소성로,386.7455,-561.5991,7.429818,0.01446092
Road 281621314 소성로,384.8053,-564.3545,7.430597,0.01445251
Road 281621314 소성로,385.4178,-560.9314,7.429506,0.01438642
Road 281621314 소성로,383.4778,-563.6868,7.429799,0.01455964
Road 281621314 소성로,384.0903,-560.2638,7.430481,0.01468153
Road 281621314 소성로,382.1502,-563.0192,7.429409,0.01443422
Road 281621314 소성로,382.7627,-559.5962,7.429955,0.0145574
Road 281621314 소성로,380.8227,-562.3517,7.429368,0.01391715
Road 281621314 소성로,381.4352,-558.9287,7.428823,0.01402499
Road 281621314 소성로,379.4952,-561.6841,7.430188,0.01391512
Road 281621314 소성로,380.1077,-558.2611,7.430188,0.01398702
Road 281621314 소성로,378.1676,-561.0165,7.430188,0.01373015
Road 281621314 소성로,378.78,-557.5934,7.430188,0.0139453
Road 281621314 소성로,376.84,-560.3489,7.428823,0.01333227
Road 281621314 소성로,377.4525,-556.926,7.428823,0.01341573
Road 281621314 소성로,375.5125,-559.6815,7.43048,0.01313015
Road 281621314 소성로,376.125,-556.2584,7.430482,0.013215
Road 281621314 소성로,374.1849,-559.0138,7.42941,0.01357507
Road 281621314 소성로,374.7974,-555.5908,7.430227,0.01343083
Road 281621314 소성로,372.8574,-558.3463,7.428862,0.01311395
Road 281621314 소성로,373.4699,-554.9233,7.428863,0.01345297
Road 281621314 소성로,371.5299,-557.6787,7.4313,0.01265002
Road 281621314 소성로,372.1424,-554.2556,7.42939,0.01300941
Road 281621314 소성로,370.2023,-557.011,7.429683,0.01219489
Road 281621314 소성로,370.8148,-553.5881,7.430228,0.01235923
Road 281621314 소성로,368.8747,-556.3435,7.429642,0.01235466
Road 281621314 소성로,369.4873,-552.9204,7.429915,0.01224865
Road 281621314 소성로,367.5471,-555.6758,7.429915,0.01248456
Road 281621314 소성로,368.1597,-552.2528,7.430325,0.01273168
Road 281621314 소성로,366.2196,-555.0082,7.429545,0.01231007
Road 281621314 소성로,366.8321,-551.5852,7.429545,0.01256064
Road 281621314 소성로,364.8921,-554.3408,7.429545,0.01178558
Road 281621314 소성로,365.5046,-550.9177,7.428863,0.01198976
Road 281621314 소성로,363.5646,-553.6732,7.429935,0.01199385
Road 281621314 소성로,364.1771,-550.2501,7.430345,0.01203148
Road 281621314 소성로,362.237,-553.0056,7.430052,0.0118436
Road 281621314 소성로,362.8495,-549.5825,7.429915,0.01222818
Road 281621314 소성로,360.9095,-552.338,7.429136,0.0113812
Road 281621314 소성로,361.522,-548.915,7.429545,0.01153084
Road 281621314 소성로,359.5819,-551.6704,7.430325,0.01123053
Road 281621314 소성로,360.1944,-548.2473,7.429915,0.01138204
Road 281621314 소성로,358.2543,-551.0027,7.429915,0.01174185
Road 281621314 소성로,358.8668,-547.5797,7.430461,0.01159849
Road 281621314 소성로,356.9268,-550.3351,7.429096,0.01122593
Road 281621314 소성로,357.5393,-546.9122,7.428822,0.0119179
Road 281621314 소성로,355.5993,-549.6677,7.429893,0.01066515
Road 281621314 소성로,356.2118,-546.2446,7.429759,0.01144603
Road 281621314 소성로,354.2717,-549.0001,7.430052,0.01016058
Road 281621314 소성로,354.8844,-545.5771,7.427594,0.01066127
Road 281621314 소성로,352.9442,-548.3325,7.431983,0.01042611
Road 281621314 소성로,353.5571,-544.9096,7.424618,0.01030375
Road 281621314 소성로,351.6168,-547.6648,7.431444,0.0105345
Road 281621314 소성로,352.2301,-544.2419,7.428169,0.01105229
Road 281621314 소성로,350.2895,-546.9969,7.427583,0.01031628
Road 281621314 소성로,350.903,-543.5742,7.428264,0.01084397
Road 281621314 소성로,348.9624,-546.3292,7.428264,0.009629449
Road 281621314 소성로,349.5759,-542.9064,7.427173,0.01011052
Road 281621314 소성로,347.6353,-545.6614,7.428538,0.0099382
Road 281621314 소성로,348.2488,-542.2386,7.428676,0.0100798
Road 281621314 소성로,346.3082,-544.9937,7.427896,0.00978205
Road 281621314 소성로,346.9217,-541.5709,7.427213,0.01033717
Road 281621314 소성로,344.9811,-544.326,7.427992,0.00934074
Road 281621314 소성로,345.5946,-540.9031,7.429222,0.009482258
Road 281621314 소성로,343.654,-543.6582,7.427856,0.009268147
Road 281621314 소성로,344.2675,-540.2354,7.427581,0.009410537
Road 281621314 소성로,342.3269,-542.9905,7.427581,0.009862717
Road 281621314 소성로,342.9404,-539.5677,7.427992,0.009665585
Road 281621314 소성로,340.9999,-542.3228,7.427992,0.009409511
Road 281621314 소성로,341.6134,-538.9,7.428263,0.01052725
Road 281621314 소성로,339.6728,-541.6551,7.428263,0.008813205
Road 281621314 소성로,340.2862,-538.2323,7.42772,0.0101183
Road 281621314 소성로,338.3457,-540.9874,7.428306,0.008348326
Road 281621314 소성로,338.9589,-537.5644,7.432672,0.009362879
Road 281621314 소성로,337.0186,-540.3196,7.423115,0.008945861
Road 281621314 소성로,337.6389,-536.9005,7.306829,0.008723894
Road 281621314 소성로,335.7065,-539.6599,7.29971,0.009101088
Road 281621314 소성로,336.3339,-536.2444,7.303532,0.009437894
Road 281621314 소성로,334.4017,-539.0039,7.30246,0.009013962
Road 281621314 소성로,335.0288,-535.5884,7.30396,0.009353683
Road 281621314 소성로,333.0967,-538.3479,7.302302,0.008203229
Road 281621314 소성로,333.7239,-534.9324,7.302165,0.008782119
Road 281621314 소성로,331.7918,-537.692,7.303237,0.008329793
Road 281621314 소성로,332.4189,-534.2764,7.302829,0.008621064
Road 281621314 소성로,330.4868,-537.0359,7.303415,0.008214941
Road 281621314 소성로,331.1139,-533.6204,7.303551,0.009386079
Road 281621314 소성로,329.1818,-536.3799,7.302478,0.007598966
Road 281621314 소성로,329.8089,-532.9644,7.302751,0.008127019
Road 281621314 소성로,327.8768,-535.7239,7.303531,0.007438623
Road 281621314 소성로,328.5039,-532.3083,7.303532,0.007976646
Road 281621314 소성로,326.5718,-535.0678,7.302752,0.008243697
Road 281621314 소성로,327.199,-531.6523,7.301523,0.008028381
Road 281621314 소성로,325.2668,-534.4119,7.304253,0.008020385
Road 281621314 소성로,325.897,-530.9978,7.252803,0.008874916
Road 281621314 소성로,323.9674,-533.7585,7.259336,0.007326018
Road 281621314 소성로,324.6005,-530.3458,7.256472,0.008645174
Road 281621314 소성로,322.6707,-533.1064,7.256179,0.007017176
Road 281621314 소성로,323.3039,-529.6937,7.25686,0.008319371
Road 281621314 소성로,321.3741,-532.4543,7.255495,0.007175364
Road 281621314 소성로,322.0074,-529.0417,7.25686,0.006981516
Road 281621314 소성로,320.0776,-531.8023,7.25608,0.007436959
Road 281621314 소성로,320.7108,-528.3897,7.25526,0.007819686
Road 281621314 소성로,318.7811,-531.1504,7.256626,0.007360323
Road 281621314 소성로,319.4144,-527.7377,7.255945,0.007883307
Road 281621314 소성로,317.4846,-530.4984,7.256725,0.00693989
Road 281621314 소성로,318.1178,-527.0857,7.256177,0.007571079
Road 281621314 소성로,316.188,-529.8463,7.256177,0.00661271
Road 281621314 소성로,316.8213,-526.4337,7.257134,0.007255169
Road 281621314 소성로,314.8915,-529.1943,7.255769,0.00674281
Road 281621314 소성로,315.5247,-525.7816,7.256312,0.007969222
Road 281621314 소성로,313.595,-528.5423,7.25602,0.006191643
Road 281621314 소성로,314.2282,-525.1296,7.255612,0.006943973
Road 281621314 소성로,312.2985,-527.8903,7.25649,0.006043326
Road 281621314 소성로,312.9317,-524.4776,7.256217,0.006671581
Road 281621314 소성로,311.0019,-527.2383,7.256217,0.006451281
Road 281621314 소성로,311.6352,-523.8256,7.256081,0.006641336
Road 281621314 소성로,309.7054,-526.5863,7.256081,0.006812261
Road 281621314 소성로,310.3387,-523.1736,7.256217,0.007124027
Road 281621314 소성로,308.4089,-525.9343,7.256217,0.005717766
Road 281621314 소성로,309.0421,-522.5216,7.2569,0.007205265
Road 281621314 소성로,307.1124,-525.2823,7.255535,0.005455811
Road 281621314 소성로,307.7456,-521.8696,7.255806,0.006998891
Road 281621314 소성로,305.8159,-524.6303,7.256586,0.005486482
Road 281621314 소성로,306.4491,-521.2177,7.255769,0.005918812
Road 281621314 소성로,304.5193,-523.9783,7.257134,0.005932137
Road 281621314 소성로,305.1525,-520.5656,7.256996,0.005963852
Road 281621314 소성로,303.2227,-523.3262,7.255338,0.005927507
Road 281621314 소성로,303.856,-519.9136,7.255612,0.00630399
Road 281621314 소성로,301.9263,-522.6743,7.256489,0.005874246
Road 281621314 소성로,302.5595,-519.2617,7.25649,0.006195737
Road 281621314 소성로,300.6297,-522.0222,7.256197,0.005020405
Road 281621314 소성로,301.2629,-518.6096,7.25647,0.005857802
Road 281621314 소성로,299.3332,-521.3703,7.255885,0.004889681
Road 281621314 소성로,299.9664,-517.9576,7.255338,0.005921571
Road 281621314 소성로,298.0367,-520.7183,7.256703,0.004630353
Road 281621314 소성로,298.6699,-517.3057,7.255886,0.005433272
Road 281621314 소성로,296.7401,-520.0662,7.256178,0.004485292
Road 281621314 소성로,297.3734,-516.6536,7.257133,0.004848025
Road 281621314 소성로,295.4436,-519.4142,7.255768,0.004562492
Road 281621314 소성로,296.0768,-516.0015,7.256996,0.004814348
Road 281621314 소성로,294.1471,-518.7622,7.255338,0.005253718
Road 281621314 소성로,294.7783,-515.3486,7.288365,0.005122492
Road 281621314 소성로,292.8468,-518.1084,7.287585,0.004551773
Road 281621314 소성로,293.476,-514.6938,7.288131,0.005603183
Road 281621314 소성로,291.5446,-517.4536,7.287839,0.004273336
Road 281621314 소성로,292.1738,-514.0391,7.288111,0.005477765
Road 281621314 소성로,290.2423,-516.7988,7.288111,0.004120696
Road 281621314 소성로,290.8716,-513.3843,7.287975,0.004810702
Road 281621314 소성로,288.9401,-516.144,7.287975,0.004036265
Road 281621314 소성로,289.5692,-512.7294,7.288316,0.004100121
Road 281621314 소성로,287.6378,-515.4893,7.287975,0.004028348
Road 281621314 소성로,288.267,-512.0747,7.287906,0.004709983
Road 281621314 소성로,286.3355,-514.8345,7.288248,0.003948413
Road 281621314 소성로,286.9647,-511.4199,7.28818,0.004642058
Road 281621314 소성로,285.0333,-514.1797,7.287838,0.003465455
Road 281621314 소성로,285.6625,-510.7651,7.287838,0.004252146
Road 281621314 소성로,283.731,-513.525,7.28813,0.00362526
Road 281621314 소성로,284.3602,-510.1104,7.287927,0.004266471
Road 281621314 소성로,282.4287,-512.8702,7.288269,0.003568229
Road 281621314 소성로,283.058,-509.4556,7.288131,0.004299222
Road 281621314 소성로,281.1264,-512.2153,7.288131,0.003495859
Road 281621314 소성로,281.7557,-508.8008,7.288064,0.00335529
Road 281621314 소성로,279.8242,-511.5605,7.288112,0.003509992
Road 281621314 소성로,280.4534,-508.1459,7.288725,0.003370181
Road 281621314 소성로,278.5219,-510.9058,7.287019,0.003524124
Road 281621314 소성로,279.1512,-507.4912,7.287701,0.003414791
Road 281621314 소성로,277.2197,-510.2511,7.288676,0.003041177
Road 281621314 소성로,277.8488,-506.8364,7.289018,0.003776821
Road 281621314 소성로,275.9174,-509.5963,7.286629,0.002562083
Road 281621314 소성로,276.5991,-506.2081,6.406473,0.003678285
Road 281621314 소성로,274.7205,-508.9945,6.402719,0.002445755
Road 281621314 소성로,275.4546,-505.6328,6.403878,0.003599135
Road 281621314 소성로,273.5761,-508.4193,6.404953,0.002337686
Road 281621314 소성로,274.3102,-505.0575,6.404817,0.002521544
Road 281621314 소성로,272.4317,-507.844,6.404134,0.002320474
Road 281621314 소성로,273.1657,-504.4823,6.405226,0.0025616
Road 281621314 소성로,271.2872,-507.2688,6.403468,0.00229876
Road 281621314 소성로,272.0213,-503.9071,6.404082,0.002732336
Road 281621314 소성로,270.1428,-506.6936,6.405157,0.002260956
Road 281621314 소성로,270.8768,-503.3318,6.403588,0.002693288
Road 281621314 소성로,268.9983,-506.1183,6.404953,0.001990402
Road 281621314 소성로,269.6697,-502.725,7.457342,0.002503681
Road 281621314 소성로,267.7285,-505.48,7.456953,0.001867365
Road 281621314 소성로,268.3372,-502.0552,7.457089,0.002457672
Road 281621314 소성로,266.3959,-504.8102,7.457478,0.001914717
Road 281621314 소성로,267.0046,-501.3854,7.456864,0.002242858
Road 281621314 소성로,265.0633,-504.1403,7.457547,0.001943435
Road 281621314 소성로,265.672,-500.7155,7.457547,0.001795352
Road 281621314 소성로,263.7307,-503.4705,7.456864,0.001955978
Road 281621314 소성로,264.3394,-500.0457,7.457751,0.001808979
Road 281621314 소성로,262.3982,-502.8006,7.457068,0.001968841
Road 281621314 소성로,263.0069,-499.3758,7.456659,0.00182233
Road 281621314 소성로,261.0656,-502.1308,7.457635,0.00177423
Road 281621314 소성로,261.6743,-498.706,7.457362,0.001818273
Road 281621314 소성로,259.7331,-501.4609,7.457069,0.001663058
Road 281621314 소성로,260.3418,-498.0361,7.457273,0.001804515
Road 281621314 소성로,258.4005,-500.7911,7.457273,0.001648655
Road 281621314 소성로,259.0092,-497.3663,7.456659,0.001627411
Road 281621314 소성로,257.068,-500.1212,7.457342,0.00120741
Road 281621314 소성로,257.6766,-496.6964,7.457888,0.001206468
Road 281621314 소성로,255.7354,-499.4514,7.457279,0.001206522
Road 281621314 소성로,256.3441,-496.0266,7.456937,0.001206536
Road 281621314 소성로,254.4028,-498.7816,7.456864,0.001206286
Road 281621314 소성로,255.0115,-495.3568,7.457138,0.001218523
Road 281621314 소성로,253.0703,-498.1117,7.457577,0.001032423
Road 281621314 소성로,253.679,-494.6869,7.457373,0.001310047
Road 281621314 소성로,251.7377,-497.4419,7.457226,0.0009010782
Road 281621314 소성로,252.3231,-494.0056,7.846799,0.001263702
Road 281621314 소성로,250.4052,-496.772,7.066459,0.0008361323
Road 281621314 소성로,250.96,-493.3384,7.851475,0.001110339
Road 281621314 소성로,249.0816,-496.1412,7.074708,0.0007919511
Road 281621314 소성로,249.606,-492.7098,7.464151,0.0009076277
Road 281621314 소성로,247.7511,-495.5237,7.463324,0.000774128
Road 281621314 소성로,248.2522,-492.0813,7.462859,0.0008920986
Road 281621314 소성로,246.3972,-494.8952,7.463834,0.0007567998
Road 281621314 소성로,246.8983,-491.4528,7.463469,0.0007638445
Road 281621314 소성로,245.0433,-494.2666,7.464148,0.0006015462
Road 281621314 소성로,245.5443,-490.8241,7.464509,0.0005395928
Road 281621314 소성로,243.6893,-493.638,7.462854,0.0005396155
Road 281621314 소성로,244.1903,-490.1956,7.463398,0.0005396127
Road 281621314 소성로,242.3354,-493.0095,7.463398,0.0005394581
Road 281621314 소성로,242.8364,-489.567,7.463334,0.0005068919
Road 281621314 소성로,240.9815,-492.381,7.464013,0.0005275509
Road 281621314 소성로,241.4825,-488.9385,7.463523,0.0004946909
Road 281621314 소성로,239.6276,-491.7523,7.46382,0.0005479952
Road 281621314 소성로,240.1285,-488.3099,7.463824,0.0004720745
Road 281621314 소성로,238.2736,-491.1238,7.463145,0.0005286185
Road 281621314 소성로,238.7746,-487.6814,7.463624,0.0004496411
Road 281621314 소성로,236.9197,-490.4953,7.463329,0.0005099651
Road 281621314 소성로,237.4207,-487.0528,7.463195,0.0004273289
Road 281621314 소성로,235.5658,-489.8667,7.464022,0.0004915638
Road 281621314 소성로,236.0668,-486.4243,7.463671,0.000462993
Road 281621314 소성로,234.2119,-489.2381,7.46382,0.0004864218
Road 281621314 소성로,234.7128,-485.7957,7.463963,0.0009418759
Road 281621314 소성로,232.8579,-488.6096,7.462987,0.0005
Road 281621314 소성로,233.3589,-485.1671,7.463467,0.001116487
Road 281621314 소성로,231.504,-487.981,7.463763,0.0006173717
Road 281621314 소성로,232.005,-484.5386,7.463076,0.001175664
Road 281621314 소성로,230.1501,-487.3525,7.464286,0.001124331
Road 281621314 소성로,230.6511,-483.91,7.463802,0.001180604
Road 281621314 소성로,228.7961,-486.7239,7.463418,0.001097028
Road 281621314 소성로,229.2971,-483.2815,7.463562,0.00118943
Road 281621314 소성로,227.4422,-486.0953,7.463414,0.001052495
Road 281621314 소성로,227.9432,-482.6529,7.463681,0.001203879
Road 281621314 소성로,226.0883,-485.4668,7.463681,0.001070009
Road 281621314 소성로,226.5893,-482.0243,7.464165,0.001219264
Road 281621314 소성로,224.7344,-484.8382,7.462955,0.001367245
Road 281621314 소성로,225.2354,-481.3958,7.463435,0.001339716
Road 281621314 소성로,223.3804,-484.2096,7.463966,0.001474014
Road 281621314 소성로,223.8814,-480.7672,7.463348,0.002120829
Road 281621314 소성로,222.0265,-483.5811,7.463731,0.001520433
Road 281621314 소성로,222.5275,-480.1386,7.464008,0.002153666
Road 281621314 소성로,220.6726,-482.9525,7.463093,0.001354609
Road 281621314 소성로,221.1735,-479.5101,7.463232,0.002208217
Road 281621314 소성로,219.3186,-482.324,7.464146,0.001664067
Road 281621314 소성로,219.8196,-478.8816,7.463252,0.002250717
Road 281621314 소성로,217.9647,-481.6954,7.463548,0.001831621
Road 281621314 소성로,218.4657,-478.253,7.463824,0.002055396
Road 281621314 소성로,216.6108,-481.0669,7.463676,0.00183303
Road 281621314 소성로,217.1118,-477.6244,7.463399,0.002010073
Road 281621314 소성로,215.2568,-480.4383,7.463696,0.001764282
Road 281621314 소성로,215.7579,-476.9958,7.463898,0.002038532
Road 281621314 소성로,213.9029,-479.8097,7.463219,0.002033925
Road 281621314 소성로,214.4039,-476.3673,7.463842,0.002148059
Road 281621314 소성로,212.549,-479.1812,7.463398,0.001926904
Road 281621314 소성로,213.05,-475.7387,7.463329,0.003418218
Road 281621314 소성로,211.1951,-478.5526,7.463624,0.002086003
Road 281621314 소성로,211.6961,-475.1102,7.463827,0.003515523
Road 281621314 소성로,209.8411,-477.9241,7.463827,0.002271204
Road 281621314 소성로,210.3421,-474.4817,7.463284,0.003119329
Road 281621314 소성로,208.4872,-477.2955,7.463667,0.002781734
Road 281621314 소성로,208.9882,-473.8531,7.463321,0.003096624
Road 281621314 소성로,207.1333,-476.667,7.463765,0.003077885
Road 281621314 소성로,207.6343,-473.2245,7.463765,0.003503117
Road 281621314 소성로,205.7794,-476.0384,7.463321,0.003081341
Road 281621314 소성로,206.2804,-472.5959,7.463395,0.003546864
Road 281621314 소성로,204.4255,-475.4098,7.463543,0.002562358
Road 281621314 소성로,204.9264,-471.9674,7.464082,0.003673234
Road 281621314 소성로,203.0715,-474.7813,7.463698,0.003053833
Road 281621314 소성로,203.5725,-471.3388,7.463501,0.003773955
Road 281621314 소성로,201.7176,-474.1527,7.463057,0.003399477
Road 281621314 소성로,202.2186,-470.7103,7.463259,0.00452156
Road 281621314 소성로,200.3637,-473.5242,7.464383,0.003545028
Road 281621314 소성로,200.8646,-470.0817,7.46376,0.004601073
Road 281621314 소성로,199.0097,-472.8956,7.463612,0.003651344
Road 281621314 소성로,199.5107,-469.4531,7.463824,0.004721898
Road 281621314 소성로,197.6558,-472.267,7.463293,0.004137119
Road 281621314 소성로,198.1568,-468.8246,7.463496,0.004798561
Road 281621314 소성로,196.3019,-471.6385,7.463731,0.00394076
Road 281621314 소성로,196.8029,-468.196,7.463667,0.00532092
Road 281621314 소성로,194.9479,-471.0099,7.463815,0.004163958
Road 281621314 소성로,195.4489,-467.5675,7.463607,0.005466179
Road 281621314 소성로,193.594,-470.3813,7.463459,0.004389972
Road 281621314 소성로,194.095,-466.9389,7.463736,0.00491871
Road 281621314 소성로,192.2401,-469.7528,7.463205,0.004747752
Road 281621314 소성로,192.741,-466.3103,7.463615,0.00495365
Road 281621314 소성로,190.8862,-469.1242,7.463467,0.005045072
Road 281621314 소성로,191.3871,-465.6818,7.463126,0.005994514
Road 281621314 소성로,189.5322,-468.4957,7.463953,0.005094304
Road 281621314 소성로,190.0332,-465.0532,7.463671,0.006193611
Road 281621314 소성로,188.1783,-467.8671,7.46382,0.005021297
Road 281621314 소성로,188.6793,-464.4247,7.463893,0.006389882
Road 281621314 소성로,186.8244,-467.2385,7.462918,0.005498442
Road 281621314 소성로,187.3254,-463.7961,7.463264,0.006445653
Road 281621314 소성로,185.4705,-466.61,7.464091,0.00592246
Road 281621314 소성로,185.9714,-463.1676,7.463464,0.006601731
Road 281621314 소성로,184.1165,-465.9814,7.46376,0.006036848
Road 281621314 소성로,184.6175,-462.539,7.463834,0.006835695
Road 281621314 소성로,182.7626,-465.3529,7.463155,0.006174019
Road 281621314 소성로,183.2636,-461.9104,7.463906,0.006957207
Road 281621314 소성로,181.4087,-464.7243,7.463462,0.006317049
Road 281621314 소성로,181.9097,-461.2819,7.463264,0.007080226
Road 281621314 소성로,180.0547,-464.0958,7.463561,0.006288673
Road 281621314 소성로,180.5557,-460.6533,7.46362,0.008214246
Road 281621314 소성로,178.7008,-463.4672,7.464151,0.006652754
Road 281621314 소성로,179.2018,-460.0247,7.463335,0.008413033
Road 281621314 소성로,177.3468,-462.8386,7.463631,0.007009105
Road 281621314 소성로,177.8479,-459.3962,7.463349,0.007966097
Road 281621314 소성로,175.9929,-462.2101,7.463881,0.007474155
Road 281621314 소성로,176.4939,-458.7676,7.464158,0.00808571
Road 281621314 소성로,174.639,-461.5815,7.462947,0.008004092
Road 281621314 소성로,175.14,-458.139,7.463842,0.008378293
Road 281621314 소성로,173.2851,-460.953,7.463398,0.007802138
Road 281621314 소성로,173.7861,-457.5105,7.463329,0.00856351
Road 281621314 소성로,171.9312,-460.3244,7.463624,0.007653753
Road 281621314 소성로,172.4321,-456.8819,7.464099,0.00879763
Road 281621314 소성로,170.5772,-459.6958,7.463568,0.007990498
Road 281621314 소성로,171.0782,-456.2534,7.46296,0.00875067
Road 281621314 소성로,169.2233,-459.0674,7.463874,0.008285416
Road 281621314 소성로,169.7243,-455.6249,7.463252,0.009043883
Road 281621314 소성로,167.8694,-458.4387,7.464079,0.008465828
Road 281621314 소성로,168.3704,-454.9962,7.463945,0.009530745
Road 281621314 소성로,166.5154,-457.8102,7.463118,0.008716701
Road 281621314 소성로,167.0164,-454.3677,7.464008,0.009811399
Road 281621314 소성로,165.1615,-457.1816,7.463093,0.008983762
Road 281621314 소성로,165.6625,-453.7392,7.463162,0.01004751
Road 281621314 소성로,163.8076,-456.5531,7.464225,0.00946534
Road 281621314 소성로,164.3086,-453.1106,7.463464,0.01069071
Road 281621314 소성로,162.4536,-455.9245,7.46376,0.009743494
Road 281621314 소성로,162.9546,-452.482,7.463903,0.01073955
Road 281621314 소성로,161.0997,-455.2959,7.463076,0.00998198
Road 281621314 소성로,161.6007,-451.8535,7.463689,0.01048454
Road 281621314 소성로,159.7458,-454.6674,7.463837,0.01016703
Road 281621314 소성로,160.2468,-451.2249,7.463427,0.01058866
Road 281621314 소성로,158.3919,-454.0388,7.463427,0.01039936
Road 281621314 소성로,158.8929,-450.5963,7.463565,0.01106398
Road 281621314 소성로,157.0379,-453.4102,7.463948,0.01028387
Road 281621314 소성로,157.5389,-449.9678,7.463399,0.011472
Road 281621314 소성로,155.684,-452.7817,7.463696,0.01046139
Road 281621314 소성로,156.185,-449.3392,7.463626,0.01182283
Road 281621314 소성로,154.3301,-452.1531,7.463478,0.01092648
Road 281621314 소성로,154.8311,-448.7107,7.464096,0.01178052
Road 281621314 소성로,152.9762,-451.5245,7.463121,0.01138064
Road 281621314 소성로,153.4772,-448.0821,7.463334,0.01159396
Road 281621314 소성로,151.6223,-450.896,7.46363,0.01144585
Road 281621314 소성로,152.1232,-447.4536,7.46362,0.01165795
Road 281621314 소성로,150.2683,-450.2675,7.464003,0.01151134
Road 281621314 소성로,150.7693,-446.825,7.463874,0.01684361
Road 281621314 소성로,148.9144,-449.6389,7.463195,0.01254674
Road 281621314 소성로,149.4154,-446.1964,7.463126,0.01779905
Road 281621314 소성로,147.5604,-449.0103,7.463953,0.01380044
Road 281621314 소성로,148.0614,-445.5679,7.463671,0.0207219
Road 281621314 소성로,146.2065,-448.3817,7.46382,0.01552811
Road 281621314 소성로,146.2313,-446.5558,3.73188,0.02629022
Road 281621314 소성로,147.6474,-442.6194,1.865977,0.03219233
Road 281621314 소성로,146.4818,-444.8346,0.93297,0.0136002
Road 281621314 소성로,146.958,-443.2181,0.9329779,0.03267663
Road 281621314 소성로,144.6269,-447.6484,1.8658,0.01207207
Road 281621314 소성로,146.2686,-443.8168,0.9329333,0.0767101
Road 281621314 소성로,145.7924,-445.4333,0.932896,0.01279483
Road 281621314 소성로,144.3764,-449.3697,3.731525,0.01183233
Road 281621314 소성로,145.5792,-444.4155,1.8658,0.02255255
Road 281621314 소성로,144.1756,-447.439,1.8658,0.01209961
Road 281621314 소성로,145.8297,-442.6943,3.731557,0.02735829
Road 281621314 소성로,143.273,-447.0199,1.865975,0.01220787
Road 281621314 소성로,144.6766,-443.9965,1.865975,0.0252217
Road 281621314 소성로,143.0225,-448.7411,3.731992,0.01198994
Road 281621314 소성로,144.2253,-443.787,1.865903,0.02522143
Road 281621314 소성로,142.8217,-446.8104,1.865903,0.01220766
Road 281621314 소성로,144.4758,-442.0658,3.731806,0.02972374
Road 281621314 소성로,141.9191,-446.3913,1.865903,0.01220749
Road 281621314 소성로,143.3227,-443.3679,1.865903,0.0279036
Road 281621314 소성로,141.6686,-448.1125,3.731806,0.01220784
Road 281621314 소성로,142.8714,-443.1584,1.865975,0.02790388
Road 281621314 소성로,141.4677,-446.1818,1.865975,0.0122077
Road 281621314 소성로,143.1219,-441.4372,3.732024,0.03368218
Road 281621314 소성로,140.5652,-445.7628,1.865798,0.01235521
Road 281621314 소성로,141.9687,-442.7393,1.865798,0.03134253
Road 281621314 소성로,140.3147,-447.484,3.73152,0.01206379
Road 281621314 소성로,141.5175,-442.5298,1.865798,0.03250566
Road 281621314 소성로,140.1139,-445.5533,1.865798,0.01506386
Road 281621314 소성로,141.7679,-440.8086,3.731585,0.03702581
Road 281621314 소성로,139.2112,-445.1342,1.86597,0.02094494
Road 281621314 소성로,140.6149,-442.1108,1.86597,0.0361697
Road 281621314 소성로,138.9608,-446.8554,3.73195,0.01286245
Road 281621314 소성로,140.1635,-441.9013,1.865831,0.03564294
Road 281621314 소성로,138.7599,-444.9247,1.865831,0.02002207
Road 281621314 소성로,140.414,-440.1801,3.731705,0.03785516
Road 281621314 소성로,137.8573,-444.5056,1.865938,0.02222374
Road 281621314 소성로,139.2609,-441.4823,1.865938,0.03668449
Road 281621314 소성로,137.6068,-446.2269,3.731833,0.01589164
Road 281621314 소성로,138.8096,-441.2727,1.866007,0.03668451
Road 281621314 소성로,137.406,-444.2961,1.866007,0.02222358
Road 281621314 소성로,139.0601,-439.5515,3.732013,0.03735737
Road 281621314 소성로,136.5034,-443.8771,1.865837,0.02470211
Road 281621314 소성로,137.907,-440.8537,1.865837,0.03702213
Road 281621314 소성로,136.2529,-445.5983,3.731674,0.01880313
Road 281621314 소성로,137.4557,-440.6441,1.865906,0.03702265
Road 281621314 소성로,135.814,-444.4758,0.9329519,0.05826351
Road 281621314 소성로,136.2901,-442.8593,0.9329467,0.0336179
Road 281621314 소성로,137.7061,-438.9229,3.731844,0.03869637
Road 281621314 소성로,135.6132,-442.5451,0.9329282,0.03649751
Road 281621314 소성로,134.3348,-444.7079,0.4664561,0.01624931
Road 281621314 소성로,135.0366,-443.1962,0.4664625,0.03569216
Road 281621314 소성로,136.553,-440.2251,1.865867,0.03784656
Road 281621314 소성로,134.6733,-444.865,0.9329385,0.01188085
Road 281621314 소성로,135.6008,-443.458,0.9329282,0.0321344
Road 281621314 소성로,134.6609,-445.778,1.865863,0.0118818
Road 281621314 소성로,136.1017,-440.0156,1.865798,0.03784653
Road 281621314 소성로,134.811,-443.0914,0.46646,0.0370234
Road 281621314 소성로,134.1092,-444.6031,0.4664536,0.01899855
Road 281621314 소성로,134.9362,-442.2308,0.9328936,0.03702231
Road 281621314 소성로,136.3522,-438.2944,3.731553,0.04072878
Road 281621314 소성로,134.4973,-441.1083,3.731944,0.05781277
Road 281621314 소성로,133.0813,-445.0447,1.865993,0.01741871
Road 281621314 소성로,134.2468,-442.8295,0.9329861,0.03702201
Road 281621314 소성로,133.7707,-444.446,0.9329965,0.01899456
Road 281621314 소성로,134.5222,-439.2823,7.46333,0.03503967
Road 281621314 소성로,132.6672,-442.0962,7.464305,0.03335392
Road 281621314 소성로,133.1682,-438.6537,7.464098,0.03336181
Road 281621314 소성로,131.3133,-441.4675,7.462975,0.03340572
Road 281621314 소성로,131.3382,-439.6416,3.73194,0.04809343
Road 281621314 소성로,132.7542,-435.7052,1.86601,0.02209581
Road 281621314 소성로,131.5886,-437.9204,0.9329837,0.04130757
Road 281621314 소성로,132.0647,-436.3039,0.9329941,0.02332857
Road 281621314 소성로,129.7337,-440.7343,1.865771,0.04086423
Road 281621314 소성로,131.0245,-437.6585,0.4664588,0.04086458
Road 281621314 소성로,131.7263,-436.1468,0.46646,0.0222877
Road 281621314 소성로,130.8992,-438.5191,0.9328803,0.04086411
Road 281621314 소성로,129.4833,-442.4555,3.731467,0.03827879
Road 281621314 소성로,130.2223,-438.2048,0.9328907,0.04146002
Road 281621314 소성로,131.5006,-436.042,0.4664427,0.02546251
Road 281621314 소성로,130.7988,-437.5537,0.4664415,0.04267894
Road 281621314 소성로,129.2825,-440.5248,1.865771,0.04086471
Road 281621314 소성로,131.1622,-435.8849,0.9328803,0.02657433
Road 281621314 소성로,130.2347,-437.2919,0.9328907,0.04457545
Road 281621314 소성로,131.1746,-434.9719,1.865806,0.009177226
Road 281621314 소성로,128.3798,-440.1057,1.866006,0.04288429
Road 281621314 소성로,129.6706,-437.03,0.4664918,0.04507348
Road 281621314 소성로,130.3724,-435.5183,0.4664958,0.02182442
Road 281621314 소성로,129.5454,-437.8906,0.9330049,0.04396822
Road 281621314 소성로,128.1294,-441.827,3.731922,0.04086476
Road 281621314 소성로,128.8684,-437.5763,0.932941,0.04507492
Road 281621314 소성로,130.1467,-435.4135,0.4664946,0.02183135
Road 281621314 소성로,129.4449,-436.9252,0.4664906,0.04507538
Road 281621314 소성로,127.9285,-439.8962,1.86587,0.04376248
Road 281621314 소성로,130.0463,-434.4481,1.865877,0.004774335
Road 281621314 소성로,128.8808,-436.6633,0.932941,0.03845527
Road 281621314 소성로,129.3569,-435.0468,0.9329282,0.007300228
Road 281621314 소성로,127.0259,-439.4772,1.866003,0.04507458
Road 281621314 소성로,128.3166,-436.4014,0.466493,0.03328669
Road 281621314 소성로,129.0184,-434.8897,0.4664918,0.004125898
Road 281621314 소성로,128.1914,-437.262,0.9330074,0.04144646
Road 281621314 소성로,126.7754,-441.1984,3.732006,0.04228297
Road 281621314 소성로,127.5144,-436.9477,0.93296,0.03703663
Road 281621314 소성로,128.7928,-434.7849,0.4664918,0.004125898
Road 281621314 소성로,128.091,-436.2966,0.466493,0.03328669
Road 281621314 소성로,126.5745,-439.2677,1.865934,0.04507403
Road 281621314 소성로,128.4543,-434.6278,0.9329859,0.004125745
Road 281621314 소성로,127.5268,-436.0347,0.9329732,0.02809352
Road 281621314 소성로,128.4667,-433.7148,1.865922,0.004127261
Road 281621314 소성로,125.6719,-438.8486,1.865874,0.04507424
Road 281621314 소성로,126.9627,-435.7728,0.4664499,0.02291814
Road 281621314 소성로,127.6645,-434.2611,0.466455,0.004128615
Road 281621314 소성로,126.8375,-436.6334,0.9329422,0.03286774
Road 281621314 소성로,125.4214,-440.5698,3.731732,0.04507424
Road 281621314 소성로,126.1605,-436.3192,0.9329209,0.02904405
Road 281621314 소성로,127.4389,-434.1564,0.4664711,0.004124014
Road 281621314 소성로,126.7371,-435.6681,0.4664659,0.02291708
Road 281621314 소성로,125.2206,-438.6391,1.865842,0.0450745
Road 281621314 소성로,126.8747,-433.8945,3.731742,0.01052785
Road 281621314 소성로,124.318,-438.2201,1.865932,0.04605087
Road 281621314 소성로,125.7216,-435.1967,1.865932,0.02224694
Road 281621314 소성로,124.0675,-439.9413,3.731805,0.04398192
Road 281621314 소성로,125.2703,-434.9872,1.865845,0.02224771
Road 281621314 소성로,123.8667,-438.0105,1.865845,0.04605091
Road 281621314 소성로,125.5208,-433.2659,3.731648,0.006198151
Road 281621314 소성로,122.9641,-437.5915,1.865924,0.0461192
Road 281621314 소성로,124.3677,-434.5681,1.865924,0.0195177
Road 281621314 소성로,122.7136,-439.3127,3.73189,0.04496601
Road 281621314 소성로,123.9164,-434.3586,1.865889,0.004122167
Road 281621314 소성로,122.5128,-437.382,1.865889,0.04198802
Road 281621314 소성로,124.1669,-432.6374,3.731821,0.004754325
Road 281621314 소성로,121.6101,-436.9629,1.865921,0.03775118
Road 281621314 소성로,123.0138,-433.9395,1.865921,0.004246777
Road 281621314 소성로,121.3596,-438.6842,3.7318,0.04344429
Road 281621314 소성로,122.5625,-433.73,1.865973,0.004247735
Road 281621314 소성로,121.1588,-436.7534,1.865973,0.03775132
Road 281621314 소성로,122.813,-432.0088,3.731947,0.004333271
Road 281621314 소성로,120.6009,-436.035,0.466448,0.07964951
Road 281621314 소성로,120.839,-435.2268,0.466448,0.004265434
Road 281621314 소성로,119.4416,-437.7937,0.4664406,0.04886925
Road 281621314 소성로,120.2625,-435.8778,0.2332232,0.1173323
Road 281621314 소성로,120.0244,-436.6861,0.2332232,0.04664772
Road 281621314 소성로,121.6598,-433.3109,1.865804,0.004265065
Road 281621314 소성로,120.0057,-438.0556,3.731607,0.04130593
Road 281621314 소성로,121.2085,-433.1014,1.865977,0.004264913
Road 281621314 소성로,119.9178,-436.1772,0.4665131,0.03021868
Road 281621314 소성로,119.216,-437.689,0.4665073,0.04886787
Road 281621314 소성로,120.043,-435.3166,0.9329837,0.01788626
Road 281621314 소성로,121.459,-431.3802,3.732012,0.004701975
Road 281621314 소성로,119.366,-435.0023,0.9329373,0.01237214
Road 281621314 소성로,118.0877,-437.1652,0.4664687,0.04886837
Road 281621314 소성로,118.7895,-435.6534,0.4664687,0.02407211
Road 281621314 소성로,120.3059,-432.6824,1.865875,0.004357982
Road 281621314 소성로,118.1881,-438.1305,1.865845,0.04886821
Road 281621314 소성로,119.3536,-435.9153,0.9329081,0.02672517
Road 281621314 소성로,118.8775,-437.5318,0.9329172,0.0488682
Road 281621314 소성로,119.8546,-432.4729,1.865739,0.004358192
Road 281621314 소성로,118.5638,-435.5487,0.4664267,0.02406964
Road 281621314 소성로,117.8621,-437.0604,0.4664267,0.04886791
Road 281621314 소성로,118.6891,-434.6881,0.9328746,0.007089679
Road 281621314 소성로,120.1051,-430.7517,3.731462,0.005258723
Road 281621314 소성로,118.0121,-434.3738,0.9330155,0.004733141
Road 281621314 소성로,116.7337,-436.5366,0.466511,0.03887583
Road 281621314 소성로,117.4355,-435.0249,0.4665115,0.004365509
Road 281621314 소성로,118.952,-432.0539,1.866042,0.004907703
Road 281621314 소성로,116.8341,-437.502,1.866062,0.04702526
Road 281621314 소성로,117.9997,-435.2868,0.9330367,0.01602018
Road 281621314 소성로,117.5236,-436.9033,0.9330264,0.04710218
Road 281621314 소성로,118.5007,-431.8444,1.865837,0.005300759
Road 281621314 소성로,117.2099,-434.9202,0.4664597,0.004363728
Road 281621314 소성로,116.508,-436.4318,0.4664591,0.03887547
Road 281621314 소성로,117.3351,-434.0595,0.9329193,0.0052656
Road 281621314 소성로,118.7512,-430.1231,3.731717,0.005300095
Road 281621314 소성로,116.6582,-433.7452,0.9329781,0.005307215
Road 281621314 소성로,115.3798,-435.908,0.4664936,0.03006981
Road 281621314 소성로,116.0816,-434.3963,0.466489,0.004824729
Road 281621314 소성로,117.5981,-431.4253,1.865965,0.005299339
Road 281621314 소성로,115.7182,-436.0651,0.9329872,0.03019072
Road 281621314 소성로,116.6457,-434.6582,0.9329781,0.00507953
Road 281621314 소성로,115.7058,-436.9781,1.865943,0.04094937
Road 281621314 소성로,117.1468,-431.2157,1.866069,0.005293963
Road 281621314 소성로,115.8559,-434.2915,0.4665064,0.004822729
Road 281621314 소성로,115.0351,-436.2073,0.2332592,0.1440603
Road 281621314 소성로,115.2731,-435.3991,0.2332526,0.01004194
Road 281621314 소성로,115.9812,-433.4309,0.9330288,0.005422296
Road 281621314 소성로,117.3972,-429.4945,3.732096,0.004995986
Road 281621314 소성로,115.5423,-432.3084,3.731543,0.02243307
Road 281621314 소성로,114.1325,-435.7883,0.9328929,0.02472772
Road 281621314 소성로,114.12,-436.7013,0.9328957,0.0529862
Road 281621314 소성로,115.2918,-434.0296,0.9328851,0.004960012
Road 281621314 소성로,114.9284,-435.6984,0.2332232,0.02460469
Road 281621314 소성로,114.6904,-436.5067,0.2332289,0.05297142
Road 281621314 소성로,114.8218,-435.1895,0.4664489,0.004959467
Road 281621314 소성로,115.5671,-430.4824,7.463733,0.00771784
Road 281621314 소성로,113.7122,-433.2963,7.463363,0.02434677
Road 281621314 소성로,114.2132,-429.8539,7.463329,0.004819816
Road 281621314 소성로,112.3583,-432.6678,7.463773,0.007874085
Road 281621314 소성로,112.8593,-429.2253,7.463531,0.004329199
Road 281621314 소성로,111.0044,-432.0392,7.463692,0.004737778
Road 281621314 소성로,111.5054,-428.5968,7.463558,0.004261218
Road 281621314 소성로,109.6505,-431.4106,7.463397,0.004605631
Road 281621314 소성로,110.1515,-427.9682,7.463496,0.004515004
Road 281621314 소성로,108.2965,-430.7821,7.463879,0.004218748
Road 281621314 소성로,108.7975,-427.3396,7.46381,0.005023275
Road 281621314 소성로,106.9426,-430.1535,7.463427,0.00433319
Road 281621314 소성로,107.4436,-426.7111,7.463293,0.005086317
Road 281621314 소성로,105.5887,-429.525,7.463824,0.004445733
Road 281621314 소성로,106.0897,-426.0825,7.463646,0.004461941
Road 281621314 소성로,104.2347,-428.8964,7.46372,0.004737149
Road 281621314 소성로,104.7357,-425.4539,7.464002,0.004543449
Road 281621314 소성로,102.8808,-428.2678,7.462953,0.004721153
Road 281621314 소성로,103.3818,-424.8254,7.463126,0.004739474
Road 281621314 소성로,101.5269,-427.6393,7.464101,0.004619587
Road 281621314 소성로,102.0279,-424.1969,7.463612,0.00475909
Road 281621314 소성로,100.173,-427.0107,7.463612,0.004342138
Road 281621314 소성로,100.6739,-423.5683,7.464234,0.004832118
Road 281621314 소성로,98.81901,-426.3822,7.463024,0.004424312
Road 281621314 소성로,99.32023,-422.9398,7.459545,0.005313645
Road 281621314 소성로,97.46511,-425.7537,7.467694,0.004573094
Road 281621314 소성로,97.97869,-422.3169,7.259682,0.005119354
Road 281621314 소성로,96.13525,-425.1359,7.267361,0.004658263
Road 281621314 소성로,96.66122,-421.7047,7.263748,0.005207937
Road 281621314 소성로,94.81757,-424.5237,7.263305,0.004628607
Road 281621314 소성로,95.34378,-421.0927,7.263339,0.00532968
Road 281621314 소성로,93.50013,-423.9116,7.263561,0.004871221
Road 281621314 소성로,94.02631,-420.4806,7.264035,0.005357862
Road 281621314 소성로,92.18266,-423.2995,7.26343,0.004804243
Road 281621314 소성로,92.70882,-419.8684,7.263504,0.005247268
Road 281621314 소성로,90.8652,-422.6875,7.26343,0.004910315
Road 281621314 소성로,91.39139,-419.2564,7.263119,0.005319406
Road 281621314 소성로,89.54775,-422.0753,7.263798,0.005011522
Road 281621314 소성로,90.07392,-418.6443,7.263729,0.005074956
Road 281621314 소성로,88.23026,-421.4633,7.263729,0.004927862
Road 281621314 소성로,88.75646,-418.0322,7.263319,0.005123115
Road 281621314 소성로,86.9128,-420.8512,7.263614,0.004951742
Road 281621314 소성로,87.439,-417.4201,7.263881,0.005001811
Road 281621314 소성로,85.59534,-420.239,7.263202,0.004956129
Road 281621314 소성로,86.12154,-416.808,7.263587,0.005028989
Road 281621314 소성로,84.2779,-419.627,7.263514,0.004933863
Road 281621314 소성로,84.80409,-416.1959,7.263266,0.005093887
Road 281621314 소성로,82.96044,-419.0149,7.263946,0.00500106
Road 281621314 소성로,83.48663,-415.5838,7.263505,0.005158906
Road 281621314 소성로,81.64297,-418.4027,7.263432,0.005068163
Road 281621314 소성로,82.16919,-414.9717,7.263565,0.005194723
Road 281621314 소성로,80.32551,-417.7906,7.263787,0.005124093
Road 284010313 재넘이길123번길,587.7515,-395.0721,4.483091,0.1141615
Road 284010313 재넘이길123번길,588.3685,-397.0387,4.483625,0.1169795
Road 284010313 재넘이길123번길,586.476,-395.8508,4.483434,0.1142312
Road 284010313 재넘이길123번길,587.093,-397.8174,4.483434,0.1167557
Road 284010313 재넘이길123번길,585.2004,-396.6295,4.483217,0.1143107
Road 284010313 재넘이길123번길,585.8174,-398.5961,4.483083,0.1158084
Road 284010313 재넘이길123번길,583.925,-397.4082,4.483191,0.1148004
Road 284010313 재넘이길123번길,584.5419,-399.3748,4.483725,0.1158367
Road 284010313 재넘이길123번길,582.6494,-398.1869,4.483473,0.1159636
Road 284010313 재넘이길123번길,583.2663,-400.1535,4.483339,0.1158269
Road 284010313 재넘이길123번길,581.2515,-399.0536,5.83606,0.1150913
Road 284010313 재넘이길123번길,581.9907,-400.9323,3.079995,0.1158638
Road 284010313 재넘이길123번길,579.9778,-400.0427,5.637598,0.1145895
Road 284010313 재넘이길123번길,581.0668,-401.8215,2.851004,0.1158233
Road 284010313 재넘이길123번길,579.0461,-401.1192,4.270748,0.1145657
Road 284010313 재넘이길123번길,580.2479,-402.7869,4.271255,0.1163589
Road 284010313 재넘이길123번길,578.1144,-402.1957,4.271168,0.1144947
Road 284010313 재넘이길123번길,579.3161,-403.8634,4.271168,0.1170591
Road 284010313 재넘이길123번길,577.1827,-403.2722,4.271186,0.1143728
Road 284010313 재넘이길123번길,578.3843,-404.9399,4.271186,0.116227
Road 284010313 재넘이길123번길,576.251,-404.3487,4.270979,0.1142935
Road 284010313 재넘이길123번길,577.4526,-406.0164,4.271487,0.1152242
Road 284010313 재넘이길123번길,575.3192,-405.4252,4.271487,0.1149242
Road 284010313 재넘이길123번길,576.5208,-407.0929,4.270812,0.1152184
Road 284010313 재넘이길123번길,574.3152,-406.5961,5.339089,0.1150986
Road 284010313 재넘이길123번길,575.5892,-408.1694,3.172873,0.1151934
Road 284010313 재넘이길123번길,573.4202,-407.8324,5.247601,0.113509
Road 284010313 재넘이길123번길,574.9267,-409.2625,3.099923,0.1152382
Road 284010313 재넘이길123번길,572.7839,-409.0754,4.18961,0.1133381
Road 284010313 재넘이길123번길,574.3521,-410.4011,4.188789,0.1150419
Road 284010313 재넘이길123번길,572.1476,-410.3185,4.188547,0.1131467
Road 284010313 재넘이길123번길,573.7158,-411.6441,4.18955,0.1153141
Road 284010313 재넘이길123번길,571.5113,-411.5614,4.189305,0.1129055
Road 284010313 재넘이길123번길,573.0795,-412.8871,4.188941,0.1151975
Road 284010313 재넘이길123번길,570.875,-412.8044,4.189265,0.1128521
Road 284010313 재넘이길123번길,572.4432,-414.13,4.188809,0.1149896
Road 284010313 재넘이길123번길,570.2388,-414.0473,4.188811,0.1127564
Road 284010313 재넘이길123번길,571.8069,-415.373,4.189449,0.1147804
Road 284010313 재넘이길123번길,569.6025,-415.2903,4.189451,0.112546
Road 284010313 재넘이길123번길,571.1707,-416.616,4.188995,0.1145809
Road 284010313 재넘이길123번길,568.9275,-416.6184,5.028991,0.1123331
Road 284010313 재넘이길123번길,570.5344,-417.859,3.330869,0.1143638
Road 284010313 재넘이길123번길,568.3521,-417.9568,4.765719,0.1122667
Road 284010313 재넘이길123번길,570.1238,-419.0169,2.971816,0.1133694
Road 284010313 재넘이길123번길,567.9964,-419.1998,3.878634,0.1126594
Road 284010313 재넘이길123번길,569.8007,-420.1644,3.878634,0.1139461
Road 284010313 재넘이길123번길,567.6407,-420.4427,3.878458,0.1128225
Road 284010313 재넘이길123번길,569.445,-421.4074,3.878832,0.1140146
Road 284010313 재넘이길123번길,567.2592,-421.8015,4.944038,0.1128868
Road 284010313 재넘이길123번길,569.0892,-422.6504,2.785746,0.1138027
Road 284010313 재넘이길123번길,566.9904,-423.1877,4.999611,0.112673
Road 284010313 재넘이길123번길,568.9568,-423.8349,2.956175,0.1137603
Road 284010313 재넘이길123번길,566.9308,-424.5166,3.990258,0.1124455
Road 284010313 재넘이길123번길,568.9089,-425.0493,3.991487,0.1134639
Road 284010313 재넘이길123번길,566.871,-425.8457,3.991662,0.1121677
Road 284010313 재넘이길123번길,568.8491,-426.3784,3.990433,0.1131845
Road 284010313 재넘이길123번길,566.8114,-427.1747,3.990882,0.1126425
Road 284010313 재넘이길123번길,568.7896,-427.7073,3.991067,0.1130674
Road 284010313 재넘이길123번길,566.7518,-428.5036,3.990718,0.1130671
Road 284010313 재넘이길123번길,568.7299,-429.0363,3.991087,0.1133374
Road 284010313 재넘이길123번길,566.6921,-429.8326,3.991445,0.1129966
Road 284010313 재넘이길123번길,568.6702,-430.3653,3.990891,0.114246
Road 284010313 재넘이길123번길,566.6325,-431.1616,3.990799,0.112656
Road 284010313 재넘이길123번길,568.6106,-431.6943,3.991353,0.11392
Road 284010313 재넘이길123번길,566.5737,-432.475,3.850174,0.1123213
Road 284010313 재넘이길123번길,568.551,-433.0233,4.131289,0.1135971
Road 284010313 재넘이길123번길,566.4998,-433.8098,4.050425,0.112015
Road 284010313 재넘이길123번길,568.4601,-434.4092,4.318443,0.1132715
Road 284010313 재넘이길123번길,566.3948,-435.2007,4.18444,0.1120592
Road 284010313 재넘이길123번길,568.3541,-435.815,4.184812,0.1128864
Road 284010313 재넘이길123번길,566.2897,-436.5916,4.184488,0.1124982
Road 284010313 재넘이길123번길,568.249,-437.2059,4.184859,0.1125188
Road 284010313 재넘이길123번길,566.1846,-437.9826,4.185106,0.1124798
Road 284010313 재넘이길123번길,568.144,-438.5969,4.184362,0.1137689
Road 284010313 재넘이길123번길,566.0796,-439.3736,4.185015,0.1121659
Road 284010313 재넘이길123번길,568.0389,-439.9878,4.184515,0.1134578
Road 284010313 재넘이길123번길,565.9745,-440.7645,4.184593,0.1116545
Road 284010313 재넘이길123번길,567.9339,-441.3788,4.185093,0.1131109
Road 284010313 재넘이길123번길,565.8696,-442.1554,4.184103,0.111269
Road 284010313 재넘이길123번길,567.8288,-442.7697,4.184845,0.1127533
Road 284010313 재넘이길123번길,565.7645,-443.5464,4.185028,0.1106055
Road 284010313 재넘이길123번길,567.7237,-444.1607,4.184657,0.1118114
Road 284010313 재넘이길123번길,565.6724,-444.8347,3.255172,0.1110971
Road 284010313 재넘이길123번길,567.6187,-445.5517,5.092135,0.1112788
Road 284010313 재넘이길123번길,565.4958,-446.1111,3.262083,0.1102729
Road 284010313 재넘이길123번길,567.3105,-447.0163,5.133302,0.1125893
Road 284010313 재넘이길123번길,565.1058,-447.4587,4.208784,0.1099238
Road 284010313 재넘이길123번길,566.8969,-448.4641,4.208784,0.1122638
Road 284010313 재넘이길123번길,564.7156,-448.8063,4.208608,0.1096012
Road 284010313 재넘이길123번길,566.5068,-449.8117,4.209191,0.1119452
Road 284010313 재넘이길123번길,564.3255,-450.154,4.209242,0.1092718
Road 284010313 재넘이길123번길,566.1165,-451.1593,4.208659,0.1113901
Road 284010313 재넘이길123번길,563.9354,-451.5016,4.208733,0.1090008
Road 284010313 재넘이길123번길,565.7265,-452.5069,4.208733,0.1093363
Road 284010313 재넘이길123번길,563.5453,-452.8492,4.208659,0.1069288
Road 284010313 재넘이길123번길,565.3364,-453.8545,4.209054,0.1090431
Road 284010313 재넘이길123번길,563.1829,-454.1143,3.426672,0.1063697
Road 284010313 재넘이길123번길,564.9462,-455.2021,4.974873,0.1088084
Road 284010313 재넘이길123번길,562.7502,-455.3572,3.452301,0.1062246
Road 284010313 재넘이길123번길,564.3738,-456.5809,5.020494,0.1089055
Road 284010313 재넘이길123번길,562.1282,-456.6279,4.244295,0.1068974
Road 284010313 재넘이길123번길,563.7173,-457.9308,4.244478,0.1098373
Road 284010313 재넘이길123번길,561.5063,-457.8987,4.244645,0.1069436
Road 284010313 재넘이길123번길,563.0954,-459.2014,4.243827,0.1086368
Road 284010313 재넘이길123번길,560.8843,-459.1694,4.24391,0.1068193
Road 284010313 재넘이길123번길,562.4734,-460.4722,4.244727,0.1066604
Road 284010313 재넘이길123번길,560.2625,-460.4401,4.244232,0.1057675
Road 284010313 재넘이길123번길,561.8515,-461.7429,4.244232,0.1050996
Road 284010313 재넘이길123번길,559.6404,-461.7108,4.2444,0.1035807
Road 284010313 재넘이길123번길,561.2296,-463.0136,4.244216,0.1048388
Road 284010313 재넘이길123번길,559.0186,-462.9815,4.24405,0.1034821
Road 284010313 재넘이길123번길,560.6076,-464.2843,4.244684,0.1047468
Road 284010313 재넘이길123번길,558.3965,-464.2522,4.244276,0.1034041
Road 284010313 재넘이길123번길,559.9856,-465.5551,4.244092,0.1046545
Continuous asphalt network,-89.74467,-246.4412,49.09149,0.003247818
Continuous asphalt network,-112.5224,-271.8438,65.24718,0
Continuous asphalt network,-102.1219,-256.1978,32.62346,0
Continuous asphalt network,-107.6632,-267.3221,32.62357,0
Continuous asphalt network,-174.9256,-196.3709,62.01626,0.006628932
Continuous asphalt network,-190.255,-188.6459,31.00783,0.003359623
Continuous asphalt network,-179.9225,-192.0548,31.00786,0.003345365
Continuous asphalt network,-188.3865,-184.3288,27.89688,0.003095686
Continuous asphalt network,-179.2432,-189.7452,27.89675,0.003583112
Continuous asphalt network,-194.1474,-183.6281,55.79309,0.002556675
Continuous asphalt network,-80.71278,-224.175,35.65588,0.01459766
Continuous asphalt network,-43.98471,-291.9732,22.09745,0.01493638
Continuous asphalt network,-40.27378,-303.7693,11.04901,0.01226988
Continuous asphalt network,-43.49773,-296.1678,11.04904,0.01393328
Continuous asphalt network,-49.94563,-280.9646,11.04863,0.0116027
Continuous asphalt network,-53.16959,-273.363,11.04863,0.009423274
Continuous asphalt network,-47.20868,-284.3716,22.09741,0.01070643
Continuous asphalt network,-38.5863,-303.1787,22.09769,0.01231362
Continuous asphalt network,-40.68527,-295.1833,22.09763,0.01461427
Continuous asphalt network,-35.28685,-306.3888,44.19539,0.0135408
Continuous asphalt network,80.6537,-314.5811,75.81805,0.01978488
Continuous asphalt network,59.40848,-316.7343,37.90928,0.01353974
Continuous asphalt network,73.04694,-313.766,37.90917,0.02036369
Continuous asphalt network,41.37598,-317.5706,18.95455,0.01659816
Continuous asphalt network,30.75338,-318.6472,9.477552,0.01354225
Continuous asphalt network,37.57261,-317.1631,9.477538,0.01660322
Continuous asphalt network,16.32738,-319.3162,18.95446,0.02435908
Continuous asphalt network,26.85157,-317.9522,9.477203,0.02363021
Continuous asphalt network,37.27729,-316.3008,4.738577,0.0186275
Continuous asphalt network,30.45805,-317.7849,4.738584,0.01608924
Continuous asphalt network,51.60483,-315.3444,37.90925,0.0182745
Continuous asphalt network,72.45631,-312.0415,18.9541,0.02034264
Continuous asphalt network,58.81784,-315.0099,18.95415,0.0134851
Continuous asphalt network,-8.012913,-297.3082,1.086927,0.08431353
Continuous asphalt network,-9.479755,-296.5389,1.086902,0.07110536
Continuous asphalt network,-7.00856,-297.1762,2.173976,0.08558585
Continuous asphalt network,-4.401894,-297.5552,4.347907,0.091236
Continuous asphalt network,-9.886127,-297.3138,2.173903,0.07307697
Continuous asphalt network,-8.419284,-298.0831,2.173952,0.08598208
Continuous asphalt network,-11.16139,-297.9624,4.347847,0.05997288
Continuous asphalt network,-16.96546,-294.0475,6.240821,0.02491138
Continuous asphalt network,-16.21679,-291.1211,3.120463,0.08610219
Continuous asphalt network,-15.68803,-292.759,3.120384,0.03666035
Continuous asphalt network,-14.36616,-296.8539,6.241008,0.06274195
Continuous asphalt network,-16.82219,-295.8029,0.780107,0.02491103
Continuous asphalt network,-16.55781,-296.6219,0.7801239,0.0615746
Continuous asphalt network,-17.72528,-295.6282,1.560222,0.02491161
Continuous asphalt network,-15.41255,-294.9239,1.56026,0.03838782
Continuous asphalt network,-15.78689,-296.3871,0.7801272,0.05760336
Continuous asphalt network,-16.05127,-295.5681,0.7801102,0.013287
Continuous asphalt network,-21.09546,-293.0566,1.560213,0.02293303
Continuous asphalt network,-20.72113,-291.5934,0.7801265,0.0853243
Continuous asphalt network,-20.45676,-292.4124,0.7801319,0.0246688
Continuous asphalt network,-20.31345,-294.1677,3.120377,0.01505447
Continuous asphalt network,-23.41927,-292.4151,3.120497,0.04119565
Continuous asphalt network,-21.62422,-291.4186,1.560274,0.07413527
Continuous asphalt network,-22.13074,-292.4724,1.56021,0.04872209
Continuous asphalt network,-18.02298,-290.7716,6.240907,0.0820555
Continuous asphalt network,-18.77165,-293.6982,3.12041,0.0249113
Continuous asphalt network,-19.68585,-292.1775,0.7801553,0.04404041
Continuous asphalt network,-19.95022,-291.3585,0.7801499,0.09324356
Continuous asphalt network,-18.78275,-292.3523,1.560289,0.04432633
Continuous asphalt network,-30.81364,-207.9236,32.1883,0.003230105
Continuous asphalt network,-46.24893,-197.8691,16.0941,0.004940597
Continuous asphalt network,-35.57103,-203.8978,16.09412,0.003913299
Continuous asphalt network,-14.21524,-215.9551,16.09399,0.01066783
Continuous asphalt network,-3.537357,-221.9838,16.09399,0.0108797
Continuous asphalt network,-20.13576,-213.9522,32.18824,0.003913412
Continuous asphalt network,-47.12127,-199.3863,32.18821,0.004895015
Continuous asphalt network,-37.02494,-206.4263,32.18817,0.003229453
Continuous asphalt network,-53.33257,-197.8891,64.37666,0.005585567
Continuous asphalt network,43.11571,-174.3439,1.971895,0.1614923
Continuous asphalt network,41.92949,-173.8853,0.2464777,0.2316156
Continuous asphalt network,42.09243,-174.4101,0.2464923,0.1552889
Continuous asphalt network,41.50388,-173.8594,0.492975,0.2545246
Continuous asphalt network,42.53628,-173.1502,0.4929735,0.2246219
Continuous asphalt network,42.43657,-174.1737,0.2465013,0.1552785
Continuous asphalt network,42.27362,-173.6489,0.2464867,0.2316055
Continuous asphalt network,43.82222,-172.5852,0.9859736,0.1773229
Continuous asphalt network,44.51506,-171.7909,0.06162383,0.3595627
Continuous asphalt network,44.59653,-172.0533,0.06162395,0.2193162
Continuous asphalt network,44.30225,-171.778,0.123252,0.3270646
Continuous asphalt network,44.81846,-171.4233,0.1232456,0.3593125
Continuous asphalt network,44.79125,-171.84,0.03081428,0.3600732
Continuous asphalt network,44.74595,-172.0303,0.03081469,0.2637025
Continuous asphalt network,44.68712,-171.6727,0.06162776,0.3585942
Continuous asphalt network,44.4199,-172.493,0.4929899,0.187749
Continuous asphalt network,43.80397,-173.8711,1.971979,0.1737846
Continuous asphalt network,46.91943,-170.4577,3.94386,0.3600364
Continuous asphalt network,44.99932,-173.6867,1.971969,0.1546686
Continuous asphalt network,45.57907,-171.8559,0.1232344,0.2958439
Continuous asphalt network,45.48848,-172.2365,0.1232468,0.2023314
Continuous asphalt network,45.37084,-171.5214,0.2464859,0.3600287
Continuous asphalt network,46.06807,-171.9179,0.03080847,0.3066019
Continuous asphalt network,46.02278,-172.1082,0.03080972,0.2120566
Continuous asphalt network,45.96395,-171.7507,0.06161959,0.3600258
Continuous asphalt network,46.34425,-171.967,0.06162073,0.2875137
Continuous asphalt network,46.14955,-172.1803,0.03081293,0.1567789
Continuous asphalt network,46.19484,-171.99,0.03081169,0.2835631
Continuous asphalt network,45.74202,-172.3806,0.1232543,0.156781
Continuous asphalt network,45.79188,-171.8689,0.06162148,0.3701803
Continuous asphalt network,45.87336,-172.1312,0.06162114,0.1781292
Continuous asphalt network,44.92698,-172.7813,0.4929683,0.1567929
Continuous asphalt network,45.06744,-171.889,0.06162598,0.3192685
Continuous asphalt network,44.87273,-172.1024,0.03081031,0.1898281
Continuous asphalt network,44.91802,-171.9121,0.0308099,0.3256623
Continuous asphalt network,45.072,-171.5675,0.1232478,0.3600287
Continuous asphalt network,45.18965,-172.2826,0.2464899,0.1737801
Continuous asphalt network,41.70267,-177.8613,3.943815,0.1552945
Continuous asphalt network,39.87315,-180.7097,0.4929869,0.1035631
Continuous asphalt network,40.77879,-179.9284,0.2464957,0.1013695
Continuous asphalt network,40.34406,-180.5453,0.2464977,0.1035705
Continuous asphalt network,39.34783,-181.7072,0.9859582,0.1035634
Continuous asphalt network,40.48907,-179.3315,0.9859534,0.1528196
Continuous asphalt network,39.71021,-180.1849,0.4929712,0.1366167
Continuous asphalt network,39.89141,-179.4238,0.4929969,0.1469116
Continuous asphalt network,41.90212,-175.8142,0.9859733,0.155296
Continuous asphalt network,41.40416,-174.8829,0.2464973,0.1713585
Continuous asphalt network,41.24121,-174.3581,0.2465045,0.2566488
Continuous asphalt network,41.82977,-174.9089,0.4929919,0.1552941
Continuous asphalt network,42.75333,-175.8662,1.971925,0.1552963
Continuous asphalt network,40.68851,-177.2845,1.971912,0.1552984
Continuous asphalt network,40.79736,-175.618,0.4929851,0.1806471
Continuous asphalt network,40.89708,-174.5945,0.2464902,0.2592617
Continuous asphalt network,41.06003,-175.1193,0.246483,0.1743278
Continuous asphalt network,41.21384,-176.287,0.9859807,0.1552972
Continuous asphalt network,45.07232,-168.5431,3.943854,0.2976131
Continuous asphalt network,43.99495,-166.4181,0.2464923,0.2971267
Continuous asphalt network,44.33908,-166.1817,0.2464878,0.2952699
Continuous asphalt network,43.98582,-167.0611,0.4929779,0.3257952
Continuous asphalt network,43.497,-165.4868,0.4929975,0.3269703
Continuous asphalt network,44.17615,-165.6569,0.2464931,0.3183862
Continuous asphalt network,43.83201,-165.8933,0.2464976,0.3222103
Continuous asphalt network,44.92763,-166.7324,1.971941,0.2952719
Continuous asphalt network,46.95594,-167.8859,1.971914,0.3102399
Continuous asphalt network,48.14215,-168.3444,0.2464898,0.360031
Continuous asphalt network,47.97922,-167.8197,0.2464812,0.2993498
Continuous asphalt network,48.56776,-168.3704,0.492988,0.360047
Continuous asphalt network,47.53536,-169.0795,0.4929702,0.3553036
Continuous asphalt network,47.63508,-168.056,0.2464827,0.2999155
Continuous asphalt network,47.79802,-168.5808,0.2464913,0.360155
Continuous asphalt network,46.08648,-169.1198,3.943854,0.3063839
Continuous asphalt network,43.07986,-170.8668,0.4929669,0.3394761
Continuous asphalt network,43.02544,-171.7,0.1232406,0.3395148
Continuous asphalt network,42.93484,-172.0806,0.1232468,0.3045132
Continuous asphalt network,42.8172,-171.3655,0.2464897,0.3394845
Continuous asphalt network,42.66338,-170.1978,0.9859407,0.3394969
Continuous asphalt network,43.93107,-170.9187,0.4929948,0.33036
Continuous asphalt network,44.43815,-171.2071,0.49299,0.2991856
Continuous asphalt network,43.57781,-171.798,0.2464822,0.3249445
Continuous asphalt network,43.18838,-172.2247,0.1232533,0.2686468
Continuous asphalt network,43.27898,-171.8442,0.1232471,0.311365
Continuous asphalt network,43.58693,-171.1551,0.4929693,0.3391415
Continuous asphalt network,41.77567,-172.7177,1.971935,0.2800487
Continuous asphalt network,41.97512,-170.6706,0.9859601,0.3395019
Continuous asphalt network,42.47307,-171.6019,0.2464882,0.3438527
Continuous asphalt network,42.63601,-172.1267,0.2464868,0.2764069
Continuous asphalt network,42.04747,-171.5759,0.4929873,0.3267938
Continuous asphalt network,43.04402,-167.3896,3.943851,0.3316153
Continuous asphalt network,44.12139,-169.5146,0.2464866,0.3264067
Continuous asphalt network,43.77725,-169.751,0.2465023,0.333142
Continuous asphalt network,44.13051,-168.8717,0.4929938,0.2927546
Continuous asphalt network,44.61934,-170.4459,0.4929735,0.2991792
Continuous asphalt network,43.9402,-170.2758,0.2464982,0.2993082
Continuous asphalt network,44.28434,-170.0394,0.2464825,0.2952704
Continuous asphalt network,43.1887,-169.2003,1.971948,0.3410914
Continuous asphalt network,36.4859,-185.2648,3.943841,0.1041376
Continuous asphalt network,35.00052,-187.8768,0.985959,0.1295573
Continuous asphalt network,34.13107,-189.1108,0.9859698,0.1307671
Continuous asphalt network,34.92817,-186.9715,1.971915,0.1027908
Continuous asphalt network,36.34121,-183.4542,7.887686,0.103696
Continuous asphalt network,32.1386,-191.4344,3.943923,0.1298472
Continuous asphalt network,29.91053,-195.3525,0.4929797,0.08844195
Continuous asphalt network,29.04107,-196.5864,0.4929872,0.0945858
Continuous asphalt network,30.09172,-194.5914,0.9859594,0.09681381
Continuous asphalt network,31.0156,-192.5242,1.971922,0.09906594
Continuous asphalt network,33.60606,-187.0839,0.492989,0.1043159
Continuous asphalt network,32.7366,-188.3178,0.4929911,0.1003998
Continuous asphalt network,33.78725,-186.3227,0.9859559,0.1043159
Continuous asphalt network,34.71113,-184.2556,1.971906,0.1043158
Continuous asphalt network,33.11691,-188.5341,0.9859552,0.1144375
Continuous asphalt network,33.98637,-187.3001,0.9859511,0.1173928
Continuous asphalt network,33.18926,-189.4394,1.971961,0.1307131
Continuous asphalt network,39.52967,-174.8972,3.94383,0.2592267
Continuous asphalt network,37.60955,-178.1262,0.9859639,0.2546875
Continuous asphalt network,36.27815,-180.3937,0.2464999,0.02224588
Continuous asphalt network,36.58612,-179.7046,0.2464789,0.1655122
Continuous asphalt network,37.04805,-178.671,0.4929556,0.185131
Continuous asphalt network,38.40667,-175.9869,1.971941,0.2592423
Continuous asphalt network,41.30508,-169.8575,0.9859693,0.339502
Continuous asphalt network,40.34502,-171.472,0.2464878,0.3327249
Continuous asphalt network,39.75632,-172.4335,0.1232422,0.2592396
Continuous asphalt network,40.06428,-171.7444,0.1232428,0.2976449
Continuous asphalt network,40.74358,-170.4024,0.4929801,0.3394825
Continuous asphalt network,42.10221,-167.7182,1.971906,0.3378422
Continuous asphalt network,40.85211,-171.7603,0.4929771,0.324424
Continuous asphalt network,39.94648,-172.5416,0.2464783,0.2592475
Continuous asphalt network,40.3812,-171.9247,0.2464799,0.2873912
Continuous asphalt network,41.37744,-170.7628,0.9859847,0.3394853
Continuous asphalt network,40.58033,-172.9021,1.971931,0.2641281
Continuous asphalt network,38.62371,-178.7029,1.971925,0.1575622
Continuous asphalt network,36.81244,-180.2654,0.9859671,0.1462321
Continuous asphalt network,37.6819,-179.0315,0.9859604,0.155837
Continuous asphalt network,39.85555,-175.9467,1.971935,0.2101811
Continuous asphalt network,39.49317,-177.4689,1.971912,0.1570299
Continuous asphalt network,37.39186,-181.4591,3.943877,0.1029023
Continuous asphalt network,38.77753,-179.8706,0.2464931,0.183495
Continuous asphalt network,38.94046,-180.3953,0.2464957,0.1035703
Continuous asphalt network,38.35192,-179.8446,0.492982,0.1109117
Continuous asphalt network,39.38433,-179.1354,0.4930029,0.1552904
Continuous asphalt network,39.2846,-180.1589,0.2464875,0.06263401
Continuous asphalt network,39.12166,-179.6342,0.2464849,0.1544708
Continuous asphalt network,38.58721,-181.2747,1.97192,0.1071605
Continuous asphalt network,25.18292,-201.3059,7.887717,0.09286505
Continuous asphalt network,26.08888,-197.5002,1.971952,0.04883091
Continuous asphalt network,27.10303,-198.0769,1.971936,0.08209955
Continuous asphalt network,25.21941,-198.7341,3.943846,0.07498866
Continuous asphalt network,20.83562,-207.4755,7.887748,0.0913159
Continuous asphalt network,23.04576,-201.8189,1.971951,0.07647332
Continuous asphalt network,24.27761,-199.0627,1.971956,0.08570002
Continuous asphalt network,22.93692,-203.4854,3.943874,0.09778783
Continuous asphalt network,15.61885,-214.8791,7.887782,0.07953299
Continuous asphalt network,10.65563,-222.4269,3.943829,0.07273798
Continuous asphalt network,13.62639,-217.2028,3.943837,0.06834263
Continuous asphalt network,19.56792,-206.7546,3.943872,0.09088505
Continuous asphalt network,23.1546,-200.1525,1.971895,0.05121903
Continuous asphalt network,21.92276,-202.9087,1.971937,0.09971192
Continuous asphalt network,18.58962,-209.655,7.887799,0.07703601
Continuous asphalt network,32.82752,-184.9128,3.94387,0.1276127
Continuous asphalt network,34.05937,-182.1566,3.943898,0.101034
Continuous asphalt network,29.34968,-189.8485,1.971912,0.1309961
Continuous asphalt network,26.86806,-193.6224,0.9859453,0.09835939
Continuous asphalt network,28.35345,-191.0103,0.9859501,0.09396452
Continuous asphalt network,32.06691,-184.4802,1.971932,0.07579633
Continuous asphalt network,30.83507,-187.2365,1.971909,0.131229
Continuous asphalt network,38.26198,-174.1762,1.971915,0.2592566
Continuous asphalt network,36.2151,-177.3332,0.4929629,0.265462
Continuous asphalt network,35.19165,-178.9116,0.1232466,0.2146478
Continuous asphalt network,34.67994,-179.7009,0.03081371,0.2100938
Continuous asphalt network,34.36974,-180.1726,0.01540079,0.09850145
Continuous asphalt network,34.55542,-179.8461,0.01540213,0.1505787
Continuous asphalt network,34.9426,-179.2021,0.06162627,0.2146472
Continuous asphalt network,35.71698,-177.9141,0.2464916,0.207398
Continuous asphalt network,37.26576,-175.3381,0.9859167,0.2592683
Continuous asphalt network,40.67125,-169.4971,0.4930106,0.3394652
Continuous asphalt network,39.64781,-171.0755,0.1232453,0.3394722
Continuous asphalt network,39.0274,-172.019,0.0616327,0.3151549
Continuous asphalt network,39.39875,-171.366,0.06163228,0.3394713
Continuous asphalt network,40.17313,-170.078,0.2464883,0.3394721
Continuous asphalt network,41.72189,-167.502,0.986005,0.3378054
Continuous asphalt network,39.90133,-171.2197,0.2464832,0.3394911
Continuous asphalt network,39.12248,-172.073,0.1232434,0.3151754
Continuous asphalt network,39.55721,-171.4561,0.1232424,0.3394983
Continuous asphalt network,40.49005,-170.2582,0.4929731,0.3394909
Continuous asphalt network,39.15866,-172.5257,0.4929751,0.2640719
Continuous asphalt network,39.87413,-171.6363,0.2464974,0.3272697
Continuous asphalt network,39.56617,-172.3254,0.2464962,0.2938405
Continuous asphalt network,36.16067,-178.1664,1.971992,0.263425
Continuous asphalt network,37.89959,-175.6985,1.971982,0.2592204
Continuous asphalt network,35.11683,-180.0573,0.06162269,0.06103441
Continuous asphalt network,35.13044,-179.849,0.0616211,0.2146207
Continuous asphalt network,35.37716,-180.0974,0.1232501,0.1377939
Continuous asphalt network,34.57573,-180.2897,0.1232505,0.09847823
Continuous asphalt network,34.86329,-179.9131,0.06162364,0.2349692
Continuous asphalt network,34.84968,-180.1214,0.06162523,0.09583706
Continuous asphalt network,35.54475,-179.5445,0.4929863,0.1939112
Continuous asphalt network,35.20958,-180.6502,0.9859709,0.1002991
Continuous asphalt network,36.66775,-178.4548,0.9859642,0.2472337
Continuous asphalt network,36.1786,-179.905,0.246488,0.1045458
Continuous asphalt network,35.87064,-180.594,0.2465008,0.1026436
Continuous asphalt network,36.07904,-179.4163,0.492997,0.2454644
Continuous asphalt network,27.50191,-193.9828,3.94384,0.1326115
Continuous asphalt network,29.24083,-191.5149,3.943861,0.1275301
Continuous asphalt network,27.21187,-196.4104,0.4929788,0.07190455
Continuous asphalt network,27.39307,-195.6493,0.4929846,0.07625933
Continuous asphalt network,27.62836,-197.0793,0.9859581,0.08026639
Continuous asphalt network,26.2339,-196.2864,0.1232404,0.06380836
Continuous asphalt network,26.32449,-195.9058,0.1232419,0.06493828
Continuous asphalt network,26.44214,-196.6208,0.2464937,0.06380854
Continuous asphalt network,25.68152,-196.1883,0.2464912,0.03888174
Continuous asphalt network,26.07095,-195.7616,0.1232516,0.09328249
Continuous asphalt network,25.98036,-196.1422,0.1232501,0.1075893
Continuous asphalt network,26.88599,-195.3609,0.4929813,0.1000123
Continuous asphalt network,26.78627,-196.3844,0.2464877,0.04312568
Continuous asphalt network,26.62332,-195.8597,0.2464812,0.0903796
Continuous asphalt network,28.51607,-194.5595,1.971916,0.1074039
Continuous asphalt network,28.31662,-196.6066,0.9859723,0.06086196
Continuous asphalt network,27.99074,-195.5571,0.9859625,0.1049788
Continuous asphalt network,33.3346,-185.2011,3.943811,0.07909725
Continuous asphalt network,31.56847,-188.0856,0.9859641,0.09989618
Continuous asphalt network,31.51404,-188.9188,0.9859619,0.1307758
Continuous asphalt network,32.97221,-186.7234,0.9859567,0.1043149
Continuous asphalt network,32.32908,-188.5181,0.4929762,0.159362
Continuous asphalt network,32.38351,-187.6849,0.4929808,0.1002776
Continuous asphalt network,30.50852,-192.2358,1.971963,0.1307768
Continuous asphalt network,29.40346,-195.0641,0.4929864,0.09400679
Continuous asphalt network,28.78753,-196.4423,0.4929939,0.09969836
Continuous asphalt network,29.45787,-194.2309,0.9859828,0.1300371
Continuous asphalt network,30.61737,-190.5694,3.943852,0.1307764
Continuous asphalt network,54.18441,-206.0917,3.837305,0.0290989
Continuous asphalt network,55.9975,-202.9178,1.918661,0.02110077
Continuous asphalt network,55.68201,-204.4107,1.91864,0.02599245
Continuous asphalt network,54.3811,-207.8638,7.674628,0.0406068
Continuous asphalt network,58.32279,-200.023,3.837336,0.02430212
Continuous asphalt network,60.83551,-195.5655,0.9593217,0.2027692
Continuous asphalt network,60.26394,-196.9188,0.9593278,0.08235751
Continuous asphalt network,59.40657,-198.9489,1.918694,0.05516628
Continuous asphalt network,56.99218,-204.2924,0.4796491,0.007006943
Continuous asphalt network,57.81985,-203.0787,0.4796615,0.02430166
Continuous asphalt network,56.83444,-205.0389,0.9593358,0.02773491
Continuous asphalt network,55.97706,-207.0689,1.918648,0.0336469
Continuous asphalt network,57.43571,-202.8693,0.9593337,0.02430183
Continuous asphalt network,56.60804,-204.083,0.9593089,0.007004539
Continuous asphalt network,57.33737,-201.9832,1.918665,0.02430191
Continuous asphalt network,63.28885,-192.7405,3.837303,0.1655706
Continuous asphalt network,65.10195,-189.5665,0.959346,0.1511041
Continuous asphalt network,66.04794,-187.793,0.1199154,0.115289
Continuous asphalt network,65.96906,-188.1662,0.1199139,0.1583894
Continuous asphalt network,66.56522,-187.0344,0.1199023,0.1574722
Continuous asphalt network,66.31144,-187.7285,0.02996852,0.1574757
Continuous asphalt network,66.16853,-188.0668,0.02996918,0.09842857
Continuous asphalt network,66.31887,-187.5244,0.05995329,0.1574692
Continuous asphalt network,65.64383,-189.0295,0.47964,0.1511161
Continuous asphalt network,64.37262,-191.6663,1.91868,0.1503431
Continuous asphalt network,67.58497,-185.9253,0.9593269,0.167438
Continuous asphalt network,68.69843,-184.0349,0.4796605,0.3183184
Continuous asphalt network,68.19088,-185.4231,0.1199202,0.269972
Continuous asphalt network,67.9051,-186.0998,0.1199187,0.2355502
Continuous asphalt network,68.20573,-185.015,0.2398309,0.3103696
Continuous asphalt network,70.35379,-181.6074,0.9592906,0.3165131
Continuous asphalt network,69.01856,-184.2094,0.239832,0.3183102
Continuous asphalt network,68.35094,-185.5104,0.05996086,0.3184238
Continuous asphalt network,68.00114,-186.1521,0.05995713,0.28879
Continuous asphalt network,68.46183,-185.1546,0.1199214,0.3183119
Continuous asphalt network,69.24033,-183.4978,0.4796439,0.3183338
Continuous asphalt network,65.74218,-189.9155,0.4796624,0.1582378
Continuous asphalt network,66.71275,-188.3634,0.1199194,0.1585271
Continuous asphalt network,67.30149,-187.4357,0.05996307,0.1574768
Continuous asphalt network,66.95167,-188.0774,0.05996073,0.1032629
Continuous asphalt network,66.22004,-189.3436,0.2398389,0.150904
Continuous asphalt network,64.75676,-191.8757,0.9593259,0.1576913
Continuous asphalt network,67.14143,-187.3484,0.2398226,0.1574918
Continuous asphalt network,66.68816,-188.1419,0.1199161,0.2303619
Continuous asphalt network,66.76702,-187.7687,0.1199048,0.1449463
Continuous asphalt network,67.09226,-186.9054,0.4796712,0.1574923
Continuous asphalt network,65.89992,-189.1691,0.4796668,0.1510804
Continuous asphalt network,66.51094,-187.6291,0.05996117,0.1575006
Continuous asphalt network,66.23256,-188.1017,0.02999345,0.09847562
Continuous asphalt network,66.37547,-187.7634,0.02999278,0.15751
Continuous asphalt network,66.69327,-187.1041,0.1199193,0.1575076
Continuous asphalt network,66.32861,-188.1541,0.05995422,0.1352257
Continuous asphalt network,66.53553,-187.8506,0.05994996,0.1807285
Continuous asphalt network,66.35319,-188.3756,0.1199253,0.1510817
Continuous asphalt network,59.18942,-201.3278,0.9593213,0.02430218
Continuous asphalt network,60.30289,-199.4374,0.4796789,0.09724566
Continuous asphalt network,59.7313,-200.7908,0.4796643,0.06382878
Continuous asphalt network,61.5444,-197.6168,0.4796664,0.1559256
Continuous asphalt network,62.72188,-195.7613,0.2398309,0.1318054
Continuous asphalt network,62.02225,-197.0448,0.2398299,0.155925
Continuous asphalt network,60.623,-199.6119,0.2398331,0.1559126
Continuous asphalt network,59.92338,-200.8954,0.2398351,0.1350879
Continuous asphalt network,60.84477,-198.9003,0.4796789,0.1559252
Continuous asphalt network,57.34662,-205.318,0.4796676,0.02909976
Continuous asphalt network,58.52411,-203.4625,0.2398508,0.03330642
Continuous asphalt network,57.82448,-204.7461,0.2398481,0.0290997
Continuous asphalt network,56.36119,-207.2782,0.9593405,0.03364782
Continuous asphalt network,58.61783,-202.6812,0.9593237,0.02366207
Continuous asphalt network,57.50437,-204.5716,0.4796622,0.0147437
Continuous asphalt network,58.07595,-203.2182,0.4796477,0.0256075
Continuous asphalt network,62.40176,-195.5868,0.9593237,0.1394494
Continuous asphalt network,61.57409,-196.8005,0.9593139,0.1621587
Continuous asphalt network,62.30342,-194.7007,1.918645,0.1652949
Continuous asphalt network,60.33259,-198.6211,0.959325,0.1477347
Continuous asphalt network,59.50491,-199.8349,0.9593359,0.04149105
Continuous asphalt network,60.93386,-196.4516,0.4796484,0.186374
Continuous asphalt network,61.50544,-195.0982,0.4796537,0.1681499
Continuous asphalt network,60.90417,-197.2678,0.9592968,0.1540798
Continuous asphalt network,47.06932,-222.1922,1.918657,0.008848758
Continuous asphalt network,48.72467,-219.7647,1.918691,0.009833268
Continuous asphalt network,46.75383,-223.6851,3.837346,0.00864351
Continuous asphalt network,52.03537,-214.9097,3.837361,0.01255209
Continuous asphalt network,49.36491,-220.1137,0.9593331,0.007401351
Continuous asphalt network,47.96566,-222.6808,0.9593425,0.008726908
Continuous asphalt network,49.80844,-218.6906,1.918686,0.01276136
Continuous asphalt network,42.81215,-231.526,1.918681,0.02972681
Continuous asphalt network,45.16713,-227.8149,0.9593716,0.05003726
Continuous asphalt network,43.76787,-230.382,0.9593587,0.05258063
Continuous asphalt network,40.26972,-236.7997,1.918725,0.08254534
Continuous asphalt network,41.41289,-234.0931,1.918679,0.03078405
Continuous asphalt network,44.78299,-227.6055,1.918643,0.0008153899
Continuous asphalt network,43.12764,-230.033,1.918643,0.02542825
Continuous asphalt network,45.09848,-226.1126,3.837368,0.003245739
Continuous asphalt network,52.41026,-211.7843,15.34919,0.0376327
Continuous asphalt network,48.78407,-218.1322,3.837327,0.0145473
Continuous asphalt network,46.55713,-221.913,1.918674,0.008848613
Continuous asphalt network,47.70029,-219.2063,1.918686,0.01489231
Continuous asphalt network,50.24273,-213.9326,7.674597,0.02067781
Continuous asphalt network,60.99886,-191.076,0.9593086,0.1511028
Continuous asphalt network,59.67385,-191.6025,0.4796566,0.1242522
Continuous asphalt network,60.21574,-191.0654,0.4796478,0.1212124
Continuous asphalt network,61.55559,-190.1309,1.918659,0.1511031
Continuous asphalt network,61.4665,-192.5797,1.918678,0.1511032
Continuous asphalt network,59.91508,-192.1502,0.9593764,0.09802943
Continuous asphalt network,60.96916,-191.8923,0.9593638,0.151101
Continuous asphalt network,62.92514,-188.38,0.4796753,0.1479844
Continuous asphalt network,63.46703,-187.843,0.4796684,0.1835642
Continuous asphalt network,63.16639,-188.9277,0.9593108,0.1511012
Continuous asphalt network,64.5508,-186.7688,0.959334,0.1574914
Continuous asphalt network,63.96437,-188.5303,0.4796454,0.2125949
Continuous asphalt network,63.99406,-187.714,0.4796501,0.125246
Continuous asphalt network,62.57996,-190.6892,3.837328,0.1511022
Continuous asphalt network,66.43256,-185.2972,1.918644,0.1574907
Continuous asphalt network,67.53117,-183.8149,0.4796681,0.1574904
Continuous asphalt network,68.07305,-183.2778,0.4796884,0.2848774
Continuous asphalt network,67.23054,-184.8997,0.9593132,0.1574874
Continuous asphalt network,69.96965,-181.398,1.918647,0.3165147
Continuous asphalt network,68.44234,-183.8953,0.4796612,0.2656145
Continuous asphalt network,67.61466,-185.1091,0.4796521,0.2028891
Continuous asphalt network,68.60009,-183.1488,0.9593221,0.3071175
Continuous asphalt network,65.83127,-187.4667,0.9593314,0.1658964
Continuous asphalt network,65.00359,-188.6805,0.9593479,0.1237954
Continuous asphalt network,65.73292,-186.5807,1.918655,0.1574912
Continuous asphalt network,63.34825,-191.108,1.918693,0.1510959
Continuous asphalt network,64.36335,-188.3315,0.4796433,0.09999045
Continuous asphalt network,64.93494,-186.9782,0.4796636,0.157479
Continuous asphalt network,64.33366,-189.1478,0.9593245,0.1531689
Continuous asphalt network,57.04232,-199.3251,3.837367,0.02669803
Continuous asphalt network,59.49566,-196.5001,0.9593142,0.0343572
Continuous asphalt network,60.57942,-195.4259,0.9593167,0.124901
Continuous asphalt network,58.38219,-198.3905,1.91866,0.03437435
Continuous asphalt network,55.64305,-201.8921,3.837342,0.02391083
Continuous asphalt network,53.41613,-205.673,1.918652,0.02909747
Continuous asphalt network,54.55929,-202.9663,1.918635,0.03235631
Continuous asphalt network,59.82598,-194.599,0.9593164,0.09404681
Continuous asphalt network,60.88005,-194.3411,0.9593368,0.1511006
Continuous asphalt network,59.26926,-195.5442,1.918641,0.09390567
Continuous asphalt network,59.35835,-193.0954,1.918668,0.0981931
Continuous asphalt network,60.90976,-193.5249,0.9593436,0.1511029
Continuous asphalt network,59.85568,-193.7828,0.9593233,0.09404881
Continuous asphalt network,57.10173,-197.6925,3.837311,0.0676325
Continuous asphalt network,58.24489,-194.9858,3.837279,0.06947551
Continuous asphalt network,68.15472,-181.0331,0.239822,0.2941835
Continuous asphalt network,67.62769,-181.162,0.2398213,0.1574781
Continuous asphalt network,68.43309,-180.5605,0.479661,0.2977652
Continuous asphalt network,68.38854,-181.7849,0.4796653,0.2894712
Continuous asphalt network,67.61283,-181.5701,0.2398537,0.1574774
Continuous asphalt network,68.13987,-181.4412,0.2398543,0.2941835
Continuous asphalt network,66.59589,-180.8077,0.959317,0.1985673
Continuous asphalt network,67.65739,-180.3458,0.2398382,0.1989194
Continuous asphalt network,68.18443,-180.2168,0.2398244,0.3015379
Continuous asphalt network,67.37901,-180.8184,0.4796673,0.176021
Continuous asphalt network,69.74325,-180.4422,3.837343,0.3150595
Continuous asphalt network,66.50681,-183.2565,0.959325,0.1574941
Continuous asphalt network,67.56828,-182.7945,0.2398074,0.1574914
Continuous asphalt network,68.09532,-182.6656,0.2398163,0.2848717
Continuous asphalt network,67.28992,-183.2671,0.4796618,0.1574888
Continuous asphalt network,65.95008,-184.2017,1.918669,0.1574897
Continuous asphalt network,66.03916,-181.7529,1.918645,0.1884921
Continuous asphalt network,67.33447,-182.0428,0.4796695,0.157484
Continuous asphalt network,68.11018,-182.2575,0.2398375,0.284872
Continuous asphalt network,67.58314,-182.3864,0.2398286,0.1574884
Continuous asphalt network,66.53649,-182.4402,0.9593099,0.1574937
Continuous asphalt network,66.68497,-178.3589,0.959343,0.3346532
Continuous asphalt network,67.74647,-177.897,0.2398316,0.3314055
Continuous asphalt network,68.27351,-177.768,0.2398268,0.2850928
Continuous asphalt network,67.4681,-178.3696,0.4796809,0.3346523
Continuous asphalt network,66.38434,-179.4437,0.4796598,0.3346471
Continuous asphalt network,65.83503,-180.1849,0.2398297,0.2511749
Continuous asphalt network,65.84988,-179.7767,0.2398403,0.3135301
Continuous asphalt network,66.14309,-178.896,0.9593196,0.3346614
Continuous asphalt network,66.21733,-176.8554,1.918639,0.3346531
Continuous asphalt network,67.51264,-177.1452,0.4796571,0.3316669
Continuous asphalt network,68.28835,-177.3599,0.2398268,0.2843834
Continuous asphalt network,67.76131,-177.4888,0.2398316,0.3308675
Continuous asphalt network,66.71467,-177.5427,0.9592948,0.3346537
Continuous asphalt network,69.41109,-178.8043,0.1199219,0.3156338
Continuous asphalt network,69.15499,-178.6647,0.1199159,0.2823299
Continuous asphalt network,69.81008,-178.6056,0.239825,0.315685
Continuous asphalt network,68.99725,-179.4112,0.2398453,0.3156726
Continuous asphalt network,68.88405,-178.9333,0.1199097,0.2823827
Continuous asphalt network,69.14014,-179.0729,0.1199158,0.3156704
Continuous asphalt network,69.04922,-177.9827,0.4796466,0.2843924
Continuous asphalt network,69.69687,-178.1276,0.1199277,0.2809583
Continuous asphalt network,69.95296,-178.2673,0.1199216,0.3156827
Continuous asphalt network,69.29789,-178.3264,0.2398511,0.2802828
Continuous asphalt network,70.31483,-179.0888,1.918657,0.3156675
Continuous asphalt network,67.55161,-179.6638,0.1199201,0.3346213
Continuous asphalt network,67.27697,-180.0343,0.05995312,0.2611475
Continuous asphalt network,67.28439,-179.8303,0.05996284,0.334638
Continuous asphalt network,67.43098,-179.3899,0.2398343,0.3346398
Continuous asphalt network,68.07124,-179.7389,0.1199265,0.2590046
Continuous asphalt network,68.32732,-179.8785,0.119908,0.3035237
Continuous asphalt network,67.53677,-180.0719,0.1199248,0.2121433
Continuous asphalt network,67.80772,-179.8033,0.119917,0.3312998
Continuous asphalt network,66.35464,-180.26,0.4796781,0.1998442
Continuous asphalt network,66.90395,-179.5189,0.2398299,0.334648
Continuous asphalt network,67.02088,-179.8948,0.05996551,0.3131356
Continuous asphalt network,67.01346,-180.0988,0.05995579,0.221385
Continuous asphalt network,66.76106,-179.8572,0.1199187,0.3036408
Continuous asphalt network,68.24382,-178.5843,0.2398391,0.2887105
Continuous asphalt network,67.71677,-178.7132,0.2398343,0.3346461
Continuous asphalt network,68.52219,-178.1117,0.4796659,0.2845927
Continuous asphalt network,68.48506,-179.132,0.239833,0.2839528
Continuous asphalt network,68.59826,-179.6099,0.1199107,0.3157075
Continuous asphalt network,68.34217,-179.4703,0.1199292,0.2791103
Continuous asphalt network,67.70193,-179.1214,0.2398343,0.3346879
Continuous asphalt network,68.22897,-178.9924,0.2398391,0.2887653
Continuous asphalt network,63.78253,-186.35,1.918668,0.1574896
Continuous asphalt network,62.95485,-187.5638,0.4796453,0.1574883
Continuous asphalt network,62.40554,-188.3049,0.2398316,0.1552117
Continuous asphalt network,62.42039,-187.8968,0.2398153,0.129798
Continuous asphalt network,62.7136,-187.0161,0.9593341,0.157487
Continuous asphalt network,62.78785,-184.9754,1.91868,0.1891212
Continuous asphalt network,63.81223,-185.5338,1.918671,0.1574899
Continuous asphalt network,61.0731,-189.0354,1.918631,0.1472262
Continuous asphalt network,59.70354,-190.7862,0.9593384,0.1255329
Continuous asphalt network,60.27512,-189.4329,0.9593208,0.125738
Continuous asphalt network,61.67438,-186.8658,3.837335,0.1812175
Continuous asphalt network,63.96071,-181.4525,3.837312,0.1847294
Continuous asphalt network,65.13357,-177.9295,1.918656,0.3346535
Continuous asphalt network,65.08902,-179.1539,0.9593279,0.3346554
Continuous asphalt network,65.18737,-180.04,0.1199111,0.2238014
Continuous asphalt network,65.45831,-179.7714,0.1199199,0.3318537
Continuous asphalt network,65.30799,-180.3138,0.2398297,0.2023416
Continuous asphalt network,64.67147,-179.8628,0.05995739,0.3238864
Continuous asphalt network,64.66403,-180.0669,0.0599596,0.2412188
Continuous asphalt network,64.41166,-179.8253,0.119924,0.3190309
Continuous asphalt network,65.20222,-179.6318,0.1199261,0.3346246
Continuous asphalt network,64.92756,-180.0024,0.05996327,0.2597723
Continuous asphalt network,64.93499,-179.7984,0.05996106,0.3346462
Continuous asphalt network,64.44321,-182.5479,3.837358,0.189032
Continuous asphalt network,64.896,-184.4596,1.918687,0.1574898
Continuous asphalt network,63.87162,-183.9012,1.918697,0.1891212
Continuous asphalt network,23.00835,-133.3036,20.04802,0.03304538
Continuous asphalt network,13.14884,-127.4493,10.02403,0.04718239
Continuous asphalt network,20.08593,-130.6646,10.02402,0.03809522
Continuous asphalt network,0.3669027,-118.956,20.04793,0.03556721
Continuous asphalt network,13.8315,-126.1602,5.011986,0.04877653
Continuous asphalt network,20.49553,-129.8912,5.011976,0.03809587
Continuous asphalt network,10.22642,-124.8103,10.02396,0.03723627
Continuous asphalt network,45.14433,-144.5269,5.012045,0.01477817
Continuous asphalt network,40.21457,-141.5998,2.506056,0.02948355
Continuous asphalt network,43.68312,-143.2074,2.506062,0.02612855
Continuous asphalt network,35.42135,-138.4148,2.506073,0.0161525
Continuous asphalt network,30.55986,-135.3587,1.252976,0.0130829
Continuous asphalt network,33.89188,-137.2242,1.252966,0.01909931
Continuous asphalt network,42.22191,-141.888,2.506094,0.06419413
Continuous asphalt network,38.75336,-140.2803,2.50607,0.01307623
Continuous asphalt network,53.67917,-148.8039,20.04818,0.01518943
Continuous asphalt network,30.21852,-136.0033,5.01204,0.0130832
Continuous asphalt network,33.41401,-138.1266,5.01204,0.02050238
Continuous asphalt network,28.07465,-135.9729,10.02403,0.03019634
Continuous asphalt network,38.20723,-141.3116,5.012064,0.03039585
Continuous asphalt network,43.13699,-144.2388,2.505992,0.02573517
Continuous asphalt network,39.66843,-142.6311,2.505989,0.02931808
Continuous asphalt network,30.99706,-138.6119,5.012087,0.01734776
Continuous asphalt network,34.73868,-139.7039,5.012051,0.03024985
Continuous asphalt network,-7.389393,-117.2876,80.19241,0.03665772
Continuous asphalt network,9.134152,-126.8729,20.04826,0.03753112
Continuous asphalt network,18.99367,-132.7272,10.02408,0.03871099
Continuous asphalt network,12.05657,-129.5119,10.02409,0.04482351
Continuous asphalt network,-1.544559,-122.5656,40.09653,0.03743881
Continuous asphalt network,85.12853,-166.9129,5.012012,0.02618235
Continuous asphalt network,80.19877,-163.9857,2.506003,0.03438952
Continuous asphalt network,83.66732,-165.5934,2.505994,0.03570229
Continuous asphalt network,73.80779,-159.7391,5.011996,0.009653049
Continuous asphalt network,80.54011,-163.3412,1.253001,0.03487004
Continuous asphalt network,83.87212,-165.2067,1.252997,0.03570123
Continuous asphalt network,78.73756,-162.6662,2.506003,0.009505115
Continuous asphalt network,93.66337,-171.1899,20.04797,0.02529663
Continuous asphalt network,71.80045,-159.4509,10.02405,0.005959697
Continuous asphalt network,68.00074,-157.4489,2.505979,0.0295907
Continuous asphalt network,66.79227,-157.6916,2.506021,0.07476173
Continuous asphalt network,69.65658,-159.4205,2.505973,0.008774426
Continuous asphalt network,67.18155,-158.9959,1.252992,0.07618153
Continuous asphalt network,68.39001,-158.7532,1.252974,0.02516872
Continuous asphalt network,78.19142,-163.6975,5.012018,0.008768459
Continuous asphalt network,81.38691,-165.8209,5.011963,0.03981294
Continuous asphalt network,72.71553,-161.8017,2.506046,0.00968719
Continuous asphalt network,69.17873,-160.323,0.6265268,0.008792425
Continuous asphalt network,67.44445,-159.5191,0.6265327,0.05706152
Continuous asphalt network,70.18239,-160.467,1.253029,0.008903956
Continuous asphalt network,74.72287,-162.0899,5.012005,0.01036822
Continuous asphalt network,115.3897,-183.1867,2.506009,0.01912631
Continuous asphalt network,112.1943,-181.0634,2.505948,0.04747204
Continuous asphalt network,120.456,-185.856,5.011987,0.03003556
Continuous asphalt network,110.1869,-180.7752,10.02411,0.01682433
Continuous asphalt network,133.7841,-193.318,10.02414,0.04028539
Continuous asphalt network,120.1147,-186.5006,2.506148,0.02947586
Continuous asphalt network,113.3141,-183.0274,2.506155,0.01677383
Continuous asphalt network,123.6515,-187.9793,5.012067,0.02977842
Continuous asphalt network,92.98069,-172.479,10.02414,0.02558856
Continuous asphalt network,79.31129,-165.6616,2.506104,0.0242917
Continuous asphalt network,72.4766,-162.2529,0.6264801,0.01068664
Continuous asphalt network,69.05926,-160.5485,0.1566351,0.00881424
Continuous asphalt network,67.35912,-159.6802,0.1566344,0.05706061
Continuous asphalt network,69.94346,-160.9182,0.3132382,0.009226297
Continuous asphalt network,74.24501,-162.9923,1.253053,0.02446139
Continuous asphalt network,82.84811,-167.1404,5.012073,0.02560112
Continuous asphalt network,100.0543,-175.4365,20.04816,0.007292299
Continuous asphalt network,32.1852,-140.447,5.012061,0.04119781
Continuous asphalt network,38.9175,-144.0491,1.253084,0.0283797
Continuous asphalt network,42.24952,-145.9146,1.253088,0.02582015
Continuous asphalt network,37.11496,-143.3742,2.506027,0.04192559
Continuous asphalt network,28.58012,-139.0972,10.02408,0.03079192
Continuous asphalt network,48.84529,-149.7745,5.011961,0.01919422
Continuous asphalt network,57.2436,-154.3094,1.252937,0.01867142
Continuous asphalt network,62.27576,-157.0432,0.6265281,0.0744529
Continuous asphalt network,58.87548,-155.3066,0.6265268,0.07085256
Continuous asphalt network,52.10905,-151.7689,2.505878,0.01466448
Continuous asphalt network,36.84189,-143.8898,1.252949,0.04165654
Continuous asphalt network,41.87406,-146.6236,0.6265575,0.02592969
Continuous asphalt network,38.47377,-144.8871,0.6265584,0.02710436
Continuous asphalt network,31.70734,-141.3494,2.505895,0.04095551
Continuous asphalt network,41.97645,-146.4303,1.252941,0.02593314
Continuous asphalt network,38.64443,-144.5648,1.252938,0.0274905
Continuous asphalt network,43.779,-147.1052,2.505986,0.01917539
Continuous asphalt network,8.04189,-128.9355,5.011944,0.03596623
Continuous asphalt network,16.44021,-133.4704,1.252991,0.03012438
Continuous asphalt network,21.47236,-136.2042,0.6264845,0.0295174
Continuous asphalt network,18.07208,-134.4676,0.6264836,0.03345953
Continuous asphalt network,11.30565,-130.9299,2.505981,0.0357445
Continuous asphalt network,-2.227226,-123.8547,10.02388,0.03764049
Continuous asphalt network,16.71326,-132.9547,2.506008,0.03493622
Continuous asphalt network,21.57475,-136.0108,1.252997,0.02966302
Continuous asphalt network,18.24274,-134.1453,1.253,0.03377099
Continuous asphalt network,11.64697,-130.2854,5.012036,0.03994552
Continuous asphalt network,23.51382,-136.4279,5.012053,0.03176322
Continuous asphalt network,20.31834,-134.3046,5.012082,0.01592524
Continuous asphalt network,49.39142,-148.7432,10.02409,0.01389663
Continuous asphalt network,57.51666,-153.7937,2.506052,0.01850025
Continuous asphalt network,62.37815,-156.8498,1.252986,0.02815293
Continuous asphalt network,59.04614,-154.9843,1.252986,0.0161157
Continuous asphalt network,52.45037,-151.1244,5.012104,0.01458816
Continuous asphalt network,37.52456,-142.6007,2.505985,0.04132104
Continuous asphalt network,42.38606,-145.6568,1.252887,0.02581545
Continuous asphalt network,39.05404,-143.7913,1.252882,0.02837634
Continuous asphalt network,32.45827,-139.9314,5.011952,0.03993936
Continuous asphalt network,44.32513,-146.0739,5.012036,0.01365907
Continuous asphalt network,39.39537,-143.1467,2.506094,0.02931866
Continuous asphalt network,42.86392,-144.7544,2.506097,0.02573627
Continuous asphalt network,62.05716,-155.4165,2.506011,0.008335238
Continuous asphalt network,63.38183,-156.9939,2.506045,0.06946032
Continuous asphalt network,59.524,-154.0819,5.012018,0.0112468
Continuous asphalt network,65.5257,-157.0242,5.01197,0.06078178
Continuous asphalt network,64.20103,-155.4469,5.011953,0.02409654
Continuous asphalt network,56.60158,-151.4429,20.04802,0.02352945
Continuous asphalt network,123.8077,-113.2892,1.698358,0.02825112
Continuous asphalt network,127.216,-115.1488,0.8491286,0.05063968
Continuous asphalt network,124.8539,-114.0815,0.8491315,0.04416302
Continuous asphalt network,130.5569,-117.1376,0.8491827,0.02284047
Continuous asphalt network,133.9316,-119.0618,0.424527,0.0408002
Continuous asphalt network,131.6369,-117.8652,0.4245251,0.02208453
Continuous asphalt network,127.0475,-115.472,0.4246065,0.04860483
Continuous asphalt network,124.7527,-114.2755,0.424605,0.04416355
Continuous asphalt network,128.2622,-115.941,0.8491827,0.02485447
Continuous asphalt network,116.7886,-109.9581,0.8491729,0.02636223
Continuous asphalt network,119.6065,-111.5508,0.2122505,0.02212946
Continuous asphalt network,120.7201,-112.2138,0.2122898,0.2488953
Continuous asphalt network,117.8686,-110.6857,0.4244999,0.02976105
Continuous asphalt network,113.3128,-108.2279,1.698343,0.003997039
Continuous asphalt network,121.3781,-112.3513,0.4245771,0.02929626
Continuous asphalt network,120.2644,-111.6883,0.4245799,0.0322677
Continuous asphalt network,122.0698,-112.4241,0.849176,0.02929576
Continuous asphalt network,118.0371,-110.3624,0.849145,0.0312539
Continuous asphalt network,120.433,-111.3651,0.2122927,0.03377609
Continuous asphalt network,121.6141,-111.8987,0.2122868,0.0292927
Continuous asphalt network,119.775,-111.2276,0.4245753,0.02420124
Continuous asphalt network,134.1002,-118.7385,1.698393,0.04080063
Continuous asphalt network,131.8729,-117.4126,1.698385,0.02240482
Continuous asphalt network,135.4835,-118.8842,3.396721,0.040038
Continuous asphalt network,127.3509,-114.8902,0.8491541,0.05063462
Continuous asphalt network,125.1236,-113.5643,0.8491586,0.04361828
Continuous asphalt network,128.5994,-115.2945,1.698351,0.03946131
Continuous asphalt network,133.3911,-117.2997,1.698355,0.05072018
Continuous asphalt network,130.8941,-116.4911,1.698343,0.03741856
Continuous asphalt network,146.248,-123.4284,1.698343,0.133796
Continuous asphalt network,141.0681,-120.7684,0.2122903,0.0787316
Continuous asphalt network,142.7554,-121.7305,0.1061478,0.1217986
Continuous asphalt network,141.608,-121.1322,0.1061482,0.0787324
Continuous asphalt network,139.3302,-119.9033,0.4245788,0.07059503
Continuous asphalt network,143.3965,-121.9003,0.4245849,0.1231851
Continuous asphalt network,141.6923,-120.9706,0.2122903,0.07873189
Continuous asphalt network,142.8734,-121.5042,0.2122914,0.1182361
Continuous asphalt network,149.7913,-125.0293,1.698343,0.1419199
Continuous asphalt network,146.3829,-123.1698,0.8491715,0.1310791
Continuous asphalt network,148.7451,-124.237,0.849182,0.1499351
Continuous asphalt network,155.241,-127.172,0.2122933,0.1768588
Continuous asphalt network,156.9283,-128.1341,0.1061604,0.2070794
Continuous asphalt network,155.7809,-127.5359,0.1061599,0.1796155
Continuous asphalt network,153.5031,-126.3069,0.4245952,0.1527686
Continuous asphalt network,157.5694,-128.304,0.4245802,0.20709
Continuous asphalt network,155.8652,-127.3742,0.2122894,0.1816343
Continuous asphalt network,157.0463,-127.9078,0.2122901,0.2070931
Continuous asphalt network,160.5558,-129.5734,1.698313,0.1970455
Continuous asphalt network,153.4019,-126.5009,0.8491938,0.1527583
Continuous asphalt network,155.7304,-127.6328,0.2122532,0.1796536
Continuous asphalt network,156.8777,-128.2311,0.2122542,0.207113
Continuous asphalt network,155.0893,-127.463,0.4246021,0.1737796
Continuous asphalt network,152.1197,-126.1612,1.698345,0.1550982
Continuous asphalt network,142.4688,-122.28,0.4246087,0.1289315
Continuous asphalt network,141.3889,-121.5524,0.4246064,0.0787276
Continuous asphalt network,143.1437,-122.3852,0.8491732,0.1258124
Continuous asphalt network,139.229,-120.0972,0.8491991,0.07059444
Continuous asphalt network,141.5575,-121.2292,0.2122636,0.07872857
Continuous asphalt network,142.7048,-121.8275,0.2122628,0.1217964
Continuous asphalt network,140.9164,-121.0593,0.4245994,0.07872881
Continuous asphalt network,147.2606,-124.2853,1.698437,0.1710911
Continuous asphalt network,144.831,-123.3473,1.698342,0.1188846
Continuous asphalt network,137.812,-120.0162,3.396705,0.07062162
Continuous asphalt network,140.6467,-121.5766,0.8491446,0.07876086
Continuous asphalt network,142.334,-122.5386,0.4245797,0.1288769
Continuous asphalt network,141.1192,-122.0697,0.4245827,0.08197712
Continuous asphalt network,138.757,-121.0024,1.698286,0.07097986
Continuous asphalt network,120.805,-113.4504,3.39669,0.0276827
Continuous asphalt network,117.4303,-111.5262,1.698375,0.02685566
Continuous asphalt network,120.5347,-112.5694,0.8491701,0.02259553
Continuous asphalt network,119.1851,-112.359,0.8491825,0.01893322
Continuous asphalt network,113.1106,-108.6158,3.396688,0.003997039
Continuous asphalt network,117.7674,-110.8797,0.8491985,0.02975813
Continuous asphalt network,120.6695,-112.3107,0.4246132,0.08300614
Continuous asphalt network,119.4548,-111.8418,0.4245923,0.02067754
Continuous asphalt network,116.4852,-110.54,1.698347,0.0237682
Continuous asphalt network,127.9588,-116.5229,1.698362,0.01882322
Continuous asphalt network,124.6516,-114.4694,0.8491569,0.04416187
Continuous asphalt network,126.9463,-115.666,0.84916,0.04860323
Continuous asphalt network,131.5358,-118.0592,0.8492231,0.02208719
Continuous asphalt network,133.8305,-119.2558,0.849227,0.04080172
Continuous asphalt network,130.2535,-117.7195,1.698351,0.02237751
Continuous asphalt network,124.3145,-115.116,6.7934,0.03046679
Continuous asphalt network,110.2764,-108.4537,13.58683,0.009359505
Continuous asphalt network,116.6206,-111.6796,1.698352,0.03972443
Continuous asphalt network,115.271,-111.4693,1.698353,0.006000169
Continuous asphalt network,119.3204,-113.4987,1.698355,0.01559194
Continuous asphalt network,116.8234,-112.69,0.4245849,0.03318948
Continuous asphalt network,115.6087,-112.221,0.4245782,0.01536741
Continuous asphalt network,117.5657,-112.6659,0.8491694,0.03318985
Continuous asphalt network,112.1666,-110.4261,6.793356,0
Continuous asphalt network,105.7485,-107.0115,10.63875,0.008866431
Continuous asphalt network,-60.38767,-193.2252,24.25575,0.008672504
Continuous asphalt network,-76.11817,-217.1582,51.92865,0.01442158
Continuous asphalt network,-66.3073,-205.4002,25.96416,0.009350194
Continuous asphalt network,-71.41303,-213.8717,25.96413,0.01401943
Continuous asphalt network,-79.45236,-228.1311,32.93261,0.01396275
Continuous asphalt network,1.770004,-79.57824,12.05851,0.02925406
Continuous asphalt network,0.1126862,-83.91897,12.05856,0.01459478
Continuous asphalt network,7.112845,-72.05215,6.029334,0.02761894
Continuous asphalt network,10.86645,-66.26316,3.014635,0.0392665
Continuous asphalt network,8.702083,-70.31505,3.014648,0.02685128
Continuous asphalt network,4.373347,-78.41882,3.014663,0.02374648
Continuous asphalt network,2.208974,-82.47071,3.014673,0.01749534
Continuous asphalt network,4.948477,-76.10403,6.029326,0.02213956
Continuous asphalt network,-5.873376,-96.36349,6.029211,0.02188129
Continuous asphalt network,-2.119771,-90.57449,3.014639,0.01514995
Continuous asphalt network,-4.284144,-94.62638,3.014626,0.01384479
Continuous asphalt network,-8.866409,-102.5857,12.05841,0.02631031
Continuous asphalt network,-2.880346,-90.14124,6.029267,0.01606076
Continuous asphalt network,-5.551765,-93.90427,6.029284,0.01531458
Continuous asphalt network,-2.558736,-87.68203,12.05853,0.009669815
Continuous asphalt network,5.08465,-70.89678,12.05847,0.028213
Continuous asphalt network,10.10588,-65.8299,6.029214,0.04236402
Continuous asphalt network,7.434456,-69.59293,6.029218,0.02984987
Continuous asphalt network,1.584566,-76.83019,24.11692,0.01826223
Continuous asphalt network,9.4134,-62.79301,24.117,0.03964695
Continuous asphalt network,4.899214,-68.14874,12.05854,0.02822881
Continuous asphalt network,6.556539,-63.808,12.05852,0.04034655
Continuous asphalt network,-59.13183,-24.03671,26.89171,0.01819981
Continuous asphalt network,-89.91781,-65.16084,69.74023,0.01389422
Continuous asphalt network,-98.54407,-82.49664,34.87005,0.009873556
Continuous asphalt network,-94.53883,-70.85431,34.86999,0.009282994
Continuous asphalt network,-108.4795,-99.76859,34.86984,0
Continuous asphalt network,-117.7604,-117.0724,17.43473,0
Continuous asphalt network,-112.4459,-105.494,17.4347,0
Continuous asphalt network,-103.8197,-88.1582,34.86984,0.008910787
Continuous asphalt network,-96.50262,-70.75854,17.43493,0.009282961
Continuous asphalt network,-100.5079,-82.40087,17.43496,0.009873522
Continuous asphalt network,-128.3504,-134.3125,34.86981,0.002892666
Continuous asphalt network,-137.6313,-151.6163,17.43535,0.009943001
Continuous asphalt network,-132.3168,-140.0379,17.43537,0.009848367
Continuous asphalt network,-147.5667,-168.8882,17.43522,0.01414163
Continuous asphalt network,-157.1749,-186.1761,8.717415,0.01183558
Continuous asphalt network,-151.2058,-174.6296,8.717422,0.01260021
Continuous asphalt network,-141.925,-157.3257,17.43525,0.01185334
Continuous asphalt network,-133.2987,-139.99,8.717277,0.009848374
Continuous asphalt network,-138.6132,-151.5684,8.717267,0.009943159
Continuous asphalt network,-123.3633,-122.718,34.86978,0.002977424
Continuous asphalt network,-115.0643,-105.3663,17.43478,0.001582925
Continuous asphalt network,-119.7241,-116.9767,17.43479,0.001635021
Continuous asphalt network,-106.1108,-88.04647,17.43511,0.008840396
Continuous asphalt network,-97.48452,-70.71068,8.717438,0.008806149
Continuous asphalt network,-102.799,-82.28916,8.717437,0.008282637
Continuous asphalt network,-111.0979,-99.64089,17.43511,0.0003658466
Continuous asphalt network,-118.7422,-117.0246,8.717526,0.001236569
Continuous asphalt network,-114.0824,-105.4142,8.717522,0.001185091
Continuous asphalt network,-135.1345,-139.0868,17.03559,0.006982322
Continuous asphalt network,-142.1092,-150.0419,17.03554,0.009758652
Continuous asphalt network,-132.6528,-133.0178,34.07097,0.004646566
Continuous asphalt network,-152.5713,-166.4744,17.0353,0.0121198
Continuous asphalt network,-162.7819,-183.0549,8.517657,0.008386749
Continuous asphalt network,-156.3101,-171.8041,8.517651,0.01046523
Continuous asphalt network,-143.3663,-149.3025,8.517689,0.009687564
Continuous asphalt network,-136.8945,-138.0517,8.517665,0.007144644
Continuous asphalt network,-146.0994,-155.2236,17.03527,0.009008165
Continuous asphalt network,-113.7401,-98.9696,17.03558,0.002930403
Continuous asphalt network,-123.9507,-115.5501,8.517429,0.001248115
Continuous asphalt network,-117.4788,-104.2993,8.517437,0.001012719
Continuous asphalt network,-104.5351,-81.79766,8.517597,0.007658943
Continuous asphalt network,-98.06323,-70.54685,8.517608,0.008896496
Continuous asphalt network,-107.2682,-87.7188,17.03558,0.008272626
Continuous asphalt network,-123.1964,-115.9937,17.03587,0.00130336
Continuous asphalt network,-116.2217,-105.0386,17.03583,0.0009289933
Continuous asphalt network,-125.6781,-122.0627,34.07093,0.003987249
Continuous asphalt network,-150.56,-167.6574,34.07106,0.0133342
Continuous asphalt network,-162.0277,-183.4985,17.03561,0.008386752
Continuous asphalt network,-155.053,-172.5435,17.03563,0.01095726
Continuous asphalt network,-141.1036,-150.6333,17.03522,0.01026161
Continuous asphalt network,-134.1289,-139.6783,17.03527,0.007686858
Continuous asphalt network,-143.5853,-156.7023,34.07109,0.01002838
Continuous asphalt network,-163.5037,-190.159,68.14204,0.01133794
Continuous asphalt network,-152.5388,-174.0222,34.07082,0.01212134
Continuous asphalt network,-158.5078,-185.5687,34.0708,0.01114937
Continuous asphalt network,-111.7328,-34.35,28.15123,0.02050871
Continuous asphalt network,-68.44268,-30.15713,19.15812,0.01481279
Continuous asphalt network,-72.08191,-36.48333,19.1581,0.01035491
Continuous asphalt network,-68.71758,-25.95563,38.31591,0.01090714
Continuous asphalt network,-214.0847,32.79177,7.746046,0.01127108
Continuous asphalt network,-208.3754,34.68822,7.746074,0
Continuous asphalt network,-216.7932,30.68607,15.49226,0.0123412
Continuous asphalt network,-224.8784,28.92809,26.84776,0.009820915
Continuous asphalt network,-270.4265,-32.92343,22.52966,0.003535539
Continuous asphalt network,-279.8284,-44.44706,22.5295,0.003367615
Continuous asphalt network,-266.1114,-25.5044,45.0601,0.00609071
Continuous asphalt network,-252.7802,-4.904546,22.52972,0.007587506
Continuous asphalt network,-241.6065,11.98581,11.26454,0.00607231
Continuous asphalt network,-245.9217,4.566788,11.26485,0.007840376
Continuous asphalt network,-254.7448,-9.442653,22.53002,0.005859014
Continuous asphalt network,-259.06,-16.86168,22.53005,0.005856311
Continuous asphalt network,-279.2497,-46.93288,45.05985,0.003086188
Continuous asphalt network,-267.6903,-31.69973,22.5295,0.005109663
Continuous asphalt network,-272.0054,-39.11876,22.52993,0.003441125
Continuous asphalt network,-281.0215,-52.2996,45.05965,0.001516908
Continuous asphalt network,-285.3366,-59.71863,45.05946,0.001548358
Continuous asphalt network,-320.4341,-38.73125,4.237969,0.003818145
Continuous asphalt network,-327.1637,-31.63524,57.45396,0.004419207
Continuous asphalt network,-342.9766,5.83431,45.01617,0.00567867
Continuous asphalt network,-358.3423,7.666875,25.21166,0.004555074
Continuous asphalt network,-365.9854,7.635376,10.93206,0.00456271
Continuous asphalt network,-375.6505,24.50287,28.79052,0.005035928
Continuous asphalt network,-371.7491,18.45284,33.92834,0.004998227
Continuous asphalt network,-346.4394,11.13916,21.58381,0.005468593
Continuous asphalt network,-322.7766,-34.81862,44.09589,0.004402724
Continuous asphalt network,-311.5054,-44.66378,36.06377,0.003531114
Continuous asphalt network,-277.2278,-11.63839,21.11863,0.005881148
Continuous asphalt network,-284.1909,-21.46746,10.55941,0.005480229
Continuous asphalt network,-280.198,-14.48314,10.55945,0.005543808
Continuous asphalt network,-291.641,-30.97279,10.55937,0.00474594
Continuous asphalt network,-298.8476,-40.64,5.279533,0.003909566
Continuous asphalt network,-294.3678,-33.9794,5.279539,0.004025793
Continuous asphalt network,-285.4081,-20.65819,5.279706,0.00554868
Continuous asphalt network,-280.9283,-13.99757,5.279704,0.005543843
Continuous asphalt network,-287.1612,-24.31219,10.55939,0.004796406
Continuous asphalt network,-264.7621,8.990829,10.55946,0.006472268
Continuous asphalt network,-271.9687,-0.676356,5.279535,0.005966673
Continuous asphalt network,-267.4889,5.984243,5.279548,0.006050342
Continuous asphalt network,-258.5292,19.30544,5.279881,0.007789226
Continuous asphalt network,-254.0494,25.96604,5.279906,0.007697016
Continuous asphalt network,-260.2822,15.65143,10.55942,0.006497272
Continuous asphalt network,-273.2348,-4.654068,21.11852,0.006018101
Continuous asphalt network,-266.2716,5.174973,10.55958,0.006400476
Continuous asphalt network,-270.2646,-1.809326,10.55964,0.006304854
Continuous asphalt network,-297.6304,-41.44926,21.11873,0.003717846
Continuous asphalt network,-292.6637,-35.11235,21.11871,0.003726039
Continuous asphalt network,-298.1663,-45.91254,42.23706,0.003097922
Continuous asphalt network,-285.2137,-25.60702,21.1185,0.004535892
Continuous asphalt network,-278.2505,-15.77795,10.55893,0.005473319
Continuous asphalt network,-282.2434,-22.76227,10.55897,0.00531909
Continuous asphalt network,-290.2293,-36.73091,10.55957,0.003381342
Continuous asphalt network,-294.2223,-43.71522,10.55955,0.003347273
Continuous asphalt network,-289.2066,-32.59132,21.11864,0.004375397
Continuous asphalt network,-293.8759,-6.090042,41.58083,0.005846315
Continuous asphalt network,-308.4407,-24.90374,20.79098,0.005128903
Continuous asphalt network,-299.3795,-11.93034,20.79099,0.005038589
Continuous asphalt network,-281.257,14.01648,20.78986,0.005783041
Continuous asphalt network,-272.1958,26.98988,20.78978,0.005835514
Continuous asphalt network,-284.8147,6.883367,41.58097,0.005827276
Continuous asphalt network,-309.4898,-28.9551,41.58093,0.005180907
Continuous asphalt network,-312.5609,-36.41144,41.58125,0.004239302
Continuous asphalt network,-296.947,-13.54637,41.58049,0.004914202
Continuous asphalt network,-306.5708,-30.89436,20.79047,0.003924529
Continuous asphalt network,-303.4997,-23.43802,20.79024,0.005145865
Continuous asphalt network,-310.4424,1.39978,19.18689,0.005504896
Continuous asphalt network,-319.8115,-8.489924,19.18679,0.005706565
Continuous asphalt network,-306.3986,7.488698,38.37512,0.005491065
Continuous asphalt network,-293.6263,24.6114,19.18768,0.0061088
Continuous asphalt network,-284.8979,35.64516,19.18772,0.005999274
Continuous asphalt network,-297.3498,17.95045,38.37524,0.005376476
Continuous asphalt network,-318.8505,-10.20601,38.37447,0.005909857
Continuous asphalt network,-309.4814,-0.3163096,38.37467,0.005722417
Continuous asphalt network,-322.2536,-17.439,76.74872,0.005356044
Continuous asphalt network,-320.8495,15.43068,16.9688,0.005865209
Continuous asphalt network,-329.4869,7.473643,16.96891,0.00593537
Continuous asphalt network,-317.06,20.66791,33.93824,0.006319718
Continuous asphalt network,-305.1623,35.1209,16.9689,0.006648043
Continuous asphalt network,-297.0541,44.33664,16.96885,0.00656999
Continuous asphalt network,-308.6872,29.2543,33.93827,0.006187297
Continuous asphalt network,-328.693,5.585571,33.93854,0.005828347
Continuous asphalt network,-320.0555,13.54261,33.93832,0.005755144
Continuous asphalt network,-331.9532,-0.9104004,67.87617,0.005458157
Continuous asphalt network,-343.1175,16.68552,46.39164,0.006008611
Continuous asphalt network,-334.5453,26.86542,23.19592,0.006401423
Continuous asphalt network,-338.961,19.21621,23.19578,0.006109325
Continuous asphalt network,-324.9986,36.39837,23.19624,0.006623987
Continuous asphalt network,-315.9392,46.25476,11.59805,0.006503684
Continuous asphalt network,-321.3293,39.25252,11.59804,0.006917953
Continuous asphalt network,-329.9016,29.07266,23.19633,0.006691437
Continuous asphalt network,-337.4996,18.2458,11.59841,0.006274478
Continuous asphalt network,-333.0838,25.895,11.59848,0.00655815
Continuous asphalt network,-305.0953,60.14557,51.7228,0.005982597
Continuous asphalt network,-291.2306,57.61485,26.41833,0.004958777
Continuous asphalt network,-256.2301,41.5845,54.80719,0.005462645
Continuous asphalt network,-373.4242,22.38974,12.75508,0.005486306
Continuous asphalt network,-346.2546,60.71978,22.19488,0.006877974
Continuous asphalt network,-339.3828,65.64617,22.19484,0.006414386
Continuous asphalt network,-348.091,56.5323,44.39044,0.006530542
Continuous asphalt network,-288.7439,90.07,9.654533,0.01698266
Continuous asphalt network,-226.0823,57.69481,5.782094,0.0112666
Continuous asphalt network,-231.9419,62.55695,5.782074,0.002762285
Continuous asphalt network,-222.475,55.5787,11.56401,0.0118979
Continuous asphalt network,-212.5,48.8367,1.445558,0.02822354
Continuous asphalt network,-215.4298,51.26777,1.445566,0.01845516
Continuous asphalt network,-210.6964,47.77864,2.891028,0.03471591
Continuous asphalt network,-205.6241,44.44696,1.445498,0.01283353
Continuous asphalt network,-202.3556,42.17337,1.445475,0
Continuous asphalt network,-207.5972,45.42628,2.89098,0.01997093
Continuous asphalt network,-215.9379,51.03154,2.891069,0.01930773
Continuous asphalt network,-213.0081,48.60046,2.891055,0.02937961
Continuous asphalt network,-218.0803,51.93211,5.782044,0.01994206
Continuous asphalt network,-232.9582,62.08452,11.56389,0.002857859
Continuous asphalt network,-227.0986,57.22239,11.56393,0.0115625
Continuous asphalt network,-237.243,63.88567,23.12802,0.002854614
Continuous asphalt network,-252.3497,72.03513,11.56447,0.0195037
Continuous asphalt network,-259.5643,76.26734,11.56427,0.008905189
Continuous asphalt network,-270.7249,82.45816,5.782038,0.006347785
Continuous asphalt network,-279.9125,87.66969,2.891061,0.04476662
Continuous asphalt network,-276.953,86.20072,1.445608,0.04610466
Continuous asphalt network,-274.9799,85.22141,1.44552,0.005086843
Continuous asphalt network,-266.4402,80.65702,11.56428,0.01090404
Continuous asphalt network,-251.3334,72.50756,23.12765,0.003883242
Continuous asphalt network,-243.4413,68.5903,23.128,0.002494213
Continuous asphalt network,-209.9594,50.01779,11.56432,0.02727101
Continuous asphalt network,-204.4385,44.99816,2.891017,0.01716446
Continuous asphalt network,-201.8475,42.4096,2.890993,0
Continuous asphalt network,-206.4115,45.97747,5.782233,0.02114481
Continuous asphalt network,-213.9054,51.97641,23.12856,0.02378184
Continuous asphalt network,-224.3886,58.48222,11.56421,0.01169065
Continuous asphalt network,-230.9257,63.02939,11.56429,0.003366691
Continuous asphalt network,-219.7651,56.83856,23.12842,0.01128571
Continuous asphalt network,-202.0673,46.10052,5.782153,0.02277101
Continuous asphalt network,-200.8312,42.88206,5.782194,0.008328956
Continuous asphalt network,-204.0403,47.07985,11.5641,0.02263627
Continuous asphalt network,-207.9269,50.96268,23.12799,0.02686257
Continuous asphalt network,-198.4303,44.94653,5.781982,0.01684532
Continuous asphalt network,-199.1672,42.70738,5.782051,0.005360927
Continuous asphalt network,-200.0348,47.04541,11.56404,0.0231827
Continuous asphalt network,-194.1157,44.10748,11.56411,0.01136306
Continuous asphalt network,-197.1942,41.72806,5.782161,0
Continuous asphalt network,-196.4572,43.96722,5.782094,0.01675045
Continuous asphalt network,-138.8663,18.7744,27.09162,0
Continuous asphalt network,-152.2559,26.71979,13.54564,0
Continuous asphalt network,-143.0107,22.1329,13.54573,0
Continuous asphalt network,-124.5201,12.95912,13.5461,0
Continuous asphalt network,-115.1553,8.638504,3.386356,0
Continuous asphalt network,-110.4729,6.478185,0.8465767,0
Continuous asphalt network,-108.1616,5.331467,0.8465767,0.01532144
Continuous asphalt network,-111.7481,6.785288,1.693171,0
Continuous asphalt network,-117.7058,9.252701,6.77306,0
Continuous asphalt network,-129.6211,14.1875,27.0915,0
Continuous asphalt network,-157.8352,26.88313,54.18272,0
Continuous asphalt network,-144.2065,19.47027,27.09182,0
Continuous asphalt network,-153.9301,22.99211,27.09187,0
Continuous asphalt network,-147.1243,51.54873,3.049641,0.008780733
Continuous asphalt network,-149.2471,50.03625,3.04965,0.01304664
Continuous asphalt network,-120.3883,37.29625,21.71847,0
Continuous asphalt network,-111.2533,29.12131,10.8592,0
Continuous asphalt network,-117.8277,33.94809,10.85917,0
Continuous asphalt network,-130.9765,43.6017,10.85925,0
Continuous asphalt network,-137.551,48.42851,10.85921,0
Continuous asphalt network,-126.9627,42.12305,21.71851,0
Continuous asphalt network,-110.1634,30.52343,21.71826,0
Continuous asphalt network,-116.0112,36.28498,21.71833,0
Continuous asphalt network,-105.7863,29.51216,43.43662,0
Continuous asphalt network,-51.77026,-13.56156,27.94487,0.02364995
Continuous asphalt network,-52.28864,-19.19933,27.9449,0.02708028
Continuous asphalt network,-100.5047,4.407211,25.50928,0.02496012
Continuous asphalt network,-97.96894,11.51595,25.02977,0.01917354
Continuous asphalt network,-58.295,2.871053,37.52188,0.002189713
Continuous asphalt network,-68.77438,11.10298,37.52194,0
Continuous asphalt network,-50.9216,0.2616831,75.04372,0.005991532
Continuous asphalt network,-0.4728686,-40.41739,33.11846,0.02103305
Continuous asphalt network,20.89483,-20.80889,68.06828,0
Continuous asphalt network,12.6408,-32.92295,8.508554,0.001969964
Continuous asphalt network,10.57886,-35.49101,8.508616,0.03002812
Continuous asphalt network,5.936363,-42.19007,8.508467,0.02374244
Continuous asphalt network,9.035534,-36.49617,8.508473,0.01534753
Continuous asphalt network,15.74624,-25.38728,34.03426,0.001672756
Continuous asphalt network,16.34666,-58.67442,30.20034,0.05389012
Continuous asphalt network,82.70705,-90.73878,4.199272,0.06076168
Continuous asphalt network,86.67577,-93.55381,2.099658,0
Continuous asphalt network,83.79672,-92.1583,0.5249243,0.05595439
Continuous asphalt network,82.38901,-91.39493,0.5249272,0.06218137
Continuous asphalt network,84.6278,-92.27753,1.049822,0.01259039
Continuous asphalt network,78.35667,-88.71112,8.398522,0.06051041
Continuous asphalt network,88.59235,-93.26733,8.398432,0
Continuous asphalt network,86.03135,-91.21568,8.398473,0.05588682
Continuous asphalt network,67.09493,-82.60417,16.79683,0.04142961
Continuous asphalt network,78.99276,-87.39883,4.199185,0.05929662
Continuous asphalt network,84.87807,-89.92739,4.199184,0.06165045
Continuous asphalt network,75.79568,-86.65946,8.398406,0.04245796
Continuous asphalt network,50.20231,-73.44373,16.79714,0.05101021
Continuous asphalt network,35.99791,-66.07247,4.19912,0.04947016
Continuous asphalt network,27.488,-61.62347,2.099578,0.04790023
Continuous asphalt network,33.24608,-64.4145,2.099578,0.05197447
Continuous asphalt network,47.64131,-71.39207,4.199061,0.09428119
Continuous asphalt network,41.756,-68.86349,4.199117,0.0484293
Continuous asphalt network,67.73103,-81.29188,8.398544,0.04494208
Continuous asphalt network,79.31081,-86.74268,2.099683,0.05885124
Continuous asphalt network,85.10069,-89.4681,0.5249739,0.07394131
Continuous asphalt network,87.97974,-90.86361,0.5249729,0.07762232
Continuous asphalt network,83.59756,-88.90157,1.049841,0.05982214
Continuous asphalt network,76.30454,-85.60964,4.199267,0.04511795
Continuous asphalt network,61.71849,-79.02578,16.79714,0.04588134
Continuous asphalt network,96.96442,-96.67614,1.743806,0.04263036
Continuous asphalt network,95.28616,-95.59149,0.8719288,0.04310763
Continuous asphalt network,96.59168,-95.97343,0.87194,0.02233437
Continuous asphalt network,93.23517,-93.80416,1.743839,0.03439908
Continuous asphalt network,95.63621,-94.95184,0.4359333,0.04310793
Continuous asphalt network,96.80172,-95.58964,0.4359333,0.02233753
Continuous asphalt network,94.91343,-94.88879,0.8719076,0.0431072
Continuous asphalt network,100.2282,-97.63102,1.743849,0.05307185
Continuous asphalt network,102.5592,-98.90664,1.743839,0.06116417
Continuous asphalt network,98.78268,-97.50492,3.487614,0.03975794
Continuous asphalt network,92.30237,-94.12491,3.4876,0.03878436
Continuous asphalt network,90.71683,-94.25468,3.487573,0
Continuous asphalt network,94.35336,-95.91225,1.743783,0.04310789
Continuous asphalt network,96.03162,-96.99689,0.8719037,0.04084149
Continuous asphalt network,94.7261,-96.61494,0.8719133,0.04525529
Continuous asphalt network,92.11505,-95.85104,0.8718935,0.02770031
Continuous asphalt network,90.80953,-95.46909,0.8719015,0
Continuous asphalt network,93.04783,-95.5303,1.74378,0.03831302
Continuous asphalt network,109.2054,-73.07806,1.15873,0.05760504
Continuous asphalt network,110.3046,-73.52702,0.2896857,0.03723325
Continuous asphalt network,110.7942,-73.84412,0.2896857,0.05760372
Continuous asphalt network,109.8198,-73.73896,0.5793536,0.0488907
Continuous asphalt network,108.2358,-73.50196,2.317459,0.06454758
Continuous asphalt network,109.6756,-71.27895,2.317444,0.05760561
Continuous asphalt network,110.5397,-72.62746,0.579387,0.05760547
Continuous asphalt network,111.0342,-73.47363,0.2896765,0.05887004
Continuous asphalt network,110.5446,-73.15652,0.2896765,0.03916361
Continuous asphalt network,109.6853,-72.33705,1.15873,0.05760565
Continuous asphalt network,111.1735,-75.40461,2.317497,0.06314156
Continuous asphalt network,111.6728,-76.77983,2.317465,0.09682485
Continuous asphalt network,109.2247,-75.19428,1.158767,0.05745283
Continuous asphalt network,108.2455,-74.56007,1.158727,0.04997356
Continuous asphalt network,110.1943,-74.77039,2.317486,0.04347904
Continuous asphalt network,73.99541,-46.85748,0.8513426,0.02382138
Continuous asphalt network,72.93247,-45.23123,0.4256522,0.03319038
Continuous asphalt network,73.77671,-46.16691,0.4256571,0.02573407
Continuous asphalt network,75.36349,-48.14964,1.702671,0.02610442
Continuous asphalt network,72.10351,-45.20885,1.702705,0.03318967
Continuous asphalt network,73.26816,-46.72373,0.8513712,0.02606109
Continuous asphalt network,72.22049,-46.01078,0.8513784,0.03318747
Continuous asphalt network,77.8962,-50.95667,1.702648,0.007915756
Continuous asphalt network,80.10851,-53.1845,0.4257019,0.04921207
Continuous asphalt network,81.21467,-54.2984,0.1064155,0.03838363
Continuous asphalt network,81.63679,-54.76624,0.1064292,0.1682705
Continuous asphalt network,80.47977,-53.70802,0.2128351,0.04921585
Continuous asphalt network,78.11489,-51.64723,0.4256765,0.1032217
Continuous asphalt network,79.16256,-52.36018,0.4256958,0.04199378
Continuous asphalt network,74.85492,-48.70645,0.8513729,0.02924193
Continuous asphalt network,72.91216,-47.11351,0.2128245,0.02624355
Continuous asphalt network,71.96619,-46.2892,0.2128216,0.03319385
Continuous asphalt network,73.48685,-47.41431,0.4256876,0.02419096
Continuous asphalt network,76.0043,-49.30804,1.702647,0.01664805
Continuous asphalt network,66.54476,-41.06493,1.702693,0
Continuous asphalt network,69.1792,-43.76058,0.8513223,0.01341107
Continuous asphalt network,67.28729,-42.11196,0.8513227,0
Continuous asphalt network,63.60518,-38.70335,3.40538,0
Continuous asphalt network,69.16394,-42.84729,0.8513457,0
Continuous asphalt network,69.80475,-44.00569,0.851378,0.05633918
Continuous asphalt network,67.79585,-41.55515,1.702693,0
Continuous asphalt network,71.05584,-44.49591,1.702689,0.03073797
Continuous asphalt network,70.41503,-43.33751,1.702665,0.003565263
Continuous asphalt network,78.70991,-50.06576,3.405435,0
Continuous asphalt network,80.51537,-52.73904,0.8513297,0.04639684
Continuous asphalt network,81.4181,-54.07568,0.2128312,0.03863391
Continuous asphalt network,81.73852,-54.65489,0.2128393,0.06872127
Continuous asphalt network,80.73406,-53.42961,0.4256645,0.04921207
Continuous asphalt network,79.1473,-51.4469,1.702678,0.03325528
Continuous asphalt network,75.77033,-47.70419,1.70271,0.02610515
Continuous asphalt network,73.98013,-45.94419,0.4256625,0.02573578
Continuous asphalt network,73.13589,-45.00851,0.4256576,0.0331918
Continuous asphalt network,74.60568,-46.1893,0.8513602,0.02349167
Continuous asphalt network,77.02142,-48.1944,3.40542,0.005883286
Continuous asphalt network,82.13007,-53.29612,0.8513528,0.03976147
Continuous asphalt network,82.04364,-54.32078,0.8513808,0.007277356
Continuous asphalt network,81.44604,-52.65005,1.702668,0.04811731
Continuous asphalt network,83.42439,-53.27401,0.4256651,0.04921012
Continuous asphalt network,83.10397,-52.69481,0.4256698,0.03886826
Continuous asphalt network,83.99144,-53.11816,0.851344,0.0156287
Continuous asphalt network,82.7709,-54.45452,0.8513593,0.04921286
Continuous asphalt network,82.69714,-53.14026,0.4256662,0.03887084
Continuous asphalt network,83.01755,-53.71946,0.4256615,0.04921304
Continuous asphalt network,81.21208,-51.0462,6.810761,0
Continuous asphalt network,91.68874,-58.17565,1.702732,0
Continuous asphalt network,94.32318,-60.87132,0.851375,0.04043929
Continuous asphalt network,92.43127,-59.22269,0.8513778,0.01902282
Continuous asphalt network,88.74917,-55.81409,3.405453,0
Continuous asphalt network,94.62832,-60.53723,1.702671,0.03761266
Continuous asphalt network,92.93984,-58.66587,1.702672,0
Continuous asphalt network,95.8794,-61.02745,3.405397,0.04651759
Continuous asphalt network,101.2194,-64.48083,0.8513375,0
Continuous asphalt network,99.2767,-62.88789,0.2128233,0.05026559
Continuous asphalt network,98.3053,-62.09141,0.05319303,0.05440892
Continuous asphalt network,97.83233,-61.67926,0.0531925,0.05381561
Continuous asphalt network,98.59265,-62.24182,0.1064118,0.05167967
Continuous asphalt network,99.85137,-63.18868,0.4256639,0.03129286
Continuous asphalt network,102.3688,-65.08241,1.702679,0
Continuous asphalt network,105.6135,-67.10989,0.8513449,0.009269023
Continuous asphalt network,107.7089,-68.5358,0.851347,0.03102859
Continuous asphalt network,104.3624,-66.61967,1.702684,0.001103154
Continuous asphalt network,99.39365,-63.68982,0.8513536,0.04566878
Continuous asphalt network,98.36379,-62.49239,0.2128416,0.05258092
Continuous asphalt network,97.75604,-61.76279,0.1064363,0.05377694
Continuous asphalt network,98.22903,-62.17494,0.1064374,0.05437616
Continuous asphalt network,99.12411,-63.05493,0.42569,0.05027568
Continuous asphalt network,100.9143,-64.81492,1.702707,0.02607092
Continuous asphalt network,97.95694,-62.93784,0.4256755,0.05379011
Continuous asphalt network,97.60348,-61.92984,0.212825,0.05379318
Continuous asphalt network,97.97473,-62.45335,0.2128229,0.05553179
Continuous asphalt network,98.61554,-63.61176,0.8513416,0.05379236
Continuous asphalt network,97.01099,-62.11353,0.8513408,0.05379207
Continuous asphalt network,97.46616,-63.01017,0.4256859,0.05378904
Continuous asphalt network,96.89148,-62.70938,0.4256808,0.04840989
Continuous asphalt network,88.13889,-56.48228,6.810706,0
Continuous asphalt network,92.12613,-59.55679,1.702715,0.03984333
Continuous asphalt network,94.01804,-61.20542,1.70271,0.05378846
Continuous asphalt network,90.77332,-59.17794,3.405372,0.01181467
Continuous asphalt network,86.58266,-56.32617,6.810863,0
Continuous asphalt network,84.19999,-54.74986,0.851366,0.01237769
Continuous asphalt network,83.21845,-54.89453,0.8513641,0.04921419
Continuous asphalt network,84.52291,-53.93128,1.702659,0.01520841
Continuous asphalt network,85.02644,-56.17003,1.702694,0
Continuous asphalt network,83.38629,-55.64078,0.8513321,0.0489697
Continuous asphalt network,84.36783,-55.49611,0.851334,0.01082035
Continuous asphalt network,66.70756,-44.60675,6.810859,0.03976458
Continuous asphalt network,69.00631,-45.80992,6.810842,0.03155401
Continuous asphalt network,62.99492,-39.37153,6.81074,0
Continuous asphalt network,66.98215,-42.44605,1.70272,0
Continuous asphalt network,68.87406,-44.09467,1.702719,0.01341106
Continuous asphalt network,65.62934,-42.0672,3.40537,0
Continuous asphalt network,75.08887,-50.31033,3.405447,0.02434431
Continuous asphalt network,73.02914,-47.91546,0.8513519,0.0244926
Continuous asphalt network,71.81364,-46.45625,0.4256894,0.03319196
Continuous asphalt network,72.75959,-47.28056,0.4256951,0.02624671
Continuous asphalt network,74.54977,-49.04055,1.702724,0.02924198
Continuous asphalt network,78.70486,-52.86133,0.8513305,0.04921382
Continuous asphalt network,77.96233,-51.81428,0.8513396,0.04837566
Continuous asphalt network,80.3272,-53.87506,0.4256712,0.04921244
Continuous asphalt network,81.56051,-54.84977,0.2128477,0.133855
Continuous asphalt network,80.98582,-54.54898,0.2128421,0.03803183
Continuous asphalt network,79.6508,-53.68564,0.8513433,0.0492128
Continuous asphalt network,77.18421,-51.73622,0.8513851,0.03699164
Continuous asphalt network,77.92674,-52.78327,0.851363,0.04921395
Continuous asphalt network,76.4061,-51.65816,1.702723,0.01529963
Continuous asphalt network,72.21543,-48.80637,1.702662,0.02492332
Continuous asphalt network,71.5085,-46.79035,0.8513672,0.03318992
Continuous asphalt network,72.25103,-47.8374,0.8513349,0.02662232
Continuous asphalt network,73.53265,-50.15421,3.405355,0.03318932
Continuous asphalt network,70.32352,-47.15775,3.405422,0.03319011
Continuous asphalt network,71.2339,-48.95103,1.702691,0.02748607
Continuous asphalt network,70.08453,-48.34947,1.70271,0.03318888
Continuous asphalt network,61.77437,-40.7079,13.62158,0.007619263
Continuous asphalt network,65.31916,-45.19688,1.702675,0.04615969
Continuous asphalt network,64.98349,-43.70438,1.702694,0.02569009
Continuous asphalt network,66.63638,-46.54472,3.405388,0.03794366
Continuous asphalt network,63.42726,-43.54825,3.405427,0.00759964
Continuous asphalt network,63.76294,-45.04075,3.405379,0.04616011
Continuous asphalt network,58.66191,-40.39566,27.24322,0.00990398
Continuous asphalt network,121.0018,-70.62299,55.16553,0
Continuous asphalt network,131.995,-74.82961,3.447865,0.002936225
Continuous asphalt network,130.7199,-76.11892,1.723999,0.03318887
Continuous asphalt network,130.8078,-74.82833,1.723974,0.002891665
Continuous asphalt network,134.8533,-76.44605,3.447847,0
Continuous asphalt network,132.4788,-76.44349,3.447863,0.01690791
Continuous asphalt network,139.4265,-79.03237,6.895777,0
Continuous asphalt network,135.9306,-78.06059,3.447881,0
Continuous asphalt network,132.4128,-77.41145,1.723945,0.0169079
Continuous asphalt network,134.7873,-77.414,1.723937,0
Continuous asphalt network,127.213,-75.30846,1.723952,0.004081993
Continuous asphalt network,128.3344,-76.2777,1.723855,0.03517064
Continuous asphalt network,125.4431,-75.1452,3.447897,0.003445926
Continuous asphalt network,129.6315,-74.66573,1.723873,0
Continuous asphalt network,129.5436,-75.95632,1.723922,0.032708
Continuous asphalt network,128.4662,-74.3418,3.447932,0
Continuous asphalt network,123.1565,-73.85204,13.79144,0
Continuous asphalt network,148.5289,-84.85033,27.58317,0
Continuous asphalt network,162.2925,-91.96402,13.79146,0
Continuous asphalt network,153.0582,-88.08197,13.79145,0
Continuous asphalt network,141.5592,-82.5841,13.79158,0
Continuous asphalt network,135.7438,-80.80312,3.447885,0
Continuous asphalt network,132.8361,-79.91264,0.8619418,0.01058715
Continuous asphalt network,131.0937,-79.34608,0.4309765,0.05531544
Continuous asphalt network,132.27,-79.50869,0.4309728,0.01051649
Continuous asphalt network,134.6115,-79.99522,1.723897,0
Continuous asphalt network,139.2946,-80.96828,6.895724,0
Continuous asphalt network,127.6638,-77.40632,6.895827,0.02854446
Continuous asphalt network,120.7161,-74.81741,3.447761,0.01061246
Continuous asphalt network,125.3772,-76.11314,3.447768,0.01216113
Continuous asphalt network,131.7862,-77.89478,1.723941,0.02118025
Continuous asphalt network,130.577,-78.21616,1.723976,0.05468016
Continuous asphalt network,134.6994,-78.70461,1.72391,0
Continuous asphalt network,132.3139,-78.86337,0.4309689,0.009566101
Continuous asphalt network,131.1267,-78.8621,0.4309832,0.05531477
Continuous asphalt network,132.9295,-78.54136,0.8619586,0.008022164
Continuous asphalt network,139.3605,-80.00033,3.447881,0
Continuous asphalt network,135.8317,-79.51252,1.723944,0
Continuous asphalt network,132.8801,-79.26734,0.431015,0.009561419
Continuous asphalt network,131.1102,-79.10409,0.2155256,0.05531476
Continuous asphalt network,132.2974,-79.10536,0.2155185,0.009565466
Continuous asphalt network,134.6665,-79.18859,0.8620231,0
Continuous asphalt network,256.5049,44.09541,0.05032118,0.3544158
Continuous asphalt network,173.9305,-100.5282,0.03548462,0.5497235
Continuous asphalt network,173.8863,-100.2508,0.01774156,0.5497009
Continuous asphalt network,174.0688,-100.7725,0.07096918,0.5497228
Continuous asphalt network,174.3439,-101.4291,0.1419358,0.5497466
Continuous asphalt network,173.6537,-100.0395,0.01774621,0.3810889
Continuous asphalt network,173.7021,-99.897,0.01774291,0.06701542
Continuous asphalt network,173.7229,-100.1616,0.03549314,0.5497099
Continuous asphalt network,173.7903,-100.4518,0.07099395,0.5497326
Continuous asphalt network,173.562,-99.82059,0.03548582,0
Continuous asphalt network,173.5482,-100.0242,0.01774474,0.4339099
Continuous asphalt network,173.479,-99.90198,0.01774072,0
Continuous asphalt network,173.3994,-99.64749,0.07097837,0
Continuous asphalt network,172.7767,-98.54795,0.5677706,0
Continuous asphalt network,174.6241,-101.5819,0.2839429,0.5497517
Continuous asphalt network,174.1639,-100.6555,0.07098373,0.5497394
Continuous asphalt network,173.9339,-100.1923,0.01774301,0.5497333
Continuous asphalt network,174.0731,-100.3527,0.03549182,0.549733
Continuous asphalt network,174.4424,-100.9762,0.1419634,0.5497396
Continuous asphalt network,175.181,-102.2234,0.5678392,0.5497519
Continuous asphalt network,168.8923,-118.439,0.1999177,0.4006928
Continuous asphalt network,169.2321,-118.7524,0.09996652,0.2813384
Continuous asphalt network,168.94,-118.7445,0.09995328,0.4006624
Continuous asphalt network,168.4051,-118.578,0.3998355,0.4006928
Continuous asphalt network,169.576,-117.6967,0.3998046,0.4007001
Continuous asphalt network,169.4764,-118.4547,0.1999176,0.3324498
Continuous asphalt network,169.2826,-118.1452,0.1999175,0.4007023
Continuous asphalt network,168.8881,-119.808,0.7996714,0.2569913
Continuous asphalt network,168.2086,-119.1812,0.3998186,0.3975981
Continuous asphalt network,168.8418,-119.0461,0.09995133,0.3898137
Continuous asphalt network,169.1338,-119.054,0.09996458,0.2743028
Continuous asphalt network,168.5975,-119.3438,0.1999122,0.3380386
Continuous asphalt network,168.1159,-117.6574,3.198534,0.4006841
Continuous asphalt network,167.9082,-121.9114,3.198593,0.270343
Continuous asphalt network,167.1388,-118.8481,1.599271,0.4006739
Continuous asphalt network,167.72,-119.7765,0.7996483,0.3857942
Continuous asphalt network,168.1075,-120.3955,0.7996617,0.2724669
Continuous asphalt network,166.3358,-126.7372,6.397186,0.2581435
Continuous asphalt network,166.8398,-121.122,0.1998984,0.3275279
Continuous asphalt network,166.646,-120.8125,0.1999163,0.4006842
Continuous asphalt network,166.5941,-121.876,0.1999299,0.2665054
Continuous asphalt network,166.4017,-121.1102,0.09996897,0.4006943
Continuous asphalt network,166.5955,-121.4196,0.09995925,0.2718791
Continuous asphalt network,166.201,-123.0824,0.3998181,0.2561052
Continuous asphalt network,166.2291,-121.8661,0.09992492,0.3889714
Continuous asphalt network,166.2796,-121.259,0.09992461,0.4005688
Continuous asphalt network,166.3498,-122.1737,0.1999073,0.2565483
Continuous asphalt network,166.6502,-119.4435,1.599299,0.4006848
Continuous asphalt network,166.931,-123.1021,3.198606,0.25752
Continuous asphalt network,168.1383,-110.3558,1.59929,0.3664114
Continuous asphalt network,168.0849,-111.8756,0.09995553,0.5315571
Continuous asphalt network,168.0351,-112.2546,0.04997886,0.6617637
Continuous asphalt network,167.9382,-112.0999,0.04998111,0.4755833
Continuous asphalt network,167.842,-111.717,0.1999166,0.3664268
Continuous asphalt network,167.7901,-112.7805,0.1999073,0.6617914
Continuous asphalt network,167.5978,-112.0147,0.09995655,0.3713157
Continuous asphalt network,167.7431,-112.2468,0.04998,0.4755875
Continuous asphalt network,167.84,-112.4015,0.04997775,0.6617681
Continuous asphalt network,167.6497,-110.9511,0.7996703,0.366409
Continuous asphalt network,167.251,-113.983,0.7996617,0.6618052
Continuous asphalt network,166.9057,-115.495,0.1999226,0.6241075
Continuous asphalt network,166.6839,-116.4018,0.09993893,0.4007104
Continuous asphalt network,166.7105,-115.6419,0.04997129,0.7679775
Continuous asphalt network,166.7337,-116.0228,0.02498464,0.5178846
Continuous asphalt network,166.7828,-115.872,0.02497578,0.5084258
Continuous asphalt network,166.9085,-114.5823,0.3998399,0.6617722
Continuous asphalt network,167.1611,-111.5465,0.7996272,0.3519633
Continuous asphalt network,167.1078,-113.0664,0.09995104,0.6010938
Continuous asphalt network,167.1576,-112.6874,0.04997868,0.3663786
Continuous asphalt network,167.2545,-112.8421,0.04997868,0.6565869
Continuous asphalt network,167.3507,-113.225,0.1999155,0.6617749
Continuous asphalt network,167.4026,-112.1615,0.199919,0.3918798
Continuous asphalt network,167.595,-112.9274,0.09995366,0.6617715
Continuous asphalt network,167.4497,-112.6953,0.04998056,0.6577289
Continuous asphalt network,167.3528,-112.5405,0.04998056,0.3657233
Continuous asphalt network,167.8574,-106.6971,0.7996441,0.5760156
Continuous asphalt network,167.4138,-108.5107,0.3997755,0.3805485
Continuous asphalt network,167.5149,-107.2964,0.3997883,0.5760232
Continuous asphalt network,167.717,-104.8678,0.3998186,0.5486687
Continuous asphalt network,167.7704,-103.348,0.1999196,0.3776706
Continuous asphalt network,167.7683,-104.0325,0.04998223,0.3776526
Continuous asphalt network,167.8651,-104.1872,0.04997608,0.5571071
Continuous asphalt network,167.8911,-103.6555,0.0499801,0.3776694
Continuous asphalt network,167.9873,-104.0384,0.02498799,0.527056
Continuous asphalt network,167.8904,-103.8837,0.02499084,0.3776568
Continuous asphalt network,167.9585,-105.4828,0.7996575,0.5760074
Continuous asphalt network,167.9473,-109.1336,1.599324,0.3759964
Continuous asphalt network,168.2449,-107.3161,0.7996348,0.5760255
Continuous asphalt network,168.4359,-108.5383,0.7996278,0.3754449
Continuous asphalt network,167.7817,-115.5186,0.09994601,0.6619346
Continuous asphalt network,167.7565,-115.8222,0.02498574,0.6618477
Continuous asphalt network,167.7073,-115.973,0.0249864,0.4942437
Continuous asphalt network,167.635,-115.7428,0.04997709,0.6618183
Continuous asphalt network,167.5389,-115.3599,0.1999099,0.661858
Continuous asphalt network,168.4149,-115.3835,0.1999118,0.6617625
Continuous asphalt network,168.0731,-115.7546,0.04998558,0.6616555
Continuous asphalt network,167.8533,-115.9769,0.02499643,0.4940578
Continuous asphalt network,167.9025,-115.8261,0.02499578,0.661656
Continuous asphalt network,168.0738,-115.5265,0.09995798,0.6617534
Continuous asphalt network,167.0489,-116.4116,0.3998363,0.4006668
Continuous asphalt network,167.1485,-115.6537,0.1999159,0.668385
Continuous asphalt network,167.4399,-115.8897,0.04997765,0.6836162
Continuous asphalt network,167.5368,-116.0445,0.04997988,0.4894919
Continuous asphalt network,167.0987,-116.0327,0.04998522,0.5034209
Continuous asphalt network,167.2939,-115.8858,0.04998279,0.4822288
Continuous asphalt network,167.9305,-114.6098,1.599287,0.661804
Continuous asphalt network,168.801,-116.4588,0.3998221,0.4007576
Continuous asphalt network,168.9491,-115.7782,0.0499799,0.6618975
Continuous asphalt network,168.7294,-116.0005,0.02498835,0.4696353
Continuous asphalt network,168.7785,-115.8497,0.02498813,0.6619
Continuous asphalt network,168.9498,-115.5501,0.09995162,0.6618674
Continuous asphalt network,169.1674,-116.0123,0.02499317,0.4582006
Continuous asphalt network,169.2166,-115.8615,0.02499735,0.6616119
Continuous asphalt network,169.2889,-116.0917,0.04997683,0.4412398
Continuous asphalt network,168.8508,-116.0799,0.04998566,0.4520868
Continuous asphalt network,169.0706,-115.8576,0.02499302,0.6616324
Continuous asphalt network,169.0214,-116.0084,0.02498884,0.4582596
Continuous asphalt network,169.2868,-116.7762,0.799642,0.4006668
Continuous asphalt network,167.5347,-116.729,0.7996255,0.4007065
Continuous asphalt network,168.2914,-115.9887,0.02498865,0.4813171
Continuous asphalt network,168.3405,-115.8379,0.02498777,0.66175
Continuous asphalt network,168.4128,-116.0681,0.04997675,0.4637678
Continuous asphalt network,167.9748,-116.0563,0.04997217,0.4763041
Continuous asphalt network,168.1945,-115.834,0.02498664,0.6619447
Continuous asphalt network,168.1454,-115.9848,0.02498752,0.4815118
Continuous asphalt network,168.6578,-115.5422,0.09994248,0.6617679
Continuous asphalt network,168.6325,-115.8458,0.02499302,0.6617819
Continuous asphalt network,168.5834,-115.9966,0.02499325,0.4694822
Continuous asphalt network,168.5111,-115.7664,0.04997876,0.6617634
Continuous asphalt network,168.217,-116.4431,0.3998048,0.4006644
Continuous asphalt network,168.5202,-112.8002,1.599285,0.6531711
Continuous asphalt network,168.6226,-111.1295,0.1999144,0.3859644
Continuous asphalt network,168.8164,-111.439,0.1999166,0.660655
Continuous asphalt network,168.8683,-110.3755,0.1999163,0.3664028
Continuous asphalt network,169.0122,-111.0639,0.02498683,0.5895488
Continuous asphalt network,169.0494,-110.8368,0.01249314,0.3844942
Continuous asphalt network,169.0733,-110.9895,0.01249314,0.5989155
Continuous asphalt network,169.0845,-111.2941,0.04997523,0.6618272
Continuous asphalt network,168.8669,-110.8318,0.09995887,0.3878708
Continuous asphalt network,169.0087,-112.2048,0.7996432,0.6517359
Continuous asphalt network,169.3906,-114.6492,0.799655,0.66177
Continuous asphalt network,169.6055,-116.0241,0.02498994,0.4477935
Continuous asphalt network,169.6546,-115.8733,0.02498405,0.6616765
Continuous asphalt network,169.7269,-116.1035,0.04997486,0.4311346
Continuous asphalt network,169.7529,-115.5717,0.04997916,0.6617683
Continuous asphalt network,169.8371,-115.8782,0.01249234,0.6617996
Continuous asphalt network,169.861,-116.031,0.01249438,0.4383949
Continuous asphalt network,169.7522,-115.7999,0.02498925,0.6616767
Continuous asphalt network,169.8231,-116.4864,0.1999059,0.4006656
Continuous asphalt network,169.5339,-115.5658,0.09996225,0.6618413
Continuous asphalt network,169.5086,-115.8694,0.02498236,0.6619028
Continuous asphalt network,169.4595,-116.0202,0.02498825,0.4479997
Continuous asphalt network,169.3872,-115.79,0.04998596,0.6616141
Continuous asphalt network,169.291,-115.4071,0.1999021,0.6618559
Continuous asphalt network,168.7111,-114.0223,1.599278,0.6618031
Continuous asphalt network,167.692,-128.9035,0.7996408,0.2076526
Continuous asphalt network,167.3046,-128.2846,0.7996073,0.251624
Continuous asphalt network,168.6664,-128.6255,1.599305,0.2074202
Continuous asphalt network,166.3246,-130.388,1.599278,0.2150533
Continuous asphalt network,166.524,-128.872,0.7996392,0.258804
Continuous asphalt network,166.9115,-129.491,0.7996728,0.216041
Continuous asphalt network,167.7005,-126.1654,3.19856,0.258804
Continuous asphalt network,169.0595,-127.4191,1.599313,0.2069663
Continuous asphalt network,167.8914,-127.3876,1.599262,0.2498666
Continuous asphalt network,170.0254,-129.8792,3.198633,0.2074183
Continuous asphalt network,171.1907,-130.8233,0.7996148,0.2074379
Continuous asphalt network,171.7733,-131.2954,0.1999131,0.1755928
Continuous asphalt network,172.1131,-131.6088,0.09994621,0.04709912
Continuous asphalt network,171.8211,-131.601,0.09995206,0.2073549
Continuous asphalt network,171.2862,-131.4344,0.3998465,0.2074302
Continuous asphalt network,170.2164,-131.1013,1.599216,0.2074228
Continuous asphalt network,168.0768,-130.4352,6.397175,0.2074273
Continuous asphalt network,169.2672,-123.1651,6.397122,0.2580004
Continuous asphalt network,169.6659,-120.1332,1.599276,0.2570161
Continuous asphalt network,169.8652,-118.6173,0.3998189,0.2552986
Continuous asphalt network,170.014,-117.7085,0.1999075,0.3307995
Continuous asphalt network,170.1095,-118.3196,0.1999143,0.3244704
Continuous asphalt network,170.1545,-119.5379,0.7996218,0.257021
Continuous asphalt network,170.2443,-121.9744,3.19855,0.2562757
Continuous asphalt network,171.0081,-126.8631,3.198566,0.2071028
Continuous asphalt network,171.6821,-129.3153,0.7996403,0.190388
Continuous asphalt network,172.0668,-130.8469,0.3998196,0.1049001
Continuous asphalt network,171.6793,-130.228,0.3998105,0.1892276
Continuous asphalt network,171.0026,-128.6885,1.599322,0.2074209
Continuous asphalt network,170.0366,-126.2284,3.198589,0.2279394
Continuous asphalt network,169.2616,-124.9904,3.198589,0.2588109
Continuous asphalt network,147.4855,11.79702,24.68318,0.02677106
Continuous asphalt network,154.2874,12.49753,12.34159,0.02720843
Continuous asphalt network,150.0644,10.44978,12.34157,0.02958797
Continuous asphalt network,169.6152,23.32881,60.24237,0.05333012
Continuous asphalt network,186.3817,17.18921,4.38965,0.07022379
Continuous asphalt network,188.7307,17.77325,4.389697,0.09884878
Continuous asphalt network,184.8843,15.15582,8.779217,0.07031859
Continuous asphalt network,187.0275,20.67197,4.389611,0.08212256
Continuous asphalt network,189.0536,19.51462,4.389643,0.1024762
Continuous asphalt network,185.6916,19.50927,8.7793,0.07883828
Continuous asphalt network,181.1993,13.40912,35.11711,0.06622009
Continuous asphalt network,174.9354,1.78389,11.45141,0.07379467
Continuous asphalt network,176.1969,-0.711848,11.45122,0.09438729
Continuous asphalt network,128.8877,-14.12479,18.68944,0.05079911
Continuous asphalt network,124.5069,-20.86996,2.336213,0.03371566
Continuous asphalt network,123.4188,-22.30844,2.33619,0.000668745
Continuous asphalt network,121.7865,-24.46615,4.672432,0.0006687372
Continuous asphalt network,125.9373,-16.59363,2.336203,0.06065292
Continuous asphalt network,127.4687,-13.3766,0.5840331,0.06065474
Continuous asphalt network,128.2988,-11.8021,0.5840256,0.07523905
Continuous asphalt network,127.3116,-14.29989,1.168108,0.060653
Continuous asphalt network,125.6232,-18.4402,4.67239,0.04403181
Continuous asphalt network,133.9249,-2.69515,4.672357,0.04628673
Continuous asphalt network,130.9183,-7.146596,2.336266,0.06646407
Continuous asphalt network,132.5787,-3.997579,2.336231,0.05492109
Continuous asphalt network,136.1573,2.164388,9.344743,0.04155876
Continuous asphalt network,131.1202,-9.265239,9.344816,0.06890209
Continuous asphalt network,133.2965,-6.388285,9.34473,0.04577609
Continuous asphalt network,122.2463,-26.72082,9.344716,0.01390261
Continuous asphalt network,124.4367,-23.34821,1.168086,0.03241706
Continuous asphalt network,123.3766,-23.79539,1.168074,0
Continuous asphalt network,124.9948,-22.13333,2.336184,0.03290918
Continuous asphalt network,124.9106,-25.10723,2.336208,0.03106843
Continuous asphalt network,123.3485,-24.78669,1.168099,0
Continuous asphalt network,124.4086,-24.33951,1.16811,0.03241705
Continuous asphalt network,123.2222,-29.24756,18.68957,0.008992425
Continuous asphalt network,129.3475,-16.37945,9.344852,0.04160616
Continuous asphalt network,127.4011,-20.38372,4.672375,0.04205855
Continuous asphalt network,129.2914,-18.36205,2.336179,0.04326349
Continuous asphalt network,128.7192,-20.07258,2.336221,0.02626164
Continuous asphalt network,127.0027,-25.20421,4.672463,0.02559359
Continuous asphalt network,125.8303,-29.61659,2.336187,0.0177778
Continuous asphalt network,125.8864,-27.63398,2.336208,0.01685681
Continuous asphalt network,126.5428,-22.94953,9.344787,0.03433478
Continuous asphalt network,95.75363,29.38976,24.53808,0
Continuous asphalt network,58.40635,-28.56162,76.33319,0
Continuous asphalt network,68.36301,-9.636067,38.16665,0
Continuous asphalt network,63.37269,-22.529,38.16647,0
Continuous asphalt network,44.70572,-45.04685,4.091651,0.0353745
Continuous asphalt network,41.53864,-45.42626,4.09159,0.01306173
Continuous asphalt network,49.03444,-43.3799,8.183295,0.03428073
Continuous asphalt network,39.00439,-47.45242,8.183182,0.001027931
Continuous asphalt network,43.54407,-46.33438,4.091612,0.03981108
Continuous asphalt network,40.79887,-47.81163,4.09162,0.04341329
Continuous asphalt network,33.9359,-51.50473,4.09156,0.01930373
Continuous asphalt network,31.19072,-52.98197,4.091637,0.05875113
Continuous asphalt network,27.07294,-55.19783,8.183271,0.05821932
Continuous asphalt network,34.88661,-49.66828,16.36639,0.003761507
Continuous asphalt network,47.97972,-40.63532,65.4659,0.01015776
Continuous asphalt network,18.166,-55.35383,18.99969,0.05722645
Continuous asphalt network,21.17064,-52.74333,0.5937265,0.0564617
Continuous asphalt network,21.31475,-52.00335,0.5937691,0.0248038
Continuous asphalt network,21.75122,-53.42455,1.1875,0.05646054
Continuous asphalt network,19.79336,-52.49082,1.18747,0.0455719
Continuous asphalt network,20.66213,-51.69211,0.5937631,0.01404752
Continuous asphalt network,20.51802,-52.43209,0.5937204,0.05548155
Continuous asphalt network,22.58186,-50.99026,2.374953,0.001338951
Continuous asphalt network,22.54793,-52.99582,1.187476,0.05646082
Continuous asphalt network,22.03941,-51.9446,1.187467,0.03396985
Continuous asphalt network,21.06466,-55.11886,9.499838,0.05662796
Continuous asphalt network,28.01476,-48.72914,18.99965,0
Continuous asphalt network,23.96333,-54.88389,9.499784,0.0577021
Continuous asphalt network,25.01013,-51.33965,0.5937365,0
Continuous asphalt network,24.86602,-52.07961,0.5937348,0.05029044
Continuous asphalt network,24.42956,-50.65842,1.187491,0
Continuous asphalt network,26.38741,-51.59216,1.187489,0.01712829
Continuous asphalt network,25.51865,-52.39086,0.5937338,0.04897965
Continuous asphalt network,25.66274,-51.6509,0.5937356,0.01785885
Continuous asphalt network,23.59891,-53.0927,2.374957,0.05646087
Continuous asphalt network,23.63283,-51.08715,1.187479,0.001728194
Continuous asphalt network,24.14136,-52.13836,1.187463,0.03143747
Continuous asphalt network,40.76221,-41.86949,37.99953,0
Continuous asphalt network,33.15948,-47.94796,18.99974,0.004176856
Continuous asphalt network,26.20938,-54.33767,9.499801,0.05023943
Continuous asphalt network,29.97262,-49.66287,9.499773,0.01733429
Continuous asphalt network,87.26346,98.33961,8.357895,0.006521621
Continuous asphalt network,82.12653,99.24207,4.290078,0.00697424
Continuous asphalt network,83.70853,101.0716,4.290067,0.02346181
Continuous asphalt network,82.80956,97.62153,8.579912,0
Continuous asphalt network,78.38747,99.73876,8.57991,0.01076922
Continuous asphalt network,82.2345,101.7774,4.289853,0.02650809
Continuous asphalt network,80.65249,99.94781,4.289864,0.01215767
Continuous asphalt network,72.49133,102.5617,17.15993,0
Continuous asphalt network,78.52243,102.9079,4.289935,0.03038892
Continuous asphalt network,81.52448,102.764,4.289962,0.02403647
Continuous asphalt network,76.96741,101.7122,8.579954,0.008360822
Continuous asphalt network,60.69905,108.2077,34.3194,0
Continuous asphalt network,69.62422,105.8747,17.15977,0
Continuous asphalt network,77.08887,104.5644,4.290077,0.02180968
Continuous asphalt network,81.56497,103.7148,2.145015,0.01572454
Continuous asphalt network,78.56292,103.8586,2.145001,0.02431967
Continuous asphalt network,72.5723,104.4632,8.580165,0
Continuous asphalt network,43.01065,116.6766,34.31966,0
Continuous asphalt network,25.29524,124.5117,17.15884,0
Continuous asphalt network,37.14151,120.1334,17.15891,0
Continuous asphalt network,54.88391,112.9321,34.31966,0
Continuous asphalt network,69.71871,108.0931,8.580111,0
Continuous asphalt network,77.13612,105.6736,2.144969,0.02191747
Continuous asphalt network,81.58523,104.1901,1.072598,0.002365643
Continuous asphalt network,78.61015,104.9678,1.072595,0.02205463
Continuous asphalt network,72.66676,106.6816,4.289913,0
Continuous asphalt network,60.78003,110.1092,17.16017,0
Continuous asphalt network,7.633831,133.6145,34.31992,0
Continuous asphalt network,-10.08157,141.4496,17.15996,0
Continuous asphalt network,1.76469,137.0713,17.15993,0
Continuous asphalt network,-27.76996,149.9185,17.15955,0
Continuous asphalt network,-45.47184,158.0705,8.579787,0
Continuous asphalt network,-33.65259,153.0584,8.579773,0
Continuous asphalt network,-15.93719,145.2233,17.15962,0
Continuous asphalt network,1.805208,138.022,8.580152,0
Continuous asphalt network,-10.04105,142.4003,8.580167,0
Continuous asphalt network,19.4936,129.5531,34.31987,0
Continuous asphalt network,37.24949,122.6687,17.16036,0
Continuous asphalt network,25.37624,126.4132,17.16038,0
Continuous asphalt network,54.97838,115.1505,17.15998,0
Continuous asphalt network,69.76595,109.2023,4.289968,0
Continuous asphalt network,77.15975,106.2282,1.072435,0.02197167
Continuous asphalt network,81.59536,104.4278,0.5362247,0.002365368
Continuous asphalt network,78.6338,105.5224,0.5362284,0.02226989
Continuous asphalt network,72.71403,107.7908,2.144848,0
Continuous asphalt network,60.87452,112.3275,8.579956,0
Continuous asphalt network,43.11862,119.2119,17.16002,0
Continuous asphalt network,25.33573,125.4624,8.580681,0
Continuous asphalt network,37.20898,121.7179,8.580673,0
Continuous asphalt network,-148.6687,52.36654,6.099879,0.00324172
Continuous asphalt network,-147.3372,57.38869,53.16111,0.002107067
Continuous asphalt network,-141.5506,70.85226,26.58024,0
Continuous asphalt network,-143.6711,61.83549,26.58024,0
Continuous asphalt network,-134.461,84.28503,26.58086,0
Continuous asphalt network,-128.0229,97.73318,13.28999,0
Continuous asphalt network,-131.4463,88.74722,13.29005,0
Continuous asphalt network,-137.233,75.28365,26.58089,0
Continuous asphalt network,-141.7167,61.7893,13.2903,0
Continuous asphalt network,-139.5962,70.80606,13.2903,0
Continuous asphalt network,-120.2818,111.1506,26.5805,0
Continuous asphalt network,-113.8437,124.5987,13.29038,0
Continuous asphalt network,-117.2672,115.6127,13.29035,0
Continuous asphalt network,-106.7541,138.0314,13.28981,0
Continuous asphalt network,-99.9903,151.4719,6.645165,0
Continuous asphalt network,-104.0652,142.5013,6.645151,0
Continuous asphalt network,-110.5033,129.0532,13.28979,0
Continuous asphalt network,-116.29,115.5896,6.645262,0
Continuous asphalt network,-112.8665,124.5756,6.645278,0
Continuous asphalt network,-123.3796,102.1569,26.58047,0
Continuous asphalt network,-128.8405,88.68562,13.29024,0
Continuous asphalt network,-126.0685,97.68698,13.29024,0
Continuous asphalt network,-134.9529,75.22977,13.28999,0
Continuous asphalt network,-140.7395,61.7662,6.644969,0
Continuous asphalt network,-137.3161,70.75217,6.644984,0
Continuous asphalt network,-131.8551,84.22344,13.29002,0
Continuous asphalt network,-127.0457,97.71008,6.645008,0
Continuous asphalt network,-129.8177,88.70872,6.645008,0
Continuous asphalt network,95.83384,111.4173,59.5107,0.0432686
Continuous asphalt network,257.2848,46.37395,1.85655,0.3545746
Continuous asphalt network,258.6482,64.24937,3.496364,0.2768618
Continuous asphalt network,260.8577,63.49927,3.496364,0.2608809
Continuous asphalt network,257.1153,63.36314,6.992897,0.2860099
Continuous asphalt network,254.3917,55.39092,8.541316,0.3057182
Continuous asphalt network,254.88,58.6186,2.135368,0.2992278
Continuous asphalt network,255.4068,60.15785,2.13533,0.2805865
Continuous asphalt network,255.7475,57.55062,4.27067,0.3019148
Continuous asphalt network,256.1268,53.25497,17.08258,0.316484
Continuous asphalt network,261.4685,-39.10021,5.197669,0.06097372
Continuous asphalt network,263.8492,-37.60049,5.197656,0.06664208
Continuous asphalt network,260.9688,-41.11315,1.299418,0.06288143
Continuous asphalt network,261.4008,-42.47839,0.04060562,0.09526373
Continuous asphalt network,261.542,-42.63205,0.04060293,0.1064185
Continuous asphalt network,261.252,-42.57212,0.08122154,0.01388355
Continuous asphalt network,261.4867,-42.06046,0.08121619,0.06288879
Continuous asphalt network,261.6202,-42.46149,0.0406113,0.1189368
Continuous asphalt network,261.4791,-42.30783,0.04061398,0.06287134
Continuous asphalt network,261.5658,-43.04154,0.3248784,0.1035191
Continuous asphalt network,260.9382,-42.10272,0.6496786,0.06288406
Continuous asphalt network,259.9654,-40.53231,2.598848,0.0452622
Continuous asphalt network,262.3785,-40.34638,0.3248557,0.06289088
Continuous asphalt network,262.6141,-40.98636,0.08121982,0.06287219
Continuous asphalt network,262.7476,-41.38742,0.04060333,0.1209987
Continuous asphalt network,262.6064,-41.23375,0.04060634,0.05458194
Continuous asphalt network,262.3632,-40.84116,0.1624325,0.06288552
Continuous asphalt network,261.8768,-40.05597,0.6497208,0.06287611
Continuous asphalt network,263.193,-39.95454,0.6497101,0.06288299
Continuous asphalt network,263.0213,-40.79042,0.1624117,0.05228163
Continuous asphalt network,262.8964,-41.29367,0.08121026,0.07749559
Continuous asphalt network,262.8335,-40.96944,0.08121528,0.05158408
Continuous asphalt network,262.8173,-40.31256,0.3248351,0.0628819
Continuous asphalt network,262.1763,-42.17183,0.1624204,0.1161351
Continuous asphalt network,261.894,-41.86454,0.1624282,0.05070007
Continuous asphalt network,262.4739,-41.98437,0.3248514,0.09044234
Continuous asphalt network,262.0046,-43.00772,0.3248473,0.1144596
Continuous asphalt network,261.769,-42.36775,0.08120487,0.06280863
Continuous asphalt network,261.7061,-42.04355,0.08120062,0.04367463
Continuous asphalt network,262.0199,-42.51295,0.162414,0.1144609
Continuous asphalt network,261.5639,-40.73822,0.6497414,0.06287483
Continuous asphalt network,262.2068,-41.18229,0.1624292,0.06288229
Continuous asphalt network,262.5282,-41.4043,0.04060824,0.09054469
Continuous asphalt network,262.6694,-41.55796,0.04060523,0.1144451
Continuous asphalt network,262.3794,-41.49804,0.08121194,0.01390724
Continuous asphalt network,261.9092,-41.36977,0.3248599,0.06288072
Continuous asphalt network,260.2515,-45.44632,0.6496659,0.104244
Continuous asphalt network,259.374,-45.51395,0.6496935,0.07068163
Continuous asphalt network,261.0031,-44.73026,1.299406,0.09891377
Continuous asphalt network,259.3435,-46.5035,1.299453,0.08344049
Continuous asphalt network,260.221,-46.43587,1.299391,0.06844339
Continuous asphalt network,258.8437,-48.51643,5.197675,0.08078477
Continuous asphalt network,259.8662,-43.74839,0.3248687,0.00962955
Continuous asphalt network,259.8509,-44.24319,0.3248648,0.07087214
Continuous asphalt network,259.2939,-43.38115,0.6497101,0.04174343
Continuous asphalt network,260.8848,-43.83444,0.1624389,0.1066163
Continuous asphalt network,260.4575,-43.49715,0.08122338,0.1142067
Continuous asphalt network,260.7475,-43.55708,0.08122365,0.1144515
Continuous asphalt network,261.3236,-43.80062,0.3248549,0.1102742
Continuous asphalt network,260.4308,-44.36304,0.3248644,0.09900033
Continuous asphalt network,260.3049,-43.71459,0.162423,0.01677925
Continuous asphalt network,260.5872,-44.02191,0.1624248,0.1064708
Continuous asphalt network,258.9505,-45.05298,1.299417,0.08783096
Continuous asphalt network,258.6911,-44.00348,0.3248397,0.0548143
Continuous asphalt network,258.7064,-43.5087,0.3248474,0.04188953
Continuous asphalt network,259.2633,-44.37073,0.6497219,0.06949468
Continuous asphalt network,259.0573,-41.5895,2.598841,0.04416424
Continuous asphalt network,260.4842,-42.63129,0.6496813,0.0628852
Continuous asphalt network,261.3388,-43.30584,0.3248521,0.09714098
Continuous asphalt network,260.7551,-43.30967,0.08121564,0.09748565
Continuous asphalt network,260.4652,-43.24974,0.08121537,0.05938401
Continuous asphalt network,260.9077,-43.09225,0.162421,0.05772747
Continuous asphalt network,259.6067,-42.6989,1.299407,0.04314193
Continuous asphalt network,261.5753,-35.63675,1.29946,0.07447087
Continuous asphalt network,261.5448,-36.62632,1.299407,0.05823347
Continuous asphalt network,260.4308,-34.90227,2.59888,0.08443836
Continuous asphalt network,263.6203,-35.56144,0.3248581,0.07661988
Continuous asphalt network,263.6051,-36.05622,0.324862,0.04215727
Continuous asphalt network,263.0481,-35.19418,0.6497248,0.07662056
Continuous asphalt network,264.7878,-35.55374,0.6496675,0.0717605
Continuous asphalt network,264.185,-36.17607,0.32485,0.04672002
Continuous asphalt network,264.2002,-35.68128,0.3248461,0.07999694
Continuous asphalt network,262.7047,-36.86602,1.299408,0.06288057
Continuous asphalt network,262.4529,-35.56912,0.6497302,0.05531731
Continuous asphalt network,263.0175,-36.18377,0.649737,0.06109166
Continuous asphalt network,259.7746,-37.25633,10.39531,0.05524679
Continuous asphalt network,259.9424,-31.81376,1.29942,0.08258575
Continuous asphalt network,261.1023,-32.05345,1.299398,0.1186804
Continuous asphalt network,259.332,-32.68347,2.598814,0.0810718
Continuous asphalt network,259.4235,-29.7148,2.598903,0.09473794
Continuous asphalt network,261.1328,-31.0639,1.299358,0.1186804
Continuous asphalt network,259.9729,-30.82421,1.29938,0.08258573
Continuous asphalt network,262.7962,-33.89732,1.299378,0.074854
Continuous asphalt network,262.5444,-32.60045,0.6496691,0.1186744
Continuous asphalt network,263.109,-33.21509,0.6496981,0.09573717
Continuous asphalt network,263.9408,-34.63181,2.598736,0.07661916
Continuous asphalt network,260.7589,-33.72525,0.6497101,0.1186885
Continuous asphalt network,261.4724,-34.24614,0.1624419,0.1085511
Continuous asphalt network,261.7547,-34.55344,0.1624333,0.08869887
Continuous asphalt network,261.0336,-34.27996,0.3248619,0.1186809
Continuous asphalt network,259.8814,-33.79287,1.299421,0.07983864
Continuous asphalt network,261.6669,-32.66807,1.299405,0.1186771
Continuous asphalt network,261.9264,-33.71755,0.3248646,0.1057045
Continuous asphalt network,262.0523,-34.36597,0.1624063,0.07661919
Continuous asphalt network,261.7699,-34.05867,0.1624149,0.1007971
Continuous asphalt network,261.3541,-33.35031,0.6497242,0.118675
Continuous asphalt network,260.9839,-21.6969,0.6497101,0.1731339
Continuous asphalt network,259.8088,-21.95197,0.3248686,0.1477772
Continuous asphalt network,260.404,-21.57704,0.3248346,0.1694134
Continuous asphalt network,261.7354,-20.98084,1.299407,0.1737244
Continuous asphalt network,260.0758,-22.75407,1.299366,0.1346065
Continuous asphalt network,260.9533,-22.68645,1.299402,0.1731304
Continuous asphalt network,259.5761,-24.76698,5.197642,0.1395728
Continuous asphalt network,260.8885,-20.0589,2.598828,0.1789043
Continuous asphalt network,259.9805,-21.11606,0.6496797,0.1486873
Continuous asphalt network,259.3853,-21.49099,0.6497478,0.1211566
Continuous asphalt network,259.7134,-20.31397,1.299395,0.1580881
Continuous asphalt network,260.072,-18.14738,0.649674,0.2065045
Continuous asphalt network,259.4768,-18.52231,0.6496922,0.1808797
Continuous asphalt network,259.805,-17.3453,1.299379,0.2088094
Continuous asphalt network,261.2166,-18.88186,0.6496896,0.1983916
Continuous asphalt network,261.7813,-19.4965,0.6496946,0.1681058
Continuous asphalt network,260.0415,-19.13694,0.6497538,0.196235
Continuous asphalt network,260.6367,-18.762,0.6497356,0.2193262
Continuous asphalt network,259.9423,-12.89229,5.197745,0.2190418
Continuous asphalt network,260.0643,-8.934056,5.197702,0.2415297
Continuous asphalt network,260.7588,-14.80379,5.197652,0.2200557
Continuous asphalt network,261.7011,-17.36372,1.299425,0.2234472
Continuous asphalt network,262.2352,-18.96792,0.6496887,0.1681132
Continuous asphalt network,261.6706,-18.35328,0.6496972,0.2137072
Continuous asphalt network,260.6977,-16.7829,2.598827,0.2154957
Continuous asphalt network,261.7088,-26.57706,1.29937,0.1532596
Continuous asphalt network,261.457,-25.28019,1.299402,0.1623484
Continuous asphalt network,262.7122,-27.15787,2.59881,0.1183865
Continuous asphalt network,260.2361,-27.01962,0.6497092,0.1696553
Continuous asphalt network,260.8008,-27.63423,0.6497092,0.1200345
Continuous asphalt network,259.641,-27.39454,1.299389,0.1154395
Continuous asphalt network,260.5795,-25.34782,1.299491,0.1657612
Continuous asphalt network,261.1136,-26.952,0.6497297,0.1135875
Continuous asphalt network,260.549,-26.33738,0.6497297,0.1639373
Continuous asphalt network,262.2696,-22.58502,5.19757,0.1729456
Continuous asphalt network,263.3379,-25.79338,2.598823,0.1047766
Continuous asphalt network,262.2086,-24.56413,2.598806,0.1706754
Continuous asphalt network,263.7805,-30.36626,5.197724,0.1053092
Continuous asphalt network,264.8488,-33.57466,2.598805,0.07662103
Continuous asphalt network,263.5631,-32.68651,0.649744,0.04542014
Continuous asphalt network,262.9984,-32.07187,0.6497177,0.1186767
Continuous asphalt network,264.1582,-32.31159,1.299405,0.09749525
Continuous asphalt network,261.7737,-29.20461,10.39547,0.115526
Continuous asphalt network,260.9341,0.3469391,10.39542,0.2889027
Continuous asphalt network,261.0257,3.315608,5.197528,0.2839665
Continuous asphalt network,260.5221,5.909342,2.59888,0.3039617
Continuous asphalt network,261.6514,4.680084,2.598897,0.2922427
Continuous asphalt network,260.6747,10.85715,5.197795,0.290166
Continuous asphalt network,260.7967,14.8154,5.197957,0.3079135
Continuous asphalt network,261.4911,8.945653,5.197709,0.3037203
Continuous asphalt network,262.5594,5.737279,2.598894,0.2812986
Continuous asphalt network,261.4301,6.966537,2.598863,0.3037137
Continuous asphalt network,261.0409,22.73189,5.197621,0.3310902
Continuous asphalt network,261.1629,26.69011,5.197785,0.3417538
Continuous asphalt network,261.0942,33.92434,2.598752,0.3341734
Continuous asphalt network,261.1208,39.52057,1.299247,0.3243584
Continuous asphalt network,261.3116,36.24458,1.299281,0.3484872
Continuous asphalt network,261.4414,30.98946,2.598778,0.3349957
Continuous asphalt network,261.6322,27.71348,2.598822,0.2960116
Continuous asphalt network,261.7963,18.84128,10.395,0.3372338
Continuous asphalt network,262.5384,12.15252,1.299377,0.3159746
Continuous asphalt network,262.6338,10.51451,1.299361,0.3036552
Continuous asphalt network,263.0287,6.760645,1.299355,0.2811255
Continuous asphalt network,262.5251,9.35439,1.299351,0.3036784
Continuous asphalt network,261.6742,14.88304,5.197488,0.324096
Continuous asphalt network,262.3153,-2.179214,20.79099,0.2713412
Continuous asphalt network,263.3702,-8.185689,2.598785,0.2507217
Continuous asphalt network,263.4656,-9.82368,2.598852,0.2245363
Continuous asphalt network,263.789,-12.34904,0.3248422,0.2292199
Continuous asphalt network,264.1018,-11.66681,0.3248276,0.2388815
Continuous asphalt network,263.9931,-12.82692,0.649666,0.2353833
Continuous asphalt network,264.0646,-14.0554,1.29935,0.2360345
Continuous asphalt network,263.561,-11.46167,0.649665,0.2245275
Continuous asphalt network,263.2482,-12.1439,0.649694,0.2139693
Continuous asphalt network,262.9963,-10.84705,1.299354,0.2245354
Continuous asphalt network,261.8804,-6.819697,10.39542,0.2645675
Continuous asphalt network,263.9902,-18.83267,5.197822,0.1770389
Continuous asphalt network,264.5416,-22.24541,1.299453,0.1667745
Continuous asphalt network,264.8411,-24.36126,0.6497545,0.118369
Continuous asphalt network,264.4329,-23.40553,0.6497388,0.1712165
Continuous asphalt network,263.7728,-21.15292,2.598903,0.1721626
Continuous asphalt network,264.8755,-27.97837,2.598824,0.1337303
Continuous asphalt network,265.318,-32.55127,1.299379,0.07271263
Continuous asphalt network,264.8144,-29.95751,1.299377,0.1527896
Continuous asphalt network,264.2154,-25.72575,2.598889,0.1335159
Continuous asphalt network,263.3036,-22.17629,1.29952,0.1721698
Continuous asphalt network,263.9159,-23.6099,0.6497295,0.1436094
Continuous asphalt network,264.3241,-24.56563,0.6497233,0.1627012
Continuous asphalt network,263.1738,-16.92117,0.649705,0.1642933
Continuous asphalt network,262.6092,-16.30654,0.6497278,0.2353959
Continuous asphalt network,263.769,-16.54622,1.299351,0.2086583
Continuous asphalt network,262.8304,-18.59298,1.299392,0.1681098
Continuous asphalt network,262.2963,-16.98879,0.6497137,0.2423287
Continuous asphalt network,262.8609,-17.60342,0.6496909,0.1719243
Continuous asphalt network,262.5138,-14.66854,5.197598,0.228745
Continuous asphalt network,260.9419,-8.866429,5.19753,0.2790306
Continuous asphalt network,261.9624,-11.25579,1.299416,0.2198261
Continuous asphalt network,262.3707,-12.21153,1.299397,0.238186
Continuous asphalt network,262.983,-13.64516,2.598844,0.2360405
Continuous asphalt network,319.7051,-3.969376,11.68131,0.01687907
Continuous asphalt network,323.3224,-6.626266,11.68127,0.03487756
Continuous asphalt network,332.6466,-12.75749,11.68171,0.00642871
Continuous asphalt network,324.709,-8.721252,2.920326,0.02611413
Continuous asphalt network,320.288,-6.371038,0.3649673,0.03455767
Continuous asphalt network,321.1923,-7.035238,0.3650125,0.08287336
Continuous asphalt network,318.7909,-5.630224,0.7299047,0.03467556
Continuous asphalt network,322.3076,-7.316203,0.7300774,0.03831619
Continuous asphalt network,320.8808,-6.447657,0.3650141,0.02555479
Continuous asphalt network,321.9258,-6.856344,0.3650216,0.03835993
Continuous asphalt network,326.9395,-9.283157,5.840856,0.006586636
Continuous asphalt network,308.1605,1.011912,0.3650482,0.03088275
Continuous asphalt network,307.5174,1.573964,0.1825302,0.08313148
Continuous asphalt network,308.0399,1.369609,0.1825302,0.05455985
Continuous asphalt network,306.9447,2.263784,0.1825423,0.07863712
Continuous asphalt network,306.5628,2.723653,0.1825517,0.1891143
Continuous asphalt network,307.6932,1.893356,0.09124477,0.08313168
Continuous asphalt network,308.1454,1.561234,0.09124418,0.05457136
Continuous asphalt network,307.3968,1.931671,0.1825456,0.08313698
Continuous asphalt network,309.3964,0.3732656,1.460234,0.01752512
Continuous asphalt network,306.161,2.570297,0.3650104,0.06110509
Continuous asphalt network,306.5428,2.110428,0.3650338,0.0843536
Continuous asphalt network,305.6888,2.2892,0.7301063,0.07462854
Continuous asphalt network,306.784,1.395045,1.460166,0.06661216
Continuous asphalt network,313.0135,-2.283661,2.920472,0.0146841
Continuous asphalt network,309.0447,-0.2655436,0.7301252,0.01739653
Continuous asphalt network,307.0955,0.8074036,0.7301284,0.0549542
Continuous asphalt network,310.16,-0.5464885,1.460239,0.01626185
Continuous asphalt network,300.4138,4.818212,1.460126,0.04484791
Continuous asphalt network,302.2224,3.489766,1.460131,0.112821
Continuous asphalt network,297.3493,6.172099,0.7301136,0.04558982
Continuous asphalt network,295.3649,7.181117,0.1825381,0.056533
Continuous asphalt network,294.3902,7.717585,0.1825232,0.06447513
Continuous asphalt network,295.9225,7.040659,0.3650776,0.04371282
Continuous asphalt network,298.4645,5.891159,1.460129,0.04559029
Continuous asphalt network,303.408,3.336563,1.460163,0.03609055
Continuous asphalt network,302.0515,4.332901,0.7300874,0.04042969
Continuous asphalt network,300.6247,5.201467,0.3650377,0.01630903
Continuous asphalt network,301.6696,4.792765,0.3650286,0.03204319
Continuous asphalt network,304.5935,3.18337,2.920393,0.07419351
Continuous asphalt network,313.4355,-1.517115,5.840616,0.01585166
Continuous asphalt network,309.6777,0.8842977,1.460092,0.01752714
Continuous asphalt network,307.869,2.212753,1.460124,0.02687586
Continuous asphalt network,310.8633,0.7310893,2.920335,0.01746588
Continuous asphalt network,315.8067,-1.823512,11.68137,0.01396782
Continuous asphalt network,337.6703,-12.85923,46.72554,0.00251953
Continuous asphalt network,328.0647,-7.239024,11.68149,0.005789868
Continuous asphalt network,322.3576,-3.764704,5.840822,0.01425498
Continuous asphalt network,326.5374,-5.399526,5.840937,0.01035937
Continuous asphalt network,334.6157,-9.180252,23.36288,0.005560041
Continuous asphalt network,261.9656,-56.78326,1.161677,0.07741507
Continuous asphalt network,262.1682,-57.72304,1.161688,0.03282017
Continuous asphalt network,260.7199,-57.37594,0.5808854,0.07741113
Continuous asphalt network,260.0464,-57.43734,0.1451838,0.1145063
Continuous asphalt network,259.7567,-57.36793,0.1452221,0.1897279
Continuous asphalt network,260.3795,-57.07158,0.2903953,0.07742033
Continuous asphalt network,261.3863,-56.64443,1.161694,0.07741316
Continuous asphalt network,263.7763,-54.98915,2.323369,0.07741664
Continuous asphalt network,263.1242,-57.06092,1.161685,0.03282012
Continuous asphalt network,262.9216,-56.12115,1.161674,0.07741489
Continuous asphalt network,261.5162,-59.79482,2.323414,0.02098807
Continuous asphalt network,260.7628,-61.39671,2.323401,0.03839272
Continuous asphalt network,260.3504,-58.84703,0.1452143,0.07741429
Continuous asphalt network,259.9412,-58.86035,0.07261192,0.1787807
Continuous asphalt network,260.1802,-58.69482,0.07260364,0.07740027
Continuous asphalt network,260.6836,-58.48127,0.2904344,0.07740901
Continuous asphalt network,260.1185,-59.68268,0.2904353,0.07040134
Continuous asphalt network,259.8724,-59.17807,0.1452172,0.1415516
Continuous asphalt network,260.162,-59.24749,0.1452258,0.1289447
Continuous asphalt network,259.7892,-58.15553,0.07261407,0.2051068
Continuous asphalt network,260.0282,-57.98999,0.07259794,0.06869768
Continuous asphalt network,259.7204,-58.47324,0.1452149,0.2051292
Continuous asphalt network,259.5684,-57.7684,0.145217,0.205087
Continuous asphalt network,259.9776,-57.75505,0.072587,0.06869723
Continuous asphalt network,259.7386,-57.92058,0.07260314,0.2051004
Continuous asphalt network,260.5822,-58.01136,0.2904529,0.07740991
Continuous asphalt network,260.1296,-58.45989,0.07259271,0.04928423
Continuous asphalt network,259.8906,-58.62541,0.07260098,0.1801127
Continuous asphalt network,260.1984,-58.14218,0.1452121,0.0737558
Continuous asphalt network,261.3135,-58.85504,2.323362,0.04242894
Continuous asphalt network,260.0866,-54.43912,0.07259933,0.02484099
Continuous asphalt network,259.8477,-54.60464,0.07260049,0.2050456
Continuous asphalt network,260.1555,-54.12141,0.1452086,0.07776619
Continuous asphalt network,260.3075,-54.82623,0.1451982,0.07741594
Continuous asphalt network,259.8983,-54.83958,0.07260702,0.1976405
Continuous asphalt network,260.1373,-54.67406,0.07260586,0.07097862
Continuous asphalt network,259.5326,-54.41776,0.5808645,0.1883673
Continuous asphalt network,260.7783,-53.82505,1.16169,0.077414
Continuous asphalt network,259.5976,-55.99295,0.2903971,0.2050829
Continuous asphalt network,260.0756,-55.66189,0.2904041,0.06358872
Continuous asphalt network,259.4599,-56.62836,0.5808442,0.205108
Continuous asphalt network,259.156,-55.2187,0.580861,0.2051228
Continuous asphalt network,259.8295,-55.15731,0.1452238,0.165953
Continuous asphalt network,260.1191,-55.22672,0.1452147,0.1430684
Continuous asphalt network,259.4963,-55.52308,0.2904299,0.2050623
Continuous asphalt network,259.0403,-53.40854,1.161761,0.1748633
Continuous asphalt network,258.8377,-52.46875,1.16168,0.2193792
Continuous asphalt network,260.5757,-52.88527,1.161696,0.05918688
Continuous asphalt network,259.6197,-53.54738,1.161699,0.1713137
Continuous asphalt network,262.9943,-53.91052,4.646834,0.0774122
Continuous asphalt network,261.1836,-55.70463,1.161731,0.07741217
Continuous asphalt network,260.2783,-56.60168,0.2904453,0.05588193
Continuous asphalt network,259.8003,-56.93273,0.2904442,0.174147
Continuous asphalt network,260.416,-55.96625,0.580874,0.07396903
Continuous asphalt network,261.459,-54.43379,2.323422,0.0774125
Continuous asphalt network,258.8794,-65.40145,4.64676,0.07728003
Continuous asphalt network,257.9961,-63.85294,1.161709,0.08673122
Continuous asphalt network,257.5544,-63.07868,0.2904428,0.08672079
Continuous asphalt network,257.3083,-62.57408,0.1452321,0.2297542
Continuous asphalt network,257.598,-62.64351,0.1452094,0.1000661
Continuous asphalt network,258.0831,-62.98258,0.5808361,0.08673471
Continuous asphalt network,259.0534,-63.66072,2.323392,0.06426859
Continuous asphalt network,256.996,-69.40621,4.646676,0.09150639
Continuous asphalt network,257.0544,-65.85532,1.161718,0.08672067
Continuous asphalt network,257.0836,-64.07987,0.2904448,0.08671433
Continuous asphalt network,257.0982,-63.19214,0.0725916,0.08671656
Continuous asphalt network,257.1417,-62.75696,0.07259916,0.146667
Continuous asphalt network,257.2213,-63.44443,0.1452166,0.08671423
Continuous asphalt network,257.3298,-64.58448,0.5808723,0.0867212
Continuous asphalt network,257.5467,-66.86452,2.323361,0.08672899
Continuous asphalt network,258.4169,-58.16086,2.323484,0.2050948
Continuous asphalt network,257.8155,-60.46759,0.2904298,0.2633642
Continuous asphalt network,257.5947,-60.08046,0.07260529,0.3268299
Continuous asphalt network,257.544,-59.84552,0.07261076,0.1903552
Continuous asphalt network,257.859,-60.03241,0.1452149,0.174362
Continuous asphalt network,257.3446,-61.46877,0.2904094,0.2455326
Continuous asphalt network,257.3592,-60.58105,0.07259756,0.2455342
Continuous asphalt network,257.3665,-60.13719,0.01815147,0.2455631
Continuous asphalt network,257.3883,-59.9196,0.01814899,0.2467775
Continuous asphalt network,257.4281,-60.26335,0.03629756,0.2455464
Continuous asphalt network,257.4823,-60.83335,0.1452065,0.2455201
Continuous asphalt network,257.7505,-58.89239,1.161733,0.205129
Continuous asphalt network,258.0986,-55.41092,1.161731,0.2050783
Continuous asphalt network,258.1713,-53.20028,0.580841,0.1936253
Continuous asphalt network,258.374,-54.14006,0.5808852,0.2234913
Continuous asphalt network,258.5909,-56.42012,2.323444,0.2050954
Continuous asphalt network,258.4455,-60.84137,2.323348,0.2109958
Continuous asphalt network,259.1989,-59.23948,2.323402,0.2198371
Continuous asphalt network,259.8068,-62.05883,2.323406,0.06426938
Continuous asphalt network,258.4598,-62.18162,0.5808628,0.0899564
Continuous asphalt network,257.7863,-62.24304,0.1452113,0.1222088
Continuous asphalt network,257.4966,-62.17361,0.1452339,0.2454724
Continuous asphalt network,258.1194,-61.87726,0.2904595,0.1660976
Continuous asphalt network,259.1261,-61.45009,1.161774,0.1053343
Continuous asphalt network,254.7359,-74.21188,2.323396,0.0838447
Continuous asphalt network,254.2722,-75.8832,0.580839,0.09251928
Continuous asphalt network,253.8955,-76.68415,0.5808327,0.09559487
Continuous asphalt network,253.8812,-75.34388,1.161741,0.08115584
Continuous asphalt network,253.9539,-73.13326,4.64674,0.08220071
Continuous asphalt network,252.4758,-79.01757,4.646692,0.09528504
Continuous asphalt network,252.7226,-75.06621,0.5808375,0.08065079
Continuous asphalt network,252.3024,-76.30235,0.2904236,0.07940266
Continuous asphalt network,252.3894,-75.43198,0.2904318,0.0852281
Continuous asphalt network,252.7083,-73.72596,1.161685,0.08133263
Continuous asphalt network,252.7369,-76.40647,0.5808456,0.09005914
Continuous asphalt network,253.1135,-75.60552,0.5808456,0.09283759
Continuous asphalt network,253.1279,-76.94579,1.161658,0.09558949
Continuous asphalt network,250.2157,-83.82327,4.646835,0.1046587
Continuous asphalt network,248.2453,-88.69837,2.323535,0.08710761
Continuous asphalt network,249.1727,-85.35575,2.323541,0.08916849
Continuous asphalt network,251.0275,-78.67048,2.323551,0.1053452
Continuous asphalt network,251.9984,-74.89268,0.2904257,0.09517734
Continuous asphalt network,251.5058,-76.11144,0.1452087,0.1249814
Continuous asphalt network,251.7376,-75.27579,0.1452083,0.132694
Continuous asphalt network,252.2738,-73.62183,0.5808464,0.09285792
Continuous asphalt network,251.6795,-76.59869,0.580877,0.1037715
Continuous asphalt network,252.0997,-75.36257,0.2904348,0.1078989
Continuous asphalt network,252.0127,-76.23293,0.2904266,0.1015002
Continuous asphalt network,251.1431,-80.48063,4.646848,0.106329
Continuous asphalt network,256.4464,-63.03595,0.5808398,0.2366737
Continuous asphalt network,256.1204,-64.07185,0.2904316,0.1304884
Continuous asphalt network,256.0191,-63.60196,0.2904311,0.2406488
Continuous asphalt network,256.0555,-62.49664,1.161649,0.2455042
Continuous asphalt network,255.3164,-65.4388,1.161688,0.1375447
Continuous asphalt network,255.3891,-63.22818,0.5808784,0.2455129
Continuous asphalt network,255.5411,-63.93302,0.2904139,0.2455025
Continuous asphalt network,255.6424,-64.40291,0.2904143,0.1366997
Continuous asphalt network,254.3747,-67.44117,0.580828,0.0852036
Continuous asphalt network,253.9545,-68.6773,0.2904328,0.08133848
Continuous asphalt network,254.0415,-67.80693,0.2904336,0.07287978
Continuous asphalt network,253.2012,-70.27921,0.5808261,0.08132559
Continuous asphalt network,253.5925,-68.59054,0.1451978,0.08131129
Continuous asphalt network,253.8243,-67.75488,0.1451974,0.07284639
Continuous asphalt network,253.6213,-69.04308,0.2904139,0.08132395
Continuous asphalt network,254.7806,-64.86477,0.2904366,0.2372623
Continuous asphalt network,254.288,-66.08354,0.1452139,0.09724141
Continuous asphalt network,254.5198,-65.24789,0.1452118,0.1359813
Continuous asphalt network,255.0559,-63.59394,0.5808904,0.2455021
Continuous asphalt network,254.65,-66.17033,1.161672,0.09152117
Continuous asphalt network,256.9686,-57.81377,1.16165,0.2051097
Continuous asphalt network,256.2658,-59.6506,0.1452063,0.1911822
Continuous asphalt network,256.0558,-60.26867,0.07260802,0.2455537
Continuous asphalt network,256.0993,-59.83348,0.07260968,0.2475275
Continuous asphalt network,255.6791,-61.06961,0.1451961,0.2454725
Continuous asphalt network,255.8747,-60.22528,0.03629445,0.2455164
Continuous asphalt network,255.9906,-59.80745,0.03629488,0.2474926
Continuous asphalt network,255.8892,-60.45155,0.07259806,0.2454816
Continuous asphalt network,256.4471,-58.58001,0.58083,0.2051345
Continuous asphalt network,257.3745,-55.23738,0.5807739,0.1679042
Continuous asphalt network,257.8382,-53.56607,0.5807822,0.239153
Continuous asphalt network,257.4323,-56.14245,1.161647,0.2051157
Continuous asphalt network,256.0412,-61.15637,0.5808492,0.2454873
Continuous asphalt network,256.273,-60.32073,0.1452252,0.2454427
Continuous asphalt network,256.4613,-59.92026,0.1452203,0.2345946
Continuous asphalt network,256.4685,-60.59037,0.2904243,0.2454963
Continuous asphalt network,256.4321,-61.69568,1.161682,0.2455018
Continuous asphalt network,257.1712,-58.75355,1.161687,0.2050831
Continuous asphalt network,257.0478,-60.7292,0.1452118,0.2454736
Continuous asphalt network,257.2108,-60.21127,0.03630393,0.2437894
Continuous asphalt network,257.3159,-59.90224,0.01814824,0.2346207
Continuous asphalt network,257.2941,-60.11983,0.01815073,0.2349293
Continuous asphalt network,257.2144,-60.54634,0.07260952,0.2455201
Continuous asphalt network,257.055,-61.39934,0.2904134,0.2454749
Continuous asphalt network,256.9212,-60.14185,0.07258689,0.2320607
Continuous asphalt network,257.2072,-59.87622,0.03630672,0.2050646
Continuous asphalt network,257.1131,-60.07644,0.0363042,0.1933137
Continuous asphalt network,256.8523,-60.45955,0.1451918,0.2454869
Continuous asphalt network,256.8452,-59.78944,0.2904095,0.1790224
Continuous asphalt network,254.5046,-70.59159,9.293601,0.07811855
Continuous asphalt network,255.8087,-66.44801,2.323439,0.08673059
Continuous asphalt network,256.4608,-64.37622,0.5808664,0.08672937
Continuous asphalt network,256.7868,-63.34031,0.1452065,0.1060447
Continuous asphalt network,256.9969,-62.72226,0.07261211,0.2430178
Continuous asphalt network,256.9534,-63.15744,0.07260454,0.2211319
Continuous asphalt network,256.7939,-64.01045,0.2904229,0.08673
Continuous asphalt network,256.4751,-65.71648,1.161708,0.08672923
Continuous asphalt network,255.8373,-69.12853,4.646839,0.09150869
Continuous asphalt network,237.1384,-167.512,24.33521,0.01725297
Continuous asphalt network,226.8939,-162.0255,6.08373,0.02126509
Continuous asphalt network,221.7716,-159.2822,1.520929,0.02549219
Continuous asphalt network,219.2105,-157.9106,0.3802104,0.01953551
Continuous asphalt network,218.2096,-157.3086,0.3802731,0.1473487
Continuous asphalt network,220.8297,-158.5469,0.7604173,0.02149039
Continuous asphalt network,225.0101,-160.5547,3.041845,0.02474752
Continuous asphalt network,233.3708,-164.5705,12.16753,0.02186246
Continuous asphalt network,251.0814,-173.0432,13.39289,0.01878792
Continuous asphalt network,260.1631,-177.6951,13.39285,0.01973449
Continuous asphalt network,246.0087,-171.7555,26.78502,0.01960176
Continuous asphalt network,333.1549,-90.23132,6.416783,0.1630922
Continuous asphalt network,330.6369,-91.92429,0.8021277,0.1803956
Continuous asphalt network,329.881,-92.53873,0.40105,0.2098058
Continuous asphalt network,330.0514,-91.92861,0.4010477,0.2282927
Continuous asphalt network,328.5395,-93.15751,0.8020928,0.2098132
Continuous asphalt network,329.4659,-91.93295,0.4010805,0.1570008
Continuous asphalt network,329.2955,-92.54307,0.401051,0.2098118
Continuous asphalt network,331.3131,-90.54935,3.208483,0.1938393
Continuous asphalt network,335.178,-87.17204,12.83375,0.1672618
Continuous asphalt network,331.4616,-94.20144,3.208447,0.1991778
Continuous asphalt network,332.6216,-96.32389,1.604278,0.1729861
Continuous asphalt network,331.621,-95.72241,1.604214,0.2101972
Continuous asphalt network,329.7903,-93.90936,6.41685,0.2104366
Continuous asphalt network,333.394,-92.51278,0.4010424,0.1717212
Continuous asphalt network,333.4819,-91.67495,0.2005457,0.1398703
Continuous asphalt network,333.6469,-92.13037,0.2005307,0.1768255
Continuous asphalt network,333.8091,-93.11857,0.8021007,0.1717259
Continuous asphalt network,332.3082,-92.21637,0.8020974,0.1952276
Continuous asphalt network,333.0641,-91.60192,0.4010495,0.1527383
Continuous asphalt network,332.8937,-92.21204,0.4010203,0.1266629
Continuous asphalt network,334.6557,-91.13352,1.604242,0.151
Continuous asphalt network,334.4798,-92.8092,0.8021291,0.1717246
Continuous asphalt network,333.9822,-91.97568,0.2005022,0.1852574
Continuous asphalt network,333.8173,-91.52026,0.2005173,0.1499656
Continuous asphalt network,334.4001,-92.04871,0.40107,0.1299167
Continuous asphalt network,333.1329,-94.49353,6.416946,0.1782787
Continuous asphalt network,340.7306,-80.89017,0.8020917,0.0460808
Continuous asphalt network,340.1424,-81.42728,0.2005442,0.06218285
Continuous asphalt network,339.807,-81.58197,0.2005404,0.1589188
Continuous asphalt network,340.1451,-80.89449,0.4010345,0.09092455
Continuous asphalt network,339.0538,-81.66363,1.604191,0.1776754
Continuous asphalt network,341.4068,-79.51523,3.208396,0.0460793
Continuous asphalt network,339.5486,-83.02993,0.8020561,0.1683708
Continuous asphalt network,340.1286,-84.09116,0.4010507,0.08411217
Continuous asphalt network,339.6283,-83.79042,0.4010319,0.1740242
Continuous asphalt network,338.713,-82.88387,1.604219,0.1754768
Continuous asphalt network,340.6399,-82.2608,0.4010366,0.04607743
Continuous asphalt network,339.9719,-82.03739,0.2005168,0.151326
Continuous asphalt network,340.3073,-81.8827,0.2005205,0.04607641
Continuous asphalt network,341.0605,-81.80105,0.8021147,0.04608086
Continuous asphalt network,340.5492,-83.63143,0.8021545,0.04575775
Continuous asphalt network,339.9691,-82.57016,0.4011,0.1112365
Continuous asphalt network,340.4695,-82.87091,0.4010916,0.04607789
Continuous asphalt network,343.5894,-77.97696,12.83407,0.04128316
Continuous asphalt network,336.8383,-89.59522,3.208463,0.1499885
Continuous asphalt network,338.691,-87.1461,0.8021476,0.1499833
Continuous asphalt network,339.6173,-85.92153,0.2005402,0.1499724
Continuous asphalt network,340.0379,-85.46178,0.2005441,0.05540127
Continuous asphalt network,339.2367,-86.76154,0.4010881,0.1499714
Continuous asphalt network,337.9296,-88.82609,1.604343,0.1499798
Continuous asphalt network,335.1451,-93.56536,0.8020865,0.1717118
Continuous asphalt network,336.0714,-92.3408,0.200499,0.1735236
Continuous asphalt network,336.6397,-91.61359,0.1002955,0.149954
Continuous asphalt network,336.3442,-92.14852,0.1003008,0.1202548
Continuous asphalt network,335.6907,-93.18079,0.4009974,0.1717152
Continuous asphalt network,334.3836,-95.24536,1.60418,0.1717118
Continuous asphalt network,335.9065,-91.88538,0.8021091,0.1795281
Continuous asphalt network,335.0653,-92.80487,0.8021045,0.1717204
Continuous asphalt network,335.8267,-91.12488,1.604235,0.1485314
Continuous asphalt network,337.6904,-86.54462,1.604137,0.1633145
Continuous asphalt network,339.1171,-85.6208,0.4010574,0.1499888
Continuous asphalt network,339.998,-85.08154,0.2004996,0.1230873
Continuous asphalt network,339.5775,-85.54129,0.2005053,0.1500011
Continuous asphalt network,338.6113,-86.3856,0.8020701,0.149995
Continuous asphalt network,336.6788,-88.07426,3.208302,0.159628
Continuous asphalt network,338.3721,-84.10412,1.604235,0.1663404
Continuous asphalt network,339.4579,-84.40055,0.4010278,0.1786327
Continuous asphalt network,339.9582,-84.70129,0.4010467,0.09083365
Continuous asphalt network,339.0374,-84.86031,0.8021277,0.1565945
Continuous asphalt network,337.531,-85.02363,3.20844,0.1693124
Continuous asphalt network,341.7328,-76.21059,1.590213,0.04411834
Continuous asphalt network,340.629,-75.94685,0.3975365,0.04378362
Continuous asphalt network,339.9494,-75.74448,0.1987706,0.1586643
Continuous asphalt network,340.2874,-75.58511,0.1987785,0.04454632
Continuous asphalt network,341.0496,-75.48711,0.7951741,0.04460545
Continuous asphalt network,342.574,-75.29105,3.180338,0.04470097
Continuous asphalt network,344.6016,-74.33488,6.360941,0.04470129
Continuous asphalt network,340.8164,-78.4727,3.18038,0.05623357
Continuous asphalt network,340.1708,-77.07795,0.7951308,0.07861362
Continuous asphalt network,339.8255,-76.19507,0.3975719,0.1244999
Continuous asphalt network,340.3361,-76.47713,0.397574,0.08710752
Continuous asphalt network,341.147,-77.27115,1.590167,0.05717469
Continuous asphalt network,339.0442,-79.56989,6.360767,0.1713351
Continuous asphalt network,344.2415,-71.36762,12.72176,0.04500278
Continuous asphalt network,341.8833,-73.52538,3.180397,0.04497477
Continuous asphalt network,340.7042,-74.60425,0.7950972,0.0447824
Continuous asphalt network,340.1147,-75.14368,0.198783,0.06961599
Continuous asphalt network,339.7768,-75.30307,0.1987751,0.1694448
Continuous asphalt network,340.111,-74.62258,0.3975181,0.0989548
Continuous asphalt network,340.6968,-73.56207,1.590227,0.04470676
Continuous asphalt network,341.8685,-71.44096,6.360944,0.0448687
Continuous asphalt network,334.5079,-85.369,6.360904,0.1823376
Continuous asphalt network,335.169,-82.96586,6.360799,0.1730992
Continuous asphalt network,331.1434,-89.04705,3.180414,0.1876661
Continuous asphalt network,329.2958,-91.48685,0.7950898,0.1839621
Continuous asphalt network,328.1617,-92.93664,0.3975441,0.2097873
Continuous asphalt network,328.7476,-91.87608,0.3975458,0.2204088
Continuous asphalt network,330.0469,-89.82552,1.590152,0.192547
Continuous asphalt network,332.9761,-84.52283,3.180281,0.1596694
Continuous asphalt network,332.315,-86.92597,3.180394,0.185646
Continuous asphalt network,337.3323,-77.2401,6.360749,0.1789537
Continuous asphalt network,339.7996,-72.54736,0.0993873,0.1776137
Continuous asphalt network,340.1375,-72.388,0.09937853,0.05364105
Continuous asphalt network,339.548,-72.92741,0.198781,0.1791251
Continuous asphalt network,340.0925,-72.01709,0.1987687,0.07298212
Continuous asphalt network,339.7545,-72.17645,0.1987748,0.1761342
Continuous asphalt network,338.9998,-73.31666,0.7950383,0.179122
Continuous asphalt network,340.592,-70.73582,1.590171,0.08204451
Continuous asphalt network,339.0898,-74.05847,0.7951364,0.176755
Continuous asphalt network,339.8033,-73.06844,0.1987714,0.1332051
Continuous asphalt network,340.2238,-72.6087,0.1987676,0.07877667
Continuous asphalt network,339.8483,-73.43935,0.3975665,0.1595945
Continuous asphalt network,339.1798,-74.8003,1.590195,0.1782869
Continuous asphalt network,337.1818,-79.92528,12.72143,0.1756088
Continuous asphalt network,302.8284,-138.649,8.126431,0.1259002
Continuous asphalt network,306.2813,-136.2792,2.031645,0.1206768
Continuous asphalt network,307.8107,-135.1969,0.2539471,0.1597991
Continuous asphalt network,308.2049,-134.9917,0.2539721,0.3169149
Continuous asphalt network,308.7962,-134.684,0.5079448,0.3444447
Continuous asphalt network,307.3141,-136.028,1.015832,0.1436609
Continuous asphalt network,304.894,-138.1466,4.063249,0.1249647
Continuous asphalt network,299.36,-143.3174,1.015796,0.2366081
Continuous asphalt network,300.2232,-142.7249,0.1269625,0.1571194
Continuous asphalt network,299.9788,-142.5658,0.1269708,0.244026
Continuous asphalt network,300.4952,-142.4402,0.2539238,0.1571195
Continuous asphalt network,300.046,-143.533,0.2538926,0.1919844
Continuous asphalt network,299.8291,-142.9301,0.1269571,0.2288597
Continuous asphalt network,300.0735,-143.0892,0.1269487,0.1229348
Continuous asphalt network,301.3309,-142.2916,2.031586,0.1517162
Continuous asphalt network,298.3669,-144.9796,4.063295,0.2366078
Continuous asphalt network,301.0468,-140.7215,1.015835,0.1570794
Continuous asphalt network,300.8575,-139.6747,1.015826,0.1170168
Continuous asphalt network,301.9299,-140.8345,2.031549,0.152246
Continuous asphalt network,299.7146,-141.7012,0.5079132,0.2210605
Continuous asphalt network,300.4005,-141.9168,0.2539605,0.1571044
Continuous asphalt network,300.0063,-142.122,0.2539735,0.1756344
Continuous asphalt network,299.1706,-142.2706,1.015851,0.2366075
Continuous asphalt network,300.1164,-140.3467,0.2539609,0.1604488
Continuous asphalt network,299.7223,-140.5519,0.2539435,0.2132256
Continuous asphalt network,300.2188,-139.7208,0.5078921,0.1254633
Continuous asphalt network,300.5029,-141.2909,0.507889,0.1571155
Continuous asphalt network,299.8169,-141.0752,0.2539166,0.2162483
Continuous asphalt network,300.2112,-140.8701,0.253934,0.1636447
Continuous asphalt network,305.4136,-133.8674,4.063279,0.1039705
Continuous asphalt network,304.7904,-131.6148,0.5079118,0.0170895
Continuous asphalt network,304.4909,-132.3433,0.5079028,0.08715917
Continuous asphalt network,304.4513,-130.9323,1.015851,0
Continuous asphalt network,305.7208,-131.9896,0.2540177,0.07610933
Continuous asphalt network,305.6262,-131.4662,0.2539852,0
Continuous asphalt network,306.1624,-132.0461,0.5078819,0.04995294
Continuous asphalt network,304.9798,-132.6616,0.5078861,0.09422454
Continuous asphalt network,305.2319,-131.6713,0.2539024,0.020457
Continuous asphalt network,305.3266,-132.1947,0.2539349,0.07272363
Continuous asphalt network,307.5266,-133.6267,0.2539496,0.120683
Continuous asphalt network,307.8971,-133.2908,0.06350278,0.1534038
Continuous asphalt network,308.0942,-133.1882,0.06350552,0.3053216
Continuous asphalt network,307.8459,-133.6037,0.1269667,0.1280928
Continuous asphalt network,307.4242,-134.2527,0.5079323,0.120681
Continuous asphalt network,307.1401,-132.6826,0.5079117,0.1057485
Continuous asphalt network,307.7039,-132.8186,0.1269736,0.1206749
Continuous asphalt network,308.0468,-132.9265,0.06349199,0.2814687
Continuous asphalt network,307.8497,-133.029,0.06348924,0.1206984
Continuous asphalt network,307.4319,-133.1034,0.2539308,0.1206747
Continuous asphalt network,308.8513,-133.7963,1.015808,0.3444601
Continuous asphalt network,308.0117,-134.5196,0.06347983,0.2140236
Continuous asphalt network,307.9032,-134.2182,0.03173607,0.1207803
Continuous asphalt network,308.0254,-134.2977,0.03175029,0.3376153
Continuous asphalt network,308.2324,-134.5479,0.1269746,0.3404685
Continuous asphalt network,307.716,-134.6735,0.2539377,0.120686
Continuous asphalt network,308.1889,-133.7116,0.06348431,0.3444705
Continuous asphalt network,307.9918,-133.8141,0.06349412,0.2150168
Continuous asphalt network,308.2401,-133.3986,0.1269905,0.3444462
Continuous asphalt network,308.3822,-134.1836,0.1269729,0.3444749
Continuous asphalt network,308.1003,-134.1156,0.03175198,0.344395
Continuous asphalt network,307.9781,-134.036,0.03173776,0.09213717
Continuous asphalt network,308.2363,-133.9733,0.06347727,0.3445427
Continuous asphalt network,306.3914,-134.5039,4.063345,0.1116236
Continuous asphalt network,302.4496,-136.5554,8.126581,0.0982862
Continuous asphalt network,303.1586,-133.3231,2.03164,0.09422856
Continuous asphalt network,303.6629,-131.3426,1.015806,0.02044819
Continuous asphalt network,303.8523,-132.3894,1.015806,0.07272379
Continuous asphalt network,303.8369,-134.6881,4.063375,0.1039708
Continuous asphalt network,294.0155,-149.535,4.063298,0.1833808
Continuous asphalt network,292.0842,-151.9718,1.01583,0.1468485
Continuous asphalt network,290.9963,-153.1106,1.015832,0.1383563
Continuous asphalt network,292.1393,-151.0841,2.03159,0.181094
Continuous asphalt network,294.9139,-147.3494,4.063359,0.2204135
Continuous asphalt network,293.0377,-148.8985,2.031588,0.1937189
Continuous asphalt network,293.6367,-147.4415,2.031525,0.1895229
Continuous asphalt network,287.4883,-156.368,8.126764,0.1394866
Continuous asphalt network,290.6175,-151.0171,2.031641,0.1383492
Continuous asphalt network,292.1822,-148.3416,0.5079585,0.2349326
Continuous asphalt network,293.0256,-147.0437,0.5079658,0.2346225
Continuous asphalt network,292.0049,-149.1497,1.01585,0.140939
Continuous asphalt network,290.263,-152.6333,4.063359,0.1383602
Continuous asphalt network,298.9416,-139.8128,1.015826,0.1216758
Continuous asphalt network,297.8537,-140.9517,1.01585,0.1179691
Continuous asphalt network,298.9966,-138.9252,2.03156,0.1193887
Continuous asphalt network,296.5215,-141.9314,4.063066,0.1465006
Continuous asphalt network,301.2824,-134.8722,1.01568,0.09423045
Continuous asphalt network,299.7728,-136.66,0.5079485,0.05979448
Continuous asphalt network,300.6162,-135.3621,0.5079508,0.09422284
Continuous asphalt network,302.3031,-132.7662,0.5079436,0.09423275
Continuous asphalt network,303.1465,-131.4682,0.5079563,0.051431
Continuous asphalt network,302.1258,-133.5743,1.01568,0.09423045
Continuous asphalt network,300.5337,-136.6936,0.5079082,0.0935325
Continuous asphalt network,299.7453,-137.1039,0.5078676,0.1857488
Continuous asphalt network,301.2273,-135.7599,1.015861,0.09422814
Continuous asphalt network,299.6903,-137.9915,1.015816,0.1172227
Continuous asphalt network,300.4786,-137.5812,1.015825,0.09466372
Continuous asphalt network,297.3968,-143.1938,0.2539991,0.2366121
Continuous asphalt network,297.3021,-142.6704,0.2539715,0.1632061
Continuous asphalt network,297.8383,-143.2504,0.5078776,0.2366176
Continuous asphalt network,296.6558,-143.8658,0.5079339,0.2267111
Continuous asphalt network,296.9079,-142.8756,0.2539497,0.1537333
Continuous asphalt network,297.0026,-143.399,0.2539773,0.228834
Continuous asphalt network,295.623,-144.117,2.031573,0.1713378
Continuous asphalt network,298.3426,-141.2699,1.01585,0.1563999
Continuous asphalt network,299.4305,-140.1311,1.015826,0.1602319
Continuous asphalt network,298.1378,-142.5218,0.507872,0.2352098
Continuous asphalt network,297.6489,-142.2036,0.5079323,0.1664725
Continuous asphalt network,298.6817,-141.9524,1.01579,0.2206196
Continuous asphalt network,296.3012,-145.482,8.126498,0.2230218
Continuous asphalt network,271.9814,-185.1069,3.0629,0.04004391
Continuous asphalt network,271.0258,-183.2878,3.06288,0.03584279
Continuous asphalt network,273.5782,-185.2978,6.125749,0.03807674
Continuous asphalt network,270.2211,-187.454,6.125725,0.03060493
Continuous asphalt network,269.9068,-184.0065,3.062805,0.03663957
Continuous asphalt network,270.8623,-185.8257,3.062825,0.04072696
Continuous asphalt network,281.7208,-191.0498,42.47096,0.05996008
Continuous asphalt network,156.6136,-372.6591,25.56278,0.006985446
Continuous asphalt network,148.0652,-367.8508,25.56287,0.009279521
Continuous asphalt network,161.7817,-372.9079,51.12535,0.006296786
Continuous asphalt network,135.2426,-360.6385,25.56299,0.012925
Continuous asphalt network,122.1965,-353.9649,12.78218,0.01766677
Continuous asphalt network,131.1919,-357.6955,12.78214,0.01582052
Continuous asphalt network,149.1826,-365.1566,12.78161,0.008865067
Continuous asphalt network,158.1779,-368.8872,12.78164,0.006811862
Continuous asphalt network,144.2379,-364.369,25.56296,0.010652
Continuous asphalt network,88.27267,-392.0038,32.91336,0.007689709
Continuous asphalt network,92.63528,-380.2343,8.228127,0.01573283
Continuous asphalt network,95.08505,-374.4635,8.228154,0.01823123
Continuous asphalt network,92.48429,-383.5755,16.45677,0.006029314
Continuous asphalt network,87.97073,-398.6863,65.82681,0.008157039
Continuous asphalt network,71.00822,-351.6154,43.26519,0
Continuous asphalt network,84.00303,-360.0401,10.81625,0
Continuous asphalt network,90.50045,-364.2525,2.704187,0.008501474
Continuous asphalt network,93.60253,-366.4486,2.704196,0.01889139
Continuous asphalt network,88.36288,-363.5141,5.408156,0
Continuous asphalt network,79.72792,-358.5633,21.63258,0
Continuous asphalt network,66.14658,-350.4982,43.26534,0
Continuous asphalt network,58.76937,-346.8252,43.26516,0
Continuous asphalt network,54.53876,-343.3849,20.44165,0
Continuous asphalt network,57.34282,-337.724,55.21756,0.003377589
Continuous asphalt network,88.42664,-344.4707,18.69482,0.02895879
Continuous asphalt network,97.69111,-349.8455,9.347122,0.03174698
Continuous asphalt network,91.17841,-346.964,9.34709,0.02910005
Continuous asphalt network,78.40531,-340.6746,37.38967,0.02703253
Continuous asphalt network,98.44798,-348.2667,18.69407,0.02895798
Continuous asphalt network,92.43986,-344.3327,18.69409,0.02614303
Continuous asphalt network,102.4612,-348.1288,37.38905,0.02645704
Continuous asphalt network,112.355,-284.9663,47.73993,0.03017365
Continuous asphalt network,123.8151,-292.4391,23.86988,0.02974853
Continuous asphalt network,115.4626,-288.8441,23.86973,0.03208034
Continuous asphalt network,162.4294,-204.5626,21.78138,0.05431672
Continuous asphalt network,169.6577,-208.6373,21.78111,0.0505341
Continuous asphalt network,157.7045,-204.5776,43.56297,0.04856021
Continuous asphalt network,147.5686,-204.7172,24.58104,0.04403855
Continuous asphalt network,145.5466,-212.9668,73.6629,0.04557389
Continuous asphalt network,136.3867,-231.2916,36.8316,0.03908315
Continuous asphalt network,140.7505,-218.9875,36.83157,0.03519442
Continuous asphalt network,125.9197,-249.5508,36.83125,0.04092148
Continuous asphalt network,117.8508,-264.7997,9.207839,0.04066673
Continuous asphalt network,112.9441,-273.9456,4.604094,0.03620137
Continuous asphalt network,115.7795,-267.8264,4.60408,0.03852411
Continuous asphalt network,121.7772,-255.6044,18.41562,0.04477451
Continuous asphalt network,130.9371,-237.2795,36.8312,0.0399257
Continuous asphalt network,138.7898,-218.889,18.4155,0.03447226
Continuous asphalt network,134.426,-231.1931,18.41551,0.03848895
Continuous asphalt network,89.9823,-312.7566,27.17056,0.02347825
Continuous asphalt network,-25.75084,-345.1846,33.53164,0.005363869
Continuous asphalt network,-26.83188,-332.3535,63.87245,0.003221868
Continuous asphalt network,-48.93201,-330.3625,49.63775,0.005061565
Continuous asphalt network,-54.20303,-330.2656,43.7206,0.004618045
Continuous asphalt network,-94.38931,-282.1473,64.42651,0.01047835
Continuous asphalt network,-84.02329,-266.7581,32.21325,0.006308773
Continuous asphalt network,-89.54476,-277.7174,32.21327,0.007060131
Continuous asphalt network,-83.69131,-247.451,52.32528,0.00591465
Continuous asphalt network,-101.3556,-249.4261,66.23929,0
Continuous asphalt network,-111.7982,-265.1567,33.11957,0
Continuous asphalt network,-106.1726,-253.8633,33.11948,0
Continuous asphalt network,-167.6633,-197.9525,24.54025,0.007664367
Continuous asphalt network,-79.6533,-234.0693,5.862419,0.01212167
Continuous asphalt network,-29.07035,-315.5484,34.26425,0.006491623
Continuous asphalt network,-21.81979,-217.0208,32.27972,0.002715009
Continuous asphalt network,-8.847951,-225.3494,8.06987,0.01177703
Continuous asphalt network,-2.362029,-229.5137,2.017507,0.00733816
Continuous asphalt network,1.515744,-232.038,1.008662,0.02048223
Continuous asphalt network,-1.161309,-230.5266,1.008656,0.007338183
Continuous asphalt network,-6.446515,-227.3751,4.03501,0.002175313
Continuous asphalt network,-17.01692,-221.0722,16.13976,0.01143018
Continuous asphalt network,-38.43336,-208.9806,16.13985,0.003031387
Continuous asphalt network,-49.14159,-202.9348,16.13983,0.004530037
Continuous asphalt network,-32.52802,-210.9749,32.27974,0.00278953
Continuous asphalt network,-1.397362,-227.7137,8.06992,0.02809998
Continuous asphalt network,1.860267,-231.3952,4.035002,0.02048225
Continuous asphalt network,-0.6789792,-229.6266,4.035013,0.007338213
Continuous asphalt network,-5.481848,-225.5751,16.13978,0.02453228
Continuous asphalt network,4.507984,-229.7081,2.017485,0.0593992
Continuous asphalt network,2.962743,-229.3381,2.017478,0.006278966
Continuous asphalt network,5.83184,-228.8646,4.034994,0.07124144
Continuous asphalt network,4.315938,-231.6931,0.5043412,0.06136391
Continuous asphalt network,3.543322,-231.5081,0.5043385,0.01820732
Continuous asphalt network,4.977869,-231.2713,1.008701,0.06939764
Continuous asphalt network,4.151011,-232.8141,1.008762,0.04231815
Continuous asphalt network,3.267703,-232.0223,0.5043728,0.02276282
Continuous asphalt network,4.040319,-232.2073,0.5043755,0.06506927
Continuous asphalt network,2.41151,-230.3666,2.017476,0.0121369
Continuous asphalt network,4.480867,-230.572,1.008787,0.06035616
Continuous asphalt network,3.432632,-230.9013,1.008754,0.03163873
Continuous asphalt network,1.471742,-227.2402,2.017468,0.0405771
Continuous asphalt network,0.9205017,-228.2688,2.017478,0.01653419
Continuous asphalt network,0.202123,-226.356,4.034961,0.03512472
Continuous asphalt network,4.313718,-227.6306,1.008761,0.03126089
Continuous asphalt network,3.81672,-226.9313,1.008722,0.05686551
Continuous asphalt network,5.610458,-227.651,2.017493,0.06609152
Continuous asphalt network,2.465738,-228.6388,2.017505,0.005172874
Continuous asphalt network,3.016978,-227.6102,2.017495,0.03239201
Continuous asphalt network,-15.63883,-218.5008,32.28001,0.01170431
Continuous asphalt network,-4.103758,-223.0038,8.070061,0.02249008
Continuous asphalt network,1.663783,-225.2553,2.01744,0.0368871
Continuous asphalt network,4.547546,-226.381,0.50434,0.04278565
Continuous asphalt network,5.954979,-227.0082,0.5043383,0.07045414
Continuous asphalt network,3.706027,-226.3246,1.008715,0.03302031
Continuous asphalt network,-0.01926486,-225.1424,4.035033,0.02931639
Continuous asphalt network,-7.469858,-222.778,16.14004,0.01154477
Continuous asphalt network,22.26029,-209.1004,4.129741,0.08683377
Continuous asphalt network,26.38045,-205.1003,1.032449,0.0911575
Continuous asphalt network,28.48641,-203.167,1.032457,0.1007919
Continuous asphalt network,25.51099,-206.3342,2.064872,0.08780692
Continuous asphalt network,20.52137,-211.5683,8.259402,0.0751492
Continuous asphalt network,14.93757,-218.4372,4.129756,0.06599393
Continuous asphalt network,11.09268,-222.8383,4.129743,0.07098715
Continuous asphalt network,16.49298,-215.7021,8.259446,0.07692019
Continuous asphalt network,26.97463,-203.4654,4.129722,0.07566697
Continuous asphalt network,24.86867,-205.3986,4.129708,0.09149135
Continuous asphalt network,21.70974,-208.2985,8.259453,0.09081909
Continuous asphalt network,27.29353,-201.4296,16.51899,0.07651848
Continuous asphalt network,35.44963,-188.931,0.1290686,0.09454299
Continuous asphalt network,36.35405,-188.373,0.06452683,0.1842935
Continuous asphalt network,35.78168,-188.7895,0.06452464,0.1511593
Continuous asphalt network,34.61401,-189.5891,0.2581396,0.09384282
Continuous asphalt network,36.28523,-188.2728,0.1290637,0.1526286
Continuous asphalt network,35.66699,-188.6225,0.1290646,0.1028489
Continuous asphalt network,36.5026,-187.9643,0.2580999,0.2016041
Continuous asphalt network,37.81882,-186.756,1.032413,0.2009905
Continuous asphalt network,34.75166,-189.7896,0.5162257,0.09385214
Continuous asphalt network,35.8505,-188.8898,0.1290481,0.1510887
Continuous asphalt network,36.42286,-188.4733,0.1290525,0.1842232
Continuous asphalt network,35.65609,-189.2317,0.2581054,0.1029693
Continuous asphalt network,34.36281,-190.4733,1.03244,0.09385181
Continuous asphalt network,32.05151,-193.3577,1.032423,0.09385515
Continuous asphalt network,30.17494,-195.6251,0.2581083,0.049993
Continuous asphalt network,29.21371,-196.7254,0.2581095,0.07554775
Continuous asphalt network,30.56379,-194.9413,0.5162141,0.09421573
Continuous asphalt network,32.8292,-191.9901,2.064876,0.09385182
Continuous asphalt network,37.54354,-186.3551,2.064929,0.12371
Continuous asphalt network,35.79259,-188.1803,0.2581007,0.06923921
Continuous asphalt network,35.2661,-188.6636,0.258107,0.1231054
Continuous asphalt network,34.47637,-189.3886,0.5162127,0.1231067
Continuous asphalt network,35.87231,-187.6713,1.03246,0.1135445
Continuous asphalt network,38.22949,-184.8538,4.129777,0.1236026
Continuous asphalt network,42.48503,-178.5505,1.032463,0.1553127
Continuous asphalt network,40.12786,-181.3681,0.5162326,0.06434735
Continuous asphalt network,40.77995,-180.4426,0.2581066,0.06434079
Continuous asphalt network,41.21468,-179.8256,0.2581116,0.1606457
Continuous asphalt network,43.26273,-177.183,2.064857,0.1565118
Continuous asphalt network,45.77934,-173.3475,1.032431,0.1663509
Continuous asphalt network,47.90712,-170.1959,0.5162339,0.3600135
Continuous asphalt network,47.32385,-171.2216,0.2580878,0.3600369
Continuous asphalt network,47.0322,-171.7344,0.1290442,0.3600138
Continuous asphalt network,46.83777,-172.0763,0.1290576,0.1683802
Continuous asphalt network,45.0934,-174.8488,2.064862,0.1566696
Continuous asphalt network,40.83787,-181.1521,2.06488,0.1202442
Continuous asphalt network,43.14916,-178.2677,1.03246,0.1541279
Continuous asphalt network,42.56588,-179.2934,0.5162144,0.1552814
Continuous asphalt network,42.17704,-179.9772,0.5162296,0.1053783
Continuous asphalt network,40.24369,-182.7869,4.129774,0.1193677
Continuous asphalt network,32.69382,-194.2933,2.064966,0.09384826
Continuous asphalt network,29.92373,-196.5094,1.032488,0.05389648
Continuous asphalt network,30.88495,-195.4091,1.032474,0.09609934
Continuous asphalt network,33.47153,-192.9257,4.129739,0.09384972
Continuous asphalt network,36.26344,-189.4912,0.51622,0.134887
Continuous asphalt network,35.1187,-190.3242,0.51622,0.09385569
Continuous asphalt network,36.65228,-188.8074,1.032446,0.1714682
Continuous asphalt network,38.0941,-187.157,2.064929,0.1669841
Continuous asphalt network,35.39397,-190.7251,1.032439,0.1270689
Continuous asphalt network,36.53871,-189.8922,1.032439,0.1602043
Continuous asphalt network,35.18864,-191.6762,2.064864,0.1001251
Continuous asphalt network,30.95489,-196.7612,4.129643,0.08137376
Continuous asphalt network,33.63323,-194.4114,2.064871,0.09385113
Continuous asphalt network,33.04995,-195.4371,1.032406,0.09385155
Continuous asphalt network,32.6611,-196.1209,1.032415,0.09160848
Continuous asphalt network,30.54423,-198.6633,8.259539,0.07553635
Continuous asphalt network,13.93272,-221.9743,16.51911,0.07028694
Continuous asphalt network,17.77761,-217.5732,16.51921,0.07704309
Continuous asphalt network,23.54493,-210.9716,33.03824,0.07601216
Continuous asphalt network,15.03384,-223.5782,33.03812,0.07095693
Continuous asphalt network,11.92303,-229.0485,33.03827,0.07311957
Continuous asphalt network,34.47906,-239.1962,2.013575,0.03319919
Continuous asphalt network,33.44511,-237.4365,1.006791,0.2210053
Continuous asphalt network,34.5418,-238.1669,0.1258508,0.03319629
Continuous asphalt network,34.31874,-237.8143,0.0314597,0.03281488
Continuous asphalt network,34.24787,-237.6396,0.03147108,0.2246158
Continuous asphalt network,34.51682,-237.908,0.06291799,0.03319622
Continuous asphalt network,34.93795,-238.3542,0.2516927,0.03319948
Continuous asphalt network,33.96209,-238.3163,0.2516825,0.07914536
Continuous asphalt network,34.05183,-237.8469,0.01573033,0.2158301
Continuous asphalt network,34.16858,-237.9374,0.01573024,0.04030799
Continuous asphalt network,33.94756,-237.8859,0.03146027,0.1922307
Continuous asphalt network,34.08522,-237.6333,0.03146246,0.2215855
Continuous asphalt network,34.21447,-237.8533,0.01572735,0.08867282
Continuous asphalt network,34.09771,-237.7628,0.01572744,0.2216509
Continuous asphalt network,34.21651,-238.1543,0.1258638,0.05376609
Continuous asphalt network,36.06368,-239.9455,4.027133,0.03077511
Continuous asphalt network,32.53139,-239.7222,0.06292117,0.04654359
Continuous asphalt network,32.29788,-239.5412,0.06292052,0.1827986
Continuous asphalt network,32.73992,-239.6444,0.1258428,0.02324395
Continuous asphalt network,32.46458,-240.1495,0.1258406,0.03319933
Continuous asphalt network,32.2061,-239.7096,0.06292327,0.1832968
Continuous asphalt network,32.43961,-239.8906,0.06292393,0.03319929
Continuous asphalt network,31.96852,-238.9266,0.2516882,0.2215828
Continuous asphalt network,32.48143,-239.2045,0.06292103,0.2215694
Continuous asphalt network,32.71495,-239.3855,0.06291394,0.08589468
Continuous asphalt network,32.2729,-239.2823,0.1258483,0.2215774
Continuous asphalt network,33.2778,-240.1811,1.006795,0.03319846
Continuous asphalt network,31.41784,-239.9369,0.2517101,0.2215695
Continuous asphalt network,31.96619,-240.3021,0.03145877,0.03319926
Continuous asphalt network,31.83695,-240.0821,0.0157327,0.2138318
Continuous asphalt network,31.9537,-240.1727,0.01573407,0.03319948
Continuous asphalt network,32.16426,-240.3958,0.06291841,0.03319826
Continuous asphalt network,31.67633,-240.3768,0.06292915,0.09133866
Continuous asphalt network,31.73268,-240.121,0.03146115,0.1779373
Continuous asphalt network,31.80355,-240.2958,0.03145927,0.1197367
Continuous asphalt network,31.00077,-240.0926,0.5034082,0.2215652
Continuous asphalt network,31.55145,-239.0824,0.50338,0.2215796
Continuous asphalt network,31.99756,-239.7875,0.1258493,0.1516548
Continuous asphalt network,32.25605,-240.2274,0.06292894,0.03319965
Continuous asphalt network,31.99959,-240.0884,0.01573033,0.08941121
Continuous asphalt network,31.88284,-239.9979,0.01572895,0.2180198
Continuous asphalt network,32.10386,-240.0495,0.03146508,0.02005992
Continuous asphalt network,31.6014,-239.6001,0.2516973,0.2215746
Continuous asphalt network,32.61097,-237.748,2.013553,0.2200216
Continuous asphalt network,33.64492,-239.5076,1.006769,0.03319825
Continuous asphalt network,32.54823,-238.7772,0.1258405,0.2215912
Continuous asphalt network,32.80671,-239.2171,0.06292041,0.08585807
Continuous asphalt network,32.57321,-239.0361,0.06292749,0.2215557
Continuous asphalt network,32.15208,-238.5899,0.2516893,0.2215838
Continuous asphalt network,33.12794,-238.6278,0.2516877,0.16804
Continuous asphalt network,33.01525,-239.1392,0.1258457,0.07476483
Continuous asphalt network,32.87352,-238.7899,0.1258458,0.2142096
Continuous asphalt network,34.77996,-235.597,0.2516928,0.141255
Continuous asphalt network,34.66726,-236.1085,0.1258464,0.2039337
Continuous asphalt network,34.52553,-235.7591,0.1258538,0.1412586
Continuous asphalt network,34.40471,-235.0666,0.5033858,0.1412539
Continuous asphalt network,35.64313,-236.1464,0.1258415,0.1856972
Continuous asphalt network,35.5014,-235.797,0.1258529,0.1412613
Continuous asphalt network,36.0393,-236.3337,0.2516872,0.04788763
Continuous asphalt network,35.06342,-236.2958,0.251693,0.1894187
Continuous asphalt network,35.17611,-235.7844,0.1258447,0.1412487
Continuous asphalt network,35.31784,-236.1337,0.1258333,0.1856879
Continuous asphalt network,33.69139,-236.0705,0.1258368,0.1960115
Continuous asphalt network,33.54966,-235.7211,0.1258519,0.1412449
Continuous asphalt network,34.08755,-236.2579,0.2516719,0.2022545
Continuous asphalt network,33.11169,-236.2199,0.2516898,0.1947409
Continuous asphalt network,33.22437,-235.7085,0.1258473,0.1412493
Continuous asphalt network,33.36611,-236.0579,0.1258322,0.1960117
Continuous asphalt network,33.75413,-235.0413,0.5033805,0.141244
Continuous asphalt network,34.20024,-235.7464,0.1258502,0.141249
Continuous asphalt network,34.34196,-236.0958,0.1258428,0.2039285
Continuous asphalt network,33.80408,-235.5591,0.2517016,0.1412441
Continuous asphalt network,34.81365,-233.7069,2.013541,0.1412507
Continuous asphalt network,35.70587,-235.1172,0.5033932,0.1115934
Continuous asphalt network,36.22285,-235.997,0.2516893,0.003760678
Continuous asphalt network,35.75583,-235.6349,0.2516856,0.1249269
Continuous asphalt network,34.91356,-234.7425,1.00677,0.1412505
Continuous asphalt network,36.79792,-238.5985,4.027048,0.03009441
Continuous asphalt network,34.55865,-237.2219,0.06292316,0.2160694
Continuous asphalt network,34.79216,-237.4029,0.06292285,0.04778816
Continuous asphalt network,34.35011,-237.2997,0.1258411,0.198294
Continuous asphalt network,34.62544,-236.7946,0.1258401,0.2215683
Continuous asphalt network,34.88393,-237.2345,0.06292345,0.0868087
Continuous asphalt network,34.65042,-237.0535,0.06292376,0.2216024
Continuous asphalt network,35.12151,-238.0175,0.2516916,0.03319961
Continuous asphalt network,34.6086,-237.7396,0.06292229,0.03319879
Continuous asphalt network,34.37509,-237.5586,0.06292422,0.1460773
Continuous asphalt network,34.81713,-237.6618,0.1258456,0.03319853
Continuous asphalt network,33.81222,-236.763,1.006723,0.2215843
Continuous asphalt network,35.67218,-237.0072,0.2516952,0.03299791
Continuous asphalt network,35.12383,-236.642,0.03146347,0.2215718
Continuous asphalt network,35.1947,-236.8167,0.0314597,0.1589683
Continuous asphalt network,34.92575,-236.5484,0.06292897,0.2215862
Continuous asphalt network,35.41368,-236.5673,0.06292871,0.1275136
Continuous asphalt network,35.35734,-236.8231,0.03145739,0.01732893
Continuous asphalt network,35.28647,-236.6484,0.03146116,0.2393537
Continuous asphalt network,36.08925,-236.8515,0.5034121,0.03062832
Continuous asphalt network,35.53858,-237.8618,0.5033655,0.03299468
Continuous asphalt network,35.09247,-237.1566,0.1258513,0.03894656
Continuous asphalt network,34.83397,-236.7167,0.06291517,0.2215768
Continuous asphalt network,35.06749,-236.8978,0.0629125,0.1095397
Continuous asphalt network,35.48862,-237.344,0.2517016,0.03299778
Continuous asphalt network,37.21615,-231.737,2.013531,0.03138727
Continuous asphalt network,35.82322,-231.8548,0.2516907,0.09863876
Continuous asphalt network,36.29024,-232.2168,0.2516879,0.007349561
Continuous asphalt network,35.40615,-232.0105,0.5033855,0.1412539
Continuous asphalt network,36.02768,-231.175,0.1258606,0.07963126
Continuous asphalt network,35.70238,-231.1623,0.1258474,0.1412534
Continuous asphalt network,36.0486,-230.8319,0.2516926,0.07236347
Continuous asphalt network,36.4738,-231.8801,0.2516899,0.03131014
Continuous asphalt network,35.84412,-231.5117,0.1258359,0.143718
Continuous asphalt network,36.16941,-231.5244,0.1258491,0.03281718
Continuous asphalt network,37.2998,-230.3647,4.027101,0.03119509
Continuous asphalt network,38.48479,-226.9718,4.027076,0.0236425
Continuous asphalt network,38.31749,-229.7165,4.027075,0.03131013
Continuous asphalt network,37.9829,-235.2057,4.027005,0.03268376
Continuous asphalt network,37.8156,-237.9503,4.02705,0.02900331
Continuous asphalt network,36.94895,-233.446,1.006755,0.03154657
Continuous asphalt network,35.68962,-232.7093,0.5033783,0.1437613
Continuous asphalt network,36.34019,-232.7346,0.5033683,0.03271382
Continuous asphalt network,37.78308,-233.1346,2.013545,0.03088001
Continuous asphalt network,36.8653,-234.8184,1.006786,0.02965177
Continuous asphalt network,36.63992,-235.8413,0.5033719,0.02779089
Continuous asphalt network,36.35645,-235.1425,0.5034016,0.06905732
Continuous asphalt network,35.64779,-233.3955,1.006793,0.09847756
Continuous asphalt network,36.58184,-234.1196,1.006801,0.007644837
Continuous asphalt network,41.29622,-223.6422,0.5033776,0.02451248
Continuous asphalt network,40.77924,-222.7624,0.2516923,0.1548604
Continuous asphalt network,41.24627,-223.1245,0.2517036,0.03184265
Continuous asphalt network,42.08854,-224.0169,1.006765,0.02451336
Continuous asphalt network,40.29944,-223.9474,0.1258371,0.02461845
Continuous asphalt network,40.1577,-223.598,0.1258332,0.1553279
Continuous asphalt network,40.6956,-224.1347,0.2516748,0.024513
Continuous asphalt network,39.76563,-224.0126,0.06292124,0.1547728
Continuous asphalt network,39.99913,-224.1936,0.06292164,0.02946659
Continuous asphalt network,39.55709,-224.0905,0.1258445,0.1407727
Continuous asphalt network,39.83242,-223.5854,0.1258359,0.1575735
Continuous asphalt network,40.09091,-224.0253,0.06292216,0.05667097
Continuous asphalt network,39.8574,-223.8442,0.06292176,0.1575798
Continuous asphalt network,40.36217,-222.9182,0.5033868,0.1427679
Continuous asphalt network,40.87915,-223.798,0.251697,0.02451391
Continuous asphalt network,40.41213,-223.436,0.2516972,0.1070527
Continuous asphalt network,41.32991,-221.7522,0.251694,0.157582
Continuous asphalt network,41.84283,-222.03,0.06292699,0.1441603
Continuous asphalt network,42.07634,-222.211,0.06292909,0.02450946
Continuous asphalt network,41.6343,-222.1079,0.1258495,0.1158924
Continuous asphalt network,40.91285,-221.9079,0.5033969,0.157585
Continuous asphalt network,41.46352,-220.8976,0.503373,0.15758
Continuous asphalt network,41.90963,-221.6027,0.1258495,0.1575939
Continuous asphalt network,42.16812,-222.0426,0.06291943,0.04617764
Continuous asphalt network,41.9346,-221.8616,0.06291733,0.1433737
Continuous asphalt network,41.51347,-221.4154,0.251694,0.1575817
Continuous asphalt network,42.45565,-223.3434,1.006778,0.02451313
Continuous asphalt network,41.42982,-222.7877,0.2516949,0.05604602
Continuous asphalt network,40.9628,-222.4257,0.2516837,0.1575907
Continuous asphalt network,41.84689,-222.632,0.5033931,0.02674833
Continuous asphalt network,42.89015,-218.8898,4.027077,0.1103411
Continuous asphalt network,43.00633,-222.3331,2.013563,0.03983678
Continuous asphalt network,42.62295,-220.5988,1.006814,0.1404472
Continuous asphalt network,42.44345,-221.5375,0.06292538,0.05834036
Continuous asphalt network,42.20994,-221.3565,0.06292327,0.1575935
Continuous asphalt network,42.65199,-221.4597,0.1258499,0.06373676
Continuous asphalt network,42.37666,-221.9648,0.1258433,0.004482098
Continuous asphalt network,42.11816,-221.5249,0.06292699,0.1575935
Continuous asphalt network,42.35168,-221.7059,0.06292909,0.05834041
Continuous asphalt network,42.1141,-220.9229,0.503371,0.1504927
Continuous asphalt network,45.09283,-214.8487,4.027082,0.0221676
Continuous asphalt network,46.56129,-212.1547,4.027068,0.02311316
Continuous asphalt network,44.60025,-217.5806,4.027074,0.02373851
Continuous asphalt network,43.69873,-221.6723,2.013559,0.02070696
Continuous asphalt network,43.86603,-218.9277,2.013529,0.02692715
Continuous asphalt network,41.94214,-226.4184,4.027119,0.01977608
Continuous asphalt network,40.6224,-225.3355,1.006745,0.02451419
Continuous asphalt network,39.96254,-224.794,0.2516865,0.02451305
Continuous asphalt network,39.63261,-224.5233,0.062926,0.01752066
Continuous asphalt network,39.52108,-224.347,0.06292273,0.1557063
Continuous asphalt network,39.90213,-224.4478,0.125845,0.02451737
Continuous asphalt network,40.50159,-224.643,0.5033908,0.02451217
Continuous asphalt network,41.7005,-225.0335,2.013546,0.0245135
Continuous asphalt network,40.67817,-228.4327,8.054141,0.03844044
Continuous asphalt network,39.69299,-233.8966,4.027065,0.02988195
Continuous asphalt network,38.79146,-237.9882,2.013565,0.02900469
Continuous asphalt network,38.95876,-235.2436,2.013543,0.03268506
Continuous asphalt network,39.29336,-229.7544,2.013571,0.03131063
Continuous asphalt network,39.46066,-227.0098,2.013572,0.02364338
Continuous asphalt network,39.86029,-231.152,4.02708,0.03364729
Continuous asphalt network,49.78167,-207.4654,4.027088,0.04840961
Continuous asphalt network,50.14065,-205.588,0.2516925,0.1063425
Continuous asphalt network,50.60766,-205.95,0.2516954,0.02408344
Continuous asphalt network,49.72359,-205.7437,0.5033804,0.09523795
Continuous asphalt network,50.27426,-204.7334,0.5033751,0.1160639
Continuous asphalt network,50.79122,-205.6132,0.2516943,0.04222168
Continuous asphalt network,50.32421,-205.2512,0.2516914,0.1091299
Continuous asphalt network,51.26637,-207.1792,1.006784,0.02415513
Continuous asphalt network,50.24055,-206.6235,0.251686,0.02408338
Continuous asphalt network,49.77353,-206.2615,0.2516898,0.07085288
Continuous asphalt network,50.65761,-206.4678,0.5033904,0.02408254
Continuous asphalt network,51.70088,-202.7255,4.027053,0.0642314
Continuous asphalt network,51.81704,-206.1689,2.013561,0.02312962
Continuous asphalt network,51.3419,-204.603,0.2516835,0.06198569
Continuous asphalt network,50.87488,-204.241,0.2516825,0.1160639
Continuous asphalt network,51.75896,-204.4473,0.5033755,0.0656983
Continuous asphalt network,51.20829,-205.4575,0.5033894,0.03185106
Continuous asphalt network,50.69132,-204.5777,0.2516899,0.1160635
Continuous asphalt network,51.15834,-204.9397,0.2516909,0.06198462
Continuous asphalt network,53.90356,-198.6845,4.027085,0.06770851
Continuous asphalt network,55.78095,-194.6308,2.013517,0.08060468
Continuous asphalt network,54.96307,-197.3501,2.013524,0.06852013
Continuous asphalt network,53.61545,-200.7366,2.013547,0.06763148
Continuous asphalt network,53.32732,-202.7888,1.006755,0.06287333
Continuous asphalt network,53.08568,-201.4038,1.006793,0.06762912
Continuous asphalt network,52.50945,-205.5081,2.013548,0.02909731
Continuous asphalt network,52.55592,-202.071,1.006755,0.07891591
Continuous asphalt network,52.79756,-203.456,1.006755,0.01874732
Continuous asphalt network,58.30893,-190.6024,4.027119,0.08024763
Continuous asphalt network,59.8192,-187.2222,1.006782,0.08114859
Continuous asphalt network,60.55343,-185.8752,1.006804,0.2009376
Continuous asphalt network,59.36844,-189.268,2.01358,0.09284156
Continuous asphalt network,62.02188,-183.1812,1.006774,0.2023525
Continuous asphalt network,62.77702,-181.491,0.251696,0.2023481
Continuous asphalt network,63.1546,-180.646,0.06292174,0.2023536
Continuous asphalt network,63.34338,-180.2235,0.01573145,0.2022859
Continuous asphalt network,63.28703,-180.4792,0.03146283,0.2022827
Continuous asphalt network,63.0419,-181.1575,0.1258475,0.2023527
Continuous asphalt network,62.55164,-182.514,0.5033689,0.2023488
Continuous asphalt network,64.42903,-178.4603,1.00679,0.3346477
Continuous asphalt network,63.8316,-180.0705,0.06292102,0.3053059
Continuous asphalt network,63.74041,-179.895,0.06292288,0.2842427
Continuous asphalt network,63.65298,-180.4935,0.06292263,0.2023947
Continuous asphalt network,63.59258,-180.1472,0.01572975,0.202295
Continuous asphalt network,63.5827,-179.9749,0.01573063,0.2952076
Continuous asphalt network,63.67884,-180.2365,0.03146128,0.2023952
Continuous asphalt network,63.36719,-181.1701,0.1258446,0.2023487
Continuous asphalt network,63.45956,-180.6579,0.06292235,0.2023472
Continuous asphalt network,63.49587,-180.2294,0.01572801,0.2023208
Continuous asphalt network,63.53101,-180.4887,0.03145703,0.2023196
Continuous asphalt network,62.79561,-182.5235,0.2517055,0.2023367
Continuous asphalt network,63.10231,-181.5037,0.1258529,0.2023361
Continuous asphalt network,63.31724,-180.6523,0.03145972,0.2023933
Continuous asphalt network,63.3887,-180.4832,0.01573637,0.2024033
Continuous asphalt network,63.24521,-181.1654,0.06292228,0.2023949
Continuous asphalt network,61.40849,-185.2207,2.013574,0.2031073
Continuous asphalt network,60.14217,-188.6103,0.5034024,0.1483437
Continuous asphalt network,59.57059,-189.9636,0.5033939,0.04509491
Continuous asphalt network,60.67426,-186.5677,1.006801,0.1428747
Continuous asphalt network,57.6537,-193.328,4.027078,0.08047538
Continuous asphalt network,56.26424,-197.4007,2.013599,0.06762955
Continuous asphalt network,56.75682,-194.6687,2.013599,0.07978177
Continuous asphalt network,54.83528,-200.7841,1.006768,0.06342892
Continuous asphalt network,54.14056,-202.8204,0.5033787,0.02163528
Continuous asphalt network,54.38685,-201.4544,0.5033825,0.02058336
Continuous asphalt network,52.99739,-205.5271,1.006806,0.02909979
Continuous asphalt network,53.61079,-203.4875,0.5033935,0.02251878
Continuous asphalt network,54.14288,-201.4449,0.2517041,0.02406729
Continuous asphalt network,53.89659,-202.8109,0.2517022,0.02433378
Continuous asphalt network,55.20472,-198.7351,2.013524,0.06762841
Continuous asphalt network,56.26888,-194.6498,1.006779,0.07978658
Continuous asphalt network,55.77629,-197.3817,1.006779,0.06763534
Continuous asphalt network,49.57254,-210.8962,16.10835,0.02014578
Continuous asphalt network,47.3652,-217.6881,4.027079,0.01528409
Continuous asphalt network,45.97574,-221.7608,2.013508,0.008848757
Continuous asphalt network,46.46833,-219.0288,2.013538,0.01526067
Continuous asphalt network,47.7788,-213.5776,8.054187,0.02005565
Continuous asphalt network,43.93571,-225.8082,4.027087,0.01041743
Continuous asphalt network,42.54626,-229.8808,2.013547,0.02896325
Continuous asphalt network,43.03885,-227.1488,2.01354,0.02240884
Continuous asphalt network,40.8315,-233.9408,2.013558,0.03156166
Continuous asphalt network,39.2794,-238.0072,1.006759,0.02900147
Continuous asphalt network,40.09727,-235.2878,1.006755,0.03208198
Continuous asphalt network,41.48674,-231.2152,2.013557,0.03395976
Continuous asphalt network,42.55091,-227.1299,1.006775,0.02240974
Continuous asphalt network,42.05832,-229.8618,1.006779,0.0289636
Continuous asphalt network,44.26566,-223.0699,4.02708,0.01120113
Continuous asphalt network,45.16718,-218.9782,2.013501,0.0148577
Continuous asphalt network,44.99988,-221.7228,2.013508,0.008848637
Continuous asphalt network,46.80293,-213.5396,4.027102,0.01989038
Continuous asphalt network,46.06404,-217.6376,2.013555,0.01502715
Continuous asphalt network,45.48781,-221.7418,1.006761,0.008848703
Continuous asphalt network,45.65511,-218.9972,1.006757,0.01485758
Continuous asphalt network,83.05288,-170.6812,5.006896,0.02260488
Continuous asphalt network,79.01763,-168.1295,1.251716,0.03283403
Continuous asphalt network,76.99999,-166.8537,0.3129218,0.03500695
Continuous asphalt network,75.79658,-166.0755,0.1564589,0.06502437
Continuous asphalt network,76.64666,-166.5096,0.1564556,0.03500828
Continuous asphalt network,78.31097,-167.4414,0.6258336,0.03489915
Continuous asphalt network,81.63954,-169.305,2.50342,0.03230181
Continuous asphalt network,74.34739,-164.7627,1.251672,0.09076122
Continuous asphalt network,71.94059,-163.2063,0.6258295,0.009986298
Continuous asphalt network,73.64072,-164.0746,0.6258291,0.03411254
Continuous asphalt network,69.60547,-161.5229,0.625822,0.008959962
Continuous asphalt network,67.2345,-159.903,0.312899,0.05868575
Continuous asphalt network,68.86294,-160.8982,0.3128967,0.01593026
Continuous asphalt network,72.11982,-162.8888,0.3129491,0.009980143
Continuous asphalt network,73.76619,-163.8523,0.07825939,0.1159986
Continuous asphalt network,74.58041,-164.35,0.07826144,0.1263164
Continuous asphalt network,73.32323,-163.667,0.1564742,0.02166122
Continuous asphalt network,71.23391,-162.5182,0.6258191,0.009984093
Continuous asphalt network,79.37611,-167.4946,0.6258361,0.03297319
Continuous asphalt network,77.39433,-166.1552,0.156467,0.03499753
Continuous asphalt network,76.40344,-165.4856,0.03911131,0.03491041
Continuous asphalt network,75.81071,-165.0806,0.0195627,0.07665615
Continuous asphalt network,76.21781,-165.3294,0.01956295,0.04078879
Continuous asphalt network,77.02307,-165.8429,0.07822367,0.03500978
Continuous asphalt network,78.63358,-166.8699,0.3129332,0.03495628
Continuous asphalt network,81.85464,-168.924,1.25166,0.03230398
Continuous asphalt network,76.27797,-165.7078,0.156464,0.03462625
Continuous asphalt network,75.76589,-165.1599,0.07822729,0.1043589
Continuous asphalt network,76.15508,-165.4405,0.07822584,0.07786384
Continuous asphalt network,76.89759,-166.0651,0.3129172,0.03500601
Continuous asphalt network,75.58665,-165.4774,0.6258423,0.09082847
Continuous asphalt network,78.45435,-167.1874,0.6258233,0.03489906
Continuous asphalt network,76.71836,-166.3826,0.1564749,0.03500273
Continuous asphalt network,75.86829,-165.9485,0.1564782,0.06502854
Continuous asphalt network,77.21509,-166.4727,0.3129102,0.03500672
Continuous asphalt network,93.11033,-176.145,2.503423,0.02410879
Continuous asphalt network,89.99685,-173.9004,2.503461,0.08550272
Continuous asphalt network,98.06734,-179.0038,5.006861,0.02494238
Continuous asphalt network,86.45316,-172.4178,5.006903,0.02256322
Continuous asphalt network,91.26678,-175.5307,2.503459,0.0297429
Continuous asphalt network,87.86649,-173.7941,2.503465,0.02847178
Continuous asphalt network,69.10358,-162.4118,2.503479,0.01072238
Continuous asphalt network,67.05524,-160.2204,1.251774,0.07415147
Continuous asphalt network,68.612,-161.3427,1.251792,0.04384157
Continuous asphalt network,72.20171,-164.1986,0.312917,0.1243751
Continuous asphalt network,71.88422,-163.791,0.3129239,0.02241275
Continuous asphalt network,71.408,-163.1797,0.6258829,0.009984717
Continuous asphalt network,73.35392,-164.5825,0.3129788,0.1292139
Continuous asphalt network,74.16816,-165.0802,0.07824592,0.1335172
Continuous asphalt network,74.55733,-165.3608,0.07824138,0.1162791
Continuous asphalt network,73.90186,-165.0669,0.1564918,0.1335258
Continuous asphalt network,72.82133,-164.556,0.6258569,0.1192566
Continuous asphalt network,70.34284,-163.1265,1.251729,0.009984653
Continuous asphalt network,71.27995,-163.8914,0.3129213,0.03577228
Continuous asphalt network,71.59743,-164.299,0.3129144,0.1335316
Continuous asphalt network,70.51691,-163.7881,0.6258302,0.04547545
Continuous asphalt network,65.70329,-160.6752,5.006867,0.07414894
Continuous asphalt network,67.57751,-162.2051,1.251684,0.05554101
Continuous asphalt network,68.67338,-163.1738,0.6258707,0.009277443
Continuous asphalt network,67.75161,-162.8666,0.6258616,0.06375284
Continuous asphalt network,66.05147,-161.9983,2.503397,0.07414898
Continuous asphalt network,76.71319,-167.3616,0.6258599,0.03432451
Continuous asphalt network,75.68903,-166.2659,0.3129456,0.07398048
Continuous asphalt network,76.4674,-166.8271,0.312951,0.04778315
Continuous asphalt network,77.95245,-168.0763,1.251734,0.03477365
Continuous asphalt network,75.01305,-166.4934,1.25176,0.1043547
Continuous asphalt network,76.10891,-167.4621,0.625822,0.07913166
Continuous asphalt network,75.18713,-167.1549,0.6258336,0.1043542
Continuous asphalt network,81.06593,-170.3209,2.503458,0.03209487
Continuous asphalt network,77.59395,-168.7113,0.6258643,0.03465649
Continuous asphalt network,75.66337,-167.7662,0.07822951,0.09737848
Continuous asphalt network,76.26507,-168.1553,0.03911246,0.03501777
Continuous asphalt network,75.84003,-167.9383,0.03911256,0.07523526
Continuous asphalt network,75.0079,-167.4724,0.1564571,0.104355
Continuous asphalt network,76.3547,-167.9966,0.3129259,0.0410906
Continuous asphalt network,78.58742,-168.8915,1.251741,0.03270818
Continuous asphalt network,70.08672,-164.55,1.251702,0.09821808
Continuous asphalt network,72.10434,-165.8259,0.3129368,0.1335262
Continuous asphalt network,73.11315,-166.4638,0.07823195,0.1211921
Continuous asphalt network,73.71485,-166.8529,0.03912301,0.1043914
Continuous asphalt network,73.28982,-166.6358,0.03912301,0.08296522
Continuous asphalt network,72.45768,-166.1699,0.156464,0.1335332
Continuous asphalt network,70.79339,-165.2381,0.6258616,0.1335299
Continuous asphalt network,67.00392,-163.221,0.3129284,0.07415283
Continuous asphalt network,68.01273,-163.8589,0.0782362,0.04384576
Continuous asphalt network,68.40192,-164.1395,0.07824147,0.2941954
Continuous asphalt network,67.35725,-163.5651,0.1564695,0.07414892
Continuous asphalt network,65.69297,-162.6333,0.6258563,0.07415203
Continuous asphalt network,68.15613,-163.6049,0.1564596,0.03263508
Continuous asphalt network,68.66821,-164.1528,0.0782306,0.08973338
Continuous asphalt network,68.27902,-163.8722,0.07822978,0.05103822
Continuous asphalt network,67.53651,-163.2476,0.312922,0.06678891
Continuous asphalt network,69.0062,-164.0391,0.3129421,0.1001303
Continuous asphalt network,68.68871,-163.6315,0.3129248,0.008881595
Continuous asphalt network,72.39114,-165.3179,0.6258709,0.1335259
Continuous asphalt network,73.25655,-166.2098,0.15647,0.1251199
Continuous asphalt network,73.76863,-166.7577,0.0782266,0.1043518
Continuous asphalt network,73.37945,-166.4771,0.07822268,0.08760945
Continuous asphalt network,72.63692,-165.8525,0.3129425,0.1335224
Continuous asphalt network,71.15189,-164.6032,1.251733,0.1281969
Continuous asphalt network,73.94788,-166.4402,0.3129355,0.1274619
Continuous asphalt network,73.63039,-166.0326,0.312942,0.1138305
Continuous asphalt network,74.39342,-166.136,0.6258608,0.08851826
Continuous asphalt network,72.99542,-165.2175,0.6258253,0.1335278
Continuous asphalt network,73.9889,-165.3977,0.1564585,0.1335359
Continuous asphalt network,74.44978,-165.5513,0.1564493,0.1162965
Continuous asphalt network,73.61505,-165.5749,0.3129086,0.1335324
Continuous asphalt network,111.0949,-186.9661,5.006919,0.02091117
Continuous asphalt network,117.6087,-190.9472,5.006934,0.02808523
Continuous asphalt network,107.5512,-185.4835,10.01377,0.02347629
Continuous asphalt network,130.6362,-198.9095,10.01402,0.03193106
Continuous asphalt network,117.2502,-191.5822,2.503335,0.0282327
Continuous asphalt network,110.593,-187.855,2.503325,0.02165667
Continuous asphalt network,120.7221,-193.1918,5.007014,0.02778623
Continuous asphalt network,87.508,-174.429,1.251734,0.02846986
Continuous asphalt network,90.76489,-176.4196,1.251724,0.03011092
Continuous asphalt network,85.73617,-173.6877,2.503461,0.03635801
Continuous asphalt network,97.27866,-180.4007,2.503441,0.023969
Continuous asphalt network,90.58564,-176.7371,0.6258991,0.03030853
Continuous asphalt network,87.25706,-174.8735,0.6258993,0.02838784
Continuous asphalt network,92.32163,-177.5419,1.251724,0.0232278
Continuous asphalt network,76.29834,-168.5813,0.0782389,0.03501844
Continuous asphalt network,75.69663,-168.1922,0.03911939,0.1043344
Continuous asphalt network,76.12167,-168.4093,0.03911857,0.07779898
Continuous asphalt network,74.91826,-167.6311,0.07822254,0.1043103
Continuous asphalt network,75.74146,-168.1129,0.01957358,0.1043243
Continuous asphalt network,76.14857,-168.3617,0.01957274,0.07778881
Continuous asphalt network,75.51997,-168.0202,0.03911204,0.1043101
Continuous asphalt network,77.34301,-169.1558,0.3129492,0.03461381
Continuous asphalt network,74.82864,-167.7899,0.6258366,0.09547473
Continuous asphalt network,80.59989,-171.1463,0.6257851,0.03212445
Continuous asphalt network,77.25338,-169.3145,0.1564998,0.03455348
Continuous asphalt network,75.16404,-168.1657,0.07824923,0.4093801
Continuous asphalt network,76.01412,-168.5998,0.0782513,0.05483517
Continuous asphalt network,78.12138,-169.7169,0.3128909,0.03260012
Continuous asphalt network,69.79992,-165.058,0.3129511,0.1335599
Continuous asphalt network,71.85339,-166.2703,0.07823547,0.1335597
Continuous asphalt network,72.88013,-166.8765,0.01955643,0.1162692
Continuous asphalt network,72.25154,-166.535,0.03911173,0.1336627
Continuous asphalt network,70.59621,-165.5874,0.1564706,0.1335599
Continuous asphalt network,66.86052,-163.475,0.07823258,0.07415161
Continuous asphalt network,68.09081,-164.2056,0.03914051,0.06494863
Continuous asphalt network,67.25867,-163.7397,0.03914071,0.07415687
Continuous asphalt network,65.60334,-162.792,0.156464,0.07414986
Continuous asphalt network,68.1177,-164.1579,0.07821734,0.0649428
Continuous asphalt network,67.30347,-163.6603,0.07821757,0.07415333
Continuous asphalt network,68.56066,-164.3433,0.1564782,0.1224367
Continuous asphalt network,71.92509,-166.1434,0.1564652,0.133493
Continuous asphalt network,72.91599,-166.813,0.03911654,0.1163807
Continuous asphalt network,73.50873,-167.218,0.01955144,0.1044163
Continuous asphalt network,73.10162,-166.9692,0.01955216,0.07869827
Continuous asphalt network,72.29636,-166.4557,0.07823262,0.133493
Continuous asphalt network,70.68584,-165.4286,0.3129283,0.1334932
Continuous asphalt network,73.55353,-167.1387,0.07822393,0.1043662
Continuous asphalt network,73.16434,-166.8581,0.07822702,0.07967191
Continuous asphalt network,73.81982,-167.1519,0.1564572,0.1043436
Continuous asphalt network,72.38598,-166.2969,0.1564588,0.1335247
Continuous asphalt network,73.25396,-166.6993,0.03912177,0.0828415
Continuous asphalt network,73.679,-166.9164,0.03912177,0.1043025
Continuous asphalt network,73.0056,-166.6543,0.07823142,0.1182617
Continuous asphalt network,80.70744,-170.9559,1.251693,0.0321212
Continuous asphalt network,77.4147,-169.0288,0.3129306,0.03459468
Continuous asphalt network,75.57375,-167.925,0.03912488,0.1043906
Continuous asphalt network,76.1665,-168.3299,0.01955307,0.07793655
Continuous asphalt network,75.75939,-168.0811,0.0195539,0.104442
Continuous asphalt network,74.95411,-167.5676,0.07824686,0.1043864
Continuous asphalt network,76.4059,-168.3909,0.07823008,0.03454067
Continuous asphalt network,75.80419,-168.0018,0.03910634,0.08290923
Continuous asphalt network,76.22923,-168.2188,0.03910625,0.05034928
Continuous asphalt network,78.30063,-169.3994,0.6258498,0.03265263
Continuous asphalt network,82.47928,-171.6972,2.503458,0.03633887
Continuous asphalt network,97.49375,-180.0198,5.006883,0.02396996
Continuous asphalt network,90.90829,-176.1656,1.251693,0.03011461
Continuous asphalt network,87.65141,-174.175,1.251702,0.02847237
Continuous asphalt network,92.68011,-176.9069,2.503438,0.02273059
Continuous asphalt network,101.0374,-181.5024,10.0138,0.01583797
Continuous asphalt network,31.20888,-142.2403,5.006834,0.04076066
Continuous asphalt network,37.79435,-146.0944,1.251678,0.02676321
Continuous asphalt network,41.05123,-148.085,1.251677,0.02604734
Continuous asphalt network,36.0225,-145.3531,2.503408,0.04088195
Continuous asphalt network,27.6652,-140.7577,10.01356,0.03052902
Continuous asphalt network,47.4933,-152.1931,5.006867,0.02506744
Continuous asphalt network,55.74306,-156.979,0.3129278,0.1814476
Continuous asphalt network,57.38942,-157.9426,0.07824782,0.1698188
Continuous asphalt network,58.20365,-158.4402,0.07824705,0.1684665
Continuous asphalt network,56.94646,-157.7573,0.1564634,0.1828914
Continuous asphalt network,54.85714,-156.6084,0.6258571,0.1537975
Continuous asphalt network,59.83209,-159.4355,0.07822299,0.08441685
Continuous asphalt network,60.64631,-159.9332,0.07822403,0.07652645
Continuous asphalt network,59.38913,-159.2502,0.1564864,0.1390844
Continuous asphalt network,61.86765,-160.6796,0.07823373,0.07652441
Continuous asphalt network,63.09795,-161.4102,0.03909652,0.08759672
Continuous asphalt network,62.2658,-160.9443,0.03909555,0.07656439
Continuous asphalt network,60.6015,-160.0125,0.03913827,0.07657927
Continuous asphalt network,59.76935,-159.5466,0.03913775,0.08987077
Continuous asphalt network,61.0355,-160.2137,0.078235,0.07652447
Continuous asphalt network,56.87477,-157.8843,0.07821376,0.1817074
Continuous asphalt network,58.10506,-158.6149,0.03913128,0.1464188
Continuous asphalt network,57.27292,-158.1489,0.03913131,0.1443708
Continuous asphalt network,55.61758,-157.2013,0.1564277,0.1833499
Continuous asphalt network,58.13195,-158.5672,0.07820678,0.1465692
Continuous asphalt network,57.31773,-158.0696,0.07820664,0.1459616
Continuous asphalt network,58.57491,-158.7526,0.1564879,0.1465456
Continuous asphalt network,50.67848,-154.3107,2.503405,0.1360612
Continuous asphalt network,37.43585,-146.7294,10.01374,0.02471776
Continuous asphalt network,7.550293,-129.8302,5.006937,0.0361037
Continuous asphalt network,15.7642,-134.6797,1.251684,0.02961423
Continuous asphalt network,19.02109,-136.6702,1.251633,0.1411908
Continuous asphalt network,10.73548,-131.9478,2.503368,0.03572736
Continuous asphalt network,-2.507154,-124.3665,10.01389,0.03769436
Continuous asphalt network,16.051,-134.1717,2.503451,0.02978665
Continuous asphalt network,20.79293,-137.4115,1.251707,0.02933267
Continuous asphalt network,17.53604,-135.421,1.251707,0.03295838
Continuous asphalt network,11.09398,-131.3128,5.006897,0.03569486
Continuous asphalt network,22.70817,-137.8988,5.006774,0.03151226
Continuous asphalt network,17.89455,-134.786,2.503425,0.03327506
Continuous asphalt network,21.29483,-136.5226,2.503428,0.02953041
Continuous asphalt network,48.06689,-151.1772,10.01375,0.02367199
Continuous asphalt network,55.44608,-156.0502,0.1564687,0.168956
Continuous asphalt network,55.1286,-155.6427,0.1564705,0.02003085
Continuous asphalt network,56.06572,-156.4076,0.3129322,0.1833505
Continuous asphalt network,54.59601,-155.6161,0.3129244,0.02002842
Continuous asphalt network,54.91349,-156.0237,0.3129255,0.1033944
Continuous asphalt network,57.23326,-157.2493,0.3129413,0.1833441
Continuous asphalt network,58.43667,-158.0275,0.1564786,0.1780381
Continuous asphalt network,57.5866,-157.5934,0.1564764,0.1832856
Continuous asphalt network,55.92231,-156.6616,0.6258912,0.1814408
Continuous asphalt network,59.56839,-158.9327,0.3129225,0.1331151
Continuous asphalt network,60.77179,-159.7109,0.1564911,0.07654965
Continuous asphalt network,59.69127,-159.2,0.07821728,0.29969
Continuous asphalt network,60.15216,-159.3536,0.07824356,0.07069638
Continuous asphalt network,61.93935,-160.5526,0.1564659,0.07654063
Continuous asphalt network,63.12483,-161.3626,0.07823317,0.08757661
Continuous asphalt network,62.31061,-160.8649,0.07823231,0.0765246
Continuous asphalt network,60.68216,-159.8697,0.07823478,0.07652453
Continuous asphalt network,59.86794,-159.372,0.07823373,0.08441763
Continuous asphalt network,61.12513,-160.055,0.1564679,0.07653963
Continuous asphalt network,57.05402,-157.5668,0.1564713,0.183349
Continuous asphalt network,58.2395,-158.3767,0.07823488,0.1824544
Continuous asphalt network,57.42528,-157.8791,0.07823566,0.183296
Continuous asphalt network,55.81476,-156.8521,0.3129421,0.1814457
Continuous asphalt network,58.71831,-158.4986,0.3129242,0.1442033
Continuous asphalt network,57.5149,-157.7204,0.1564617,0.1833964
Continuous asphalt network,58.36497,-158.1545,0.1564638,0.1781517
Continuous asphalt network,51.03698,-153.6757,5.006793,0.01525021
Continuous asphalt network,36.4527,-144.5912,2.503498,0.04123953
Continuous asphalt network,41.19463,-147.831,1.251729,0.02605296
Continuous asphalt network,37.93775,-145.8405,1.25173,0.02676795
Continuous asphalt network,31.49568,-141.7323,5.007001,0.04075946
Continuous asphalt network,43.10987,-148.3183,5.006877,0.02360026
Continuous asphalt network,38.29624,-145.2055,2.503392,0.02744729
Continuous asphalt network,41.69653,-146.9421,2.503387,0.02596308
Continuous asphalt network,60.44411,-157.8666,0.6258523,0.07654189
Continuous asphalt network,59.83983,-157.967,0.6258474,0.1308945
Continuous asphalt network,61.23782,-158.8855,0.6258355,0.07654151
Continuous asphalt network,60.24435,-158.7053,0.156464,0.08894246
Continuous asphalt network,59.78348,-158.5517,0.1564659,0.116698
Continuous asphalt network,60.61819,-158.5281,0.3129172,0.07654114
Continuous asphalt network,62.1903,-160.1081,0.6258659,0.07654288
Continuous asphalt network,63.21446,-161.2038,0.3129512,0.08758883
Continuous asphalt network,62.43608,-160.6427,0.312947,0.07654004
Continuous asphalt network,60.87934,-159.5204,0.3129176,0.07654683
Continuous asphalt network,59.87053,-158.8825,0.1564439,0.246783
Continuous asphalt network,60.33141,-159.0361,0.1564535,0.07302474
Continuous asphalt network,61.41192,-159.547,0.6258689,0.07654289
Continuous asphalt network,57.52007,-156.7413,0.6258563,0.1833524
Continuous asphalt network,58.54422,-157.837,0.3129409,0.1781005
Continuous asphalt network,57.76585,-157.2759,0.3129356,0.1833532
Continuous asphalt network,56.05037,-155.9498,0.1564697,0.04559682
Continuous asphalt network,56.36786,-156.3574,0.1564552,0.1833476
Continuous asphalt network,55.43074,-155.5925,0.3129346,0.0200261
Continuous asphalt network,56.90044,-156.384,0.3129203,0.1833525
Continuous asphalt network,56.58296,-155.9764,0.3129419,0.09211858
Continuous asphalt network,59.22021,-157.6096,1.25173,0.1264611
Continuous asphalt network,58.12435,-156.6409,0.6258464,0.183357
Continuous asphalt network,59.11782,-156.8211,0.156459,0.1331947
Continuous asphalt network,59.57871,-156.9747,0.1564626,0.1384888
Continuous asphalt network,58.74398,-156.9983,0.3129201,0.1693809
Continuous asphalt network,63.5576,-160.1111,0.6258556,0.06962205
Continuous asphalt network,63.5883,-161.0267,0.6258429,0.04747043
Continuous asphalt network,62.93797,-159.7538,1.251703,0.07654437
Continuous asphalt network,64.60744,-159.7065,0.3129297,0.09417932
Continuous asphalt network,64.28994,-159.299,0.3129341,0.07059507
Continuous asphalt network,65.05298,-159.4023,0.6258486,0.05568483
Continuous asphalt network,64.19259,-160.9263,0.6258761,0.07414201
Continuous asphalt network,64.00314,-159.8069,0.3129483,0.05737524
Continuous asphalt network,64.32064,-160.2145,0.312944,0.07414215
Continuous asphalt network,62.5898,-158.4307,5.006813,0.08374193
Continuous asphalt network,51.75399,-152.4058,10.01376,0.01494774
Continuous asphalt network,59.47631,-156.1861,1.251685,0.06964783
Continuous asphalt network,57.91957,-155.0639,1.251744,0.01640328
Continuous asphalt network,62.09822,-157.3616,2.503366,0.07431038
Continuous asphalt network,56.8544,-155.0107,1.251668,0.03440043
Continuous asphalt network,58.6416,-156.2098,0.1564652,0.1771222
Continuous asphalt network,58.3241,-155.8022,0.1564696,0.05130278
Continuous asphalt network,59.29707,-156.5036,0.07822274,0.1419741
Continuous asphalt network,59.68625,-156.7842,0.07822273,0.1384711
Continuous asphalt network,59.03078,-156.4903,0.1564647,0.1740198
Continuous asphalt network,57.79152,-155.7756,0.3129245,0.03686221
Continuous asphalt network,58.10901,-156.1832,0.3129171,0.1551004
Continuous asphalt network,55.78923,-154.9575,2.503432,0.01707254
Continuous asphalt network,109.272,-182.4357,5.006776,0.01317214
Continuous asphalt network,112.3855,-184.6802,5.006768,0.02184807
Continuous asphalt network,107.1417,-182.3293,10.01376,0.01960014
Continuous asphalt network,118.6125,-189.1693,10.01379,0.0274657
Continuous asphalt network,111.8119,-185.6962,10.01377,0.02014705
Continuous asphalt network,131.0664,-198.1475,20.02737,0.03207429
Continuous asphalt network,117.8955,-190.4393,5.00698,0.02796758
Continuous asphalt network,111.3817,-186.4581,5.006965,0.02075874
Continuous asphalt network,121.4391,-191.9219,10.01371,0.02774112
Continuous asphalt network,88.8703,-172.0162,10.01362,0.02482489
Continuous asphalt network,98.35416,-178.4958,5.006965,0.02521381
Continuous asphalt network,91.84039,-174.5147,5.006968,0.02319667
Continuous asphalt network,78.81284,-166.5525,5.006899,0.0896171
Continuous asphalt network,71.449,-162.1372,0.6258593,0.009984347
Continuous asphalt network,73.43078,-163.4765,0.1564411,0.009985665
Continuous asphalt network,74.61626,-164.2865,0.07820554,0.1008
Continuous asphalt network,73.80204,-163.7888,0.07820348,0.08701073
Continuous asphalt network,72.19152,-162.7618,0.312886,0.009985822
Continuous asphalt network,68.93463,-160.7713,0.3129226,0.008843271
Continuous asphalt network,67.30619,-159.776,0.3129249,0.05688659
Continuous asphalt network,69.82055,-161.1419,0.6258531,0.009199384
Continuous asphalt network,74.70588,-164.1278,0.3129266,0.06094766
Continuous asphalt network,73.92751,-163.5666,0.3129204,0.009984349
Continuous asphalt network,75.23847,-164.1543,0.6258604,0.09342607
Continuous asphalt network,73.22085,-162.8785,1.251782,0.006735128
Continuous asphalt network,82.35652,-168.0351,10.01359,0.02541948
Continuous asphalt network,102.1846,-179.4705,20.02737,0.01463565
Continuous asphalt network,95.95764,-174.9814,20.02717,0.03529556
Continuous asphalt network,138.7274,-200.0968,80.11002,0.04731784
Continuous asphalt network,122.5863,-189.89,20.02758,0.02845893
Continuous asphalt network,114.5158,-184.7866,5.006758,0.02104306
Continuous asphalt network,111.4023,-182.5421,5.006898,0.03112569
Continuous asphalt network,119.7596,-187.1375,10.01349,0.02942429
Continuous asphalt network,133.074,-194.5918,40.05521,0.04027092
Continuous asphalt network,92.92178,-99.94982,27.69351,0
Continuous asphalt network,-58.25247,-184.5768,77.75542,0.006222508
Continuous asphalt network,-48.86501,-165.0312,38.87757,0.003058985
Continuous asphalt network,-53.39765,-178.1499,38.87762,0.003371908
Continuous asphalt network,-38.18328,-145.5519,38.87757,0.007739855
Continuous asphalt network,-29.92897,-129.2859,9.719416,0.03520348
Continuous asphalt network,-24.91168,-119.5297,4.859599,0.03829769
Continuous asphalt network,-27.82512,-126.0559,4.859624,0.03724983
Continuous asphalt network,-33.97558,-139.0918,19.4388,0.03546404
Continuous asphalt network,-43.36305,-158.6374,38.87755,0.007788867
Continuous asphalt network,-51.45627,-178.2492,19.43912,0.003235745
Continuous asphalt network,-46.92363,-165.1305,19.4391,0.002919118
Continuous asphalt network,-68.09612,-203.8479,29.6608,0.01417069
Continuous asphalt network,-75.35413,-211.3702,29.66079,0.01754895
Continuous asphalt network,-67.35065,-200.3509,29.66065,0.01603691
Continuous asphalt network,-64.43433,-195.5122,29.66065,0.0087887
Continuous asphalt network,-88.06089,-57.25254,24.50861,0.01235974
Continuous asphalt network,-116.0197,-37.7239,51.77645,0.02005964
Continuous asphalt network,-214.3043,35.11589,7.682049,0.01329279
Continuous asphalt network,-208.4973,35.84874,7.682013,0
Continuous asphalt network,-217.11,33.58588,15.36421,0.01342308
Continuous asphalt network,-320.3667,-41.57651,23.19489,0.004020667
Continuous asphalt network,-371.4792,13.69287,51.50515,0.004337083
Continuous asphalt network,-328.6782,-24.03398,27.4323,0.005388735
Continuous asphalt network,-308.898,-49.20025,60.80953,0.002903284
Continuous asphalt network,-255.3182,26.68498,20.98141,0.006867144
Continuous asphalt network,-259.798,20.02438,20.98133,0.006986775
Continuous asphalt network,-255.129,31.12943,41.96376,0.007523572
Continuous asphalt network,-266.5177,10.03346,20.98171,0.006502187
Continuous asphalt network,-272.7248,-0.235967,10.49063,0.005811071
Continuous asphalt network,-269.2704,6.981695,10.4906,0.006040199
Continuous asphalt network,-262.3614,21.41704,10.49048,0.006727302
Continuous asphalt network,-258.907,28.63473,10.49045,0.006804741
Continuous asphalt network,-263.0633,17.25114,20.98178,0.006655042
Continuous asphalt network,-279.9572,-9.948339,20.98178,0.005500779
Continuous asphalt network,-286.1643,-20.21781,10.49087,0.00521547
Continuous asphalt network,-282.7098,-13.00013,10.49092,0.005276454
Continuous asphalt network,-292.884,-30.20872,10.49094,0.004812596
Continuous asphalt network,-297.3638,-36.86932,10.49098,0.005642218
Continuous asphalt network,-285.4624,-16.0519,10.4912,0.005421103
Continuous asphalt network,-288.9169,-23.26959,10.49094,0.004905928
Continuous asphalt network,-269.0812,11.42614,10.49098,0.006614137
Continuous asphalt network,-273.561,4.765543,10.49074,0.008035414
Continuous asphalt network,-261.6596,25.58295,10.49233,0.007409868
Continuous asphalt network,-265.114,18.36526,10.49101,0.006661952
Continuous asphalt network,-276.5028,-2.730657,20.98174,0.005660501
Continuous asphalt network,-270.2957,7.538767,10.49114,0.006116784
Continuous asphalt network,-273.7502,0.321106,10.49116,0.005890961
Continuous asphalt network,-270.2049,34.91206,82.61127,0.005697394
Continuous asphalt network,-282.7701,14.89582,41.30633,0.005720602
Continuous asphalt network,-275.7622,28.9815,41.3063,0.005757315
Continuous asphalt network,-296.362,-4.564301,41.30464,0.005608261
Continuous asphalt network,-309.4406,-24.30247,20.65221,0.00513878
Continuous asphalt network,-301.4059,-10.77294,20.65224,0.005133776
Continuous asphalt network,-288.8407,9.243312,41.30459,0.005561566
Continuous asphalt network,-277.3021,29.8157,20.65295,0.005757155
Continuous asphalt network,-284.3101,15.73002,20.65296,0.005720442
Continuous asphalt network,-282.9121,42.85281,73.06444,0.005933296
Continuous asphalt network,-294.9757,25.7428,36.53161,0.006204115
Continuous asphalt network,-288.3053,37.89531,36.53156,0.005871006
Continuous asphalt network,-308.0683,9.192149,36.53188,0.005636388
Continuous asphalt network,-320.6464,-7.638214,18.26527,0.005663952
Continuous asphalt network,-312.947,3.954941,18.26527,0.005344348
Continuous asphalt network,-300.8835,21.06498,36.5318,0.005628991
Continuous asphalt network,-289.8488,38.73436,18.26613,0.005679518
Continuous asphalt network,-296.5192,26.58185,18.26616,0.00602314
Continuous asphalt network,-295.4994,50.46569,62.60924,0.006418027
Continuous asphalt network,-306.5443,36.19616,31.30512,0.006592043
Continuous asphalt network,-300.6709,46.30371,31.30516,0.006007974
Continuous asphalt network,-318.7067,22.37253,31.30486,0.006487541
Continuous asphalt network,-330.3103,8.325933,15.6522,0.006088002
Continuous asphalt network,-323.3195,17.9876,15.6522,0.00613077
Continuous asphalt network,-312.2746,32.25715,31.30489,0.006238899
Continuous asphalt network,-302.347,46.97258,15.65204,0.006007617
Continuous asphalt network,-308.2205,36.86502,15.65202,0.0065917
Continuous asphalt network,-323.8997,41.65123,12.10359,0.007022431
Continuous asphalt network,-316.796,47.05432,12.10365,0.006645439
Continuous asphalt network,-326.7122,37.99751,24.20671,0.006799384
Continuous asphalt network,-335.8892,27.98847,12.10371,0.006230938
Continuous asphalt network,-342.2535,21.63317,12.10362,0.006168772
Continuous asphalt network,-333.4463,32.11833,24.20672,0.007054705
Continuous asphalt network,-317.905,48.48262,24.20722,0.006645643
Continuous asphalt network,-325.0087,43.07952,24.20711,0.007022611
Continuous asphalt network,-315.8318,53.08853,48.41373,0.007330054
Continuous asphalt network,-282.3988,55.7794,50.24802,0.004637486
Continuous asphalt network,-245.6978,35.86276,46.54184,0.008890389
Continuous asphalt network,-371.5293,31.9935,65.07755,0.006095433
Continuous asphalt network,-360.7385,46.70069,32.53897,0.006590202
Continuous asphalt network,-366.406,36.29587,32.53883,0.006092164
Continuous asphalt network,-290.107,87.81474,16.08367,0.01672715
Continuous asphalt network,-103.7042,0.6780294,24.50129,0.02646874
Continuous asphalt network,-135.6885,44.79149,22.71435,0
Continuous asphalt network,-129.1141,39.96468,22.71439,0
Continuous asphalt network,-118.7217,33.1026,11.35697,0
Continuous asphalt network,-112.1473,28.27582,11.35698,0
Continuous asphalt network,-123.0704,34.75976,22.71425,0
Continuous asphalt network,-137.2807,43.65714,45.42826,0
Continuous asphalt network,-143.0076,46.71006,22.71443,0
Continuous asphalt network,-146.9325,47.48027,5.678702,0
Continuous asphalt network,-148.8415,48.49792,5.678601,0.01681657
Continuous asphalt network,-145.7641,49.50159,11.35729,0
Continuous asphalt network,-47.44798,-14.21939,6.912582,0.0319519
Continuous asphalt network,-44.45608,-11.3136,3.456341,0.01020697
Continuous asphalt network,-45.75652,-13.60347,3.456341,0.03416434
Continuous asphalt network,-48.87801,-17.91871,13.82526,0.02907967
Continuous asphalt network,-46.47377,-9.550853,3.45624,0.0198379
Continuous asphalt network,-47.38542,-7.612401,3.456267,0.01679337
Continuous asphalt network,-44.84711,-9.639653,6.912621,0.01158108
Continuous asphalt network,-48.35965,-12.28095,6.912535,0.03033406
Continuous asphalt network,-48.55627,-8.492839,3.456376,0.0167933
Continuous asphalt network,-47.64462,-10.43129,3.456349,0.01983785
Continuous asphalt network,-93.16582,12.7282,7.580978,0.01403957
Continuous asphalt network,-90.73878,11.20229,7.580973,0.0006285615
Continuous asphalt network,-94.6239,10.86842,15.16196,0.01858079
Continuous asphalt network,-99.97819,13.83632,1.900746,0.02487548
Continuous asphalt network,-97.72439,14.51349,1.900728,0.01586745
Continuous asphalt network,-101.1051,12.74811,3.801411,0.02209507
Continuous asphalt network,7.455465,-43.05969,17.11573,0.03147621
Continuous asphalt network,11.07598,-37.62817,4.278915,0.01888489
Continuous asphalt network,13.13792,-35.06011,4.278905,0.003911403
Continuous asphalt network,11.05175,-39.50296,8.557853,0.02592926
Continuous asphalt network,6.639851,-47.30358,4.278941,0.0327927
Continuous asphalt network,7.119001,-49.47374,4.278926,0.03838134
Continuous asphalt network,4.86593,-47.20716,8.557849,0.03121299
Continuous asphalt network,9.46897,-44.24118,8.55785,0.02693294
Continuous asphalt network,8.653352,-48.48508,4.27895,0.04058501
Continuous asphalt network,8.174202,-46.31491,4.278965,0.03494659
Continuous asphalt network,19.82711,-27.65128,34.23128,0
Continuous asphalt network,14.09622,-39.40042,8.557886,0.007669676
Continuous asphalt network,10.97909,-45.1273,8.557895,0.01850527
Continuous asphalt network,14.64804,-35.94623,17.11564,0.001373052
Continuous asphalt network,82.52983,-94.62339,8.4081,0.002503327
Continuous asphalt network,76.27866,-91.02616,1.050986,0.04947745
Continuous asphalt network,78.2064,-92.52778,0.5254825,0.02073949
Continuous asphalt network,76.8321,-91.69958,0.525484,0.03089666
Continuous asphalt network,74.15036,-89.91351,2.101985,0.05315204
Continuous asphalt network,79.16094,-92.42324,2.102024,0.004020036
Continuous asphalt network,77.92035,-91.33572,2.102014,0.05270645
Continuous asphalt network,85.81321,-95.24252,16.81598,0.0004551862
Continuous asphalt network,68.78688,-86.34139,8.407922,0.03984426
Continuous asphalt network,60.40743,-81.63152,4.203902,0.05060075
Continuous asphalt network,66.172,-84.42567,4.203892,0.04845569
Continuous asphalt network,77.70114,-90.014,4.203898,0.06111316
Continuous asphalt network,84.21972,-93.09261,0.5254657,0
Continuous asphalt network,82.12486,-91.91514,0.2627445,0.0219625
Continuous asphalt network,83.56599,-92.61369,0.2627416,0
Continuous asphalt network,86.41486,-94.07558,1.050926,0
Continuous asphalt network,82.02457,-92.10963,0.5254905,0.02196274
Continuous asphalt network,83.39887,-92.93783,0.5254971,0
Continuous asphalt network,81.20374,-91.95484,1.050977,0.05587403
Continuous asphalt network,74.55145,-89.13555,8.407948,0.04585656
Continuous asphalt network,49.54677,-74.7466,16.8159,0.05092091
Continuous asphalt network,35.67015,-66.72392,4.204038,0.04529463
Continuous asphalt network,27.35754,-61.88437,2.10211,0.04785522
Continuous asphalt network,32.98841,-64.93784,2.102114,0.05187372
Continuous asphalt network,44.1833,-71.17448,8.408083,0.04303399
Continuous asphalt network,66.70679,-83.3884,8.408137,0.04151605
Continuous asphalt network,78.03539,-89.3657,2.101979,0.06041812
Continuous asphalt network,84.38683,-92.76847,0.2627503,0
Continuous asphalt network,82.30869,-91.55857,0.1313678,0.05965632
Continuous asphalt network,83.7164,-92.32195,0.131367,0.05239685
Continuous asphalt network,86.51513,-93.8811,0.5255043,0
Continuous asphalt network,81.53797,-91.30655,0.525498,0.06212195
Continuous asphalt network,83.63285,-92.48403,0.2627503,0
Continuous asphalt network,82.19171,-91.78548,0.2627533,0.02196241
Continuous asphalt network,75.08625,-88.09829,4.204079,0.04487671
Continuous asphalt network,58.05993,-79.19717,8.407949,0.04601422
Continuous asphalt network,66.43939,-83.90704,4.203958,0.04845387
Continuous asphalt network,60.67482,-81.11289,4.203968,0.05059896
Continuous asphalt network,108.9084,-104.4343,2.651349,0.04059523
Continuous asphalt network,107.7247,-103.4382,1.325691,0.01826237
Continuous asphalt network,108.8835,-103.4179,1.325694,0.04807389
Continuous asphalt network,106.5161,-101.4256,2.651335,0.001779372
Continuous asphalt network,108.8586,-102.4014,1.325661,0.04819562
Continuous asphalt network,107.6998,-102.4218,1.325665,0.01815385
Continuous asphalt network,113.99,-74.27513,5.111001,0.05689481
Continuous asphalt network,113.1812,-76.59695,2.555438,0.0873261
Continuous asphalt network,112.6819,-75.22173,2.555471,0.05862395
Continuous asphalt network,111.8157,-72.26699,0.3194452,0.05748691
Continuous asphalt network,111.3014,-71.98794,0.3194496,0.0576073
Continuous asphalt network,112.3374,-71.99796,0.6388633,0.03622215
Continuous asphalt network,111.5436,-73.22363,0.638854,0.05617235
Continuous asphalt network,111.0368,-72.3965,0.3194374,0.05760375
Continuous asphalt network,111.5511,-72.67556,0.3194329,0.05748488
Continuous asphalt network,111.1841,-71.09605,2.555442,0.06311356
Continuous asphalt network,113.4907,-72.89989,5.110936,0.0565462
Continuous asphalt network,94.67834,-57.436,0.8794066,0
Continuous asphalt network,96.00613,-59.36547,0.2198411,0
Continuous asphalt network,96.63514,-60.3531,0.2198411,0.03966147
Continuous asphalt network,95.55207,-58.96322,0.439707,0
Continuous asphalt network,93.77023,-56.6315,1.7588,0
Continuous asphalt network,91.46455,-53.9433,3.517629,0
Continuous asphalt network,96.18005,-58.55121,0.8793842,0
Continuous asphalt network,96.84446,-60.21577,0.4396679,0.03966144
Continuous asphalt network,96.21545,-59.22814,0.4396679,0
Continuous asphalt network,95.09701,-57.16132,1.758762,0
Continuous asphalt network,97.71717,-60.34334,1.758749,0.04268894
Continuous asphalt network,97.36727,-59.1726,1.758798,0.005499932
Continuous asphalt network,102.3619,-63.59738,3.517519,0.001502557
Continuous asphalt network,106.1339,-66.72385,0.8793664,0
Continuous asphalt network,107.9501,-68.33287,0.8793728,0.03034613
Continuous asphalt network,104.9467,-66.10246,1.758753,0
Continuous asphalt network,101.0351,-63.06755,3.517519,0.005704066
Continuous asphalt network,99.46362,-61.99813,1.758733,0.05471693
Continuous asphalt network,98.43314,-60.92383,0.8793837,0.042394
Continuous asphalt network,98.66068,-61.82478,0.4397001,0.05042785
Continuous asphalt network,98.13686,-61.46831,0.4396917,0.06565407
Continuous asphalt network,90.62724,-54.49266,7.034895,0
Continuous asphalt network,93.98057,-57.89381,1.758706,0
Continuous asphalt network,95.65725,-59.59438,0.4397172,0.02442592
Continuous asphalt network,96.4258,-60.49045,0.439713,0.04916916
Continuous asphalt network,94.99386,-59.32946,0.8793615,0.006907277
Continuous asphalt network,92.65381,-57.36397,3.517439,0
Continuous asphalt network,87.97369,-53.43299,14.07017,0
Continuous asphalt network,76.93881,-46.66977,14.06985,0.003163201
Continuous asphalt network,68.5575,-40.96617,14.06982,0.003493774
Continuous asphalt network,82.2459,-48.78908,28.14041,0
Continuous asphalt network,104.3156,-62.31555,7.035068,0
Continuous asphalt network,107.1108,-66.08292,1.758784,0
Continuous asphalt network,108.5083,-67.96662,0.4397081,0.03368317
Continuous asphalt network,109.1374,-68.95426,0.439706,0.05760242
Continuous asphalt network,107.9147,-67.65593,0.8794028,0.02110891
Continuous asphalt network,105.9236,-65.46155,3.517525,0
Continuous asphalt network,101.9412,-61.07277,14.07005,0.002750022
Continuous asphalt network,96.49252,-56.24573,28.14,0.003015794
Continuous asphalt network,108.4355,-63.81348,7.034944,0
Continuous asphalt network,109.1707,-66.83189,1.758733,0
Continuous asphalt network,109.556,-68.67957,0.8793893,0.05275929
Continuous asphalt network,108.927,-67.69193,0.8793936,0.02428606
Continuous asphalt network,107.9481,-65.53357,3.517466,0
Continuous asphalt network,105.9903,-61.21684,14.06991,0
Continuous asphalt network,113.1844,-66.29903,7.034988,0
Continuous asphalt network,110.9869,-68.44091,3.517585,0.05241422
Continuous asphalt network,110.9161,-67.08704,3.517481,0
Continuous asphalt network,111.9263,-64.32378,14.06992,0
Continuous asphalt network,200.6758,-51.03218,0.5727309,0
Continuous asphalt network,202.7867,-48.60832,0.1431973,0
Continuous asphalt network,204.3756,-46.79888,0.03580972,0.5001488
Continuous asphalt network,203.587,-47.71202,0.01789583,0
Continuous asphalt network,203.4709,-47.8867,0.03579958,0
Continuous asphalt network,202.2995,-49.27331,0.2863685,0
Continuous asphalt network,199.7014,-52.36213,1.145309,0
Continuous asphalt network,196.6392,-56.14965,2.290624,0
Continuous asphalt network,202.6248,-48.37225,0.2863148,0
Continuous asphalt network,203.7612,-47.27837,0.07158574,0.2880336
Continuous asphalt network,204.3409,-46.74829,0.07158599,0.5007219
Continuous asphalt network,203.5175,-47.61086,0.1431572,0.04173027
Continuous asphalt network,202.1375,-49.03723,0.5726689,0
Continuous asphalt network,200.537,-50.82982,1.145337,0
Continuous asphalt network,203.5992,-47.04228,0.143181,0.05690399
Continuous asphalt network,204.3439,-46.58083,0.01789692,0.5003067
Continuous asphalt network,204.5845,-46.41577,0.03578912,0.5004147
Continuous asphalt network,204.2222,-46.74708,0.03579463,0.5002639
Continuous asphalt network,203.3556,-47.37477,0.2863678,0.01193769
Continuous asphalt network,202.4859,-48.1699,0.5727323,0
Continuous asphalt network,203.8112,-46.49176,0.07157847,0
Continuous asphalt network,204.0864,-46.3773,0.03579663,0.3931255
Continuous asphalt network,203.9646,-46.54354,0.03579663,0.2277508
Continuous asphalt network,204.5151,-46.31461,0.07157892,0.5005093
Continuous asphalt network,204.2021,-46.54593,0.01790202,0.5005394
Continuous asphalt network,204.2399,-46.42908,0.03579105,0.5005093
Continuous asphalt network,203.4604,-46.83992,0.2863362,0
Continuous asphalt network,204.4981,-45.94601,0.2863724,0.5005228
Continuous asphalt network,204.0548,-46.15927,0.07159008,0.403799
Continuous asphalt network,203.8404,-46.1906,0.07157529,0
Continuous asphalt network,204.1912,-45.84244,0.1431834,0.4640179
Continuous asphalt network,208.379,-40.25756,0.5727104,0.7081308
Continuous asphalt network,206.3606,-42.8163,0.1431699,0.7081648
Continuous asphalt network,205.2239,-44.25351,0.01788419,0.4697848
Continuous asphalt network,204.8411,-44.72694,0.03576874,0.5013562
Continuous asphalt network,205.595,-43.76319,0.01789487,0.707716
Continuous asphalt network,205.7053,-43.58007,0.03579248,0.7081628
Continuous asphalt network,206.8247,-42.11759,0.2863549,0.7081328
Continuous asphalt network,208.8199,-39.52513,0.5727363,0.7077773
Continuous asphalt network,209.9131,-38.19635,0.01790109,0.7080126
Continuous asphalt network,209.7219,-38.26143,0.01789502,0.09843653
Continuous asphalt network,210.1536,-38.0313,0.03579672,0.7080177
Continuous asphalt network,209.7913,-38.3626,0.03579998,0.7076977
Continuous asphalt network,209.139,-38.95894,0.07158931,0.6428222
Continuous asphalt network,209.3217,-38.70958,0.03578357,0.4151448
Continuous asphalt network,209.39,-38.55118,0.01789522,0.2374795
Continuous asphalt network,209.9771,-37.9458,0.03579088,0.1335429
Continuous asphalt network,210.1914,-37.91446,0.03578948,0.6768145
Continuous asphalt network,209.7481,-38.12771,0.07158753,0.1270448
Continuous asphalt network,210.2207,-37.61331,0.03578731,0
Continuous asphalt network,210.3132,-37.74821,0.0357972,0.5763268
Continuous asphalt network,210.0526,-37.71211,0.0715863,0
Continuous asphalt network,213.1586,-33.47286,1.145271,0
Continuous asphalt network,211.7664,-35.56897,0.5725923,0
Continuous asphalt network,211.0702,-36.61703,0.2863412,0
Continuous asphalt network,210.7222,-37.14106,0.1431508,0.1849252
Continuous asphalt network,210.438,-37.50034,0.01789647,0.2290214
Continuous asphalt network,210.4263,-37.65514,0.01789834,0.5470995
Continuous asphalt network,210.3396,-37.44284,0.03579028,0
Continuous asphalt network,210.7046,-37.37325,0.01789413,0.5537729
Continuous asphalt network,210.5305,-37.63526,0.01790025,0.7075799
Continuous asphalt network,206.5226,-43.05238,0.2863523,0.7077464
Continuous asphalt network,205.4209,-44.19686,0.01790052,0.5001811
Continuous asphalt network,205.2933,-44.35467,0.03579122,0.500314
Continuous asphalt network,204.8758,-44.77752,0.07157805,0.5003396
Continuous asphalt network,205.6876,-43.89809,0.03579934,0.4938321
Continuous asphalt network,205.3862,-44.14627,0.03579881,0.6348174
Continuous asphalt network,205.7921,-43.70654,0.07159056,0.7077597
Continuous asphalt network,206.9866,-42.35368,0.5727347,0.7077755
Continuous asphalt network,208.5178,-40.45992,1.145462,0.707774
Continuous asphalt network,205.2698,-44.66424,0.2863443,0.5004916
Continuous asphalt network,205.9654,-44.13115,0.07158634,0.5034292
Continuous asphalt network,206.0583,-43.92274,0.07158952,0.6102521
Continuous asphalt network,205.5018,-44.3149,0.07158881,0.500497
Continuous asphalt network,205.8962,-43.85831,0.01789964,0.7077789
Continuous asphalt network,205.7337,-44.1372,0.03579132,0.4952839
Continuous asphalt network,206.6614,-43.25474,0.5727043,0.6160176
Continuous asphalt network,205.1766,-45.21595,1.145427,0.5005291
Continuous asphalt network,196.9168,-56.55435,4.581561,0
Continuous asphalt network,200.9072,-51.36942,1.145337,0
Continuous asphalt network,202.9024,-48.77696,0.286328,0
Continuous asphalt network,203.6332,-47.77947,0.0178918,0
Continuous asphalt network,204.0914,-47.24401,0.01789072,0.420743
Continuous asphalt network,204.4103,-46.84947,0.07156442,0.5008554
Continuous asphalt network,203.6679,-47.83006,0.03579952,0
Continuous asphalt network,203.8882,-47.6355,0.01789781,0.04692031
Continuous asphalt network,203.575,-48.03848,0.07158172,0
Continuous asphalt network,202.4845,-49.54312,0.5726693,0
Continuous asphalt network,200.0715,-52.90172,2.290777,0
Continuous asphalt network,195.2455,-59.61899,9.163171,0
Continuous asphalt network,186.1488,-73.86295,9.163189,0
Continuous asphalt network,178.7233,-85.04225,9.163195,0
Continuous asphalt network,189.4913,-67.73368,18.32626,0
Continuous asphalt network,209.8189,-36.85568,9.163261,0
Continuous asphalt network,205.4461,-42.17073,0.2863715,0
Continuous asphalt network,206.4515,-41.74542,0.03579718,0.7074414
Continuous asphalt network,206.7383,-41.64782,0.07159104,0.7075982
Continuous asphalt network,205.8023,-42.17432,0.01789747,0.1208156
Continuous asphalt network,205.9935,-42.10926,0.0179005,0.7074267
Continuous asphalt network,205.5618,-42.33937,0.03579855,0.1121212
Continuous asphalt network,206.0907,-41.993,0.01790264,0.5960383
Continuous asphalt network,205.9241,-42.00807,0.03579266,0.1890835
Continuous asphalt network,204.4839,-42.83095,0.5727389,0
Continuous asphalt network,206.6951,-41.41293,0.03579196,0.557959
Continuous asphalt network,206.5316,-41.26057,0.01789558,0
Continuous asphalt network,206.9326,-41.41531,0.07158736,0.707696
Continuous asphalt network,206.3836,-41.56053,0.01789834,0.2372608
Continuous asphalt network,206.5255,-41.59544,0.01789489,0.7081333
Continuous asphalt network,206.2634,-41.64305,0.03578529,0.1947246
Continuous asphalt network,206.4113,-41.3431,0.03579338,0
Continuous asphalt network,206.5748,-41.49545,0.01789289,0.6254074
Continuous asphalt network,206.433,-41.46054,0.01789634,0.03051331
Continuous asphalt network,206.7043,-40.91063,0.1431788,0
Continuous asphalt network,207.0313,-41.21535,0.07158571,0.6840398
Continuous asphalt network,206.5809,-41.16059,0.01790046,0
Continuous asphalt network,206.8678,-41.06299,0.01789608,0.188519
Continuous asphalt network,205.9333,-41.50575,0.5726904,0
Continuous asphalt network,207.8176,-39.78304,0.07158382,0
Continuous asphalt network,208.2725,-39.58664,0.01789586,0
Continuous asphalt network,208.4637,-39.52156,0.0178898,0.4844617
Continuous asphalt network,208.0319,-39.75169,0.03579148,0
Continuous asphalt network,207.3365,-40.11314,0.1431604,0
Continuous asphalt network,208.4189,-39.37039,0.017895,0
Continuous asphalt network,208.2987,-39.45292,0.03579829,0
Continuous asphalt network,208.4467,-39.15294,0.03578059,0
Continuous asphalt network,208.4683,-39.27039,0.01789907,0
Continuous asphalt network,208.0612,-39.45053,0.1431737,0
Continuous asphalt network,209.3657,-38.25786,0.2863439,0
Continuous asphalt network,209.0002,-38.75659,0.1431642,0
Continuous asphalt network,208.703,-39.09691,0.01790103,0
Continuous asphalt network,208.6031,-39.0373,0.03578265,0
Continuous asphalt network,208.9247,-38.9903,0.03579564,0.1159254
Continuous asphalt network,208.7956,-39.23182,0.0178988,0.3439151
Continuous asphalt network,208.8102,-39.08126,0.01789724,0.1618866
Continuous asphalt network,207.7432,-40.27629,0.01790253,0.3115174
Continuous asphalt network,207.7578,-40.12572,0.01789044,0.1365469
Continuous asphalt network,207.8431,-40.33593,0.03579771,0.7076706
Continuous asphalt network,207.4679,-40.39075,0.01789401,0
Continuous asphalt network,207.6506,-40.14139,0.01789288,0
Continuous asphalt network,207.2609,-40.34682,0.1431468,0
Continuous asphalt network,208.2085,-39.83718,0.03579417,0.5422885
Continuous asphalt network,207.9941,-39.86853,0.03578911,0
Continuous asphalt network,208.4375,-39.65527,0.07158949,0.5158757
Continuous asphalt network,207.9649,-40.16967,0.0358008,0.7162048
Continuous asphalt network,207.8723,-40.03477,0.03579611,0.09776498
Continuous asphalt network,208.1329,-40.07088,0.07159571,0.6573319
Continuous asphalt network,207.1561,-40.88167,0.03579705,0.5252628
Continuous asphalt network,207.2852,-40.64011,0.01789832,0.1691274
Continuous asphalt network,207.2706,-40.79071,0.01790113,0.5074651
Continuous asphalt network,207.1878,-41.0997,0.07157795,0.6699826
Continuous asphalt network,207.0173,-40.67931,0.143179,0
Continuous asphalt network,207.5994,-40.66842,0.03578864,0.7078383
Continuous asphalt network,207.5605,-40.52568,0.01790091,0.5904176
Continuous asphalt network,207.7675,-40.56963,0.07158417,0.7077262
Continuous asphalt network,207.4021,-41.06836,0.07157695,0.7078031
Continuous asphalt network,207.3778,-40.77504,0.01790163,0.707684
Continuous asphalt network,207.4776,-40.83467,0.0357897,0.7078431
Continuous asphalt network,205.2974,-43.15731,0.0715881,0.7078071
Continuous asphalt network,205.2731,-42.864,0.01789326,0.7078567
Continuous asphalt network,205.3729,-42.92361,0.03578791,0.7078159
Continuous asphalt network,205.4971,-43.27655,0.1431699,0.7078519
Continuous asphalt network,204.8541,-43.37058,0.1431748,0.6654888
Continuous asphalt network,204.9978,-42.97847,0.01789591,0.388972
Continuous asphalt network,205.1805,-42.7291,0.01789624,0.1010376
Continuous asphalt network,205.0831,-43.18865,0.07159365,0.6516298
Continuous asphalt network,204.3328,-43.29837,0.5727004,0.08804404
Continuous asphalt network,206.228,-42.27908,0.1431803,0.7079048
Continuous asphalt network,205.7383,-42.42488,0.03579557,0.7081208
Continuous asphalt network,205.524,-42.45623,0.03579177,0.3279409
Continuous asphalt network,205.9673,-42.24297,0.07158391,0.7081471
Continuous asphalt network,206.6859,-41.91525,0.2863564,0.7079131
Continuous asphalt network,205.7407,-42.94406,0.1431699,0.7078519
Continuous asphalt network,205.4947,-42.75738,0.035788,0.7078196
Continuous asphalt network,205.4558,-42.61464,0.0178954,0.5237797
Continuous asphalt network,205.6628,-42.65858,0.07159013,0.707803
Continuous asphalt network,206.0769,-42.74647,0.2863542,0.7077877
Continuous asphalt network,204.2304,-44.35237,0.07159008,0.5005341
Continuous asphalt network,204.0087,-44.459,0.01789971,0.3447139
Continuous asphalt network,203.9016,-44.47469,0.01789159,0
Continuous asphalt network,204.077,-44.30058,0.0357942,0.4052189
Continuous asphalt network,204.3815,-43.88498,0.07158801,0.7497256
Continuous asphalt network,204.3522,-44.18613,0.0715922,0.5005341
Continuous asphalt network,204.279,-44.93901,0.1431626,0.5005489
Continuous asphalt network,204.0331,-44.75232,0.03579219,0.2675236
Continuous asphalt network,203.8869,-44.62526,0.01788881,0
Continuous asphalt network,203.9941,-44.60957,0.01789692,0.3446871
Continuous asphalt network,204.2011,-44.65353,0.07159816,0.500509
Continuous asphalt network,203.6313,-43.99469,0.286346,0
Continuous asphalt network,204.1282,-43.77359,0.01789228,0.06703347
Continuous asphalt network,204.1135,-43.92415,0.01789105,0.3265026
Continuous asphalt network,204.0283,-43.71397,0.03579217,0
Continuous asphalt network,204.4034,-43.65912,0.0179004,0.4902863
Continuous asphalt network,204.2207,-43.90848,0.01789639,0.5927058
Continuous asphalt network,203.9308,-44.17353,0.01789987,0
Continuous asphalt network,204.038,-44.15785,0.01789659,0.4838468
Continuous asphalt network,203.8626,-44.33194,0.03578991,0
Continuous asphalt network,203.9065,-43.88022,0.03580143,0
Continuous asphalt network,204.0527,-44.00727,0.01789414,0.4838483
Continuous asphalt network,203.9455,-44.02295,0.01789742,0
Continuous asphalt network,205.0245,-43.79096,0.07160053,0.7078742
Continuous asphalt network,204.9953,-44.09212,0.0715991,0.4449763
Continuous asphalt network,204.8248,-43.67173,0.1431699,0.7078235
Continuous asphalt network,205.4678,-43.57769,0.1431748,0.7079492
Continuous asphalt network,205.2169,-43.98547,0.01789039,0.5051588
Continuous asphalt network,205.1487,-44.14389,0.03578492,0.6369638
Continuous asphalt network,205.2389,-43.75962,0.07157918,0.7079468
Continuous asphalt network,204.6152,-44.74142,0.2863492,0.5004165
Continuous asphalt network,204.5666,-44.15479,0.07158497,0.4578021
Continuous asphalt network,204.5958,-43.85364,0.07158078,0.7148972
Continuous asphalt network,204.7663,-44.27403,0.143188,0.5057928
Continuous asphalt network,200.1669,-50.2902,1.145412,0
Continuous asphalt network,202.2546,-47.83263,0.2863155,0
Continuous asphalt network,203.2985,-46.60385,0.07159071,0
Continuous asphalt network,203.8204,-45.98944,0.01788878,0
Continuous asphalt network,204.0871,-45.69067,0.01788762,0.2936621
Continuous asphalt network,203.7101,-46.17256,0.03579576,0
Continuous asphalt network,203.078,-46.97006,0.1431577,0
Continuous asphalt network,201.8136,-48.56506,0.572706,0
Continuous asphalt network,199.285,-51.75507,2.290824,0
Continuous asphalt network,196.3616,-55.74495,4.581637,0
Continuous asphalt network,201.9307,-47.36047,0.5727053,0
Continuous asphalt network,203.1365,-46.36777,0.143172,0
Continuous asphalt network,203.7394,-45.87141,0.03579206,0
Continuous asphalt network,203.6292,-46.05452,0.07158859,0
Continuous asphalt network,202.916,-46.73398,0.286347,0
Continuous asphalt network,201.4897,-48.0929,1.145396,0
Continuous asphalt network,199.8892,-49.88548,2.290775,0
Continuous asphalt network,202.4996,-46.12691,0.572706,0
Continuous asphalt network,203.421,-45.75099,0.1431746,0
Continuous asphalt network,203.8817,-45.56303,0.03578728,0.0653498
Continuous asphalt network,204.1627,-45.45699,0.01789332,0.5006444
Continuous asphalt network,203.67,-45.77024,0.07157975,0
Continuous asphalt network,202.9977,-46.16541,0.2863421,0
Continuous asphalt network,201.6531,-46.95575,1.145404,0
Continuous asphalt network,203.0508,-45.21135,0.2863556,0
Continuous asphalt network,203.6965,-45.29322,0.07158586,0
Continuous asphalt network,204.1671,-45.37749,0.0178936,0.5005124
Continuous asphalt network,203.8905,-45.40403,0.03579125,0.08537062
Continuous asphalt network,203.4387,-45.43297,0.1431883,0
Continuous asphalt network,202.535,-45.49087,0.572736,0
Continuous asphalt network,203.1965,-44.39223,0.5726862,0
Continuous asphalt network,203.7694,-44.88365,0.143175,0.07250944
Continuous asphalt network,204.0834,-45.08358,0.01789675,0.4508962
Continuous asphalt network,204.2222,-45.28592,0.01789867,0.5004016
Continuous asphalt network,203.8068,-45.11011,0.07158983,0.1044157
Continuous asphalt network,203.2713,-44.84513,0.2863433,0
Continuous asphalt network,211.0275,-33.11654,36.65228,0
Continuous asphalt network,228.4807,-3.549403,9.162913,0.001858246
Continuous asphalt network,221.0552,-14.72872,9.16291,0
Continuous asphalt network,231.8233,2.57988,18.32652,0.01942204
Continuous asphalt network,242.3138,20.29318,2.29062,0.3884819
Continuous asphalt network,238.6473,14.63607,0.5727537,0.3798952
Continuous asphalt network,236.814,11.80754,0.1431628,0.3802342
Continuous asphalt network,235.7814,10.21856,0.0179087,0.0162947
Continuous asphalt network,235.4333,9.69453,0.03581499,0
Continuous asphalt network,236.1179,10.75946,0.0179058,0.2590268
Continuous asphalt network,235.8743,10.42696,0.01790331,0.05232507
Continuous asphalt network,236.2166,10.95944,0.03579291,0.3653593
Continuous asphalt network,237.2319,12.57368,0.2863784,0.3797162
Continuous asphalt network,239.4829,16.16838,1.145308,0.3811691
Continuous asphalt network,243.9851,23.35782,4.581678,0.3776102
Continuous asphalt network,249.184,32.28192,2.290947,0.3893365
Continuous asphalt network,252.7117,38.14138,2.290953,0.4039184
Continuous asphalt network,248.4409,30.6147,2.290713,0.3424882
Continuous asphalt network,247.1874,28.31621,1.145467,0.3425212
Continuous asphalt network,246.3518,26.7839,1.145396,0.3807612
Continuous asphalt network,238.9712,14.16389,1.145375,0.3799722
Continuous asphalt network,236.976,11.57144,0.2863735,0.3804015
Continuous asphalt network,236.2452,10.57395,0.01789829,0.3798345
Continuous asphalt network,235.8508,10.11737,0.03578752,0.08410924
Continuous asphalt network,235.4681,9.643941,0.07157943,0
Continuous asphalt network,236.2104,10.62456,0.03580295,0.3801049
Continuous asphalt network,235.9321,10.34265,0.0358014,0.2384721
Continuous asphalt network,236.3033,10.83298,0.07159349,0.3800897
Continuous asphalt network,237.3938,12.33761,0.5726829,0.3795986
Continuous asphalt network,239.8068,15.69622,2.290854,0.3806717
Continuous asphalt network,243.427,21.42079,2.290801,0.3454908
Continuous asphalt network,241.7557,18.35613,2.290882,0.383633
Continuous asphalt network,237.2999,11.09925,0.5727501,0.3799576
Continuous asphalt network,235.9434,9.982493,0.01789433,0.2158086
Continuous asphalt network,236.1172,10.07286,0.01789327,0.380155
Continuous asphalt network,235.9027,9.869863,0.03578814,0.09968593
Continuous asphalt network,236.3142,10.12947,0.07158998,0.4891542
Continuous asphalt network,235.5375,9.542781,0.1431417,0
Continuous asphalt network,236.3955,10.35472,0.07157613,0.3799717
Continuous asphalt network,236.0709,10.1403,0.01789637,0.337826
Continuous asphalt network,235.8971,10.04994,0.01789743,0.0228768
Continuous asphalt network,236.1116,10.25292,0.03579144,0.3164271
Continuous asphalt network,236.4769,10.57998,0.143187,0.3799731
Continuous asphalt network,237.7177,11.86542,1.145406,0.3795538
Continuous asphalt network,239.2488,13.75918,2.29083,0.3800237
Continuous asphalt network,236.7657,9.815089,0.5726809,0.379969
Continuous asphalt network,235.8471,9.349141,0.01789343,0
Continuous asphalt network,235.7225,9.272949,0.03579109,0
Continuous asphalt network,235.8792,9.560262,0.03580036,0.04155822
Continuous asphalt network,236.0441,9.405766,0.01789881,0.274999
Continuous asphalt network,235.8993,9.444905,0.0179005,0.05712698
Continuous asphalt network,235.4793,9.283788,0.1431857,0
Continuous asphalt network,236.2791,9.836736,0.2863643,0.2962691
Continuous asphalt network,237.5775,10.69453,1.145385,0.3799501
Continuous asphalt network,236.1971,8.924886,0.03578569,0.3800046
Continuous asphalt network,236.0262,8.916133,0.01789073,0.2486806
Continuous asphalt network,236.2031,9.088089,0.07158579,0.3799425
Continuous asphalt network,236.4807,8.683375,0.07159443,0.3800321
Continuous asphalt network,236.1651,8.713765,0.01790352,0.379972
Continuous asphalt network,236.2897,8.789989,0.03579662,0.3800321
Continuous asphalt network,235.4674,8.957332,0.1431709,0
Continuous asphalt network,235.8151,9.138041,0.03579751,0.009960176
Continuous asphalt network,235.9859,9.146794,0.01790136,0.2091236
Continuous asphalt network,235.8091,8.974813,0.0715782,0.007951472
Continuous asphalt network,236.7418,9.162201,0.5727144,0.3799846
Continuous asphalt network,236.1673,8.108775,0.0715777,0.3488463
Continuous asphalt network,235.8778,8.187032,0.07158647,0.1517353
Continuous asphalt network,236.4166,8.261159,0.1431521,0.3799523
Continuous asphalt network,236.1293,7.734451,0.01789755,0.3799623
Continuous asphalt network,235.9845,7.77357,0.01789715,0.182243
Continuous asphalt network,236.2539,7.810664,0.03579298,0.379965
Continuous asphalt network,236.0972,7.523336,0.03579468,0.3099722
Continuous asphalt network,235.9323,7.67779,0.01789791,0.08013714
Continuous asphalt network,236.0771,7.638672,0.01789831,0.367083
Continuous asphalt network,235.7734,7.995493,0.07159667,0
Continuous asphalt network,236.1614,7.945557,0.0357965,0.3695568
Continuous asphalt network,235.9644,7.888911,0.03579236,0.1895823
Continuous asphalt network,235.4554,8.630885,0.2863537,0
Continuous asphalt network,236.133,8.50265,0.03579359,0.3621227
Continuous asphalt network,235.9681,8.657115,0.017895,0.1733133
Continuous asphalt network,236.1128,8.617981,0.01789599,0.3736059
Continuous asphalt network,236.3762,8.491821,0.07158539,0.3799898
Continuous asphalt network,235.8375,8.417699,0.1431755,0.1103661
Continuous asphalt network,221.6105,-15.53814,18.3262,0
Continuous asphalt network,228.6188,-4.43838,0.1431849,0.1364639
Continuous asphalt network,229.0363,-4.015513,0.07159001,0.1060769
Continuous asphalt network,229.3146,-3.733612,0.07157984,0.2439478
Continuous asphalt network,230.0104,-3.02888,0.2863081,0.2439507
Continuous asphalt network,228.4331,-4.855184,0.5726869,0.09474399
Continuous asphalt network,226.902,-6.748952,1.145374,0.005780665
Continuous asphalt network,229.8716,-2.826528,0.5727058,0.2438432
Continuous asphalt network,228.5263,-4.303492,0.2863581,0.07682746
Continuous asphalt network,228.9904,-3.604772,0.286368,0.2496071
Continuous asphalt network,230.0111,-2.342275,0.572664,0.2090394
Continuous asphalt network,230.5795,-1.623637,0.07158289,0.2258183
Continuous asphalt network,230.603,-1.314067,0.07156948,0.1283922
Continuous asphalt network,230.7763,-1.738688,0.1431791,0.2438542
Continuous asphalt network,230.1506,-1.857992,0.1431718,0.1533512
Continuous asphalt network,230.3944,-1.353836,0.0715823,0
Continuous asphalt network,230.3709,-1.663406,0.07159571,0.1552593
Continuous asphalt network,233.3993,3.032949,2.290612,0.03688568
Continuous asphalt network,232.1458,0.7344767,1.145392,0
Continuous asphalt network,231.3624,-0.7020772,0.07158861,0.1531907
Continuous asphalt network,231.4206,-0.4430746,0.03579365,0.0374338
Continuous asphalt network,231.5131,-0.5779826,0.0357943,0.2452596
Continuous asphalt network,231.0206,-0.719579,0.1431827,0
Continuous asphalt network,231.925,0.02494812,0.1431887,0.08988947
Continuous asphalt network,231.7683,-0.2623545,0.07156123,0.1368055
Continuous asphalt network,231.7101,-0.5213318,0.03579796,0.2438748
Continuous asphalt network,231.6176,-0.3864237,0.03579732,0.1181576
Continuous asphalt network,231.1535,-1.085154,0.07158596,0.2356061
Continuous asphalt network,230.8639,-1.006892,0.07158039,0.07273522
Continuous asphalt network,231.4027,-0.9327495,0.1431669,0.2316382
Continuous asphalt network,231.0893,-1.50738,0.1431948,0.2438475
Continuous asphalt network,230.7595,-1.198425,0.0715828,0.08826213
Continuous asphalt network,231.049,-1.276688,0.07158838,0.2438726
Continuous asphalt network,226.9244,-7.469274,0.2863329,0
Continuous asphalt network,227.7474,-6.950012,0.07160334,0.01443026
Continuous asphalt network,228.2459,-6.645193,0.0357945,0.1724865
Continuous asphalt network,227.9444,-6.893372,0.03579556,0.1068737
Continuous asphalt network,227.3184,-7.356008,0.1432019,0
Continuous asphalt network,226.0663,-8.28125,0.5726824,0
Continuous asphalt network,227.5623,-6.680212,0.1431794,0
Continuous asphalt network,228.1765,-6.544016,0.07157516,0.1538368
Continuous asphalt network,227.8288,-6.724741,0.07158711,0.03580619
Continuous asphalt network,227.087,-7.018748,0.2863329,0
Continuous asphalt network,228.1653,-6.183858,0.2863293,0.1512673
Continuous asphalt network,227.725,-6.229681,0.2863553,0.00305052
Continuous asphalt network,229.1285,-4.493729,0.5726903,0.2450174
Continuous asphalt network,230.1492,-3.231237,0.5726745,0.1956988
Continuous asphalt network,228.8032,-5.394796,1.145337,0.1724361
Continuous asphalt network,226.3439,-8.685959,1.145399,0
Continuous asphalt network,227.4572,-7.55836,0.2863388,0
Continuous asphalt network,228.0138,-6.994558,0.0715899,0.1067957
Continuous asphalt network,228.3153,-6.746378,0.07158779,0.1724232
Continuous asphalt network,227.9557,-7.25355,0.1431669,0.07597773
Continuous asphalt network,227.3408,-8.076335,0.5727035,0
Continuous asphalt network,226.1112,-9.721929,2.2908,0
Continuous asphalt network,217.7575,-22.29865,1.145394,0
Continuous asphalt network,219.4036,-21.26015,0.2863491,0.0004593093
Continuous asphalt network,220.4005,-20.65051,0.1431436,0.08278152
Continuous asphalt network,219.7976,-21.14686,0.1431525,0.04899811
Continuous asphalt network,218.5455,-22.07211,0.5727002,0
Continuous asphalt network,216.0413,-23.92262,2.290814,0
Continuous asphalt network,219.0334,-20.72051,0.5726841,0
Continuous asphalt network,220.2616,-20.44817,0.2863747,0.0738814
Continuous asphalt network,219.5662,-20.80961,0.2863653,0.001139451
Continuous asphalt network,218.0828,-21.39759,1.14541,0
Continuous asphalt network,220.0542,-19.45801,0.5727438,0
Continuous asphalt network,220.4243,-19.99763,0.5727018,0.09238012
Continuous asphalt network,219.3587,-19.81945,1.145352,0
Continuous asphalt network,223.1864,-15.08505,4.581616,0
Continuous asphalt network,221.9329,-17.38352,2.290689,0.01915615
Continuous asphalt network,221.1092,-18.5894,0.1431721,0.01255403
Continuous asphalt network,221.2943,-18.8592,0.143149,0.1186965
Continuous asphalt network,220.6227,-18.56776,0.2863638,0
Continuous asphalt network,221.8047,-18.22795,0.2863792,0.06334433
Continuous asphalt network,221.6883,-18.74593,0.1431592,0.1170979
Continuous asphalt network,221.5032,-18.47614,0.1431824,0.05714198
Continuous asphalt network,221.0735,-19.56872,0.5726915,0.09163983
Continuous asphalt network,220.4138,-18.95085,0.2863523,0
Continuous asphalt network,220.9929,-19.10737,0.2863316,0.07084551
Continuous asphalt network,216.5966,-24.73205,4.581674,0
Continuous asphalt network,218.8231,-22.47682,1.145348,0
Continuous asphalt network,219.9364,-21.3492,0.286381,0.04900695
Continuous asphalt network,220.5393,-20.85285,0.2863631,0.08279391
Continuous asphalt network,219.82,-21.8672,0.5727039,0.0300054
Continuous asphalt network,218.5904,-23.51279,2.290796,0
Continuous asphalt network,216.1311,-26.80399,9.163122,0
Continuous asphalt network,187.4443,-75.75161,18.32622,0
Continuous asphalt network,179.2785,-85.85168,18.32622,0
Continuous asphalt network,190.7869,-69.62234,36.65284,0
Continuous asphalt network,201.6475,-52.44865,1.145484,0
Continuous asphalt network,203.8393,-50.14286,0.01788737,0.2022931
Continuous asphalt network,204.1639,-49.9284,0.01788997,0.4532336
Continuous asphalt network,203.7001,-50.2838,0.03579495,0.02125882
Continuous asphalt network,203.248,-50.65607,0.07159863,0
Continuous asphalt network,204.1292,-49.87782,0.03579108,0.4090972
Continuous asphalt network,203.8046,-50.09227,0.03578588,0
Continuous asphalt network,204.2452,-49.70314,0.07157616,0.4460548
Continuous asphalt network,204.941,-48.99838,0.2863026,0.5005227
Continuous asphalt network,203.3174,-50.75724,0.1431676,0
Continuous asphalt network,203.8972,-50.22716,0.03580002,0.2869905
Continuous asphalt network,204.1986,-49.97898,0.03580672,0.5004262
Continuous asphalt network,203.7927,-50.4187,0.07158333,0.0808408
Continuous asphalt network,203.1085,-51.14033,0.2863757,0
Continuous asphalt network,200.7193,-53.84606,2.290821,0
Continuous asphalt network,197.6572,-57.63359,4.58166,0
Continuous asphalt network,204.1064,-49.50078,0.03579264,0.4656231
Continuous asphalt network,203.921,-49.57428,0.03579476,0.1437183
Continuous asphalt network,204.1066,-49.32913,0.07158599,0.3964578
Continuous asphalt network,203.6893,-49.58033,0.1431827,0.06332703
Continuous asphalt network,203.133,-49.80082,0.2863524,0.06332839
Continuous asphalt network,204.8022,-48.79604,0.5726946,0.5005128
Continuous asphalt network,202.6689,-50.49953,0.5727031,0
Continuous asphalt network,203.5035,-49.99714,0.1431767,0
Continuous asphalt network,203.9208,-49.74594,0.03579392,0.103041
Continuous asphalt network,204.1063,-49.67244,0.03579605,0.5822492
Continuous asphalt network,203.7352,-49.99109,0.07158466,0
Continuous asphalt network,203.1323,-50.48744,0.2863494,0
Continuous asphalt network,201.3699,-52.04393,2.290788,0
Continuous asphalt network,203.9451,-48.57809,0.03579785,0.21045
Continuous asphalt network,204.0612,-48.40341,0.03579833,0.3607486
Continuous asphalt network,204.026,-48.86779,0.03579806,0.2470369
Continuous asphalt network,203.9334,-48.73288,0.03579739,0.1641892
Continuous asphalt network,203.7021,-48.39562,0.07159051,0
Continuous asphalt network,203.9165,-48.27845,0.01789872,0
Continuous asphalt network,204.0208,-48.25856,0.0178915,0.4266033
Continuous asphalt network,203.8526,-48.44318,0.03579185,0
Continuous asphalt network,204.316,-48.4311,0.2863648,0.50043
Continuous asphalt network,204.9417,-48.31178,0.5726871,0.5005679
Continuous asphalt network,203.2263,-49.24911,1.145429,0.03328796
Continuous asphalt network,205.2207,-47.34326,1.145399,0.5005507
Continuous asphalt network,204.363,-47.81194,0.2863621,0.5004346
Continuous asphalt network,203.8879,-47.97881,0.03578946,0
Continuous asphalt network,204.0325,-48.10378,0.01789384,0.426565
Continuous asphalt network,203.9283,-48.12366,0.01790106,0
Continuous asphalt network,203.7256,-48.08604,0.07158574,0
Continuous asphalt network,204.0677,-47.6394,0.01789856,0.5003327
Continuous asphalt network,203.9635,-47.65929,0.01789515,0.04351303
Continuous asphalt network,204.1316,-47.47467,0.035795,0.5005051
Continuous asphalt network,204.0964,-47.93904,0.03579539,0.4749981
Continuous asphalt network,203.9517,-47.81408,0.01789396,0.03351079
Continuous asphalt network,204.056,-47.79419,0.01789737,0.5038853
Continuous asphalt network,204.6185,-47.153,0.5727285,0.5004764
Continuous asphalt network,208.8879,-40.99954,1.145359,0.7078419
Continuous asphalt network,207.1479,-43.27638,0.1432015,0.8952372
Continuous asphalt network,206.7651,-43.74983,0.07159002,0.8948996
Continuous asphalt network,206.5737,-43.98654,0.03578602,0.6888547
Continuous asphalt network,206.4462,-44.14435,0.03579184,0.5005563
Continuous asphalt network,205.872,-44.85451,0.2863527,0.5004786
Continuous asphalt network,207.3105,-42.82585,0.5726777,0.7115559
Continuous asphalt network,209.7236,-39.46722,2.290743,0.7078984
Continuous asphalt network,212.4618,-35.20752,0.2864009,0
Continuous asphalt network,211.4642,-36.50375,0.07159356,0.354219
Continuous asphalt network,210.9539,-37.13501,0.07159409,0.3487767
Continuous asphalt network,211.6731,-36.12068,0.1431999,0
Continuous asphalt network,212.8796,-34.44136,0.5727628,0
Continuous asphalt network,214.2719,-32.34525,1.145516,0
Continuous asphalt network,211.4523,-36.8302,0.07159591,0.708058
Continuous asphalt network,211.8638,-36.57057,0.01789654,0.7051169
Continuous asphalt network,211.6494,-36.77356,0.0357965,0.7080984
Continuous asphalt network,211.0233,-37.23619,0.1431912,0.7080643
Continuous asphalt network,211.7713,-36.43566,0.03579863,0.6964815
Continuous asphalt network,212.0784,-36.36757,0.01789979,0.6779805
Continuous asphalt network,211.9045,-36.45794,0.01789845,0.6648796
Continuous asphalt network,211.5336,-36.60493,0.07159002,0.697329
Continuous asphalt network,212.0728,-36.18748,0.07157782,0.4041016
Continuous asphalt network,211.8526,-36.21039,0.07159752,0.618278
Continuous asphalt network,212.8096,-35.0268,0.2863389,0.04111823
Continuous asphalt network,212.4962,-35.60141,0.1431591,0.1825508
Continuous asphalt network,212.3395,-35.88872,0.07158569,0.2150006
Continuous asphalt network,212.2351,-36.08026,0.07158928,0.4522834
Continuous asphalt network,211.1621,-37.43855,0.2863322,0.707876
Continuous asphalt network,211.7188,-36.87474,0.07158163,0.7078384
Continuous asphalt network,211.9971,-36.59284,0.01789951,0.5011549
Continuous asphalt network,212.1478,-36.46875,0.01789898,0.5228171
Continuous asphalt network,211.968,-36.72234,0.0357887,0.6959587
Continuous asphalt network,211.6605,-37.13374,0.1431594,0.7078688
Continuous asphalt network,211.0457,-37.95653,0.5726902,0.7078984
Continuous asphalt network,206.8226,-44.17744,0.07158794,0.5004928
Continuous asphalt network,207.2341,-43.91782,0.03578817,0.7493542
Continuous asphalt network,207.1066,-44.07563,0.03579426,0.4798161
Continuous asphalt network,206.7413,-44.40271,0.1431773,0.5005205
Continuous asphalt network,207.8658,-43.63529,0.143162,0.7079517
Continuous asphalt network,207.1353,-44.28944,0.07157022,0.4245851
Continuous asphalt network,207.3267,-44.05272,0.03579537,0.4474644
Continuous asphalt network,207.4543,-43.89491,0.03578928,0.7079676
Continuous asphalt network,206.0108,-45.05687,0.5726793,0.5005936
Continuous asphalt network,207.727,-43.43293,0.2863522,0.7077594
Continuous asphalt network,207.0778,-43.86183,0.0715843,0.6731107
Continuous asphalt network,206.6663,-44.12144,0.03579692,0.500509
Continuous asphalt network,206.7939,-43.96364,0.03579109,0.6887607
Continuous asphalt network,207.1591,-43.63657,0.1431792,0.7077715
Continuous asphalt network,207.8896,-42.9824,0.5726975,0.7077731
Continuous asphalt network,209.1655,-41.40425,2.290827,0.7077774
Continuous asphalt network,206.2884,-45.46158,1.145381,0.5005043
Continuous asphalt network,207.4017,-44.33398,0.2863535,0.517521
Continuous asphalt network,208.1091,-43.6461,0.1431824,0.7080351
Continuous asphalt network,207.9524,-43.93341,0.07159187,0.5836278
Continuous asphalt network,207.8479,-44.12495,0.07159276,0.5504588
Continuous asphalt network,207.2853,-44.85196,0.5726966,0.500472
Continuous asphalt network,206.0557,-46.49755,2.290781,0.5005134
Continuous asphalt network,198.3975,-58.71283,2.290739,0.654381
Continuous asphalt network,195.6844,-60.9464,0.07158535,0
Continuous asphalt network,196.1828,-60.64158,0.01789887,0.4669242
Continuous asphalt network,195.9133,-60.85032,0.01789528,0
Continuous asphalt network,196.0234,-60.83886,0.01789468,0.4102024
Continuous asphalt network,195.6031,-61.17167,0.1431853,0
Continuous asphalt network,196.7276,-60.40423,0.1431839,0.4589371
Continuous asphalt network,196.1478,-60.93431,0.0357926,0.3766155
Continuous asphalt network,195.8464,-61.18248,0.03579288,0.08047702
Continuous asphalt network,196.2522,-60.74277,0.07158933,0.4351588
Continuous asphalt network,194.8726,-61.82584,0.5727389,0
Continuous asphalt network,196.5887,-60.20187,0.2863432,0.4588553
Continuous asphalt network,195.8295,-60.64223,0.03579092,0.005472985
Continuous asphalt network,196.1366,-60.57414,0.01789084,0.4667578
Continuous asphalt network,195.9627,-60.66451,0.01789035,0.2770255
Continuous asphalt network,195.5919,-60.81149,0.07158917,0
Continuous asphalt network,196.131,-60.39406,0.07159106,0.4667862
Continuous asphalt network,195.9108,-60.41697,0.07158636,0.05594294
Continuous asphalt network,196.7514,-59.75135,0.5726806,0.6651239
Continuous asphalt network,198.8503,-57.65395,0.1431755,0.6603929
Continuous asphalt network,198.6015,-57.46305,0.03579061,0.609633
Continuous asphalt network,198.5089,-57.32815,0.03579422,0
Continuous asphalt network,198.7753,-57.37269,0.07158121,0.5037433
Continuous asphalt network,199.198,-57.47324,0.2863494,0.6603767
Continuous asphalt network,199.8584,-57.40451,0.5726784,0.6603983
Continuous asphalt network,197.8359,-58.40994,0.03579069,0.6603666
Continuous asphalt network,197.7984,-58.26932,0.01789969,0.4790076
Continuous asphalt network,198.0098,-58.31958,0.07157428,0.6603513
Continuous asphalt network,198.34,-58.2852,0.1431675,0.6603819
Continuous asphalt network,197.2968,-58.82738,0.1431779,0.4848088
Continuous asphalt network,197.607,-58.50602,0.01789782,0.657523
Continuous asphalt network,197.7083,-58.56775,0.03579272,0.6603538
Continuous asphalt network,197.3231,-58.60783,0.01789886,0.1774122
Continuous asphalt network,197.5145,-58.37111,0.01789934,0
Continuous asphalt network,198.3925,-57.84613,0.07158747,0.6601513
Continuous asphalt network,198.3813,-57.48596,0.03579682,0.01807298
Continuous asphalt network,198.4739,-57.62086,0.03579321,0.6047179
Continuous asphalt network,198.5951,-57.96957,0.1431735,0.6603932
Continuous asphalt network,197.9986,-57.95941,0.03579476,0.1150761
Continuous asphalt network,198.0911,-58.09432,0.03578892,0.660234
Continuous asphalt network,197.8247,-58.04976,0.07160293,0.2023478
Continuous asphalt network,198.2075,-57.57632,0.07158104,0.02242259
Continuous asphalt network,198.2187,-57.9365,0.03578998,0.6602205
Continuous asphalt network,198.1261,-57.80159,0.03579582,0.1151085
Continuous asphalt network,199.9636,-56.52635,0.2863547,0.6603403
Continuous asphalt network,199.9412,-55.80601,0.1431805,0.02808769
Continuous asphalt network,200.1262,-56.07582,0.1431718,0.6148384
Continuous asphalt network,200.3688,-56.77325,0.5727007,0.6603469
Continuous asphalt network,199.2769,-56.81461,0.01789526,0.5728577
Continuous asphalt network,199.0855,-57.05135,0.01788745,0.6603611
Continuous asphalt network,199.1469,-56.53909,0.03579602,0
Continuous asphalt network,199.1844,-56.67971,0.01789621,0
Continuous asphalt network,199.3607,-57.02269,0.1431903,0.6602988
Continuous asphalt network,198.7641,-57.01252,0.03579004,0
Continuous asphalt network,198.8016,-57.15315,0.01789446,0.2719727
Continuous asphalt network,198.5902,-57.10289,0.07159348,0
Continuous asphalt network,198.973,-56.62944,0.07158535,0
Continuous asphalt network,198.993,-56.91644,0.01790748,0.09205393
Continuous asphalt network,198.8917,-56.85471,0.03579467,0
Continuous asphalt network,199.5934,-55.98674,0.2863587,0.03484303
Continuous asphalt network,199.6159,-56.70707,0.1431797,0.6602873
Continuous asphalt network,199.3757,-56.44298,0.01789426,0
Continuous asphalt network,199.2745,-56.38127,0.03579506,0
Continuous asphalt network,199.6046,-56.3469,0.03579387,0.1554308
Continuous asphalt network,199.4683,-56.57788,0.01789473,0.3948488
Continuous asphalt network,199.4858,-56.43152,0.01789486,0.2320517
Continuous asphalt network,202.1102,-53.12317,2.290699,0
Continuous asphalt network,203.9084,-50.58734,0.01789829,0.1710737
Continuous asphalt network,204.0823,-50.49698,0.01789699,0.4153409
Continuous asphalt network,203.8677,-50.69997,0.03579207,0.07142076
Continuous asphalt network,204.4299,-50.31625,0.03578553,0.5003853
Continuous asphalt network,204.1923,-50.48552,0.01789407,0.5003623
Continuous asphalt network,203.5025,-51.02706,0.1431705,0
Continuous asphalt network,204.3605,-50.21507,0.07158921,0.5004612
Continuous asphalt network,204.036,-50.42952,0.01790009,0.3998314
Continuous asphalt network,203.8621,-50.51987,0.01790139,0
Continuous asphalt network,204.0766,-50.31688,0.03579688,0.3750594
Continuous asphalt network,204.4419,-49.9898,0.1431729,0.5004627
Continuous asphalt network,205.0798,-49.20073,0.5727015,0.5005116
Continuous asphalt network,203.8122,-51.22065,0.01789705,0
Continuous asphalt network,203.6876,-51.29686,0.03579305,0
Continuous asphalt network,203.8442,-51.00956,0.03579869,0
Continuous asphalt network,204.0092,-51.16401,0.01789538,0.2924333
Continuous asphalt network,203.8644,-51.12489,0.01789419,0
Continuous asphalt network,203.4443,-51.28606,0.1431727,0
Continuous asphalt network,204.2964,-50.63728,0.03579763,0.5003418
Continuous asphalt network,204.1748,-50.63187,0.01789553,0.5006711
Continuous asphalt network,204.4994,-50.41743,0.07159217,0.5004497
Continuous asphalt network,204.1658,-50.87671,0.0178996,0.5002723
Continuous asphalt network,204.2905,-50.8005,0.03579343,0.5002966
Continuous asphalt network,204.1338,-51.08781,0.03578776,0.4785245
Continuous asphalt network,203.9689,-50.93335,0.01789365,0.231281
Continuous asphalt network,204.1136,-50.97248,0.01789405,0.4924287
Continuous asphalt network,203.4324,-51.6125,0.1431727,0
Continuous asphalt network,203.7801,-51.43176,0.035794,0
Continuous asphalt network,203.951,-51.423,0.01789643,0.169636
Continuous asphalt network,203.7741,-51.59499,0.07158953,0
Continuous asphalt network,203.4205,-51.93894,0.2863339,0
Continuous asphalt network,201.6626,-54.70544,0.03579852,0.660251
Continuous asphalt network,201.6424,-54.5901,0.01790233,0.6601748
Continuous asphalt network,201.9059,-54.71626,0.07158151,0.6602505
Continuous asphalt network,201.3149,-54.88617,0.07158338,0.6145279
Continuous asphalt network,201.3469,-54.67507,0.01789765,0.3930673
Continuous asphalt network,201.4656,-54.76208,0.03579755,0.6538402
Continuous asphalt network,201.6544,-54.26366,0.01789719,0.1572616
Continuous asphalt network,201.7991,-54.3028,0.01789221,0.6195545
Continuous asphalt network,201.5297,-54.33986,0.03579544,0.1143812
Continuous asphalt network,201.6864,-54.05256,0.0357888,0
Continuous asphalt network,201.8513,-54.20703,0.01789297,0.5637064
Continuous asphalt network,201.7066,-54.16789,0.01789795,0
Continuous asphalt network,202.0103,-54.52472,0.07157613,0.6602732
Continuous asphalt network,201.6947,-54.49434,0.01790337,0.6602412
Continuous asphalt network,201.8193,-54.41814,0.03578926,0.6602461
Continuous asphalt network,200.8806,-54.76876,0.5727222,0.09956242
Continuous asphalt network,202.7035,-53.55827,0.01789826,0.6601876
Continuous asphalt network,202.408,-53.64322,0.01789319,0.4574403
Continuous asphalt network,202.5908,-53.30803,0.03579092,0.1766888
Continuous asphalt network,202.7557,-53.46249,0.0178936,0.6602519
Continuous asphalt network,202.1908,-53.58452,0.1431701,0.005481542
Continuous asphalt network,202.846,-52.99239,0.03579079,0
Continuous asphalt network,203.2981,-52.62013,0.03579266,0.1221828
Continuous asphalt network,203.2198,-52.76378,0.01789214,0.3140091
Continuous asphalt network,202.9124,-53.17518,0.01789771,0.6026615
Continuous asphalt network,202.7676,-53.13605,0.0178999,0.07000772
Continuous asphalt network,203.037,-53.09897,0.0357964,0.5629038
Continuous asphalt network,202.8803,-53.3863,0.03579704,0.6602198
Continuous asphalt network,202.7154,-53.23182,0.01789749,0.2035949
Continuous asphalt network,202.8602,-53.27095,0.01789529,0.6602498
Continuous asphalt network,202.3237,-53.95009,0.07159571,0.6603695
Continuous asphalt network,201.8633,-53.88058,0.01789591,0
Continuous asphalt network,202.1588,-53.79562,0.01790321,0.2662207
Continuous asphalt network,202.5729,-53.79768,0.1431633,0.6603401
Continuous asphalt network,202.2595,-54.3723,0.1431853,0.6602889
Continuous asphalt network,201.976,-54.13083,0.03579414,0.5045743
Continuous asphalt network,201.811,-53.97635,0.01789546,0
Continuous asphalt network,202.2192,-54.14164,0.07158908,0.6604367
Continuous asphalt network,201.1463,-55.49991,0.2863363,0.660359
Continuous asphalt network,200.4687,-55.37171,0.03579613,0.05198247
Continuous asphalt network,200.6336,-55.52616,0.01789795,0.6603583
Continuous asphalt network,200.4888,-55.48704,0.01789854,0.3007767
Continuous asphalt network,200.2254,-55.36089,0.07158948,0
Continuous asphalt network,200.7903,-55.23886,0.01789674,0.5011685
Continuous asphalt network,200.6456,-55.19973,0.01789385,0
Continuous asphalt network,200.9149,-55.16266,0.03579917,0.4471297
Continuous asphalt network,200.7583,-55.44995,0.03578809,0.6603398
Continuous asphalt network,200.5933,-55.2955,0.01789551,0.07146663
Continuous asphalt network,200.7381,-55.33463,0.0178984,0.5224517
Continuous asphalt network,201.6447,-55.1951,0.5726814,0.660358
Continuous asphalt network,201.018,-56.34435,0.5727037,0.6603382
Continuous asphalt network,200.4508,-55.86136,0.1431786,0.6037214
Continuous asphalt network,200.121,-55.55243,0.07158768,0
Continuous asphalt network,200.5814,-55.62193,0.01789584,0.6602717
Continuous asphalt network,200.9374,-55.88298,0.2863628,0.6603583
Continuous asphalt network,197.3291,-61.2811,2.290783,0.4686856
Continuous asphalt network,195.492,-62.21305,0.07158828,0
Continuous asphalt network,195.8076,-62.24343,0.01789655,0
Continuous asphalt network,195.683,-62.31964,0.03579514,0
Continuous asphalt network,195.2427,-62.36545,0.1431725,0
Continuous asphalt network,195.5561,-61.79083,0.1431648,0
Continuous asphalt network,195.8397,-62.03233,0.03579769,0
Continuous asphalt network,196.0046,-62.1868,0.01789598,0.2631672
Continuous asphalt network,195.8599,-62.14766,0.01789369,0
Continuous asphalt network,195.5964,-62.0215,0.07158981,0
Continuous asphalt network,194.7562,-62.34383,0.5726873,0
Continuous asphalt network,196.4605,-61.04631,0.1431703,0.4669186
Continuous asphalt network,196.0404,-61.20746,0.01789885,0.3307354
Continuous asphalt network,195.8173,-61.31198,0.03579085,0.04064335
Continuous asphalt network,196.2172,-61.03549,0.07159432,0.4668881
Continuous asphalt network,196.8664,-60.60658,0.2863426,0.4588061
Continuous asphalt network,196.1993,-61.52515,0.07158577,0.4669584
Continuous asphalt network,195.8113,-61.4752,0.03579471,0.004652878
Continuous asphalt network,195.9822,-61.46645,0.017895,0.2531775
Continuous asphalt network,196.4486,-61.37274,0.1431613,0.4669192
Continuous asphalt network,196.1613,-61.89949,0.0178938,0.46703
Continuous asphalt network,196.2859,-61.82327,0.03579387,0.4669897
Continuous asphalt network,196.1292,-62.1106,0.03579156,0.4380879
Continuous asphalt network,195.9643,-61.95613,0.01789885,0.2008549
Continuous asphalt network,196.1091,-61.99526,0.01789546,0.4572086
Continuous asphalt network,195.8053,-61.63843,0.07158191,0.003713726
Continuous asphalt network,196.1934,-61.68837,0.03580193,0.4669716
Continuous asphalt network,196.0225,-61.69713,0.01789779,0.2996755
Continuous asphalt network,199.3705,-58.7561,2.290844,0.6603712
Continuous asphalt network,198.4946,-60.05773,0.07160251,0.5309035
Continuous asphalt network,198.599,-59.86618,0.07159553,0.6192667
Continuous asphalt network,198.7319,-60.23177,0.1431779,0.4669425
Continuous asphalt network,197.9618,-59.96865,0.03579779,0.6862087
Continuous asphalt network,198.0543,-60.10356,0.03579681,0.4669954
Continuous asphalt network,197.7185,-59.95783,0.0715924,0.5056581
Continuous asphalt network,198.3095,-59.78791,0.07157999,0.6603914
Continuous asphalt network,198.2513,-60.04692,0.0357886,0.3717293
Continuous asphalt network,198.1588,-59.912,0.03578959,0.6491982
Continuous asphalt network,199.2422,-59.60052,0.2863289,0.6603112
Continuous asphalt network,199.0796,-60.05104,0.03579455,0.4509121
Continuous asphalt network,199.3027,-59.94652,0.01789621,0.6121053
Continuous asphalt network,199.2505,-60.04229,0.01789545,0.5527552
Continuous asphalt network,199.0737,-60.21426,0.07158221,0.4669727
Continuous asphalt network,198.9408,-59.84868,0.1431675,0.6330202
Continuous asphalt network,198.326,-60.67147,1.145389,0.472764
Continuous asphalt network,196.0935,-63.08993,0.03579202,0.374427
Continuous asphalt network,195.9285,-62.93545,0.01789505,0.0867627
Continuous asphalt network,196.0733,-62.97459,0.01789843,0.4513639
Continuous asphalt network,196.3367,-63.10075,0.07158364,0.4669123
Continuous asphalt network,195.798,-63.17488,0.1431748,0.09341879
Continuous asphalt network,196.1576,-62.66771,0.0357952,0.4530654
Continuous asphalt network,195.9606,-62.72435,0.03579414,0.224879
Continuous asphalt network,196.1636,-62.50449,0.07158619,0.4239244
Continuous asphalt network,196.4412,-62.90921,0.07159511,0.4669701
Continuous asphalt network,196.1255,-62.87883,0.01789933,0.4666091
Continuous asphalt network,195.9808,-62.83969,0.01789594,0.223338
Continuous asphalt network,196.2502,-62.80263,0.03579875,0.4669701
Continuous asphalt network,196.7591,-63.54459,0.2863363,0.4669702
Continuous asphalt network,196.1278,-63.48381,0.07158848,0.3807985
Continuous asphalt network,195.8383,-63.40556,0.07158291,0.1284267
Continuous asphalt network,196.3771,-63.33141,0.1431789,0.4668699
Continuous asphalt network,194.7324,-62.99672,0.572717,0
Continuous asphalt network,195.4278,-62.63527,0.1431706,0
Continuous asphalt network,195.7756,-62.45454,0.03579739,0
Continuous asphalt network,195.9464,-62.44579,0.01789609,0.1438138
Continuous asphalt network,195.7696,-62.61776,0.07159147,0
Continuous asphalt network,195.4159,-62.96172,0.2863544,0
Continuous asphalt network,197.2814,-62.58688,2.290796,0.466941
Continuous asphalt network,196.0861,-64.62637,0.03580183,0.4558962
Continuous asphalt network,195.8891,-64.68301,0.03579393,0.07243703
Continuous asphalt network,196.0921,-64.46314,0.07158619,0.341891
Continuous asphalt network,196.3697,-64.86786,0.0715917,0.4668176
Continuous asphalt network,196.054,-64.83749,0.01788969,0.3588668
Continuous asphalt network,195.9093,-64.79834,0.01789407,0.0996145
Continuous asphalt network,196.1786,-64.76128,0.03579346,0.4668195
Continuous asphalt network,195.5533,-64.53728,0.2863334,0.03797221
Continuous asphalt network,196.6308,-64.38902,0.5726907,0.4669564
Continuous asphalt network,196.0362,-65.32715,0.01789271,0.3227649
Continuous asphalt network,196.175,-65.52951,0.01790005,0.4672087
Continuous asphalt network,195.7668,-65.36422,0.07158855,0.0234656
Continuous asphalt network,196.3055,-65.29009,0.1431772,0.4669526
Continuous asphalt network,196.0183,-65.81683,0.01789881,0.292362
Continuous asphalt network,195.8735,-65.77769,0.0179016,0
Continuous asphalt network,196.1429,-65.74062,0.03579444,0.4635723
Continuous asphalt network,195.9601,-66.07581,0.017901,0.1875537
Continuous asphalt network,195.8213,-65.87346,0.01789752,0
Continuous asphalt network,195.6623,-65.55576,0.07159697,0
Continuous asphalt network,195.978,-65.58614,0.01789455,0.2446647
Continuous asphalt network,196.1228,-65.62528,0.01789674,0.4657475
Continuous asphalt network,195.8534,-65.66235,0.03579739,0
Continuous asphalt network,195.3444,-64.92036,0.2863532,0
Continuous asphalt network,195.9959,-65.09648,0.01789606,0.2680914
Continuous asphalt network,195.8571,-64.8941,0.0179016,0
Continuous asphalt network,196.2652,-65.05941,0.0715899,0.4668762
Continuous asphalt network,195.7265,-65.13354,0.1431926,0.01706673
Continuous asphalt network,194.7085,-63.64961,1.145377,0
Continuous asphalt network,196.0898,-63.85815,0.0178938,0.4443412
Continuous asphalt network,195.945,-63.81902,0.01789998,0.2041905
Continuous asphalt network,196.2144,-63.78194,0.03579281,0.4670576
Continuous asphalt network,196.0577,-64.06925,0.03579708,0.3166245
Continuous asphalt network,195.8928,-63.91478,0.01790132,0
Continuous asphalt network,196.0376,-63.95392,0.01789515,0.4451363
Continuous asphalt network,195.7338,-63.59709,0.07158138,0
Continuous asphalt network,196.1219,-63.64704,0.03580087,0.44891
Continuous asphalt network,195.9249,-63.70367,0.03579866,0.1485023
Continuous asphalt network,196.5502,-63.92766,0.2863544,0.4669731
Continuous asphalt network,195.4727,-64.07595,0.5726835,0.02762077
Continuous asphalt network,180.389,-87.47052,36.65272,0
Continuous asphalt network,187.5817,-77.32717,0.2863435,0.06949754
Continuous asphalt network,188.2772,-76.96573,0.2863383,0.2253577
Continuous asphalt network,187.4191,-77.7777,0.5726992,0.02901101
Continuous asphalt network,189.3204,-76.42357,0.2863443,0.2806295
Continuous asphalt network,190.3172,-75.81394,0.1431645,0.2722752
Continuous asphalt network,189.7143,-76.3103,0.1431656,0.3580833
Continuous asphalt network,188.5085,-77.30299,0.1431866,0.2956527
Continuous asphalt network,187.8418,-77.87827,0.0178963,0
Continuous asphalt network,187.6273,-78.08125,0.03578638,0
Continuous asphalt network,188.0564,-77.67526,0.01790192,0.2566932
Continuous asphalt network,187.8825,-77.76563,0.01790139,0
Continuous asphalt network,188.097,-77.56261,0.0358008,0.2355211
Continuous asphalt network,188.7175,-76.91991,0.286337,0.2956646
Continuous asphalt network,185.9581,-79.08604,2.290805,0
Continuous asphalt network,188.8401,-75.89541,0.07158986,0.4278635
Continuous asphalt network,188.8051,-76.18813,0.07158761,0.2956616
Continuous asphalt network,188.6375,-75.77196,0.1431797,0.375137
Continuous asphalt network,189.2979,-75.70323,0.1431726,0.4181115
Continuous asphalt network,189.0252,-76.16521,0.0715872,0.292009
Continuous asphalt network,189.0602,-75.8725,0.07158946,0.4248227
Continuous asphalt network,190.1784,-75.6116,0.2863374,0.4181229
Continuous asphalt network,189.3554,-76.13085,0.1431803,0.2634834
Continuous asphalt network,189.6106,-75.81522,0.1431697,0.418123
Continuous asphalt network,187.7619,-76.73029,0.07158399,0
Continuous asphalt network,187.982,-76.70738,0.07158065,0.2006644
Continuous asphalt network,188.3122,-76.67302,0.1431794,0.3267086
Continuous asphalt network,187.3967,-77.05737,0.2863474,0
Continuous asphalt network,188.3648,-76.23395,0.07158373,0.2956805
Continuous asphalt network,188.3999,-75.94123,0.07158677,0.3881017
Continuous asphalt network,188.5674,-76.3574,0.1431783,0.2956566
Continuous asphalt network,188.0171,-76.41467,0.07158091,0.2006628
Continuous asphalt network,187.797,-76.43758,0.07158425,0
Continuous asphalt network,188.1797,-75.96413,0.07159013,0.3422229
Continuous asphalt network,188.1447,-76.25686,0.07158709,0.2431703
Continuous asphalt network,189.9359,-74.91417,0.2863613,0.4181259
Continuous asphalt network,189.8959,-74.34017,0.07159319,0.4180748
Continuous asphalt network,189.8847,-73.98,0.03579471,0.008721571
Continuous asphalt network,189.9772,-74.11491,0.03579255,0.3803541
Continuous asphalt network,190.0985,-74.46363,0.1431776,0.4181054
Continuous asphalt network,190.3411,-75.16106,0.5726848,0.4181343
Continuous asphalt network,189.1304,-75.28706,0.07158983,0.4180857
Continuous asphalt network,189.1104,-75.00005,0.01790014,0.409842
Continuous asphalt network,189.1279,-74.85371,0.01789683,0.2641627
Continuous asphalt network,189.2117,-75.06179,0.03578901,0.418138
Continuous asphalt network,189.3329,-75.41051,0.1431781,0.4180953
Continuous asphalt network,188.6726,-75.47924,0.1431747,0.3623796
Continuous asphalt network,188.8815,-75.09616,0.03578724,0.2388989
Continuous asphalt network,189.0178,-74.86517,0.0178904,0
Continuous asphalt network,189.0003,-75.01151,0.01789371,0.2605226
Continuous asphalt network,188.9102,-75.30996,0.07159158,0.3473088
Continuous asphalt network,189.5019,-74.45344,0.03578563,0.07021007
Continuous asphalt network,189.5944,-74.58834,0.03579105,0.4180588
Continuous asphalt network,189.328,-74.5438,0.0715872,0.1247701
Continuous asphalt network,189.7108,-74.07036,0.07157855,0.01082049
Continuous asphalt network,189.722,-74.43053,0.03579934,0.4180417
Continuous asphalt network,189.6295,-74.29562,0.03579392,0.07023201
Continuous asphalt network,189.5881,-75.09489,0.1431803,0.418085
Continuous asphalt network,189.3392,-74.90398,0.03580048,0.4181301
Continuous asphalt network,189.2467,-74.76907,0.03579799,0.1743857
Continuous asphalt network,189.5131,-74.81361,0.07158582,0.4181827
Continuous asphalt network,191.8273,-71.8266,0.2863484,0
Continuous asphalt network,192.6503,-71.30735,0.07160196,0.1227054
Continuous asphalt network,192.998,-71.12662,0.07159543,0.4179631
Continuous asphalt network,192.2213,-71.71334,0.1432033,0.1276599
Continuous asphalt network,190.9692,-72.63859,0.5726928,0
Continuous asphalt network,192.4652,-71.03753,0.1431719,0
Continuous asphalt network,192.9693,-70.91282,0.03578989,0.01506506
Continuous asphalt network,193.1894,-70.88989,0.03578371,0.3396078
Continuous asphalt network,192.7316,-71.08208,0.07158191,0.01381313
Continuous asphalt network,191.9899,-71.37606,0.2863522,0
Continuous asphalt network,192.9756,-70.4063,0.1431745,0
Continuous asphalt network,193.2244,-70.59719,0.03578778,0
Continuous asphalt network,193.317,-70.73208,0.03579431,0.3287362
Continuous asphalt network,193.0506,-70.68756,0.07158761,0
Continuous asphalt network,192.6279,-70.58701,0.2863498,0
Continuous asphalt network,194.5417,-68.21983,1.145413,0
Continuous asphalt network,193.915,-69.36906,0.572697,0
Continuous asphalt network,193.6016,-69.94366,0.2863466,7.782524E-05
Continuous asphalt network,193.5375,-70.36588,0.07158861,0.1659887
Continuous asphalt network,193.4793,-70.62486,0.03579106,0.3162465
Continuous asphalt network,193.3867,-70.48997,0.03578526,0.1325682
Continuous asphalt network,193.3002,-70.19184,0.1431772,6.211184E-05
Continuous asphalt network,191.6408,-72.93002,0.5727063,0.4020325
Continuous asphalt network,190.6962,-73.44389,0.07158191,0.3254503
Continuous asphalt network,190.7543,-73.1849,0.03579085,0.1663183
Continuous asphalt network,190.8469,-73.31979,0.03579471,0.41126
Continuous asphalt network,190.3544,-73.4614,0.1431794,0.05226395
Continuous asphalt network,191.2065,-72.81261,0.03579129,0.2744482
Continuous asphalt network,191.0095,-72.86926,0.03579089,0
Continuous asphalt network,191.4094,-72.59277,0.07159193,0.2455884
Continuous asphalt network,191.0759,-73.05204,0.01789882,0.4112988
Continuous asphalt network,190.9312,-73.01292,0.01790221,0.1467561
Continuous asphalt network,191.2006,-72.97584,0.03579129,0.4083365
Continuous asphalt network,191.0439,-73.26315,0.03579674,0.418158
Continuous asphalt network,190.879,-73.1087,0.01789693,0.1588176
Continuous asphalt network,191.0237,-73.14782,0.01789354,0.4181101
Continuous asphalt network,192.4526,-72.05058,1.145423,0.3992697
Continuous asphalt network,191.1185,-73.88772,0.2863494,0.4181335
Continuous asphalt network,190.4872,-73.82697,0.07158801,0.4180897
Continuous asphalt network,190.1716,-73.79659,0.01789741,0.2350213
Continuous asphalt network,190.0268,-73.75745,0.01789901,0
Continuous asphalt network,190.2962,-73.72038,0.03580197,0.211078
Continuous asphalt network,190.7365,-73.67455,0.1431625,0.4181025
Continuous asphalt network,191.617,-73.58291,0.5726883,0.4181306
Continuous asphalt network,190.9902,-74.73215,0.5726984,0.4181368
Continuous asphalt network,190.4231,-74.24918,0.1431772,0.4181031
Continuous asphalt network,190.1395,-74.0077,0.03578999,0.3707904
Continuous asphalt network,189.9746,-73.85322,0.01789659,0
Continuous asphalt network,190.1193,-73.89236,0.017895,0.2350355
Continuous asphalt network,190.3828,-74.01851,0.07157959,0.418033
Continuous asphalt network,190.9096,-74.27081,0.2863608,0.4181378
Continuous asphalt network,187.1969,-79.86045,0.2863369,0
Continuous asphalt network,187.8282,-79.92123,0.07158529,0.025486
Continuous asphalt network,188.1177,-79.9995,0.07159087,0.2889424
Continuous asphalt network,187.5789,-80.07363,0.1431685,0
Continuous asphalt network,186.6984,-80.16526,0.572699,0
Continuous asphalt network,187.3251,-79.01604,0.5726917,0
Continuous asphalt network,187.8662,-79.54691,0.01789761,0
Continuous asphalt network,188.011,-79.58604,0.01790329,0.2457699
Continuous asphalt network,187.7416,-79.62312,0.03579253,0
Continuous asphalt network,187.8983,-79.33581,0.03578551,0.05808234
Continuous asphalt network,188.0632,-79.49026,0.01789908,0.2400773
Continuous asphalt network,187.9184,-79.45113,0.0178934,0.07984896
Continuous asphalt network,188.2222,-79.80797,0.07159114,0.2956566
Continuous asphalt network,187.8341,-79.75801,0.03579189,0.03193437
Continuous asphalt network,188.0311,-79.70138,0.03579497,0.1768448
Continuous asphalt network,187.4058,-79.47739,0.2863285,0
Continuous asphalt network,185.7254,-80.122,2.290815,0
Continuous asphalt network,189.1338,-77.52699,0.5727071,0.2956258
Continuous asphalt network,188.2414,-77.94506,0.1431592,0.2711864
Continuous asphalt network,187.6967,-78.18243,0.07158007,0
Continuous asphalt network,187.975,-77.90053,0.01789557,0.172651
Continuous asphalt network,188.1257,-77.77644,0.01789634,0.2956947
Continuous asphalt network,187.9459,-78.03002,0.0357963,0.09797445
Continuous asphalt network,188.6473,-77.50535,0.2863185,0.2957338
Continuous asphalt network,189.8531,-76.51265,0.2863564,0.2956326
Continuous asphalt network,190.5605,-75.82475,0.1431737,0.5028039
Continuous asphalt network,190.3516,-76.20783,0.1431782,0.2790631
Continuous asphalt network,189.7368,-77.03063,0.5726947,0.2956328
Continuous asphalt network,188.6116,-78.48469,0.286353,0.2956851
Continuous asphalt network,187.934,-78.35645,0.03578972,0.1064293
Continuous asphalt network,188.0989,-78.51093,0.01789896,0.2954939
Continuous asphalt network,187.9542,-78.47179,0.01789776,0.1452229
Continuous asphalt network,187.6908,-78.34564,0.071591,0
Continuous asphalt network,188.2295,-78.27151,0.1431689,0.2607969
Continuous asphalt network,189.11,-78.17987,0.5727264,0.2956204
Continuous asphalt network,188.4833,-79.32912,0.5727205,0.2676786
Continuous asphalt network,187.8699,-78.77869,0.03579318,0.07735079
Continuous asphalt network,188.0668,-78.72205,0.03579424,0.2093116
Continuous asphalt network,187.8639,-78.94192,0.07159899,0.06172417
Continuous asphalt network,187.5863,-78.53719,0.07158948,0
Continuous asphalt network,187.9019,-78.56757,0.01789866,0.0009871335
Continuous asphalt network,188.0467,-78.60671,0.01789985,0.2931337
Continuous asphalt network,187.7773,-78.64378,0.03579414,0
Continuous asphalt network,188.4027,-78.86777,0.2863686,0.2872813
Continuous asphalt network,185.6777,-81.42778,2.290797,0
Continuous asphalt network,187.0686,-80.70488,0.5727054,0
Continuous asphalt network,187.764,-80.34344,0.1431685,0.092773
Continuous asphalt network,188.158,-80.23017,0.1431746,0.2217467
Continuous asphalt network,187.7521,-80.66988,0.2863454,0.07404295
Continuous asphalt network,187.0447,-81.35777,1.14539,0
Continuous asphalt network,185.63,-82.73356,4.58162,0
Continuous asphalt network,178.4135,-93.52979,1.145434,0
Continuous asphalt network,179.6761,-93.65133,0.2863312,0.05324027
Continuous asphalt network,180.4521,-93.75124,0.1431776,0.4433157
Continuous asphalt network,180.1044,-93.93195,0.03580114,0.4281657
Continuous asphalt network,179.9074,-93.98859,0.03578869,0.1056406
Continuous asphalt network,180.1104,-93.76873,0.07158046,0.3429097
Continuous asphalt network,179.1776,-93.95614,0.5727124,0
Continuous asphalt network,177.4165,-94.1394,2.290823,0
Continuous asphalt network,178.67,-91.84093,2.290801,0
Continuous asphalt network,179.7521,-92.90267,0.07158755,0
Continuous asphalt network,180.1401,-92.95261,0.03579672,0.4268793
Continuous asphalt network,179.9431,-93.00925,0.03580025,0.1780855
Continuous asphalt network,179.5029,-93.05508,0.1431596,0
Continuous asphalt network,179.8162,-92.48045,0.143175,0.1071138
Continuous asphalt network,180.1461,-92.78939,0.07158529,0.3820389
Continuous asphalt network,179.8566,-92.71112,0.0715841,0.1472543
Continuous asphalt network,180.464,-93.42478,0.2863664,0.4433014
Continuous asphalt network,179.6879,-93.32489,0.1431738,0.06669863
Continuous asphalt network,180.1081,-93.16373,0.01789634,0.4433306
Continuous asphalt network,179.9633,-93.1246,0.01790182,0.2146249
Continuous asphalt network,180.2327,-93.08752,0.03578641,0.4433716
Continuous asphalt network,180.076,-93.37484,0.03579921,0.3277392
Continuous asphalt network,179.9111,-93.22037,0.01789767,0.02893775
Continuous asphalt network,180.0558,-93.25949,0.01789219,0.4347223
Continuous asphalt network,178.8313,-92.76362,1.145424,0
Continuous asphalt network,175.4704,-94.05286,9.163055,0
Continuous asphalt network,182.183,-89.05438,0.2863811,0
Continuous asphalt network,182.768,-89.04769,0.03579131,0.1060073
Continuous asphalt network,183.1038,-89.19341,0.07158696,0.6269616
Continuous asphalt network,182.5389,-89.31543,0.01789689,0
Continuous asphalt network,182.6837,-89.35456,0.0178941,0.4062282
Continuous asphalt network,182.4143,-89.39164,0.03579956,0
Continuous asphalt network,182.571,-89.10431,0.03579342,0
Continuous asphalt network,182.5912,-89.21967,0.01789938,0
Continuous asphalt network,181.6845,-89.3592,0.5726913,0
Continuous asphalt network,182.3113,-88.20996,0.5727111,0
Continuous asphalt network,182.8784,-88.69293,0.1431562,0
Continuous asphalt network,183.2083,-89.00187,0.07159346,0.5892575
Continuous asphalt network,182.9188,-88.92359,0.07158986,0.1328133
Continuous asphalt network,182.3919,-88.6713,0.2863324,0
Continuous asphalt network,180.7115,-89.31592,2.290797,0
Continuous asphalt network,184.3289,-86.33781,2.29077,0
Continuous asphalt network,183.7022,-87.48706,1.145443,0.04709207
Continuous asphalt network,183.4754,-88.3598,0.03579942,0.03858724
Continuous asphalt network,183.6403,-88.51428,0.0178949,0.6269987
Continuous asphalt network,183.4955,-88.47515,0.01789689,0.2771561
Continuous asphalt network,183.2321,-88.34899,0.07158847,0
Continuous asphalt network,183.797,-88.22696,0.01789976,0.4652636
Continuous asphalt network,183.6522,-88.18781,0.01790005,0
Continuous asphalt network,183.9216,-88.15076,0.03579889,0.4149071
Continuous asphalt network,183.7649,-88.43808,0.03579187,0.626996
Continuous asphalt network,183.6,-88.2836,0.0179005,0.05304606
Continuous asphalt network,183.7448,-88.32275,0.0179002,0.4804098
Continuous asphalt network,183.4575,-88.84946,0.1431775,0.5679857
Continuous asphalt network,183.1276,-88.54053,0.07158019,0
Continuous asphalt network,183.5881,-88.61005,0.01789579,0.6272173
Continuous asphalt network,183.0993,-87.98342,0.5727196,0.03758546
Continuous asphalt network,181.0056,-90.60419,0.07159238,0
Continuous asphalt network,181.3212,-90.63456,0.01789344,0.2008177
Continuous asphalt network,181.466,-90.67371,0.01789513,0.6269825
Continuous asphalt network,181.1966,-90.71076,0.03579579,0.1849238
Continuous asphalt network,180.7563,-90.75661,0.143166,0
Continuous asphalt network,181.0697,-90.18198,0.1431739,0
Continuous asphalt network,181.3533,-90.42345,0.03579053,0
Continuous asphalt network,181.5182,-90.57794,0.01790017,0.5801803
Continuous asphalt network,181.3734,-90.5388,0.01789848,0.09875625
Continuous asphalt network,181.11,-90.41265,0.07157568,0
Continuous asphalt network,181.7175,-91.12632,0.2863677,0.6268964
Continuous asphalt network,181.0138,-91.04597,0.01789579,0.4581348
Continuous asphalt network,181.1324,-91.133,0.03579336,0.6268157
Continuous asphalt network,180.7967,-90.98727,0.071578,0.02161633
Continuous asphalt network,181.3615,-90.86526,0.01789561,0.6269591
Continuous asphalt network,181.4861,-90.78904,0.03580154,0.6269557
Continuous asphalt network,181.3295,-91.07636,0.03579645,0.6268066
Continuous asphalt network,181.3093,-90.96103,0.0178983,0.6269996
Continuous asphalt network,180.0847,-90.46516,1.145428,0
Continuous asphalt network,182.1995,-89.93792,0.07158585,0.484113
Continuous asphalt network,182.3502,-89.81384,0.03578572,0.6166727
Continuous asphalt network,182.4368,-90.11197,0.143183,0.6268635
Continuous asphalt network,181.7652,-89.82053,0.2863186,0.03858329
Continuous asphalt network,182.8949,-89.57648,0.07158569,0.626867
Continuous asphalt network,182.5793,-89.54609,0.01789778,0.6133181
Continuous asphalt network,182.4345,-89.50698,0.0178943,0.209923
Continuous asphalt network,182.7039,-89.4699,0.03579045,0.6072176
Continuous asphalt network,183.1441,-89.42407,0.1431775,0.6268405
Continuous asphalt network,182.8308,-89.99869,0.1431882,0.6268458
Continuous asphalt network,182.5472,-89.7572,0.03579247,0.6268545
Continuous asphalt network,182.527,-89.64187,0.01789938,0.627063
Continuous asphalt network,182.7905,-89.76801,0.07158493,0.6269695
Continuous asphalt network,182.2159,-90.82151,0.5727353,0.6268921
Continuous asphalt network,181.5302,-90.25149,0.0179002,0
Continuous asphalt network,181.8256,-90.16653,0.01789475,0.3119267
Continuous asphalt network,181.6428,-90.50173,0.03579412,0.5508981
Continuous asphalt network,181.4779,-90.34727,0.01789734,0
Continuous asphalt network,181.6227,-90.38639,0.01789505,0.346972
Continuous asphalt network,181.4637,-90.0687,0.143175,0.03079121
Continuous asphalt network,182.1353,-90.36014,0.2863612,0.6269181
Continuous asphalt network,180.946,-92.23641,0.07158091,0.4432525
Continuous asphalt network,181.0042,-91.97742,0.0357987,0.6388656
Continuous asphalt network,181.0967,-92.11233,0.03578886,0.4431969
Continuous asphalt network,181.1833,-92.41044,0.1431786,0.4432918
Continuous asphalt network,180.4594,-92.21478,0.07158981,0.4380918
Continuous asphalt network,180.1438,-92.18441,0.01789542,0.443258
Continuous asphalt network,180.2684,-92.10819,0.03578793,0.4237083
Continuous asphalt network,180.7609,-91.96659,0.07159959,0.4672621
Continuous asphalt network,180.6564,-92.15814,0.07159386,0.4574839
Continuous asphalt network,181.6937,-91.77921,0.2863318,0.5865761
Continuous asphalt network,181.5773,-92.29717,0.1431826,0.4433386
Continuous asphalt network,181.2937,-92.05569,0.03578684,0.3624499
Continuous asphalt network,181.2012,-91.92078,0.03579667,0.6052014
Continuous asphalt network,181.537,-92.0665,0.07158822,0.4953831
Continuous asphalt network,180.9625,-93.11997,0.572716,0.4433062
Continuous asphalt network,180.3953,-92.63699,0.1431685,0.4433773
Continuous asphalt network,180.1117,-92.39548,0.03579484,0.3858085
Continuous asphalt network,179.9468,-92.24103,0.01789345,0.1376569
Continuous asphalt network,180.0916,-92.28016,0.01789694,0.4285655
Continuous asphalt network,180.355,-92.40631,0.07158649,0.4433444
Continuous asphalt network,180.8818,-92.65862,0.2863409,0.4433082
Continuous asphalt network,179.6669,-91.23132,1.145402,0
Continuous asphalt network,181.022,-91.48775,0.1431682,0.6268987
Continuous asphalt network,180.7646,-91.19837,0.0179008,0.2653027
Continuous asphalt network,180.6459,-91.11135,0.03578951,0.01725007
Continuous asphalt network,180.9817,-91.25708,0.07159425,0.6268918
Continuous asphalt network,181.5086,-91.5094,0.286346,0.6269286
Continuous asphalt network,180.4251,-91.82087,0.03579255,0.6271657
Continuous asphalt network,180.2602,-91.6664,0.01789231,0.1727826
Continuous asphalt network,180.405,-91.70553,0.01789878,0.6158478
Continuous asphalt network,180.6684,-91.83169,0.07158251,0.6270931
Continuous asphalt network,180.2483,-91.99286,0.01789895,0.5567891
Continuous asphalt network,180.005,-91.98206,0.01790099,0.2505481
Continuous asphalt network,180.1356,-91.74261,0.03579132,0.1256708
Continuous asphalt network,180.3005,-91.89707,0.01789557,0.6271677
Continuous asphalt network,180.4169,-91.3791,0.01789574,0
Continuous asphalt network,180.2922,-91.4553,0.03579466,0
Continuous asphalt network,180.4489,-91.16799,0.03578642,0
Continuous asphalt network,180.4691,-91.28333,0.01789861,0
Continuous asphalt network,180.7728,-91.64016,0.07158569,0.6269276
Continuous asphalt network,180.4572,-91.60977,0.0178993,0.5522805
Continuous asphalt network,180.3124,-91.57064,0.01789282,0
Continuous asphalt network,180.5818,-91.53358,0.03579763,0.4950982
Continuous asphalt network,175.3751,-96.66442,9.163287,0
Continuous asphalt network,178.1569,-95.21864,2.290751,0
Continuous asphalt network,179.7448,-94.43911,0.1431764,0.03475612
Continuous asphalt network,180.0544,-94.63272,0.01789705,0.3414365
Continuous asphalt network,180.1933,-94.83506,0.01789797,0.4432763
Continuous asphalt network,179.7851,-94.66978,0.07159193,0.0477787
Continuous asphalt network,179.2582,-94.41748,0.2863449,0
Continuous asphalt network,180.388,-94.17344,0.07158048,0.4433763
Continuous asphalt network,180.0723,-94.14307,0.01789618,0.3802001
Continuous asphalt network,179.9276,-94.10392,0.0178904,0.1452361
Continuous asphalt network,180.1969,-94.06687,0.03579761,0.4432794
Continuous asphalt network,180.6372,-94.02103,0.1431763,0.4433203
Continuous asphalt network,180.3238,-94.59565,0.1431698,0.4432777
Continuous asphalt network,180.0403,-94.35416,0.03579253,0.2765124
Continuous asphalt network,179.8754,-94.19968,0.01789371,0
Continuous asphalt network,180.0201,-94.23883,0.01789949,0.3868284
Continuous asphalt network,180.2835,-94.36498,0.0715773,0.4433215
Continuous asphalt network,179.6165,-95.28355,0.1431865,0
Continuous asphalt network,180.0366,-95.1224,0.01789433,0.3072891
Continuous asphalt network,179.8918,-95.08325,0.01790031,0.04556645
Continuous asphalt network,180.1612,-95.04618,0.03579122,0.4433991
Continuous asphalt network,179.9784,-95.38139,0.01790099,0.2336648
Continuous asphalt network,179.8396,-95.17902,0.01789993,0
Continuous asphalt network,179.6046,-95.60999,0.2863219,0
Continuous asphalt network,179.0493,-94.80057,0.2863426,0
Continuous asphalt network,179.6806,-94.86132,0.07158633,0
Continuous asphalt network,179.9963,-94.8917,0.01789799,0.2549133
Continuous asphalt network,180.141,-94.93085,0.01790536,0.4433001
Continuous asphalt network,179.8716,-94.9679,0.03579416,0.033145
Continuous asphalt network,179.4314,-95.01373,0.1431627,0
Continuous asphalt network,178.1092,-96.52441,4.581635,0
Continuous asphalt network,176.1365,-99.83724,0.1431735,0.04976308
Continuous asphalt network,175.6903,-100.0463,0.07158838,0.353377
Continuous asphalt network,175.7947,-99.85474,0.07158355,0.03619742
Continuous asphalt network,176.1484,-99.5108,0.2863519,0
Continuous asphalt network,176.5588,-100.2811,0.07158245,0.5497914
Continuous asphalt network,176.5909,-100.07,0.01790183,0.5497285
Continuous asphalt network,176.6432,-99.97421,0.01789979,0.1497938
Continuous asphalt network,176.7096,-100.157,0.03579785,0.5497938
Continuous asphalt network,176.7961,-100.4551,0.1431826,0.5496466
Continuous asphalt network,175.9276,-100.2203,0.1431626,0.5496761
Continuous asphalt network,176.2753,-100.0396,0.03579693,0.365897
Continuous asphalt network,176.4984,-99.93507,0.01789621,0.01181309
Continuous asphalt network,176.4462,-100.0308,0.01789824,0.497796
Continuous asphalt network,176.2693,-100.2028,0.07158225,0.5497238
Continuous asphalt network,174.8739,-99.7157,0.1431717,0
Continuous asphalt network,175.1575,-99.95718,0.03579251,0.1531978
Continuous asphalt network,175.25,-100.0921,0.0357946,0.5374693
Continuous asphalt network,174.9142,-99.94637,0.07158762,0.1919505
Continuous asphalt network,174.3873,-99.69405,0.2863406,0
Continuous asphalt network,175.5693,-99.35426,0.2863535,0
Continuous asphalt network,175.5052,-99.77647,0.07157557,0
Continuous asphalt network,175.447,-100.0354,0.03578891,0.4690776
Continuous asphalt network,175.3544,-99.90054,0.03578683,0
Continuous asphalt network,175.2679,-99.60244,0.1431718,0
Continuous asphalt network,177.4348,-98.97943,1.145392,0
Continuous asphalt network,177.208,-99.85217,0.03579168,0
Continuous asphalt network,177.2282,-99.96751,0.01789866,0.1651234
Continuous asphalt network,176.9648,-99.84135,0.07158795,0
Continuous asphalt network,177.5557,-99.67147,0.07160188,0
Continuous asphalt network,177.5237,-99.88257,0.01789447,0
Continuous asphalt network,177.405,-99.79554,0.03579362,0
Continuous asphalt network,177.1901,-100.3418,0.1431692,0.5496821
Continuous asphalt network,176.9066,-100.1003,0.03579265,0.5258127
Continuous asphalt network,176.814,-99.96545,0.03579442,0.2114943
Continuous asphalt network,177.1499,-100.1112,0.07158589,0.4961866
Continuous asphalt network,176.8319,-99.47578,0.572689,0
Continuous asphalt network,175.9724,-101.661,2.290696,0.5497415
Continuous asphalt network,174.8381,-100.695,0.5726922,0.5497185
Continuous asphalt network,174.271,-100.2121,0.1431884,0.5311915
Continuous asphalt network,174.0135,-99.92267,0.01789599,0
Continuous asphalt network,173.9613,-100.0184,0.01789765,0.4622028
Continuous asphalt network,173.8949,-99.83566,0.03579697,0
Continuous asphalt network,174.3292,-99.95304,0.03579104,0.1687033
Continuous asphalt network,174.1061,-100.0576,0.01789795,0.5050973
Continuous asphalt network,174.1583,-99.96179,0.01789629,0.1227036
Continuous asphalt network,174.7575,-100.2337,0.2863699,0.5088547
Continuous asphalt network,175.8112,-100.7383,1.145402,0.549715
Continuous asphalt network,174.5395,-98.19675,9.163128,0
Continuous asphalt network,168.5857,16.63203,66.79073,0.0426823
Continuous asphalt network,181.1843,8.678508,21.60426,0.07634933
Continuous asphalt network,186.2127,13.9532,5.401176,0.07086027
Continuous asphalt network,188.8846,16.2786,5.401227,0.0830799
Continuous asphalt network,185.5075,11.54264,10.80204,0.0780842
Continuous asphalt network,180.7945,5.644002,21.60464,0.07986263
Continuous asphalt network,179.3841,0.8228557,10.80211,0.09295145
Continuous asphalt network,178.1226,3.318593,10.80229,0.07483771
Continuous asphalt network,141.9669,4.427912,39.10696,0.03319471
Continuous asphalt network,137.9412,-5.708807,19.55341,0.04533226
Continuous asphalt network,139.0444,1.386332,19.55337,0.04096774
Continuous asphalt network,132.7299,-15.59253,19.55346,0.04437337
Continuous asphalt network,128.98,-23.95547,4.888359,0.03171472
Continuous asphalt network,126.6707,-28.9606,2.444153,0.009346773
Continuous asphalt network,127.8151,-25.53952,2.444167,0.02638524
Continuous asphalt network,129.5316,-20.4079,1.222075,0.03085922
Continuous asphalt network,130.1037,-18.69736,1.222053,0.04326561
Continuous asphalt network,129.8382,-21.38967,2.444169,0.02461743
Continuous asphalt network,130.9723,-17.05007,4.888276,0.05703959
Continuous asphalt network,134.4258,-8.623886,19.55346,0.05118315
Continuous asphalt network,137.2661,1.765828,9.776793,0.04355335
Continuous asphalt network,136.1629,-5.32931,9.776814,0.04770592
Continuous asphalt network,102.2304,27.51748,11.08374,0
Continuous asphalt network,106.0099,24.61588,1.385431,0.04513587
Continuous asphalt network,105.097,26.17199,0.6927021,0
Continuous asphalt network,105.9039,25.47109,0.692731,0.03911752
Continuous asphalt network,107.3689,23.81693,2.770838,0.0586433
Continuous asphalt network,104.0987,25.51286,2.770931,0
Continuous asphalt network,104.6081,24.3072,2.770891,0.04209081
Continuous asphalt network,99.42686,26.90011,22.16746,0
Continuous asphalt network,110.2987,20.50861,11.08352,0.04840897
Continuous asphalt network,115.4372,16.80808,5.541574,0.03557301
Continuous asphalt network,111.615,18.60207,5.541609,0.04507544
Continuous asphalt network,103.9705,22.19004,5.541643,0.04014761
Continuous asphalt network,100.1482,23.984,5.541657,0
Continuous asphalt network,105.3722,22.49871,5.541871,0.04346414
Continuous asphalt network,107.5808,22.10651,5.541758,0.05338226
Continuous asphalt network,55.51937,-36.99683,22.84525,0.0112391
Continuous asphalt network,-50.93464,165.5366,68.46098,0
Continuous asphalt network,-33.17688,158.3279,34.23014,0
Continuous asphalt network,-45.16946,161.4828,34.23021,0
Continuous asphalt network,-15.53466,149.8811,34.23014,0
Continuous asphalt network,2.16534,142.0534,17.1154,0
Continuous asphalt network,-9.711689,146.4464,17.11544,0
Continuous asphalt network,-27.46948,153.6551,34.23017,0
Continuous asphalt network,-45.3428,159.6255,17.11475,0
Continuous asphalt network,-33.35022,156.4707,17.11471,0
Continuous asphalt network,19.74979,132.9875,34.22985,0
Continuous asphalt network,37.44981,125.1598,17.11522,0
Continuous asphalt network,25.57277,129.5528,17.11522,0
Continuous asphalt network,55.09204,116.7129,17.11448,0
Continuous asphalt network,69.82278,109.9835,4.278747,0
Continuous asphalt network,77.18816,106.6188,1.06966,0.02170377
Continuous asphalt network,81.60596,104.5844,0.5348102,0.002839818
Continuous asphalt network,78.65113,105.8375,0.5348173,0.02240985
Continuous asphalt network,72.7487,108.4209,2.139305,0
Continuous asphalt network,60.94389,113.5878,8.557501,0
Continuous asphalt network,43.24389,121.4155,17.11446,0
Continuous asphalt network,25.48611,128.6242,8.557177,0
Continuous asphalt network,37.36316,124.2311,8.557177,0
Continuous asphalt network,7.843878,137.071,34.22974,0
Continuous asphalt network,-9.942788,143.9701,17.11481,0
Continuous asphalt network,1.992021,140.1962,17.1148,0
Continuous asphalt network,-27.67169,151.4883,17.11497,0
Continuous asphalt network,-45.42946,158.6969,8.557655,0
Continuous asphalt network,-33.55243,154.3039,8.557671,0
Continuous asphalt network,-15.76576,147.4048,17.115,0
Continuous asphalt network,2.078676,141.1248,8.557255,0
Continuous asphalt network,-9.856133,144.8987,8.557262,0
Continuous asphalt network,-109.7071,121.8137,6.287415,0
Continuous asphalt network,-114.9723,114.337,6.287378,0
Continuous asphalt network,-107.4712,126.05,12.57386,0
Continuous asphalt network,-100.3668,138.261,6.286782,0
Continuous asphalt network,-95.49835,146.2357,6.286756,0
Continuous asphalt network,-102.4043,133.7757,12.57393,0
Continuous asphalt network,-114.3771,113.5901,12.57395,0
Continuous asphalt network,-109.1119,121.0668,12.57402,0
Continuous asphalt network,-116.2162,108.8558,25.14829,0
Continuous asphalt network,-127.1971,87.42532,6.287393,0
Continuous asphalt network,-122.3286,95.39996,6.287377,0
Continuous asphalt network,-129.2345,82.94001,12.57413,0
Continuous asphalt network,-135.7437,69.98212,6.287275,0
Continuous asphalt network,-140.2154,61.50952,6.287266,0
Continuous asphalt network,-133.9046,74.7164,12.57414,0
Continuous asphalt network,-122.9238,96.14691,12.57383,0
Continuous asphalt network,-127.7922,88.17227,12.57386,0
Continuous asphalt network,-121.2831,101.1302,25.14821,0
Continuous asphalt network,-101.7556,140.0039,12.57429,0
Continuous asphalt network,-96.09353,146.9826,12.5743,0
Continuous asphalt network,-103.793,135.5186,25.14845,0
Continuous asphalt network,-110.699,123.0586,12.57377,0
Continuous asphalt network,-115.5675,115.084,12.57374,0
Continuous asphalt network,-109.0583,128.0419,25.14831,0
Continuous asphalt network,-97.28387,148.4765,25.14804,0
Continuous asphalt network,-102.9459,141.4977,25.14802,0
Continuous asphalt network,-96.03998,153.9577,50.29648,0
Continuous asphalt network,88.34518,106.7071,16.43818,0.03451383
Continuous asphalt network,88.82983,103.2948,16.43828,0.04283836
Continuous asphalt network,92.78184,113.1562,16.43837,0.04340983
Continuous asphalt network,91.73415,105.4581,8.219172,0.04251472
Continuous asphalt network,91.2495,108.8704,8.219131,0.03832423
Continuous asphalt network,258.8956,61.34897,7.008532,0.2849744
Continuous asphalt network,261.5333,61.86015,7.008363,0.2578747
Continuous asphalt network,268.2197,45.354,2.822532,0.3239315
Continuous asphalt network,267.8145,43.65155,2.822538,0.2996238
Continuous asphalt network,267.162,47.10147,5.645046,0.3254299
Continuous asphalt network,270.943,44.41276,5.644951,0.2925354
Continuous asphalt network,269.0748,42.75533,2.822412,0.2973318
Continuous asphalt network,269.48,44.45778,2.822406,0.3217168
Continuous asphalt network,274.3076,41.52245,1.411248,0.3212242
Continuous asphalt network,273.8801,42.8218,1.411285,0.3071237
Continuous asphalt network,275.4556,41.70149,0.7056312,0.3309847
Continuous asphalt network,276.2939,41.35414,0.3527812,0.02702953
Continuous asphalt network,275.8522,41.04619,0.04411948,0.3309308
Continuous asphalt network,276.0098,40.93416,0.04411577,0.1160689
Continuous asphalt network,275.7228,40.88939,0.08821686,0.3310776
Continuous asphalt network,275.8748,41.52782,0.08821136,0.2917351
Continuous asphalt network,276.0604,41.14699,0.04409955,0.08241933
Continuous asphalt network,275.9029,41.25902,0.04410326,0.310176
Continuous asphalt network,274.9378,41.07433,1.411282,0.3309815
Continuous asphalt network,278.2914,39.68493,2.822565,0.01699148
Continuous asphalt network,276.7215,40.05481,1.411186,0.02683154
Continuous asphalt network,275.2585,40.09984,0.705617,0.3309879
Continuous asphalt network,276.1687,40.63453,0.08821376,0.03692165
Continuous asphalt network,275.8029,40.64576,0.04409067,0.331035
Continuous asphalt network,276.0111,40.74654,0.04409679,0.1563444
Continuous asphalt network,276.4543,40.86689,0.1763979,0.01656509
Continuous asphalt network,275.9633,40.15854,0.04409911,0.2640714
Continuous asphalt network,276.1715,40.25931,0.04409417,0.01656837
Continuous asphalt network,275.9126,39.94574,0.0881894,0.2182922
Continuous asphalt network,275.7523,40.43297,0.08820248,0.3309951
Continuous asphalt network,276.118,40.42172,0.04409878,0.03708094
Continuous asphalt network,275.9098,40.32094,0.04410372,0.2731604
Continuous asphalt network,272.6309,42.21716,2.822526,0.2976618
Continuous asphalt network,273.5817,40.79451,1.41127,0.3327184
Continuous asphalt network,272.5352,41.04109,1.411198,0.3015828
Continuous asphalt network,270.7516,42.06063,5.644981,0.2976618
Continuous asphalt network,295.5318,11.00124,12.49105,0.06234529
Continuous asphalt network,295.5765,13.64011,12.49035,0
Continuous asphalt network,301.8294,10.19824,12.49104,0.02959589
Continuous asphalt network,297.0838,9.481064,1.561365,0.06371929
Continuous asphalt network,298.126,8.907394,1.561365,0.04559116
Continuous asphalt network,295.4983,9.022075,3.122758,0.06295643
Continuous asphalt network,298.6918,11.25947,3.12273,0.0289794
Continuous asphalt network,299.1905,9.653178,1.561353,0.04558829
Continuous asphalt network,298.1483,10.22685,1.561353,0.06371672
Continuous asphalt network,307.0401,7.330048,6.24538,0.02040069
Continuous asphalt network,310.1778,6.268835,3.122714,0
Continuous asphalt network,308.0711,6.09669,3.122715,0.0207864
Continuous asphalt network,314.3464,3.974289,6.245372,0.003293392
Continuous asphalt network,311.2032,4.705622,3.122702,0.001898102
Continuous asphalt network,308.0544,5.107117,1.561329,0.02078646
Continuous asphalt network,310.161,5.279261,1.561329,0
Continuous asphalt network,303.869,6.412109,3.122678,0.04062493
Continuous asphalt network,301.7735,6.899679,3.122678,0.02061694
Continuous asphalt network,304.9391,7.487752,6.24532,0.02055302
Continuous asphalt network,298.6303,7.631007,3.122583,0.04559191
Continuous asphalt network,295.4815,8.032486,1.561357,0.03272629
Continuous asphalt network,297.5881,8.20464,1.561342,0.04558994
Continuous asphalt network,301.7959,8.21909,6.245225,0.03297229
Continuous asphalt network,320.5881,-0.1272583,12.49102,0.01769213
Continuous asphalt network,326.8522,-2.909378,6.24527,0.000723914
Continuous asphalt network,322.6613,-1.93425,6.245298,0.01239414
Continuous asphalt network,335.1894,-7.498489,12.49017,0.005689042
Continuous asphalt network,328.9197,-5.046209,6.245145,0.004884338
Continuous asphalt network,322.6445,-2.923803,3.122625,0.01253826
Continuous asphalt network,326.8354,-3.898931,3.122611,0.000846795
Continuous asphalt network,316.3916,0.5180003,12.49085,0.01392212
Continuous asphalt network,311.1557,1.901835,3.122735,0.01754917
Continuous asphalt network,308.5377,2.59377,0.7806805,0.03146338
Continuous asphalt network,307.4928,3.002482,0.780669,0.03090835
Continuous asphalt network,310.1163,2.640416,1.561361,0.01754737
Continuous asphalt network,314.3129,1.995143,6.245439,0.01755714
Continuous asphalt network,304.886,4.354116,3.122736,0.03573277
Continuous asphalt network,302.2681,5.046026,0.7806662,0.03204501
Continuous asphalt network,301.2231,5.454727,0.7806961,0.05937485
Continuous asphalt network,303.8466,5.092682,1.561333,0.03204622
Continuous asphalt network,298.6107,6.476527,1.561413,0.04558774
Continuous asphalt network,295.9956,7.333364,0.3903119,0.03769999
Continuous asphalt network,294.9507,7.742045,0.3903359,0.1365154
Continuous asphalt network,297.5686,7.050171,0.7806241,0.04559251
Continuous asphalt network,300.709,6.153885,1.561405,0.03447957
Continuous asphalt network,303.855,5.587469,0.780685,0.03204601
Continuous asphalt network,301.754,5.745168,0.7806925,0.01444164
Continuous asphalt network,307.5193,4.569315,1.561224,0.02149339
Continuous asphalt network,306.4604,4.153387,1.56139,0.05440159
Continuous asphalt network,310.1386,3.959839,1.561333,0.008111534
Continuous asphalt network,307.5026,3.579747,0.7807355,0.08365982
Continuous asphalt network,308.5615,3.995677,0.7806292,0.01323799
Continuous asphalt network,314.3296,2.984721,3.122651,0.0175556
Continuous asphalt network,310.1247,3.135203,0.7806722,0.01755149
Continuous asphalt network,307.497,3.249878,0.3903387,0.06828711
Continuous asphalt network,308.5503,3.335953,0.3903323,0.03092989
Continuous asphalt network,311.1808,3.3862,1.561333,0.01754765
Continuous asphalt network,263.9505,-53.24226,0.03227724,0.07732398
Continuous asphalt network,262.7919,-52.96151,0.0161324,0.07743063
Continuous asphalt network,320.8302,-113.1543,9.498735,0.1738557
Continuous asphalt network,323.4259,-109.4405,2.374668,0.1745041
Continuous asphalt network,325.0333,-107.2423,1.187348,0.1644055
Continuous asphalt network,324.2952,-108.9083,1.187355,0.1418623
Continuous asphalt network,322.5689,-112.0898,4.749287,0.1738562
Continuous asphalt network,327.7602,-104.6623,4.749168,0.1487234
Continuous asphalt network,330.2964,-101.4402,0.5936784,0.1695696
Continuous asphalt network,331.1001,-100.3411,0.2968466,0.1892987
Continuous asphalt network,330.731,-101.1741,0.2968423,0.2042503
Continuous asphalt network,332.3384,-98.97589,0.5937215,0.2096208
Continuous asphalt network,331.1657,-100.908,0.296855,0.1251591
Continuous asphalt network,331.5347,-100.075,0.2968656,0.2185443
Continuous asphalt network,329.2487,-103.4474,2.37466,0.1741601
Continuous asphalt network,324.6766,-110.1924,1.187326,0.1661896
Continuous asphalt network,326.0995,-108.4107,0.2967963,0.1668979
Continuous asphalt network,326.9657,-107.3492,0.1484113,0.1461255
Continuous asphalt network,326.4716,-108.107,0.1484066,0.1164281
Continuous asphalt network,325.4208,-109.585,0.5936103,0.1636826
Continuous asphalt network,323.3193,-112.5409,2.374605,0.1665105
Continuous asphalt network,326.6531,-107.1612,0.5936381,0.1461055
Continuous asphalt network,326.0042,-108.0897,0.2968509,0.190773
Continuous asphalt network,326.0636,-107.598,0.2968165,0.1461
Continuous asphalt network,326.4624,-106.5192,1.187281,0.1480725
Continuous asphalt network,324.7955,-109.209,1.18741,0.1636895
Continuous asphalt network,325.5931,-107.0514,0.5937564,0.1286531
Continuous asphalt network,325.5039,-107.7889,0.2968267,0.1196878
Continuous asphalt network,325.4444,-108.2806,0.2968611,0.1643454
Continuous asphalt network,315.3418,-123.0402,1.187375,0.2700304
Continuous asphalt network,315.0829,-124.0713,0.1484247,0.2522271
Continuous asphalt network,315.3033,-124.4675,0.14843,0.2791476
Continuous asphalt network,314.6928,-123.9686,0.2968382,0.2751696
Continuous asphalt network,315.5324,-123.6822,0.2967991,0.2706417
Continuous asphalt network,315.5832,-124.372,0.1484194,0.2792404
Continuous asphalt network,315.3628,-123.9758,0.1484141,0.2523255
Continuous asphalt network,316.8897,-121.3337,1.187327,0.169411
Continuous asphalt network,316.2767,-123.0748,0.2967963,0.1977074
Continuous asphalt network,315.8779,-124.1536,0.1484296,0.3302626
Continuous asphalt network,315.9373,-123.6619,0.1483924,0.2114103
Continuous asphalt network,316.2111,-122.508,0.5936733,0.1794999
Continuous asphalt network,318.3782,-120.1188,4.749547,0.1657739
Continuous asphalt network,313.437,-127.6967,2.374726,0.3293675
Continuous asphalt network,311.5857,-130.8031,0.5936492,0.329389
Continuous asphalt network,310.5974,-132.3187,0.5936275,0.3178655
Continuous asphalt network,311.8296,-129.8949,1.187378,0.3293681
Continuous asphalt network,314.4847,-125.6895,1.18734,0.2918132
Continuous asphalt network,314.6036,-124.7061,1.187338,0.2787377
Continuous asphalt network,312.9367,-127.396,1.187348,0.2973959
Continuous asphalt network,313.6749,-125.73,1.187345,0.3068746
Continuous asphalt network,319.2352,-117.4695,4.749374,0.1587866
Continuous asphalt network,320.0327,-115.3119,2.374654,0.1791715
Continuous asphalt network,318.9937,-116.1377,0.1484046,0.1228895
Continuous asphalt network,318.7733,-115.7415,0.1484188,0.1738212
Continuous asphalt network,319.3838,-116.2404,0.2968178,0.1702953
Continuous asphalt network,318.5442,-116.5268,0.2968126,0.1694148
Continuous asphalt network,318.4934,-115.837,0.1484379,0.2012653
Continuous asphalt network,318.7139,-116.2332,0.1484238,0.1651679
Continuous asphalt network,318.9727,-115.2021,1.187392,0.1492212
Continuous asphalt network,316.7584,-120.2,2.374637,0.1694171
Continuous asphalt network,315.5201,-121.5652,2.374782,0.28135
Continuous asphalt network,317.3653,-117.4003,1.187322,0.1694189
Continuous asphalt network,318.1331,-115.4885,0.1484046,0.1738894
Continuous asphalt network,317.7312,-116.0381,0.0742197,0.2012688
Continuous asphalt network,317.9157,-115.6216,0.07421986,0.1738592
Continuous asphalt network,318.3473,-114.8262,0.2967934,0.1738904
Continuous asphalt network,317.9189,-116.1509,0.1484323,0.1713498
Continuous asphalt network,318.2284,-115.8095,0.148428,0.1326672
Continuous asphalt network,318.0142,-116.4719,0.2968239,0.169418
Continuous asphalt network,317.4965,-118.534,2.374684,0.1694139
Continuous asphalt network,328.2952,-100.2373,2.374701,0.1894487
Continuous asphalt network,329.4742,-99.36371,1.187354,0.2068545
Continuous asphalt network,329.3553,-100.347,1.187361,0.2221405
Continuous asphalt network,331.1534,-98.79092,1.187311,0.211306
Continuous asphalt network,332.2728,-98.40903,1.187268,0.1732519
Continuous asphalt network,330.4153,-100.4568,1.187361,0.180488
Continuous asphalt network,330.5342,-99.47351,1.187305,0.212242
Continuous asphalt network,327.4977,-102.3949,9.498652,0.1978065
Continuous asphalt network,329.3306,-96.11295,4.749403,0.2103988
Continuous asphalt network,331.3911,-96.82421,1.18729,0.2113237
Continuous asphalt network,332.3917,-97.42569,1.187338,0.173209
Continuous asphalt network,330.772,-97.50684,2.374725,0.2112885
Continuous asphalt network,328.0922,-97.47817,9.498879,0.2109196
Continuous asphalt network,323.7231,-106.9822,1.187365,0.1354467
Continuous asphalt network,324.8426,-106.6003,1.187407,0.1954059
Continuous asphalt network,323.0445,-108.1564,2.374776,0.1290233
Continuous asphalt network,323.9609,-105.0155,1.18736,0.1514387
Continuous asphalt network,324.9615,-105.617,1.18743,0.1953998
Continuous asphalt network,323.3417,-105.6981,2.37471,0.1401242
Continuous asphalt network,320.5677,-110.8869,4.749452,0.1307709
Continuous asphalt network,322.0439,-107.555,4.749452,0.1340302
Continuous asphalt network,325.556,-100.7002,1.187464,0.1892081
Continuous asphalt network,325.6749,-99.71691,1.187396,0.2140895
Continuous asphalt network,324.3176,-102.0655,0.5936783,0.1943642
Continuous asphalt network,323.6984,-102.7481,0.593679,0.1156906
Continuous asphalt network,324.621,-100.6656,0.2968283,0.1954207
Continuous asphalt network,324.99,-99.83265,0.2968309,0.1826797
Continuous asphalt network,324.6866,-101.2325,0.5936742,0.1953994
Continuous asphalt network,326.4724,-97.5593,4.74962,0.2113742
Continuous asphalt network,325.3181,-102.6669,1.187373,0.1954029
Continuous asphalt network,324.1689,-103.2946,0.296835,0.1873505
Continuous asphalt network,323.6092,-103.4856,0.2968029,0.1248636
Continuous asphalt network,324.5083,-102.7075,0.5936378,0.1908102
Continuous asphalt network,325.9969,-101.4927,2.374771,0.1940181
Continuous asphalt network,325.0804,-104.6336,1.187422,0.1954021
Continuous asphalt network,323.7999,-104.1276,0.5936408,0.1415163
Continuous asphalt network,324.3596,-103.9367,0.5937078,0.1827839
Continuous asphalt network,325.6996,-103.951,2.374855,0.1953998
Continuous asphalt network,277.7954,-173.3554,5.460146,0.07451352
Continuous asphalt network,276.1005,-174.7959,5.460101,0.05560051
Continuous asphalt network,273.5581,-176.9565,10.92016,0.03772152
Continuous asphalt network,279.4394,-168.3788,5.460149,0.05522736
Continuous asphalt network,281.5326,-164.8102,1.365045,0.04550637
Continuous asphalt network,282.7089,-163.0947,1.365045,0.04767528
Continuous asphalt network,281.4631,-165.9431,2.730052,0.05498897
Continuous asphalt network,278.3581,-170.7296,2.73007,0.08204964
Continuous asphalt network,278.548,-172,2.730049,0.06806393
Continuous asphalt network,280.4767,-168.9291,2.730131,0.08205091
Continuous asphalt network,280.0785,-171.0573,0.6824793,0.08205359
Continuous asphalt network,279.7497,-172.0526,0.6824901,0.0884402
Continuous asphalt network,279.7242,-170.2845,1.365066,0.0820509
Continuous asphalt network,273.0904,-180.2176,10.9203,0.03329022
Continuous asphalt network,274.5074,-183.3086,5.460123,0.03807721
Continuous asphalt network,272.4328,-182.2082,5.460031,0.03491102
Continuous asphalt network,276.4802,-177.3367,5.460147,0.04770011
Continuous asphalt network,278.1751,-175.8963,5.460193,0.06677323
Continuous asphalt network,276.2024,-181.8682,5.46009,0.04940226
Continuous asphalt network,275.8226,-179.3273,5.460195,0.05279062
Continuous asphalt network,278.2677,-191.825,27.94026,0.05467694
Continuous asphalt network,273.5457,-187.9222,13.97022,0.03768897
Continuous asphalt network,274.8122,-191.2701,6.985047,0.03901389
Continuous asphalt network,272.4758,-189.9965,6.985088,0.0231319
Continuous asphalt network,121.4669,-355.5569,25.73122,0.01758288
Continuous asphalt network,130.0153,-360.3651,25.7312,0.01649298
Continuous asphalt network,116.1803,-355.2589,51.46225,0.02329283
Continuous asphalt network,142.8379,-367.5775,25.73116,0.01033815
Continuous asphalt network,155.9137,-374.2633,12.86566,0.006169742
Continuous asphalt network,146.8591,-370.5081,12.8657,0.009010653
Continuous asphalt network,128.7499,-362.9978,12.865,0.01740025
Continuous asphalt network,119.6953,-359.2427,12.86502,0.01960501
Continuous asphalt network,133.7833,-363.8223,25.73104,0.01330201
Continuous asphalt network,99.47571,-374.5704,71.48677,0.02159884
Continuous asphalt network,92.77897,-393.3311,35.74324,0.009288462
Continuous asphalt network,95.5307,-380.8778,35.74324,0.007503744
Continuous asphalt network,94.37116,-365.2021,9.7935,0.02579925
Continuous asphalt network,90.25588,-362.9904,4.896647,0.002653381
Continuous asphalt network,92.28229,-363.0218,4.896671,0.01968384
Continuous asphalt network,96.87295,-364.167,19.58685,0.0252344
Continuous asphalt network,85.06493,-358.6139,19.58675,0
Continuous asphalt network,93.23303,-360.8886,2.448206,0.02604161
Continuous asphalt network,90.78764,-359.5082,1.224189,0
Continuous asphalt network,92.57635,-360.073,1.224241,0.02813365
Continuous asphalt network,96.03495,-361.4691,4.896413,0.02520216
Continuous asphalt network,90.43111,-360.3082,2.44837,0
Continuous asphalt network,91.98215,-361.4062,2.448336,0.02005832
Continuous asphalt network,89.18021,-360.8258,4.89674,0
Continuous asphalt network,72.65664,-349.8296,39.173,0
Continuous asphalt network,86.25336,-355.9474,9.793159,0
Continuous asphalt network,93.82725,-359.5554,1.224184,0.0316643
Continuous asphalt network,91.44128,-358.0417,0.6120301,0.0136087
Continuous asphalt network,93.11115,-358.873,0.6120274,0.03166546
Continuous asphalt network,96.39149,-360.6692,2.448357,0.02520203
Continuous asphalt network,90.36865,-358.1593,2.448287,0.001782115
Continuous asphalt network,92.81405,-359.5397,1.224151,0.0280682
Continuous asphalt network,91.02532,-358.9749,1.224098,0.005725549
Continuous asphalt network,82.43824,-355.3512,19.58651,0
Continuous asphalt network,61.91962,-335.8419,27.86719,0.005513124
Continuous asphalt network,129.0605,-292.1565,47.7432,0.03029549
Continuous asphalt network,117.6003,-284.6836,23.87107,0.03299969
Continuous asphalt network,125.9533,-288.2788,23.87107,0.02977034
Continuous asphalt network,167.4063,-212.7252,21.72136,0.04940186
Continuous asphalt network,160.198,-208.6617,21.72149,0.05204394
Continuous asphalt network,172.1412,-212.7157,43.44243,0.05147627
Continuous asphalt network,150.4409,-204.3843,5.57792,0.04969434
Continuous asphalt network,96.05918,-301.1715,24.73207,0.02526348
Continuous asphalt network,101.7841,-294.1153,24.73213,0.02712699
Continuous asphalt network,95.06342,-306.2389,49.46408,0.02459352
Continuous asphalt network,-28.78015,-341.7147,41.70013,0.005474209
Continuous asphalt network,-41.08773,-323.7205,61.35386,0.004891533
Continuous asphalt network,-83.31519,-260.1667,64.79031,0.004280793
Continuous asphalt network,-93.6968,-275.5868,32.39496,0.005147851
Continuous asphalt network,-88.14414,-264.5656,32.39496,0.004872659
Continuous asphalt network,-77.03098,-251.3661,4.332277,0.006122915
Continuous asphalt network,-98.00314,-241.3729,24.6424,0
Continuous asphalt network,-144.4661,-213.5311,17.34225,0
Continuous asphalt network,-153.9686,-205.6189,4.335672,0.004350122
Continuous asphalt network,-158.5836,-201.5736,4.335684,0.01467449
Continuous asphalt network,-151.116,-207.2844,8.671096,0.001365031
Continuous asphalt network,-138.7607,-216.8621,34.68466,0
Continuous asphalt network,-122.7351,-227.5695,17.34218,0
Continuous asphalt network,-112.4147,-234.9459,17.34216,0
Continuous asphalt network,-128.9856,-224.5957,34.68477,0
Continuous asphalt network,-155.8768,-206.8691,8.671051,0.004030949
Continuous asphalt network,-159.4014,-202.1093,8.671039,0.01261368
Continuous asphalt network,-153.0241,-208.5346,17.34219,0.000939871
Continuous asphalt network,-146.1016,-214.6026,34.68444,0
Continuous asphalt network,-161.0369,-203.1808,17.34217,0.01299334
Continuous asphalt network,-157.5123,-207.9406,17.3422,0.005249844
Continuous asphalt network,-164.98,-202.2297,34.68447,0.009838222
Continuous asphalt network,-82.11068,-232.8563,22.77966,0.0120113
Continuous asphalt network,7.797,-231.7023,24.1999,0.06664274
Continuous asphalt network,6.947622,-238.4513,54.18217,0.0658567
Continuous asphalt network,1.280331,-252.3235,27.09102,0.05879785
Continuous asphalt network,3.34477,-243.0211,27.09105,0.05754562
Continuous asphalt network,-4.513514,-263.8498,13.5456,0.04384796
Continuous asphalt network,-6.478084,-269.0569,1.693189,0.0481482
Continuous asphalt network,-6.720318,-270.513,0.1058267,0.08418844
Continuous asphalt network,-6.821054,-270.8758,0.0529099,0.3529535
Continuous asphalt network,-6.909297,-270.7266,0.05292073,0.06123676
Continuous asphalt network,-6.969223,-270.3587,0.2116621,0.04814661
Continuous asphalt network,-7.038319,-271.308,0.05290968,0.5063409
Continuous asphalt network,-7.206886,-271.1562,0.02645602,0.1857951
Continuous asphalt network,-7.046221,-271.1613,0.02645436,0.4976365
Continuous asphalt network,-7.219378,-271.6681,0.05291194,0.5064223
Continuous asphalt network,-7.275349,-271.3736,0.01322555,0.4489807
Continuous asphalt network,-7.283258,-271.227,0.01322918,0.318516
Continuous asphalt network,-7.191074,-271.4495,0.02645234,0.506367
Continuous asphalt network,-7.274737,-270.6418,0.1058176,0.0481461
Continuous asphalt network,-7.14238,-270.8656,0.05290636,0.04814451
Continuous asphalt network,-6.973807,-271.0173,0.02645064,0.4105367
Continuous asphalt network,-7.134472,-271.0122,0.0264523,0.0481635
Continuous asphalt network,-7.089102,-269.6231,0.8466191,0.04814772
Continuous asphalt network,-7.661827,-272.386,0.2116457,0.5063884
Continuous asphalt network,-7.954852,-272.1572,0.05291448,0.506411
Continuous asphalt network,-8.123433,-272.0055,0.02645636,0.09098078
Continuous asphalt network,-7.962766,-272.0106,0.02645883,0.3384741
Continuous asphalt network,-7.677641,-272.0928,0.1058298,0.506358
Continuous asphalt network,-8.023942,-273.1064,0.2116422,0.506382
Continuous asphalt network,-8.1359,-272.5174,0.05291246,0.5063633
Continuous asphalt network,-8.195844,-272.1495,0.02645146,0.1535005
Continuous asphalt network,-8.1076,-272.2987,0.02645064,0.5063933
Continuous asphalt network,-7.967337,-272.6691,0.1058174,0.5063885
Continuous asphalt network,-8.60332,-274.259,0.4232977,0.5063718
Continuous asphalt network,-8.409786,-273.3869,0.2116488,0.5063788
Continuous asphalt network,-8.328835,-272.6576,0.05291779,0.5063877
Continuous asphalt network,-8.272225,-272.2203,0.02646142,0.3881249
Continuous asphalt network,-8.256402,-272.5135,0.02646702,0.5063941
Continuous asphalt network,-8.264938,-273.0988,0.105832,0.5063876
Continuous asphalt network,-7.893667,-271.0613,0.4233046,0.04815008
Continuous asphalt network,-7.733622,-271.7982,0.02645819,0.3138392
Continuous asphalt network,-7.781698,-271.6504,0.02645819,0.2200479
Continuous asphalt network,-7.548918,-271.8773,0.05291868,0.506384
Continuous asphalt network,-8.002781,-271.8263,0.01322911,0.04814715
Continuous asphalt network,-7.898408,-271.9028,0.0132304,0.3452494
Continuous asphalt network,-8.111262,-271.8595,0.02645458,0.04814234
Continuous asphalt network,-7.94237,-271.6453,0.02645625,0.04814503
Continuous asphalt network,-7.842108,-271.8314,0.01322757,0.3452507
Continuous asphalt network,-7.946481,-271.7549,0.01322629,0.04814741
Continuous asphalt network,-7.63686,-271.3622,0.1058249,0.12095
Continuous asphalt network,-7.436335,-271.7345,0.05290344,0.5063745
Continuous asphalt network,-7.645077,-271.5815,0.05290115,0.1693066
Continuous asphalt network,-7.571097,-269.6078,0.4232844,0.04814945
Continuous asphalt network,-7.427492,-270.7833,0.1058193,0.04814269
Continuous asphalt network,-7.371828,-271.4438,0.01322916,0.43318
Continuous asphalt network,-7.339877,-271.6643,0.02646568,0.5062507
Continuous asphalt network,-7.443935,-271.2219,0.05291899,0.1004105
Continuous asphalt network,-7.603972,-270.485,0.2116422,0.04814998
Continuous asphalt network,-6.314943,-266.1347,6.772758,0.04343722
Continuous asphalt network,-9.785821,-276.1244,0.0264631,0.3625045
Continuous asphalt network,-9.713391,-275.9803,0.02645929,0.4445043
Continuous asphalt network,-9.661366,-276.2015,0.05290509,0.3624669
Continuous asphalt network,-10.14337,-276.1863,0.05290434,0.3624486
Continuous asphalt network,-9.874058,-275.9753,0.02645555,0.4445064
Continuous asphalt network,-9.946487,-276.1194,0.02645935,0.3623728
Continuous asphalt network,-9.327548,-275.6998,0.1058349,0.5063235
Continuous asphalt network,-9.392067,-275.9905,0.02645724,0.4308538
Continuous asphalt network,-9.464485,-276.1346,0.02644983,0.3623978
Continuous asphalt network,-9.516519,-275.9134,0.05292475,0.4496031
Continuous asphalt network,-9.922755,-276.5592,0.423326,0.3624572
Continuous asphalt network,-10.29154,-275.6693,0.1058312,0.5063522
Continuous asphalt network,-10.35605,-275.96,0.0264586,0.4589409
Continuous asphalt network,-10.42848,-276.1041,0.02645113,0.3624228
Continuous asphalt network,-10.48051,-275.8829,0.05289728,0.4784935
Continuous asphalt network,-10.54046,-275.515,0.2116734,0.5063419
Continuous asphalt network,-9.576458,-275.5456,0.2116334,0.5063849
Continuous asphalt network,-9.998509,-275.8981,0.05291738,0.4636666
Continuous asphalt network,-10.26782,-276.1092,0.0264507,0.3624781
Continuous asphalt network,-10.19539,-275.9651,0.02645817,0.4590805
Continuous asphalt network,-9.97021,-275.6795,0.1058197,0.5064037
Continuous asphalt network,-10.50215,-277.7119,0.846617,0.3624365
Continuous asphalt network,-10.72609,-276.5338,0.2116654,0.3624078
Continuous asphalt network,-10.80184,-275.8727,0.02645231,0.4860606
Continuous asphalt network,-10.87031,-276.0901,0.01322599,0.3624108
Continuous asphalt network,-10.87821,-275.9435,0.01322419,0.4821727
Continuous asphalt network,-10.85387,-275.6515,0.05290813,0.5063281
Continuous asphalt network,-10.74981,-276.0939,0.02644409,0.3624718
Continuous asphalt network,-10.67739,-275.9499,0.02645146,0.4744582
Continuous asphalt network,-10.62535,-276.171,0.05291087,0.3624082
Continuous asphalt network,-10.38894,-276.8372,0.4233306,0.3624363
Continuous asphalt network,-11.37122,-279.4408,0.8466157,0.3624475
Continuous asphalt network,-11.93479,-280.8867,0.2116275,0.2745038
Continuous asphalt network,-12.22447,-281.463,0.2116347,0.02214959
Continuous asphalt network,-11.82158,-280.012,0.4232992,0.2737417
Continuous asphalt network,-11.27383,-278.2729,0.8465713,0.3624476
Continuous asphalt network,-11.11193,-276.8143,0.2116421,0.3624585
Continuous asphalt network,-11.07114,-276.0837,0.01323307,0.3624384
Continuous asphalt network,-11.03889,-275.9384,0.01322379,0.486273
Continuous asphalt network,-11.00694,-276.159,0.02645341,0.3624621
Continuous asphalt network,-10.97437,-275.6477,0.02646389,0.506449
Continuous asphalt network,-10.98259,-275.867,0.01323107,0.4921174
Continuous asphalt network,-10.96709,-276.5262,0.105847,0.3624626
Continuous asphalt network,-10.98414,-277.6966,0.4232843,0.3624585
Continuous asphalt network,-13.10938,-282.8987,0.8466024,0.02292257
Continuous asphalt network,-13.81779,-284.6327,0.4232985,0.08669864
Continuous asphalt network,-13.55974,-283.4699,0.4232837,0.02048428
Continuous asphalt network,-14.97657,-286.938,0.8466346,0.08872538
Continuous asphalt network,-14.34848,-285.2014,0.4233177,0.08669884
Continuous asphalt network,-13.80072,-283.4623,0.2116202,0.0204877
Continuous asphalt network,-14.05878,-284.6251,0.2116276,0.0866988
Continuous asphalt network,-12.7223,-281.1545,1.693212,0.02214492
Continuous asphalt network,-12.04734,-278.6143,0.05291892,0.1712967
Continuous asphalt network,-11.85867,-278.7666,0.0264584,0.3624044
Continuous asphalt network,-12.01934,-278.7616,0.0264613,0.1193202
Continuous asphalt network,-11.88849,-278.3998,0.1058339,0.2841918
Continuous asphalt network,-11.73147,-277.9657,0.2116323,0.3624652
Continuous asphalt network,-11.39309,-276.8054,0.1058367,0.3624663
Continuous asphalt network,-11.19773,-276.1529,0.01322995,0.3624195
Continuous asphalt network,-11.03462,-275.6458,0.01322418,0.506448
Continuous asphalt network,-11.24825,-276.5172,0.05291058,0.3624203
Continuous asphalt network,-11.54646,-277.6788,0.2116624,0.362466
Continuous asphalt network,-11.90129,-279.2776,0.1058317,0.2649427
Continuous asphalt network,-12.02147,-278.9079,0.02645536,0.1161427
Continuous asphalt network,-11.8608,-278.9129,0.0264524,0.3624056
Continuous asphalt network,-12.05373,-279.0532,0.05291332,0.1591288
Continuous asphalt network,-12.0784,-279.7112,0.2116488,0.1096698
Continuous asphalt network,-12.27193,-280.5833,0.4233163,0.02214576
Continuous asphalt network,-10.41933,-274.787,0.4233143,0.4218712
Continuous asphalt network,-10.3183,-274.0584,0.2116548,0.09760923
Continuous asphalt network,-10.10164,-274.358,0.2116647,0.4994487
Continuous asphalt network,-9.881348,-275.0968,0.8465849,0.506382
Continuous asphalt network,-10.00426,-273.1901,0.2116543,0.04815047
Continuous asphalt network,-9.681099,-273.4198,0.05291703,0.04814042
Continuous asphalt network,-9.492446,-273.5722,0.02645886,0.4239819
Continuous asphalt network,-9.653113,-273.5671,0.02645712,0.1472111
Continuous asphalt network,-9.948273,-273.4846,0.1058223,0.04815363
Continuous asphalt network,-9.742568,-272.4665,0.2116472,0.04814786
Continuous asphalt network,-9.550259,-273.0581,0.05290668,0.04814626
Continuous asphalt network,-9.454105,-273.3539,0.01322851,0.1282077
Continuous asphalt network,-9.426106,-273.5011,0.01322481,0.4160122
Continuous asphalt network,-9.54843,-273.2777,0.02645702,0.0481426
Continuous asphalt network,-9.738915,-272.9057,0.1058087,0.04814992
Continuous asphalt network,-9.35065,-274.5281,0.4233046,0.5063884
Continuous asphalt network,-9.675621,-274.0787,0.2116562,0.506339
Continuous asphalt network,-10.05295,-273.774,0.1058368,0.08997133
Continuous asphalt network,-9.678369,-273.7493,0.01322446,0.4759028
Continuous asphalt network,-9.732533,-273.6744,0.01323401,0.09843616
Continuous asphalt network,-9.544784,-273.7169,0.02645504,0.5062912
Continuous asphalt network,-9.864281,-273.9264,0.02645548,0.3548883
Continuous asphalt network,-9.83903,-273.7442,0.01323363,0.04812851
Continuous asphalt network,-9.784865,-273.8191,0.01322408,0.4711441
Continuous asphalt network,-8.953813,-270.735,1.693218,0.04814809
Continuous asphalt network,-9.144943,-273.51,0.1058235,0.5063491
Continuous asphalt network,-9.094426,-273.1457,0.02645794,0.4057699
Continuous asphalt network,-9.056079,-272.9273,0.01322995,0.04896222
Continuous asphalt network,-9.028092,-273.0746,0.01322628,0.4183334
Continuous asphalt network,-9.012279,-273.3679,0.05291209,0.5063468
Continuous asphalt network,-8.858903,-272.4945,0.1058175,0.04813977
Continuous asphalt network,-8.879613,-273.2257,0.05291503,0.5175814
Continuous asphalt network,-8.90942,-272.8588,0.02645619,0.2159525
Continuous asphalt network,-8.947765,-273.0771,0.01322776,0.5065278
Continuous asphalt network,-8.975751,-272.9299,0.01323143,0.3764937
Continuous asphalt network,-9.085312,-274.2438,0.4232791,0.5063702
Continuous asphalt network,-9.155885,-272.1923,0.4232748,0.04814923
Continuous asphalt network,-9.256916,-272.921,0.1058402,0.05514869
Continuous asphalt network,-9.307434,-273.2853,0.02645433,0.2464098
Continuous asphalt network,-9.345776,-273.5037,0.013228,0.506516
Continuous asphalt network,-9.373775,-273.3564,0.01323169,0.3734878
Continuous asphalt network,-9.389594,-273.0632,0.05291598,0.06331029
Continuous asphalt network,-9.421233,-272.4767,0.2116658,0.04815144
Continuous asphalt network,-7.278923,-266.1042,3.386369,0.04343733
Continuous asphalt network,-8.053094,-269.5926,1.693185,0.04814871
Continuous asphalt network,-8.392726,-272.2165,0.05290417,0.08110755
Continuous asphalt network,-8.433212,-272.5811,0.02645691,0.5063626
Continuous asphalt network,-8.481278,-272.4333,0.02645581,0.1321533
Continuous asphalt network,-8.521131,-272.0661,0.1058206,0.04814723
Continuous asphalt network,-8.586265,-273.0886,0.1058212,0.5063663
Continuous asphalt network,-8.66597,-272.3542,0.05291444,0.1364651
Continuous asphalt network,-8.59386,-272.576,0.02644955,0.1321631
Continuous asphalt network,-8.545793,-272.7239,0.02645065,0.506361
Continuous asphalt network,-8.844318,-274.2514,0.2116513,0.5064358
Continuous asphalt network,-8.787099,-273.0822,0.05292393,0.4743826
Continuous asphalt network,-8.738403,-272.4983,0.05292212,0.3386239
Continuous asphalt network,-8.73111,-273.3767,0.1058368,0.5064264
Continuous asphalt network,-8.471817,-270.7503,0.8465957,0.04814859
Continuous asphalt network,-3.802619,-259.1884,13.54554,0.04364048
Continuous asphalt network,-2.127747,-254.5576,13.54557,0.05806248
Continuous asphalt network,1.416793,-242.9601,13.54571,0.05755041
Continuous asphalt network,-0.6476466,-252.2625,13.5457,0.0588025
Continuous asphalt network,35.32239,-243.7427,12.24998,0.0329288
Continuous asphalt network,32.90717,-242.0797,3.062539,0.03319892
Continuous asphalt network,31.69955,-241.2482,0.7656245,0.03319963
Continuous asphalt network,31.0029,-240.6981,0.3827962,0.1809126
Continuous asphalt network,31.65348,-240.7234,0.3827938,0.03124101
Continuous asphalt network,32.81503,-241.0301,1.531258,0.03319847
Continuous asphalt network,35.13812,-241.6434,6.125062,0.03077508
Continuous asphalt network,11.32227,-58.66577,23.47648,0.05657535
Continuous asphalt network,-30.71149,-141.0253,4.625787,0.0242683
Continuous asphalt network,-35.05237,-146.515,4.625777,0.02069807
Continuous asphalt network,-29.01685,-137.9349,9.251798,0.03028306
Continuous asphalt network,-23.21923,-129.1821,18.50351,0.03682462
Continuous asphalt network,-34.33865,-147.0332,9.25174,0.01348715
Continuous asphalt network,-29.99777,-141.5435,9.25176,0.01863471
Continuous asphalt network,-35.55746,-150.4691,18.5037,0.01089576
Continuous asphalt network,-43.55479,-166.2664,18.5034,0.004982289
Continuous asphalt network,-50.33332,-178.6278,18.5034,0.003282347
Continuous asphalt network,-41.11716,-159.3947,37.00738,0.005545469
Continuous asphalt network,-24.64667,-128.1456,37.00708,0.0352891
Continuous asphalt network,-31.90101,-140.1615,9.251998,0.02345421
Continuous asphalt network,-35.76609,-145.9967,9.251955,0.02069733
Continuous asphalt network,-30.9201,-136.5528,18.50355,0.02795504
Continuous asphalt network,-24.14158,-124.1914,37.00751,0.03945624
Continuous asphalt network,-21.22813,-117.6652,37.00722,0.03643074
Continuous asphalt network,-82.33792,-51.9794,65.41021,0.009790758
Continuous asphalt network,-106.8498,-46.9964,29.35432,0.01811542
Continuous asphalt network,-100.1192,-53.31577,29.35432,0.01415714
Continuous asphalt network,-113.3067,-44.81067,58.70863,0.01784691
Continuous asphalt network,-366.536,10.18044,17.00038,0.004551996
Continuous asphalt network,-297.0313,-54.28813,36.52395,0.002614414
Continuous asphalt network,-278.3732,50.92785,24.57099,0.004883291
Continuous asphalt network,-308.1428,56.29724,38.82871,0.006875137
Continuous asphalt network,-269.6635,48.86506,50.61977,0.004575554
Continuous asphalt network,-357.1944,43.66426,29.7171,0.006692882
Continuous asphalt network,-364.4614,34.98373,29.71722,0.006173464
Continuous asphalt network,-355.1605,49.72881,59.43449,0.00655378
Continuous asphalt network,-102.9901,24.34078,13.90475,0.002764434
Continuous asphalt network,-44.66629,-5.665598,24.27751,0.006647091
Continuous asphalt network,-90.71391,13.73481,6.334174,0.0005302549
Continuous asphalt network,-93.14095,15.26072,6.33417,0.0149942
Continuous asphalt network,-96.27954,21.8003,15.51421,0.006589127
Continuous asphalt network,4.183505,-52.60394,11.80373,0.04395007
Continuous asphalt network,3.279973,-49.46829,5.901883,0.03033317
Continuous asphalt network,5.29347,-50.64978,5.901915,0.03703566
Continuous asphalt network,132.6934,-115.8668,3.393933,0.05557966
Continuous asphalt network,128.177,-113.3473,0.8484656,0.04482172
Continuous asphalt network,125.9535,-112.0234,0.848472,0.0334833
Continuous asphalt network,129.4274,-113.7526,1.696955,0.0514191
Continuous asphalt network,135.1942,-116.6775,6.787781,0.04163236
Continuous asphalt network,121.5758,-109.2472,3.393847,0.03115129
Continuous asphalt network,115.3572,-105.7989,0.4242514,0.05561792
Continuous asphalt network,116.5383,-106.3326,0.4242364,0.06159656
Continuous asphalt network,113.1337,-104.475,0.2121217,0.04581501
Continuous asphalt network,111.4487,-103.5141,0.1060537,0.04731056
Continuous asphalt network,112.5951,-104.1119,0.1060544,0.02869664
Continuous asphalt network,114.888,-105.3075,0.1060614,0.04730735
Continuous asphalt network,116.0344,-105.9053,0.10606,0.04176274
Continuous asphalt network,114.2801,-105.0728,0.2121217,0.04729468
Continuous asphalt network,119.4216,-107.795,1.696941,0.06237028
Continuous asphalt network,129.7047,-113.2393,0.8484534,0.05083818
Continuous asphalt network,126.3348,-111.3176,0.4242559,0.03350929
Continuous asphalt network,128.6276,-112.5132,0.4242537,0.04277821
Continuous asphalt network,133.7691,-115.2354,0.2121149,0.08232203
Continuous asphalt network,132.0842,-114.2745,0.1060616,0.05443072
Continuous asphalt network,133.2306,-114.8723,0.1060602,0.07217069
Continuous asphalt network,135.5061,-116.1,0.42423,0.07710128
Continuous asphalt network,132.0322,-114.3708,0.2121208,0.05445657
Continuous asphalt network,133.1439,-115.0327,0.2121212,0.07336137
Continuous asphalt network,131.407,-114.1681,0.4242298,0.05139382
Continuous asphalt network,126.2308,-111.5101,0.8484378,0.03350352
Continuous asphalt network,128.4543,-112.834,0.8484304,0.04344383
Continuous asphalt network,124.9804,-111.1048,1.696929,0.02860413
Continuous asphalt network,148.4992,-123.3276,0.4242562,0.1641634
Continuous asphalt network,149.5416,-124.1179,0.424215,0.1861893
Continuous asphalt network,146.7969,-122.3988,0.8484972,0.1309369
Continuous asphalt network,150.792,-124.5232,0.8484623,0.1477161
Continuous asphalt network,149.7496,-123.7329,0.848512,0.1641532
Continuous asphalt network,143.427,-120.4771,0.21213,0.1115163
Continuous asphalt network,142.3152,-119.8151,0.2121292,0.07872775
Continuous asphalt network,144.0522,-120.6798,0.4242508,0.1113816
Continuous asphalt network,140.0917,-118.4912,0.4242568,0.06801423
Continuous asphalt network,142.4019,-119.6547,0.106046,0.07872646
Continuous asphalt network,143.5483,-120.2525,0.1060473,0.108103
Continuous asphalt network,141.794,-119.42,0.2121299,0.07872822
Continuous asphalt network,146.9702,-122.078,0.4242269,0.1306588
Continuous asphalt network,149.263,-123.2736,0.4242303,0.1625551
Continuous asphalt network,145.7545,-121.6085,0.8485121,0.131189
Continuous asphalt network,157.2186,-127.5865,0.8484622,0.1964222
Continuous asphalt network,153.8487,-125.6648,0.4243362,0.151218
Continuous asphalt network,156.7321,-127.1272,0.2121474,0.293536
Continuous asphalt network,155.551,-126.5936,0.2121677,0.1830754
Continuous asphalt network,160.6925,-129.3158,1.69692,0.1970716
Continuous asphalt network,153.7447,-125.8573,0.8484518,0.1512138
Continuous asphalt network,156.5588,-127.4481,0.4242514,0.2432055
Continuous asphalt network,155.3777,-126.9144,0.4242304,0.1788809
Continuous asphalt network,152.4943,-125.452,1.696946,0.1538595
Continuous asphalt network,143.7056,-121.3214,0.8484713,0.1180518
Continuous asphalt network,142.0726,-120.2643,0.4242499,0.07873083
Continuous asphalt network,143.2537,-120.7979,0.4242486,0.1115189
Continuous asphalt network,139.9877,-118.6837,0.8484985,0.06801353
Continuous asphalt network,142.2459,-119.9435,0.2121204,0.07872734
Continuous asphalt network,143.3577,-120.6054,0.2121212,0.1115159
Continuous asphalt network,141.6207,-119.7408,0.4242499,0.07872734
Continuous asphalt network,146.6583,-122.6555,0.8484694,0.131072
Continuous asphalt network,148.8818,-123.9794,0.848476,0.1499955
Continuous asphalt network,145.4079,-122.2502,1.696933,0.1310716
Continuous asphalt network,138.5987,-118.535,3.39388,0.06842384
Continuous asphalt network,141.3434,-120.2541,0.848467,0.07873111
Continuous asphalt network,142.9764,-121.3112,0.4242372,0.1183157
Continuous asphalt network,141.7953,-120.7776,0.4242351,0.07872893
Continuous asphalt network,139.5025,-119.582,1.696921,0.07057064
Continuous asphalt network,121.9251,-111.3207,0.8484967,0.0292954
Continuous asphalt network,120.8826,-110.5305,0.8485014,0.03671742
Continuous asphalt network,122.7235,-111.2026,1.696946,0.02929622
Continuous asphalt network,118.7977,-108.9499,1.696982,0.02854706
Continuous asphalt network,121.2292,-109.8888,0.4242327,0.03618845
Continuous asphalt network,122.4103,-110.4225,0.4242274,0.02352902
Continuous asphalt network,120.5,-109.8787,0.8484983,0.03196791
Continuous asphalt network,115.6704,-106.579,1.696945,0.06495831
Continuous asphalt network,112.995,-104.7317,0.424228,0.04677515
Continuous asphalt network,111.3967,-103.6104,0.2121202,0.04730164
Continuous asphalt network,112.5085,-104.2723,0.2121204,0.03006913
Continuous asphalt network,114.6973,-105.6604,0.8484622,0.04325803
Continuous asphalt network,119.6656,-108.7034,0.4242201,0.03319164
Continuous asphalt network,118.6231,-107.9131,0.4242194,0.1604435
Continuous asphalt network,121.4025,-109.568,0.2121219,0.03319295
Continuous asphalt network,122.5143,-110.23,0.2121204,0.01769378
Continuous asphalt network,120.7773,-109.3654,0.4242259,0.03319162
Continuous asphalt network,117.3727,-107.5078,0.8484657,0.0637145
Continuous asphalt network,118.4152,-108.2981,0.8484702,0.02677866
Continuous asphalt network,129.0115,-114.5226,1.696947,0.05261881
Continuous asphalt network,125.8149,-112.28,0.8485253,0.03348992
Continuous asphalt network,128.0384,-113.604,0.8485189,0.04482661
Continuous asphalt network,132.4161,-116.3801,3.393918,0.05557818
Continuous asphalt network,124.4258,-112.1314,3.393922,0.02752435
Continuous asphalt network,127.6918,-114.2456,1.696977,0.05236245
Continuous asphalt network,125.3296,-113.1783,1.696967,0.04290156
Continuous asphalt network,112.5098,-105.6299,1.696973,0.04730491
Continuous asphalt network,111.2234,-103.9312,0.8484659,0.05898817
Continuous asphalt network,112.2659,-104.7215,0.8484713,0.04471357
Continuous asphalt network,114.2121,-106.5587,3.393889,0.04485422
Continuous asphalt network,110.1477,-104.5626,3.393898,0.04087146
Continuous asphalt network,111.5727,-106.0047,1.696968,0.04730567
Continuous asphalt network,110.253,-105.7277,1.696939,0.04309712
Continuous asphalt network,117.3394,-108.9295,3.393929,0.03380499
Continuous asphalt network,120.0841,-110.6486,0.8484955,0.02748776
Continuous asphalt network,121.7171,-111.7057,0.4242183,0.02929848
Continuous asphalt network,120.536,-111.1721,0.4242301,0.0334494
Continuous asphalt network,118.2432,-109.9765,1.696978,0.03126762
Continuous asphalt network,113.6576,-107.5853,6.787841,0.02355514
Continuous asphalt network,113.6376,-69.86784,3.097001,0.05197234
Continuous asphalt network,114.5782,-71.71656,3.097009,0.05683137
Continuous asphalt network,112.0508,-69.67597,6.194057,0.04466087
Continuous asphalt network,115.3561,-68.12383,1.548491,0.02836105
Continuous asphalt network,114.3276,-67.5657,1.548501,0.01825665
Continuous asphalt network,115.9583,-67.1123,3.097003,0
Continuous asphalt network,115.6946,-70.98409,3.097019,0.04814324
Continuous asphalt network,114.2397,-68.8563,1.548538,0.02581367
Continuous asphalt network,115.2682,-69.41443,1.548527,0.03843749
Continuous asphalt network,252.7986,40.81363,2.221785,0.3588032
Continuous asphalt network,251.1489,40.87257,1.11088,0.4002215
Continuous asphalt network,252.1615,41.43495,1.110898,0.3669186
Continuous asphalt network,254.2522,42.10847,4.443503,0.3527601
Continuous asphalt network,251.5411,38.16516,1.110888,0.3981263
Continuous asphalt network,252.5538,38.72752,1.110885,0.3531046
Continuous asphalt network,251.1655,36.98148,2.221753,0.389736
Continuous asphalt network,250.7733,39.68889,2.221642,0.400205
Continuous asphalt network,252.423,39.62998,1.110786,0.3551221
Continuous asphalt network,251.4104,39.06762,1.110789,0.4001899
Continuous asphalt network,250.8221,43.12881,4.44351,0.4000972
Continuous asphalt network,249.9888,45.10383,2.221722,0.4085833
Continuous asphalt network,251.3527,45.12996,0.5554295,0.4141145
Continuous asphalt network,252.1776,45.10049,0.2777337,0.3386652
Continuous asphalt network,251.6713,44.81931,0.2777307,0.4140891
Continuous asphalt network,250.6259,44.48254,1.110843,0.3987778
Continuous asphalt network,253.9907,43.91346,4.44349,0.3499879
Continuous asphalt network,252.0308,42.33746,1.110882,0.3669262
Continuous asphalt network,251.0181,41.77508,1.110865,0.4002289
Continuous asphalt network,252.4064,43.52114,2.22178,0.375756
Continuous asphalt network,247.9481,32.75693,17.77372,0.3904035
Continuous asphalt network,248.6172,39.46665,4.44361,0.401547
Continuous asphalt network,248.9518,42.82153,1.110878,0.4029817
Continuous asphalt network,249.262,44.45643,1.110885,0.423373
Continuous asphalt network,249.3684,41.83401,2.22179,0.401002
Continuous asphalt network,249.4504,37.49162,8.886891,0.4062818
Continuous asphalt network,242.6566,23.96773,17.77382,0.3850707
Continuous asphalt network,238.8187,16.47333,4.443459,0.3811273
Continuous asphalt network,236.8997,12.72614,1.110812,0.3807875
Continuous asphalt network,236.0505,11.03566,0.1388522,0.2841871
Continuous asphalt network,235.83,10.66943,0.1388315,0
Continuous asphalt network,235.4993,10.12012,0.2776871,0
Continuous asphalt network,236.3159,12.03621,0.5554065,0.2759055
Continuous asphalt network,237.6509,15.09348,2.221663,0.3807659
Continuous asphalt network,240.321,21.20803,8.886945,0.3838288
Continuous asphalt network,245.0896,33.60717,8.88676,0.3843786
Continuous asphalt network,247.188,39.8918,2.221743,0.4031649
Continuous asphalt network,248.2372,43.03409,0.5553668,0.4029244
Continuous asphalt network,248.8333,44.58397,0.5553675,0.4233252
Continuous asphalt network,248.225,42.17413,1.110844,0.4028956
Continuous asphalt network,247.1636,38.17183,4.443432,0.3999138
Continuous asphalt network,245.0408,30.1673,17.77372,0.3939812
Continuous asphalt network,230.3098,3.4596,35.54779,0
Continuous asphalt network,220.2985,-14.28887,17.77378,0
Continuous asphalt network,226.2104,-2.229828,17.77376,0
Continuous asphalt network,234.172,12.67394,17.77391,0
Continuous asphalt network,238.0343,21.88828,8.886932,0.3800001
Continuous asphalt network,236.159,14.8896,0.1388582,0.376851
Continuous asphalt network,235.8313,14.55528,0.1388467,0.03564508
Continuous asphalt network,236.3646,15.47611,0.2777172,0.3810636
Continuous asphalt network,236.0753,14.05089,0.1388681,0.2951262
Continuous asphalt network,235.7894,14.13591,0.1388542,0
Continuous asphalt network,236.2601,14.42772,0.2777165,0.3588236
Continuous asphalt network,236.877,16.1873,1.110899,0.3810923
Continuous asphalt network,235.5594,11.82945,0.2776861,0
Continuous asphalt network,235.9498,12.79281,0.06942783,0.03864168
Continuous asphalt network,236.1346,13.16965,0.06941823,0.3811366
Continuous asphalt network,235.8156,12.18503,0.1388498,0.0006339179
Continuous asphalt network,235.2911,10.6139,0.5553671,0
Continuous asphalt network,235.664,12.87784,0.1388521,0
Continuous asphalt network,236.0021,13.31699,0.03471072,0.122729
Continuous asphalt network,236.1659,13.48416,0.03470713,0.3810655
Continuous asphalt network,235.8993,13.02375,0.06943011,0.1094904
Continuous asphalt network,235.4583,12.29133,0.2777162,0
Continuous asphalt network,235.7476,13.71655,0.138848,0
Continuous asphalt network,236.1154,13.71509,0.06943867,0.3256661
Continuous asphalt network,235.9515,13.54792,0.06943458,0.1639156
Continuous asphalt network,235.5629,13.33971,0.2777078,0
Continuous asphalt network,236.3262,16.56702,0.1388448,0.3811982
Continuous asphalt network,236.0299,16.54721,0.03472646,0.2816533
Continuous asphalt network,235.887,16.58972,0.03472022,0
Continuous asphalt network,236.1223,16.73564,0.06943318,0.3454428
Continuous asphalt network,236.511,16.94386,0.2777182,0.3811639
Continuous asphalt network,237.0025,17.44537,0.5554364,0.3811109
Continuous asphalt network,235.9149,15.39399,0.1388483,0.05452616
Continuous asphalt network,236.2426,15.7283,0.1388459,0.3812558
Continuous asphalt network,235.7093,14.80748,0.2777234,0.03208685
Continuous asphalt network,236.0596,16.10659,0.06942734,0.2375673
Continuous asphalt network,235.8661,16.38004,0.03470567,0
Continuous asphalt network,236.009,16.33752,0.03471191,0.281659
Continuous asphalt network,236.2844,16.14765,0.1388533,0.3811924
Continuous asphalt network,235.8138,15.85585,0.2777003,0.08641326
Continuous asphalt network,236.8003,18.36913,1.110888,0.3784712
Continuous asphalt network,236.185,17.36468,0.06940677,0.3811868
Continuous asphalt network,235.9916,17.63814,0.03470923,0.1399826
Continuous asphalt network,236.1345,17.59562,0.03470251,0.3811553
Continuous asphalt network,236.4099,17.40573,0.1388668,0.3811324
Continuous asphalt network,235.9288,17.00912,0.03471512,0.02477888
Continuous asphalt network,236.0717,16.96659,0.03471655,0.3746199
Continuous asphalt network,235.8365,16.82067,0.06942734,0
Continuous asphalt network,235.8992,17.44972,0.06944136,0.07305603
Continuous asphalt network,236.0927,17.17628,0.03471638,0.3810442
Continuous asphalt network,235.9498,17.2188,0.03471494,0.04583835
Continuous asphalt network,236.1258,18.24589,0.06942497,0.3315461
Continuous asphalt network,235.9619,18.07874,0.06943215,0.1819307
Continuous asphalt network,236.0857,18.58167,0.1388476,0.3041571
Continuous asphalt network,236.4517,17.82508,0.1388675,0.3811217
Continuous asphalt network,236.1554,17.80528,0.0347056,0.3811392
Continuous asphalt network,236.0125,17.8478,0.03471232,0.1399729
Continuous asphalt network,236.2478,17.99368,0.06941549,0.3811234
Continuous asphalt network,241.7292,29.42517,4.443486,0.4041291
Continuous asphalt network,243.6603,34.03232,2.221722,0.400742
Continuous asphalt network,242.754,30.84751,2.22172,0.3963385
Continuous asphalt network,245.8773,38.55445,2.221749,0.400349
Continuous asphalt network,247.5819,42.36543,0.5553957,0.4029987
Continuous asphalt network,248.6189,44.64774,0.2776995,0.4233322
Continuous asphalt network,248.0228,43.09786,0.2776991,0.4029298
Continuous asphalt network,246.7592,40.01932,1.110802,0.4032679
Continuous asphalt network,244.673,34.59468,1.110799,0.4351367
Continuous asphalt network,244.9832,36.22961,1.110863,0.3910106
Continuous asphalt network,243.1828,30.71996,1.110839,0.3964096
Continuous asphalt network,244.0891,33.90477,1.11084,0.400813
Continuous asphalt network,240.3698,24.64794,8.887027,0.3956176
Continuous asphalt network,237.6753,16.81344,2.221731,0.3811181
Continuous asphalt network,236.328,12.89618,0.5554474,0.3761379
Continuous asphalt network,235.5054,10.55011,0.2777498,0
Continuous asphalt network,235.9228,12.15315,0.06941386,0.36534
Continuous asphalt network,236.1494,12.94935,0.06941631,0.3811115
Continuous asphalt network,235.881,11.73378,0.1388782,0.03300949
Continuous asphalt network,236.9363,15.30607,1.110891,0.3811622
Continuous asphalt network,238.8918,21.63319,4.443429,0.3831445
Continuous asphalt network,209.1438,-31.6972,35.54791,0
Continuous asphalt network,199.1325,-49.44562,17.77418,0
Continuous asphalt network,205.0444,-37.38659,17.77415,0
Continuous asphalt network,188.5495,-67.02399,17.77397,0
Continuous asphalt network,178.2523,-84.68741,8.887094,0
Continuous asphalt network,184.736,-72.79842,8.88709,0
Continuous asphalt network,194.7473,-55.04999,17.77395,0
Continuous asphalt network,204.1868,-37.1315,8.886804,0
Continuous asphalt network,198.2749,-49.19053,8.886815,0
Continuous asphalt network,214.7698,-19.55313,35.54795,0
Continuous asphalt network,223.9236,-1.549581,17.77386,0
Continuous asphalt network,218.5834,-13.77869,17.77388,0
Continuous asphalt network,232.0281,13.31164,8.886955,0
Continuous asphalt network,235.3893,20.08422,1.110908,0
Continuous asphalt network,236.4621,22.35592,0.5554304,0.3246384
Continuous asphalt network,235.9076,20.57776,0.06942699,0.02476135
Continuous asphalt network,236.1102,20.94928,0.06941883,0.4787178
Continuous asphalt network,235.7466,19.97796,0.1388656,0
Continuous asphalt network,236.0985,21.38458,0.1388624,0.3297722
Continuous asphalt network,235.8959,21.01306,0.1388629,0.06945737
Continuous asphalt network,238.083,25.32817,1.110868,0.3965804
Continuous asphalt network,237.0817,23.0352,0.5554482,0.3959233
Continuous asphalt network,236.3188,21.10314,0.1388648,0.3959503
Continuous asphalt network,235.8538,19.94605,0.06946427,0.1997008
Continuous asphalt network,236.1161,20.73163,0.06946231,0.2244818
Continuous asphalt network,236.6765,22.29214,0.2777302,0.3959386
Continuous asphalt network,233.9349,16.19885,4.443585,0
Continuous asphalt network,240.6573,29.74402,2.221731,0.3972956
Continuous asphalt network,242.5405,33.50184,0.5554771,0.3973691
Continuous asphalt network,243.4821,35.38076,0.1388759,0.3972224
Continuous asphalt network,243.8873,36.12379,0.1388729,0.6121203
Continuous asphalt network,243.0172,34.22364,0.2777416,0.3972953
Continuous asphalt network,241.6106,31.18763,1.110931,0.3973721
Continuous asphalt network,245.3771,38.70326,1.110829,0.4028928
Continuous asphalt network,247.3317,42.43983,0.2777372,0.4029156
Continuous asphalt network,248.5117,44.67963,0.1389101,0.4231583
Continuous asphalt network,247.7727,43.17225,0.1389135,0.402754
Continuous asphalt network,246.259,40.16813,0.5554754,0.4029147
Continuous asphalt network,244.34,36.42093,0.5554077,0.3950264
Continuous asphalt network,243.303,34.13861,0.277714,0.3974899
Continuous asphalt network,243.8991,35.68849,0.277709,0.4052661
Continuous asphalt network,241.825,31.12386,0.555423,0.3973081
Continuous asphalt network,242.8263,33.41679,0.277711,0.3973025
Continuous asphalt network,243.7919,35.72037,0.138862,0.405009
Continuous asphalt network,243.1958,34.17049,0.1388645,0.3972309
Continuous asphalt network,238.6547,25.15812,4.443484,0.3873476
Continuous asphalt network,234.3636,16.07131,2.221777,0
Continuous asphalt network,235.8656,19.51074,0.2777227,0.01798617
Continuous asphalt network,236.1994,20.27505,0.2776844,0.408798
Continuous asphalt network,236.7,21.42154,0.555375,0.4085594
Continuous asphalt network,237.7013,23.71451,1.110894,0.4327909
Continuous asphalt network,228.0229,4.139816,17.77397,0
Continuous asphalt network,219.4409,-14.03378,8.887161,0
Continuous asphalt network,224.7811,-1.804667,8.887153,0
Continuous asphalt network,162.483,10.06026,30.66823,0.04292548
Continuous asphalt network,174.1206,3.053172,1.945521,0.07268501
Continuous asphalt network,143.2366,10.09359,24.23434,0.0329501
Continuous asphalt network,72.60273,-11.63885,35.77028,0
Continuous asphalt network,65.60966,-23.33452,35.77029,0
Continuous asphalt network,74.09652,-4.593755,71.54128,0
Continuous asphalt network,-87.50163,160.1752,70.64112,0
Continuous asphalt network,-68.7925,166.368,35.32032,0
Continuous asphalt network,-80.20718,160.9116,35.32022,0
Continuous asphalt network,259.087,56.49939,4.054061,0.3192484
Continuous asphalt network,260.6914,57.5841,4.054146,0.2934069
Continuous asphalt network,259.4411,53.93121,2.026939,0.316973
Continuous asphalt network,258.9409,52.47006,2.026956,0.3299797
Continuous asphalt network,258.5869,55.03823,4.053977,0.3148535
Continuous asphalt network,257.3786,58.71343,4.053986,0.290714
Continuous asphalt network,256.7745,60.55103,4.053924,0.2946111
Continuous asphalt network,260.0873,59.4217,4.054048,0.2906872
Continuous asphalt network,258.4829,58.33699,4.053963,0.3165414
Continuous asphalt network,277.5509,42.55624,2.619042,0.01656334
Continuous asphalt network,277.3394,44.55383,0.6548229,0.05161297
Continuous asphalt network,277.2466,45.77432,0.3273863,0.112544
Continuous asphalt network,277.5358,45.10688,0.3273919,0.04547289
Continuous asphalt network,277.9437,43.66232,1.309558,0.02555751
Continuous asphalt network,278.7595,40.77325,5.238115,0.01728831
Continuous asphalt network,275.3712,44.56807,0.6547712,0.2962805
Continuous asphalt network,276.3294,44.11757,0.3273557,0.0864996
Continuous asphalt network,275.6734,44.12231,0.3273956,0.30476
Continuous asphalt network,274.3742,44.3535,1.309564,0.3077945
Continuous asphalt network,276.4071,45.4477,0.3273845,0.1132308
Continuous asphalt network,275.751,45.45243,0.3273863,0.2799485
Continuous asphalt network,276.761,45.88871,0.6547095,0.1132327
Continuous asphalt network,276.6833,44.55858,0.6547812,0.05907065
Continuous asphalt network,275.7251,45.00906,0.3273712,0.2799546
Continuous asphalt network,276.3812,45.00433,0.3273694,0.1132369
Continuous asphalt network,276.2517,42.78743,0.327329,0.03736378
Continuous asphalt network,275.5957,42.79218,0.3273571,0.33097
Continuous asphalt network,276.6057,43.22841,0.6547712,0.01393496
Continuous asphalt network,276.528,41.89828,0.6547515,0.03560694
Continuous asphalt network,275.5698,42.3488,0.327425,0.330968
Continuous asphalt network,276.2259,42.34406,0.3273969,0.03735843
Continuous asphalt network,274.3224,43.46674,1.309564,0.2960819
Continuous asphalt network,275.6475,43.67892,0.3274111,0.296918
Continuous asphalt network,276.3035,43.67418,0.3273711,0.03327698
Continuous asphalt network,275.2935,43.23792,0.6547421,0.3162618
Continuous asphalt network,271.1974,46.15074,5.238069,0.3167409
Continuous asphalt network,268.6767,47.94322,5.238109,0.3251829
Continuous asphalt network,272.8505,46.36055,5.238077,0.311898
Continuous asphalt network,274.9892,46.45598,1.309562,0.3084878
Continuous asphalt network,276.1308,46.33682,0.163715,0.07158484
Continuous asphalt network,275.8648,46.69919,0.08185746,0.2669918
Continuous asphalt network,276.1076,46.64197,0.08186421,0.188051
Continuous asphalt network,276.5441,46.38927,0.3273578,0.113237
Continuous asphalt network,275.6194,46.00786,0.6548161,0.2705547
Continuous asphalt network,274.1108,45.46431,2.619071,0.306985
Continuous asphalt network,280.8054,42.08917,10.47652,0.01705029
Continuous asphalt network,278.9666,44.32028,2.619024,0.02669241
Continuous asphalt network,278.0472,45.43584,0.6547752,0.04580935
Continuous asphalt network,277.758,46.10328,0.6547641,0.1112783
Continuous asphalt network,278.8738,45.54075,1.309558,0.04580885
Continuous asphalt network,280.6198,44.53012,5.238167,0.03451008
Continuous asphalt network,284.1116,42.50883,20.95253,0.02837184
Continuous asphalt network,290.8956,12.94554,1.523166,0.05527283
Continuous asphalt network,292.4256,12.40135,0.761665,0.00322697
Continuous asphalt network,291.3981,12.32432,0.7616366,0.05858209
Continuous asphalt network,289.3488,12.50018,3.046363,0.06092797
Continuous asphalt network,292.4591,14.38051,0.761579,0.002151775
Continuous asphalt network,291.4316,14.30349,0.7615631,0.05226678
Continuous asphalt network,292.984,15.07871,1.52318,0.001476023
Continuous asphalt network,292.9505,13.09959,1.523189,0.002611178
Continuous asphalt network,291.4205,13.64377,0.7616354,0.05226665
Continuous asphalt network,292.4479,13.72079,0.7616514,0.002151769
Continuous asphalt network,292.3921,10.42219,0.7616023,0.06666941
Continuous asphalt network,291.3646,10.34519,0.7616025,0.1237864
Continuous asphalt network,292.917,11.12044,1.523273,0.0597476
Continuous asphalt network,292.8835,9.141246,1.523221,0.06505912
Continuous asphalt network,291.3535,9.685471,0.7616277,0.1237941
Continuous asphalt network,292.3809,9.762471,0.7616276,0.06668283
Continuous asphalt network,289.3264,11.18076,3.046406,0.1196636
Continuous asphalt network,291.387,11.6646,0.7615677,0.08671077
Continuous asphalt network,292.4145,11.74163,0.7615963,0.06923641
Continuous asphalt network,290.8621,10.9664,1.523234,0.1309081
Continuous asphalt network,262.6138,-51.94532,5.062589,0.07041968
Continuous asphalt network,260.3854,-51.90267,1.265632,0.07218026
Continuous asphalt network,259.2266,-51.62807,1.265634,0.0864925
Continuous asphalt network,260.7865,-51.02685,2.531292,0.06745835
Continuous asphalt network,263.416,-50.19368,10.125,0.06928631
Continuous asphalt network,266.1792,-46.96499,5.062623,0.0573341
Continuous asphalt network,268.0511,-44.98138,1.265609,0.0643953
Continuous asphalt network,268.8645,-44.08192,0.1582017,0.1436315
Continuous asphalt network,269.0873,-43.77066,0.07910333,0.2567783
Continuous asphalt network,269.1319,-44.02394,0.07910822,0.1289796
Continuous asphalt network,269.5775,-43.40138,0.1581991,0.2567738
Continuous asphalt network,269.4494,-43.85645,0.03954205,0.2568262
Continuous asphalt network,269.3492,-44.07541,0.03954379,0.1289614
Continuous asphalt network,269.3547,-43.71267,0.07909957,0.2567738
Continuous asphalt network,268.831,-44.68078,0.6328131,0.07689669
Continuous asphalt network,267.7391,-46.36377,2.531271,0.06220533
Continuous asphalt network,265.5553,-49.72976,10.12523,0.06293614
Continuous asphalt network,316.5687,-115.2845,0.590343,0.1544665
Continuous asphalt network,315.8042,-115.0551,0.2950948,0.3145626
Continuous asphalt network,316.3554,-114.8773,0.2951182,0.1288596
Continuous asphalt network,317.4266,-114.7697,1.180552,0.1506787
Continuous asphalt network,315.6173,-116.5433,0.2951165,0.3037563
Continuous asphalt network,316.1685,-116.3655,0.2951627,0.1706933
Continuous asphalt network,315.2794,-117.1282,0.5902566,0.28931
Continuous asphalt network,315.4663,-115.6401,0.5901492,0.3325983
Continuous asphalt network,316.2307,-115.8694,0.2951586,0.1783209
Continuous asphalt network,315.6796,-116.0472,0.2951125,0.325753
Continuous asphalt network,316.1133,-113.6466,0.1475479,0.2126396
Continuous asphalt network,315.7311,-113.5319,0.07377844,0.3304746
Continuous asphalt network,316.0067,-113.443,0.07378429,0.1744477
Continuous asphalt network,316.5423,-113.3892,0.2951185,0.1288484
Continuous asphalt network,315.6532,-114.1519,0.5902364,0.2769316
Continuous asphalt network,315.8246,-112.7878,0.07377205,0.3305009
Continuous asphalt network,316.1001,-112.6989,0.07379033,0.1255906
Continuous asphalt network,315.6556,-113.0803,0.1475472,0.3304604
Continuous asphalt network,315.749,-112.3363,0.1475859,0.3174946
Continuous asphalt network,316.1313,-112.4509,0.07377633,0.1327552
Continuous asphalt network,315.8557,-112.5398,0.07375806,0.3371995
Continuous asphalt network,316.6046,-112.8932,0.2951248,0.1288478
Continuous asphalt network,316.0378,-113.195,0.07378384,0.1745048
Continuous asphalt network,315.7622,-113.2839,0.07377798,0.330537
Continuous asphalt network,316.2068,-112.9025,0.1475635,0.1642838
Continuous asphalt network,317.5512,-113.7776,1.180489,0.1397365
Continuous asphalt network,316.4177,-114.3813,0.2951304,0.1288616
Continuous asphalt network,315.8665,-114.5591,0.295107,0.3145518
Continuous asphalt network,316.7556,-113.7963,0.5902441,0.1288639
Continuous asphalt network,313.7457,-118.8129,1.180508,0.2808408
Continuous asphalt network,313.6259,-117.6617,0.59025,0.3276819
Continuous asphalt network,314.1148,-117.9799,0.5902465,0.2820447
Continuous asphalt network,312.212,-120.4975,1.18054,0.2767311
Continuous asphalt network,313.0124,-118.3355,0.5903181,0.3276465
Continuous asphalt network,312.8878,-119.3276,0.5903013,0.2735898
Continuous asphalt network,314.7953,-114.6667,2.361234,0.3574687
Continuous asphalt network,314.6084,-116.1548,1.180479,0.3387612
Continuous asphalt network,314.7282,-117.306,0.5902538,0.2820604
Continuous asphalt network,314.2393,-116.9878,0.5902573,0.3276941
Continuous asphalt network,310.0648,-122.856,1.180539,0.2699787
Continuous asphalt network,309.9449,-121.7048,0.590259,0.3288214
Continuous asphalt network,310.4338,-122.023,0.5902835,0.2698962
Continuous asphalt network,308.8379,-124.2038,0.5902468,0.2373292
Continuous asphalt network,308.1932,-125.1256,0.1475569,0.2616416
Continuous asphalt network,307.8865,-125.4626,0.1476136,0.05191475
Continuous asphalt network,308.4089,-124.4611,0.2951255,0.274329
Continuous asphalt network,309.3315,-122.3787,0.5902143,0.3288395
Continuous asphalt network,309.2069,-123.3708,0.5902451,0.2709787
Continuous asphalt network,306.0772,-127.2361,2.360949,0
Continuous asphalt network,308.3801,-123.6375,0.1475724,0.3048684
Continuous asphalt network,308.0578,-124.0985,0.03689833,0.2451108
Continuous asphalt network,307.9044,-124.2669,0.0368923,0.01852477
Continuous asphalt network,308.1656,-123.7662,0.07380255,0.2741243
Continuous asphalt network,307.3676,-124.8565,0.1475497,0
Continuous asphalt network,307.8283,-124.0832,0.03689613,0.03656321
Continuous asphalt network,308.0739,-123.7065,0.03689809,0.145075
Continuous asphalt network,307.7666,-124.3114,0.07377402,0.005929376
Continuous asphalt network,308.9025,-122.6361,0.5902904,0.3023683
Continuous asphalt network,307.3664,-125.3924,0.5902353,0
Continuous asphalt network,307.9499,-124.4307,0.03689318,0.1805084
Continuous asphalt network,308.1033,-124.2622,0.0368936,0.2163071
Continuous asphalt network,307.9955,-124.5945,0.07378794,0.08991504
Continuous asphalt network,308.3178,-124.1336,0.1475395,0.3370819
Continuous asphalt network,307.7954,-125.135,0.2951531,0.06793766
Continuous asphalt network,311.9723,-118.1951,2.361133,0.3277015
Continuous asphalt network,313.9373,-115.1815,2.361153,0.3117261
Continuous asphalt network,310.9275,-120.198,1.180516,0.3277037
Continuous asphalt network,311.0473,-121.3492,0.5902455,0.2675099
Continuous asphalt network,310.5584,-121.031,0.5902209,0.32701
Continuous asphalt network,312.4612,-118.5134,1.180462,0.3277378
Continuous asphalt network,311.6608,-120.6754,0.5902192,0.2657054
Continuous asphalt network,311.7854,-119.6833,0.5902248,0.3277479
Continuous asphalt network,320.0769,-106.2996,9.444225,0.1252419
Continuous asphalt network,324.7451,-98.60627,4.722042,0.2063713
Continuous asphalt network,323.269,-101.9382,4.722062,0.1266525
Continuous asphalt network,317.925,-110.8014,1.180474,0.1288583
Continuous asphalt network,316.7915,-111.405,0.2951617,0.1288528
Continuous asphalt network,316.2247,-111.7068,0.07376369,0.1288755
Continuous asphalt network,315.9491,-111.7958,0.07377946,0.3061985
Continuous asphalt network,316.3937,-111.4144,0.1475503,0.1288736
Continuous asphalt network,317.1294,-110.82,0.5902847,0.1288561
Continuous asphalt network,318.6008,-109.6314,2.360951,0.1289015
Continuous asphalt network,318.227,-112.6077,2.361021,0.1382212
Continuous asphalt network,316.9425,-112.3082,0.5902681,0.1288443
Continuous asphalt network,316.3002,-112.1584,0.1475499,0.128877
Continuous asphalt network,315.918,-112.0438,0.07380246,0.3061825
Continuous asphalt network,316.1936,-111.9549,0.07378668,0.1288791
Continuous asphalt network,316.7292,-111.9011,0.2951572,0.1288507
Continuous asphalt network,317.8004,-111.7934,1.180445,0.1288619
Continuous asphalt network,321.0547,-106.936,4.722059,0.1316231
Continuous asphalt network,319.5786,-110.2679,4.722059,0.127825
Continuous asphalt network,307.8817,-127.6059,0.2951207,0.0575644
Continuous asphalt network,308.4329,-127.428,0.2951082,0.261703
Continuous asphalt network,307.5438,-128.1908,0.5902133,0.0315791
Continuous asphalt network,307.7151,-126.8267,0.07378116,0
Continuous asphalt network,307.9907,-126.7378,0.07380458,0.1874745
Continuous asphalt network,307.5462,-127.1192,0.1475565,0
Continuous asphalt network,307.6397,-126.3751,0.1475895,0
Continuous asphalt network,308.0219,-126.4897,0.07378855,0.187504
Continuous asphalt network,307.7463,-126.5787,0.07376513,0
Continuous asphalt network,308.4952,-126.932,0.2951384,0.2616966
Continuous asphalt network,307.7906,-127.2783,0.1475649,0.1142291
Continuous asphalt network,308.0974,-126.9414,0.1475797,0.144891
Continuous asphalt network,309.4419,-127.8165,1.18057,0.2617043
Continuous asphalt network,308.3083,-128.4202,0.2951481,0.2617096
Continuous asphalt network,307.7571,-128.598,0.2951715,0.03574443
Continuous asphalt network,308.6462,-127.8352,0.5903343,0.2617034
Continuous asphalt network,306.197,-128.3873,4.72199,0
Continuous asphalt network,309.8156,-124.8402,1.180542,0.2617043
Continuous asphalt network,308.6821,-125.4439,0.2951218,0.2617193
Continuous asphalt network,308.1154,-125.7457,0.07378873,0.2468085
Continuous asphalt network,307.8398,-125.8346,0.07377774,0.006771386
Continuous asphalt network,308.2843,-125.4532,0.1475492,0.2616552
Continuous asphalt network,309.02,-124.8589,0.5902749,0.2617259
Continuous asphalt network,310.5537,-123.1742,1.180463,0.2688889
Continuous asphalt network,310.4291,-124.1663,1.180505,0.2760367
Continuous asphalt network,310.1176,-126.6466,2.361062,0.2617043
Continuous asphalt network,308.8331,-126.347,0.5902321,0.261685
Continuous asphalt network,308.1909,-126.1973,0.1475519,0.2059431
Continuous asphalt network,307.8086,-126.0826,0.07378159,0
Continuous asphalt network,308.0842,-125.9937,0.07379259,0.2495533
Continuous asphalt network,308.6198,-125.9399,0.2951041,0.2617265
Continuous asphalt network,309.691,-125.8323,1.180454,0.2617043
Continuous asphalt network,308.8236,-130.6337,0.5902258,0.2616979
Continuous asphalt network,309.3124,-130.9519,0.5901977,0.3207465
Continuous asphalt network,307.8123,-131.3169,0.1475536,0.05844837
Continuous asphalt network,308.1945,-131.4315,0.07378503,0.2617471
Continuous asphalt network,307.9189,-131.5204,0.07380135,0.03480598
Continuous asphalt network,307.3833,-131.5742,0.2951136,7.270142E-06
Continuous asphalt network,308.288,-130.6874,0.07378908,0.2617121
Continuous asphalt network,308.0124,-130.7764,0.07378943,0.08106393
Continuous asphalt network,308.4569,-130.395,0.1475686,0.2616452
Continuous asphalt network,308.3634,-131.139,0.147579,0.2616951
Continuous asphalt network,307.9812,-131.0244,0.07377163,0.08106831
Continuous asphalt network,308.2568,-130.9355,0.07377127,0.261778
Continuous asphalt network,309.8061,-129.1268,1.180455,0.2616918
Continuous asphalt network,309.9259,-130.278,0.5902089,0.3207475
Continuous asphalt network,309.4371,-129.9598,0.590237,0.2616987
Continuous asphalt network,309.1256,-132.44,0.5902538,0.3415797
Continuous asphalt network,309.739,-131.7661,0.5902504,0.353112
Continuous asphalt network,309.3077,-133.0952,1.180516,0.344458
Continuous asphalt network,308.101,-132.1756,0.07376914,0.3264677
Continuous asphalt network,307.8254,-132.2645,0.07376061,0.1106087
Continuous asphalt network,308.27,-131.8831,0.1475699,0.3467214
Continuous asphalt network,308.1765,-132.6272,0.1475761,0.2714634
Continuous asphalt network,307.7943,-132.5125,0.07378268,0.1206787
Continuous asphalt network,308.0699,-132.4236,0.07379121,0.3335598
Continuous asphalt network,307.321,-132.0703,0.2951154,0.0666239
Continuous asphalt network,307.8878,-131.7684,0.0737932,0.03191158
Continuous asphalt network,308.1634,-131.6796,0.07377689,0.2631378
Continuous asphalt network,307.7188,-132.0609,0.147557,0.06711023
Continuous asphalt network,309.2502,-131.4479,0.5902644,0.324542
Continuous asphalt network,308.6367,-132.1218,0.5902678,0.3112708
Continuous asphalt network,305.9478,-130.3715,4.721941,2.105447E-06
Continuous asphalt network,308.4593,-129.3233,0.5902455,0.231431
Continuous asphalt network,307.6949,-129.094,0.2951237,0.0006164022
Continuous asphalt network,308.246,-128.9162,0.2951003,0.2746536
Continuous asphalt network,309.3173,-128.8086,1.180482,0.2617043
Continuous asphalt network,307.5079,-130.5822,0.2951315,0
Continuous asphalt network,308.2125,-130.2359,0.1475392,0.1939905
Continuous asphalt network,307.9057,-130.5728,0.1475459,0.1206406
Continuous asphalt network,307.17,-131.1671,0.5902357,4.241301E-06
Continuous asphalt network,307.3569,-129.679,0.5902737,0
Continuous asphalt network,308.1214,-129.9083,0.2951451,0.2132854
Continuous asphalt network,307.5703,-130.0861,0.2951586,0
Continuous asphalt network,313.4342,-121.2931,9.444061,0.2698995
Continuous asphalt network,316.0439,-117.3575,0.2951227,0.2012508
Continuous asphalt network,315.4927,-117.5353,0.2951213,0.2698981
Continuous asphalt network,316.3818,-116.7726,0.5902566,0.1844289
Continuous asphalt network,316.1949,-118.2607,0.5902639,0.2121765
Continuous asphalt network,315.4304,-118.0314,0.2951298,0.2698958
Continuous asphalt network,315.9816,-117.8536,0.2951313,0.2012536
Continuous asphalt network,317.3332,-115.5138,0.2951441,0.1738425
Continuous asphalt network,317.2709,-116.0098,0.2951252,0.1293138
Continuous asphalt network,318.1,-114.6714,0.2951108,0.1738271
Continuous asphalt network,317.7921,-115.5442,0.07376171,0.1739062
Continuous asphalt network,317.6076,-115.9607,0.07376114,0.2042172
Continuous asphalt network,317.7622,-115.2564,0.1475694,0.1738278
Continuous asphalt network,316.8707,-117.0908,1.180519,0.1763724
Continuous asphalt network,315.1501,-120.2636,4.721994,0.2464918
Continuous asphalt network,311.6466,-127.1052,1.180471,0.2617007
Continuous asphalt network,311.7664,-128.2564,0.5902325,0.3099861
Continuous asphalt network,311.2775,-127.9382,0.5902136,0.2617012
Continuous asphalt network,313.1803,-125.4205,1.180537,0.2628793
Continuous asphalt network,312.3799,-127.5826,0.5902765,0.3100043
Continuous asphalt network,312.5045,-126.5905,0.5902821,0.2617203
Continuous asphalt network,310.966,-130.4184,1.180616,0.3293542
Continuous asphalt network,310.1656,-132.5804,0.5902721,0.3858356
Continuous asphalt network,310.2902,-131.5883,0.5903015,0.3230993
Continuous asphalt network,310.7838,-129.7632,1.180445,0.3136505
Continuous asphalt network,310.664,-128.6121,0.5902265,0.261711
Continuous asphalt network,311.1529,-128.9303,0.5902454,0.3099936
Continuous asphalt network,311.8335,-125.6171,4.722075,0.2635012
Continuous asphalt network,311.8382,-123.4738,0.5902934,0.2698927
Continuous asphalt network,311.2247,-124.1476,0.5902593,0.2369249
Continuous asphalt network,311.6561,-122.8186,1.180517,0.2698941
Continuous asphalt network,313.1228,-123.7733,1.180474,0.2542824
Continuous asphalt network,311.7136,-124.4659,0.5902361,0.2608242
Continuous asphalt network,312.3271,-123.792,0.5902702,0.2901867
Continuous asphalt network,288.9476,-157.3341,16.28867,0.1302323
Continuous asphalt network,293.6003,-152.0473,2.036021,0.1870285
Continuous asphalt network,291.4834,-153.4317,1.018036,0.1676877
Continuous asphalt network,292.5713,-152.2929,1.018034,0.1740588
Continuous asphalt network,294.9895,-150.1771,4.072057,0.1846684
Continuous asphalt network,292.3031,-154.4452,1.018011,0.1729399
Continuous asphalt network,292.487,-155.5005,1.018038,0.1358184
Continuous asphalt network,291.4247,-154.325,2.036091,0.1407907
Continuous asphalt network,293.7842,-153.1026,2.036021,0.1826502
Continuous asphalt network,293.2735,-155.093,1.018034,0.1440224
Continuous asphalt network,293.0896,-154.0377,1.018007,0.1802798
Continuous asphalt network,288.7127,-160.9074,32.57712,0.1228033
Continuous asphalt network,300.5208,-145.0105,1.018059,0.1625181
Continuous asphalt network,299.7342,-145.418,1.018103,0.1995719
Continuous asphalt network,298.5544,-146.0292,2.036038,0.2366018
Continuous asphalt network,301.5166,-143.344,4.072113,0.1598037
Continuous asphalt network,298.8762,-147.8759,0.2545406,0.2349556
Continuous asphalt network,298.4076,-148.2625,0.1272539,0.187244
Continuous asphalt network,298.5582,-147.8968,0.127279,0.1843139
Continuous asphalt network,298.9809,-147.2464,0.5090145,0.2365918
Continuous asphalt network,299.2107,-148.5655,0.2544939,0.1607337
Continuous asphalt network,299.3026,-149.0932,0.2545076,0.1165306
Continuous asphalt network,298.7715,-148.5054,0.5090213,0.1855506
Continuous asphalt network,297.7551,-147.5938,0.2544674,0.2427905
Continuous asphalt network,297.847,-148.1215,0.2544947,0.1797543
Continuous asphalt network,297.3159,-147.5337,0.5090155,0.2291989
Continuous asphalt network,298.4957,-146.9225,0.5089869,0.2366148
Continuous asphalt network,298.3156,-147.7349,0.1272758,0.2366147
Continuous asphalt network,298.1649,-148.1006,0.1272508,0.2431998
Continuous asphalt network,298.1483,-147.3901,0.2545157,0.2366085
Continuous asphalt network,300.1607,-146.6352,0.5090377,0.1660191
Continuous asphalt network,299.6755,-146.3113,0.5090377,0.2420563
Continuous asphalt network,300.7046,-146.0658,1.018031,0.1571129
Continuous asphalt network,299.853,-147.9452,0.06364426,0.2634049
Continuous asphalt network,299.899,-148.209,0.06363028,0.1367088
Continuous asphalt network,299.6333,-147.9151,0.1272413,0.1941201
Continuous asphalt network,300.2232,-147.6095,0.127266,0.185625
Continuous asphalt network,300.0956,-148.1072,0.06361531,0.02590499
Continuous asphalt network,300.0496,-147.8433,0.0636293,0.180391
Continuous asphalt network,299.6959,-148.8895,0.2545155,0.1002424
Continuous asphalt network,299.604,-148.3618,0.2545018,0.1465814
Continuous asphalt network,299.3741,-147.0427,0.5090229,0.2366259
Continuous asphalt network,300.056,-147.2648,0.2545226,0.1857836
Continuous asphalt network,299.6627,-147.4685,0.2544864,0.2365912
Continuous asphalt network,305.0815,-139.1962,2.036097,0.1125483
Continuous asphalt network,304.4789,-140.6589,2.036096,0.1515762
Continuous asphalt network,307.2573,-136.9185,1.018087,0.1117723
Continuous asphalt network,308.7678,-135.1292,0.5090332,0.3444352
Continuous asphalt network,307.8471,-136.6129,0.06363487,0.1017416
Continuous asphalt network,308.2248,-136.1656,0.03182599,0.3442387
Continuous asphalt network,308.0135,-136.4908,0.03182507,0.3345368
Continuous asphalt network,307.5605,-137.1209,0.1272642,0.1206837
Continuous asphalt network,308.1338,-136.1048,0.06363273,0.1994329
Continuous asphalt network,307.8618,-136.3895,0.06363458,0.1794949
Continuous asphalt network,308.1485,-135.8815,0.1272565,0.3351754
Continuous asphalt network,306.232,-139.0316,0.5090593,0.1206745
Continuous asphalt network,305.3867,-140.3324,0.5090611,0.1412105
Continuous asphalt network,306.412,-138.2193,1.018069,0.1206813
Continuous asphalt network,302.7296,-144.1538,2.03619,0.1571153
Continuous asphalt network,301.1605,-146.8364,0.5090284,0.1756494
Continuous asphalt network,300.2398,-148.3201,0.06362305,0.04991868
Continuous asphalt network,300.6175,-147.8727,0.0318057,0.1106206
Continuous asphalt network,300.4062,-148.1979,0.03180316,0.05702046
Continuous asphalt network,299.9532,-148.8281,0.1272415,0.06850878
Continuous asphalt network,300.5265,-147.812,0.06363689,0.1842522
Continuous asphalt network,300.2545,-148.0967,0.0636355,0.1397701
Continuous asphalt network,300.5412,-147.5886,0.1272559,0.1737613
Continuous asphalt network,301.3405,-146.024,1.018119,0.1571158
Continuous asphalt network,303.0897,-142.5291,4.072099,0.1571148
Continuous asphalt network,294.9385,-154.8057,2.036164,0.09530164
Continuous asphalt network,294.3358,-156.2684,2.036091,0.1137092
Continuous asphalt network,297.6581,-151.9586,2.036135,0.103997
Continuous asphalt network,296.0889,-154.6412,0.5089893,0.1039928
Continuous asphalt network,295.2437,-155.9419,0.5090107,0.08542962
Continuous asphalt network,296.269,-153.8288,1.018066,0.1039943
Continuous asphalt network,292.344,-159.6014,8.144234,0.1075695
Continuous asphalt network,295.9931,-152.2459,0.5090381,0.08090277
Continuous asphalt network,295.5079,-151.922,0.5090213,0.1835732
Continuous asphalt network,296.537,-151.6765,1.018028,0.1494656
Continuous asphalt network,297.7169,-151.0653,2.036089,0.1053746
Continuous asphalt network,294.4533,-154.4818,2.036114,0.1078784
Continuous asphalt network,295.2526,-152.9172,0.2544962,0.1407446
Continuous asphalt network,295.1606,-152.3895,0.2545144,0.1817177
Continuous asphalt network,295.6918,-152.9772,0.5090362,0.1039872
Continuous asphalt network,294.512,-153.5885,0.508994,0.128263
Continuous asphalt network,294.7674,-152.5933,0.2545133,0.1870502
Continuous asphalt network,294.8593,-153.1209,0.2544951,0.1467114
Continuous asphalt network,297.3491,-148.9547,2.036054,0.2115645
Continuous asphalt network,298.4702,-149.2368,0.5090324,0.2000517
Continuous asphalt network,298.9554,-149.5607,0.5090226,0.107276
Continuous asphalt network,297.9262,-149.8063,1.018061,0.1388647
Continuous asphalt network,296.2612,-150.0936,4.072157,0.1969739
Continuous asphalt network,100.5177,-366.251,24.31666,0.02175779
Continuous asphalt network,110.2637,-350.8826,24.55034,0.02322977
Continuous asphalt network,63.94481,-331.3846,16.63956,0.009831967
Continuous asphalt network,177.4653,-221.3122,39.12122,0.05037184
Continuous asphalt network,173.9404,-227.8774,39.12104,0.04343166
Continuous asphalt network,166.4225,-244.3454,39.12094,0.04014129
Continuous asphalt network,170.8833,-231.1049,39.121,0.0441399
Continuous asphalt network,155.8476,-264.041,39.12101,0.03516794
Continuous asphalt network,145.92,-283.764,19.56056,0.03056224
Continuous asphalt network,151.6754,-270.5786,19.56053,0.03414755
Continuous asphalt network,160.9557,-250.828,39.12113,0.03855271
Continuous asphalt network,168.9414,-231.0222,19.56078,0.04442744
Continuous asphalt network,164.4806,-244.2628,19.56075,0.04048484
Continuous asphalt network,208.0704,-167.1572,6.517271,0.05662687
Continuous asphalt network,210.7504,-164.9633,1.629289,0.05516377
Continuous asphalt network,212.4121,-163.6705,0.8146424,0.02758563
Continuous asphalt network,211.6623,-164.6896,0.8146539,0.05481112
Continuous asphalt network,209.8942,-166.6099,3.258583,0.05675961
Continuous asphalt network,206.3581,-170.4504,13.03458,0.06126252
Continuous asphalt network,208.9213,-162.1374,6.517375,0.05186313
Continuous asphalt network,211.7129,-162.6893,3.258605,0.03773529
Continuous asphalt network,210.4261,-163.4725,3.258654,0.0523594
Continuous asphalt network,207.4218,-164.1756,13.03479,0.05929891
Continuous asphalt network,200.3599,-178.6031,26.06937,0.06708981
Continuous asphalt network,203.6729,-169.271,6.517507,0.07394906
Continuous asphalt network,205.5979,-164.7229,6.517543,0.05924549
Continuous asphalt network,203.7845,-172.0168,13.03471,0.06650256
Continuous asphalt network,191.3627,-190.8322,26.06931,0.06150746
Continuous asphalt network,182.9025,-203.2972,13.03434,0.05562909
Continuous asphalt network,187.8266,-194.6727,13.03435,0.06230156
Continuous asphalt network,195.7497,-181.9718,26.0693,0.0693553
Continuous asphalt network,201.3678,-170.9554,6.51736,0.07354901
Continuous asphalt network,204.7923,-164.3691,3.258423,0.05717165
Continuous asphalt network,202.8673,-168.9172,3.258405,0.07236021
Continuous asphalt network,198.7488,-177.8955,13.03474,0.06682224
Continuous asphalt network,101.6165,-288.7908,46.51485,0.03046061
Continuous asphalt network,94.07745,-299.8885,23.25732,0.02524562
Continuous asphalt network,97.70565,-291.8056,23.2572,0.02459393
Continuous asphalt network,-21.8428,-327.4966,60.71378,0.001458915
Continuous asphalt network,-39.24146,-317.5033,57.61993,0.009040188
Continuous asphalt network,-79.48465,-252.6451,23.84921,0.006274348
Continuous asphalt network,-94.18002,-240.965,28.01262,0.003704473
Continuous asphalt network,-121.0335,-225.861,16.85672,0
Continuous asphalt network,-111.4841,-234.1383,16.85665,0
Continuous asphalt network,-126.5791,-222.6233,33.71363,0
Continuous asphalt network,-142.4451,-212.0091,16.85643,0
Continuous asphalt network,-152.9581,-204.858,4.214259,0.01260388
Continuous asphalt network,-158.1183,-201.1697,4.214284,0.0179024
Continuous asphalt network,-149.9926,-206.2516,8.428245,0.002439048
Continuous asphalt network,-136.514,-214.7964,33.7136,0
Continuous asphalt network,-110.3277,-232.787,33.71326,0
Continuous asphalt network,-119.8772,-224.5098,33.7134,0
Continuous asphalt network,-104.0112,-235.1239,67.42688,0
Continuous asphalt network,-19.37716,-288.2242,14.29479,0.08443991
Continuous asphalt network,-22.46076,-289.1633,14.29491,0.0795946
Continuous asphalt network,-18.79209,-281.8648,14.29496,0.02978293
Continuous asphalt network,-17.6891,-286.1648,1.78695,0.0866993
Continuous asphalt network,-17.31023,-284.7616,0.4466858,0.08670027
Continuous asphalt network,-17.04439,-283.9081,0.2233625,0.04550367
Continuous asphalt network,-16.96466,-284.3989,0.2233333,0.08669743
Continuous asphalt network,-16.99792,-285.4392,0.8934482,0.08670139
Continuous asphalt network,-17.06447,-287.5198,3.573827,0.08881161
Continuous asphalt network,-19.85553,-285.2793,3.573712,0.08311842
Continuous asphalt network,-18.39346,-284.3189,0.8933741,0.06631812
Continuous asphalt network,-17.4697,-283.7801,0.4467597,0.03476229
Continuous asphalt network,-17.77542,-284.3882,0.4467171,0.0851388
Continuous asphalt network,-18.61946,-285.4179,1.786876,0.08669933
Continuous asphalt network,-15.12343,-274.5664,14.29494,0.03142342
Continuous asphalt network,-12.8371,-268.7191,3.57383,0.03081555
Continuous asphalt network,-11.61421,-266.2863,3.573748,0.03143942
Continuous asphalt network,-13.12964,-271.8988,7.147496,0.03449495
Continuous asphalt network,-15.2565,-278.7277,14.29511,0.02187242
Continuous asphalt network,-15.50258,-283.4384,1.78687,0.02610063
Continuous asphalt network,-15.45612,-284.9696,0.8934428,0.08669808
Continuous asphalt network,-16.19376,-284.1641,0.2233641,0.07160598
Continuous asphalt network,-16.46621,-283.732,0.2233735,0.02295127
Continuous asphalt network,-15.67208,-284.2627,0.4467292,0.0717515
Continuous asphalt network,-15.90811,-287.1676,1.786896,0.08881226
Continuous asphalt network,-16.41975,-285.2631,0.446711,0.08670023
Continuous asphalt network,-16.67558,-284.3108,0.1116895,0.08669744
Continuous asphalt network,-16.7553,-283.82,0.1117041,0.04550651
Continuous asphalt network,-16.44298,-284.4975,0.2233554,0.08669743
Continuous asphalt network,-15.95457,-285.6365,0.8934254,0.08670039
Continuous asphalt network,-16.47939,-281.1605,7.147486,0.02211856
Continuous asphalt network,-6.5632,-257.5367,28.59012,0.03459576
Continuous asphalt network,0.00323232,-243.1745,14.29491,0.05638788
Continuous asphalt network,-2.509087,-250.1208,7.147484,0.06025877
Continuous asphalt network,-4.183959,-254.7516,7.147481,0.03395365
Continuous asphalt network,-8.304614,-264.2481,14.29512,0.03526431
Continuous asphalt network,-9.627319,-269.8019,3.573773,0.04814978
Continuous asphalt network,-10.28868,-272.5788,0.8934463,0.0481488
Continuous asphalt network,-10.61936,-273.9673,0.223355,0.04814894
Continuous asphalt network,-10.78469,-274.6615,0.05583686,0.1545584
Continuous asphalt network,-10.89353,-275.081,0.0279209,0.5063912
Continuous asphalt network,-10.88521,-274.8209,0.02791674,0.2796039
Continuous asphalt network,-10.82039,-274.286,0.1116829,0.04815058
Continuous asphalt network,-10.69076,-273.2164,0.4467164,0.04814796
Continuous asphalt network,-10.43149,-271.077,1.786844,0.04814979
Continuous asphalt network,-9.912956,-266.7984,7.147566,0.03771788
Continuous asphalt network,-12.14917,-276.3004,0.02792137,0.02197999
Continuous asphalt network,-11.9606,-276.3718,0.01395522,0.3455315
Continuous asphalt network,-12.05696,-276.4011,0.01395988,0.02567951
Continuous asphalt network,-12.2717,-276.4021,0.05584475,0.02213236
Continuous asphalt network,-12.11469,-275.968,0.05583727,0.04350356
Continuous asphalt network,-11.95645,-276.2417,0.02792526,0.2423836
Continuous asphalt network,-12.09683,-276.1557,0.02792779,0.03297749
Continuous asphalt network,-11.80653,-276.7755,0.1116663,0.3624677
Continuous asphalt network,-12.18365,-276.6328,0.0558439,0.02207828
Continuous asphalt network,-12.01294,-276.5165,0.01396124,0.1330477
Continuous asphalt network,-11.91659,-276.4872,0.01395659,0.3624604
Continuous asphalt network,-12.01711,-276.6465,0.02791533,0.1791696
Continuous asphalt network,-12.5965,-276.1147,0.4467467,0.02796857
Continuous asphalt network,-11.53652,-275.7919,0.05583986,0.5065034
Continuous asphalt network,-11.44847,-276.0226,0.05584935,0.3365558
Continuous asphalt network,-11.82145,-275.7499,0.01396345,0.1582931
Continuous asphalt network,-11.77743,-275.8653,0.01396091,0.4674111
Continuous asphalt network,-11.93982,-275.7215,0.02792119,0.02454334
Continuous asphalt network,-11.65073,-275.6335,0.02792796,0.2870556
Continuous asphalt network,-11.68106,-275.8359,0.01396058,0.5062109
Continuous asphalt network,-11.72509,-275.7206,0.01396312,0.2624339
Continuous asphalt network,-11.19508,-275.5591,0.1116704,0.5063187
Continuous asphalt network,-11.22957,-275.8915,0.02792177,0.4948974
Continuous asphalt network,-11.28191,-276.0363,0.027924,0.5320899
Continuous asphalt network,-11.34378,-275.7332,0.05583913,0.5063721
Continuous asphalt network,-11.56147,-276.5721,0.2233605,0.3624405
Continuous asphalt network,-11.83392,-276.14,0.05584445,0.3260381
Continuous asphalt network,-11.99215,-275.8662,0.0279113,0.04685077
Continuous asphalt network,-11.85177,-275.9523,0.02791416,0.4183072
Continuous asphalt network,-11.59718,-276.1967,0.1116804,0.3734649
Continuous asphalt network,-12.26096,-277.5578,0.223352,0.05807799
Continuous asphalt network,-11.84933,-277.368,0.02792635,0.3623646
Continuous asphalt network,-12.0379,-277.2967,0.01395937,0.1127878
Continuous asphalt network,-11.94154,-277.2674,0.01396071,0.327493
Continuous asphalt network,-11.7268,-277.2663,0.0558341,0.3624415
Continuous asphalt network,-11.88382,-277.7005,0.05585012,0.3263625
Continuous asphalt network,-12.04207,-277.4267,0.0279143,0.1166881
Continuous asphalt network,-11.90168,-277.5128,0.02791844,0.3431515
Continuous asphalt network,-12.2776,-278.078,0.4467594,0.04705611
Continuous asphalt network,-12.80586,-276.6936,0.4467131,0.02173973
Continuous asphalt network,-12.19197,-276.8929,0.1116873,0.02122539
Continuous asphalt network,-11.81485,-277.0356,0.05582969,0.3624431
Continuous asphalt network,-11.98555,-277.152,0.01396325,0.3166386
Continuous asphalt network,-12.08192,-277.1814,0.01396191,0.02214231
Continuous asphalt network,-11.98139,-277.0219,0.02791983,0.1924166
Continuous asphalt network,-12.43705,-277.0963,0.2233598,0.02214607
Continuous asphalt network,-12.97709,-279.0636,3.573801,0.02194246
Continuous asphalt network,-14.05714,-282.9983,0.893418,0.02202634
Continuous asphalt network,-14.49251,-284.6761,0.4467424,0.08670004
Continuous asphalt network,-14.45922,-283.6358,0.4467581,0.04526972
Continuous asphalt network,-15.32995,-286.9915,0.8934131,0.08881212
Continuous asphalt network,-14.99095,-285.343,0.4467035,0.08669805
Continuous asphalt network,-14.74832,-283.7238,0.2233527,0.04527687
Continuous asphalt network,-14.7816,-284.7642,0.2233448,0.0867052
Continuous asphalt network,-13.78125,-280.3387,3.573723,0.02213898
Continuous asphalt network,-12.32232,-275.001,0.4467434,0.03042851
Continuous asphalt network,-11.63616,-275.1783,0.111688,0.04882369
Continuous asphalt network,-11.25904,-275.321,0.01395757,0.3917995
Continuous asphalt network,-11.32715,-275.213,0.01395486,0.1168167
Continuous asphalt network,-11.12862,-275.3457,0.02791267,0.5064235
Continuous asphalt network,-11.46589,-275.4485,0.01395709,0.2931271
Continuous asphalt network,-11.42351,-275.2424,0.01396295,0.04816906
Continuous asphalt network,-11.85714,-275.3744,0.2233748,0.04729027
Continuous asphalt network,-12.76427,-275.3932,0.8934368,0.03513962
Continuous asphalt network,-12.42528,-273.7447,0.8934029,0.03313478
Continuous asphalt network,-11.68765,-274.5502,0.2233315,0.04814758
Continuous asphalt network,-11.31884,-274.9529,0.05583298,0.04815354
Continuous asphalt network,-11.10038,-275.2083,0.0279211,0.4806758
Continuous asphalt network,-11.26485,-275.1297,0.02792056,0.1145335
Continuous asphalt network,-11.57967,-274.9036,0.1116764,0.04814804
Continuous asphalt network,-12.20933,-274.4515,0.4466672,0.02273632
Continuous asphalt network,-11.97329,-271.5466,1.786881,0.03532706
Continuous asphalt network,-11.46166,-273.4512,0.4467288,0.04814957
Continuous asphalt network,-11.20584,-274.4034,0.1116764,0.04815507
Continuous asphalt network,-11.07793,-274.8795,0.02791938,0.0481391
Continuous asphalt network,-11.03807,-275.125,0.02792761,0.3961585
Continuous asphalt network,-11.19423,-274.7862,0.05583792,0.04815555
Continuous asphalt network,-11.43843,-274.2168,0.2233464,0.0481496
Continuous asphalt network,-11.92684,-273.0778,0.8934504,0.0235612
Continuous asphalt network,-11.06931,-267.1506,3.573763,0.03771403
Continuous asphalt network,-11.16912,-270.2715,1.786873,0.04814652
Continuous asphalt network,-11.05957,-272.8136,0.4467297,0.04814677
Continuous asphalt network,-11.0048,-274.0847,0.111684,0.0481473
Continuous asphalt network,-10.97741,-274.7202,0.02791749,0.06963681
Continuous asphalt network,-10.9658,-275.1029,0.01395953,0.437246
Continuous asphalt network,-11.00566,-274.8575,0.01395541,0.1582401
Continuous asphalt network,-11.0613,-274.3594,0.05583726,0.04814213
Continuous asphalt network,-11.17257,-273.3631,0.2233717,0.04814712
Continuous asphalt network,-11.39511,-271.3705,0.8934602,0.04814694
Continuous asphalt network,-19.37668,-113.6381,8.998087,0.03875714
Continuous asphalt network,-94.04458,-53.96517,47.18348,0.01472633
Continuous asphalt network,-104.7222,-45.49777,23.5917,0.01906983
Continuous asphalt network,-96.8281,-49.79384,23.59165,0.0142903
Continuous asphalt network,-364.1587,11.98761,4.919834,0.004829789
Continuous asphalt network,-286.8136,55.53151,26.10614,0.004678195
Continuous asphalt network,-298.901,59.54909,13.9284,0.006531142
Continuous asphalt network,-340.0187,59.44828,41.81288,0.007461183
Continuous asphalt network,-334.7464,66.09896,41.81235,0.006893805
Continuous asphalt network,-99.9873,22.74012,35.83175,0.001308988
Continuous asphalt network,-75.83549,12.22368,66.83829,0.000156438
Continuous asphalt network,-62.359,3.054744,16.70966,0.00554018
Continuous asphalt network,-54.31083,-2.558706,8.354656,0.004453105
Continuous asphalt network,-59.9278,0.4362691,8.354685,0.001966922
Continuous asphalt network,-70.97308,6.98673,33.4193,0.005221121
Continuous asphalt network,-87.632,13.26118,18.3887,0.0003875465
Continuous asphalt network,-91.04181,21.65245,80.75983,0.0002663471
Continuous asphalt network,9.585462,-55.57538,2.737972,0.06546547
Continuous asphalt network,11.48551,-55.48619,2.738001,0.0622799
Continuous asphalt network,8.44118,-56.90998,5.475913,0.05644393
Continuous asphalt network,9.023964,-53.03997,5.475885,0.05609841
Continuous asphalt network,11.67977,-54.19618,2.737957,0.06056514
Continuous asphalt network,9.779725,-54.28537,2.737929,0.06394783
Continuous asphalt network,147.1605,-88.76754,25.98325,0.001368108
Continuous asphalt network,158.6211,-96.08666,3.247858,0.01173603
Continuous asphalt network,156.2558,-94.62335,0.8119763,0.01089886
Continuous asphalt network,155.5241,-94.62838,0.8119857,0.090791
Continuous asphalt network,157.3123,-95.84906,0.8119729,0
Continuous asphalt network,156.0807,-95.48764,0.2029805,0.052125
Continuous asphalt network,155.5036,-95.24502,0.2029881,0.09079105
Continuous asphalt network,156.5238,-95.3613,0.4059818,0.005224613
Continuous asphalt network,162.6973,-98.89451,0.4059941,0
Continuous asphalt network,163.7356,-99.56551,0.1015099,0
Continuous asphalt network,164.2548,-99.90102,0.02537292,0.1887785
Continuous asphalt network,164.5047,-100.0842,0.02537018,0.2595546
Continuous asphalt network,164.0912,-99.87132,0.05075271,0.04445776
Continuous asphalt network,163.4084,-99.50611,0.2029958,0
Continuous asphalt network,162.0428,-98.77572,0.8119737,0
Continuous asphalt network,165.6964,-101.0933,0.8119655,0.3776958
Continuous asphalt network,163.2538,-99.75378,0.1015039,0.0175274
Continuous asphalt network,164.0229,-100.2725,0.05076128,0.3177431
Continuous asphalt network,163.4845,-99.96798,0.05076185,0.2427088
Continuous asphalt network,162.4268,-99.32792,0.2030111,0
Continuous asphalt network,164.0809,-100.1796,0.1014898,0.2365636
Continuous asphalt network,163.5811,-99.81317,0.1014883,0.07518081
Continuous asphalt network,164.4081,-100.239,0.202986,0.3529803
Continuous asphalt network,159.2344,-97.43872,0.811958,0
Continuous asphalt network,157.0418,-96.28247,0.2029839,0
Continuous asphalt network,155.6762,-95.55206,0.1015062,0.2450698
Continuous asphalt network,156.2533,-95.7947,0.1014908,0.02792607
Continuous asphalt network,157.6575,-96.46317,0.4059819,0
Continuous asphalt network,160.466,-97.80016,1.623949,0
Continuous asphalt network,149.7732,-91.58545,0.4059974,0.04149685
Continuous asphalt network,150.7729,-92.31837,0.4060064,0.05918668
Continuous asphalt network,149.1188,-91.46665,0.8119785,0.009773174
Continuous asphalt network,152.2725,-93.41776,0.4059873,0.09079281
Continuous asphalt network,153.5801,-94.24102,0.02538447,0.0659185
Continuous asphalt network,153.8301,-94.42425,0.02538575,0.09079427
Continuous asphalt network,153.4165,-94.21133,0.05075443,0.08506298
Continuous asphalt network,154.3299,-94.79071,0.05075068,0.09079603
Continuous asphalt network,153.7818,-94.50165,0.01268281,0.09085456
Continuous asphalt network,153.5125,-94.34937,0.01268283,0.05757505
Continuous asphalt network,153.9357,-94.54684,0.02537419,0.09079769
Continuous asphalt network,152.7337,-93.84613,0.2030108,0.09079134
Continuous asphalt network,150.6184,-92.56604,0.8119594,0.08465818
Continuous asphalt network,146.3876,-90.00585,3.24791,0
Continuous asphalt network,152.5816,-92.92243,0.8119925,0.09079671
Continuous asphalt network,153.6098,-93.90176,0.1014898,0.0908054
Continuous asphalt network,153.9653,-94.20755,0.0507423,0.104506
Continuous asphalt network,153.6768,-94.08624,0.05074283,0.09079625
Continuous asphalt network,154.3879,-94.69784,0.1015016,0.09076997
Continuous asphalt network,153.8687,-94.36233,0.02537078,0.09527548
Continuous asphalt network,153.6188,-94.1791,0.0253695,0.07105707
Continuous asphalt network,154.0323,-94.39204,0.05075003,0.08931776
Continuous asphalt network,152.927,-93.53656,0.4059732,0.09080289
Continuous asphalt network,150.9275,-92.0707,0.4059972,0.04541523
Continuous asphalt network,149.9278,-91.33778,0.4059882,0
Continuous asphalt network,151.5819,-92.18951,0.8119738,0.07996289
Continuous asphalt network,154.5811,-94.38827,0.405971,0.09080646
Continuous asphalt network,154.0813,-94.0218,0.1015011,0.1045056
Continuous asphalt network,153.8699,-93.77666,0.1014983,0.09079783
Continuous asphalt network,154.3414,-93.89671,0.2029936,0.05904223
Continuous asphalt network,155.1015,-94.13808,0.811997,0.09078974
Continuous asphalt network,153.3134,-92.9174,0.8120086,0.09079245
Continuous asphalt network,154.5449,-93.27881,0.2030035,0.0542305
Continuous asphalt network,155.1221,-93.52145,0.2030033,0.09078965
Continuous asphalt network,154.1018,-93.40517,0.4059837,0.07868168
Continuous asphalt network,132.1959,-81.22591,0.811954,0.02398079
Continuous asphalt network,130.8509,-79.8789,0.4059837,0.05531203
Continuous asphalt network,131.8506,-80.61181,0.4059781,0.03504686
Continuous asphalt network,133.7728,-82.20146,1.623947,0
Continuous asphalt network,130.4644,-80.49805,3.247859,0.04958425
Continuous asphalt network,136.7719,-84.40024,1.623973,0.02346378
Continuous asphalt network,139.3485,-86.1087,0.4059648,0.05747703
Continuous asphalt network,140.8867,-87.14615,0.2029856,0
Continuous asphalt network,139.8097,-86.53706,0.2029824,0.04970655
Continuous asphalt network,137.1172,-85.01435,0.4059734,0.05402745
Continuous asphalt network,137.9829,-85.3783,0.2029781,0.05403951
Continuous asphalt network,138.56,-85.62093,0.2029861,0.03814713
Continuous asphalt network,133.3863,-82.82063,0.8120342,0.003095695
Continuous asphalt network,131.2323,-81.60246,0.8120193,0.04473487
Continuous asphalt network,134.6179,-83.18204,1.624,0.01327756
Continuous asphalt network,123.8478,-77.09116,1.624008,0.08158002
Continuous asphalt network,126.4244,-78.79963,0.405995,0.05531885
Continuous asphalt network,127.7127,-79.65385,0.1014912,0.04985052
Continuous asphalt network,128.4818,-80.17262,0.05076068,0.05532145
Continuous asphalt network,127.9433,-79.86805,0.05075828,0.03244201
Continuous asphalt network,126.8856,-79.228,0.2029826,0.05532878
Continuous asphalt network,124.7703,-77.94792,0.8120039,0.05142812
Continuous asphalt network,119.9624,-75.1451,0.4059994,0
Continuous asphalt network,121.5006,-76.18257,0.2029983,0.04197257
Continuous asphalt network,120.4236,-75.57348,0.2029997,0
Continuous asphalt network,118.3083,-74.29339,0.8119875,0
Continuous asphalt network,121.4053,-75.75169,0.2029852,0.01162086
Continuous asphalt network,121.8278,-76.24197,0.2029956,0.1325274
Continuous asphalt network,120.6168,-75.26391,0.4059796,0
Continuous asphalt network,122.4823,-76.36076,0.4060025,0.09117298
Continuous asphalt network,122.0597,-75.87048,0.4059857,0.01511061
Continuous asphalt network,126.7336,-78.30432,0.8119556,0.05531683
Continuous asphalt network,127.8673,-79.40621,0.2029906,0.05138811
Continuous asphalt network,128.5398,-80.07973,0.1015027,0.055314
Continuous asphalt network,128.0399,-79.71326,0.1014981,0.03443817
Continuous asphalt network,127.0789,-78.91843,0.4059691,0.05531648
Continuous asphalt network,125.1567,-77.32876,1.623906,0.05475769
Continuous asphalt network,128.733,-79.77016,0.4059899,0.06259114
Continuous asphalt network,128.3104,-79.27987,0.4059829,0.04486012
Continuous asphalt network,129.2534,-79.51999,0.8119899,0.04845988
Continuous asphalt network,127.4653,-78.29929,0.8119974,0.05531551
Continuous asphalt network,128.6969,-78.66071,0.202989,0.05531309
Continuous asphalt network,129.274,-78.90334,0.2029953,0.0543534
Continuous asphalt network,128.2537,-78.78706,0.4059828,0.05531466
Continuous asphalt network,137.3902,-83.40958,3.247903,0.0116158
Continuous asphalt network,139.6576,-85.61337,0.8119978,0.05109851
Continuous asphalt network,141.0026,-86.9604,0.4060025,0
Continuous asphalt network,139.7143,-86.10618,0.2030053,0.1166391
Continuous asphalt network,140.2915,-86.34879,0.2030012,0.01586277
Continuous asphalt network,138.0808,-84.63783,1.624013,0.04132558
Continuous asphalt network,134.0819,-81.70615,1.623953,0
Continuous asphalt network,132.0051,-80.36414,0.4059864,0.03505925
Continuous asphalt network,131.0054,-79.63123,0.4059921,0.05531993
Continuous asphalt network,132.6596,-80.48294,0.8119617,0.0101457
Continuous asphalt network,135.3907,-81.94374,3.247925,0
Continuous asphalt network,141.6982,-85.84592,6.495799,0.01161583
Continuous asphalt network,140.0079,-83.88477,6.495799,0.02491052
Continuous asphalt network,158.7034,-93.62012,12.9918,0.006066506
Continuous asphalt network,163.2383,-98.0277,3.247904,0
Continuous asphalt network,165.4245,-99.92379,0.02537769,0.09596836
Continuous asphalt network,165.3543,-100.1092,0.01268704,0.3776217
Continuous asphalt network,165.3402,-99.98603,0.01268915,0.09828882
Continuous asphalt network,165.3575,-99.7393,0.05075536,0
Continuous asphalt network,165.6287,-100.1073,0.01268838,0.3776441
Continuous asphalt network,165.6145,-99.98412,0.01268628,0.09428716
Continuous asphalt network,165.7273,-100.1683,0.02537738,0.3776748
Continuous asphalt network,165.4529,-100.1702,0.0253777,0.3776411
Continuous asphalt network,165.5231,-99.98475,0.01268676,0.09430645
Continuous asphalt network,165.5373,-100.108,0.01268886,0.3776496
Continuous asphalt network,165.0799,-100.1111,0.01269165,0.3776737
Continuous asphalt network,165.0658,-99.98791,0.01268953,0.1020227
Continuous asphalt network,165.1785,-100.1721,0.02537065,0.3776433
Continuous asphalt network,164.9041,-100.174,0.02537652,0.3776613
Continuous asphalt network,164.9743,-99.98853,0.01268554,0.1020419
Continuous asphalt network,164.9885,-100.1117,0.01268767,0.3776848
Continuous asphalt network,165.1746,-99.74056,0.05074625,0
Continuous asphalt network,165.2487,-99.98666,0.01268592,0.09826917
Continuous asphalt network,165.2629,-100.1099,0.01268381,0.3776138
Continuous asphalt network,165.1502,-99.92568,0.02537104,0.0998398
Continuous asphalt network,165.717,-100.4766,0.4059879,0.3776733
Continuous asphalt network,166.3508,-101.2121,0.8120131,0.3776711
Continuous asphalt network,163.6403,-99.13461,0.202994,0
Continuous asphalt network,164.2071,-99.68558,0.05074814,0
Continuous asphalt network,164.5434,-100.0223,0.02536885,0.1927146
Continuous asphalt network,164.2935,-99.83911,0.02537159,0
Continuous asphalt network,163.8129,-99.44167,0.1014945,0
Continuous asphalt network,162.8519,-98.64684,0.4059941,0
Continuous asphalt network,164.6258,-99.74432,0.0507517,0
Continuous asphalt network,164.6999,-99.99043,0.01268958,0.1059728
Continuous asphalt network,164.7141,-100.1136,0.01268433,0.377641
Continuous asphalt network,164.6014,-99.92945,0.02537847,0.1075564
Continuous asphalt network,164.4287,-99.6224,0.1015055,0
Continuous asphalt network,164.9775,-99.61861,0.1015067,0
Continuous asphalt network,164.8757,-99.92756,0.02537559,0.1036951
Continuous asphalt network,164.8055,-100.113,0.01268175,0.3776529
Continuous asphalt network,164.7914,-99.98978,0.01268701,0.1059926
Continuous asphalt network,164.8088,-99.74306,0.05074709,0
Continuous asphalt network,164.2947,-99.25341,0.4060073,0
Continuous asphalt network,160.0845,-96.07661,6.495841,0.002736208
Continuous asphalt network,152.3959,-89.71793,25.98346,0.005867853
Continuous asphalt network,166.5877,-98.49784,3.247977,0
Continuous asphalt network,167.0258,-100.7142,0.4059956,0.3776633
Continuous asphalt network,167.2751,-100.096,0.01268946,0.3777535
Continuous asphalt network,167.2609,-99.9728,0.01269413,0.07124609
Continuous asphalt network,167.3736,-100.157,0.02537112,0.3777553
Continuous asphalt network,167.0993,-100.1589,0.02537642,0.377805
Continuous asphalt network,167.1694,-99.97343,0.01268526,0.07122406
Continuous asphalt network,167.1836,-100.0966,0.01268059,0.3777456
Continuous asphalt network,167.3698,-99.72546,0.050753,0
Continuous asphalt network,167.4438,-99.97155,0.01268636,0.06737779
Continuous asphalt network,167.458,-100.0947,0.01268636,0.3777048
Continuous asphalt network,167.3453,-99.91056,0.02537599,0.06892826
Continuous asphalt network,167.3633,-100.4653,0.2029986,0.3776731
Continuous asphalt network,167.2939,-101.4522,0.8119786,0.3776852
Continuous asphalt network,166.1775,-100.1036,0.01268888,0.3775667
Continuous asphalt network,166.1633,-99.98035,0.01268892,0.0867051
Continuous asphalt network,166.2761,-100.1645,0.02537555,0.3777041
Continuous asphalt network,166.0017,-100.1664,0.02537237,0.377668
Continuous asphalt network,166.0719,-99.98098,0.01268601,0.08668179
Continuous asphalt network,166.0861,-100.1042,0.01268598,0.3775491
Continuous asphalt network,166.2722,-99.73302,0.05075018,0
Continuous asphalt network,166.3463,-99.9791,0.01268603,0.08283949
Continuous asphalt network,166.3605,-100.1023,0.01268808,0.3776893
Continuous asphalt network,166.2477,-99.91813,0.02537462,0.08438247
Continuous asphalt network,166.2658,-100.4728,0.2029836,0.3776694
Continuous asphalt network,165.7234,-99.73679,0.05074948,0
Continuous asphalt network,165.7975,-99.98287,0.01268317,0.09056225
Continuous asphalt network,165.8117,-100.1061,0.01268739,0.3776328
Continuous asphalt network,165.6989,-99.92191,0.02537316,0.09211238
Continuous asphalt network,165.5263,-99.61483,0.1014938,0
Continuous asphalt network,166.0751,-99.61106,0.101495,0
Continuous asphalt network,165.9733,-99.92001,0.02537035,0.08824991
Continuous asphalt network,165.9031,-100.1054,0.0126942,0.3776593
Continuous asphalt network,165.889,-99.98224,0.01268998,0.09058696
Continuous asphalt network,165.9063,-99.73553,0.05074796,0
Continuous asphalt network,166.821,-99.72922,0.05074026,0
Continuous asphalt network,166.8951,-99.97534,0.01268827,0.07510743
Continuous asphalt network,166.9092,-100.0985,0.01268196,0.3778127
Continuous asphalt network,166.7965,-99.91434,0.02537698,0.07676174
Continuous asphalt network,166.6239,-99.60728,0.1014912,0
Continuous asphalt network,167.1727,-99.60349,0.1014961,0
Continuous asphalt network,167.0709,-99.91245,0.02537965,0.07278015
Continuous asphalt network,167.0007,-100.0979,0.01268502,0.3778054
Continuous asphalt network,166.9865,-99.9747,0.01269133,0.07510556
Continuous asphalt network,167.0039,-99.72796,0.05075186,0
Continuous asphalt network,166.6316,-100.4703,0.2029886,0.3776704
Continuous asphalt network,166.5221,-99.91624,0.02537574,0.08052125
Continuous asphalt network,166.4519,-100.1017,0.01268219,0.3777164
Continuous asphalt network,166.4377,-99.97848,0.01268014,0.08286583
Continuous asphalt network,166.4551,-99.73176,0.05075462,0
Continuous asphalt network,166.7263,-100.0998,0.01268612,0.3776294
Continuous asphalt network,166.7121,-99.97659,0.01268979,0.07894985
Continuous asphalt network,166.8249,-100.1607,0.02536392,0.3776667
Continuous asphalt network,166.5505,-100.1626,0.02537484,0.3777318
Continuous asphalt network,166.6207,-99.9772,0.01269128,0.07895019
Continuous asphalt network,166.6348,-100.1004,0.01268761,0.3776278
Continuous asphalt network,165.0109,-97.5223,6.495821,0
Continuous asphalt network,169.4012,-97.49209,6.495874,0
Continuous asphalt network,168.3727,-100.0885,0.01268689,0.3777303
Continuous asphalt network,168.3585,-99.96525,0.01268898,0.05578889
Continuous asphalt network,168.4712,-100.1494,0.02537139,0.3776693
Continuous asphalt network,168.1968,-100.1513,0.02537978,0.3777103
Continuous asphalt network,168.267,-99.96588,0.01268866,0.05579187
Continuous asphalt network,168.2812,-100.0891,0.01268656,0.3777408
Continuous asphalt network,168.4673,-99.7179,0.05074238,0
Continuous asphalt network,168.5414,-99.96399,0.01268714,0.05195505
Continuous asphalt network,168.5556,-100.0872,0.01268399,0.3777528
Continuous asphalt network,168.4429,-99.90302,0.02537436,0.05359225
Continuous asphalt network,168.4609,-100.4577,0.2030026,0.3776653
Continuous asphalt network,167.9185,-99.72168,0.0507544,0
Continuous asphalt network,167.9926,-99.96777,0.01269084,0.05968199
Continuous asphalt network,168.0068,-100.091,0.01269187,0.3776796
Continuous asphalt network,167.8941,-99.9068,0.02537822,0.06131692
Continuous asphalt network,167.7215,-99.59973,0.1014922,0
Continuous asphalt network,168.2702,-99.59595,0.101494,0
Continuous asphalt network,168.1685,-99.90491,0.0253705,0.05734232
Continuous asphalt network,168.0983,-100.0903,0.01268639,0.3776756
Continuous asphalt network,168.0841,-99.96714,0.01268536,0.05968219
Continuous asphalt network,168.1015,-99.72042,0.05074941,0
Continuous asphalt network,169.0161,-99.71413,0.05074058,0
Continuous asphalt network,169.0902,-99.96021,0.01268573,0.04424351
Continuous asphalt network,169.1044,-100.0834,0.0126878,0.3776388
Continuous asphalt network,168.9917,-99.89925,0.02537191,0.04586517
Continuous asphalt network,168.819,-99.59219,0.1015037,0
Continuous asphalt network,169.3678,-99.58841,0.1014947,0
Continuous asphalt network,169.266,-99.89735,0.02537564,0.0420086
Continuous asphalt network,169.1958,-100.0828,0.01268929,0.3776165
Continuous asphalt network,169.1817,-99.95957,0.01268723,0.04421405
Continuous asphalt network,169.1991,-99.71287,0.05075436,0
Continuous asphalt network,168.8268,-100.4552,0.2029887,0.3776704
Continuous asphalt network,168.7173,-99.90112,0.02537652,0.04973198
Continuous asphalt network,168.6471,-100.0866,0.01268713,0.3777239
Continuous asphalt network,168.6329,-99.96336,0.01269028,0.05192676
Continuous asphalt network,168.6503,-99.71664,0.05075302,0
Continuous asphalt network,168.9215,-100.0847,0.01268961,0.3776497
Continuous asphalt network,168.9073,-99.96146,0.01268544,0.04808916
Continuous asphalt network,169.02,-100.1457,0.02537417,0.3776303
Continuous asphalt network,168.7456,-100.1475,0.02537453,0.3776277
Continuous asphalt network,168.8158,-99.9621,0.012686,0.04811205
Continuous asphalt network,168.83,-100.0853,0.01269018,0.3776512
Continuous asphalt network,168.0256,-101.4471,0.8119912,0.3776847
Continuous asphalt network,167.7292,-100.4628,0.2029989,0.3776724
Continuous asphalt network,167.6197,-99.90869,0.02537427,0.06506322
Continuous asphalt network,167.5495,-100.0941,0.01268934,0.3777184
Continuous asphalt network,167.5353,-99.97092,0.01268934,0.06740007
Continuous asphalt network,167.5527,-99.72421,0.05074849,0
Continuous asphalt network,167.8239,-100.0922,0.01268496,0.3777048
Continuous asphalt network,167.8097,-99.96903,0.012686,0.06351327
Continuous asphalt network,167.9224,-100.1532,0.0253709,0.3776591
Continuous asphalt network,167.6481,-100.1551,0.02537726,0.3777685
Continuous asphalt network,167.7182,-99.96966,0.01268616,0.06351223
Continuous asphalt network,167.7324,-100.0929,0.01268512,0.3777
Continuous asphalt network,168.1234,-100.7067,0.4059851,0.3776796
Continuous asphalt network,168.0512,-98.48777,3.24791,0
Continuous asphalt network,163.9388,-94.5705,25.98359,0
Continuous asphalt network,251.6467,48.51726,1.565737,0.3845555
Continuous asphalt network,252.7901,48.17715,1.565749,0.3404039
Continuous asphalt network,250.5882,47.61491,3.131444,0.4140868
Continuous asphalt network,252.2127,50.47902,0.7828371,0.3380255
Continuous asphalt network,251.3976,50.11287,0.7828614,0.4140475
Continuous asphalt network,252.2919,51.36834,1.56564,0.3635723
Continuous asphalt network,253.2769,49.24957,1.565723,0.3321226
Continuous asphalt network,251.7259,49.4066,0.7828614,0.4110603
Continuous asphalt network,252.541,49.77275,0.7828371,0.3342574
Continuous asphalt network,254.0184,46.5946,3.131382,0.3446747
Continuous asphalt network,254.6751,45.1821,3.131345,0.349044
Continuous asphalt network,251.6524,46.38548,0.7828237,0.3978802
Continuous asphalt network,252.2666,45.59423,0.391419,0.3502568
Continuous asphalt network,251.6949,45.76427,0.391414,0.4023214
Continuous asphalt network,250.6732,46.37245,1.565693,0.4140831
Continuous asphalt network,252.875,46.9347,3.131387,0.3414268
Continuous asphalt network,168.3597,3.465647,28.58421,0.05751053
Continuous asphalt network,163.5831,6.078613,28.58413,0.0393152
Continuous asphalt network,172.3423,2.616872,14.76614,0.05921148
Continuous asphalt network,169.362,6.906815,7.382977,0.05395297
Continuous asphalt network,171.8295,5.557007,7.383105,0.06493022
Continuous asphalt network,128.5213,15.5197,24.9744,0.03848111
Continuous asphalt network,132.4441,11.90724,24.97448,0.04251999
Continuous asphalt network,80.16494,5.55659,52.63219,0
Continuous asphalt network,89.88334,17.26682,26.316,0
Continuous asphalt network,84.73958,8.661824,26.31602,0
Continuous asphalt network,-68.3456,161.6576,30.38152,0
Continuous asphalt network,-79.52916,158.6775,30.38153,0
Continuous asphalt network,-62.52272,165.624,60.76301,0
Continuous asphalt network,285.6862,40.2014,19.80328,0.0144772
Continuous asphalt network,285.9468,35.52918,9.901736,0.005561799
Continuous asphalt network,283.9545,37.4743,9.901696,0.02496069
Continuous asphalt network,284.9355,30.44219,1.237706,0
Continuous asphalt network,283.7554,30.48984,1.237678,0.04595236
Continuous asphalt network,285.7094,31.34327,2.475444,0
Continuous asphalt network,285.1577,28.56855,2.47537,0.000676836
Continuous asphalt network,283.5716,29.56492,1.23772,0.04582851
Continuous asphalt network,284.7516,29.51727,1.237747,0.0008476161
Continuous asphalt network,284.652,26.02503,0.3094258,0
Continuous asphalt network,284.062,26.04886,0.3093951,0.05781206
Continuous asphalt network,285.039,26.47559,0.6188467,0
Continuous asphalt network,284.7632,25.08822,0.6188084,0
Continuous asphalt network,283.9701,25.58641,0.3094064,0.05781044
Continuous asphalt network,284.5601,25.56258,0.3094371,0
Continuous asphalt network,284.3954,23.23841,1.237661,0.01033918
Continuous asphalt network,284.1598,24.29678,0.6188033,0.02431587
Continuous asphalt network,283.7536,25.24551,0.3094596,0.06230416
Continuous asphalt network,284.2517,24.75923,0.3094379,0.05030702
Continuous asphalt network,283.5314,27.11919,1.237701,0.04823196
Continuous asphalt network,284.7114,27.07153,0.6188735,0
Continuous asphalt network,284.0295,26.63289,0.6188627,0.04431284
Continuous asphalt network,283.1386,28.88315,1.237657,0.05389415
Continuous asphalt network,284.5543,27.77712,0.6188254,0.00126398
Continuous asphalt network,283.7152,28.04408,0.6188219,0.04921323
Continuous asphalt network,282.6941,32.63042,4.950657,0.03528539
Continuous asphalt network,285.0542,32.53513,2.475413,0
Continuous asphalt network,283.6903,31.65787,2.475331,0.03522521
Continuous asphalt network,282.0657,35.45278,2.475359,0.05633797
Continuous asphalt network,281.7515,36.86397,2.475487,0.02361517
Continuous asphalt network,284.74,33.94631,2.475495,0.01038609
Continuous asphalt network,283.0619,34.48024,2.475366,0.0313972
Continuous asphalt network,230.7292,-120.4477,3.902358,0.1216074
Continuous asphalt network,231.995,-117.7574,0.9756078,0.1240386
Continuous asphalt network,232.6279,-116.4123,0.2439003,0.1240387
Continuous asphalt network,233.0103,-115.7707,0.2439032,0.138423
Continuous asphalt network,232.7006,-116.8572,0.4878007,0.1240387
Continuous asphalt network,232.1404,-118.6472,1.951185,0.1216044
Continuous asphalt network,231.0201,-122.2274,7.804671,0.1007928
Continuous asphalt network,234.5535,-114.0323,3.902208,0.1137342
Continuous asphalt network,236.2017,-110.7005,0.9755973,0.07373034
Continuous asphalt network,236.9666,-109.4174,0.9755812,0.02547297
Continuous asphalt network,235.5823,-112.8734,1.951182,0.08224174
Continuous asphalt network,233.3147,-118.3781,7.804405,0.09246294
Continuous asphalt network,239.1427,-106.3338,3.902367,0.02763495
Continuous asphalt network,240.8501,-102.6191,0.4878167,0.1228496
Continuous asphalt network,240.7316,-103.3848,0.4877849,0.05574229
Continuous asphalt network,241.8062,-101.0152,0.4877716,0.1224729
Continuous asphalt network,241.246,-102.8053,0.2438708,0.01687314
Continuous asphalt network,241.3645,-102.0396,0.2438935,0.1228913
Continuous asphalt network,240.1714,-105.1748,1.951197,0.05624729
Continuous asphalt network,244.2327,-97.22806,3.902258,0.1174899
Continuous asphalt network,241.8331,-102.6707,0.9755007,0.03001505
Continuous asphalt network,240.5673,-105.361,0.9754978,0.03011997
Continuous asphalt network,242.5845,-100.5599,0.9755655,0.1174985
Continuous asphalt network,241.5692,-102.5466,0.4878301,0.1119703
Continuous asphalt network,242.0701,-101.1394,0.4878239,0.1148979
Continuous asphalt network,235.4907,-115.2945,0.9756366,0.126036
Continuous asphalt network,236.2556,-114.0115,0.9755975,0.03331383
Continuous asphalt network,237.4029,-112.0868,1.951136,0.03318762
Continuous asphalt network,234.1064,-118.7505,3.902548,0.1082851
Continuous asphalt network,238.1408,-109.1482,3.902331,0.04101579
Continuous asphalt network,236.4926,-112.4801,0.9755975,0.03605766
Continuous asphalt network,235.7277,-113.7632,0.9756366,0.1401909
Continuous asphalt network,237.112,-110.3072,1.951198,0.03230178
Continuous asphalt network,223.9532,-138.6175,3.902419,0.01745938
Continuous asphalt network,225.6014,-135.2856,0.9755875,0.01808248
Continuous asphalt network,226.6167,-133.2989,0.4878578,0.04372066
Continuous asphalt network,226.1158,-134.7062,0.4878457,0.02120632
Continuous asphalt network,224.982,-137.4585,1.951172,0.01765378
Continuous asphalt network,229.0433,-129.5117,3.90233,0.09737692
Continuous asphalt network,226.0108,-136.2996,1.951227,0.01862998
Continuous asphalt network,227.3358,-133.2265,0.4877892,0.01899064
Continuous asphalt network,227.4543,-132.4608,0.4878055,0.1075314
Continuous asphalt network,226.3798,-134.8303,0.4877802,0.01770114
Continuous asphalt network,226.9399,-133.0402,0.2438967,0.1762921
Continuous asphalt network,226.8215,-133.8059,0.2438909,0.01770185
Continuous asphalt network,221.4486,-145.6536,3.902548,0.003913673
Continuous asphalt network,218.917,-151.0342,3.902545,0.03308353
Continuous asphalt network,222.1865,-142.715,7.804825,0.01613142
Continuous asphalt network,229.2534,-126.3249,15.60933,0.100818
Continuous asphalt network,226.2208,-133.1127,0.9755575,0.1465138
Continuous asphalt network,225.3967,-134.7787,0.4877703,0.05963802
Continuous asphalt network,225.5152,-134.013,0.4877762,0.1470428
Continuous asphalt network,226.237,-132.0936,0.2438934,0.1680196
Continuous asphalt network,226.0323,-131.5866,0.2438897,0.1073841
Continuous asphalt network,226.6626,-132.0883,0.4878029,0.1117321
Continuous asphalt network,225.693,-132.8645,0.4878271,0.1470358
Continuous asphalt network,225.7092,-131.8453,0.2439129,0.07887874
Continuous asphalt network,225.9139,-132.3523,0.2439166,0.1456642
Continuous asphalt network,223.9263,-136.962,1.95113,0.05946619
Continuous asphalt network,224.7962,-134.0855,0.4877525,0.1470322
Continuous asphalt network,225.2311,-132.6472,0.1219617,0.147044
Continuous asphalt network,225.4816,-131.9436,0.1219615,0.1375001
Continuous asphalt network,225.2378,-133.0611,0.2438852,0.1470312
Continuous asphalt network,224.8689,-134.5304,0.4877803,0.1470382
Continuous asphalt network,224.7504,-135.2961,0.4877744,0.05963628
Continuous asphalt network,227.1958,-128.6428,7.804656,0.1071168
Continuous asphalt network,241.6204,-97.64218,7.804691,0.1151351
Continuous asphalt network,244.2058,-95.57256,7.804753,0.09162056
Continuous asphalt network,240.3815,-101.988,3.902406,0.1226464
Continuous asphalt network,238.7333,-105.3198,1.951216,0.07265658
Continuous asphalt network,238.9703,-103.7885,1.951224,0.1228601
Continuous asphalt network,240.0906,-100.2083,7.8047,0.1165107
Continuous asphalt network,242.9346,-91.89437,0.2438943,0.1325457
Continuous asphalt network,243.1393,-92.40134,0.2438847,0.1969068
Continuous asphalt network,242.5091,-91.89957,0.4877973,0.2187128
Continuous asphalt network,243.4786,-91.12345,0.4877826,0.1793948
Continuous asphalt network,243.4625,-92.14262,0.2438836,0.2357655
Continuous asphalt network,243.2578,-91.63565,0.2438932,0.1786928
Continuous asphalt network,243.0639,-93.80335,0.9755919,0.1151372
Continuous asphalt network,242.6545,-92.7894,0.9755934,0.2140286
Continuous asphalt network,242.159,-90.50277,3.902348,0.1790481
Continuous asphalt network,244.7983,-91.74414,1.951148,0.09826541
Continuous asphalt network,245.854,-92.2407,1.951134,0.06766104
Continuous asphalt network,244.0334,-93.02722,3.902217,0.09026824
Continuous asphalt network,241.1248,-95.35557,0.9755946,0.1365628
Continuous asphalt network,240.7155,-94.34161,0.9756079,0.2244368
Continuous asphalt network,241.9758,-95.34515,1.951156,0.1199671
Continuous asphalt network,240.0368,-96.89735,1.951162,0.1384218
Continuous asphalt network,240.0691,-94.85901,0.9755916,0.2244269
Continuous asphalt network,240.4785,-95.87298,0.9755783,0.1365504
Continuous asphalt network,240.9094,-92.17391,0.2438831,0.2576314
Continuous asphalt network,240.7047,-91.66693,0.2438927,0.1776031
Continuous asphalt network,241.3349,-92.1687,0.4877958,0.1820496
Continuous asphalt network,240.3653,-92.9448,0.4878007,0.2244266
Continuous asphalt network,240.3815,-91.92564,0.2439112,0.1363177
Continuous asphalt network,240.5862,-92.43262,0.2439016,0.2244263
Continuous asphalt network,240.9848,-90.7719,1.951167,0.181438
Continuous asphalt network,242.0082,-93.3068,0.9755585,0.2171173
Continuous asphalt network,242.4175,-94.32076,0.975557,0.1191465
Continuous asphalt network,241.1571,-93.31722,1.951186,0.2244392
Continuous asphalt network,235.146,-110.2039,1.951157,0.1137284
Continuous asphalt network,236.8211,-108.5275,0.9755974,0.03411629
Continuous asphalt network,236.0563,-109.8106,0.9756032,0.05359334
Continuous asphalt network,234.2626,-112.2527,3.902331,0.1137265
Continuous asphalt network,235.8839,-107.2653,0.4877897,0.2154792
Continuous asphalt network,235.8678,-108.2845,0.2438965,0.1333571
Continuous asphalt network,235.6631,-107.7775,0.2438947,0.2156398
Continuous asphalt network,235.4153,-106.6342,0.9755927,0.2094719
Continuous asphalt network,236.8373,-107.5084,0.2438565,0.03278935
Continuous asphalt network,236.6326,-107.0014,0.2439024,0.1198645
Continuous asphalt network,237.2628,-107.5032,0.48779,0.03086895
Continuous asphalt network,236.2933,-108.2793,0.4878126,0.045868
Continuous asphalt network,236.3094,-107.2601,0.2439441,0.1228436
Continuous asphalt network,236.5141,-107.7671,0.2438982,0.03829091
Continuous asphalt network,234.8982,-109.0606,0.2438835,0.1639379
Continuous asphalt network,234.6936,-108.5536,0.2438872,0.2313856
Continuous asphalt network,235.3237,-109.0554,0.4877677,0.1399923
Continuous asphalt network,234.435,-109.7668,0.06096615,0.1137672
Continuous asphalt network,234.3326,-109.5133,0.06096726,0.2174905
Continuous asphalt network,234.6478,-109.7642,0.1219559,0.1137199
Continuous asphalt network,234.163,-110.1522,0.1219557,0.1191955
Continuous asphalt network,234.1711,-109.6427,0.06098701,0.2276265
Continuous asphalt network,234.2734,-109.8962,0.0609859,0.1277507
Continuous asphalt network,234.3704,-108.8123,0.2439023,0.2313766
Continuous asphalt network,234.707,-109.3813,0.1219644,0.09321463
Continuous asphalt network,234.4431,-109.2572,0.1219489,0.2186624
Continuous asphalt network,234.769,-107.1516,0.975574,0.2279338
Continuous asphalt network,235.3399,-108.0362,0.2438865,0.2263347
Continuous asphalt network,235.5446,-108.5432,0.2438884,0.147056
Continuous asphalt network,234.9144,-108.0414,0.4877744,0.2317195
Continuous asphalt network,231.9088,-116.4848,0.4877759,0.1244105
Continuous asphalt network,232.7464,-115.6466,0.2438958,0.1164587
Continuous asphalt network,232.3639,-116.2881,0.243893,0.09725064
Continuous asphalt network,231.4671,-117.5091,0.975555,0.1240585
Continuous asphalt network,232.0866,-115.3362,1.951217,0.1029563
Continuous asphalt network,229.9374,-120.0753,1.951213,0.1240561
Continuous asphalt network,230.8073,-117.1988,0.4877861,0.1240478
Continuous asphalt network,231.3675,-115.4087,0.2439048,0.04835786
Continuous asphalt network,231.249,-116.1744,0.2438909,0.1287241
Continuous asphalt network,230.8208,-118.0266,0.9756103,0.1240561
Continuous asphalt network,233.2662,-111.3733,0.487798,0.1137389
Continuous asphalt network,233.3847,-110.6076,0.4877861,0.1795274
Continuous asphalt network,232.3101,-112.9771,0.4878067,0.1137217
Continuous asphalt network,232.745,-111.5389,0.1219425,0.1285373
Continuous asphalt network,232.9955,-110.8352,0.121944,0.1111721
Continuous asphalt network,232.7518,-111.9527,0.2439041,0.1137202
Continuous asphalt network,233.9448,-108.8175,1.951104,0.1784778
Continuous asphalt network,232.9699,-113.2875,3.902439,0.1137238
Continuous asphalt network,237.8607,-99.98092,1.951186,0.1316014
Continuous asphalt network,238.2593,-98.32019,0.2439059,0.1151309
Continuous asphalt network,238.0546,-97.81321,0.2438915,0.1997347
Continuous asphalt network,238.6848,-98.31498,0.4878044,0.1151418
Continuous asphalt network,237.7153,-99.09109,0.4877826,0.1151361
Continuous asphalt network,237.7314,-98.07192,0.2438683,0.1997419
Continuous asphalt network,237.9361,-98.5789,0.2438827,0.1151366
Continuous asphalt network,236.331,-102.5471,0.9755855,0.121184
Continuous asphalt network,235.5661,-103.8302,0.9756017,0.25369
Continuous asphalt network,236.9504,-100.3742,1.95115,0.1247815
Continuous asphalt network,238.9541,-94.74529,1.95121,0.2244421
Continuous asphalt network,240.0152,-91.548,0.2439047,0.1757716
Continuous asphalt network,239.5076,-92.54135,0.1219652,0.2244283
Continuous asphalt network,239.758,-91.83774,0.1219689,0.2201282
Continuous asphalt network,240.325,-90.46155,0.4878079,0.1793649
Continuous asphalt network,239.7055,-92.63445,0.2438959,0.2244302
Continuous asphalt network,240.0879,-91.99292,0.243893,0.2185419
Continuous asphalt network,239.7782,-93.07935,0.4878,0.2244415
Continuous asphalt network,239.0995,-95.63511,1.951233,0.2244416
Continuous asphalt network,238.7009,-97.29581,0.2438997,0.1808347
Continuous asphalt network,238.9056,-97.8028,0.2439008,0.1151432
Continuous asphalt network,238.2754,-97.30103,0.4877865,0.1965379
Continuous asphalt network,239.245,-96.52493,0.4878145,0.1779605
Continuous asphalt network,239.2288,-97.5441,0.2439112,0.1151584
Continuous asphalt network,239.0241,-97.03711,0.2439101,0.1808459
Continuous asphalt network,237.3867,-103.0436,1.951121,0.1228675
Continuous asphalt network,236.0347,-104.4613,0.4878032,0.1429436
Continuous asphalt network,235.3884,-104.9787,0.4878133,0.2287672
Continuous asphalt network,236.4764,-103.4369,0.9755974,0.1443738
Continuous asphalt network,238.27,-100.9949,3.902269,0.1217815
Continuous asphalt network,236.708,-105.5994,0.9755862,0.1228571
Continuous asphalt network,237.279,-106.484,0.2438923,0.104836
Continuous asphalt network,237.4836,-106.991,0.2439008,0.02997923
Continuous asphalt network,236.8535,-106.4892,0.4877968,0.1182931
Continuous asphalt network,235.5338,-105.8685,0.9755675,0.2119315
Continuous asphalt network,236.1802,-105.3511,0.9755605,0.1676458
Continuous asphalt network,237.7961,-104.0576,1.951135,0.1228633
Continuous asphalt network,237.823,-105.7131,0.4878012,0.1021523
Continuous asphalt network,237.8068,-106.7323,0.2439043,0.02998104
Continuous asphalt network,237.6022,-106.2253,0.2438958,0.1048357
Continuous asphalt network,237.3544,-105.082,0.9755794,0.1228632
Continuous asphalt network,281.3864,-172.5022,2.652369,0.07140103
Continuous asphalt network,281.5428,-173.8214,2.65243,0.07539476
Continuous asphalt network,283.4214,-170.8237,2.652527,0.07899373
Continuous asphalt network,282.842,-173.4739,1.326264,0.06014685
Continuous asphalt network,282.6856,-172.1547,1.326236,0.08657178
Continuous asphalt network,286.6773,-168.138,5.304881,0.1214652
Continuous asphalt network,284.063,-172.4668,2.652255,0.05788765
Continuous asphalt network,284.7206,-170.4762,2.652459,0.1195748
Continuous asphalt network,278.6778,-179.8051,10.6097,0.05541557
Continuous asphalt network,279.993,-175.8239,10.60958,0.06151523
Continuous asphalt network,285.8794,-165.1757,21.21919,0.1214883
Continuous asphalt network,282.6234,-167.8613,21.21908,0.09606432
Continuous asphalt network,104.981,-362.1007,47.13208,0.02493092
Continuous asphalt network,118.863,-326.8509,24.3364,0.02303453
Continuous asphalt network,111.6252,-338.8573,12.1681,0.02364939
Continuous asphalt network,115.7342,-330.5467,12.16797,0.02386122
Continuous asphalt network,123.9523,-313.9253,12.16809,0.02520521
Continuous asphalt network,128.0613,-305.6147,12.16807,0.02703952
Continuous asphalt network,122.972,-318.5402,24.33649,0.02444067
Continuous asphalt network,111.7192,-343.9318,48.67273,0.02426983
Continuous asphalt network,118.4199,-331.6955,24.33628,0.02316049
Continuous asphalt network,115.3851,-340.4657,24.33648,0.02213498
Continuous asphalt network,65.18763,-333.5578,0.1284594,0.006137675
Continuous asphalt network,177.7692,-215.8783,24.34333,0.04983066
Continuous asphalt network,-19.82375,-320.0226,22.25518,0
Continuous asphalt network,-33.64127,-312.3695,22.19006,0.007943868
Continuous asphalt network,-74.15405,-251.1954,26.31121,0.006348616
Continuous asphalt network,-92.62122,-236.8166,24.35157,0.006194581
Continuous asphalt network,-88.5787,-234.5422,24.35132,0.01541006
Continuous asphalt network,-12.75752,-296.4221,6.64379,0.0633692
Continuous asphalt network,-14.36607,-292.8352,1.660903,0.02530424
Continuous asphalt network,-14.89484,-291.1972,1.660941,0.1118689
Continuous asphalt network,-12.99959,-294.2761,3.321884,0.04540177
Continuous asphalt network,-16.38116,-112.9576,24.54993,0.03287552
Continuous asphalt network,-81.2562,-45.41557,53.44487,0.01172892
Continuous asphalt network,-358.4135,10.00935,26.35956,0.004782779
Continuous asphalt network,-274.0788,48.5999,26.69431,0.004533404
Continuous asphalt network,-296.1116,61.57717,33.1834,0.006588675
Continuous asphalt network,-325.0463,71.57816,75.54132,0.005969361
Continuous asphalt network,-307.9867,77.96803,18.88536,0.006842306
Continuous asphalt network,-297.6909,81.70142,9.442565,0.009576906
Continuous asphalt network,-304.1546,78.54234,9.442423,0.006598116
Continuous asphalt network,-317.3821,72.72683,37.77077,0.006873131
Continuous asphalt network,-99.98727,17.89718,2.759516,0.02721974
Continuous asphalt network,-101.3582,19.05717,2.759526,0.03660496
Continuous asphalt network,-98.2688,18.23237,5.519103,0.01525955
Continuous asphalt network,-101.3679,15.48678,5.519139,0.02652309
Continuous asphalt network,-102.3912,18.14197,2.759582,0.04105957
Continuous asphalt network,-101.0203,16.98198,2.759571,0.0324212
Continuous asphalt network,-85.00905,15.79248,37.83036,0.0002888853
Continuous asphalt network,-17.72331,-17.38752,40.47865,0
Continuous asphalt network,-29.59655,-9.086929,40.47865,0
Continuous asphalt network,-9.763615,-19.92171,80.95741,0
Continuous asphalt network,172.0612,-100.0505,0.01013122,0.5185183
Continuous asphalt network,172.0653,-99.92751,0.01013331,0
Continuous asphalt network,172.1324,-100.1112,0.0202597,0.5145829
Continuous asphalt network,171.9127,-100.1137,0.02026594,0.4647965
Continuous asphalt network,171.992,-99.92834,0.01013197,0
Continuous asphalt network,171.988,-100.0514,0.01012988,0.5185135
Continuous asphalt network,172.1832,-99.68026,0.0405315,0
Continuous asphalt network,172.2118,-99.92585,0.01013454,0
Continuous asphalt network,172.2077,-100.0489,0.01013534,0.5110628
Continuous asphalt network,172.1405,-99.86517,0.02026783,0
Continuous asphalt network,172.0857,-100.4191,0.162099,0.5563005
Continuous asphalt network,171.7438,-99.68524,0.04051834,0
Continuous asphalt network,171.7723,-99.93082,0.01012504,0
Continuous asphalt network,171.7683,-100.0538,0.01012675,0.3611917
Continuous asphalt network,171.7011,-99.87016,0.02026212,0
Continuous asphalt network,171.6014,-99.5639,0.08104146,0
Continuous asphalt network,172.0408,-99.55892,0.08103892,0
Continuous asphalt network,171.9208,-99.86765,0.0202604,0
Continuous asphalt network,171.8415,-100.053,0.01013532,0.361186
Continuous asphalt network,171.8455,-99.92999,0.0101336,0
Continuous asphalt network,171.8903,-99.68357,0.04051825,0
Continuous asphalt network,172.6227,-99.67529,0.04052494,0
Continuous asphalt network,172.6512,-99.92087,0.0101362,0
Continuous asphalt network,172.6471,-100.0439,0.01013451,0.4961895
Continuous asphalt network,172.58,-99.8602,0.02026621,0
Continuous asphalt network,172.4802,-99.55395,0.08104757,0
Continuous asphalt network,172.9197,-99.54895,0.08104951,0
Continuous asphalt network,172.7997,-99.85769,0.02026337,0
Continuous asphalt network,172.7204,-100.043,0.01012609,0.4961883
Continuous asphalt network,172.7244,-99.92002,0.01012778,0
Continuous asphalt network,172.7692,-99.67361,0.04052518,0
Continuous asphalt network,172.3787,-100.4158,0.1620876,0.5497093
Continuous asphalt network,172.3603,-99.86269,0.02025609,0
Continuous asphalt network,172.281,-100.048,0.01012834,0.5110598
Continuous asphalt network,172.285,-99.92502,0.01012754,0
Continuous asphalt network,172.3297,-99.67861,0.04051719,0
Continuous asphalt network,172.5007,-100.0455,0.010128,0.5036192
Continuous asphalt network,172.5047,-99.92254,0.01012842,0
Continuous asphalt network,172.5719,-100.1062,0.02025804,0.4997084
Continuous asphalt network,172.3522,-100.1087,0.02026183,0.5070695
Continuous asphalt network,172.4315,-99.92336,0.01012844,0
Continuous asphalt network,172.4274,-100.0464,0.01012802,0.5036178
Continuous asphalt network,171.6139,-101.4081,0.6483589,0.5634716
Continuous asphalt network,171.4998,-100.4257,0.1620794,0.4375127
Continuous asphalt network,171.4814,-99.87264,0.02026452,0
Continuous asphalt network,171.4021,-100.058,0.01013337,0.3714069
Continuous asphalt network,171.4061,-99.93496,0.01013127,0
Continuous asphalt network,171.4509,-99.68856,0.04052234,0
Continuous asphalt network,171.6218,-100.0555,0.0101312,0.3663573
Continuous asphalt network,171.6259,-99.9325,0.01013246,0
Continuous asphalt network,171.693,-100.1162,0.02025913,0.363638
Continuous asphalt network,171.4733,-100.1187,0.02026364,0.3687344
Continuous asphalt network,171.5526,-99.93332,0.01013248,0
Continuous asphalt network,171.5486,-100.0563,0.01013122,0.3663562
Continuous asphalt network,171.7847,-100.6684,0.3241677,0.533782
Continuous asphalt network,172.004,-98.45274,2.593473,0
Continuous asphalt network,173.3716,-101.3882,0.6483597,0.5497345
Continuous asphalt network,173.2575,-100.4058,0.1620842,0.5497497
Continuous asphalt network,173.2391,-99.85272,0.02026452,0
Continuous asphalt network,173.1598,-100.0381,0.01012986,0.4812155
Continuous asphalt network,173.1639,-99.91505,0.01012987,0
Continuous asphalt network,173.2086,-99.66863,0.04052567,0
Continuous asphalt network,173.3795,-100.0355,0.01012943,0.4740278
Continuous asphalt network,173.3836,-99.91256,0.01013113,0
Continuous asphalt network,173.4507,-100.0962,0.02026372,0.4699453
Continuous asphalt network,173.231,-100.0987,0.02025431,0.4774408
Continuous asphalt network,173.3103,-99.9134,0.01013116,0
Continuous asphalt network,173.3063,-100.0364,0.01012945,0.4740264
Continuous asphalt network,173.5424,-100.6485,0.3241766,0.5497408
Continuous asphalt network,173.9413,-101.8735,1.2967,0.549733
Continuous asphalt network,172.4766,-101.8901,0.6483516,0.549732
Continuous asphalt network,171.8907,-101.8968,0.6483632,0.5715562
Continuous asphalt network,172.6635,-100.6584,0.3241937,0.5497198
Continuous asphalt network,172.9401,-100.0405,0.0101321,0.4886376
Continuous asphalt network,172.9441,-99.91753,0.01013038,0
Continuous asphalt network,173.0113,-100.1012,0.02026056,0.4847244
Continuous asphalt network,172.7916,-100.1037,0.02026147,0.4921646
Continuous asphalt network,172.8709,-99.91836,0.01013031,0
Continuous asphalt network,172.8669,-100.0414,0.01013203,0.4886421
Continuous asphalt network,173.0621,-99.67029,0.04051714,0
Continuous asphalt network,173.0906,-99.91587,0.0101326,0
Continuous asphalt network,173.0866,-100.0389,0.01013258,0.4812214
Continuous asphalt network,173.0194,-99.8552,0.02025855,0
Continuous asphalt network,172.9646,-100.4091,0.1620897,0.5497477
Continuous asphalt network,172.7857,-101.3948,0.6483707,0.5497347
Continuous asphalt network,169.8562,-101.428,0.6483856,0.3776776
Continuous asphalt network,169.7421,-100.4457,0.1620972,0.3777
Continuous asphalt network,169.7237,-99.89258,0.02026027,0.03187852
Continuous asphalt network,169.6444,-100.0779,0.01012929,0.377583
Continuous asphalt network,169.6484,-99.9549,0.01012972,0.03458278
Continuous asphalt network,169.6932,-99.7085,0.04052476,0
Continuous asphalt network,169.8641,-100.0754,0.01013546,0.3776948
Continuous asphalt network,169.8682,-99.95243,0.01013584,0.02948423
Continuous asphalt network,169.9353,-100.1361,0.02025932,0.3776871
Continuous asphalt network,169.7156,-100.1386,0.0202645,0.3776535
Continuous asphalt network,169.7949,-99.95325,0.01012885,0.02948575
Continuous asphalt network,169.7908,-100.0763,0.01012847,0.3776928
Continuous asphalt network,170.027,-100.6883,0.3242011,0.3776678
Continuous asphalt network,170.5724,-101.9117,0.1620861,0.5760349
Continuous asphalt network,170.5194,-101.2975,0.0810418,0.401947
Continuous asphalt network,170.6578,-101.5419,0.08104728,0.5589386
Continuous asphalt network,170.8573,-102.1544,0.3241796,0.5760025
Continuous asphalt network,170.0516,-102.1635,0.04051913,0.5760648
Continuous asphalt network,170.0597,-101.9175,0.0405242,0.429595
Continuous asphalt network,170.194,-102.2849,0.08105632,0.5759591
Continuous asphalt network,169.7546,-102.2899,0.08104143,0.4947163
Continuous asphalt network,169.9132,-101.9192,0.04052739,0.3898439
Continuous asphalt network,169.9051,-102.1652,0.04052232,0.5451303
Continuous asphalt network,170.2956,-101.423,0.162101,0.4046002
Continuous asphalt network,170.3486,-102.0372,0.0810492,0.575987
Continuous asphalt network,170.2103,-101.7929,0.08104212,0.4695797
Continuous asphalt network,168.6682,-101.9333,1.296703,0.3776855
Continuous asphalt network,169.1481,-100.6983,0.324155,0.3776967
Continuous asphalt network,169.4247,-100.0804,0.01013397,0.3776983
Continuous asphalt network,169.4287,-99.9574,0.01013476,0.03953012
Continuous asphalt network,169.4959,-100.1411,0.0202612,0.3775971
Continuous asphalt network,169.2762,-100.1436,0.02026693,0.3775429
Continuous asphalt network,169.3555,-99.95822,0.01012788,0.03954555
Continuous asphalt network,169.3514,-100.0812,0.01012709,0.3776852
Continuous asphalt network,169.5467,-99.71015,0.04052204,0
Continuous asphalt network,169.5752,-99.95574,0.01013125,0.03456764
Continuous asphalt network,169.5712,-100.0787,0.01013081,0.3775852
Continuous asphalt network,169.504,-99.89507,0.02025975,0.03700204
Continuous asphalt network,169.4491,-100.449,0.1620858,0.3776985
Continuous asphalt network,169.2703,-101.4347,0.6483402,0.3776778
Continuous asphalt network,170.8322,-98.46603,2.593406,0
Continuous asphalt network,170.9058,-100.6784,0.3241637,0.4123569
Continuous asphalt network,171.1824,-100.0605,0.0101335,0.3765727
Continuous asphalt network,171.1864,-99.93747,0.01013096,0
Continuous asphalt network,171.2536,-100.1211,0.02026187,0.3738651
Continuous asphalt network,171.0339,-100.1236,0.02026249,0.3777007
Continuous asphalt network,171.1132,-99.93829,0.01012951,0.002102631
Continuous asphalt network,171.1091,-100.0613,0.01013205,0.3764881
Continuous asphalt network,171.3044,-99.69022,0.04051643,0
Continuous asphalt network,171.3329,-99.93579,0.01012972,0
Continuous asphalt network,171.3289,-100.0588,0.01013182,0.3714137
Continuous asphalt network,171.2617,-99.87513,0.02025989,0
Continuous asphalt network,171.2068,-100.4291,0.1620739,0.4375125
Continuous asphalt network,171.1664,-101.6591,0.3241788,0.576007
Continuous asphalt network,170.8123,-101.2942,0.08104174,0.5516138
Continuous asphalt network,170.674,-101.0499,0.08103625,0.3777152
Continuous asphalt network,171.0361,-101.1687,0.162088,0.5161424
Continuous asphalt network,170.3035,-100.0704,0.01013391,0.3777001
Continuous asphalt network,170.3076,-99.94743,0.01013389,0.01939436
Continuous asphalt network,170.3747,-100.1311,0.02026613,0.3775577
Continuous asphalt network,170.155,-100.1336,0.02025754,0.3776677
Continuous asphalt network,170.2343,-99.94827,0.01012695,0.01943446
Continuous asphalt network,170.2303,-100.0713,0.01012697,0.3776895
Continuous asphalt network,170.4255,-99.70019,0.04051729,0
Continuous asphalt network,170.454,-99.94576,0.01012977,0.01449072
Continuous asphalt network,170.45,-100.0688,0.01012809,0.3777
Continuous asphalt network,170.3828,-99.88509,0.02025662,0.01662779
Continuous asphalt network,170.328,-100.439,0.1620882,0.3776929
Continuous asphalt network,169.9861,-99.70517,0.04051941,0
Continuous asphalt network,170.0146,-99.95074,0.0101274,0.02445378
Continuous asphalt network,170.0106,-100.0738,0.01012825,0.377699
Continuous asphalt network,169.9434,-99.8901,0.02026347,0.02687135
Continuous asphalt network,169.8437,-99.58383,0.08104235,0
Continuous asphalt network,170.2831,-99.57885,0.08104856,0
Continuous asphalt network,170.1631,-99.8876,0.02025947,0.02174858
Continuous asphalt network,170.0838,-100.0729,0.01013129,0.3776974
Continuous asphalt network,170.0879,-99.94991,0.01013045,0.02442714
Continuous asphalt network,170.1326,-99.70351,0.04051391,0
Continuous asphalt network,170.8649,-99.69521,0.04052016,0
Continuous asphalt network,170.8935,-99.9408,0.01013113,0.005743039
Continuous asphalt network,170.8895,-100.0638,0.01012987,0.3776912
Continuous asphalt network,170.8223,-99.88013,0.0202597,0.006500596
Continuous asphalt network,170.7225,-99.57388,0.08103996,0
Continuous asphalt network,171.1619,-99.56889,0.08104561,0
Continuous asphalt network,171.042,-99.87762,0.02026132,0.001251578
Continuous asphalt network,170.9627,-100.063,0.01012828,0.3776983
Continuous asphalt network,170.9667,-99.93996,0.01012954,0.005735537
Continuous asphalt network,171.0114,-99.69354,0.04052602,0
Continuous asphalt network,170.621,-100.4357,0.1620937,0.377695
Continuous asphalt network,170.6025,-99.88262,0.02026545,0.01149896
Continuous asphalt network,170.5232,-100.068,0.01013225,0.3777096
Continuous asphalt network,170.5273,-99.94495,0.01013392,0.01443409
Continuous asphalt network,170.572,-99.69852,0.04052319,0
Continuous asphalt network,170.7429,-100.0655,0.01013496,0.3775898
Continuous asphalt network,170.747,-99.94245,0.01013534,0.009756781
Continuous asphalt network,170.8142,-100.1261,0.02026592,0.3775321
Continuous asphalt network,170.5945,-100.1286,0.02025706,0.3776744
Continuous asphalt network,170.6738,-99.9433,0.01012551,0.009761957
Continuous asphalt network,170.6697,-100.0663,0.01012513,0.3775887
Continuous asphalt network,256.676,48.33363,1.576864,0.3629398
Continuous asphalt network,255.545,48.63199,1.576838,0.3321283
Continuous asphalt network,257.7159,49.29861,3.153551,0.338794
Continuous asphalt network,256.2928,45.95613,3.153566,0.3545539
Continuous asphalt network,255.0707,47.51782,1.576785,0.3222522
Continuous asphalt network,256.2017,47.21946,1.576811,0.354218
Continuous asphalt network,255.1256,50.60157,12.61453,0.3333678
Continuous asphalt network,159.646,11.38376,11.15635,0.03118267
Continuous asphalt network,88.14964,18.91418,29.0692,0
Continuous asphalt network,81.00312,11.50644,29.06925,0
Continuous asphalt network,90.25824,24.71549,58.13798,0
Continuous asphalt network,84.78739,97.96807,2.618257,0
Continuous asphalt network,84.89538,100.5034,2.618252,0.0250597
Continuous asphalt network,280.7939,21.57661,9.097983,0.07832453
Continuous asphalt network,278.3426,19.71706,0.5686097,0.1002429
Continuous asphalt network,277.8594,20.2784,0.5685965,0.09480333
Continuous asphalt network,279.2363,19.72488,1.137241,0.1183625
Continuous asphalt network,277.28,18.8594,1.137236,0.1248972
Continuous asphalt network,277.1651,19.77744,0.2843061,0.1217288
Continuous asphalt network,277.2496,20.20236,0.284335,0.07364579
Continuous asphalt network,277.6905,19.42856,0.5686281,0.1249022
Continuous asphalt network,278.3545,21.27248,4.548892,0.09323034
Continuous asphalt network,279.1992,25.52168,9.098137,0.06692681
Continuous asphalt network,281.1318,23.27629,9.097931,0.07410895
Continuous asphalt network,280.044,29.77089,4.548956,0.05302858
Continuous asphalt network,279.8565,31.81944,0.2843046,0.0144116
Continuous asphalt network,280.4242,31.68301,0.2843055,0.05302823
Continuous asphalt network,279.4883,31.46274,0.5686074,0.0568229
Continuous asphalt network,279.7417,32.7375,0.5686261,0.06592593
Continuous asphalt network,280.5086,32.10794,0.2843219,0.06620634
Continuous asphalt network,279.941,32.24437,0.284321,0.04044202
Continuous asphalt network,280.8651,30.9092,2.274478,0.05302926
Continuous asphalt network,280.4056,34.58139,2.274483,0.06592327
Continuous asphalt network,280.5864,36.98666,1.137302,0.01854996
Continuous asphalt network,280.9006,35.57547,1.137264,0.05820907
Continuous asphalt network,281.6861,32.04753,2.274512,0.07319715
Continuous asphalt network,280.8043,33.59514,1.137274,0.05101485
Continuous asphalt network,280.8769,32.46463,0.5686089,0.0320929
Continuous asphalt network,280.3937,33.02599,0.5685856,0.07533989
Continuous asphalt network,282.2063,25.6894,1.137318,0.08262671
Continuous asphalt network,282.1337,26.81991,0.568612,0.06409916
Continuous asphalt network,282.6169,26.25857,0.5686169,0.07534226
Continuous asphalt network,282.4716,28.51959,1.137193,0.06699967
Continuous asphalt network,283.0274,26.82774,0.5686629,0.1163875
Continuous asphalt network,282.5443,27.38908,0.5686084,0.06350203
Continuous asphalt network,283.0882,24.14178,4.549032,0.08532026
Continuous asphalt network,281.0103,28.6482,4.549043,0.05037097
Continuous asphalt network,280.6724,26.94851,4.549119,0.06155602
Continuous asphalt network,266.6957,-185.6293,29.35304,0.02728723
Continuous asphalt network,261.7195,-183.0803,29.35278,0.02344185
Continuous asphalt network,249.1973,-177.9767,29.35284,0.01904848
Continuous asphalt network,259.3132,-180.5368,29.35283,0.01992582
Continuous asphalt network,104.7297,-357.1109,34.01886,0.02443129
Continuous asphalt network,68.95166,-332.6645,39.3544,0.01088197
Continuous asphalt network,79.39648,-336.01,19.67737,0.01718283
Continuous asphalt network,72.21701,-335.385,19.67747,0.0143883
Continuous asphalt network,93.10663,-342.0762,39.35445,0.02750486
Continuous asphalt network,82.58073,-339.3326,19.67722,0.02205069
Continuous asphalt network,71.97372,-337.191,9.83849,0.01427947
Continuous asphalt network,79.15319,-337.8161,9.838438,0.01709349
Continuous asphalt network,190.5316,-196.9938,13.94755,0.06019475
Continuous asphalt network,183.8042,-204.0709,13.94751,0.05531704
Continuous asphalt network,193.1661,-192.3796,27.89483,0.0613801
Continuous asphalt network,201.7987,-179.6127,13.94737,0.06756347
Continuous asphalt network,207.6145,-171.191,3.486972,0.0577488
Continuous asphalt network,210.5224,-166.9802,0.8718073,0.05378336
Continuous asphalt network,211.9764,-164.8748,0.2179768,0.05332961
Continuous asphalt network,212.7262,-163.8557,0.2179727,0.03561305
Continuous asphalt network,211.6927,-165.5188,0.4359041,0.04926556
Continuous asphalt network,209.955,-168.2682,1.743497,0.05378296
Continuous asphalt network,206.4796,-173.7671,6.973703,0.05990281
Continuous asphalt network,199.5289,-184.7647,27.89481,0.06562146
Continuous asphalt network,184.8981,-205.6844,27.89489,0.05537453
Continuous asphalt network,191.6255,-198.6074,27.89496,0.06022064
Continuous asphalt network,182.9929,-211.3743,55.79013,0.05395921
Continuous asphalt network,-11.3547,-317.5144,70.85585,0.002335954
Continuous asphalt network,-57.31273,-271.0128,42.76634,0.007596929
Continuous asphalt network,-51.49245,-281.7884,21.38327,0.00999283
Continuous asphalt network,-56.68509,-275.4406,21.38347,0.007937326
Continuous asphalt network,-46.65654,-293.1907,21.38326,0.01456062
Continuous asphalt network,-41.32843,-304.2797,10.69137,0.01212939
Continuous asphalt network,-45.53673,-297.305,10.69137,0.01290615
Continuous asphalt network,-53.95331,-283.3556,10.69141,0.01055868
Continuous asphalt network,-58.16161,-276.3809,10.69141,0.008194211
Continuous asphalt network,-50.86482,-286.216,21.38311,0.01128158
Continuous asphalt network,-71.82122,-254.876,50.53761,0.006818979
Continuous asphalt network,-86.0979,-235.8238,26.75497,0.01035843
Continuous asphalt network,-12.15519,-292.7432,13.19343,0.06519895
Continuous asphalt network,-15.58217,-106.4916,51.42421,0.03261866
Continuous asphalt network,-11.11376,-95.65023,12.85608,0.01558759
Continuous asphalt network,-8.302684,-89.14956,6.42806,0.01401456
Continuous asphalt network,-9.309807,-93.51115,6.428037,0.01221295
Continuous asphalt network,-11.97425,-102.2135,25.71212,0.01671399
Continuous asphalt network,-4.191209,-82.69061,12.85603,0.01516392
Continuous asphalt network,-1.883687,-78.37074,12.85615,0.01953047
Continuous asphalt network,2.081155,-69.71013,6.428022,0.02723591
Continuous asphalt network,5.217336,-63.21988,3.214059,0.04024678
Continuous asphalt network,3.560012,-67.56062,3.214067,0.02826281
Continuous asphalt network,0.7489357,-74.06129,6.427985,0.02091714
Continuous asphalt network,-0.9083862,-78.40202,6.427989,0.02978693
Continuous asphalt network,-4.873231,-87.06262,12.85606,0.01046683
Continuous asphalt network,-6.53055,-91.40335,12.85603,0.02238959
Continuous asphalt network,-10.02365,-102.276,12.85607,0.02180028
Continuous asphalt network,-8.51297,-95.73367,6.428037,0.02118177
Continuous asphalt network,-7.505847,-91.37207,6.428068,0.008086442
Continuous asphalt network,-76.16343,-34.21962,18.78043,0.008173635
Continuous asphalt network,-72.59588,-28.01804,18.78042,0.01167913
Continuous asphalt network,-75.92437,-38.48343,37.56134,0.01153022
Continuous asphalt network,-353.3643,11.81358,52.65381,0.005469751
Continuous asphalt network,-265.5486,43.98542,24.52911,0.005138132
Continuous asphalt network,-291.9939,60.6862,13.1024,0.006287541
Continuous asphalt network,-305.4093,81.82473,9.974118,0.006990881
Continuous asphalt network,-298.1091,82.79554,9.974108,0.01070597
Continuous asphalt network,-308.8232,80.15629,19.94823,0.007334733
Continuous asphalt network,-319.4191,76.9255,39.89667,0.006149622
Continuous asphalt network,-298.4636,84.57013,19.94859,0.01099993
Continuous asphalt network,-305.7638,83.59931,19.94862,0.007459171
Continuous asphalt network,-295.2861,87.42166,39.8969,0.01098235
Continuous asphalt network,-97.81824,15.46493,3.067084,0.01646636
Continuous asphalt network,-100.0721,14.78777,3.067111,0.02619177
Continuous asphalt network,-96.87909,16.95674,6.134112,0.01200399
Continuous asphalt network,-36.59594,-8.3093,69.46992,0
Continuous asphalt network,-21.72877,-17.40272,17.36746,0.0006634278
Continuous asphalt network,-12.81103,-22.98701,8.683819,0.02700033
Continuous asphalt network,-18.77327,-20.11902,8.683804,0.02262083
Continuous asphalt network,-27.70382,-15.17589,17.36753,0.003763247
Continuous asphalt network,-33.66606,-12.30791,17.36747,0.01817498
Continuous asphalt network,171.2906,-115.5571,0.1008821,0.6617088
Continuous asphalt network,171.2651,-115.8634,0.0252238,0.661788
Continuous asphalt network,171.2158,-116.0171,0.02522125,0.4407683
Continuous asphalt network,171.1433,-115.7883,0.05043864,0.6619027
Continuous asphalt network,171.0471,-115.4068,0.2017513,0.6618023
Continuous asphalt network,171.7795,-115.3985,0.1008722,0.6617612
Continuous asphalt network,172.0724,-115.3952,0.1008775,0.8136392
Continuous asphalt network,171.5828,-115.7833,0.0504398,0.6618643
Continuous asphalt network,171.3622,-116.0154,0.02522103,0.440778
Continuous asphalt network,171.4116,-115.8618,0.02522358,0.6618612
Continuous asphalt network,171.5836,-115.5537,0.1008827,0.6617634
Continuous asphalt network,170.555,-116.4837,0.4034973,0.4006449
Continuous asphalt network,170.7039,-115.7933,0.05043606,0.6616684
Continuous asphalt network,170.4834,-116.0254,0.025226,0.4318585
Continuous asphalt network,170.5328,-115.8717,0.02522182,0.6616793
Continuous asphalt network,170.7047,-115.5637,0.1008585,0.6617932
Continuous asphalt network,170.9228,-116.0204,0.02521905,0.4362638
Continuous asphalt network,170.9722,-115.8668,0.0252141,0.6619076
Continuous asphalt network,171.0446,-116.0955,0.05044054,0.4434589
Continuous asphalt network,170.6052,-116.1005,0.05044639,0.4389985
Continuous asphalt network,170.8257,-115.8684,0.02521734,0.6618853
Continuous asphalt network,170.7764,-116.022,0.02522229,0.4362253
Continuous asphalt network,171.2462,-114.3332,0.8070246,0.661813
Continuous asphalt network,171.8305,-114.7857,0.2017738,0.7056233
Continuous asphalt network,172.1711,-115.088,0.1008723,0.7786322
Continuous asphalt network,171.8782,-115.0913,0.1008671,0.62265
Continuous asphalt network,171.3417,-114.9443,0.4035033,0.661869
Continuous asphalt network,172.3127,-116.4637,0.4034902,0.07896954
Continuous asphalt network,172.3637,-115.851,0.1008775,0.03257355
Continuous asphalt network,172.4139,-115.4678,0.05043507,0.7150591
Continuous asphalt network,172.511,-115.6198,0.05043956,0.08284611
Continuous asphalt network,172.6073,-116.0013,0.2017536,0.04534824
Continuous asphalt network,172.7999,-116.7643,0.8069883,0.04133912
Continuous asphalt network,171.238,-116.629,0.2017689,0.3559913
Continuous asphalt network,171.4322,-116.9329,0.2017502,0.2570218
Continuous asphalt network,170.7492,-116.7876,0.4035294,0.3938537
Continuous asphalt network,171.8017,-116.0104,0.02522513,0.4454365
Continuous asphalt network,171.851,-115.8568,0.02522416,0.6618885
Continuous asphalt network,171.9967,-116.0847,0.02522244,0.1550396
Continuous asphalt network,171.8502,-116.0864,0.02521513,0.3982405
Continuous asphalt network,171.4841,-116.0905,0.05044588,0.44825
Continuous asphalt network,171.7046,-115.8584,0.02521157,0.6621811
Continuous asphalt network,171.6552,-116.012,0.02521254,0.4457783
Continuous asphalt network,172.1695,-115.5471,0.100873,0.7145379
Continuous asphalt network,172.1193,-115.9303,0.05044078,0.1893656
Continuous asphalt network,172.0222,-115.7783,0.050439,0.6812872
Continuous asphalt network,171.8239,-116.6223,0.2017434,0.2190407
Continuous asphalt network,171.4832,-116.3201,0.1008885,0.3906541
Continuous asphalt network,171.8009,-116.24,0.02521515,0.3488644
Continuous asphalt network,171.9473,-116.2383,0.02522246,0.1280828
Continuous asphalt network,171.6783,-116.3944,0.0504337,0.3050009
Continuous asphalt network,171.7892,-112.6436,0.100871,0.6617293
Continuous asphalt network,172.0822,-112.6403,0.1008776,0.8173924
Continuous asphalt network,171.544,-112.9525,0.2017596,0.6617247
Continuous asphalt network,171.8403,-112.0309,0.2017622,0.7092
Continuous asphalt network,172.1809,-112.3331,0.1008791,0.7797524
Continuous asphalt network,171.888,-112.3364,0.1008725,0.6195654
Continuous asphalt network,172.52,-113.0944,0.4035184,0.7814975
Continuous asphalt network,171.7382,-113.2564,0.2017574,0.7049771
Continuous asphalt network,172.1299,-112.9458,0.2017581,0.7182837
Continuous asphalt network,172.4277,-111.5651,1.614034,0.7618257
Continuous asphalt network,172.7093,-114.7758,0.2017641,0.7813941
Continuous asphalt network,172.9767,-115.0788,0.02521744,0.2500174
Continuous asphalt network,173.0018,-114.8872,0.01260578,0.7818746
Continuous asphalt network,173.0504,-114.9632,0.01260914,0.1680373
Continuous asphalt network,173.0985,-115.154,0.05044068,0.05341088
Continuous asphalt network,172.7081,-115.1201,0.01261053,0.7808934
Continuous asphalt network,172.5859,-115.1598,0.02522571,0.7814736
Continuous asphalt network,172.8796,-114.9269,0.02521353,0.7817503
Continuous asphalt network,172.806,-115.0425,0.0126097,0.7810504
Continuous asphalt network,172.9561,-114.0078,0.2017516,0.7815344
Continuous asphalt network,173.1249,-114.618,0.05043139,0.7815497
Continuous asphalt network,173.2211,-114.9995,0.02521867,0.05472828
Continuous asphalt network,173.1483,-114.8856,0.01260744,0.1680445
Continuous asphalt network,173.0997,-114.8096,0.01260408,0.7818699
Continuous asphalt network,172.9545,-114.4669,0.1008808,0.7814168
Continuous asphalt network,173.2903,-116.1466,0.4034959,0.03792454
Continuous asphalt network,172.999,-115.6907,0.201756,0.0463331
Continuous asphalt network,172.7068,-115.4645,0.050439,0.05343089
Continuous asphalt network,172.5365,-115.3134,0.02521733,0.7360673
Continuous asphalt network,172.634,-115.3505,0.0126081,0.5156202
Continuous asphalt network,172.9512,-115.3852,0.100878,0.0534163
Continuous asphalt network,172.418,-114.3199,0.807008,0.748732
Continuous asphalt network,171.7366,-113.7155,0.4035081,0.6642299
Continuous asphalt network,172.3225,-113.7089,0.403478,0.8049214
Continuous asphalt network,172.9247,-109.1107,0.4035116,0.78148
Continuous asphalt network,172.9757,-108.498,0.1008723,0.781323
Continuous asphalt network,173.0012,-108.1916,0.02522008,0.7816035
Continuous asphalt network,173.0748,-108.076,0.01261003,0.7844285
Continuous asphalt network,173.123,-108.2668,0.05044127,0.7813358
Continuous asphalt network,173.2193,-108.6483,0.2017607,0.7815171
Continuous asphalt network,173.4119,-109.4113,0.8069841,0.7815189
Continuous asphalt network,173.4184,-107.5747,0.4035192,1.252761
Continuous asphalt network,173.5188,-106.8084,0.1008736,1.223848
Continuous asphalt network,173.5447,-106.3872,0.01261291,0.5572112
Continuous asphalt network,173.5932,-106.4632,0.01260945,1.262878
Continuous asphalt network,173.6064,-106.1952,0.01260733,0.5498383
Continuous asphalt network,173.6414,-106.6539,0.05043957,1.23333
Continuous asphalt network,173.6636,-107.2658,0.2017504,1.252779
Continuous asphalt network,173.8052,-108.6416,0.1008765,0.7816184
Continuous asphalt network,173.8554,-108.2585,0.0252281,0.7813714
Continuous asphalt network,173.9167,-108.1812,0.01261092,0.7812858
Continuous asphalt network,173.9278,-108.4872,0.0504486,0.7816199
Continuous asphalt network,173.95,-109.0991,0.2017579,0.7815448
Continuous asphalt network,173.5624,-108.2618,0.05044117,0.78144
Continuous asphalt network,173.734,-108.0685,0.0126072,0.8117042
Continuous asphalt network,173.7336,-108.1833,0.02522107,0.7815133
Continuous asphalt network,173.5616,-108.4914,0.1008758,0.7815207
Continuous asphalt network,173.2946,-108.0735,0.01260897,0.7934052
Continuous asphalt network,173.2941,-108.1883,0.0252255,0.7813723
Continuous asphalt network,173.1242,-107.9224,0.01260921,1.252559
Continuous asphalt network,173.3439,-107.9199,0.01260804,1.252519
Continuous asphalt network,173.5637,-107.9174,0.01261286,1.252633
Continuous asphalt network,173.7834,-107.9149,0.01261319,1.252668
Continuous asphalt network,173.4406,-108.1866,0.02522572,0.7812856
Continuous asphalt network,173.5143,-108.071,0.01260783,0.8018857
Continuous asphalt network,173.9137,-105.5795,0.2017547,0.549737
Continuous asphalt network,174.1812,-105.8826,0.02521607,1.003151
Continuous asphalt network,174.2063,-105.691,0.01261127,0.5497725
Continuous asphalt network,174.2548,-105.767,0.01261052,1.142513
Continuous asphalt network,174.303,-105.9577,0.05043812,1.252942
Continuous asphalt network,173.9125,-105.9239,0.0126098,0.5499489
Continuous asphalt network,173.7903,-105.9635,0.02521728,0.5499626
Continuous asphalt network,174.084,-105.7307,0.02522248,0.5497846
Continuous asphalt network,174.0104,-105.8463,0.01261039,0.5499582
Continuous asphalt network,174.1606,-104.8115,0.2017656,0.5497189
Continuous asphalt network,174.3293,-105.4218,0.05044133,0.549834
Continuous asphalt network,174.4256,-105.8033,0.02522622,1.252904
Continuous asphalt network,174.3527,-105.6894,0.01260795,1.142451
Continuous asphalt network,174.3042,-105.6134,0.0126087,0.5496078
Continuous asphalt network,174.1589,-105.2707,0.100886,0.549737
Continuous asphalt network,174.5555,-103.5827,0.4035149,0.5497162
Continuous asphalt network,174.5268,-104.8074,0.1008673,0.5497392
Continuous asphalt network,174.4869,-105.7261,0.02521721,1.252942
Continuous asphalt network,174.4519,-105.2674,0.05043406,0.5498862
Continuous asphalt network,174.4058,-104.5027,0.2017591,0.5497293
Continuous asphalt network,174.2495,-107.2592,0.4034861,1.252823
Continuous asphalt network,174.1714,-108.6375,0.05043923,0.7815873
Continuous asphalt network,174.2582,-108.2539,0.01260617,0.7813085
Continuous asphalt network,174.2574,-108.4834,0.02521355,0.7814999
Continuous asphalt network,174.1698,-109.0966,0.1008768,0.7815363
Continuous asphalt network,174.1734,-108.0635,0.0126082,0.8297453
Continuous asphalt network,174.173,-108.1783,0.02521149,0.7815103
Continuous asphalt network,174.0031,-107.9124,0.01260968,1.253073
Continuous asphalt network,174.2228,-107.9099,0.01260893,1.252948
Continuous asphalt network,174.0743,-108.4855,0.05043516,0.7816465
Continuous asphalt network,173.9899,-108.1804,0.01261106,0.7814804
Continuous asphalt network,174.0751,-108.256,0.02521719,0.7815078
Continuous asphalt network,174.2034,-106.4945,0.201763,1.25292
Continuous asphalt network,173.9113,-106.2683,0.05043845,1.25266
Continuous asphalt network,173.7409,-106.1171,0.02521895,0.6353058
Continuous asphalt network,173.8384,-106.1543,0.01260797,0.7568637
Continuous asphalt network,174.1557,-106.189,0.1008828,1.25254
Continuous asphalt network,173.9566,-107.2625,0.201751,1.252884
Continuous asphalt network,173.7878,-106.6523,0.05044252,1.252782
Continuous asphalt network,173.7035,-106.3471,0.01261294,1.010458
Continuous asphalt network,173.6796,-106.1944,0.01261042,0.5516359
Continuous asphalt network,173.7887,-106.4227,0.02522124,1.25268
Continuous asphalt network,173.9582,-106.8034,0.100878,1.252926
Continuous asphalt network,173.6951,-112.1629,1.614092,0.7815122
Continuous asphalt network,173.4894,-115.073,0.1008892,0.0534176
Continuous asphalt network,173.5396,-114.6898,0.02521488,0.05341478
Continuous asphalt network,173.6009,-114.6126,0.01260803,0.05341738
Continuous asphalt network,173.612,-114.9186,0.05043068,0.05341543
Continuous asphalt network,173.6634,-114.191,0.0126126,0.7814348
Continuous asphalt network,173.7251,-113.999,0.01260883,0.7814642
Continuous asphalt network,173.8239,-113.6918,0.02522318,0.7817137
Continuous asphalt network,173.7864,-113.9218,0.0126118,0.7816337
Continuous asphalt network,173.7346,-114.7641,0.05045893,0.05340941
Continuous asphalt network,173.7359,-114.4198,0.01261132,0.05342537
Continuous asphalt network,173.6741,-114.6118,0.01261571,0.05341878
Continuous asphalt network,173.5355,-115.8377,0.4035567,0.03941293
Continuous asphalt network,173.4943,-113.6956,0.4035262,0.7815365
Continuous asphalt network,173.4672,-114.4611,0.02521688,0.554406
Continuous asphalt network,173.4421,-114.6527,0.01261093,0.05339923
Continuous asphalt network,173.3935,-114.5767,0.01260467,0.6667226
Continuous asphalt network,173.3454,-114.386,0.05044291,0.7813941
Continuous asphalt network,173.319,-114.9219,0.05044516,0.04264155
Continuous asphalt network,173.2228,-114.5404,0.02522132,0.7813371
Continuous asphalt network,173.2956,-114.6543,0.01260692,0.6703848
Continuous asphalt network,173.3442,-114.7303,0.01261318,0.06336566
Continuous asphalt network,173.2491,-114.0044,0.2017516,0.7815318
Continuous asphalt network,173.2111,-110.944,3.22807,0.7814851
Continuous asphalt network,171.7501,-123.6631,0.1008608,0.257046
Continuous asphalt network,172.1409,-123.5822,0.05043736,0.02521485
Continuous asphalt network,171.9451,-123.7374,0.05042575,0.1528532
Continuous asphalt network,171.5049,-123.972,0.2017365,0.2260835
Continuous asphalt network,171.8011,-123.0504,0.2017391,0.2011722
Continuous asphalt network,172.1418,-123.3526,0.1008866,0.04653742
Continuous asphalt network,171.8488,-123.3559,0.1008707,0.2588595
Continuous asphalt network,172.4808,-124.114,0.4035229,0.02131191
Continuous asphalt network,171.6991,-124.2759,0.2017503,0.2065241
Continuous asphalt network,172.1154,-123.8885,0.02521984,0.02632021
Continuous asphalt network,171.9689,-123.8902,0.02522358,0.242108
Continuous asphalt network,172.238,-123.7341,0.05044914,0.0265902
Continuous asphalt network,172.09,-124.1949,0.0504372,0.04367004
Continuous asphalt network,171.9196,-124.0438,0.02522098,0.2347185
Continuous asphalt network,172.0661,-124.0421,0.02521725,0.06869572
Continuous asphalt network,172.1459,-122.2047,0.05043609,0.02021004
Continuous asphalt network,171.95,-122.36,0.05044124,0.1479938
Continuous asphalt network,172.1467,-121.9752,0.1008689,0.04384108
Continuous asphalt network,172.438,-122.431,0.1008813,0.03028494
Continuous asphalt network,172.1204,-122.5111,0.02521921,0.03029464
Continuous asphalt network,171.9739,-122.5128,0.02521871,0.2356993
Continuous asphalt network,172.243,-122.3567,0.05043945,0.03029658
Continuous asphalt network,172.3919,-121.6663,0.4034868,0.0302899
Continuous asphalt network,172.6783,-123.4995,0.4035251,0.02109211
Continuous asphalt network,172.387,-123.0437,0.2017572,0.03028842
Continuous asphalt network,172.0948,-122.8175,0.0504461,0.04525499
Continuous asphalt network,171.9245,-122.6664,0.02521867,0.2280441
Continuous asphalt network,172.071,-122.6647,0.02521917,0.08737166
Continuous asphalt network,172.3392,-122.7382,0.1008712,0.03028351
Continuous asphalt network,172.981,-120.7414,3.228104,0.02542032
Continuous asphalt network,172.369,-128.0943,3.228089,0.04104641
Continuous asphalt network,172.3788,-125.3395,0.8070033,0.03812601
Continuous asphalt network,171.6974,-124.735,0.4035038,0.2048401
Continuous asphalt network,172.2833,-124.7284,0.4035297,0.06267565
Continuous asphalt network,172.081,-126.7202,0.2017479,0.09561419
Continuous asphalt network,171.7403,-126.418,0.1008722,0.2074441
Continuous asphalt network,172.0332,-126.4147,0.1008715,0.07378719
Continuous asphalt network,171.7864,-127.1827,0.4034896,0.1672036
Continuous asphalt network,171.5,-125.3494,0.4034972,0.227015
Continuous asphalt network,171.7913,-125.8053,0.201754,0.1662223
Continuous asphalt network,172.132,-126.1075,0.1008681,0.03556168
Continuous asphalt network,171.839,-126.1108,0.1008688,0.2098021
Continuous asphalt network,172.5004,-118.6042,0.4035213,0.03029133
Continuous asphalt network,171.7186,-118.7661,0.2017512,0.2311592
Continuous asphalt network,172.135,-118.3788,0.02522265,0.03028012
Continuous asphalt network,171.9885,-118.3804,0.02522498,0.2163335
Continuous asphalt network,172.2576,-118.2243,0.0504419,0.03027855
Continuous asphalt network,172.1095,-118.6852,0.05044075,0.02790666
Continuous asphalt network,171.9392,-118.534,0.02522326,0.2098271
Continuous asphalt network,172.0856,-118.5324,0.02522094,0.07033105
Continuous asphalt network,172.9908,-117.9865,0.806999,0.03029122
Continuous asphalt network,172.4478,-119.6761,0.1008816,0.03029315
Continuous asphalt network,172.1301,-119.7562,0.02521493,0.03029285
Continuous asphalt network,171.9836,-119.7579,0.02521493,0.2228321
Continuous asphalt network,172.2527,-119.6018,0.05043207,0.03029387
Continuous asphalt network,172.693,-119.3672,0.2017538,0.03029278
Continuous asphalt network,172.3968,-120.2889,0.201748,0.03029401
Continuous asphalt network,172.1046,-120.0626,0.05043904,0.03344744
Continuous asphalt network,171.9343,-119.9115,0.02521662,0.2158685
Continuous asphalt network,172.0807,-119.9098,0.02521662,0.07598437
Continuous asphalt network,172.349,-119.9833,0.1008851,0.03029056
Continuous asphalt network,171.717,-119.2253,0.4034857,0.2221218
Continuous asphalt network,172.4987,-119.0634,0.2017609,0.03029165
Continuous asphalt network,172.1556,-119.4499,0.05044235,0.01024233
Continuous asphalt network,171.9598,-119.6051,0.05044013,0.1387651
Continuous asphalt network,172.1564,-119.2203,0.1008747,0.03888552
Continuous asphalt network,171.2331,-118.0064,0.8070217,0.2570026
Continuous asphalt network,170.6488,-117.5539,0.2017448,0.2820984
Continuous asphalt network,170.4546,-117.25,0.2017564,0.3966197
Continuous asphalt network,171.1376,-117.3953,0.403484,0.2570181
Continuous asphalt network,172.6024,-117.3787,0.8070087,0.01534256
Continuous asphalt network,171.7697,-118.1534,0.1008804,0.2569323
Continuous asphalt network,172.1605,-118.0724,0.05043386,0.005305856
Continuous asphalt network,171.9647,-118.2277,0.0504379,0.13435
Continuous asphalt network,171.5244,-118.4622,0.2017445,0.2569911
Continuous asphalt network,171.8206,-117.5406,0.2017678,0.1900127
Continuous asphalt network,172.1613,-117.8428,0.1008728,0.03668164
Continuous asphalt network,171.8684,-117.8462,0.1008839,0.2606549
Continuous asphalt network,171.7089,-121.521,0.2017653,0.2330467
Continuous asphalt network,172.1252,-121.1337,0.02521809,0.03030038
Continuous asphalt network,171.9787,-121.1353,0.0252245,0.229201
Continuous asphalt network,172.2478,-120.9792,0.05044787,0.03029991
Continuous asphalt network,172.0997,-121.44,0.05044078,0.03927046
Continuous asphalt network,171.9294,-121.2889,0.02522189,0.221893
Continuous asphalt network,172.0759,-121.2873,0.02521548,0.08168507
Continuous asphalt network,171.7072,-121.9801,0.403527,0.22517
Continuous asphalt network,171.1246,-121.0685,0.4035206,0.2570061
Continuous asphalt network,171.7599,-120.9082,0.1008677,0.2569627
Continuous asphalt network,172.1507,-120.8273,0.05043431,0.01522121
Continuous asphalt network,171.9549,-120.9826,0.05042562,0.1433343
Continuous asphalt network,171.5146,-121.2171,0.2017341,0.2569987
Continuous asphalt network,171.2168,-122.5979,1.613999,0.2413689
Continuous asphalt network,170.7394,-119.5424,0.8069993,0.2569892
Continuous asphalt network,170.402,-118.3219,0.2017526,0.2570239
Continuous asphalt network,170.2094,-117.5589,0.1008795,0.4571431
Continuous asphalt network,170.4036,-117.8628,0.1008713,0.2562876
Continuous asphalt network,170.7427,-118.6241,0.4035064,0.2569883
Continuous asphalt network,171.2266,-119.843,0.8070043,0.2569978
Continuous asphalt network,171.8109,-120.2955,0.2017503,0.1955598
Continuous asphalt network,172.1516,-120.5977,0.1008722,0.04127881
Continuous asphalt network,171.8586,-120.601,0.1008711,0.2596655
Continuous asphalt network,171.3221,-120.4541,0.4035343,0.2570051
Continuous asphalt network,172.6448,-105.4409,1.614008,0.5413009
Continuous asphalt network,171.0813,-105.7647,0.8070132,0.5760385
Continuous asphalt network,171.7676,-104.9917,0.2017552,0.5292758
Continuous asphalt network,172.1593,-104.6812,0.2017503,0.5690349
Continuous asphalt network,171.7659,-105.4508,0.4035104,0.5866333
Continuous asphalt network,173.6257,-104.2054,3.228048,0.5497283
Continuous asphalt network,172.442,-107.5475,0.01261292,0.9340674
Continuous asphalt network,172.3935,-107.4716,0.01260913,0.5497063
Continuous asphalt network,172.5642,-107.5079,0.02523042,1.037125
Continuous asphalt network,172.2215,-107.7796,0.01261059,0.7901018
Continuous asphalt network,172.2955,-107.5492,0.01260663,0.5498152
Continuous asphalt network,172.4432,-107.2032,0.05043771,0.5497441
Continuous asphalt network,172.5893,-107.3163,0.012613,0.5496305
Continuous asphalt network,172.6379,-107.3923,0.01261099,1.176209
Continuous asphalt network,172.4671,-107.3559,0.02521325,0.5496663
Continuous asphalt network,172.6367,-107.7366,0.2017459,1.252916
Continuous asphalt network,171.7578,-107.7466,0.2017482,0.5742009
Continuous asphalt network,172.1495,-107.4361,0.2017713,0.6092725
Continuous asphalt network,173.0308,-106.7374,0.05042984,0.5497791
Continuous asphalt network,173.2011,-106.8885,0.02522121,1.064276
Continuous asphalt network,173.0546,-106.8901,0.02522585,0.7997895
Continuous asphalt network,172.7864,-106.8167,0.1008718,0.5497766
Continuous asphalt network,173.3739,-106.3509,0.1008728,0.5497299
Continuous asphalt network,173.3237,-106.734,0.05044262,1.089849
Continuous asphalt network,173.2266,-106.5821,0.0504288,0.549808
Continuous asphalt network,173.0284,-107.4261,0.201741,1.252907
Continuous asphalt network,172.7609,-107.123,0.02522444,0.5781343
Continuous asphalt network,172.7358,-107.3146,0.01261064,1.171511
Continuous asphalt network,172.6872,-107.2387,0.01261265,0.5362073
Continuous asphalt network,172.6391,-107.0479,0.05043841,0.549824
Continuous asphalt network,173.0296,-107.0817,0.01261001,1.252921
Continuous asphalt network,172.981,-107.0058,0.01261123,0.6534579
Continuous asphalt network,173.1518,-107.0421,0.02521862,1.25283
Continuous asphalt network,172.858,-107.275,0.02521776,1.252675
Continuous asphalt network,172.8831,-107.0834,0.01261092,0.6535442
Continuous asphalt network,172.9316,-107.1594,0.0126097,1.252944
Continuous asphalt network,172.3404,-108.6582,0.2017323,0.7736059
Continuous asphalt network,172.6835,-108.2718,0.05044414,0.7816492
Continuous asphalt network,172.8551,-108.0785,0.01260493,0.7814679
Continuous asphalt network,172.8547,-108.1933,0.02521832,0.7816492
Continuous asphalt network,172.6827,-108.5013,0.1008782,0.781526
Continuous asphalt network,172.3388,-109.1174,0.4034779,0.7525671
Continuous asphalt network,171.8533,-108.3577,0.201748,0.6307642
Continuous asphalt network,171.6591,-108.0538,0.201748,0.409061
Continuous asphalt network,172.4157,-108.0835,0.01260869,0.7809469
Continuous asphalt network,172.4153,-108.1983,0.02522317,0.7815922
Continuous asphalt network,172.2454,-107.9324,0.01261093,1.211732
Continuous asphalt network,172.4651,-107.9299,0.01261082,1.223074
Continuous asphalt network,172.6848,-107.9274,0.01261116,1.233747
Continuous asphalt network,172.9045,-107.9249,0.01261363,1.24531
Continuous asphalt network,172.5618,-108.1966,0.02521796,0.781918
Continuous asphalt network,172.6354,-108.081,0.01260946,0.7814301
Continuous asphalt network,172.0968,-108.508,0.1008753,0.8231541
Continuous asphalt network,172.1224,-108.2016,0.02521833,0.7813745
Continuous asphalt network,172.196,-108.086,0.01260837,0.7811613
Continuous asphalt network,172.2441,-108.2767,0.05044675,0.781593
Continuous asphalt network,171.078,-106.683,1.614033,0.5760223
Continuous asphalt network,172.6415,-106.3592,0.806997,0.5672477
Continuous asphalt network,171.8088,-107.1339,0.1008688,0.5766462
Continuous asphalt network,172.1017,-107.1305,0.1008723,0.4959976
Continuous asphalt network,171.5636,-107.4427,0.2017179,0.576068
Continuous asphalt network,171.8598,-106.5211,0.2017512,0.5421122
Continuous asphalt network,172.2005,-106.8233,0.1008757,0.549733
Continuous asphalt network,171.9075,-106.8266,0.1008722,0.6283345
Continuous asphalt network,170.1102,-104.2453,3.228057,0.5760167
Continuous asphalt network,168.9911,-103.1867,0.1008757,0.5134001
Continuous asphalt network,168.6981,-103.19,0.1008745,0.44966
Continuous asphalt network,169.2363,-102.8778,0.2017481,0.5331383
Continuous asphalt network,168.9401,-103.7994,0.2017507,0.5761139
Continuous asphalt network,168.6479,-103.5732,0.05044243,0.5759693
Continuous asphalt network,168.5508,-103.4212,0.05043551,0.404421
Continuous asphalt network,168.8923,-103.4939,0.1008774,0.57609
Continuous asphalt network,168.5533,-102.7325,0.807004,0.3776711
Continuous asphalt network,169.9193,-103.0231,1.614041,0.5680174
Continuous asphalt network,172.4571,-103.3004,0.8070084,0.5584285
Continuous asphalt network,171.7758,-102.696,0.4035077,0.5873569
Continuous asphalt network,172.3616,-102.6893,0.4034984,0.5256189
Continuous asphalt network,173.4347,-102.9833,1.614012,0.5497249
Continuous asphalt network,171.1833,-104.5392,0.4035088,0.5760332
Continuous asphalt network,171.8186,-104.3789,0.1008791,0.5778345
Continuous asphalt network,172.1115,-104.3756,0.1008734,0.4996348
Continuous asphalt network,171.5734,-104.6878,0.2017641,0.5760601
Continuous asphalt network,170.6929,-105.1569,0.8069856,0.5760259
Continuous asphalt network,171.2853,-103.3137,0.8070081,0.5760429
Continuous asphalt network,171.8696,-103.7662,0.201733,0.540134
Continuous asphalt network,172.2103,-104.0684,0.1008734,0.5497262
Continuous asphalt network,171.9173,-104.0717,0.1008792,0.6261073
Continuous asphalt network,171.3808,-103.9248,0.4034955,0.5759885
Continuous asphalt network,171.0617,-111.2745,0.8070473,0.6617668
Continuous asphalt network,171.748,-110.5015,0.2017504,0.7082655
Continuous asphalt network,172.1397,-110.1909,0.2017606,0.7220485
Continuous asphalt network,171.7464,-110.9606,0.4035075,0.6644269
Continuous asphalt network,171.0585,-112.1928,1.614055,0.6617998
Continuous asphalt network,170.0874,-110.6733,0.8070148,0.6617904
Continuous asphalt network,169.406,-110.0689,0.4035169,0.4044614
Continuous asphalt network,170.0899,-109.9846,0.0504344,0.6053018
Continuous asphalt network,169.9928,-109.8327,0.05043888,0.366345
Continuous asphalt network,170.3342,-109.9053,0.1008851,0.6541538
Continuous asphalt network,169.7467,-110.3711,0.1008734,0.557595
Continuous asphalt network,169.7969,-109.9879,0.05044124,0.3663563
Continuous asphalt network,169.894,-110.1399,0.05043676,0.6053031
Continuous asphalt network,171.1637,-110.049,0.4035031,0.6618305
Continuous asphalt network,171.799,-109.8887,0.1008844,0.6617979
Continuous asphalt network,172.092,-109.8854,0.1008716,0.821337
Continuous asphalt network,171.5538,-110.1976,0.2017526,0.6617924
Continuous asphalt network,170.6733,-110.6667,0.8070384,0.6618329
Continuous asphalt network,170.466,-114.036,1.614051,0.6617945
Continuous asphalt network,170.4118,-115.567,0.1008703,0.6619377
Continuous asphalt network,170.3863,-115.8734,0.0252195,0.6616012
Continuous asphalt network,170.3369,-116.027,0.02522367,0.4317382
Continuous asphalt network,170.2645,-115.7982,0.05043854,0.6617513
Continuous asphalt network,170.1682,-115.4167,0.2017451,0.6618588
Continuous asphalt network,170.1156,-116.4887,0.2017684,0.4006731
Continuous asphalt network,169.9715,-115.8016,0.02521859,0.6617509
Continuous asphalt network,169.9341,-116.0316,0.01261413,0.4273697
Continuous asphalt network,169.9102,-115.8788,0.01261201,0.6617388
Continuous asphalt network,169.8991,-115.5728,0.05043383,0.6618618
Continuous asphalt network,170.044,-116.0303,0.02521664,0.4274416
Continuous asphalt network,170.0933,-115.8767,0.02522007,0.6617513
Continuous asphalt network,170.1658,-116.1055,0.05044916,0.4346202
Continuous asphalt network,169.9756,-114.6537,0.8070374,0.6617969
Continuous asphalt network,169.5937,-112.2094,0.8069723,0.6617805
Continuous asphalt network,169.3542,-110.9112,0.05043916,0.6618688
Continuous asphalt network,169.2571,-110.7593,0.05043672,0.4610054
Continuous asphalt network,169.2308,-111.2952,0.05044417,0.6618078
Continuous asphalt network,169.1464,-110.9901,0.01260859,0.6617833
Continuous asphalt network,169.1226,-110.8373,0.01260859,0.4878817
Continuous asphalt network,169.2316,-111.0656,0.02522041,0.6618677
Continuous asphalt network,169.1608,-110.3778,0.201747,0.4045856
Continuous asphalt network,169.597,-111.2911,0.4034979,0.6617889
Continuous asphalt network,170.2751,-112.8138,1.614031,0.6617991
Continuous asphalt network,169.3203,-106.7029,1.614049,0.5760292
Continuous asphalt network,169.0209,-108.5429,0.80702,0.3727157
Continuous asphalt network,168.8299,-107.3207,0.8070266,0.5760294
Continuous asphalt network,168.448,-104.8763,0.8070322,0.5760162
Continuous asphalt network,168.16,-103.5022,0.1008775,0.3834484
Continuous asphalt network,168.0851,-103.9622,0.05043354,0.4989486
Continuous asphalt network,168.0373,-103.6566,0.05043519,0.3759857
Continuous asphalt network,168.0151,-103.0447,0.2017568,0.3776811
Continuous asphalt network,168.3048,-103.9597,0.1008816,0.5760028
Continuous asphalt network,168.355,-103.5765,0.05043551,0.4043973
Continuous asphalt network,168.4521,-103.7284,0.05044243,0.5759545
Continuous asphalt network,168.5484,-104.11,0.2017372,0.5761381
Continuous asphalt network,169.1294,-105.4807,1.614062,0.5760061
Continuous asphalt network,169.8997,-108.5329,1.614063,0.3727123
Continuous asphalt network,170.2947,-107.304,1.614069,0.5760241
Continuous asphalt network,171.167,-109.1307,0.4035082,0.5822158
Continuous asphalt network,171.2674,-108.3643,0.2017607,0.4056641
Continuous asphalt network,171.4616,-108.6682,0.2017607,0.6297746
Continuous asphalt network,171.85,-109.276,0.2017562,0.7126775
Continuous asphalt network,172.1907,-109.5782,0.1008733,0.7809857
Continuous asphalt network,171.8978,-109.5815,0.1008861,0.6165093
Continuous asphalt network,171.3612,-109.4345,0.4035029,0.6617713
Continuous asphalt network,170.0923,-109.2959,0.2017631,0.3664366
Continuous asphalt network,170.3844,-109.5221,0.05043321,0.4059429
Continuous asphalt network,170.4815,-109.6741,0.05044255,0.6614079
Continuous asphalt network,170.14,-109.6014,0.1008675,0.3664807
Continuous asphalt network,169.6035,-109.4545,0.4035138,0.3664443
Continuous asphalt network,170.7786,-108.5229,0.4035293,0.3873093
Continuous asphalt network,170.7276,-109.1357,0.1008653,0.4545998
Continuous asphalt network,170.6774,-109.5188,0.050442,0.661683
Continuous asphalt network,170.5803,-109.3669,0.05043265,0.4060398
Continuous asphalt network,170.484,-108.9854,0.2017631,0.3664385
Continuous asphalt network,219.9814,59.99034,0.9663196,0.1279464
Continuous asphalt network,220.8949,60.47936,0.4831455,0.1266005
Continuous asphalt network,220.7286,59.92021,0.4831831,0.1949283
Continuous asphalt network,220.064,58.97679,1.932633,0.1955218
Continuous asphalt network,218.5704,61.70329,1.932589,0.1148803
Continuous asphalt network,220.3139,61.10861,0.966329,0.1452959
Continuous asphalt network,219.4835,60.89918,0.9662958,0.1127177
Continuous asphalt network,222.8041,59.15071,0.9663211,0.1942603
Continuous asphalt network,222.3063,60.05954,0.9663211,0.1599158
Continuous asphalt network,223.8834,58.90573,1.932675,0.1942603
Continuous asphalt network,221.3923,58.27739,1.93259,0.1942566
Continuous asphalt network,221.3927,59.57051,0.4831971,0.1922046
Continuous asphalt network,221.559,60.12967,0.4831595,0.1258472
Continuous asphalt network,221.9738,58.94124,0.9663324,0.1942608
Continuous asphalt network,217.4067,57.78932,7.730622,0.1656133
Continuous asphalt network,217.5738,60.93471,3.865203,0.1185232
Continuous asphalt network,218.5696,59.11705,3.865317,0.1689756
Continuous asphalt network,226.54,57.50697,1.932671,0.2085989
Continuous asphalt network,227.9513,57.08715,0.4831827,0.2371382
Continuous asphalt network,228.6155,56.73745,0.4831725,0.2468528
Continuous asphalt network,227.453,56.70286,0.9663342,0.2087607
Continuous asphalt network,225.5433,56.73837,3.865299,0.2011701
Continuous asphalt network,229.8605,55.75847,1.932703,0.2468626
Continuous asphalt network,231.1888,55.05906,1.93275,0.2773759
Continuous asphalt network,227.1205,55.58455,0.4831913,0.2098373
Continuous asphalt network,228.1582,55.19977,0.2415835,0.2144724
Continuous asphalt network,227.411,55.2699,0.2415969,0.209817
Continuous asphalt network,225.958,55.54997,0.9663687,0.2098376
Continuous asphalt network,228.2829,55.61914,0.4831669,0.2282476
Continuous asphalt network,227.6188,55.96885,0.4831873,0.2229351
Continuous asphalt network,228.7813,56.00345,0.966364,0.2468564
Continuous asphalt network,221.5577,56.25029,3.865234,0.1895785
Continuous asphalt network,218.5686,56.53079,3.865245,0.204993
Continuous asphalt network,223.3847,57.22831,7.730577,0.2000153
Continuous asphalt network,234.5094,53.31058,1.932628,0.2609012
Continuous asphalt network,235.9208,52.89076,0.4831437,0.2991238
Continuous asphalt network,236.5849,52.54106,0.4831731,0.354509
Continuous asphalt network,235.4225,52.50647,0.9663177,0.2634544
Continuous asphalt network,233.5128,52.542,3.865255,0.269933
Continuous asphalt network,238.0376,51.61444,0.2415583,0.4983475
Continuous asphalt network,237.7887,52.06884,0.2416034,0.4213227
Continuous asphalt network,238.5773,51.49199,0.4831113,0.4983582
Continuous asphalt network,237.3317,51.17781,0.4831369,0.4982962
Continuous asphalt network,237.332,51.82434,0.1207915,0.4787333
Continuous asphalt network,237.4151,52.10391,0.1207879,0.2849715
Continuous asphalt network,237.6225,51.50972,0.2415261,0.4984112
Continuous asphalt network,239.1583,50.86271,1.932734,0.4983255
Continuous asphalt network,235.1315,51.52794,0.1207955,0.3226052
Continuous asphalt network,235.4636,51.35307,0.1208,0.3306222
Continuous asphalt network,234.8824,51.3358,0.2415911,0.3081423
Continuous asphalt network,236.0655,51.117,0.06038436,0.5882735
Continuous asphalt network,235.8579,51.06464,0.06038956,0.3928433
Continuous asphalt network,236.4805,50.89849,0.06037986,0.4984348
Continuous asphalt network,236.0965,50.8986,0.01509891,0.4782101
Continuous asphalt network,235.9097,50.91611,0.01509619,0.4654892
Continuous asphalt network,236.2107,50.95973,0.03018803,0.4984211
Continuous asphalt network,235.3804,51.07352,0.2415576,0.389616
Continuous asphalt network,233.9275,51.3536,0.9663709,0.3088178
Continuous asphalt network,236.2524,51.42276,0.4831873,0.3912091
Continuous asphalt network,235.4845,51.74631,0.06041142,0.3087764
Continuous asphalt network,235.6089,51.51905,0.06041142,0.4432662
Continuous asphalt network,235.2146,51.80756,0.1208183,0.3087754
Continuous asphalt network,235.8374,51.96464,0.120805,0.3683242
Continuous asphalt network,235.8165,51.57142,0.06040832,0.3984945
Continuous asphalt network,235.6921,51.79868,0.06040832,0.2526941
Continuous asphalt network,236.7301,52.06046,0.06037822,0.404402
Continuous asphalt network,236.8545,51.83324,0.06038301,0.4984096
Continuous asphalt network,236.4603,52.1217,0.1207929,0.3582451
Continuous asphalt network,237.083,52.27878,0.1207841,0.3404979
Continuous asphalt network,237.0621,51.8856,0.06040666,0.4632244
Continuous asphalt network,236.9377,52.11281,0.06040187,0.3654476
Continuous asphalt network,236.6676,51.5275,0.4831739,0.5090742
Continuous asphalt network,242.0224,49.5163,0.2415916,0.5380366
Continuous asphalt network,241.6074,50.05812,0.1207858,0.4983223
Continuous asphalt network,241.9603,49.95317,0.03021378,0.3901939
Continuous asphalt network,242.1263,49.86575,0.03021473,0.5382347
Continuous asphalt network,241.8357,49.85707,0.06039957,0.5799008
Continuous asphalt network,242.5621,49.39381,0.4832009,0.5382838
Continuous asphalt network,241.4203,49.10579,0.06041031,0.5381532
Continuous asphalt network,241.2128,49.37673,0.03020244,0.4412839
Continuous asphalt network,241.3788,49.2893,0.03020278,0.5575927
Continuous asphalt network,241.6901,49.04456,0.1208052,0.5382672
Continuous asphalt network,241.0673,48.88747,0.1207944,0.5576247
Continuous asphalt network,241.0882,49.28066,0.06040252,0.5155101
Continuous asphalt network,241.2127,49.05342,0.06039422,0.4270847
Continuous asphalt network,241.3583,49.86599,0.2415754,0.4983339
Continuous asphalt network,241.7733,49.32414,0.120782,0.5385843
Continuous asphalt network,241.4204,49.42909,0.03020278,0.6075966
Continuous asphalt network,241.2543,49.51652,0.03020244,0.4981576
Continuous asphalt network,241.545,49.52517,0.06039231,0.4167871
Continuous asphalt network,243.5998,49.00905,0.1207621,0.5382677
Continuous asphalt network,244.0356,48.86037,0.06039446,0.3622378
Continuous asphalt network,243.8281,48.80803,0.06038617,0.5383365
Continuous asphalt network,243.3506,48.81691,0.2415773,0.5382681
Continuous asphalt network,244.5959,48.48446,0.2416068,0.3753282
Continuous asphalt network,243.6411,48.50227,0.1208218,0.5559394
Continuous asphalt network,243.9525,48.5808,0.06038972,0.5560507
Continuous asphalt network,244.1601,48.63315,0.06039802,0.3778549
Continuous asphalt network,242.3958,48.83467,0.9663076,0.538277
Continuous asphalt network,245.8826,47.64526,0.966249,0.3769787
Continuous asphalt network,247.9166,46.73598,0.4830693,0.4141349
Continuous asphalt network,246.5052,47.15581,0.4830732,0.3483326
Continuous asphalt network,243.3504,48.17034,0.241599,0.5310733
Continuous asphalt network,244.3674,47.71567,0.1208039,0.3798515
Continuous asphalt network,243.6617,47.92559,0.1208007,0.5110041
Continuous asphalt network,242.2711,48.41531,0.4831896,0.5383012
Continuous asphalt network,244.8033,47.89026,0.4831219,0.3753732
Continuous asphalt network,243.7656,48.27504,0.2415526,0.492049
Continuous asphalt network,244.5129,48.20488,0.2415539,0.3753696
Continuous asphalt network,238.0785,49.81456,1.932595,0.5002832
Continuous asphalt network,234.8821,50.68925,0.2415707,0.3199594
Continuous asphalt network,235.7331,50.32206,0.06037796,0.3889266
Continuous asphalt network,236.2416,50.09474,0.03020981,0.4980687
Continuous asphalt network,235.8887,50.1997,0.03021076,0.4750265
Continuous asphalt network,235.1934,50.44453,0.1207585,0.396374
Continuous asphalt network,233.8028,50.93423,0.4831496,0.3088606
Continuous asphalt network,236.2935,50.26948,0.120782,0.4983144
Continuous asphalt network,235.8577,50.4181,0.06037236,0.3338682
Continuous asphalt network,236.0652,50.47048,0.06038661,0.4719832
Continuous asphalt network,236.5427,50.46161,0.2415849,0.4983073
Continuous asphalt network,235.2973,50.79396,0.2415747,0.3895884
Continuous asphalt network,236.1484,50.75006,0.03019963,0.4855017
Continuous asphalt network,235.8889,50.84621,0.01510007,0.399416
Continuous asphalt network,236.0757,50.8287,0.01510279,0.4233319
Continuous asphalt network,236.439,50.75872,0.06039857,0.4982692
Continuous asphalt network,235.8578,50.74135,0.03019913,0.3994081
Continuous asphalt network,236.0238,50.65395,0.03020043,0.3993104
Continuous asphalt network,235.7332,50.64528,0.06039492,0.3993909
Continuous asphalt network,239.6561,49.95387,3.865266,0.4859501
Continuous asphalt network,225.5424,54.15208,3.865302,0.2089515
Continuous asphalt network,228.9461,52.68315,0.9662058,0.2416642
Continuous asphalt network,230.2744,51.98378,0.9661342,0.3154263
Continuous asphalt network,226.7875,53.17311,1.932436,0.2380871
Continuous asphalt network,221.142,54.85245,1.932682,0.1720174
Continuous asphalt network,218.3193,55.69209,1.932661,0.1866728
Continuous asphalt network,222.7197,54.99176,3.865299,0.2083882
Continuous asphalt network,231.1879,52.47278,1.932684,0.2530934
Continuous asphalt network,229.8596,53.17214,1.932674,0.2573638
Continuous asphalt network,232.1845,53.24137,3.86524,0.2673686
Continuous asphalt network,227.4521,54.11652,0.9663239,0.187657
Continuous asphalt network,228.2825,54.32597,0.9663466,0.2393781
Continuous asphalt network,225.7918,54.9908,0.9663655,0.2098532
Continuous asphalt network,227.3278,54.99031,0.2415977,0.2098846
Continuous asphalt network,228.0751,54.92019,0.2415843,0.2145313
Continuous asphalt network,226.8711,54.74581,0.4831833,0.2098536
Continuous asphalt network,230.1921,54.29045,3.865494,0.2431907
Continuous asphalt network,154.2314,7.823644,10.60338,0.0270813
Continuous asphalt network,150.2015,8.101471,10.60339,0.02694019
Continuous asphalt network,156.4394,10.01029,21.20714,0.02785659
Continuous asphalt network,118.149,18.11287,21.03874,0.04053228
Continuous asphalt network,114.9217,20.9164,21.03898,0.05060905
Continuous asphalt network,108.8735,24.7217,5.259665,0.05971498
Continuous asphalt network,106.6562,25.92347,1.31495,0.03905241
Continuous asphalt network,105.8494,26.62437,1.314927,0.01608632
Continuous asphalt network,108.2668,25.97303,2.629819,0.06938908
Continuous asphalt network,103.0254,29.07748,5.259619,0
Continuous asphalt network,106.7532,27.65005,1.31501,0.02011167
Continuous asphalt network,108.567,26.79872,1.315034,0.06938955
Continuous asphalt network,105.6461,27.52525,2.629814,0.008815876
Continuous asphalt network,114.7153,23.26863,2.629897,0.04755359
Continuous asphalt network,112.1947,25.09605,1.314918,0.06901196
Continuous asphalt network,114.0085,24.24474,1.314932,0.04755438
Continuous asphalt network,117.5361,22.26688,5.259834,0.0483615
Continuous asphalt network,110.8875,24.42082,5.259674,0.06590259
Continuous asphalt network,112.5011,23.01905,5.259646,0.05123282
Continuous asphalt network,87.20868,100.9383,13.59442,0.01943169
Continuous asphalt network,283.8918,16.95945,0.1713399,0.1385371
Continuous asphalt network,284.2179,17.1037,0.1713307,0.05164232
Continuous asphalt network,283.8503,16.47392,0.3426932,0.0939179
Continuous asphalt network,283.486,17.71412,0.342649,0.1348939
Continuous asphalt network,284.0965,17.5171,0.1713444,0.02563168
Continuous asphalt network,283.7704,17.37284,0.1713536,0.1348835
Continuous asphalt network,284.7261,16.62785,1.370784,0.06040698
Continuous asphalt network,282.9744,16.32,2.741488,0.1349
Continuous asphalt network,284.3236,19.25243,0.6853424,0.03596286
Continuous asphalt network,283.6715,18.96394,0.6853123,0.1220913
Continuous asphalt network,284.4068,20.22347,1.37075,0.01775017
Continuous asphalt network,285.1353,17.74314,1.370689,0.05226496
Continuous asphalt network,284.1381,18.00261,0.3426765,0.07729886
Continuous asphalt network,283.6906,18.27174,0.3426603,0.1216624
Continuous asphalt network,284.5664,18.42568,0.685334,0.05226675
Continuous asphalt network,285.6592,14.70511,2.741418,0.04930399
Continuous asphalt network,286.1449,13.05154,2.741401,0.03093305
Continuous asphalt network,283.7861,14.81067,0.6853576,0.1103053
Continuous asphalt network,284.2527,13.84932,0.3426737,0.05945255
Continuous asphalt network,283.8052,14.11848,0.3426643,0.1098701
Continuous asphalt network,283.0126,14.93558,1.370685,0.1348998
Continuous asphalt network,284.7643,15.2434,2.74139,0.04962699
Continuous asphalt network,280.2896,17.93489,2.741409,0.1248998
Continuous asphalt network,280.7752,16.28132,2.741349,0.1164364
Continuous asphalt network,278.7425,18.1847,5.482734,0.1248984
Continuous asphalt network,282.0031,19.62715,2.74145,0.08641697
Continuous asphalt network,283.5119,20.76176,1.370762,0.07764044
Continuous asphalt network,283.1026,19.64648,1.370643,0.1323292
Continuous asphalt network,282.0795,16.8583,2.741432,0.1312871
Continuous asphalt network,281.5938,18.51186,2.741491,0.1382476
Continuous asphalt network,250.0325,-175.1275,13.43623,0.01907391
Continuous asphalt network,259.646,-178.7411,13.43626,0.01986693
Continuous asphalt network,244.7234,-174.3742,26.87251,0.019493
Continuous asphalt network,107.106,-352.0685,24.50133,0.0271076
Continuous asphalt network,149.0795,-268.0144,18.13112,0.03567899
Continuous asphalt network,141.7654,-279.1705,18.13112,0.03117864
Continuous asphalt network,151.9572,-261.4217,36.26221,0.03540001
Continuous asphalt network,161.3696,-242.6582,18.13073,0.03947281
Continuous asphalt network,167.9043,-230.4874,18.13079,0.04552447
Continuous asphalt network,158.8816,-249.7582,36.26218,0.0397026
Continuous asphalt network,142.9345,-280.6925,36.26232,0.03121056
Continuous asphalt network,150.2486,-269.5364,36.26232,0.03571235
Continuous asphalt network,140.8362,-288.2999,72.52432,0.03133655
Continuous asphalt network,-67.32375,-254.6066,30.76209,0.006733763
Continuous asphalt network,-79.03283,-239.8402,49.38564,0.01139076
Continuous asphalt network,-6.179887,-295.6347,2.162184,0.08162968
Continuous asphalt network,-8.089394,-293.9747,1.081004,0.0617331
Continuous asphalt network,-6.630484,-294.7397,1.081026,0.07075351
Continuous asphalt network,-3.852096,-296.5262,4.32432,0.09137268
Continuous asphalt network,-8.507691,-294.7433,2.162197,0.06173209
Continuous asphalt network,-7.327652,-296.0208,2.162225,0.07489309
Continuous asphalt network,-9.655442,-295.1295,4.324273,0.06173224
Continuous asphalt network,5.957221,-54.44798,2.773953,0.05585036
Continuous asphalt network,4.034762,-54.5214,2.773932,0.04362722
Continuous asphalt network,7.11271,-53.12127,5.547856,0.0481544
Continuous asphalt network,6.627059,-56.34628,2.773943,0.057014
Continuous asphalt network,6.864845,-57.94043,1.386971,0.06323808
Continuous asphalt network,6.000745,-57.33213,1.38695,0.04942213
Continuous asphalt network,3.840501,-55.8114,2.773909,0.04362701
Continuous asphalt network,5.76296,-55.73799,2.773931,0.05585019
Continuous asphalt network,-65.79713,-20.73441,24.54244,0.01788032
Continuous asphalt network,-342.8477,-1.113398,65.91389,0.005470859
Continuous asphalt network,-260.9434,41.48796,30.48802,0.005462152
Continuous asphalt network,-288.6483,85.38906,5.186361,0.01492184
Continuous asphalt network,-101.4089,7.766749,27.38174,0.02198393
Continuous asphalt network,-2.210122,-25.90126,28.41191,0.005612821
Continuous asphalt network,-0.9994672,-31.1759,28.41214,0.01581776
Continuous asphalt network,172.9496,-134.4609,4.020882,0.005949714
Continuous asphalt network,171.0689,-133.454,1.005251,0.1774416
Continuous asphalt network,171.8164,-132.5179,0.06282497,0.1919731
Continuous asphalt network,172.1035,-132.5974,0.03141932,0.005773665
Continuous asphalt network,171.9055,-132.6398,0.031413,0.2059102
Continuous asphalt network,171.5145,-132.6532,0.1256537,0.2022976
Continuous asphalt network,172.1332,-132.1679,0.03141452,0.006167122
Continuous asphalt network,171.9353,-132.2104,0.03141498,0.1851691
Continuous asphalt network,172.2421,-132.0035,0.06282014,0.004663713
Continuous asphalt network,172.2124,-132.433,0.06282973,0.00616961
Continuous asphalt network,171.9253,-132.3535,0.03140818,0.1851701
Continuous asphalt network,172.1233,-132.3111,0.03140773,0.006167206
Continuous asphalt network,172.0737,-133.0269,0.03141191,0.01666695
Continuous asphalt network,171.8757,-133.0694,0.03141683,0.2022028
Continuous asphalt network,172.1826,-132.8625,0.06281176,0.006031658
Continuous asphalt network,172.1529,-133.2919,0.06283593,0.02676147
Continuous asphalt network,171.8658,-133.2125,0.03141731,0.2021975
Continuous asphalt network,172.0638,-133.17,0.0314124,0.0166718
Continuous asphalt network,171.4946,-132.9396,0.1256699,0.2022988
Continuous asphalt network,171.8956,-132.783,0.03140911,0.2022139
Continuous asphalt network,172.0936,-132.7406,0.03141544,0.01496799
Continuous asphalt network,171.7867,-132.9474,0.06284267,0.2021845
Continuous asphalt network,171.4054,-134.228,2.010437,0.1852233
Continuous asphalt network,168.0202,-132.4156,4.020853,0.2067904
Continuous asphalt network,169.7723,-132.4628,2.01041,0.2067865
Continuous asphalt network,171.0641,-132.1152,0.5026159,0.2068065
Continuous asphalt network,171.7101,-131.9414,0.1256561,0.2068747
Continuous asphalt network,172.106,-131.8564,0.06282753,0.04629197
Continuous asphalt network,171.8981,-132.042,0.06283446,0.1555761
Continuous asphalt network,171.4403,-132.3166,0.2513095,0.2014325
Continuous asphalt network,170.5245,-132.8656,1.00522,0.2043952
Continuous asphalt network,130.492,86.36819,20.30647,0.1316018
Continuous asphalt network,134.1995,85.26594,20.30623,0.1242642
Continuous asphalt network,143.3633,83.75864,20.30663,0.1037885
Continuous asphalt network,136.1582,83.46647,20.30653,0.1264646
Continuous asphalt network,152.6321,81.003,10.15347,0.09290784
Continuous asphalt network,158.1409,79.97382,5.076685,0.07006859
Continuous asphalt network,154.5383,79.8277,5.076685,0.0918875
Continuous asphalt network,163.7021,78.32043,5.076737,0.05488554
Continuous asphalt network,169.2372,76.9791,2.538389,0.04240181
Continuous asphalt network,165.5821,77.45718,2.538365,0.05559348
Continuous asphalt network,160.0733,78.48643,5.076754,0.06889728
Continuous asphalt network,154.617,78.89144,2.538305,0.09188741
Continuous asphalt network,158.2196,79.03756,2.538305,0.07006846
Continuous asphalt network,147.2283,80.78388,20.30667,0.104504
Continuous asphalt network,136.3157,81.59397,10.15278,0.1264672
Continuous asphalt network,143.5208,81.88615,10.15283,0.1038057
Continuous asphalt network,174.8771,74.38946,10.15323,0.02595779
Continuous asphalt network,178.5846,73.2872,10.15326,0.03014067
Continuous asphalt network,185.9471,71.70689,5.076578,0.02025504
Continuous asphalt network,191.4821,70.36555,2.538559,0.02563253
Continuous asphalt network,187.8271,70.84366,2.538528,0.0250543
Continuous asphalt network,182.3184,71.87289,5.076561,0.02465913
Continuous asphalt network,178.6633,72.35095,5.076381,0.0201078
Continuous asphalt network,198.9234,67.84892,10.15334,0.04043214
Continuous asphalt network,207.2391,65.68095,1.269135,0.06485792
Continuous asphalt network,210.0066,65.01034,0.6345369,0.08963843
Continuous asphalt network,208.1791,65.24936,0.6345482,0.07498775
Continuous asphalt network,213.7141,63.90805,1.269284,0.1044617
Continuous asphalt network,210.9531,64.5007,0.6346277,0.1124451
Continuous asphalt network,208.1988,65.0153,0.3172978,0.1036499
Continuous asphalt network,210.0263,64.77628,0.3172921,0.112446
Continuous asphalt network,204.4978,66.03951,2.538271,0.06670811
Continuous asphalt network,200.8165,66.82967,2.538101,0.02682278
Continuous asphalt network,193.4277,68.7221,5.076598,0.03582025
Continuous asphalt network,187.9321,69.5953,2.538347,0.03621747
Continuous asphalt network,191.5609,69.42929,2.538358,0.03611908
Continuous asphalt network,182.4102,70.78053,2.53847,0.02862251
Continuous asphalt network,176.9014,71.80975,1.269522,0.02624229
Continuous asphalt network,180.5564,71.33167,1.269528,0.01845662
Continuous asphalt network,186.0521,70.4585,2.538428,0.02495661
Continuous asphalt network,191.5215,69.89741,1.269015,0.02563235
Continuous asphalt network,187.8927,70.06342,1.269009,0.02505191
Continuous asphalt network,171.2877,74.08734,10.15329,0.03697442
Continuous asphalt network,167.6064,74.87753,10.15309,0.0498242
Continuous asphalt network,160.2964,75.83369,5.076569,0.06846892
Continuous asphalt network,154.8007,76.70687,2.538255,0.09156715
Continuous asphalt network,158.4295,76.54084,2.53829,0.06707442
Continuous asphalt network,163.8989,75.97977,5.076578,0.05285939
Continuous asphalt network,167.5277,75.81377,5.076498,0.04932841
Continuous asphalt network,149.2526,78.20422,5.076187,0.1016538
Continuous asphalt network,145.5713,78.99435,5.07611,0.1058555
Continuous asphalt network,136.3944,80.65771,5.07707,0.1267054
Continuous asphalt network,143.7045,79.70153,5.077035,0.1051959
Continuous asphalt network,152.8682,78.19425,5.076258,0.09165893
Continuous asphalt network,158.3246,77.78919,2.538377,0.06793083
Continuous asphalt network,154.722,77.64314,2.538351,0.09126911
Continuous asphalt network,163.8071,77.07206,2.538282,0.05356718
Continuous asphalt network,169.2765,76.51096,1.269103,0.04239829
Continuous asphalt network,165.6477,76.67697,1.269102,0.05428271
Continuous asphalt network,160.1914,77.08202,2.538295,0.06728524
Continuous asphalt network,154.7614,77.175,1.269173,0.09126901
Continuous asphalt network,158.3639,77.32105,1.269186,0.06793059
Continuous asphalt network,135.991,13.27948,15.96715,0.03678545
Continuous asphalt network,132.0683,16.89194,15.96717,0.04115067
Continuous asphalt network,139.856,13.33836,31.93451,0.03327512
Continuous asphalt network,100.509,94.29066,34.26883,0.00192554
Continuous asphalt network,110.7888,88.70837,34.26894,0
Continuous asphalt network,93.16457,95.31577,68.53648,0.004449577
Continuous asphalt network,287.6265,16.92547,4.669474,0.03902242
Continuous asphalt network,287.3163,13.70838,2.334695,0.04522768
Continuous asphalt network,286.8306,15.36195,2.334702,0.05217519
Continuous asphalt network,285.8593,18.66913,2.334703,0.05077953
Continuous asphalt network,285.3736,20.3227,2.334629,0.02605552
Continuous asphalt network,287.1408,18.57906,4.669504,0.04829325
Continuous asphalt network,290.4323,15.91856,2.334737,0.05225992
Continuous asphalt network,289.6869,17.38796,0.5836779,0.03277943
Continuous asphalt network,289.4441,18.21475,0.5836754,0.05226314
Continuous asphalt network,290.3277,17.34294,1.167359,0.05024989
Continuous asphalt network,292.2331,16.19685,2.334702,0.01602821
Continuous asphalt network,291.1944,15.46013,2.334724,0.05226432
Continuous asphalt network,288.5978,13.61831,4.669329,0.05841217
Continuous asphalt network,288.7697,16.23783,1.167368,0.04324402
Continuous asphalt network,288.9248,17.84639,0.5836537,0.05226458
Continuous asphalt network,289.1676,17.0196,0.5836563,0.03278484
Continuous asphalt network,289.3936,15.18182,2.334754,0.05226701
Continuous asphalt network,230.8367,-169.8281,12.30954,0.03024944
Continuous asphalt network,222.1335,-166.2988,3.077416,0.0334846
Continuous asphalt network,217.8447,-164.4024,3.077421,0.03232676
Continuous asphalt network,224.5291,-166.7202,6.154822,0.02799764
Continuous asphalt network,235.6278,-170.671,24.61914,0.01891432
Continuous asphalt network,134.7149,-301.3705,51.51261,0.02770743
Continuous asphalt network,129.5058,-314.5385,25.75668,0.02513285
Continuous asphalt network,131.2265,-305.7937,25.75656,0.02563405
Continuous asphalt network,122.9826,-327.7318,25.75618,0.02298456
Continuous asphalt network,117.1164,-340.9126,12.87835,0.02167685
Continuous asphalt network,120.1512,-332.1423,12.87823,0.02244505
Continuous asphalt network,125.3603,-318.9744,25.7563,0.02402721
Continuous asphalt network,129.2554,-305.8318,12.87799,0.02667119
Continuous asphalt network,127.5347,-314.5765,12.87805,0.02620038
Continuous asphalt network,-74.14212,-243.5462,59.85376,0.007640537
Continuous asphalt network,-2.481492,-301.8557,7.361198,0.01660076
Continuous asphalt network,-1.18497,-299.2422,3.680602,0.05299967
Continuous asphalt network,-0.7101834,-300.8086,3.680686,0.01130549
Continuous asphalt network,-0.764967,-304.0733,14.7227,0.0136593
Continuous asphalt network,-7.594538,-300.4917,1.840331,0.01754487
Continuous asphalt network,-6.946285,-299.1849,0.9201312,0.08598651
Continuous asphalt network,-6.70888,-299.9681,0.9201968,0.03161821
Continuous asphalt network,-6.736275,-301.6004,3.68061,0.01649574
Continuous asphalt network,-9.959331,-299.5808,0.9201517,0.08502311
Continuous asphalt network,-9.721943,-300.364,0.9201543,0.005021197
Continuous asphalt network,-11.08237,-299.3213,1.840276,0.0735613
Continuous asphalt network,-8.069331,-298.9253,1.840271,0.08598631
Continuous asphalt network,-8.717591,-300.2321,0.9201643,0.001684958
Continuous asphalt network,-8.954979,-299.4489,0.9201616,0.08598756
Continuous asphalt network,-3.43107,-298.723,7.361258,0.05985533
Continuous asphalt network,-4.727573,-301.3365,3.680583,0.0138264
Continuous asphalt network,-5.512801,-299.6073,0.4601047,0.08597676
Continuous asphalt network,-5.896272,-300.0649,0.4600707,0.04830444
Continuous asphalt network,-5.941938,-299.0529,0.9201002,0.08598628
Continuous asphalt network,-4.389761,-299.8669,0.460075,0.05270015
Continuous asphalt network,-3.768885,-300.1925,0.4600841,0.01078448
Continuous asphalt network,-5.275405,-300.3905,0.4600542,0.01420504
Continuous asphalt network,-4.891934,-299.933,0.4600882,0.06161594
Continuous asphalt network,41.65492,-72.86605,18.10438,0.04568102
Continuous asphalt network,29.33018,-63.97498,9.052144,0.06142877
Continuous asphalt network,34.82735,-67.28777,9.052191,0.04526495
Continuous asphalt network,47.86119,-75.87431,36.20855,0.05176631
Continuous asphalt network,64.70727,-85.66044,4.526135,0.04374162
Continuous asphalt network,59.91919,-82.04311,4.526125,0.05262537
Continuous asphalt network,67.81039,-87.16457,9.052226,0.03988208
Continuous asphalt network,76.32207,-92.01957,0.2828955,0.02987177
Continuous asphalt network,77.34182,-93.00004,0.2828987,0
Continuous asphalt network,75.63493,-91.60547,0.5657501,0.03527136
Continuous asphalt network,73.83939,-90.24896,1.131498,0.05280573
Continuous asphalt network,77.60773,-92.88583,0.5657569,0
Continuous asphalt network,76.58799,-91.90536,0.5657505,0.02987262
Continuous asphalt network,78.47215,-93.22381,1.131521,0
Continuous asphalt network,81.90788,-95.2943,4.526067,0
Continuous asphalt network,73.30758,-90.47736,2.26306,0.05280793
Continuous asphalt network,75.87889,-92.20991,0.565769,0.02631626
Continuous asphalt network,77.0759,-93.11425,0.5657649,0
Continuous asphalt network,74.92583,-91.91001,1.131532,0.0319529
Continuous asphalt network,71.40146,-89.87757,4.526121,0.05650891
Continuous asphalt network,58.85554,-82.49992,9.052185,0.05078641
Continuous asphalt network,63.64362,-86.11726,9.052206,0.04178146
Continuous asphalt network,55.04331,-81.30032,18.10428,0.0457327
Continuous asphalt network,29.95148,-66.54499,36.20875,0.04211113
Continuous asphalt network,39.52763,-73.77966,36.20871,0.04609054
Continuous asphalt network,25.43015,-65.64993,36.20878,0.04807528
Continuous asphalt network,19.22388,-62.64167,36.20868,0.04858273
Continuous asphalt network,-90.74005,-7.056788,34.93298,0.01872488
Continuous asphalt network,-77.93326,-16.01599,17.46648,0.01781528
Continuous asphalt network,-83.89373,-13.05854,17.46643,0.01551172
Continuous asphalt network,-97.74773,-4.882131,69.86533,0.02700338
Continuous asphalt network,-338.1866,-6.566961,29.68354,0.005447756
Continuous asphalt network,-251.7532,36.49852,24.51037,0.007460013
Continuous asphalt network,-286.8369,87.52479,1.242988,0.01408751
Continuous asphalt network,-172.8499,30.2263,26.03279,0
Continuous asphalt network,-182.0461,33.93863,26.03283,0
Continuous asphalt network,-167.2951,30.50021,52.06569,0
Continuous asphalt network,-2.805866,-33.73605,38.58208,0.02781287
Continuous asphalt network,178.3868,-142.4638,2.065435,0.1176653
Continuous asphalt network,177.0637,-141.6119,2.065398,0.1461601
Continuous asphalt network,180.3326,-141.8954,0.06454208,0.08527014
Continuous asphalt network,180.037,-141.8786,0.06455209,0.06127934
Continuous asphalt network,180.4451,-141.7077,0.1290755,0.08527283
Continuous asphalt network,180.5507,-142.2961,0.1291035,0.08526933
Continuous asphalt network,180.1549,-142.1279,0.03227305,0.08524918
Continuous asphalt network,179.9895,-142.0215,0.03227305,0.1435894
Continuous asphalt network,180.3678,-142.0916,0.06453609,0.08526441
Continuous asphalt network,179.3931,-141.5507,0.2581856,0.1441878
Continuous asphalt network,179.9666,-141.4863,0.06454332,0.1099648
Continuous asphalt network,180.2621,-141.5032,0.06453924,0.08526963
Continuous asphalt network,179.854,-141.674,0.129095,0.06652711
Continuous asphalt network,181.2016,-141.848,1.032766,0.0852581
Continuous asphalt network,179.6043,-142.7274,0.2581974,0.144187
Continuous asphalt network,180.1954,-142.7611,0.2582084,0.05099527
Continuous asphalt network,179.3792,-143.1028,0.5163515,0.1442016
Continuous asphalt network,179.1679,-141.9261,0.5163642,0.1441925
Continuous asphalt network,179.9772,-142.3604,0.06454052,0.01184713
Continuous asphalt network,179.8593,-142.1111,0.03227007,0.1368016
Continuous asphalt network,180.0247,-142.2176,0.03227007,0.1868269
Continuous asphalt network,180.2904,-142.4754,0.1290973,0.09295774
Continuous asphalt network,179.5339,-142.3352,0.2581711,0.144193
Continuous asphalt network,177.2259,-144.1446,0.5163509,0.1441821
Continuous asphalt network,176.4342,-143.8083,0.1290829,0.1255791
Continuous asphalt network,176.1034,-143.5953,0.1290749,0.1535254
Continuous asphalt network,176.8599,-143.7355,0.2581453,0.1441797
Continuous asphalt network,178.0774,-143.9991,1.032729,0.1441883
Continuous asphalt network,176.5153,-145.0746,1.032709,0.1441806
Continuous asphalt network,176.0789,-144.2733,0.2581762,0.1320905
Continuous asphalt network,175.843,-143.7746,0.1290865,0.1408152
Continuous asphalt network,176.1738,-143.9875,0.1290945,0.116962
Continuous asphalt network,176.7052,-144.5031,0.5163607,0.1441774
Continuous asphalt network,176.0223,-142.3289,2.065388,0.140803
Continuous asphalt network,177.9365,-143.2146,1.032732,0.1575258
Continuous asphalt network,176.6241,-143.2368,0.1290813,0.1498803
Continuous asphalt network,176.9549,-143.4498,0.1290854,0.1441824
Continuous asphalt network,176.1984,-143.3096,0.2581892,0.1334196
Continuous asphalt network,176.9794,-142.7718,0.258173,0.1071701
Continuous asphalt network,177.2152,-143.2705,0.1290914,0.1441696
Continuous asphalt network,176.8845,-143.0575,0.1290873,0.1498759
Continuous asphalt network,176.6412,-139.2585,2.065422,0.04024942
Continuous asphalt network,175.6702,-140.3678,1.032665,0.1345067
Continuous asphalt network,175.5293,-139.5833,1.032707,0.04304129
Continuous asphalt network,175.8388,-138.048,4.130948,0.03376975
Continuous asphalt network,179.1818,-140.3739,0.2581593,0.07664935
Continuous asphalt network,179.9031,-140.3181,0.1290962,0.05589163
Continuous asphalt network,179.6427,-140.4973,0.1290735,0.131273
Continuous asphalt network,178.9566,-140.7493,0.5163688,0.150716
Continuous asphalt network,178.7454,-139.5726,0.5163177,0.04444179
Continuous asphalt network,179.5371,-139.909,0.1290903,0.07529333
Continuous asphalt network,179.8679,-140.1219,0.1290823,0.1070487
Continuous asphalt network,179.1113,-139.9817,0.2581851,0.02936497
Continuous asphalt network,181.0608,-141.0635,1.032717,0.08525751
Continuous asphalt network,179.7484,-141.0856,0.1290851,0.121373
Continuous asphalt network,180.2269,-141.3071,0.064546,0.08526054
Continuous asphalt network,179.9314,-141.2902,0.06455009,0.10994
Continuous asphalt network,179.3226,-141.1584,0.2581984,0.1441828
Continuous asphalt network,180.1213,-140.7187,0.06454387,0.08149556
Continuous asphalt network,179.8257,-140.7019,0.06453369,0.1441981
Continuous asphalt network,180.2338,-140.531,0.1290894,0.0581661
Continuous asphalt network,180.3395,-141.1194,0.1290826,0.08524415
Continuous asphalt network,179.8609,-140.8979,0.06452673,0.1551466
Continuous asphalt network,180.1565,-140.9148,0.06453691,0.07974018
Continuous asphalt network,176.9229,-140.8274,2.065365,0.1376272
Continuous asphalt network,177.8939,-139.7182,1.032707,0.02447243
Continuous asphalt network,178.0347,-140.5026,1.032734,0.1322471
Continuous asphalt network,124.6167,17.8402,21.10622,0.04587562
Continuous asphalt network,114.219,89.79472,4.242717,0
Continuous asphalt network,111.6677,93.01453,2.121401,0.02139533
Continuous asphalt network,113.7162,91.16837,2.121436,0.01349319
Continuous asphalt network,117.5524,87.25079,8.485438,0
Continuous asphalt network,110.8855,92.33868,4.242811,0.0188709
Continuous asphalt network,112.4125,90.04196,4.242735,0
Continuous asphalt network,108.6973,93.16007,0.5303482,0.03802079
Continuous asphalt network,109.3398,92.81118,0.5303431,0.04263318
Continuous asphalt network,107.8546,92.88396,1.06066,0.01289028
Continuous asphalt network,109.419,94.23566,1.060707,0.03699636
Continuous asphalt network,109.8612,93.26174,0.5303351,0.04119996
Continuous asphalt network,109.2188,93.61063,0.5303403,0.03729258
Continuous asphalt network,109.2001,91.78645,4.242651,0.0146446
Continuous asphalt network,99.56277,97.01983,16.97084,0.007591737
Continuous asphalt network,104.1999,95.60236,8.485741,0
Continuous asphalt network,106.5184,94.89362,4.242723,0
Continuous asphalt network,108.5856,94.87165,2.121412,0.03606362
Continuous asphalt network,107.5427,93.97052,2.1214,0.01074678
Continuous asphalt network,119.1168,88.60252,16.97117,0.00487734
Continuous asphalt network,114.2469,92.53107,2.121377,0.03562005
Continuous asphalt network,114.7497,91.15742,2.121464,0.006749236
Continuous asphalt network,112.4499,93.6904,4.242698,0.03300371
Continuous asphalt network,115.9184,91.71517,0.5303507,0.01571866
Continuous asphalt network,116.5073,92.4501,0.2651688,0.07223178
Continuous asphalt network,116.3723,91.8814,0.2651675,0.01261165
Continuous asphalt network,115.909,90.80304,1.060722,0
Continuous asphalt network,115.5413,92.7454,2.121384,0.04023466
Continuous asphalt network,117.5991,91.81137,0.5303631,0.04992038
Continuous asphalt network,117.3477,92.4982,0.5303476,0.07006911
Continuous asphalt network,118.2462,91.91853,1.060681,0.03499055
Continuous asphalt network,116.6819,90.5668,1.060722,0
Continuous asphalt network,116.7587,91.76328,0.2651675,0.01658115
Continuous asphalt network,116.8937,92.33198,0.2651688,0.07273585
Continuous asphalt network,117.0776,91.3608,0.5303453,0
Continuous asphalt network,121.7054,89.03121,16.97134,0.004135226
Continuous asphalt network,125.8397,88.98737,8.485625,0.1435808
Continuous asphalt network,123.6189,86.61634,1.060627,0.02152966
Continuous asphalt network,124.3917,86.3801,1.060673,0.1434515
Continuous asphalt network,122.9624,85.59708,2.121395,0
Continuous asphalt network,123.7051,88.72491,0.26516,0
Continuous asphalt network,124.0915,88.6068,0.2651634,0.13381
Continuous asphalt network,123.3768,88.21527,0.5303472,0
Continuous asphalt network,123.7819,89.92141,0.5303605,0.04129987
Continuous asphalt network,124.2265,89.17551,0.2651811,0.1385824
Continuous asphalt network,123.8401,89.29362,0.2651777,0.02854921
Continuous asphalt network,124.6618,87.51749,1.060757,0.1483994
Continuous asphalt network,123.6282,87.52844,0.5303659,0.02028578
Continuous asphalt network,124.1496,87.97903,0.5303523,0.09285561
Continuous asphalt network,278.8991,-10.80836,11.35113,0.0491122
Continuous asphalt network,281.7169,-7.460022,11.35106,0.06287969
Continuous asphalt network,286.2379,-0.744868,1.418876,0.1066113
Continuous asphalt network,285.9926,-2.155406,0.3547213,0.03511964
Continuous asphalt network,285.4845,-1.864049,0.354746,0.1066013
Continuous asphalt network,286.3448,-1.736872,0.7093698,0.1041323
Continuous asphalt network,287.999,1.34786,1.418853,0.106613
Continuous asphalt network,287.0002,-1.181905,0.7094501,0.07968528
Continuous asphalt network,287.1964,-0.05346171,0.709436,0.106611
Continuous asphalt network,289.7601,3.440572,0.7094555,0.1151071
Continuous asphalt network,290.6897,4.769012,0.354811,0.1237694
Continuous asphalt network,290.2394,3.786265,0.3548018,0.09109827
Continuous asphalt network,291.7464,6.024653,0.3546956,0.1057264
Continuous asphalt network,292.4508,6.861725,0.3546886,0.1366974
Continuous asphalt network,291.0074,4.586945,0.177318,0.1238146
Continuous asphalt network,290.43,3.677027,0.1773145,0.09116393
Continuous asphalt network,291.169,5.114731,0.3546985,0.1238022
Continuous asphalt network,288.0569,0.07374064,1.41899,0.07968519
Continuous asphalt network,288.9576,2.039276,1.419022,0.1065985
Continuous asphalt network,283.1835,-7.059998,1.41883,0.05021526
Continuous asphalt network,284.8176,-4.894445,0.3547192,0.04691019
Continuous asphalt network,285.8108,-3.602381,0.1773438,0.08717562
Continuous asphalt network,285.2334,-4.512304,0.1773484,0.04369956
Continuous asphalt network,284.015,-6.295751,0.7094288,0.04743591
Continuous asphalt network,281.5784,-9.86259,2.837677,0.05170077
Continuous asphalt network,285.4931,-3.420283,0.7094699,0.08740848
Continuous asphalt network,284.7887,-4.25738,0.7094948,0.03966662
Continuous asphalt network,285.3863,-2.428279,0.3547394,0.1437914
Continuous asphalt network,285.8944,-2.719635,0.3547147,0.08649635
Continuous asphalt network,285.0341,-2.846817,0.7094646,0.07157195
Continuous asphalt network,283.3798,-5.931554,1.418862,0.04928296
Continuous asphalt network,284.2805,-3.966029,1.418862,0.06268662
Continuous asphalt network,272.9866,-22.31018,5.675457,0.1773641
Continuous asphalt network,275.9026,-18.39761,0.7094564,0.1625266
Continuous asphalt network,276.607,-17.5605,0.7094138,0.05256383
Continuous asphalt network,277.6636,-16.30488,1.419073,0.05256594
Continuous asphalt network,274.6496,-20.78169,2.837732,0.1734997
Continuous asphalt network,269.3259,-28.89815,1.418941,0.1688296
Continuous asphalt network,271.3122,-26.31407,0.7095006,0.1682921
Continuous asphalt network,270.1574,-28.13391,0.7095106,0.1812778
Continuous asphalt network,267.4956,-32.19214,0.3547018,0.08159348
Continuous asphalt network,268.4887,-30.90011,0.1773758,0.1755145
Continuous asphalt network,267.9113,-31.81004,0.1773743,0.1468094
Continuous asphalt network,266.693,-33.59344,0.7094153,0.07662247
Continuous asphalt network,268.5233,-30.29946,0.709489,0.1755188
Continuous asphalt network,267.8189,-31.13653,0.7094228,0.08504809
Continuous asphalt network,271.3815,-25.11278,2.837734,0.1769388
Continuous asphalt network,269.5222,-27.76971,1.418855,0.1783424
Continuous asphalt network,270.4229,-25.80419,1.418884,0.1642513
Continuous asphalt network,277.6058,-15.03077,2.837668,0.05737324
Continuous asphalt network,275.9963,-17.05526,0.177336,0.1637368
Continuous asphalt network,276.2994,-16.91883,0.1773869,0.05255829
Continuous asphalt network,276.7542,-16.71416,0.3546867,0.05256406
Continuous asphalt network,275.7466,-17.6877,0.7094837,0.1305986
Continuous asphalt network,276.5982,-16.00428,0.7093992,0.05415957
Continuous asphalt network,276.0944,-16.49104,0.1773987,0.07406012
Continuous asphalt network,275.7913,-16.62747,0.1773478,0.171073
Continuous asphalt network,276.041,-15.99504,0.3547125,0.1087727
Continuous asphalt network,277.294,-13.61099,5.675578,0.05642049
Continuous asphalt network,273.3792,-20.05329,5.675412,0.1806778
Continuous asphalt network,274.9266,-15.97657,1.418829,0.1852812
Continuous asphalt network,275.7003,-13.9382,0.3547177,0.1403759
Continuous asphalt network,276.1506,-12.95544,0.3547239,0.1140535
Continuous asphalt network,275.7292,-14.57526,0.7094293,0.1768905
Continuous asphalt network,274.9844,-17.25069,2.837673,0.1852821
Continuous asphalt network,288.3338,4.87886,5.675404,0.1228247
Continuous asphalt network,290.8571,6.534521,1.4189,0.1237851
Continuous asphalt network,292.4219,7.498774,0.7094105,0.05078788
Continuous asphalt network,291.7175,6.661703,0.7094346,0.0965897
Continuous asphalt network,290.0546,5.13323,2.837814,0.1125839
Continuous asphalt network,286.7286,2.076248,11.35088,0.09813022
Continuous asphalt network,289.529,8.537044,2.837671,0.1097981
Continuous asphalt network,288.709,10.24819,2.837654,0.1371324
Continuous asphalt network,291.2497,8.791392,1.418878,0.123784
Continuous asphalt network,292.266,8.208664,1.418824,0.08176578
Continuous asphalt network,290.5453,7.95432,2.837774,0.1237849
Continuous asphalt network,287.817,6.72645,0.7094444,0.1237828
Continuous asphalt network,287.407,7.582031,0.7094645,0.1443037
Continuous asphalt network,288.6283,6.571528,1.418874,0.1237873
Continuous asphalt network,286.8094,5.75292,1.418857,0.1250086
Continuous asphalt network,286.8006,7.309153,0.7094551,0.134754
Continuous asphalt network,287.2107,6.453573,0.709435,0.1126466
Continuous asphalt network,287.4964,9.702469,2.837742,0.1289482
Continuous asphalt network,288.8246,7.699972,1.418826,0.1417153
Continuous asphalt network,287.8083,8.282689,1.418871,0.1113465
Continuous asphalt network,282.4039,-3.510488,1.418813,0.04488699
Continuous asphalt network,283.6656,-2.682658,0.3547447,0.04603774
Continuous asphalt network,284.2719,-2.409785,0.3546987,0.1104461
Continuous asphalt network,283.2643,-3.383316,0.709443,0.04584115
Continuous asphalt network,281.6013,-4.911779,2.837644,0.04744573
Continuous asphalt network,282.7964,-1.253616,1.418823,0.04499839
Continuous asphalt network,284.1159,-1.699885,0.709378,0.1022463
Continuous asphalt network,283.5096,-1.972758,0.7094797,0.0461961
Continuous asphalt network,282.092,-2.090688,2.837744,0.04500141
Continuous asphalt network,279.6842,-6.294601,11.35098,0.04887496
Continuous asphalt network,284.7942,3.805888,1.418892,0.129621
Continuous asphalt network,285.0396,5.216446,0.3547067,0.08375663
Continuous asphalt network,285.5477,4.925089,0.3546775,0.1238857
Continuous asphalt network,284.6873,4.797907,0.709465,0.1370634
Continuous asphalt network,283.0331,1.713196,1.418982,0.04499818
Continuous asphalt network,283.8068,3.751546,0.3547111,0.05237242
Continuous asphalt network,284.2571,4.734299,0.354714,0.1291731
Continuous asphalt network,283.8357,3.114492,0.7094635,0.05635571
Continuous asphalt network,286.1856,8.592514,2.837728,0.1289484
Continuous asphalt network,285.8912,6.899857,1.418913,0.1289458
Continuous asphalt network,285.6458,5.489278,0.3547008,0.1653775
Continuous asphalt network,285.1377,5.780634,0.35473,0.1289403
Continuous asphalt network,285.9981,5.907827,0.7094109,0.104591
Continuous asphalt network,284.4016,1.549021,1.418845,0.09974289
Continuous asphalt network,283.1891,1.003291,1.418924,0.04499878
Continuous asphalt network,285.2042,2.950322,2.837641,0.1155591
Continuous asphalt network,284.009,-0.7078807,1.418946,0.07795908
Continuous asphalt network,282.9928,-0.1251628,1.418901,0.04499881
Continuous asphalt network,284.7135,0.1292165,2.837677,0.09567071
Continuous asphalt network,225.8532,-164.1166,12.26045,0.02603487
Continuous asphalt network,221.2513,-160.3278,3.065125,0.02512719
Continuous asphalt network,218.9503,-158.4334,0.7662945,0.01903144
Continuous asphalt network,217.5832,-157.2708,0.3831067,0.04884694
Continuous asphalt network,218.584,-157.8728,0.3831095,0.03119806
Continuous asphalt network,220.5187,-159.2066,1.532625,0.0203958
Continuous asphalt network,224.388,-161.8742,6.130227,0.02522107
Continuous asphalt network,232.1266,-167.2094,24.52085,0.02709025
Continuous asphalt network,218.0115,-160.2506,3.065109,0.01859924
Continuous asphalt network,217.2479,-157.9198,1.532585,0.04637663
Continuous asphalt network,218.1146,-158.7814,1.532549,0.02227082
Continuous asphalt network,219.5798,-161.0238,6.130073,0.01943512
Continuous asphalt network,215.3701,-161.5542,6.130263,0.02997295
Continuous asphalt network,216.278,-158.5274,3.065098,0.04254558
Continuous asphalt network,216.6082,-160.4274,3.065102,0.01645862
Continuous asphalt network,223.0467,-164.4702,12.26057,0.02726369
Continuous asphalt network,218.5068,-163.1006,12.2605,0.02622616
Continuous asphalt network,135.3305,-294.9434,24.35527,0.02841341
Continuous asphalt network,-63.39394,-260.5556,44.02422,0.007052486
Continuous asphalt network,11.92465,-283.0009,14.96784,0.03725186
Continuous asphalt network,5.634602,-290.2725,3.741978,0.05271689
Continuous asphalt network,2.430236,-293.7124,3.741965,0.04193242
Continuous asphalt network,6.999397,-287.7693,7.483952,0.04107396
Continuous asphalt network,13.17074,-280.1062,14.96842,0.05571736
Continuous asphalt network,16.13771,-275.8831,14.96795,0.04834387
Continuous asphalt network,23.31774,-264.5421,14.96784,0.049576
Continuous asphalt network,29.25168,-256.0959,14.9678,0.04614197
Continuous asphalt network,22.19034,-267.8285,14.96785,0.04530249
Continuous asphalt network,19.46077,-272.8347,14.96795,0.05202007
Continuous asphalt network,6.465498,-293.0135,7.483955,0.07141967
Continuous asphalt network,2.786338,-294.8871,7.483964,0.06585731
Continuous asphalt network,7.830284,-290.5104,14.968,0.04567357
Continuous asphalt network,12.63684,-285.3505,29.936,0.04426134
Continuous asphalt network,4.655704,-297.5515,7.484015,0.0553299
Continuous asphalt network,2.34134,-296.9219,7.484186,0.04545483
Continuous asphalt network,7.177681,-295.3631,14.96792,0.06142874
Continuous asphalt network,3.083305,-302.8726,14.96822,0.01451721
Continuous asphalt network,1.555148,-299.5824,1.870974,0.03708054
Continuous asphalt network,0.8727519,-300.834,1.871006,0.01337962
Continuous asphalt network,0.7391599,-298.6418,3.741923,0.05455447
Continuous asphalt network,3.750814,-299.8204,0.9355054,0.009275087
Continuous asphalt network,3.513423,-299.0373,0.9354707,0.05221392
Continuous asphalt network,4.789296,-299.7436,1.870991,0.03501273
Continuous asphalt network,2.029926,-301.1488,1.870971,0.01472845
Continuous asphalt network,2.593631,-299.5056,0.935464,0.0522151
Continuous asphalt network,2.831022,-300.2888,0.9354987,0.009211421
Continuous asphalt network,-10.07475,-46.88643,49.48163,0.02310698
Continuous asphalt network,-22.78463,-42.27922,24.74084,0.0229261
Continuous asphalt network,-14.46614,-43.5643,24.74087,0.02412826
Continuous asphalt network,-35.61058,-36.3322,24.74097,0.01907865
Continuous asphalt network,-48.37851,-31.05509,12.37034,0.01874864
Continuous asphalt network,-39.94394,-33.67996,12.37038,0.0191521
Continuous asphalt network,-27.23405,-38.28719,24.74092,0.01989172
Continuous asphalt network,-14.64025,-41.55461,12.37029,0.02456786
Continuous asphalt network,-22.95874,-40.26953,12.37027,0.0233769
Continuous asphalt network,-108.2309,-0.9831136,7.121725,0.01691293
Continuous asphalt network,-110.6613,0.2226868,7.121784,0
Continuous asphalt network,-107.0117,1.016698,14.24359,0.01642481
Continuous asphalt network,-115.5221,2.634282,14.24356,0
Continuous asphalt network,-110.6563,3.476074,3.560911,0
Continuous asphalt network,-108.2239,3.571635,3.560956,0.01624097
Continuous asphalt network,-111.8745,2.126938,7.121752,0
Continuous asphalt network,-125.2437,7.457474,28.48724,0
Continuous asphalt network,-117.9495,5.792124,14.24359,0
Continuous asphalt network,-111.8699,5.054998,3.560969,0
Continuous asphalt network,-108.2224,4.547653,1.78042,0.01624099
Continuous asphalt network,-110.6548,4.452093,1.780398,0
Continuous asphalt network,-115.5191,4.586324,7.121953,0
Continuous asphalt network,-139.826,14.69226,28.48718,0
Continuous asphalt network,-154.4094,21.27637,14.24339,0
Continuous asphalt network,-144.6858,17.75453,14.24339,0
Continuous asphalt network,-130.1014,11.8211,28.4872,0
Continuous asphalt network,-117.9459,8.069489,7.12175,0
Continuous asphalt network,-111.8682,6.1937,1.780404,0
Continuous asphalt network,-108.2216,5.035665,0.8902637,0.01624127
Continuous asphalt network,-110.653,5.590795,0.8902674,0
Continuous asphalt network,-115.5155,6.863703,3.560822,0
Continuous asphalt network,-125.2407,9.409505,14.24352,0
Continuous asphalt network,-335.1868,-12.51326,41.37298,0.005724115
Continuous asphalt network,-243.2294,31.86453,30.82363,0.00867074
Continuous asphalt network,-282.7109,86.4537,43.49528,0.01748112
Continuous asphalt network,-271.4763,81.20304,21.74732,0.01257726
Continuous asphalt network,-279.5163,83.23995,21.74734,0.01839054
Continuous asphalt network,-260.6545,74.85474,21.74759,0.008814809
Continuous asphalt network,-249.6262,69.05524,10.87367,0.005402002
Continuous asphalt network,-257.2535,72.18981,10.87375,0.005483142
Continuous asphalt network,-272.508,78.45895,10.8737,0.01707421
Continuous asphalt network,-280.1353,81.5935,10.87369,0.021568
Continuous asphalt network,-268.2817,77.9893,21.74755,0.009159055
Continuous asphalt network,-239.0106,62.15811,21.74764,0.002941204
Continuous asphalt network,-227.9824,56.35861,10.87391,0.01005844
Continuous asphalt network,-235.6097,59.49318,10.87391,0.005182196
Continuous asphalt network,-218.9642,51.06832,5.436968,0.01682369
Continuous asphalt network,-213.45,48.16857,2.718526,0.02637213
Continuous asphalt network,-217.2637,49.73585,2.718507,0.01896081
Continuous asphalt network,-208.0391,44.99439,2.718611,0.0230235
Continuous asphalt network,-204.4318,42.87828,2.718542,0.04103374
Continuous asphalt network,-211.8011,46.69889,2.718601,0.03296088
Continuous asphalt network,-217.4185,49.32424,1.359113,0.02100191
Continuous asphalt network,-213.6048,47.75696,1.359122,0.02784467
Continuous asphalt network,-224.6846,53.41924,10.87385,0.01217131
Continuous asphalt network,-235.9192,58.66993,5.436986,0.00518198
Continuous asphalt network,-228.2919,55.53536,5.436985,0.01005817
Continuous asphalt network,-246.7411,65.01826,21.74765,0.0009450816
Continuous asphalt network,-258.0788,69.99451,10.87372,0.004690734
Continuous asphalt network,-250.2452,67.40878,10.87373,0.004629164
Continuous asphalt network,-269.2102,75.51959,10.87356,0.006536948
Continuous asphalt network,-280.4448,80.77026,5.437108,0.0220011
Continuous asphalt network,-272.8175,77.6357,5.437109,0.01760443
Continuous asphalt network,-257.563,71.36657,5.437052,0.005484649
Continuous asphalt network,-249.9357,68.232,5.437015,0.005403467
Continuous asphalt network,-261.583,72.38503,10.8736,0.006526493
Continuous asphalt network,-3.507301,-42.42999,22.89617,0.02673804
Continuous asphalt network,170.2234,-137.4525,4.418959,0.2019344
Continuous asphalt network,172.6752,-137.1335,0.552359,0.006161329
Continuous asphalt network,171.6402,-136.7424,0.2762053,0.2033803
Continuous asphalt network,172.2058,-136.7189,0.2761925,0.05395888
Continuous asphalt network,173.4303,-136.885,1.104745,0.006163594
Continuous asphalt network,172.3883,-138.122,0.1380936,0.006166288
Continuous asphalt network,171.8708,-137.9265,0.06904523,0.209731
Continuous asphalt network,172.1536,-137.9147,0.06904355,0.02076987
Continuous asphalt network,172.7658,-137.9978,0.2761933,0.006163725
Continuous asphalt network,172.1974,-138.6725,0.2761855,0.0567035
Continuous asphalt network,171.8227,-138.1455,0.1381037,0.1533892
Continuous asphalt network,172.1988,-138.3469,0.1380985,0.08147615
Continuous asphalt network,171.5441,-137.1805,0.5523636,0.1763499
Continuous asphalt network,172.5791,-137.5715,0.2761669,0.006164683
Continuous asphalt network,172.0602,-137.7016,0.06904329,0.08568939
Continuous asphalt network,171.7774,-137.7134,0.06904496,0.2021973
Continuous asphalt network,172.1083,-137.4826,0.1380777,0.08557261
Continuous asphalt network,170.5912,-139.6074,2.209548,0.1958452
Continuous asphalt network,169.8334,-140.5071,2.209479,0.2134773
Continuous asphalt network,169.4656,-138.3521,4.418869,0.1961568
Continuous asphalt network,167.5988,-134.0893,8.837929,0.2062745
Continuous asphalt network,170.9868,-135.2505,2.209463,0.1884104
Continuous asphalt network,173.0569,-136.0324,1.104758,0.006164095
Continuous asphalt network,171.831,-136.1919,0.1380785,0.1497531
Continuous asphalt network,172.2072,-136.3933,0.1380902,0.0774899
Continuous asphalt network,171.4535,-136.3162,0.2761732,0.2022035
Continuous asphalt network,172.0686,-135.748,0.06905038,0.08694106
Continuous asphalt network,171.7858,-135.7598,0.06904169,0.2022651
Continuous asphalt network,172.1166,-135.529,0.1380982,0.08120463
Continuous asphalt network,172.3967,-136.1684,0.1381126,0.006163908
Continuous asphalt network,171.8791,-135.9729,0.06904803,0.2113134
Continuous asphalt network,172.1619,-135.9611,0.06905672,0.01543525
Continuous asphalt network,169.4767,-135.7473,4.419013,0.2022148
Continuous asphalt network,121.8728,16.1527,22.9188,0.03665149
Continuous asphalt network,126.6574,83.86868,6.284301,0.1389187
Continuous asphalt network,124.4141,83.9389,1.571059,0.1329764
Continuous asphalt network,123.2663,84.28609,1.57113,0
Continuous asphalt network,124.8831,85.01365,3.142086,0.1212972
Continuous asphalt network,127.5953,86.01818,12.56842,0.142751
Continuous asphalt network,275.4133,-22.79075,0.3848988,0.1495167
Continuous asphalt network,276.7672,-22.28656,0.1924558,0.0581026
Continuous asphalt network,275.9237,-22.72701,0.1924562,0.1274565
Continuous asphalt network,274.1924,-23.52968,0.7698089,0.1682672
Continuous asphalt network,277.0116,-21.75335,0.7698142,0.05810285
Continuous asphalt network,275.7019,-22.33578,0.3848881,0.1482194
Continuous asphalt network,276.4568,-21.73883,0.3849076,0.05938071
Continuous asphalt network,278.8099,-20.10452,3.079179,0.05448565
Continuous asphalt network,274.4585,-23.99915,1.53962,0.1682763
Continuous asphalt network,276.312,-22.92991,0.1924696,0.0754661
Continuous asphalt network,275.8015,-22.99363,0.1924907,0.1891763
Continuous asphalt network,276.9003,-22.52132,0.3849505,0.05810198
Continuous asphalt network,275.5572,-23.52685,0.3849142,0.1682821
Continuous asphalt network,276.0677,-23.46312,0.3848808,0.08082007
Continuous asphalt network,273.9698,-25.06556,3.079263,0.1682763
Continuous asphalt network,270.8167,-29.1457,3.0793,0.1669751
Continuous asphalt network,268.2188,-32.2768,0.04811343,0.1732362
Continuous asphalt network,267.797,-32.49702,0.04811675,0.07753677
Continuous asphalt network,268.3853,-32.08844,0.0962322,0.1698567
Continuous asphalt network,268.9514,-31.64074,0.19247,0.1755268
Continuous asphalt network,267.8636,-32.61438,0.09622384,0.08378473
Continuous asphalt network,268.2853,-32.39416,0.09621722,0.1755435
Continuous asphalt network,267.7414,-32.88097,0.1924491,0.1017423
Continuous asphalt network,266.9088,-33.82277,0.7698087,0.07661767
Continuous asphalt network,268.8184,-31.406,0.3849141,0.1755251
Continuous asphalt network,268.1079,-32.08118,0.09622788,0.1591426
Continuous asphalt network,267.7305,-32.37965,0.09623349,0.07661694
Continuous asphalt network,268.2079,-31.77546,0.1924504,0.1492164
Continuous asphalt network,269.0183,-30.79455,0.7698389,0.1755251
Continuous asphalt network,271.2167,-27.92279,3.079201,0.1661943
Continuous asphalt network,272.3715,-26.10295,3.07924,0.1682715
Continuous asphalt network,278.2777,-19.16557,6.158513,0.05492544
Continuous asphalt network,274.9698,-22.00829,0.7698234,0.1682794
Continuous asphalt network,276.2794,-21.42585,0.3849213,0.09158339
Continuous asphalt network,275.5246,-22.0228,0.3849018,0.1682816
Continuous asphalt network,273.9263,-23.06019,1.53969,0.1682825
Continuous asphalt network,275.6915,-20.87087,0.3849221,0.1503119
Continuous asphalt network,276.335,-21.04189,0.3849159,0.08897544
Continuous asphalt network,275.0811,-21.24032,0.7698276,0.1692553
Continuous asphalt network,276.0359,-20.03193,0.1924441,0.09635048
Continuous asphalt network,275.5698,-20.1739,0.1924472,0.1784692
Continuous asphalt network,276.0915,-19.64796,0.3848657,0.1248113
Continuous asphalt network,276.6237,-20.58692,0.3849228,0.05811146
Continuous asphalt network,275.7472,-20.48689,0.1924591,0.17445
Continuous asphalt network,276.2133,-20.34492,0.192456,0.07572973
Continuous asphalt network,279.0777,-16.71975,12.31719,0.05479671
Continuous asphalt network,283.3421,-8.814382,6.158476,0.04447943
Continuous asphalt network,285.0742,-6.084615,3.079236,0.04649856
Continuous asphalt network,285.9404,-4.719721,1.539622,0.04648076
Continuous asphalt network,286.5178,-3.809799,1.539585,0.08515145
Continuous asphalt network,288.9387,0.5978343,3.079041,0.09177651
Continuous asphalt network,290.8709,3.939092,0.3849551,0.1823534
Continuous asphalt network,291.4483,4.849009,0.3849055,0.1237728
Continuous asphalt network,292.3144,6.213867,0.7697854,0.07269111
Continuous asphalt network,290.7596,3.171127,1.539517,0.1036591
Continuous asphalt network,288.1386,-1.847987,6.158359,0.08589591
Continuous asphalt network,282.8969,-11.88617,24.63418,0.04881356
Continuous asphalt network,271.0376,-31.46407,3.079176,0.1755341
Continuous asphalt network,273.246,-31.0208,0.1924468,0.1571396
Continuous asphalt network,273.0685,-30.70783,0.1924603,0.1769025
Continuous asphalt network,273.6677,-30.80057,0.3849094,0.1589172
Continuous asphalt network,274.4334,-30.70497,0.7698341,0.1592714
Continuous asphalt network,271.9029,-32.0263,0.7698298,0.1546297
Continuous asphalt network,272.7355,-31.08454,0.1924705,0.1792195
Continuous asphalt network,272.9129,-31.39751,0.1924571,0.1592596
Continuous asphalt network,272.3137,-31.30475,0.3848937,0.16795
Continuous asphalt network,268.8619,-33.41135,1.53971,0.1733435
Continuous asphalt network,267.1749,-34.29225,1.539716,0.08062584
Continuous asphalt network,269.3506,-32.34493,3.079221,0.1624509
Continuous asphalt network,273.702,-28.45034,3.079286,0.1890205
Continuous asphalt network,274.7447,-29.32557,0.7698531,0.1666062
Continuous asphalt network,275.0995,-29.95155,0.7697845,0.159271
Continuous asphalt network,273.9012,-29.76602,1.539695,0.1568458
Continuous asphalt network,272.015,-29.33124,6.158581,0.1735584
Continuous asphalt network,276.8551,-24.3702,1.539665,0.07068302
Continuous asphalt network,275.1681,-25.25108,1.539654,0.1554112
Continuous asphalt network,277.3438,-23.30379,3.079364,0.07167309
Continuous asphalt network,279.3421,-21.0435,6.158879,0.05448662
Continuous asphalt network,276.2108,-26.12632,0.1924715,0.07139465
Continuous asphalt network,275.789,-26.34656,0.1924695,0.1494021
Continuous asphalt network,276.2443,-25.70321,0.3849087,0.08618341
Continuous asphalt network,276.7765,-26.64219,0.3849402,0.05877855
Continuous asphalt network,275.9665,-26.65955,0.192455,0.1442966
Continuous asphalt network,276.3882,-26.43931,0.192457,0.05810348
Continuous asphalt network,275.1012,-26.09729,1.539712,0.1651118
Continuous asphalt network,277.3874,-25.30918,3.079388,0.05814206
Continuous asphalt network,276.0434,-28.24181,0.3849059,0.116031
Continuous asphalt network,275.4442,-28.14904,0.3849171,0.1678049
Continuous asphalt network,276.7095,-27.48839,0.3849087,0.06019484
Continuous asphalt network,276.4652,-28.02159,0.3849203,0.119565
Continuous asphalt network,275.8543,-29.35461,0.7698047,0.1482004
Continuous asphalt network,275.1999,-28.68226,0.3849377,0.1919814
Continuous asphalt network,275.799,-28.77503,0.3849265,0.1569634
Continuous asphalt network,274.6125,-27.1637,1.539611,0.1701369
Continuous asphalt network,275.933,-27.08265,0.3849142,0.1177807
Continuous asphalt network,276.5321,-27.17541,0.3849376,0.05961817
Continuous asphalt network,275.389,-27.56946,0.7697755,0.1750305
Continuous asphalt network,270.9472,-35.16185,6.158762,0.1516473
Continuous asphalt network,268.2176,-35.16748,0.1924439,0.1733522
Continuous asphalt network,267.7958,-35.3877,0.1924448,0.08803998
Continuous asphalt network,268.251,-34.74439,0.3848925,0.1490345
Continuous asphalt network,268.7832,-35.68337,0.3848987,0.1462933
Continuous asphalt network,267.9732,-35.7007,0.1924742,0.08812653
Continuous asphalt network,268.395,-35.48047,0.1924732,0.1734214
Continuous asphalt network,267.1079,-35.13846,1.539649,0.08762944
Continuous asphalt network,269.6385,-33.81711,1.539652,0.1732221
Continuous asphalt network,269.3271,-35.19653,0.7698547,0.1618558
Continuous asphalt network,268.9724,-34.57055,0.7698258,0.1528207
Continuous asphalt network,273.123,-33.21452,12.31738,0.1589326
Continuous asphalt network,270.6794,-38.54662,6.158556,0.1251338
Continuous asphalt network,270.3012,-40.77219,1.539645,0.1307068
Continuous asphalt network,270.051,-42.01831,0.09622619,0.1774208
Continuous asphalt network,269.7514,-41.97191,0.09622339,0.1281351
Continuous asphalt network,270.3229,-41.7749,0.1924748,0.2112375
Continuous asphalt network,269.9565,-42.57471,0.1924334,0.256826
Continuous asphalt network,269.6292,-42.23853,0.09623817,0.1881414
Continuous asphalt network,269.9288,-42.28492,0.09624096,0.2388495
Continuous asphalt network,269.6351,-41.52562,0.7698226,0.1223694
Continuous asphalt network,269.3473,-40.05346,3.079215,0.133515
Continuous asphalt network,267.9615,-37.12648,0.1924527,0.05322211
Continuous asphalt network,268.2887,-37.46267,0.09622928,0.1281262
Continuous asphalt network,267.9891,-37.41628,0.09622648,0.1511327
Continuous asphalt network,267.451,-37.19022,0.3849177,0.1144536
Continuous asphalt network,268.5941,-36.79617,0.7698042,0.1278202
Continuous asphalt network,267.7724,-38.23927,0.192453,0.06781607
Continuous asphalt network,268.1941,-38.01906,0.1924489,0.1201712
Continuous asphalt network,267.7389,-38.66237,0.3849218,0.1149848
Continuous asphalt network,267.2067,-37.72342,0.3849087,0.1144608
Continuous asphalt network,267.8669,-37.68288,0.09622648,0.1147939
Continuous asphalt network,268.1665,-37.72927,0.09622928,0.09870774
Continuous asphalt network,267.5949,-37.9263,0.192453,0.1144641
Continuous asphalt network,266.6192,-36.20488,1.539657,0.0444093
Continuous asphalt network,268.0285,-36.2803,0.1924459,0.1298558
Continuous asphalt network,267.851,-35.96732,0.1924558,0.07446614
Continuous asphalt network,268.5389,-36.21658,0.3848824,0.1296795
Continuous asphalt network,267.2737,-36.87723,0.3849076,0.0403458
Continuous asphalt network,267.4293,-36.18753,0.1924558,0.03560543
Continuous asphalt network,267.6067,-36.50051,0.1924459,0.1106381
Continuous asphalt network,269.9698,-37.29469,6.158597,0.1203879
Continuous asphalt network,209.4154,-157.82,1.539934,0.07353251
Continuous asphalt network,210.4895,-158.2917,1.539885,0.0512684
Continuous asphalt network,208.3362,-158.6204,3.079829,0.07422431
Continuous asphalt network,209.9615,-155.8296,0.09623823,0.06001727
Continuous asphalt network,209.8259,-156.0887,0.09624228,0.05795575
Continuous asphalt network,209.7607,-155.5821,0.1924869,0.066261
Continuous asphalt network,210.5663,-155.936,0.1924853,0.005743717
Continuous asphalt network,210.0944,-156.2066,0.09623945,0.08040615
Continuous asphalt network,210.23,-155.9475,0.0962354,0.07680358
Continuous asphalt network,209.152,-156.4299,0.3849563,0.08039375
Continuous asphalt network,209.3567,-155.7233,0.1924884,0.05960177
Continuous asphalt network,209.4896,-156.1003,0.1924731,0.05306293
Continuous asphalt network,210.2338,-154.9935,1.53991,0.06626088
Continuous asphalt network,211.0317,-157.2555,1.539929,0.05899853
Continuous asphalt network,209.9576,-156.7837,1.539977,0.07937928
Continuous asphalt network,210.7503,-160.3179,12.31938,0.04955484
Continuous asphalt network,-63.02547,-265.2903,40.16128,0.007056131
Continuous asphalt network,21.96627,-262.1465,14.23355,0.05045729
Continuous asphalt network,28.64293,-254.7752,14.2335,0.0484603
Continuous asphalt network,19.37066,-266.9071,28.46692,0.04940761
Continuous asphalt network,10.65543,-279.8452,3.558129,0.05097319
Continuous asphalt network,13.99376,-276.1595,3.558132,0.05636538
Continuous asphalt network,9.357624,-282.2255,7.116848,0.04031343
Continuous asphalt network,5.09284,-288.8289,3.558316,0.03565236
Continuous asphalt network,2.172295,-293.1192,0.2223944,0.09089892
Continuous asphalt network,3.1923,-291.9339,0.1111897,0.1690806
Continuous asphalt network,2.821446,-292.4618,0.1112025,0.09089828
Continuous asphalt network,1.847856,-293.7143,0.444831,0.09087218
Continuous asphalt network,0.7352314,-295.298,0.8896469,0.08924613
Continuous asphalt network,2.867601,-291.9963,0.4447931,0.08849562
Continuous asphalt network,2.033028,-292.9177,0.4447862,0.09085966
Continuous asphalt network,3.099222,-291.2668,0.8895695,0.02735675
Continuous asphalt network,6.204979,-286.1799,7.116812,0.04539939
Continuous asphalt network,13.85402,-274.8926,0.8895882,0.04968889
Continuous asphalt network,12.43943,-275.5069,0.2223767,0.03642715
Continuous asphalt network,11.58138,-275.8621,0.111197,0.2348862
Continuous asphalt network,12.14368,-275.4781,0.0139008,0.04556037
Continuous asphalt network,12.32338,-275.339,0.02779908,0.04556875
Continuous asphalt network,11.91181,-275.6749,0.02779859,0.2484401
Continuous asphalt network,12.06257,-275.6269,0.02779476,0.1228034
Continuous asphalt network,13.15821,-274.9502,0.4447536,0.04776549
Continuous asphalt network,15.29157,-273.7793,1.779193,0.04968895
Continuous asphalt network,12.05707,-276.2843,0.2223944,0.06065232
Continuous asphalt network,11.5699,-276.1116,0.2224036,0.2931093
Continuous asphalt network,12.41646,-276.006,0.4448078,0.02462131
Continuous asphalt network,12.06904,-277.1002,0.4448096,0.04912893
Continuous asphalt network,11.56141,-276.5651,0.01389686,0.05472426
Continuous asphalt network,11.43963,-276.5219,0.0138973,0.2282105
Continuous asphalt network,11.65126,-276.4955,0.02779891,0.01925414
Continuous asphalt network,11.5644,-276.7691,0.02779908,0.04632185
Continuous asphalt network,11.53246,-276.6563,0.01390296,0.04632363
Continuous asphalt network,11.36126,-276.3419,0.1112017,0.3862108
Continuous asphalt network,11.94126,-276.6491,0.2223999,0.05124241
Continuous asphalt network,13.20511,-276.0828,1.779238,0.05560355
Continuous asphalt network,9.449492,-280.2291,3.558352,0.04696051
Continuous asphalt network,10.42284,-278.4439,1.779178,0.03575082
Continuous asphalt network,11.24569,-277.2394,0.2223845,0.04633143
Continuous asphalt network,11.1294,-276.5387,0.1112093,0.3927637
Continuous asphalt network,11.35858,-276.8039,0.01389757,0.04634101
Continuous asphalt network,11.44847,-276.8675,0.02779494,0.04632828
Continuous asphalt network,11.18755,-276.8891,0.02780107,0.08476749
Continuous asphalt network,11.26574,-276.6695,0.01390196,0.2625301
Continuous asphalt network,11.2716,-276.8111,0.0138999,0.129394
Continuous asphalt network,11.60533,-277.4937,0.4448,0.04759634
Continuous asphalt network,10.64859,-277.5729,0.05559517,0.03828723
Continuous asphalt network,10.59045,-277.2226,0.0278016,0.3892113
Continuous asphalt network,10.68328,-277.357,0.02779736,0.1283299
Continuous asphalt network,10.82841,-277.7001,0.1112012,0.04632709
Continuous asphalt network,10.35005,-277.7397,0.01389746,0.02066877
Continuous asphalt network,10.34418,-277.5981,0.01389772,0.2958426
Continuous asphalt network,10.43995,-277.8033,0.02779885,0.04633256
Continuous asphalt network,10.17901,-277.8249,0.02779806,0.1529098
Continuous asphalt network,10.2572,-277.6053,0.01390127,0.3892182
Continuous asphalt network,10.26307,-277.7469,0.013901,0.2431793
Continuous asphalt network,10.46291,-277.3042,0.05560253,0.3891796
Continuous asphalt network,10.52106,-277.6545,0.02779597,0.0501239
Continuous asphalt network,10.42822,-277.5201,0.02779756,0.2938641
Continuous asphalt network,10.87434,-276.7019,0.2223979,0.3687961
Continuous asphalt network,10.99063,-277.4026,0.1112021,0.04632813
Continuous asphalt network,10.76146,-277.1374,0.01389743,0.3561338
Continuous asphalt network,10.76732,-277.279,0.01389748,0.2137597
Continuous asphalt network,10.67157,-277.0738,0.02780016,0.3892043
Continuous asphalt network,10.93248,-277.0522,0.02779518,0.2462965
Continuous asphalt network,10.8543,-277.2718,0.01389981,0.04632677
Continuous asphalt network,10.84844,-277.1302,0.01389976,0.2775422
Continuous asphalt network,14.73452,-272.9731,3.558295,0.04659138
Continuous asphalt network,12.87969,-274.5471,0.8895978,0.04549072
Continuous asphalt network,11.7783,-275.3486,0.1111957,0.2478493
Continuous asphalt network,12.25375,-275.2382,0.05559618,0.04555995
Continuous asphalt network,12.02189,-275.435,0.01389887,0.1445975
Continuous asphalt network,11.89435,-275.5165,0.01390127,0.2667801
Continuous asphalt network,12.03924,-275.327,0.02779751,0.09546778
Continuous asphalt network,11.44211,-275.6605,0.2223886,0.2348848
Continuous asphalt network,12.1956,-274.8879,0.222401,0.04537944
Continuous asphalt network,11.84769,-274.9167,0.2224004,0.2466562
Continuous asphalt network,13.01846,-273.6833,1.779166,0.04581529
Continuous asphalt network,15.01206,-271.2454,7.116774,0.04683352
Continuous asphalt network,27.52885,-253.1628,28.46644,0.03957951
Continuous asphalt network,19.55439,-262.9143,14.23317,0.05530271
Continuous asphalt network,22.15001,-258.1538,14.23326,0.04532763
Continuous asphalt network,28.08394,-249.7075,28.46668,0.03488726
Continuous asphalt network,31.37537,-244.8893,3.558332,0.03310255
Continuous asphalt network,30.93365,-242.653,0.8895948,0.03319717
Continuous asphalt network,30.7128,-241.5349,0.2224007,0.05435092
Continuous asphalt network,30.68934,-240.9686,0.2223851,0.1827118
Continuous asphalt network,31.07243,-241.7892,0.4447977,0.03319744
Continuous asphalt network,31.65292,-243.1617,1.779204,0.0331991
Continuous asphalt network,32.81389,-245.9067,7.116582,0.03582368
Continuous asphalt network,28.63904,-246.2523,7.116701,0.03417548
Continuous asphalt network,29.56549,-243.3345,1.779144,0.04137
Continuous asphalt network,30.10982,-241.7269,0.1111927,0.2396762
Continuous asphalt network,30.2955,-241.9956,0.1111971,0.03307421
Continuous asphalt network,29.85476,-241.89,0.2223668,0.1517971
Continuous asphalt network,30.34144,-240.9974,0.2223829,0.2215834
Continuous asphalt network,30.45773,-241.698,0.1112016,0.105068
Continuous asphalt network,30.27205,-241.4293,0.1111972,0.2215986
Continuous asphalt network,30.23785,-242.7106,0.8895705,0.01319909
Continuous asphalt network,29.98374,-245.0045,3.558311,0.03310182
Continuous asphalt network,-78.79224,-12.98501,35.09,0.01445614
Continuous asphalt network,-91.61248,-4.01915,17.54489,0.01954167
Continuous asphalt network,-85.62514,-6.989924,17.54503,0.01768996
Continuous asphalt network,-74.72454,-13.70093,35.0899,0.01548527
Continuous asphalt network,-68.73722,-16.67171,35.09009,0.0173195
Continuous asphalt network,-334.3449,-18.7363,70.02836,0.005456415
Continuous asphalt network,-238.3077,30.04605,22.49642,0.0104368
Continuous asphalt network,-1.035023,-48.56453,8.515107,0.02668314
Continuous asphalt network,96.83368,35.85752,53.10047,0
Continuous asphalt network,103.1405,49.00756,26.55024,0
Continuous asphalt network,100.7056,40.18866,26.55017,0
Continuous asphalt network,110.7746,62.11843,26.55004,0
Continuous asphalt network,117.7451,75.24891,13.27512,0
Continuous asphalt network,113.9829,66.46915,13.27512,0
Continuous asphalt network,107.6761,53.31908,26.55004,0
Continuous asphalt network,102.6964,40.12989,13.27501,0
Continuous asphalt network,105.1314,48.94879,13.27505,0
Continuous asphalt network,198.2266,-154.2827,0.7385065,0.08808939
Continuous asphalt network,197.6226,-153.621,0.369247,0.09596236
Continuous asphalt network,198.2738,-153.5872,0.09230922,0.105983
Continuous asphalt network,198.5654,-153.6351,0.09230302,0.08669394
Continuous asphalt network,197.9924,-153.8224,0.1846326,0.0605651
Continuous asphalt network,196.998,-152.3934,0.7385082,0.09596816
Continuous asphalt network,197.9615,-152.9734,0.184617,0.09597915
Continuous asphalt network,198.4432,-153.2634,0.0461601,0.0959892
Continuous asphalt network,198.6671,-153.4408,0.04615706,0.04868827
Continuous asphalt network,198.2635,-153.3042,0.09231311,0.09598738
Continuous asphalt network,197.602,-153.0551,0.3692482,0.09596238
Continuous asphalt network,199.5495,-154.781,2.953972,0.09894771
Continuous asphalt network,195.8725,-153.334,0.3692249,0.02164022
Continuous asphalt network,196.4559,-153.4297,0.3692187,0.09719904
Continuous asphalt network,195.3097,-153.8043,0.7384394,0.06912265
Continuous asphalt network,196.2011,-152.4033,0.1846159,0.08077906
Continuous asphalt network,195.7738,-152.6145,0.1846159,0.05094569
Continuous asphalt network,196.2585,-151.9908,0.3692162,0.06716488
Continuous asphalt network,196.7269,-152.9115,0.3692499,0.09597723
Continuous asphalt network,195.93,-152.9215,0.1846281,0.0737562
Continuous asphalt network,196.3572,-152.7102,0.1846281,0.0959663
Continuous asphalt network,197.0598,-154.0914,0.7384694,0.09597149
Continuous asphalt network,197.6638,-154.753,0.3692444,0.07803214
Continuous asphalt network,197.0804,-154.6573,0.3692322,0.08132987
Continuous asphalt network,195.8356,-154.3125,0.1846171,0.04156611
Continuous asphalt network,196.1376,-154.6434,0.09231,0.06956279
Continuous asphalt network,195.8459,-154.5955,0.09230859,0.0715441
Continuous asphalt network,195.3303,-154.3703,0.3692343,0.06912315
Continuous asphalt network,196.4764,-153.9957,0.7384813,0.07696322
Continuous asphalt network,202.5281,-156.9574,0.3692477,0.092996
Continuous asphalt network,202.07,-156.3196,0.09231703,0.09442174
Continuous asphalt network,201.9139,-156.0127,0.09231145,0.05193656
Continuous asphalt network,202.4398,-156.5209,0.1846266,0.09442592
Continuous asphalt network,203.2677,-157.36,0.7384781,0.09003364
Continuous asphalt network,201.3614,-156.766,0.369211,0.09441806
Continuous asphalt network,201.4866,-156.224,0.09230549,0.09442484
Continuous asphalt network,201.6222,-155.9649,0.09230269,0.0519493
Continuous asphalt network,201.7106,-156.4013,0.1846183,0.09441374
Continuous asphalt network,201.8092,-157.1208,0.7384706,0.09347489
Continuous asphalt network,205.059,-158.779,1.476891,0.08435111
Continuous asphalt network,202.9966,-157.8781,1.476891,0.0665342
Continuous asphalt network,198.4239,-155.7216,0.7384571,0.08906357
Continuous asphalt network,199.3196,-156.4311,0.7384727,0.1172043
Continuous asphalt network,196.5177,-155.1276,0.1846097,0.05267606
Continuous asphalt network,197.2233,-155.595,0.09230465,0.09895509
Continuous asphalt network,196.6907,-155.4022,0.02307441,0.04872756
Continuous asphalt network,196.4329,-155.2896,0.02307293,0.09596591
Continuous asphalt network,196.8535,-155.3937,0.04615342,0.08460636
Continuous asphalt network,195.4187,-154.8067,0.1846138,0.106454
Continuous asphalt network,195.8562,-154.8785,0.09230027,0.1064357
Continuous asphalt network,196.1479,-154.9263,0.09230557,0.0692336
Continuous asphalt network,197.3249,-155.4007,0.1846114,0.0989527
Continuous asphalt network,196.8771,-155.0459,0.1846189,0.09405676
Continuous asphalt network,197.6844,-155.319,0.3692332,0.09895329
Continuous asphalt network,199.8043,-155.8074,0.1846084,0.09441935
Continuous asphalt network,199.9604,-156.1143,0.184611,0.02786689
Continuous asphalt network,200.1946,-156.5746,0.3691987,0.09442663
Continuous asphalt network,199.1428,-155.5582,0.738449,0.06222069
Continuous asphalt network,200.8355,-156.2578,0.1846577,0.09381458
Continuous asphalt network,201.3305,-155.917,0.09230749,0.05211343
Continuous asphalt network,201.195,-156.1761,0.09231028,0.09422418
Continuous asphalt network,200.778,-156.6703,0.3692409,0.09441952
Continuous asphalt network,200.4554,-155.7735,0.09231544,0.09896259
Continuous asphalt network,200.3199,-156.0326,0.09230986,0.05830283
Continuous asphalt network,200.2315,-155.5961,0.1846137,0.09895571
Continuous asphalt network,201.1066,-155.7397,0.1845953,0.09896132
Continuous asphalt network,200.6116,-156.0804,0.09230803,0.05829702
Continuous asphalt network,200.7471,-155.8213,0.09231362,0.09896183
Continuous asphalt network,189.862,-151.5043,2.953898,0.1001068
Continuous asphalt network,192.6845,-153.3737,1.476907,0.06911257
Continuous asphalt network,190.3304,-152.425,0.1846374,0.1057712
Continuous asphalt network,191.0361,-152.8923,0.09231158,0.08046443
Continuous asphalt network,190.5205,-152.6671,0.09231088,0.1057469
Continuous asphalt network,189.5231,-152.1519,0.3692777,0.1057689
Continuous asphalt network,191.0596,-152.5446,0.09230119,0.1049833
Continuous asphalt network,191.2158,-152.8515,0.09229118,0.06789993
Continuous asphalt network,190.6899,-152.3433,0.1846128,0.1057743
Continuous asphalt network,191.5752,-152.7698,0.1846106,0.0691186
Continuous asphalt network,191.4191,-152.4629,0.1846253,0.1218643
Continuous asphalt network,186.4973,-150.6711,1.476901,0.1730589
Continuous asphalt network,184.4349,-149.7702,1.476898,0.1709755
Continuous asphalt network,187.5079,-150.5555,0.3692465,0.15624
Continuous asphalt network,188.0441,-151.3467,0.1846201,0.1464868
Continuous asphalt network,187.5963,-150.992,0.1846322,0.1562457
Continuous asphalt network,186.7684,-150.1529,0.7385074,0.1504586
Continuous asphalt network,188.5391,-151.006,0.7385076,0.1010669
Continuous asphalt network,188.0132,-150.4977,0.184609,0.08851207
Continuous asphalt network,187.7112,-150.1669,0.09231348,0.1562509
Continuous asphalt network,188.0029,-150.2148,0.09231179,0.1597643
Continuous asphalt network,188.5185,-150.44,0.3692515,0.112765
Continuous asphalt network,193.0912,-152.5965,2.953881,0.08661564
Continuous asphalt network,191.2999,-151.1775,2.953923,0.08915915
Continuous asphalt network,194.529,-152.2697,5.907775,0.04716858
Continuous asphalt network,203.0086,-154.2232,2.953921,0.09892379
Continuous asphalt network,204.0604,-155.2396,0.7384911,0.09884287
Continuous asphalt network,204.3726,-155.8534,0.738467,0.03372078
Continuous asphalt network,203.0497,-155.3551,1.476912,0.09898636
Continuous asphalt network,205.4656,-158.0018,2.953978,0.08038908
Continuous asphalt network,203.0909,-156.4871,1.476967,0.1062884
Continuous asphalt network,204.2577,-156.6785,1.476974,0.06964105
Continuous asphalt network,200.0917,-153.7447,2.953923,0.08827525
Continuous asphalt network,198.0087,-152.2778,0.3692314,0.09597604
Continuous asphalt network,198.4668,-152.9156,0.09230488,0.09596213
Continuous asphalt network,198.7349,-153.3112,0.04615247,0.04865425
Continuous asphalt network,198.511,-153.1338,0.0461555,0.09595955
Continuous asphalt network,198.097,-152.7143,0.1846068,0.09597641
Continuous asphalt network,197.2692,-151.8752,0.7384654,0.09597047
Continuous asphalt network,199.1754,-152.4692,0.3692393,0.08586687
Continuous asphalt network,198.9824,-153.1408,0.1846168,0.08069608
Continuous asphalt network,198.8262,-152.8339,0.1846168,0.08277384
Continuous asphalt network,198.7276,-152.1145,0.7384981,0.09597506
Continuous asphalt network,201.5295,-153.418,5.907876,0.09429043
Continuous asphalt network,207.4251,-156.0728,0.3692293,0.02862617
Continuous asphalt network,207.6962,-155.5546,0.3692271,0.0662621
Continuous asphalt network,207.8729,-156.4275,0.7384632,0.06707573
Continuous asphalt network,206.2686,-156.1644,0.09230264,0.08039288
Continuous asphalt network,206.4042,-155.9053,0.09230877,0.06435409
Continuous asphalt network,206.4925,-156.3417,0.1846199,0.08039434
Continuous asphalt network,205.6174,-156.1982,0.1845882,0.06272177
Continuous asphalt network,206.1125,-155.8575,0.09230115,0.06236131
Continuous asphalt network,205.9769,-156.1165,0.09229502,0.06792822
Continuous asphalt network,207.1128,-155.4589,0.3692389,0.06626337
Continuous asphalt network,206.9198,-156.1305,0.1846235,0.08495171
Continuous asphalt network,206.7636,-155.8236,0.1846211,0.03945667
Continuous asphalt network,209.1134,-154.6619,1.476944,0.06626026
Continuous asphalt network,208.8629,-155.746,0.3692727,0.05738847
Continuous asphalt network,208.5918,-156.2641,0.3692437,0.07076526
Continuous asphalt network,208.4151,-155.3912,0.7384821,0.06626021
Continuous asphalt network,206.9035,-157.675,5.907714,0.08039003
Continuous asphalt network,205.6132,-154.0878,1.476943,0.07860389
Continuous asphalt network,205.2271,-155.4309,0.7384177,0.04899667
Continuous asphalt network,204.9148,-154.8171,0.7384418,0.1051833
Continuous asphalt network,204.7175,-153.3783,2.953984,0.0990294
Continuous asphalt network,207.3633,-154.3748,5.907714,0.05712076
Continuous asphalt network,-24.44906,-315.4544,49.20368,0.00626317
Continuous asphalt network,64.61828,-257.3624,32.62943,0.03585706
Continuous asphalt network,48.88248,-247.2746,16.31453,0.03309527
Continuous asphalt network,59.74531,-253.3169,16.31454,0.03626474
Continuous asphalt network,81.47095,-265.4014,16.31501,0.04170211
Continuous asphalt network,92.47338,-271.1876,4.07873,0.04114337
Continuous asphalt network,97.90478,-274.2088,4.07876,0.03425134
Continuous asphalt network,89.47845,-270.1892,8.157483,0.03786207
Continuous asphalt network,75.4811,-263.4047,32.62941,0.03954466
Continuous asphalt network,45.46872,-247.0445,32.62923,0.0332555
Continuous asphalt network,38.69523,-244.8622,4.078735,0.01885693
Continuous asphalt network,36.82173,-245.8643,1.01963,0.02081548
Continuous asphalt network,35.75887,-246.1909,1.019659,0.01740983
Continuous asphalt network,36.84874,-245.0033,2.039311,0.01119986
Continuous asphalt network,38.74926,-243.1401,8.157362,0.03030987
Continuous asphalt network,41.77574,-247.3266,8.157282,0.04690048
Continuous asphalt network,38.36198,-247.0966,2.039266,0.0183437
Continuous asphalt network,36.65511,-246.9815,0.5098524,0.01834352
Continuous asphalt network,35.87146,-246.7959,0.5098544,0.0402936
Continuous asphalt network,37.32614,-246.5621,1.019658,0.01834348
Continuous asphalt network,39.70406,-246.2577,4.078615,0.01834371
Continuous asphalt network,58.3492,-255.8778,32.6294,0.03529933
Continuous asphalt network,46.92794,-250.8599,32.62944,0.02805059
Continuous asphalt network,-316.3113,-41.46884,24.52522,0.004067639
Continuous asphalt network,-231.0024,32.17385,61.7912,0.01200369
Continuous asphalt network,-3.897874,-47.19937,24.67326,0.02694346
Continuous asphalt network,123.9706,76.95629,0.8004915,0.08630764
Continuous asphalt network,124.5246,76.16888,0.8005156,0.1013626
Continuous asphalt network,123.0997,76.90975,1.600876,0
Continuous asphalt network,124.8614,77.61664,3.201859,0.1134365
Continuous asphalt network,126.6429,78.93736,6.403637,0.136116
Continuous asphalt network,122.9803,73.22678,1.600869,0
Continuous asphalt network,124.173,74.26071,0.1000716,0.1319765
Continuous asphalt network,123.886,74.3475,0.1000751,0.009595348
Continuous asphalt network,124.3264,74.52422,0.2000998,0.1320123
Continuous asphalt network,124.7718,74.85439,0.4001899,0.131996
Continuous asphalt network,123.8561,73.42675,0.1000611,0.002824647
Continuous asphalt network,124.1531,73.64687,0.1000683,0.1331881
Continuous asphalt network,123.6977,73.00977,0.200111,0
Continuous asphalt network,123.876,74.04058,0.10006,0.009620225
Continuous asphalt network,124.163,73.95379,0.1000565,0.1319897
Continuous asphalt network,123.7226,73.77706,0.2001128,0.002893198
Continuous asphalt network,122.3466,71.55887,3.201871,0
Continuous asphalt network,123.0599,75.68209,1.600884,0
Continuous asphalt network,124.5047,75.55502,0.8004695,0.1159684
Continuous asphalt network,124.0494,74.91793,0.2000895,0.1065122
Continuous asphalt network,123.7525,74.69781,0.2001374,0.01197745
Continuous asphalt network,123.9208,75.42168,0.4002356,0.07365513
Continuous asphalt network,122.4462,74.62803,3.201732,0
Continuous asphalt network,124.9808,81.29963,3.201786,0.1244882
Continuous asphalt network,123.2988,83.04807,1.600943,0
Continuous asphalt network,124.4467,82.70089,1.600873,0.1279508
Continuous asphalt network,126.7225,81.39268,6.403657,0.1377179
Continuous asphalt network,123.1794,79.36508,1.600945,0
Continuous asphalt network,124.3272,79.01789,1.600931,0.1184774
Continuous asphalt network,122.5656,78.31101,3.201732,0
Continuous asphalt network,122.6851,81.99401,3.201814,0
Continuous asphalt network,124.3671,80.24557,1.600893,0.1184782
Continuous asphalt network,123.2192,80.59275,1.600907,0
Continuous asphalt network,118.0902,65.40802,25.61459,0
Continuous asphalt network,120.7044,74.53497,25.61452,0
Continuous asphalt network,110.7251,52.75917,25.61445,0
Continuous asphalt network,103.934,39.93673,12.80715,0
Continuous asphalt network,107.6961,48.71646,12.80724,0
Continuous asphalt network,113.9133,61.71251,25.61455,0
Continuous asphalt network,118.9826,75.05575,12.80722,0
Continuous asphalt network,116.3683,65.9288,12.80726,0
Continuous asphalt network,-4.460209,-319.0165,67.30079,0.005407962
Continuous asphalt network,73.85921,-266.5075,32.70945,0.03833228
Continuous asphalt network,87.07235,-274.8584,8.177332,0.03389698
Continuous asphalt network,92.25124,-278.4066,8.177302,0.05066836
Continuous asphalt network,78.77226,-270.5753,16.35468,0.03912262
Continuous asphalt network,56.99318,-258.4611,16.35472,0.0348094
Continuous asphalt network,46.10363,-252.4039,16.35473,0.02804122
Continuous asphalt network,62.96968,-260.4504,32.7094,0.0353174
Continuous asphalt network,95.63828,-278.6218,16.35476,0.03201292
Continuous asphalt network,90.45939,-275.0736,16.35474,0.03698375
Continuous asphalt network,99.29119,-278.3174,32.70927,0.03514813
Continuous asphalt network,80.10157,-267.9773,32.70957,0.04035147
Continuous asphalt network,91.78869,-272.4756,8.177341,0.04076666
Continuous asphalt network,97.49932,-274.9845,8.177347,0.03508651
Continuous asphalt network,88.40166,-272.2603,16.35482,0.03614195
Continuous asphalt network,-301.8758,-51.06795,24.55795,0.00293629
Continuous asphalt network,13.57638,-57.35801,1.843895,0.05421679
Continuous asphalt network,181.7714,68.23188,4.926789,0.01843091
Continuous asphalt network,176.6652,70.81501,2.463668,0.02485346
Continuous asphalt network,180.1802,69.4657,2.463694,0.01858485
Continuous asphalt network,187.2102,66.76707,2.46354,0.02360275
Continuous asphalt network,190.7252,65.41778,2.463537,0.03084186
Continuous asphalt network,185.2864,66.88258,4.926784,0.01965664
Continuous asphalt network,174.5751,70.37138,9.853644,0.01961369
Continuous asphalt network,179.7645,68.06783,4.926833,0.01795246
Continuous asphalt network,176.0833,68.85801,4.926822,0.02206153
Continuous asphalt network,197.7552,62.71915,2.463337,0.05941683
Continuous asphalt network,201.2702,61.36983,2.463326,0.07553881
Continuous asphalt network,195.8315,62.83467,4.926992,0.04984245
Continuous asphalt network,206.5427,59.34584,2.463539,0.09769432
Continuous asphalt network,210.9988,57.86887,0.1539059,0.2075904
Continuous asphalt network,211.888,57.56653,0.03850089,0.2188619
Continuous asphalt network,212.3273,57.39789,0.0384996,0.162854
Continuous asphalt network,211.6475,57.58095,0.07695394,0.2006663
Continuous asphalt network,210.5179,57.89777,0.3078856,0.199318
Continuous asphalt network,213.6351,56.85693,0.3079083,0.1629746
Continuous asphalt network,211.606,57.44117,0.03849832,0.2055093
Continuous asphalt network,212.2702,57.20568,0.01923887,0.1632142
Continuous asphalt network,211.8204,57.33937,0.01923863,0.2322433
Continuous asphalt network,210.9261,57.62428,0.077,0.2145132
Continuous asphalt network,212.2858,57.2581,0.03849399,0.1629344
Continuous asphalt network,211.8464,57.42675,0.03849446,0.2275304
Continuous asphalt network,212.5263,57.24366,0.076977,0.162979
Continuous asphalt network,208.2587,58.5314,1.231517,0.1160551
Continuous asphalt network,201.0624,60.67091,1.231707,0.07765063
Continuous asphalt network,196.5439,61.93822,0.6161169,0.1360943
Continuous asphalt network,198.3846,61.54314,0.6158524,0.06681036
Continuous asphalt network,202.9446,60.41561,2.463512,0.08864689
Continuous asphalt network,184.9539,65.76431,2.463426,0.01817276
Continuous asphalt network,190.268,63.88014,1.231667,0.032807
Continuous asphalt network,186.6699,64.94988,1.231666,0.02441986
Continuous asphalt network,179.4736,67.08935,1.231659,0.0078709
Continuous asphalt network,175.8754,68.1591,1.231664,0.01588084
Continuous asphalt network,181.3558,66.83405,2.463445,0.01641103
Continuous asphalt network,190.3927,64.29948,2.463349,0.03280511
Continuous asphalt network,186.8777,65.6488,2.463345,0.02404687
Continuous asphalt network,192.3165,64.18397,4.926971,0.03832368
Continuous asphalt network,154.5776,75.55607,2.463419,0.08846865
Continuous asphalt network,158.0926,74.20673,2.463417,0.06715076
Continuous asphalt network,152.6538,75.67161,4.92698,0.09567631
Continuous asphalt network,163.3651,72.18279,2.463359,0.05110193
Continuous asphalt network,168.6791,70.29861,1.231843,0.03388622
Continuous asphalt network,165.081,71.36835,1.231844,0.05096227
Continuous asphalt network,157.8848,73.50782,1.231622,0.06623591
Continuous asphalt network,154.2867,74.57758,1.231618,0.09407488
Continuous asphalt network,159.767,73.25251,2.463359,0.06753341
Continuous asphalt network,143.5338,77.92657,4.926819,0.1085231
Continuous asphalt network,136.3375,80.06604,4.926775,0.1256693
Continuous asphalt network,145.4576,77.81107,4.927048,0.1120994
Continuous asphalt network,149.1388,77.02094,4.92695,0.1009359
Continuous asphalt network,163.6976,73.30106,4.926956,0.05007116
Continuous asphalt network,168.8038,70.71796,2.463315,0.03274001
Continuous asphalt network,165.2889,72.06726,2.463295,0.04999044
Continuous asphalt network,158.2589,74.76587,2.463432,0.06715038
Continuous asphalt network,154.7438,76.11521,2.463434,0.08846825
Continuous asphalt network,160.1826,74.65037,4.92694,0.06812046
Continuous asphalt network,170.8939,71.16156,9.853588,0.03456131
Continuous asphalt network,165.7045,73.46513,4.927076,0.0497513
Continuous asphalt network,169.3858,72.67493,4.927073,0.03481315
Continuous asphalt network,196.6627,65.63035,9.853512,0.04230447
Continuous asphalt network,201.8521,63.32682,4.926793,0.06627193
Continuous asphalt network,198.1709,64.117,4.926793,0.05386855
Continuous asphalt network,206.8752,60.46414,4.926808,0.1001269
Continuous asphalt network,210.7673,58.73649,0.153969,0.1472861
Continuous asphalt network,211.1859,58.49794,0.1539664,0.2145319
Continuous asphalt network,210.4749,58.57617,0.307938,0.1519163
Continuous asphalt network,211.8138,58.14012,0.1539531,0.1724245
Continuous asphalt network,212.4624,57.85216,0.07699282,0.1629591
Continuous asphalt network,212.0023,57.95095,0.07698067,0.2105992
Continuous asphalt network,211.1027,58.21835,0.3079153,0.2075439
Continuous asphalt network,213.6974,57.06659,0.6158012,0.1629339
Continuous asphalt network,211.7098,57.79062,0.07701537,0.190937
Continuous asphalt network,212.3481,57.46776,0.03846557,0.1629716
Continuous asphalt network,211.9088,57.6364,0.03846686,0.2189428
Continuous asphalt network,211.0404,58.00866,0.154025,0.2075503
Continuous asphalt network,212.6094,57.52319,0.1539498,0.1629342
Continuous asphalt network,211.9607,57.81115,0.07698668,0.2105546
Continuous asphalt network,212.4209,57.71236,0.07699883,0.1629317
Continuous asphalt network,208.4665,59.23033,2.463539,0.09285155
Continuous asphalt network,201.4365,61.92897,2.463502,0.07553922
Continuous asphalt network,197.9215,63.27829,2.463514,0.05941743
Continuous asphalt network,203.3602,61.81347,4.926775,0.08638321
Continuous asphalt network,185.7852,68.55999,4.926881,0.02569054
Continuous asphalt network,190.8914,65.97691,2.463265,0.03084202
Continuous asphalt network,187.3764,67.3262,2.463267,0.02360302
Continuous asphalt network,180.3464,70.02482,2.463019,0.01858753
Continuous asphalt network,176.8314,71.37414,2.462994,0.0248551
Continuous asphalt network,182.2702,69.90928,4.926871,0.02530299
Continuous asphalt network,192.9814,66.42051,9.85342,0.03575509
Continuous asphalt network,187.7921,68.72405,4.926979,0.02834552
Continuous asphalt network,191.4733,67.93387,4.92693,0.03312493
Continuous asphalt network,211.3907,60.83324,2.463437,0.09931985
Continuous asphalt network,212.5634,59.838,1.231704,0.1257229
Continuous asphalt network,211.3929,59.60595,0.1539512,0.09603195
Continuous asphalt network,211.5607,59.3469,0.1539485,0.213999
Continuous asphalt network,210.9751,59.43539,0.3079088,0.09222922
Continuous asphalt network,211.9771,60.33563,0.3078946,0.1246097
Continuous asphalt network,211.8947,59.64699,0.1539621,0.2126665
Continuous asphalt network,211.7269,59.90604,0.1539648,0.09687368
Continuous asphalt network,213.9053,57.76549,2.463374,0.1629314
Continuous asphalt network,212.1478,58.44017,0.6158611,0.1489592
Continuous asphalt network,211.269,58.77752,0.1539568,0.2123243
Continuous asphalt network,210.8504,59.01606,0.1539594,0.1430785
Continuous asphalt network,211.5614,58.93781,0.3079095,0.211065
Continuous asphalt network,212.7326,58.76074,1.231731,0.1663012
Continuous asphalt network,209.0484,61.18733,9.853856,0.1036817
Continuous asphalt network,215.74,60.64322,4.926819,0.1194024
Continuous asphalt network,215.075,58.40667,4.926905,0.162933
Continuous asphalt network,214.0656,61.59744,9.853718,0.122663
Continuous asphalt network,203.0218,63.96799,4.926826,0.06603502
Continuous asphalt network,205.0287,64.13204,4.926914,0.06817503
Continuous asphalt network,198.8359,66.35354,4.926904,0.04369231
Continuous asphalt network,203.5206,65.64541,2.463427,0.07465017
Continuous asphalt network,201.5137,65.48135,2.463411,0.05829829
Continuous asphalt network,210.7169,63.50592,2.463429,0.1124539
Continuous asphalt network,208.1222,64.65769,1.231778,0.08987284
Continuous asphalt network,209.9628,64.26261,1.231753,0.1124541
Continuous asphalt network,213.5609,63.19285,4.926874,0.08391829
Continuous asphalt network,208.2083,63.30084,1.231726,0.1053379
Continuous asphalt network,207.5373,64.3371,1.231723,0.06161058
Continuous asphalt network,209.5472,62.86475,2.463451,0.1124527
Continuous asphalt network,206.3676,63.69593,2.463418,0.06486108
Continuous asphalt network,207.0385,62.65968,2.463459,0.1049191
Continuous asphalt network,36.98196,-313.6867,37.13334,0.01538345
Continuous asphalt network,19.24479,-313.6333,9.283498,0.02008936
Continuous asphalt network,8.597568,-313.5431,4.641192,0.02177753
Continuous asphalt network,15.6629,-313.2154,4.641185,0.02539998
Continuous asphalt network,29.81819,-312.8509,18.56703,0.01971374
Continuous asphalt network,58.07953,-311.5403,18.56668,0.01672976
Continuous asphalt network,72.2102,-310.885,18.56668,0.0203421
Continuous asphalt network,51.11264,-313.0313,37.13338,0.01819205
Continuous asphalt network,8.72062,-314.9973,18.56689,0.01916554
Continuous asphalt network,15.83518,-315.2513,18.56684,0.02275289
Continuous asphalt network,5.360212,-317.197,37.13297,0.01048393
Continuous asphalt network,26.50702,-315.6324,18.56633,0.02052194
Continuous asphalt network,37.12963,-315.4317,9.282684,0.01793551
Continuous asphalt network,30.11352,-316.341,9.282705,0.01446258
Continuous asphalt network,16.03206,-317.578,37.13284,0.0217832
Continuous asphalt network,103.4457,-282.1575,24.52465,0.03111392
Continuous asphalt network,-293.3628,-59.52791,73.98718,0.001553893
Continuous asphalt network,-0.4090932,-51.46442,29.5166,0.0282677
Continuous asphalt network,235.8609,56.02763,0.2481519,0.2222525
Continuous asphalt network,236.2842,56.05383,0.2481742,0.3259105
Continuous asphalt network,235.8292,55.50456,0.4963479,0.293281
Continuous asphalt network,235.2893,57.03448,0.4963341,0.2556001
Continuous asphalt network,236.1042,56.56381,0.2482033,0.3532385
Continuous asphalt network,235.6809,56.53761,0.248181,0.2556008
Continuous asphalt network,236.9775,55.31511,1.985393,0.319304
Continuous asphalt network,234.6809,55.69396,3.970981,0.2555944
Continuous asphalt network,239.3905,53.38014,3.970933,0.3522607
Continuous asphalt network,236.2791,54.22961,0.2481733,0.3389768
Continuous asphalt network,235.8557,54.20339,0.248185,0.2586699
Continuous asphalt network,237.0331,53.62492,0.248194,0.3367072
Continuous asphalt network,236.2778,53.77357,0.06201952,0.327376
Continuous asphalt network,235.9153,53.88141,0.06202051,0.3061012
Continuous asphalt network,236.5198,53.85368,0.1241012,0.3271896
Continuous asphalt network,234.9191,54.40591,0.9927222,0.2555857
Continuous asphalt network,237.3373,54.29518,1.985387,0.3135282
Continuous asphalt network,242.5287,51.22951,0.4963644,0.4661499
Continuous asphalt network,243.2378,50.75234,0.06205575,0.5381902
Continuous asphalt network,243.0724,51.06779,0.03101814,0.4161068
Continuous asphalt network,243.2232,50.94685,0.03101856,0.5382773
Continuous asphalt network,243.4944,50.63794,0.1241023,0.5382187
Continuous asphalt network,242.8594,50.59858,0.1240707,0.5533206
Continuous asphalt network,242.9361,50.9942,0.06205155,0.5523013
Continuous asphalt network,243.0261,50.73921,0.06205609,0.482322
Continuous asphalt network,241.9836,50.93517,0.9927624,0.5041072
Continuous asphalt network,244.2485,50.03325,0.248178,0.3610069
Continuous asphalt network,243.8252,50.00701,0.2481739,0.5106082
Continuous asphalt network,245.0026,49.42858,0.248187,0.3753345
Continuous asphalt network,244.2472,49.5772,0.06202794,0.3754919
Continuous asphalt network,243.8848,49.68502,0.06202683,0.4865593
Continuous asphalt network,244.4893,49.65733,0.124089,0.3753611
Continuous asphalt network,242.8277,50.0755,0.2481947,0.5382774
Continuous asphalt network,241.9969,50.28462,0.03102203,0.4984361
Continuous asphalt network,242.2383,50.13671,0.01550641,0.6033129
Continuous asphalt network,242.0571,50.19063,0.01551094,0.4947272
Continuous asphalt network,241.7098,50.33197,0.06203389,0.4984043
Continuous asphalt network,242.284,50.23724,0.03101627,0.6071999
Continuous asphalt network,242.1332,50.35818,0.03102687,0.4981842
Continuous asphalt network,242.4202,50.31082,0.06205091,0.4640229
Continuous asphalt network,243.3119,50.23577,0.4963479,0.5382977
Continuous asphalt network,246.1483,48.32701,0.9928284,0.3753517
Continuous asphalt network,248.019,47.00981,0.4963951,0.4327959
Continuous asphalt network,246.6908,47.70919,0.4964043,0.3665237
Continuous asphalt network,243.5818,49.47081,0.1240815,0.5382988
Continuous asphalt network,244.0647,49.17504,0.06203192,0.4584452
Continuous asphalt network,243.7022,49.28286,0.06203638,0.5383784
Continuous asphalt network,244.6679,48.69128,0.1240961,0.375402
Continuous asphalt network,243.9886,49.00749,0.03102419,0.4748117
Continuous asphalt network,243.6566,49.18233,0.03102189,0.5382253
Continuous asphalt network,244.1851,48.98709,0.06204145,0.4038661
Continuous asphalt network,242.6756,49.74041,0.1240579,0.5382126
Continuous asphalt network,241.9208,50.11705,0.01551556,0.5085678
Continuous asphalt network,241.6642,50.23143,0.03102833,0.4980958
Continuous asphalt network,242.2681,49.97572,0.03101133,0.5381395
Continuous asphalt network,242.0267,50.12361,0.01551694,0.404501
Continuous asphalt network,242.2079,50.06968,0.01551241,0.5381231
Continuous asphalt network,243.0685,49.69958,0.2481848,0.5382494
Continuous asphalt network,245.1217,48.78453,0.4964343,0.3753538
Continuous asphalt network,244.3068,49.25518,0.1240846,0.3857183
Continuous asphalt network,243.8239,49.55096,0.06206495,0.512171
Continuous asphalt network,244.1864,49.44315,0.06206606,0.4106398
Continuous asphalt network,244.8809,49.16048,0.2481778,0.3753847
Continuous asphalt network,238.1788,52.52339,0.9927197,0.329877
Continuous asphalt network,240.0495,51.20621,0.496335,0.4982697
Continuous asphalt network,238.6908,51.83856,0.1241004,0.3441339
Continuous asphalt network,238.0267,52.18824,0.1241045,0.383651
Continuous asphalt network,239.0837,51.79778,0.2481648,0.505725
Continuous asphalt network,235.6123,53.66716,0.1240882,0.2555856
Continuous asphalt network,236.0952,53.37139,0.06200901,0.2739599
Continuous asphalt network,235.7327,53.47921,0.06201682,0.2556613
Continuous asphalt network,236.5477,53.00859,0.06205174,0.3291712
Continuous asphalt network,236.8493,52.76671,0.06205421,0.1724215
Continuous asphalt network,235.8531,53.29127,0.06206605,0.07770836
Continuous asphalt network,236.2156,53.18345,0.06204254,0.3191102
Continuous asphalt network,234.7365,54.00377,0.4963678,0.2555854
Continuous asphalt network,237.0914,52.84684,0.1240877,0.3650525
Continuous asphalt network,236.7897,53.08873,0.1240938,0.3221791
Continuous asphalt network,237.3639,52.99401,0.2481602,0.3289082
Continuous asphalt network,236.3373,53.45151,0.1240816,0.3253837
Continuous asphalt network,235.8544,53.74733,0.06209799,0.2920904
Continuous asphalt network,236.2169,53.6395,0.062097,0.3149425
Continuous asphalt network,236.9114,53.35682,0.2481443,0.3368047
Continuous asphalt network,240.957,51.3927,1.9855,0.4983139
Continuous asphalt network,239.7504,52.3602,1.985461,0.3731896
Continuous asphalt network,226.468,59.3541,1.985415,0.1793148
Continuous asphalt network,228.3995,58.17097,0.9926214,0.2037466
Continuous asphalt network,226.9495,58.60226,0.9925918,0.2068948
Continuous asphalt network,230.2094,56.71974,0.9926682,0.2468812
Continuous asphalt network,232.08,55.40254,0.4962742,0.2442865
Continuous asphalt network,230.7518,56.10195,0.4962653,0.2468808
Continuous asphalt network,227.7937,57.74263,0.2481618,0.2029808
Continuous asphalt network,228.729,57.08403,0.1240647,0.2469064
Continuous asphalt network,228.0649,57.43373,0.1240677,0.2449601
Continuous asphalt network,226.767,58.20015,0.4963217,0.2068723
Continuous asphalt network,228.8811,57.41916,0.9926877,0.2447079
Continuous asphalt network,222.2398,60.91612,0.9927744,0.1266209
Continuous asphalt network,224.1105,59.59892,0.4963463,0.1596961
Continuous asphalt network,222.7823,60.29831,0.4963374,0.1568968
Continuous asphalt network,220.1258,61.69708,0.4963678,0.1042336
Continuous asphalt network,218.7975,62.39647,0.4963678,0.1148808
Continuous asphalt network,220.9116,61.61551,0.9927632,0.1269269
Continuous asphalt network,225.018,59.78541,1.98543,0.1787064
Continuous asphalt network,223.8115,60.75292,1.985505,0.1266206
Continuous asphalt network,232.3842,56.07277,1.985506,0.2442635
Continuous asphalt network,231.1777,57.04027,1.985502,0.2468583
Continuous asphalt network,233.4743,56.66145,3.970932,0.2563145
Continuous asphalt network,229.3678,58.49152,1.98548,0.2463489
Continuous asphalt network,227.4363,59.67464,0.9928125,0.2351781
Continuous asphalt network,228.8863,59.24336,0.9927947,0.2378051
Continuous asphalt network,231.6645,58.1127,3.97093,0.2461506
Continuous asphalt network,247.0001,50.20372,3.970866,0.3720894
Continuous asphalt network,248.0216,47.92195,0.4963467,0.4190637
Continuous asphalt network,248.175,48.71315,0.2481631,0.3757336
Continuous asphalt network,248.3549,48.20317,0.248201,0.3405101
Continuous asphalt network,248.5032,47.17009,0.9927157,0.4046922
Continuous asphalt network,247.1167,48.64757,1.985414,0.3753608
Continuous asphalt network,244.7036,50.58256,1.985455,0.3904197
Continuous asphalt network,243.2549,51.46993,0.03102126,0.4980941
Continuous asphalt network,243.4057,51.34899,0.03102878,0.5810204
Continuous asphalt network,243.1187,51.39635,0.06204509,0.4983169
Continuous asphalt network,243.3012,51.79849,0.06203954,0.4713451
Continuous asphalt network,243.4666,51.48304,0.03102465,0.5813043
Continuous asphalt network,243.3158,51.60398,0.03101712,0.4984461
Continuous asphalt network,243.6161,50.90604,0.124076,0.5383141
Continuous asphalt network,243.2841,51.08088,0.03102547,0.5430612
Continuous asphalt network,243.1332,51.20182,0.03102504,0.421544
Continuous asphalt network,243.4203,51.15447,0.06204304,0.5351515
Continuous asphalt network,242.772,51.76572,0.4963285,0.4818609
Continuous asphalt network,243.9812,51.71034,0.1241021,0.5051235
Continuous asphalt network,243.6795,51.95221,0.1240901,0.4229949
Continuous asphalt network,244.2537,51.85749,0.2481733,0.3608383
Continuous asphalt network,243.8886,51.05319,0.2481836,0.4726034
Continuous asphalt network,243.5578,51.68411,0.1240804,0.4077477
Continuous asphalt network,243.8595,51.44224,0.1240924,0.491139
Continuous asphalt network,245.7936,51.17122,3.970846,0.3691056
Continuous asphalt network,249.6035,51.40728,0.9926887,0.3656774
Continuous asphalt network,250.1751,50.40042,0.2481898,0.4011824
Continuous asphalt network,250.3551,49.89044,0.2481792,0.3795424
Continuous asphalt network,249.6618,50.6292,0.4963728,0.3753432
Continuous asphalt network,248.5769,51.8648,1.98538,0.3625576
Continuous asphalt network,251.1169,52.02214,1.985465,0.3453388
Continuous asphalt network,250.8709,50.57381,0.1240821,0.4319921
Continuous asphalt network,250.5693,50.81569,0.1240849,0.3667206
Continuous asphalt network,251.1434,50.72098,0.2481917,0.4018499
Continuous asphalt network,250.7784,49.91668,0.2481716,0.4140197
Continuous asphalt network,250.4476,50.54759,0.124089,0.3468626
Continuous asphalt network,250.7493,50.30571,0.1240863,0.4140211
Continuous asphalt network,250.4502,51.45972,0.9927436,0.3949374
Continuous asphalt network,249.535,48.53685,0.4963927,0.414118
Continuous asphalt network,248.9317,49.0206,0.4964,0.3644345
Continuous asphalt network,250.08,48.83118,0.9927257,0.4140966
Continuous asphalt network,249.3498,47.22255,0.9927858,0.4140703
Continuous asphalt network,248.7783,48.22941,0.2482061,0.4140534
Continuous asphalt network,248.5983,48.73938,0.2481682,0.4480478
Continuous asphalt network,249.2916,48.00063,0.4964011,0.4140523
Continuous asphalt network,248.0902,50.79239,1.985568,0.3809781
Continuous asphalt network,249.4185,50.09302,0.4963314,0.3618579
Continuous asphalt network,250.0217,49.60925,0.4963141,0.4211638
Continuous asphalt network,248.8734,49.79869,0.9927788,0.3816217
Continuous asphalt network,241.3273,54.02123,7.941755,0.3372011
Continuous asphalt network,238.0675,55.90377,1.985453,0.3272174
Continuous asphalt network,236.4376,56.84503,0.4963651,0.3174776
Continuous asphalt network,235.4718,57.43661,0.248167,0.2556012
Continuous asphalt network,236.1968,57.22096,0.2481732,0.2791625
Continuous asphalt network,237.5859,56.65561,0.9927074,0.32722
Continuous asphalt network,240.7874,55.55115,0.4963558,0.3404986
Continuous asphalt network,239.8216,56.14273,0.2481892,0.3007684
Continuous asphalt network,240.5466,55.92707,0.2481646,0.3405012
Continuous asphalt network,241.9357,55.36171,0.9927128,0.340489
Continuous asphalt network,239.6391,55.74058,0.4963617,0.3007229
Continuous asphalt network,240.2424,55.25682,0.4963918,0.3404725
Continuous asphalt network,239.0941,55.44625,0.9927385,0.3447677
Continuous asphalt network,246.7671,53.31602,1.985414,0.3364909
Continuous asphalt network,244.8356,54.49916,0.992719,0.3246782
Continuous asphalt network,246.2855,54.06787,0.992748,0.3449353
Continuous asphalt network,249.0637,52.93718,3.970876,0.3407908
Continuous asphalt network,244.4705,53.69484,1.985455,0.314056
Continuous asphalt network,245.6771,52.72737,1.985441,0.3460262
Continuous asphalt network,243.3805,53.10619,3.970853,0.3441071
Continuous asphalt network,90.23118,-309.7274,13.31038,0.02329766
Continuous asphalt network,113.4547,-263.085,17.73984,0.04239652
Continuous asphalt network,107.3623,-271.367,8.869956,0.03825984
Continuous asphalt network,110.7232,-265.504,8.869872,0.04326983
Continuous asphalt network,119.1256,-250.8465,17.73999,0.04351918
Continuous asphalt network,116.8156,-257.222,17.73985,0.04742284
Continuous asphalt network,107.7838,-275.3234,35.4796,0.03651487
Continuous asphalt network,113.3507,-266.7851,17.73984,0.04298144
Continuous asphalt network,111.0408,-273.1606,17.73985,0.0395559
Continuous asphalt network,128.0534,-236.4452,35.47929,0.03863753
Continuous asphalt network,137.6107,-218.6,17.73959,0.0333623
Continuous asphalt network,131.9399,-230.8384,17.73959,0.03897382
Continuous asphalt network,120.5981,-255.3153,17.7397,0.04621655
Continuous asphalt network,115.19,-267.6819,4.434804,0.04004433
Continuous asphalt network,112.3546,-273.8011,4.434813,0.03638965
Continuous asphalt network,116.0822,-264.3661,8.869819,0.04008713
Continuous asphalt network,121.2276,-251.8714,17.73962,0.04854276
Continuous asphalt network,123.5375,-245.4959,17.73976,0.04416979
Continuous asphalt network,-241.7957,16.30153,81.89461,0.009983933
Continuous asphalt network,-254.1464,-3.772847,40.94711,0.008047739
Continuous asphalt network,-247.4771,10.01421,40.94719,0.008115012
Continuous asphalt network,-267.6705,-23.54408,40.94775,0.005621254
Continuous asphalt network,-280.6079,-43.46691,20.47368,0.003445592
Continuous asphalt network,-272.7653,-29.98296,20.47372,0.00378642
Continuous asphalt network,-260.4145,-9.908589,40.94775,0.006250082
Continuous asphalt network,-249.2371,10.46887,20.47359,0.007107634
Continuous asphalt network,-255.9064,-3.318181,20.47355,0.00703438
Continuous asphalt network,-40.4664,-28.9368,21.30237,0.01991836
Continuous asphalt network,-33.10409,-32.35048,21.30234,0.02522244
Continuous asphalt network,-21.52449,-37.07661,10.65139,0.0275923
Continuous asphalt network,-14.16216,-40.4903,10.65141,0.02730158
Continuous asphalt network,-26.27789,-36.15858,21.30238,0.02553421
Continuous asphalt network,-42.07477,-30.12002,42.605,0.02141998
Continuous asphalt network,-50.50934,-27.49514,42.60477,0.02022356
Continuous asphalt network,258.9314,46.04126,15.71768,0.3524633
Continuous asphalt network,106.6111,-281.1039,24.60674,0.03450045
Continuous asphalt network,152.0593,-201.4187,24.36388,0.05459584
Continuous asphalt network,-237.3233,24.5744,17.66953,0.01001396
Continuous asphalt network,97.00275,-99.35697,3.484119,0.03937592
Continuous asphalt network,97.74351,-100.7598,3.484076,0.006590256
Continuous asphalt network,98.85465,-102.864,6.968114,0
Continuous asphalt network,93.36855,-97.70071,1.742033,0.02654086
Continuous asphalt network,94.10931,-99.10352,1.741986,0.05917321
Continuous asphalt network,91.03989,-96.42637,1.742029,0.01094162
Continuous asphalt network,92.34542,-96.80832,1.74205,0.03109124
Continuous asphalt network,95.69723,-98.97504,3.484117,0.0312808
Continuous asphalt network,94.30369,-97.38125,1.742052,0.04664
Continuous asphalt network,95.60921,-97.76318,1.742033,0.04310896
Continuous asphalt network,102.0305,-102.6071,13.93641,0.0009205173
Continuous asphalt network,99.89618,-99.61045,1.742047,0.0519721
Continuous asphalt network,99.33142,-100.6313,1.742058,0.00565241
Continuous asphalt network,98.87302,-98.71806,3.484071,0.04950968
Continuous asphalt network,102.322,-100.0237,0.8710181,0.02759201
Continuous asphalt network,101.9516,-99.32224,0.8710324,0.07068142
Continuous asphalt network,103.4424,-100.0549,1.742016,0.03832973
Continuous asphalt network,100.6369,-101.0133,1.74201,0
Continuous asphalt network,101.0165,-99.6417,0.8710083,0.06469563
Continuous asphalt network,101.3869,-100.3431,0.870994,0.01435803
Continuous asphalt network,261.8511,47.7518,23.30235,0.3182456
Continuous asphalt network,149.2234,-201.7722,5.392089,0.04603556
Continuous asphalt network,-239.7017,26.67295,15.67299,0.01037004
Continuous asphalt network,264.4391,45.94458,12.50162,0.3248684
Continuous asphalt network,265.2942,43.3459,12.50158,0.3271219
Continuous asphalt network,152.9227,-194.8251,52.74774,0.05693924
Continuous asphalt network,157.4769,-183.6628,13.18694,0.07424248
Continuous asphalt network,160.3388,-176.9702,6.593427,0.08139184
Continuous asphalt network,159.293,-181.4637,6.593472,0.07476755
Continuous asphalt network,156.5548,-190.427,26.37377,0.07004286
Continuous asphalt network,165.6633,-168.1024,26.374,0.07662605
Continuous asphalt network,170.2794,-158.0753,3.296753,0.07045069
Continuous asphalt network,171.7103,-154.729,1.648351,0.1029838
Continuous asphalt network,171.1874,-156.9758,1.648365,0.07645723
Continuous asphalt network,173.4646,-151.3946,1.648459,0.1576583
Continuous asphalt network,174.7648,-148.61,0.4121293,0.1519227
Continuous asphalt network,175.5611,-146.9398,0.2060591,0.1441698
Continuous asphalt network,175.138,-148.0573,0.2060627,0.1533252
Continuous asphalt network,174.211,-150.2891,0.8242257,0.157647
Continuous asphalt network,172.78,-153.6354,1.648471,0.1594402
Continuous asphalt network,171.6724,-156.9937,0.8242331,0.08769381
Continuous asphalt network,172.1953,-154.7469,0.8242259,0.1105901
Continuous asphalt network,168.6489,-163.6803,13.187,0.07297511
Continuous asphalt network,163.7713,-174.8307,13.18699,0.07614963
Continuous asphalt network,161.8794,-181.5591,6.593218,0.07560737
Continuous asphalt network,162.2785,-177.0417,6.593244,0.08139646
Continuous asphalt network,158.4946,-190.4985,13.18665,0.06568708
Continuous asphalt network,160.0633,-183.7582,6.593357,0.07037309
Continuous asphalt network,161.3087,-177.006,3.296892,0.08139572
Continuous asphalt network,160.9095,-181.5233,3.296879,0.07560626
Continuous asphalt network,-225.025,31.25732,27.10383,0.01001539
Continuous asphalt network,265.7995,16.17961,4.212381,0.3060413
Continuous asphalt network,264.4428,10.03679,4.212384,0.2970235
Continuous asphalt network,265.8984,19.3874,8.424328,0.3246259
Continuous asphalt network,266.7746,28.8744,4.21173,0.3316173
Continuous asphalt network,267.5518,35.15361,4.211681,0.3340676
Continuous asphalt network,266.9653,25.5984,8.424305,0.3283203
Continuous asphalt network,265.3119,9.83221,8.424362,0.2970177
Continuous asphalt network,266.6686,15.97503,8.424356,0.3060362
Continuous asphalt network,265.7924,6.488017,16.84902,0.2943929
Continuous asphalt network,265.7324,-9.653275,1.05312,0.2245213
Continuous asphalt network,264.9569,-13.50954,0.5265601,0.2969406
Continuous asphalt network,265.1026,-12.3322,0.2632895,0.3416087
Continuous asphalt network,265.1998,-11.54733,0.2632819,0.2221617
Continuous asphalt network,265.7818,-8.049382,2.106224,0.2245364
Continuous asphalt network,266.2923,-3.322896,0.2632883,0.2707906
Continuous asphalt network,265.9532,-4.858592,0.2633046,0.2646804
Continuous asphalt network,266.317,-2.520961,0.5265521,0.2602972
Continuous asphalt network,266.6085,-0.1662648,1.053107,0.2603769
Continuous asphalt network,266.1704,-4.909739,0.5265036,0.2647336
Continuous asphalt network,266.5096,-3.374044,0.5264708,0.2708581
Continuous asphalt network,266.2906,-5.745809,1.053106,0.2219154
Continuous asphalt network,265.4886,-12.82695,2.106014,0.2206792
Continuous asphalt network,266.167,-9.755554,2.105981,0.2245613
Continuous asphalt network,265.7535,-13.6971,2.106086,0.2156023
Continuous asphalt network,265.7041,-15.301,2.106161,0.1681047
Continuous asphalt network,265.8207,-20.98284,2.106134,0.2024789
Continuous asphalt network,265.7218,-24.19064,2.106126,0.116305
Continuous asphalt network,265.7183,-29.03644,1.053172,0.0493676
Continuous asphalt network,265.6194,-32.24424,1.053175,0.08165904
Continuous asphalt network,265.478,-27.36433,2.106141,0.1163923
Continuous asphalt network,265.2907,-19.24254,8.424618,0.1676637
Continuous asphalt network,265.5928,-2.350469,1.052995,0.2605566
Continuous asphalt network,264.5771,-4.534704,0.5264454,0.2540224
Continuous asphalt network,265.0611,-3.033086,0.5264423,0.2605491
Continuous asphalt network,266.174,-0.06396484,2.105976,0.2603651
Continuous asphalt network,264.9145,-5.42189,2.106086,0.2628561
Continuous asphalt network,265.7853,-3.203562,1.053093,0.2633392
Continuous asphalt network,265.591,-4.773366,1.053099,0.2567043
Continuous asphalt network,265.0081,-9.482793,2.106301,0.2245286
Continuous asphalt network,264.6919,-12.63942,0.13166,0.2353707
Continuous asphalt network,264.9339,-11.88864,0.1316549,0.236317
Continuous asphalt network,264.7157,-13.04891,0.2632771,0.2353794
Continuous asphalt network,264.57,-14.22625,0.5265871,0.2348824
Continuous asphalt network,264.7166,-11.83749,0.2632417,0.2363362
Continuous asphalt network,264.4746,-12.58828,0.2632519,0.2353972
Continuous asphalt network,264.5479,-11.39391,0.5265669,0.2232512
Continuous asphalt network,264.6707,-8.595576,2.106089,0.2245364
Continuous asphalt network,264.5753,-6.957586,2.106047,0.2631919
Continuous asphalt network,265.3049,0.1406199,4.212111,0.2603749
Continuous asphalt network,264.6266,-2.930796,1.053102,0.2605654
Continuous asphalt network,264.1426,-4.432414,1.053108,0.25404
Continuous asphalt network,264.2892,-2.043594,2.106079,0.2605661
Continuous asphalt network,264.6301,1.915003,8.424449,0.2868933
Continuous asphalt network,265.5204,30.7852,4.212244,0.3340768
Continuous asphalt network,263.4889,26.41678,2.106112,0.3321989
Continuous asphalt network,264.457,29.41998,2.106086,0.3378036
Continuous asphalt network,266.6827,35.35819,8.424567,0.3340598
Continuous asphalt network,264.1637,24.64238,8.424607,0.3277571
Continuous asphalt network,265.7112,27.50921,8.424503,0.3489833
Continuous asphalt network,264.351,16.52058,8.424516,0.3046964
Continuous asphalt network,263.5737,10.24138,8.424517,0.297034
Continuous asphalt network,263.6761,18.29497,8.42429,0.3344328
Continuous asphalt network,263.4854,21.57095,8.424537,0.326547
Continuous asphalt network,264.9445,35.76735,16.84915,0.3361523
Continuous asphalt network,263.5879,29.62455,4.212263,0.3344429
Continuous asphalt network,262.6198,26.62135,4.212315,0.328766
Continuous asphalt network,262.9131,31.39892,8.424536,0.3361266
Continuous asphalt network,264.1266,39.99874,4.212276,0.3348858
Continuous asphalt network,262.8724,41.90951,4.212256,0.3244218
Continuous asphalt network,265.8171,40.40857,8.424474,0.3305038
Continuous asphalt network,262.6268,36.31292,8.424591,0.3335392
Continuous asphalt network,261.809,40.5443,4.212256,0.3244204
Continuous asphalt network,263.0632,38.63353,4.212276,0.3348845
Continuous asphalt network,169.6604,-169.2748,24.88218,0.07337319
Continuous asphalt network,175.6915,-159.064,1.555097,0.06780144
Continuous asphalt network,176.9234,-157.0356,0.388771,0.06780044
Continuous asphalt network,177.5394,-156.0214,0.09718701,0.1078052
Continuous asphalt network,177.8795,-155.5315,0.09718917,0.1675731
Continuous asphalt network,177.4979,-156.3351,0.1943788,0.0868165
Continuous asphalt network,176.8404,-157.6631,0.7775613,0.06780044
Continuous asphalt network,175.5256,-160.319,3.110296,0.06807043
Continuous asphalt network,179.773,-153.1852,3.110375,0.1707749
Continuous asphalt network,177.3548,-157.9383,0.3887907,0.06779652
Continuous asphalt network,178.1408,-156.6792,0.09719649,0.06780031
Continuous asphalt network,178.6189,-155.9271,0.04861531,0.1403774
Continuous asphalt network,178.3431,-156.4514,0.04861389,0.06779068
Continuous asphalt network,177.7592,-157.4828,0.1943969,0.06780028
Continuous asphalt network,176.5916,-159.5457,0.7775797,0.06512295
Continuous asphalt network,177.8837,-156.5416,0.1944063,0.06779421
Continuous asphalt network,178.5224,-155.8755,0.09717533,0.1403771
Continuous asphalt network,178.1823,-156.3654,0.09717749,0.06779846
Continuous asphalt network,177.4377,-157.3108,0.3888287,0.06779443
Continuous asphalt network,178.4353,-155.493,0.3888053,0.1610473
Continuous asphalt network,177.8608,-156.1934,0.1944117,0.08038124
Continuous asphalt network,178.0724,-155.6347,0.1944176,0.1673567
Continuous asphalt network,172.8958,-165.6309,12.44126,0.0729844
Continuous asphalt network,164.0689,-182.4086,12.44128,0.07350839
Continuous asphalt network,159.6555,-190.7975,12.44128,0.06201776
Continuous asphalt network,165.247,-177.6637,24.88221,0.0714552
Continuous asphalt network,172.9539,-158.9428,6.220546,0.06913415
Continuous asphalt network,174.526,-156.4245,0.3887945,0.06780217
Continuous asphalt network,174.9833,-155.8293,0.194381,0.1637015
Continuous asphalt network,175.0061,-156.1775,0.194397,0.07587063
Continuous asphalt network,174.806,-156.9103,0.7775523,0.06779961
Continuous asphalt network,175.9321,-155.1612,0.777549,0.1675906
Continuous asphalt network,175.5318,-156.6268,0.3887822,0.08611091
Continuous asphalt network,175.4976,-156.1046,0.1943973,0.08515885
Continuous asphalt network,175.4748,-155.7564,0.1943813,0.1675924
Continuous asphalt network,174.4057,-158.3759,3.110305,0.06780274
Continuous asphalt network,179.0015,-152.7723,6.220557,0.17078
Continuous asphalt network,176.069,-157.2502,0.777587,0.06779908
Continuous asphalt network,177.1122,-156.1287,0.1943861,0.1126707
Continuous asphalt network,177.7509,-155.4627,0.09721205,0.1675939
Continuous asphalt network,177.4108,-155.9526,0.0972099,0.1078358
Continuous asphalt network,176.6663,-156.898,0.388771,0.06780044
Continuous asphalt network,175.1771,-158.7887,1.555159,0.06780066
Continuous asphalt network,177.1723,-155.153,1.555137,0.1505086
Continuous asphalt network,176.0234,-156.5539,0.7776062,0.07066899
Continuous asphalt network,176.4465,-155.4365,0.7776067,0.1693533
Continuous asphalt network,170.3241,-164.2547,24.88218,0.07202709
Continuous asphalt network,178.8647,-150.6833,1.55521,0.1675875
Continuous asphalt network,177.6017,-150.3434,0.3887801,0.1552006
Continuous asphalt network,177.0874,-150.0681,0.3887902,0.1576723
Continuous asphalt network,178.3276,-150.0599,0.7775596,0.1498124
Continuous asphalt network,180.3165,-150.1164,3.110376,0.1705487
Continuous asphalt network,177.5042,-152.6429,3.110266,0.1675915
Continuous asphalt network,177.0386,-151.2179,0.09719449,0.1676045
Continuous asphalt network,176.7814,-151.0803,0.09718967,0.1488425
Continuous asphalt network,177.4015,-151.0762,0.1943773,0.1676063
Continuous asphalt network,176.6985,-151.7078,0.1944157,0.1675636
Continuous asphalt network,176.5471,-151.2908,0.09719262,0.1488548
Continuous asphalt network,176.8042,-151.4284,0.09719744,0.167616
Continuous asphalt network,176.6186,-150.4892,0.3887812,0.1576631
Continuous asphalt network,177.3787,-150.728,0.1943869,0.09944686
Continuous asphalt network,176.8872,-150.8009,0.1943906,0.1534562
Continuous asphalt network,177.9273,-151.5255,1.555215,0.1675808
Continuous asphalt network,177.2305,-148.4649,3.11033,0.1510287
Continuous asphalt network,177.1392,-147.0722,3.110307,0.1441859
Continuous asphalt network,179.7337,-148.7966,0.7775709,0.157375
Continuous asphalt network,179.4309,-147.9627,0.3887971,0.1614618
Continuous asphalt network,179.9453,-148.2379,0.3887773,0.1544316
Continuous asphalt network,180.7395,-148.999,1.555153,0.1668803
Continuous asphalt network,178.0248,-149.2259,0.3887919,0.157684
Continuous asphalt network,178.5391,-149.5012,0.3887871,0.1595589
Continuous asphalt network,177.2989,-149.5094,0.7775838,0.1576709
Continuous asphalt network,178.705,-148.2461,0.7775704,0.1526089
Continuous asphalt network,179.0078,-149.0801,0.3887812,0.1595398
Continuous asphalt network,178.4935,-148.8049,0.388786,0.1576676
Continuous asphalt network,175.1606,-154.7484,1.55517,0.1675889
Continuous asphalt network,174.4804,-155.7282,0.3887705,0.1527123
Continuous asphalt network,174.0117,-156.1492,0.3887917,0.08246384
Continuous asphalt network,174.2004,-155.2424,0.7776002,0.1675821
Continuous asphalt network,174.0864,-153.5015,1.555149,0.1461614
Continuous asphalt network,175.115,-154.052,1.555147,0.1675844
Continuous asphalt network,172.3484,-157.2749,3.110292,0.06968471
Continuous asphalt network,173.1489,-154.3437,1.555163,0.1461606
Continuous asphalt network,173.2174,-155.3882,0.7775822,0.1675844
Continuous asphalt network,173.263,-156.0845,0.7775405,0.1034753
Continuous asphalt network,174.8869,-150.5703,3.110208,0.1576702
Continuous asphalt network,175.476,-148.1979,0.7775738,0.1638606
Continuous asphalt network,175.899,-147.0804,0.7775651,0.144186
Continuous asphalt network,175.7787,-149.0318,1.555127,0.1559449
Continuous asphalt network,175.2125,-151.7525,0.3887737,0.1576622
Continuous asphalt network,175.844,-151.9225,0.09720463,0.1576353
Continuous asphalt network,176.1012,-152.0601,0.0972025,0.1721489
Continuous asphalt network,175.4811,-152.0642,0.1943971,0.1576686
Continuous asphalt network,174.4866,-152.0359,0.7775379,0.1576761
Continuous asphalt network,175.8928,-150.7727,0.7775714,0.15767
Continuous asphalt network,176.1841,-151.4325,0.1943935,0.1569644
Continuous asphalt network,176.3355,-151.8495,0.09720387,0.1698371
Continuous asphalt network,176.0784,-151.7119,0.097206,0.1557625
Continuous asphalt network,175.6812,-151.3314,0.3887832,0.1576735
Continuous asphalt network,176.0524,-153.2099,1.555117,0.1675949
Continuous asphalt network,174.5323,-152.7323,0.7775413,0.1724426
Continuous asphalt network,175.5039,-152.4124,0.1943914,0.2015625
Continuous asphalt network,175.9954,-152.3394,0.1943954,0.1611995
Continuous asphalt network,175.2809,-152.797,0.3887829,0.1445404
Continuous asphalt network,-204.1786,32.27809,34.17315,0
Continuous asphalt network,-213.4181,29.93611,17.08667,0.00869797
Continuous asphalt network,-207.8549,32.99004,17.08638,0
Continuous asphalt network,263.9561,-44.81247,7.882167,0.0998418
Continuous asphalt network,266.9395,-43.90515,1.970463,0.1015071
Continuous asphalt network,268.5094,-43.2809,0.2463197,0.1980845
Continuous asphalt network,268.4417,-43.77852,0.1231507,0.1763038
Continuous asphalt network,268.2643,-43.46554,0.1231527,0.06895788
Continuous asphalt network,269.0989,-43.39518,0.4926283,0.2345895
Continuous asphalt network,267.6281,-44.50296,0.4926355,0.08898928
Continuous asphalt network,267.8628,-43.99128,0.2463184,0.1046038
Continuous asphalt network,267.9305,-43.49368,0.1231589,0.06238002
Continuous asphalt network,268.1079,-43.80666,0.1231569,0.170147
Continuous asphalt network,265.6461,-45.3259,3.941093,0.1020481
Continuous asphalt network,261.7242,-48.27998,3.941064,0.09900241
Continuous asphalt network,259.6068,-50.09814,0.4926399,0.07158993
Continuous asphalt network,260.2744,-50.04187,0.4926399,0.1345752
Continuous asphalt network,258.9601,-50.80852,0.9852695,0.08184957
Continuous asphalt network,260.2534,-49.38776,0.4926475,0.06890733
Continuous asphalt network,259.5858,-49.44403,0.4926475,0.08131969
Continuous asphalt network,260.2325,-48.73365,0.9852833,0.09915236
Continuous asphalt network,261.995,-46.28951,7.882143,0.1003183
Continuous asphalt network,265.8751,-42.02723,1.970552,0.1144614
Continuous asphalt network,264.8317,-40.80341,0.4926441,0.1144667
Continuous asphalt network,264.3099,-40.1915,0.1231621,0.1144593
Continuous asphalt network,264.0047,-39.80731,0.06157622,0.07586435
Continuous asphalt network,264.2603,-39.94973,0.06157533,0.1000649
Continuous asphalt network,264.7325,-40.31985,0.2463189,0.1144693
Continuous asphalt network,265.6767,-41.06012,0.9853217,0.1144612
Continuous asphalt network,267.8103,-42.35602,0.1231657,0.07700776
Continuous asphalt network,268.1442,-42.32788,0.1231545,0.1200899
Continuous asphalt network,267.8208,-42.68309,0.2463503,0.1194994
Continuous asphalt network,267.2886,-41.74412,0.2463348,0.1144632
Continuous asphalt network,267.839,-41.94368,0.06157712,0.1139418
Continuous asphalt network,268.0946,-42.08611,0.06157533,0.0689433
Continuous asphalt network,267.6329,-42.04304,0.1231695,0.1144619
Continuous asphalt network,268.8223,-42.59866,0.2463173,0.1291346
Continuous asphalt network,269.3335,-42.8835,0.2463059,0.1710634
Continuous asphalt network,268.4102,-42.79736,0.492661,0.1143746
Continuous asphalt network,266.8976,-42.59693,1.970504,0.114467
Continuous asphalt network,263.5593,-42.87829,3.94104,0.1144655
Continuous asphalt network,263.6737,-41.22896,0.9852794,0.1063436
Continuous asphalt network,263.731,-40.40428,0.2463231,0.05666867
Continuous asphalt network,263.7987,-39.90666,0.1231565,0.0341061
Continuous asphalt network,263.9761,-40.21965,0.1231641,0.1384844
Continuous asphalt network,264.164,-40.8597,0.4926462,0.113427
Continuous asphalt network,264.5398,-42.13978,1.970544,0.1144621
Continuous asphalt network,265.7702,-38.75667,0.4926036,0.08264374
Continuous asphalt network,265.1598,-37.98829,0.2463107,0.0628793
Continuous asphalt network,265.7101,-38.18785,0.06158029,0.07479892
Continuous asphalt network,265.9657,-38.33028,0.06158387,0.1144919
Continuous asphalt network,265.5041,-38.2872,0.1231545,0.01189857
Continuous asphalt network,266.6152,-39.01339,0.9852265,0.1144619
Continuous asphalt network,264.6905,-39.01167,0.2463327,0.08464611
Continuous asphalt network,265.2017,-39.2965,0.2463081,0.1144715
Continuous asphalt network,264.2784,-39.21036,0.4926327,0.02351858
Continuous asphalt network,264.7477,-38.18699,0.4926542,0.06288186
Continuous asphalt network,265.3581,-38.95537,0.246314,0.106321
Continuous asphalt network,264.8469,-38.67054,0.2463386,0.0617253
Continuous asphalt network,265.7072,-36.79436,1.970512,0.04604908
Continuous asphalt network,266.9281,-38.33116,0.9852472,0.1144631
Continuous asphalt network,265.7387,-37.77553,0.1231527,0.06288952
Continuous asphalt network,266.0439,-38.15971,0.06157801,0.105529
Continuous asphalt network,265.7883,-38.01729,0.06157443,0.05183543
Continuous asphalt network,265.3162,-37.64717,0.2463107,0.06287915
Continuous asphalt network,266.3177,-37.56276,0.2462995,0.05495387
Continuous asphalt network,266.2499,-38.06036,0.1231641,0.09321684
Continuous asphalt network,266.0725,-37.74738,0.1231527,0.08942255
Continuous asphalt network,267.7579,-40.72073,0.2463231,0.1143755
Continuous asphalt network,268.2691,-41.00557,0.2463195,0.08942235
Continuous asphalt network,267.3458,-40.91943,0.4926319,0.114466
Continuous asphalt network,267.776,-39.98135,0.06157622,0.1144627
Continuous asphalt network,268.0316,-40.12378,0.06157622,0.0561301
Continuous asphalt network,267.57,-40.08069,0.1231616,0.1144714
Continuous asphalt network,267.8046,-39.56901,0.1231672,0.0953419
Continuous asphalt network,268.1099,-39.95321,0.06159152,0.08994364
Continuous asphalt network,267.8542,-39.81078,0.06159152,0.1318863
Continuous asphalt network,268.4255,-40.66446,0.2463137,0.1281545
Continuous asphalt network,267.7474,-40.39368,0.1231648,0.09070679
Continuous asphalt network,268.0812,-40.36554,0.1231556,0.1215939
Continuous asphalt network,268.8795,-41.77397,0.4926436,0.128131
Continuous asphalt network,269.4012,-42.3859,0.1231657,0.1219995
Continuous asphalt network,269.5786,-42.69888,0.1231383,0.294942
Continuous asphalt network,268.9787,-42.25753,0.2463225,0.1281378
Continuous asphalt network,267.8676,-41.53135,0.1231697,0.07718906
Continuous asphalt network,268.1728,-41.91556,0.06157859,0.1281089
Continuous asphalt network,267.9171,-41.77313,0.06158038,0.1524898
Continuous asphalt network,267.445,-41.40298,0.2463166,0.114461
Continuous asphalt network,268.3683,-41.48912,0.4926556,0.1214493
Continuous asphalt network,265.9895,-40.37785,0.9852619,0.1144623
Continuous asphalt network,264.8889,-39.97873,0.2462955,0.1144692
Continuous asphalt network,264.3385,-39.77917,0.06157533,0.0966626
Continuous asphalt network,264.0829,-39.63675,0.06157622,0.06288119
Continuous asphalt network,264.5446,-39.67984,0.1231486,0.07450434
Continuous asphalt network,265.3009,-39.78003,0.4926112,0.1144691
Continuous asphalt network,266.8136,-39.98047,1.970552,0.1144629
Continuous asphalt network,179.6956,-144.7417,0.1843372,0.1441811
Continuous asphalt network,180.2131,-144.7001,0.1843335,0.07395038
Continuous asphalt network,179.4336,-145.0794,0.3686984,0.1441896
Continuous asphalt network,179.4432,-144.1288,0.3686556,0.1441903
Continuous asphalt network,180.2163,-144.3832,0.1843522,0.07395085
Continuous asphalt network,179.6987,-144.4248,0.1843559,0.1441823
Continuous asphalt network,181.2433,-145.0922,0.7373904,0.08525652
Continuous asphalt network,180.2067,-145.3339,0.1843358,0.07136234
Continuous asphalt network,179.6892,-145.3755,0.1843503,0.1441965
Continuous asphalt network,180.4687,-144.9962,0.3686807,0.0717296
Continuous asphalt network,178.1414,-145.0251,2.949474,0.1441867
Continuous asphalt network,181.2625,-143.1908,0.7373647,0.08525605
Continuous asphalt network,180.2258,-143.4326,0.1843248,0.07658228
Continuous asphalt network,179.7083,-143.4742,0.1843248,0.1441852
Continuous asphalt network,180.4878,-143.0949,0.3686822,0.07701632
Continuous asphalt network,181.7864,-142.5155,1.474687,0.0852574
Continuous asphalt network,181.7673,-144.4167,1.474787,0.08525733
Continuous asphalt network,180.4782,-144.0455,0.3686998,0.07435063
Continuous asphalt network,179.7051,-143.7911,0.1843357,0.1441811
Continuous asphalt network,180.2227,-143.7494,0.1843357,0.07656711
Continuous asphalt network,181.2561,-143.8246,0.7373775,0.08525264
Continuous asphalt network,180.967,-146.8558,0.3686729,0.034657
Continuous asphalt network,181.4814,-147.1311,0.3686793,0.1339369
Continuous asphalt network,180.1876,-147.2352,0.184345,0.05684526
Continuous asphalt network,179.67,-147.2768,0.1843486,0.1442006
Continuous asphalt network,180.4495,-146.8975,0.3687093,0.05845355
Continuous asphalt network,181.6211,-146.0908,0.09217492,0.08526024
Continuous asphalt network,181.8783,-146.2284,0.09217585,0.1439033
Continuous asphalt network,181.2322,-146.2012,0.1843425,0.0852709
Continuous asphalt network,182.0132,-145.6635,0.1843367,0.06716648
Continuous asphalt network,182.1386,-146.0492,0.0921727,0.1264771
Continuous asphalt network,181.8815,-145.9115,0.09217177,0.08351806
Continuous asphalt network,182.0021,-146.7726,0.3686828,0.1339361
Continuous asphalt network,181.229,-146.5181,0.1843425,0.1000792
Continuous asphalt network,181.7465,-146.4765,0.1843462,0.07193458
Continuous asphalt network,181.6012,-148.0713,0.04609036,0.164949
Continuous asphalt network,181.6027,-147.9129,0.04606987,0.132079
Continuous asphalt network,181.8591,-148.1297,0.09218019,0.1411208
Continuous asphalt network,181.0828,-148.1922,0.09218112,0.1709211
Continuous asphalt network,181.344,-147.9337,0.04607527,0.1431707
Continuous asphalt network,181.3424,-148.0921,0.04609576,0.1709466
Continuous asphalt network,181.9925,-147.7232,0.3686999,0.07116707
Continuous asphalt network,181.7258,-148.5362,0.7373713,0.1709584
Continuous asphalt network,180.4416,-147.6897,0.1843289,0.1287792
Continuous asphalt network,180.4384,-148.0066,0.1843417,0.06788213
Continuous asphalt network,179.6669,-147.5937,0.1843526,0.1441987
Continuous asphalt network,180.1844,-147.5521,0.184349,0.05684616
Continuous asphalt network,181.4782,-147.448,0.3687238,0.1339281
Continuous asphalt network,181.0861,-147.8753,0.09216452,0.09828103
Continuous asphalt network,180.8257,-148.0546,0.09217629,0.1431171
Continuous asphalt network,180.9591,-147.6481,0.1843399,0.1339295
Continuous asphalt network,178.1287,-146.2926,2.949523,0.1441869
Continuous asphalt network,180.4591,-145.9468,0.3686821,0.06908684
Continuous asphalt network,179.686,-145.6924,0.1843494,0.144199
Continuous asphalt network,180.2035,-145.6508,0.1843349,0.07138149
Continuous asphalt network,181.237,-145.7259,0.7373785,0.08525315
Continuous asphalt network,179.6764,-146.643,0.184338,0.1441845
Continuous asphalt network,180.1939,-146.6014,0.1843453,0.06875358
Continuous asphalt network,179.4145,-146.9808,0.3686661,0.1442031
Continuous asphalt network,179.4241,-146.0301,0.3686893,0.1441789
Continuous asphalt network,180.1971,-146.2845,0.1843458,0.06875088
Continuous asphalt network,179.6796,-146.3262,0.1843385,0.1441846
Continuous asphalt network,-200.5706,35.86288,16.61251,0
Continuous asphalt network,250.0816,-74.5136,4.488042,0.1363196
Continuous asphalt network,247.8667,-78.19532,2.244067,0.1563933
Continuous asphalt network,248.5203,-76.37717,0.2805022,0.1773873
Continuous asphalt network,248.3723,-75.8352,0.2805129,0.1150878
Continuous asphalt network,248.9741,-76.35445,0.56103,0.132905
Continuous asphalt network,247.8346,-77.23553,0.5609842,0.1564056
Continuous asphalt network,247.9345,-76.33782,0.1402389,0.1564017
Continuous asphalt network,248.0504,-75.91998,0.1402393,0.170115
Continuous asphalt network,248.1404,-76.67087,0.2804893,0.1564041
Continuous asphalt network,250.2493,-71.75835,2.244035,0.1540151
Continuous asphalt network,251.3051,-72.25491,2.244051,0.1164874
Continuous asphalt network,249.2578,-73.18138,4.488008,0.1393547
Continuous asphalt network,245.1238,-81.62878,4.488075,0.155412
Continuous asphalt network,243.1407,-84.47486,4.48783,0.3151613
Continuous asphalt network,247.2167,-76.23637,0.1402478,0.154953
Continuous asphalt network,247.7205,-75.76481,0.07012105,0.1326374
Continuous asphalt network,247.4726,-76.12057,0.07011368,0.1108215
Continuous asphalt network,246.9108,-76.80105,0.2805198,0.1563782
Continuous asphalt network,247.3906,-75.60963,0.560998,0.1201595
Continuous asphalt network,245.9193,-78.22411,0.5610129,0.1563858
Continuous asphalt network,246.5809,-76.64588,0.1402395,0.1564536
Continuous asphalt network,246.9447,-75.87229,0.1402373,0.164441
Continuous asphalt network,246.531,-77.09475,0.2805155,0.1563853
Continuous asphalt network,248.2341,-73.64463,2.244035,0.1285324
Continuous asphalt network,246.3151,-78.4103,1.121968,0.1564087
Continuous asphalt network,247.1748,-76.92519,0.2805311,0.1563987
Continuous asphalt network,247.6046,-76.18263,0.07014094,0.1431652
Continuous asphalt network,247.8525,-75.82687,0.07014832,0.1578068
Continuous asphalt network,247.6126,-76.42258,0.1402593,0.156398
Continuous asphalt network,247.1908,-77.40509,0.5609927,0.156409
Continuous asphalt network,246.3472,-79.37008,2.244065,0.1563983
Continuous asphalt network,253.8554,-63.06268,4.488059,0.2454848
Continuous asphalt network,251.5825,-66.95332,0.1402559,0.426622
Continuous asphalt network,252.0862,-66.48176,0.07012913,0.4069331
Continuous asphalt network,251.8384,-66.83752,0.07011651,0.3998626
Continuous asphalt network,251.2766,-67.518,0.2805176,0.425458
Continuous asphalt network,251.8143,-66.11765,0.140259,0.4243974
Continuous asphalt network,252.0782,-66.24179,0.14025,0.2395025
Continuous asphalt network,251.5664,-66.47343,0.2805084,0.426516
Continuous asphalt network,250.285,-68.94103,0.5610353,0.4700903
Continuous asphalt network,251.0126,-67.39386,0.5610276,0.4678078
Continuous asphalt network,252.7158,-63.94374,0.2804981,0.2454665
Continuous asphalt network,252.1621,-64.86419,0.07012537,0.2442207
Continuous asphalt network,251.9142,-65.21996,0.07012059,0.5699506
Continuous asphalt network,252.402,-64.26849,0.1402568,0.2455294
Continuous asphalt network,253.1956,-62.75233,0.5609949,0.2454659
Continuous asphalt network,252.426,-64.98832,0.1402501,0.2454916
Continuous asphalt network,251.9222,-65.45989,0.07012503,0.2653751
Continuous asphalt network,252.1701,-65.10413,0.07012574,0.2629638
Continuous asphalt network,252.7319,-64.42364,0.28049,0.2454954
Continuous asphalt network,252.1942,-65.82397,0.1402381,0.2454853
Continuous asphalt network,251.9302,-65.69984,0.1402471,0.423808
Continuous asphalt network,252.442,-65.46822,0.2805094,0.2454987
Continuous asphalt network,256.0062,-57.46135,1.122053,0.2050899
Continuous asphalt network,254.8987,-59.30222,0.2804971,0.1963106
Continuous asphalt network,254.221,-60.40054,0.1402542,0.2280744
Continuous asphalt network,254.5849,-59.62695,0.1402491,0.264488
Continuous asphalt network,255.3785,-58.11079,0.560994,0.205087
Continuous asphalt network,257.0816,-54.66069,0.2805319,0.205031
Continuous asphalt network,256.4039,-55.75899,0.1402648,0.1675051
Continuous asphalt network,256.7677,-54.9854,0.1402633,0.2215677
Continuous asphalt network,257.5613,-53.46928,0.5610758,0.2145098
Continuous asphalt network,256.7339,-55.91419,1.122047,0.2122723
Continuous asphalt network,255.6165,-59.40364,0.280506,0.205075
Continuous asphalt network,255.2737,-59.83283,0.0701292,0.1864007
Continuous asphalt network,255.0547,-60.08413,0.03506534,0.1904029
Continuous asphalt network,255.1127,-59.87523,0.03506756,0.2410423
Continuous asphalt network,255.2946,-59.48841,0.1402493,0.2050764
Continuous asphalt network,254.419,-60.49364,0.2804801,0.2455046
Continuous asphalt network,254.9727,-59.5732,0.1402555,0.1749659
Continuous asphalt network,254.7618,-60.06445,0.07012232,0.2435773
Continuous asphalt network,254.9808,-59.81314,0.03506211,0.205093
Continuous asphalt network,254.9228,-60.02205,0.03505989,0.1508169
Continuous asphalt network,256.0383,-58.42115,1.12203,0.2050898
Continuous asphalt network,254.6989,-61.09767,1.12203,0.2454833
Continuous asphalt network,255.3846,-60.23929,0.2805164,0.2396062
Continuous asphalt network,255.8225,-59.73669,0.1402629,0.2064863
Continuous asphalt network,255.7065,-60.15453,0.1402627,0.1656785
Continuous asphalt network,255.3427,-60.92811,0.5610207,0.2454911
Continuous asphalt network,252.8861,-67.09412,0.2805043,0.1576731
Continuous asphalt network,252.7381,-66.55215,0.280512,0.2454653
Continuous asphalt network,253.3399,-67.07141,0.5610087,0.124548
Continuous asphalt network,252.2953,-67.87907,0.07012749,0.07096186
Continuous asphalt network,252.2213,-67.60809,0.07011978,0.2365041
Continuous asphalt network,252.5223,-67.86771,0.1402449,0.08909958
Continuous asphalt network,251.9525,-68.30825,0.1402552,0.1358228
Continuous asphalt network,252.0314,-67.75492,0.07012148,0.2885186
Continuous asphalt network,252.1054,-68.02591,0.07012919,0.1466138
Continuous asphalt network,252.3582,-66.84585,0.2804996,0.24545
Continuous asphalt network,252.6382,-67.44988,0.1402508,0.112661
Continuous asphalt network,252.3743,-67.32575,0.1402486,0.2326715
Continuous asphalt network,251.1847,-68.65568,0.03506171,0.4533625
Continuous asphalt network,251.1453,-68.93233,0.01753167,0.1775426
Continuous asphalt network,251.1083,-68.79685,0.01753192,0.4561284
Continuous asphalt network,251.0817,-68.48916,0.07012223,0.470012
Continuous asphalt network,251.4302,-68.71208,0.01753055,0.1325441
Continuous asphalt network,251.3932,-68.57659,0.01753549,0.3766136
Continuous asphalt network,251.5437,-68.7064,0.03506242,0.1327002
Continuous asphalt network,251.2587,-68.92666,0.03506467,0.1326772
Continuous asphalt network,251.2982,-68.65001,0.01753577,0.3766834
Continuous asphalt network,251.3352,-68.7855,0.01753083,0.132731
Continuous asphalt network,250.8419,-69.08488,0.03506681,0.475737
Continuous asphalt network,250.9739,-69.14693,0.0350631,0.1784659
Continuous asphalt network,250.689,-69.3672,0.03506969,0.252806
Continuous asphalt network,250.7469,-69.15829,0.03506738,0.2688231
Continuous asphalt network,250.8918,-68.636,0.07012448,0.4699919
Continuous asphalt network,251.0133,-68.87028,0.01752882,0.470128
Continuous asphalt network,251.0503,-69.00576,0.01752857,0.19799
Continuous asphalt network,250.8999,-68.87595,0.03506308,0.4701333
Continuous asphalt network,250.3011,-69.42094,0.5609963,0.4017424
Continuous asphalt network,251.5405,-67.64214,0.2805184,0.4009416
Continuous asphalt network,251.9703,-66.89959,0.07011577,0.2460312
Continuous asphalt network,252.2182,-66.54383,0.07012839,0.2455588
Continuous asphalt network,251.9783,-67.13953,0.1402519,0.4015057
Continuous asphalt network,251.4616,-68.19544,0.0701342,0.4350567
Continuous asphalt network,251.6016,-68.49747,0.03506393,0.1217154
Continuous asphalt network,251.4696,-68.43541,0.03506938,0.3718061
Continuous asphalt network,251.2347,-68.2068,0.1402562,0.4679143
Continuous asphalt network,251.8045,-67.76627,0.1402578,0.4336836
Continuous asphalt network,251.7255,-68.3196,0.07013237,0.2487264
Continuous asphalt network,251.6515,-68.0486,0.07013336,0.4351501
Continuous asphalt network,254.1514,-64.14661,2.243976,0.2454859
Continuous asphalt network,253.4978,-65.96478,0.280512,0.2455125
Continuous asphalt network,253.6458,-66.50674,0.2805043,0.1234315
Continuous asphalt network,253.0439,-65.98748,0.5610241,0.2454696
Continuous asphalt network,254.1835,-65.1064,0.5609906,0.2455185
Continuous asphalt network,254.0256,-66.21304,0.2804936,0.1234298
Continuous asphalt network,253.8776,-65.67107,0.2805013,0.2455148
Continuous asphalt network,251.7688,-70.5836,2.244039,0.116488
Continuous asphalt network,250.713,-70.08704,2.244023,0.1540155
Continuous asphalt network,252.6123,-68.61859,1.122018,0.08730584
Continuous asphalt network,253.4879,-67.61338,0.5610308,0.07715209
Continuous asphalt network,253.2561,-68.44904,0.5610337,0.09371509
Continuous asphalt network,252.5285,-69.99622,2.244046,0.08924062
Continuous asphalt network,247.2353,-82.62189,8.97605,0.1158175
Continuous asphalt network,244.3444,-85.51339,1.122065,0.1174496
Continuous asphalt network,243.5847,-86.10077,1.12208,0.1688733
Continuous asphalt network,242.4451,-86.98183,2.244086,0.1793775
Continuous asphalt network,245.4198,-82.71272,2.24412,0.1446504
Continuous asphalt network,244.9561,-84.38403,2.244068,0.1174788
Continuous asphalt network,249.1542,-77.85622,4.488043,0.1536128
Continuous asphalt network,251.3692,-74.1745,2.244042,0.13277
Continuous asphalt network,250.6576,-76.20158,0.1402538,0.138953
Continuous asphalt network,250.7736,-75.78376,0.1402553,0.1589599
Continuous asphalt network,250.8636,-76.53463,0.2804966,0.1506009
Continuous asphalt network,250.0718,-76.16221,0.2805041,0.1563087
Continuous asphalt network,250.5096,-75.65961,0.1402566,0.1326683
Continuous asphalt network,250.3937,-76.07745,0.1402552,0.1118264
Continuous asphalt network,251.4013,-75.1343,0.5609936,0.1326627
Continuous asphalt network,251.2435,-76.24093,0.2804921,0.1887249
Continuous asphalt network,251.0955,-75.69897,0.2804998,0.1231462
Continuous asphalt network,249.2184,-79.77582,8.976121,0.115695
Continuous asphalt network,245.0845,-88.22321,4.488103,0.105651
Continuous asphalt network,246.2043,-90.63938,2.244042,0.06590396
Continuous asphalt network,245.1486,-90.14282,2.244069,0.09869798
Continuous asphalt network,242.5093,-88.90143,4.487987,0.1793822
Continuous asphalt network,243.8807,-87.1847,1.121994,0.1561433
Continuous asphalt network,244.6405,-86.59731,1.121979,0.102309
Continuous asphalt network,243.7969,-88.56232,2.244037,0.1504333
Continuous asphalt network,247.8273,-84.78976,8.976085,0.1021821
Continuous asphalt network,247.1959,-89.21633,4.488014,0.08047435
Continuous asphalt network,246.6039,-87.04846,4.488067,0.1022998
Continuous asphalt network,172.8323,-140.6219,0.8113726,0.1408086
Continuous asphalt network,172.6915,-139.8374,0.8113713,0.05184558
Continuous asphalt network,173.8015,-140.899,1.622788,0.1408117
Continuous asphalt network,171.3301,-141.2157,0.2028345,0.1715993
Continuous asphalt network,171.1297,-140.7398,0.1014248,0.2059597
Continuous asphalt network,171.3896,-140.9071,0.1014214,0.1715886
Continuous asphalt network,171.8146,-141.3542,0.4056639,0.1793813
Continuous asphalt network,170.6913,-141.4982,0.2028558,0.1268904
Continuous asphalt network,170.2419,-141.5557,0.2028737,0.178677
Continuous asphalt network,170.8103,-140.881,0.2028456,0.1903785
Continuous asphalt network,170.8807,-141.2733,0.2028456,0.2270739
Continuous asphalt network,171.6981,-140.065,0.1014193,0.219816
Continuous asphalt network,171.958,-140.2324,0.1014219,0.1699111
Continuous asphalt network,171.3787,-140.2063,0.20287,0.2035179
Continuous asphalt network,171.947,-139.5316,0.2028406,0.1370542
Continuous asphalt network,172.1474,-140.0075,0.1014187,0.04902891
Continuous asphalt network,171.8875,-139.8401,0.1014161,0.1685808
Continuous asphalt network,172.1935,-140.9044,0.4056835,0.1532978
Continuous asphalt network,171.5791,-140.6822,0.1014204,0.1715899
Continuous asphalt network,171.3192,-140.5149,0.1014237,0.205956
Continuous asphalt network,171.8985,-140.541,0.2028289,0.1486022
Continuous asphalt network,173.7578,-138.0957,3.245528,0.02586852
Continuous asphalt network,174.4888,-139.6072,0.8113887,0.05325066
Continuous asphalt network,174.6297,-140.3916,0.8113605,0.130139
Continuous asphalt network,173.5198,-139.3301,1.622719,0.01748475
Continuous asphalt network,174.6029,-142.8026,3.245503,0.1408026
Continuous asphalt network,175.2392,-144.4265,0.101418,0.1407993
Continuous asphalt network,175.4991,-144.5938,0.1014206,0.1360675
Continuous asphalt network,174.9198,-144.5677,0.2028523,0.1408017
Continuous asphalt network,175.4882,-143.893,0.2028488,0.1408162
Continuous asphalt network,175.6886,-144.3689,0.1014263,0.1360676
Continuous asphalt network,175.4287,-144.2016,0.1014237,0.1408088
Continuous asphalt network,175.7347,-145.2658,0.4056816,0.1441984
Continuous asphalt network,175.1202,-145.0436,0.1014187,0.1492019
Continuous asphalt network,174.8603,-144.8763,0.1014248,0.14079
Continuous asphalt network,175.4396,-144.9024,0.2028179,0.1313466
Continuous asphalt network,174.3648,-144.0369,1.622763,0.140811
Continuous asphalt network,172.2858,-142.6983,1.622706,0.1562385
Continuous asphalt network,170.7969,-142.0865,0.8113866,0.1919598
Continuous asphalt network,171.6956,-141.9714,0.8113238,0.15203
Continuous asphalt network,173.5634,-142.1333,3.245548,0.140803
Continuous asphalt network,-196.8978,35.67038,36.22897,0
Continuous asphalt network,225.8333,-126.4003,7.824325,0.127264
Continuous asphalt network,226.301,-123.351,7.824246,0.1422002
Continuous asphalt network,223.0283,-131.6769,0.9780474,0.1362776
Continuous asphalt network,222.2603,-132.9668,0.9780758,0.1470291
Continuous asphalt network,222.8781,-130.7972,1.956028,0.1071185
Continuous asphalt network,221.1083,-134.9015,0.9780396,0.147037
Continuous asphalt network,220.2818,-136.5725,0.2444795,0.1470397
Continuous asphalt network,219.8978,-137.2174,0.2444983,0.3020707
Continuous asphalt network,220.5907,-135.4877,0.4889674,0.147035
Continuous asphalt network,221.5926,-132.6732,0.4890099,0.1326745
Continuous asphalt network,222.0935,-131.266,0.4889889,0.1219054
Continuous asphalt network,221.6092,-133.4943,0.9780262,0.1470392
Continuous asphalt network,224.2308,-125.6958,3.911969,0.1370104
Continuous asphalt network,223.7631,-128.7451,3.912045,0.1068032
Continuous asphalt network,218.4202,-139.4159,0.9780431,0.269307
Continuous asphalt network,217.6521,-140.7057,0.9780133,0.2739766
Continuous asphalt network,218.27,-138.5361,1.956066,0.2580093
Continuous asphalt network,216.5001,-142.6404,0.9779643,0.2844085
Continuous asphalt network,215.6444,-144.502,0.1222344,0.1181094
Continuous asphalt network,215.7029,-144.1208,0.1222448,0.2702686
Continuous asphalt network,215.1644,-145.3081,0.1222353,0.08867104
Continuous asphalt network,215.4441,-144.4139,0.06112039,0.3819757
Continuous asphalt network,215.3856,-144.7951,0.06111231,0.08626279
Continuous asphalt network,215.9826,-143.2266,0.48896,0.2696416
Continuous asphalt network,216.9844,-140.4122,0.4890266,0.2619375
Continuous asphalt network,217.4853,-139.0049,0.4890184,0.2579978
Continuous asphalt network,217.0011,-141.2332,0.977965,0.2842075
Continuous asphalt network,214.1961,-146.5099,0.9780109,0.1411843
Continuous asphalt network,213.428,-147.7997,0.9780686,0.03776518
Continuous asphalt network,212.2175,-150.1156,0.2444996,0.1082485
Continuous asphalt network,211.8335,-150.7605,0.2444607,0.06945827
Continuous asphalt network,211.2575,-151.7279,0.4890294,0.06946992
Continuous asphalt network,212.9104,-148.3859,0.9780228,0.1055325
Continuous asphalt network,215.4484,-142.9918,0.9780825,0.2849416
Continuous asphalt network,216.6506,-140.2654,0.2444926,0.261263
Continuous asphalt network,217.285,-138.9169,0.2444954,0.2580351
Continuous asphalt network,216.4669,-140.9984,0.4890438,0.2834896
Continuous asphalt network,214.7554,-144.7215,0.4889806,0.2849192
Continuous asphalt network,214.6385,-145.4838,0.4890062,0.1415803
Continuous asphalt network,215.7155,-143.1092,0.4890416,0.2849782
Continuous asphalt network,215.2813,-144.5458,0.1222696,0.1835065
Continuous asphalt network,215.0308,-145.2494,0.1222779,0.1816555
Continuous asphalt network,215.273,-144.1353,0.2445272,0.2849743
Continuous asphalt network,221.8098,-130.3276,0.9780142,0.1423721
Continuous asphalt network,220.7913,-132.3211,0.4890231,0.1152533
Continuous asphalt network,221.2922,-130.9138,0.4890353,0.1068321
Continuous asphalt network,219.2552,-134.9007,0.978034,0.2103308
Continuous asphalt network,220.7747,-131.5,0.4890386,0.0107334
Continuous asphalt network,220.2737,-132.9072,0.4890034,0.2133571
Continuous asphalt network,223.1956,-126.8682,3.912049,0.1422322
Continuous asphalt network,219.155,-136.484,3.912108,0.2580883
Continuous asphalt network,220.8079,-133.1421,0.978043,0.144002
Continuous asphalt network,221.8264,-131.1486,0.4889763,0.1073715
Continuous asphalt network,221.3255,-132.5558,0.4889974,0.1200459
Continuous asphalt network,220.3236,-135.3703,0.4890111,0.2017753
Continuous asphalt network,219.8227,-136.7775,0.4890023,0.1960505
Continuous asphalt network,220.307,-134.5493,0.9780254,0.1430789
Continuous asphalt network,232.6125,-108.2238,7.82427,0.2284259
Continuous asphalt network,229.4235,-114.1454,0.9779935,0.2334692
Continuous asphalt network,228.6555,-115.4352,0.9780231,0.147661
Continuous asphalt network,227.5034,-117.3699,1.956151,0.1242049
Continuous asphalt network,230.8093,-110.686,3.912012,0.2315145
Continuous asphalt network,237.0372,-97.96311,0.9780614,0.2244481
Continuous asphalt network,236.2107,-99.63407,0.2445194,0.2199204
Continuous asphalt network,235.7015,-100.6308,0.1222463,0.2286537
Continuous asphalt network,235.952,-99.92719,0.1222449,0.2304902
Continuous asphalt network,236.5196,-98.54932,0.4890482,0.2244269
Continuous asphalt network,234.4827,-102.5362,0.9780727,0.2287355
Continuous asphalt network,235.8768,-99.48733,0.1222506,0.2832567
Continuous asphalt network,235.3342,-100.4694,0.06112529,0.4738324
Continuous asphalt network,235.6514,-99.7951,0.06112529,0.4706288
Continuous asphalt network,236.3193,-98.46127,0.2445014,0.2881741
Continuous asphalt network,235.3384,-100.6746,0.1222613,0.3477989
Continuous asphalt network,235.2799,-101.0558,0.1222557,0.2287341
Continuous asphalt network,235.8184,-99.86849,0.1222653,0.4627148
Continuous asphalt network,235.5387,-100.7627,0.06113119,0.2288333
Continuous asphalt network,235.5972,-100.3815,0.06113449,0.4625358
Continuous asphalt network,238.2895,-94.44505,0.9779432,0.2243944
Continuous asphalt network,239.6837,-91.3962,0.1222478,0.1782354
Continuous asphalt network,239.1411,-92.37823,0.06113272,0.2243055
Continuous asphalt network,239.4583,-91.70398,0.06113009,0.2189156
Continuous asphalt network,240.1262,-90.37014,0.2445029,0.1793638
Continuous asphalt network,239.116,-92.77407,0.2444918,0.2243993
Continuous asphalt network,239.6253,-91.77734,0.1222293,0.2181108
Continuous asphalt network,239.3748,-92.48096,0.1222258,0.2244782
Continuous asphalt network,237.9221,-95.91097,1.956134,0.224449
Continuous asphalt network,234.3824,-104.1195,3.912129,0.2287477
Continuous asphalt network,235.9018,-100.7188,0.2445161,0.1333275
Continuous asphalt network,236.2858,-100.0739,0.2445098,0.1325744
Continuous asphalt network,235.9769,-101.1587,0.4890127,0.202973
Continuous asphalt network,236.8034,-99.48773,0.977976,0.08753964
Continuous asphalt network,235.4175,-102.9471,1.956055,0.2031227
Continuous asphalt network,227.5367,-119.0119,3.912054,0.1275455
Continuous asphalt network,228.8057,-116.3149,0.9780319,0.09540946
Continuous asphalt network,229.5737,-115.0251,0.9780143,0.1062957
Continuous asphalt network,228.9559,-117.1946,1.956055,0.1272748
Continuous asphalt network,227.8371,-120.7714,7.824249,0.142195
Continuous asphalt network,231.4937,-111.8005,1.956224,0.2238999
Continuous asphalt network,231.2599,-113.3252,1.956061,0.1317529
Continuous asphalt network,233.4138,-108.576,1.956157,0.2315883
Continuous asphalt network,232.3535,-111.7716,0.244473,0.09973558
Continuous asphalt network,232.8627,-110.7749,0.1222528,0.2313796
Continuous asphalt network,232.6123,-111.4785,0.1222513,0.2416181
Continuous asphalt network,232.0446,-112.8564,0.4889414,0.1137404
Continuous asphalt network,232.5289,-110.6281,0.9780928,0.2315482
Continuous asphalt network,230.0242,-117.6642,0.9779946,0.1240451
Continuous asphalt network,231.0427,-115.6708,0.4890146,0.1343849
Continuous asphalt network,230.5418,-117.078,0.4890154,0.1240429
Continuous asphalt network,229.4064,-119.8338,1.955985,0.1240452
Continuous asphalt network,230.6421,-115.4947,0.978032,0.1273375
Continuous asphalt network,229.874,-116.7845,0.9780313,0.1158831
Continuous asphalt network,230.4919,-114.615,1.956029,0.1248375
Continuous asphalt network,216.3328,-147.4491,3.912035,0.08556852
Continuous asphalt network,214.9137,-149.2664,1.956036,0.10755
Continuous asphalt network,215.1475,-147.7418,1.956058,0.1077964
Continuous asphalt network,212.9604,-150.849,1.956128,0.1075387
Continuous asphalt network,211.2741,-152.5489,0.978029,0.07474317
Continuous asphalt network,211.9086,-151.2003,0.2445445,0.1242162
Continuous asphalt network,212.2926,-150.5554,0.2445407,0.09988341
Continuous asphalt network,211.9837,-151.6402,0.4889917,0.05091083
Continuous asphalt network,213.5782,-148.6794,0.9779951,0.102502
Continuous asphalt network,214.3462,-147.3896,0.9779993,0.1029683
Continuous asphalt network,213.7284,-149.5591,1.956105,0.1075389
Continuous asphalt network,217.7313,-142.9782,0.2445107,0.08868957
Continuous asphalt network,217.3891,-142.4209,0.1222647,0.2820913
Continuous asphalt network,217.6562,-142.5383,0.1222616,0.139277
Continuous asphalt network,218.1611,-142.9637,0.4889724,0.08869842
Continuous asphalt network,217.1845,-143.7549,0.4889977,0.08870281
Continuous asphalt network,217.1679,-142.9339,0.1222597,0.1717501
Continuous asphalt network,217.2263,-142.5527,0.1222509,0.1890744
Continuous asphalt network,217.4057,-143.2419,0.2445097,0.08870556
Continuous asphalt network,215.8823,-144.81,0.978053,0.08870154
Continuous asphalt network,216.7087,-143.139,0.4890586,0.2135207
Continuous asphalt network,216.5918,-143.9013,0.4890064,0.08870123
Continuous asphalt network,218.1863,-140.9405,0.977981,0.2849518
Continuous asphalt network,218.9544,-139.6507,0.9780108,0.2802562
Continuous asphalt network,218.1445,-142.1427,0.1222684,0.1086379
Continuous asphalt network,218.1508,-141.6369,0.06111768,0.2850301
Continuous asphalt network,218.2552,-141.8862,0.0611293,0.1139765
Continuous asphalt network,218.3824,-142.4507,0.2444956,0.08870161
Continuous asphalt network,217.6625,-142.0325,0.06112338,0.2848869
Continuous asphalt network,217.7668,-142.2818,0.06113235,0.1406798
Continuous asphalt network,217.4476,-142.0397,0.1222568,0.2849303
Continuous asphalt network,217.9359,-141.6441,0.1222441,0.2848886
Continuous asphalt network,217.9296,-142.1499,0.06113235,0.1406848
Continuous asphalt network,217.8253,-141.9006,0.06112338,0.2848904
Continuous asphalt network,218.6392,-141.2412,0.06111419,0.2464777
Continuous asphalt network,218.7435,-141.4905,0.06112174,0.0886996
Continuous asphalt network,218.4242,-141.2485,0.1222576,0.2753933
Continuous asphalt network,218.9125,-140.8528,0.1222441,0.2420489
Continuous asphalt network,218.9063,-141.3586,0.061136,0.0886806
Continuous asphalt network,218.8019,-141.1093,0.06112845,0.2464525
Continuous asphalt network,218.708,-142.1869,0.2444785,0.08868837
Continuous asphalt network,218.4179,-141.7543,0.06114072,0.1026559
Continuous asphalt network,218.3136,-141.505,0.06112909,0.2781516
Continuous asphalt network,218.6329,-141.747,0.1222546,0.088695
Continuous asphalt network,217.2178,-145.397,7.824258,0.08869669
Continuous asphalt network,214.375,-153.7084,0.2445245,0.02906274
Continuous asphalt network,214.1663,-153.2099,0.2445184,0.1075444
Continuous asphalt network,214.8049,-153.694,0.4889993,0.02307509
Continuous asphalt network,213.8282,-154.4852,0.4890324,0.01475818
Continuous asphalt network,213.8408,-153.4736,0.2444956,0.1075507
Continuous asphalt network,214.0494,-153.9722,0.2445017,0.02906778
Continuous asphalt network,214.2374,-151.8171,0.978002,0.1075503
Continuous asphalt network,214.8175,-152.6824,0.2444849,0.1075337
Continuous asphalt network,215.0261,-153.1809,0.2444977,0.03972026
Continuous asphalt network,214.3876,-152.6968,0.4890296,0.1075409
Continuous asphalt network,215.1637,-155.0723,3.912088,0.04941623
Continuous asphalt network,212.2841,-153.3996,0.9780376,0.1006052
Continuous asphalt network,212.8641,-154.2649,0.2445212,0.1075407
Continuous asphalt network,213.1542,-154.6975,0.06113094,0.08810595
Continuous asphalt network,213.2585,-154.9468,0.06112606,0.04954002
Continuous asphalt network,212.9393,-154.7048,0.1222542,0.1075469
Continuous asphalt network,212.4342,-154.2794,0.4890188,0.08950043
Continuous asphalt network,211.4243,-153.4286,1.956055,0.05675896
Continuous asphalt network,213.3776,-151.8461,1.956049,0.1075408
Continuous asphalt network,213.4109,-153.4881,0.4890087,0.107554
Continuous asphalt network,213.4276,-154.3091,0.1222499,0.08378076
Continuous asphalt network,213.4213,-154.815,0.061113,0.04954609
Continuous asphalt network,213.317,-154.5657,0.06111788,0.08775359
Continuous asphalt network,213.1897,-154.0011,0.2445017,0.1075518
Continuous asphalt network,212.9352,-152.8721,0.9780262,0.1075395
Continuous asphalt network,216.1907,-150.2346,0.9780565,0.1075448
Continuous asphalt network,216.7708,-151.0999,0.2444903,0.06497972
Continuous asphalt network,216.9794,-151.5984,0.2445017,0.04954313
Continuous asphalt network,216.3409,-151.1143,0.4890155,0.08612443
Continuous asphalt network,215.331,-150.2635,1.956018,0.1075498
Continuous asphalt network,217.2843,-148.681,1.956053,0.1056697
Continuous asphalt network,217.3176,-150.3231,0.4890067,0.06258915
Continuous asphalt network,217.3049,-151.3347,0.2445188,0.04954327
Continuous asphalt network,217.0963,-150.8361,0.2445074,0.06497347
Continuous asphalt network,216.8418,-149.7071,0.978045,0.1075454
Continuous asphalt network,216.4659,-154.0172,3.912043,0.04941627
Continuous asphalt network,215.3642,-151.9056,0.489004,0.1075425
Continuous asphalt network,215.3516,-152.9172,0.2445205,0.03973126
Continuous asphalt network,215.143,-152.4186,0.2445077,0.1075407
Continuous asphalt network,214.8885,-151.2896,0.977981,0.10755
Continuous asphalt network,216.3283,-152.1259,0.2444919,0.04954012
Continuous asphalt network,216.1197,-151.6274,0.2445024,0.09022439
Continuous asphalt network,216.7582,-152.1115,0.4890026,0.0495393
Continuous asphalt network,215.7815,-152.9027,0.4890209,0.04648651
Continuous asphalt network,215.7941,-151.8911,0.2445114,0.09200806
Continuous asphalt network,216.0028,-152.3897,0.2445009,0.04964526
Continuous asphalt network,222.1767,-135.3711,1.956068,0.1470375
Continuous asphalt network,220.816,-136.8073,0.4890356,0.1470466
Continuous asphalt network,220.1356,-137.5254,0.1222542,0.142484
Continuous asphalt network,219.8101,-137.7891,0.1222455,0.2675709
Continuous asphalt network,220.3569,-137.0123,0.244506,0.14703
Continuous asphalt network,221.2584,-135.7812,0.9780838,0.1470445
Continuous asphalt network,222.7945,-133.2016,0.97799,0.1470652
Continuous asphalt network,223.621,-131.5306,0.4889824,0.07025026
Continuous asphalt network,223.5041,-132.2929,0.4889927,0.1400062
Continuous asphalt network,222.9447,-134.0813,1.956077,0.1470365
Continuous asphalt network,221.5004,-137.9218,0.9779838,0.1312694
Continuous asphalt network,221.9176,-138.9189,0.9779899,0.01770269
Continuous asphalt network,220.5822,-138.3319,0.4890039,0.1465384
Continuous asphalt network,219.8852,-138.229,0.2444993,0.2197068
Continuous asphalt network,220.2107,-137.9652,0.2445107,0.1615387
Continuous asphalt network,220.9662,-137.687,0.9780335,0.1466948
Continuous asphalt network,222.5939,-136.3682,1.956056,0.124978
Continuous asphalt network,222.5687,-138.3914,0.9780307,0.01770291
Continuous asphalt network,222.1515,-137.3943,0.9780247,0.1312684
Continuous asphalt network,226.1337,-128.1597,7.824375,0.1071669
Continuous asphalt network,224.0131,-134.5509,0.9780146,0.1470404
Continuous asphalt network,224.8396,-132.8799,0.2445218,0.1470307
Continuous asphalt network,225.3488,-131.8832,0.1222498,0.136138
Continuous asphalt network,225.0983,-132.5868,0.1222502,0.1470026
Continuous asphalt network,224.5307,-133.9647,0.4890315,0.1470335
Continuous asphalt network,223.2783,-137.4828,0.9780228,0.03361605
Continuous asphalt network,223.5122,-135.9581,0.9780315,0.1419251
Continuous asphalt network,224.3054,-132.6451,0.4890052,0.1470313
Continuous asphalt network,225.1485,-131.7952,0.2445144,0.136195
Continuous asphalt network,224.7645,-132.4401,0.2445087,0.1470542
Continuous asphalt network,223.8629,-133.6712,0.9780411,0.1470286
Continuous asphalt network,224.8063,-131.2379,0.9780903,0.107369
Continuous asphalt network,224.0967,-132.1466,0.4890155,0.1142384
Continuous asphalt network,224.2136,-131.3842,0.4889918,0.1073952
Continuous asphalt network,219.3546,-146.3362,3.911971,0.0898482
Continuous asphalt network,220.8906,-143.7566,3.911676,0.006500973
Continuous asphalt network,217.885,-152.1999,3.912057,0.05934059
Continuous asphalt network,218.2128,-149.5977,0.06112391,0.1062458
Continuous asphalt network,218.3172,-149.847,0.06113438,0.05167348
Continuous asphalt network,217.9979,-149.605,0.1222512,0.107541
Continuous asphalt network,218.4863,-149.2094,0.1222532,0.09451298
Continuous asphalt network,218.48,-149.7151,0.0611365,0.04953721
Continuous asphalt network,218.3757,-149.4659,0.06112603,0.09900107
Continuous asphalt network,218.9454,-149.0043,0.4889973,0.04162228
Continuous asphalt network,217.7933,-150.939,0.4890288,0.04953862
Continuous asphalt network,217.9395,-149.9861,0.1222498,0.1228601
Continuous asphalt network,218.2066,-150.1036,0.1222579,0.03809089
Continuous asphalt network,217.7474,-150.3086,0.2445077,0.04020517
Continuous asphalt network,218.4696,-148.3884,1.955973,0.0891582
Continuous asphalt network,219.6136,-142.7884,0.9780696,0.07663366
Continuous asphalt network,220.2647,-142.2609,0.9780611,0.03874603
Continuous asphalt network,221.2414,-141.4697,1.956015,0.01662743
Continuous asphalt network,219.0542,-144.5768,3.912343,0.0724504
Continuous asphalt network,220.6154,-139.9739,0.9780752,0.03359755
Continuous asphalt network,219.931,-138.8594,0.4890181,0.2214932
Continuous asphalt network,220.4653,-139.0942,0.4890181,0.1465413
Continuous asphalt network,221.4752,-139.945,1.956003,0.01740339
Continuous asphalt network,219.6846,-141.3957,0.2445157,0.08870275
Continuous asphalt network,219.3946,-140.963,0.06112798,0.08872466
Continuous asphalt network,219.2903,-140.7137,0.06112808,0.2125165
Continuous asphalt network,219.6095,-140.9558,0.122269,0.08869261
Continuous asphalt network,220.1145,-141.3812,0.489014,0.02424256
Continuous asphalt network,219.1378,-142.1724,0.489016,0.08869349
Continuous asphalt network,219.1212,-141.3514,0.1222603,0.08868917
Continuous asphalt network,219.1275,-140.8456,0.06113663,0.2124851
Continuous asphalt network,219.2318,-141.0949,0.06113654,0.08868619
Continuous asphalt network,219.3591,-141.6594,0.2444996,0.08869245
Continuous asphalt network,219.547,-139.5043,0.9780457,0.2301395
Continuous asphalt network,220.2314,-140.6189,0.4890243,0.02709549
Continuous asphalt network,219.668,-140.5746,0.1222568,0.09834969
Continuous asphalt network,219.4009,-140.4572,0.1222629,0.2092932
Continuous asphalt network,219.86,-140.2522,0.2445085,0.1525059
Continuous asphalt network,-193.8087,40.10751,27.39158,0
Continuous asphalt network,213.9715,-159.1846,12.25239,0.04661045
Continuous asphalt network,212.1052,-156.4529,3.063083,0.05135968
Continuous asphalt network,211.0391,-154.7101,1.531541,0.06626268
Continuous asphalt network,212.1075,-155.1797,1.531554,0.09196065
Continuous asphalt network,213.9761,-156.6382,6.126081,0.05006564
Continuous asphalt network,-186.1778,39.38087,55.72098,0
Continuous asphalt network,-171.2594,34.61679,27.86028,0
Continuous asphalt network,-181.4123,36.19904,27.86027,0
Continuous asphalt network,185.2032,-144.6951,3.333022,0.1339316
Continuous asphalt network,183.4707,-142.6652,1.666531,0.08963879
Continuous asphalt network,184.7829,-142.9201,0.1041627,0.06864846
Continuous asphalt network,184.8516,-143.3479,0.05207911,0.1311989
Continuous asphalt network,184.7078,-143.126,0.05208019,0.06683267
Continuous asphalt network,184.4936,-142.6346,0.2083311,0.0852585
Continuous asphalt network,185.2927,-143.0632,0.05207567,0.1339343
Continuous asphalt network,185.1489,-142.8412,0.05207904,0.01781703
Continuous asphalt network,185.5117,-143.0793,0.1041659,0.1339366
Continuous asphalt network,185.0706,-143.364,0.1041437,0.1339115
Continuous asphalt network,185.0018,-142.9362,0.05207231,0.01783541
Continuous asphalt network,185.1457,-143.1581,0.05206895,0.1339366
Continuous asphalt network,184.4105,-143.6327,0.05208363,0.0927123
Continuous asphalt network,184.2666,-143.4107,0.05207858,0.0852455
Continuous asphalt network,184.6294,-143.6488,0.1041598,0.1026352
Continuous asphalt network,184.1883,-143.9335,0.1041551,0.04750468
Continuous asphalt network,184.1196,-143.5056,0.05207844,0.08525925
Continuous asphalt network,184.2634,-143.7276,0.05208349,0.09270743
Continuous asphalt network,184.1995,-142.8244,0.2083248,0.08524356
Continuous asphalt network,184.5607,-143.2209,0.05207765,0.08527032
Continuous asphalt network,184.7046,-143.4429,0.05207657,0.1415764
Continuous asphalt network,184.3418,-143.2048,0.104159,0.08524423
Continuous asphalt network,186.9614,-144.1899,1.666516,0.1339321
Continuous asphalt network,188.272,-144.6033,0.2083061,0.2357557
Continuous asphalt network,187.8388,-144.0958,0.1041518,0.13392
Continuous asphalt network,188.1297,-144.2229,0.1041592,0.2359172
Continuous asphalt network,188.7099,-144.6355,0.4166264,0.2460939
Continuous asphalt network,187.8293,-145.0464,0.1041649,0.1339251
Continuous asphalt network,188.1202,-145.1735,0.1041613,0.2307419
Continuous asphalt network,187.6806,-145.2998,0.2083248,0.1339261
Continuous asphalt network,187.6902,-144.3492,0.2083006,0.1339237
Continuous asphalt network,188.1234,-144.8566,0.1041488,0.2307816
Continuous asphalt network,187.8325,-144.7296,0.1041525,0.1339334
Continuous asphalt network,186.3668,-145.2033,3.332964,0.1339321
Continuous asphalt network,183.7201,-146.9117,0.8332408,0.1339279
Continuous asphalt network,182.9976,-146.1187,0.2083123,0.1339247
Continuous asphalt network,182.6364,-145.7222,0.05208319,0.1339585
Continuous asphalt network,182.4926,-145.5003,0.05208497,0.01719682
Continuous asphalt network,182.8554,-145.7383,0.1041483,0.1339374
Continuous asphalt network,183.4356,-146.1509,0.4166248,0.1339339
Continuous asphalt network,184.5959,-146.976,1.666509,0.1339332
Continuous asphalt network,182.9801,-147.8616,0.1041461,0.07566252
Continuous asphalt network,182.9769,-148.1785,0.1041528,0.2047615
Continuous asphalt network,182.6908,-147.5761,0.2083224,0.1339283
Continuous asphalt network,183.4908,-147.9255,0.02603533,0.08299498
Continuous asphalt network,183.4891,-148.084,0.02603845,0.2089927
Continuous asphalt network,183.3461,-147.7828,0.05207679,0.1339274
Continuous asphalt network,183.7824,-147.9734,0.05206905,0.1326823
Continuous asphalt network,183.6346,-148.1475,0.02603847,0.1709363
Continuous asphalt network,183.6362,-147.9891,0.02603535,0.08647152
Continuous asphalt network,183.2678,-148.3055,0.1041529,0.1709686
Continuous asphalt network,183.1991,-147.8777,0.05207858,0.1527817
Continuous asphalt network,183.3429,-148.0997,0.05207196,0.09608402
Continuous asphalt network,182.5342,-148.6217,0.4166172,0.1709606
Continuous asphalt network,182.3967,-147.7659,0.2083292,0.1556277
Continuous asphalt network,182.6844,-148.2099,0.2083059,0.1028167
Continuous asphalt network,182.5533,-146.7204,0.4166087,0.1339343
Continuous asphalt network,182.4143,-146.0231,0.1041641,0.1339422
Continuous asphalt network,182.3455,-145.5952,0.05207406,0.01721655
Continuous asphalt network,182.4894,-145.8172,0.05207227,0.1339611
Continuous asphalt network,182.7036,-146.3085,0.2083272,0.1339208
Continuous asphalt network,183.1319,-147.2914,0.8332605,0.1339275
Continuous asphalt network,182.8761,-143.6786,3.333009,0.06764682
Continuous asphalt network,184.6087,-145.7085,1.66653,0.1339308
Continuous asphalt network,183.4419,-145.5171,0.4166048,0.1254591
Continuous asphalt network,182.8586,-145.4214,0.1041621,0.1035447
Continuous asphalt network,182.5677,-145.2944,0.1041693,0.05907101
Continuous asphalt network,183.0072,-145.1681,0.2083097,0.1058716
Continuous asphalt network,183.7392,-145.0104,0.8332724,0.128051
Continuous asphalt network,190.7397,-146.1586,0.8332796,0.3114561
Continuous asphalt network,189.8735,-145.1437,0.4166477,0.257061
Continuous asphalt network,190.4569,-145.2394,0.1041554,0.3272571
Continuous asphalt network,190.7478,-145.3665,0.1041516,0.2271863
Continuous asphalt network,190.3082,-145.4927,0.2083276,0.1920485
Continuous asphalt network,191.6156,-146.2229,1.666501,0.3114554
Continuous asphalt network,190.1452,-147.1721,0.8332223,0.2880601
Continuous asphalt network,189.7009,-147.7737,0.2083177,0.2323249
Continuous asphalt network,189.4052,-148.1219,0.1041638,0.03597233
Continuous asphalt network,189.4084,-147.805,0.1041605,0.3284576
Continuous asphalt network,189.5602,-147.2348,0.4166213,0.2604547
Continuous asphalt network,189.5762,-145.6504,0.8332511,0.2343119
Continuous asphalt network,190.1516,-146.5383,0.8332622,0.3410229
Continuous asphalt network,193.361,-146.9853,1.666498,0.3114631
Continuous asphalt network,194.8186,-147.3038,0.4166408,0.3114543
Continuous asphalt network,195.5474,-147.463,0.1041484,0.3114524
Continuous asphalt network,195.9846,-147.5744,0.05207129,0.3416068
Continuous asphalt network,195.6921,-147.6058,0.05206576,0.3115458
Continuous asphalt network,195.1079,-147.5893,0.2083004,0.3114512
Continuous asphalt network,193.9396,-147.5563,0.8332663,0.3114542
Continuous asphalt network,191.4558,-147.5854,0.2083178,0.3114688
Continuous asphalt network,191.2336,-147.8862,0.05208398,0.2333658
Continuous asphalt network,191.0858,-148.0603,0.02604234,0.03615644
Continuous asphalt network,191.0874,-147.9019,0.02604161,0.3280756
Continuous asphalt network,191.1633,-147.6168,0.1041623,0.3114713
Continuous asphalt network,192.183,-147.9031,0.2083173,0.2303535
Continuous asphalt network,191.451,-148.0607,0.1041565,0.06745841
Continuous asphalt network,191.7451,-147.8709,0.104155,0.2416424
Continuous asphalt network,190.3195,-148.0041,0.01302055,0.1930608
Continuous asphalt network,190.2475,-147.8931,0.01302332,0.3113589
Continuous asphalt network,190.4289,-148.0121,0.0260412,0.107137
Continuous asphalt network,190.2084,-148.1545,0.0260453,0.1057421
Continuous asphalt network,190.174,-147.9405,0.0130251,0.2529303
Continuous asphalt network,190.2459,-148.0515,0.01302234,0.0662997
Continuous asphalt network,190.5736,-148.1549,0.104155,0.09960238
Continuous asphalt network,189.6961,-148.249,0.1041795,0.105749
Continuous asphalt network,189.9167,-148.1066,0.05208443,0.06461196
Continuous asphalt network,190.0645,-147.9325,0.02604473,0.2455431
Continuous asphalt network,190.0629,-148.0909,0.02604349,0.1258726
Continuous asphalt network,190.6503,-147.7905,0.05208233,0.3114857
Continuous asphalt network,190.8309,-147.9888,0.01302241,0.2077373
Continuous asphalt network,190.9028,-148.0998,0.01302271,0.1057863
Continuous asphalt network,190.7214,-147.9808,0.02604122,0.1969277
Continuous asphalt network,190.4313,-147.7745,0.1041467,0.3114851
Continuous asphalt network,190.8724,-147.4897,0.1041622,0.311471
Continuous asphalt network,190.942,-147.8384,0.02603976,0.3114568
Continuous asphalt network,190.9763,-148.0523,0.01301935,0.1588385
Continuous asphalt network,190.9044,-147.9413,0.01301905,0.239522
Continuous asphalt network,190.7973,-147.6956,0.05207725,0.3114918
Continuous asphalt network,192.191,-147.1109,1.666527,0.3114626
Continuous asphalt network,186.4899,-147.4851,0.1041484,0.1339286
Continuous asphalt network,186.5594,-147.8337,0.02603424,0.1339297
Continuous asphalt network,186.5579,-147.9922,0.02603466,0.1802531
Continuous asphalt network,186.4148,-147.691,0.05207848,0.1339332
Continuous asphalt network,186.2006,-147.1996,0.2083113,0.133929
Continuous asphalt network,187.0733,-147.5808,0.2082859,0.1339325
Continuous asphalt network,186.8512,-147.8816,0.05208058,0.108846
Continuous asphalt network,186.7033,-148.0557,0.02604377,0.1396366
Continuous asphalt network,186.7049,-147.8973,0.02604335,0.1192863
Continuous asphalt network,186.7808,-147.6122,0.1041555,0.1339323
Continuous asphalt network,186.1176,-148.1977,0.05206931,0.1640201
Continuous asphalt network,185.9737,-147.9757,0.05207594,0.1345855
Continuous asphalt network,186.3365,-148.2138,0.1041568,0.1676063
Continuous asphalt network,185.8954,-148.4985,0.1041524,0.1709665
Continuous asphalt network,185.8259,-148.1498,0.02604232,0.1709694
Continuous asphalt network,185.8275,-147.9914,0.02604305,0.08351675
Continuous asphalt network,185.9705,-148.2926,0.05207694,0.1709426
Continuous asphalt network,185.9066,-147.3894,0.208311,0.1339275
Continuous asphalt network,186.2678,-147.7859,0.05207848,0.1339324
Continuous asphalt network,186.4116,-148.0079,0.0520762,0.01462777
Continuous asphalt network,186.0488,-147.7698,0.1041533,0.1339394
Continuous asphalt network,187.8725,-148.0094,0.05207515,0.03420376
Continuous asphalt network,187.7286,-147.7874,0.05207624,0.1339361
Continuous asphalt network,188.0914,-148.0255,0.1041538,0.04723809
Continuous asphalt network,187.6503,-148.3102,0.1041466,0.1744528
Continuous asphalt network,187.5816,-147.8823,0.05207191,0.1553075
Continuous asphalt network,187.7254,-148.1043,0.05207082,0.08604781
Continuous asphalt network,188.6732,-148.2796,0.2083123,0.1006658
Continuous asphalt network,188.0874,-148.4216,0.0520813,0.1043243
Continuous asphalt network,187.7949,-148.453,0.05207765,0.1562418
Continuous asphalt network,188.2353,-148.2475,0.1041616,0.09803944
Continuous asphalt network,186.6258,-148.4993,0.4166318,0.1682362
Continuous asphalt network,187.0669,-148.2145,0.2083234,0.1029253
Continuous asphalt network,187.3626,-147.8663,0.1041657,0.07243261
Continuous asphalt network,187.3594,-148.1832,0.1041721,0.194749
Continuous asphalt network,183.995,-148.6232,1.666458,0.1681892
Continuous asphalt network,185.0227,-148.1173,0.1041671,0.1403913
Continuous asphalt network,185.0259,-147.8004,0.1041576,0.1189985
Continuous asphalt network,185.312,-148.4028,0.2083188,0.170949
Continuous asphalt network,184.5121,-148.0534,0.0260416,0.1391252
Continuous asphalt network,184.5137,-147.8949,0.02604232,0.1196036
Continuous asphalt network,184.6567,-148.1961,0.05207548,0.170944
Continuous asphalt network,184.2204,-148.0055,0.05208939,0.01526224
Continuous asphalt network,184.3682,-147.8314,0.0260387,0.1339651
Continuous asphalt network,184.3666,-147.9898,0.02603797,0.1779122
Continuous asphalt network,184.735,-147.6733,0.1041538,0.1339255
Continuous asphalt network,184.8037,-148.1012,0.05207623,0.1045466
Continuous asphalt network,184.6599,-147.8792,0.05208286,0.1098073
Continuous asphalt network,185.4686,-147.3572,0.4166509,0.1339225
Continuous asphalt network,185.5342,-148.102,0.05207848,0.09906249
Continuous asphalt network,185.682,-147.9279,0.02604124,0.07976851
Continuous asphalt network,185.6804,-148.0863,0.02604051,0.2071574
Continuous asphalt network,185.6045,-148.3714,0.1041561,0.1709712
Continuous asphalt network,185.3184,-147.769,0.2083217,0.1077256
Continuous asphalt network,187.8101,-146.9478,0.1041583,0.1339425
Continuous asphalt network,188.101,-147.0748,0.1041546,0.2205007
Continuous asphalt network,187.6615,-147.2011,0.2083079,0.1339431
Continuous asphalt network,187.671,-146.2505,0.2083384,0.1339248
Continuous asphalt network,188.1042,-146.7579,0.1041612,0.2205012
Continuous asphalt network,187.8133,-146.6309,0.1041649,0.1339427
Continuous asphalt network,188.5325,-147.7408,0.1041517,0.2773282
Continuous asphalt network,188.4638,-147.3129,0.05208091,0.2460853
Continuous asphalt network,188.6077,-147.5349,0.05208655,0.3440467
Continuous asphalt network,188.8945,-148.058,0.02603726,0.037255
Continuous asphalt network,188.8962,-147.8996,0.02604558,0.3266285
Continuous asphalt network,189.0392,-148.2008,0.05208797,0.1057486
Continuous asphalt network,188.6396,-147.9865,0.01302086,0.2124896
Continuous asphalt network,188.7115,-148.0975,0.01302007,0.1057772
Continuous asphalt network,188.5301,-147.9784,0.0260381,0.1984024
Continuous asphalt network,188.7507,-147.8361,0.02604388,0.3114257
Continuous asphalt network,188.7851,-148.05,0.01301507,0.1645896
Continuous asphalt network,188.7131,-147.939,0.01301585,0.2475131
Continuous asphalt network,188.0227,-147.5976,0.05207848,0.1911447
Continuous asphalt network,188.1665,-147.8196,0.0520762,0.2523838
Continuous asphalt network,187.8037,-147.5815,0.1041606,0.1339183
Continuous asphalt network,188.2448,-147.2968,0.1041657,0.220478
Continuous asphalt network,188.3136,-147.7247,0.05208128,0.2962391
Continuous asphalt network,188.1697,-147.5027,0.05208356,0.2460918
Continuous asphalt network,186.9358,-146.725,1.666513,0.1339292
Continuous asphalt network,188.6971,-145.903,0.4166107,0.2460673
Continuous asphalt network,188.1138,-145.8073,0.1041826,0.2255901
Continuous asphalt network,187.8228,-145.6802,0.1041647,0.1339251
Continuous asphalt network,188.2624,-145.5539,0.2083234,0.2306241
Continuous asphalt network,188.9944,-145.3963,0.8332513,0.2460934
Continuous asphalt network,188.905,-147.0282,0.05207425,0.1955761
Continuous asphalt network,189.0488,-147.2501,0.05207989,0.3114212
Continuous asphalt network,188.686,-147.0121,0.1041486,0.2459591
Continuous asphalt network,189.1271,-146.7274,0.1041516,0.2614421
Continuous asphalt network,189.1958,-147.1552,0.05207406,0.3114528
Continuous asphalt network,189.052,-146.9332,0.05206842,0.1956137
Continuous asphalt network,189.1175,-147.678,0.1041641,0.3114603
Continuous asphalt network,189.1863,-148.1059,0.05208379,0.1572114
Continuous asphalt network,189.0424,-147.8839,0.05207874,0.2373387
Continuous asphalt network,188.7547,-147.4399,0.05207997,0.3125636
Continuous asphalt network,188.6109,-147.218,0.05207432,0.1997609
Continuous asphalt network,188.9736,-147.456,0.1041598,0.3114665
Continuous asphalt network,188.2529,-146.5046,0.208304,0.2255808
Continuous asphalt network,187.8197,-145.9971,0.1041397,0.1339277
Continuous asphalt network,188.1106,-146.1242,0.1041577,0.225651
Continuous asphalt network,188.6908,-146.5367,0.4166298,0.246091
Continuous asphalt network,197.7211,-149.2082,0.8332379,0.09596604
Continuous asphalt network,196.9987,-148.4152,0.2083164,0.09598374
Continuous asphalt network,196.6383,-147.9395,0.02603808,0.3709406
Continuous asphalt network,196.6367,-148.0979,0.02603787,0.0110164
Continuous asphalt network,196.4936,-147.7967,0.05207627,0.4201356
Continuous asphalt network,196.8932,-148.011,0.01301985,0.3142146
Continuous asphalt network,196.8213,-147.9001,0.01302154,0.4412875
Continuous asphalt network,197.0027,-148.0191,0.02603982,0.1619091
Continuous asphalt network,196.7821,-148.1614,0.02603789,0.09595964
Continuous asphalt network,196.7478,-147.9475,0.01301907,0.3417127
Continuous asphalt network,196.8197,-148.0585,0.01301739,0.1446189
Continuous asphalt network,197.4366,-148.4473,0.4166178,0.09597084
Continuous asphalt network,198.597,-149.2725,1.666548,0.0959674
Continuous asphalt network,196.8325,-150.4114,1.6665,0.09597036
Continuous asphalt network,196.5544,-149.0168,0.4166442,0.095972
Continuous asphalt network,196.4153,-148.3195,0.1041504,0.09595349
Continuous asphalt network,196.3466,-147.8916,0.05208135,0.3167215
Continuous asphalt network,196.4904,-148.1136,0.05207739,0.1500396
Continuous asphalt network,196.7046,-148.605,0.2083278,0.09596461
Continuous asphalt network,197.1329,-149.5878,0.833275,0.09597137
Continuous asphalt network,200.3424,-150.0349,1.666515,0.09597225
Continuous asphalt network,201.8735,-150.3059,0.05207765,0.09791306
Continuous asphalt network,201.7297,-150.0839,0.05207933,0.08140582
Continuous asphalt network,202.0925,-150.3219,0.104148,0.0989568
Continuous asphalt network,201.6514,-150.6067,0.1041495,0.07327957
Continuous asphalt network,201.5826,-150.1788,0.05207425,0.09593384
Continuous asphalt network,201.7265,-150.4008,0.05207257,0.1103292
Continuous asphalt network,202.3818,-150.6074,0.4166527,0.09894504
Continuous asphalt network,200.9209,-150.6059,0.8332502,0.07514803
Continuous asphalt network,198.5842,-150.54,3.333072,0.0959717
Continuous asphalt network,204.4148,-151.8138,3.332957,0.09890823
Continuous asphalt network,207.9087,-153.0217,1.666497,0.1014424
Continuous asphalt network,205.5752,-152.6389,1.666511,0.09890622
Continuous asphalt network,202.0781,-151.7479,3.332986,0.09810226
Continuous asphalt network,198.5747,-151.4907,1.666551,0.09597261
Continuous asphalt network,201.2078,-151.129,0.2083051,0.09829725
Continuous asphalt network,200.6245,-151.0334,0.2082933,0.1242211
Continuous asphalt network,202.0861,-150.9557,0.4165956,0.09896081
Continuous asphalt network,200.3296,-151.3024,0.2083223,0.1191993
Continuous asphalt network,200.913,-151.3981,0.2083296,0.05553474
Continuous asphalt network,200.0347,-151.5715,0.4166341,0.06087546
Continuous asphalt network,193.0405,-149.7894,0.8332546,0.105769
Continuous asphalt network,193.769,-149.9883,0.2083206,0.09584992
Continuous asphalt network,194.0591,-150.1946,0.20831,0.06768247
Continuous asphalt network,193.3275,-150.3126,0.4166409,0.08967791
Continuous asphalt network,194.491,-150.8209,1.666523,0.04780215
Continuous asphalt network,191.5773,-150.0256,3.333034,0.1057695
Continuous asphalt network,195.3804,-149.5384,0.8332273,0.04886367
Continuous asphalt network,195.8284,-148.5803,0.2083244,0.05727924
Continuous asphalt network,196.0523,-148.1013,0.05207723,0.03960214
Continuous asphalt network,196.2006,-147.8875,0.05207107,0.3780455
Continuous asphalt network,196.1232,-148.3113,0.1041406,0.03399431
Continuous asphalt network,196.1152,-149.1035,0.2083049,0.03058319
Continuous asphalt network,195.8251,-148.8972,0.2083211,0.0500537
Continuous asphalt network,195.8092,-150.4816,0.2083295,0.05424928
Continuous asphalt network,196.1057,-150.0541,0.2083068,0.02721302
Continuous asphalt network,196.0961,-151.0048,0.2083092,0.02389828
Continuous asphalt network,195.806,-150.7985,0.2083228,0.04959771
Continuous asphalt network,195.3741,-150.1722,0.8332357,0.05385892
Continuous asphalt network,194.2169,-149.0302,0.4166508,0.1057683
Continuous asphalt network,194.3555,-149.7671,0.208319,0.08139778
Continuous asphalt network,194.0655,-149.5608,0.2083296,0.1057678
Continuous asphalt network,193.6335,-148.9345,0.8332413,0.1057688
Continuous asphalt network,195.0999,-148.3815,0.4166269,0.06121202
Continuous asphalt network,195.7614,-147.9742,0.02603516,0.2910065
Continuous asphalt network,195.7598,-148.1326,0.02603601,0.06673449
Continuous asphalt network,195.6156,-147.9503,0.0520786,0.1539108
Continuous asphalt network,196.0555,-147.7844,0.05207217,0.3957964
Continuous asphalt network,195.9065,-148.0773,0.02604321,0.178383
Continuous asphalt network,195.9081,-147.9189,0.02604236,0.2684292
Continuous asphalt network,195.5383,-148.374,0.2083387,0.0546352
Continuous asphalt network,194.7971,-149.4427,0.416602,0.04803061
Continuous asphalt network,194.8035,-148.809,0.4166288,0.1029095
Continuous asphalt network,187.6387,-149.4589,0.2083291,0.1562503
Continuous asphalt network,188.0755,-149.6099,0.1041553,0.104195
Continuous asphalt network,187.7822,-149.7205,0.1041591,0.1562555
Continuous asphalt network,188.6556,-150.0225,0.2083005,0.1057802
Continuous asphalt network,188.0715,-150.006,0.05207061,0.1041991
Continuous asphalt network,187.7798,-149.9581,0.05206885,0.1562631
Continuous asphalt network,188.2189,-149.8715,0.1041465,0.102779
Continuous asphalt network,186.9071,-149.577,0.8332357,0.1432242
Continuous asphalt network,188.9537,-149.4366,0.8332483,0.1057722
Continuous asphalt network,188.2253,-149.2377,0.2082888,0.1028028
Continuous asphalt network,187.7886,-149.0867,0.1041676,0.1562587
Continuous asphalt network,188.0818,-148.9761,0.1041568,0.1043067
Continuous asphalt network,188.6668,-148.9134,0.4166501,0.1057692
Continuous asphalt network,184.5736,-149.1942,1.666584,0.1709643
Continuous asphalt network,186.9151,-148.7848,0.4166213,0.1242955
Continuous asphalt network,188.2317,-148.604,0.05207868,0.1028939
Continuous asphalt network,187.7937,-148.5718,0.02604068,0.1562702
Continuous asphalt network,188.0862,-148.5404,0.0260425,0.1043656
Continuous asphalt network,188.6708,-148.5173,0.1041555,0.1057695
Continuous asphalt network,187.7926,-148.6906,0.05207857,0.1562757
Continuous asphalt network,188.0842,-148.7385,0.05207315,0.1043385
Continuous asphalt network,187.6451,-148.8251,0.1041571,0.1562615
Continuous asphalt network,186.3269,-149.1644,0.8333028,0.1777129
Continuous asphalt network,191.5933,-148.4412,1.666512,0.1052715
Continuous asphalt network,194.0798,-148.1348,0.1041425,0.06918656
Continuous asphalt network,194.4094,-148.05,0.01301397,0.01445135
Continuous asphalt network,194.4835,-147.9431,0.0130212,0.2689723
Continuous asphalt network,194.4448,-148.155,0.02603402,0.1057564
Continuous asphalt network,194.2273,-148.0003,0.0260337,0.1372505
Continuous asphalt network,194.411,-147.8916,0.01302412,0.3114577
Continuous asphalt network,194.3369,-147.9985,0.01301689,0.1608096
Continuous asphalt network,193.3506,-148.0152,0.1041591,0.0805335
Continuous asphalt network,194.0822,-147.8972,0.05210271,0.3112672
Continuous asphalt network,193.7889,-148.0078,0.05208323,0.06541462
Continuous asphalt network,195.1055,-147.8269,0.1041528,0.3114001
Continuous asphalt network,195.6909,-147.7246,0.02605314,0.3113106
Continuous asphalt network,195.9834,-147.6932,0.02605591,0.3414097
Continuous asphalt network,195.5438,-147.8195,0.05207734,0.3113993
Continuous asphalt network,194.9581,-147.9615,0.1041579,0.1027529
Continuous asphalt network,194.5915,-148.0997,0.02603579,0.1370705
Continuous asphalt network,194.5931,-147.9413,0.02604251,0.2300144
Continuous asphalt network,194.7373,-148.1236,0.05207403,0.04224399
Continuous asphalt network,193.3466,-148.4113,0.8332599,0.1052022
Continuous asphalt network,190.4169,-149.2004,3.333007,0.1057714
Continuous asphalt network,-61.37329,-20.32266,26.66574,0.01790423
Continuous asphalt network,165.3447,-136.1824,3.872579,0.2058594
Continuous asphalt network,163.4752,-136.5232,3.872568,0.1813642
Continuous asphalt network,165.5328,-134.3068,7.745322,0.2037486
Continuous asphalt network,167.3996,-138.5696,3.872696,0.2022092
Continuous asphalt network,168.1463,-140.2747,3.87278,0.1988591
Continuous asphalt network,164.876,-138.5694,1.936306,0.2024885
Continuous asphalt network,163.5679,-137.8873,1.936354,0.177073
Continuous asphalt network,166.0914,-137.8875,3.872665,0.2061909
Continuous asphalt network,159.5508,-134.4769,3.872565,0.1872041
Continuous asphalt network,160.2975,-136.182,3.872608,0.1816176
Continuous asphalt network,157.3079,-133.9652,7.745319,0.1808366
Continuous asphalt network,162.9166,-132.9426,7.74541,0.1889648
Continuous asphalt network,162.1671,-135.8411,3.872643,0.1691641
Continuous asphalt network,161.4204,-134.136,3.8726,0.175556
Continuous asphalt network,151.7021,-130.3841,3.872655,0.1690174
Continuous asphalt network,152.4488,-132.0892,3.872686,0.1593245
Continuous asphalt network,149.4592,-129.8724,7.745315,0.1531621
Continuous asphalt network,145.2541,-128.3376,1.936341,0.1484114
Continuous asphalt network,143.946,-127.6554,1.936306,0.1094107
Continuous asphalt network,140.8623,-126.3764,1.936339,0.08578064
Continuous asphalt network,143.1052,-126.8881,1.93633,0.1043946
Continuous asphalt network,147.7777,-128.3378,7.745265,0.1487782
Continuous asphalt network,154.319,-130.5974,1.936315,0.1690136
Continuous asphalt network,153.9443,-132.0467,1.936327,0.1687385
Continuous asphalt network,153.3849,-129.617,3.872582,0.1690131
Continuous asphalt network,156.7493,-130.3845,3.87266,0.1956288
Continuous asphalt network,155.0657,-132.3026,1.936302,0.1755687
Continuous asphalt network,155.4405,-130.8533,1.93629,0.1758648
Continuous asphalt network,161.2351,-131.4079,7.745151,0.1972128
Continuous asphalt network,157.496,-132.0896,7.74514,0.1860663
Continuous asphalt network,136.0046,-122.1986,3.87263,0.07167456
Continuous asphalt network,137.2187,-123.8185,0.9681694,0.07330665
Continuous asphalt network,137.592,-124.6711,0.9681494,0.06042478
Continuous asphalt network,136.0972,-123.5627,1.936332,0.05781999
Continuous asphalt network,133.481,-122.1984,1.936312,0.05851255
Continuous asphalt network,132.1728,-121.5163,1.936332,0.02783073
Continuous asphalt network,134.6964,-121.5165,3.87263,0.05244987
Continuous asphalt network,127.5944,-119.1289,7.745195,0.02620393
Continuous asphalt network,130.9587,-119.8964,3.872637,0.02759923
Continuous asphalt network,133.2016,-120.4081,3.872614,0.04645165
Continuous asphalt network,121.0537,-115.7183,3.872626,0.01715827
Continuous asphalt network,117.316,-114.0981,1.936368,0.05008435
Continuous asphalt network,119.5589,-114.6098,1.936352,0.02929432
Continuous asphalt network,112.0835,-111.3697,3.872707,0
Continuous asphalt network,115.1205,-112.5421,0.9681585,0.003556258
Continuous asphalt network,116.3353,-113.0111,0.9681721,0.04000305
Continuous asphalt network,119.2789,-113.9704,0.9681405,0.009381026
Continuous asphalt network,117.036,-113.4587,0.9681486,0.02152478
Continuous asphalt network,124.4181,-116.4858,7.74525,0.01199817
Continuous asphalt network,130.3053,-118.4044,1.936326,0.02072443
Continuous asphalt network,133.8564,-119.5982,0.9681635,0.04027014
Continuous asphalt network,131.6135,-119.0865,0.9681673,0.03198415
Continuous asphalt network,127.0343,-117.85,3.87264,0.01385005
Continuous asphalt network,138.7615,-122.7316,1.936317,0.07167424
Continuous asphalt network,138.4801,-124.3941,0.9681482,0.04031734
Continuous asphalt network,138.1068,-123.5415,0.9681714,0.06921184
Continuous asphalt network,137.7808,-121.6446,3.872613,0.07167339
Continuous asphalt network,140.8177,-122.817,1.936325,0.08221531
Continuous asphalt network,142.0325,-123.286,1.936311,0.1277594
Continuous asphalt network,139.5082,-124.4368,1.93633,0.08779676
Continuous asphalt network,139.9763,-123.2006,1.936314,0.08611046
Continuous asphalt network,144.6488,-124.6503,0.9681526,0.0929094
Continuous asphalt network,144.2754,-123.7977,0.9681473,0.1249397
Continuous asphalt network,145.6769,-124.693,1.936327,0.1064857
Continuous asphalt network,148.5272,-125.4392,1.936286,0.1456888
Continuous asphalt network,146.985,-125.3751,0.9681405,0.1441873
Continuous asphalt network,145.9569,-125.3324,0.9681442,0.1024685
Continuous asphalt network,142.8726,-125.2043,1.936341,0.1024714
Continuous asphalt network,143.3406,-123.9682,0.9681696,0.1134941
Continuous asphalt network,143.714,-124.8207,0.9681818,0.1024646
Continuous asphalt network,140.3023,-125.0975,1.936358,0.08578015
Continuous asphalt network,142.3125,-123.9255,0.9681418,0.1135076
Continuous asphalt network,141.6578,-124.7353,0.9681585,0.1024762
Continuous asphalt network,152.3582,-127.2724,3.872605,0.1557928
Continuous asphalt network,155.2085,-128.0186,0.9681935,0.1741105
Continuous asphalt network,156.4233,-128.4875,0.9681439,0.2066096
Continuous asphalt network,153.7597,-128.1677,1.936325,0.1690178
Continuous asphalt network,160.675,-130.129,3.872785,0.1968549
Continuous asphalt network,157.3107,-129.3615,1.936421,0.1957395
Continuous asphalt network,154.0397,-128.8071,0.9682056,0.16901
Continuous asphalt network,156.0959,-128.8925,0.9682007,0.1919729
Continuous asphalt network,149.2739,-127.1443,7.745239,0.1488322
Continuous asphalt network,143.8533,-126.2914,1.936336,0.1030253
Continuous asphalt network,141.6104,-125.7797,1.936293,0.1048635
Continuous asphalt network,145.3021,-126.1423,0.9681619,0.102077
Continuous asphalt network,146.3302,-126.185,0.9681581,0.1448633
Continuous asphalt network,147.8724,-126.249,1.936344,0.1470137
Continuous asphalt network,-54.69232,-23.59583,24.72033,0.0194105
Continuous asphalt network,105.1093,-103.9807,21.33359,0.004715863
Continuous asphalt network,373.5754,-6.811239,16.13148,0.001982155
Continuous asphalt network,375.1515,-10.74372,8.065684,0.03211928
Continuous asphalt network,372.9831,-9.882207,8.065805,0.006702088
Continuous asphalt network,377.767,-0.2107341,16.13175,0.003189369
Continuous asphalt network,377.1244,-6.568039,4.032934,0.02147623
Continuous asphalt network,376.5319,-9.638997,4.032911,0.02541126
Continuous asphalt network,376.3363,-4.601791,8.065889,0.003021165
Continuous asphalt network,383.093,9.245346,8.065795,0.06572905
Continuous asphalt network,382.5006,6.174377,8.065738,0.05213399
Continuous asphalt network,386.4463,14.52576,4.032956,0.06291219
Continuous asphalt network,388.6902,18.59373,2.016309,0.03256456
Continuous asphalt network,387.5557,15.73815,2.016284,0.02980509
Continuous asphalt network,384.7194,8.599197,4.032986,0.03374282
Continuous asphalt network,385.3118,11.67017,4.032961,0.06515707
Continuous asphalt network,379.6393,-2.607742,4.032868,0.01089021
Continuous asphalt network,381.3159,0.03246053,4.033072,0.04665057
Continuous asphalt network,377.9124,-8.534282,4.032961,0.03601246
Continuous asphalt network,378.5048,-5.463323,4.03292,0.007962997
Continuous asphalt network,381.07,1.783315,4.032729,0.0293053
Continuous asphalt network,379.3933,-0.8568878,4.032687,0.01835717
Continuous asphalt network,380.8241,3.53418,8.065793,0.04302768
Continuous asphalt network,386.9157,18.4722,2.01659,0.06551131
Continuous asphalt network,385.8315,18.90295,2.016423,0.04099782
Continuous asphalt network,388.2961,19.57689,4.033012,0.007731739
Continuous asphalt network,385.7812,15.61657,4.03314,0.0629132
Continuous asphalt network,384.9932,17.58282,2.016492,0.02614082
Continuous asphalt network,386.0774,17.15207,2.01666,0.06094246
Continuous asphalt network,385.4626,21.52923,2.016581,0.005462368
Continuous asphalt network,384.6858,19.77137,1.008273,0.04018196
Continuous asphalt network,384.5628,20.6468,1.008319,0.005790484
Continuous asphalt network,384.7975,22.62004,4.033054,0.005709392
Continuous asphalt network,388.0502,21.32778,4.032842,0.006275814
Continuous asphalt network,385.7085,19.77837,2.016423,0.02640493
Continuous asphalt network,386.5469,21.0985,2.016482,0.005461819
Continuous asphalt network,382.0088,9.676117,8.06568,0.05486252
Continuous asphalt network,382.9464,13.02326,1.008237,0.0610478
Continuous asphalt network,382.3798,13.8683,0.2520522,0.06292803
Continuous asphalt network,382.1827,14.35986,0.2520419,0.04148258
Continuous asphalt network,382.8234,13.8987,0.5041152,0.06292029
Continuous asphalt network,383.8335,13.08407,2.016438,0.06314576
Continuous asphalt network,381.911,12.19472,4.032958,0.05922099
Continuous asphalt network,382.9477,17.5689,4.033047,0.04112022
Continuous asphalt network,383.54,20.63986,4.033143,0.01308724
Continuous asphalt network,383.6128,16.47809,4.032713,0.03728179
Continuous asphalt network,384.4008,14.51186,2.016364,0.06291918
Continuous asphalt network,383.107,14.61258,0.5041182,0.0640147
Continuous asphalt network,382.5649,14.82796,0.5041024,0.02582863
Continuous asphalt network,383.7972,15.16494,1.008098,0.0552337
Continuous asphalt network,375.5985,0.650767,32.26358,0.0006277831
Continuous asphalt network,380.8519,14.26865,2.016516,0.04111949
Continuous asphalt network,379.8655,12.1808,1.00824,0.02031101
Continuous asphalt network,380.1617,13.71627,1.008277,0.04071997
Continuous asphalt network,378.1889,9.540599,2.016292,0
Continuous asphalt network,379.4715,13.16391,1.008178,0.06638028
Continuous asphalt network,379.1753,11.62844,1.008121,0.01870861
Continuous asphalt network,381.5924,18.10734,2.016172,0.04111947
Continuous asphalt network,382.7268,20.96292,2.016182,0.01308671
Continuous asphalt network,381.5672,16.46418,4.032906,0.04112013
Continuous asphalt network,378.7058,7.682053,8.066021,0.0006389969
Continuous asphalt network,380.2595,11.19769,2.016498,0.03323922
Continuous asphalt network,381.0978,12.51778,2.016478,0.06836168
Continuous asphalt network,380.0863,8.786784,4.033071,0.03687705
Road 281621314 소성로,-68.96755,-336.929,7.495011,0.004496671
Road 281621314 소성로,-70.89419,-339.6947,7.495253,0.005086015
Road 281621314 소성로,-70.31097,-336.264,7.495184,0.004782459
Road 281621314 소성로,-72.2376,-339.0296,7.494796,0.005038818
Road 281621314 소성로,-71.65439,-335.599,7.49507,0.004922261
Road 281621314 소성로,-73.581,-338.3647,7.494923,0.005020779
Road 281621314 소성로,-72.99783,-334.9339,7.495434,0.004904991
Road 281621314 소성로,-74.92442,-337.6996,7.494826,0.004863473
Road 281621314 소성로,-74.34122,-334.2689,7.494622,0.004912641
Road 281621314 소성로,-76.26783,-337.0346,7.495378,0.005062961
Road 281621314 소성로,-75.68462,-333.6039,7.494693,0.005052492
Road 281621314 소성로,-77.61125,-336.3696,7.495302,0.004719388
Road 281621314 소성로,-77.02805,-332.9388,7.495644,0.00531176
Road 281621314 소성로,-78.95467,-335.7046,7.494354,0.004818182
Road 281621314 소성로,-78.37148,-332.2738,7.49507,0.005399267
Road 281621314 소성로,-80.29807,-335.0396,7.49507,0.005028042
Road 281621314 소성로,-79.71488,-331.6089,7.494695,0.00546647
Road 281621314 소성로,-81.64148,-334.3745,7.495303,0.00557125
Road 281621314 소성로,-81.05829,-330.9438,7.494825,0.00599646
Road 281621314 소성로,-82.98492,-333.7095,7.495287,0.005776362
Road 281621314 소성로,-82.40171,-330.2788,7.495287,0.006664318
Road 281621314 소성로,-84.32834,-333.0445,7.494825,0.005960044
Road 281621314 소성로,-83.74515,-329.6137,7.495303,0.00675352
Road 281621314 소성로,-85.67175,-332.3794,7.494695,0.0062114
Road 281621314 소성로,-85.08855,-328.9488,7.494866,0.006824234
Road 281621314 소성로,-87.01514,-331.7144,7.495254,0.00682397
Road 281621314 소성로,-86.43198,-328.2837,7.495015,0.007028184
Road 281621314 소성로,-88.35859,-331.0494,7.495235,0.00684746
Road 281621314 소성로,-87.77541,-327.6187,7.495065,0.007260324
Road 281621314 소성로,-89.702,-330.3844,7.494771,0.006893968
Road 281621314 소성로,-89.1188,-326.9537,7.494839,0.007503451
Road 281621314 소성로,-91.04541,-329.7194,7.495133,0.007225136
Road 281621314 소성로,-90.46222,-326.2887,7.495064,0.007614896
Road 281621314 소성로,-92.38883,-329.0544,7.495064,0.007617257
Road 281621314 소성로,-91.80564,-325.6236,7.495303,0.007832509
Road 281621314 소성로,-93.73224,-328.3893,7.494695,0.007639461
Road 281621314 소성로,-93.14905,-324.9586,7.494763,0.00806353
Road 281621314 소성로,-95.07565,-327.7243,7.495372,0.007683381
Road 281621314 소성로,-94.49245,-324.2936,7.494689,0.008103498
Road 281621314 소성로,-96.41908,-327.0593,7.495297,0.007726144
Road 281621314 소성로,-95.83588,-323.6286,7.4954,0.008146148
Road 281621314 소성로,-97.7625,-326.3943,7.494718,0.007770988
Road 281621314 소성로,-97.17931,-322.9635,7.495332,0.008413903
Road 281621314 소성로,-99.1059,-325.7292,7.494797,0.007654756
Road 281621314 소성로,-98.52273,-322.2986,7.494934,0.008700881
Road 281621314 소성로,-100.4493,-325.0642,7.49508,0.007720779
Road 281621314 소성로,-99.86613,-321.6335,7.494808,0.008812644
Road 281621314 소성로,-101.7927,-324.3992,7.495196,0.008041555
Road 281621314 소성로,-101.2096,-320.9685,7.495093,0.00890397
Road 281621314 소성로,-103.1362,-323.7342,7.495167,0.008657991
Road 281621314 소성로,-102.553,-320.3035,7.494928,0.008705948
Road 281621314 소성로,-104.4796,-323.0692,7.494928,0.008663454
Road 281621314 소성로,-103.8964,-319.6385,7.49544,0.008524803
Road 281621314 소성로,-105.823,-322.4041,7.494831,0.008648154
Road 281621314 소성로,-105.2398,-318.9734,7.494866,0.008886012
Road 281621314 소성로,-107.1664,-321.7391,7.495013,0.008766568
Road 281621314 소성로,-106.5832,-318.3085,7.494296,0.009073948
Road 281621314 소성로,-108.5098,-321.0741,7.495827,0.008644766
Road 281621314 소성로,-107.9266,-317.6434,7.495588,0.009123806
Road 281621314 소성로,-109.8533,-320.409,7.494518,0.008881588
Road 281621314 소성로,-109.2701,-316.9784,7.495304,0.009153124
Road 281621314 소성로,-111.1967,-319.744,7.494696,0.008910673
Road 281621314 소성로,-110.6135,-316.3134,7.494797,0.009181983
Road 281621314 소성로,-112.5401,-319.0791,7.495332,0.008829969
Road 281621314 소성로,-111.9569,-315.6483,7.495332,0.009225165
Road 281621314 소성로,-113.8835,-318.414,7.494797,0.008633918
Road 281621314 소성로,-113.3003,-314.9833,7.494388,0.009299724
Road 281621314 소성로,-115.2269,-317.749,7.495605,0.008715912
Road 281621314 소성로,-114.6437,-314.3183,7.495331,0.009375608
Road 281621314 소성로,-116.5703,-317.084,7.494796,0.00879815
Road 281621314 소성로,-115.9872,-313.6532,7.495548,0.009453219
Road 281621314 소성로,-117.9137,-316.4189,7.494331,0.008882147
Road 281621314 소성로,-117.3305,-312.9883,7.494604,0.009531116
Road 281621314 소성로,-119.2571,-315.754,7.495674,0.008966971
Road 281621314 소성로,-118.674,-312.3232,7.494922,0.008916156
Road 281621314 소성로,-120.6006,-315.0889,7.495069,0.008960313
Road 281621314 소성로,-120.0174,-311.6582,7.49507,0.008464234
Road 281621314 소성로,-121.944,-314.4239,7.494923,0.008891149
Road 281621314 소성로,-121.3608,-310.9932,7.495127,0.008876742
Road 281621314 소성로,-123.2874,-313.7589,7.495127,0.008862391
Road 281621314 소성로,-122.7042,-310.3282,7.495094,0.009141303
Road 281621314 소성로,-124.6308,-313.0938,7.494874,0.008590877
Road 281621314 소성로,-124.0476,-309.6632,7.494771,0.00899125
Road 281621314 소성로,-125.9742,-312.4289,7.495065,0.008979799
Road 281621314 소성로,-125.391,-308.9982,7.494894,0.008999142
Road 281621314 소성로,-127.3177,-311.7638,7.495392,0.008982976
Road 281621314 소성로,-126.7345,-308.3331,7.495221,0.009102993
Road 281621314 소성로,-128.6611,-311.0988,7.494723,0.008769182
Road 281621314 소성로,-128.0779,-307.6681,7.49544,0.009156224
Road 281621314 소성로,-130.0045,-310.4337,7.494648,0.00844721
Road 281621314 소성로,-129.4213,-307.0031,7.495023,0.008593476
Road 281621314 소성로,-131.3479,-309.7688,7.49528,0.008471825
Road 281621314 소성로,-130.7647,-306.338,7.494529,0.008244955
Road 281621314 소성로,-132.6913,-309.1038,7.495211,0.008432638
Road 281621314 소성로,-132.1081,-305.6731,7.495142,0.008204875
Road 281621314 소성로,-134.0347,-308.4387,7.494996,0.00818521
Road 281621314 소성로,-133.4516,-305.008,7.495269,0.008351931
Road 281621314 소성로,-135.3781,-307.7737,7.494734,0.007903223
Road 281621314 소성로,-134.795,-304.343,7.494871,0.007916893
Road 281621314 소성로,-136.7216,-307.1087,7.495259,0.007905913
Road 281621314 소성로,-136.1384,-303.678,7.495122,0.0076172
Road 281621314 소성로,-138.065,-306.4436,7.495122,0.00784312
Road 281621314 소성로,-137.4818,-303.013,7.494645,0.008042099
Road 281621314 소성로,-139.4084,-305.7787,7.495327,0.007889443
Road 281621314 소성로,-138.8252,-302.3479,7.495053,0.008396033
Road 281621314 소성로,-140.7518,-305.1136,7.495053,0.007494513
Road 281621314 소성로,-140.1687,-301.6829,7.495805,0.008041415
Road 281621314 소성로,-142.0953,-304.4486,7.494294,0.008044186
Road 281621314 소성로,-141.5121,-301.0179,7.494704,0.007654831
Road 281621314 소성로,-143.4386,-303.7836,7.495144,0.007948756
Road 281621314 소성로,-142.8555,-300.3529,7.494802,0.007504511
Road 281621314 소성로,-144.7821,-303.1186,7.495337,0.007443453
Road 281621314 소성로,-144.1989,-299.6879,7.494997,0.007529018
Road 281621314 소성로,-146.1255,-302.4535,7.494997,0.007144747
Road 281621314 소성로,-145.5423,-299.0228,7.495064,0.006978048
Road 281621314 소성로,-147.4689,-301.7885,7.495064,0.007222866
Road 281621314 소성로,-146.8857,-298.3578,7.495269,0.006623913
Road 281621314 소성로,-148.8123,-301.1235,7.494734,0.00682532
Road 281621314 소성로,-148.2291,-297.6928,7.494461,0.006187314
Road 281621314 소성로,-150.1557,-300.4585,7.495532,0.006214718
Road 281621314 소성로,-149.5725,-297.0278,7.495394,0.006065291
Road 281621314 소성로,-151.4992,-299.7934,7.494859,0.006036636
Road 281621314 소성로,-150.916,-296.3627,7.495202,0.005983252
Road 281621314 소성로,-152.8426,-299.1284,7.494667,0.005947993
Road 281621314 소성로,-152.2594,-295.6977,7.494733,0.005913257
Road 281621314 소성로,-154.186,-298.4634,7.495415,0.005744885
Road 281621314 소성로,-153.6028,-295.0327,7.495621,0.005670417
Road 281621314 소성로,-155.5294,-297.7983,7.494792,0.005604906
Road 281621314 소성로,-154.9462,-294.3677,7.494656,0.005532061
Road 281621314 소성로,-156.8728,-297.1334,7.495191,0.005574208
Road 281621314 소성로,-156.2896,-293.7027,7.494508,0.005629003
Road 281621314 소성로,-158.2162,-296.4684,7.495337,0.005396439
Road 281621314 소성로,-157.633,-293.0376,7.495677,0.005348503
Road 281621314 소성로,-159.5596,-295.8033,7.494461,0.005210896
Road 281621314 소성로,-158.9765,-292.3726,7.495008,0.005147648
Road 281621314 소성로,-160.903,-295.1383,7.494861,0.005132232
Road 281621314 소성로,-160.3199,-291.7076,7.494792,0.005134821
Road 281621314 소성로,-162.2465,-294.4733,7.495621,0.005404384
Road 281621314 소성로,-161.6633,-291.0426,7.49487,0.005438688
Road 281621314 소성로,-163.5899,-293.8083,7.495258,0.005281645
Road 281621314 소성로,-163.0067,-290.3775,7.495599,0.005489008
Road 281621314 소성로,-164.9333,-293.1432,7.494529,0.005154609
Road 281621314 소성로,-164.3501,-289.7125,7.494939,0.005367492
Road 281621314 소성로,-166.2767,-292.4782,7.494939,0.005422263
Road 281621314 소성로,-165.6935,-289.0475,7.494802,0.005383374
Road 281621314 소성로,-167.6201,-291.8132,7.495337,0.006027192
Road 281621314 소성로,-167.037,-288.3825,7.495269,0.006410081
Road 281621314 소성로,-168.9636,-291.1482,7.494734,0.005932163
Road 281621314 소성로,-168.3804,-287.7175,7.495075,0.006713149
Road 281621314 소성로,-170.307,-290.4832,7.494928,0.005679489
Road 281621314 소성로,-169.7238,-287.0525,7.49452,0.005956567
Road 281621314 소성로,-171.6504,-289.8181,7.495737,0.006253729
Road 281621314 소성로,-171.0672,-286.3875,7.495189,0.005638502
Road 281621314 소성로,-172.9938,-289.1531,7.494801,0.007441696
Road 281621314 소성로,-172.4106,-285.7224,7.495417,0.007050641
Road 281621314 소성로,-174.3372,-288.4881,7.494588,0.006603802
Road 281621314 소성로,-173.754,-285.0574,7.494519,0.007182664
Road 281621314 소성로,-175.6806,-287.8231,7.495736,0.006495362
Road 281621314 소성로,-175.0975,-284.3924,7.49519,0.007052742
Road 281621314 소성로,-177.0241,-287.1581,7.494802,0.007409519
Road 281621314 소성로,-176.4409,-283.7273,7.495279,0.007101925
Road 281621314 소성로,-178.3675,-286.493,7.494597,0.008246168
Road 281621314 소성로,-177.7843,-283.0623,7.494871,0.01000738
Road 281621314 소성로,-179.7109,-285.828,7.495259,0.007127864
Road 281621314 소성로,-179.1277,-282.3973,7.494781,0.01062848
Road 281621314 소성로,-181.0543,-285.163,7.495463,0.006698422
Road 281621314 소성로,-180.4711,-281.7323,7.495531,0.01034552
Road 281621314 소성로,-182.3978,-284.4979,7.494461,0.007801136
Road 281621314 소성로,-181.8146,-281.0673,7.495213,0.00820395
Road 281621314 소성로,-183.7411,-283.833,7.494772,0.009146419
Road 281621314 소성로,-183.1579,-280.4023,7.494226,0.01029493
Road 281621314 소성로,-185.0845,-283.1679,7.495737,0.009064237
Road 281621314 소성로,-184.5013,-279.7373,7.495121,0.01079643
Road 281621314 소성로,-186.428,-282.5029,7.495121,0.008771463
Road 281621314 소성로,-185.8448,-279.0722,7.495532,0.01034656
Road 281621314 소성로,-187.7714,-281.8379,7.494461,0.009272765
Road 281621314 소성로,-187.1882,-278.4072,7.495075,0.009997275
Road 281621314 소성로,-189.1148,-281.1729,7.495075,0.01007424
Road 281621314 소성로,-188.5316,-277.7422,7.494597,0.01238095
Road 281621314 소성로,-190.4582,-280.5078,7.495279,0.00919232
Road 281621314 소성로,-189.875,-277.0771,7.495142,0.01121552
Road 281621314 소성로,-191.8016,-279.8428,7.494996,0.009095507
Road 281621314 소성로,-191.2184,-276.4121,7.495065,0.01107337
Road 281621314 소성로,-193.1451,-279.1778,7.494918,0.01045668
Road 281621314 소성로,-192.5619,-275.7471,7.495122,0.01105204
Road 281621314 소성로,-194.4885,-278.5128,7.495122,0.01103088
Road 281621314 소성로,-193.9053,-275.0821,7.495259,0.01229661
Road 281621314 소성로,-195.8319,-277.8477,7.494871,0.009797261
Road 281621314 소성로,-195.2487,-274.4171,7.495007,0.01248024
Road 281621314 소성로,-197.1753,-277.1827,7.495007,0.009714996
Road 281621314 소성로,-196.5921,-273.7521,7.494461,0.01240779
Road 281621314 소성로,-198.5187,-276.5177,7.495532,0.01084744
Road 281621314 소성로,-197.9355,-273.087,7.495121,0.01102955
Road 281621314 소성로,-199.8622,-275.8527,7.495121,0.01171462
Road 281621314 소성로,-199.279,-272.422,7.495532,0.01233307
Road 281621314 소성로,-201.2056,-275.1877,7.494461,0.01170124
Road 281621314 소성로,-200.6224,-271.757,7.494734,0.01255178
Road 281621314 소성로,-202.549,-274.5227,7.495269,0.01180883
Road 281621314 소성로,-201.9658,-271.0919,7.495201,0.01253949
Road 281621314 소성로,-203.8924,-273.8576,7.494907,0.01201861
Road 281621314 소성로,-203.3092,-270.4269,7.494976,0.01253016
Road 281621314 소성로,-205.2358,-273.1926,7.494735,0.01200034
Road 281621314 소성로,-204.6526,-269.7619,7.494802,0.01252246
Road 281621314 소성로,-206.5792,-272.5276,7.495484,0.01183197
Road 281621314 소성로,-205.996,-269.0969,7.495552,0.01251271
Road 281621314 소성로,-207.9227,-271.8625,7.494723,0.01182307
Road 281621314 소성로,-207.3395,-268.4319,7.494929,0.0125035
Road 281621314 소성로,-209.2661,-271.1976,7.495076,0.01244484
Road 281621314 소성로,-208.6829,-267.7669,7.494529,0.01250285
Road 281621314 소성로,-210.6095,-270.5326,7.495599,0.01270644
Road 281621314 소성로,-210.0263,-267.1018,7.495258,0.01340513
Road 281621314 소성로,-211.9529,-269.8675,7.49487,0.01249085
Road 281621314 소성로,-211.3697,-266.4368,7.494938,0.01351433
Road 281621314 소성로,-213.2963,-269.2025,7.494791,0.0124818
Road 281621314 소성로,-212.7131,-265.7718,7.495542,0.01347183
Road 281621314 소성로,-214.6397,-268.5375,7.49486,0.01311947
Road 281621314 소성로,-214.0565,-265.1068,7.494588,0.01315995
Road 281621314 소성로,-215.9831,-267.8725,7.49527,0.01350142
Road 281621314 소성로,-215.3999,-264.4418,7.494722,0.01408115
Road 281621314 소성로,-217.3266,-267.2074,7.495551,0.01349693
Road 281621314 소성로,-216.7434,-263.7767,7.495756,0.01417957
Road 281621314 소성로,-218.67,-266.5424,7.494392,0.01394918
Road 281621314 소성로,-218.0868,-263.1117,7.494939,0.01409686
Road 281621314 소성로,-220.0134,-265.8774,7.494939,0.01452311
Road 281621314 소성로,-219.4302,-262.4467,7.495143,0.01401188
Road 281621314 소성로,-221.3568,-265.2124,7.494996,0.01452634
Road 281621314 소성로,-220.7736,-261.7817,7.494725,0.01364512
Road 281621314 소성로,-222.7002,-264.5474,7.495407,0.01453456
Road 281621314 소성로,-222.117,-261.1167,7.494654,0.01419703
Road 281621314 소성로,-224.0437,-263.8823,7.495336,0.01453742
Road 281621314 소성로,-223.4604,-260.4516,7.49561,0.01420015
Road 281621314 소성로,-225.3871,-263.2173,7.494393,0.01454079
Road 281621314 소성로,-224.8038,-259.7866,7.494734,0.01420283
Road 281621314 소성로,-226.7305,-262.5523,7.495269,0.01437626
Road 281621314 소성로,-226.1473,-259.1216,7.495234,0.01515656
Road 281621314 소성로,-228.0739,-261.8872,7.494917,0.01419227
Road 281621314 소성로,-227.4907,-258.4566,7.495021,0.01521565
Road 281621314 소성로,-229.4173,-261.2223,7.495338,0.01418312
Road 281621314 소성로,-228.8341,-257.7915,7.494791,0.01520718
Road 281621314 소성로,-230.7607,-260.5572,7.494937,0.01522353
Road 281621314 소성로,-230.1776,-257.1265,7.495553,0.01520796
Road 281621314 소성로,-232.1042,-259.8922,7.494724,0.01571802
Road 281621314 소성로,-231.521,-256.4615,7.494656,0.01521118
Road 281621314 소성로,-233.4476,-259.2272,7.495337,0.01572285
Road 281621314 소성로,-232.8644,-255.7965,7.495064,0.01521598
Road 281621314 소성로,-234.791,-258.5622,7.495064,0.01646294
Road 281621314 소성로,-234.2078,-255.1315,7.495099,0.01522839
Road 281621314 소성로,-236.1344,-257.8971,7.494928,0.01640212
Road 281621314 소성로,-235.5512,-254.4664,7.49503,0.01524139
Road 281621314 소성로,-237.4778,-257.2321,7.495007,0.01610109
Road 281621314 소성로,-236.8946,-253.8014,7.494836,0.01499762
Road 281621314 소성로,-238.8212,-256.5671,7.49486,0.01594701
Road 281621314 소성로,-238.238,-253.1364,7.495201,0.01577786
Road 281621314 소성로,-240.1646,-255.9021,7.495201,0.01594875
Road 281621314 소성로,-239.5815,-252.4714,7.495406,0.01578116
Road 281621314 소성로,-241.5081,-255.2371,7.494918,0.01595182
Road 281621314 소성로,-240.9249,-251.8064,7.494509,0.01578235
Road 281621314 소성로,-242.8515,-254.5721,7.495338,0.0159541
Road 281621314 소성로,-242.2683,-251.1414,7.494722,0.01628595
Road 281621314 소성로,-244.1949,-253.907,7.495257,0.01594939
Road 281621314 소성로,-243.6117,-250.4763,7.495702,0.01628966
Road 281621314 소성로,-245.5383,-253.242,7.494314,0.01594385
Road 281621314 소성로,-244.9551,-249.8113,7.4951,0.01637923
Road 281621314 소성로,-246.8817,-252.577,7.4951,0.01669074
Road 281621314 소성로,-246.2985,-249.1463,7.494246,0.01662868
Road 281621314 소성로,-248.2251,-251.912,7.495804,0.01697139
Road 281621314 소성로,-247.642,-248.4813,7.495326,0.01663435
Road 281621314 소성로,-249.5686,-251.2469,7.494643,0.01697639
Road 281621314 소성로,-248.9854,-247.8162,7.495601,0.01663925
Road 281621314 소성로,-250.912,-250.5819,7.494237,0.01805938
Road 281621314 소성로,-250.3288,-247.1512,7.494646,0.01666116
Road 281621314 소성로,-252.2554,-249.9169,7.495621,0.01757378
Road 281621314 소성로,-251.6722,-246.4862,7.494972,0.01666044
Road 281621314 소성로,-253.5988,-249.2519,7.495166,0.0171976
Road 281621314 소성로,-253.0156,-245.8212,7.495099,0.0160004
Road 281621314 소성로,-254.9422,-248.5869,7.494905,0.01738696
Road 281621314 소성로,-254.359,-245.1562,7.494938,0.01671736
Road 281621314 소성로,-256.2856,-247.9219,7.495206,0.01740505
Road 281621314 소성로,-255.7024,-244.4911,7.494933,0.01673162
Road 281621314 소성로,-257.6291,-247.2568,7.495054,0.0170247
Road 281621314 소성로,-257.0459,-243.8261,7.495258,0.01675419
Road 281621314 소성로,-258.9725,-246.5918,7.49487,0.01713977
Road 281621314 소성로,-258.3893,-243.1611,7.494086,0.01725163
Road 281621314 소성로,-260.3159,-245.9268,7.495838,0.0172521
Road 281621314 소성로,-259.7181,-242.5033,7.251537,0.01725211
Road 281621314 소성로,-261.6304,-245.276,7.254899,0.01725142
Road 281621314 소성로,-261.0181,-241.8596,7.253328,0.01735665
Road 281621314 소성로,-262.9305,-244.6322,7.253328,0.01763233
Road 281621314 소성로,-262.3181,-241.2159,7.253568,0.01759656
Road 281621314 소성로,-264.2306,-243.9885,7.252886,0.01776629
Road 281621314 소성로,-263.6182,-240.5722,7.253227,0.01663689
Road 281621314 소성로,-265.5305,-243.3448,7.253227,0.01779138
Road 281621314 소성로,-264.9182,-239.9285,7.253364,0.01661419
Road 281621314 소성로,-266.8306,-242.7012,7.253412,0.01920098
Road 281621314 소성로,-266.2182,-239.2848,7.2529,0.01671435
Road 281621314 소성로,-268.1306,-242.0575,7.253241,0.01868695
Road 281621314 소성로,-267.5182,-238.6412,7.253104,0.01690009
Road 281621314 소성로,-269.4306,-241.4138,7.253397,0.01776825
Road 281621314 소성로,-268.8182,-237.9974,7.253635,0.0163023
Road 281621314 소성로,-270.7306,-240.7701,7.252954,0.01805479
Road 281621314 소성로,-270.1183,-237.3538,7.253467,0.0173172
Road 281621314 소성로,-272.0307,-240.1264,7.252832,0.01817609
Road 281621314 소성로,-271.4182,-236.7101,7.252559,0.01734337
Road 281621314 소성로,-273.3307,-239.4828,7.253875,0.0176799
Road 281621314 소성로,-272.7183,-236.0664,7.253328,0.01735457
Road 281621314 소성로,-274.6307,-238.8391,7.253328,0.01747173
Road 281621314 소성로,-274.0183,-235.4227,7.253875,0.01700064
Road 281621314 소성로,-275.9308,-238.1954,7.252559,0.01788785
Road 281621314 소성로,-275.3184,-234.779,7.253311,0.01689215
Road 281621314 소성로,-277.2307,-237.5517,7.253311,0.01792363
Road 281621314 소성로,-276.6184,-234.1354,7.252696,0.0169294
Road 281621314 소성로,-278.5307,-236.908,7.253378,0.01755538
Road 281621314 소성로,-277.9184,-233.4917,7.253241,0.0172812
Road 281621314 소성로,-279.8307,-236.2644,7.253241,0.01694179
Road 281621314 소성로,-279.2184,-232.848,7.253207,0.01637302
Road 281621314 소성로,-281.1308,-235.6207,7.253548,0.01696271
Road 281621314 소성로,-280.5184,-232.2043,7.252967,0.01581111
Road 281621314 소성로,-282.4308,-234.977,7.253261,0.01809541
Road 281621314 소성로,-281.8184,-231.5606,7.253568,0.01590575
Road 281621314 소성로,-283.7308,-234.3333,7.252934,0.01965076
Road 281621314 소성로,-283.1184,-230.9169,7.253378,0.0165705
Road 281621314 소성로,-285.0309,-233.6896,7.253378,0.01572564
Road 281621314 소성로,-284.4185,-230.2732,7.253241,0.01596561
Road 281621314 소성로,-286.3309,-233.0459,7.253241,0.01618849
Road 281621314 소성로,-285.7185,-229.6296,7.253378,0.01605915
Road 281621314 소성로,-287.6309,-232.4022,7.253378,0.01740434
Road 281621314 소성로,-287.0186,-228.9859,7.253241,0.0162672
Road 281621314 소성로,-288.9309,-231.7585,7.252559,0.017132
Road 281621314 소성로,-288.3185,-228.3422,7.253277,0.01630934
Road 281621314 소성로,-290.2309,-231.1149,7.253277,0.01547114
Road 281621314 소성로,-289.6185,-227.6986,7.252593,0.01573034
Road 281621314 소성로,-291.5309,-230.4712,7.253909,0.01545764
Road 281621314 소성로,-290.9185,-227.0549,7.25309,0.01481431
Road 281621314 소성로,-292.831,-229.8275,7.253479,0.01549166
Road 281621314 소성로,-292.2186,-226.4111,7.25382,0.01484951
Road 281621314 소성로,-294.131,-229.1838,7.252797,0.01543715
Road 281621314 소성로,-293.5186,-225.7674,7.253481,0.01465985
Road 281621314 소성로,-295.431,-228.5401,7.252799,0.01356379
Road 281621314 소성로,-294.8186,-225.1238,7.252696,0.01426037
Road 281621314 소성로,-296.731,-227.8964,7.253719,0.01352119
Road 281621314 소성로,-296.4055,-224.3697,11.84419,0.01350553
Road 281621314 소성로,-298.031,-227.2527,2.53902,0.01328682
Road 281621314 소성로,-298.0526,-223.8434,11.66173,0.01341548
Road 281621314 소성로,-299.1198,-227.0672,2.398603,0.01426596
Road 281621314 소성로,-299.466,-223.7213,7.094033,0.01330724
Road 281621314 소성로,-300.224,-227.0016,7.093734,0.01297742
Road 281621314 소성로,-300.8795,-223.5992,7.093569,0.01154498
Road 281621314 소성로,-301.6375,-226.8795,7.093261,0.01245375
Road 281621314 소성로,-302.2929,-223.4772,7.093267,0.01144333
Road 281621314 소성로,-303.0509,-226.7574,7.093575,0.01210819
Road 281621314 소성로,-303.7063,-223.3551,7.093423,0.01154835
Road 281621314 소성로,-304.4643,-226.6354,7.093723,0.0121109
Road 281621314 소성로,-305.1198,-223.233,7.093723,0.01171347
Road 281621314 소성로,-305.8778,-226.5133,7.093423,0.01211503
Road 281621314 소성로,-306.5332,-223.1109,7.093423,0.01171566
Road 281621314 소성로,-307.2912,-226.3912,7.093423,0.01203838
Road 281621314 소성로,-307.9467,-222.9888,7.093423,0.01046709
Road 281621314 소성로,-308.7046,-226.2691,7.093423,0.009834797
Road 281621314 소성로,-309.3601,-222.8668,7.093582,0.009684975
Road 281621314 소성로,-310.1181,-226.147,7.093582,0.009836604
Road 281621314 소성로,-310.7735,-222.7447,7.093575,0.009687019
Road 281621314 소성로,-311.5315,-226.025,7.093575,0.009838673
Road 281621314 소성로,-312.187,-222.6226,7.093271,0.009688181
Road 281621314 소성로,-312.9449,-225.9029,7.093571,0.009838758
Road 281621314 소성로,-313.6004,-222.5005,7.093723,0.009689006
Road 281621314 소성로,-314.3584,-225.7808,7.093423,0.009841135
Road 281621314 소성로,-315.0139,-222.3785,7.093727,0.00913346
Road 281621314 소성로,-315.7718,-225.6587,7.09342,0.009418439
Road 281621314 소성로,-316.4273,-222.2564,7.093109,0.008460122
Road 281621314 소성로,-317.1853,-225.5367,7.093716,0.009015352
Road 281621314 소성로,-317.8407,-222.1343,7.093266,0.008465758
Road 281621314 소성로,-318.5988,-225.4146,7.09419,0.009134094
Road 281621314 소성로,-319.2542,-222.0122,7.093132,0.008476163
Road 281621314 소성로,-320.0122,-225.2925,7.09344,0.009144216
Road 471689462 독배로317번길,-355.2956,-230.3369,7.498941,0.00581846
Road 471689462 독배로317번길,-355.6583,-226.9859,7.499285,0.005633337
Road 471689462 독배로317번길,-353.8449,-229.9562,7.498951,0.005823612
Road 471689462 독배로317번길,-354.2076,-226.6051,7.499863,0.006336887
Road 471689462 독배로317번길,-352.3942,-229.5754,7.498861,0.005809756
Road 471689462 독배로317번길,-352.7568,-226.2244,7.499206,0.006334922
Road 471689462 독배로317번길,-350.9435,-229.1947,7.499707,0.005797373
Road 471689462 독배로317번길,-351.3061,-225.8436,7.498734,0.006324418
Road 471689462 독배로317번길,-349.4928,-228.8139,7.49894,0.006107999
Road 471689462 독배로317번길,-349.8554,-225.4629,7.499568,0.006320295
Road 471689462 독배로317번길,-348.0421,-228.4332,7.499028,0.007245551
Road 471689462 독배로317번길,-348.4047,-225.0822,7.499028,0.005865825
Road 471689462 독배로317번길,-346.5914,-228.0525,7.499401,0.007271025
Road 471689462 독배로317번길,-346.954,-224.7014,7.498773,0.00651819
Road 471689462 독배로317번길,-345.1407,-227.6717,7.499235,0.007288569
Road 471689462 독배로317번길,-345.5033,-224.3207,7.499235,0.007287954
Road 471689462 독배로317번길,-343.6899,-227.291,7.499549,0.007288913
Road 471689462 독배로317번길,-344.0526,-223.9399,7.498921,0.007288883
Road 471689462 독배로317번길,-342.2393,-226.9102,7.49896,0.007288239
Road 471689462 독배로317번길,-342.6019,-223.5591,7.499305,0.00728794
Road 471689462 독배로317번길,-340.7886,-226.5294,7.498765,0.007288415
Road 471689462 독배로317번길,-341.1512,-223.1784,7.499677,0.007415993
Road 471689462 독배로317번길,-339.3379,-226.1487,7.499215,0.007285631
Road 471689462 독배로317번길,-339.7005,-222.7977,7.499215,0.007566392
Road 471689462 독배로317번길,-338.0763,-225.806,4.610651,0.007277229
Road 471689462 독배로317번길,-338.2498,-222.4169,10.33726,0.007521257
Road 471689462 독배로317번길,-336.8404,-225.5598,3.975445,0.007303727
Road 471689462 독배로317번길,-336.6325,-222.2346,10.14305,0.007697549
Road 471689462 독배로317번길,-335.4234,-225.5339,7.085981,0.007308337
Road 471689462 독배로317번길,-335.012,-222.1926,7.085677,0.007700009
Road 471689462 독배로317번길,-334.0065,-225.508,7.086295,0.007313718
Road 471689462 독배로317번길,-333.5951,-222.1666,7.085686,0.007706448
Road 471689462 독배로317번길,-332.5896,-225.4821,7.085224,0.007756408
Road 471689462 독배로317번길,-332.1782,-222.1407,7.086441,0.00757841
Road 471689462 독배로317번길,-331.1726,-225.4562,7.085828,0.008068988
Road 471689462 독배로317번길,-330.7612,-222.1148,7.085828,0.007157946
Road 471689462 독배로317번길,-329.7557,-225.4304,7.086288,0.008054355
Road 471689462 독배로317번길,-329.3442,-222.0889,7.08568,0.007670054
Road 471689462 독배로317번길,-328.3387,-225.4045,7.085833,0.008050477
Road 471689462 독배로317번길,-327.9273,-222.063,7.085833,0.007665614
Road 471689462 독배로317번길,-326.9218,-225.3786,7.08568,0.008045265
Road 471689462 독배로317번길,-326.5104,-222.0372,7.085984,0.007660208
Road 471689462 독배로317번길,-325.5049,-225.3527,7.085983,0.008040573
Road 471689462 독배로317번길,-325.0934,-222.0113,7.085679,0.007657037
Road 471689462 독배로317번길,-324.0879,-225.3268,7.086139,0.00877627
Road 471689462 독배로317번길,-323.6765,-221.9854,7.08553,0.00744735
Road 471689462 독배로317번길,-322.671,-225.3009,7.085989,0.009169094
Road 471689462 독배로317번길,-322.2596,-221.9595,7.085685,0.007878763
Road 471689462 독배로317번길,-321.254,-225.2749,7.08599,0.009164046
Road 471689462 독배로317번길,-320.8427,-221.9335,7.08599,0.008377733
Road 281621314 restored connection,481.5011,-609.7393,5.46771,0.03411026
Road 281621314 restored connection,481.2259,-613.3523,9.193765,0.03201664
Road 281621314 restored connection,480.31,-609.1211,5.467952,0.03359277
Road 281621314 restored connection,479.8143,-612.6196,9.194547,0.03242708
Road 281621314 restored connection,479.1189,-608.5027,5.467726,0.03328073
Road 281621314 restored connection,478.4027,-611.8867,9.194697,0.03345089
Road 281621314 restored connection,477.9279,-607.8845,5.467043,0.03332653
Road 281621314 restored connection,476.9911,-611.1538,9.196078,0.03324723
Road 281621314 restored connection,476.7368,-607.2661,5.467809,0.03292038
Road 281621314 restored connection,475.5796,-610.421,9.193543,0.03191839
Road 281621314 restored connection,475.5457,-606.6476,5.468647,0.03267566
Road 281621314 restored connection,474.168,-609.6882,9.194163,0.03234207
Road 281621314 restored connection,474.3547,-606.0293,5.467191,0.0322223
Road 281621314 restored connection,472.7564,-608.9553,9.1955,0.03213617
Road 281621314 restored connection,473.1636,-605.4109,5.467852,0.03216508
Road 281621314 restored connection,471.3448,-608.2225,9.193551,0.03170038
Road 281621314 restored connection,471.8827,-604.7459,6.987672,0.03163955
Road 281621314 restored connection,469.9333,-607.4897,7.675047,0.0319352
Road 281621314 restored connection,470.5813,-604.0703,7.330813,0.0318835
Road 281621314 restored connection,468.6117,-606.8035,7.330813,0.03165726
Road 281621314 restored connection,469.2801,-603.3947,7.331496,0.03202235
Road 281621314 restored connection,467.3103,-606.1279,7.331294,0.03076796
Road 281621314 restored connection,467.9787,-602.7191,7.331846,0.03114353
Road 281621314 restored connection,466.0091,-605.4523,7.330187,0.02987875
Road 281621314 restored connection,466.6774,-602.0435,7.330859,0.02996804
Road 281621314 restored connection,464.7078,-604.7768,7.332227,0.02976242
Road 281621314 restored connection,465.3761,-601.368,7.330601,0.02971925
Road 281621314 restored connection,463.4064,-604.1011,7.331386,0.03004075
Road 281621314 restored connection,464.0748,-600.6923,7.331511,0.03044862
Road 281621314 restored connection,462.1051,-603.4256,7.330727,0.0295468
Road 281621314 restored connection,462.7734,-600.0168,7.331143,0.02996368
Road 281621314 restored connection,460.8037,-602.7499,7.331636,0.02871814
Road 281621314 restored connection,461.4721,-599.3411,7.330808,0.02919014
Road 281621314 restored connection,459.5025,-602.0744,7.330808,0.02853869
Road 281621314 restored connection,460.1708,-598.6656,7.331907,0.02868261
Road 281621314 restored connection,458.2012,-601.3987,7.330831,0.0285192
Road 281621314 restored connection,458.8695,-597.9899,7.331367,0.02897594
Road 281621314 restored connection,456.8999,-600.7232,7.330291,0.02787578
Road 281621314 restored connection,457.5682,-597.3145,7.330302,0.02804591
Road 281621314 restored connection,455.5986,-600.0477,7.332253,0.02760754
Road 281621314 restored connection,456.2669,-596.6389,7.330888,0.02780019
Road 281621314 restored connection,454.2972,-599.3721,7.331381,0.02790254
Road 281621314 restored connection,454.9656,-595.9633,7.331381,0.02785056
Road 281621314 restored connection,452.9958,-598.6964,7.331673,0.0272034
Road 281621314 restored connection,453.6642,-595.2876,7.331808,0.02739975
Road 281621314 restored connection,451.6945,-598.0208,7.33044,0.02667301
Road 281621314 restored connection,452.3534,-594.6071,7.491763,0.02689931
Road 281621314 restored connection,450.3933,-597.3452,7.170025,0.02617167
Road 281621314 restored connection,451.0385,-593.9317,7.511501,0.02635101
Road 281621314 restored connection,449.0934,-596.6846,7.190961,0.02619956
Road 281621314 restored connection,449.725,-593.2711,7.352007,0.02610576
Road 281621314 restored connection,447.7893,-596.0287,7.351714,0.02660149
Road 281621314 restored connection,448.4114,-592.6104,7.352124,0.02636669
Road 281621314 restored connection,446.4758,-595.3681,7.350759,0.0271027
Road 281621314 restored connection,447.0979,-591.9498,7.351167,0.02687217
Road 281621314 restored connection,445.1624,-594.7076,7.35146,0.02670453
Road 281621314 restored connection,445.7843,-591.2892,7.350779,0.02666383
Road 281621314 restored connection,443.8489,-594.0469,7.351851,0.02635069
Road 281621314 restored connection,444.4709,-590.6286,7.351168,0.02612747
Road 281621314 restored connection,442.5353,-593.3864,7.351461,0.02563967
Road 281621314 restored connection,443.1574,-589.968,7.351189,0.02552999
Road 281621314 restored connection,441.2218,-592.7256,7.352262,0.02501601
Road 281621314 restored connection,441.8438,-589.3073,7.351988,0.0245111
Road 281621314 restored connection,439.9082,-592.0649,7.350916,0.02462148
Road 281621314 restored connection,440.5303,-588.6467,7.352553,0.02393587
Road 281621314 restored connection,438.5947,-591.4044,7.350602,0.02392162
Road 281621314 restored connection,439.2167,-587.986,7.351283,0.0236292
Road 281621314 restored connection,437.2813,-590.7438,7.351576,0.02361088
Road 281621314 restored connection,437.9032,-587.3255,7.350486,0.02326783
Road 281621314 restored connection,435.9677,-590.0833,7.352144,0.02322147
Road 281621314 restored connection,436.5897,-586.6649,7.351735,0.02264988
Road 281621314 restored connection,434.6541,-589.4225,7.351735,0.02258566
Road 281621314 restored connection,435.2762,-586.0042,7.351462,0.02199668
Road 281621314 restored connection,433.3406,-588.7619,7.351462,0.02186922
Road 281621314 restored connection,433.9626,-585.3436,7.351735,0.02174272
Road 281621314 restored connection,432.0271,-588.1013,7.351735,0.02178957
Road 281621314 restored connection,432.6491,-584.6829,7.352008,0.02180229
Road 281621314 restored connection,430.7135,-587.4406,7.350643,0.02167255
Road 281621314 restored connection,431.3356,-584.0223,7.351324,0.02170269
Road 281621314 restored connection,429.4001,-586.7801,7.351324,0.02135268
Road 281621314 restored connection,430.0221,-583.3618,7.350779,0.02133779
Road 281621314 restored connection,428.0866,-586.1194,7.351559,0.0210291
Road 281621314 restored connection,428.7086,-582.7011,7.351421,0.0210015
Road 281621314 restored connection,426.773,-585.4589,7.351714,0.02120059
Road 281621314 restored connection,427.395,-582.0405,7.352261,0.02126208
Road 281621314 restored connection,425.4595,-584.7982,7.351189,0.02092601
Road 281621314 restored connection,426.1097,-581.394,6.876784,0.02095773
Road 281621314 restored connection,424.2027,-584.1661,6.874054,0.020736
Road 281621314 restored connection,424.8812,-580.7763,6.875692,0.02076634
Road 281621314 restored connection,422.9742,-583.5484,6.875692,0.02067423
Road 281621314 restored connection,423.6527,-580.1585,6.875282,0.02069619
Road 281621314 restored connection,421.7457,-582.9306,6.875574,0.02087487
Road 281621314 restored connection,422.4242,-579.5408,6.875029,0.02087359
Road 281621314 restored connection,420.5172,-582.3128,6.876102,0.02045999
Road 281621314 restored connection,421.1957,-578.923,6.875556,0.02070385
Road 281621314 restored connection,419.2886,-581.6951,6.875556,0.01996836
Road 731224474 소성로87번길,557.7818,-465.4064,4.25824,0.1022159
Road 731224474 소성로87번길,559.2219,-466.8727,4.259074,0.1032671
Road 731224474 소성로87번길,557.0253,-466.6075,4.258299,0.1010835
Road 731224474 소성로87번길,558.4653,-468.0739,4.259133,0.1003261
Road 731224474 소성로87번길,556.2686,-467.8087,4.258881,0.1011139
Road 731224474 소성로87번길,557.7087,-469.2751,4.258703,0.100355
Road 731224474 소성로87번길,555.512,-469.0099,4.259188,0.0985886
Road 731224474 소성로87번길,556.952,-470.4762,4.258532,0.1002877
Road 731224474 소성로87번길,554.7553,-470.211,4.258512,0.09693695
Road 731224474 소성로87번길,556.1954,-471.6773,4.258512,0.1001616
Road 731224474 소성로87번길,553.9988,-471.4121,4.258862,0.0968099
Road 731224474 소성로87번길,555.4388,-472.8785,4.25904,0.1000343
Road 731224474 소성로87번길,553.2421,-472.6133,4.258457,0.09667655
Road 731224474 소성로87번길,554.6822,-474.0796,4.258935,0.09992384
Road 731224474 소성로87번길,552.4855,-473.8145,4.259053,0.09655701
Road 731224474 소성로87번길,553.9255,-475.2808,4.258753,0.09559067
Road 731224474 소성로87번길,551.7288,-475.0156,4.258538,0.09720109
Road 731224474 소성로87번길,553.1689,-476.4819,4.25866,0.09444244
Road 731224474 소성로87번길,550.9722,-476.2167,4.2587,0.09763882
Road 731224474 소성로87번길,552.4123,-477.6831,4.258878,0.09456016
Road 731224474 소성로87번길,550.2156,-477.4179,4.259343,0.09379617
Road 731224474 소성로87번길,551.6556,-478.8842,4.258209,0.0945408
Road 731224474 소성로87번길,549.459,-478.619,4.258364,0.09143766
Road 731224474 소성로87번길,550.8991,-480.0853,4.258842,0.09441781
Road 731224474 소성로87번길,548.6872,-479.8452,4.522872,0.09126686
Road 731224474 소성로87번길,550.1425,-481.2865,3.992881,0.09428598
Road 731224474 소성로87번길,547.9384,-481.0885,4.547196,0.0912323
Road 731224474 소성로87번길,549.446,-482.496,4.022756,0.0942446
Road 731224474 소성로87번길,547.2491,-482.3398,4.286122,0.09107926
Road 731224474 소성로87번길,548.7712,-483.7219,4.285578,0.08996741
Road 731224474 소성로87번길,546.5598,-483.5911,4.285418,0.09114289
Road 731224474 소성로87번길,548.0818,-484.9731,4.28578,0.08948636
Road 731224474 소성로87번길,545.8705,-484.8424,4.285949,0.08826013
Road 731224474 소성로87번길,547.3925,-486.2245,4.28613,0.08941967
Road 731224474 소성로87번길,545.1812,-486.0937,4.285641,0.08594322
Road 731224474 소성로87번길,546.7032,-487.4759,4.285923,0.08924619
Road 731224474 소성로87번길,544.4919,-487.345,4.285594,0.08576628
Road 731224474 소성로87번길,546.0139,-488.7271,4.285956,0.08768217
Road 731224474 소성로87번길,543.8025,-488.5963,4.286133,0.08565814
Road 731224474 소성로87번길,545.3245,-489.9784,4.28567,0.08692057
Road 731224474 소성로87번길,543.1132,-489.8476,4.285983,0.0855899
Road 731224474 소성로87번길,544.6352,-491.2297,4.28562,0.08456722
Road 731224474 소성로87번길,542.4239,-491.0989,4.285628,0.08564653
Road 731224474 소성로87번길,543.9459,-492.481,4.285991,0.08225811
Road 731224474 소성로87번길,541.7346,-492.3502,4.285742,0.08354039
Road 731224474 소성로87번길,543.2565,-493.7323,4.286024,0.08232689
Road 731224474 소성로87번길,541.0452,-493.6015,4.286032,0.07982399
Road 731224474 소성로87번길,542.5671,-494.9836,4.28575,0.08320524
Road 731224474 소성로87번길,540.3558,-494.8528,4.286063,0.08015708
Road 731224474 소성로87번길,541.8779,-496.2349,4.285519,0.08328117
Road 731224474 소성로87번길,539.6666,-496.1041,4.285848,0.0799834
Road 731224474 소성로87번길,541.1885,-497.4862,4.286029,0.08312192
Road 731224474 소성로87번길,538.9772,-497.3554,4.285451,0.07981425
Road 731224474 소성로87번길,540.4993,-498.7375,4.285914,0.08251802
Road 731224474 소성로87번길,538.2879,-498.6067,4.285931,0.0796767
Road 731224474 소성로87번길,539.8099,-499.9889,4.28583,0.07815161
Road 731224474 소성로87번길,537.5903,-499.8734,4.443848,0.07975485
Road 731224474 소성로87번길,539.1206,-501.2401,4.12706,0.07823506
Road 731224474 소성로87번길,536.9026,-501.1577,4.540778,0.07600483
Road 731224474 소성로87번길,538.4586,-502.5116,4.233386,0.0780743
Road 731224474 소성로87번길,536.2418,-502.4624,4.387262,0.07509603
Road 731224474 소성로87번길,537.8057,-503.8009,4.387262,0.07639345
Road 731224474 소성로87번길,535.5809,-503.767,4.387425,0.07501539
Road 731224474 소성로87번길,537.1448,-505.1056,4.387425,0.07624236
Road 731224474 소성로87번길,534.9201,-505.0716,4.386934,0.07493511
Road 731224474 소성로87번길,536.484,-506.4102,4.387571,0.07616462
Road 731224474 소성로87번길,534.2592,-506.3762,4.387818,0.07485847
Road 731224474 소성로87번길,535.8231,-507.7149,4.387365,0.07257606
Road 731224474 소성로87번길,533.5983,-507.6809,4.387444,0.0732595
Road 731224474 소성로87번길,535.1623,-509.0195,4.387078,0.07178866
Road 731224474 소성로87번길,532.9376,-508.9854,4.386669,0.07014559
Road 731224474 소성로87번길,534.5015,-510.3241,4.387673,0.07168254
Road 731224474 소성로87번길,532.2767,-510.29,4.387592,0.06942189
Road 731224474 소성로87번길,533.8406,-511.6288,4.387684,0.07233824
Road 731224474 소성로87번길,531.6157,-511.5948,4.388339,0.06982183
Road 731224474 소성로87번길,533.1796,-512.9334,4.386607,0.07277061
Road 731224474 소성로87번길,530.9534,-512.9023,4.416247,0.06962699
Road 731224474 소성로87번길,532.5161,-514.2437,4.414975,0.07259823
Road 731224474 소성로87번길,530.2885,-514.2155,4.416039,0.0694413
Road 731224474 소성로87번길,531.8512,-515.5567,4.416039,0.0698522
Road 731224474 소성로87번길,529.6236,-515.5286,4.41563,0.06941886
Road 731224474 소성로87번길,531.1862,-516.8699,4.41563,0.06863976
Road 731224474 소성로87번길,528.9587,-516.8419,4.416203,0.06700566
Road 731224474 소성로87번길,530.5212,-518.183,4.415835,0.06854402
Road 731224474 소성로87번길,528.2937,-518.155,4.415507,0.06539566
Road 731224474 소성로87번길,529.8564,-519.4962,4.415507,0.06698436
Road 731224474 소성로87번길,527.6288,-519.4681,4.415589,0.06529827
Road 731224474 소성로87번길,529.1915,-520.8094,4.416409,0.06668904
Road 731224474 소성로87번길,526.9638,-520.7813,4.415919,0.06521438
Road 731224474 소성로87번길,528.5264,-522.1226,4.415552,0.06660844
Road 731224474 소성로87번길,526.2988,-522.0945,4.415713,0.06513248
Road 731224474 소성로87번길,527.8615,-523.4357,4.415628,0.0644846
Road 731224474 소성로87번길,525.634,-523.4077,4.415876,0.06367217
Road 731224474 소성로87번길,527.1965,-524.749,4.415961,0.06303672
Road 731224474 소성로87번길,524.9689,-524.7209,4.415959,0.06195636
Road 731224474 소성로87번길,526.5316,-526.0621,4.415874,0.06297082
Road 731224474 소성로87번길,524.304,-526.034,4.415467,0.06063206
Road 731224474 소성로87번길,525.8666,-527.3752,4.415919,0.06305004
Road 731224474 소성로87번길,523.639,-527.3471,4.415673,0.06148532
Road 731224474 소성로87번길,525.2016,-528.6884,4.415673,0.06369195
Road 731224474 소성로87번길,522.9741,-528.6603,4.416083,0.0613562
Road 731224474 소성로87번길,524.5366,-530.0015,4.41563,0.06356907
Road 731224474 소성로87번길,522.3091,-529.9734,4.415957,0.061231
Road 731224474 소성로87번길,523.8718,-531.3147,4.415589,0.06203453
Road 731224474 소성로87번길,521.6441,-531.2866,4.415753,0.06119449
Road 731224474 소성로87번길,523.2068,-532.6279,4.416205,0.06056295
Road 731224474 소성로87번길,520.9792,-532.5998,4.415469,0.05977404
Road 731224474 소성로87번길,522.5418,-533.941,4.415837,0.06052106
Road 731224474 소성로87번길,520.3141,-533.913,4.416083,0.05785493
Road 731224474 소성로87번길,521.8768,-535.2542,4.41563,0.0591717
Road 731224474 소성로87번길,519.6492,-535.2261,4.415957,0.05778195
Road 731224474 소성로87번길,521.2119,-536.5674,4.415589,0.05887607
Road 731224474 소성로87번길,518.9843,-536.5393,4.415753,0.05772309
Road 731224474 소성로87번길,520.5469,-537.8806,4.416205,0.05881947
Road 731224474 소성로87번길,518.3193,-537.8525,4.415387,0.0576662
Road 731224474 소성로87번길,519.882,-539.1937,4.415387,0.05759856
Road 731224474 소성로87번길,517.6544,-539.1656,4.415796,0.05650574
Road 731224474 소성로87번길,519.217,-540.5068,4.415796,0.05585739
Road 731224474 소성로87번길,516.9894,-540.4788,4.415879,0.05543889
Road 731224474 소성로87번길,518.552,-541.82,4.415793,0.05583118
Road 731224474 소성로87번길,516.3245,-541.7919,4.415793,0.0536653
Road 731224474 소성로87번길,517.8871,-543.1332,4.415793,0.05572807
Road 731224474 소성로87번길,515.6595,-543.1051,4.415793,0.05433329
Road 731224474 소성로87번길,517.2222,-544.4464,4.415879,0.05649256
Road 731224474 소성로87번길,514.9946,-544.4183,4.415879,0.05443249
Road 731224474 소성로87번길,516.5571,-545.7595,4.415793,0.05650932
Road 731224474 소성로87번길,514.3296,-545.7314,4.415793,0.05433002
Road 731224474 소성로87번길,515.8923,-547.0727,4.415793,0.05571363
Road 731224474 소성로87번길,513.6646,-547.0446,4.41563,0.05427139
Road 731224474 소성로87번길,515.2273,-548.3859,4.416083,0.05411043
Road 731224474 소성로87번길,512.9997,-548.3577,4.415469,0.05368711
Road 731224474 소성로87번길,514.5623,-549.699,4.4159,0.0540926
Road 731224474 소성로87번길,512.3347,-549.6709,4.416104,0.05191232
Road 731224474 소성로87번길,513.8973,-551.0121,4.415306,0.05307383
Road 731224474 소성로87번길,511.6697,-550.9841,4.416123,0.05185707
Road 731224474 소성로87번길,513.2324,-552.3253,4.41567,0.05281162
Road 731224474 소성로87번길,511.0047,-552.2972,4.415589,0.05181886
Road 731224474 소성로87번길,512.5674,-553.6384,4.415589,0.05276723
Road 731224474 소성로87번길,510.3398,-553.6104,4.415753,0.0517728
Road 731224474 소성로87번길,511.9025,-554.9516,4.416163,0.05215523
Road 731224474 소성로87번길,509.6748,-554.9236,4.415877,0.05077052
Road 731224474 소성로87번길,511.2375,-556.2648,4.415489,0.05009894
Road 731224474 소성로87번길,509.0099,-556.2368,4.41565,0.05022705
Road 731224474 소성로87번길,510.5725,-557.5779,4.41606,0.05010117
Road 731224474 소성로87번길,508.345,-557.5499,4.415326,0.04825702
Road 731224474 소성로87번길,509.9076,-558.8911,4.416125,0.05002745
Road 731224474 소성로87번길,507.68,-558.863,4.416083,0.04854525
Road 731224474 소성로87번길,509.2426,-560.2043,4.415263,0.05048504
Road 731224474 소성로87번길,507.015,-560.1761,4.415712,0.04892509
Road 731224474 소성로87번길,508.5776,-561.5175,4.416122,0.05086906
Road 731224474 소성로87번길,506.3487,-561.4919,4.442288,0.04884869
Road 731224474 소성로87번길,507.9099,-562.836,4.443928,0.05048884
Road 731224474 소성로87번길,505.6795,-562.8132,4.442987,0.04878682
Road 731224474 소성로87번길,507.2406,-564.1573,4.443398,0.04846321
Road 731224474 소성로87번길,505.0103,-564.1343,4.442988,0.04860082
Road 731224474 소성로87번길,506.5714,-565.4785,4.44303,0.04846811
Road 731224474 소성로87번길,504.341,-565.4556,4.442989,0.04644828
Road 731224474 소성로87번길,505.9021,-566.7997,4.442989,0.0476031
Road 731224474 소성로87번길,503.6718,-566.7767,4.442989,0.0464044
Road 731224474 소성로87번길,505.2328,-568.1208,4.442989,0.04736651
Road 731224474 소성로87번길,503.0025,-568.0979,4.443235,0.04636789
Road 731224474 소성로87번길,504.5636,-569.4421,4.442783,0.04733592
Road 731224474 소성로87번길,502.3333,-569.4191,4.442904,0.04633624
Road 731224474 소성로87번길,503.8944,-570.7632,4.442904,0.04711842
Road 731224474 소성로87번길,501.6641,-570.7403,4.443397,0.04544231
Road 731224474 소성로87번길,503.2252,-572.0844,4.443397,0.0449638
Road 731224474 소성로87번길,500.9948,-572.0615,4.442904,0.0452325
Road 731224474 소성로87번길,502.5559,-573.4056,4.442904,0.04497217
Road 731224474 소성로87번길,500.3257,-573.3827,4.443029,0.04294886
Road 731224474 소성로87번길,501.8867,-574.7268,4.443029,0.04490542
Road 731224474 소성로87번길,499.6564,-574.7039,4.44311,0.04304552
Road 731224474 소성로87번길,501.2175,-576.048,4.443519,0.04510842
Road 731224474 소성로87번길,498.9872,-576.0251,4.443112,0.04381647
Road 731224474 소성로87번길,500.5482,-577.3692,4.442702,0.04579195
Road 731224474 소성로87번길,498.318,-577.3463,4.443027,0.04376291
Road 731224474 소성로87번길,499.8791,-578.6904,4.443027,0.04567821
Road 731224474 소성로87번길,497.6488,-578.6674,4.442497,0.04371407
Road 731224474 소성로87번길,499.2098,-580.0115,4.443727,0.04305279
Road 471332807 ,563.7104,-356.5134,0.2792938,0.1147409
Road 471332807 ,563.2097,-356.3926,0.2793224,0.1652242
Road 471332807 ,562.4584,-356.2113,0.5586219,0.1652267
Road 471332807 ,564.9592,-356.3191,1.117243,0.09876195
Road 471332807 ,561.9609,-356.587,0.5586559,0.165581
Road 471332807 ,562.9617,-356.7046,0.1396582,0.1784568
Road 471332807 ,563.4625,-356.8254,0.1396469,0.09374164
Road 471332807 ,562.713,-356.8924,0.279328,0.1408209
Road 471332807 ,561.4633,-356.9626,1.117289,0.1655792
Road 471332807 ,564.9656,-357.3122,1.117289,0.09875701
Road 471332807 ,562.9666,-357.4494,0.2793051,0.08279536
Road 471332807 ,561.9666,-357.456,0.2793165,0.1620377
Road 471332807 ,563.4649,-357.1978,0.5586332,0.1163979
Road 471332807 ,565.9624,-356.8091,2.234532,0.09877136
Road 471332807 ,563.4698,-357.9427,0.5586331,0.1011672
Road 471332807 ,561.9682,-357.7042,0.2793165,0.1721535
Road 471332807 ,562.9682,-357.6977,0.2793051,0.1011712
Road 471332807 ,564.9689,-357.8087,1.117289,0.09875236
Road 471332807 ,561.4715,-358.2041,1.117289,0.1429945
Road 471332807 ,562.4731,-358.4458,1.117277,0.1011737
Road 471332807 ,564.9738,-358.5536,4.469065,0.09996603
Road 471332807 ,562.9804,-359.5597,4.468973,0.09995529
Road 471332807 ,564.9836,-360.0432,4.468973,0.09996345
Road 471332807 ,562.9902,-361.0494,4.469156,0.09995127
Road 471332807 ,564.9933,-361.5328,4.469156,0.09955017
Road 471332807 ,562.9999,-362.5391,4.469248,0.1001533
Road 471332807 ,565.0031,-363.0226,4.469248,0.09956155
Road 471332807 ,563.0097,-364.0288,4.468973,0.1030347
Road 471332807 ,565.0129,-364.5122,4.468973,0.1027564
Road 471332807 ,563.0195,-365.5184,4.469065,0.104329
Road 471332807 ,565.0226,-366.0019,4.469065,0.1043329
Road 471332807 ,563.0292,-367.0081,4.469156,0.1043272
Road 471332807 ,565.0324,-367.4915,4.469156,0.1043317
Road 471332807 ,563.039,-368.4977,4.469156,0.1043244
Road 471332807 ,565.0422,-368.9812,4.469156,0.1039872
Road 471332807 ,563.0488,-369.9874,4.468973,0.1044738
Road 471332807 ,565.0519,-370.4709,4.468973,0.1034926
Road 471332807 ,563.0585,-371.477,4.468882,0.1057752
Road 471332807 ,565.0617,-371.9605,4.469247,0.1048769
Road 471332807 ,563.0683,-372.9667,4.469337,0.1079914
Road 471332807 ,565.0715,-373.4502,4.468972,0.1074661
Road 471332807 ,563.078,-374.4564,4.469249,0.1079345
Road 471332807 ,565.0812,-374.9398,4.468884,0.1076075
Road 471332807 ,563.0878,-375.946,4.468882,0.1076037
Road 471332807 ,565.091,-376.4295,4.469248,0.1076005
Road 481241683 ,-53.70045,-330.213,4.184428,0.004972805
Road 481241683 ,-53.26909,-332.2206,4.184803,0.004602748
Road 481241683 ,-54.9624,-330.8073,4.184367,0.004868657
Road 481241683 ,-54.53107,-332.8148,4.184687,0.004415825
Road 481241683 ,-56.22437,-331.4014,4.184697,0.004741781
Road 481241683 ,-55.79303,-333.409,4.184286,0.004281217
Road 481241683 ,-57.48631,-331.9956,4.184547,0.004711256
Road 481241683 ,-57.05495,-334.0031,4.184584,0.004113618
Road 481241683 ,-58.74825,-332.5898,4.184506,0.004358564
Road 481241683 ,-58.3169,-334.5974,4.184543,0.004018514
Road 481241683 ,-60.01022,-333.1841,4.184733,0.003923125
Road 481241683 ,-59.57886,-335.1916,4.18445,0.004059584
Road 481241683 ,-61.27215,-333.7783,4.184318,0.003880149
Road 481241683 ,-60.84079,-335.7858,4.184693,0.004066238
Road 481241683 ,-62.5341,-334.3725,4.184553,0.003893681
Road 481241683 ,-62.10276,-336.38,4.18447,0.004003664
Road 481241683 ,-63.79607,-334.9667,4.184762,0.00393329
Road 481241683 ,-63.36472,-336.9742,4.184462,0.004043185
Road 481241683 ,-65.05801,-335.5609,4.184278,0.003973069
Road 481241683 ,-64.62664,-337.5684,4.18468,0.004081735
Road 481241683 ,-66.31995,-336.1551,4.18453,0.004009917
Road 481241683 ,-65.88861,-338.1626,4.18453,0.004208746
Road 481241683 ,-67.58192,-336.7493,4.18469,0.003894334
Road 481241683 ,-67.15055,-338.7568,4.184279,0.004645349
Road 481241683 ,-68.84386,-337.3435,4.184626,0.004204854
Road 481241683 ,-68.41248,-339.351,4.184589,0.00492905
Road 1215393150 독배로,-318.7524,-222.9003,7.031143,0.008758205
Road 1215393150 독배로,-322.1185,-222.8891,7.031968,0.008532727
Road 1215393150 독배로,-318.9436,-221.507,7.032002,0.008624141
Road 1215393150 독배로,-322.3097,-221.4957,7.032002,0.008388269
Road 1215393150 독배로,-319.1349,-220.1137,7.03172,0.008622996
Road 1215393150 독배로,-322.501,-220.1024,7.031572,0.008086672
Road 1215393150 독배로,-319.326,-218.7204,7.031551,0.008305587
Road 1215393150 독배로,-322.6922,-218.7092,7.032145,0.007928717
Road 1215393150 독배로,-319.5172,-217.3271,7.032241,0.008129651
Road 1215393150 독배로,-322.8834,-217.3158,7.031267,0.00775915
Road 1215393150 독배로,-319.7085,-215.9337,7.032312,0.007960279
Road 1215393150 독배로,-323.0746,-215.9225,7.031719,0.007585701
Road 1215393150 독배로,-319.8997,-214.5405,7.031396,0.007791765
Road 1215393150 독배로,-323.2658,-214.5293,7.031841,0.007398425
Road 1215393150 독배로,-320.0909,-213.1472,7.031215,0.007484207
Road 1215393150 독배로,-323.457,-213.136,7.032337,0.007169082
Road 1215393150 독배로,-320.2821,-211.7539,7.031821,0.007589067
Road 1215393150 독배로,-323.6482,-211.7426,7.031821,0.006807542
Road 1215393150 독배로,-320.4733,-210.3605,7.032261,0.007250873
Road 1215393150 독배로,-323.8394,-210.3493,7.031288,0.006557934
Road 1215393150 독배로,-320.6646,-208.9671,7.034903,0.006995457
Road 1215393150 독배로,-324.0306,-208.956,7.028953,0.006285621
Road 1215393150 독배로,-320.859,-207.5511,7.374497,0.006740777
Road 1215393150 독배로,-324.2282,-207.5181,7.368759,0.005973844
Road 1215393150 독배로,-321.0598,-206.0905,7.372147,0.006026535
Road 1215393150 독배로,-324.429,-206.0576,7.371702,0.005770326
Road 1215393150 독배로,-321.2606,-204.6299,7.371249,0.005772972
Road 1215393150 독배로,-324.6299,-204.597,7.372372,0.005433198
Road 1215393150 독배로,-321.4614,-203.1693,7.371835,0.00562423
Road 1215393150 독배로,-324.8306,-203.1364,7.371835,0.00503262
Road 1215393150 독배로,-321.6622,-201.7086,7.372145,0.005365785
Road 1215393150 독배로,-325.0314,-201.6757,7.371466,0.004919582
Road 1215393150 독배로,-321.863,-200.248,7.371748,0.005209253
Road 1215393150 독배로,-325.2322,-200.2151,7.371748,0.004643688
Road 1215393150 독배로,-322.0638,-198.7874,7.371714,0.004682388
Road 1215393150 독배로,-325.433,-198.7545,7.371862,0.004500255
Road 1215393150 독배로,-322.2646,-197.3268,7.37182,0.00443
Road 1215393150 독배로,-325.6338,-197.2939,7.37182,0.004271886
Road 1215393150 독배로,-322.4654,-195.8661,7.372164,0.004262167
Road 1215393150 독배로,-325.8347,-195.8333,7.371572,0.003980713
Road 1215393150 독배로,-322.6663,-194.4055,7.3714,0.004005753
Road 1215393150 독배로,-326.0355,-194.3727,7.371844,0.003775233
Road 1215393150 독배로,-322.8671,-192.9449,7.371844,0.003868395
Road 1215393150 독배로,-326.2363,-192.912,7.371993,0.003619439
Road 1215393150 독배로,-323.0679,-191.4843,7.371841,0.00361296
Road 1215393150 독배로,-326.4371,-191.4514,7.371693,0.003565908
Road 1215393150 독배로,-323.2687,-190.0237,7.371391,0.003493899
Road 1215393150 독배로,-326.6379,-189.9908,7.371983,0.003449191
Road 1215393150 독배로,-323.4695,-188.5631,7.371887,0.003374832
Road 1215393150 독배로,-326.8387,-188.5302,7.371739,0.003332768
Road 1215393150 독배로,-323.6703,-187.1024,7.371986,0.003255741
Road 1215393150 독배로,-327.0395,-187.0696,7.371246,0.003216455
Road 1215393150 독배로,-323.8711,-185.6418,7.372249,0.003210184
Road 1215393150 독배로,-327.2403,-185.6089,7.372101,0.003201522
Road 1215393150 독배로,-324.0719,-184.1812,7.371022,0.003202557
Road 1215393150 독배로,-327.4411,-184.1483,7.371911,0.003193798
Road 1215393150 독배로,-324.2727,-182.7206,7.371567,0.003194828
Road 1215393150 독배로,-327.6419,-182.6877,7.372394,0.003186156
