object,triangle,x,y,z,areaM2,grade
"Road 471332807 restored connection",0,564.5462,9.657012,-328.758881,4.46813965,0.012717451
"Road 471332807 restored connection",1,562.5461,9.643954,-328.262878,4.46777344,0.0124706
"Road 471332807 restored connection",2,564.5459,9.63894749,-327.269562,4.46804857,0.0126985665
"Road 471332807 restored connection",3,562.5458,9.626049,-326.77356,4.46804857,0.0123702232
"Road 471332807 restored connection",4,564.5456,9.621264,-325.780243,4.467865,0.0120216953
"Road 471332807 restored connection",5,562.5455,9.608365,-325.2842,4.468231,0.0127246436
"Road 471332807 restored connection",6,564.5452,9.603821,-324.290863,4.46813965,0.0119542284
"Road 471332807 restored connection",7,562.5451,9.590581,-323.794861,4.46777344,0.0127850659
"Road 471332807 restored connection",8,564.5449,9.586038,-322.8015,4.468415,0.0127820205
"Road 471332807 restored connection",9,562.5448,9.572495,-322.305542,4.46768236,0.0125825163
"Road 471332807 restored connection",10,564.5445,9.567952,-321.312134,4.46814,0.0127684036
"Road 471332807 restored connection",11,562.5444,9.555167,-320.8162,4.46814,0.0112008192
"Road 471332807 restored connection",12,564.5441,9.550526,-319.822784,4.46786547,0.0126636112
"Road 471332807 restored connection",13,562.544,9.538498,-319.326843,4.46823168,0.01109167
"Road 471332807 restored connection",14,564.543762,9.53316,-318.333466,4.467957,0.0124524124
"Road 471332807 restored connection",15,562.54364,9.521611,-317.837463,4.468323,0.0115779229
"Road 471332807 restored connection",16,564.5434,9.5162735,-316.8441,4.46795654,0.0110363727
"Road 471332807 restored connection",17,562.5433,9.5054245,-316.3481,4.46795654,0.011035054
"Road 471332807 restored connection",18,564.5431,9.500365,-315.354767,4.46814,0.0110357581
"Road 471332807 restored connection",19,562.542969,9.489514,-314.858734,4.46814,0.0110383965
"Road 471332807 restored connection",20,564.5427,9.484455,-313.8654,4.46795654,0.0110364528
"Road 471332807 restored connection",21,562.542664,9.473881,-313.369415,4.46795654,0.0104638012
"Road 471332807 restored connection",22,564.5424,9.468822,-312.376038,4.468323,0.0110028759
"Road 471332807 restored connection",23,562.5423,9.458245,-311.880035,4.467957,0.0110037783
"Road 471332807 restored connection",24,564.542053,9.452855,-310.8867,4.46804857,0.0111092832
"Road 471332807 restored connection",25,562.541931,9.442334,-310.390717,4.46804857,0.0108849667
"Road 471332807 restored connection",26,564.5417,9.437261,-309.3973,4.46804857,0.010371903
"Road 471332807 restored connection",27,562.541565,9.427016,-308.901367,4.46804857,0.0105698258
"Road 471332807 restored connection",28,564.5413,9.419612,-307.907959,4.46814,0.0154924393
"Road 471332807 restored connection",29,562.5412,9.406842,-307.412,4.46814,0.0153503139
"Road 471332807 restored connection",30,563.541,9.401519,-306.667084,2.233887,0.00307144923
"Road 471332807 restored connection",31,565.791,9.404441,-306.480377,0.558466,0.0148669705
"Road 471332807 restored connection",32,566.290833,9.374783,-305.8597,0.279218823,0.09571125
"Road 471332807 restored connection",33,566.290955,9.401719,-306.35614,0.279218823,0.01540552
"Road 471332807 restored connection",34,564.5409,9.39387,-306.1704,0.558471739,0.04366603
"Road 471332807 restored connection",35,565.7908,9.366798,-305.735748,0.279252917,0.122079909
"Road 471332807 restored connection",36,565.2909,9.392669,-306.1082,0.279258579,0.0473563075
"Road 471332807 restored connection",37,563.5408,9.345632,-305.6742,2.23407,0.110985465
"Road 471332807 restored connection",38,561.2908,9.357461,-305.86087,0.5585118,0.07650557
"Road 471332807 restored connection",39,560.790955,9.388954,-306.481567,0.2792417,0.0241254512
"Road 471332807 restored connection",40,560.790833,9.360005,-305.9851,0.2792417,0.0969316959
"Road 471332807 restored connection",41,562.040955,9.388859,-306.2951,1.11704636,0.0361306369
"Road 471332807 restored connection",42,564.5406,9.263699,-304.9293,4.468048,0.116882384
"Road 471332807 restored connection",43,562.540466,9.2057,-304.433258,4.468048,0.102320813
"Road 471332807 restored connection",44,564.5403,9.154902,-303.439941,4.467957,0
"Road 471332807 restored connection",45,562.540161,9.154902,-302.94397,4.467957,0
"Road 471332807 restored connection",46,564.54,9.154902,-301.9506,4.46832275,0
"Road 471332807 restored connection",47,562.539856,9.154902,-301.4546,4.46795654,0
"Road 471332807 restored connection",48,564.5396,9.154902,-300.4612,4.46823168,0
"Road 471332807 restored connection",49,562.5395,9.154902,-299.96524,4.46786547,0
"Road 471332807 restored connection",50,564.5392,9.154902,-298.9719,4.467774,0
"Road 471332807 restored connection",51,562.539063,9.154902,-298.475922,4.46850634,0
"Road 471332807 restored connection",52,564.5388,9.154902,-297.4825,4.46795654,0
"Road 471332807 restored connection",53,562.538757,9.154902,-296.986542,4.46795654,0
"Road 471332807 restored connection",54,564.5385,9.154902,-295.993164,4.468323,0
"Road 471332807 restored connection",55,562.5384,9.154902,-295.497162,4.467957,0
"Road 471332807 restored connection",56,564.538147,9.154902,-294.503784,4.46804857,0
"Road 471332807 restored connection",57,562.538,9.154902,-294.0078,4.46804857,0
"Road 471332807 restored connection",58,564.5378,9.154902,-293.014435,4.46804857,0
"Road 471332807 restored connection",59,562.537659,9.154902,-292.5185,4.46804857,0
"Road 731224474 restored connection",0,496.9785,-6.10853052,-579.990662,4.46305,0.04323692
"Road 731224474 restored connection",1,498.538544,-6.121104,-581.336853,4.46382761,0.0432357974
"Road 731224474 restored connection",2,496.306152,-6.171206,-581.317932,4.463625,0.04058553
"Road 731224474 restored connection",3,497.86618,-6.18348455,-582.6641,4.463625,0.0425903462
"Road 731224474 restored connection",4,495.6338,-6.23224974,-582.6452,4.46345949,0.0405046232
"Road 731224474 restored connection",5,497.193878,-6.24483252,-583.9914,4.46345949,0.0411318354
"Road 731224474 restored connection",6,494.961517,-6.29287863,-583.9725,4.46378851,0.04113182
"Road 731224474 restored connection",7,496.521576,-6.30611849,-585.318665,4.46337843,0.04179575
"Road 731224474 restored connection",8,494.289154,-6.35416651,-585.2998,4.4640317,0.041114334
"Road 731224474 restored connection",9,495.849243,-6.36778,-586.646,4.46362162,0.0418530144
"Road 731224474 restored connection",10,493.616852,-6.415179,-586.627136,4.463049,0.0404795
"Road 731224474 restored connection",11,495.176971,-6.42845345,-587.9733,4.463869,0.0404209867
"Road 731224474 restored connection",12,492.94458,-6.47480249,-587.9544,4.46358347,0.0397450626
"Road 731224474 restored connection",13,494.5046,-6.48804665,-589.3006,4.46358347,0.0404002778
"Road 731224474 restored connection",14,492.272217,-6.53405762,-589.2817,4.46345949,0.0397306755
"Road 731224474 restored connection",15,493.8323,-6.547634,-590.627869,4.46345949,0.04038869
"Road 731224474 restored connection",16,491.599945,-6.59331131,-590.608948,4.463379,0.03971813
"Road 731224474 restored connection",17,493.159943,-6.607223,-591.955139,4.463789,0.0403753333
"Road 731224474 restored connection",18,490.927582,-6.65256739,-591.9362,4.463789,0.0397053473
"Road 731224474 restored connection",19,492.487579,-6.66649246,-593.2824,4.463379,0.0397327654
"Road 731224474 restored connection",20,490.255219,-6.71150446,-593.2635,4.463869,0.0397055671
"Road 731224474 restored connection",21,491.8153,-6.7250843,-594.6097,4.463049,0.0390288569
"Road 731224474 restored connection",22,489.582916,-6.7697525,-594.5908,4.46362162,0.0390527
"Road 731224474 restored connection",23,491.143036,-6.782991,-595.937,4.4640317,0.039031662
"Road 731224474 restored connection",24,488.9106,-6.827369,-595.918152,4.463583,0.03844043
"Road 731224474 restored connection",25,490.470673,-6.840612,-597.264343,4.463583,0.0390504636
"Road 731224474 restored connection",26,488.2383,-6.88465261,-597.2454,4.46317148,0.0383498557
"Road 731224474 restored connection",27,489.798431,-6.898173,-598.5916,4.46358156,0.0389760621
"Road 731224474 restored connection",28,487.56604,-6.941526,-598.5727,4.463503,0.03765542
"Road 731224474 restored connection",29,489.126,-6.955383,-599.9189,4.463913,0.03898596
"Road 731224474 restored connection",30,486.89975,-6.997568,-599.8879,4.341896,0.03762661
"Road 731224474 restored connection",31,488.4537,-7.012621,-601.246155,4.584972,0.03896298
"Road 731224474 restored connection",32,486.3214,-7.04632235,-601.0297,2.59235835,0.0376085155
"Road 731224474 restored connection",33,487.775269,-7.07016373,-602.5855,6.33489227,0.0382724628
"Road 731224474 restored connection",34,485.743042,-7.094808,-602.1716,2.59238434,0.03741266
"Road 731224474 restored connection",35,487.009033,-7.13473368,-604.098267,6.3342905,0.0382666327
"Road 731224474 restored connection",36,485.164673,-7.143093,-603.313354,2.59269476,0.03688253
"Road 731224474 restored connection",37,486.242767,-7.198576,-605.611,6.334863,0.03742061
"Road 731224474 restored connection",38,484.5863,-7.19065237,-604.455261,2.59245825,0.0368779525
"Road 731224474 restored connection",39,485.476471,-7.26105833,-607.12384,6.334661,0.0362981632
"Road 731224474 restored connection",40,484.007935,-7.23743057,-605.5971,2.59235,0.0368809626
"Road 731224474 restored connection",41,484.710236,-7.32351542,-608.636536,6.334291,0.037398722
"Road 731224474 restored connection",42,483.4296,-7.28496361,-606.738831,2.592218,0.0368788168
"Road 731224474 restored connection",43,483.944,-7.382162,-610.149353,6.334991,0.0311792064
"Road 731224474 restored connection",44,482.8512,-7.32790232,-607.8807,2.592554,0.03689395
"Road 731224474 restored connection",45,483.1777,-7.436235,-611.662048,6.334723,0.03109925
"Road 731224474 restored connection",46,482.2728,-7.37065744,-609.022461,2.592691,0.03639791
"Road 731224474 restored connection",47,482.4114,-7.48915052,-613.174744,6.334419,0.02983981
"Road 471332807 ",0,588.707764,8.429912,-395.045166,0.552220643,0.0234905146
"Road 471332807 ",1,589.6114,8.459796,-394.1622,0.138056219,0.0250932369
"Road 471332807 ",2,590.1634,8.521138,-393.6398,0.0690366849,0.175501212
"Road 471332807 ",3,589.860535,8.47052,-394.0376,0.06903892,0.08230473
"Road 471332807 ",4,589.2059,8.442196,-394.796051,0.276110321,0.0230344273
"Road 471332807 ",5,587.896667,8.392952,-396.312958,1.10445023,0.0259487983
"Road 471332807 ",6,589.2209,8.459801,-393.864838,0.276126057,0.0263124164
"Road 471332807 ",7,589.868,8.481006,-393.57193,0.0690241158,0.06753571
"Road 471332807 ",8,590.165955,8.525284,-393.484528,0.06902646,0.2556696
"Road 471332807 ",9,589.6164,8.466134,-393.8517,0.138041422,0.0259900372
"Road 471332807 ",10,588.7178,8.441177,-394.424347,0.552220643,0.0241128765
"Road 471332807 ",11,589.6314,8.486888,-392.9205,0.276103526,0.02786917
"Road 471332807 ",12,590.170959,8.532466,-393.174164,0.1380473,0.232611522
"Road 471332807 ",13,589.873,8.488187,-393.261566,0.138049409,0.0541455336
"Road 471332807 ",14,589.2309,8.473372,-393.244,0.5522465,0.0268509518
"Road 471332807 ",15,587.310852,8.392312,-395.8669,4.417801,0.0255402979
"Road 471332807 ",16,587.7414,8.446983,-393.681,4.41748857,0.02687745
"Road 471332807 ",17,586.1392,8.398949,-394.974854,4.417564,0.0267958958
"Road 471332807 ",18,586.5698,8.454231,-392.7889,4.417675,0.0260887686
"Road 471332807 ",19,584.9677,8.407271,-394.082764,4.41759968,0.02581937
"Road 471332807 ",20,585.398254,8.469543,-391.89682,4.41774559,0.0311173759
"Road 471332807 ",21,583.7961,8.4324,-393.190765,4.41774559,0.03104666
"Road 471332807 ",22,584.2266,8.50933552,-391.004761,4.41759968,0.046858415
"Road 471332807 ",23,582.6245,8.475133,-392.298676,4.41759968,0.03775867
"Road 471332807 ",24,583.055,8.546608,-390.1127,4.417801,0.0285247862
"Road 471332807 ",25,581.4529,8.511477,-391.4066,4.417801,0.0433844142
"Road 471332807 ",26,581.8834,8.589664,-389.2206,4.41748857,0.0446576029
"Road 471332807 ",27,580.2813,8.57706451,-390.514557,4.417564,0.0573003031
"Road 471332807 ",28,580.711853,8.64539,-388.3286,4.41741848,0.0245518647
"Road 471332807 ",29,579.109741,8.633755,-389.622467,4.417839,0.04325403
"Road 471332807 ",30,579.5403,8.689827,-387.4365,4.417895,0.03175646
"Road 471332807 ",31,577.9382,8.694413,-388.730347,4.41739845,0.05181282
"Road 471332807 ",32,578.3687,8.7445755,-386.544434,4.41774559,0.0303845126
"Road 471332807 ",33,576.766541,8.749249,-387.8383,4.41774559,0.0306123272
"Road 471332807 ",34,577.1971,8.787385,-385.652344,4.41754436,0.02751851
"Road 471332807 ",35,575.595,8.792165,-386.946259,4.417619,0.0304723978
"Road 471332807 ",36,576.0255,8.828252,-384.760284,4.417619,0.0263718273
"Road 471332807 ",37,574.4234,8.833076,-386.0542,4.41754436,0.027432831
"Road 471332807 ",38,574.853943,8.872203,-383.868256,4.41774559,0.0365846679
"Road 471332807 ",39,573.2518,8.877015,-385.1621,4.41774559,0.0268131364
"Road 471332807 ",40,573.6823,8.917008,-382.976166,4.417655,0.0296310838
"Road 471332807 ",41,572.080139,8.919318,-384.27005,4.417655,0.03182552
"Road 471332807 ",42,572.510742,8.960854,-382.084076,4.41774559,0.02975105
"Road 471332807 ",43,570.9086,8.960683,-383.378021,4.41774559,0.0249278583
"Road 471332807 ",44,571.3391,8.999847,-381.192047,4.41754436,0.0274093617
"Road 471332807 ",45,569.737,9.001746,-382.485931,4.417619,0.033825133
"Road 471332807 ",46,570.167542,9.042496,-380.299957,4.417619,0.0276444554
"Road 471332807 ",47,568.5654,9.04198,-381.593842,4.41754436,0.0225959867
"Road 471332807 ",48,568.9959,9.079545,-379.407928,4.41774559,0.0277543236
"Road 471332807 ",49,567.3938,9.082625,-380.701782,4.41774559,0.0347792357
"Road 471332807 ",50,567.824341,9.121864,-378.515869,4.41759968,0.0254318379
"Road 471332807 ",51,566.2222,9.118641,-379.809723,4.417675,0.0160259
"Road 471332807 ",52,566.6528,9.153527,-377.623749,4.41782045,0.0266865138
"Road 471332807 ",53,565.0506,9.143936,-378.9176,4.41774559,0.0162862577
"Road 471332807 ",54,565.7701,9.171437,-377.08078,0.4449129,0.0170565266
"Road 471332807 ",55,563.878967,9.156501,-378.025543,7.936628,0.0129685737
"Road 471332807 ",56,565.088562,9.178952,-376.424469,0.09630087,0.00758848945
"Road 471332807 ",57,563.1881,9.182922,-376.385834,8.395977,0.019631112
"Road 471332807 ",58,565.0715,9.210926,-374.93457,4.47028637,0.0257077646
"Road 471332807 ",59,563.065857,9.22577,-374.460938,4.469556,0.0235656686
"Road 471332807 ",60,565.0543,9.248483,-373.444672,4.47010946,0.0264390111
"Road 471332807 ",61,563.0487,9.262084,-372.971039,4.47010946,0.0231552273
"Road 471332807 ",62,565.0372,9.285733,-371.954742,4.469922,0.0254296158
"Road 471332807 ",63,563.031555,9.298332,-371.4811,4.47028732,0.0244011
"Road 471332807 ",64,565.02,9.321552,-370.464844,4.470106,0.0222874042
"Road 471332807 ",65,563.014465,9.3343935,-369.99118,4.470106,0.02593025
"Road 471332807 ",66,565.0029,9.355573,-368.974945,4.469921,0.02031322
"Road 471332807 ",67,562.9973,9.370225,-368.5013,4.469921,0.0260373726
"Road 471332807 ",68,564.9858,9.388835,-367.485016,4.470289,0.0208646134
"Road 471332807 ",69,562.980164,9.401142,-367.011383,4.469924,0.01560377
"Road 471332807 ",70,564.9687,9.417205,-365.995117,4.46983242,0.0208356455
"Road 471332807 ",71,562.9631,9.427228,-365.521484,4.47019768,0.0161421821
"Road 471332807 ",72,564.9515,9.452371,-364.505219,4.46982956,0.0338527746
"Road 471332807 ",73,562.946,9.464005,-364.0316,4.470195,0.02419233
"Road 471332807 ",74,564.9344,9.507729,-363.0153,4.47046947,0.0536114164
"Road 471332807 ",75,562.9289,9.520455,-362.541626,4.469739,0.036712043
"Road 471332807 ",76,563.9202,9.563663,-361.7852,2.23496318,0.07428669
"Road 471332807 ",77,565.914368,9.632626,-361.265533,2.23491716,0.112090394
"Road 471332807 ",78,563.908752,9.647494,-360.791962,2.23505425,0.09693686
"Road 471332807 ",79,561.9146,9.578532,-361.311554,2.2351,0.0588900745
"Road 471332807 ",80,563.9031,9.687481,-360.295319,2.234869,0.06918383
"Road 471332807 ",81,565.3987,9.74716949,-359.9056,1.11746824,0.08934701
"Road 471332807 ",82,566.3958,9.810952,-359.645782,1.11746824,0.131425336
"Road 471332807 ",83,562.8917,9.745304,-359.3135,1.11757052,0.108532704
"Road 471332807 ",84,565.3902,9.833371,-359.160645,0.55878526,0.179542661
"Road 471332807 ",85,564.393066,9.769588,-359.4205,0.55878526,0.106981933
"Road 471332807 ",86,561.8975,9.682663,-359.821655,2.23507333,0.07372843
"Road 471332807 ",87,563.886,9.835177,-358.8054,2.23505354,0.09006909
"Road 471332807 ",88,566.1337,9.916989,-358.593353,0.558768749,0.101551585
"Road 471332807 ",89,566.6294,9.991681,-358.2151,0.558768749,0.156312287
"Road 471332807 ",90,564.8802,9.904354,-358.297272,0.5587405,0.1131405
"Road 471332807 ",91,566.1251,10.0074339,-357.8484,0.2793817,0.189268366
"Road 471332807 ",92,565.629456,9.932742,-358.226563,0.2793817,0.114162333
"Road 471332807 ",93,562.874634,9.888654,-357.823639,1.1174345,0.12465506
"Road 471332807 ",94,565.373,10.0078316,-357.670746,0.5587396,0.2020944
"Road 471332807 ",95,564.3759,9.933044,-357.930542,0.5587058,0.1187898
"Road 471332807 ",96,561.8804,9.80654049,-358.3317,2.23484731,0.08110187
"Road 471332807 ",97,564.865967,10.0806608,-357.0557,4.470104,0.150559
"Road 471332807 ",98,562.860352,10.0278406,-356.582031,4.470104,0.100067064
"Road 471332807 ",99,564.8488,10.2672043,-355.565765,4.470106,0.165705934
"Road 471332807 ",100,562.8404,10.23676,-354.843781,1.11752713,0.169034436
"Road 471332807 ",101,564.8403,10.38781,-354.8208,1.11752713,0.154857919
"Road 471332807 ",102,561.8462,10.0967293,-355.351959,2.235076,0.127472192
"Road 471332807 ",103,564.834534,10.4574013,-354.3242,1.11748028,0.150256976
"Road 471332807 ",104,562.834656,10.3063517,-354.347168,1.11748028,0.164827555
"Road 471332807 ",105,565.8288,10.5956907,-353.816071,2.23500633,0.169946387
"Road 471332807 ",106,562.823242,10.4284906,-353.3539,1.117526,0.186768234
"Road 471332807 ",107,564.8232,10.6067686,-353.3309,1.117526,0.164159328
"Road 471332807 ",108,561.829041,10.2663651,-353.86203,2.235006,0.142619476
"Road 471332807 ",109,564.817444,10.6812315,-352.834259,1.11752713,0.164173529
"Road 471332807 ",110,562.817566,10.5029535,-352.857269,1.11752713,0.186783656
"Road 471332807 ",111,565.811646,10.8140574,-352.326141,2.23512173,0.146792591
"Road 471332807 ",112,562.806152,10.5942125,-351.864,1.11748052,0.150913686
"Road 471332807 ",113,564.805969,10.8028231,-351.840973,1.11748052,0.107035153
"Road 471332807 ",114,561.811951,10.42717,-352.372162,2.23489356,0.149179682
"Road 471332807 ",115,564.8003,10.826931,-351.34436,1.11743474,0.08050373
"Road 471332807 ",116,562.8005,10.6183195,-351.3674,1.11743474,0.13341482
"Road 471332807 ",117,565.7945,10.9336739,-350.836273,2.23484778,0.104819395
"Road 471332807 ",118,562.789,10.647254,-350.374146,1.11752713,0.128294781
"Road 471332807 ",119,564.7889,10.86823,-350.351166,1.11752713,0.0980789959
"Road 471332807 ",120,561.7948,10.5040865,-350.8823,2.235076,0.1331062
"Road 471332807 ",121,564.7832,10.8778334,-349.8545,1.11748028,0.0960862562
"Road 471332807 ",122,562.783264,10.6568565,-349.877533,1.11748028,0.126777455
"Road 471332807 ",123,565.7774,10.9868708,-349.3464,2.23496056,0.10243278
"Road 471332807 ",124,562.7719,10.6708879,-348.884155,1.11761713,0.124901146
"Road 471332807 ",125,564.7718,10.8981085,-348.861237,1.11761713,0.1033564
"Road 471332807 ",126,561.777649,10.5386744,-349.392334,2.23523426,0.126606911
"Road 471332807 ",127,564.7661,10.9021959,-348.3646,1.11757135,0.102942027
"Road 471332807 ",128,562.7662,10.6749763,-348.387482,1.11757135,0.124558464
"Road 471332807 ",129,565.7603,11.0032434,-347.856445,2.23514271,0.100579776
"Road 471332807 ",130,563.754761,10.7750244,-347.382782,2.234869,0.125771642
"Road 471332807 ",131,561.760559,10.5495453,-347.902344,2.234869,0.126345158
"Road 471332807 ",132,563.749,10.7629738,-346.886139,2.23505425,0.113408312
"Road 471332807 ",133,565.743164,10.9720659,-346.3665,2.235076,0.10878969
"Road 471332807 ",134,563.737549,10.7378988,-345.8929,2.23486948,0.122323595
"Road 471332807 ",135,561.7434,10.5288057,-346.4125,2.23484778,0.119630814
"Road 471332807 ",136,564.728943,10.7964239,-345.136475,4.469924,0.130158558
"Road 471332807 ",137,562.7233,10.5619383,-344.662842,4.470289,0.105546296
"Road 471332807 ",138,564.711853,10.6942263,-343.6465,4.470104,0.139594942
"Road 471332807 ",139,562.706238,10.4699278,-343.172852,4.470104,0.101813026
"Road 471332807 ",140,564.694763,10.5631676,-342.156616,4.47001457,0.14409627
"Road 471332807 ",141,562.689148,10.3575487,-341.682983,4.47001457,0.09588981
"Road 471332807 ",142,564.677551,10.414237,-340.666718,4.47001266,0.145611182
"Road 471332807 ",143,562.672058,10.23513,-340.193054,4.47001266,0.08441513
"Road 471332807 ",144,564.660461,10.2536125,-339.1768,4.47001457,0.149305463
"Road 471332807 ",145,562.652039,10.073432,-338.454865,1.11752713,0.112857163
"Road 471332807 ",146,564.6519,10.1585989,-338.431854,1.11752713,0.119117469
"Road 471332807 ",147,561.657837,10.0758238,-338.962982,2.23503,0.0848294
"Road 471332807 ",148,564.64624,10.1060553,-337.9352,1.117526,0.11586874
"Road 471332807 ",149,562.6463,10.0208883,-337.958221,1.117526,0.109421358
"Road 471332807 ",150,565.640442,10.0874014,-337.4271,2.235006,0.146626025
"Road 471332807 ",151,562.637756,9.956,-337.213257,4.47001266,0.0810377449
"Road 471332807 ",152,564.6262,9.911437,-336.197021,4.469923,0.12365599
"Road 471332807 ",153,562.620667,9.825366,-335.723358,4.47028828,0.0670537
"Road 471332807 ",154,564.609131,9.779877,-334.707062,4.470284,0.079449676
"Road 471332807 ",155,562.6036,9.729388,-334.233429,4.469554,0.0494379736
"Road 471332807 ",156,564.592041,9.708969,-333.217163,4.47029448,0.01635438
"Road 471332807 ",157,562.586365,9.6926775,-332.743561,4.469929,0.01046522
"Road 471332807 ",158,564.574768,9.690517,-331.727264,4.46974,0.0130769191
"Road 471332807 ",159,562.5693,9.67723,-331.253662,4.47047043,0.009919403
"Road 471332807 ",160,564.5577,9.674069,-330.237335,4.470289,0.0120749045
"Road 471332807 ",161,562.552063,9.661502,-329.7637,4.469924,0.0114083132
"Road 1098489687 ",0,85.98578,-3.593068,-400.80246,4.157357,0
"Road 1098489687 ",1,87.64626,-3.593068,-402.0092,4.15755033,0
"Road 1098489687 ",2,85.4442749,-3.593068,-402.078033,4.15708447,0
"Road 1098489687 ",3,87.10476,-3.593068,-403.28476,4.15708447,0
"Road 1098489687 ",4,84.90277,-3.593068,-403.3536,4.15744829,0
"Road 1098489687 ",5,86.56324,-3.593068,-404.560333,4.1574564,0
"Road 1098489687 ",6,84.36126,-3.593068,-404.629242,4.157279,0
"Road 1098489687 ",7,86.02173,-3.593068,-405.835938,4.157279,0
"Road 1098489687 ",8,83.81973,-3.593068,-405.9048,4.157363,0
"Road 1098489687 ",9,85.4802,-3.60326648,-407.111542,4.157363,0.0226601772
"Road 1098489687 ",10,83.7835846,-3.60692334,-407.2695,0.5196588,0.0277120564
"Road 1098489687 ",11,82.4931,-3.61575055,-406.4707,0.25983873,0.04698711
"Road 1098489687 ",12,83.4136,-3.61575055,-406.861481,0.259839952,0.0469877422
"Road 1098489687 ",13,85.20945,-3.60326648,-407.749359,1.03932416,0.0101989154
"Road 1098489687 ",14,82.35772,-3.62911987,-406.789642,0.51966536,0.0409798771
"Road 1098489687 ",15,83.18796,-3.62911987,-407.392975,0.5196588,0.0510276258
"Road 1098489687 ",16,81.76209,-3.65657735,-406.913116,1.03933978,0.09114662
"Road 1098489687 ",17,84.8484344,-3.66229177,-408.599731,1.03935981,0.0855099261
"Road 1098489687 ",18,83.0074539,-3.65262675,-407.8182,1.03935981,0.08229719
"Road 1098489687 ",19,85.9494247,-3.65424466,-408.5653,2.07868862,0.09342899
"Road 1098489687 ",20,83.24207,-3.689954,-408.545074,0.5196799,0.121408604
"Road 1098489687 ",21,82.41183,-3.68497968,-407.941742,0.5196799,0.03207341
"Road 1098489687 ",22,84.66793,-3.7085793,-409.024933,1.03935981,0.125742778
"Road 1098489687 ",23,81.31083,-3.75631642,-407.976166,1.03934431,0.112641305
"Road 1098489687 ",24,82.1410751,-3.76129079,-408.579559,1.03934431,0.154251814
"Road 1098489687 ",25,84.30693,-3.814891,-409.875336,1.03927386,0.124349914
"Road 1098489687 ",26,82.46595,-3.80326462,-409.093842,1.03927386,0.122363061
"Road 1098489687 ",27,85.40793,-3.79154277,-409.8409,2.07857871,0.112758718
"Road 1098489687 ",28,82.2854462,-3.86138988,-409.519,1.03935814,0.1311502
"Road 1098489687 ",29,84.12643,-3.87301636,-410.3005,1.03935814,0.133004516
"Road 1098489687 ",30,81.18445,-3.94727826,-409.553467,2.07870936,0.154272273
"Road 1098489687 ",31,83.76543,-3.99200749,-411.1509,1.03935564,0.139977381
"Road 1098489687 ",32,81.9244461,-3.99404335,-410.369415,1.03935564,0.140309751
"Road 1098489687 ",33,84.86642,-3.95686913,-411.116455,2.07871819,0.125893444
"Road 1098489687 ",34,81.74394,-4.058054,-410.7946,1.03927135,0.140923634
"Road 1098489687 ",35,83.58492,-4.05601835,-411.57608,1.03927135,0.140594259
"Road 1098489687 ",36,81.14832,-4.116862,-410.9181,1.0392524,0.135422468
"Road 1098489687 ",37,80.13758,-4.18702459,-410.73996,1.03926134,0.176241
"Road 1098489687 ",38,83.2239,-4.17249155,-412.4265,1.03936565,0.133639216
"Road 1098489687 ",39,80.87756,-4.22596,-411.5559,0.5197016,0.2090828
"Road 1098489687 ",40,81.8883057,-4.15579748,-411.734039,0.5196861,0.1349639
"Road 1098489687 ",41,84.3249,-4.13152075,-412.3921,2.078738,0.117361844
"Road 1098489687 ",42,81.20243,-4.2584343,-412.07016,1.03932345,0.129459918
"Road 1098489687 ",43,83.04339,-4.23169756,-412.8517,1.03932345,0.123959884
"Road 1098489687 ",44,80.6068039,-4.31866264,-412.1937,1.03932691,0.119682878
"Road 1098489687 ",45,79.59606,-4.401877,-412.0155,1.03932106,0.170095071
"Road 1098489687 ",46,82.6823654,-4.337891,-413.702118,1.03932345,0.13176164
"Road 1098489687 ",47,80.79627,-4.384354,-413.026855,0.259818524,0.1292073
"Road 1098489687 ",48,79.8757858,-4.4371376,-412.636078,0.25981766,0.1455081
"Road 1098489687 ",49,81.34677,-4.338137,-413.009644,0.5196629,0.135843188
"Road 1098489687 ",50,83.78336,-4.29168,-413.6677,2.078647,0.102663256
"Road 1098489687 ",51,81.076004,-4.42604446,-413.647461,0.5196861,0.127632529
"Road 1098489687 ",52,79.78553,-4.46607447,-412.848633,0.2598432,0.145506561
"Road 1098489687 ",53,80.70602,-4.41329145,-413.2394,0.259844065,0.129205853
"Road 1098489687 ",54,82.5018539,-4.39686155,-414.127319,1.03936565,0.123567395
"Road 1098489687 ",55,79.14478,-4.561228,-413.0785,1.03934348,0.146102354
"Road 1098489687 ",56,80.48038,-4.48641,-413.770966,0.5196861,0.134611189
"Road 1098489687 ",57,79.469635,-4.56881,-413.592773,0.5196861,0.148463756
"Road 1098489687 ",58,82.1408539,-4.490769,-414.9777,1.03927553,0.09977549
"Road 1098489687 ",59,79.7945,-4.59006262,-414.107056,0.519637764,0.1901518
"Road 1098489687 ",60,80.8052444,-4.5076623,-414.285248,0.519637764,0.10745088
"Road 1098489687 ",61,83.2418442,-4.440333,-414.943268,2.07858229,0.09200699
"Road 1098489687 ",62,80.11937,-4.60507965,-414.621338,1.03935981,0.119238161
"Road 1098489687 ",63,81.96035,-4.53761244,-415.402863,1.03935981,0.10368216
"Road 1098489687 ",64,79.01838,-4.717705,-414.655762,2.07872653,0.130856216
"Road 1098489687 ",65,81.59935,-4.618403,-416.253265,1.03931594,0.1036417
"Road 1098489687 ",66,79.75837,-4.70554972,-415.471771,1.03931594,0.120568417
"Road 1098489687 ",67,82.70035,-4.563091,-416.218842,2.078625,0.07411917
"Road 955217469 독배로",0,-296.668243,-8.287827,-333.684875,1.8232069,0.0472827666
"Road 955217469 독배로",1,-299.913361,-8.164249,-334.4565,0.455782,0.0310069229
"Road 955217469 독배로",2,-301.5478,-8.141904,-334.7827,0.455776542,0.0180044621
"Road 955217469 독배로",3,-299.1437,-8.188102,-334.055023,0.9116045,0.03170128
"Road 955217469 독배로",4,-295.129,-8.377807,-332.881866,3.64633679,0.0556945056
"Road 955217469 독배로",5,-299.286438,-8.195443,-333.339874,0.911493361,0.0415410735
"Road 955217469 독배로",6,-301.785675,-8.131457,-333.590851,0.4557477,0.0185860042
"Road 955217469 독배로",7,-300.151245,-8.17052,-333.264648,0.455753148,0.0393682756
"Road 955217469 독배로",8,-296.858551,-8.309425,-332.731354,1.82298672,0.0537769273
"Road 955217469 독배로",9,-301.7143,-8.130348,-333.9484,0.911531866,0.008491748
"Road 955217469 독배로",10,-300.0323,-8.164098,-333.860565,0.911531866,0.0318359919
"Road 955217469 독배로",11,-302.4601,-8.132007,-334.4691,1.82302308,0.017810097
"Road 955217469 독배로",12,-296.953735,-8.318285,-332.2546,1.82315135,0.051253356
"Road 955217469 독배로",13,-300.198822,-8.173888,-333.026276,0.4557831,0.038359277
"Road 955217469 독배로",14,-301.833252,-8.134826,-333.352478,0.455777645,0.0163426213
"Road 955217469 독배로",15,-299.429169,-8.207672,-332.624756,0.9115702,0.03939755
"Road 955217469 독배로",16,-295.41452,-8.418453,-331.4516,3.6463027,0.06456638
"Road 955217469 독배로",17,-299.57193,-8.219359,-331.909576,0.91160655,0.0507381558
"Road 955217469 독배로",18,-302.0712,-8.13929749,-332.160522,0.455791473,0.020357199
"Road 955217469 독배로",19,-300.436737,-8.189659,-331.83432,0.45579803,0.0457395054
"Road 955217469 독배로",20,-297.144073,-8.34715748,-331.301056,1.823224,0.061065264
"Road 955217469 독배로",21,-302.7932,-8.126389,-332.800446,1.82323492,0.0144273983
"Road 955217469 독배로",22,-300.31778,-8.180041,-332.4303,0.91160655,0.03833346
"Road 955217469 독배로",23,-301.9046,-8.137433,-332.9949,0.911617458,0.0125822853
"Road 955217469 독배로",24,-297.239227,-8.361244,-330.82428,1.82304442,0.06104819
"Road 955217469 독배로",25,-300.484344,-8.194411,-331.595917,0.4557831,0.0516801775
"Road 955217469 독배로",26,-302.118774,-8.14405,-331.92215,0.455776542,0.031516932
"Road 955217469 독배로",27,-299.7147,-8.238197,-331.194458,0.9115277,0.0529981852
"Road 955217469 독배로",28,-295.699951,-8.468668,-330.021332,3.646016,0.06602749
"Road 955217469 독배로",29,-299.8574,-8.255076,-330.479279,0.9115639,0.0526959747
"Road 955217469 독배로",30,-302.3566,-8.159977,-330.7302,0.455743521,0.0280373991
"Road 955217469 독배로",31,-300.722168,-8.220421,-330.404022,0.455739141,0.05055499
"Road 955217469 독배로",32,-297.429535,-8.391866,-329.8708,1.82312989,0.0614940934
"Road 955217469 독배로",33,-302.285248,-8.154121,-331.087769,0.9116025,0.0297051463
"Road 955217469 독배로",34,-300.603241,-8.208833,-330.999969,0.911600351,0.0491429381
"Road 955217469 독배로",35,-303.0311,-8.133124,-331.6085,1.8231554,0.0202323329
"Road 955217469 독배로",36,-297.5247,-8.405368,-329.394,1.8232795,0.0651654452
"Road 955217469 독배로",37,-300.769745,-8.223918,-330.165619,0.455821425,0.05055642
"Road 955217469 독배로",38,-302.404175,-8.163474,-330.491821,0.4558258,0.02803936
"Road 955217469 독배로",39,-300.000122,-8.272075,-329.76413,0.9116408,0.0602089465
"Road 955217469 독배로",40,-295.985443,-8.516719,-328.591034,3.646486,0.06666852
"Road 955217469 독배로",41,-300.142853,-8.291016,-329.04895,0.9115317,0.05868752
"Road 955217469 독배로",42,-302.64212,-8.184462,-329.299927,0.455754071,0.031543456
"Road 955217469 독배로",43,-301.00766,-8.251811,-328.9737,0.455760628,0.0569191724
"Road 955217469 독배로",44,-297.715,-8.435878,-328.44043,1.82307434,0.0635860041
"Road 955217469 독배로",45,-303.364166,-8.155454,-329.9398,1.82312179,0.02971939
"Road 955217469 독배로",46,-300.8887,-8.23856449,-329.569641,0.9115682,0.05668523
"Road 955217469 독배로",47,-302.475555,-8.170351,-330.134247,0.911566,0.0312766
"Road 955217469 독배로",48,-297.810181,-8.447964,-327.963684,1.82305944,0.06358668
"Road 955217469 독배로",49,-301.055267,-8.255962,-328.735321,0.4557831,0.05692069
"Road 955217469 독배로",50,-302.6897,-8.188613,-329.061554,0.455776542,0.0315489061
"Road 955217469 독배로",51,-300.2856,-8.307254,-328.333862,0.9115297,0.0607518479
"Road 955217469 독배로",52,-296.2709,-8.559875,-327.160736,3.64604187,0.06617709
"Road 955217469 독배로",53,-300.428345,-8.32265949,-327.618683,0.9115639,0.0599856153
"Road 955217469 독배로",54,-302.927582,-8.208837,-327.8696,0.455745518,0.03480709
"Road 955217469 독배로",55,-301.293121,-8.280282,-327.543427,0.455752075,0.05983338
"Road 955217469 독배로",56,-298.0005,-8.473233,-327.0102,1.82312989,0.06381319
"Road 955217469 독배로",57,-302.8562,-8.202001,-328.227173,0.9116045,0.0343890376
"Road 955217469 독배로",58,-301.1742,-8.26859,-328.139374,0.9116023,0.0593245253
"Road 955217469 독배로",59,-303.602051,-8.173314,-328.7479,1.8231684,0.030386094
"Road 955217469 독배로",60,-298.0956,-8.4823885,-326.533417,1.82320464,0.06313466
"Road 955217469 독배로",61,-301.340729,-8.284942,-327.305023,0.455819428,0.0598329
"Road 955217469 독배로",62,-302.975159,-8.213496,-327.631226,0.455812871,0.0348080136
"Road 955217469 독배로",63,-300.571075,-8.336474,-326.903534,0.9116023,0.0591695458
"Road 955217469 독배로",64,-296.556366,-8.59142,-325.730438,3.64640927,0.06264421
"Road 955217469 독배로",65,-300.7138,-8.348732,-326.1884,0.9115297,0.05707151
"Road 955217469 독배로",66,-303.213043,-8.233386,-326.439362,0.4557851,0.0336565264
"Road 955217469 독배로",67,-301.5786,-8.30571651,-326.113129,0.455789477,0.05698456
"Road 955217469 독배로",68,-298.285919,-8.498009,-325.579865,1.82305944,0.06235479
"Road 955217469 독배로",69,-303.141663,-8.227199,-326.7969,0.9115297,0.0374526344
"Road 955217469 독배로",70,-301.459656,-8.296229,-326.709076,0.9115297,0.0594238639
"Road 955217469 독배로",71,-303.887482,-8.195998,-327.3176,1.82305944,0.032877773
"Road 955217469 독배로",72,-298.3811,-8.50369,-325.103119,1.8231492,0.0616424941
"Road 955217469 독배로",73,-301.6262,-8.308266,-325.874756,0.4557446,0.0562094934
"Road 955217469 독배로",74,-303.26062,-8.235935,-326.201,0.455740243,0.03232748
"Road 955217469 독배로",75,-300.856537,-8.356961,-325.473267,0.9115702,0.05663613
"Road 955217469 독배로",76,-296.841827,-8.609132,-324.30014,3.64637136,0.06119216
"Road 955217469 독배로",77,-300.9993,-8.363839,-324.758118,0.9115682,0.0571348034
"Road 955217469 독배로",78,-303.4985,-8.245332,-325.009064,0.4557831,0.033265654
"Road 955217469 독배로",79,-301.864075,-8.319225,-324.682861,0.455777645,0.0571041331
"Road 955217469 독배로",80,-298.571442,-8.512536,-324.149567,1.82313645,0.06120276
"Road 955217469 독배로",81,-304.220581,-8.215234,-325.648956,1.82309985,0.032647606
"Road 955217469 독배로",82,-301.745148,-8.313708,-325.2788,0.9115702,0.0566128
"Road 955217469 독배로",83,-303.33197,-8.238997,-325.8434,0.911578953,0.0323273167
"Road 955217469 독배로",84,-298.6666,-8.514945,-323.672821,1.82298672,0.0603639446
"Road 955217469 독배로",85,-301.911652,-8.320437,-324.4445,0.4557477,0.0565056168
"Road 955217469 독배로",86,-303.5461,-8.246544,-324.770721,0.455753148,0.03222697
"Road 955217469 독배로",87,-301.142,-8.36746,-324.043,0.911493361,0.05622693
"Road 955217469 독배로",88,-297.12735,-8.61527,-322.869843,3.64605451,0.0603093579
"Road 955217469 독배로",89,-301.28476,-8.366534,-323.32785,0.911642849,0.0561511964
"Road 955217469 독배로",90,-303.784027,-8.245591,-323.578735,0.4558278,0.03216787
"Road 955217469 독배로",91,-302.149567,-8.319072,-323.252533,0.455834359,0.0562709868
"Road 955217469 독배로",92,-298.8569,-8.51396751,-322.71933,1.8232944,0.06067041
"Road 955217469 독배로",93,-304.506073,-8.219205,-324.218658,1.82326269,0.03239912
"Road 955217469 독배로",94,-302.0306,-8.320351,-323.848541,0.9116023,0.0563462563
"Road 955217469 독배로",95,-303.617462,-8.246503,-324.413116,0.9116023,0.0325708874
"Road 955217469 독배로",96,-298.952057,-8.51207,-322.242523,1.82318974,0.0608289279
"Road 955217469 독배로",97,-302.197174,-8.31815,-323.01413,0.455819428,0.05634024
"Road 955217469 독배로",98,-303.8316,-8.24467,-323.340332,0.455812871,0.0322884
"Road 955217469 독배로",99,-301.427521,-8.363715,-322.61264,0.911600351,0.0562889241
"Road 955217469 독배로",100,-297.4128,-8.609607,-321.439545,3.64638352,0.0607398823
"Road 955217469 독배로",101,-301.570221,-8.358327,-321.8975,0.9115297,0.0567426048
"Road 955217469 독배로",102,-304.069427,-8.237315,-322.148468,0.4557831,0.0322422571
"Road 955217469 독배로",103,-302.435,-8.309602,-321.822235,0.455776542,0.0560760424
"Road 955217469 독배로",104,-299.142365,-8.504868,-321.288971,1.82305944,0.061598856
"Road 955217469 독배로",105,-303.998077,-8.239953,-322.506,0.9115277,0.0321431123
"Road 955217469 독배로",106,-302.316071,-8.314712,-322.418182,0.9115277,0.05672278
"Road 955217469 독배로",107,-304.743927,-8.215477,-323.0267,1.82304645,0.0325486027
"Road 955217469 독배로",108,-299.237549,-8.499625,-320.812225,1.8231492,0.06181275
"Road 955217469 독배로",109,-302.482574,-8.307433,-321.583862,0.455754071,0.0563732721
"Road 955217469 독배로",110,-304.117035,-8.23514652,-321.9101,0.455760628,0.03275774
"Road 955217469 독배로",111,-301.712982,-8.350917,-321.182373,0.9115811,0.056442678
"Road 955217469 독배로",112,-297.698273,-8.596451,-320.009247,3.6462214,0.0617622361
"Road 955217469 독배로",113,-301.8557,-8.342374,-320.467255,0.9115426,0.0564906746
"Road 955217469 독배로",114,-304.35495,-8.222493,-320.7182,0.4557446,0.0324116535
"Road 955217469 독배로",115,-302.72052,-8.293526,-320.391968,0.455740243,0.0562143065
"Road 955217469 독배로",116,-299.4279,-8.489404,-319.8587,1.82307434,0.062812306
"Road 955217469 독배로",117,-305.077,-8.201826,-321.358063,1.82310188,0.0319752879
"Road 955217469 독배로",118,-302.6016,-8.300714,-320.9879,0.9115811,0.0564152263
"Road 955217469 독배로",119,-304.188416,-8.231197,-321.552521,0.911568046,0.0334244072
"Road 955217469 독배로",120,-299.523041,-8.48368549,-319.381958,1.82305944,0.0625622645
"Road 955217469 독배로",121,-302.7681,-8.290692,-320.1536,0.4557851,0.0562149435
"Road 955217469 독배로",122,-304.402557,-8.219661,-320.479828,0.455789477,0.0324133448
"Road 955217469 독배로",123,-301.998444,-8.333823,-319.7521,0.9115297,0.0561815724
"Road 955217469 독배로",124,-297.983734,-8.581512,-318.578979,3.64619184,0.0625328645
"Road 955217469 독배로",125,-302.1412,-8.325077,-319.036957,0.911638856,0.0565736741
"Road 955217469 독배로",126,-304.6404,-8.208112,-319.287842,0.455812871,0.0295463372
"Road 955217469 독배로",127,-303.005981,-8.275932,-318.961639,0.455819428,0.0569129921
"Road 955217469 독배로",128,-299.713318,-8.473077,-318.428436,1.8232646,0.06349961
"Road 955217469 독배로",129,-304.569061,-8.212709,-319.645477,0.911589265,0.0290205777
"Road 955217469 독배로",130,-302.887054,-8.28365,-319.557648,0.9116023,0.056511566
"Road 955217469 독배로",131,-305.3149,-8.19185,-320.166138,1.82322812,0.029813366
"Road 955217469 독배로",132,-299.808472,-8.466934,-317.95163,1.8232944,0.0634168
"Road 955217469 독배로",133,-303.053558,-8.272592,-318.723236,0.455819428,0.05691362
"Road 955217469 독배로",134,-304.688,-8.204771,-319.049438,0.455812871,0.0295475554
"Road 955217469 독배로",135,-302.2839,-8.315595,-318.321747,0.911642849,0.0567971244
"Road 955217469 독배로",136,-298.2692,-8.565789,-317.148651,3.64650774,0.06333392
"Road 955217469 독배로",137,-302.426666,-8.306607,-317.6066,0.911493361,0.05667554
"Road 955217469 독배로",138,-304.925873,-8.192276,-317.857574,0.4557457,0.0257309359
"Road 955217469 독배로",139,-303.291443,-8.257865,-317.531372,0.455740243,0.0556468554
"Road 955217469 독배로",140,-299.9988,-8.456063,-316.998077,1.82298672,0.06420815
"Road 955217469 독배로",141,-305.647949,-8.176219,-318.497437,1.82302725,0.02539337
"Road 955217469 독배로",142,-303.172516,-8.264993,-318.1273,0.9115339,0.05662845
"Road 955217469 독배로",143,-304.759338,-8.200194,-318.6919,0.9115426,0.028521847
"Road 955217469 독배로",144,-300.093964,-8.449807,-316.521332,1.82313645,0.0643194243
"Road 955217469 독배로",145,-303.33902,-8.255539,-317.293,0.4557851,0.0556469746
"Road 955217469 독배로",146,-304.97348,-8.189952,-317.6192,0.45579055,0.02573195
"Road 955217469 독배로",147,-302.569366,-8.298026,-316.891479,0.9115682,0.0558651164
"Road 955217469 독배로",148,-298.554718,-8.549954,-315.718323,3.6461997,0.06420257
"Road 955217469 독배로",149,-302.712128,-8.289154,-316.176331,0.9115702,0.05491752
"Road 955217469 독배로",150,-305.2114,-8.179322,-316.427277,0.455829978,0.0250105448
"Road 955217469 독배로",151,-303.576935,-8.241738,-316.101044,0.455834359,0.0541846119
"Road 955217469 독배로",152,-300.284271,-8.438469,-315.5678,1.8231492,0.06548554
"Road 955217469 독배로",153,-305.933441,-8.164345,-317.067169,1.82319438,0.0237771142
"Road 955217469 독배로",154,-303.457977,-8.248857,-316.697021,0.9115682,0.0546178855
"Road 955217469 독배로",155,-305.04483,-8.186463,-317.261627,0.9115682,0.02572983
"Road 955217469 독배로",156,-300.379425,-8.431874,-315.091064,1.82298458,0.0653912351
"Road 955217469 독배로",157,-303.624542,-8.238915,-315.862671,0.4557446,0.0540833734
"Road 955217469 독배로",158,-305.258972,-8.176499,-316.1889,0.455740243,0.0247885268
"Road 955217469 독배로",159,-302.8549,-8.279736,-315.4612,0.9114912,0.0542523824
"Road 955217469 독배로",160,-298.840179,-8.533778,-314.2881,3.64604616,0.0652727559
"Road 955217469 독배로",161,-302.99762,-8.270886,-314.746063,0.9116387,0.05331014
"Road 955217469 독배로",162,-305.496857,-8.164306,-314.996948,0.455820322,0.0237645674
"Road 955217469 독배로",163,-303.862427,-8.224979,-314.670746,0.4558258,0.0523199774
"Road 955217469 독배로",164,-300.569733,-8.420704,-314.137543,1.82327735,0.06623859
"Road 955217469 독배로",165,-305.425476,-8.168012,-315.354523,0.9116002,0.02376531
"Road 955217469 독배로",166,-303.743469,-8.231822,-315.266754,0.9116002,0.0531061
"Road 955217469 독배로",167,-306.1713,-8.15351,-315.8752,1.823241,0.0237550717
"Road 955217469 독배로",168,-300.664917,-8.414506,-313.660736,1.8233521,0.06617842
"Road 955217469 독배로",169,-303.91,-8.222085,-314.4323,0.455855727,0.0531101637
"Road 955217469 독배로",170,-305.544434,-8.161411,-314.7585,0.455850273,0.0254556574
"Road 955217469 독배로",171,-303.14035,-8.261794,-314.0308,0.911675,0.0529972166
"Road 955217469 독배로",172,-299.125641,-8.518001,-312.857727,3.6467042,0.06610733
"Road 955217469 독배로",173,-303.283081,-8.252924,-313.315643,0.911531866,0.0528177135
"Road 955217469 독배로",174,-305.782318,-8.146943,-313.56662,0.4557851,0.0235993247
"Road 955217469 독배로",175,-304.147858,-8.207269,-313.240417,0.45579055,0.052503746
"Road 955217469 독배로",176,-300.855225,-8.403825,-312.707123,1.82306159,0.066656746
"Road 955217469 독배로",177,-305.710938,-8.15123,-313.9242,0.9114912,0.024126146
"Road 955217469 독배로",178,-304.028931,-8.214386,-313.836334,0.911493361,0.05286841
"Road 955217469 독배로",179,-306.4568,-8.137965,-314.444855,1.82306373,0.0240329
"Road 955217469 독배로",180,-300.950378,-8.397552,-312.230377,1.82300174,0.0671413
"Road 955217469 독배로",181,-304.195465,-8.204518,-313.002045,0.4557457,0.0527426973
"Road 955217469 독배로",182,-305.8299,-8.144193,-313.328247,0.455740243,0.02412533
"Road 955217469 독배로",183,-303.4258,-8.243899,-312.600555,0.9114954,0.052982565
"Road 955217469 독배로",184,-299.411133,-8.502147,-311.4274,3.64608049,0.0669878647
"Road 955217469 독배로",185,-303.568573,-8.23391,-311.885437,0.9115702,0.0528597757
"Road 955217469 독배로",186,-306.067841,-8.12836,-312.136383,0.455829978,0.0238719545
"Road 955217469 독배로",187,-304.43338,-8.188075,-311.81015,0.455834359,0.0528347269
"Road 955217469 독배로",188,-301.140717,-8.38626,-311.276917,1.8231492,0.06783348
"Road 955217469 독배로",189,-306.7899,-8.117312,-312.776245,1.8231194,0.023715036
"Road 955217469 독배로",190,-304.314423,-8.196144,-312.406128,0.9115317,0.0530601181
"Road 955217469 독배로",191,-305.901245,-8.139261,-312.9707,0.9115426,0.02573526
"Road 955217469 독배로",192,-301.23587,-8.380065,-310.80014,1.82311928,0.06789496
"Road 955217469 독배로",193,-304.481,-8.185355,-311.571777,0.4557446,0.05226985
"Road 955217469 독배로",194,-306.115417,-8.12564,-311.898,0.455740243,0.0225920435
"Road 955217469 독배로",195,-303.711334,-8.224995,-311.1703,0.9115662,0.0524983145
"Road 955217469 독배로",196,-299.696625,-8.48564,-309.997162,3.64616561,0.06784025
"Road 955217469 독배로",197,-303.854034,-8.215004,-310.4551,0.9116023,0.0530036837
"Road 955217469 독배로",198,-306.353241,-8.10938549,-310.706024,0.455819428,0.0251463074
"Road 955217469 독배로",199,-304.7188,-8.1688385,-310.379822,0.455812871,0.0535597019
"Road 955217469 독배로",200,-301.426178,-8.36803,-309.846619,1.82320464,0.06867638
"Road 955217469 독배로",201,-306.2819,-8.114713,-311.063629,0.911638856,0.0246964283
"Road 955217469 독배로",202,-304.599884,-8.177545,-310.9758,0.911638856,0.0530534126
"Road 955217469 독배로",203,-307.02774,-8.10244751,-311.58432,1.82322812,0.0244260915
"Road 955217469 독배로",204,-301.521332,-8.3615675,-309.369843,1.82320464,0.06843961
"Road 955217469 독배로",205,-304.7664,-8.165132,-310.141449,0.45578292,0.0535607822
"Road 955217469 독배로",206,-306.400848,-8.105679,-310.467621,0.455789477,0.02515048
"Road 955217469 독배로",207,-303.996735,-8.204837,-309.73996,0.9116023,0.05325063
"Road 955217469 독배로",208,-299.9821,-8.467853,-308.566833,3.64641333,0.06841273
"Road 955217469 독배로",209,-304.1395,-8.1945715,-309.0248,0.9114954,0.05390005
"Road 955217469 독배로",210,-306.638763,-8.092376,-309.2758,0.455755174,0.0210551247
"Road 955217469 독배로",211,-305.0043,-8.148046,-308.9496,0.455760628,0.0530186146
"Road 955217469 독배로",212,-301.711639,-8.348756,-308.4163,1.82300174,0.06986207
"Road 955217469 독배로",213,-307.3608,-8.082531,-309.915619,1.82301056,0.018025307
"Road 955217469 독배로",214,-304.885345,-8.156936,-309.5455,0.911493361,0.05353277
"Road 955217469 독배로",215,-306.4722,-8.100565,-310.110077,0.911493361,0.0238580387
"Road 955217469 독배로",216,-301.806824,-8.34112549,-307.939545,1.82315135,0.06966346
"Road 955217469 독배로",217,-305.0519,-8.14463,-308.7112,0.4557831,0.0530188
"Road 955217469 독배로",218,-306.68634,-8.08896,-309.0374,0.455777645,0.0210513156
"Road 955217469 독배로",219,-304.282257,-8.183526,-308.3097,0.9115702,0.0531821921
"Road 955217469 독배로",220,-300.267578,-8.448607,-307.136536,3.64629865,0.0694900453
"Road 955217469 독배로",221,-304.425018,-8.173344,-307.5945,0.9116045,0.0522151366
"Road 955217469 독배로",222,-306.924225,-8.075988,-307.845459,0.455782,0.0171210021
"Road 955217469 독배로",223,-305.2898,-8.128461,-307.519257,0.455777645,0.0508095622
"Road 955217469 독배로",224,-301.997162,-8.328107,-306.986,1.823209,0.0703083351
"Road 955217469 독배로",225,-306.852875,-8.080268,-308.203064,0.91160655,0.0179164726
"Road 955217469 독배로",226,-305.170868,-8.136245,-308.1152,0.91160655,0.0519640073
"Road 955217469 독배로",227,-307.5987,-8.071879,-308.723755,1.82322192,0.0169781279
"Road 955217469 독배로",228,-302.092316,-8.320973,-306.509216,1.82305944,0.0704171658
"Road 955217469 독배로",229,-305.337372,-8.125844,-307.280853,0.4557851,0.05080811
"Road 955217469 독배로",230,-306.9718,-8.073372,-307.6071,0.455789477,0.01711856
"Road 955217469 독배로",231,-304.567749,-8.163594,-306.8794,0.9115297,0.051270023
"Road 955217469 독배로",232,-300.55304,-8.429859,-305.706238,3.646196,0.0702739
"Road 955217469 독배로",233,-304.71048,-8.153735,-306.164246,0.9115682,0.0500966348
"Road 955217469 독배로",234,-307.2097,-8.062557,-306.4152,0.4558205,0.01573903
"Road 955217469 독배로",235,-305.575256,-8.110608,-306.088959,0.455813944,0.04890093
"Road 955217469 독배로",236,-302.282623,-8.307925,-305.555725,1.82313418,0.0712438449
"Road 955217469 독배로",237,-307.138336,-8.0666275,-306.772736,0.9115275,0.01497952
"Road 955217469 독배로",238,-305.456329,-8.11829,-306.684937,0.9115297,0.0496209748
"Road 955217469 독배로",239,-307.8842,-8.059459,-307.293427,1.82309568,0.0138602033
"Road 955217469 독배로",240,-302.377777,-8.301209,-305.078949,1.82313418,0.07083673
"Road 955217469 독배로",241,-305.622833,-8.107972,-305.8506,0.455746621,0.04840743
"Road 955217469 독배로",242,-307.2573,-8.059921,-306.176819,0.455753148,0.014134665
"Road 955217469 독배로",243,-304.85318,-8.144383,-305.4491,0.9115682,0.04867998
"Road 955217469 독배로",244,-300.838531,-8.410306,-304.27597,3.64619541,0.07091974
"Road 955217469 독배로",245,-304.995941,-8.1363945,-304.733917,0.911568046,0.0472694971
"Road 955217469 독배로",246,-307.4952,-8.049391,-304.984863,0.455791473,0.013342089
"Road 955217469 독배로",247,-305.860748,-8.095857,-304.658661,0.455796927,0.0458514877
"Road 955217469 독배로",248,-302.568085,-8.288151,-304.125427,1.82314694,0.07011377
"Road 955217469 독배로",249,-308.217255,-8.044982,-305.624756,1.82319438,0.0138954418
"Road 955217469 독배로",250,-305.7418,-8.101724,-305.254639,0.9116045,0.0469889864
"Road 955217469 독배로",251,-307.328644,-8.056776,-305.819244,0.9116023,0.01284846
"Road 955217469 독배로",252,-302.663239,-8.28163052,-303.648651,1.8232069,0.0706408545
"Road 955217469 독배로",253,-305.908356,-8.093022,-304.420258,0.455819428,0.04763928
"Road 955217469 독배로",254,-307.5428,-8.046557,-304.7465,0.455813944,0.0185747743
"Road 955217469 독배로",255,-305.1387,-8.127041,-304.018768,0.9116023,0.047560256
"Road 955217469 독배로",256,-301.124,-8.387194,-302.845673,3.6464138,0.0711360946
"Road 955217469 독배로",257,-305.281433,-8.11621952,-303.303619,0.911566,0.0475529432
"Road 955217469 독배로",258,-307.78067,-8.030184,-303.554565,0.455746621,0.0165155418
"Road 955217469 독배로",259,-306.14624,-8.075159,-303.228333,0.455753148,0.0468876362
"Road 955217469 독배로",260,-302.853546,-8.264768,-302.695068,1.82313418,0.06941336
"Road 955217469 독배로",261,-307.7093,-8.035375,-303.91214,0.9115682,0.0170679726
"Road 955217469 독배로",262,-306.027283,-8.084056,-303.8243,0.911566,0.0474195
"Road 955217469 독배로",263,-308.4551,-8.031894,-304.432831,1.82313645,0.0156769287
"Road 955217469 독배로",264,-302.94873,-8.256737,-302.218323,1.82307434,0.07001823
"Road 955217469 독배로",265,-306.193817,-8.07167,-302.98996,0.4557831,0.04725643
"Road 955217469 독배로",266,-307.828247,-8.026694,-303.3162,0.455776542,0.0175323021
"Road 955217469 독배로",267,-305.424164,-8.104698,-302.5885,0.9115317,0.0478453562
"Road 955217469 독배로",268,-301.409454,-8.355647,-301.415375,3.64614463,0.07208861
"Road 955217469 독배로",269,-305.566925,-8.089932,-301.873383,0.9115297,0.05016653
"Road 955217469 독배로",270,-308.066132,-8.008101,-302.124329,0.4557446,0.0197578482
"Road 955217469 독배로",271,-306.4317,-8.048601,-301.7981,0.455740243,0.0460816622
"Road 955217469 독배로",272,-303.139069,-8.232232,-301.264832,1.82305944,0.0704902858
"Road 955217469 독배로",273,-308.7882,-8.008784,-302.7642,1.82306147,0.0145056779
"Road 955217469 독배로",274,-306.312775,-8.061309,-302.394043,0.9115317,0.0476167724
"Road 955217469 독배로",275,-307.8996,-8.020659,-302.958618,0.9115426,0.019772483
"Road 955217469 독배로",276,-303.234222,-8.219777,-300.7881,1.82305944,0.0705017
"Road 955217469 독배로",277,-306.479279,-8.04386,-301.559723,0.4557851,0.0467828847
"Road 955217469 독배로",278,-308.113739,-8.00336,-301.885956,0.455789477,0.0213443413
"Road 955217469 독배로",279,-305.709625,-8.072737,-301.158234,0.9115297,0.04865794
"Road 955217469 독배로",280,-301.694946,-8.311854,-299.9851,3.646196,0.07348736
"Road 955217469 독배로",281,-305.8524,-8.055404,-300.443085,0.9116408,0.04722647
"Road 955217469 독배로",282,-308.3516,-7.98057938,-300.69397,0.455818325,0.0207547061
"Road 955217469 독배로",283,-306.717163,-8.016639,-300.367767,0.455813944,0.0440984629
"Road 955217469 독배로",284,-303.42453,-8.190003,-299.834564,1.8232795,0.0676051751
"Road 955217469 독배로",285,-308.280243,-7.98799467,-301.0516,0.9116002,0.0207539052
"Road 955217469 독배로",286,-306.598236,-8.030213,-300.963776,0.9116023,0.0453954823
"Road 955217469 독배로",287,-309.0261,-7.990019,-301.572266,1.823241,0.0173791964
"Road 955217469 독배로",288,-303.519684,-8.176066,-299.357758,1.82320464,0.07037495
"Road 955217469 독배로",289,-306.76474,-8.011695,-300.129364,0.455821425,0.044096224
"Road 955217469 독배로",290,-308.39917,-7.97563553,-300.455566,0.4558258,0.0207527634
"Road 955217469 독배로",291,-305.995117,-8.036523,-299.727875,0.9116023,0.0492413975
"Road 955217469 독배로",292,-301.9804,-8.260683,-298.554779,3.64640927,0.07372595
"Road 955217469 독배로",293,-306.137848,-8.014562,-299.012726,0.9115297,0.0479993261
"Road 955217469 독배로",294,-308.637054,-7.95181131,-299.2637,0.4557831,0.0263082087
"Road 955217469 독배로",295,-307.002625,-7.977695,-298.937469,0.455776542,0.0435424261
"Road 955217469 독배로",296,-303.71,-8.140662,-298.4042,1.82305944,0.06809114
"Road 955217469 독배로",297,-308.5657,-7.96137953,-299.621246,0.9115297,0.0266343821
"Road 955217469 독배로",298,-306.8837,-7.99504042,-299.533417,0.9115297,0.0450991951
"Road 955217469 독배로",299,-309.311554,-7.966802,-300.141937,1.82305944,0.0114124371
"Road 955217469 독배로",300,-303.805145,-8.124537,-297.92746,1.82313418,0.06922162
"Road 955217469 독배로",301,-307.0502,-7.97136831,-298.6991,0.455746621,0.04354217
"Road 955217469 독배로",302,-308.684662,-7.94548559,-299.02533,0.455753148,0.02631157
"Road 955217469 독배로",303,-306.280548,-7.99211073,-298.2976,0.9115682,0.0481086932
"Road 955217469 독배로",304,-302.2659,-8.202464,-297.124481,3.64619541,0.07422373
"Road 955217469 독배로",305,-306.4233,-7.969273,-297.5825,0.9115317,0.0468877219
"Road 955217469 독배로",306,-308.922577,-7.9220314,-297.833435,0.455754071,0.0255401134
"Road 955217469 독배로",307,-307.288116,-7.93673563,-297.5072,0.455760628,0.0367685743
"Road 955217469 독배로",308,-303.995453,-8.085283,-296.973938,1.82307434,0.06717969
"Road 955217469 독배로",309,-309.644623,-7.937033,-298.4733,1.82312179,0.0152300252
"Road 955217469 독배로",310,-307.169159,-7.9540267,-298.103149,0.9115682,0.04014259
"Road 955217469 독배로",311,-308.756,-7.93649054,-298.667755,0.911566,0.0243445914
"Road 955217469 독배로",312,-304.0906,-8.06833649,-296.497162,1.823209,0.06638414
"Road 955217469 독배로",313,-307.335724,-7.93113375,-297.268829,0.4558205,0.0367718525
"Road 955217469 독배로",314,-308.970154,-7.91643,-297.595062,0.455813944,0.025537787
"Road 955217469 독배로",315,-306.566071,-7.94672441,-296.8673,0.9116045,0.0435178131
"Road 955217469 독배로",316,-302.551361,-8.139169,-295.694183,3.646418,0.07381938
"Road 955217469 독배로",317,-306.7088,-7.923945,-296.152161,0.9115682,0.04344633
"Road 955217469 독배로",318,-309.208038,-7.894095,-296.4031,0.4557851,0.02675991
"Road 955217469 독배로",319,-307.5736,-7.89745,-296.0769,0.45579055,0.0294951051
"Road 955217469 독배로",320,-304.2809,-8.02706051,-295.5436,1.82313645,0.0642324463
"Road 955217469 독배로",321,-309.136658,-7.902199,-296.7607,0.9115682,0.0289121214
"Road 955217469 독배로",322,-307.454651,-7.91444254,-296.672852,0.9115682,0.0343195274
"Road 955217469 독배로",323,-309.882477,-7.91977644,-297.2814,1.82313645,0.01740825
"Road 955217469 독배로",324,-304.3761,-8.009526,-295.066864,1.82315135,0.0636617
"Road 955217469 독배로",325,-307.6212,-7.892222,-295.838531,0.4557831,0.030813545
"Road 955217469 독배로",326,-309.2556,-7.888868,-296.164734,0.455777645,0.0282040518
"Road 955217469 독배로",327,-306.851532,-7.90118456,-295.437,0.9115702,0.0404164158
"Road 955217469 독배로",328,-302.836884,-8.07325,-294.263855,3.6463027,0.07118089
"Road 955217469 독배로",329,-306.9943,-7.878357,-294.721863,0.9115702,0.0379431471
"Road 955217469 독배로",330,-309.493561,-7.86535645,-294.9728,0.455792576,0.0333829522
"Road 955217469 독배로",331,-307.8591,-7.857948,-294.6466,0.45579803,0.0278962348
"Road 955217469 독배로",332,-304.566437,-7.968231,-294.1133,1.82315135,0.059415292
"Road 955217469 독배로",333,-310.215576,-7.89105368,-295.6127,1.8231622,0.0252476465
"Road 955217469 독배로",334,-307.740143,-7.87503242,-295.242554,0.9115702,0.0296666473
"Road 955217469 독배로",335,-309.326965,-7.880321,-295.807159,0.9115811,0.0292950738
"Road 955217469 독배로",336,-304.661621,-7.951956,-293.636566,1.82298672,0.0583578348
"Road 955217469 독배로",337,-307.9067,-7.852574,-294.408234,0.4557457,0.0249619987
"Road 955217469 독배로",338,-309.541138,-7.859983,-294.734467,0.455740243,0.030968817
"Road 955217469 독배로",339,-307.137054,-7.856707,-294.006744,0.911493361,0.03492849
"Road 955217469 독배로",340,-303.122345,-8.008655,-292.8336,3.64605045,0.06750996
"Road 955217469 독배로",341,-307.2798,-7.835241,-293.2916,0.9116408,0.03508985
"Road 955217469 독배로",342,-309.779022,-7.838301,-293.54248,0.455820322,0.03745223
"Road 955217469 독배로",343,-308.144562,-7.82045937,-293.216278,0.455826879,0.0246372577
"Road 955217469 독배로",344,-304.851929,-7.911793,-292.683075,1.8232795,0.0552484132
"Road 955217469 독배로",345,-309.707642,-7.846476,-293.900116,0.9116002,0.0364385657
"Road 955217469 독배로",346,-308.025635,-7.83685255,-293.8123,0.9116023,0.0246142484
"Road 955217469 독배로",347,-310.4535,-7.87373924,-294.420776,1.823241,0.0272498634
"Road 955217469 독배로",348,-305.7881,-7.847338,-292.2502,0.9115639,0.044535175
"Road 955217469 독배로",349,-304.106079,-7.927437,-292.162384,0.9115275,0.112142526
"Road 955217469 독배로",350,-308.192169,-7.81501961,-292.977875,0.455819428,0.0228115916
"Road 955217469 독배로",351,-309.8266,-7.83286142,-293.304077,0.455812871,0.03627546
"Road 955217469 독배로",352,-307.422516,-7.8143115,-292.5764,0.9115639,0.0306371
"Road 955217469 독배로",353,-303.360229,-7.941555,-291.641724,0.9116045,0.06638194
"Road 955217469 독배로",354,-305.042236,-7.861456,-291.729523,0.9116023,0.0509876125
"Road 955217469 독배로",355,-302.61438,-7.9671073,-291.121,1.8231684,0.06897637
"Road 955217469 독배로",356,-307.565247,-7.795095,-291.8613,0.9115297,0.03132612
"Road 955217469 독배로",357,-310.064484,-7.815804,-292.112244,0.455746621,0.0402474068
"Road 955217469 독배로",358,-308.430054,-7.786653,-291.786,0.455753148,0.0179915484
"Road 955217469 독배로",359,-305.13736,-7.85803938,-291.252747,1.82305944,0.0495919436
"Road 955217469 독배로",360,-310.78653,-7.849359,-292.752075,1.82302094,0.0352205373
"Road 955217469 독배로",361,-308.311127,-7.80078125,-292.381927,0.9114912,0.0186136719
"Road 955217469 독배로",362,-309.897949,-7.825894,-292.946533,0.911493361,0.0347836949
"Road 955217469 독배로",363,-306.073578,-7.79863739,-290.819946,0.9115317,0.0389147326
"Road 955217469 독배로",364,-304.391541,-7.869683,-290.7321,0.9115446,0.112988256
"Road 955217469 독배로",365,-308.477631,-7.782287,-291.547638,0.4557831,0.0179904737
"Road 955217469 독배로",366,-310.112061,-7.811438,-291.873871,0.455776542,0.040245302
"Road 955217469 독배로",367,-307.707977,-7.77636862,-291.146149,0.9115317,0.0278955121
"Road 955217469 독배로",368,-302.852264,-7.913632,-289.9291,1.82312179,0.0636066347
"Road 955217469 독배로",369,-304.5343,-7.842587,-290.016968,1.823098,0.0309333615
"Road 955217469 독배로",370,-307.850739,-7.76120234,-290.431,0.9116408,0.0230373181
"Road 955217469 독배로",371,-310.349945,-7.79975939,-290.6819,0.455818325,0.0421721227
"Road 955217469 독배로",372,-308.7155,-7.760742,-290.355682,0.455813944,0.0123610366
"Road 955217469 독배로",373,-305.4467,-7.79151154,-289.703278,0.455821425,0.0403200462
"Road 955217469 독배로",374,-303.812256,-7.847742,-289.377075,0.4558258,0.0556024425
"Road 955217469 독배로",375,-306.2163,-7.77795,-290.104767,0.9116408,0.033291176
"Road 955217469 독배로",376,-311.072021,-7.836151,-291.3218,1.82324088,0.0402320772
"Road 955217469 독배로",377,-308.5966,-7.77043867,-290.9517,0.911604345,0.0121832574
"Road 955217469 독배로",378,-310.1834,-7.80637026,-291.516266,0.911615252,0.03876607
"Road 955217469 독배로",379,-306.359039,-7.758665,-289.3896,0.9116023,0.031822633
"Road 955217469 독배로",380,-303.859833,-7.83967,-289.138672,0.455780923,0.05560458
"Road 955217469 독배로",381,-305.494263,-7.78343964,-289.464874,0.455776542,0.0403218158
"Road 955217469 독배로",382,-308.7631,-7.75812149,-290.117279,0.455821425,0.0123590343
"Road 955217469 독배로",383,-310.397552,-7.79713869,-290.443481,0.4558258,0.04217226
"Road 955217469 독배로",384,-307.993439,-7.74736834,-289.7158,0.9116023,0.0247915853
"Road 955217469 독배로",385,-303.931183,-7.82835531,-288.7811,0.911600351,0.0541175567
"Road 955217469 독배로",386,-305.6132,-7.76641273,-288.8689,0.911600351,0.0363015831
"Road 955217469 독배로",387,-303.185333,-7.8518734,-288.260376,1.82319176,0.05576226
"Road 955217469 독배로",388,-308.1362,-7.7355237,-289.000641,0.9115277,0.0202113166
"Road 955217469 독배로",389,-310.6354,-7.7916317,-289.251617,0.455777645,0.046490103
"Road 955217469 독배로",390,-309.000977,-7.742287,-288.925385,0.455782,0.0139667382
"Road 955217469 독배로",391,-305.7321,-7.751684,-288.272949,0.4557446,0.03256202
"Road 955217469 독배로",392,-304.097656,-7.8000145,-287.946716,0.455740243,0.0495323427
"Road 955217469 독배로",393,-306.50174,-7.74160051,-288.674438,0.9115277,0.0250312928
"Road 955217469 독배로",394,-310.564056,-7.794311,-289.609161,0.9115188,0.0474655
"Road 955217469 독배로",395,-308.88205,-7.749039,-289.521332,0.9115297,0.0131809553
"Road 955217469 독배로",396,-311.3099,-7.83165741,-290.129852,1.82304645,0.0425211675
"Road 955217469 독배로",397,-306.6445,-7.72711754,-287.9593,0.9115702,0.02207738
"Road 955217469 독배로",398,-304.145233,-7.79343843,-287.708344,0.455829978,0.04873007
"Road 955217469 독배로",399,-305.7797,-7.745108,-288.034576,0.455834359,0.0313308425
"Road 955217469 독배로",400,-309.048553,-7.74104834,-288.687,0.4557446,0.0139669683
"Road 955217469 독배로",401,-310.682983,-7.7903924,-289.013245,0.455740243,0.04649023
"Road 955217469 독배로",402,-308.2789,-7.72637749,-288.285522,0.9115702,0.0214660931
"Road 955217469 독배로",403,-303.423218,-7.81233,-287.068481,1.8231194,0.0510800853
"Road 955217469 독배로",404,-305.898651,-7.73227262,-287.4386,0.9115317,0.02780513
"Road 955217469 독배로",405,-304.311829,-7.769155,-286.874023,0.9115426,0.04398779
"Road 955217469 독배로",406,-308.421661,-7.719685,-287.5704,0.9115317,0.0191612728
"Road 955217469 독배로",407,-310.920929,-7.788437,-287.82135,0.455754071,0.0480140559
"Road 955217469 독배로",408,-309.286469,-7.733021,-287.495117,0.455760628,0.0184981357
"Road 955217469 독배로",409,-306.0176,-7.72229052,-286.842682,0.4557831,0.0204062257
"Road 955217469 독배로",410,-304.383179,-7.7612443,-286.516449,0.455776542,0.03996439
"Road 955217469 독배로",411,-306.787262,-7.71541,-287.244141,0.9115317,0.0147440089
"Road 955217469 독배로",412,-311.642944,-7.82828,-288.4612,1.82312369,0.0480469
"Road 955217469 독배로",413,-309.1675,-7.735808,-288.091064,0.9115702,0.0167055037
"Road 955217469 독배로",414,-310.754333,-7.788986,-288.65567,0.911578953,0.0465938337
"Road 955217469 독배로",415,-306.930573,-7.707491,-286.5261,0.9190708,0.0112795066
"Road 955217469 독배로",416,-304.430939,-7.75701,-286.2771,0.459517121,0.0399628244
"Road 955217469 독배로",417,-306.0654,-7.718056,-286.6033,0.459523737,0.0204046331
"Road 955217469 독배로",418,-309.334259,-7.73316336,-287.255768,0.459553659,0.01849819
"Road 955217469 독배로",419,-310.968719,-7.78857946,-287.582,0.459547073,0.04801415
"Road 955217469 독배로",420,-308.565,-7.71614265,-286.8523,0.9190708,0.0206208955
"Road 955217469 독배로",421,-304.50293,-7.751428,-285.916565,0.9190708,0.0391104072
"Road 955217469 독배로",422,-306.1853,-7.710861,-286.002472,0.9190708,0.0162420589
"Road 955217469 독배로",423,-303.75766,-7.7733345,-285.392944,1.83818233,0.0394610837
"Road 955217469 독배로",424,-308.7089,-7.71365738,-286.131134,0.919303834,0.0216891654
"Road 955217469 독배로",425,-311.208527,-7.78935862,-286.38,0.459670067,0.04891411
"Road 955217469 독배로",426,-309.5741,-7.730638,-286.053833,0.459670067,0.0216937512
"Road 955217469 독배로",427,-306.3052,-7.70561552,-285.4015,0.459670067,0.008898315
"Road 955217469 독배로",428,-304.670776,-7.73697662,-285.075317,0.459670067,0.0319942944
"Road 955217469 독배로",429,-307.074463,-7.701406,-285.804962,0.9193016,0.00778189627
"Road 955217469 독배로",430,-311.1366,-7.78947,-286.740631,0.9192631,0.0484835841
"Road 955217469 독배로",431,-309.4542,-7.73176432,-286.654846,0.91926533,0.0206041057
"Road 955217469 독배로",432,-311.881836,-7.829264,-287.264282,1.838567,0.0481471866
"Road 955217469 독배로",433,-307.218384,-7.69917345,-285.083832,0.91915226,0.00538202561
"Road 955217469 독배로",434,-304.71875,-7.73550653,-284.83493,0.459587783,0.03187496
"Road 955217469 독배로",435,-306.35318,-7.70414543,-285.1611,0.459587783,0.0084584
"Road 955217469 독배로",436,-309.62207,-7.73041773,-285.813446,0.459587783,0.0215964038
"Road 955217469 독배로",437,-311.2565,-7.789139,-286.139618,0.459587783,0.04887104
"Road 955217469 독배로",438,-308.8528,-7.712675,-285.41,0.919139,0.0215086825
"Road 955217469 독배로",439,-304.7907,-7.73341942,-284.474365,0.919141,0.0318748653
"Road 955217469 독배로",440,-306.4731,-7.70231056,-284.560181,0.9191542,0.00711986935
"Road 955217469 독배로",441,-304.045441,-7.75483847,-283.9507,1.8383317,0.0310293511
"Road 955217469 독배로",442,-308.996735,-7.71367073,-284.688873,0.9191542,0.0215954948
"Road 955217469 독배로",443,-311.496368,-7.789519,-284.9378,0.459557831,0.04768828
"Road 955217469 독배로",444,-309.8619,-7.731918,-284.611633,0.459558934,0.0214587227
"Road 955217469 독배로",445,-306.593048,-7.70113564,-283.959229,0.459596366,0.003107571
"Road 955217469 독배로",446,-304.9586,-7.72645044,-283.633057,0.459595263,0.027600361
"Road 955217469 독배로",447,-307.362274,-7.69841433,-284.3627,0.9191542,0.00358509924
"Road 955217469 독배로",448,-312.217651,-7.82974,-285.581635,1.83826792,0.04796546
"Road 955217469 독배로",449,-309.741974,-7.73106766,-285.212524,0.919115663,0.0216007661
"Road 955217469 독배로",450,-311.328461,-7.78953552,-285.779083,0.9191289,0.0490688644
"Road 955217469 독배로",451,-307.5062,-7.6979866,-283.6416,0.9191542,0.00266381167
"Road 955217469 독배로",452,-305.006561,-7.725886,-283.3927,0.459557831,0.0277629159
"Road 955217469 독배로",453,-306.641022,-7.700571,-283.718872,0.459558934,0.00431980332
"Road 955217469 독배로",454,-309.909882,-7.7315464,-284.371246,0.459596366,0.0217937566
"Road 955217469 독배로",455,-311.544342,-7.789148,-284.697418,0.459595263,0.04784004
"Road 955217469 독배로",456,-309.140656,-7.713436,-283.9678,0.9191542,0.0210354384
"Road 955217469 독배로",457,-304.2853,-7.74748039,-282.748871,1.838347,0.0277799815
"Road 955217469 독배로",458,-306.760956,-7.69923353,-283.11795,0.919192731,0.003583038
"Road 955217469 독배로",459,-305.174469,-7.723412,-282.5514,0.9191905,0.02778702
"Road 955217469 독배로",460,-309.284576,-7.71303129,-283.246643,0.91926533,0.0210995562
"Road 955217469 독배로",461,-311.7842,-7.787437,-283.4955,0.459631562,0.0465261
"Road 955217469 독배로",462,-310.14975,-7.73082972,-283.169342,0.459632665,0.0215493776
"Road 955217469 독배로",463,-306.8809,-7.698576,-282.517,0.459632665,0.00220014341
"Road 955217469 독배로",464,-305.246429,-7.72282934,-282.190826,0.459631562,0.02711032
"Road 955217469 독배로",465,-307.650116,-7.696976,-282.920471,0.91926533,0.00185718085
"Road 955217469 독배로",466,-312.505463,-7.82748175,-284.139374,1.83848774,0.0472552925
"Road 955217469 독배로",467,-310.029816,-7.730737,-283.770325,0.9192268,0.0211082418
"Road 955217469 독배로",468,-311.6163,-7.78858137,-284.336853,0.9192268,0.0482034832
"Road 955217469 독배로",469,-307.794037,-7.69645739,-282.1993,0.9191753,0.002714821
"Road 955217469 독배로",470,-305.2944,-7.72280645,-281.950439,0.459556758,0.0271171983
"Road 955217469 독배로",471,-306.928864,-7.69855261,-282.2766,0.459557831,0.00228397455
"Road 955217469 독배로",472,-310.197723,-7.73101759,-282.928925,0.459632665,0.02145561
"Road 955217469 독배로",473,-311.832184,-7.78762436,-283.2551,0.459631562,0.04648277
"Road 955217469 독배로",474,-309.428467,-7.712723,-282.525482,0.919186354,0.0216880534
"Road 955217469 독배로",475,-305.366364,-7.722674,-281.5899,0.9191866,0.0272554718
"Road 955217469 독배로",476,-307.048737,-7.69799948,-281.6757,0.91917336,0.00235501025
"Road 955217469 독배로",477,-304.621063,-7.74394846,-281.066254,1.83835506,0.0261252224
"Road 955217469 독배로",478,-309.572357,-7.712074,-281.804352,0.919141233,0.0206875373
"Road 955217469 독배로",479,-312.072,-7.78453445,-282.053253,0.459595263,0.04628292
"Road 955217469 독배로",480,-310.437531,-7.729319,-281.727081,0.459595263,0.020044338
"Road 955217469 독배로",481,-307.168671,-7.698583,-281.074738,0.459595263,0.00165672367
"Road 955217469 독배로",482,-305.5342,-7.721237,-280.748566,0.459595263,0.0255279317
"Road 955217469 독배로",483,-307.937927,-7.69661951,-281.47818,0.919150054,0.00311052962
"Road 955217469 독배로",484,-312.000031,-7.78551531,-282.4138,0.9191096,0.04666026
"Road 955217469 독배로",485,-310.317657,-7.72971773,-282.328,0.919100761,0.0216403883
"Road 955217469 독배로",486,-312.745331,-7.82512665,-282.937469,1.83828247,0.0462598354
"Road 955217469 독배로",487,-308.081818,-7.69694328,-280.75708,0.9192268,0.00207008165
"Road 955217469 독배로",488,-305.582184,-7.72122955,-280.5082,0.459595263,0.0255280137
"Road 955217469 독배로",489,-307.216644,-7.6985755,-280.834381,0.459595263,0.00165798911
"Road 955217469 독배로",490,-310.4855,-7.72911072,-281.486725,0.459595263,0.01999829
"Road 955217469 독배로",491,-312.119965,-7.784325,-281.8129,0.459595263,0.04626299
"Road 955217469 독배로",492,-309.716278,-7.712196,-281.083252,0.919229031,0.0201270916
"Road 955217469 독배로",493,-304.860931,-7.742191,-279.864349,1.83841956,0.0254517645
"Road 955217469 독배로",494,-307.336578,-7.698172,-280.2334,0.9192268,0.0019529718
"Road 955217469 독배로",495,-305.7501,-7.72076559,-279.66687,0.9192268,0.0254288837
"Road 955217469 독배로",496,-309.8602,-7.71011972,-280.362152,0.919117868,0.0200927686
"Road 955217469 독배로",497,-312.359833,-7.78115129,-280.611084,0.459558934,0.047081288
"Road 955217469 독배로",498,-310.725372,-7.725622,-280.284882,0.459558934,0.020098187
"Road 955217469 독배로",499,-307.4565,-7.697247,-279.632477,0.459558934,0.0032930905
"Road 955217469 독배로",500,-305.822052,-7.72076845,-279.306274,0.459558934,0.0251876656
"Road 955217469 독배로",501,-308.225739,-7.69562,-280.035919,0.919117868,0.00444694748
"Road 955217469 독배로",502,-313.0811,-7.821116,-281.254883,1.83827424,0.04663838
"Road 955217469 독배로",503,-310.605438,-7.72792435,-280.885773,0.9191564,0.0200503
"Road 955217469 독배로",504,-312.191925,-7.78339052,-281.452362,0.9191542,0.0459157452
"Road 955217469 독배로",505,-308.369659,-7.69484,-279.31485,0.919117868,0.00338360574
"Road 955217469 독배로",506,-305.870026,-7.721063,-279.065918,0.459558934,0.0251876656
"Road 955217469 독배로",507,-307.5045,-7.69754171,-279.39212,0.459558934,0.0032930905
"Road 955217469 독배로",508,-310.773346,-7.724732,-280.044525,0.459558934,0.02000001
"Road 955217469 독배로",509,-312.4078,-7.780262,-280.370728,0.459558934,0.0470394529
"Road 955217469 독배로",510,-310.00412,-7.708156,-279.641083,0.919117868,0.0193187781
"Road 955217469 독배로",511,-305.942,-7.720571,-278.7054,0.919117868,0.0247367024
"Road 955217469 독배로",512,-307.62442,-7.69690371,-278.791229,0.919117868,0.004000876
"Road 955217469 독배로",513,-305.196716,-7.741331,-278.1818,1.8382448,0.0256962422
"Road 955217469 독배로",514,-310.148041,-7.707188,-278.919952,0.919188559,0.0194497127
"Road 955217469 독배로",515,-312.647644,-7.779804,-279.168823,0.459587783,0.0495470241
"Road 955217469 독배로",516,-311.0132,-7.72264051,-278.842651,0.459587783,0.0194415338
"Road 955217469 독배로",517,-307.744324,-7.69537973,-278.1903,0.459587783,0.00413776748
"Road 955217469 독배로",518,-306.1099,-7.719503,-277.864136,0.459587783,0.0262981
"Road 955217469 독배로",519,-308.51358,-7.693541,-278.593781,0.919177532,0.003627662
"Road 955217469 독배로",520,-312.575684,-7.780516,-279.529419,0.9191795,0.049152758
"Road 955217469 독배로",521,-310.89328,-7.723867,-279.4436,0.9191905,0.0192536954
"Road 955217469 독배로",522,-313.320953,-7.82033539,-280.05304,1.838368,0.04774712
"Road 955217469 독배로",523,-308.657471,-7.6925106,-277.87265,0.919188559,0.003071263
"Road 955217469 독배로",524,-306.157837,-7.71916962,-277.623779,0.459587783,0.02612518
"Road 955217469 독배로",525,-307.792267,-7.695047,-277.949951,0.459587783,0.00284015643
"Road 955217469 독배로",526,-311.061157,-7.721831,-278.6023,0.459587783,0.0194415338
"Road 955217469 독배로",527,-312.6956,-7.778995,-278.928467,0.459587783,0.0495470241
"Road 955217469 독배로",528,-310.2919,-7.70568132,-278.198822,0.919177532,0.018798735
"Road 955217469 독배로",529,-305.436554,-7.74033,-276.97995,1.83831859,0.0259258337
"Road 955217469 독배로",530,-307.9122,-7.69462824,-277.349,0.919152,0.00312959566
"Road 955217469 독배로",531,-306.3257,-7.718326,-276.782471,0.9191542,0.025863111
"Road 955217469 독배로",532,-310.435822,-7.70479441,-277.4777,0.9191883,0.0191258155
"Road 955217469 독배로",533,-312.935455,-7.778677,-277.726563,0.459556758,0.0499363467
"Road 955217469 독배로",534,-311.301,-7.720694,-277.4004,0.459557831,0.0198955629
"Road 955217469 독배로",535,-308.032135,-7.693423,-276.748077,0.459632665,0.004391776
"Road 955217469 독배로",536,-306.397675,-7.71765,-276.4219,0.459631562,0.0263645016
"Road 955217469 독배로",537,-308.801361,-7.69152451,-277.15152,0.9191883,0.00376159651
"Road 955217469 독배로",538,-312.8635,-7.77852249,-278.087128,0.919229031,0.0503672734
"Road 955217469 독배로",539,-311.181061,-7.72106934,-278.001343,0.9192268,0.0188030247
"Road 955217469 독배로",540,-313.608765,-7.82029772,-278.610748,1.83842635,0.0499545671
"Road 955217469 독배로",541,-308.945282,-7.68952942,-276.430359,0.91926533,0.00390562648
"Road 955217469 독배로",542,-306.445648,-7.716845,-276.1815,0.459631562,0.02636418
"Road 955217469 독배로",543,-308.0801,-7.692618,-276.50766,0.459632665,0.00438983552
"Road 955217469 독배로",544,-311.348969,-7.72134972,-277.16,0.459632665,0.0198952388
"Road 955217469 독배로",545,-312.983429,-7.77933264,-277.486176,0.459631562,0.0499362722
"Road 955217469 독배로",546,-310.579742,-7.70426035,-276.756531,0.91926533,0.0206806734
"Road 955217469 독배로",547,-305.7244,-7.73824739,-275.537628,1.83848774,0.0265352111
"Road 955217469 독배로",548,-308.200043,-7.691618,-275.906677,0.9192268,0.00327157415
"Road 955217469 독배로",549,-306.613556,-7.716109,-275.340149,0.9192268,0.026053194
"Road 955217469 독배로",550,-310.723633,-7.703628,-276.035431,0.919068635,0.0222111549
"Road 955217469 독배로",551,-313.223236,-7.780401,-276.2844,0.4595526,0.0495089777
"Road 955217469 독배로",552,-311.588776,-7.721155,-275.9582,0.45954597,0.0222347155
"Road 955217469 독배로",553,-308.319977,-7.69076157,-275.3058,0.459516048,0.004403797
"Road 955217469 독배로",554,-306.685516,-7.71588,-274.979584,0.459522635,0.0265481044
"Road 955217469 독배로",555,-309.0892,-7.688305,-275.709229,0.919068635,0.004478826
"Road 955217469 독배로",556,-313.1513,-7.780291,-276.644928,0.919107139,0.0483366773
"Road 955217469 독배로",557,-311.4689,-7.721672,-276.559052,0.919107139,0.0214610621
"Road 955217469 독배로",558,-313.896576,-7.820862,-277.168549,1.83817351,0.04946407
"Road 955217469 독배로",559,-309.233124,-7.68708372,-274.9882,0.9191069,0.00335563277
"Road 955217469 독배로",560,-306.7335,-7.71529531,-274.739227,0.459560037,0.0265481267
"Road 955217469 독배로",561,-308.36795,-7.69017649,-275.06543,0.45955345,0.004403725
"Road 955217469 독배로",562,-311.636749,-7.72060633,-275.717834,0.45955345,0.0217859484
"Road 955217469 독배로",563,-313.2712,-7.77985239,-276.044037,0.459560037,0.0493092723
"Road 955217469 독배로",564,-310.867554,-7.70244265,-275.314362,0.9191069,0.02178672
"Road 955217469 독배로",565,-306.012238,-7.736696,-274.095428,1.83824015,0.026632918
"Road 955217469 독배로",566,-308.487854,-7.68935061,-274.464569,0.9191069,0.0037232372
"Road 955217469 독배로",567,-306.9014,-7.7138443,-273.89798,0.9191201,0.0270608924
"Road 955217469 독배로",568,-311.011475,-7.70227575,-274.593231,0.9192761,0.02189019
"Road 955217469 독배로",569,-313.511139,-7.779364,-274.842072,0.459632665,0.04915484
"Road 955217469 독배로",570,-311.876678,-7.72026873,-274.5159,0.459631562,0.0218186937
"Road 955217469 독배로",571,-308.607819,-7.6885066,-273.863617,0.459631562,0.00303243333
"Road 955217469 독배로",572,-306.973358,-7.71315527,-273.537445,0.459632665,0.02689195
"Road 955217469 독배로",573,-309.377045,-7.686395,-274.2671,0.9192651,0.00289404648
"Road 955217469 독배로",574,-314.2324,-7.820626,-275.485931,1.83853459,0.0490391664
"Road 955217469 독배로",575,-311.756744,-7.72059059,-275.116882,0.9192781,0.02178997
"Road 955217469 독배로",576,-313.34317,-7.77984571,-275.683441,0.919291258,0.049311582
"Road 955217469 독배로",577,-309.520966,-7.685529,-273.545929,0.919137061,0.00250240322
"Road 955217469 독배로",578,-307.021332,-7.7126255,-273.297028,0.459587783,0.0270232577
"Road 955217469 독배로",579,-308.655762,-7.687977,-273.6232,0.45958668,0.00403304771
"Road 955217469 독배로",580,-311.924652,-7.719662,-274.2755,0.459549278,0.0220753737
"Road 955217469 독배로",581,-313.559082,-7.77875757,-274.601685,0.459550381,0.0492692
"Road 955217469 독배로",582,-311.1554,-7.70133257,-273.87207,0.919137061,0.0213678181
"Road 955217469 독배로",583,-307.093262,-7.71173048,-272.9365,0.919139,0.0270650964
"Road 955217469 독배로",584,-308.775665,-7.68690062,-273.0223,0.919139,0.00307213212
"Road 955217469 독배로",585,-306.348,-7.733145,-272.412872,1.83828712,0.026871711
"Road 955217469 독배로",586,-311.2993,-7.70125628,-273.15097,0.919186354,0.021727344
"Road 955217469 독배로",587,-313.7989,-7.77779341,-273.3998,0.45958668,0.0477539375
"Road 955217469 독배로",588,-312.164459,-7.71961451,-273.073669,0.45958668,0.0222473051
"Road 955217469 독배로",589,-308.895569,-7.686405,-272.421356,0.45958668,0.0022717386
"Road 955217469 독배로",590,-307.261139,-7.70997858,-272.0952,0.45958668,0.026217455
"Road 955217469 독배로",591,-309.664825,-7.68474245,-272.8248,0.9191753,0.00193291635
"Road 955217469 독배로",592,-313.726929,-7.77732229,-273.760376,0.9191753,0.04794188
"Road 955217469 독배로",593,-312.044556,-7.71921873,-273.6746,0.919186354,0.0215843655
"Road 955217469 독배로",594,-314.4722,-7.81853151,-274.284027,1.83835971,0.0493740477
"Road 955217469 독배로",595,-309.808746,-7.68424,-272.103638,0.9192651,0.00263670576
"Road 955217469 독배로",596,-307.3091,-7.709933,-271.854828,0.459639043,0.026232861
"Road 955217469 독배로",597,-308.943542,-7.68635941,-272.180939,0.459639043,0.00244377251
"Road 955217469 독배로",598,-312.212433,-7.71954346,-272.833282,0.459639043,0.0223169271
"Road 955217469 독배로",599,-313.846863,-7.777722,-273.159424,0.459639043,0.04778648
"Road 955217469 독배로",600,-311.4432,-7.700728,-272.4298,0.9192761,0.0219693575
"Road 955217469 독배로",601,-306.58783,-7.730016,-271.210968,1.83851171,0.0261091162
"Road 955217469 독배로",602,-309.0635,-7.685823,-271.58,0.9192246,0.002357302
"Road 955217469 독배로",603,-307.47702,-7.70802641,-271.013428,0.9192268,0.0242857076
"Road 955217469 독배로",604,-311.587067,-7.699389,-271.7087,0.91903013,0.0206198916
"Road 955217469 독배로",605,-314.0867,-7.77293062,-271.957672,0.45947665,0.0472757854
"Road 955217469 독배로",606,-312.452271,-7.71657372,-271.6315,0.459472269,0.0203729365
"Road 955217469 독배로",607,-309.183441,-7.686043,-270.9791,0.459554553,0.00209580944
"Road 955217469 독배로",608,-307.548981,-7.70802736,-270.6529,0.459558934,0.02428581
"Road 955217469 독배로",609,-309.952667,-7.68407774,-271.382538,0.91903013,0.0023988178
"Road 955217469 독배로",610,-314.014771,-7.774199,-272.3182,0.9190708,0.0481052734
"Road 955217469 독배로",611,-312.332367,-7.71762276,-272.23233,0.919068635,0.0219680052
"Road 955217469 독배로",612,-314.76,-7.815483,-272.8418,1.83809185,0.0477067158
"Road 955217469 독배로",613,-310.096558,-7.68359041,-270.661469,0.9191817,0.00328334142
"Road 955217469 독배로",614,-307.596954,-7.707899,-270.412537,0.459558934,0.0243085
"Road 955217469 독배로",615,-309.2314,-7.68591452,-270.738739,0.459554553,0.00234437431
"Road 955217469 독배로",616,-312.5002,-7.71639061,-271.391144,0.459629357,0.0203726552
"Road 955217469 독배로",617,-314.134674,-7.77274847,-271.717316,0.459633768,0.04727567
"Road 955217469 독배로",618,-311.731,-7.69884729,-270.98764,0.9191817,0.02073071
"Road 955217469 독배로",619,-306.8757,-7.72862673,-269.768677,1.83835125,0.0246075168
"Road 955217469 독배로",620,-309.351318,-7.684918,-270.1378,0.9191817,0.00273006642
"Road 955217469 독배로",621,-307.764862,-7.70796967,-269.571228,0.919192731,0.0255779866
"Road 955217469 독배로",622,-311.8749,-7.696736,-270.266571,0.9191454,0.0202796757
"Road 955217469 독배로",623,-314.374542,-7.7689743,-270.515472,0.459597439,0.04770832
"Road 955217469 독배로",624,-312.740082,-7.712754,-270.1893,0.459590852,0.0202936642
"Road 955217469 독배로",625,-309.471283,-7.68416,-269.536865,0.45955345,0.003240352
"Road 955217469 독배로",626,-307.836823,-7.70779037,-269.210663,0.459560037,0.02525976
"Road 955217469 독배로",627,-310.240479,-7.68214464,-269.940338,0.9191454,0.00353407953
"Road 955217469 독배로",628,-314.302582,-7.77040863,-270.876,0.9191564,0.047708448
"Road 955217469 독배로",629,-312.620178,-7.714766,-270.7902,0.9191454,0.0207393486
"Road 955217469 독배로",630,-315.047821,-7.810847,-271.3997,1.83835351,0.04706488
"Road 955217469 독배로",631,-310.3844,-7.68177,-269.219269,0.919104934,0.00325672352
"Road 955217469 독배로",632,-307.8848,-7.70801163,-268.9703,0.4595526,0.0252596848
"Road 955217469 독배로",633,-309.519257,-7.68438148,-269.2965,0.45954597,0.00324028567
"Road 955217469 독배로",634,-312.788055,-7.71199369,-269.9489,0.45955345,0.02004799
"Road 955217469 독배로",635,-314.422516,-7.76821375,-270.275116,0.459560037,0.047604382
"Road 955217469 독배로",636,-312.018829,-7.69537926,-269.545441,0.919104934,0.01958752
"Road 955217469 독배로",637,-307.956726,-7.707609,-268.609772,0.919107139,0.0248914249
"Road 955217469 독배로",638,-309.63913,-7.68396044,-268.695648,0.919104934,0.00362472073
"Road 955217469 독배로",639,-307.2115,-7.728783,-268.086151,1.83820522,0.0259553213
"Road 955217469 독배로",640,-312.16275,-7.693893,-268.8243,0.9192651,0.019937776
"Road 955217469 독배로",641,-314.662384,-7.766909,-269.073151,0.459640145,0.0494867824
"Road 955217469 독배로",642,-313.027954,-7.709343,-268.746979,0.459639043,0.0199126936
"Road 955217469 독배로",643,-309.759064,-7.682356,-268.0947,0.459639043,0.00380044
"Road 955217469 독배로",644,-308.124634,-7.70720673,-267.768524,0.459640145,0.0262137577
"Road 955217469 독배로",645,-310.52832,-7.6802845,-268.498169,0.9192761,0.005053225
"Road 955217469 독배로",646,-315.383667,-7.807698,-269.717,1.83855462,0.0488468036
"Road 955217469 독배로",647,-312.908,-7.71117926,-269.347961,0.9192631,0.0194036588
"Road 955217469 독배로",648,-314.494476,-7.76741743,-269.91452,0.91926533,0.04762533
"Road 955217469 독배로",649,-310.672241,-7.67891741,-267.777,0.919150054,0.00406789174
"Road 955217469 독배로",650,-308.1726,-7.707106,-267.5281,0.459587783,0.02619152
"Road 955217469 독배로",651,-309.807037,-7.68225527,-267.854279,0.45958668,0.003643479
"Road 955217469 독배로",652,-313.075928,-7.70860672,-268.5066,0.459549278,0.0199120063
"Road 955217469 독배로",653,-314.710358,-7.766174,-268.832764,0.459550381,0.049486272
"Road 955217469 독배로",654,-312.306671,-7.69189072,-268.103149,0.919139,0.0194726214
"Road 955217469 독배로",655,-308.244568,-7.7067585,-267.167572,0.919141,0.0259620212
"Road 955217469 독배로",656,-309.926971,-7.68159533,-267.2534,0.919152,0.00412974367
"Road 955217469 독배로",657,-307.499268,-7.72797632,-266.643951,1.83830011,0.0261204224
"Road 955217469 독배로",658,-312.450562,-7.690689,-267.38205,0.919186354,0.0200516675
"Road 955217469 독배로",659,-314.9502,-7.765146,-267.6309,0.45958668,0.0494191945
"Road 955217469 독배로",660,-313.315765,-7.706972,-267.304749,0.45958668,0.0204163231
"Road 955217469 독배로",661,-310.046875,-7.68009233,-266.652435,0.45958668,0.005148581
"Road 955217469 독배로",662,-308.412445,-7.705401,-266.3263,0.45958668,0.0266111717
"Road 955217469 독배로",663,-310.816132,-7.677505,-267.055878,0.9191753,0.004964663
"Road 955217469 독배로",664,-314.878235,-7.76521158,-267.991455,0.9191773,0.04965099
"Road 955217469 독배로",665,-313.195831,-7.7077527,-267.90567,0.9191883,0.0195268318
"Road 955217469 독배로",666,-315.623535,-7.80691576,-268.5151,1.83837271,0.0497177728
"Road 955217469 독배로",667,-310.96,-7.67525148,-266.334747,0.919222653,0.00493268436
"Road 955217469 독배로",668,-308.4604,-7.704596,-266.0859,0.45958668,0.02661053
"Road 955217469 독배로",669,-310.094818,-7.67928743,-266.412048,0.45958668,0.005145272
"Road 955217469 독배로",670,-313.3637,-7.707187,-267.064362,0.45958668,0.02041599
"Road 955217469 독배로",671,-314.998138,-7.76536131,-267.3905,0.45958668,0.0494190566
"Road 955217469 독배로",672,-312.594452,-7.68945551,-266.6609,0.919213831,0.0211785771
"Road 955217469 독배로",673,-308.532349,-7.70456076,-265.7253,0.9192543,0.0271512158
"Road 955217469 독배로",674,-310.214752,-7.6785183,-265.8111,0.9192631,0.004818742
"Road 955217469 독배로",675,-307.787079,-7.727194,-265.20166,1.83843625,0.0266566332
"Road 955217469 독배로",676,-312.738373,-7.6880517,-265.9398,0.919117868,0.0221008956
"Road 955217469 독배로",677,-315.238,-7.76491165,-266.188721,0.459557831,0.0493754633
"Road 955217469 독배로",678,-313.603546,-7.70558357,-265.862549,0.459558934,0.0221010931
"Road 955217469 독배로",679,-310.3347,-7.677833,-265.210144,0.459558934,0.005917478
"Road 955217469 독배로",680,-308.700226,-7.704823,-264.883972,0.459557831,0.0272473563
"Road 955217469 독배로",681,-311.1039,-7.67416143,-265.613617,0.919117868,0.006008192
"Road 955217469 독배로",682,-315.959259,-7.80628729,-266.83252,1.83822942,0.0489510819
"Road 955217469 독배로",683,-313.4836,-7.70661354,-266.4634,0.919117868,0.0214388445
"Road 955217469 독배로",684,-315.0701,-7.76552057,-267.029968,0.9191267,0.04931414
"Road 955217469 독배로",685,-311.247833,-7.67287254,-264.8925,0.919229031,0.004837933
"Road 955217469 독배로",686,-308.7482,-7.704165,-264.6436,0.459595263,0.0272473786
"Road 955217469 독배로",687,-310.38266,-7.677175,-264.969757,0.459596366,0.00591741735
"Road 955217469 독배로",688,-313.65152,-7.70540571,-265.622162,0.459633768,0.0219552945
"Road 955217469 독배로",689,-315.28598,-7.764734,-265.948334,0.459632665,0.0493103
"Road 955217469 독배로",690,-312.8823,-7.687243,-265.218658,0.919229031,0.0220708
"Road 955217469 독배로",691,-308.026947,-7.72683764,-263.999725,1.83846,0.0275332443
"Road 955217469 독배로",692,-310.5026,-7.676516,-264.3688,0.919229031,0.004831732
"Road 955217469 독배로",693,-308.916138,-7.703491,-263.802246,0.919218,0.028413767
"Road 955217469 독배로",694,-313.0262,-7.68757057,-264.497559,0.9191564,0.02253058
"Road 955217469 독배로",695,-315.525848,-7.76480246,-264.7465,0.459591955,0.0482168645
"Road 955217469 독배로",696,-313.8914,-7.70604753,-264.4203,0.459596366,0.022404233
"Road 955217469 독배로",697,-310.622528,-7.67566252,-263.767883,0.459558934,0.00475130929
"Road 955217469 독배로",698,-308.988068,-7.702765,-263.441681,0.459554553,0.0285820682
"Road 955217469 독배로",699,-311.391754,-7.67241526,-264.171356,0.9191564,0.004369649
"Road 955217469 독배로",700,-315.453857,-7.764669,-265.107025,0.9191454,0.04771031
"Road 955217469 독배로",701,-313.771454,-7.706042,-265.0212,0.9191564,0.02227933
"Road 955217469 독배로",702,-316.199127,-7.80519867,-265.6307,1.83829987,0.0489038266
"Road 955217469 독배로",703,-311.535675,-7.67190933,-263.4503,0.919081569,0.003624333
"Road 955217469 독배로",704,-309.036041,-7.702021,-263.201324,0.459554553,0.0286986157
"Road 955217469 독배로",705,-310.6705,-7.67491865,-263.527527,0.459558934,0.00540840672
"Road 955217469 독배로",706,-313.939362,-7.70533943,-264.179932,0.459521532,0.0226647742
"Road 955217469 독배로",707,-315.573822,-7.764095,-264.506134,0.459517121,0.0483385175
"Road 955217469 독배로",708,-313.170135,-7.6871,-263.7765,0.919081569,0.0215839166
"Road 955217469 독배로",709,-309.108032,-7.70102549,-262.8408,0.9191091,0.0287570432
"Road 955217469 독배로",710,-310.790436,-7.67428827,-262.926666,0.9191201,0.00356501783
"Road 955217469 독배로",711,-308.362762,-7.72461939,-262.317169,1.8381865,0.02917536
"Road 955217469 독배로",712,-313.314056,-7.68776131,-263.0554,0.9192268,0.021149382
"Road 955217469 독배로",713,-315.8137,-7.76200676,-263.30423,0.459595263,0.04670182
"Road 955217469 독배로",714,-314.17923,-7.70558,-262.978058,0.459595263,0.0210210271
"Road 955217469 독배로",715,-310.91037,-7.67403936,-262.3257,0.459595263,0.002043612
"Road 955217469 독배로",716,-309.2759,-7.699894,-261.999542,0.459595263,0.028982522
"Road 955217469 독배로",717,-311.6796,-7.67202759,-262.729218,0.919229031,0.00256219227
"Road 955217469 독배로",718,-316.534943,-7.80257654,-263.9481,1.83842146,0.0474014059
"Road 955217469 독배로",719,-314.0593,-7.70521355,-263.579041,0.9192268,0.0213051625
"Road 955217469 독배로",720,-315.645752,-7.763603,-264.145569,0.9192158,0.0487469323
"Road 955217469 독배로",721,-311.823517,-7.671883,-262.008057,0.919141233,0.00343406526
"Road 955217469 독배로",722,-309.323883,-7.700011,-261.7592,0.459595263,0.0289987642
"Road 955217469 독배로",723,-310.958344,-7.67415571,-262.085358,0.459595263,0.00226210733
"Road 955217469 독배로",724,-314.2272,-7.705065,-262.7377,0.459595263,0.0215532836
"Road 955217469 독배로",725,-315.861664,-7.76149035,-263.063873,0.459595263,0.0469438434
"Road 955217469 독배로",726,-313.457947,-7.68698454,-262.334229,0.919150054,0.02077958
"Road 955217469 독배로",727,-309.395844,-7.700497,-261.398651,0.9191096,0.0290989168
"Road 955217469 독배로",728,-311.078217,-7.67407274,-261.484436,0.919100761,0.00343548041
"Road 955217469 독배로",729,-308.650543,-7.72351456,-260.875,1.83824182,0.0275623482
"Road 955217469 독배로",730,-313.601837,-7.685873,-261.613129,0.9191753,0.0195314847
"Road 955217469 독배로",731,-316.101471,-7.75663948,-261.861969,0.45959416,0.0457472019
"Road 955217469 독배로",732,-314.467,-7.70245743,-261.535828,0.45959416,0.0193228964
"Road 955217469 독배로",733,-311.198151,-7.675137,-260.8835,0.45959416,0.00328102754
"Road 955217469 독배로",734,-309.5637,-7.700033,-260.557373,0.45959416,0.0270003453
"Road 955217469 독배로",735,-311.9674,-7.67219353,-261.286957,0.919186354,0.003659588
"Road 955217469 독배로",736,-316.0295,-7.75754738,-262.222534,0.9191844,0.0467361845
"Road 955217469 독배로",737,-314.347137,-7.70285368,-262.136749,0.91917336,0.0208076462
"Road 955217469 독배로",738,-316.7748,-7.798104,-262.7462,1.83839142,0.04694853
"Road 955217469 독배로",739,-312.1113,-7.67238045,-260.5658,0.9192631,0.0036243964
"Road 955217469 독배로",740,-309.611664,-7.70015955,-260.317,0.459631562,0.0269625876
"Road 955217469 독배로",741,-311.246124,-7.675264,-260.6431,0.459631562,0.00295462972
"Road 955217469 독배로",742,-314.514984,-7.702501,-261.295441,0.459631562,0.0193044581
"Road 955217469 독배로",743,-316.149445,-7.756683,-261.621582,0.459631562,0.0457394347
"Road 955217469 독배로",744,-313.745758,-7.68597651,-260.891968,0.9192631,0.0195223875
"Road 955217469 독배로",745,-309.683624,-7.70056963,-259.9564,0.9192246,0.0273744725
"Road 955217469 독배로",746,-311.366058,-7.675221,-260.042145,0.9192246,0.00413676165
"Road 955217469 독배로",747,-308.938354,-7.724224,-259.4327,1.838499,0.0275818016
"Road 955217469 독배로",748,-313.889648,-7.684225,-260.170837,0.919113755,0.018664537
"Road 955217469 독배로",749,-316.389282,-7.75276,-260.419739,0.459551483,0.0464026071
"Road 955217469 독배로",750,-314.754852,-7.699103,-260.093567,0.459550381,0.0186549313
"Road 955217469 독배로",751,-311.485962,-7.675896,-259.441223,0.459550381,0.00621733861
"Road 955217469 독배로",752,-309.851532,-7.702646,-259.115051,0.459551483,0.0275286175
"Road 955217469 독배로",753,-312.255219,-7.67212629,-259.844666,0.9191027,0.004257408
"Road 955217469 독배로",754,-316.317322,-7.754305,-260.7803,0.9191454,0.0464036576
"Road 955217469 독배로",755,-314.634918,-7.70091629,-260.694458,0.9191542,0.0195453521
"Road 955217469 독배로",756,-317.0626,-7.793546,-261.303925,1.8382591,0.04555175
"Road 955217469 독배로",757,-312.399139,-7.67273569,-259.123566,0.919192731,0.00547476858
"Road 955217469 독배로",758,-309.8995,-7.70360041,-258.874664,0.459633768,0.027529439
"Road 955217469 독배로",759,-311.533936,-7.67685127,-259.200836,0.459632665,0.00622029975
"Road 955217469 독배로",760,-314.802826,-7.698529,-259.8532,0.459557831,0.01818267
"Road 955217469 독배로",761,-316.437256,-7.7521863,-260.179382,0.459558934,0.0462149568
"Road 955217469 독배로",762,-314.033569,-7.683306,-259.449738,0.919192731,0.0181532763
"Road 955217469 독배로",763,-309.178223,-7.72763968,-258.230835,1.83834255,0.0272128657
"Road 955217469 독배로",764,-311.653839,-7.676514,-258.599884,0.9191542,0.0058966903
"Road 955217469 독배로",765,-310.067383,-7.70466852,-258.033356,0.9191542,0.0297561325
"Road 955217469 독배로",766,-314.1775,-7.68192625,-258.728638,0.9191542,0.0178485159
"Road 955217469 독배로",767,-316.677124,-7.750849,-258.977539,0.459557831,0.0485238358
"Road 955217469 독배로",768,-315.0427,-7.695931,-258.651367,0.459558934,0.0178758986
"Road 955217469 독배로",769,-311.7738,-7.675364,-257.999,0.459596366,0.00572311226
"Road 955217469 독배로",770,-310.139374,-7.70410538,-257.672821,0.459595263,0.0289844833
"Road 955217469 독배로",771,-312.54306,-7.67133474,-258.402435,0.9191542,0.005523633
"Road 955217469 독배로",772,-317.3984,-7.790577,-259.621368,1.838347,0.0476979
"Road 955217469 독배로",773,-314.922729,-7.697676,-259.2523,0.919192731,0.01800511
"Road 955217469 독배로",774,-316.5092,-7.75140953,-259.818848,0.9191905,0.0459462665
"Road 955217469 독배로",775,-312.68692,-7.67152929,-257.681366,0.91915226,0.005880524
"Road 955217469 독배로",776,-310.187317,-7.70461226,-257.432434,0.459550381,0.0290744882
"Road 955217469 독배로",777,-311.821747,-7.675871,-257.7586,0.459551483,0.006163347
"Road 955217469 독배로",778,-315.090637,-7.695049,-258.411,0.4595889,0.017877074
"Road 955217469 독배로",779,-316.725067,-7.749966,-258.737183,0.459587783,0.0485240445
"Road 955217469 독배로",780,-314.321381,-7.6807313,-258.007538,0.919141233,0.0168532338
"Road 955217469 독배로",781,-310.259277,-7.705033,-257.0719,0.9191432,0.02860828
"Road 955217469 독배로",782,-311.941681,-7.6765666,-257.1577,0.9191542,0.005673188
"Road 955217469 독배로",783,-309.514,-7.72949457,-256.548248,1.83831573,0.0290779471
"Road 955217469 독배로",784,-314.4653,-7.68020248,-257.286377,0.9192268,0.0176378712
"Road 955217469 독배로",785,-316.964935,-7.75015831,-257.535248,0.459595263,0.0487674475
"Road 955217469 독배로",786,-315.330475,-7.69444466,-257.209076,0.459595263,0.0183016788
"Road 955217469 독배로",787,-312.0616,-7.67566824,-256.556763,0.459632665,0.006699221
"Road 955217469 독배로",788,-310.427155,-7.70568228,-256.2306,0.459632128,0.0293903779
"Road 955217469 독배로",789,-312.830841,-7.67101431,-256.9602,0.9192268,0.007200706
"Road 955217469 독배로",790,-316.892975,-7.74979162,-257.895844,0.919229031,0.049014952
"Road 955217469 독배로",791,-315.210541,-7.69495773,-257.810059,0.9192268,0.0166988056
"Road 955217469 독배로",792,-317.638245,-7.790483,-258.419464,1.83842635,0.0489787161
"Road 955217469 독배로",793,-312.974762,-7.669169,-256.2391,0.919152,0.008042819
"Road 955217469 독배로",794,-310.475128,-7.705597,-255.990189,0.4595573,0.0293776263
"Road 955217469 독배로",795,-312.1096,-7.675583,-256.316376,0.459557831,0.006643018
"Road 955217469 독배로",796,-315.378448,-7.695028,-256.968719,0.459595263,0.0183013417
"Road 955217469 독배로",797,-317.0129,-7.75074053,-257.2949,0.459595263,0.04876732
"Road 955217469 독배로",798,-314.609222,-7.679025,-256.565277,0.919152,0.0193601921
"Road 955217469 독배로",799,-309.753876,-7.73077774,-255.34639,1.83832347,0.0295931
"Road 955217469 독배로",800,-312.229523,-7.675162,-255.715454,0.9191713,0.008182307
"Road 955217469 독배로",801,-310.643036,-7.70675659,-255.148926,0.919182241,0.0294571612
"Road 955217469 독배로",802,-314.753143,-7.67825937,-255.844131,0.9191693,0.01994327
"Road 955217469 독배로",803,-317.252747,-7.751924,-256.093018,0.459587783,0.0484834649
"Road 955217469 독배로",804,-315.618317,-7.694822,-255.766846,0.459587246,0.02003953
"Road 955217469 독배로",805,-312.349426,-7.67524338,-255.114548,0.45956853,0.008342744
"Road 955217469 독배로",806,-310.715,-7.70697451,-254.788376,0.4595691,0.029980531
"Road 955217469 독배로",807,-313.118683,-7.668588,-255.51799,0.9191583,0.00834886
"Road 955217469 독배로",808,-317.97403,-7.79195452,-256.736847,1.83831859,0.04839951
"Road 955217469 독배로",809,-315.498383,-7.69468927,-256.3678,0.919152,0.01972951
"Road 955217469 독배로",810,-317.084869,-7.751283,-256.934326,0.9191542,0.0485214442
"Road 955217469 독배로",811,-313.262573,-7.66881943,-254.79686,0.9192067,0.008100378
"Road 955217469 독배로",812,-310.762939,-7.70653725,-254.547989,0.4596065,0.0299807061
"Road 955217469 독배로",813,-312.397369,-7.674806,-254.874161,0.459605932,0.008343296
"Road 955217469 독배로",814,-315.66626,-7.69520426,-255.526489,0.459587246,0.0202592034
"Road 955217469 독배로",815,-317.3007,-7.75230646,-255.852661,0.459587783,0.0485747941
"Road 955217469 독배로",816,-314.897,-7.67931032,-255.123032,0.9191957,0.0202620551
"Road 955217469 독배로",817,-310.8349,-7.70624,-254.187424,0.9191977,0.030144833
"Road 955217469 독배로",818,-312.5173,-7.675314,-254.2732,0.919208646,0.006881729
"Road 955217469 독배로",819,-310.08963,-7.73173141,-253.663757,1.83840442,0.03059158
"Road 955217469 독배로",820,-315.040924,-7.68126154,-254.4019,0.9191542,0.0202078223
"Road 955217469 독배로",821,-317.540558,-7.754387,-254.650818,0.4595771,0.048024185
"Road 955217469 독배로",822,-315.9061,-7.69803572,-254.324631,0.4595771,0.0197072085
"Road 955217469 독배로",823,-312.637238,-7.675543,-253.672287,0.4595771,0.00626050076
"Road 955217469 독배로",824,-311.002777,-7.706386,-253.346069,0.4595771,0.03082705
"Road 955217469 독배로",825,-313.406464,-7.66996241,-254.075729,0.9191542,0.006793069
"Road 955217469 독배로",826,-317.4686,-7.753872,-255.011353,0.9191542,0.0473905168
"Road 955217469 독배로",827,-315.786163,-7.697104,-254.925537,0.9191542,0.020169137
"Road 955217469 독배로",828,-318.213867,-7.79318,-255.534988,1.83831739,0.04819563
"Road 955217469 독배로",829,-313.550385,-7.671114,-253.354614,0.919210851,0.00673057046
"Road 955217469 독배로",830,-311.050751,-7.706169,-253.105713,0.459614515,0.0308269877
"Road 955217469 독배로",831,-312.6852,-7.675326,-253.431885,0.459614515,0.00626013754
"Road 955217469 독배로",832,-315.954071,-7.6975255,-254.084244,0.459614515,0.0197765846
"Road 955217469 독배로",833,-317.588531,-7.753877,-254.410446,0.459614515,0.048052676
"Road 955217469 독배로",834,-315.184845,-7.68212,-253.680786,0.9192098,0.0191027187
"Road 955217469 독배로",835,-310.3295,-7.731319,-252.461853,1.83842146,0.0308047459
"Road 955217469 독배로",836,-312.805145,-7.67637873,-252.830933,0.9191916,0.00512148766
"Road 955217469 독배로",837,-311.2187,-7.70574141,-252.264359,0.9191817,0.02994597
"Road 955217469 독배로",838,-315.328766,-7.68466234,-252.959671,0.919138253,0.018964408
"Road 955217469 독배로",839,-317.8284,-7.75562048,-253.208618,0.4595727,0.04708974
"Road 955217469 독배로",840,-316.193939,-7.70090628,-252.882431,0.4595782,0.01875052
"Road 955217469 독배로",841,-312.925079,-7.677585,-252.230026,0.4595782,0.005122736
"Road 955217469 독배로",842,-311.290619,-7.70622,-251.903809,0.4595727,0.0298170373
"Road 955217469 독배로",843,-313.6943,-7.67300224,-252.633484,0.9191371,0.005590912
"Road 955217469 독배로",844,-317.7564,-7.75448656,-253.569168,0.9191069,0.04697728
"Road 955217469 독배로",845,-316.074,-7.699045,-253.483322,0.919119,0.0189788416
"Road 955217469 독배로",846,-318.501678,-7.793913,-254.092819,1.83826351,0.04835947
"Road 955217469 독배로",847,-313.838226,-7.674397,-251.9124,0.919119,0.00498982
"Road 955217469 독배로",848,-311.3386,-7.70681953,-251.663452,0.459554,0.0298577081
"Road 955217469 독배로",849,-312.973053,-7.67818451,-251.989639,0.4595595,0.005354272
"Road 955217469 독배로",850,-316.2419,-7.700956,-252.642075,0.4595595,0.0187071841
"Road 955217469 독배로",851,-317.876373,-7.75567,-252.968262,0.459554,0.0470725149
"Road 955217469 독배로",852,-315.4727,-7.685507,-252.2386,0.919119,0.0183157884
"Road 955217469 독배로",853,-311.410583,-7.70781136,-251.302917,0.919108,0.029858321
"Road 955217469 독배로",854,-313.093,-7.67924356,-251.388748,0.919119,0.00598124927
"Road 955217469 독배로",855,-310.6653,-7.73065567,-250.7793,1.838225,0.0272985045
"Road 955217469 독배로",856,-315.6166,-7.686182,-251.517456,0.9192279,0.01793406
"Road 955217469 독배로",857,-318.116241,-7.755036,-251.766342,0.459613949,0.0462184846
"Road 955217469 독배로",858,-316.481781,-7.701796,-251.44017,0.459613949,0.0183404032
"Road 955217469 독배로",859,-313.212921,-7.68096876,-250.787827,0.459613949,0.00590462331
"Road 955217469 독배로",860,-311.578461,-7.70719862,-250.461655,0.459613949,0.0263617355
"Road 955217469 독배로",861,-313.982147,-7.675859,-251.191284,0.9192279,0.006080836
"Road 955217469 독배로",862,-318.8375,-7.794068,-252.4102,1.83845782,0.04686654
"Road 955217469 독배로",863,-316.361847,-7.70067644,-252.041138,0.9192279,0.0182051733
"Road 955217469 독배로",864,-317.9483,-7.75532341,-252.607681,0.919216931,0.04723115
"Road 955217469 독배로",865,-314.126068,-7.676876,-250.470169,0.91914016,0.00523958448
"Road 955217469 독배로",866,-311.626434,-7.707506,-250.221268,0.459576547,0.0262240116
"Road 955217469 독배로",867,-313.2609,-7.68127632,-250.54744,0.459576547,0.00525576761
"Road 955217469 독배로",868,-316.529755,-7.70254326,-251.199783,0.459576547,0.017960649
"Road 955217469 독배로",869,-318.1642,-7.755783,-251.525955,0.459576547,0.0460690968
"Road 955217469 독배로",870,-315.7605,-7.68763876,-250.796341,0.9191511,0.0181538761
"Road 955217469 독배로",871,-311.6984,-7.70785141,-249.860733,0.9191299,0.0265138876
"Road 955217469 독배로",872,-313.380768,-7.68159866,-249.946533,0.919118941,0.005675581
"Road 955217469 독배로",873,-310.9531,-7.729685,-249.337112,1.83826208,0.0257716011
"Road 955217469 독배로",874,-315.9044,-7.688297,-250.075241,0.919139,0.0181505531
"Road 955217469 독배로",875,-318.404022,-7.75759649,-250.324142,0.4595573,0.0469557159
"Road 955217469 독배로",876,-316.769562,-7.703652,-249.997971,0.459557831,0.0177910775
"Road 955217469 독배로",877,-313.5007,-7.68276167,-249.345627,0.459595263,0.005755687
"Road 955217469 독배로",878,-311.866241,-7.708435,-249.019455,0.4595947,0.0255363788
"Road 955217469 독배로",879,-314.269958,-7.67775869,-249.749069,0.919150054,0.00580176758
"Road 955217469 독배로",880,-318.332062,-7.757381,-250.684677,0.9191684,0.0469551235
"Road 955217469 독배로",881,-316.6497,-7.70289946,-250.598877,0.9191563,0.01826315
"Road 955217469 독배로",882,-319.077362,-7.79536,-251.208313,1.83829844,0.0461805463
"Road 955217469 독배로",883,-314.413849,-7.67924356,-249.027939,0.9192461,0.005674038
"Road 955217469 독배로",884,-311.9142,-7.70891047,-248.779068,0.4596134,0.0255119037
"Road 955217469 독배로",885,-313.548676,-7.683237,-249.10524,0.459613949,0.00564618874
"Road 955217469 독배로",886,-316.817535,-7.70428038,-249.757568,0.459632665,0.0183515679
"Road 955217469 독배로",887,-318.452,-7.75822449,-250.08374,0.459632128,0.04717092
"Road 955217469 독배로",888,-316.0483,-7.68993425,-249.35408,0.9192461,0.018267503
"Road 955217469 독배로",889,-311.192963,-7.729552,-248.135208,1.83849406,0.02504483
"Road 955217469 독배로",890,-312.875366,-7.704351,-248.221,1.83849406,0.0345239453
"Road 955217469 독배로",891,-316.19223,-7.69040442,-248.63298,0.9191371,0.0177499335
"Road 955217469 독배로",892,-318.691864,-7.76126862,-248.881912,0.4595727,0.0496332
"Road 955217469 독배로",893,-317.0574,-7.705193,-248.555725,0.45957765,0.0176612139
"Road 955217469 독배로",894,-313.764557,-7.700213,-248.023514,1.83826327,0.0147399921
"Road 955217469 독배로",895,-318.619873,-7.76138163,-249.242477,0.919126153,0.04963363
"Road 955217469 독배로",896,-316.937469,-7.705233,-249.156616,0.9191371,0.0178393666
"Road 955217469 독배로",897,-319.365143,-7.800028,-249.766113,1.83826137,0.04740285
"Road 955217469 독배로",898,-313.8605,-7.70087862,-247.5428,1.83822584,0.014933994
"Road 955217469 독배로",899,-317.105377,-7.7051177,-248.315353,0.459558934,0.0176612623
"Road 955217469 독배로",900,-318.739838,-7.761193,-248.641556,0.459554,0.0496332161
"Road 955217469 독배로",901,-316.336151,-7.69099474,-247.911911,0.919117868,0.0174261071
"Road 955217469 독배로",902,-312.322021,-7.724396,-246.735886,3.67644787,0.0142285032
"Road 955217469 독배로",903,-316.480072,-7.69299746,-247.190781,0.9192268,0.0179967359
"Road 955217469 독배로",904,-318.9797,-7.7659173,-247.439651,0.4595947,0.0502880476
"Road 955217469 독배로",905,-317.345245,-7.708821,-247.11348,0.459595263,0.0193942729
"Road 955217469 독배로",906,-314.0524,-7.700794,-246.581345,1.83845472,0.0136176124
"Road 955217469 독배로",907,-319.700958,-7.805577,-248.0835,1.83845782,0.05036941
"Road 955217469 독배로",908,-317.2253,-7.706716,-247.714432,0.9192268,0.0180379543
"Road 955217469 독배로",909,-318.811768,-7.762199,-248.281,0.919216931,0.05048385
"Road 955217469 독배로",910,-314.148315,-7.70155573,-246.100571,1.838365,0.0136304321
"Road 955217469 독배로",911,-317.393219,-7.710211,-246.8731,0.459595263,0.019395031
"Road 955217469 독배로",912,-319.027679,-7.767307,-247.199265,0.4595947,0.05028834
"Road 955217469 독배로",913,-316.623962,-7.69514847,-246.46965,0.919188559,0.0192124527
"Road 955217469 독배로",914,-312.6098,-7.72236443,-245.29364,3.67673,0.0132629275
"Road 955217469 독배로",915,-316.767853,-7.696503,-245.748489,0.919177532,0.0199344
"Road 955217469 독배로",916,-319.2675,-7.77162361,-245.997391,0.4595947,0.049059432
"Road 955217469 독배로",917,-317.633026,-7.71376562,-245.671219,0.459595263,0.0212332588
"Road 955217469 독배로",918,-314.340179,-7.70027161,-245.139053,1.838365,0.0122091435
"Road 955217469 독배로",919,-319.195526,-7.77011871,-246.357956,0.91918546,0.04914103
"Road 955217469 독배로",920,-317.513153,-7.71218872,-246.272156,0.919175565,0.019777108
"Road 955217469 독배로",921,-319.940826,-7.81017447,-246.881592,1.83835292,0.04956592
"Road 955217469 독배로",922,-314.436127,-7.70114851,-244.65831,1.83838,0.0126404241
"Road 955217469 독배로",923,-317.681,-7.7151494,-245.430832,0.459595263,0.0215598326
"Road 955217469 독배로",924,-319.31546,-7.77300835,-245.757,0.4595947,0.0492016375
"Road 955217469 독배로",925,-316.911774,-7.69876432,-245.02739,0.9191905,0.02132214
"Road 955217469 독배로",926,-312.8976,-7.718965,-243.851379,3.67679834,0.0121150063
"Road 955217469 독배로",927,-317.0557,-7.70174742,-244.306274,0.9191542,0.0220504124
"Road 955217469 독배로",928,-319.555328,-7.77739954,-244.555176,0.4595771,0.0473954529
"Road 955217469 독배로",929,-317.920868,-7.72020769,-244.228989,0.4595771,0.0212632529
"Road 955217469 독배로",930,-314.628021,-7.7001853,-243.696823,1.83830845,0.0102303466
"Road 955217469 독배로",931,-320.276581,-7.815992,-245.19899,1.83828914,0.0470188819
"Road 955217469 독배로",932,-317.800934,-7.718143,-244.82991,0.9191542,0.0222040322
"Road 955217469 독배로",933,-319.387421,-7.7751956,-245.396439,0.9191531,0.0490737371
"Road 955217469 독배로",934,-314.723969,-7.702042,-243.216064,1.83830845,0.01073325
"Road 955217469 독배로",935,-317.968842,-7.720165,-243.9886,0.4595771,0.021251
"Road 955217469 독배로",936,-319.6033,-7.77735662,-244.314819,0.4595771,0.0473899469
"Road 955217469 독배로",937,-317.199615,-7.70356035,-243.585159,0.9191542,0.0211473312
"Road 955217469 독배로",938,-313.185455,-7.71574974,-242.409164,3.67661285,0.009814832
"Road 955217469 독배로",939,-317.3435,-7.70673943,-242.864029,0.9192067,0.02127319
"Road 955217469 독배로",940,-319.84314,-7.779822,-243.1129,0.4596065,0.045308765
"Road 955217469 독배로",941,-318.2087,-7.724829,-242.786728,0.459605932,0.0207527522
"Road 955217469 독배로",942,-314.915833,-7.70143175,-242.2546,1.83840239,0.007844349
"Road 955217469 독배로",943,-319.771179,-7.77840471,-243.473465,0.9191977,0.04503583
"Road 955217469 독배로",944,-318.088776,-7.722576,-243.3877,0.919208646,0.0213645212
"Road 955217469 독배로",945,-320.516449,-7.81658125,-243.997131,1.83840442,0.0472282469
"Road 955217469 독배로",946,-315.011749,-7.70287466,-241.773849,1.83832753,0.007483493
"Road 955217469 독배로",947,-318.256653,-7.724745,-242.546341,0.45956853,0.0208112914
"Road 955217469 독배로",948,-319.891083,-7.779737,-242.872513,0.4595691,0.04533547
"Road 955217469 독배로",949,-317.4874,-7.708097,-242.1429,0.9191583,0.02018271
"Road 955217469 독배로",950,-313.473267,-7.71253,-240.966919,3.676659,0.007445081
"Road 955217469 독배로",951,-317.631317,-7.709652,-241.4218,0.9191531,0.0194827225
"Road 955217469 독배로",952,-320.130951,-7.777672,-241.6707,0.459576547,0.04247753
"Road 955217469 독배로",953,-318.4965,-7.726513,-241.344528,0.459576547,0.0194809418
"Road 955217469 독배로",954,-315.203644,-7.702316,-240.812363,1.83830619,0.0062211873
"Road 955217469 독배로",955,-320.8522,-7.815197,-242.3145,1.83830428,0.04379969
"Road 955217469 독배로",956,-318.376556,-7.7250886,-241.945435,0.9191531,0.0196649432
"Road 955217469 독배로",957,-319.963043,-7.77947474,-242.511978,0.9191641,0.0455940142
"Road 955217469 독배로",958,-315.2996,-7.70335245,-240.331619,1.838381,0.00487063127
"Road 955217469 독배로",959,-318.544464,-7.7268796,-241.104141,0.459595263,0.0191113669
"Road 955217469 독배로",960,-320.178925,-7.7780385,-241.430313,0.459595263,0.0423093624
"Road 955217469 독배로",961,-317.775238,-7.71105528,-240.700684,0.9191905,0.0189122
"Road 955217469 독배로",962,-313.761078,-7.70938158,-239.5247,3.676758,0.00594439358
"Road 955217469 독배로",963,-317.919159,-7.71139669,-239.979568,0.91915226,0.0182196628
"Road 955217469 독배로",964,-320.418762,-7.774611,-240.22847,0.459569633,0.04002936
"Road 955217469 독배로",965,-318.784332,-7.726641,-239.9023,0.459569633,0.0175620634
"Road 955217469 독배로",966,-315.491455,-7.70199442,-239.370117,1.83829343,0.00408698572
"Road 955217469 독배로",967,-320.3468,-7.77508163,-240.589035,0.9191432,0.04014936
"Road 955217469 독배로",968,-318.6644,-7.726486,-240.50322,0.9191542,0.01869761
"Road 955217469 독배로",969,-321.092072,-7.81081,-241.112671,1.83829546,0.0419928133
"Road 955217469 독배로",970,-315.5874,-7.70283365,-238.889359,1.8383832,0.00330718467
"Road 955217469 독배로",971,-318.832275,-7.726677,-239.661926,0.4595958,0.0175780226
"Road 955217469 독배로",972,-320.4667,-7.77464676,-239.988113,0.4595958,0.04003639
"Road 955217469 독배로",973,-318.063019,-7.71227074,-239.258469,0.9191916,0.0176003054
"Road 955217469 독배로",974,-314.04892,-7.706178,-238.082443,3.6767664,0.00472452166
"Road 955217469 독배로",975,-318.20694,-7.71138144,-238.537338,0.9191916,0.016263878
"Road 955217469 독배로",976,-320.706573,-7.77012444,-238.78624,0.4595958,0.0394291952
"Road 955217469 독배로",977,-319.072144,-7.72438049,-238.460037,0.4595958,0.0162402634
"Road 955217469 독배로",978,-315.7793,-7.70099831,-237.927856,1.8383832,0.00194676791
"Road 955217469 독배로",979,-321.427856,-7.804882,-239.430054,1.8383832,0.03944366
"Road 955217469 독배로",980,-318.95224,-7.725998,-239.060989,0.9191916,0.0173491277
"Road 955217469 독배로",981,-320.5387,-7.7737546,-239.627548,0.9191916,0.0394634381
"Road 955217469 독배로",982,-315.8752,-7.701051,-237.447128,1.83829343,0.00199156953
"Road 955217469 독배로",983,-319.120117,-7.723351,-238.219666,0.459569633,0.0162400268
"Road 955217469 독배로",984,-320.754547,-7.769095,-238.545853,0.459569633,0.0394289158
"Road 955217469 독배로",985,-318.350861,-7.710405,-237.816208,0.919141233,0.0150032388
"Road 955217469 독배로",986,-314.3367,-7.70262527,-236.640213,3.6765523,0.00359372585
"Road 955217469 독배로",987,-318.494781,-7.7103076,-237.0951,0.9191905,0.0149262091
"Road 955217469 독배로",988,-320.994415,-7.7645936,-237.343979,0.4595947,0.0352325626
"Road 955217469 독배로",989,-319.359955,-7.722697,-237.0178,0.459595263,0.0150470911
"Road 955217469 독배로",990,-316.0671,-7.6994,-236.485641,1.83838,0.00112953957
"Road 955217469 독배로",991,-320.922455,-7.76463556,-237.704529,0.9191894,0.0353209339
"Road 955217469 독배로",992,-319.240021,-7.72288656,-237.618729,0.9191905,0.0148752816
"Road 955217469 독배로",993,-321.667725,-7.797898,-238.2282,1.83840823,0.03945865
"Road 955217469 독배로",994,-316.163055,-7.6992135,-236.004883,1.83838,0.000969718
"Road 955217469 독배로",995,-319.407928,-7.722767,-236.77742,0.459595263,0.0150470911
"Road 955217469 독배로",996,-321.0424,-7.7646637,-237.103592,0.4595947,0.0352325626
"Road 955217469 독배로",997,-318.6387,-7.71019125,-236.373962,0.9191905,0.0151104508
"Road 955217469 독배로",998,-314.624542,-7.69960976,-235.197983,3.67671752,0.0025227943
"Road 955217469 독배로",999,-319.6238,-7.73386335,-235.695724,1.83832753,0.02199517
"Road 955217469 독배로",1000,-316.354919,-7.69781542,-235.043411,1.83832753,0.0007459613
"Road 955217469 독배로",1001,-320.369049,-7.746634,-236.219376,1.838368,0.029500138
"Road 955217469 독배로",1002,-321.955536,-7.78857,-236.785934,1.83834767,0.0353495069
"Road 955217469 독배로",1003,-316.450836,-7.697874,-234.562637,1.83849216,0.00096100464
"Road 955217469 독배로",1004,-319.719727,-7.733921,-235.214966,1.83849216,0.02200352
"Road 955217469 독배로",1005,-314.912354,-7.69744158,-233.755692,3.67698431,0.00209727464
"Road 955217469 독배로",1006,-319.911621,-7.72918749,-234.2535,1.838212,0.0188273061
"Road 955217469 독배로",1007,-316.642731,-7.69711256,-233.60112,1.838212,0.000460751
"Road 955217469 독배로",1008,-321.4501,-7.765564,-235.060425,3.676424,0.0227664225
"Road 955217469 독배로",1009,-316.738678,-7.697599,-233.120377,1.83826435,0.00184070459
"Road 955217469 독배로",1010,-320.007538,-7.729674,-233.772781,1.83826435,0.0189114437
"Road 955217469 독배로",1011,-315.2002,-7.69623327,-232.313477,3.67652869,0.00162229629
"Road 955217469 독배로",1012,-320.199463,-7.72417831,-232.8113,1.83839929,0.0149267018
"Road 955217469 독배로",1013,-316.930573,-7.69743538,-232.158936,1.83839929,0.00115199189
"Road 955217469 독배로",1014,-321.737946,-7.755052,-233.61824,3.67679858,0.0207549315
"Road 955217469 독배로",1015,-317.02652,-7.697786,-231.678177,1.83825719,0.00161877135
"Road 955217469 독배로",1016,-320.2954,-7.72452927,-232.330566,1.83825719,0.0149699971
"Road 955217469 독배로",1017,-315.488037,-7.69527,-230.871277,3.67651439,0.00198831246
"Road 955217469 독배로",1018,-318.8528,-7.715406,-231.0429,3.676732,0.03158402
"Road 955217469 독배로",1019,-322.025757,-7.742796,-232.17598,3.676732,0.0185666867
"Road 955217469 독배로",1020,-317.3623,-7.71275139,-229.9956,7.353524,0.00624220865
"Road 955217469 독배로",1021,-320.727142,-7.72813845,-230.167191,7.353234,0.011919518
"Road 955217469 독배로",1022,-317.650116,-7.70711,-228.55336,7.35342836,0.00464154361
"Road 955217469 독배로",1023,-321.014923,-7.718929,-228.724976,7.35342836,0.007880144
"Road 955217469 독배로",1024,-317.937958,-7.70340347,-227.111145,7.353009,0.00367009663
"Road 955217469 독배로",1025,-321.302765,-7.71197557,-227.282715,7.354026,0.007846012
"Road 955217469 독배로",1026,-318.225739,-7.69960642,-225.668884,7.353338,0.002596124
"Road 955217469 독배로",1027,-321.590546,-7.7048707,-225.840439,7.353338,0.00673790369
"Road 955217469 독배로",1028,-318.51355,-7.69626,-224.226578,7.35428,0.00167597714
"Road 955217469 독배로",1029,-321.878357,-7.69995451,-224.398178,7.352724,0.003892032
"Road 281621314 소성로",0,419.934174,-7.474457,-578.2886,7.42993546,0.0200749077
"Road 281621314 소성로",1,417.994049,-7.54078245,-581.044,7.429642,0.0196207166
"Road 281621314 소성로",2,418.6066,-7.476393,-577.621033,7.429915,0.0197790414
"Road 281621314 소성로",3,416.6665,-7.54242325,-580.376465,7.429915,0.0194731951
"Road 281621314 소성로",4,417.279053,-7.47907066,-576.953369,7.42977858,0.01948749
"Road 281621314 소성로",5,415.338959,-7.544487,-579.7088,7.43007135,0.0194443781
"Road 281621314 소성로",6,415.9515,-7.481423,-576.2858,7.429799,0.0194925889
"Road 281621314 소성로",7,414.011383,-7.54674339,-579.04126,7.429506,0.0193583872
"Road 281621314 소성로",8,414.623932,-7.484301,-575.618164,7.4301877,0.019484641
"Road 281621314 소성로",9,412.683929,-7.54869461,-578.3737,7.42882252,0.0189344939
"Road 281621314 소성로",10,413.2964,-7.486635,-574.9506,7.429641,0.01905013
"Road 281621314 소성로",11,411.356354,-7.5497303,-577.7061,7.429934,0.0186171662
"Road 281621314 소성로",12,411.968872,-7.48932076,-574.283142,7.42925262,0.0189188812
"Road 281621314 소성로",13,410.0288,-7.5513587,-577.0386,7.430618,0.018111432
"Road 281621314 소성로",14,410.641327,-7.491875,-573.6155,7.4296627,0.0182037987
"Road 281621314 소성로",15,408.7012,-7.552858,-576.3709,7.4296627,0.0180645473
"Road 281621314 소성로",16,409.313721,-7.493747,-572.9479,7.43048143,0.0180365611
"Road 281621314 소성로",17,407.3737,-7.55424452,-575.7033,7.429409,0.0180631187
"Road 281621314 소성로",18,407.986176,-7.495516,-572.2803,7.429818,0.01815376
"Road 281621314 소성로",19,406.046143,-7.55654764,-575.0358,7.429232,0.01810129
"Road 281621314 소성로",20,406.658661,-7.49829149,-571.612732,7.429505,0.0181025285
"Road 281621314 소성로",21,404.718628,-7.557796,-574.3682,7.430091,0.0176158771
"Road 281621314 소성로",22,405.331146,-7.4999814,-570.945251,7.42899942,0.0177867
"Road 281621314 소성로",23,403.391083,-7.55891037,-573.7007,7.43055773,0.0172914285
"Road 281621314 소성로",24,404.003571,-7.50296354,-570.2776,7.42987537,0.017487023
"Road 281621314 소성로",25,402.063477,-7.56088066,-573.033,7.429096,0.0169882737
"Road 281621314 소성로",26,402.676025,-7.50558329,-569.61,7.43073368,0.0170884244
"Road 281621314 소성로",27,400.735962,-7.56249046,-572.3654,7.42966127,0.01679367
"Road 281621314 소성로",28,401.34848,-7.50752974,-568.942444,7.428979,0.0168334618
"Road 281621314 소성로",29,399.408447,-7.563557,-571.697937,7.43005133,0.0166122988
"Road 281621314 소성로",30,400.0209,-7.50919342,-568.274841,7.430052,0.0167142376
"Road 281621314 소성로",31,398.0808,-7.56515265,-571.0303,7.430345,0.0165551938
"Road 281621314 소성로",32,398.693329,-7.51210976,-567.607239,7.42966175,0.0167565364
"Road 281621314 소성로",33,396.7533,-7.56727934,-570.3627,7.42907572,0.0161295161
"Road 281621314 소성로",34,397.3658,-7.514315,-566.939636,7.430304,0.0161835365
"Road 281621314 소성로",35,395.425751,-7.56831932,-569.6951,7.429525,0.01600891
"Road 281621314 소성로",36,396.0382,-7.51656,-566.272034,7.429934,0.01622551
"Road 281621314 소성로",37,394.098175,-7.57052755,-569.0275,7.429641,0.0158416759
"Road 281621314 소성로",38,394.7107,-7.51941633,-565.604553,7.428686,0.0158935767
"Road 281621314 소성로",39,392.77066,-7.57172441,-568.360046,7.430344,0.0154381888
"Road 281621314 소성로",40,393.3832,-7.52073145,-564.936951,7.42952633,0.015497759
"Road 281621314 소성로",41,391.443024,-7.572804,-567.6924,7.43059874,0.015455
"Road 281621314 소성로",42,392.055573,-7.52279425,-564.2693,7.430325,0.0154543621
"Road 281621314 소성로",43,390.115479,-7.574779,-567.0247,7.42896,0.015456222
"Road 281621314 소성로",44,390.728058,-7.524675,-563.601746,7.43005133,0.0154409157
"Road 281621314 소성로",45,388.788055,-7.576078,-566.3572,7.428979,0.0152520584
"Road 281621314 소성로",46,389.4005,-7.52631,-562.934143,7.429934,0.0153831616
"Road 281621314 소성로",47,387.460449,-7.57713175,-565.689636,7.4304204,0.0149481175
"Road 281621314 소성로",48,388.0729,-7.5285244,-562.266541,7.429329,0.01515453
"Road 281621314 소성로",49,386.132935,-7.57835054,-565.022034,7.429136,0.0145776123
"Road 281621314 소성로",50,386.745453,-7.531206,-561.59906,7.429818,0.0148675283
"Road 281621314 소성로",51,384.805328,-7.580797,-564.3545,7.43059731,0.0145833651
"Road 281621314 소성로",52,385.417847,-7.534207,-560.9314,7.429506,0.014486609
"Road 281621314 소성로",53,383.477783,-7.583115,-563.6868,7.429799,0.0145876883
"Road 281621314 소성로",54,384.0903,-7.53662872,-560.2638,7.43048143,0.0146757644
"Road 281621314 소성로",55,382.150238,-7.585199,-563.0192,7.429409,0.0142469509
"Road 281621314 소성로",56,382.7627,-7.5384984,-559.5962,7.42995453,0.0142834364
"Road 281621314 소성로",57,380.822662,-7.58639765,-562.351746,7.4293685,0.0142313037
"Road 281621314 소성로",58,381.4352,-7.54081535,-558.9287,7.42882252,0.0144580724
"Road 281621314 소성로",59,379.4952,-7.58848763,-561.684143,7.4301877,0.0139167029
"Road 281621314 소성로",60,380.107666,-7.54380846,-558.2611,7.430188,0.0141601861
"Road 281621314 소성로",61,378.167572,-7.590471,-561.016541,7.430188,0.013613808
"Road 281621314 소성로",62,378.780029,-7.54649353,-557.593445,7.4301877,0.0137549257
"Road 281621314 소성로",63,376.84,-7.59214449,-560.348938,7.42882252,0.01340351
"Road 281621314 소성로",64,377.452545,-7.548471,-556.925964,7.42882252,0.013447158
"Road 281621314 소성로",65,375.512543,-7.59342,-559.681458,7.43048048,0.0133128464
"Road 281621314 소성로",66,376.125,-7.55075645,-556.258362,7.430482,0.01356719
"Road 281621314 소성로",67,374.184937,-7.595403,-559.0138,7.42941,0.0130099533
"Road 281621314 소성로",68,374.7974,-7.553451,-555.590759,7.430227,0.0131605156
"Road 281621314 소성로",69,372.857422,-7.59754372,-558.346252,7.42886162,0.0130129671
"Road 281621314 소성로",70,373.46994,-7.55613947,-554.9233,7.42886257,0.0130366515
"Road 281621314 소성로",71,371.529877,-7.599652,-557.6787,7.4313,0.0128249452
"Road 281621314 소성로",72,372.142365,-7.55893135,-554.2556,7.42939,0.0131292334
"Road 281621314 소성로",73,370.202271,-7.601441,-557.011047,7.429683,0.0123163257
"Road 281621314 소성로",74,370.814819,-7.56113243,-553.5881,7.430228,0.0124372821
"Road 281621314 소성로",75,368.874725,-7.6028266,-556.3435,7.429642,0.012317922
"Road 281621314 소성로",76,369.487274,-7.564118,-552.9204,7.429915,0.012602278
"Road 281621314 소성로",77,367.54715,-7.60560846,-555.675842,7.429915,0.0120808436
"Road 281621314 소성로",78,368.159668,-7.567114,-552.2528,7.43032455,0.0121319033
"Road 281621314 소성로",79,366.2196,-7.60791826,-555.00824,7.4295454,0.0120867426
"Road 281621314 소성로",80,366.832123,-7.57015228,-551.5852,7.4295454,0.0123078506
"Road 281621314 소성로",81,364.8921,-7.611098,-554.340759,7.4295454,0.01203788
"Road 281621314 소성로",82,365.504639,-7.573547,-550.9177,7.428863,0.0120364008
"Road 281621314 소성로",83,363.564575,-7.61410332,-553.673157,7.42993546,0.0120385941
"Road 281621314 소성로",84,364.1771,-7.5771637,-550.2501,7.430345,0.0123070646
"Road 281621314 소성로",85,362.236969,-7.6176033,-553.005554,7.430052,0.0117825689
"Road 281621314 소성로",86,362.8495,-7.581062,-549.582458,7.429915,0.0119857155
"Road 281621314 소성로",87,360.909454,-7.62054968,-552.337952,7.429136,0.0115041463
"Road 281621314 소성로",88,361.521973,-7.584316,-548.915,7.4295454,0.0116754631
"Road 281621314 소성로",89,359.5819,-7.62306547,-551.6704,7.43032455,0.0113475835
"Road 281621314 소성로",90,360.194427,-7.587995,-548.2473,7.429915,0.0118565084
"Road 281621314 소성로",91,358.2543,-7.6272006,-551.002747,7.429915,0.0116946334
"Road 281621314 소성로",92,358.8668,-7.592651,-547.5797,7.430461,0.0114656193
"Road 281621314 소성로",93,356.926758,-7.630214,-550.335144,7.42909575,0.0109200748
"Road 281621314 소성로",94,357.5393,-7.59603453,-546.9122,7.42882156,0.0116466535
"Road 281621314 소성로",95,355.599274,-7.633377,-549.6677,7.42989349,0.0107756713
"Road 281621314 소성로",96,356.2118,-7.600609,-546.2446,7.429759,0.011077838
"Road 281621314 소성로",97,354.271729,-7.63694,-549.000061,7.430052,0.0106155789
"Road 281621314 소성로",98,354.884369,-7.605305,-545.5771,7.427594,0.0112484945
"Road 281621314 소성로",99,352.944183,-7.64104462,-548.332458,7.431983,0.0102936355
"Road 281621314 소성로",100,353.557129,-7.60982132,-544.9096,7.424618,0.0104899183
"Road 281621314 소성로",101,351.6168,-7.64430046,-547.6648,7.431444,0.010062186
"Road 281621314 소성로",102,352.230072,-7.61358261,-544.2419,7.428169,0.010376716
"Road 281621314 소성로",103,350.289459,-7.64793968,-546.9969,7.42758274,0.0101945456
"Road 281621314 소성로",104,350.902954,-7.6184907,-543.574158,7.428264,0.0107331332
"Road 281621314 소성로",105,348.9624,-7.652681,-546.329163,7.428264,0.009999163
"Road 281621314 소성로",106,349.5759,-7.62351942,-542.906433,7.427173,0.0101404442
"Road 281621314 소성로",107,347.635284,-7.65694475,-545.661438,7.42853832,0.009930304
"Road 281621314 소성로",108,348.248779,-7.62879324,-542.238647,7.42867565,0.0106687639
"Road 281621314 소성로",109,346.3082,-7.66197968,-544.9937,7.427896,0.009638692
"Road 281621314 소성로",110,346.921722,-7.634602,-541.5709,7.42721272,0.010189509
"Road 281621314 소성로",111,344.9811,-7.666778,-544.326,7.42799234,0.00941611547
"Road 281621314 소성로",112,345.5946,-7.639631,-540.903137,7.42922163,0.009559751
"Road 281621314 소성로",113,343.654022,-7.671032,-543.6582,7.427856,0.009350421
"Road 281621314 소성로",114,344.2675,-7.64432573,-540.2354,7.427581,0.00964629
"Road 281621314 소성로",115,342.326935,-7.67549849,-542.99054,7.427581,0.009223438
"Road 281621314 소성로",116,342.94043,-7.64928,-539.567749,7.42799234,0.009559652
"Road 281621314 소성로",117,340.9999,-7.68001032,-542.3228,7.42799234,0.009083847
"Road 281621314 소성로",118,341.613373,-7.65499258,-538.899963,7.428263,0.010075165
"Road 281621314 소성로",119,339.67276,-7.6852355,-541.6551,7.428263,0.008740849
"Road 281621314 소성로",120,340.286224,-7.66070032,-538.2323,7.42772,0.00909099448
"Road 281621314 소성로",121,338.345673,-7.68987465,-540.987366,7.428306,0.008727257
"Road 281621314 소성로",122,338.958862,-7.666474,-537.5644,7.432672,0.009606196
"Road 281621314 소성로",123,337.018555,-7.695503,-540.319641,7.423115,0.008659838
"Road 281621314 소성로",124,337.638916,-7.672615,-536.9005,7.306829,0.008947494
"Road 281621314 소성로",125,335.706451,-7.70082235,-539.659851,7.29971027,0.008568875
"Road 281621314 소성로",126,336.3339,-7.67823744,-536.244446,7.303532,0.008859287
"Road 281621314 소성로",127,334.4017,-7.70689154,-539.0039,7.30245972,0.009432801
"Road 281621314 소성로",128,335.028839,-7.68472528,-535.5884,7.30396,0.009061771
"Road 281621314 소성로",129,333.0967,-7.71286345,-538.3479,7.302302,0.008381273
"Road 281621314 소성로",130,333.723877,-7.69117928,-534.9324,7.302165,0.009848
"Road 281621314 소성로",131,331.791779,-7.719095,-537.691956,7.30323744,0.008407927
"Road 281621314 소성로",132,332.418945,-7.697927,-534.2764,7.30282927,0.00853634
"Road 281621314 소성로",133,330.4868,-7.724077,-537.0359,7.303415,0.00762382662
"Road 281621314 소성로",134,331.113922,-7.70304441,-533.620361,7.30355072,0.008317425
"Road 281621314 소성로",135,329.1818,-7.72901964,-536.3799,7.30247831,0.008100285
"Road 281621314 소성로",136,329.808929,-7.70905256,-532.964355,7.302751,0.00851328
"Road 281621314 소성로",137,327.8768,-7.7350316,-535.7239,7.30353069,0.008216417
"Road 281621314 소성로",138,328.5039,-7.71557236,-532.3083,7.30353165,0.0085729
"Road 281621314 소성로",139,326.571777,-7.74123764,-535.0678,7.30275154,0.00801789947
"Road 281621314 소성로",140,327.198975,-7.722107,-531.652344,7.30152273,0.008468937
"Road 281621314 소성로",141,325.2668,-7.746771,-534.411865,7.304253,0.00722790463
"Road 281621314 소성로",142,325.897,-7.7280426,-530.9978,7.252803,0.008222555
"Road 281621314 소성로",143,323.967377,-7.752107,-533.758545,7.25933647,0.00743156439
"Road 281621314 소성로",144,324.6005,-7.734364,-530.345764,7.25647163,0.008078798
"Road 281621314 소성로",145,322.670654,-7.758101,-533.1064,7.256179,0.00761666149
"Road 281621314 소성로",146,323.303925,-7.741818,-529.693665,7.25686,0.009191363
"Road 281621314 소성로",147,321.374146,-7.765228,-532.454346,7.25549459,0.00731452461
"Road 281621314 소성로",148,322.007355,-7.748724,-529.0417,7.25686026,0.007070268
"Road 281621314 소성로",149,320.077637,-7.770931,-531.8023,7.25608,0.00736979
"Road 281621314 소성로",150,320.710846,-7.75494957,-528.3897,7.25526047,0.008018226
"Road 281621314 소성로",151,318.781128,-7.77737665,-531.1504,7.25662565,0.00723954337
"Road 281621314 소성로",152,319.414368,-7.762055,-527.737732,7.25594473,0.008087356
"Road 281621314 소성로",153,317.4846,-7.783734,-530.498352,7.25672531,0.00676081469
"Road 281621314 소성로",154,318.117828,-7.76827049,-527.0857,7.25617743,0.00685568154
"Road 281621314 소성로",155,316.188019,-7.788631,-529.8463,7.25617743,0.00618735328
"Road 281621314 소성로",156,316.821259,-7.77383661,-526.433655,7.257134,0.00747560663
"Road 281621314 소성로",157,314.891479,-7.79423,-529.1943,7.255769,0.006630445
"Road 281621314 소성로",158,315.5247,-7.78075552,-525.7816,7.25631237,0.007663073
"Road 281621314 소성로",159,313.594971,-7.800512,-528.5423,7.25602,0.006320314
"Road 281621314 소성로",160,314.22818,-7.78722572,-525.129639,7.25561237,0.00666557672
"Road 281621314 소성로",161,312.298462,-7.806162,-527.8903,7.25649,0.0063014254
"Road 281621314 소성로",162,312.9317,-7.79329062,-524.4776,7.256217,0.00680156657
"Road 281621314 소성로",163,311.001923,-7.81247854,-527.2383,7.256217,0.00697946269
"Road 281621314 소성로",164,311.635162,-7.80042648,-523.8256,7.256081,0.007458492
"Road 281621314 소성로",165,309.7054,-7.81927824,-526.5863,7.256081,0.00620137155
"Road 281621314 소성로",166,310.338684,-7.80703163,-523.173645,7.256217,0.00653618
"Road 281621314 소성로",167,308.4089,-7.824985,-525.934265,7.256217,0.00595415477
"Road 281621314 소성로",168,309.0421,-7.81347132,-522.5216,7.2569,0.0071639386
"Road 281621314 소성로",169,307.1124,-7.83120346,-525.2823,7.25553465,0.005991725
"Road 281621314 소성로",170,307.7456,-7.820329,-521.8696,7.255806,0.00668558758
"Road 281621314 소성로",171,305.8159,-7.83711433,-524.6303,7.256586,0.00550304074
"Road 281621314 소성로",172,306.4491,-7.826423,-521.2177,7.255769,0.00608877558
"Road 281621314 소성로",173,304.519318,-7.842482,-523.9783,7.257134,0.00540310843
"Road 281621314 소성로",174,305.1525,-7.83245039,-520.5656,7.256996,0.006351067
"Road 281621314 소성로",175,303.222748,-7.84839773,-523.326233,7.255338,0.00576175656
"Road 281621314 소성로",176,303.856,-7.839025,-519.913635,7.255612,0.006282884
"Road 281621314 소성로",177,301.92627,-7.855015,-522.674255,7.25648928,0.00635838555
"Road 281621314 소성로",178,302.559479,-7.845987,-519.261658,7.25649,0.006291794
"Road 281621314 소성로",179,300.6297,-7.86131668,-522.0222,7.25619745,0.00518207438
"Road 281621314 소성로",180,301.2629,-7.852246,-518.6096,7.25646973,0.00616356451
"Road 281621314 소성로",181,299.33316,-7.86661339,-521.3703,7.25588465,0.00456130831
"Road 281621314 소성로",182,299.966431,-7.8582015,-517.957642,7.255338,0.005985354
"Road 281621314 소성로",183,298.036652,-7.87146139,-520.7183,7.25670338,0.00411491
"Road 281621314 소성로",184,298.669922,-7.86360359,-517.305664,7.2558856,0.00511694746
"Road 281621314 소성로",185,296.740143,-7.87653542,-520.0662,7.25617838,0.00526158744
"Road 281621314 소성로",186,297.373383,-7.86917734,-516.653564,7.25713348,0.00482472638
"Road 281621314 소성로",187,295.4436,-7.882032,-519.414246,7.255768,0.005035582
"Road 281621314 소성로",188,296.076782,-7.874346,-516.0015,7.25699568,0.00477880146
"Road 281621314 소성로",189,294.1471,-7.886621,-518.7622,7.25533772,0.0039389953
"Road 281621314 소성로",190,294.77832,-7.87907076,-515.348633,7.28836536,0.00513395341
"Road 281621314 소성로",191,292.8468,-7.891573,-518.1084,7.28758526,0.00499359472
"Road 281621314 소성로",192,293.476044,-7.88522,-514.693848,7.288131,0.00572248828
"Road 281621314 소성로",193,291.5446,-7.896847,-517.4536,7.287839,0.00356937526
"Road 281621314 소성로",194,292.1738,-7.89093351,-514.039063,7.288111,0.00552543532
"Road 281621314 소성로",195,290.2423,-7.902164,-516.7988,7.288111,0.004772906
"Road 281621314 소성로",196,290.871552,-7.89723349,-513.3843,7.287975,0.00501708174
"Road 281621314 소성로",197,288.940063,-7.907183,-516.144043,7.287975,0.00318551669
"Road 281621314 소성로",198,289.569244,-7.9019866,-512.729431,7.28831625,0.00414599339
"Road 281621314 소성로",199,287.6378,-7.91183853,-515.489258,7.287975,0.004732699
"Road 281621314 소성로",200,288.267,-7.90692329,-512.0747,7.287906,0.00366231846
"Road 281621314 소성로",201,286.335541,-7.91611338,-514.8345,7.28824759,0.00312263821
"Road 281621314 소성로",202,286.964722,-7.911221,-511.4199,7.28818,0.00472272048
"Road 281621314 소성로",203,285.033264,-7.921081,-514.1797,7.28783846,0.00472290069
"Road 281621314 소성로",204,285.662476,-7.91685247,-510.765137,7.287838,0.00414805068
"Road 281621314 소성로",205,283.731,-7.92573738,-513.524963,7.28813028,0.00300780172
"Road 281621314 소성로",206,284.360229,-7.92117643,-510.110352,7.287927,0.004036559
"Road 281621314 소성로",207,282.428741,-7.9295845,-512.8702,7.28826857,0.00316317286
"Road 281621314 소성로",208,283.057953,-7.925644,-509.455566,7.288131,0.00392478053
"Road 281621314 소성로",209,281.126434,-7.934132,-512.215332,7.288131,0.004119427
"Road 281621314 소성로",210,281.7557,-7.930882,-508.800751,7.28806353,0.004365535
"Road 281621314 소성로",211,279.8242,-7.93881559,-511.560516,7.288112,0.002869121
"Road 281621314 소성로",212,280.4534,-7.93491745,-508.1459,7.28872538,0.00288231275
"Road 281621314 소성로",213,278.521942,-7.942859,-510.905762,7.287019,0.004380049
"Road 281621314 소성로",214,279.151154,-7.939686,-507.4912,7.287701,0.004242009
"Road 281621314 소성로",215,277.2197,-7.94730043,-510.251068,7.28867626,0.00234242226
"Road 281621314 소성로",216,277.848816,-7.942629,-506.8364,7.289018,0.00191141956
"Road 281621314 소성로",217,275.91745,-7.94961357,-509.596283,7.286629,0.00312256441
"Road 281621314 소성로",218,276.5991,-7.945347,-506.2081,6.40647268,0.003370416
"Road 281621314 소성로",219,274.720459,-7.95252466,-508.994537,6.40271854,0.0022515764
"Road 281621314 소성로",220,275.45462,-7.94825,-505.6328,6.403878,0.003269658
"Road 281621314 소성로",221,273.576141,-7.9550004,-508.4193,6.404953,0.00240421365
"Road 281621314 소성로",222,274.310181,-7.95067358,-505.057526,6.40481663,0.00207636
"Road 281621314 소성로",223,272.431671,-7.957424,-507.844025,6.40413427,0.00330523658
"Road 281621314 소성로",224,273.16568,-7.95314932,-504.482269,6.40522575,0.00262594339
"Road 281621314 소성로",225,271.287231,-7.96023941,-507.2688,6.403468,0.00276861573
"Road 281621314 소성로",226,272.021271,-7.955609,-503.907074,6.404082,0.00267579732
"Road 281621314 소성로",227,270.1428,-7.96222925,-506.6936,6.405157,0.00189563714
"Road 281621314 소성로",228,270.876831,-7.95723772,-503.331818,6.403588,0.002103783
"Road 281621314 소성로",229,268.998322,-7.963339,-506.118317,6.404953,0.00181137491
"Road 281621314 소성로",230,269.6697,-7.9591713,-502.725,7.45734167,0.002844645
"Road 281621314 소성로",231,267.728455,-7.965215,-505.47998,7.45695257,0.00172216224
"Road 281621314 소성로",232,268.337158,-7.96109533,-502.0552,7.457089,0.00161946274
"Road 281621314 소성로",233,266.395874,-7.967234,-504.810181,7.457478,0.003035023
"Road 281621314 소성로",234,267.0046,-7.96302557,-501.385376,7.45686436,0.00188300631
"Road 281621314 소성로",235,265.063324,-7.969174,-504.1403,7.457547,0.001872756
"Road 281621314 소성로",236,265.672028,-7.96440744,-500.715485,7.457547,0.002208721
"Road 281621314 소성로",237,263.730743,-7.97053671,-503.470459,7.45686436,0.00177007134
"Road 281621314 소성로",238,264.339447,-7.9661,-500.045654,7.457751,0.002129108
"Road 281621314 소성로",239,262.398163,-7.971888,-502.800629,7.45706844,0.00167648925
"Road 281621314 소성로",240,263.006866,-7.967768,-499.375824,7.45665932,0.00201862026
"Road 281621314 소성로",241,261.065643,-7.97321558,-502.130768,7.457635,0.00159018475
"Road 281621314 소성로",242,261.674316,-7.969095,-498.705963,7.457362,0.00159020664
"Road 281621314 소성로",243,259.733063,-7.97422743,-501.460938,7.4570694,0.00159023528
"Road 281621314 소성로",244,260.341766,-7.9701066,-498.036133,7.45727348,0.00159020477
"Road 281621314 소성로",245,258.400482,-7.975469,-500.7911,7.45727348,0.00189150614
"Road 281621314 소성로",246,259.009216,-7.97134829,-497.366333,7.45665932,0.00165312912
"Road 281621314 소성로",247,257.067963,-7.97648048,-500.121246,7.457342,0.00145419512
"Road 281621314 소성로",248,257.676636,-7.97212934,-496.696442,7.457888,0.00159005309
"Road 281621314 소성로",249,255.735352,-7.97726059,-499.4514,7.45727873,0.00159008091
"Road 281621314 소성로",250,256.3441,-7.972834,-496.0266,7.45693731,0.00143973029
"Road 281621314 소성로",251,254.402832,-7.977966,-498.7816,7.456864,0.00167375139
"Road 281621314 소성로",252,255.011536,-7.97365236,-495.356781,7.45713758,0.0017778856
"Road 281621314 소성로",253,253.070251,-7.97909,-498.111725,7.457577,0.00164282008
"Road 281621314 소성로",254,253.678955,-7.97432756,-494.68692,7.45737267,0.00151314435
"Road 281621314 소성로",255,251.737671,-7.979549,-497.441864,7.457226,0.00166744506
"Road 281621314 소성로",256,252.3231,-7.974879,-494.005585,7.84679937,0.00179853849
"Road 281621314 소성로",257,250.405151,-7.979889,-496.772,7.066459,0.00152595458
"Road 281621314 소성로",258,250.96,-7.97465,-493.3384,7.851475,0.00152600312
"Road 281621314 소성로",259,249.08165,-7.97930861,-496.1412,7.07470751,0.00150774
"Road 281621314 소성로",260,249.606033,-7.97439051,-492.709839,7.464151,0.00149856007
"Road 281621314 소성로",261,247.751144,-7.979702,-495.5237,7.46332359,0.00171583588
"Road 281621314 소성로",262,248.252151,-7.975085,-492.0813,7.462859,0.0017668521
"Road 281621314 소성로",263,246.397232,-7.98007727,-494.895233,7.46383429,0.00152604259
"Road 281621314 소성로",264,246.898254,-7.97482443,-491.452759,7.46346855,0.00152599
"Road 281621314 소성로",265,245.043274,-7.97911835,-494.2666,7.46414757,0.00152597215
"Road 281621314 소성로",266,245.544266,-7.973865,-490.824127,7.46450853,0.0015260115
"Road 281621314 소성로",267,243.689331,-7.97824335,-493.638031,7.462854,0.0014866892
"Road 281621314 소성로",268,244.190323,-7.97299,-490.1956,7.463398,0.00154888991
"Road 281621314 소성로",269,242.335449,-7.97805738,-493.0095,7.463398,0.00177794078
"Road 281621314 소성로",270,242.836426,-7.97271967,-489.567047,7.46333361,0.00173897611
"Road 281621314 소성로",271,240.9815,-7.978031,-492.380951,7.46401262,0.00169602176
"Road 281621314 소성로",272,241.482483,-7.97200537,-488.938477,7.46352339,0.00180736731
"Road 281621314 소성로",273,239.627563,-7.977316,-491.75235,7.4638195,0.00180729944
"Road 281621314 소성로",274,240.12854,-7.971046,-488.3099,7.46382427,0.00180731306
"Road 281621314 소성로",275,238.273621,-7.976357,-491.123779,7.46314526,0.0018073268
"Road 281621314 소성로",276,238.774612,-7.97008657,-487.681366,7.46362448,0.00180731656
"Road 281621314 소성로",277,236.919739,-7.97539759,-490.49527,7.463329,0.00180738419
"Road 281621314 소성로",278,237.420731,-7.96912766,-487.052826,7.46319532,0.001807397
"Road 281621314 소성로",279,235.5658,-7.974439,-489.8667,7.464022,0.00180731493
"Road 281621314 소성로",280,236.066788,-7.96816874,-486.4243,7.463671,0.0018074126
"Road 281621314 소성로",281,234.211853,-7.97267,-489.238129,7.4638195,0.00269104959
"Road 281621314 소성로",282,234.71283,-7.96617937,-485.7957,7.46396255,0.00180826208
"Road 281621314 소성로",283,232.85791,-7.970474,-488.6096,7.46298742,0.0017966266
"Road 281621314 소성로",284,233.3589,-7.963995,-485.167145,7.463467,0.00267215632
"Road 281621314 소성로",285,231.504013,-7.96850967,-487.981049,7.463763,0.00180731749
"Road 281621314 소성로",286,232.005,-7.96203661,-484.5386,7.463076,0.00198855437
"Road 281621314 소성로",287,230.15007,-7.967348,-487.3525,7.46428633,0.00186422677
"Road 281621314 소성로",288,230.651062,-7.96006,-483.910034,7.463802,0.0028747113
"Road 281621314 소성로",289,228.7961,-7.9648,-486.723877,7.46341848,0.00281712
"Road 281621314 소성로",290,229.297134,-7.95732737,-483.281464,7.463562,0.00203289138
"Road 281621314 소성로",291,227.4422,-7.962639,-486.095337,7.463414,0.00207976
"Road 281621314 소성로",292,227.943237,-7.955107,-482.652863,7.46368074,0.002899742
"Road 281621314 소성로",293,226.0883,-7.959848,-485.466766,7.46368074,0.00279213884
"Road 281621314 소성로",294,226.589279,-7.952097,-482.0243,7.464165,0.00236594025
"Road 281621314 소성로",295,224.73436,-7.95740843,-484.838165,7.462955,0.00216939882
"Road 281621314 소성로",296,225.235352,-7.94970131,-481.395752,7.4634347,0.0027650937
"Road 281621314 소성로",297,223.380447,-7.954979,-484.209625,7.463966,0.00250508869
"Road 281621314 소성로",298,223.881409,-7.946524,-480.7672,7.463348,0.00327208266
"Road 281621314 소성로",299,222.026489,-7.95219469,-483.5811,7.463731,0.002461489
"Road 281621314 소성로",300,222.527466,-7.943229,-480.138641,7.464008,0.00339583168
"Road 281621314 소성로",301,220.672562,-7.948986,-482.952545,7.46309328,0.003276764
"Road 281621314 소성로",302,221.173538,-7.93933249,-479.5101,7.463232,0.003412363
"Road 281621314 소성로",303,219.318649,-7.945362,-482.324,7.464146,0.00306126871
"Road 281621314 소성로",304,219.819626,-7.935621,-478.881561,7.46325159,0.00346384081
"Road 281621314 소성로",305,217.964722,-7.94163656,-481.695435,7.46354771,0.00348263537
"Road 281621314 소성로",306,218.465714,-7.931509,-478.253021,7.46382427,0.003639644
"Road 281621314 소성로",307,216.610764,-7.93789864,-481.066864,7.46367645,0.00303288922
"Road 281621314 소성로",308,217.111771,-7.92688131,-477.62442,7.46339941,0.005064015
"Road 281621314 소성로",309,215.256836,-7.933388,-480.438324,7.46369553,0.00373581774
"Road 281621314 소성로",310,215.757858,-7.92190027,-476.99585,7.463898,0.00388096552
"Road 281621314 소성로",311,213.902908,-7.92966843,-479.809723,7.463219,0.00337923621
"Road 281621314 소성로",312,214.403915,-7.9172554,-476.367279,7.463842,0.00529580237
"Road 281621314 소성로",313,212.549011,-7.92514038,-479.181183,7.463398,0.004016983
"Road 281621314 소성로",314,213.049988,-7.912294,-475.738739,7.463329,0.00415044231
"Road 281621314 소성로",315,211.195114,-7.92078066,-478.552643,7.46362448,0.00444693258
"Road 281621314 소성로",316,211.69606,-7.90690374,-475.1102,7.463827,0.00555519573
"Road 281621314 소성로",317,209.841141,-7.91514826,-477.924072,7.463827,0.00458754972
"Road 281621314 소성로",318,210.342117,-7.900583,-474.481659,7.46328354,0.0056680534
"Road 281621314 소성로",319,208.4872,-7.909516,-477.295532,7.463667,0.004732852
"Road 281621314 소성로",320,208.98822,-7.89447,-473.853119,7.46332073,0.00545125827
"Road 281621314 소성로",321,207.133286,-7.90409231,-476.666962,7.46376467,0.00483651971
"Road 281621314 소성로",322,207.6343,-7.88814974,-473.224518,7.46376467,0.0062126033
"Road 281621314 소성로",323,205.779358,-7.898251,-476.038422,7.46332073,0.005036402
"Road 281621314 소성로",324,206.2804,-7.88158655,-472.595947,7.46339464,0.00608902425
"Road 281621314 소성로",325,204.425461,-7.891973,-475.409821,7.463543,0.00594061567
"Road 281621314 소성로",326,204.926437,-7.873902,-471.967377,7.464082,0.00723261852
"Road 281621314 소성로",327,203.071487,-7.884606,-474.78125,7.46369839,0.005834566
"Road 281621314 소성로",328,203.5725,-7.866178,-471.338837,7.463501,0.006688388
"Road 281621314 소성로",329,201.7176,-7.877762,-474.1527,7.46305656,0.00610211538
"Road 281621314 소성로",330,202.218613,-7.858692,-470.7103,7.463259,0.006889732
"Road 281621314 소성로",331,200.363663,-7.87092733,-473.52417,7.46438265,0.0059748916
"Road 281621314 소성로",332,200.864639,-7.851374,-470.0817,7.46376,0.00696807867
"Road 281621314 소성로",333,199.009689,-7.86390543,-472.8956,7.4636116,0.006631517
"Road 281621314 소성로",334,199.5107,-7.84265757,-469.453125,7.46382427,0.008656303
"Road 281621314 소성로",335,197.655762,-7.855291,-472.267,7.463293,0.00708987564
"Road 281621314 소성로",336,198.156784,-7.83277559,-468.8246,7.46349573,0.008840183
"Road 281621314 소성로",337,196.301865,-7.846544,-471.638458,7.463731,0.00729057333
"Road 281621314 소성로",338,196.802856,-7.823273,-468.196,7.463667,0.008462642
"Road 281621314 소성로",339,194.947922,-7.83773,-471.0099,7.46381474,0.008011255
"Road 281621314 소성로",340,195.4489,-7.813032,-467.567474,7.46360731,0.00957007
"Road 281621314 소성로",341,193.593979,-7.82795572,-470.381317,7.463459,0.00804562
"Road 281621314 소성로",342,194.094971,-7.80224848,-466.938873,7.463736,0.0098086
"Road 281621314 소성로",343,192.240067,-7.8183074,-469.752777,7.463205,0.008263229
"Road 281621314 소성로",344,192.741043,-7.79145956,-466.310333,7.463615,0.0100140423
"Road 281621314 소성로",345,190.886154,-7.80823851,-469.124237,7.463467,0.0090466
"Road 281621314 소성로",346,191.387146,-7.780227,-465.6818,7.463126,0.0101451036
"Road 281621314 소성로",347,189.532227,-7.798014,-468.4957,7.463953,0.008856446
"Road 281621314 소성로",348,190.033218,-7.76833868,-465.053223,7.463671,0.0118635418
"Road 281621314 소성로",349,188.178284,-7.78662729,-467.8671,7.4638195,0.00987390149
"Road 281621314 소성로",350,188.67926,-7.754935,-464.424652,7.46389341,0.0122150257
"Road 281621314 소성로",351,186.824356,-7.774692,-467.238525,7.46291828,0.0101730442
"Road 281621314 소성로",352,187.325363,-7.74148941,-463.796143,7.46326447,0.0124820806
"Road 281621314 소성로",353,185.470459,-7.762455,-466.610016,7.4640913,0.0108852172
"Road 281621314 소성로",354,185.971436,-7.726803,-463.167572,7.463464,0.01420267
"Road 281621314 소성로",355,184.1165,-7.74845648,-465.981445,7.46376,0.0119667407
"Road 281621314 소성로",356,184.617508,-7.711036,-462.538971,7.463834,0.0138894981
"Road 281621314 소성로",357,182.762573,-7.73438025,-465.352875,7.463155,0.0121269133
"Road 281621314 소성로",358,183.263565,-7.69505262,-461.9104,7.46390629,0.0151983127
"Road 281621314 소성로",359,181.408676,-7.719553,-464.724274,7.463462,0.0127660315
"Road 281621314 소성로",360,181.909653,-7.67812347,-461.28186,7.46326447,0.0156930219
"Road 281621314 소성로",361,180.054749,-7.70444727,-464.0958,7.46356058,0.0131789185
"Road 281621314 소성로",362,180.555725,-7.660692,-460.65332,7.46361971,0.016686542
"Road 281621314 소성로",363,178.70079,-7.688393,-463.4672,7.464151,0.0143301487
"Road 281621314 소성로",364,179.201782,-7.641514,-460.02475,7.463335,0.01829203
"Road 281621314 소성로",365,177.346848,-7.670994,-462.838623,7.463631,0.0148953628
"Road 281621314 소성로",366,177.847885,-7.621409,-459.3962,7.46334934,0.0189608
"Road 281621314 소성로",367,175.99292,-7.6530304,-462.210052,7.46388054,0.015977554
"Road 281621314 소성로",368,176.493942,-7.600739,-458.767578,7.46415758,0.0193687249
"Road 281621314 소성로",369,174.638992,-7.6342597,-461.581451,7.46294737,0.0169154573
"Road 281621314 소성로",370,175.14,-7.5790267,-458.139038,7.463842,0.0207749624
"Road 281621314 소성로",371,173.2851,-7.613926,-460.952972,7.463398,0.0180811249
"Road 281621314 소성로",372,173.786072,-7.555639,-457.5105,7.463329,0.02193586
"Road 281621314 소성로",373,171.9312,-7.59257841,-460.324371,7.46362448,0.0186330024
"Road 281621314 소성로",374,172.432129,-7.530472,-456.881927,7.464099,0.0244857557
"Road 281621314 소성로",375,170.577225,-7.570204,-459.695831,7.46356773,0.0192200635
"Road 281621314 소성로",376,171.0782,-7.504278,-456.253418,7.46296,0.02519425
"Road 281621314 소성로",377,169.223312,-7.547449,-459.067352,7.46387434,0.0208332241
"Road 281621314 소성로",378,169.7243,-7.47710943,-455.624878,7.46325159,0.0263516065
"Road 281621314 소성로",379,167.86937,-7.523086,-458.438721,7.464079,0.0223748665
"Road 281621314 소성로",380,168.370361,-7.44854546,-454.996246,7.46394539,0.0276046954
"Road 281621314 소성로",381,166.515411,-7.497347,-457.81015,7.463118,0.0235308874
"Road 281621314 소성로",382,167.016418,-7.418052,-454.367676,7.464008,0.03009339
"Road 281621314 소성로",383,165.161514,-7.46982,-457.1816,7.46309328,0.0248524044
"Road 281621314 소성로",384,165.662521,-7.38576126,-453.739166,7.46316242,0.03137177
"Road 281621314 소성로",385,163.8076,-7.44169474,-456.55307,7.464225,0.0258875415
"Road 281621314 소성로",386,164.308578,-7.35276031,-453.1106,7.463464,0.0328275859
"Road 281621314 소성로",387,162.453629,-7.412852,-455.924469,7.46376,0.02738262
"Road 281621314 소성로",388,162.954636,-7.318666,-452.482025,7.463903,0.0342544541
"Road 281621314 소성로",389,161.099716,-7.382698,-455.2959,7.463076,0.0291574746
"Road 281621314 소성로",390,161.600723,-7.28266335,-451.8535,7.463689,0.0365214534
"Road 281621314 소성로",391,159.7458,-7.350677,-454.667358,7.46383667,0.0307214484
"Road 281621314 소성로",392,160.24678,-7.24565172,-451.224945,7.46342659,0.0371049754
"Road 281621314 소성로",393,158.391891,-7.31859064,-454.038818,7.46342659,0.0318445638
"Road 281621314 소성로",394,158.892868,-7.208727,-450.596344,7.463565,0.03830121
"Road 281621314 소성로",395,157.037949,-7.28536654,-453.410248,7.46394825,0.03394158
"Road 281621314 소성로",396,157.53894,-7.16930342,-449.9678,7.46339941,0.0410901047
"Road 281621314 소성로",397,155.684,-7.249968,-452.7817,7.46369553,0.03506814
"Road 281621314 소성로",398,156.185013,-7.12967443,-449.339233,7.46362638,0.04074523
"Road 281621314 소성로",399,154.330078,-7.215633,-452.153076,7.463478,0.036225792
"Road 281621314 소성로",400,154.83107,-7.090978,-448.710663,7.464096,0.041632507
"Road 281621314 소성로",401,152.976151,-7.18024063,-451.524536,7.463121,0.03818038
"Road 281621314 소성로",402,153.477158,-7.0510745,-448.082123,7.46333361,0.04266839
"Road 281621314 소성로",403,151.622269,-7.14356232,-450.896,7.46362972,0.0390903838
"Road 281621314 소성로",404,152.12323,-7.01017427,-447.453583,7.46361971,0.0444026031
"Road 281621314 소성로",405,150.268311,-7.105774,-450.267456,7.46400261,0.04042707
"Road 281621314 소성로",406,150.769272,-6.96990156,-446.824982,7.46387434,0.0430173948
"Road 281621314 소성로",407,148.914352,-7.069307,-449.6389,7.46319532,0.04097269
"Road 281621314 소성로",408,149.415359,-6.93069267,-446.196442,7.463126,0.0442826636
"Road 281621314 소성로",409,147.56044,-7.03112,-449.010345,7.463953,0.0426462069
"Road 281621314 소성로",410,148.061432,-6.88974,-445.567871,7.463671,0.0447068661
"Road 281621314 소성로",411,146.206482,-6.99217749,-448.381744,7.4638195,0.0426941849
"Road 281621314 소성로",412,146.707474,-6.85073042,-444.9393,7.46389341,0.0432239845
"Road 281621314 소성로",413,144.852554,-6.954174,-447.753174,7.46306658,0.0437911153
"Road 281621314 소성로",414,144.877426,-6.86731768,-445.927216,3.73159981,0.07176062
"Road 281621314 소성로",415,145.829727,-6.738074,-442.6943,3.73155737,0.03957652
"Road 281621314 소성로",416,143.273,-6.889689,-447.0199,1.86597466,0.04980445
"Road 281621314 소성로",417,144.676636,-6.77336168,-443.9965,1.86597466,0.04084363
"Road 281621314 소성로",418,143.0225,-6.970467,-448.741119,3.73199177,0.0479461662
"Road 281621314 소성로",419,144.225327,-6.759524,-443.787,1.8659029,0.0396404341
"Road 281621314 소성로",420,142.821671,-6.875851,-446.8104,1.8659029,0.048822172
"Road 281621314 소성로",421,144.47583,-6.697777,-442.065765,3.7318058,0.0394451357
"Road 281621314 소성로",422,141.919067,-6.848209,-446.391327,1.8659029,0.0511853546
"Road 281621314 소성로",423,143.322708,-6.731993,-443.36792,1.8659029,0.04162018
"Road 281621314 소성로",424,141.668564,-6.930319,-448.112549,3.7318058,0.04881262
"Road 281621314 소성로",425,142.871384,-6.71702337,-443.158356,1.86597466,0.0412625745
"Road 281621314 소성로",426,141.467743,-6.8332386,-446.1818,1.86597466,0.0508954749
"Road 281621314 소성로",427,143.121872,-6.65723228,-441.437164,3.732024,0.03714014
"Road 281621314 소성로",428,140.565155,-6.80446053,-445.7628,1.86579752,0.0513793081
"Road 281621314 소성로",429,141.968735,-6.68987226,-442.739349,1.86579752,0.04024862
"Road 281621314 소성로",430,140.314651,-6.88803625,-447.483978,3.73152041,0.05005618
"Road 281621314 소성로",431,141.517456,-6.67542458,-442.529816,1.86579752,0.03900608
"Road 281621314 소성로",432,140.113876,-6.790013,-445.553253,1.86579752,0.0504118726
"Road 281621314 소성로",433,141.767944,-6.618915,-440.808624,3.73158479,0.0350592025
"Road 281621314 소성로",434,139.211243,-6.76253557,-445.1342,1.86596978,0.04954321
"Road 281621314 소성로",435,140.614853,-6.65018129,-442.11084,1.86596978,0.0370929241
"Road 281621314 소성로",436,138.960754,-6.84585762,-446.855438,3.73194981,0.0502248965
"Road 281621314 소성로",437,140.163528,-6.63714647,-441.901276,1.86583138,0.0363175832
"Road 281621314 소성로",438,138.759933,-6.74950027,-444.9247,1.86583138,0.0489651076
"Road 281621314 소성로",439,140.414047,-6.582081,-440.180084,3.73170519,0.0354374945
"Road 281621314 소성로",440,137.8573,-6.72170639,-444.505646,1.86593759,0.0490782373
"Road 281621314 소성로",441,139.260941,-6.61176443,-441.482269,1.86593759,0.0370727666
"Road 281621314 소성로",442,137.606812,-6.804377,-446.2269,3.73183274,0.05057566
"Road 281621314 소성로",443,138.809616,-6.598274,-441.2727,1.86600673,0.0368774869
"Road 281621314 소성로",444,137.405975,-6.708216,-444.296143,1.86600673,0.0489310436
"Road 281621314 소성로",445,139.0601,-6.545126,-439.5515,3.73201346,0.0333195962
"Road 281621314 소성로",446,136.503372,-6.68092,-443.8771,1.865837,0.04941058
"Road 281621314 소성로",447,137.906967,-6.57339048,-440.853668,1.865837,0.0365728438
"Road 281621314 소성로",448,136.252869,-6.762598,-445.5983,3.731674,0.0491328
"Road 281621314 소성로",449,137.455673,-6.55955172,-440.644135,1.86590612,0.03651402
"Road 281621314 소성로",450,136.052063,-6.667082,-443.667572,1.86590612,0.0493672229
"Road 281621314 소성로",451,137.706131,-6.509411,-438.922943,3.73184443,0.0312127415
"Road 281621314 소성로",452,135.14946,-6.639749,-443.248535,1.86586678,0.0473889969
"Road 281621314 소성로",453,136.55304,-6.53576469,-440.2251,1.86586678,0.0335017629
"Road 281621314 소성로",454,134.898972,-6.72092438,-444.969757,3.73170137,0.0496896245
"Road 281621314 소성로",455,136.101746,-6.523459,-440.015625,1.86579752,0.032958176
"Road 281621314 소성로",456,134.698166,-6.62744331,-443.039063,1.86579752,0.04700612
"Road 281621314 소성로",457,136.352249,-6.47553062,-438.2944,3.7315526,0.03099149
"Road 281621314 소성로",458,133.795517,-6.60091925,-442.62,1.86597216,0.0470193
"Road 281621314 소성로",459,135.199142,-6.500025,-439.5966,1.86597216,0.0334706679
"Road 281621314 소성로",460,133.545044,-6.68040848,-444.341217,3.731987,0.0486343466
"Road 281621314 소성로",461,134.747833,-6.48723269,-439.3871,1.86583376,0.033253964
"Road 281621314 소성로",462,133.344208,-6.588127,-442.4105,1.86583376,0.04686494
"Road 281621314 소성로",463,134.998367,-6.440841,-437.665863,3.73167777,0.030242769
"Road 281621314 소성로",464,132.441544,-6.561615,-441.991364,1.86607516,0.0470450222
"Road 281621314 소성로",465,133.84523,-6.463333,-438.968018,1.86607516,0.03320751
"Road 281621314 소성로",466,132.19104,-6.640017,-443.712646,3.73214,0.0476040877
"Road 281621314 소성로",467,133.393875,-6.450022,-438.758453,1.86604047,0.0336727723
"Road 281621314 소성로",468,131.990189,-6.548304,-441.78183,1.86604047,0.04737449
"Road 281621314 소성로",469,133.6444,-6.40657663,-437.037231,3.7320385,0.0276748165
"Road 281621314 소성로",470,131.087646,-6.522001,-441.3628,1.86572766,0.0444932468
"Road 281621314 소성로",471,132.491257,-6.427567,-438.3394,1.86572766,0.0296011958
"Road 281621314 소성로",472,130.8371,-6.59929276,-443.083984,3.73149776,0.0477338731
"Road 281621314 소성로",473,132.039948,-6.416414,-438.129883,1.86596978,0.0286508221
"Road 281621314 소성로",474,130.636337,-6.51084757,-441.1533,1.86596978,0.0438673
"Road 281621314 소성로",475,132.290421,-6.375469,-436.4087,3.73201418,0.0271329321
"Road 281621314 소성로",476,129.733749,-6.486183,-440.734283,1.86577094,0.04449003
"Road 281621314 소성로",477,131.1373,-6.3949275,-437.710846,1.86577094,0.0302335676
"Road 281621314 소성로",478,129.483261,-6.561159,-442.455475,3.73146725,0.0457636
"Road 281621314 소성로",479,130.68602,-6.38310242,-437.501373,1.86577094,0.0289800335
"Road 281621314 소성로",480,129.282471,-6.474358,-440.5248,1.86577094,0.04364786
"Road 281621314 소성로",481,130.936508,-6.343378,-435.780151,3.7316165,0.0270004962
"Road 281621314 소성로",482,128.379837,-6.45076,-440.105743,1.86600626,0.0433184952
"Road 281621314 소성로",483,129.783432,-6.361343,-437.082367,1.86600745,0.02860925
"Road 281621314 소성로",484,128.129364,-6.524051,-441.827,3.731922,0.0442388281
"Road 281621314 소성로",485,129.3321,-6.34970856,-436.872833,1.86587155,0.0291682053
"Road 281621314 소성로",486,127.928505,-6.439125,-439.89624,1.86587036,0.0436897874
"Road 281621314 소성로",487,129.5826,-6.311966,-435.1516,3.73177528,0.02503122
"Road 281621314 소성로",488,127.025856,-6.4149375,-439.477173,1.86600316,0.0422750264
"Road 281621314 소성로",489,128.429489,-6.328789,-436.453766,1.866002,0.02731602
"Road 281621314 소성로",490,126.775383,-6.487531,-441.1984,3.73200631,0.0445032753
"Road 281621314 소성로",491,127.978149,-6.31813669,-436.244263,1.8659327,0.0258776918
"Road 281621314 소성로",492,126.574524,-6.40428543,-439.26767,1.8659339,0.04136005
"Road 281621314 소성로",493,128.228638,-6.28186655,-434.523041,3.73186541,0.025473319
"Road 281621314 소성로",494,125.671913,-6.380687,-438.8486,1.86587393,0.04170704
"Road 281621314 소성로",495,127.075523,-6.29732,-435.8252,1.86587393,0.02764129
"Road 281621314 소성로",496,125.421417,-6.45138168,-440.569824,3.731732,0.04351044
"Road 281621314 소성로",497,126.624229,-6.286282,-435.615723,1.86584187,0.02621998
"Road 281621314 소성로",498,125.220619,-6.36964846,-438.639069,1.86584187,0.0407793336
"Road 281621314 소성로",499,126.874718,-6.2504673,-433.8945,3.73174214,0.025810916
"Road 281621314 소성로",500,124.317993,-6.34811831,-438.220062,1.86593151,0.0408713445
"Road 281621314 소성로",501,125.721596,-6.26521063,-435.1967,1.86593151,0.0263771955
"Road 281621314 소성로",502,124.067505,-6.41674232,-439.941284,3.73180461,0.04096512
"Road 281621314 소성로",503,125.2703,-6.254242,-434.987152,1.86584508,0.02703589
"Road 281621314 소성로",504,123.8667,-6.33715,-438.010529,1.86584508,0.0412992723
"Road 281621314 소성로",505,125.520821,-6.21939468,-433.2659,3.73164773,0.0244160686
"Road 281621314 소성로",506,122.964073,-6.314016,-437.591461,1.86592388,0.0407325178
"Road 281621314 소성로",507,124.367714,-6.23340464,-434.5681,1.86592388,0.02640427
"Road 281621314 소성로",508,122.71357,-6.38291359,-439.3127,3.7318902,0.042045176
"Road 281621314 소성로",509,123.916405,-6.222929,-434.358551,1.86588931,0.0244460236
"Road 281621314 소성로",510,122.512756,-6.30353975,-437.382,1.86588931,0.03949115
"Road 281621314 소성로",511,124.166908,-6.1890583,-432.63736,3.731821,0.0249020178
"Road 281621314 소성로",512,121.610138,-6.28107834,-436.962921,1.8659215,0.039938353
"Road 281621314 소성로",513,123.013786,-6.2023263,-433.939545,1.8659215,0.0262601562
"Road 281621314 소성로",514,121.359627,-6.34842157,-438.684174,3.73180032,0.0412706621
"Road 281621314 소성로",515,122.562462,-6.191454,-433.72998,1.86597335,0.0256890655
"Road 281621314 소성로",516,121.158813,-6.27020645,-436.753418,1.86597335,0.03956533
"Road 281621314 소성로",517,122.812958,-6.157091,-432.0088,3.73194671,0.0261572562
"Road 281621314 소성로",518,120.256226,-6.24891043,-436.334381,1.8658036,0.04023374
"Road 281621314 소성로",519,121.659828,-6.16960335,-433.310944,1.8658036,0.0263558682
"Road 281621314 소성로",520,120.005714,-6.31515,-438.055573,3.7316072,0.0393167064
"Road 281621314 소성로",521,121.208527,-6.15829325,-433.1014,1.86597657,0.0271236151
"Road 281621314 소성로",522,119.804924,-6.23760033,-436.124847,1.86597657,0.0407412648
"Road 281621314 소성로",523,121.458984,-6.12395048,-431.380219,3.73201156,0.02589084
"Road 281621314 소성로",524,118.902306,-6.214962,-435.7058,1.86587465,0.040512085
"Road 281621314 소성로",525,120.30587,-6.13602,-432.682373,1.86587465,0.0264934544
"Road 281621314 소성로",526,118.651817,-6.28219843,-437.427032,3.731691,0.040479973
"Road 281621314 소성로",527,119.854576,-6.124829,-432.4729,1.86573875,0.0262486711
"Road 281621314 소성로",528,118.451012,-6.203771,-435.496338,1.86573875,0.0403525531
"Road 281621314 소성로",529,120.10508,-6.090422,-430.751678,3.73146152,0.02689169
"Road 281621314 소성로",530,117.548363,-6.1811657,-435.077271,1.86604249,0.04098914
"Road 281621314 소성로",531,118.952,-6.101995,-432.053864,1.86604249,0.0271423683
"Road 281621314 소성로",532,117.297882,-6.24853468,-436.7985,3.7321012,0.0404503569
"Road 281621314 소성로",533,118.500679,-6.090883,-431.84436,1.86583745,0.0253965631
"Road 281621314 소성로",534,117.097038,-6.170053,-434.867767,1.86583745,0.0398544967
"Road 281621314 소성로",535,118.751213,-6.05578232,-430.123138,3.73171735,0.0281304624
"Road 281621314 소성로",536,116.19442,-6.14863253,-434.448639,1.86596537,0.04124862
"Road 281621314 소성로",537,117.598083,-6.067747,-431.4253,1.86596537,0.0273067318
"Road 281621314 소성로",538,115.9439,-6.215838,-436.169922,3.73188829,0.0396502949
"Road 281621314 소성로",539,117.146751,-6.05571175,-431.215729,1.86606908,0.0290187858
"Road 281621314 소성로",540,115.74308,-6.13659668,-434.2391,1.86606908,0.0424016938
"Road 281621314 소성로",541,117.39724,-6.01887655,-429.4945,3.73209572,0.0295368619
"Road 281621314 소성로",542,114.840492,-6.1128726,-433.820068,1.86577141,0.04321595
"Road 281621314 소성로",543,116.2441,-6.03032637,-430.796722,1.86577141,0.0292593818
"Road 281621314 소성로",544,114.589973,-6.182308,-435.5413,3.73158526,0.04115741
"Road 281621314 소성로",545,115.792786,-6.01730967,-430.5872,1.865942,0.0306161083
"Road 281621314 소성로",546,114.389183,-6.099857,-433.6106,1.865942,0.0441458
"Road 281621314 소성로",547,116.043266,-5.97994852,-428.865967,3.73186779,0.03005078
"Road 281621314 소성로",548,113.48658,-6.0747776,-433.191559,1.86583221,0.04386564
"Road 281621314 소성로",549,114.89016,-5.991131,-430.168182,1.86583221,0.0294647757
"Road 281621314 소성로",550,113.236092,-6.14614248,-434.9128,3.73168039,0.0428372
"Road 281621314 소성로",551,114.438866,-5.97915268,-429.958649,1.86583221,0.0268401522
"Road 281621314 소성로",552,113.035286,-6.06279945,-432.982056,1.86583221,0.0421475545
"Road 281621314 소성로",553,114.689354,-5.94083166,-428.2374,3.73166442,0.0321426168
"Road 281621314 소성로",554,112.132652,-6.03945732,-432.563019,1.86594319,0.0446346067
"Road 281621314 소성로",555,113.536255,-5.95300055,-429.539642,1.86594319,0.0305342786
"Road 281621314 소성로",556,111.882179,-6.110935,-434.284271,3.73188639,0.04215395
"Road 281621314 소성로",557,113.084938,-5.938968,-429.3301,1.86587393,0.03407237
"Road 281621314 소성로",558,111.681335,-6.025425,-432.353516,1.86587393,0.04712552
"Road 281621314 소성로",559,113.335442,-5.897135,-427.6089,3.731764,0.03520934
"Road 281621314 소성로",560,110.778725,-5.998013,-431.934448,1.86593151,0.04741291
"Road 281621314 소성로",561,112.182335,-5.908573,-428.911041,1.86593151,0.0333371647
"Road 281621314 소성로",562,110.528229,-6.073032,-433.65567,3.731847,0.04478331
"Road 281621314 소성로",563,111.731018,-5.893226,-428.701538,1.86586487,0.0363993719
"Road 281621314 소성로",564,110.327415,-5.982666,-431.724945,1.86586487,0.04961419
"Road 281621314 소성로",565,111.981514,-5.85029,-426.980316,3.73178816,0.035739582
"Road 281621314 소성로",566,109.424805,-5.95361328,-431.3059,1.86587393,0.0489741825
"Road 281621314 소성로",567,110.828407,-5.86178255,-428.282471,1.86587393,0.03422907
"Road 281621314 소성로",568,109.174294,-6.03156042,-433.02713,3.73168945,0.04686239
"Road 281621314 소성로",569,110.377106,-5.846846,-428.073,1.86587393,0.03419992
"Road 281621314 소성로",570,108.9735,-5.938677,-431.096436,1.86587393,0.04895381
"Road 281621314 소성로",571,110.6276,-5.80226135,-426.351776,3.73174787,0.03861438
"Road 281621314 소성로",572,108.070862,-5.90904856,-430.677338,1.86596978,0.0518186353
"Road 281621314 소성로",573,109.474487,-5.81389427,-427.653961,1.86596978,0.03745315
"Road 281621314 소성로",574,107.820374,-5.98924637,-432.39856,3.73193955,0.0479659252
"Road 281621314 소성로",575,109.023163,-5.79648066,-427.444427,1.86595249,0.0406535938
"Road 281621314 소성로",576,107.619537,-5.89163542,-430.4678,1.86595249,0.0541769229
"Road 281621314 소성로",577,109.273659,-5.74825239,-425.723175,3.731905,0.04273554
"Road 281621314 소성로",578,106.716927,-5.858606,-430.0488,1.86585665,0.05355325
"Road 281621314 소성로",579,108.120537,-5.759438,-427.02536,1.86585665,0.0388504826
"Road 281621314 소성로",580,106.466431,-5.942574,-431.77,3.73171329,0.0510484576
"Road 281621314 소성로",581,107.669243,-5.74114037,-426.815826,1.86583936,0.043365024
"Road 281621314 소성로",582,106.265633,-5.840307,-429.839264,1.86583936,0.05691316
"Road 281621314 소성로",583,107.919746,-5.69076967,-425.094635,3.73163629,0.0438744053
"Road 281621314 소성로",584,105.363,-5.80405569,-429.420258,1.86594,0.0573157333
"Road 281621314 소성로",585,106.76664,-5.70200872,-426.39682,1.86594,0.0426347479
"Road 281621314 소성로",586,105.112511,-5.89198446,-431.141449,3.73192239,0.0540215075
"Road 281621314 소성로",587,106.315331,-5.682642,-426.1873,1.8659029,0.04366831
"Road 281621314 소성로",588,104.911682,-5.784689,-429.2107,1.8659029,0.0580878
"Road 281621314 소성로",589,106.565834,-5.63014936,-424.466064,3.731822,0.04716011
"Road 281621314 소성로",590,104.009064,-5.746033,-428.791626,1.86593878,0.0602525026
"Road 281621314 소성로",591,105.412712,-5.64103174,-425.768219,1.86593878,0.0458792932
"Road 281621314 소성로",592,103.758553,-5.837198,-430.512848,3.73186135,0.0567846149
"Road 281621314 소성로",593,104.961388,-5.619641,-425.558716,1.86597586,0.04844976
"Road 281621314 소성로",594,103.557739,-5.724643,-428.582123,1.86597586,0.06223302
"Road 281621314 소성로",595,105.211861,-5.563272,-423.8375,3.73201013,0.05229245
"Road 281621314 소성로",596,102.655174,-5.68235445,-428.1631,1.865763,0.0633213744
"Road 281621314 소성로",597,104.058739,-5.57342529,-425.139648,1.865763,0.0491966642
"Road 281621314 소성로",598,102.40464,-5.77720261,-429.8843,3.73146725,0.05990627
"Road 281621314 소성로",599,103.60746,-5.549476,-424.930176,1.86579752,0.05548986
"Road 281621314 소성로",600,102.203888,-5.6584053,-427.9536,1.86579752,0.06832584
"Road 281621314 소성로",601,103.857971,-5.49015236,-423.208954,3.7315526,0.0544472523
"Road 281621314 소성로",602,101.301231,-5.60912657,-427.534546,1.86600924,0.06892953
"Road 281621314 소성로",603,102.704865,-5.498752,-424.511139,1.86600924,0.05518596
"Road 281621314 소성로",604,101.050758,-5.70945549,-429.255768,3.732061,0.0657899752
"Road 281621314 소성로",605,102.25354,-5.47344732,-424.301636,1.8659029,0.05428147
"Road 281621314 소성로",606,100.849907,-5.583822,-427.325043,1.8659029,0.06820616
"Road 281621314 소성로",607,102.504051,-5.41226339,-422.5804,3.7318058,0.0590308942
"Road 281621314 소성로",608,99.9472961,-5.53067732,-426.905975,1.8659029,0.06923227
"Road 281621314 소성로",609,101.350929,-5.420341,-423.882568,1.8659029,0.0568652339
"Road 281621314 소성로",610,99.69678,-5.632974,-428.6272,3.7318058,0.0714312643
"Road 281621314 소성로",611,100.899605,-5.39280558,-423.673,1.86605859,0.0617541336
"Road 281621314 소성로",612,99.49597,-5.503142,-426.6964,1.86605859,0.0733016059
"Road 281621314 소성로",613,101.150063,-5.32770967,-421.951782,3.73211718,0.06318421
"Road 281621314 소성로",614,98.5933762,-5.445488,-426.277435,1.865756,0.0740787461
"Road 281621314 소성로",615,99.99694,-5.33421326,-423.254,1.865756,0.0626042038
"Road 281621314 소성로",616,98.34287,-5.5493207,-427.998627,3.731512,0.07300021
"Road 281621314 소성로",617,99.54577,-5.303892,-423.044525,1.86488616,0.0667721
"Road 281621314 소성로",618,98.1422043,-5.415167,-426.067963,1.86488616,0.07763321
"Road 281621314 소성로",619,99.79648,-5.23690939,-421.3234,3.72977233,0.0657871
"Road 281621314 소성로",620,97.23933,-5.349217,-425.648834,1.86692357,0.07811683
"Road 281621314 소성로",621,98.64338,-5.241154,-422.625641,1.86692357,0.0680734
"Road 281621314 소성로",622,96.98886,-5.456247,-427.370026,3.73384714,0.0816405043
"Road 281621314 소성로",623,98.19814,-5.209396,-422.418854,1.81492054,0.06801767
"Road 281621314 소성로",624,96.79409,-5.31745863,-425.442047,1.81492054,0.07806217
"Road 281621314 소성로",625,98.4612656,-5.142437,-420.703278,3.629841,0.06903747
"Road 281621314 소성로",626,95.9155655,-5.24793053,-425.033844,1.81684029,0.07565787
"Road 281621314 소성로",627,97.32009,-5.14633036,-422.010864,1.81684029,0.06795933
"Road 281621314 소성로",628,95.65269,-5.35210037,-426.7495,3.63368058,0.08927128
"Road 281621314 소성로",629,96.880806,-5.11442566,-421.8068,1.81592083,0.07056837
"Road 281621314 소성로",630,95.47629,-5.216026,-424.829742,1.81592083,0.07801053
"Road 281621314 소성로",631,97.1439,-5.045076,-420.091217,3.63188386,0.07283864
"Road 281621314 소성로",632,94.598,-5.14171028,-424.421722,1.81584227,0.07731351
"Road 281621314 소성로",633,96.00248,-5.04773951,-421.3987,1.81584227,0.07250066
"Road 281621314 소성로",634,94.33489,-5.240647,-426.137238,3.63164234,0.09293035
"Road 281621314 소성로",635,95.5633545,-5.01382256,-421.194672,1.81584227,0.0742131844
"Road 281621314 소성로",636,94.15885,-5.10779333,-424.217682,1.81584227,0.07892167
"Road 281621314 소성로",637,95.8264542,-4.942698,-419.479156,3.63165832,0.0751325041
"Road 281621314 소성로",638,93.98281,-4.99007273,-422.2981,3.6317656,0.05856838
"Road 281621314 소성로",639,93.0174561,-5.11884069,-425.525146,3.63179159,0.101068914
"Road 281621314 소성로",640,94.0263062,-4.90158272,-420.48056,7.264035,0.0754672
"Road 281621314 소성로",641,92.1826553,-4.930395,-423.29953,7.26343,0.111820169
"Road 281621314 소성로",642,92.7088242,-4.778807,-419.868439,7.263504,0.07448624
"Road 281621314 소성로",643,90.8652039,-4.8309,-422.687469,7.26343,0.0349516571
"Road 281621314 소성로",644,91.39139,-4.697811,-419.256378,7.26311874,0.07657525
"Road 281621314 소성로",645,89.7890854,-4.72945356,-421.2686,0.9079692,0.04662262
"Road 281621314 소성로",646,88.5161362,-4.816229,-423.433838,0.453979641,0.05535076
"Road 281621314 소성로",647,89.21838,-4.74584055,-421.922363,0.453979045,0.0333747938
"Road 281621314 소성로",648,90.974,-4.6308856,-418.1436,0.907950044,0.117761075
"Road 281621314 소성로",649,90.49133,-4.69073343,-419.7571,0.9079792,0.04261228
"Road 281621314 소성로",650,88.6041641,-4.8618207,-424.393646,1.81596076,0.05212874
"Road 281621314 소성로",651,89.767334,-4.75640631,-422.1774,0.9079902,0.0214609746
"Road 281621314 소성로",652,89.28467,-4.8183856,-423.790924,0.907981336,0.0531916171
"Road 281621314 소성로",653,90.29351,-4.63911629,-418.746338,1.81593227,0.0333555676
"Road 281621314 소성로",654,88.9988,-4.74266624,-421.8203,0.453979045,0.0333737619
"Road 281621314 소성로",655,88.29655,-4.813055,-423.3318,0.453979641,0.0553501435
"Road 281621314 소성로",656,89.13033,-4.713764,-420.962555,0.907971144,0.0337084159
"Road 281621314 소성로",657,90.5566,-4.5567894,-417.030762,3.63186455,0.07558366
"Road 281621314 소성로",658,88.2302551,-4.749128,-421.463257,7.263729,0.0453643128
"Road 281621314 소성로",659,88.27377,-4.66680956,-419.645721,3.63169146,0.04916758
"Road 281621314 소성로",660,88.9978,-4.54794645,-417.225433,1.81581652,0.04714758
"Road 281621314 소성로",661,89.48049,-4.445678,-415.611938,1.81582344,0.09349275
"Road 281621314 소성로",662,87.15414,-4.686029,-420.0444,0.9079443,0.04232922
"Road 281621314 소성로",663,85.8811646,-4.80038643,-422.209625,0.453963518,0.0622817837
"Road 281621314 소성로",664,86.5834351,-4.71628952,-420.69812,0.453962922,0.0424092263
"Road 281621314 소성로",665,87.98795,-4.571734,-417.67514,0.4539802,0.06062206
"Road 281621314 소성로",666,88.69022,-4.472664,-416.1636,0.4539808,0.07959198
"Road 281621314 소성로",667,87.85641,-4.615145,-418.532867,0.9079443,0.04674952
"Road 281621314 소성로",668,85.9692,-4.85001945,-423.1694,1.81590736,0.058517497
"Road 281621314 소성로",669,86.89103,-4.76912069,-421.759918,1.81591773,0.0544044264
"Road 281621314 소성로",670,86.95632,-4.62855,-419.0336,3.63197255,0.0566067547
"Road 281621314 소성로",671,87.680336,-4.49361467,-416.613281,1.81599438,0.05654345
"Road 281621314 소성로",672,88.16302,-4.375725,-414.999756,1.81595635,0.09184518
"Road 281621314 소성로",673,85.3757858,-4.72252846,-420.137054,1.81578434,0.0591320731
"Road 281621314 소성로",674,86.67048,-4.5347724,-417.063,0.453948319,0.0615660958
"Road 281621314 소성로",675,87.37272,-4.420688,-415.5515,0.453943878,0.08592833
"Road 281621314 소성로",676,86.53892,-4.584684,-417.920746,0.907896638,0.05594119
"Road 281621314 소성로",677,85.11267,-4.81462669,-421.852539,3.63161087,0.05418232
"Road 281621314 소성로",678,85.88021,-4.57280159,-417.614746,0.9079497,0.0586714968
"Road 281621314 소성로",679,87.15316,-4.41414976,-415.449463,0.453961164,0.0859276354
"Road 281621314 소성로",680,86.4509048,-4.528234,-416.960968,0.4539656,0.0615649261
"Road 281621314 소성로",681,84.93664,-4.717184,-419.933,1.81588817,0.05735765
"Road 281621314 소성로",682,87.06512,-4.32126474,-414.489716,1.815885,0.0994571447
"Road 281621314 소성로",683,85.90197,-4.515278,-416.705963,0.907957733,0.07080298
"Road 281621314 소성로",684,86.38462,-4.377826,-415.092438,0.9079477,0.09878272
"Road 281621314 소성로",685,84.05833,-4.7191987,-419.525,1.815887,0.06394953
"Road 281621314 소성로",686,85.35302,-4.50136232,-416.450928,0.453974247,0.07311334
"Road 281621314 소성로",687,86.05526,-4.36643744,-414.939453,0.45396924,0.09761474
"Road 281621314 소성로",688,85.22147,-4.56058741,-417.3087,0.9079485,0.0664895549
"Road 281621314 소성로",689,83.7952347,-4.81827164,-421.240479,3.63175774,0.0610565245
"Road 281621314 소성로",690,84.56275,-4.548837,-417.0027,0.9079059,0.0711867362
"Road 281621314 소성로",691,85.8356857,-4.35995674,-414.8374,0.453943282,0.09761376
"Road 281621314 소성로",692,85.1334457,-4.494882,-416.3489,0.453948319,0.07311227
"Road 281621314 소성로",693,83.61918,-4.713928,-419.320953,1.81580055,0.0641014
"Road 281621314 소성로",694,85.5063248,-4.350343,-414.684418,0.9079027,0.09743375
"Road 281621314 소성로",695,84.5845261,-4.482525,-416.0939,0.9079139,0.07709227
"Road 281621314 소성로",696,85.5281,-4.25448275,-413.775635,1.81582272,0.109924264
"Road 281621314 소성로",697,82.74085,-4.72341537,-418.912842,1.81600249,0.07116076
"Road 281621314 소성로",698,84.0355759,-4.47398758,-415.838867,0.4539963,0.08457507
"Road 281621314 소성로",699,84.73784,-4.320101,-414.3273,0.4539963,0.10669595
"Road 281621314 소성로",700,83.90404,-4.54055166,-416.696625,0.908000648,0.07685877
"Road 281621314 소성로",701,82.47777,-4.83048,-420.628418,3.63196278,0.0721076
"Road 281621314 소성로",702,83.24529,-4.536799,-416.390533,0.907925844,0.0848004743
"Road 281621314 소성로",703,84.51826,-4.31445742,-414.2253,0.453962922,0.106068283
"Road 281621314 소성로",704,83.816,-4.468344,-415.736816,0.453962922,0.0837814659
"Road 281621314 소성로",705,82.30169,-4.725306,-418.708832,1.81585169,0.07121177
"Road 281621314 소성로",706,84.43024,-4.21193838,-413.265533,1.81588089,0.110494211
"Road 281621314 소성로",707,83.26707,-4.465401,-415.481781,0.907946944,0.08631536
"Road 281621314 소성로",708,83.74975,-4.294428,-413.868256,0.907935739,0.117543213
"Road 281621314 소성로",709,81.42339,-4.74690628,-418.300751,1.81588268,0.08068871
"Road 281621314 소성로",710,82.71813,-4.466349,-415.2267,0.453962922,0.0893222
"Road 281621314 소성로",711,83.42039,-4.29323959,-413.71524,0.453962326,0.118427426
"Road 281621314 소성로",712,82.58657,-4.53863955,-416.0845,0.907946944,0.08866786
"Road 281621314 소성로",713,81.1602859,-4.862175,-420.016266,3.631707,0.0849440247
"Road 281621314 소성로",714,81.92785,-4.54869127,-415.778442,0.9079369,0.09876777
"Road 281621314 소성로",715,83.20081,-4.293569,-413.613251,0.453962326,0.118427396
"Road 281621314 소성로",716,82.49856,-4.46667862,-415.124725,0.453962922,0.08932216
"Road 281621314 소성로",717,80.9842453,-4.756628,-418.09668,1.81588268,0.08610772
"Road 281621314 소성로",718,82.87145,-4.294044,-413.4602,0.907974958,0.118437
"Road 281621314 소성로",719,81.9496155,-4.474739,-414.869659,0.9079661,0.09803975
"Road 281621314 소성로",720,82.89321,-4.18953371,-412.5514,1.81588066,0.124635473
"Road 281621314 소성로",721,80.10593,-4.80123663,-417.688629,1.8159554,0.09443114
"Road 281621314 소성로",722,81.4006653,-4.486069,-414.6146,0.4539808,0.1070579
"Road 281621314 소성로",723,82.10293,-4.29121828,-413.103119,0.4539808,0.130495861
"Road 281621314 소성로",724,81.26912,-4.56508,-415.472382,0.9079827,0.108751871
"Road 281621314 소성로",725,79.84283,-4.918833,-419.404175,3.63189459,0.102774665
"Road 284010313 재넘이길123번길",0,587.9641,8.423209,-394.9423,1.12073374,0.0261999425
"Road 284010313 재넘이길123번길",1,589.112549,8.415952,-396.584381,0.280180484,0.0297355149
"Road 284010313 재넘이길123번길",2,589.6868,8.424277,-397.405426,0.07004985,0.0323791653
"Road 284010313 재넘이길123번길",3,590.0391,8.451373,-397.9227,0.03501489,0.332875729
"Road 284010313 재넘이길123번길",4,589.855652,8.428149,-397.7417,0.0350261442,0.0323792361
"Road 284010313 재넘이길123번길",5,589.450256,8.41737652,-397.256958,0.140096188,0.0323691554
"Road 284010313 재넘이길123번길",6,588.639465,8.409821,-396.287445,0.560360968,0.02434235
"Road 284010313 재넘이길123번길",7,587.0178,8.425944,-394.3484,2.2415576,0.0187207181
"Road 284010313 재넘이길123번길",8,587.6348,8.404262,-396.314941,2.24189067,0.009390023
"Road 284010313 재넘이길123번길",9,588.966736,8.394267,-398.138031,0.5604502,0.03765871
"Road 284010313 재넘이길123번길",10,589.6139,8.420627,-398.182281,0.140109882,0.027018
"Road 284010313 재넘이길123번길",11,589.9036,8.447555,-398.298248,0.140109882,0.145889118
"Road 284010313 재넘이길123번길",12,589.333557,8.406796,-398.499878,0.2802423,0.06094862
"Road 284010313 재넘이길123번길",13,588.5811,8.3987875,-396.908844,0.560427666,0.0298482757
"Road 284010313 재넘이길123번길",14,589.4211,8.415019,-397.567719,0.140121147,0.0323729329
"Road 284010313 재넘이길123번길",15,589.841064,8.426784,-397.8971,0.0350344256,0.0348909758
"Road 284010313 재넘이길123번길",16,590.0245,8.450006,-398.078033,0.0350314565,0.160809264
"Road 284010313 재넘이길123번길",17,589.643066,8.420554,-397.871552,0.0700576,0.0318128057
"Road 284010313 재넘이길123번길",18,589.0251,8.402561,-397.516571,0.280219764,0.0323730037
"Road 284010313 재넘이길123번길",19,587.209656,8.392014,-396.574554,2.2417953,0.0555258542
"Road 284010313 재넘이길123번길",20,585.7423,8.397071,-395.127075,2.24170518,0.02519891
"Road 284010313 재넘이길123번길",21,586.3593,8.364976,-397.093658,2.24163914,0.0112733729
"Road 284010313 재넘이길123번길",22,587.8266,8.3599205,-398.541138,2.241729,0.03508359
"Road 284010313 재넘이길123번길",23,585.200439,8.364291,-396.629517,4.48321724,0.0268110875
"Road 284010313 재넘이길123번길",24,585.817444,8.324287,-398.5961,4.483083,0.03781293
"Road 284010313 재넘이길123번길",25,583.925,8.319858,-397.4082,4.48319149,0.0328208655
"Road 284010313 재넘이길123번길",26,584.541931,8.273391,-399.374847,4.483725,0.0405294858
"Road 284010313 재넘이길123번길",27,583.383057,8.250766,-398.910675,2.24163485,0.08133816
"Road 284010313 재넘이길123번길",28,581.9158,8.25989151,-397.463165,2.2417388,0.0514211729
"Road 284010313 재넘이길123번길",29,583.0538,8.183116,-400.2833,1.12088573,0.04527168
"Road 284010313 재넘이길123번길",30,582.0116,8.212995,-398.576263,1.12088573,0.0511115044
"Road 284010313 재넘이길123번길",31,584,8.198346,-400.8773,2.24166751,0.0421399958
"Road 284010313 재넘이길123번길",32,581.5252,8.18549,-398.879852,1.45896387,0.0555184223
"Road 284010313 재넘이길123번길",33,582.5674,8.155609,-400.586884,1.45896387,0.0505228452
"Road 284010313 재넘이길123번길",34,580.4566,8.173782,-398.3739,2.91803312,0.0596804433
"Road 284010313 재넘이길123번길",35,581.9907,8.131561,-400.932251,3.07999516,0.0696837157
"Road 284010313 재넘이길123번길",36,579.9778,8.084846,-400.042725,5.637598,0.06408422
"Road 284010313 재넘이길123번길",37,581.0668,8.046596,-401.8215,2.851004,0.06730238
"Road 284010313 재넘이길123번길",38,579.046143,7.99281931,-401.119232,4.270748,0.06363824
"Road 284010313 재넘이길123번길",39,580.247864,7.96043968,-402.786865,4.27125549,0.07304093
"Road 284010313 재넘이길123번길",40,578.114441,7.89808464,-402.1957,4.27116776,0.0629737
"Road 284010313 재넘이길123번길",41,579.3161,7.85833168,-403.863373,4.27116776,0.07931228
"Road 284010313 재넘이길123번길",42,577.1827,7.803654,-403.272217,4.27118635,0.0570699945
"Road 284010313 재넘이길123번길",43,578.384338,7.76089334,-404.9399,4.27118635,0.06974935
"Road 284010313 재넘이길123번길",44,576.251,7.717405,-404.348724,4.270979,0.0561421141
"Road 284010313 재넘이길123번길",45,577.452637,7.673792,-406.0164,4.27148676,0.0592769
"Road 284010313 재넘이길123번길",46,575.3192,7.628405,-405.4252,4.27148676,0.0738004148
"Road 284010313 재넘이길123번길",47,576.5208,7.579819,-407.092926,4.270812,0.0664262548
"Road 284010313 재넘이길123번길",48,574.3152,7.5169673,-406.596069,5.33908939,0.0765901953
"Road 284010313 재넘이길123번길",49,575.5892,7.477892,-408.1694,3.17287278,0.07133073
"Road 284010313 재넘이길123번길",50,573.4202,7.408566,-407.832428,5.247601,0.06528611
"Road 284010313 재넘이길123번길",51,574.9267,7.38889837,-409.262543,3.09992313,0.0759120062
"Road 284010313 재넘이길123번길",52,572.7839,7.31797838,-409.075439,4.18961,0.058431685
"Road 284010313 재넘이길123번길",53,574.352051,7.29780245,-410.401123,4.18878937,0.08242903
"Road 284010313 재넘이길123번길",54,572.147644,7.22506,-410.318451,4.18854666,0.05964681
"Road 284010313 재넘이길123번길",55,573.7158,7.200439,-411.644073,4.18955,0.0672899857
"Road 284010313 재넘이길123번길",56,571.5113,7.13105965,-411.5614,4.18930531,0.0751416758
"Road 284010313 재넘이길123번길",57,573.0795,7.10353231,-412.8871,4.18894053,0.0658959448
"Road 284010313 재넘이길123번길",58,570.875,7.034535,-412.804352,4.189265,0.06655941
"Road 284010313 재넘이길123번길",59,572.443237,7.00349474,-414.130035,4.188809,0.0826819763
"Road 284010313 재넘이길123번길",60,570.2388,6.937107,-414.047333,4.188811,0.0601874664
"Road 284010313 재넘이길123번길",61,571.806946,6.90317,-415.373016,4.189449,0.07273559
"Road 284010313 재넘이길123번길",62,569.6025,6.840489,-415.2903,4.18945074,0.074765034
"Road 284010313 재넘이길123번길",63,571.170654,6.804608,-416.616,4.18899536,0.06436463
"Road 284010313 재넘이길123번길",64,568.9275,6.738831,-416.618378,5.02899075,0.06608139
"Road 284010313 재넘이길123번길",65,570.534363,6.70422554,-417.858978,3.3308692,0.09040218
"Road 284010313 재넘이길123번길",66,568.3521,6.63813448,-417.956818,4.76571941,0.0572843179
"Road 284010313 재넘이길123번길",67,570.1238,6.61180353,-419.016876,2.971816,0.08682064
"Road 284010313 재넘이길123번길",68,567.9964,6.55085754,-419.1998,3.87863445,0.06582522
"Road 284010313 재넘이길123번길",69,569.8007,6.52458525,-420.1644,3.87863445,0.07011274
"Road 284010313 재넘이길123번길",70,567.6407,6.45973539,-420.442749,3.8784585,0.075550504
"Road 284010313 재넘이길123번길",71,569.445,6.43142939,-421.407379,3.87883234,0.07054252
"Road 284010313 재넘이길123번길",72,567.2592,6.352562,-421.801483,4.944038,0.08057102
"Road 284010313 재넘이길123번길",73,569.0892,6.33502531,-422.65036,2.785746,0.06977577
"Road 284010313 재넘이길123번길",74,566.9904,6.240696,-423.187653,4.999611,0.08497765
"Road 284010313 재넘이길123번길",75,568.9568,6.247393,-423.83493,2.95617485,0.06679573
"Road 284010313 재넘이길123번길",76,566.930847,6.150924,-424.5166,3.99025846,0.0600194633
"Road 284010313 재넘이길123번길",77,568.9089,6.165931,-425.049316,3.991487,0.08685374
"Road 284010313 재넘이길123번길",78,566.871033,6.06062746,-425.845673,3.99166155,0.06785485
"Road 284010313 재넘이길123번길",79,568.8491,6.063433,-426.3784,3.99043322,0.08300244
"Road 284010313 재넘이길123번길",80,566.8114,5.966671,-427.174652,3.99088216,0.06728443
"Road 284010313 재넘이길123번길",81,567.78064,5.92485762,-427.884,1.99548781,0.0461880676
"Road 284010313 재넘이길123번길",82,570.293,5.980388,-427.663818,0.997787237,0.0864038542
"Road 284010313 재넘이길123번길",83,569.3039,5.977579,-427.397461,0.9977353,0.1098986
"Road 284010313 재넘이길123번길",84,566.7518,5.873059,-428.503571,3.99071765,0.06726291
"Road 284010313 재넘이길123번길",85,567.720947,5.82853842,-429.2129,1.99558926,0.0428337753
"Road 284010313 재넘이길123번길",86,569.2344,5.8585124,-428.9479,0.9977493,0.0476944447
"Road 284010313 재넘이길123번길",87,570.243347,5.89383841,-428.771271,0.997771561,0.08414697
"Road 284010313 재넘이길123번길",88,566.692139,5.77871275,-429.8326,3.99144459,0.0696021
"Road 284010313 재넘이길123번길",89,567.6613,5.73145533,-430.542,1.99539542,0.0419264622
"Road 284010313 재넘이길123번길",90,569.6792,5.78209734,-430.188629,1.995465,0.07858492
"Road 284010313 재넘이길123번길",91,566.6325,5.68325,-431.161621,3.990799,0.06999779
"Road 284010313 재넘이길123번길",92,567.6017,5.63495,-431.870972,1.99568069,0.0446367674
"Road 284010313 재넘이길123번길",93,569.619568,5.68231535,-431.5176,1.99565637,0.07783807
"Road 284010313 재넘이길123번길",94,566.573669,5.58837843,-432.474976,3.85017419,0.07064847
"Road 284010313 재넘이길123번길",95,568.550964,5.56695366,-433.023315,4.13128948,0.07605592
"Road 284010313 재넘이길123번길",96,566.4998,5.49128771,-433.809784,4.050425,0.0715680644
"Road 284010313 재넘이길123번길",97,568.460144,5.46328545,-434.4092,4.3184433,0.0764384642
"Road 284010313 재넘이길123번길",98,566.3948,5.38908625,-435.200684,4.18444,0.07177764
"Road 284010313 재넘이길123번길",99,568.354065,5.357767,-435.814972,4.18481159,0.07634611
"Road 284010313 재넘이길123번길",100,566.289734,5.286873,-436.591583,4.184488,0.071755
"Road 284010313 재넘이길123번길",101,568.249,5.25362349,-437.205933,4.18485928,0.07589137
"Road 284010313 재넘이길123번길",102,566.184631,5.18409,-437.982574,4.185106,0.07340675
"Road 284010313 재넘이길123번길",103,568.144,5.14892,-438.5969,4.18436241,0.0758827552
"Road 284010313 재넘이길123번길",104,566.0796,5.079905,-439.373566,4.185015,0.07477579
"Road 284010313 재넘이길123번길",105,568.0389,5.043926,-439.9878,4.184515,0.0751613751
"Road 284010313 재넘이길123번길",106,565.974548,4.974268,-440.764526,4.18459272,0.07726298
"Road 284010313 재넘이길123번길",107,567.9339,4.9402957,-441.378784,4.185093,0.0704629943
"Road 284010313 재넘이길123번길",108,565.869568,4.86832952,-442.155426,4.18410254,0.08013648
"Road 284010313 재넘이길123번길",109,567.8288,4.83919954,-442.769684,4.18484545,0.06696328
"Road 284010313 재넘이길123번길",110,565.764465,4.761398,-443.546356,4.185028,0.08310695
"Road 284010313 재넘이길123번길",111,567.7237,4.738886,-444.160675,4.18465662,0.066376105
"Road 284010313 재넘이길123번길",112,565.6724,4.66082239,-444.834747,3.255172,0.0871427059
"Road 284010313 재넘이길123번길",113,567.618652,4.63971758,-445.551666,5.09213543,0.0664153248
"Road 284010313 재넘이길123번길",114,565.49585,4.557262,-446.1111,3.26208282,0.096173875
"Road 284010313 재넘이길123번길",115,567.3105,4.53185272,-447.016327,5.13330173,0.0627248958
"Road 284010313 재넘이길123번길",116,565.1058,4.439943,-447.45874,4.208784,0.0998642
"Road 284010313 재넘이길123번길",117,566.8969,4.406179,-448.464081,4.208784,0.0929930657
"Road 284010313 재넘이길123번길",118,564.715637,4.31705332,-448.8063,4.208608,0.07056644
"Road 284010313 재넘이길123번길",119,566.5068,4.28939962,-449.811676,4.20919132,0.08671259
"Road 284010313 재넘이길123번길",120,564.3255,4.209818,-450.153961,4.20924234,0.0723992661
"Road 284010313 재넘이길123번길",121,566.1165,4.17605448,-451.159332,4.208659,0.08333539
"Road 284010313 재넘이길123번길",122,563.935364,4.09960365,-451.5016,4.208733,0.07998937
"Road 284010313 재넘이길123번길",123,565.7265,4.068401,-452.506927,4.208733,0.06695916
"Road 284010313 재넘이길123번길",124,563.545349,3.9888165,-452.849152,4.208659,0.0900887847
"Road 284010313 재넘이길123번길",125,565.336365,3.9633007,-453.8545,4.20905447,0.06832644
"Road 284010313 재넘이길123번길",126,563.1829,3.88259888,-454.114349,3.42667174,0.08557258
"Road 284010313 재넘이길123번길",127,564.9462,3.8639946,-455.202118,4.974873,0.06458791
"Road 284010313 재넘이길123번길",128,562.7502,3.78817868,-455.3572,3.45230079,0.06962997
"Road 284010313 재넘이길123번길",129,564.37384,3.75697446,-456.5809,5.02049446,0.08067777
"Road 284010313 재넘이길123번길",130,562.128235,3.67927742,-456.62793,4.244295,0.07864268
"Road 284010313 재넘이길123번길",131,563.7173,3.64319921,-457.930756,4.244478,0.06723278
"Road 284010313 재넘이길123번길",132,561.5063,3.568065,-457.898682,4.24464464,0.08997437
"Road 284010313 재넘이길123번길",133,563.0954,3.53432274,-459.201447,4.24382734,0.0737954751
"Road 284010313 재넘이길123번길",134,560.884338,3.45714951,-459.1694,4.24391,0.0716958344
"Road 284010313 재넘이길123번길",135,562.47345,3.42563558,-460.472168,4.24472666,0.0852537
"Road 284010313 재넘이길123번길",136,560.262451,3.347327,-460.4401,4.2442317,0.07607641
"Road 284010313 재넘이길123번길",137,561.8515,3.31733823,-461.7429,4.2442317,0.0683873445
"Road 284010313 재넘이길123번길",138,559.640442,3.235365,-461.710815,4.24439955,0.09307032
"Road 284010313 재넘이길123번길",139,561.229553,3.20849037,-463.01358,4.244216,0.0699828044
"Road 284010313 재넘이길123번길",140,559.018555,3.12070775,-462.981537,4.24405,0.08109196
"Road 284010313 재넘이길123번길",141,560.6076,3.09814644,-464.284332,4.24468374,0.08422707
"Road 284010313 재넘이길123번길",142,558.396545,3.00488663,-464.252228,4.244276,0.0814462
"Road 284010313 재넘이길123번길",143,559.9856,2.987566,-465.555054,4.24409246,0.07031281
"Continuous asphalt network",0,-89.74467,-5.45944643,-246.441162,49.09149,0.0019278141
"Continuous asphalt network",1,-112.5224,-5.47174072,-271.843842,65.24718,0
"Continuous asphalt network",2,-102.12191,-5.470694,-256.197784,32.6234627,0.0001684101
"Continuous asphalt network",3,-107.6632,-5.47174072,-267.322052,32.62357,0
"Continuous asphalt network",4,-174.925552,-5.47469139,-196.370926,62.0162621,0.000123525009
"Continuous asphalt network",5,-190.255,-5.476957,-188.645935,31.00783,0.0006668728
"Continuous asphalt network",6,-179.92247,-5.4756875,-192.05481,31.0078621,0.00065013807
"Continuous asphalt network",7,-188.386475,-5.477427,-184.328781,27.8968849,0.0003308703
"Continuous asphalt network",8,-179.243164,-5.476158,-189.7452,27.8967514,0.0003617315
"Continuous asphalt network",9,-194.147385,-5.47782373,-183.628128,55.79309,3.888689E-06
"Continuous asphalt network",10,-80.7127762,-5.5036397,-224.174973,35.6558838,0.003048502
"Continuous asphalt network",11,-43.9847145,-5.21404934,-291.973175,22.0974464,0.00464254338
"Continuous asphalt network",12,-40.273777,-5.15705729,-303.769348,11.0490065,0.004619204
"Continuous asphalt network",13,-43.4977264,-5.195395,-296.167755,11.0490379,0.004666924
"Continuous asphalt network",14,-49.94563,-5.271834,-280.964569,11.0486345,0.00478800852
"Continuous asphalt network",15,-53.1695862,-5.30935144,-273.363,11.0486345,0.00455194153
"Continuous asphalt network",16,-47.2086754,-5.2519536,-284.371582,22.0974083,0.0045490833
"Continuous asphalt network",17,-38.5863,-5.15562868,-303.17868,22.0976887,0.004782683
"Continuous asphalt network",18,-40.6852722,-5.193353,-295.183319,22.0976315,0.004771852
"Continuous asphalt network",19,-35.2868462,-5.13651133,-306.3888,44.1953926,0.0043191
"Continuous asphalt network",20,80.6537,-4.4021697,-314.581146,75.81805,0.007787654
"Continuous asphalt network",21,59.4084778,-4.57144833,-316.734344,37.90928,0.008189591
"Continuous asphalt network",22,73.04694,-4.45824766,-313.766022,37.9091721,0.008240657
"Continuous asphalt network",23,37.76948,-4.746303,-317.737885,37.909153,0.007841047
"Continuous asphalt network",24,16.32738,-4.91240358,-319.3162,18.954464,0.00754404441
"Continuous asphalt network",25,30.3596134,-4.80403757,-317.497528,18.9543724,0.007786133
"Continuous asphalt network",26,51.60483,-4.634771,-315.3444,37.9092522,0.008163547
"Continuous asphalt network",27,72.45631,-4.46246672,-312.041534,18.9541,0.008281762
"Continuous asphalt network",28,58.8178368,-4.575668,-315.009857,18.9541531,0.008231127
"Continuous asphalt network",29,-8.14835548,-7.155371,-297.5665,17.3912888,0.008459936
"Continuous asphalt network",30,-16.4589462,-7.032148,-292.993774,12.4817371,0.0202783365
"Continuous asphalt network",31,-15.4014349,-7.081372,-296.269745,12.4819841,0.0102423774
"Continuous asphalt network",32,-20.0713062,-7.013739,-292.294952,24.9632549,0.0114621334
"Continuous asphalt network",33,-30.8136425,-6.298862,-207.923569,32.1883049,0.02393684
"Continuous asphalt network",34,-46.2489281,-5.862053,-197.869141,16.0940971,0.0232464615
"Continuous asphalt network",35,-35.5710258,-6.151325,-203.897812,16.0941238,0.02398506
"Continuous asphalt network",36,-14.2152414,-6.73956156,-215.955124,16.0939941,0.0240578055
"Continuous asphalt network",37,-3.53735662,-7.04154158,-221.98381,16.09399,0.0251966
"Continuous asphalt network",38,-20.1357555,-6.59269571,-213.952225,32.1882362,0.0240106564
"Continuous asphalt network",39,-47.121273,-5.86276245,-199.386276,32.1882057,0.02329481
"Continuous asphalt network",40,-37.0249443,-6.15266943,-206.426346,32.1881676,0.0239650439
"Continuous asphalt network",41,-53.3325653,-5.734182,-197.889053,64.37666,0.0224874783
"Continuous asphalt network",42,42.60862,-8.410226,-174.055527,3.9438765,0.0245585945
"Continuous asphalt network",43,44.1663628,-8.350539,-172.3488,1.971929,0.0188059732
"Continuous asphalt network",44,43.80397,-8.387184,-173.8711,1.97197866,0.0405312367
"Continuous asphalt network",45,46.0590935,-8.292222,-171.04863,0.246489748,0.0236066561
"Continuous asphalt network",46,46.30807,-8.277537,-171.514282,0.0616258346,0.0289757289
"Continuous asphalt network",47,46.3895454,-8.252254,-171.776672,0.061626114,0.159404591
"Continuous asphalt network",48,46.0952721,-8.280644,-171.5013,0.123246223,0.0349353328
"Continuous asphalt network",49,45.6334953,-8.305169,-171.022659,0.4929967,0.04764373
"Continuous asphalt network",50,46.6658936,-8.308598,-170.313461,0.492996275,0.02026951
"Continuous asphalt network",51,46.6114655,-8.285622,-171.146713,0.12324664,0.049652677
"Continuous asphalt network",52,46.56161,-8.252525,-171.6585,0.06162443,0.165460244
"Continuous asphalt network",53,46.4801369,-8.277808,-171.396072,0.06162415,0.03403359
"Continuous asphalt network",54,46.40323,-8.2969265,-170.812241,0.246493161,0.0263406485
"Continuous asphalt network",55,48.04244,-8.323639,-169.3679,0.985971451,0.0029936512
"Continuous asphalt network",56,47.08238,-8.2767725,-170.982422,0.492993385,0.0924842656
"Continuous asphalt network",57,47.26357,-8.313726,-170.221268,0.49299857,0.0207076725
"Continuous asphalt network",58,45.43405,-8.304771,-173.0697,0.9859557,0.06129515
"Continuous asphalt network",59,44.5645943,-8.379647,-174.303635,0.9859913,0.0379440747
"Continuous asphalt network",60,45.3617058,-8.296746,-172.164368,1.971911,0.0728123
"Continuous asphalt network",61,41.7026672,-8.488354,-177.861252,3.94381523,0.02541189
"Continuous asphalt network",62,39.9637566,-8.527297,-180.329086,3.94383335,0.015188016
"Continuous asphalt network",63,41.5579758,-8.453845,-176.050583,7.887737,0.0170760211
"Continuous asphalt network",64,45.76059,-8.334716,-168.070313,15.7753468,0.003887333
"Continuous asphalt network",65,43.00751,-8.366433,-169.961441,15.7754583,0.0219223574
"Continuous asphalt network",66,34.2399063,-8.483072,-187.444336,31.5507965,0.0147332437
"Continuous asphalt network",67,39.8920479,-8.427505,-173.374878,15.7752361,0.009882375
"Continuous asphalt network",68,38.4425163,-8.494679,-179.464035,15.7754431,0.0164147746
"Continuous asphalt network",69,23.8063812,-8.230675,-202.251465,31.5508251,0.025255274
"Continuous asphalt network",70,13.8799257,-7.744551,-217.34697,15.77558,0.0330363326
"Continuous asphalt network",71,19.8214588,-8.080028,-206.8988,15.7756,0.02408516
"Continuous asphalt network",72,33.4434471,-8.487094,-183.534668,7.88778639,0.008091693
"Continuous asphalt network",73,28.4802227,-8.421355,-191.082413,3.943813,0.0107842227
"Continuous asphalt network",74,31.4509888,-8.46844,-185.858337,3.94382262,0.0053769364
"Continuous asphalt network",75,37.6460571,-8.45255,-175.554367,15.7755747,0.0101357326
"Continuous asphalt network",76,29.7479076,-8.417979,-191.803329,31.5508156,0.0117015718
"Continuous asphalt network",77,54.6965942,-8.92233,-206.370926,15.3491955,0.00701296469
"Continuous asphalt network",78,59.1504669,-8.947748,-198.809265,7.67463875,0.00205077464
"Continuous asphalt network",79,56.8641319,-8.932416,-204.22261,7.674632,0.005781125
"Continuous asphalt network",80,65.77187,-8.898284,-189.099289,15.34915,0.008278123
"Continuous asphalt network",81,60.4309349,-8.943089,-199.5072,3.83729768,0.00331496214
"Continuous asphalt network",82,57.632412,-8.930344,-204.641373,3.837295,0.00619153539
"Continuous asphalt network",83,61.3180046,-8.942878,-196.66095,7.67458153,0.00451262062
"Continuous asphalt network",84,48.9807625,-8.743972,-219.9043,15.349411,0.0148168551
"Continuous asphalt network",85,42.2405663,-8.424456,-232.879318,7.67461634,0.0378098078
"Continuous asphalt network",86,44.5269,-8.59098148,-227.465942,7.6747,0.0266374536
"Continuous asphalt network",87,50.75491,-8.829314,-214.211746,30.6984081,0.0145115172
"Continuous asphalt network",88,62.06778,-8.923824,-190.410049,15.3493633,0.0163042918
"Continuous asphalt network",89,66.4028549,-8.867925,-186.113419,15.3491669,0.0213830378
"Continuous asphalt network",90,57.613903,-8.947822,-197.971725,30.69868,0.0109755211
"Continuous asphalt network",91,67.66481,-8.823081,-180.141678,30.698555,0.00381957833
"Continuous asphalt network",92,63.2406425,-8.872262,-186.8871,3.83733964,0.0187238045
"Continuous asphalt network",93,63.3000374,-8.823427,-185.254578,3.83738184,0.0415222235
"Continuous asphalt network",94,60.5312157,-8.935798,-189.57251,3.8372767,0.015965078
"Continuous asphalt network",95,61.4182854,-8.883075,-186.726242,0.959332645,0.0237988
"Continuous asphalt network",96,61.98987,-8.831386,-185.372879,0.959332645,0.0502629839
"Continuous asphalt network",97,61.64468,-8.896149,-187.682083,1.91865277,0.0238695368
"Continuous asphalt network",98,64.502594,-8.815959,-180.91539,1.91866982,0.00139112235
"Continuous asphalt network",99,63.13303,-8.766121,-182.666214,0.9593269,0.10546276
"Continuous asphalt network",100,63.70461,-8.784225,-181.312881,0.959344268,0.117996022
"Continuous asphalt network",101,65.1038742,-8.814507,-178.745773,3.837343,0.001545926
"Continuous asphalt network",102,64.4135056,-8.808299,-183.364151,7.674691,0.024448799
"Continuous asphalt network",103,19.8128681,-3.11284518,-131.180283,40.096035,0.0141114695
"Continuous asphalt network",104,0.366902679,-3.41585732,-118.955994,20.0479259,0.0115505308
"Continuous asphalt network",105,13.6949692,-3.22090149,-126.417976,20.0479145,0.0140059469
"Continuous asphalt network",106,40.3511047,-2.790887,-141.341949,20.0481949,0.0141259972
"Continuous asphalt network",107,53.67917,-2.57417226,-148.80394,20.0481815,0.0142755611
"Continuous asphalt network",108,33.140934,-2.89747071,-138.642258,40.09606,0.0141232945
"Continuous asphalt network",109,-7.389393,-3.52967644,-117.287605,80.1924057,0.0167490933
"Continuous asphalt network",110,12.3296366,-3.219241,-128.996246,40.0965347,0.014132252
"Continuous asphalt network",111,-1.54455948,-3.44111633,-122.565575,40.09653,0.01500661
"Continuous asphalt network",112,80.3353043,-2.12548232,-163.727921,20.04801,0.0151287559
"Continuous asphalt network",113,93.66337,-1.88497961,-171.1899,20.0479679,0.0163629856
"Continuous asphalt network",114,73.12514,-2.24139118,-161.028214,40.09602,0.0152070262
"Continuous asphalt network",115,113.655457,-1.51081276,-182.382858,20.0482044,0.0162826926
"Continuous asphalt network",116,130.452087,-1.194766,-191.4525,5.012079,0.01761665
"Continuous asphalt network",117,140.516418,-0.9713774,-196.92009,2.50630665,0.0237695873
"Continuous asphalt network",118,133.715836,-1.12798822,-193.446915,2.50631142,0.0176602621
"Continuous asphalt network",119,120.182961,-1.38617957,-186.371658,10.0241394,0.0163408369
"Continuous asphalt network",120,92.98069,-1.88460732,-172.479,10.0241432,0.01636524
"Continuous asphalt network",121,79.37957,-2.125666,-165.532684,10.024128,0.0152046587
"Continuous asphalt network",122,100.054321,-1.75982988,-175.436523,20.0481644,0.0163467042
"Continuous asphalt network",123,32.04867,-2.895854,-140.70488,20.04817,0.0140205463
"Continuous asphalt network",124,52.17731,-2.57446122,-151.64003,10.0239172,0.0141815171
"Continuous asphalt network",125,38.57618,-2.78900146,-144.6937,10.023922,0.0139147444
"Continuous asphalt network",126,11.3739061,-3.218076,-130.801041,10.023881,0.0141801415
"Continuous asphalt network",127,-2.22722626,-3.44055271,-123.854706,10.02388,0.0149548575
"Continuous asphalt network",128,18.4475384,-3.110397,-133.758545,20.0481625,0.0141841955
"Continuous asphalt network",129,52.58691,-2.57418227,-150.866547,20.0481815,0.0141814947
"Continuous asphalt network",130,39.25884,-2.78932357,-143.404556,20.0482025,0.0140178148
"Continuous asphalt network",131,59.79707,-2.46561456,-153.566238,40.095974,0.0141814938
"Continuous asphalt network",132,127.14859,0.127061263,-115.278084,6.793424,0.0300897118
"Continuous asphalt network",133,117.969719,-0.164848268,-110.491737,6.79342556,0.0264327861
"Continuous asphalt network",134,132.007751,0.282920569,-117.154022,13.5868673,0.029974848
"Continuous asphalt network",135,146.315491,0.7514716,-123.299065,6.79342556,0.0303589944
"Continuous asphalt network",136,155.764084,1.07221377,-127.568176,6.793439,0.0320089459
"Continuous asphalt network",137,141.321472,0.5949616,-121.681755,13.5868559,0.03028875
"Continuous asphalt network",138,119.725014,-0.1081393,-112.7228,6.793403,0.0301089622
"Continuous asphalt network",139,115.4053,-0.243672952,-109.8124,6.79337549,0.0433693
"Continuous asphalt network",140,126.744019,0.125578627,-116.053947,13.5868006,0.0300741382
"Continuous asphalt network",141,110.276428,-0.398167223,-108.4537,13.5868254,0.02873357
"Continuous asphalt network",142,114.596153,-0.2626336,-111.364105,13.5868559,0.02979216
"Continuous asphalt network",143,105.748474,-0.4828497,-107.0115,10.6387548,0.0162495077
"Continuous asphalt network",144,-60.38767,-5.58160257,-193.225174,24.2557526,0.009486903
"Continuous asphalt network",145,-76.11817,-5.52986526,-217.158218,51.9286537,0.003337453
"Continuous asphalt network",146,-66.3073044,-5.58185768,-205.400192,25.9641552,0.003783301
"Continuous asphalt network",147,-71.41303,-5.546219,-213.871689,25.96413,0.00342394877
"Continuous asphalt network",148,-79.45236,-5.492583,-228.131149,32.9326134,0.00335018313
"Continuous asphalt network",149,0.941343963,-3.35503674,-81.7486038,24.1170769,0.00772184134
"Continuous asphalt network",150,8.448562,-3.22857928,-70.17063,12.0586653,0.011869194
"Continuous asphalt network",151,4.11981726,-3.318781,-78.27441,12.0586729,0.008034218
"Continuous asphalt network",152,-4.53766632,-3.46028018,-94.4819641,12.058404,0.007602325
"Continuous asphalt network",153,-8.866409,-3.52742958,-102.585732,12.0584126,0.00706595974
"Continuous asphalt network",154,-3.387394,-3.425516,-89.8523941,24.11707,0.00762852747
"Continuous asphalt network",155,6.92741,-3.231674,-69.30411,24.11687,0.0118955933
"Continuous asphalt network",156,1.58456552,-3.32191944,-76.83019,24.11692,0.00778430654
"Continuous asphalt network",157,7.570638,-3.22553945,-64.3857,48.23415,0.0214404166
"Continuous asphalt network",158,-59.1318321,-5.11843824,-24.0367069,26.8917065,0.01909969
"Continuous asphalt network",159,-89.91781,-5.33945847,-65.16084,69.7402344,0.00144179794
"Continuous asphalt network",160,-98.54407,-5.3686614,-82.4966354,34.87005,0.00161874411
"Continuous asphalt network",161,-94.538826,-5.34994936,-70.85431,34.8699875,0.00147631753
"Continuous asphalt network",162,-108.479515,-5.39818764,-99.76859,34.8698425,0.00122205529
"Continuous asphalt network",163,-117.760376,-5.420704,-117.072449,17.4347343,0.00124708749
"Continuous asphalt network",164,-112.445923,-5.40699625,-105.49398,17.4347038,0.00143760163
"Continuous asphalt network",165,-103.819672,-5.381166,-88.1581955,34.86984,0.00154801225
"Continuous asphalt network",166,-96.5026245,-5.351743,-70.7585449,17.4349251,0.00173842092
"Continuous asphalt network",167,-100.507866,-5.370455,-82.40087,17.4349556,0.001845072
"Continuous asphalt network",168,-128.350418,-5.438484,-134.312454,34.86981,0.0007556388
"Continuous asphalt network",169,-137.631271,-5.451191,-151.616318,17.43535,0.0006539278
"Continuous asphalt network",170,-132.316833,-5.443256,-140.037857,17.4353714,0.000688287662
"Continuous asphalt network",171,-147.5667,-5.46158552,-168.888245,17.43522,0.000403048849
"Continuous asphalt network",172,-157.17485,-5.46815634,-186.176147,8.717415,0.000273031939
"Continuous asphalt network",173,-151.205826,-5.464087,-174.6296,8.71742249,0.000354200252
"Continuous asphalt network",174,-141.924973,-5.45557,-157.325729,17.4352512,0.0005834733
"Continuous asphalt network",175,-133.298721,-5.443567,-139.98996,8.717277,0.0009966156
"Continuous asphalt network",176,-138.613159,-5.45150137,-151.56842,8.717267,0.0009865396
"Continuous asphalt network",177,-123.363258,-5.427858,-122.71804,34.86978,0.0010171727
"Continuous asphalt network",178,-115.0643,-5.407701,-105.366295,17.4347763,0.00135405571
"Continuous asphalt network",179,-119.724144,-5.42134857,-116.976685,17.4347858,0.001010604
"Continuous asphalt network",180,-106.110756,-5.38217926,-88.04647,17.4351139,0.00162304728
"Continuous asphalt network",181,-97.48452,-5.352688,-70.71068,8.717438,0.0015790473
"Continuous asphalt network",182,-102.79895,-5.372282,-82.28916,8.717437,0.00159252761
"Continuous asphalt network",183,-111.097893,-5.3998723,-99.64089,17.435112,0.00130708981
"Continuous asphalt network",184,-118.742249,-5.421421,-117.024559,8.717526,0.00101080677
"Continuous asphalt network",185,-114.082405,-5.40777349,-105.414162,8.717522,0.00135424966
"Continuous asphalt network",186,-135.134537,-5.44369364,-139.086792,17.03559,0.0010405936
"Continuous asphalt network",187,-142.109238,-5.451832,-150.041855,17.0355434,0.00095213973
"Continuous asphalt network",188,-132.652847,-5.43918657,-133.017776,34.07097,0.000627021946
"Continuous asphalt network",189,-152.571289,-5.462445,-166.474442,17.0352974,0.000448761828
"Continuous asphalt network",190,-162.781937,-5.469967,-183.054886,8.517657,0.0008377194
"Continuous asphalt network",191,-156.310059,-5.46513176,-171.804123,8.517651,0.000873152167
"Continuous asphalt network",192,-143.366318,-5.451588,-149.30249,8.517689,0.0008987607
"Continuous asphalt network",193,-136.894455,-5.4434495,-138.051682,8.517665,0.00093997654
"Continuous asphalt network",194,-146.099426,-5.45546341,-155.223633,17.0352745,0.0006270721
"Continuous asphalt network",195,-113.740074,-5.40015173,-98.9696,17.0355816,0.00138314173
"Continuous asphalt network",196,-123.950706,-5.42290449,-115.550072,8.517429,0.001216311
"Continuous asphalt network",197,-117.478828,-5.40828466,-104.299255,8.517437,0.00149435713
"Continuous asphalt network",198,-104.535095,-5.37191725,-81.79766,8.517597,0.00168793031
"Continuous asphalt network",199,-98.06323,-5.352532,-70.54685,8.517608,0.00166307436
"Continuous asphalt network",200,-107.268211,-5.38197,-87.7188,17.0355759,0.00155917893
"Continuous asphalt network",201,-123.196442,-5.422564,-115.993675,17.0358734,0.00131119369
"Continuous asphalt network",202,-116.221741,-5.408213,-105.038612,17.0358276,0.001580536
"Continuous asphalt network",203,-125.678123,-5.42856,-122.062706,34.0709343,0.001010535
"Continuous asphalt network",204,-150.559952,-5.46234751,-167.6574,34.07106,0.00043382126
"Continuous asphalt network",205,-162.027679,-5.470095,-183.49852,17.0356121,0.000334597717
"Continuous asphalt network",206,-155.052963,-5.46526,-172.543457,17.0356274,0.000473052234
"Continuous asphalt network",207,-141.103561,-5.45214224,-150.633316,17.035223,0.000593403471
"Continuous asphalt network",208,-134.12886,-5.444004,-139.678268,17.03527,0.0007205381
"Continuous asphalt network",209,-143.585251,-5.455774,-156.702316,34.0710869,0.0005792117
"Continuous asphalt network",210,-163.503677,-5.47125244,-190.159012,68.14204,0.000424960366
"Continuous asphalt network",211,-152.538788,-5.464646,-174.022171,34.0708237,0.0005827937
"Continuous asphalt network",212,-158.507828,-5.46871567,-185.568726,34.0708,0.0005336852
"Continuous asphalt network",213,-111.732826,-5.33135128,-34.3500023,28.1512337,0
"Continuous asphalt network",214,-69.48994,-5.26623535,-29.6379337,76.6318741,0.0148388147
"Continuous asphalt network",215,-214.011642,-6.68844938,32.213028,30.98424,0.000344727247
"Continuous asphalt network",216,-224.878357,-6.68437958,28.9280853,26.8477573,0.000397904078
"Continuous asphalt network",217,-270.4265,-6.674207,-32.92343,22.5296574,0
"Continuous asphalt network",218,-279.828369,-6.674207,-44.4470634,22.5295048,0
"Continuous asphalt network",219,-266.111359,-6.674207,-25.5044041,45.0601044,0
"Continuous asphalt network",220,-252.780151,-6.6762414,-4.90454626,22.52972,0.0001728564
"Continuous asphalt network",221,-241.606522,-6.678276,11.9858093,11.2645369,0.00151095423
"Continuous asphalt network",222,-245.921677,-6.677259,4.56678772,11.2648544,0
"Continuous asphalt network",223,-254.744827,-6.6752243,-9.442653,22.5300179,0.0006640162
"Continuous asphalt network",224,-259.059967,-6.674207,-16.8616848,22.5300541,0
"Continuous asphalt network",225,-279.249664,-6.674207,-46.9328766,45.05985,0
"Continuous asphalt network",226,-267.690277,-6.674207,-31.6997318,22.5294952,0
"Continuous asphalt network",227,-272.0054,-6.674207,-39.1187553,22.52993,0
"Continuous asphalt network",228,-281.021454,-6.674207,-52.2996025,45.0596466,0
"Continuous asphalt network",229,-285.3366,-6.674207,-59.7186279,45.05946,0
"Continuous asphalt network",230,-320.434143,-6.67115545,-38.7312469,4.237969,0
"Continuous asphalt network",231,-327.163666,-6.67115545,-31.6352444,57.4539642,0
"Continuous asphalt network",232,-342.9766,-6.67115545,5.83431,45.01617,0
"Continuous asphalt network",233,-358.342316,-6.669121,7.66687536,25.21166,0.0002118312
"Continuous asphalt network",234,-365.985352,-6.66810369,7.635376,10.9320641,0
"Continuous asphalt network",235,-375.650543,-6.66810369,24.5028687,28.7905216,0
"Continuous asphalt network",236,-371.749054,-6.66810369,18.4528446,33.92834,0
"Continuous asphalt network",237,-346.439423,-6.67115545,11.1391649,21.583807,0
"Continuous asphalt network",238,-322.776642,-6.67115545,-34.8186226,44.0958939,0
"Continuous asphalt network",239,-311.5054,-6.67137337,-44.663784,36.0637665,7.038979E-05
"Continuous asphalt network",240,-277.227783,-6.674207,-11.6383924,21.1186275,0
"Continuous asphalt network",241,-284.190918,-6.674207,-21.4674587,10.5594082,0
"Continuous asphalt network",242,-280.198,-6.674207,-14.4831438,10.559453,0
"Continuous asphalt network",243,-291.641,-6.674207,-30.9727879,10.5593748,0
"Continuous asphalt network",244,-298.847626,-6.673408,-40.6399956,5.27953339,0.000199047092
"Continuous asphalt network",245,-294.3678,-6.674207,-33.9793968,5.27953863,0
"Continuous asphalt network",246,-285.408142,-6.674207,-20.6581936,5.27970552,0
"Continuous asphalt network",247,-280.9283,-6.674207,-13.9975739,5.27970362,0
"Continuous asphalt network",248,-287.161163,-6.674207,-24.3121948,10.5593853,0
"Continuous asphalt network",249,-264.762054,-6.674207,8.990829,10.5594606,0
"Continuous asphalt network",250,-271.968658,-6.674207,-0.676356,5.279535,0
"Continuous asphalt network",251,-267.488861,-6.674207,5.984243,5.27954769,0
"Continuous asphalt network",252,-258.5292,-6.674207,19.3054447,5.27988148,0
"Continuous asphalt network",253,-254.0494,-6.6752243,25.9660435,5.279906,0.0002534615
"Continuous asphalt network",254,-260.282227,-6.674207,15.6514282,10.5594158,0
"Continuous asphalt network",255,-273.234833,-6.674207,-4.654068,21.1185169,0
"Continuous asphalt network",256,-266.271637,-6.674207,5.17497253,10.55958,0
"Continuous asphalt network",257,-270.264618,-6.674207,-1.80932617,10.5596428,0
"Continuous asphalt network",258,-297.6304,-6.673408,-41.44926,21.1187267,0.0001990463
"Continuous asphalt network",259,-292.663727,-6.674207,-35.1123543,21.1187115,0
"Continuous asphalt network",260,-298.1663,-6.673408,-45.91254,42.2370567,0.000349266484
"Continuous asphalt network",261,-285.213654,-6.674207,-25.60702,21.1185017,0
"Continuous asphalt network",262,-278.2505,-6.674207,-15.7779541,10.5589285,0
"Continuous asphalt network",263,-282.243439,-6.674207,-22.7622681,10.5589733,0
"Continuous asphalt network",264,-290.22934,-6.674207,-36.7309074,10.5595675,0
"Continuous asphalt network",265,-294.2223,-6.674207,-43.71522,10.5595522,0
"Continuous asphalt network",266,-289.206635,-6.674207,-32.5913239,21.1186428,0
"Continuous asphalt network",267,-293.8759,-6.674207,-6.090042,41.58083,0
"Continuous asphalt network",268,-308.440735,-6.67318964,-24.903738,20.7909832,0.000128601721
"Continuous asphalt network",269,-299.3795,-6.674207,-11.9303389,20.79099,0
"Continuous asphalt network",270,-281.25705,-6.674207,14.0164795,20.7898617,0
"Continuous asphalt network",271,-272.19577,-6.674207,26.9898834,20.7897778,0
"Continuous asphalt network",272,-284.814667,-6.674207,6.883367,41.5809669,0
"Continuous asphalt network",273,-309.489777,-6.67217255,-28.9551,41.58093,0.00046774777
"Continuous asphalt network",274,-312.560944,-6.67115545,-36.411438,41.5812454,0
"Continuous asphalt network",275,-296.947,-6.674207,-13.5463667,41.5804939,0
"Continuous asphalt network",276,-306.570831,-6.67217255,-30.8943634,20.790472,0.0008877718
"Continuous asphalt network",277,-303.499664,-6.67318964,-23.4380245,20.7902431,0.000257203268
"Continuous asphalt network",278,-310.4424,-6.67217255,1.39978027,19.1868858,0.000156418188
"Continuous asphalt network",279,-319.811523,-6.67115545,-8.489924,19.1867886,0
"Continuous asphalt network",280,-306.39856,-6.67318964,7.48869848,38.37512,0.000156417256
"Continuous asphalt network",281,-293.6263,-6.674207,24.6113987,19.18768,0
"Continuous asphalt network",282,-284.897858,-6.674207,35.64516,19.1877174,0
"Continuous asphalt network",283,-297.3498,-6.674207,17.9504452,38.37524,0
"Continuous asphalt network",284,-318.850464,-6.67115545,-10.2060137,38.3744736,0
"Continuous asphalt network",285,-309.481354,-6.67217255,-0.3163096,38.37467,0.000156417358
"Continuous asphalt network",286,-322.253571,-6.67115545,-17.4390011,76.74872,0
"Continuous asphalt network",287,-320.849457,-6.671182,15.4306841,16.9688,4.83461372E-06
"Continuous asphalt network",288,-329.486938,-6.67115545,7.473643,16.9689064,0
"Continuous asphalt network",289,-317.060028,-6.671182,20.6679077,33.93824,2.17304841E-05
"Continuous asphalt network",290,-305.162323,-6.67318964,35.1208954,16.9689,0.0001841776
"Continuous asphalt network",291,-297.0541,-6.674207,44.3366432,16.9688549,0
"Continuous asphalt network",292,-308.687164,-6.67219925,29.254303,33.9382668,0.000192232212
"Continuous asphalt network",293,-328.693,-6.67115545,5.58557129,33.9385376,0
"Continuous asphalt network",294,-320.055542,-6.671182,13.542613,33.938324,4.83466556E-06
"Continuous asphalt network",295,-331.953217,-6.67115545,-0.9104004,67.87617,0
"Continuous asphalt network",296,-343.117523,-6.67115545,16.6855221,46.39164,0
"Continuous asphalt network",297,-334.545258,-6.67115545,26.8654175,23.195919,0
"Continuous asphalt network",298,-338.961029,-6.67115545,19.2162113,23.1957779,0
"Continuous asphalt network",299,-324.998627,-6.671354,36.3983727,23.1962357,4.51505475E-05
"Continuous asphalt network",300,-315.9392,-6.67259,46.2547569,11.5980453,0.000181968848
"Continuous asphalt network",301,-321.3293,-6.671572,39.25252,11.5980415,5.80501146E-05
"Continuous asphalt network",302,-329.901581,-6.67115545,29.0726624,23.1963272,0
"Continuous asphalt network",303,-337.4996,-6.67115545,18.2457981,11.5984144,0
"Continuous asphalt network",304,-333.083771,-6.67115545,25.8950043,11.598485,0
"Continuous asphalt network",305,-305.0953,-6.674207,60.14557,51.7227974,0
"Continuous asphalt network",306,-291.230621,-6.674207,57.61485,26.4183273,0
"Continuous asphalt network",307,-256.230133,-6.6762414,41.5845032,54.8071938,0.000218869143
"Continuous asphalt network",308,-373.424225,-6.66810369,22.38974,12.75508,0
"Continuous asphalt network",309,-346.254639,-6.66505051,60.7197762,22.1948776,0
"Continuous asphalt network",310,-339.382751,-6.66505051,65.64617,22.19484,0
"Continuous asphalt network",311,-348.091034,-6.66505051,56.5323,44.3904381,0
"Continuous asphalt network",312,-288.743927,-6.66505051,90.07,9.654533,0
"Continuous asphalt network",313,-225.7436,-6.68031073,57.8522949,23.1280937,0.000443667755
"Continuous asphalt network",314,-209.062088,-6.687432,46.6418343,11.5639687,0.00140590686
"Continuous asphalt network",315,-216.276688,-6.68438,50.874054,11.56408,0.000295746839
"Continuous asphalt network",316,-230.028381,-6.678276,59.6534538,23.1277466,0.00069158955
"Continuous asphalt network",317,-237.242981,-6.6752243,63.88567,23.1280155,0.000295749662
"Continuous asphalt network",318,-252.349686,-6.67013741,72.03513,11.5644693,0.00184037269
"Continuous asphalt network",319,-259.5643,-6.667085,76.26734,11.56427,0.0005915946
"Continuous asphalt network",320,-270.7249,-6.66438627,82.45816,5.782038,0.0008188637
"Continuous asphalt network",321,-277.9395,-6.66438627,86.69037,5.78205347,0.00074887654
"Continuous asphalt network",322,-266.440155,-6.664598,80.65702,11.5642843,0.000131516659
"Continuous asphalt network",323,-251.33342,-6.67013741,72.50756,23.1276455,0.000682594546
"Continuous asphalt network",324,-243.441345,-6.67318964,68.5903,23.128,0.000295749865
"Continuous asphalt network",325,-210.636917,-6.68641472,49.70283,46.256916,0.000443622732
"Continuous asphalt network",326,-227.657166,-6.679293,60.75581,23.12866,0.0006821641
"Continuous asphalt network",327,-219.76506,-6.682345,56.838562,23.1284218,0.0002958414
"Continuous asphalt network",328,-205.335861,-6.68844938,48.374115,46.256382,0.000466568017
"Continuous asphalt network",329,-197.443771,-6.691501,44.45686,46.2566452,0.000295748847
"Continuous asphalt network",330,-138.866348,-6.691501,18.7744045,27.0916176,0.0008812501
"Continuous asphalt network",331,-152.25592,-6.692518,26.7197876,13.5456381,0
"Continuous asphalt network",332,-143.010666,-6.691501,22.1329041,13.5457325,0.000197275964
"Continuous asphalt network",333,-124.520119,-6.67101526,12.9591217,13.5460968,0.0103560332
"Continuous asphalt network",334,-112.843964,-6.469808,7.49178553,6.77292728,0.09035398
"Continuous asphalt network",335,-118.801636,-6.64244461,9.95918751,3.38651371,0.01740998
"Continuous asphalt network",336,-115.394447,-6.58121729,8.105972,1.693195,0.0311179571
"Continuous asphalt network",337,-117.825356,-6.631554,8.986424,1.69320107,0.0222202446
"Continuous asphalt network",338,-129.621078,-6.68417358,14.1875048,27.0914974,0.00161168794
"Continuous asphalt network",339,-157.83519,-6.692518,26.8831272,54.1827164,0
"Continuous asphalt network",340,-144.206467,-6.692518,19.4702663,27.0918236,0
"Continuous asphalt network",341,-153.930054,-6.692518,22.9921055,27.0918674,0
"Continuous asphalt network",342,-148.185684,-5.07193565,50.79248,6.0994916,0
"Continuous asphalt network",343,-120.388329,-5.08034,37.29625,21.7184677,0.00170621963
"Continuous asphalt network",344,-112.715248,-5.11622334,30.5616913,5.42959833,0.0105218105
"Continuous asphalt network",345,-108.147736,-5.217493,26.4742222,2.71483254,0.0310423225
"Continuous asphalt network",346,-111.434944,-5.140299,28.8876133,2.714841,0.017334573
"Continuous asphalt network",347,-117.827705,-5.09010744,33.94809,10.8591747,0.005554308
"Continuous asphalt network",348,-130.976547,-5.072953,43.601696,10.859251,0.000249618752
"Continuous asphalt network",349,-137.55098,-5.07193565,48.42851,10.8592129,0
"Continuous asphalt network",350,-126.962738,-5.07325125,42.12305,21.7185059,0.000633422052
"Continuous asphalt network",351,-111.262047,-5.09751844,32.4311829,10.8591509,0.007785142
"Continuous asphalt network",352,-107.602783,-5.20371437,27.1752872,5.429598,0.0321051031
"Continuous asphalt network",353,-110.526695,-5.12354326,30.0560551,5.429598,0.0182618219
"Continuous asphalt network",354,-116.011208,-5.08043051,36.284977,21.71833,0.00516342558
"Continuous asphalt network",355,-104.687622,-5.182036,27.6044,21.7182655,0.0400100052
"Continuous asphalt network",356,-106.884926,-5.09588432,31.4199123,21.7182655,0.0123153673
"Continuous asphalt network",357,-52.02945,-5.052812,-16.3804474,55.8897438,0.0164054241
"Continuous asphalt network",358,-102.102409,-6.08387,3.843979,12.7546759,0.04352559
"Continuous asphalt network",359,-98.3544846,-5.894989,6.05225134,6.377315,0.05079375
"Continuous asphalt network",360,-99.45953,-5.9737916,3.88865161,6.37737465,0.04005723
"Continuous asphalt network",361,-97.96894,-5.69915,11.51595,25.0297661,0.0468532667
"Continuous asphalt network",362,-58.295002,-5.071615,2.871053,37.5218849,0.00102620688
"Continuous asphalt network",363,-68.7743759,-5.07505274,11.1029816,37.52194,0.001038825
"Continuous asphalt network",364,-50.9216,-5.070292,0.261683136,75.04372,0.000704493432
"Continuous asphalt network",365,0.2826322,-3.72551417,-41.9673729,16.55918,0.03899121
"Continuous asphalt network",366,-2.43422055,-3.908017,-38.8288078,8.279577,0.04260418
"Continuous asphalt network",367,-0.0225003567,-3.815489,-38.9059868,8.279594,0.05663739
"Continuous asphalt network",368,20.3762188,-2.733081,-22.37179,8.508479,0.03509743
"Continuous asphalt network",369,24.4938354,-2.530782,-19.0774384,4.25424,0.05559865
"Continuous asphalt network",370,22.4319,-2.67961812,-21.6454983,4.25424862,0.0358389951
"Continuous asphalt network",371,17.7956638,-2.86229777,-26.5027714,17.0170612,0.0232143626
"Continuous asphalt network",372,23.4753876,-2.50048256,-16.6779118,17.0170555,0.04954892
"Continuous asphalt network",373,20.3887386,-2.64438128,-18.6882324,17.0170174,0.0290581323
"Continuous asphalt network",374,12.6408043,-3.093335,-32.9229469,8.5085535,0.0391116031
"Continuous asphalt network",375,10.0602484,-3.27840734,-37.05392,4.25430536,0.05152515
"Continuous asphalt network",376,11.09748,-3.1788187,-33.9281,4.25428724,0.0627811
"Continuous asphalt network",377,6.96733475,-3.44151759,-40.9060364,4.25424242,0.0520388931
"Continuous asphalt network",378,4.90539551,-3.4978497,-43.47411,4.254293,0.0215671565
"Continuous asphalt network",379,8.779362,-3.34672,-36.35674,2.12710667,0.0589624941
"Continuous asphalt network",380,10.3289452,-3.21786237,-33.5097923,2.127111,0.0693182051
"Continuous asphalt network",381,8.516921,-3.36834049,-38.059082,4.25424576,0.05916508
"Continuous asphalt network",382,15.7462378,-2.87212276,-25.3872776,34.034256,0.0338909142
"Continuous asphalt network",383,16.3466568,-3.064678,-58.6744232,30.2003384,0.0246909261
"Continuous asphalt network",384,84.24198,-0.8900611,-91.23968,33.59378,0.0294562615
"Continuous asphalt network",385,67.09493,-1.44095361,-82.60417,16.79683,0.0296234079
"Continuous asphalt network",386,78.86555,-1.0749203,-87.6612854,16.7967968,0.0275765266
"Continuous asphalt network",387,50.2023125,-2.01287532,-73.4437256,16.7971439,0.0301522017
"Continuous asphalt network",388,35.99791,-2.497926,-66.07247,4.19911957,0.0310387667
"Continuous asphalt network",389,27.4879971,-2.77579236,-61.6234741,2.099578,0.0246859435
"Continuous asphalt network",390,33.2460823,-2.597635,-64.4145,2.099578,0.03134247
"Continuous asphalt network",391,44.698658,-2.20568585,-70.1277847,8.398238,0.030146718
"Continuous asphalt network",392,67.7310257,-1.440959,-81.29188,8.398544,0.0295968112
"Continuous asphalt network",393,79.2472,-1.0750109,-86.87391,8.398533,0.02759778
"Continuous asphalt network",394,61.71849,-1.63041461,-79.02578,16.797142,0.029618606
"Continuous asphalt network",395,95.42618,-0.625183642,-95.33563,6.97524261,0.01738595
"Continuous asphalt network",396,100.0882,-0.5510549,-97.88686,6.97523546,0.0111811422
"Continuous asphalt network",397,92.5350952,-0.663638353,-95.08346,13.9503326,0.0175316371
"Continuous asphalt network",398,109.944641,-2.01999187,-74.08279,18.539732,0
"Continuous asphalt network",399,75.16006,-2.038256,-48.37236,13.6216545,0.004445708
"Continuous asphalt network",400,67.59243,-2.07113814,-41.77786,13.6216373,0.006494366
"Continuous asphalt network",401,79.75756,-2.029806,-50.7787,27.2429829,0.00128792354
"Continuous asphalt network",402,92.7364,-2.02100921,-58.8886223,13.621582,0.000202740892
"Continuous asphalt network",403,101.117729,-2.01999187,-64.5922,13.62158,0
"Continuous asphalt network",404,87.73203,-2.02288079,-56.9277458,27.2429371,0.0007322683
"Continuous asphalt network",405,66.37188,-2.07829952,-43.1142464,27.2433338,0.006257795
"Continuous asphalt network",406,73.93951,-2.04541755,-49.70875,27.24337,0.00408456568
"Continuous asphalt network",407,63.2594261,-2.10360432,-42.802002,27.24319,0.010459248
"Continuous asphalt network",408,58.6619148,-2.16724563,-40.39566,27.2432213,0.02171374
"Continuous asphalt network",409,121.001793,-2.01999187,-70.6229858,55.16553,0
"Continuous asphalt network",410,134.809326,-2.01847959,-77.0913544,27.58282,0.000832159247
"Continuous asphalt network",411,125.487091,-2.01897454,-74.4999,27.5827656,0.000788147736
"Continuous asphalt network",412,148.528931,-2.01130366,-84.8503342,27.583168,0.00231907447
"Continuous asphalt network",413,160.00589,-1.98514688,-90.67087,6.89574146,0.0187805984
"Continuous asphalt network",414,166.8877,-1.83624613,-94.2277,3.4477272,0.07014336
"Continuous asphalt network",415,162.270523,-1.95429134,-92.28668,3.44774914,0.0692988038
"Continuous asphalt network",416,153.058182,-1.99535942,-88.08197,13.7914505,0.01846197
"Continuous asphalt network",417,139.250656,-2.01499772,-81.61359,27.5832233,0.00232479023
"Continuous asphalt network",418,125.355225,-2.01795745,-76.43581,13.7916794,0.000214682965
"Continuous asphalt network",419,134.677444,-2.01746249,-79.02726,13.791707,0.000110226065
"Continuous asphalt network",420,256.5049,-0.3620999,44.09541,0.05032118,0.0252184812
"Continuous asphalt network",421,174.070557,-1.30614948,-100.604553,2.27142763,0.0887202844
"Continuous asphalt network",422,168.5034,0.5787758,-118.276367,6.39709234,0.09597865
"Continuous asphalt network",423,167.717239,0.784139335,-120.689232,6.39713144,0.08764293
"Continuous asphalt network",424,166.728928,1.14262736,-125.530724,3.198593,0.06266094
"Continuous asphalt network",425,165.841675,1.31451452,-129.157913,1.59929669,0.0480845124
"Continuous asphalt network",426,166.043808,1.198774,-126.729309,1.59929645,0.06370141
"Continuous asphalt network",427,166.7401,0.8636389,-121.879944,6.39721346,0.0871464238
"Continuous asphalt network",428,167.54863,-0.0527797751,-112.165489,6.39724,0.101165026
"Continuous asphalt network",429,167.660889,-0.607157,-107.300377,1.59931159,0.131391212
"Continuous asphalt network",430,167.863037,-0.906006157,-104.871765,1.59929824,0.116214231
"Continuous asphalt network",431,168.14386,-0.454747766,-108.530426,3.19860077,0.125291258
"Continuous asphalt network",432,168.514572,0.2032004,-114.62558,12.7941875,0.106576726
"Continuous asphalt network",433,167.301773,1.36307871,-129.19725,6.39712143,0.05515865
"Continuous asphalt network",434,168.087952,1.25988615,-126.78437,6.39712048,0.07191887
"Continuous asphalt network",435,169.244827,1.50669825,-130.46666,12.7942333,0.07070607
"Continuous asphalt network",436,169.267227,1.04252088,-123.165062,6.39712238,0.09421197
"Continuous asphalt network",437,170.053391,0.837157249,-120.7522,6.39708328,0.100499138
"Continuous asphalt network",438,170.4241,1.342061,-126.847328,12.7943277,0.07108767
"Continuous asphalt network",439,149.830673,-2.03283668,11.63535,49.36641,0.00079793745
"Continuous asphalt network",440,169.615158,-2.02100921,23.3288116,60.24237,0.000177302121
"Continuous asphalt network",441,183.871262,-2.01999187,15.7345228,70.23425,0
"Continuous asphalt network",442,175.566162,-2.02075768,0.536031067,22.9026318,0.000420776836
"Continuous asphalt network",443,126.711327,-2.02411056,-17.0017338,37.37893,0.0002888609
"Continuous asphalt network",444,133.352661,-2.03021431,-4.40570068,37.3790245,0.0005730418
"Continuous asphalt network",445,125.454674,-2.02207565,-24.38801,74.758194,0.000292672543
"Continuous asphalt network",446,95.75363,-2.10868835,29.3897648,24.538084,0.000689209264
"Continuous asphalt network",447,56.8438759,-2.13259959,-33.4481926,9.541697,0.0167761184
"Continuous asphalt network",448,53.906353,-2.16436577,-33.8143044,4.77084827,0.0329017974
"Continuous asphalt network",449,54.83904,-2.13142228,-32.25442,4.770831,0.0110145705
"Continuous asphalt network",450,57.4736633,-2.11578465,-30.1215,19.0832767,0.001814707
"Continuous asphalt network",451,60.2717247,-2.11578465,-25.4418545,38.1666069,0.00181470136
"Continuous asphalt network",452,68.3630142,-2.11155033,-9.636067,38.1666451,0
"Continuous asphalt network",453,63.3726921,-2.11578465,-22.5290012,38.1664734,0.0006254508
"Continuous asphalt network",454,46.0783119,-2.527114,-44.30823,16.3664856,0.03220236
"Continuous asphalt network",455,40.5879364,-2.69676518,-47.2627144,16.3663979,0.02546925
"Continuous asphalt network",456,32.35237,-2.82700562,-51.69444,32.7327423,0.0121163651
"Continuous asphalt network",457,45.44547,-2.52730727,-42.6614838,32.73291,0.0290579814
"Continuous asphalt network",458,50.5139465,-2.33546138,-38.60916,32.73299,0.0344467573
"Continuous asphalt network",459,19.759428,-2.9958384,-54.4963722,37.9993172,0.02544622
"Continuous asphalt network",460,28.0147648,-2.888471,-48.72914,18.9996529,0.00927347
"Continuous asphalt network",461,24.2515259,-2.90693164,-53.4039421,18.9997082,0.0100317085
"Continuous asphalt network",462,35.9819145,-2.81458282,-44.441864,9.499878,0.0221832246
"Continuous asphalt network",463,39.1687775,-2.72172737,-42.7269478,9.499862,0.042134095
"Continuous asphalt network",464,46.4833069,-2.45074368,-38.1284142,9.499866,0.0362786651
"Continuous asphalt network",465,41.4148254,-2.64258957,-42.1807365,9.499842,0.0300338417
"Continuous asphalt network",466,33.15948,-2.83947825,-47.9479637,18.9997425,0.0212624576
"Continuous asphalt network",467,26.20938,-2.88747382,-54.3376732,9.499801,0.0101063615
"Continuous asphalt network",468,29.97262,-2.869013,-49.6628723,9.499773,0.009371055
"Continuous asphalt network",469,88.36572,-2.6989336,99.22263,4.17884159,0.104537152
"Continuous asphalt network",470,86.1612,-2.74710584,97.45661,4.178962,0.09556604
"Continuous asphalt network",471,82.91755,-3.16839814,100.15683,8.579926,0.101113692
"Continuous asphalt network",472,82.80956,-3.05643153,97.62153,8.579912,0.113210909
"Continuous asphalt network",473,79.91549,-3.47415829,100.300667,17.1599026,0.114359528
"Continuous asphalt network",474,73.96537,-4.168544,101.855988,8.579951,0.121531144
"Continuous asphalt network",475,70.25327,-4.635158,102.986534,2.14503,0.120406076
"Continuous asphalt network",476,68.0287247,-4.89597273,103.728241,1.07245588,0.09504504
"Continuous asphalt network",477,69.52974,-4.743158,103.656319,1.07247031,0.11795669
"Continuous asphalt network",478,72.51832,-4.389175,103.195557,4.290043,0.118841439
"Continuous asphalt network",479,78.4954453,-3.710996,102.274055,17.159935,0.110026114
"Continuous asphalt network",480,60.6990471,-5.06158,108.20768,34.3194046,0.008350517
"Continuous asphalt network",481,68.5355759,-4.99510336,106.800163,0.5362385,0.103524849
"Continuous asphalt network",482,68.68778,-4.964514,105.959282,0.2681399,0.167324126
"Continuous asphalt network",483,68.3293839,-5.01824236,106.373383,0.2681374,0.1164624
"Continuous asphalt network",484,67.43341,-5.07193565,107.408653,0.536266863,0
"Continuous asphalt network",485,68.1771851,-5.034386,107.214256,0.5362511,0.09995085
"Continuous asphalt network",486,69.65123,-4.847885,106.508537,2.14501619,0.123866782
"Continuous asphalt network",487,67.53164,-5.04918051,105.30014,0.2681257,0.08349631
"Continuous asphalt network",488,67.17325,-5.07167053,105.714264,0.268143356,0.00121840055
"Continuous asphalt network",489,68.0962143,-4.99545145,105.3128,0.536236942,0.145179242
"Continuous asphalt network",490,66.94009,-5.03909,104.653687,0.536237836,0.062079
"Continuous asphalt network",491,66.78787,-5.07193565,105.494568,0.2681162,0
"Continuous asphalt network",492,67.14626,-5.04944563,105.080444,0.268098563,0.0837240741
"Continuous asphalt network",493,67.03453,-5.07193565,106.872047,1.072482,0
"Continuous asphalt network",494,67.94401,-5.05726,106.153656,0.2681115,0.07583694
"Continuous asphalt network",495,68.30241,-5.003531,105.739555,0.26811403,0.1481808
"Continuous asphalt network",496,67.37943,-5.07167053,106.141022,0.536246,0.0009869253
"Continuous asphalt network",497,72.62629,-4.47463,105.730873,4.289925,0.11647521
"Continuous asphalt network",498,69.58375,-4.793443,104.923973,1.07250917,0.132651836
"Continuous asphalt network",499,67.68384,-4.967386,104.459267,0.5362479,0.1575978
"Continuous asphalt network",500,68.4546,-4.92401266,104.898682,0.5362546,0.131566823
"Continuous asphalt network",501,70.3680038,-4.73237562,105.68029,2.144971,0.129297361
"Continuous asphalt network",502,75.57436,-4.10682631,104.319389,17.16033,0.107912116
"Continuous asphalt network",503,43.0106544,-5.07193565,116.676613,34.31966,0
"Continuous asphalt network",504,25.2952423,-5.07193565,124.511688,17.1588421,0
"Continuous asphalt network",505,37.1415062,-5.07193565,120.133385,17.1589146,0
"Continuous asphalt network",506,54.88391,-5.07193565,112.932129,34.31966,0
"Continuous asphalt network",507,67.511055,-5.07193565,109.230927,0.536266744,0
"Continuous asphalt network",508,68.25144,-5.035101,108.957283,0.536267936,0.0980478749
"Continuous asphalt network",509,67.1138458,-5.07193565,108.73391,1.07253194,0
"Continuous asphalt network",510,69.73221,-4.872682,108.409966,1.07254219,0.114125982
"Continuous asphalt network",511,68.21769,-5.033342,108.164986,0.268104941,0.102731004
"Continuous asphalt network",512,67.46379,-5.07193565,108.121727,0.2681185,0
"Continuous asphalt network",513,68.60813,-4.996507,108.503532,0.5362638,0.101097651
"Continuous asphalt network",514,72.69378,-4.518843,107.315407,2.14485431,0.113460615
"Continuous asphalt network",515,70.45237,-4.78125048,107.660957,1.07243431,0.1203366
"Continuous asphalt network",516,68.57777,-4.995385,107.790466,0.268107116,0.101559617
"Continuous asphalt network",517,67.45367,-5.07193565,107.884033,0.134094015,0
"Continuous asphalt network",518,68.2075653,-5.033342,107.9273,0.13408722,0.102730565
"Continuous asphalt network",519,69.71197,-4.87156,107.934593,0.5362218,0.113103643
"Continuous asphalt network",520,78.6169052,-3.81681728,105.126289,4.28992271,0.10862346
"Continuous asphalt network",521,74.1543045,-4.32732534,106.292786,2.14494181,0.116719536
"Continuous asphalt network",522,70.42874,-4.77271032,107.106392,0.5362607,0.123878427
"Continuous asphalt network",523,68.56595,-4.996429,107.513191,0.134040579,0.1011896
"Continuous asphalt network",524,67.4486,-5.07193565,107.765175,0.06703188,0
"Continuous asphalt network",525,68.19576,-5.033979,107.649994,0.06702909,0.101032488
"Continuous asphalt network",526,69.6883545,-4.86752558,107.380035,0.268079668,0.121717259
"Continuous asphalt network",527,72.67354,-4.509896,106.840057,1.07250607,0.114036083
"Continuous asphalt network",528,60.78003,-5.07193565,110.109154,17.1601715,0
"Continuous asphalt network",529,7.633831,-5.07193565,133.614456,34.31992,0
"Continuous asphalt network",530,-10.0815725,-5.07193565,141.44957,17.1599617,0
"Continuous asphalt network",531,1.7646904,-5.07193565,137.071259,17.1599312,0
"Continuous asphalt network",532,-27.7699642,-5.07193565,149.9185,17.1595459,0
"Continuous asphalt network",533,-45.4718437,-5.07193565,158.07048,8.579787,0
"Continuous asphalt network",534,-33.6525879,-5.07193565,153.058365,8.579773,0
"Continuous asphalt network",535,-15.9371939,-5.07193565,145.223282,17.1596184,0
"Continuous asphalt network",536,1.80520761,-5.07193565,138.021988,8.580152,0
"Continuous asphalt network",537,-10.0410547,-5.07193565,142.400314,8.580167,0
"Continuous asphalt network",538,19.4936028,-5.07193565,129.553085,34.3198738,0
"Continuous asphalt network",539,37.249485,-5.07193565,122.668709,17.1603584,0
"Continuous asphalt network",540,25.3762417,-5.07193565,126.413185,17.1603756,0
"Continuous asphalt network",541,54.97838,-5.060152,115.150513,17.159977,0.00196037744
"Continuous asphalt network",542,67.1805,-5.055539,110.298668,0.5362501,0.0375060029
"Continuous asphalt network",543,68.29529,-5.02920866,109.987236,0.268104166,0.104216479
"Continuous asphalt network",544,67.5431,-5.06732273,109.983582,0.268103868,0.0291196834
"Continuous asphalt network",545,69.77268,-4.87731457,109.360718,0.5362124,0.10967622
"Continuous asphalt network",546,68.65452,-4.996447,109.592934,0.2681042,0.100357845
"Continuous asphalt network",547,67.53298,-5.07193565,109.745911,0.134051949,0
"Continuous asphalt network",548,68.2851639,-5.03382158,109.749565,0.1340521,0.101455092
"Continuous asphalt network",549,72.72751,-4.53573227,108.107689,1.07241333,0.111276716
"Continuous asphalt network",550,70.5012741,-4.79353857,108.809776,0.5362103,0.109945476
"Continuous asphalt network",551,68.64271,-4.997558,109.315643,0.134071961,0.0998659655
"Continuous asphalt network",552,67.527916,-5.07193565,109.627075,0.0670286343,0
"Continuous asphalt network",553,68.27335,-5.034561,109.472282,0.06702871,0.09948289
"Continuous asphalt network",554,69.7625656,-4.8784256,109.123039,0.268140316,0.10967993
"Continuous asphalt network",555,77.15975,-3.99937749,106.228157,1.07243526,0.113889866
"Continuous asphalt network",556,80.11457,-3.65090728,104.975128,1.07247818,0.153617442
"Continuous asphalt network",557,74.1948,-4.35293674,107.243492,1.07242715,0.111830145
"Continuous asphalt network",558,70.48948,-4.78901434,108.532471,0.268179476,0.111190908
"Continuous asphalt network",559,68.63682,-4.998098,109.176994,0.06702479,0.09951014
"Continuous asphalt network",560,67.52538,-5.07193565,109.567657,0.0335076228,0
"Continuous asphalt network",561,68.2674561,-5.03493261,109.333626,0.033509057,0.09850747
"Continuous asphalt network",562,69.75077,-4.87583637,108.845741,0.134051234,0.114696428
"Continuous asphalt network",563,72.71739,-4.53103971,107.869995,0.536358654,0.111277215
"Continuous asphalt network",564,60.8745232,-5.060152,112.327538,8.579956,0.0390265658
"Continuous asphalt network",565,43.118618,-5.07193565,119.211876,17.1600246,0
"Continuous asphalt network",566,25.3357334,-5.07193565,125.46241,8.580681,0
"Continuous asphalt network",567,37.20898,-5.07193565,121.717934,8.580673,0
"Continuous asphalt network",568,-148.668671,-5.07193565,52.3665352,6.099879,0
"Continuous asphalt network",569,-147.33725,-5.07193565,57.38869,53.16111,0
"Continuous asphalt network",570,-141.550613,-5.07193565,70.85226,26.5802422,0
"Continuous asphalt network",571,-143.671112,-5.07193565,61.83549,26.5802422,0
"Continuous asphalt network",572,-134.461,-5.07193565,84.28503,26.580862,0
"Continuous asphalt network",573,-128.022873,-5.07193565,97.7331848,13.2899857,0
"Continuous asphalt network",574,-131.44632,-5.07193565,88.74722,13.2900457,0
"Continuous asphalt network",575,-137.233,-5.07193565,75.28365,26.5808926,0
"Continuous asphalt network",576,-141.716721,-5.07193565,61.7892952,13.2903,0
"Continuous asphalt network",577,-139.5962,-5.07193565,70.80606,13.2903,0
"Continuous asphalt network",578,-120.281837,-5.07193565,111.150551,26.5805035,0
"Continuous asphalt network",579,-113.843719,-5.07193565,124.598694,13.29038,0
"Continuous asphalt network",580,-117.267181,-5.07193565,115.61274,13.2903481,0
"Continuous asphalt network",581,-106.754128,-5.07193565,138.031448,13.2898111,0
"Continuous asphalt network",582,-99.9902954,-5.07193565,151.471909,6.645165,0
"Continuous asphalt network",583,-104.065216,-5.07193565,142.501328,6.64515066,0
"Continuous asphalt network",584,-110.503319,-5.07193565,129.053177,13.2897949,0
"Continuous asphalt network",585,-116.28997,-5.07193565,115.589638,6.64526224,0
"Continuous asphalt network",586,-112.866508,-5.07193565,124.575592,6.645278,0
"Continuous asphalt network",587,-123.379555,-5.07193565,102.156883,26.5804749,0
"Continuous asphalt network",588,-128.840485,-5.07193565,88.6856155,13.2902374,0
"Continuous asphalt network",589,-126.068489,-5.07193565,97.68698,13.2902374,0
"Continuous asphalt network",590,-134.952866,-5.07193565,75.22977,13.2899923,0
"Continuous asphalt network",591,-140.739517,-5.07193565,61.7662048,6.644969,0
"Continuous asphalt network",592,-137.316055,-5.07193565,70.7521744,6.64498425,0
"Continuous asphalt network",593,-131.855133,-5.07193565,84.22344,13.2900219,0
"Continuous asphalt network",594,-127.045685,-5.07193565,97.71008,6.64500761,0
"Continuous asphalt network",595,-129.817673,-5.07193565,88.70872,6.64500761,0
"Continuous asphalt network",596,96.79502,-2.7336874,110.756065,14.8777142,0.0231654011
"Continuous asphalt network",597,93.26016,-2.6727345,104.588646,7.438851,0.0449947044
"Continuous asphalt network",598,93.9051743,-2.72755551,107.5846,7.43890953,0.0223817155
"Continuous asphalt network",599,96.47886,-2.759697,114.413277,29.755394,0.00403246935
"Continuous asphalt network",600,257.284821,-0.329729021,46.37395,1.8565501,0.0251177624
"Continuous asphalt network",601,258.434082,-0.2620725,63.6187134,13.9857941,0
"Continuous asphalt network",602,255.220642,-0.2643413,56.011364,4.27068424,0.002475298
"Continuous asphalt network",603,253.562759,-0.293412149,54.7704659,4.27067041,0.0305070374
"Continuous asphalt network",604,255.44548,-0.2643413,58.46941,8.541303,0.00231216173
"Continuous asphalt network",605,257.257782,-0.2648194,52.9566345,8.541134,0.00279945624
"Continuous asphalt network",606,254.732376,-0.266440332,52.78371,2.13531137,0.00287594274
"Continuous asphalt network",607,253.601379,-0.292764276,53.08205,2.13531137,0.0469557829
"Continuous asphalt network",608,255.824753,-0.2648194,54.17378,4.27063656,0.002996958
"Continuous asphalt network",609,262.0332,1.98361623,-39.71484,20.790596,0.0209733471
"Continuous asphalt network",610,260.0951,2.1075747,-45.78744,5.19771576,0.0176241081
"Continuous asphalt network",611,259.126038,2.14746881,-48.82372,1.29943526,0.00548433
"Continuous asphalt network",612,258.500366,2.137683,-50.1882133,1.29942119,0.0215540174
"Continuous asphalt network",613,258.874237,2.13451481,-47.5268555,2.59879231,0.0121600972
"Continuous asphalt network",614,259.591461,2.05910778,-43.19369,10.3954449,0.0197120588
"Continuous asphalt network",615,261.02594,1.88547933,-34.5273438,41.5814934,0.0191435236
"Continuous asphalt network",616,260.827454,1.62229443,-22.0380154,5.197601,0.0315369964
"Continuous asphalt network",617,259.57608,1.69780576,-24.766983,5.197642,0.0228785146
"Continuous asphalt network",618,260.323822,1.538874,-19.4442749,10.3952217,0.0344825238
"Continuous asphalt network",619,260.506927,1.34290349,-13.5069227,20.7903576,0.0323355533
"Continuous asphalt network",620,261.27005,1.73556864,-26.6108551,10.3953466,0.0205698516
"Continuous asphalt network",621,262.521454,1.66005743,-23.8818874,10.3952646,0.0307587255
"Continuous asphalt network",622,262.903,1.80345821,-30.4338627,20.7908936,0.0182665884
"Continuous asphalt network",623,261.117218,0.724375069,6.28429651,41.5816727,0.0302571934
"Continuous asphalt network",624,261.1019,0.1795639,24.7110081,10.3950491,0.0300217252
"Continuous asphalt network",625,261.094177,-0.0947443,33.9243355,2.5987525,0.0315725319
"Continuous asphalt network",626,261.12085,-0.220763147,39.5205727,1.29924667,0.01169146
"Continuous asphalt network",627,261.3116,-0.157533273,36.24458,1.29928148,0.0430275947
"Continuous asphalt network",628,261.536774,0.0439793877,29.35147,5.19752455,0.0299485084
"Continuous asphalt network",629,261.987061,0.447916418,15.5652771,20.790184,0.02883459
"Continuous asphalt network",630,262.506042,1.08390009,-5.45519,41.5815773,0.0318680145
"Continuous asphalt network",631,264.085663,1.55283833,-20.4706478,10.3954477,0.0299451537
"Continuous asphalt network",632,264.970856,1.77907848,-29.6163731,5.19772625,0.0232078843
"Continuous asphalt network",633,263.9636,1.66508007,-24.4288845,5.197715,0.0261318665
"Continuous asphalt network",634,262.261871,1.33641529,-13.3716736,20.7907944,0.03193565
"Continuous asphalt network",635,321.513763,0.355438,-5.297821,23.3627644,0.00087938935
"Continuous asphalt network",636,332.6466,0.354991674,-12.7574873,11.6817112,0.0009870876
"Continuous asphalt network",637,324.84964,0.356008917,-8.465749,11.6816282,0.0009838407
"Continuous asphalt network",638,309.2557,0.359363317,0.117741905,11.6814146,0.0018870373
"Continuous asphalt network",639,301.4587,0.38199082,4.40947962,11.6813993,0.00510071963
"Continuous asphalt network",640,313.716766,0.356858969,-1.00607812,23.36283,0.0008957099
"Continuous asphalt network",641,337.670258,0.354420751,-12.8592329,46.72554,0
"Continuous asphalt network",642,326.256134,0.354420751,-5.91057825,23.3628483,0
"Continuous asphalt network",643,334.615662,0.354420751,-9.180252,23.3628788,0
"Continuous asphalt network",644,261.487579,2.13310838,-57.1143074,4.6467104,0.08569225
"Continuous asphalt network",645,263.776276,2.2327497,-54.9891472,2.323369,0.0688235
"Continuous asphalt network",646,263.022919,2.24038863,-56.5910378,2.323362,0.06327108
"Continuous asphalt network",647,261.038177,2.17237377,-60.125885,1.16168725,0.136723191
"Continuous asphalt network",648,262.182526,2.25720954,-59.0632935,0.58084923,0.137024209
"Continuous asphalt network",649,261.950684,2.2958262,-59.8989372,0.145223677,0.145792708
"Continuous asphalt network",650,261.76236,2.28737164,-60.29941,0.145218775,0.140879169
"Continuous asphalt network",651,261.7552,2.25447488,-59.6292877,0.2904145,0.1298071
"Continuous asphalt network",652,260.762817,2.15182853,-61.3967133,2.323401,0.139646962
"Continuous asphalt network",653,260.154877,2.03718472,-58.5773659,2.32338786,0.08509662
"Continuous asphalt network",654,261.791534,2.191968,-58.52399,1.161701,0.0898697153
"Continuous asphalt network",655,260.835541,2.115587,-59.1861076,1.16169393,0.1358407
"Continuous asphalt network",656,260.300323,2.06269479,-54.15611,2.32337046,0.0542549863
"Continuous asphalt network",657,259.6483,1.98162174,-56.22789,1.16170514,0.0939845
"Continuous asphalt network",658,259.4456,1.98608363,-55.2881126,1.16170514,0.0748736858
"Continuous asphalt network",659,259.518341,2.08136344,-53.0774956,4.64682,0.060259942
"Continuous asphalt network",660,262.994324,2.19052148,-53.9105225,4.646834,0.0253867414
"Continuous asphalt network",661,261.0823,2.09617138,-55.23474,4.646858,0.06723671
"Continuous asphalt network",662,258.7781,2.031387,-64.93156,1.16167438,0.0764586851
"Continuous asphalt network",663,259.683441,2.046757,-64.03451,0.290410578,0.0714382157
"Continuous asphalt network",664,260.161438,2.08656144,-63.7034454,0.290433258,0.134394959
"Continuous asphalt network",665,259.545746,2.064854,-64.6699142,0.58081454,0.07706735
"Continuous asphalt network",666,258.502716,2.0717783,-66.2024,2.32340813,0.07456554
"Continuous asphalt network",667,257.996124,1.95367277,-63.85294,1.16170919,0.09157887
"Continuous asphalt network",668,257.793457,1.919392,-62.91315,1.16173947,0.0615859069
"Continuous asphalt network",669,259.2418,2.01022124,-63.2602654,0.5808564,0.0541209169
"Continuous asphalt network",670,260.06015,2.07115579,-63.2335663,0.290414751,0.119797312
"Continuous asphalt network",671,259.582123,2.03135133,-63.5646248,0.290392071,0.05195549
"Continuous asphalt network",672,258.575439,1.99215984,-63.99178,1.16170049,0.0395516939
"Continuous asphalt network",673,257.37265,2.110013,-68.60525,2.32331443,0.07325207
"Continuous asphalt network",674,256.5323,2.162739,-71.07751,1.16166222,0.0442052037
"Continuous asphalt network",675,256.706329,2.110418,-69.33677,1.16163576,0.05955567
"Continuous asphalt network",676,257.0544,1.969128,-65.85532,1.161718,0.07813707
"Continuous asphalt network",677,257.0836,1.893438,-64.07987,0.290444762,0.0776524
"Continuous asphalt network",678,257.170563,1.88064921,-63.2094879,0.2904283,0.07510109
"Continuous asphalt network",679,257.329773,1.93023586,-64.58448,0.5808723,0.07637551
"Continuous asphalt network",680,257.546722,2.04363465,-66.8645248,2.32336068,0.0730980858
"Continuous asphalt network",681,258.4169,1.89606321,-58.16086,2.323484,0.06966242
"Continuous asphalt network",682,257.663483,1.86721134,-59.7627525,2.32354665,0.03402635
"Continuous asphalt network",683,258.286926,1.93288326,-55.010437,0.5808521,0.0856378
"Continuous asphalt network",684,257.86673,1.8536005,-56.2465668,0.290428519,0.0163892675
"Continuous asphalt network",685,257.953766,1.89472926,-55.3762,0.290431827,0.0792217255
"Continuous asphalt network",686,258.272644,2.01681924,-53.6701851,1.16173387,0.0610058866
"Continuous asphalt network",687,258.30127,1.87573338,-56.3506927,0.5808829,0.07330775
"Continuous asphalt network",688,258.677948,1.92081606,-55.5497475,0.5808564,0.102855176
"Continuous asphalt network",689,258.692261,1.90912473,-56.89001,1.16172206,0.0684532449
"Continuous asphalt network",690,258.445465,1.93344021,-60.8413734,2.32334828,0.08525106
"Continuous asphalt network",691,259.198883,1.96229208,-59.2394829,2.323402,0.08502041
"Continuous asphalt network",692,259.227448,2.01591778,-61.9199829,4.64688349,0.0728082657
"Continuous asphalt network",693,254.15657,2.0868094,-74.07306,9.293588,0.0418611839
"Continuous asphalt network",694,252.47583,2.00567412,-79.01757,4.64669228,0.0461776853
"Continuous asphalt network",695,252.534225,1.98920727,-75.46668,1.161675,0.06476117
"Continuous asphalt network",696,252.708252,2.01058364,-73.72596,1.16168487,0.0723454356
"Continuous asphalt network",697,253.026535,2.016698,-76.47588,2.32335639,0.0478092581
"Continuous asphalt network",698,250.215714,1.96334994,-83.8232651,4.64683533,0.0447962843
"Continuous asphalt network",699,248.2453,1.988356,-88.69837,2.32353473,0.05080593
"Continuous asphalt network",700,249.172684,1.94508266,-85.35575,2.32354116,0.04627846
"Continuous asphalt network",701,251.027481,1.93897533,-78.67048,2.32355118,0.0430170037
"Continuous asphalt network",702,251.810059,1.94841421,-75.2931442,0.580848,0.05964323
"Continuous asphalt network",703,252.273758,1.98259509,-73.62183,0.580846369,0.06802127
"Continuous asphalt network",704,251.867874,1.95728838,-76.19822,1.16176069,0.0433835275
"Continuous asphalt network",705,251.143112,1.95987034,-80.48063,4.64684772,0.04433973
"Continuous asphalt network",706,256.446442,1.83763409,-63.03595,0.580839753,0.04181263
"Continuous asphalt network",707,256.120422,1.82369518,-64.071846,0.290431559,0.08283123
"Continuous asphalt network",708,256.019135,1.81260526,-63.60196,0.290431142,0.0411484726
"Continuous asphalt network",709,255.765808,1.80476534,-62.427227,0.5808438,0.0163584258
"Continuous asphalt network",710,256.345123,1.83031046,-62.56606,0.5807985,0.07018708
"Continuous asphalt network",711,255.504745,1.86027753,-65.03834,0.5808567,0.05544075
"Continuous asphalt network",712,255.084549,1.90545237,-66.27447,0.2904175,0.0138804754
"Continuous asphalt network",713,255.17157,1.88204539,-65.4041061,0.29041177,0.05159142
"Continuous asphalt network",714,255.490433,1.823472,-63.6980629,1.161695,0.0141605753
"Continuous asphalt network",715,253.8097,1.94910586,-68.6426,2.3233583,0.0243799873
"Continuous asphalt network",716,254.737061,1.87040365,-65.2999649,2.32335162,0.0211041532
"Continuous asphalt network",717,256.5919,1.81900442,-58.61471,2.32328033,0.0226096325
"Continuous asphalt network",718,257.5193,1.923946,-55.2720833,2.323297,0.0599716753
"Continuous asphalt network",719,256.7075,1.83743513,-60.42485,4.64659548,0.0428921841
"Continuous asphalt network",720,254.302,2.01187158,-69.6518,4.64681149,0.08077199
"Continuous asphalt network",721,254.707291,2.10125375,-71.53137,4.646847,0.04057374
"Continuous asphalt network",722,255.519043,1.91674268,-66.37859,0.5808231,0.03123775
"Continuous asphalt network",723,255.8957,1.89392126,-65.57764,0.580848038,0.0687854439
"Continuous asphalt network",724,255.910034,1.95279157,-66.9179,1.16173792,0.0699728355
"Continuous asphalt network",725,256.460754,1.86151278,-64.37622,0.5808664,0.087387234
"Continuous asphalt network",726,256.88092,1.85878026,-63.14007,0.2904064,0.07511067
"Continuous asphalt network",727,256.7939,1.871569,-64.01045,0.290422857,0.07766285
"Continuous asphalt network",728,256.475067,1.922274,-65.7164841,1.16170812,0.08969639
"Continuous asphalt network",729,256.126984,2.083476,-69.19794,1.16167557,0.06180659
"Continuous asphalt network",730,255.952957,2.13579726,-70.93867,1.161702,0.047519166
"Continuous asphalt network",731,255.634689,2.00602365,-68.18874,2.32339644,0.0758331046
"Continuous asphalt network",732,237.138351,2.12179351,-167.512024,24.3352089,0.0115430951
"Continuous asphalt network",733,224.892136,1.97611272,-160.821487,12.1675329,0.009035441
"Continuous asphalt network",734,233.3708,2.07136559,-164.5705,12.1675329,0.0118614957
"Continuous asphalt network",735,251.081421,2.24317646,-173.043152,13.3928871,0.00618229574
"Continuous asphalt network",736,260.163116,2.30315423,-177.695145,13.3928518,0.00559742656
"Continuous asphalt network",737,246.008667,2.20730567,-171.755508,26.7850246,0.00755971437
"Continuous asphalt network",738,332.814,2.44347215,-91.45156,51.3348236,0.000419430115
"Continuous asphalt network",739,341.9071,2.44891071,-79.81597,25.6675568,0.000304506
"Continuous asphalt network",740,337.1791,2.44578719,-88.37499,25.6674557,0.0004682522
"Continuous asphalt network",741,342.228668,2.449928,-74.4082,50.88688,0.0002671085
"Continuous asphalt network",742,333.156219,2.44550681,-86.00645,25.4430485,0.00051762833
"Continuous asphalt network",743,337.8429,2.448839,-77.5221252,25.44307,0.0002895546
"Continuous asphalt network",744,303.4274,2.438899,-137.191879,65.01222,0
"Continuous asphalt network",745,291.350861,2.43623257,-151.494431,32.5060539,0.000430656131
"Continuous asphalt network",746,298.098175,2.438899,-141.1108,32.50603,0
"Continuous asphalt network",747,271.421875,2.380369,-185.4663,24.502779,0.004947387
"Continuous asphalt network",748,281.720825,2.39687324,-191.049789,42.47096,0.000580793363
"Continuous asphalt network",749,156.613647,-3.53935266,-372.659058,25.5627766,0.000138356612
"Continuous asphalt network",750,148.065231,-3.537041,-367.85083,25.5628719,0.0003373244
"Continuous asphalt network",751,161.781723,-3.539747,-372.907867,51.1253471,0.000151703309
"Continuous asphalt network",752,135.242584,-3.53070426,-360.638458,25.5629921,0.000626821537
"Continuous asphalt network",753,122.1965,-3.520669,-353.964935,12.7821836,0.000807339
"Continuous asphalt network",754,131.191864,-3.527652,-357.695465,12.7821426,0.0006268224
"Continuous asphalt network",755,149.182556,-3.53738618,-365.156647,12.7816067,0.0007128796
"Continuous asphalt network",756,158.1779,-3.53942084,-368.887238,12.7816372,0.000584818
"Continuous asphalt network",757,144.237946,-3.53540063,-364.369019,25.5629635,0.000337730628
"Continuous asphalt network",758,88.2726746,-3.54991984,-392.003754,32.91336,0.000204923213
"Continuous asphalt network",759,93.17223,-3.54585052,-380.46225,32.9133,0.0004787213
"Continuous asphalt network",760,88.65863,-3.565818,-395.572968,32.9132767,0.0133494167
"Continuous asphalt network",761,87.2827759,-3.5668354,-401.7996,32.9131927,0.004711201
"Continuous asphalt network",762,71.00822,-3.54291248,-351.6154,43.26519,0
"Continuous asphalt network",763,87.1051254,-3.541895,-362.2362,21.63261,0.0007590699
"Continuous asphalt network",764,79.72792,-3.54291248,-358.563263,21.63258,0
"Continuous asphalt network",765,66.1465759,-3.54291248,-350.498169,43.26534,0
"Continuous asphalt network",766,58.7693672,-3.54291248,-346.8252,43.26516,0
"Continuous asphalt network",767,54.53876,-3.543108,-343.384857,20.4416523,0.000118438991
"Continuous asphalt network",768,57.342823,-3.54412532,-337.723969,55.2175636,0.0002524718
"Continuous asphalt network",769,91.43069,-3.53360772,-346.437744,37.3896179,0.000934145763
"Continuous asphalt network",770,78.40531,-3.53968716,-340.6746,37.38967,0.000676990952
"Continuous asphalt network",771,98.9525452,-3.52565885,-347.214233,74.77814,0.001524318
"Continuous asphalt network",772,112.355049,-3.84166312,-284.966339,47.7399254,0.0287243463
"Continuous asphalt network",773,121.994118,-3.55886674,-291.020264,11.9349508,0.0257762577
"Continuous asphalt network",774,127.724144,-3.407519,-294.756683,5.96748829,0.0175384432
"Continuous asphalt network",775,123.54789,-3.5056622,-292.9592,5.967525,0.0259171221
"Continuous asphalt network",776,115.462585,-3.74796176,-288.844116,23.86973,0.0283213314
"Continuous asphalt network",777,163.958817,-0.5316457,-206.094345,10.8907175,0.0100486055
"Continuous asphalt network",778,160.900009,-0.5308351,-203.0308,10.8909073,0.02347752
"Continuous asphalt network",779,169.657715,-0.466822535,-208.637253,21.7811146,0.0138113359
"Continuous asphalt network",780,156.1751,-0.6141191,-203.045837,21.78143,0.03259287
"Continuous asphalt network",781,161.318665,-0.567763269,-206.614975,10.8906822,0.0181456115
"Continuous asphalt network",782,157.149124,-0.6421127,-205.603821,10.890708,0.0243779682
"Continuous asphalt network",783,147.568558,-0.866419137,-204.717239,24.58104,0.0322872363
"Continuous asphalt network",784,145.546616,-1.14655817,-212.966843,73.6628952,0.0398951359
"Continuous asphalt network",785,136.386719,-1.91917419,-231.291641,36.8315964,0.03783619
"Continuous asphalt network",786,140.750488,-1.4430908,-218.987549,36.83157,0.0362261236
"Continuous asphalt network",787,125.919739,-2.72109485,-249.5508,36.83125,0.03848523
"Continuous asphalt network",788,117.8508,-3.37674332,-264.799652,9.207839,0.03638371
"Continuous asphalt network",789,112.944092,-3.72273,-273.945618,4.604094,0.0284237824
"Continuous asphalt network",790,115.779518,-3.51087284,-267.8264,4.60407972,0.0371549763
"Continuous asphalt network",791,121.777184,-3.00197339,-255.60437,18.4156189,0.03834061
"Continuous asphalt network",792,130.937057,-2.2186482,-237.279526,36.8312,0.03802024
"Continuous asphalt network",793,138.78981,-1.47604275,-218.889038,18.4154987,0.0363350771
"Continuous asphalt network",794,134.426041,-1.95212615,-231.19313,18.4155121,0.0379328
"Continuous asphalt network",795,89.9823,-4.333837,-312.756622,27.1705647,0.00594909443
"Continuous asphalt network",796,-25.75084,-5.09940338,-345.18457,33.5316429,0
"Continuous asphalt network",797,-26.8318844,-5.09940338,-332.353516,63.872448,0
"Continuous asphalt network",798,-48.9320068,-5.101438,-330.362457,49.6377525,0.000440175849
"Continuous asphalt network",799,-54.2030334,-5.102455,-330.265564,43.7206,0
"Continuous asphalt network",800,-94.38931,-5.43816948,-282.147278,64.42651,0
"Continuous asphalt network",801,-84.02329,-5.43528938,-266.7581,32.2132454,0.000441189
"Continuous asphalt network",802,-89.54476,-5.438038,-277.717438,32.21327,0.0001145494
"Continuous asphalt network",803,-83.69131,-5.450386,-247.450974,52.3252831,0.00186222
"Continuous asphalt network",804,-101.355568,-5.470694,-249.426147,66.23929,0.000462711061
"Continuous asphalt network",805,-111.798187,-5.47174072,-265.156738,33.1195679,0
"Continuous asphalt network",806,-106.172646,-5.47174072,-253.863327,33.11948,0
"Continuous asphalt network",807,-167.663269,-5.47352362,-197.952515,24.5402451,0.0004268419
"Continuous asphalt network",808,-79.6533,-5.475811,-234.06929,5.86241865,0.00332827051
"Continuous asphalt network",809,-29.0703487,-5.105737,-315.54837,34.2642479,0.00271456619
"Continuous asphalt network",810,-21.8197937,-6.59389639,-217.020752,32.27972,0.02378206
"Continuous asphalt network",811,-8.847951,-6.954492,-225.34938,8.06987,0.0221602917
"Continuous asphalt network",812,-1.09240532,-7.132765,-230.39801,4.035009,0.0147824436
"Continuous asphalt network",813,-6.44651461,-7.021635,-227.3751,4.03501034,0.0221686959
"Continuous asphalt network",814,-17.016922,-6.74053431,-221.072189,16.13976,0.0237271618
"Continuous asphalt network",815,-38.4333649,-6.15408468,-208.980591,16.1398487,0.0239343867
"Continuous asphalt network",816,-49.1415863,-5.877716,-202.9348,16.13983,0.0210180227
"Continuous asphalt network",817,-32.5280151,-6.300457,-210.97493,32.2797356,0.02394385
"Continuous asphalt network",818,-0.4033591,-7.139219,-229.11232,16.1398525,0.0152851222
"Continuous asphalt network",819,-5.481848,-7.028063,-225.57515,16.1397839,0.0231924076
"Continuous asphalt network",820,3.23836064,-7.22582626,-228.8238,32.2798576,0.0284704939
"Continuous asphalt network",821,-15.6388321,-6.739942,-218.500809,32.2800064,0.0238730479
"Continuous asphalt network",822,-4.37937737,-7.04128838,-223.518051,32.2800636,0.0251245145
"Continuous asphalt network",823,22.26029,-8.039035,-209.100418,4.129741,0.0393091254
"Continuous asphalt network",824,26.3804474,-8.235552,-205.100266,1.03244913,0.04706393
"Continuous asphalt network",825,28.4864063,-8.352077,-203.167038,1.032457,0.0350819379
"Continuous asphalt network",826,25.5109863,-8.156505,-206.334183,2.064872,0.0584033877
"Continuous asphalt network",827,20.5213718,-7.986999,-211.568253,8.259402,0.0141792241
"Continuous asphalt network",828,14.7540512,-7.74813128,-218.169922,16.5189114,0.0351632126
"Continuous asphalt network",829,26.97463,-8.301957,-203.4654,4.129722,0.0356599241
"Continuous asphalt network",830,24.86867,-8.185433,-205.398621,4.12970829,0.0499025844
"Continuous asphalt network",831,21.7097378,-8.066266,-208.298508,8.259453,0.02790141
"Continuous asphalt network",832,26.4240723,-8.299507,-202.663452,8.259579,0.0356739461
"Continuous asphalt network",833,28.1629868,-8.379317,-200.1956,8.259499,0.032245867
"Continuous asphalt network",834,36.7658424,-8.52968,-187.722672,2.06481314,0.0561850034
"Continuous asphalt network",835,34.8434029,-8.48632,-189.923218,2.064856,0.0210536234
"Continuous asphalt network",836,31.9597454,-8.433603,-193.22406,4.129742,0.007871923
"Continuous asphalt network",837,37.36003,-8.531625,-186.087769,8.259547,0.02383358
"Continuous asphalt network",838,42.4391479,-8.524247,-178.483719,0.258121878,0.0308176335
"Continuous asphalt network",839,43.49213,-8.500384,-177.51709,0.2581234,0.04025527
"Continuous asphalt network",840,42.0044136,-8.529624,-179.1007,0.516231835,0.0181645863
"Continuous asphalt network",841,40.5625877,-8.538104,-180.7511,1.03245258,0.0181684643
"Continuous asphalt network",842,43.3544922,-8.490163,-177.3166,0.5162219,0.05313156
"Continuous asphalt network",843,42.30151,-8.514027,-178.283218,0.516218841,0.0477564633
"Continuous asphalt network",844,43.697464,-8.462197,-176.566,1.03241324,0.0292000454
"Continuous asphalt network",845,45.8022957,-8.315752,-173.380936,0.06453186,0.05678169
"Continuous asphalt network",846,46.3287773,-8.264029,-172.897629,0.0645321,0.107162789
"Continuous asphalt network",847,45.58493,-8.33336,-173.6894,0.129055977,0.0512610152
"Continuous asphalt network",848,44.8640137,-8.379429,-174.514633,0.2581133,0.0379919223
"Continuous asphalt network",849,46.2599525,-8.264873,-172.797409,0.1290476,0.0995701551
"Continuous asphalt network",850,45.73347,-8.316596,-173.2807,0.129047126,0.0459166542
"Continuous asphalt network",851,46.43144,-8.234978,-172.4221,0.2581043,0.102055781
"Continuous asphalt network",852,47.4724,-8.27143,-170.812851,0.258115351,0.161184266
"Continuous asphalt network",853,48.3418579,-8.310478,-169.578918,0.2581102,0.170667648
"Continuous asphalt network",854,47.32385,-8.233093,-171.221573,0.2580878,0.1654188
"Continuous asphalt network",855,47.032196,-8.195165,-171.734421,0.1290442,0.1654182
"Continuous asphalt network",856,46.8377724,-8.19119,-172.076309,0.129057616,0.07355972
"Continuous asphalt network",857,45.0016479,-8.382312,-174.715134,0.516239166,0.03747744
"Continuous asphalt network",858,45.96287,-8.301969,-173.614822,0.5162262,0.07297485
"Continuous asphalt network",859,44.70456,-8.416218,-175.532547,1.032433,0.0411004871
"Continuous asphalt network",860,40.83787,-8.545264,-181.152054,2.06488,0.01302014
"Continuous asphalt network",861,42.66855,-8.533333,-178.817871,0.5162287,0.0225427728
"Continuous asphalt network",862,43.6297722,-8.506525,-177.717575,0.5162279,0.0359461829
"Continuous asphalt network",863,42.3714561,-8.540428,-179.6353,1.032443,0.0130845457
"Continuous asphalt network",864,40.2436943,-8.56157,-182.786942,4.129774,0.01651317
"Continuous asphalt network",865,32.5103,-8.429252,-194.025986,8.259528,0.008063941
"Continuous asphalt network",866,36.1716652,-8.511069,-189.357544,2.06491566,0.0230145175
"Continuous asphalt network",867,38.0941048,-8.554429,-187.157028,2.06492949,0.0152383382
"Continuous asphalt network",868,35.5774879,-8.477332,-190.992432,4.129748,0.0188832246
"Continuous asphalt network",869,31.3219357,-8.4287405,-197.295731,16.51905,0.0180527586
"Continuous asphalt network",870,16.2222042,-7.75889444,-220.3084,8.25959,0.0487151071
"Continuous asphalt network",871,11.643239,-7.53693151,-223.640259,8.259586,0.0339192078
"Continuous asphalt network",872,17.7776089,-7.869034,-217.5732,16.5192089,0.0440775
"Continuous asphalt network",873,23.1778927,-8.006945,-210.436935,8.25959,0.0317127
"Continuous asphalt network",874,26.93102,-8.208451,-205.902176,0.5162211,0.0728066862
"Continuous asphalt network",875,25.7862759,-8.131468,-206.735153,0.51623106,0.051293496
"Continuous asphalt network",876,27.3198643,-8.256126,-205.218384,1.03243351,0.0600655377
"Continuous asphalt network",877,29.1505375,-8.386165,-202.8842,1.03243339,0.0817884058
"Continuous asphalt network",878,28.372839,-8.334613,-204.25177,1.03244293,0.0505573153
"Continuous asphalt network",879,26.061554,-8.106929,-207.136108,1.03246212,0.0725421757
"Continuous asphalt network",880,27.4007187,-8.225898,-205.961258,0.5162551,0.06708282
"Continuous asphalt network",881,27.0118713,-8.159026,-206.645065,0.5162051,0.107834004
"Continuous asphalt network",882,26.05065,-8.053575,-207.745316,1.03246343,0.102996111
"Continuous asphalt network",883,25.6617966,-8.02329,-208.429123,1.0324651,0.0399225056
"Continuous asphalt network",884,21.9895344,-7.99004,-213.706726,16.51912,0.0193416756
"Continuous asphalt network",885,14.2561417,-7.53753662,-224.94574,8.25948,0.0328413174
"Continuous asphalt network",886,11.2325821,-7.479349,-225.542435,8.259483,0.03184001
"Continuous asphalt network",887,18.1010227,-7.81234,-220.544632,8.259471,0.0473497249
"Continuous asphalt network",888,16.934473,-7.67677546,-222.596,4.129694,0.08413358
"Continuous asphalt network",889,16.1567745,-7.58383036,-223.963577,4.129814,0.0369128
"Continuous asphalt network",890,11.18896,-7.43449,-227.979248,8.259616,0.0272506289
"Continuous asphalt network",891,14.6013718,-7.48494864,-226.698746,4.12974548,0.0293849148
"Continuous asphalt network",892,13.8236732,-7.47060251,-228.06633,4.12980747,0.009950199
"Continuous asphalt network",893,12.2682724,-7.45574951,-230.801514,4.12979126,0.03821649
"Continuous asphalt network",894,11.49057,-7.44060135,-232.169113,4.12976933,0.0413943455
"Continuous asphalt network",895,10.4112616,-7.40449762,-229.346848,8.259594,0.0219087228
"Continuous asphalt network",896,34.47906,-8.342369,-239.196152,2.01357484,0.0535781272
"Continuous asphalt network",897,33.5868378,-8.431347,-237.785889,0.50339967,0.0717667
"Continuous asphalt network",898,33.140728,-8.485198,-237.080765,0.1258466,0.118063822
"Continuous asphalt network",899,32.9989967,-8.53764,-236.731384,0.125839114,0.202026874
"Continuous asphalt network",900,33.5368843,-8.451005,-237.268112,0.251688629,0.0600616373
"Continuous asphalt network",901,34.3791542,-8.384369,-238.160568,1.00680971,0.0468861163
"Continuous asphalt network",902,36.06368,-8.265059,-239.945511,4.02713251,0.0466675423
"Continuous asphalt network",903,32.3437576,-8.425019,-239.457031,1.00676537,0.09504664
"Continuous asphalt network",904,33.2778,-8.339649,-240.1811,1.006795,0.05225861
"Continuous asphalt network",905,31.65135,-8.421139,-240.1179,0.5034124,0.118085913
"Continuous asphalt network",906,31.0007687,-8.466618,-240.092636,0.5034082,0.13064675
"Continuous asphalt network",907,31.6931763,-8.473233,-239.431763,1.00675941,0.09700066
"Continuous asphalt network",908,32.42741,-8.51485348,-238.084732,1.00679886,0.109907515
"Continuous asphalt network",909,32.6069069,-8.5421,-237.146,0.0629253462,0.2343913
"Continuous asphalt network",910,32.840416,-8.495812,-237.327026,0.062926,0.0799908862
"Continuous asphalt network",911,32.3983727,-8.57043,-237.223877,0.125845447,0.223067656
"Continuous asphalt network",912,32.6737061,-8.587357,-236.71875,0.125843346,0.23348093
"Continuous asphalt network",913,32.9321938,-8.500434,-237.158646,0.06292229,0.0822793543
"Continuous asphalt network",914,32.69869,-8.54672,-236.977615,0.0629216358,0.233467937
"Continuous asphalt network",915,33.1697578,-8.454085,-237.94165,0.2517137,0.09549665
"Continuous asphalt network",916,32.6568565,-8.49941349,-237.6638,0.062921606,0.0640658662
"Continuous asphalt network",917,32.42335,-8.53612,-237.482773,0.06292634,0.196789458
"Continuous asphalt network",918,32.8653831,-8.487435,-237.585922,0.125855833,0.06405255
"Continuous asphalt network",919,33.6449165,-8.357472,-239.507614,1.00676918,0.05206286
"Continuous asphalt network",920,32.7108727,-8.44284248,-238.783524,1.0067395,0.09498965
"Continuous asphalt network",921,34.6881752,-8.430087,-235.765381,0.503385961,0.037474215
"Continuous asphalt network",922,34.4047127,-8.471097,-235.0666,0.5033858,0.07696509
"Continuous asphalt network",923,35.48049,-8.400935,-236.140076,1.00677538,0.0321707241
"Continuous asphalt network",924,33.6205254,-8.503052,-235.895828,0.251677245,0.174308136
"Continuous asphalt network",925,34.0875473,-8.440436,-236.257874,0.2516719,0.0411583
"Continuous asphalt network",926,33.2034645,-8.56277752,-236.051559,0.5033867,0.193124563
"Continuous asphalt network",927,33.75413,-8.531863,-235.0413,0.503380537,0.156157181
"Continuous asphalt network",928,34.2711,-8.440121,-235.921143,0.251696229,0.0406541266
"Continuous asphalt network",929,33.80408,-8.502736,-235.559082,0.251701564,0.173846036
"Continuous asphalt network",930,34.81365,-8.501327,-233.706924,2.01354051,0.06035738
"Continuous asphalt network",931,35.8476067,-8.406011,-235.466568,1.00676954,0.03233979
"Continuous asphalt network",932,34.91356,-8.464181,-234.7425,1.0067699,0.06630806
"Continuous asphalt network",933,36.7979164,-8.290042,-238.5985,4.02704763,0.04570191
"Continuous asphalt network",934,34.7462654,-8.388291,-237.487061,1.00674176,0.04737414
"Continuous asphalt network",935,33.7204437,-8.444146,-236.931351,0.25169605,0.0600621738
"Continuous asphalt network",936,33.25342,-8.515899,-236.569336,0.251697361,0.1952761
"Continuous asphalt network",937,34.13751,-8.428411,-236.775635,0.503359139,0.0423813649
"Continuous asphalt network",938,35.5804024,-8.371274,-237.175613,2.01354933,0.03886772
"Continuous asphalt network",939,36.8908577,-8.446601,-231.72435,0.5033799,0.0277485978
"Continuous asphalt network",940,36.6073952,-8.430786,-231.025558,0.5033796,0.0445042141
"Continuous asphalt network",941,37.68317,-8.447624,-232.099045,1.00676548,0.0241211411
"Continuous asphalt network",942,35.8232155,-8.445912,-231.854782,0.251690745,0.0551929325
"Continuous asphalt network",943,36.29024,-8.432359,-232.216843,0.251687855,0.008436817
"Continuous asphalt network",944,35.406147,-8.480435,-232.010513,0.503385544,0.105431259
"Continuous asphalt network",945,35.9109154,-8.420531,-231.084457,0.06292848,0.0648181438
"Continuous asphalt network",946,36.14443,-8.422424,-231.265457,0.06292839,0.06857032
"Continuous asphalt network",947,35.70238,-8.443135,-231.162308,0.125847355,0.1251831
"Continuous asphalt network",948,35.97772,-8.4126215,-230.657181,0.125839844,0.07682454
"Continuous asphalt network",949,36.23621,-8.421279,-231.097092,0.06292529,0.07148128
"Continuous asphalt network",950,36.002697,-8.419385,-230.916061,0.062925376,0.054064028
"Continuous asphalt network",951,36.4737968,-8.435407,-231.880081,0.251689941,0.0203777663
"Continuous asphalt network",952,35.84412,-8.441775,-231.511719,0.1258359,0.14560318
"Continuous asphalt network",953,36.16941,-8.428984,-231.524368,0.125849128,0.044244796
"Continuous asphalt network",954,37.01633,-8.467664,-229.6659,2.01355219,0.06564138
"Continuous asphalt network",955,38.05029,-8.470666,-231.425522,1.00677419,0.0378395319
"Continuous asphalt network",956,37.11624,-8.453067,-230.701431,1.00677609,0.0609061047
"Continuous asphalt network",957,38.2594032,-8.575859,-227.994751,0.50337553,0.00465467526
"Continuous asphalt network",958,37.6088257,-8.553374,-227.969482,0.503385544,0.07745
"Continuous asphalt network",959,38.3012238,-8.597238,-227.308609,1.00675929,0.0520227477
"Continuous asphalt network",960,38.8519,-8.650756,-226.29834,2.01356769,0.04392719
"Continuous asphalt network",961,38.600956,-8.507749,-230.415268,2.01353383,0.0320417173
"Continuous asphalt network",962,37.8923,-8.540841,-228.668259,0.503378,0.09329487
"Continuous asphalt network",963,38.5428772,-8.563327,-228.693542,0.503368,0.03208193
"Continuous asphalt network",964,37.8504753,-8.518191,-229.354416,1.00680256,0.0390572548
"Continuous asphalt network",965,37.89925,-8.326603,-236.577957,8.054076,0.0444180481
"Continuous asphalt network",966,36.9489479,-8.424056,-233.446045,1.006755,0.020667417
"Continuous asphalt network",967,35.9231262,-8.436767,-232.89032,0.251695752,0.02793694
"Continuous asphalt network",968,35.4561043,-8.469264,-232.528275,0.25169304,0.108364068
"Continuous asphalt network",969,36.3401947,-8.434384,-232.7346,0.5033683,0.007339322
"Continuous asphalt network",970,37.7830849,-8.426307,-233.134583,2.01354527,0.0197849181
"Continuous asphalt network",971,36.6817436,-8.39851,-235.15509,2.01354218,0.0298685338
"Continuous asphalt network",972,35.7895164,-8.441834,-233.744858,0.503400445,0.0278585851
"Continuous asphalt network",973,35.34341,-8.456244,-233.039734,0.125840634,0.045075167
"Continuous asphalt network",974,35.20168,-8.481224,-232.690353,0.1258403,0.118673623
"Continuous asphalt network",975,35.739563,-8.446105,-233.227066,0.251692653,0.02793896
"Continuous asphalt network",976,36.5818367,-8.422168,-234.119553,1.00680149,0.020565249
"Continuous asphalt network",977,41.2962227,-8.709009,-223.642227,0.503377557,0.02724745
"Continuous asphalt network",978,40.7792435,-8.754707,-222.762436,0.251692265,0.08621323
"Continuous asphalt network",979,41.2462654,-8.72092152,-223.124466,0.25170356,0.0290589668
"Continuous asphalt network",980,42.0885353,-8.692985,-224.016922,1.00676537,0.0180904344
"Continuous asphalt network",981,40.136795,-8.738856,-223.941086,1.006725,0.05645265
"Continuous asphalt network",982,40.36217,-8.771361,-222.9182,0.5033868,0.07946428
"Continuous asphalt network",983,40.64564,-8.733987,-223.616959,0.5033868,0.0579922348
"Continuous asphalt network",984,41.4216957,-8.770856,-221.5838,2.01353526,0.0507597663
"Continuous asphalt network",985,42.45565,-8.698952,-223.34343,1.00677812,0.0171524379
"Continuous asphalt network",986,41.42982,-8.727016,-222.78772,0.251694918,0.0323708057
"Continuous asphalt network",987,40.9628,-8.760802,-222.425659,0.251683652,0.08643347
"Continuous asphalt network",988,41.8468933,-8.72107,-222.631973,0.5033931,0.0372839831
"Continuous asphalt network",989,42.890152,-8.749503,-218.889755,4.027077,0.0301770847
"Continuous asphalt network",990,42.72286,-8.733347,-221.634354,4.02713728,0.0332978778
"Continuous asphalt network",991,45.82706,-8.809403,-213.501663,8.054149,0.02471763
"Continuous asphalt network",992,44.60025,-8.735149,-217.580643,4.027074,0.0141657609
"Continuous asphalt network",993,43.69873,-8.712227,-221.672287,2.01355886,0.0142928483
"Continuous asphalt network",994,43.8660278,-8.728383,-218.927658,2.01352859,0.00482737273
"Continuous asphalt network",995,40.2692261,-8.529575,-229.792313,32.2166023,0.0382503
"Continuous asphalt network",996,52.35146,-8.966432,-202.750839,32.2167,0.0124134263
"Continuous asphalt network",997,58.3089256,-9.01125,-190.6024,4.027119,0.0273352545
"Continuous asphalt network",998,59.7773781,-8.939322,-187.90834,4.02714443,0.125721961
"Continuous asphalt network",999,61.7924347,-8.743838,-183.602112,0.06292345,0.138893843
"Continuous asphalt network",1000,62.02595,-8.750005,-183.783127,0.06292568,0.139696434
"Continuous asphalt network",1001,61.5839043,-8.7736845,-183.679977,0.125851274,0.1389034
"Continuous asphalt network",1002,61.85924,-8.708725,-183.17485,0.125845864,0.125690863
"Continuous asphalt network",1003,62.117733,-8.733007,-183.614746,0.06292345,0.0906338841
"Continuous asphalt network",1004,61.8842163,-8.72684,-183.433731,0.06292121,0.0713927448
"Continuous asphalt network",1005,62.2054443,-8.691066,-182.8444,0.503388464,0.08518787
"Continuous asphalt network",1006,62.96057,-8.69539,-181.1543,0.5033654,0.11284133
"Continuous asphalt network",1007,62.55164,-8.698712,-182.513962,0.503368855,0.128723562
"Continuous asphalt network",1008,63.87836,-8.794446,-179.470535,0.251694858,0.131713033
"Continuous asphalt network",1009,64.24548,-8.814836,-178.797043,0.251687527,0.00152607507
"Continuous asphalt network",1010,64.79615,-8.813159,-177.786758,0.5033876,0.00151924288
"Continuous asphalt network",1011,63.5716553,-8.763546,-180.4903,0.50339514,0.13169767
"Continuous asphalt network",1012,62.79561,-8.72626,-182.523453,0.251705468,0.128714
"Continuous asphalt network",1013,63.20454,-8.722939,-181.1638,0.251703739,0.112839222
"Continuous asphalt network",1014,61.9283638,-8.783921,-184.381149,0.2517031,0.037416026
"Continuous asphalt network",1015,61.5833244,-8.788063,-184.023849,0.125845641,0.109913662
"Continuous asphalt network",1016,61.90862,-8.770249,-184.0365,0.125843644,0.0481512249
"Continuous asphalt network",1017,61.5513763,-8.829285,-184.882324,0.503376,0.08767237
"Continuous asphalt network",1018,61.1226921,-8.867346,-185.897339,1.00678718,0.02625935
"Continuous asphalt network",1019,60.26532,-8.904776,-187.927353,2.0136025,0.04840863
"Continuous asphalt network",1020,55.93895,-8.976814,-197.388062,16.1083279,0.0287745111
"Continuous asphalt network",1021,49.5725441,-8.884206,-210.896164,16.10835,0.0210687723
"Continuous asphalt network",1022,46.7936249,-8.740346,-219.041458,8.054142,0.0142439241
"Continuous asphalt network",1023,47.7787971,-8.833138,-213.57756,8.054187,0.0235491842
"Continuous asphalt network",1024,42.2209625,-8.507142,-229.868164,16.10826,0.0312693976
"Continuous asphalt network",1025,44.67459,-8.700454,-221.7102,8.054145,0.0100773294
"Continuous asphalt network",1026,46.80293,-8.822424,-213.539612,4.02710247,0.02412254
"Continuous asphalt network",1027,45.8177528,-8.729631,-219.00354,4.02708,0.0153458733
"Continuous asphalt network",1028,78.38265,-2.12601566,-167.3144,20.0275841,0.0152099431
"Continuous asphalt network",1029,91.41019,-1.8850832,-175.276672,20.0275688,0.0163775
"Continuous asphalt network",1030,71.29529,-2.24282861,-164.3492,40.0549278,0.0152892079
"Continuous asphalt network",1031,110.9515,-1.51086938,-187.220078,20.0275574,0.0163075067
"Continuous asphalt network",1032,127.379311,-1.20470655,-196.91893,5.007016,0.014963055
"Continuous asphalt network",1033,137.221664,-1.0610863,-202.763626,2.50352216,0.009088411
"Continuous asphalt network",1034,130.5645,-1.148209,-199.036484,2.503528,0.015318213
"Continuous asphalt network",1035,117.321861,-1.38626671,-191.4552,10.0140162,0.0163614247
"Continuous asphalt network",1036,90.6932,-1.88530409,-176.546585,10.0138569,0.0163851883
"Continuous asphalt network",1037,77.37886,-2.12696576,-169.092285,10.0138435,0.0152929937
"Continuous asphalt network",1038,97.63715,-1.76023448,-179.765762,20.027565,0.0163769964
"Continuous asphalt network",1039,31.0654812,-2.89537239,-142.494278,20.0271244,0.0138665829
"Continuous asphalt network",1040,50.7501945,-2.57635665,-154.1837,10.013752,0.0141814295
"Continuous asphalt network",1041,37.43585,-2.78972173,-146.729385,10.0137434,0.0138132647
"Continuous asphalt network",1042,10.8071823,-3.2178154,-131.8208,10.013875,0.0142456107
"Continuous asphalt network",1043,-2.50715446,-3.4406662,-124.366516,10.0138855,0.0149636529
"Continuous asphalt network",1044,17.7511463,-3.10950351,-135.039978,20.0271187,0.0142336609
"Continuous asphalt network",1045,51.18039,-2.57575583,-153.421753,20.0275249,0.0141814277
"Continuous asphalt network",1046,38.1528473,-2.78949523,-145.459488,20.027504,0.0139146829
"Continuous asphalt network",1047,58.2677574,-2.46706653,-156.386948,40.0549622,0.01418141
"Continuous asphalt network",1048,112.098671,-1.51051366,-185.188217,40.0548172,0.0163193382
"Continuous asphalt network",1049,127.952911,-1.20318758,-195.903,10.01369,0.0153758423
"Continuous asphalt network",1050,137.436768,-1.05889511,-202.382645,5.006788,0.009759852
"Continuous asphalt network",1051,130.923,-1.14623868,-198.401535,5.006805,0.0160990842
"Continuous asphalt network",1052,118.038857,-1.38625813,-190.185257,20.0274086,0.0163144246
"Continuous asphalt network",1053,91.98377,-1.884935,-174.260742,20.0272026,0.0163790938
"Continuous asphalt network",1054,78.95624,-2.12586761,-166.298477,20.02722,0.0152115561
"Continuous asphalt network",1055,99.07113,-1.75988865,-177.225937,40.0548172,0.0163746253
"Continuous asphalt network",1056,136.8838,-1.05271244,-199.4825,10.013792,0.0144521827
"Continuous asphalt network",1057,139.4237,-1.02948725,-202.742981,10.0138063,0.0252411477
"Continuous asphalt network",1058,131.926773,-1.1390692,-196.623642,20.0275021,0.0165290926
"Continuous asphalt network",1059,143.684387,-0.9313717,-202.955673,20.0274181,0.03242213
"Continuous asphalt network",1060,141.144485,-0.9545968,-199.695175,20.02751,0.0288683269
"Continuous asphalt network",1061,119.472839,-1.38593829,-187.645432,40.0552063,0.01631038
"Continuous asphalt network",1062,133.360764,-1.13102782,-194.0838,10.0136766,0.017804347
"Continuous asphalt network",1063,140.161331,-0.974417031,-197.556961,10.0136566,0.0238492768
"Continuous asphalt network",1064,129.386887,-1.19756448,-193.363159,20.027586,0.0167607646
"Continuous asphalt network",1065,90.87549,-0.634401858,-98.16505,13.846735,0.0195882432
"Continuous asphalt network",1066,97.28174,-0.5365034,-103.000732,6.92342949,0.009004862
"Continuous asphalt network",1067,92.52067,-0.5617719,-100.727776,1.73086691,0.0202033725
"Continuous asphalt network",1068,90.20699,-0.599592149,-99.46163,1.73085046,0.0290128347
"Continuous asphalt network",1069,93.94491,-0.558193445,-100.8422,3.46171331,0.0122264251
"Continuous asphalt network",1070,-60.0327568,-5.505247,-187.823349,38.8777733,0.0179128647
"Continuous asphalt network",1071,-56.4721832,-5.37254572,-181.3302,38.8777161,0.021818554
"Continuous asphalt network",1072,-48.86501,-4.97204828,-165.031219,38.8775673,0.02250128
"Continuous asphalt network",1073,-53.3976479,-5.280744,-178.149857,38.8776245,0.0223609954
"Continuous asphalt network",1074,-38.1832848,-4.47239828,-145.551865,38.87757,0.02246642
"Continuous asphalt network",1075,-28.1486874,-3.99319,-126.039375,19.4388542,0.0205823015
"Continuous asphalt network",1076,-33.9755821,-4.299829,-139.091843,19.4388,0.0225307811
"Continuous asphalt network",1077,-43.36305,-4.78736734,-158.637421,38.877552,0.0225099288
"Continuous asphalt network",1078,-51.45627,-5.262905,-178.249191,19.4391232,0.0224502832
"Continuous asphalt network",1079,-46.9236259,-4.954209,-165.130539,19.4390965,0.0225888491
"Continuous asphalt network",1080,-68.09612,-5.581875,-203.847946,29.6608047,0.00369410682
"Continuous asphalt network",1081,-75.35413,-5.5468154,-211.370239,29.6607914,0.00305307168
"Continuous asphalt network",1082,-65.8924942,-5.57723236,-197.931534,59.3213043,0.009817977
"Continuous asphalt network",1083,-88.06089,-5.32905626,-57.2525444,24.5086117,0.00105634937
"Continuous asphalt network",1084,-116.019661,-5.33135128,-37.7239037,51.77645,0
"Continuous asphalt network",1085,-214.255417,-6.688368,34.5341034,30.7284737,0.000371330272
"Continuous asphalt network",1086,-320.366669,-6.67115545,-41.5765076,23.194891,0
"Continuous asphalt network",1087,-371.479218,-6.66810369,13.6928663,51.505146,0
"Continuous asphalt network",1088,-328.678223,-6.67115545,-24.0339756,27.4322968,0
"Continuous asphalt network",1089,-308.89798,-6.67222357,-49.2002525,60.8095322,0.000241921225
"Continuous asphalt network",1090,-255.318192,-6.6752243,26.6849823,20.9814072,0.000254591549
"Continuous asphalt network",1091,-259.798,-6.674207,20.0243835,20.981329,0
"Continuous asphalt network",1092,-255.129044,-6.6762414,31.12943,41.9637566,0.000254593353
"Continuous asphalt network",1093,-266.517731,-6.674207,10.0334625,20.9817085,0
"Continuous asphalt network",1094,-272.724762,-6.674207,-0.235967,10.4906273,0
"Continuous asphalt network",1095,-269.270355,-6.674207,6.9816947,10.4906015,0
"Continuous asphalt network",1096,-262.36142,-6.674207,21.417038,10.4904814,0
"Continuous asphalt network",1097,-258.907,-6.6752243,28.6347256,10.4904509,0.0002545924
"Continuous asphalt network",1098,-263.063263,-6.674207,17.2511444,20.98178,0
"Continuous asphalt network",1099,-279.9572,-6.674207,-9.94833851,20.981781,0
"Continuous asphalt network",1100,-286.164276,-6.674207,-20.2178135,10.4908657,0
"Continuous asphalt network",1101,-282.7098,-6.674207,-13.0001268,10.4909239,0
"Continuous asphalt network",1102,-292.884,-6.674207,-30.20872,10.4909439,0
"Continuous asphalt network",1103,-297.363831,-6.673408,-36.86932,10.490983,0.00137095153
"Continuous asphalt network",1104,-285.462433,-6.674207,-16.0519,10.4912014,0
"Continuous asphalt network",1105,-288.9169,-6.674207,-23.2695866,10.4909449,0
"Continuous asphalt network",1106,-269.0812,-6.674207,11.426137,10.490984,0
"Continuous asphalt network",1107,-273.561035,-6.674207,4.76554346,10.49074,0
"Continuous asphalt network",1108,-261.659637,-6.6752243,25.5829468,10.4923334,0.001751025
"Continuous asphalt network",1109,-265.114044,-6.674207,18.36526,10.49101,0
"Continuous asphalt network",1110,-276.502777,-6.674207,-2.73065686,20.9817352,0
"Continuous asphalt network",1111,-270.295715,-6.674207,7.53876734,10.4911366,0
"Continuous asphalt network",1112,-273.750153,-6.674207,0.321105957,10.4911623,0
"Continuous asphalt network",1113,-270.204926,-6.674207,34.9120636,82.6112747,0
"Continuous asphalt network",1114,-282.770142,-6.674207,14.8958178,41.30633,0
"Continuous asphalt network",1115,-275.762177,-6.674207,28.9815,41.3063049,0
"Continuous asphalt network",1116,-296.362,-6.674207,-4.56430054,41.30464,0
"Continuous asphalt network",1117,-309.440552,-6.67318964,-24.302475,20.6522064,0.000129395266
"Continuous asphalt network",1118,-301.4059,-6.674207,-10.7729445,20.65224,0
"Continuous asphalt network",1119,-288.8407,-6.674207,9.243312,41.30459,0
"Continuous asphalt network",1120,-277.302124,-6.674207,29.8157043,20.6529522,0
"Continuous asphalt network",1121,-284.3101,-6.674207,15.7300215,20.6529636,0
"Continuous asphalt network",1122,-282.912079,-6.674207,42.8528137,73.06444,0
"Continuous asphalt network",1123,-294.9757,-6.674207,25.7427979,36.53161,0
"Continuous asphalt network",1124,-288.305328,-6.674207,37.8953056,36.53156,0
"Continuous asphalt network",1125,-308.0683,-6.67318964,9.192149,36.53188,0.000146760984
"Continuous asphalt network",1126,-320.646362,-6.67115545,-7.638214,18.265274,0
"Continuous asphalt network",1127,-312.947,-6.67217255,3.9549408,18.26527,0.000146760969
"Continuous asphalt network",1128,-300.883453,-6.674207,21.0649815,36.5318,0
"Continuous asphalt network",1129,-289.848846,-6.674207,38.73436,18.2661324,0
"Continuous asphalt network",1130,-296.519226,-6.674207,26.5818539,18.26616,0
"Continuous asphalt network",1131,-295.49942,-6.674207,50.4656868,62.6092377,0
"Continuous asphalt network",1132,-306.544342,-6.67318964,36.1961632,31.3051243,0.000175925918
"Continuous asphalt network",1133,-300.670929,-6.674207,46.3037148,31.3051643,0
"Continuous asphalt network",1134,-318.7067,-6.67115545,22.3725338,31.3048553,0
"Continuous asphalt network",1135,-330.310272,-6.67115545,8.3259325,15.6522045,0
"Continuous asphalt network",1136,-323.3195,-6.67115545,17.9876,15.6521969,0
"Continuous asphalt network",1137,-312.274567,-6.67217255,32.2571526,31.3048916,0.000175925568
"Continuous asphalt network",1138,-302.347046,-6.674207,46.97258,15.6520376,0
"Continuous asphalt network",1139,-308.220459,-6.67318964,36.8650246,15.6520176,0.0001759254
"Continuous asphalt network",1140,-323.89975,-6.671354,41.651226,12.1035948,0.000330163573
"Continuous asphalt network",1141,-316.796021,-6.672371,47.05432,12.103651,0.000399344455
"Continuous asphalt network",1142,-326.71225,-6.671354,37.99751,24.2067051,4.45960068E-05
"Continuous asphalt network",1143,-335.8892,-6.67115545,27.9884739,12.1037073,0
"Continuous asphalt network",1144,-342.25354,-6.67115545,21.63317,12.1036177,0
"Continuous asphalt network",1145,-333.4463,-6.67115545,32.11833,24.2067242,0
"Continuous asphalt network",1146,-317.905029,-6.67217255,48.4826164,24.2072163,0.000227966215
"Continuous asphalt network",1147,-325.0087,-6.67115545,43.0795174,24.2071056,0
"Continuous asphalt network",1148,-315.831818,-6.67318964,53.08853,48.4137268,0.0002279671
"Continuous asphalt network",1149,-282.398773,-6.674207,55.7794,50.24802,0
"Continuous asphalt network",1150,-245.6978,-6.678276,35.86276,46.5418434,0.000255549123
"Continuous asphalt network",1151,-371.5293,-6.66708565,31.9935,65.0775452,0.00017310174
"Continuous asphalt network",1152,-360.738525,-6.66505051,46.7006874,32.5389671,0
"Continuous asphalt network",1153,-366.405975,-6.6660676,36.29587,32.53883,0.000173101842
"Continuous asphalt network",1154,-290.106964,-6.66505051,87.8147354,16.0836658,0
"Continuous asphalt network",1155,-103.704155,-6.15040827,0.678029358,24.5012913,0.03704526
"Continuous asphalt network",1156,-135.688522,-5.073951,44.79149,22.71435,0.001628026
"Continuous asphalt network",1157,-129.11409,-5.07496834,39.9646759,22.7143936,0.0009225751
"Continuous asphalt network",1158,-118.721733,-5.094538,33.1026,11.356966,0.00379592669
"Continuous asphalt network",1159,-111.881958,-5.145301,28.464859,2.83928943,0.0122460956
"Continuous asphalt network",1160,-108.594749,-5.222495,26.0514679,2.83927727,0.0300984327
"Continuous asphalt network",1161,-114.056282,-5.12565565,29.2934475,5.678516,0.0119664613
"Continuous asphalt network",1162,-123.0704,-5.08648729,34.75976,22.71425,0.002936577
"Continuous asphalt network",1163,-137.2807,-5.073951,43.65714,45.428257,0.0007848494
"Continuous asphalt network",1164,-144.916565,-5.07193565,47.72771,45.4283752,0
"Continuous asphalt network",1165,-47.3183861,-5.03870249,-12.8099623,55.30094,0.004719599
"Continuous asphalt network",1166,-93.28811,-5.54081964,11.4168348,30.3239784,0.04714197
"Continuous asphalt network",1167,-99.97819,-5.698414,13.4615173,7.60284,0.05035072
"Continuous asphalt network",1168,8.989811,-3.33749747,-42.07102,8.557838,0.0471822955
"Continuous asphalt network",1169,4.89015436,-3.481983,-45.332386,4.27887726,0.0408659279
"Continuous asphalt network",1170,6.9520936,-3.4256506,-42.7643127,4.27889538,0.043773897
"Continuous asphalt network",1171,11.5793467,-3.20243526,-37.92355,17.1156979,0.05362028
"Continuous asphalt network",1172,5.872679,-3.42585659,-47.7979126,17.1157436,0.03384066
"Continuous asphalt network",1173,9.46897,-3.31130147,-44.2411766,8.55785,0.04069953
"Continuous asphalt network",1174,8.413777,-3.34332848,-47.3999939,8.557903,0.0358221456
"Continuous asphalt network",1175,18.2927723,-2.897845,-28.6399288,8.557852,0.0224569887
"Continuous asphalt network",1176,17.2375736,-2.93952656,-31.7987518,8.557816,0.0283202231
"Continuous asphalt network",1177,22.4166622,-2.74606419,-23.5037785,4.278943,0.04089137
"Continuous asphalt network",1178,25.25788,-2.52861214,-19.5040035,2.13948369,0.0549998544
"Continuous asphalt network",1179,23.699316,-2.6861937,-22.3674412,2.13947463,0.04257736
"Continuous asphalt network",1180,19.8028927,-2.876756,-29.5260525,4.278965,0.0213657133
"Continuous asphalt network",1181,20.8580914,-2.83507442,-26.3672276,4.278968,0.0216462165
"Continuous asphalt network",1182,14.096221,-3.09792876,-39.4004173,8.557886,0.0473567322
"Continuous asphalt network",1183,11.2307825,-3.239562,-45.27498,2.13940239,0.0389725119
"Continuous asphalt network",1184,9.672214,-3.29510856,-48.1384239,2.13942623,0.0313851424
"Continuous asphalt network",1185,11.50669,-3.2232275,-43.5478935,4.278934,0.04681873
"Continuous asphalt network",1186,14.648037,-3.05094051,-35.946228,17.1156368,0.03720765
"Continuous asphalt network",1187,82.797226,-0.866854966,-94.104744,33.63197,0.03287827
"Continuous asphalt network",1188,66.03829,-1.44117546,-84.685,16.8158512,0.0296578184
"Continuous asphalt network",1189,77.56744,-1.066439,-90.2733154,16.81589,0.0288512837
"Continuous asphalt network",1190,49.546772,-2.013587,-74.7466049,16.8159027,0.0301612243
"Continuous asphalt network",1191,35.6701469,-2.49797845,-66.7239151,4.20403767,0.0308827832
"Continuous asphalt network",1192,27.3575382,-2.77499676,-61.88437,2.10211,0.0246784687
"Continuous asphalt network",1193,32.98841,-2.59692359,-64.93784,2.10211372,0.0310403351
"Continuous asphalt network",1194,44.1833038,-2.20617032,-71.17448,8.408083,0.0301623568
"Continuous asphalt network",1195,66.70679,-1.44088018,-83.3884048,8.408137,0.0295926668
"Continuous asphalt network",1196,77.968544,-1.06645525,-89.49535,8.408139,0.02886386
"Continuous asphalt network",1197,60.8085136,-1.6307379,-80.85357,16.8158836,0.0296523925
"Continuous asphalt network",1198,108.001953,-0.4488674,-102.924889,10.6054153,0.0156034017
"Continuous asphalt network",1199,112.96151,-2.01999187,-73.71701,20.4437332,0
"Continuous asphalt network",1200,94.817894,-2.01999187,-57.34444,14.0700455,0
"Continuous asphalt network",1201,102.082787,-2.01999187,-63.7805061,14.0700874,0
"Continuous asphalt network",1202,90.06902,-2.02100921,-54.8589,28.140419,0.0007681442
"Continuous asphalt network",1203,76.93881,-2.0312798,-46.6697655,14.0698452,0.00544608
"Continuous asphalt network",1204,68.5574951,-2.06501651,-40.96617,14.0698223,0.00652640639
"Continuous asphalt network",1205,82.2459,-2.024355,-48.78908,28.1404114,0.0008152734
"Continuous asphalt network",1206,103.757416,-2.01999187,-62.6817932,28.1400833,0
"Continuous asphalt network",1207,96.49252,-2.01999187,-56.2457275,28.14,0
"Continuous asphalt network",1208,109.6227,-2.01999187,-64.4348755,56.28019,0
"Continuous asphalt network",1209,200.629562,-2.026685,-50.9647026,9.163412,0.00221421872
"Continuous asphalt network",1210,208.425217,-2.029971,-40.3250122,9.163395,0.00159268547
"Continuous asphalt network",1211,197.101913,-2.02018833,-56.8241768,18.32629,0.00106282509
"Continuous asphalt network",1212,186.148758,-1.98984718,-73.86295,9.163189,0.008103569
"Continuous asphalt network",1213,178.8158,-1.92511845,-85.17716,2.29075766,0.0249650255
"Continuous asphalt network",1214,175.149338,-1.83943331,-90.83426,0.57267046,0.04850686
"Continuous asphalt network",1215,173.292969,-1.74683154,-93.62909,0.5726752,0.0528720878
"Continuous asphalt network",1216,175.984985,-1.87294924,-89.30196,1.1453805,0.0260647386
"Continuous asphalt network",1217,180.4871,-1.95443881,-82.1125259,4.58160448,0.009173658
"Continuous asphalt network",1218,189.491333,-2.0030067,-67.73368,18.3262558,0.0015425107
"Continuous asphalt network",1219,207.869949,-2.02749753,-39.5155945,18.32589,0.0030425915
"Continuous asphalt network",1220,200.074341,-2.024212,-50.1552849,18.3259239,0.00361010665
"Continuous asphalt network",1221,211.027466,-2.02348876,-33.1165352,36.65228,0.000896684651
"Continuous asphalt network",1222,228.388184,-1.99605715,-3.41449475,2.29102373,0.00301818666
"Continuous asphalt network",1223,232.286011,-1.96149635,1.90535986,2.291017,0.009425587
"Continuous asphalt network",1224,226.624344,-2.00293612,-6.34423828,4.58145332,0.0024203076
"Continuous asphalt network",1225,221.055237,-2.01347566,-14.7287245,9.16290951,0.000738102535
"Continuous asphalt network",1226,232.0084,-1.96214962,2.310089,4.581434,0.00942559
"Continuous asphalt network",1227,228.11058,-1.99671042,-3.00976563,4.581447,0.003018286
"Continuous asphalt network",1228,233.587158,-1.93388557,5.5096283,9.163233,0.0088106785
"Continuous asphalt network",1229,242.313766,-1.50685692,20.2931767,2.29061985,0.0415648036
"Continuous asphalt network",1230,238.647263,-1.74861622,14.6360731,0.572753668,0.0322647355
"Continuous asphalt network",1231,236.790909,-1.83495939,11.8412523,0.572756767,0.02138673
"Continuous asphalt network",1232,239.48291,-1.695558,16.16838,1.14530838,0.0312771164
"Continuous asphalt network",1233,243.985062,-1.36365545,23.3578186,4.581678,0.0414865725
"Continuous asphalt network",1234,249.184,-0.892429054,32.28192,2.2909472,0.048536364
"Continuous asphalt network",1235,252.6654,-0.5816999,38.2088,0.5727288,0.0491011441
"Continuous asphalt network",1236,254.429245,-0.4625472,41.13853,0.572734237,0.0319632739
"Continuous asphalt network",1237,251.876038,-0.6564689,36.60905,1.14547873,0.04412156
"Continuous asphalt network",1238,247.60527,-1.06100273,29.0823822,4.58166027,0.0479369462
"Continuous asphalt network",1239,237.950455,-1.78681946,12.9013977,2.29080248,0.0572934449
"Continuous asphalt network",1240,239.806808,-1.70047629,15.6962175,2.290854,0.0308394562
"Continuous asphalt network",1241,242.59137,-1.51156175,19.8884583,4.58177233,0.0412767939
"Continuous asphalt network",1242,238.228073,-1.78869247,12.4966784,4.581575,0.03257165
"Continuous asphalt network",1243,236.556808,-1.87239265,9.432053,4.58160734,0.0210116189
"Continuous asphalt network",1244,221.610474,-2.013646,-15.5381422,18.3262024,0.0005644417
"Continuous asphalt network",1245,228.850876,-1.99576914,-4.08904028,4.58155966,0.002247762
"Continuous asphalt network",1246,232.563644,-1.96130657,1.50061548,4.581566,0.008760442
"Continuous asphalt network",1247,227.364639,-2.003134,-7.423477,9.163058,0.00218814937
"Continuous asphalt network",1248,218.638016,-2.018258,-22.2070313,36.6523323,0.0009260707
"Continuous asphalt network",1249,187.444321,-1.978005,-75.75161,18.3262157,0.009063831
"Continuous asphalt network",1250,179.463577,-1.905708,-86.12148,4.58155775,0.02876498
"Continuous asphalt network",1251,175.473221,-1.81812727,-91.30642,1.14542139,0.0486298166
"Continuous asphalt network",1252,173.431763,-1.73492968,-93.83143,1.14542449,0.05286904
"Continuous asphalt network",1253,176.308884,-1.85550117,-89.7741,2.29076648,0.0296633728
"Continuous asphalt network",1254,181.134888,-1.9418093,-83.05685,9.1631155,0.0103136292
"Continuous asphalt network",1255,190.786911,-1.99672258,-69.622345,36.65284,0.00272070058
"Continuous asphalt network",1256,201.554977,-2.02452064,-52.313755,18.326334,0.003547662
"Continuous asphalt network",1257,208.980423,-2.0281775,-41.1344452,18.32628,0.00404463476
"Continuous asphalt network",1258,198.582535,-2.01421428,-58.98265,36.6528969,0.002513506
"Continuous asphalt network",1259,180.759109,-1.86721,-88.0101547,9.163153,0.027989028
"Continuous asphalt network",1260,174.915176,-1.73765564,-93.24345,4.58153534,0.06978183
"Continuous asphalt network",1261,176.95665,-1.82085323,-90.71844,4.58155155,0.028311329
"Continuous asphalt network",1262,182.43042,-1.914691,-84.9455,18.3263721,0.0114130247
"Continuous asphalt network",1263,190.226074,-1.9826256,-74.30582,18.3262157,0.00574449
"Continuous asphalt network",1264,186.8835,-1.95541286,-80.43508,18.32638,0.009372569
"Continuous asphalt network",1265,177.0464,-1.71521664,-93.59979,18.3264484,0.03160588
"Continuous asphalt network",1266,182.705261,-1.85957336,-88.09668,9.163288,0.016240295
"Continuous asphalt network",1267,181.033981,-1.79077756,-91.16131,9.163311,0.0292199329
"Continuous asphalt network",1268,176.533249,-1.56003034,-96.9775,4.581643,0.0508460142
"Continuous asphalt network",1269,174.216965,-1.59782255,-96.35134,4.581611,0.06038547
"Continuous asphalt network",1270,178.527039,-1.62292993,-95.75825,9.16325951,0.04584771
"Continuous asphalt network",1271,176.437912,-1.40576935,-99.58906,4.581568,0.06341809
"Continuous asphalt network",1272,175.60228,-1.28290236,-101.121361,4.581487,0.08478205
"Continuous asphalt network",1273,173.3813,-1.50358069,-97.88367,4.581564,0.07263243
"Continuous asphalt network",1274,175.697586,-1.46578848,-98.50982,4.581596,0.06399812
"Continuous asphalt network",1275,168.585678,-2.0220263,16.6320343,66.79073,0.000165533071
"Continuous asphalt network",1276,183.8562,-2.01999187,11.003911,43.2087021,0
"Continuous asphalt network",1277,179.773926,-2.01999187,3.857381,43.2088776,0
"Continuous asphalt network",1278,140.229858,-2.033179,1.13334143,78.2138062,0.0006960877
"Continuous asphalt network",1279,130.992844,-2.02411056,-18.8871155,39.1069946,0.0002979732
"Continuous asphalt network",1280,135.570175,-2.03021431,-5.20281458,39.1069145,0.0005667505
"Continuous asphalt network",1281,101.63546,-2.100916,26.5079041,44.33492,0.00151527638
"Continuous asphalt network",1282,111.912437,-2.08165359,19.1068573,22.1670074,0.00152469974
"Continuous asphalt network",1283,104.267906,-2.09486413,22.6948032,22.1669865,0.0016408778
"Continuous asphalt network",1284,55.5193748,-2.1959362,-36.9968262,22.8452473,0.0179345217
"Continuous asphalt network",1285,-50.9346428,-5.07193565,165.536591,68.46098,0
"Continuous asphalt network",1286,-33.1768761,-5.07193565,158.327927,34.23014,0
"Continuous asphalt network",1287,-45.16946,-5.07193565,161.482788,34.2302055,0
"Continuous asphalt network",1288,-15.5346613,-5.07193565,149.881134,34.2301369,0
"Continuous asphalt network",1289,2.16534042,-5.07193565,142.053391,17.1153965,0
"Continuous asphalt network",1290,-9.711689,-5.07193565,146.446426,17.1154442,0
"Continuous asphalt network",1291,-27.4694767,-5.07193565,153.65509,34.2301674,0
"Continuous asphalt network",1292,-45.3428,-5.07193565,159.625549,17.1147461,0
"Continuous asphalt network",1293,-33.3502159,-5.07193565,156.470688,17.1147118,0
"Continuous asphalt network",1294,19.7497921,-5.07193565,132.9875,34.2298546,0
"Continuous asphalt network",1295,37.4498138,-5.07193565,125.15976,17.1152172,0
"Continuous asphalt network",1296,25.57277,-5.07193565,129.552826,17.11522,0
"Continuous asphalt network",1297,52.1516571,-5.070911,118.12075,8.557219,0.000334992335
"Continuous asphalt network",1298,61.00165,-5.0516777,114.206909,4.278775,0.00661195442
"Continuous asphalt network",1299,55.06313,-5.07040262,116.403435,4.278751,0.00176912243
"Continuous asphalt network",1300,67.24995,-5.02323151,111.215324,0.534832537,0.023356162
"Continuous asphalt network",1301,68.36703,-5.00203466,110.842186,0.267397642,0.0903805345
"Continuous asphalt network",1302,67.60305,-5.03114367,110.88459,0.2673921,0.04769418
"Continuous asphalt network",1303,69.83722,-4.874669,110.138268,0.534868062,0.103893861
"Continuous asphalt network",1304,68.71291,-4.984467,110.434029,0.267427266,0.08609454
"Continuous asphalt network",1305,67.58139,-5.042069,110.652435,0.133739531,0.04577243
"Continuous asphalt network",1306,68.3453751,-5.01296,110.610023,0.133742288,0.0894494
"Continuous asphalt network",1307,72.77759,-4.54659653,108.730469,1.06966949,0.111111991
"Continuous asphalt network",1308,70.55064,-4.79831839,109.554169,0.534831941,0.102529041
"Continuous asphalt network",1309,68.68762,-4.988619,110.163185,0.133707643,0.08966417
"Continuous asphalt network",1310,67.57055,-5.047383,110.536346,0.06684967,0.04578604
"Continuous asphalt network",1311,68.32008,-5.01986074,110.339165,0.0668479,0.102077477
"Continuous asphalt network",1312,69.8155441,-4.87704945,109.906105,0.2674146,0.10389477
"Continuous asphalt network",1313,77.1881561,-4.011657,106.618752,1.06965983,0.113980681
"Continuous asphalt network",1314,81.60596,-3.476037,104.584442,0.534810245,0.103449926
"Continuous asphalt network",1315,78.65113,-3.82450747,105.837471,0.534817338,0.113995567
"Continuous asphalt network",1316,74.2261047,-4.367759,107.794395,1.06965554,0.109543405
"Continuous asphalt network",1317,70.52535,-4.79665232,109.2833,0.267480969,0.102449223
"Continuous asphalt network",1318,68.6749954,-4.99069643,110.027748,0.06686038,0.091464214
"Continuous asphalt network",1319,67.56513,-5.05004025,110.4783,0.0334408954,0.0457670279
"Continuous asphalt network",1320,68.30744,-5.02331161,110.203735,0.033441864,0.108599894
"Continuous asphalt network",1321,69.79026,-4.87727261,109.635262,0.133723408,0.10723342
"Continuous asphalt network",1322,72.75591,-4.5445323,108.4983,0.5349644,0.109744571
"Continuous asphalt network",1323,65.37611,-5.039435,111.70826,2.139377,0.0260951985
"Continuous asphalt network",1324,62.4212837,-5.050948,112.961281,2.139444,0.05101996
"Continuous asphalt network",1325,55.0197945,-5.071157,115.93911,2.13956046,0.00163622375
"Continuous asphalt network",1326,60.9583168,-5.052432,113.742584,2.13957262,0.0065473225
"Continuous asphalt network",1327,43.2438927,-5.07193565,121.415535,17.11446,0
"Continuous asphalt network",1328,25.4861088,-5.07193565,128.6242,8.557177,0
"Continuous asphalt network",1329,37.3631554,-5.07193565,124.23114,8.557177,0
"Continuous asphalt network",1330,7.84387827,-5.07193565,137.071,34.22974,0
"Continuous asphalt network",1331,-9.942788,-5.07193565,143.970108,17.11481,0
"Continuous asphalt network",1332,1.992021,-5.07193565,140.196152,17.1147976,0
"Continuous asphalt network",1333,-27.6716862,-5.07193565,151.4883,17.1149673,0
"Continuous asphalt network",1334,-45.4294624,-5.07193565,158.69693,8.557655,0
"Continuous asphalt network",1335,-33.55243,-5.07193565,154.3039,8.557671,0
"Continuous asphalt network",1336,-15.7657614,-5.07193565,147.404785,17.1150017,0
"Continuous asphalt network",1337,2.07867551,-5.07193565,141.124756,8.557255,0
"Continuous asphalt network",1338,-9.856133,-5.07193565,144.898727,8.557262,0
"Continuous asphalt network",1339,-109.707054,-5.07193565,121.813721,6.28741455,0
"Continuous asphalt network",1340,-114.9723,-5.07193565,114.337036,6.28737831,0
"Continuous asphalt network",1341,-107.471191,-5.07193565,126.050041,12.5738611,0
"Continuous asphalt network",1342,-100.366829,-5.07193565,138.261017,6.286782,0
"Continuous asphalt network",1343,-95.49835,-5.07193565,146.235672,6.28675556,0
"Continuous asphalt network",1344,-102.40432,-5.07193565,133.775726,12.573925,0
"Continuous asphalt network",1345,-114.377113,-5.07193565,113.590088,12.5739479,0
"Continuous asphalt network",1346,-109.111877,-5.07193565,121.066772,12.57402,0
"Continuous asphalt network",1347,-116.216194,-5.07193565,108.855827,25.1482925,0
"Continuous asphalt network",1348,-127.197083,-5.07193565,87.4253159,6.287393,0
"Continuous asphalt network",1349,-122.328606,-5.07193565,95.3999557,6.287377,0
"Continuous asphalt network",1350,-129.234543,-5.07193565,82.94001,12.5741329,0
"Continuous asphalt network",1351,-135.7437,-5.07193565,69.9821243,6.287275,0
"Continuous asphalt network",1352,-140.215408,-5.07193565,61.50952,6.287266,0
"Continuous asphalt network",1353,-133.904633,-5.07193565,74.7164,12.5741444,0
"Continuous asphalt network",1354,-122.923767,-5.07193565,96.14691,12.5738316,0
"Continuous asphalt network",1355,-127.792244,-5.07193565,88.17227,12.573864,0
"Continuous asphalt network",1356,-121.283073,-5.07193565,101.130157,25.1482124,0
"Continuous asphalt network",1357,-101.755577,-5.07193565,140.00386,12.57429,0
"Continuous asphalt network",1358,-96.09353,-5.07193565,146.98259,12.5743017,0
"Continuous asphalt network",1359,-103.79303,-5.07193565,135.51857,25.1484547,0
"Continuous asphalt network",1360,-110.698975,-5.07193565,123.058632,12.5737705,0
"Continuous asphalt network",1361,-115.567467,-5.07193565,115.083992,12.5737429,0
"Continuous asphalt network",1362,-109.0583,-5.07193565,128.04187,25.14831,0
"Continuous asphalt network",1363,-97.2838745,-5.07193565,148.476456,25.1480446,0
"Continuous asphalt network",1364,-102.945923,-5.07193565,141.497726,25.1480217,0
"Continuous asphalt network",1365,-96.03998,-5.07193565,153.957657,50.2964821,0
"Continuous asphalt network",1366,88.46633,-2.91244316,105.854027,4.10950851,0.0518185832
"Continuous asphalt network",1367,86.44934,-3.024761,104.98056,4.10945559,0.07124332
"Continuous asphalt network",1368,89.2325058,-2.88085437,107.996895,8.219182,0.0547964051
"Continuous asphalt network",1369,89.9594955,-2.75045776,102.878448,8.219105,0.06650633
"Continuous asphalt network",1370,86.69169,-2.975107,103.274414,4.109614,0.0830428153
"Continuous asphalt network",1371,88.70867,-2.86278915,104.147881,4.109667,0.06552768
"Continuous asphalt network",1372,92.78184,-2.7943604,113.156151,16.4383659,0.02174927
"Continuous asphalt network",1373,92.05666,-2.76583862,106.956047,4.10960627,0.0451293141
"Continuous asphalt network",1374,91.411644,-2.71101761,103.960083,4.10958052,0.0492204539
"Continuous asphalt network",1375,91.2495041,-2.806634,108.870369,8.219131,0.0216829032
"Continuous asphalt network",1376,260.214447,-0.2620725,61.60454,14.0167246,0
"Continuous asphalt network",1377,267.5895,-0.193550363,45.8021278,11.2900629,0.0155840134
"Continuous asphalt network",1378,270.1102,-0.135097757,44.0096474,11.2899075,0.02464389
"Continuous asphalt network",1379,275.9844,0.0589282326,40.82777,11.2902107,0.0345461257
"Continuous asphalt network",1380,271.7981,-0.0631179139,41.8140526,11.2900028,0.02780661
"Continuous asphalt network",1381,296.5963,0.354420751,11.74706,6.245337,0
"Continuous asphalt network",1382,294.4673,0.3780655,10.2554522,6.245554,0.0202662256
"Continuous asphalt network",1383,295.5765,0.354420751,13.6401062,12.4903526,0
"Continuous asphalt network",1384,301.829376,0.355335,10.1982374,12.491045,0.000783631171
"Continuous asphalt network",1385,296.551544,0.378979772,9.108134,6.24565172,0.0206577461
"Continuous asphalt network",1386,298.680573,0.355335,10.5997419,6.24543476,0.000856201747
"Continuous asphalt network",1387,310.1666,0.3548181,5.609141,24.9814,0.00034059913
"Continuous asphalt network",1388,303.880157,0.359718084,7.07182837,12.4907618,0.00222577667
"Continuous asphalt network",1389,297.58255,0.383879751,7.874771,6.245165,0.011863037
"Continuous asphalt network",1390,301.795868,0.360234976,8.21909,6.245225,0.00604308955
"Continuous asphalt network",1391,322.6724,0.354420751,-1.27454627,24.98168,0
"Continuous asphalt network",1392,335.1894,0.354420751,-7.49848938,12.4901686,0
"Continuous asphalt network",1393,326.829865,0.354420751,-4.22881556,12.4901972,0
"Continuous asphalt network",1394,314.301666,0.355841726,1.335434,24.98177,0.000337777
"Continuous asphalt network",1395,301.7512,0.379883856,5.58022547,12.49076,0.00606133835
"Continuous asphalt network",1396,310.1331,0.35623908,3.62999988,12.4907,0.00160928979
"Continuous asphalt network",1397,262.79184,2.20044041,-52.9645844,0.0645544752,0.0233308319
"Continuous asphalt network",1398,324.545349,2.43991637,-109.058662,37.99481,0.0001406529
"Continuous asphalt network",1399,316.639557,2.438899,-121.183311,37.9948463,0
"Continuous asphalt network",1400,326.4971,2.440653,-101.793419,75.99032,0.000167571241
"Continuous asphalt network",1401,275.253082,2.39009833,-175.516068,21.8406258,0.00349311763
"Continuous asphalt network",1402,279.9581,2.41361141,-168.653946,21.8406029,0.0022022347
"Continuous asphalt network",1403,274.9752,2.386206,-180.047562,43.68089,0.00489551248
"Continuous asphalt network",1404,275.931244,2.393323,-190.551346,55.8807,0.000683651
"Continuous asphalt network",1405,121.466858,-3.520669,-355.5569,25.7312183,0.0008032695
"Continuous asphalt network",1406,130.015274,-3.527652,-360.3651,25.7311974,0.0006236614
"Continuous asphalt network",1407,116.180321,-3.52047181,-355.258881,51.4622536,0.00162936654
"Continuous asphalt network",1408,142.837921,-3.53539658,-367.577484,25.73116,0.000335182238
"Continuous asphalt network",1409,155.913651,-3.53930187,-374.263275,12.8656578,0.000163277567
"Continuous asphalt network",1410,146.859055,-3.53699017,-370.508148,12.8657045,0.000331045216
"Continuous asphalt network",1411,128.749878,-3.527652,-362.9978,12.8650036,0.0006236621
"Continuous asphalt network",1412,119.69529,-3.52440286,-359.242676,12.865016,4.02739424E-05
"Continuous asphalt network",1413,133.783325,-3.53070426,-363.8223,25.731041,0.000623662665
"Continuous asphalt network",1414,99.47571,-3.541398,-374.5704,71.48677,0.0005592974
"Continuous asphalt network",1415,95.1068344,-3.54851937,-387.8474,4.46796131,0.0006039426
"Continuous asphalt network",1416,94.75144,-3.57748222,-390.177368,2.233937,0.0368475877
"Continuous asphalt network",1417,94.13198,-3.549016,-388.651,2.233994,0
"Continuous asphalt network",1418,93.7537842,-3.645273,-392.5275,2.234034,0.04301724
"Continuous asphalt network",1419,93.08868,-3.67077851,-394.094238,2.2340374,0.05761631
"Continuous asphalt network",1420,93.15714,-3.56528878,-389.454559,2.233934,0.0269991923
"Continuous asphalt network",1421,93.77661,-3.593755,-390.980957,2.23397517,0.0353556946
"Continuous asphalt network",1422,90.7608,-3.61979,-399.577881,8.935889,0.0603154451
"Continuous asphalt network",1423,91.7926941,-3.62970448,-394.907928,4.46797228,0.06216297
"Continuous asphalt network",1424,92.5034561,-3.57622051,-390.248016,2.23389649,0.0201015715
"Continuous asphalt network",1425,92.4578,-3.63019252,-393.3412,2.23391175,0.0301625784
"Continuous asphalt network",1426,95.5307,-3.54546738,-380.877777,35.7432365,0.0005529948
"Continuous asphalt network",1427,91.74447,-3.53986,-361.939484,78.3469238,0.0004894854
"Continuous asphalt network",1428,72.65664,-3.54291248,-349.8296,39.173,0
"Continuous asphalt network",1429,86.01568,-3.54087758,-356.480743,39.17297,0.000272954727
"Continuous asphalt network",1430,61.9196167,-3.54392982,-335.841949,27.8671932,0.000435964583
"Continuous asphalt network",1431,128.52594,-3.397437,-293.196564,11.93573,0.0188933164
"Continuous asphalt network",1432,124.884033,-3.49005485,-290.3589,11.9357548,0.0265739746
"Continuous asphalt network",1433,131.416122,-3.3281076,-292.535278,23.8715763,0.0264711287
"Continuous asphalt network",1434,117.600258,-3.7019484,-284.683624,23.8710728,0.0234348569
"Continuous asphalt network",1435,125.953278,-3.47795224,-288.278839,23.87107,0.0263288729
"Continuous asphalt network",1436,165.886917,-0.5329227,-211.199036,10.8606739,0.008996689
"Continuous asphalt network",1437,168.925766,-0.5389858,-214.251343,10.860508,0.0246212278
"Continuous asphalt network",1438,158.1132,-0.641639,-208.156174,10.8606615,0.0291159768
"Continuous asphalt network",1439,162.28273,-0.5672896,-209.167313,10.8607311,0.0132528823
"Continuous asphalt network",1440,173.6606,-0.474636316,-214.2419,21.7212257,0.02665877
"Continuous asphalt network",1441,170.62175,-0.468573183,-211.18959,21.721384,0.019852208
"Continuous asphalt network",1442,150.440933,-0.7847089,-204.384262,5.57792044,0.036110457
"Continuous asphalt network",1443,96.05918,-4.235877,-301.171539,24.7320728,0.008205771
"Continuous asphalt network",1444,101.784142,-4.135721,-294.115265,24.7321262,0.013839961
"Continuous asphalt network",1445,95.06342,-4.271283,-306.2389,49.4640846,0.007994894
"Continuous asphalt network",1446,-28.7801533,-5.09940338,-341.7147,41.7001266,0
"Continuous asphalt network",1447,-41.0877342,-5.10042048,-323.720459,61.3538628,0.000435968366
"Continuous asphalt network",1448,-83.3151855,-5.43675756,-260.1667,64.7903061,0.00175819674
"Continuous asphalt network",1449,-93.6968,-5.43816948,-275.5868,32.3949623,0
"Continuous asphalt network",1450,-88.14414,-5.43950653,-264.565552,32.3949623,0.000216780361
"Continuous asphalt network",1451,-77.0309753,-5.436481,-251.366074,4.332277,0.0027134642
"Continuous asphalt network",1452,-98.0031357,-5.470694,-241.372925,24.6423969,0.000453178829
"Continuous asphalt network",1453,-144.46608,-5.47174072,-213.531113,17.3422489,0
"Continuous asphalt network",1454,-153.696045,-5.47174072,-205.440353,17.3422375,0
"Continuous asphalt network",1455,-138.760742,-5.47174072,-216.862122,34.68466,0
"Continuous asphalt network",1456,-122.735069,-5.47174072,-227.569519,17.3421822,0
"Continuous asphalt network",1457,-112.414742,-5.47174072,-234.945923,17.3421574,0
"Continuous asphalt network",1458,-128.9856,-5.47174072,-224.595688,34.6847725,0
"Continuous asphalt network",1459,-155.331589,-5.47174072,-206.511887,34.68442,0
"Continuous asphalt network",1460,-146.101624,-5.47174072,-214.602646,34.6844444,0
"Continuous asphalt network",1461,-162.127274,-5.472758,-203.895218,69.36917,0.0003908346
"Continuous asphalt network",1462,-82.11068,-5.47838354,-232.856262,22.77966,0.00190569228
"Continuous asphalt network",1463,7.062926,-7.317077,-230.633072,12.1000118,0.0262369756
"Continuous asphalt network",1464,9.816407,-7.3702755,-232.81221,6.04990244,0.0383413248
"Continuous asphalt network",1465,7.245774,-7.29800272,-232.73085,6.049899,0.0265369378
"Continuous asphalt network",1466,8.459366,-7.22264147,-236.742676,3.38636041,0.0500283837
"Continuous asphalt network",1467,10.6137571,-7.364906,-235.0544,1.69316471,0.04928081
"Continuous asphalt network",1468,10.0343752,-7.2861495,-236.207031,1.69317973,0.09078577
"Continuous asphalt network",1469,8.232944,-7.15170145,-238.491943,6.772749,0.03532393
"Continuous asphalt network",1470,6.115149,-7.232483,-234.912033,6.772808,0.0292626116
"Continuous asphalt network",1471,9.618136,-7.33773041,-234.437424,3.386418,0.04732967
"Continuous asphalt network",1472,7.753437,-7.25362968,-235.549362,3.38643384,0.0307432134
"Continuous asphalt network",1473,7.137444,-7.07211351,-241.9702,1.69327021,0.0357591473
"Continuous asphalt network",1474,6.558059,-7.07669067,-243.122818,1.69316685,0.0272256713
"Continuous asphalt network",1475,6.14181948,-7.09714651,-241.3532,3.386384,0.0148104988
"Continuous asphalt network",1476,5.39928961,-7.1363883,-245.428055,3.38643217,0.0329154246
"Continuous asphalt network",1477,5.27274,-7.10697,-243.0821,3.386359,0.0153358784
"Continuous asphalt network",1478,4.95637369,-7.17575645,-237.2173,6.772808,0.0158090722
"Continuous asphalt network",1479,6.36824,-7.12596273,-239.6039,6.772798,0.0274096522
"Continuous asphalt network",1480,3.018486,-7.14283,-248.865616,6.772754,0.0324906334
"Continuous asphalt network",1481,2.53401756,-7.08016968,-251.777664,0.4232856,0.06970536
"Continuous asphalt network",1482,2.24432063,-7.0312314,-252.354,0.423300326,0.120160252
"Continuous asphalt network",1483,2.03619957,-7.061693,-251.4692,0.8465895,0.062125355
"Continuous asphalt network",1484,1.66493547,-6.91870546,-253.506638,0.8465866,0.08347321
"Continuous asphalt network",1485,1.601656,-6.99100876,-252.333664,0.846564,0.0490750372
"Continuous asphalt network",1486,1.79643953,-7.084453,-249.99791,3.38643479,0.04979229
"Continuous asphalt network",1487,0.4745318,-6.794314,-255.2254,1.69319463,0.0767346
"Continuous asphalt network",1488,-0.07322121,-6.735794,-256.9645,0.8466089,0.06536944
"Continuous asphalt network",1489,-0.136491135,-6.77697754,-255.791519,0.846565247,0.07890557
"Continuous asphalt network",1490,-0.942289352,-6.734884,-258.693451,0.846613646,0.0565210246
"Continuous asphalt network",1491,-1.65070152,-6.770289,-260.42746,0.4233227,0.122256078
"Continuous asphalt network",1492,-1.39264488,-6.741037,-259.264679,0.423300564,0.120355494
"Continuous asphalt network",1493,-0.8449052,-6.76475143,-257.525543,0.846583843,0.0429262221
"Continuous asphalt network",1494,-0.61848706,-6.804016,-255.77626,0.423297882,0.06274574
"Continuous asphalt network",1495,-0.5552171,-6.76283264,-256.949249,0.4233197,0.0430028439
"Continuous asphalt network",1496,0.187317535,-6.94070959,-252.87439,1.69313931,0.0445212573
"Continuous asphalt network",1497,0.571921051,-6.87710953,-254.05751,1.69316053,0.0723023
"Continuous asphalt network",1498,0.832448959,-7.04644156,-249.9674,1.69316864,0.03276069
"Continuous asphalt network",1499,1.11966,-6.983214,-252.3184,0.4233098,0.0461271
"Continuous asphalt network",1500,1.18293953,-6.91091156,-253.491379,0.4233211,0.0814919844
"Continuous asphalt network",1501,0.766690552,-7.00013733,-251.721756,0.8465769,0.0497570857
"Continuous asphalt network",1502,2.444062,-7.11204338,-244.163574,6.77280569,0.00534403371
"Continuous asphalt network",1503,3.21326756,-7.140175,-246.529846,6.772822,0.0346480571
"Continuous asphalt network",1504,3.73433,-7.156649,-238.3496,6.772755,0.01374079
"Continuous asphalt network",1505,4.30875635,-7.117659,-243.05159,1.69313633,0.00367144635
"Continuous asphalt network",1506,4.435306,-7.147078,-245.397537,1.69317293,0.0282107424
"Continuous asphalt network",1507,3.602827,-7.122122,-241.858322,3.38634777,0.00308570359
"Continuous asphalt network",1508,-3.93412471,-6.934607,-262.697144,6.7728014,0.03535609
"Continuous asphalt network",1509,-4.41860628,-7.01129,-265.609253,0.423308522,0.04435755
"Continuous asphalt network",1510,-4.70830345,-7.00797653,-266.185547,0.42330876,0.0461200066
"Continuous asphalt network",1511,-4.91641665,-7.00203657,-265.30072,0.8466201,0.0225198586
"Continuous asphalt network",1512,-5.05459929,-6.942346,-267.1992,0.211645946,0.2376894
"Continuous asphalt network",1513,-5.23108625,-6.98705149,-266.900848,0.21165821,0.02045343
"Continuous asphalt network",1514,-5.344282,-6.88262749,-267.775482,0.105819076,0.281636268
"Continuous asphalt network",1515,-5.48122644,-6.869291,-268.210266,0.0529166,0.229270682
"Continuous asphalt network",1516,-5.49703836,-6.88656044,-267.917023,0.05291295,0.27813822
"Continuous asphalt network",1517,-5.53659058,-6.98088074,-267.183929,0.105823994,0.0425935872
"Continuous asphalt network",1518,-5.36010361,-6.93617439,-267.482269,0.105819032,0.258680731
"Continuous asphalt network",1519,-5.52744436,-7.00291824,-265.866852,0.4232962,0.0408190526
"Continuous asphalt network",1520,-5.17448473,-6.99762344,-266.463531,0.423301935,0.0328616165
"Continuous asphalt network",1521,-5.156166,-6.980343,-263.829437,3.38636,0.0140539976
"Continuous asphalt network",1522,-6.38983727,-7.095672,-269.2061,0.211668953,0.1103069
"Continuous asphalt network",1523,-5.92366266,-7.020148,-268.9281,0.211648732,0.189927936
"Continuous asphalt network",1524,-6.44643831,-7.14358854,-269.643433,0.423323333,0.119339772
"Continuous asphalt network",1525,-6.9759,-7.09136772,-268.748444,0.4233013,0.117338635
"Continuous asphalt network",1526,-6.260813,-7.031813,-268.6247,0.105813369,0.113359995
"Continuous asphalt network",1527,-5.93948936,-6.992449,-268.634857,0.105811313,0.196999878
"Continuous asphalt network",1528,-6.56632757,-7.076175,-268.907745,0.211644828,0.112154178
"Continuous asphalt network",1529,-6.88098,-7.26657724,-270.5079,0.4233095,0.146941721
"Continuous asphalt network",1530,-7.15485525,-7.39854956,-271.377441,0.211663857,0.177641734
"Continuous asphalt network",1531,-7.18649435,-7.31439352,-270.790924,0.211634323,0.110801175
"Continuous asphalt network",1532,-7.08910227,-7.18669653,-269.623077,0.8466191,0.09913829
"Continuous asphalt network",1533,-7.894914,-7.546377,-272.525,0.8466122,0.114570528
"Continuous asphalt network",1534,-8.60332,-7.672131,-274.259033,0.4232977,0.112765007
"Continuous asphalt network",1535,-8.345272,-7.587106,-273.096222,0.423297733,0.135579
"Continuous asphalt network",1536,-7.89366674,-7.36745071,-271.0613,0.423304647,0.109792806
"Continuous asphalt network",1537,-7.701369,-7.44384527,-271.652924,0.4233063,0.155420586
"Continuous asphalt network",1538,-7.571097,-7.20998144,-269.607819,0.423284382,0.0991394445
"Continuous asphalt network",1539,-7.42749166,-7.31893349,-270.783325,0.105819337,0.124273337
"Continuous asphalt network",1540,-7.39585257,-7.40308952,-271.369843,0.105834104,0.187689275
"Continuous asphalt network",1541,-7.603972,-7.2944026,-270.485016,0.211642161,0.124275245
"Continuous asphalt network",1542,-6.765307,-7.04285049,-266.7059,1.6931777,0.0649201646
"Continuous asphalt network",1543,-6.380705,-7.00647354,-267.889069,1.69318914,0.101624295
"Continuous asphalt network",1544,-6.12015772,-6.98996544,-263.79892,1.69322288,0.0283667985
"Continuous asphalt network",1545,-5.832956,-6.998221,-266.149933,0.423310339,0.0146830175
"Continuous asphalt network",1546,-5.769689,-6.96948576,-267.3229,0.4233028,0.0482515059
"Continuous asphalt network",1547,-6.18592024,-7.0069623,-265.553253,0.846626461,0.0238825642
"Continuous asphalt network",1548,-9.633058,-7.68764544,-275.98288,0.423296273,0.146224
"Continuous asphalt network",1549,-9.922755,-7.67532873,-276.559174,0.423326,0.129897416
"Continuous asphalt network",1550,-10.1308813,-7.61822748,-275.674377,0.846584558,0.1082486
"Continuous asphalt network",1551,-10.3573065,-7.62888861,-277.4237,0.423316,0.136587754
"Continuous asphalt network",1552,-10.631176,-7.57476,-278.293243,0.211657181,0.164723873
"Continuous asphalt network",1553,-10.662816,-7.592201,-277.706757,0.211627558,0.134947911
"Continuous asphalt network",1554,-10.5654268,-7.58917475,-276.538879,0.8466319,0.136290938
"Continuous asphalt network",1555,-11.138133,-7.407391,-279.3018,0.211634979,0.188089877
"Continuous asphalt network",1556,-11.3146105,-7.42899132,-279.003448,0.211661085,0.137034476
"Continuous asphalt network",1557,-11.4278288,-7.28501654,-279.878082,0.105829671,0.273951918
"Continuous asphalt network",1558,-11.5647688,-7.14929342,-280.3129,0.0529228151,0.384597838
"Continuous asphalt network",1559,-11.5805864,-7.24522,-280.019653,0.05291549,0.2703583
"Continuous asphalt network",1560,-11.6201239,-7.369208,-279.28653,0.105834186,0.169868961
"Continuous asphalt network",1561,-11.4436455,-7.347608,-279.584869,0.105822608,0.154091269
"Continuous asphalt network",1562,-11.9347878,-6.93589163,-280.8867,0.2116275,0.393032461
"Continuous asphalt network",1563,-12.2165709,-6.68301773,-281.6096,0.0529148728,0.418322384
"Continuous asphalt network",1564,-12.3936768,-6.58440542,-282.0431,0.0264562052,0.209993571
"Continuous asphalt network",1565,-12.3291636,-6.64665461,-281.7524,0.0264580939,0.418320179
"Continuous asphalt network",1566,-12.1599617,-6.841858,-281.172272,0.105818667,0.418381423
"Continuous asphalt network",1567,-11.9664259,-7.158342,-280.300171,0.0529055,0.3488958
"Continuous asphalt network",1568,-11.9259491,-7.262943,-279.935547,0.02645669,0.267038018
"Continuous asphalt network",1569,-11.8778753,-7.232224,-280.0834,0.0264546461,0.32998088
"Continuous asphalt network",1570,-11.83802,-7.100639,-280.4506,0.105839469,0.372821
"Continuous asphalt network",1571,-11.7728844,-7.337879,-279.42807,0.1058264,0.1369193
"Continuous asphalt network",1572,-11.7010908,-7.24576426,-280.0158,0.0264533684,0.2703676
"Continuous asphalt network",1573,-11.6852722,-7.14983749,-280.309052,0.0264570322,0.3846089
"Continuous asphalt network",1574,-11.7652884,-7.270448,-279.940582,0.0264499076,0.31548965
"Continuous asphalt network",1575,-11.8133621,-7.30116653,-279.792725,0.026451949,0.164636463
"Continuous asphalt network",1576,-11.4344873,-7.47136545,-278.2678,0.21164985,0.155837148
"Continuous asphalt network",1577,-11.3054619,-7.50754547,-277.6864,0.211635023,0.136324942
"Continuous asphalt network",1578,-11.1776781,-7.47971153,-278.5687,0.423285633,0.147904083
"Continuous asphalt network",1579,-11.0474205,-7.52616835,-276.523651,0.4232917,0.120077662
"Continuous asphalt network",1580,-10.90381,-7.559654,-277.699127,0.105820984,0.1368213
"Continuous asphalt network",1581,-10.8721695,-7.542212,-278.2856,0.105835795,0.166332051
"Continuous asphalt network",1582,-11.0802927,-7.53333426,-277.400848,0.211642131,0.120133936
"Continuous asphalt network",1583,-13.1093817,-6.65911865,-282.898682,0.84660244,0.16625528
"Continuous asphalt network",1584,-13.8177948,-6.7465,-284.632721,0.423298538,0.127177283
"Continuous asphalt network",1585,-13.559741,-6.716994,-283.4699,0.423283726,0.1267812
"Continuous asphalt network",1586,-14.9765654,-6.875612,-286.937958,0.846634567,0.0497748926
"Continuous asphalt network",1587,-14.3484755,-6.80661631,-285.2014,0.423317671,0.0509627
"Continuous asphalt network",1588,-13.800724,-6.745205,-283.46228,0.211620241,0.100065678
"Continuous asphalt network",1589,-14.0587778,-6.77471,-284.6251,0.211627647,0.102271795
"Continuous asphalt network",1590,-13.0904961,-6.70779467,-281.947845,0.0529105,0.29101792
"Continuous asphalt network",1591,-13.3035,-6.724539,-282.0875,0.052916836,0.309790462
"Continuous asphalt network",1592,-13.0923223,-6.781719,-281.728241,0.105821058,0.4183871
"Continuous asphalt network",1593,-12.9280138,-6.6580143,-282.172577,0.211658671,0.2057152
"Continuous asphalt network",1594,-12.9352865,-6.92279959,-281.294067,0.105838612,0.418378085
"Continuous asphalt network",1595,-12.8847761,-7.043907,-280.929749,0.0264491569,0.292777956
"Continuous asphalt network",1596,-12.8464308,-7.09904051,-280.711426,0.0132318577,0.160691574
"Continuous asphalt network",1597,-12.8184433,-7.059816,-280.858673,0.0132282674,0.4358144
"Continuous asphalt network",1598,-12.8026161,-6.955606,-281.1519,0.0529056825,0.418355167
"Continuous asphalt network",1599,-12.6906548,-6.71063471,-281.740936,0.0529131927,0.4183933
"Continuous asphalt network",1600,-12.5805044,-6.60194159,-282.110352,0.0264571644,0.1513409
"Continuous asphalt network",1601,-12.6888351,-6.638496,-281.960571,0.0264584068,0.2720316
"Continuous asphalt network",1602,-12.8793154,-6.80031,-281.588623,0.105823815,0.418397039
"Continuous asphalt network",1603,-12.67541,-7.162933,-280.3509,0.05291193,0.160690561
"Continuous asphalt network",1604,-12.4867468,-7.13832664,-280.5032,0.0264583714,0.2676973
"Continuous asphalt network",1605,-12.6474152,-7.14474726,-280.498138,0.02646164,0.160692722
"Continuous asphalt network",1606,-12.5445528,-7.21728373,-279.9891,0.052913513,0.123604722
"Continuous asphalt network",1607,-12.4484053,-7.190458,-280.284882,0.0132271061,0.160725072
"Continuous asphalt network",1608,-12.420413,-7.15356445,-280.432129,0.0132252527,0.404509753
"Continuous asphalt network",1609,-12.5427332,-7.193405,-280.2087,0.0264530573,0.1607192
"Continuous asphalt network",1610,-12.3352089,-7.28327,-279.410278,0.105806574,0.110148892
"Continuous asphalt network",1611,-12.3437319,-7.232807,-279.995483,0.02645627,0.124480948
"Continuous asphalt network",1612,-12.3540764,-7.168802,-280.361053,0.013227798,0.487294734
"Continuous asphalt network",1613,-12.3820686,-7.20569468,-280.213837,0.0132281678,0.16071035
"Continuous asphalt network",1614,-12.4118881,-7.241449,-279.846954,0.0529050864,0.125213578
"Continuous asphalt network",1615,-12.481288,-6.89873362,-281.162079,0.1058181,0.418362141
"Continuous asphalt network",1616,-12.4898224,-6.67510462,-281.7473,0.0264597125,0.4182314
"Continuous asphalt network",1617,-12.5001717,-6.5881753,-282.1129,0.0132270986,0.171322852
"Continuous asphalt network",1618,-12.5281639,-6.610514,-281.965668,0.0132270986,0.267367572
"Continuous asphalt network",1619,-12.5579786,-6.74344873,-281.598755,0.0529090129,0.418407142
"Continuous asphalt network",1620,-12.5111017,-7.044721,-280.7952,0.05292166,0.418349564
"Continuous asphalt network",1621,-12.6997614,-7.110728,-280.642853,0.0264543872,0.284317732
"Continuous asphalt network",1622,-12.539093,-7.104307,-280.647919,0.0264511183,0.383202344
"Continuous asphalt network",1623,-12.6419563,-6.9271636,-281.157,0.05292213,0.4183442
"Continuous asphalt network",1624,-12.7381105,-7.05626869,-280.861237,0.0132251335,0.409854144
"Continuous asphalt network",1625,-12.766098,-7.09549332,-280.713959,0.0132287238,0.186577976
"Continuous asphalt network",1626,-12.6437836,-7.01191759,-280.937378,0.0264629256,0.418351442
"Continuous asphalt network",1627,-11.9408331,-7.385721,-278.544525,0.2116568,0.13010703
"Continuous asphalt network",1628,-11.7071352,-7.45556259,-277.673676,0.105805486,0.136440277
"Continuous asphalt network",1629,-11.7558241,-7.42755365,-278.2576,0.105809018,0.155844346
"Continuous asphalt network",1630,-11.2884169,-7.498745,-276.516,0.2116734,0.101793639
"Continuous asphalt network",1631,-11.4819489,-7.484005,-277.388062,0.105827495,0.101710662
"Continuous asphalt network",1632,-11.6353254,-7.443983,-278.2614,0.05292762,0.1557849
"Continuous asphalt network",1633,-11.5866365,-7.47199249,-277.67746,0.0529258549,0.1363627
"Continuous asphalt network",1634,-11.9493675,-7.342008,-279.12973,0.211667776,0.13798371
"Continuous asphalt network",1635,-12.0303154,-7.261345,-279.859039,0.0529132746,0.207577914
"Continuous asphalt network",1636,-12.0869169,-7.16665268,-280.2964,0.0264541749,0.418322265
"Continuous asphalt network",1637,-12.1027327,-7.23893738,-280.003082,0.0264523216,0.196127474
"Continuous asphalt network",1638,-12.0942116,-7.303698,-279.4179,0.10580799,0.12520647
"Continuous asphalt network",1639,-12.2561083,-6.971443,-280.876465,0.1058242,0.418330669
"Continuous asphalt network",1640,-12.3772383,-6.711455,-281.6045,0.026459571,0.418440938
"Continuous asphalt network",1641,-12.4539232,-6.59507227,-282.0412,0.0132244527,0.2103421
"Continuous asphalt network",1642,-12.4295778,-6.66444159,-281.749237,0.01322721,0.4185209
"Continuous asphalt network",1643,-12.3607912,-6.87740326,-281.1659,0.0529154576,0.418428063
"Continuous asphalt network",1644,-12.2311478,-7.255516,-279.852631,0.0264616143,0.1258791
"Continuous asphalt network",1645,-12.307827,-7.18250036,-280.289337,0.013223622,0.2798634
"Continuous asphalt network",1646,-12.2834883,-7.237414,-279.9974,0.0132245151,0.124396957
"Continuous asphalt network",1647,-12.2147131,-7.292731,-279.4141,0.0529213846,0.1101563
"Continuous asphalt network",1648,-12.2396708,-7.12831736,-280.437866,0.0529120341,0.36303404
"Continuous asphalt network",1649,-12.1830635,-7.244076,-280.000519,0.0264605973,0.114982352
"Continuous asphalt network",1650,-12.1672478,-7.171791,-280.293823,0.02646245,0.401502848
"Continuous asphalt network",1651,-10.0980072,-7.584003,-274.7972,1.6931982,0.113701671
"Continuous asphalt network",1652,-9.679287,-7.54819345,-273.6395,1.69324136,0.09998491
"Continuous asphalt network",1653,-9.051197,-7.430641,-271.902924,3.3865025,0.08594429
"Continuous asphalt network",1654,-7.27892256,-7.069304,-266.104156,3.38636923,0.04907917
"Continuous asphalt network",1655,-7.92405844,-7.17693853,-269.011169,0.846592069,0.09882455
"Continuous asphalt network",1656,-8.150482,-7.339598,-270.760437,0.4233198,0.110958137
"Continuous asphalt network",1657,-8.213749,-7.23350763,-269.587463,0.423290282,0.07107487
"Continuous asphalt network",1658,-8.537575,-7.51548,-272.504669,0.423297733,0.102551632
"Continuous asphalt network",1659,-8.795623,-7.60050535,-273.66745,0.423294365,0.1754668
"Continuous asphalt network",1660,-8.50344849,-7.292826,-270.1638,0.423298955,0.134527564
"Continuous asphalt network",1661,-8.440182,-7.39891768,-271.336761,0.4233126,0.113654032
"Continuous asphalt network",1662,-4.654639,-6.89554644,-259.746918,3.38635969,0.0382730924
"Continuous asphalt network",1663,-3.36203957,-6.860224,-260.666046,0.8466028,0.05629343
"Continuous asphalt network",1664,-2.92873955,-6.86491156,-261.265259,0.846574962,0.0637236759
"Continuous asphalt network",1665,-4.430701,-6.90190268,-260.924957,1.69319141,0.0354584232
"Continuous asphalt network",1666,-3.60784459,-6.874353,-256.852661,3.386399,0.03475578
"Continuous asphalt network",1667,-2.83863187,-6.824369,-259.2189,0.8465974,0.0511359423
"Continuous asphalt network",1668,-2.39804459,-6.82816553,-260.696564,0.423323184,0.03504125
"Continuous asphalt network",1669,-2.8313446,-6.82347727,-260.097382,0.423321158,0.0530246831
"Continuous asphalt network",1670,-3.59326482,-6.854759,-258.609528,1.69317,0.03137347
"Continuous asphalt network",1671,-2.35168839,-6.92102957,-253.379517,3.38638258,0.03264181
"Continuous asphalt network",1672,-1.41686,-7.01369333,-249.8962,1.69318449,0.02142816
"Continuous asphalt network",1673,-1.61164224,-6.9507637,-252.231979,1.69318449,0.03575284
"Continuous asphalt network",1674,-2.00120234,-6.831331,-256.903473,1.69318843,0.0449128076
"Continuous asphalt network",1675,-2.03530765,-6.788143,-259.244354,0.423298985,0.05074313
"Continuous asphalt network",1676,-2.13269615,-6.810951,-260.412231,0.423284262,0.0678431541
"Continuous asphalt network",1677,-2.30794334,-6.806248,-258.650238,0.8465941,0.03847686
"Continuous asphalt network",1678,-2.54647064,-6.869045,-255.715286,3.386382,0.0247987323
"Continuous asphalt network",1679,0.579354,-7.09360647,-245.275513,6.77286243,0.01655469
"Continuous asphalt network",1680,2.770345,-7.15761948,-238.319077,3.386381,0.0130665423
"Continuous asphalt network",1681,1.73812616,-7.1153183,-242.970261,3.38639569,0.00477233855
"Continuous asphalt network",1682,0.126517609,-7.054975,-248.7741,3.386435,0.0260821413
"Continuous asphalt network",1683,-0.326313019,-6.95561647,-252.272644,1.69320464,0.0427782051
"Continuous asphalt network",1684,-0.452871323,-7.02357864,-249.926712,1.69321978,0.0224031322
"Continuous asphalt network",1685,-0.9714572,-6.83926,-255.179642,0.8466251,0.046274174
"Continuous asphalt network",1686,-1.22951567,-6.81096649,-256.3424,0.8465672,0.07855396
"Continuous asphalt network",1687,-1.5849489,-6.77280664,-258.6731,0.423296154,0.0444024
"Continuous asphalt network",1688,-1.89170015,-6.795971,-260.41983,0.211648539,0.0989678
"Continuous asphalt network",1689,-1.79431152,-6.773163,-259.251953,0.2116559,0.0895144
"Continuous asphalt network",1690,-1.51920378,-6.8128686,-256.918732,0.846607,0.0472665355
"Continuous asphalt network",1691,-1.12965143,-6.955522,-252.247238,0.846602261,0.0351995863
"Continuous asphalt network",1692,-0.9348691,-7.01845169,-249.911453,0.846602261,0.0203913767
"Continuous asphalt network",1693,-0.9057026,-6.90992355,-253.425278,1.69324934,0.0417829119
"Continuous asphalt network",1694,35.32239,-8.135976,-243.742737,12.2499752,0.0410684943
"Continuous asphalt network",1695,32.90717,-8.26585,-242.079727,3.06253862,0.05685481
"Continuous asphalt network",1696,31.6995544,-8.342065,-241.248215,0.7656245,0.0572274327
"Continuous asphalt network",1697,31.0029,-8.414233,-240.69812,0.382796228,0.128370032
"Continuous asphalt network",1698,31.6534786,-8.368754,-240.723389,0.382793754,0.063969925
"Continuous asphalt network",1699,32.81503,-8.316801,-241.030075,1.53125775,0.05236251
"Continuous asphalt network",1700,35.13812,-8.220176,-241.643417,6.12506247,0.05335844
"Continuous asphalt network",1701,11.32227,-3.18017864,-58.6657677,23.4764767,0.0216593
"Continuous asphalt network",1702,-30.9493866,-4.30122042,-140.8525,18.5035515,0.0225154683
"Continuous asphalt network",1703,-23.2192287,-3.98598123,-129.1821,18.5035133,0.0225825
"Continuous asphalt network",1704,-33.8628349,-4.462148,-147.378723,37.0073357,0.0226539038
"Continuous asphalt network",1705,-43.5547943,-4.942302,-166.266388,18.5034,0.0227461811
"Continuous asphalt network",1706,-50.3333244,-5.259438,-178.6278,18.5034046,0.022392612
"Continuous asphalt network",1707,-41.11716,-4.77892733,-159.394653,37.00738,0.02253829
"Continuous asphalt network",1708,-24.6466675,-3.9815352,-128.145554,37.0070763,0.0226214547
"Continuous asphalt network",1709,-32.3768272,-4.29677439,-139.815964,37.0071526,0.0225546174
"Continuous asphalt network",1710,-22.6848545,-3.83228087,-120.928314,74.01457,0.0219653826
"Continuous asphalt network",1711,-82.33792,-5.317958,-51.9794044,65.41021,0.00157212152
"Continuous asphalt network",1712,-106.849754,-5.33135128,-46.9964,29.3543167,0
"Continuous asphalt network",1713,-100.119179,-5.33193541,-53.3157654,29.3543167,0.000145090176
"Continuous asphalt network",1714,-113.3067,-5.33135128,-44.8106651,58.7086334,0
"Continuous asphalt network",1715,-366.53598,-6.66810369,10.1804352,17.0003815,0
"Continuous asphalt network",1716,-297.031342,-6.67404,-54.28813,36.52395,7.152572E-05
"Continuous asphalt network",1717,-278.37323,-6.674207,50.927845,24.5709877,0
"Continuous asphalt network",1718,-308.1428,-6.674207,56.29724,38.8287125,0
"Continuous asphalt network",1719,-269.663483,-6.674207,48.8650627,50.6197739,0
"Continuous asphalt network",1720,-357.194427,-6.66505051,43.66426,29.7171,0
"Continuous asphalt network",1721,-364.461426,-6.6660676,34.98373,29.7172184,0.000181203664
"Continuous asphalt network",1722,-355.1605,-6.66505051,49.72881,59.43449,0
"Continuous asphalt network",1723,-103.289528,-5.268959,25.018692,3.476181,0.03975689
"Continuous asphalt network",1724,-101.622742,-5.1467557,27.6945286,1.73812079,0.034876246
"Continuous asphalt network",1725,-102.049904,-5.207494,26.0818386,1.73809731,0.0498162135
"Continuous asphalt network",1726,-103.417259,-5.3733573,22.7280941,6.9523387,0.0492061079
"Continuous asphalt network",1727,-44.6662865,-5.066585,-5.66559839,24.2775116,0.00147251447
"Continuous asphalt network",1728,-91.92743,-5.406906,14.4977722,12.6682882,0.035856124
"Continuous asphalt network",1729,-97.70626,-5.2408123,23.8828831,7.75695038,0.03535016
"Continuous asphalt network",1730,-94.85282,-5.331034,19.7177029,7.75705147,0.0428512171
"Continuous asphalt network",1731,4.235115,-3.43278146,-51.3314857,23.607502,0.03234544
"Continuous asphalt network",1732,132.831985,0.2852253,-115.610191,13.5755548,0.0298261512
"Continuous asphalt network",1733,121.575806,-0.0960454345,-109.247231,3.393847,0.0285805725
"Continuous asphalt network",1734,117.128792,-0.22586976,-106.599388,3.393882,0.06538893
"Continuous asphalt network",1735,128.5236,0.1318983,-112.705711,6.78772068,0.0298022237
"Continuous asphalt network",1736,146.866226,0.7508727,-122.270508,6.787773,0.0300586671
"Continuous asphalt network",1737,156.037552,1.07107961,-127.05291,6.78777933,0.0320068933
"Continuous asphalt network",1738,142.003311,0.5952788,-120.3926,13.5755367,0.0301339123
"Continuous asphalt network",1739,121.021263,-0.09925487,-110.2738,6.787829,0.02880797
"Continuous asphalt network",1740,114.628014,-0.30117473,-105.78875,3.393906,0.0223770887
"Continuous asphalt network",1741,119.075035,-0.17135042,-108.436592,3.39388227,0.0288873948
"Continuous asphalt network",1742,127.830421,0.129377112,-113.98893,13.5756664,0.029959837
"Continuous asphalt network",1743,111.849953,-0.366095454,-105.4914,13.5756216,0.02362684
"Continuous asphalt network",1744,116.019691,-0.237620935,-108.65255,13.5756693,0.0283098221
"Continuous asphalt network",1745,114.195763,-2.01999187,-69.50162,24.776123,0
"Continuous asphalt network",1746,253.239578,-0.494510561,41.546093,8.886979,0.03383186
"Continuous asphalt network",1747,251.475754,-0.613663256,38.6163635,8.886785,0.0457081869
"Continuous asphalt network",1748,251.8347,-0.5024321,43.69118,17.7738075,0.0335874259
"Continuous asphalt network",1749,247.948059,-0.9144122,32.7569275,17.7737217,0.04826777
"Continuous asphalt network",1750,248.617249,-0.6806684,39.46665,4.44361,0.03947171
"Continuous asphalt network",1751,249.237671,-0.5918378,42.7364845,4.443524,0.0304129571
"Continuous asphalt network",1752,249.450424,-0.7104154,37.49162,8.886891,0.0395825319
"Continuous asphalt network",1753,242.65657,-1.371685,23.9677277,17.7738152,0.041494865
"Continuous asphalt network",1754,238.81868,-1.70389366,16.4733276,4.44345856,0.0321458653
"Continuous asphalt network",1755,236.458786,-1.83986318,11.9937134,2.221624,0.0239003133
"Continuous asphalt network",1756,237.650925,-1.76185572,15.09348,2.22166252,0.032669466
"Continuous asphalt network",1757,240.321045,-1.52322233,21.2080326,8.886945,0.0434381664
"Continuous asphalt network",1758,245.089584,-0.9613991,33.6071739,8.88676,0.0449149758
"Continuous asphalt network",1759,247.188,-0.706725359,39.8917961,2.221743,0.03765933
"Continuous asphalt network",1760,248.380127,-0.6086616,42.99158,2.22169518,0.02891753
"Continuous asphalt network",1761,247.16362,-0.7550487,38.171833,4.44343233,0.03726618
"Continuous asphalt network",1762,245.040833,-1.09101546,30.1672974,17.7737217,0.04469837
"Continuous asphalt network",1763,232.0736,-1.95104468,6.38934851,17.77385,0.01570734
"Continuous asphalt network",1764,228.545914,-1.98628581,0.5298665,17.7739563,0.00464537367
"Continuous asphalt network",1765,220.298462,-2.0144465,-14.2888689,17.773777,0.00146852212
"Continuous asphalt network",1766,226.210388,-1.9937,-2.229828,17.7737637,0.00290824217
"Continuous asphalt network",1767,233.6003,-1.89438248,12.8439741,4.443401,0.0257893633
"Continuous asphalt network",1768,235.0783,-1.81613982,15.8587389,4.44343233,0.03665313
"Continuous asphalt network",1769,234.004715,-1.90142345,10.9965057,8.886924,0.0215446223
"Continuous asphalt network",1770,238.034256,-1.56419241,21.88828,8.886932,0.0457547233
"Continuous asphalt network",1771,236.507523,-1.78389835,15.4336195,2.221694,0.034580972
"Continuous asphalt network",1772,235.601242,-1.85650885,12.24881,2.22166657,0.0264823977
"Continuous asphalt network",1773,236.388992,-1.7505703,17.1960812,4.443475,0.0345038772
"Continuous asphalt network",1774,242.4682,-1.12646389,30.9325466,8.886998,0.0445418172
"Continuous asphalt network",1775,245.877319,-0.775387347,38.5544472,2.22174931,0.0362773947
"Continuous asphalt network",1776,247.951355,-0.615797,43.11911,1.11077809,0.0268494822
"Continuous asphalt network",1777,246.759232,-0.71386075,40.01932,1.11080194,0.0361911841
"Continuous asphalt network",1778,244.23204,-0.9746024,33.86226,4.443484,0.0443766974
"Continuous asphalt network",1779,240.3698,-1.40364742,24.64794,8.887027,0.0427595936
"Continuous asphalt network",1780,237.6753,-1.72412527,16.8134365,2.22173071,0.0331106968
"Continuous asphalt network",1781,236.030014,-1.847668,12.1212568,1.11087751,0.0244824737
"Continuous asphalt network",1782,236.9363,-1.77505744,15.3060656,1.11089122,0.0330644548
"Continuous asphalt network",1783,238.8918,-1.5465883,21.6331882,4.44342947,0.0447202064
"Continuous asphalt network",1784,209.143753,-2.02203345,-31.6971951,35.5479126,0.000442950084
"Continuous asphalt network",1785,199.132492,-2.02025485,-49.4456177,17.7741756,0.0033681842
"Continuous asphalt network",1786,205.044388,-2.02208519,-37.3865852,17.7741528,0.00341583462
"Continuous asphalt network",1787,188.549484,-2.00438666,-67.0239944,17.7739735,0.00264051184
"Continuous asphalt network",1788,180.016174,-1.95938873,-81.75768,4.443555,0.0124007482
"Continuous asphalt network",1789,175.749512,-1.87961483,-89.1245346,1.11081409,0.028286742
"Continuous asphalt network",1790,173.175217,-1.75332355,-93.54038,0.5554661,0.05980886
"Continuous asphalt network",1791,174.796143,-1.85259092,-90.56814,0.555471838,0.0421588048
"Continuous asphalt network",1792,178.109421,-1.93673384,-84.6449,2.22162175,0.0206855386
"Continuous asphalt network",1793,184.735962,-1.99617708,-72.79842,8.88709,0.008378644
"Continuous asphalt network",1794,194.747253,-2.01626682,-55.04999,17.7739525,0.00174040545
"Continuous asphalt network",1795,204.186844,-2.01925683,-37.1315,8.886804,0.00281177857
"Continuous asphalt network",1796,198.274918,-2.01742649,-49.1905327,8.886815,0.00276742666
"Continuous asphalt network",1797,214.769836,-2.01881385,-19.5531311,35.5479469,0.000302100321
"Continuous asphalt network",1798,223.923584,-2.007221,-1.54958093,17.77386,0.00177092536
"Continuous asphalt network",1799,218.583374,-2.01706386,-13.7786913,17.7738781,0.00146798941
"Continuous asphalt network",1800,231.217667,-1.95892394,11.8255262,4.443494,0.0202583857
"Continuous asphalt network",1801,233.3632,-1.86257744,16.3689175,2.22172141,0.041113548
"Continuous asphalt network",1802,232.31398,-1.928903,13.226613,2.221744,0.0323242843
"Continuous asphalt network",1803,236.60498,-1.59584677,22.3134,4.4435854,0.04918942
"Continuous asphalt network",1804,234.6024,-1.79434645,17.7274837,2.221797,0.03874212
"Continuous asphalt network",1805,232.742752,-1.91594756,13.09906,1.11081219,0.02789675
"Continuous asphalt network",1806,233.791946,-1.84962213,16.2413635,1.11080074,0.0378037654
"Continuous asphalt network",1807,241.467728,-1.13995647,31.2301331,4.44345427,0.0444230027
"Continuous asphalt network",1808,245.377075,-0.7818927,38.70326,1.11082852,0.0356766768
"Continuous asphalt network",1809,247.736984,-0.618722856,43.18288,0.5554739,0.02684665
"Continuous asphalt network",1810,246.258987,-0.720756769,40.1681328,0.5554754,0.0362285934
"Continuous asphalt network",1811,243.231567,-0.9883849,34.1598625,2.22163081,0.0441633
"Continuous asphalt network",1812,238.654678,-1.43318367,25.1581173,4.443484,0.0440531075
"Continuous asphalt network",1813,235.102661,-1.780508,17.5786839,1.11089265,0.0380034968
"Continuous asphalt network",1814,232.957153,-1.9101845,13.0352783,0.555511057,0.0278973784
"Continuous asphalt network",1815,234.292191,-1.83579159,16.0925541,0.555513144,0.0379731
"Continuous asphalt network",1816,237.033768,-1.58392966,22.1858616,2.22177744,0.04865021
"Continuous asphalt network",1817,228.022949,-1.987202,4.13981628,17.7739677,0.0182834957
"Continuous asphalt network",1818,219.440918,-2.01575541,-14.0337782,8.887161,0.001467965
"Continuous asphalt network",1819,224.781143,-2.00591254,-1.80466712,8.887153,0.00177093223
"Continuous asphalt network",1820,162.483017,-2.0240612,10.060257,30.6682281,0.0003606185
"Continuous asphalt network",1821,174.12059,-2.02075768,3.05317187,1.94552135,0.000328198425
"Continuous asphalt network",1822,143.236633,-2.03690553,10.0935926,24.2343369,0.0004556079
"Continuous asphalt network",1823,72.60273,-2.076568,-11.63885,35.7702827,0.0167153049
"Continuous asphalt network",1824,66.1103439,-2.06941724,-23.6338348,8.94265652,0.0181221124
"Continuous asphalt network",1825,62.61381,-2.0931406,-29.4816742,8.942638,0.0191071555
"Continuous asphalt network",1826,66.85724,-2.08601928,-20.1112976,17.885149,0.01674017
"Continuous asphalt network",1827,74.09652,-2.096057,-4.59375525,71.54128,0.00673657143
"Continuous asphalt network",1828,-87.5016251,-5.07193565,160.175232,70.64112,0
"Continuous asphalt network",1829,-68.7925,-5.07193565,166.368042,35.32032,0
"Continuous asphalt network",1830,-80.20718,-5.07193565,160.9116,35.32022,0
"Continuous asphalt network",1831,258.784973,-0.2620725,57.41817,32.4321556,0
"Continuous asphalt network",1832,276.920746,0.0355326943,43.0043831,20.95239,0.0348903649
"Continuous asphalt network",1833,271.1974,-0.160204187,46.1507378,5.23806858,0.0282776747
"Continuous asphalt network",1834,268.676666,-0.2186568,47.94322,5.23810863,0.0166628435
"Continuous asphalt network",1835,273.821625,-0.11161989,46.1317558,10.4762058,0.0304970462
"Continuous asphalt network",1836,280.226959,0.129479468,43.42404,20.952898,0.04276664
"Continuous asphalt network",1837,284.1116,0.263875067,42.50883,20.952528,0.0269305538
"Continuous asphalt network",1838,290.376251,0.372736365,12.5772095,6.09264,0.0148479724
"Continuous asphalt network",1839,292.453583,0.354893774,14.0506439,6.09273672,0.0004610198
"Continuous asphalt network",1840,291.3702,0.395908117,10.6750641,12.1860991,0.01925295
"Continuous asphalt network",1841,261.455017,2.173042,-51.6707153,10.1251192,0.0184716713
"Continuous asphalt network",1842,263.416,2.18231177,-50.193676,10.1250019,0.0168525912
"Continuous asphalt network",1843,266.357483,2.15261054,-47.9781075,20.2503815,0.0168283153
"Continuous asphalt network",1844,312.705658,2.438899,-118.672478,37.7768822,0
"Continuous asphalt network",1845,320.565826,2.439636,-106.6178,37.7770844,0.000102407939
"Continuous asphalt network",1846,310.73114,2.438899,-125.972725,75.5519257,0
"Continuous asphalt network",1847,289.918,2.43524075,-157.981873,65.15424,0.0007792699
"Continuous asphalt network",1848,302.001862,2.438899,-143.667969,32.57712,0
"Continuous asphalt network",1849,295.239777,2.43790722,-154.074326,32.57709,0.000159849587
"Continuous asphalt network",1850,100.517738,-3.53782535,-366.250977,24.3166618,0.0004920467
"Continuous asphalt network",1851,110.263733,-3.51739955,-350.882568,24.5503426,0.00162536092
"Continuous asphalt network",1852,63.9448051,-3.544947,-331.384644,16.6395626,0.000435965427
"Continuous asphalt network",1853,175.702835,-0.7191575,-224.5948,78.24237,0.0320291743
"Continuous asphalt network",1854,166.422546,-1.41914308,-244.345413,39.120945,0.03219206
"Continuous asphalt network",1855,170.883255,-0.975397766,-231.104858,39.1210022,0.0320905373
"Continuous asphalt network",1856,155.847641,-2.14489841,-264.041,39.12101,0.0326820724
"Continuous asphalt network",1857,147.68251,-2.73748946,-280.4814,9.780282,0.0315637551
"Continuous asphalt network",1858,142.7187,-3.056659,-290.343,4.89005756,0.02443997
"Continuous asphalt network",1859,145.596375,-2.86026216,-283.750275,4.89010239,0.0319802128
"Continuous asphalt network",1860,151.675369,-2.39719486,-270.578583,19.5605316,0.0323345773
"Continuous asphalt network",1861,160.955658,-1.68825662,-250.827957,39.12113,0.0328126177
"Continuous asphalt network",1862,168.94136,-1.00179,-231.022217,19.56078,0.0320848
"Continuous asphalt network",1863,164.480637,-1.4455353,-244.262772,19.560751,0.0321863741
"Continuous asphalt network",1864,208.283127,1.81080973,-165.902283,52.13843,0.0209275186
"Continuous asphalt network",1865,201.431442,1.45728457,-177.3882,0.8146687,0.1140197
"Continuous asphalt network",1866,202.074829,1.523745,-176.996582,0.8146786,0.0693686
"Continuous asphalt network",1867,203.039963,1.56439364,-176.40918,1.62935972,0.0264640134
"Continuous asphalt network",1868,200.897018,1.35086286,-178.838989,3.25864744,0.112729743
"Continuous asphalt network",1869,202.393921,1.58218229,-175.114151,0.81465,0.0332010947
"Continuous asphalt network",1870,201.694717,1.57510853,-174.132874,0.407325983,0.08898844
"Continuous asphalt network",1871,202.231766,1.59629536,-174.368759,0.407333165,0.03868275
"Continuous asphalt network",1872,203.252686,1.595734,-175.154236,1.629336,0.0246343371
"Continuous asphalt network",1873,201.64415,1.50504017,-176.13324,0.8146594,0.07102618
"Continuous asphalt network",1874,201.000732,1.43857992,-176.524857,0.8146495,0.115190372
"Continuous asphalt network",1875,201.535156,1.52342641,-175.0741,1.62933648,0.08609937
"Continuous asphalt network",1876,197.897934,1.06509817,-182.915344,6.517442,0.04133785
"Continuous asphalt network",1877,199.554382,1.28128338,-178.249313,1.62936676,0.07132876
"Continuous asphalt network",1878,200.516891,1.40863955,-175.975266,1.6293633,0.0859017
"Continuous asphalt network",1879,199.610184,1.2336601,-179.6222,3.25873351,0.053636916
"Continuous asphalt network",1880,204.422653,1.74571645,-168.251938,3.258757,0.0230554249
"Continuous asphalt network",1881,202.816772,1.67646253,-170.9176,0.8146368,0.02074798
"Continuous asphalt network",1882,201.82637,1.614295,-172.5052,0.407356232,0.05527814
"Continuous asphalt network",1883,202.307617,1.66220248,-171.368179,0.4073603,0.02612166
"Continuous asphalt network",1884,203.404373,1.71791422,-169.153091,1.62928748,0.0230972953
"Continuous asphalt network",1885,205.597885,1.8267349,-164.7229,6.51754332,0.0211676341
"Continuous asphalt network",1886,203.890823,1.67703855,-171.389359,1.62934017,0.02017691
"Continuous asphalt network",1887,202.550842,1.64393961,-172.486313,0.40732038,0.0238834713
"Continuous asphalt network",1888,201.907425,1.60862958,-172.877914,0.4072964,0.08082624
"Continuous asphalt network",1889,202.978928,1.66386509,-171.663025,0.8146307,0.02026982
"Continuous asphalt network",1890,204.747,1.7174381,-169.742783,3.25864649,0.022574896
"Continuous asphalt network",1891,203.4654,1.62473714,-173.899292,1.62931287,0.02341259
"Continuous asphalt network",1892,202.33812,1.61527538,-173.741272,0.407330453,0.0243547428
"Continuous asphalt network",1893,201.801071,1.59408855,-173.505386,0.407323271,0.0808209
"Continuous asphalt network",1894,202.713,1.63016546,-173.231735,0.8146708,0.0234347023
"Continuous asphalt network",1895,204.215164,1.65168476,-172.8802,3.258705,0.020909382
"Continuous asphalt network",1896,191.362717,0.6490495,-190.8322,26.06931,0.0412403829
"Continuous asphalt network",1897,184.402054,0.130355254,-201.258972,6.517164,0.04254679
"Continuous asphalt network",1898,180.171936,-0.17878972,-207.491455,3.25851274,0.03750079
"Continuous asphalt network",1899,182.633987,0.0198816266,-203.179245,3.258523,0.0442440957
"Continuous asphalt network",1900,187.826584,0.439903021,-194.672684,13.03435,0.04130807
"Continuous asphalt network",1901,195.749741,1.05752146,-181.971848,26.0693035,0.0414457358
"Continuous asphalt network",1902,201.099289,1.60638523,-170.837463,1.62926555,0.0586767159
"Continuous asphalt network",1903,202.3303,1.709309,-168.681351,1.62925208,0.0398030058
"Continuous asphalt network",1904,201.0208,1.56703854,-172.151413,3.2586832,0.06437247
"Continuous asphalt network",1905,204.792313,1.82695484,-164.3691,3.25842333,0.0212358981
"Continuous asphalt network",1906,203.001587,1.71835291,-168.9762,0.8147273,0.0230977
"Continuous asphalt network",1907,202.106216,1.65636671,-171.279739,0.203663379,0.06263559
"Continuous asphalt network",1908,201.624985,1.60845912,-172.416748,0.203661352,0.07959314
"Continuous asphalt network",1909,202.2126,1.67106533,-170.652237,0.407363772,0.0305498671
"Continuous asphalt network",1910,203.21431,1.74637508,-167.721222,1.62920094,0.0228557754
"Continuous asphalt network",1911,198.40184,1.21234858,-179.091492,1.62931907,0.0409972444
"Continuous asphalt network",1912,200.11409,1.39110339,-175.79834,0.814648151,0.06266076
"Continuous asphalt network",1913,199.1516,1.26374722,-178.0724,0.8146498,0.0408307463
"Continuous asphalt network",1914,197.092346,1.06132281,-182.561539,3.25861716,0.0413192362
"Continuous asphalt network",1915,199.269287,1.33774149,-176.1015,0.814662158,0.042453222
"Continuous asphalt network",1916,200.15332,1.4164381,-175.141373,0.814697444,0.103617385
"Continuous asphalt network",1917,198.4803,1.26100826,-177.777573,1.62932968,0.04100624
"Continuous asphalt network",1918,200.2318,1.46713352,-173.827438,1.62934089,0.08228896
"Continuous asphalt network",1919,199.347763,1.38843691,-174.787552,1.62931252,0.0424635261
"Continuous asphalt network",1920,101.23365,-4.125424,-291.068237,23.25704,0.02084734
"Continuous asphalt network",1921,101.999367,-4.12568,-286.5134,23.25758,0.02725107
"Continuous asphalt network",1922,94.07745,-4.239014,-299.88855,23.2573166,0.008273224
"Continuous asphalt network",1923,98.0885239,-4.191913,-289.528168,11.6289034,0.020409245
"Continuous asphalt network",1924,97.32279,-4.191657,-294.083,11.62852,0.0061234734
"Continuous asphalt network",1925,-21.8427982,-5.09940338,-327.4966,60.71378,0
"Continuous asphalt network",1926,-39.24146,-5.10698652,-317.503326,57.6199341,0.00290553668
"Continuous asphalt network",1927,-79.48465,-5.437841,-252.6451,23.8492146,0.00190993352
"Continuous asphalt network",1928,-94.1800156,-5.4693,-240.964981,28.012619,0.000521620444
"Continuous asphalt network",1929,-121.033508,-5.47174072,-225.861038,16.85672,0
"Continuous asphalt network",1930,-111.484108,-5.47174072,-234.1383,16.8566513,0
"Continuous asphalt network",1931,-126.57914,-5.47174072,-222.623276,33.7136345,0
"Continuous asphalt network",1932,-142.4451,-5.47174072,-212.009109,16.8564281,0
"Continuous asphalt network",1933,-152.765427,-5.47174072,-204.632736,16.8564949,0
"Continuous asphalt network",1934,-136.514038,-5.47174072,-214.796448,33.7136,0
"Continuous asphalt network",1935,-110.327736,-5.47174072,-232.787033,33.7132645,0
"Continuous asphalt network",1936,-119.877159,-5.47174072,-224.509766,33.7134,0
"Continuous asphalt network",1937,-104.01123,-5.47174072,-235.123917,67.42688,0
"Continuous asphalt network",1938,-20.9189644,-6.998318,-288.693756,28.5900383,0.00514276139
"Continuous asphalt network",1939,-19.4035378,-6.99598265,-283.081268,7.14748049,0.0283701941
"Continuous asphalt network",1940,-18.180645,-7.046455,-280.648438,7.147489,0.0356602147
"Continuous asphalt network",1941,-17.383379,-6.942615,-285.556549,3.573872,0.0262901783
"Continuous asphalt network",1942,-17.0644722,-6.95280457,-287.5198,3.57382727,0.02843201
"Continuous asphalt network",1943,-19.0846367,-6.972021,-285.044525,7.147535,0.0127912657
"Continuous asphalt network",1944,-14.963973,-7.283695,-275.548,3.57384658,0.0552474745
"Continuous asphalt network",1945,-16.5057678,-7.21427774,-276.0176,3.57378531,0.0315121152
"Continuous asphalt network",1946,-14.5119829,-7.29203463,-273.349976,7.147442,0.02936706
"Continuous asphalt network",1947,-12.2256622,-7.187486,-267.502747,7.147606,0.0328970142
"Continuous asphalt network",1948,-12.9036455,-7.28549957,-270.799835,3.573835,0.03247797
"Continuous asphalt network",1949,-13.3556366,-7.322229,-272.997833,3.57370043,0.0410877429
"Continuous asphalt network",1950,-15.4159517,-7.201839,-277.746063,0.893433034,0.0552757531
"Continuous asphalt network",1951,-14.8710489,-7.17758036,-278.61026,0.8934569,0.07607315
"Continuous asphalt network",1952,-16.4593067,-7.18030548,-277.548737,1.78684807,0.0444620252
"Continuous asphalt network",1953,-14.1466246,-7.293569,-276.8444,1.7869457,0.0586960278
"Continuous asphalt network",1954,-14.1001616,-7.22142649,-278.3755,0.893399835,0.0818311945
"Continuous asphalt network",1955,-14.6450644,-7.245685,-277.511261,0.893375933,0.0619590729
"Continuous asphalt network",1956,-15.0173292,-7.07752228,-280.2001,0.223353833,0.06804717
"Continuous asphalt network",1957,-14.5804014,-7.03273535,-280.7109,0.111672692,0.120599441
"Continuous asphalt network",1958,-14.9093485,-7.05602264,-280.553558,0.111668766,0.0644017458
"Continuous asphalt network",1959,-15.5389986,-7.07745743,-280.10144,0.446732819,0.06806521
"Continuous asphalt network",1960,-14.3826551,-7.117218,-279.749268,0.446734369,0.08370725
"Continuous asphalt network",1961,-14.3594236,-7.046562,-280.514832,0.223360226,0.130090892
"Continuous asphalt network",1962,-14.6318808,-7.08893728,-280.082733,0.223374844,0.0619161949
"Continuous asphalt network",1963,-14.7216406,-6.95249367,-281.397736,0.44670397,0.148495987
"Continuous asphalt network",1964,-14.6984129,-6.87087631,-282.16333,0.223365456,0.0574351177
"Continuous asphalt network",1965,-14.9708633,-6.921621,-281.7312,0.223363429,0.142637685
"Continuous asphalt network",1966,-15.6519861,-7.040319,-280.65094,0.4467072,0.06440554
"Continuous asphalt network",1967,-14.965848,-7.029733,-280.8283,0.11168877,0.124234132
"Continuous asphalt network",1968,-14.6369009,-7.00644541,-280.985657,0.111692704,0.150962338
"Continuous asphalt network",1969,-15.1868162,-7.014095,-281.024384,0.223336533,0.07807487
"Continuous asphalt network",1970,-16.0274067,-7.12747145,-278.962463,3.5736928,0.0515493937
"Continuous asphalt network",1971,-15.5025778,-6.87050247,-283.438446,1.78686953,0.05406761
"Continuous asphalt network",1972,-15.7285738,-6.87791061,-284.537476,1.78689063,0.06738888
"Continuous asphalt network",1973,-15.9081116,-6.918407,-287.167633,1.78689563,0.0415475778
"Continuous asphalt network",1974,-16.2270184,-6.908217,-285.204346,1.786918,0.0416257679
"Continuous asphalt network",1975,-17.0242977,-7.05603075,-280.296265,3.57371259,0.0384195074
"Continuous asphalt network",1976,-16.0474758,-6.92333746,-282.574219,1.7868315,0.06325149
"Continuous asphalt network",1977,-16.0939331,-7.017176,-281.0431,0.8934569,0.05485412
"Continuous asphalt network",1978,-15.3563108,-6.93551064,-281.8486,0.223363325,0.14198105
"Continuous asphalt network",1979,-15.0838594,-6.884767,-282.280731,0.223365337,0.06772295
"Continuous asphalt network",1980,-15.8779821,-6.96652842,-281.749969,0.446703732,0.09965487
"Continuous asphalt network",1981,-7.786094,-6.981664,-259.969482,14.2950869,0.02169256
"Continuous asphalt network",1982,-4.88832474,-6.96131,-252.905823,7.14757,0.0251274221
"Continuous asphalt network",1983,-5.56630325,-6.91984749,-256.20285,3.57374287,0.0128158294
"Continuous asphalt network",1984,-6.018292,-6.93104553,-258.400848,3.57384014,0.0339006074
"Continuous asphalt network",1985,0.00323232,-7.10328531,-243.174545,14.2949066,0.0142346593
"Continuous asphalt network",1986,-2.50908661,-6.99854136,-250.1208,7.1474843,0.0212160666
"Continuous asphalt network",1987,-4.21723,-6.903942,-255.791992,1.78687811,0.0160695724
"Continuous asphalt network",1988,-5.28065729,-6.9145484,-259.2064,0.893446267,0.02462357
"Continuous asphalt network",1989,-4.82866859,-6.903351,-257.0084,0.8934213,0.0303177554
"Continuous asphalt network",1990,-3.73197055,-6.950338,-252.553635,3.57373261,0.02589047
"Continuous asphalt network",1991,-8.304614,-7.05261374,-264.248138,14.2951155,0.0279707126
"Continuous asphalt network",1992,-9.627319,-7.266455,-269.8019,3.57377338,0.0726111755
"Continuous asphalt network",1993,-10.2886782,-7.43937159,-272.578827,0.893446267,0.0720475
"Continuous asphalt network",1994,-10.7073984,-7.47518,-273.736542,0.8934275,0.09774218
"Continuous asphalt network",1995,-10.4314919,-7.34874868,-271.077026,1.78684437,0.06287437
"Continuous asphalt network",1996,-9.912956,-7.14637375,-266.79837,7.147566,0.0381906852
"Continuous asphalt network",1997,-11.9302893,-7.453406,-276.169342,1.78688812,0.06846397
"Continuous asphalt network",1998,-12.3490076,-7.39135742,-277.327057,1.78691375,0.103994496
"Continuous asphalt network",1999,-12.80099,-7.22484,-279.525116,0.8934199,0.122906223
"Continuous asphalt network",2000,-13.0793161,-7.07155752,-280.768829,0.111675009,0.164472342
"Continuous asphalt network",2001,-13.1399717,-6.987066,-281.1736,0.0558437258,0.3185541
"Continuous asphalt network",2002,-13.2280149,-7.035359,-280.942871,0.0558454059,0.155551836
"Continuous asphalt network",2003,-13.2970009,-6.861777,-281.6078,0.0558371022,0.418413579
"Continuous asphalt network",2004,-13.3796682,-6.75185633,-281.954865,0.01396207,0.2586309
"Continuous asphalt network",2005,-13.4320135,-6.740166,-282.0996,0.01396638,0.4227321
"Continuous asphalt network",2006,-13.397522,-6.81705332,-281.767151,0.027920844,0.4184137
"Continuous asphalt network",2007,-13.3829613,-6.96533251,-281.312,0.0279217921,0.234312445
"Continuous asphalt network",2008,-13.2907591,-6.935436,-281.41272,0.027916776,0.413151056
"Continuous asphalt network",2009,-13.3725691,-7.01822662,-280.9869,0.0279246829,0.1606992
"Continuous asphalt network",2010,-13.2384176,-6.96666956,-281.268036,0.0139582912,0.4372289
"Continuous asphalt network",2011,-13.33062,-6.996567,-281.167328,0.0139623834,0.160708547
"Continuous asphalt network",2012,-13.2030716,-7.1288085,-280.162659,0.446724564,0.138911828
"Continuous asphalt network",2013,-12.9604445,-7.28941965,-278.5435,0.8934301,0.104360074
"Continuous asphalt network",2014,-12.9271774,-7.3379693,-277.503143,0.893451631,0.0607501864
"Continuous asphalt network",2015,-14.1451845,-6.80316925,-282.767517,0.223357335,0.09699598
"Continuous asphalt network",2016,-13.7597456,-6.76404333,-282.650146,0.223350674,0.159980819
"Continuous asphalt network",2017,-14.1618128,-6.787288,-283.2877,0.446711719,0.102624238
"Continuous asphalt network",2018,-14.4925051,-6.80259562,-284.676147,0.446742445,0.0641028062
"Continuous asphalt network",2019,-14.4592237,-6.805239,-283.635834,0.446758062,0.08097087
"Continuous asphalt network",2020,-15.3299475,-6.89264059,-286.991547,0.893413067,0.05059398
"Continuous asphalt network",2021,-14.9909515,-6.843019,-285.343018,0.446703464,0.0499537066
"Continuous asphalt network",2022,-14.7483177,-6.824612,-283.723846,0.223352671,0.0809806
"Continuous asphalt network",2023,-14.7816,-6.82196951,-284.7642,0.223344848,0.06412282
"Continuous asphalt network",2024,-13.9840231,-6.806441,-282.203339,0.22336404,0.149346277
"Continuous asphalt network",2025,-14.369462,-6.8455677,-282.3207,0.223372757,0.08995392
"Continuous asphalt network",2026,-14.1999731,-6.91504049,-281.496429,0.223365009,0.134698242
"Continuous asphalt network",2027,-13.8452768,-6.81697845,-281.9679,0.027925875,0.2883149
"Continuous asphalt network",2028,-13.8510818,-6.866041,-281.7765,0.0139546338,0.156452835
"Continuous asphalt network",2029,-13.78297,-6.831061,-281.884521,0.01396083,0.4417542
"Continuous asphalt network",2030,-13.6949348,-6.775242,-282.115265,0.0558441058,0.163178116
"Continuous asphalt network",2031,-14.0919981,-6.86015368,-281.849884,0.111679442,0.17774418
"Continuous asphalt network",2032,-13.9739676,-7.050644,-280.39743,0.4467365,0.103752531
"Continuous asphalt network",2033,-13.7181444,-6.939897,-281.349731,0.111691296,0.160689279
"Continuous asphalt network",2034,-13.5902491,-6.82491827,-281.8259,0.02791628,0.407740384
"Continuous asphalt network",2035,-13.550395,-6.760633,-282.0713,0.0279211123,0.13689214
"Continuous asphalt network",2036,-13.6924086,-6.886282,-281.663818,0.02791671,0.327435762
"Continuous asphalt network",2037,-13.6866064,-6.830847,-281.8552,0.0139611261,0.4184448
"Continuous asphalt network",2038,-13.7547178,-6.865827,-281.747162,0.0139549281,0.134931654
"Continuous asphalt network",2039,-13.950736,-6.96024561,-281.163,0.223373726,0.154102072
"Continuous asphalt network",2040,-13.6349878,-7.22076035,-278.748932,0.446733475,0.106083356
"Continuous asphalt network",2041,-13.408989,-7.289491,-277.6499,0.446764082,0.0481329933
"Continuous asphalt network",2042,-13.5718908,-7.140878,-279.7599,0.446739435,0.127931446
"Continuous asphalt network",2043,-13.5171041,-6.9935174,-281.030975,0.111670077,0.18094641
"Continuous asphalt network",2044,-13.4897223,-6.86964846,-281.666473,0.0279174875,0.407455474
"Continuous asphalt network",2045,-13.4781227,-6.75718832,-282.0493,0.013961819,0.136850625
"Continuous asphalt network",2046,-13.5179777,-6.8214736,-281.803864,0.0139594031,0.407743961
"Continuous asphalt network",2047,-13.573597,-6.95079374,-281.3057,0.0558443852,0.129288182
"Continuous asphalt network",2048,-13.6848831,-7.073019,-280.3094,0.223342,0.142896831
"Continuous asphalt network",2049,-12.26583,-7.41190529,-274.7263,3.57362747,0.0778447241
"Continuous asphalt network",2050,-11.813839,-7.37517548,-272.5283,3.57376218,0.0592301562
"Continuous asphalt network",2051,-11.0693092,-7.180097,-267.150574,3.57376337,0.0294241868
"Continuous asphalt network",2052,-11.2023926,-7.335987,-271.311829,3.57375884,0.04666912
"Continuous asphalt network",2053,-19.3766766,-3.67401767,-113.6381,8.998087,0.0153614637
"Continuous asphalt network",2054,-94.04458,-5.33008,-53.965168,47.18348,0.00105160021
"Continuous asphalt network",2055,-104.722168,-5.33135128,-45.4977722,23.5917,0
"Continuous asphalt network",2056,-96.8281,-5.329496,-49.7938423,23.59165,0.00041296464
"Continuous asphalt network",2057,-364.158722,-6.66810369,11.98761,4.919834,0
"Continuous asphalt network",2058,-286.813629,-6.674207,55.5315132,26.106142,0
"Continuous asphalt network",2059,-298.90097,-6.674207,59.54909,13.9284029,0
"Continuous asphalt network",2060,-340.0187,-6.66505051,59.4482841,41.81288,0
"Continuous asphalt network",2061,-334.746368,-6.66505051,66.09896,41.81235,0
"Continuous asphalt network",2062,-101.189262,-5.33806229,22.8625031,8.957858,0.0491928
"Continuous asphalt network",2063,-100.935913,-5.181731,26.1490383,2.239495,0.04876469
"Continuous asphalt network",2064,-100.702431,-5.10416555,28.1955013,1.1197778,0.0513755456
"Continuous asphalt network",2065,-100.315041,-5.1165185,27.3279419,1.11974132,0.0502195135
"Continuous asphalt network",2066,-99.94753,-5.207901,25.2203,4.478915,0.0496441424
"Continuous asphalt network",2067,-99.21252,-5.37613344,21.0050354,17.91579,0.0458514839
"Continuous asphalt network",2068,-78.45532,-5.120436,14.2816668,33.4192238,0.0181610249
"Continuous asphalt network",2069,-70.21851,-5.086223,9.228699,16.70966,0.00489816163
"Continuous asphalt network",2070,-76.21276,-5.127663,11.1026964,16.7096424,0.0114871478
"Continuous asphalt network",2071,-59.7391548,-5.07453156,0.9967702,33.419342,0.00164859509
"Continuous asphalt network",2072,-68.1646042,-5.086591,5.48924255,16.7096462,0.00293983752
"Continuous asphalt network",2073,-76.77869,-5.134135,9.421224,8.354697,0.0109536592
"Continuous asphalt network",2074,-70.78444,-5.092695,7.547226,8.354706,0.00336524029
"Continuous asphalt network",2075,-87.6319962,-5.3122673,13.2611847,18.3887,0.035705246
"Continuous asphalt network",2076,-93.00875,-5.259798,21.37885,20.1899281,0.026257392
"Continuous asphalt network",2077,-95.86219,-5.169576,25.5440311,20.1899986,0.0330594853
"Continuous asphalt network",2078,-87.6481552,-5.20243454,19.84344,40.37979,0.03016201
"Continuous asphalt network",2079,9.682593,-3.24619579,-54.9303856,21.903677,0.02661678
"Continuous asphalt network",2080,147.1605,-1.97769547,-88.76754,25.9832535,0.006179391
"Continuous asphalt network",2081,157.6214,-1.86427975,-95.35374,1.62398529,0.0242688786
"Continuous asphalt network",2082,159.620834,-1.79476488,-96.81957,1.62398636,0.0381222554
"Continuous asphalt network",2083,156.312531,-1.88414633,-95.11615,3.2478838,0.02269601
"Continuous asphalt network",2084,162.61998,-1.63177586,-99.01833,1.62392855,0.0603442267
"Continuous asphalt network",2085,165.696426,-1.38480318,-101.093262,0.811965466,0.0856611952
"Continuous asphalt network",2086,163.542419,-1.55351353,-99.8750839,0.8119619,0.06982768
"Continuous asphalt network",2087,159.234421,-1.78356683,-97.43872,0.811958,0.03790933
"Continuous asphalt network",2088,157.0804,-1.85290945,-96.22055,0.81196475,0.0256208517
"Continuous asphalt network",2089,160.465973,-1.74528885,-97.80016,1.62394881,0.0388963
"Continuous asphalt network",2090,150.850235,-1.94232523,-92.19454,12.9915781,0.0111951334
"Continuous asphalt network",2091,133.618164,-2.01300216,-82.44915,12.9915476,0.000796434353
"Continuous asphalt network",2092,125.002136,-2.01795745,-77.57644,12.9915943,0.000205729812
"Continuous asphalt network",2093,138.544449,-2.01053739,-83.8948441,25.9832935,0.001443937
"Continuous asphalt network",2094,157.858231,-1.93031156,-92.639534,6.495864,0.0204042513
"Continuous asphalt network",2095,159.548538,-1.86047173,-94.60071,6.495865,0.04449743
"Continuous asphalt network",2096,163.238281,-1.66495514,-98.0277,3.2479043,0.0622100122
"Continuous asphalt network",2097,165.928284,-1.40105593,-100.721771,1.62399721,0.08721756
"Continuous asphalt network",2098,163.928848,-1.57458687,-99.25593,1.62396216,0.06832699
"Continuous asphalt network",2099,159.929977,-1.80537188,-96.32425,1.62394667,0.0405304767
"Continuous asphalt network",2100,157.930542,-1.87488687,-94.85842,1.62394559,0.0281597171
"Continuous asphalt network",2101,161.238846,-1.77781165,-96.56187,3.24792552,0.04339496
"Continuous asphalt network",2102,152.395935,-1.96621168,-89.717926,25.98346,0.01574208
"Continuous asphalt network",2103,166.701157,-1.46661341,-99.48346,6.495887,0.08888826
"Continuous asphalt network",2104,165.010864,-1.65723956,-97.5223,6.49582148,0.0679375753
"Continuous asphalt network",2105,168.782867,-1.49751282,-98.4827347,12.9917307,0.08386214
"Continuous asphalt network",2106,162.4754,-1.858764,-94.58057,6.49597073,0.0498283543
"Continuous asphalt network",2107,160.78511,-1.92860377,-92.61939,6.49597,0.0256083086
"Continuous asphalt network",2108,166.247437,-1.76366174,-95.54101,12.9918127,0.0640044957
"Continuous asphalt network",2109,252.5467,-0.417566538,47.64096,25.0511932,0.032361865
"Continuous asphalt network",2110,165.971375,-2.02380967,4.77212524,57.16842,0.0003195447
"Continuous asphalt network",2111,171.469009,-2.021775,4.42438269,29.5322,0.0005382758
"Continuous asphalt network",2112,130.482681,-2.05250549,13.7134657,49.9486656,0.0014567
"Continuous asphalt network",2113,80.16494,-2.096057,5.5565896,52.6321945,0.006817456
"Continuous asphalt network",2114,89.88334,-2.10952783,17.2668152,26.3159962,0.0008490852
"Continuous asphalt network",2115,84.73958,-2.09506631,8.661824,26.3160229,0.00301526417
"Continuous asphalt network",2116,-68.3456039,-5.07193565,161.657608,30.3815155,0
"Continuous asphalt network",2117,-79.52916,-5.07193565,158.677536,30.3815269,0
"Continuous asphalt network",2118,-62.5227165,-5.07193565,165.624008,60.7630119,0
"Continuous asphalt network",2119,285.502319,0.341020346,39.2764626,4.95098972,0.0107598919
"Continuous asphalt network",2120,283.142242,0.301783,39.37175,4.95108271,0.03518623
"Continuous asphalt network",2121,287.050079,0.342877477,41.0786743,9.901615,0.009894251
"Continuous asphalt network",2122,285.9468,0.3526043,35.52918,9.901736,0.00155693316
"Continuous asphalt network",2123,282.774475,0.311509818,37.52191,4.95073366,0.0320467465
"Continuous asphalt network",2124,285.134552,0.3507472,37.4266243,4.95064068,0.00159920217
"Continuous asphalt network",2125,284.4758,0.354420751,28.1299038,19.8031044,0
"Continuous asphalt network",2126,283.5332,0.343081564,32.3634529,9.901572,0.008357041
"Continuous asphalt network",2127,281.908661,0.302027762,36.15839,4.95079231,0.0275140367
"Continuous asphalt network",2128,283.90094,0.3412651,34.2132721,4.95081234,0.0118227936
"Continuous asphalt network",2129,231.375549,1.86733341,-119.930321,1.95116031,0.03195668
"Continuous asphalt network",2130,229.700424,1.83494031,-121.606667,0.97552985,0.0125102587
"Continuous asphalt network",2131,230.465271,1.85641706,-120.323586,0.9755215,0.0311824959
"Continuous asphalt network",2132,231.99498,1.95727444,-117.757416,0.9756078,0.03878691
"Continuous asphalt network",2133,232.627869,2.02133,-116.412262,0.243900344,0.06283873
"Continuous asphalt network",2134,233.010315,2.0922842,-115.770729,0.24390319,0.137692764
"Continuous asphalt network",2135,232.700577,2.00777268,-116.857178,0.4878007,0.06213079
"Continuous asphalt network",2136,232.140427,1.92291355,-118.64724,1.95118451,0.0530587435
"Continuous asphalt network",2137,230.3737,1.81220019,-122.744774,3.90237236,0.0194552559
"Continuous asphalt network",2138,231.666428,1.82416689,-121.709961,3.90238142,0.021830868
"Continuous asphalt network",2139,234.612732,2.38558173,-113.649445,0.487820625,0.112081461
"Continuous asphalt network",2140,233.96637,2.31985068,-114.166847,0.4877808,0.115301594
"Continuous asphalt network",2141,234.92244,2.48555851,-112.562988,0.243895844,0.1385265
"Continuous asphalt network",2142,235.334488,2.483168,-111.730042,0.121942461,0.139125988
"Continuous asphalt network",2143,235.194458,2.51506782,-112.177551,0.06097165,0.131485283
"Continuous asphalt network",2144,235.370865,2.51514268,-111.952492,0.0304838326,0.13015
"Continuous asphalt network",2145,235.341248,2.51004434,-112.143921,0.0304852538,0.129886419
"Continuous asphalt network",2146,234.995163,2.43765044,-113.007904,0.487826467,0.0954859555
"Continuous asphalt network",2147,234.111816,2.216752,-115.056679,0.9755646,0.140343472
"Continuous asphalt network",2148,234.758179,2.282483,-114.539268,0.9755946,0.115981981
"Continuous asphalt network",2149,236.069748,2.34167123,-110.63839,0.243894577,0.14795506
"Continuous asphalt network",2150,236.452164,2.27704787,-109.996849,0.243888617,0.08963765
"Continuous asphalt network",2151,236.142456,2.39550042,-111.083305,0.4877958,0.112973832
"Continuous asphalt network",2152,237.0258,2.216215,-109.034523,0.243878365,0.07143287
"Continuous asphalt network",2153,237.408249,2.19626713,-108.392982,0.243875653,0.1777951
"Continuous asphalt network",2154,236.656845,2.33708286,-110.503822,0.2439006,0.163674831
"Continuous asphalt network",2155,236.775345,2.264675,-109.738136,0.2438859,0.07742574
"Continuous asphalt network",2156,235.523026,2.40034962,-113.256195,0.243890971,0.07602156
"Continuous asphalt network",2157,235.935074,2.45590043,-112.423218,0.0609694272,0.07140546
"Continuous asphalt network",2158,236.1263,2.4550612,-112.102455,0.0609785281,0.320201844
"Continuous asphalt network",2159,235.780228,2.41848159,-112.966461,0.1219448,0.07601798
"Continuous asphalt network",2160,235.2133,2.296116,-114.342651,0.487771362,0.107964776
"Continuous asphalt network",2161,235.671143,2.47490287,-112.29908,0.121949553,0.0931149
"Continuous asphalt network",2162,236.08992,2.473047,-111.880005,0.06097595,0.08614463
"Continuous asphalt network",2163,235.898727,2.47388625,-112.200768,0.0609752871,0.09182022
"Continuous asphalt network",2164,235.450317,2.43878531,-112.811279,0.243903458,0.09737995
"Continuous asphalt network",2165,235.921616,2.45481586,-111.59549,0.2438916,0.1006454
"Continuous asphalt network",2166,235.649612,2.493561,-111.980927,0.06097158,0.0174471736
"Continuous asphalt network",2167,235.4732,2.49523,-112.205986,0.0304877833,0.138557732
"Continuous asphalt network",2168,235.502823,2.5003283,-112.014565,0.0304863621,0.14453958
"Continuous asphalt network",2169,235.628052,2.47137737,-111.662758,0.121945828,0.133119956
"Continuous asphalt network",2170,233.196121,1.9029175,-119.1438,0.9755589,0.04989045
"Continuous asphalt network",2171,234.211472,2.02647877,-117.157104,0.487763077,0.0775247
"Continuous asphalt network",2172,233.710526,1.93428648,-118.564331,0.4877599,0.050633695
"Continuous asphalt network",2173,232.5767,1.83462942,-121.316689,1.95112789,0.0231409036
"Continuous asphalt network",2174,233.815552,2.03620553,-116.970886,0.9756243,0.07744205
"Continuous asphalt network",2175,233.0507,1.94803524,-118.25399,0.975614548,0.05356767
"Continuous asphalt network",2176,233.9933,2.12968349,-115.822365,0.9755635,0.084992595
"Continuous asphalt network",2177,233.287674,2.03730226,-116.722618,0.487773746,0.05639745
"Continuous asphalt network",2178,233.4062,2.10152149,-115.95694,0.4877794,0.126523092
"Continuous asphalt network",2179,239.36351,2.08942,-105.821617,0.243884921,0.126388192
"Continuous asphalt network",2180,239.010681,2.0888865,-106.271729,0.121959738,0.07876521
"Continuous asphalt network",2181,239.069946,2.10477424,-105.888893,0.121963911,0.112197943
"Continuous asphalt network",2182,238.364319,2.137945,-106.789124,0.243910789,0.06944474
"Continuous asphalt network",2183,238.680771,2.11605477,-106.116539,0.06096935,0.113723777
"Continuous asphalt network",2184,238.872,2.12243056,-105.795784,0.0609737,0.136018187
"Continuous asphalt network",2185,238.717117,2.1125524,-106.339,0.121944249,0.07877725
"Continuous asphalt network",2186,239.6436,2.162137,-104.926567,0.975545168,0.141306028
"Continuous asphalt network",2187,238.862549,2.14191914,-107.228844,0.2439001,0.0597752
"Continuous asphalt network",2188,239.067245,2.18331885,-107.735809,0.243888631,0.110797711
"Continuous asphalt network",2189,238.437027,2.15095687,-107.234047,0.487800866,0.0591300838
"Continuous asphalt network",2190,239.32579,2.06889319,-106.522606,0.0609684438,0.0591613
"Continuous asphalt network",2191,239.428116,2.08395171,-106.776093,0.06097621,0.119207092
"Continuous asphalt network",2192,239.113022,2.08401656,-106.525215,0.121945307,0.078769356
"Continuous asphalt network",2193,239.5978,2.053005,-106.137169,0.12194708,0.0448363759
"Continuous asphalt network",2194,239.589722,2.072936,-106.646751,0.0609773546,0.118850321
"Continuous asphalt network",2195,239.487381,2.05787754,-106.393272,0.0609695874,0.0570844
"Continuous asphalt network",2196,239.390427,2.16169953,-107.477104,0.243890971,0.110794619
"Continuous asphalt network",2197,239.053757,2.10988331,-106.908058,0.121947177,0.1484976
"Continuous asphalt network",2198,239.3177,2.110788,-107.032188,0.121956959,0.117424928
"Continuous asphalt network",2199,240.790878,2.32861114,-103.00193,0.975588143,0.06730063
"Continuous asphalt network",2200,241.8062,2.35132432,-101.015236,0.48777163,0.06987072
"Continuous asphalt network",2201,241.305252,2.3650465,-102.422462,0.487777829,0.06625407
"Continuous asphalt network",2202,240.1418,2.11051154,-105.366264,0.121947579,0.136226475
"Continuous asphalt network",2203,240.067749,2.04217887,-105.844818,0.0304921158,0.2099058
"Continuous asphalt network",2204,239.935776,2.04213548,-105.782745,0.030488072,0.156724662
"Continuous asphalt network",2205,240.163345,2.06946278,-105.684425,0.06098013,0.145018533
"Continuous asphalt network",2206,240.494629,2.1881094,-104.916145,0.243887946,0.14169021
"Continuous asphalt network",2207,239.743225,2.13003373,-107.026978,0.243884251,0.151468247
"Continuous asphalt network",2208,239.8321,2.06810665,-106.452728,0.1219429,0.166759342
"Continuous asphalt network",2209,239.906143,2.03278756,-105.974174,0.0304843411,0.141016454
"Continuous asphalt network",2210,240.038132,2.032831,-106.036247,0.0304883849,0.12367633
"Continuous asphalt network",2211,239.810547,2.04122758,-106.13456,0.0609774143,0.080283165
"Continuous asphalt network",2212,240.289963,2.22212052,-104.409149,0.9756059,0.136698067
"Continuous asphalt network",2213,243.085449,2.31616187,-99.15268,0.975571334,0.103553735
"Continuous asphalt network",2214,243.8503,2.270051,-97.86959,0.9755795,0.051578436
"Continuous asphalt network",2215,245.630478,2.12278652,-94.59982,0.9756091,0.038498234
"Continuous asphalt network",2216,244.364685,2.23546052,-97.29013,0.9756031,0.0553120226
"Continuous asphalt network",2217,241.450684,2.37123656,-103.312286,0.4877495,0.06475169
"Continuous asphalt network",2218,242.532,2.40741444,-101.356606,0.24383387,0.02017783
"Continuous asphalt network",2219,241.8991,2.3997438,-102.701759,0.243837684,0.0293847285
"Continuous asphalt network",2220,240.442078,2.11337686,-105.71286,0.121934533,0.262151927
"Continuous asphalt network",2221,240.982742,2.24891257,-104.735016,0.0609808378,0.150269419
"Continuous asphalt network",2222,240.6663,2.16234612,-105.407593,0.0609838143,0.0882493258
"Continuous asphalt network",2223,240.033386,2.12030125,-106.752747,0.0609961562,0.07898125
"Continuous asphalt network",2224,239.716934,2.16416574,-107.425331,0.06099651,0.113887712
"Continuous asphalt network",2225,240.125626,2.091478,-106.385437,0.121934354,0.24440366
"Continuous asphalt network",2226,240.8178,2.247702,-104.65744,0.4877512,0.145812526
"Continuous asphalt network",2227,242.584518,2.365185,-100.559914,0.9755655,0.1048082
"Continuous asphalt network",2228,241.5692,2.38213372,-102.5466,0.4878301,0.06675146
"Continuous asphalt network",2229,242.070129,2.36841178,-101.139381,0.4878239,0.07028587
"Continuous asphalt network",2230,235.490723,2.19800973,-115.294533,0.9756366,0.101644062
"Continuous asphalt network",2231,236.506042,2.357126,-113.307838,0.48777312,0.08189781
"Continuous asphalt network",2232,236.005127,2.257229,-114.715057,0.487777829,0.111948267
"Continuous asphalt network",2233,238.035767,2.33853436,-110.741669,0.975547552,0.08955842
"Continuous asphalt network",2234,236.835953,2.32818,-113.463013,0.243924558,0.08905619
"Continuous asphalt network",2235,236.203079,2.24049473,-114.808167,0.243925974,0.117040209
"Continuous asphalt network",2236,237.020432,2.36606622,-112.728363,0.4877685,0.09064859
"Continuous asphalt network",2237,233.855972,1.89287412,-119.454132,0.487827122,0.0458595641
"Continuous asphalt network",2238,234.9373,2.00986958,-117.498474,0.243895948,0.0687305
"Continuous asphalt network",2239,234.3044,1.92564929,-118.843628,0.243895143,0.0460800454
"Continuous asphalt network",2240,232.97261,1.82980251,-121.5029,0.975642741,0.020163618
"Continuous asphalt network",2241,234.989792,2.06928658,-116.701759,0.9756281,0.07637267
"Continuous asphalt network",2242,233.974472,1.92906988,-118.688454,0.487824321,0.0482006
"Continuous asphalt network",2243,234.475388,2.02126217,-117.281227,0.4878275,0.0762908757
"Continuous asphalt network",2244,238.404724,2.26566219,-109.272362,0.975568,0.0490634143
"Continuous asphalt network",2245,237.580612,2.35780931,-110.938293,0.487803221,0.05366427
"Continuous asphalt network",2246,237.699112,2.31001639,-110.172607,0.4877914,0.0853955746
"Continuous asphalt network",2247,238.318542,2.19779038,-107.999718,0.487791628,0.06391325
"Continuous asphalt network",2248,238.84639,2.21843934,-108.247986,0.4877714,0.07961856
"Continuous asphalt network",2249,237.936111,2.22830558,-108.641258,0.975571752,0.0477260239
"Continuous asphalt network",2250,236.4926,2.40130067,-112.4801,0.9755975,0.0532277152
"Continuous asphalt network",2251,235.477234,2.28320861,-114.4668,0.48781395,0.107966051
"Continuous asphalt network",2252,235.912186,2.40901279,-113.028526,0.121954292,0.103276059
"Continuous asphalt network",2253,236.162659,2.43598533,-112.324913,0.121949,0.0856349
"Continuous asphalt network",2254,235.91893,2.37797332,-113.442406,0.243911549,0.06958649
"Continuous asphalt network",2255,236.980026,2.32073188,-110.24511,0.487836272,0.0947883651
"Continuous asphalt network",2256,237.480957,2.22837615,-108.837883,0.487830043,0.0522920154
"Continuous asphalt network",2257,237.05275,2.35958123,-110.690025,0.487790018,0.08463738
"Continuous asphalt network",2258,236.93425,2.40737438,-111.455711,0.48780185,0.0676362142
"Continuous asphalt network",2259,223.689285,1.45515025,-138.493347,0.9755867,0.06826592
"Continuous asphalt network",2260,224.454147,1.51011944,-137.210266,0.9755608,0.0568287037
"Continuous asphalt network",2261,223.834717,1.45940816,-139.383179,1.95120013,0.07729011
"Continuous asphalt network",2262,225.983871,1.57006228,-134.644089,1.95117724,0.0548833236
"Continuous asphalt network",2263,224.982,1.53382337,-137.458542,1.95117152,0.06001414
"Continuous asphalt network",2264,228.278442,1.64911616,-130.79483,1.95115662,0.04953029
"Continuous asphalt network",2265,229.808151,1.70721662,-128.228668,1.95134985,0.0290187653
"Continuous asphalt network",2266,226.643677,1.60551167,-134.954453,0.975648344,0.04671313
"Continuous asphalt network",2267,225.377884,1.55632436,-137.64476,0.9756363,0.0524428226
"Continuous asphalt network",2268,227.01265,1.604392,-133.485138,1.951168,0.0451297
"Continuous asphalt network",2269,221.448563,1.638182,-145.65361,3.9025476,0.04201989
"Continuous asphalt network",2270,218.916992,1.77310336,-151.034225,3.90254474,0.03732915
"Continuous asphalt network",2271,222.186478,1.51841891,-142.715012,7.80482531,0.0751692951
"Continuous asphalt network",2272,229.7812,1.7360754,-126.573158,3.902236,0.0139854029
"Continuous asphalt network",2273,228.251511,1.677975,-129.139328,3.902202,0.0271632485
"Continuous asphalt network",2274,229.490356,1.776735,-124.793541,7.804647,0.02736587
"Continuous asphalt network",2275,225.838425,1.53710842,-133.754272,1.95120382,0.09563831
"Continuous asphalt network",2276,226.075439,1.53374708,-132.222916,1.95119786,0.052565515
"Continuous asphalt network",2277,224.308716,1.49190176,-136.320435,0.975552,0.07721796
"Continuous asphalt network",2278,223.2934,1.43013155,-138.307144,0.487812549,0.07774859
"Continuous asphalt network",2279,223.794327,1.46322477,-136.899918,0.487815768,0.06738585
"Continuous asphalt network",2280,224.796188,1.46472263,-134.08548,0.487752527,0.08205013
"Continuous asphalt network",2281,225.2971,1.48323727,-132.678268,0.487770468,0.0924800858
"Continuous asphalt network",2282,224.809647,1.49385107,-134.913223,0.975546,0.0750124156
"Continuous asphalt network",2283,226.931885,1.65159321,-128.518661,1.95112455,0.04577018
"Continuous asphalt network",2284,227.801743,1.77395725,-125.642151,0.4877647,0.0537776165
"Continuous asphalt network",2285,228.302658,1.81625593,-124.234917,0.4877629,0.03264941
"Continuous asphalt network",2286,227.8152,1.74373019,-126.469887,0.975569069,0.0415031537
"Continuous asphalt network",2287,226.9588,1.61410177,-130.174149,3.90233684,0.05871505
"Continuous asphalt network",2288,242.913086,2.18506336,-96.60736,15.6094408,0.03747842
"Continuous asphalt network",2289,239.411942,2.25241947,-102.764076,0.9755875,0.100351818
"Continuous asphalt network",2290,239.955978,2.32194924,-101.993195,0.243912116,0.05642257
"Continuous asphalt network",2291,240.279175,2.3277204,-101.7345,0.243887633,0.0250029247
"Continuous asphalt network",2292,239.999069,2.30834174,-102.629524,0.487764716,0.0868767053
"Continuous asphalt network",2293,241.4103,2.32553124,-100.829048,0.9755842,0.070723176
"Continuous asphalt network",2294,240.586182,2.33140159,-102.494957,0.4877964,0.05923015
"Continuous asphalt network",2295,240.704666,2.34204388,-101.729286,0.487793416,0.0598145127
"Continuous asphalt network",2296,238.711731,2.186312,-105.001671,0.0609658472,0.0902014151
"Continuous asphalt network",2297,238.814087,2.180466,-105.255165,0.0609773174,0.108141042
"Continuous asphalt network",2298,238.498978,2.1688745,-105.004272,0.121951595,0.0901678
"Continuous asphalt network",2299,238.983749,2.194607,-104.616234,0.121952482,0.09017183
"Continuous asphalt network",2300,238.975662,2.189044,-105.125816,0.06098309,0.10814026
"Continuous asphalt network",2301,238.873337,2.19489,-104.872322,0.06097162,0.09017149
"Continuous asphalt network",2302,239.630127,2.23721027,-104.098816,0.243913114,0.08203695
"Continuous asphalt network",2303,239.218063,2.19910526,-104.9318,0.121955045,0.117998034
"Continuous asphalt network",2304,239.2773,2.213528,-104.54895,0.121952824,0.0710274
"Continuous asphalt network",2305,238.321243,2.14869213,-106.152794,0.121939883,0.06530663
"Continuous asphalt network",2306,238.740036,2.13954639,-105.733711,0.06097042,0.14608705
"Continuous asphalt network",2307,238.548813,2.13317084,-106.054466,0.060966067,0.124701478
"Continuous asphalt network",2308,238.100388,2.15696883,-106.664978,0.243899211,0.06944154
"Continuous asphalt network",2309,238.4909,2.16847134,-105.513863,0.0609826,0.07327597
"Continuous asphalt network",2310,238.38855,2.169153,-105.260376,0.0609824136,0.0901681
"Continuous asphalt network",2311,238.703674,2.16234684,-105.511261,0.121957116,0.0891788751
"Continuous asphalt network",2312,238.218872,2.15690517,-105.8993,0.121966138,0.04006719
"Continuous asphalt network",2313,238.226944,2.160575,-105.389709,0.060976,0.09014037
"Continuous asphalt network",2314,238.3293,2.15989327,-105.643211,0.0609761849,0.07326757
"Continuous asphalt network",2315,239.293457,2.21929526,-103.529755,0.9756362,0.07666177
"Continuous asphalt network",2316,238.587845,2.15731788,-104.430016,0.487798542,0.08295183
"Continuous asphalt network",2317,238.706345,2.16690159,-103.66433,0.4878076,0.107712261
"Continuous asphalt network",2318,240.473068,2.237956,-99.56681,0.48779124,0.0387422666
"Continuous asphalt network",2319,240.354568,2.25764561,-100.332489,0.4877854,0.06411868
"Continuous asphalt network",2320,240.004456,2.229003,-98.93568,0.9755662,0.0346733741
"Continuous asphalt network",2321,241.588028,2.282623,-99.68051,0.975576341,0.0256029442
"Continuous asphalt network",2322,240.882431,2.28525066,-100.580772,0.4877975,0.07781985
"Continuous asphalt network",2323,241.000916,2.265561,-99.81509,0.48780334,0.06931346
"Continuous asphalt network",2324,239.648941,2.26186275,-101.23275,0.975594342,0.0853222162
"Continuous asphalt network",2325,239.002563,2.21539664,-101.750145,0.97560817,0.147127256
"Continuous asphalt network",2326,239.358078,2.20102715,-99.45309,0.9756174,0.0353896059
"Continuous asphalt network",2327,239.767456,2.23409867,-100.467064,0.975635946,0.0817366
"Continuous asphalt network",2328,242.331345,1.998814,-93.04809,31.2186985,0.06022847
"Continuous asphalt network",2329,234.954788,2.27968383,-110.524681,0.121940024,0.335851043
"Continuous asphalt network",2330,234.948044,2.1516912,-110.110809,0.0304780975,0.319926828
"Continuous asphalt network",2331,234.977661,2.11689472,-109.91938,0.03048196,0.2351311
"Continuous asphalt network",2332,235.065186,2.21467423,-110.268578,0.0609641522,0.335827649
"Continuous asphalt network",2333,235.269882,2.37067819,-110.775543,0.060978435,0.231614619
"Continuous asphalt network",2334,235.372238,2.41292214,-111.02903,0.0609786175,0.133120015
"Continuous asphalt network",2335,235.057129,2.35923743,-110.77816,0.121940024,0.247246638
"Continuous asphalt network",2336,234.3973,2.18914628,-110.467812,0.243897751,0.335892
"Continuous asphalt network",2337,234.669312,2.113075,-110.082359,0.06097944,0.288340837
"Continuous asphalt network",2338,234.8457,2.08798385,-109.8573,0.0304984823,0.166998476
"Continuous asphalt network",2339,234.816086,2.12278,-110.048729,0.0304946173,0.2888144
"Continuous asphalt network",2340,234.690857,2.20699525,-110.400536,0.121949464,0.335837841
"Continuous asphalt network",2341,235.5284,2.150211,-109.562355,0.4877958,0.184748247
"Continuous asphalt network",2342,235.527054,2.32343268,-110.485809,0.0304906853,0.299520731
"Continuous asphalt network",2343,235.3951,2.3055346,-110.423744,0.0304861329,0.3358352
"Continuous asphalt network",2344,235.622681,2.286154,-110.325439,0.0609685928,0.2040671
"Continuous asphalt network",2345,235.533813,2.38761115,-110.899681,0.060970474,0.133129254
"Continuous asphalt network",2346,235.365479,2.34564114,-110.61515,0.030482538,0.256329656
"Continuous asphalt network",2347,235.497437,2.363539,-110.677223,0.0304870885,0.134426862
"Continuous asphalt network",2348,235.226761,2.2035296,-110.139221,0.0609838963,0.346290916
"Continuous asphalt network",2349,235.124435,2.13238883,-109.885735,0.0609853752,0.188819557
"Continuous asphalt network",2350,235.439529,2.23032022,-110.13662,0.121944562,0.277853549
"Continuous asphalt network",2351,236.497971,2.15972924,-108.786255,0.4878089,0.132463425
"Continuous asphalt network",2352,237.335526,2.15409112,-107.948082,0.243895337,0.111681
"Continuous asphalt network",2353,236.95311,2.174039,-108.589622,0.2438893,0.128262654
"Continuous asphalt network",2354,236.188232,2.251629,-109.872711,0.243887991,0.121049121
"Continuous asphalt network",2355,235.8058,2.31625271,-110.514252,0.243893936,0.1703758
"Continuous asphalt network",2356,236.115524,2.19897246,-109.427795,0.487809271,0.1342524
"Continuous asphalt network",2357,234.173752,2.49977517,-112.826904,0.121930763,0.138536781
"Continuous asphalt network",2358,233.9098,2.50898719,-112.702782,0.121958748,0.1387631
"Continuous asphalt network",2359,234.364944,2.52697659,-112.506142,0.24390091,0.138764977
"Continuous asphalt network",2360,235.040955,2.50943851,-111.797325,0.2438857,0.135314614
"Continuous asphalt network",2361,234.658508,2.51692748,-112.43885,0.243891478,0.135725662
"Continuous asphalt network",2362,233.732056,2.355284,-113.851311,0.12195307,0.16692768
"Continuous asphalt network",2363,234.055237,2.40017223,-113.5926,0.121937893,0.146118551
"Continuous asphalt network",2364,233.51123,2.2797327,-114.3635,0.243902057,0.144371033
"Continuous asphalt network",2365,233.850571,2.46085,-113.085625,0.12196292,0.161906317
"Continuous asphalt network",2366,234.1145,2.45163822,-113.209755,0.121934935,0.154702485
"Continuous asphalt network",2367,233.659348,2.40003562,-113.406395,0.243907258,0.168465674
"Continuous asphalt network",2368,234.572342,2.42276669,-111.166206,0.1219475,0.291670769
"Continuous asphalt network",2369,234.56427,2.53945827,-111.675804,0.0609582551,0.133115262
"Continuous asphalt network",2370,234.461929,2.48482156,-111.4223,0.0609726869,0.315920144
"Continuous asphalt network",2371,234.338058,2.3000586,-110.850647,0.243906453,0.338104844
"Continuous asphalt network",2372,235.049026,2.463537,-111.287743,0.0609705038,0.133093461
"Continuous asphalt network",2373,234.9467,2.41509652,-111.034248,0.06096699,0.272938281
"Continuous asphalt network",2374,235.26178,2.44992161,-111.285133,0.121952794,0.133107856
"Continuous asphalt network",2375,234.777023,2.52584362,-111.673187,0.121945851,0.133123085
"Continuous asphalt network",2376,234.78511,2.440402,-111.1636,0.06097745,0.2729451
"Continuous asphalt network",2377,234.887436,2.48884225,-111.417091,0.0609809645,0.133118466
"Continuous asphalt network",2378,234.079468,2.579929,-112.063835,0.06097791,0.155458838
"Continuous asphalt network",2379,233.977127,2.5452795,-111.810341,0.0609751344,0.359770834
"Continuous asphalt network",2380,234.292236,2.570918,-112.061226,0.121957853,0.0322468057
"Continuous asphalt network",2381,233.80748,2.52665162,-112.44928,0.121937282,0.1424112
"Continuous asphalt network",2382,233.800735,2.56168842,-112.035408,0.0304849725,0.3097702
"Continuous asphalt network",2383,233.830368,2.53118229,-111.843994,0.0304826181,0.364315063
"Continuous asphalt network",2384,233.9179,2.56957841,-112.1932,0.0609651357,0.187857181
"Continuous asphalt network",2385,234.014847,2.333764,-111.109352,0.243898377,0.339207619
"Continuous asphalt network",2386,234.300339,2.50998139,-111.551659,0.0609871373,0.315779239
"Continuous asphalt network",2387,234.4027,2.564618,-111.805138,0.0609727055,0.1319994
"Continuous asphalt network",2388,234.08757,2.481632,-111.55426,0.1219429,0.353775352
"Continuous asphalt network",2389,235.883911,2.05373931,-107.2653,0.4877897,0.0238789823
"Continuous asphalt network",2390,235.867752,2.07404542,-108.284485,0.243896514,0.09993921
"Continuous asphalt network",2391,235.663086,2.0537622,-107.777504,0.243894666,0.02459887
"Continuous asphalt network",2392,235.415283,2.06698012,-106.634186,0.975592732,0.0223880336
"Continuous asphalt network",2393,236.998886,2.11334777,-107.379005,0.9755873,0.0701173842
"Continuous asphalt network",2394,236.293274,2.09856439,-108.279259,0.4878126,0.09856545
"Continuous asphalt network",2395,236.411789,2.07213044,-107.513573,0.487809926,0.0905520543
"Continuous asphalt network",2396,234.927856,2.03838,-108.869164,0.121932507,0.0147972777
"Continuous asphalt network",2397,234.919754,2.0472014,-109.378746,0.0609679148,0.1670206
"Continuous asphalt network",2398,234.817429,2.031911,-109.125267,0.0609686524,0.0434515
"Continuous asphalt network",2399,234.693558,2.060797,-108.553612,0.2438872,0.0795904249
"Continuous asphalt network",2400,235.404541,2.069218,-108.9907,0.0609799773,0.1670084
"Continuous asphalt network",2401,235.3022,2.04837132,-108.737206,0.06097813,0.03941228
"Continuous asphalt network",2402,235.6173,2.0965414,-108.9881,0.121937715,0.16710107
"Continuous asphalt network",2403,235.1325,2.07451725,-109.376137,0.121951684,0.167046174
"Continuous asphalt network",2404,235.140579,2.04103065,-108.866554,0.0609775446,0.0394757837
"Continuous asphalt network",2405,235.24292,2.06187725,-109.120049,0.0609793924,0.167038128
"Continuous asphalt network",2406,234.434982,2.03097129,-109.766808,0.0609661527,0.210539132
"Continuous asphalt network",2407,234.332642,2.01544857,-109.513306,0.0609672628,0.0764176846
"Continuous asphalt network",2408,234.647751,2.05829525,-109.7642,0.121955879,0.177124143
"Continuous asphalt network",2409,234.162964,2.07023787,-110.152245,0.121955723,0.266314268
"Continuous asphalt network",2410,234.171066,2.01044369,-109.642662,0.06098701,0.07556086
"Continuous asphalt network",2411,234.273392,2.02596641,-109.896156,0.0609859,0.201137871
"Continuous asphalt network",2412,234.370361,2.057236,-108.812294,0.243902266,0.07959126
"Continuous asphalt network",2413,234.655838,2.024574,-109.254616,0.0609785,0.0434992723
"Continuous asphalt network",2414,234.758179,2.03986454,-109.508095,0.06097776,0.167041034
"Continuous asphalt network",2415,234.443069,2.027482,-109.25721,0.121948913,0.055153124
"Continuous asphalt network",2416,234.768967,2.084834,-107.1516,0.975573957,0.0350808464
"Continuous asphalt network",2417,235.3399,2.05265641,-108.036217,0.24388653,0.0225297622
"Continuous asphalt network",2418,235.676559,2.07747626,-108.605255,0.121929094,0.165537015
"Continuous asphalt network",2419,235.412613,2.04928374,-108.481117,0.121950664,0.0316180065
"Continuous asphalt network",2420,234.914383,2.07048774,-108.04142,0.4877744,0.06726168
"Continuous asphalt network",2421,231.9088,1.99973714,-116.484764,0.4877759,0.0517380871
"Continuous asphalt network",2422,232.746384,2.0866797,-115.646584,0.243895844,0.136156946
"Continuous asphalt network",2423,232.363937,2.01572585,-116.288124,0.243893012,0.0544594862
"Continuous asphalt network",2424,231.467117,1.95484316,-117.509132,0.975555,0.0378747471
"Continuous asphalt network",2425,232.409744,2.1114893,-115.077538,0.9756108,0.123468943
"Continuous asphalt network",2426,231.763367,2.044839,-115.59494,0.975580633,0.052669365
"Continuous asphalt network",2427,230.319824,1.89104557,-119.433777,0.9756021,0.0478963926
"Continuous asphalt network",2428,229.30452,1.84215641,-121.420471,0.487838984,0.0253110621
"Continuous asphalt network",2429,229.86467,1.88447475,-119.6304,0.243902624,0.101735123
"Continuous asphalt network",2430,229.7462,1.85341418,-120.396088,0.243917316,0.032092765
"Continuous asphalt network",2431,230.8073,1.968454,-117.198792,0.487786084,0.0256877262
"Continuous asphalt network",2432,231.308228,2.02777267,-115.791573,0.487784922,0.0582788922
"Continuous asphalt network",2433,230.820755,1.9406265,-118.02655,0.975610256,0.0462751873
"Continuous asphalt network",2434,233.457382,2.21336341,-111.05249,0.243901953,0.366210163
"Continuous asphalt network",2435,233.140945,2.359896,-111.725075,0.06096471,0.366358429
"Continuous asphalt network",2436,232.934891,2.388959,-112.141563,0.03049571,0.0856693238
"Continuous asphalt network",2437,232.964539,2.38216949,-111.950142,0.0304836854,0.3140406
"Continuous asphalt network",2438,233.104568,2.28388119,-111.502625,0.121955685,0.366181016
"Continuous asphalt network",2439,233.48027,2.05890441,-110.447205,0.0304815378,0.1565512
"Continuous asphalt network",2440,233.450638,2.10026836,-110.638634,0.0304802526,0.276431918
"Continuous asphalt network",2441,233.363113,2.05082417,-110.289429,0.0609745458,0.08299202
"Continuous asphalt network",2442,233.678223,2.10999131,-110.540306,0.121945485,0.2742193
"Continuous asphalt network",2443,233.233841,2.121227,-110.896019,0.0152453724,0.366201848
"Continuous asphalt network",2444,233.182678,2.09268212,-110.769264,0.0152428737,0.06280691
"Continuous asphalt network",2445,233.340225,2.141607,-110.894714,0.0304865316,0.366278738
"Continuous asphalt network",2446,233.097855,2.1543653,-111.088745,0.03048319,0.366274267
"Continuous asphalt network",2447,233.101883,2.09693885,-110.833946,0.0152399857,0.0627953559
"Continuous asphalt network",2448,233.153061,2.12548351,-110.960693,0.0152424853,0.366228968
"Continuous asphalt network",2449,233.201538,2.06789374,-110.418762,0.06096989,0.08299891
"Continuous asphalt network",2450,233.369858,2.10452747,-110.703308,0.0304871984,0.30934146
"Continuous asphalt network",2451,233.2379,2.08023286,-110.641212,0.0304828174,0.106727034
"Continuous asphalt network",2452,232.5013,2.29208279,-112.656349,0.243904233,0.199930623
"Continuous asphalt network",2453,231.993637,2.1674006,-113.649712,0.121968873,0.175944343
"Continuous asphalt network",2454,232.2441,2.22946572,-112.9461,0.121977046,0.199930385
"Continuous asphalt network",2455,232.840637,2.19738483,-111.378479,0.0609723553,0.3238149
"Continuous asphalt network",2456,232.6346,2.282649,-111.79496,0.0152479615,0.366059184
"Continuous asphalt network",2457,232.50769,2.309944,-112.0433,0.007619374,0.31704703
"Continuous asphalt network",2458,232.570313,2.292528,-111.867393,0.00761943,0.366581231
"Continuous asphalt network",2459,232.712036,2.21714234,-111.523338,0.0304957889,0.356225282
"Continuous asphalt network",2460,233.025146,2.090235,-110.643822,0.0609745942,0.08293506
"Continuous asphalt network",2461,232.980713,2.10683084,-110.930969,0.0304951519,0.07575379
"Continuous asphalt network",2462,232.951065,2.13962722,-111.1224,0.030483868,0.335422575
"Continuous asphalt network",2463,232.766586,2.32560182,-111.857048,0.0304943677,0.3548131
"Continuous asphalt network",2464,232.557175,2.32478237,-112.066582,0.0152437072,0.2635596
"Continuous asphalt network",2465,232.652786,2.31861281,-111.906189,0.0152444849,0.3170223
"Continuous asphalt network",2466,232.877,2.26988053,-111.600945,0.0609925129,0.3661198
"Continuous asphalt network",2467,232.641342,2.338561,-112.208832,0.0609755665,0.1999496
"Continuous asphalt network",2468,232.817749,2.36187577,-111.983788,0.0304823443,0.188290983
"Continuous asphalt network",2469,232.7881,2.36866546,-112.1752,0.0304825678,0.199898437
"Continuous asphalt network",2470,233.812912,2.09432435,-108.755455,0.487825781,0.06089932
"Continuous asphalt network",2471,234.3138,2.10455227,-107.348228,0.487833142,0.0596690029
"Continuous asphalt network",2472,233.8856,2.063136,-109.200348,0.48773846,0.110308826
"Continuous asphalt network",2473,233.6863,2.02736378,-110.030739,0.060974855,0.122662671
"Continuous asphalt network",2474,233.788635,2.060095,-110.284218,0.0609674565,0.302852273
"Continuous asphalt network",2475,233.473557,2.042412,-110.033325,0.121944651,0.0463949181
"Continuous asphalt network",2476,233.9583,2.02198386,-109.645264,0.121938631,0.09547312
"Continuous asphalt network",2477,233.950211,2.04734635,-110.154869,0.0609628558,0.30664587
"Continuous asphalt network",2478,233.847885,2.014615,-109.90139,0.06097025,0.0882964954
"Continuous asphalt network",2479,233.02916,2.36895967,-112.904625,0.487776071,0.175464
"Continuous asphalt network",2480,232.3532,2.21446633,-113.613457,0.121939845,0.1754878
"Continuous asphalt network",2481,232.029984,2.16240788,-113.872162,0.1219395,0.09142681
"Continuous asphalt network",2482,232.57402,2.28207612,-113.101265,0.243882984,0.175519228
"Continuous asphalt network",2483,233.500443,2.41775727,-111.688835,0.121945731,0.362928957
"Continuous asphalt network",2484,233.081665,2.41906381,-112.10791,0.06096682,0.298361629
"Continuous asphalt network",2485,233.2729,2.40377259,-111.78714,0.0609639324,0.352385283
"Continuous asphalt network",2486,233.721313,2.30336285,-111.176636,0.243891641,0.366154134
"Continuous asphalt network",2487,233.25,2.43917561,-112.392433,0.24388653,0.185742438
"Continuous asphalt network",2488,233.562424,2.5068,-111.974663,0.0152421314,0.456568331
"Continuous asphalt network",2489,233.613586,2.533047,-112.1014,0.015245093,0.199925587
"Continuous asphalt network",2490,233.456039,2.48596025,-111.97596,0.0304940455,0.19383052
"Continuous asphalt network",2491,233.69841,2.48638749,-111.781921,0.0304778982,0.366274446
"Continuous asphalt network",2492,233.694382,2.54085755,-112.036713,0.0152445072,0.0386863239
"Continuous asphalt network",2493,233.6432,2.51461053,-111.909973,0.0152415466,0.358748049
"Continuous asphalt network",2494,233.543533,2.4993856,-112.325157,0.121963568,0.238221571
"Continuous asphalt network",2495,232.792175,2.19928336,-114.435982,0.48778984,0.136928827
"Continuous asphalt network",2496,232.1027,2.13895,-114.317055,0.2438927,0.08492578
"Continuous asphalt network",2497,232.4259,2.19100857,-114.05835,0.243891537,0.1682495
"Continuous asphalt network",2498,233.1746,2.30962467,-113.794456,0.975586951,0.166582689
"Continuous asphalt network",2499,237.979187,2.140827,-99.21524,3.90234542,0.06992168
"Continuous asphalt network",2500,236.449463,2.09746718,-101.78141,3.90231323,0.0197354611
"Continuous asphalt network",2501,239.218063,2.016345,-94.86942,7.804703,0.07576557
"Continuous asphalt network",2502,237.709839,2.12776971,-102.78492,0.9755656,0.06343129
"Continuous asphalt network",2503,237.063522,2.0952704,-103.302338,0.9755239,0.0163326636
"Continuous asphalt network",2504,236.094,2.091078,-104.078453,1.951211,0.0229072385
"Continuous asphalt network",2505,238.270035,2.166937,-100.994873,3.90226912,0.0433653146
"Continuous asphalt network",2506,236.9127,2.09885955,-106.106354,1.95117247,0.07739681
"Continuous asphalt network",2507,235.695389,2.04899383,-105.739174,0.243913546,0.06510788
"Continuous asphalt network",2508,235.90007,2.04241848,-106.246132,0.243888766,0.0336452648
"Continuous asphalt network",2509,235.269852,2.06765771,-105.744385,0.4878015,0.04253665
"Continuous asphalt network",2510,236.239426,2.0625658,-104.968269,0.4877914,0.03895208
"Continuous asphalt network",2511,236.223267,2.03986073,-105.987427,0.243866727,0.0339722075
"Continuous asphalt network",2512,236.0186,2.046436,-105.480469,0.243891522,0.046564173
"Continuous asphalt network",2513,237.634445,2.08974671,-104.186943,0.24389337,0.0323645324
"Continuous asphalt network",2514,237.839157,2.10593581,-104.693932,0.243887812,0.0821129
"Continuous asphalt network",2515,237.208939,2.084134,-104.192162,0.48778674,0.0200648569
"Continuous asphalt network",2516,238.178467,2.133558,-103.416039,0.4878076,0.0624269061
"Continuous asphalt network",2517,238.162308,2.12286019,-104.435219,0.243898258,0.09512688
"Continuous asphalt network",2518,237.957626,2.10667133,-103.92823,0.2439038,0.0509769134
"Continuous asphalt network",2519,237.763748,2.14069581,-106.09594,0.975579441,0.0616792776
"Continuous asphalt network",2520,237.19281,2.078674,-105.211327,0.243880972,0.07918097
"Continuous asphalt network",2521,236.988113,2.06980681,-104.704346,0.24388431,0.037379317
"Continuous asphalt network",2522,237.6183,2.10919023,-105.206116,0.487784147,0.08201634
"Continuous asphalt network",2523,283.9066,2.4159472,-171.147583,21.2191944,0.0024835465
"Continuous asphalt network",2524,279.335419,2.40136433,-177.814514,21.2193,0.00112979242
"Continuous asphalt network",2525,284.251373,2.424302,-166.518509,42.4383659,0.00235702866
"Continuous asphalt network",2526,104.980995,-3.53254151,-362.100677,47.1320839,0.00106470322
"Continuous asphalt network",2527,118.862976,-3.440426,-326.8509,24.3364,0.00341218128
"Continuous asphalt network",2528,111.625153,-3.48661923,-338.85733,12.1680965,0.00308992923
"Continuous asphalt network",2529,115.734192,-3.45647979,-330.5467,12.1679716,0.00341220619
"Continuous asphalt network",2530,123.952263,-3.3932116,-313.925323,12.1680946,0.0034121077
"Continuous asphalt network",2531,128.0613,-3.36186624,-305.614655,12.1680651,0.00335000316
"Continuous asphalt network",2532,122.972015,-3.40879178,-318.540222,24.3364868,0.00341223832
"Continuous asphalt network",2533,111.71917,-3.50008321,-343.931763,48.6727257,0.00307542644
"Continuous asphalt network",2534,118.419861,-3.455888,-331.6955,24.33628,0.00341215171
"Continuous asphalt network",2535,115.385094,-3.48540568,-340.465729,24.3364773,0.0030068967
"Continuous asphalt network",2536,65.18763,-3.54392982,-333.55777,0.128459379,0.000436044968
"Continuous asphalt network",2537,177.769241,-0.453140169,-215.87825,24.3433266,0.0266800821
"Continuous asphalt network",2538,-19.8237534,-5.09940338,-320.022583,22.25518,0
"Continuous asphalt network",2539,-33.64127,-5.11230326,-312.369476,22.1900635,0.00312396651
"Continuous asphalt network",2540,-74.15405,-5.43165064,-251.195435,26.3112125,0.00220452272
"Continuous asphalt network",2541,-90.5999756,-5.474279,-235.6794,48.702858,0.001366362
"Continuous asphalt network",2542,-12.7575159,-7.107619,-296.422119,6.64379,0.0142924758
"Continuous asphalt network",2543,-13.8150282,-7.058395,-293.146149,6.643542,0.0196923185
"Continuous asphalt network",2544,-16.381155,-3.63969922,-112.95755,24.5499325,0.01174597
"Continuous asphalt network",2545,-81.2561951,-5.308727,-45.41557,53.4448662,0.00165394042
"Continuous asphalt network",2546,-358.413483,-6.669121,10.0093536,26.3595619,0.00020613306
"Continuous asphalt network",2547,-274.078827,-6.674207,48.5998955,26.6943111,0
"Continuous asphalt network",2548,-296.1116,-6.674207,61.5771675,33.1833954,0
"Continuous asphalt network",2549,-325.046265,-6.66505051,71.57816,75.54132,0
"Continuous asphalt network",2550,-304.454681,-6.66505051,79.0449753,37.77085,0
"Continuous asphalt network",2551,-317.3821,-6.66505051,72.72683,37.7707748,0
"Continuous asphalt network",2552,-100.503784,-5.553024,17.43957,22.0764465,0.04822677
"Continuous asphalt network",2553,-85.00905,-5.212169,15.7924757,37.83036,0.02481729
"Continuous asphalt network",2554,-17.2175426,-5.04612827,-16.9834843,10.1195755,0.008787041
"Continuous asphalt network",2555,-12.0395775,-4.97336149,-21.7398167,2.529904,0.0223321784
"Continuous asphalt network",2556,-8.834954,-4.825684,-24.7377777,1.26496422,0.0602754876
"Continuous asphalt network",2557,-10.3191137,-4.906091,-23.700201,1.264956,0.0411471725
"Continuous asphalt network",2558,-13.7766151,-5.000283,-20.9042511,5.05978537,0.0213405732
"Continuous asphalt network",2559,-20.6916218,-5.0544157,-15.3123627,20.2392845,0.004609738
"Continuous asphalt network",2560,-29.5965519,-5.069878,-9.086929,40.47865,0.00176348037
"Continuous asphalt network",2561,-11.5006495,-5.03318739,-19.0861416,10.1196461,0.01632935
"Continuous asphalt network",2562,-8.818374,-4.874896,-23.6129456,5.05992746,0.0550391823
"Continuous asphalt network",2563,-11.2809181,-4.99080324,-21.1337738,5.05990648,0.0299748443
"Continuous asphalt network",2564,-15.7002373,-5.06159067,-15.7714186,20.2393475,0.008866985
"Continuous asphalt network",2565,-7.30106974,-4.91727972,-22.4008636,10.1196356,0.05509146
"Continuous asphalt network",2566,-8.752076,-5.043532,-19.1136417,10.1195707,0.0243460629
"Continuous asphalt network",2567,-4.04673147,-4.928505,-22.0243626,2.52987313,0.07225698
"Continuous asphalt network",2568,-5.02512,-5.027516,-20.5827579,0.632466555,0.06393592
"Continuous asphalt network",2569,-5.387877,-5.06394768,-19.76095,0.6324781,0.0273874532
"Continuous asphalt network",2570,-4.33797836,-5.025871,-20.5896454,1.26495039,0.0590456575
"Continuous asphalt network",2571,-2.672446,-4.902879,-22.0381222,5.0598,0.07838194
"Continuous asphalt network",2572,-5.70705032,-4.7913537,-24.46226,5.059861,0.0614475124
"Continuous asphalt network",2573,-5.855274,-4.95816,-21.8017025,1.26495433,0.0611010827
"Continuous asphalt network",2574,-5.92938852,-5.04242754,-20.4714413,0.3162316,0.0629461
"Continuous asphalt network",2575,-5.85788345,-5.062808,-19.85852,0.316242933,0.0290290415
"Continuous asphalt network",2576,-5.53088236,-5.00713539,-20.98678,0.632476,0.0673308
"Continuous asphalt network",2577,-5.05826426,-4.881174,-22.8323975,2.529918,0.06944541
"Continuous asphalt network",2578,172.525146,-1.30868781,-100.414116,10.3736591,0.0803831
"Continuous asphalt network",2579,170.181534,-1.31599748,-100.440681,10.3737459,0.0820743144
"Continuous asphalt network",2580,256.110535,-0.310450166,48.4828072,3.15369534,0.03203985
"Continuous asphalt network",2581,257.715851,-0.2804193,49.2986145,3.15355086,0.0145361116
"Continuous asphalt network",2582,255.964478,-0.3429307,46.6623955,6.307153,0.02073742
"Continuous asphalt network",2583,254.322922,-0.319288522,50.1936836,3.15373325,0.0249118377
"Continuous asphalt network",2584,253.100754,-0.3172025,51.75536,1.57683885,0.056385912
"Continuous asphalt network",2585,254.231766,-0.290878564,51.45702,1.57683885,0.03841151
"Continuous asphalt network",2586,257.059235,-0.268509179,50.71114,3.15358877,0.00423499942
"Continuous asphalt network",2587,255.453918,-0.298540056,49.8953362,3.15373325,0.02925605
"Continuous asphalt network",2588,159.646042,-2.02507877,11.3837633,11.1563492,0.000957806071
"Continuous asphalt network",2589,88.1496353,-2.11051846,18.914175,29.0691986,0.000204322991
"Continuous asphalt network",2590,81.00312,-2.11155033,11.506444,29.0692539,0
"Continuous asphalt network",2591,90.25824,-2.11051846,24.71549,58.13798,0.0004422332
"Continuous asphalt network",2592,84.78739,-2.888016,97.96807,2.618257,0.10031458
"Continuous asphalt network",2593,84.89538,-2.99998283,100.503365,2.618252,0.09939625
"Continuous asphalt network",2594,279.827637,0.3524829,22.6993313,36.39193,0.00116408488
"Continuous asphalt network",2595,280.550873,0.312302649,32.3204155,18.1960659,0.0143853845
"Continuous asphalt network",2596,281.807648,0.35154,26.6756687,18.1959782,0.002059963
"Continuous asphalt network",2597,264.2076,2.34500861,-184.354782,58.7059021,0.006263924
"Continuous asphalt network",2598,249.197311,2.24262023,-177.976746,29.3528366,0.00715063233
"Continuous asphalt network",2599,259.313171,2.307351,-180.53685,29.3528328,0.00570430327
"Continuous asphalt network",2600,104.729736,-3.528497,-357.11087,34.018856,0.00124965678
"Continuous asphalt network",2601,72.37919,-3.541895,-334.18103,78.70872,0.0005164495
"Continuous asphalt network",2602,93.10663,-3.52970338,-342.076172,39.35445,0.00100145792
"Continuous asphalt network",2603,79.07208,-3.53888,-338.41806,39.3545,0.000282887428
"Continuous asphalt network",2604,190.531616,0.410972685,-196.993835,13.9475508,0.0408766046
"Continuous asphalt network",2605,183.804153,0.0270659719,-204.070877,13.9475136,0.0399963856
"Continuous asphalt network",2606,193.166077,0.6291699,-192.379623,27.8948288,0.0411630832
"Continuous asphalt network",2607,201.656815,1.4142803,-179.9347,0.108967684,0.107197739
"Continuous asphalt network",2608,202.469849,1.48137569,-179.540146,0.0544731729,0.0300946981
"Continuous asphalt network",2609,201.9582,1.44556963,-179.848,0.054474216,0.09519403
"Continuous asphalt network",2610,200.912186,1.31328928,-180.4301,0.2179302,0.12648426
"Continuous asphalt network",2611,202.634476,1.49136829,-179.25177,0.217917323,0.03009381
"Continuous asphalt network",2612,201.844284,1.44376147,-179.679932,0.108967684,0.109931841
"Continuous asphalt network",2613,202.3103,1.48504353,-179.304855,0.108966641,0.0300946739
"Continuous asphalt network",2614,203.754028,1.52873266,-178.246826,0.871682644,0.0257923175
"Continuous asphalt network",2615,201.048935,1.32421458,-180.63179,0.4358229,0.127911285
"Continuous asphalt network",2616,202.0266,1.44399607,-179.948853,0.108967185,0.0951986462
"Continuous asphalt network",2617,202.538208,1.47980213,-179.640991,0.1089651,0.0301052835
"Continuous asphalt network",2618,201.861938,1.423632,-180.237228,0.217916608,0.08815491
"Continuous asphalt network",2619,200.7196,1.263786,-181.208557,0.8716891,0.1277344
"Continuous asphalt network",2620,198.662888,1.06112766,-183.487381,0.217941076,0.0409735776
"Continuous asphalt network",2621,199.572189,1.10798991,-182.703568,0.05446965,0.0410910174
"Continuous asphalt network",2622,200.038208,1.14878368,-182.328491,0.0544668473,0.09815575
"Continuous asphalt network",2623,199.38472,1.09504282,-182.958359,0.108969763,0.04108818
"Continuous asphalt network",2624,198.287979,1.03496516,-183.9969,0.435833,0.04200369
"Continuous asphalt network",2625,197.0266,0.9611082,-185.323853,0.87168473,0.04165064
"Continuous asphalt network",2626,199.179611,1.101278,-182.655823,0.217928991,0.04108699
"Continuous asphalt network",2627,199.969849,1.15086138,-182.227661,0.108971156,0.0981551558
"Continuous asphalt network",2628,199.50383,1.11006773,-182.602737,0.108976759,0.04108572
"Continuous asphalt network",2629,198.526123,1.06528509,-183.28569,0.435863137,0.0409750268
"Continuous asphalt network",2630,199.648209,1.13364375,-182.018875,0.108966641,0.04109113
"Continuous asphalt network",2631,200.01799,1.15871966,-182.033035,0.108957894,0.119095504
"Continuous asphalt network",2632,199.275879,1.11699581,-182.2666,0.217935368,0.04108864
"Continuous asphalt network",2633,200.114258,1.17443812,-181.6438,0.217915952,0.1218125
"Continuous asphalt network",2634,199.7445,1.14936221,-181.629654,0.217933923,0.04108756
"Continuous asphalt network",2635,203.480545,1.53502309,-177.84343,1.74344635,0.0257969666
"Continuous asphalt network",2636,201.428909,1.40123522,-179.598557,0.217931628,0.127792165
"Continuous asphalt network",2637,202.219162,1.48329639,-179.170364,0.108971976,0.0463649929
"Continuous asphalt network",2638,201.7531,1.44201434,-179.545471,0.108973019,0.118177868
"Continuous asphalt network",2639,200.775452,1.30199146,-180.228409,0.4358518,0.12954472
"Continuous asphalt network",2640,202.0824,1.47257841,-178.968689,0.217928439,0.0564034022
"Continuous asphalt network",2641,201.525192,1.423379,-179.2093,0.217931628,0.127798587
"Continuous asphalt network",2642,202.1787,1.48798907,-178.579453,0.43586567,0.0748134
"Continuous asphalt network",2643,204.047989,1.57163393,-176.55542,3.48682737,0.026133541
"Continuous asphalt network",2644,209.114059,1.75449085,-169.1529,6.973668,0.0271273982
"Continuous asphalt network",2645,206.47963,1.65410328,-173.76709,6.973703,0.02249516
"Continuous asphalt network",2646,198.743774,1.02030337,-184.6692,0.871714354,0.04241477
"Continuous asphalt network",2647,200.460983,1.13778591,-184.014572,0.435885519,0.128766656
"Continuous asphalt network",2648,199.4377,1.0379343,-184.6303,0.4358721,0.04127326
"Continuous asphalt network",2649,197.300064,0.9520171,-185.727234,1.74346566,0.04144788
"Continuous asphalt network",2650,200.607956,1.18711126,-183.168869,1.74346519,0.119137861
"Continuous asphalt network",2651,198.981918,1.05105555,-183.957962,0.871665061,0.0415189266
"Continuous asphalt network",2652,199.731689,1.1077534,-182.938889,0.2179304,0.0450324453
"Continuous asphalt network",2653,200.152145,1.14993322,-182.496567,0.217917,0.103486873
"Continuous asphalt network",2654,199.703781,1.08992863,-183.42897,0.435847,0.055595044
"Continuous asphalt network",2655,202.436813,1.44365919,-180.553909,0.435884029,0.05380647
"Continuous asphalt network",2656,201.413528,1.3516556,-181.169632,0.4358891,0.133308455
"Continuous asphalt network",2657,202.766113,1.46415365,-179.977127,0.871712863,0.0464213
"Continuous asphalt network",2658,204.027512,1.522406,-178.650192,1.7434442,0.0258308351
"Continuous asphalt network",2659,202.207474,1.423597,-181.543823,0.217921272,0.0331875
"Continuous asphalt network",2660,201.860519,1.3985008,-181.563278,0.217921078,0.126728669
"Continuous asphalt network",2661,201.340042,1.33028,-181.592484,0.435861021,0.135246083
"Continuous asphalt network",2662,202.710281,1.44737971,-180.957291,0.8716954,0.0305998921
"Continuous asphalt network",2663,201.193069,1.28145945,-182.438171,0.871744931,0.1378564
"Continuous asphalt network",2664,201.878174,1.38016927,-182.1206,0.217929229,0.129482225
"Continuous asphalt network",2665,202.225143,1.40526545,-182.10112,0.217929438,0.0432072654
"Continuous asphalt network",2666,201.722366,1.33886814,-182.687622,0.435845941,0.123186573
"Continuous asphalt network",2667,197.847031,0.93383193,-186.534012,3.486894,0.0416449644
"Continuous asphalt network",2668,200.058167,1.05744517,-185.014221,0.43585512,0.081886895
"Continuous asphalt network",2669,199.364212,1.02087748,-185.053146,0.4358768,0.0466790572
"Continuous asphalt network",2670,200.734451,1.14917219,-184.417953,0.8717265,0.1318937
"Continuous asphalt network",2671,199.217239,0.985061347,-185.898849,0.871697545,0.0428505875
"Continuous asphalt network",2672,200.075851,1.03599262,-185.571518,0.43584013,0.107996583
"Continuous asphalt network",2673,199.746567,0.98721534,-186.1483,0.435868919,0.04325916
"Continuous asphalt network",2674,197.553055,0.866816,-188.225388,6.97372246,0.0412605442
"Continuous asphalt network",2675,184.898087,-0.008140187,-205.6844,27.8948879,0.040165253
"Continuous asphalt network",2676,191.625549,0.375766516,-198.607361,27.8949642,0.04103837
"Continuous asphalt network",2677,182.99292,-0.225148454,-211.374268,55.7901344,0.0368806235
"Continuous asphalt network",2678,-11.6211481,-5.091088,-316.371674,17.7140026,0.00127350178
"Continuous asphalt network",2679,-4.923531,-5.06589,-315.547119,17.7139568,0.006367161
"Continuous asphalt network",2680,-14.4370394,-5.094804,-319.0693,35.42807,0.00137098029
"Continuous asphalt network",2681,-57.3127327,-5.328543,-271.012848,42.76634,0.004491498
"Continuous asphalt network",2682,-51.49245,-5.27278376,-281.788361,21.3832741,0.00475265738
"Continuous asphalt network",2683,-56.6850929,-5.31042767,-275.440582,21.3834686,0.004467821
"Continuous asphalt network",2684,-46.6565361,-5.21498156,-293.1907,21.38326,0.0047526327
"Continuous asphalt network",2685,-41.328434,-5.157309,-304.2797,10.6913691,0.004704191
"Continuous asphalt network",2686,-45.53673,-5.195781,-297.305,10.6913662,0.00475266064
"Continuous asphalt network",2687,-53.95331,-5.272933,-283.3556,10.6914063,0.004702036
"Continuous asphalt network",2688,-58.1616058,-5.31044245,-276.3809,10.6914139,0.004509231
"Continuous asphalt network",2689,-50.86482,-5.253651,-286.216034,21.3831081,0.00475266576
"Continuous asphalt network",2690,-71.82122,-5.41851568,-254.876022,50.5376053,0.00361030456
"Continuous asphalt network",2691,-86.0979,-5.47377348,-235.8238,26.7549686,0.00181796507
"Continuous asphalt network",2692,-12.1551895,-7.093,-292.743225,13.1934252,0.03099216
"Continuous asphalt network",2693,-15.5821676,-3.58849359,-106.491638,51.42421,0.0107854148
"Continuous asphalt network",2694,-9.960003,-3.4737637,-93.4902954,25.712183,0.0075648604
"Continuous asphalt network",2695,-11.9742508,-3.53628469,-102.21347,25.7121239,0.007102667
"Continuous asphalt network",2696,-3.03744245,-3.364905,-80.53066,25.7121124,0.007122205
"Continuous asphalt network",2697,3.2349205,-3.28554916,-67.55019,12.8560152,0.004511922
"Continuous asphalt network",2698,-0.0797259,-3.32715917,-76.23166,12.856,0.007495936
"Continuous asphalt network",2699,-5.701889,-3.43014431,-89.2329941,25.7121487,0.00761708664
"Continuous asphalt network",2700,-10.0236549,-3.52967,-102.276039,12.8560677,0.006963438
"Continuous asphalt network",2701,-8.009407,-3.467149,-93.5528641,12.8560972,0.00744086644
"Continuous asphalt network",2702,-75.15201,-5.300072,-34.8011322,75.12265,0.000117007068
"Continuous asphalt network",2703,-353.364258,-6.670138,11.8135786,52.6538124,0.00020629089
"Continuous asphalt network",2704,-265.548553,-6.674207,43.9854164,24.5291138,0
"Continuous asphalt network",2705,-291.993927,-6.674207,60.6862,13.1024046,0
"Continuous asphalt network",2706,-305.291229,-6.66505051,81.23324,39.89654,0
"Continuous asphalt network",2707,-319.419067,-6.66505051,76.9255,39.89667,0
"Continuous asphalt network",2708,-298.6999,-6.66505051,85.7532043,79.79366,0
"Continuous asphalt network",2709,-97.91213,-5.542456,16.04154,12.2682867,0.0454159863
"Continuous asphalt network",2710,-36.5959358,-5.066171,-8.3093,69.4699249,0.00157490617
"Continuous asphalt network",2711,-21.72877,-5.04981947,-17.40272,17.36746,0.003702558
"Continuous asphalt network",2712,-14.29519,-4.98686171,-21.9494267,4.341902,0.0173317622
"Continuous asphalt network",2713,-10.5784006,-4.891736,-24.2227879,1.08546877,0.03916071
"Continuous asphalt network",2714,-9.094242,-4.81132936,-25.2603664,1.0854665,0.08683326
"Continuous asphalt network",2715,-12.81744,-4.94558573,-23.30758,2.17093372,0.034571778
"Continuous asphalt network",2716,-18.7732658,-5.028111,-20.1190186,8.683804,0.0129559943
"Continuous asphalt network",2717,-30.684927,-5.06157541,-13.7419024,34.73495,0.00211890158
"Continuous asphalt network",2718,172.816162,-0.062531434,-112.172829,25.82443,0.114895955
"Continuous asphalt network",2719,172.191147,1.14850712,-123.199,3.22806716,0.119278222
"Continuous asphalt network",2720,172.981033,0.9096543,-120.741356,3.22810388,0.112307519
"Continuous asphalt network",2721,172.1781,1.41836452,-126.872162,6.45615959,0.08154851
"Continuous asphalt network",2722,172.013229,0.6279873,-118.30365,6.45614147,0.111915514
"Continuous asphalt network",2723,171.223312,0.866840065,-120.761292,6.456078,0.10204073
"Continuous asphalt network",2724,172.447342,-0.7514083,-106.0553,12.9120817,0.1136881
"Continuous asphalt network",2725,169.721832,-1.02814257,-103.637512,6.456096,0.111253455
"Continuous asphalt network",2726,172.06543,-1.020833,-103.610939,6.456063,0.103825286
"Continuous asphalt network",2727,170.472549,-0.0567524619,-112.1994,12.9122725,0.108214341
"Continuous asphalt network",2728,169.708755,-0.6115818,-107.310692,12.9123125,0.120574057
"Continuous asphalt network",2729,222.056412,-1.28857553,57.9276733,61.8446045,0.0280203559
"Continuous asphalt network",2730,235.671432,-0.879729,52.0520439,15.4610519,0.0270511042
"Continuous asphalt network",2731,240.984421,-0.7377329,49.254467,15.461195,0.02836968
"Continuous asphalt network",2732,227.036911,-1.12551749,54.01184,30.9220486,0.02817519
"Continuous asphalt network",2733,154.327927,-2.02911,8.986424,42.4142876,0.0007461225
"Continuous asphalt network",2734,116.535339,-2.0756166,19.5146484,42.0774765,0.00157416123
"Continuous asphalt network",2735,106.452942,-2.09458184,26.8243771,21.0387058,0.00139939482
"Continuous asphalt network",2736,113.708305,-2.082493,23.4190674,21.0386848,0.00164752547
"Continuous asphalt network",2737,86.07902,-2.94629765,101.354668,6.797233,0.08493186
"Continuous asphalt network",2738,88.33834,-2.766944,100.521973,6.79715061,0.06730924
"Continuous asphalt network",2739,284.0358,0.357132345,17.72378,10.9657259,0.001917761
"Continuous asphalt network",2740,285.6592,0.362609625,14.7051134,2.74141812,0.0115831085
"Continuous asphalt network",2741,286.144867,0.380452245,13.0515394,2.74140143,0.0225214511
"Continuous asphalt network",2742,284.112183,0.365321249,14.9549255,5.48287773,0.00797769148
"Continuous asphalt network",2743,280.941681,0.358075231,18.2233829,21.9314137,0.00130994979
"Continuous asphalt network",2744,250.032455,2.23903,-175.127487,13.4362278,0.007079103
"Continuous asphalt network",2745,259.646027,2.30339456,-178.741135,13.4362583,0.00573288137
"Continuous asphalt network",2746,244.723389,2.2030108,-174.3742,26.87251,0.00707372651
"Continuous asphalt network",2747,107.106026,-3.52135539,-352.0685,24.5013275,0.00132734573
"Continuous asphalt network",2748,149.079514,-2.36366677,-268.0144,18.13112,0.032381963
"Continuous asphalt network",2749,141.765366,-2.79426837,-279.170532,18.13112,0.03250298
"Continuous asphalt network",2750,151.957169,-2.130807,-261.4217,36.2622147,0.032454446
"Continuous asphalt network",2751,161.369614,-1.44831145,-242.658157,18.1307335,0.03249699
"Continuous asphalt network",2752,167.904343,-1.00207293,-230.48735,18.1307869,0.03210917
"Continuous asphalt network",2753,158.881638,-1.69074976,-249.7582,36.2621765,0.0325765
"Continuous asphalt network",2754,142.9345,-2.81997418,-280.6925,36.2623177,0.0324585736
"Continuous asphalt network",2755,150.248642,-2.38937283,-269.536377,36.2623177,0.0323367342
"Continuous asphalt network",2756,142.27507,-2.95056915,-285.00354,36.262413,0.03194697
"Continuous asphalt network",2757,139.3974,-3.146966,-291.596252,36.2620277,0.0268054567
"Continuous asphalt network",2758,-67.32375,-5.407498,-254.606583,30.76209,0.00349896168
"Continuous asphalt network",2759,-79.03283,-5.46138144,-239.840164,49.3856354,0.00240487442
"Continuous asphalt network",2760,-6.76990652,-7.16755152,-294.996,4.324339,0.005384335
"Continuous asphalt network",2761,-3.85209584,-7.18033171,-296.526154,4.32432,0.0123119364
"Continuous asphalt network",2762,-8.786548,-7.1572547,-295.255768,8.648634,0.01451796
"Continuous asphalt network",2763,5.86009073,-3.339942,-55.0929871,22.1914063,0.027553862
"Continuous asphalt network",2764,-65.79713,-5.24372673,-20.7344112,24.5424385,0.0145045184
"Continuous asphalt network",2765,-342.847748,-6.67115545,-1.11339819,65.91389,0
"Continuous asphalt network",2766,-260.9434,-6.6752243,41.48796,30.488018,0.000388833141
"Continuous asphalt network",2767,-288.6483,-6.66505051,85.38906,5.18636131,0
"Continuous asphalt network",2768,-99.8111954,-5.87698364,8.329987,13.690835,0.0564408936
"Continuous asphalt network",2769,-102.800812,-6.07293844,6.323929,3.4226954,0.0461796373
"Continuous asphalt network",2770,-104.695068,-6.18527842,5.18009949,1.71137345,0.0441989526
"Continuous asphalt network",2771,-104.101982,-6.13069868,6.34129858,1.71137321,0.072206825
"Continuous asphalt network",2772,-102.413506,-5.981119,8.364716,6.84539127,0.05965136
"Continuous asphalt network",2773,-2.21012235,-4.61923456,-25.90126,28.4119053,0.07525269
"Continuous asphalt network",2774,0.3147316,-4.15503073,-31.6865082,7.103034,0.07710736
"Continuous asphalt network",2775,0.9200528,-3.97454333,-34.3238373,7.10302258,0.06494686
"Continuous asphalt network",2776,-2.61633182,-4.39484739,-29.3466339,14.2060776,0.06869087
"Continuous asphalt network",2777,172.197327,1.80771792,-134.05809,8.041666,0.0703620538
"Continuous asphalt network",2778,169.188217,1.59758341,-132.4471,8.041685,0.05479619
"Continuous asphalt network",2779,136.053268,-2.06485844,84.71482,81.2256851,0.00234500179
"Continuous asphalt network",2780,158.193329,-2.028303,79.34961,40.6137428,0.0009838811
"Continuous asphalt network",2781,143.573227,-2.04648018,81.2619553,40.613472,0.0020517942
"Continuous asphalt network",2782,180.43837,-1.9985615,72.73605,40.6130753,0.00297469413
"Continuous asphalt network",2783,197.069626,-1.93468821,68.40005,5.0766983,0.0137575958
"Continuous asphalt network",2784,202.604675,-1.84722555,67.05877,2.538187,0.0235017855
"Continuous asphalt network",2785,198.949631,-1.912571,67.53684,2.53822637,0.0135654593
"Continuous asphalt network",2786,210.0197,-1.65709877,64.85424,5.07652044,0.0273413062
"Continuous asphalt network",2787,204.497787,-1.80374372,66.03951,2.538271,0.0232489072
"Continuous asphalt network",2788,198.989,-1.91294765,67.0687256,1.26919961,0.0130378669
"Continuous asphalt network",2789,202.644028,-1.84760225,66.5906448,1.26917994,0.0230035335
"Continuous asphalt network",2790,187.905838,-1.978707,69.90735,20.30656,0.004327597
"Continuous asphalt network",2791,165.765823,-2.023064,75.27261,40.61318,0.000426430255
"Continuous asphalt network",2792,143.730682,-2.04480815,79.3894653,20.3047523,0.00201745424
"Continuous asphalt network",2793,158.350784,-2.02663064,77.47712,20.30489,0.000853419129
"Continuous asphalt network",2794,136.942856,-2.04527473,14.2120361,63.8691559,0.00137270975
"Continuous asphalt network",2795,100.233437,-2.15828729,94.06991,2.14171147,0.0239121187
"Continuous asphalt network",2796,101.701111,-2.12148952,91.7913,2.14170146,0.0123270806
"Continuous asphalt network",2797,98.94849,-2.17088723,94.7677,4.28354836,0.0292457528
"Continuous asphalt network",2798,95.64469,-2.29949546,97.30256,2.14177966,0.0499229841
"Continuous asphalt network",2799,93.6258545,-2.444029,99.13964,2.14174438,0.06439103
"Continuous asphalt network",2800,97.20524,-2.25441241,96.82553,4.28355551,0.05295655
"Continuous asphalt network",2801,102.527809,-2.13341975,92.45355,4.28360033,0.0117893545
"Continuous asphalt network",2802,101.060143,-2.17021751,94.7321548,4.28362036,0.02368315
"Continuous asphalt network",2803,104.36393,-2.13263917,92.1972961,8.567109,0.009347906
"Continuous asphalt network",2804,110.788795,-2.11550236,88.708374,34.26894,0.00560558075
"Continuous asphalt network",2805,94.33499,-2.17048168,94.95801,1.0709219,0.06292008
"Continuous asphalt network",2806,94.01298,-2.13086867,93.83646,1.07085741,0.0239045955
"Continuous asphalt network",2807,93.71573,-2.231456,95.75729,2.14181852,0.07320451
"Continuous asphalt network",2808,96.05654,-2.170791,95.0417557,2.1417923,0.055999957
"Continuous asphalt network",2809,94.79325,-2.11664,93.59795,1.07088113,0.0151037266
"Continuous asphalt network",2810,95.11526,-2.156253,94.7195053,1.07094562,0.06027272
"Continuous asphalt network",2811,92.79916,-2.4236567,98.47738,4.283543,0.0683611259
"Continuous asphalt network",2812,94.81799,-2.279123,96.6403,4.28361368,0.05454076
"Continuous asphalt network",2813,99.08474,-2.114845,92.2861252,2.14180732,0.004228494
"Continuous asphalt network",2814,98.62649,-2.13447261,93.64617,2.14174676,0.03534746
"Continuous asphalt network",2815,100.87442,-2.114462,91.12905,4.28357935,0.004991219
"Continuous asphalt network",2816,97.13407,-2.11193347,92.88241,1.07086563,0.0009391159
"Continuous asphalt network",2817,97.45608,-2.131561,94.00394,1.07089436,0.03367576
"Continuous asphalt network",2818,97.753334,-2.11193347,92.08313,2.14178658,0.000656661461
"Continuous asphalt network",2819,95.41254,-2.11155033,92.7986755,2.14182782,0
"Continuous asphalt network",2820,96.6758041,-2.131178,94.2424545,1.07090366,0.0336467251
"Continuous asphalt network",2821,96.3538,-2.11155033,93.12092,1.07087493,0
"Continuous asphalt network",2822,90.82375,-2.30885053,96.03132,4.283569,0.09379459
"Continuous asphalt network",2823,91.46775,-2.45241332,98.2743759,4.28361559,0.07074168
"Continuous asphalt network",2824,92.61346,-2.191843,94.87427,2.141756,0.072405085
"Continuous asphalt network",2825,93.07172,-2.125779,93.51422,2.141746,0.0243918486
"Continuous asphalt network",2826,91.00647,-2.162667,94.45053,0.535439,0.08997175
"Continuous asphalt network",2827,91.23562,-2.12098718,93.7705154,0.535439,0.0323559642
"Continuous asphalt network",2828,90.2602539,-2.13612342,94.0686646,0.26773,0.08424885
"Continuous asphalt network",2829,89.87012,-2.156722,94.18792,0.267720848,0.130416915
"Continuous asphalt network",2830,90.61633,-2.177803,94.56979,0.5354262,0.07345638
"Continuous asphalt network",2831,91.99416,-2.24623179,95.67355,1.070856,0.07564971
"Continuous asphalt network",2832,91.8672256,-2.15226436,94.49241,0.2677158,0.08100307
"Continuous asphalt network",2833,91.70624,-2.12532687,93.93164,0.26771307,0.02886833
"Continuous asphalt network",2834,91.5575943,-2.18960452,94.89204,0.535441756,0.0920474753
"Continuous asphalt network",2835,87.93182,-2.518739,96.30537,2.141808,0.103786685
"Continuous asphalt network",2836,88.3900757,-2.36379933,94.94531,2.141803,0.139686614
"Continuous asphalt network",2837,86.6004257,-2.62080169,96.10238,4.28363466,0.120035678
"Continuous asphalt network",2838,89.9072,-2.5618875,98.75143,4.283491,0.09115483
"Continuous asphalt network",2839,89.49235,-2.35305762,95.82834,2.14174056,0.132859185
"Continuous asphalt network",2840,89.03408,-2.50799727,97.18839,2.14174557,0.09664918
"Continuous asphalt network",2841,287.626465,0.354420751,16.92547,4.66947365,0
"Continuous asphalt network",2842,287.3163,0.372263342,13.7083788,2.334695,0.0218964871
"Continuous asphalt network",2843,286.830627,0.354420751,15.3619537,2.334702,0
"Continuous asphalt network",2844,286.378662,0.354420751,19.0374851,9.338839,0
"Continuous asphalt network",2845,290.951569,0.354893774,16.2869053,9.338876,0.000405442785
"Continuous asphalt network",2846,288.597778,0.372736365,13.6183062,4.669329,0.0151303057
"Continuous asphalt network",2847,289.150757,0.354893774,16.008606,4.66945457,0.000559213746
"Continuous asphalt network",2848,230.836746,2.06730819,-169.82814,12.309535,0.01054035
"Continuous asphalt network",2849,222.259109,1.974513,-166.0354,12.3096085,0.009270994
"Continuous asphalt network",2850,235.6278,2.11704731,-170.671,24.6191444,0.0105919158
"Continuous asphalt network",2851,134.71492,-3.30614114,-301.370483,51.5126076,0.0135586178
"Continuous asphalt network",2852,129.505753,-3.383436,-314.538483,25.7566814,0.004165742
"Continuous asphalt network",2853,131.2265,-3.35441,-305.793671,25.75656,0.00393004669
"Continuous asphalt network",2854,122.982574,-3.43682861,-327.731842,25.7561817,0.00341217453
"Continuous asphalt network",2855,117.116394,-3.48412728,-340.912567,12.8783512,0.00303660613
"Continuous asphalt network",2856,120.151161,-3.45460987,-332.142334,12.87823,0.00341218431
"Continuous asphalt network",2857,125.360321,-3.40647244,-318.974365,25.7563019,0.00341229141
"Continuous asphalt network",2858,129.255447,-3.3600738,-305.831757,12.8779907,0.003640822
"Continuous asphalt network",2859,127.534706,-3.38909984,-314.576538,12.8780518,0.0039037657
"Continuous asphalt network",2860,-74.14212,-5.446949,-243.5462,59.853756,0.0028873384
"Continuous asphalt network",2861,-3.72323537,-7.187029,-301.204559,58.8904953,0.00784256
"Continuous asphalt network",2862,41.6549225,-2.252616,-72.86605,18.1043777,0.0308540072
"Continuous asphalt network",2863,31.7242184,-2.62025142,-65.7836456,4.52608871,0.029982863
"Continuous asphalt network",2864,26.93614,-2.78163314,-62.1663055,4.52608633,0.02508633
"Continuous asphalt network",2865,34.8273544,-2.51467013,-67.28777,9.052191,0.030991761
"Continuous asphalt network",2866,47.86119,-2.043341,-75.87431,36.2085457,0.0301149245
"Continuous asphalt network",2867,65.0618057,-1.4559288,-85.50818,18.1044388,0.029663058
"Continuous asphalt network",2868,76.05616,-1.06639421,-92.1337662,18.1044769,0.0311269257
"Continuous asphalt network",2869,58.1464424,-1.67524529,-82.80446,36.20854,0.0296748132
"Continuous asphalt network",2870,27.55744,-2.73078322,-64.73632,18.1043377,0.0242437255
"Continuous asphalt network",2871,32.3455162,-2.5694015,-68.35366,18.10438,0.03042153
"Continuous asphalt network",2872,39.5276337,-2.30036426,-73.77966,36.20871,0.030625185
"Continuous asphalt network",2873,22.3270168,-2.8652432,-64.1458054,72.4176,0.0279968325
"Continuous asphalt network",2874,-90.74005,-5.77087545,-7.056788,34.9329758,0.01991595
"Continuous asphalt network",2875,-80.91349,-5.53844452,-14.5372667,34.9328842,0.0189506132
"Continuous asphalt network",2876,-94.7674942,-5.857353,-6.36086035,34.93275,0.022986535
"Continuous asphalt network",2877,-100.727966,-6.037436,-3.40341187,34.9327126,0.035448797
"Continuous asphalt network",2878,-338.186646,-6.67115545,-6.566961,29.6835442,0
"Continuous asphalt network",2879,-251.75322,-6.677259,36.49852,24.5103741,0
"Continuous asphalt network",2880,-286.836884,-6.66505051,87.52479,1.24298847,0
"Continuous asphalt network",2881,-172.849869,-6.692518,30.2262974,26.0327911,0
"Continuous asphalt network",2882,-182.046143,-6.692518,33.938633,26.0328331,0
"Continuous asphalt network",2883,-167.2951,-6.692518,30.5002136,52.06569,0
"Continuous asphalt network",2884,-4.01173,-4.17707,-33.697464,9.645531,0.0538134649
"Continuous asphalt network",2885,-4.83373642,-4.403169,-30.1161041,9.645532,0.07104737
"Continuous asphalt network",2886,-1.99743271,-4.06726,-34.6506844,9.645542,0.06561216
"Continuous asphalt network",2887,0.8252907,-3.871576,-36.5185432,4.82278,0.0647456646
"Continuous asphalt network",2888,-1.5864296,-3.9641037,-36.4413643,4.82277,0.05016285
"Continuous asphalt network",2889,177.725281,2.18301487,-142.037872,4.13081837,0.0416668653
"Continuous asphalt network",2890,180.350143,2.2534132,-141.993484,0.5163653,0.04347732
"Continuous asphalt network",2891,179.393051,2.265371,-141.550674,0.2581856,0.06092384
"Continuous asphalt network",2892,179.984146,2.27297568,-141.5844,0.2581603,0.0299655255
"Continuous asphalt network",2893,181.201614,2.21571326,-141.847961,1.03276587,0.055365026
"Continuous asphalt network",2894,179.6043,2.23765779,-142.727417,0.258197367,0.0686154
"Continuous asphalt network",2895,180.195435,2.23965478,-142.761124,0.258208424,0.0498765372
"Continuous asphalt network",2896,179.37915,2.212341,-143.1028,0.5163515,0.0552079827
"Continuous asphalt network",2897,179.1679,2.24381161,-141.926071,0.516364157,0.06163907
"Continuous asphalt network",2898,180.125015,2.253679,-142.368881,0.258182138,0.04336569
"Continuous asphalt network",2899,179.533875,2.251682,-142.335159,0.258171082,0.06052701
"Continuous asphalt network",2900,176.8247,2.1125834,-143.539413,8.261635,0.04227136
"Continuous asphalt network",2901,176.050049,2.18780684,-139.224777,1.03270125,0.0634096
"Continuous asphalt network",2902,177.2323,2.23939872,-139.292221,1.03271925,0.0314546973
"Continuous asphalt network",2903,175.670212,2.17163634,-140.367783,1.03266454,0.06297624
"Continuous asphalt network",2904,175.529343,2.16264939,-139.5833,1.03270662,0.06141642
"Continuous asphalt network",2905,175.177231,2.1072886,-137.6221,2.0654552,0.06875517
"Continuous asphalt network",2906,177.091476,2.22010446,-138.507751,1.03270566,0.0307379179
"Continuous asphalt network",2907,175.9092,2.16851258,-138.4403,1.03268778,0.06322541
"Continuous asphalt network",2908,179.21698,2.27522182,-140.570068,1.03270423,0.0479668677
"Continuous asphalt network",2909,179.076126,2.28301978,-139.7856,1.03267717,0.0246472135
"Continuous asphalt network",2910,181.060776,2.24135756,-141.063477,1.03271711,0.0589644723
"Continuous asphalt network",2911,179.748367,2.29404044,-141.085632,0.129085079,0.04718385
"Continuous asphalt network",2912,180.0791,2.28284359,-141.29863,0.1290931,0.1175926
"Continuous asphalt network",2913,179.322632,2.27037215,-141.158432,0.25819838,0.0609189719
"Continuous asphalt network",2914,180.121277,2.30541778,-140.718719,0.06454387,0.08103145
"Continuous asphalt network",2915,179.825729,2.30922484,-140.701859,0.06453369,0.0609282441
"Continuous asphalt network",2916,180.233841,2.30084968,-140.531021,0.129089355,0.06818581
"Continuous asphalt network",2917,180.339462,2.28153586,-141.11937,0.129082575,0.08551021
"Continuous asphalt network",2918,179.860916,2.30469036,-140.897949,0.06452673,0.07244034
"Continuous asphalt network",2919,180.156479,2.30088329,-140.91481,0.0645369142,0.08208523
"Continuous asphalt network",2920,176.9229,2.20356464,-140.827438,2.06536484,0.06675564
"Continuous asphalt network",2921,177.893875,2.26373887,-139.718155,1.03270733,0.0311793368
"Continuous asphalt network",2922,178.034714,2.25594115,-140.50264,1.03273439,0.0567014553
"Continuous asphalt network",2923,124.616676,-2.06300235,17.8402,21.10622,0.00159712078
"Continuous asphalt network",2924,112.933983,-2.12541986,90.4925461,33.9419174,0.00369774131
"Continuous asphalt network",2925,102.393456,-2.192015,95.8495255,2.12142682,0.0246172
"Continuous asphalt network",2926,104.441956,-2.15097332,94.0033951,2.12142682,0.0143117215
"Continuous asphalt network",2927,100.847755,-2.21047878,96.32203,4.242714,0.02658172
"Continuous asphalt network",2928,96.73212,-2.32630825,98.1901,2.1213212,0.04437942
"Continuous asphalt network",2929,94.16215,-2.45367169,99.58566,2.12134337,0.0641036
"Continuous asphalt network",2930,98.5385361,-2.28716063,97.942894,4.2426424,0.0445889235
"Continuous asphalt network",2931,105.224129,-2.15777659,94.67929,4.24287033,0.0105893156
"Continuous asphalt network",2932,103.175629,-2.19881821,96.52542,4.24287033,0.0222900677
"Continuous asphalt network",2933,107.29129,-2.14936,94.65736,8.485562,0.0105873886
"Continuous asphalt network",2934,120.159691,-2.11059833,89.50369,67.88467,0.00299605145
"Continuous asphalt network",2935,280.308,1.06796682,-9.134201,22.70217,0.031127153
"Continuous asphalt network",2936,288.253082,0.679166555,1.20215356,11.3510132,0.0297405981
"Continuous asphalt network",2937,283.6339,0.939925849,-6.07721472,11.3510361,0.0310963858
"Continuous asphalt network",2938,274.3955,1.47307169,-20.6359959,11.3509846,0.0315242857
"Continuous asphalt network",2939,269.776337,1.69969463,-27.9153957,11.350934,0.0220777281
"Continuous asphalt network",2940,275.6888,1.33391917,-16.41359,22.70217,0.03168125
"Continuous asphalt network",2941,288.5301,0.545909643,6.00726843,45.40357,0.0298930015
"Continuous asphalt network",2942,281.0931,0.930580437,-4.62043762,22.7019043,0.030555252
"Continuous asphalt network",2943,284.696045,0.6692827,3.24166369,22.7017841,0.0298733953
"Continuous asphalt network",2944,224.119751,1.976688,-162.393387,24.5207748,0.009061985
"Continuous asphalt network",2945,232.126633,2.06808186,-167.209427,24.5208473,0.0106196385
"Continuous asphalt network",2946,219.043289,1.93285847,-162.06221,49.0421028,0.00918015
"Continuous asphalt network",2947,135.33049,-3.26424384,-294.943359,24.35527,0.01566791
"Continuous asphalt network",2948,-63.3939362,-5.3807435,-260.5556,44.02422,0.004069345
"Continuous asphalt network",2949,13.5268354,-7.60316849,-281.280975,7.483824,0.0046841423
"Continuous asphalt network",2950,10.3224669,-7.55939054,-284.720917,7.483921,0.03170027
"Continuous asphalt network",2951,4.032421,-7.350197,-291.992432,7.48390436,0.0378265344
"Continuous asphalt network",2952,6.25765467,-7.42155457,-288.825073,3.74197531,0.02505434
"Continuous asphalt network",2953,7.741152,-7.5017,-286.713531,3.741947,0.039111495
"Continuous asphalt network",2954,14.6542282,-7.61925,-277.994659,29.935957,0.00526162237
"Continuous asphalt network",2955,23.4364319,-7.79214144,-264.9337,3.74193668,0.011480025
"Continuous asphalt network",2956,20.2320747,-7.733649,-268.373627,3.74196887,0.0167212151
"Continuous asphalt network",2957,24.8012238,-7.81677771,-262.430542,7.483928,0.00791015
"Continuous asphalt network",2958,29.2516766,-7.90210867,-256.095856,14.9677982,0.0128757833
"Continuous asphalt network",2959,20.5881634,-7.720141,-269.54837,7.483986,0.0167353172
"Continuous asphalt network",2960,23.79252,-7.77863359,-266.108429,7.483922,0.0115306592
"Continuous asphalt network",2961,19.4607716,-7.67411041,-272.834717,14.96795,0.014477483
"Continuous asphalt network",2962,6.228102,-7.378895,-292.230377,29.9359474,0.0209869817
"Continuous asphalt network",2963,12.3994322,-7.55899954,-284.5673,7.48399448,0.0157103
"Continuous asphalt network",2964,15.6038008,-7.602778,-281.12735,7.483995,0.0119825564
"Continuous asphalt network",2965,11.2720423,-7.498361,-287.853638,14.9679508,0.0184066109
"Continuous asphalt network",2966,5.3381,-7.30793142,-296.299866,29.9358711,0.0170487612
"Continuous asphalt network",2967,2.608518,-7.241671,-301.3062,29.93627,0.0109092621
"Continuous asphalt network",2968,-10.0747538,-3.90294576,-46.88643,49.4816322,0.0283479448
"Continuous asphalt network",2969,-22.78463,-4.235066,-42.2792168,24.7408371,0.0232310332
"Continuous asphalt network",2970,-14.4661407,-4.04957628,-43.5642967,24.7408657,0.0235245321
"Continuous asphalt network",2971,-35.6105843,-4.561389,-36.3322,24.7409725,0.02318711
"Continuous asphalt network",2972,-48.37851,-4.86792231,-31.05509,12.3703394,0.0204663984
"Continuous asphalt network",2973,-39.943943,-4.67811537,-33.6799622,12.3703833,0.0230087414
"Continuous asphalt network",2974,-27.2340546,-4.368404,-38.2871857,24.740921,0.0227908641
"Continuous asphalt network",2975,-14.6402483,-4.075112,-41.5546074,12.3702869,0.0233738273
"Continuous asphalt network",2976,-22.9587383,-4.260602,-40.2695274,12.3702726,0.0230767187
"Continuous asphalt network",2977,-108.22892,-6.33887863,0.318247467,28.4871845,0.0461457521
"Continuous asphalt network",2978,-114.306908,-6.60576248,2.03138733,7.12175226,0.03566585
"Continuous asphalt network",2979,-117.953514,-6.692518,3.18940234,3.56085753,0
"Continuous asphalt network",2980,-115.521095,-6.64909363,3.284958,3.56087232,0.03570675
"Continuous asphalt network",2981,-110.657288,-6.453875,2.82539868,14.2435045,0.04459095
"Continuous asphalt network",2982,-125.243683,-6.692518,7.45747375,28.4872437,0
"Continuous asphalt network",2983,-117.948463,-6.68048239,6.4428,3.560883,0.0232520476
"Continuous asphalt network",2984,-115.212891,-6.649761,5.98096228,0.445119977,0.0557870157
"Continuous asphalt network",2985,-115.820229,-6.653808,6.44507837,0.4451205,0.0849979445
"Continuous asphalt network",2986,-114.30085,-6.610762,5.93547058,0.890225053,0.0435153879
"Continuous asphalt network",2987,-116.4291,-6.67601156,5.933182,0.8902059,0.0214143936
"Continuous asphalt network",2988,-115.821754,-6.671964,5.469065,0.8902277,0.0317862071
"Continuous asphalt network",2989,-119.166191,-6.692518,5.419001,7.12175131,0
"Continuous asphalt network",2990,-110.654243,-6.453736,4.77744055,7.12192249,0.0445909761
"Continuous asphalt network",2991,-115.519592,-6.64909363,4.26097631,1.78050685,0.0357067324
"Continuous asphalt network",2992,-117.952,-6.692518,4.16542053,1.78049946,0
"Continuous asphalt network",2993,-114.302368,-6.60562372,4.95944738,3.56099868,0.03572262
"Continuous asphalt network",2994,-139.826035,-6.692518,14.6922607,28.48718,0
"Continuous asphalt network",2995,-154.409378,-6.692518,21.2763672,14.2433853,0
"Continuous asphalt network",2996,-144.685776,-6.692518,17.7545261,14.2433853,0
"Continuous asphalt network",2997,-130.10144,-6.68519068,11.8211012,28.487196,0.00150629214
"Continuous asphalt network",2998,-119.161385,-6.661143,8.509715,3.56088257,0.0210700911
"Continuous asphalt network",2999,-115.514526,-6.59187269,7.514374,1.7804389,0.0368335322
"Continuous asphalt network",3000,-117.946434,-6.64953756,7.74415064,1.7804389,0.0231775288
"Continuous asphalt network",3001,-110.652733,-6.43949556,5.75346375,3.56082225,0.06978631
"Continuous asphalt network",3002,-114.299843,-6.579348,6.586146,1.78041482,0.05639888
"Continuous asphalt network",3003,-117.9472,-6.66155,7.256144,0.890220761,0.0466729924
"Continuous asphalt network",3004,-115.515289,-6.603885,7.026367,0.890220761,0.05548488
"Continuous asphalt network",3005,-125.240662,-6.68519068,9.409505,14.243516,0.0115469322
"Continuous asphalt network",3006,-335.1868,-6.67115545,-12.5132551,41.372982,0
"Continuous asphalt network",3007,-243.22937,-6.678276,31.8645267,30.8236275,0.0004359678
"Continuous asphalt network",3008,-282.7109,-6.66483831,86.4537,43.4952774,5.14491476E-05
"Continuous asphalt network",3009,-271.476349,-6.66483831,81.20304,21.747324,0.000181945754
"Continuous asphalt network",3010,-279.516266,-6.66483831,83.23995,21.7473373,0.000181945856
"Continuous asphalt network",3011,-260.6545,-6.667155,74.85474,21.7475872,0.000487113866
"Continuous asphalt network",3012,-249.626221,-6.67217255,69.0552444,10.87367,0.000246832758
"Continuous asphalt network",3013,-257.2535,-6.66919,72.18981,10.8737459,0.00047676955
"Continuous asphalt network",3014,-272.508026,-6.6651206,78.45895,10.8736954,1.69697469E-05
"Continuous asphalt network",3015,-280.135254,-6.66505051,81.5935,10.8736916,0
"Continuous asphalt network",3016,-268.281738,-6.6651206,77.989296,21.7475548,6.00114545E-05
"Continuous asphalt network",3017,-239.010635,-6.6752243,62.15811,21.7476368,0.000246831885
"Continuous asphalt network",3018,-227.9824,-6.679293,56.3586121,10.8739071,0.0004937409
"Continuous asphalt network",3019,-235.60968,-6.6762414,59.4931831,10.8739109,0.0002468318
"Continuous asphalt network",3020,-217.1605,-6.68438,50.0102654,10.8739233,0.0002468315
"Continuous asphalt network",3021,-206.235458,-6.68844938,43.93634,5.437211,0.000493662432
"Continuous asphalt network",3022,-213.656387,-6.68539762,47.61973,5.4372077,0.000246831361
"Continuous asphalt network",3023,-224.684586,-6.681328,53.41924,10.873848,0.0004937436
"Continuous asphalt network",3024,-235.919174,-6.6762414,58.6699333,5.43698645,0.00024683238
"Continuous asphalt network",3025,-228.291885,-6.679293,55.53536,5.43698454,0.00049374206
"Continuous asphalt network",3026,-246.741089,-6.67318964,65.01826,21.74765,0.00024683174
"Continuous asphalt network",3027,-258.078827,-6.66926956,69.9945145,10.8737154,0.000457488117
"Continuous asphalt network",3028,-250.245224,-6.67217255,67.4087753,10.8737316,0.000246831856
"Continuous asphalt network",3029,-269.210236,-6.66527,75.51959,10.8735628,0.000137400188
"Continuous asphalt network",3030,-280.4448,-6.66505051,80.770256,5.43710756,0
"Continuous asphalt network",3031,-272.817535,-6.6651206,77.635704,5.43710947,1.6969756E-05
"Continuous asphalt network",3032,-257.563,-6.66919,71.36657,5.43705225,0.0004767684
"Continuous asphalt network",3033,-249.935715,-6.67217255,68.232,5.43701458,0.000246832118
"Continuous asphalt network",3034,-261.582977,-6.667305,72.38503,10.8735971,0.0004824484
"Continuous asphalt network",3035,-3.50730133,-3.84265685,-42.4299927,22.8961678,0.03813234
"Continuous asphalt network",3036,170.596741,1.83900225,-138.305038,17.6759243,0.05830654
"Continuous asphalt network",3037,167.59877,1.57558024,-134.089279,8.837929,0.0542105921
"Continuous asphalt network",3038,170.6079,1.78571475,-135.700272,8.837912,0.0692302957
"Continuous asphalt network",3039,121.8728,-2.0658617,16.1527,22.9188023,0.00152973062
"Continuous asphalt network",3040,126.552429,-2.08833861,85.11703,25.13701,0.004189133
"Continuous asphalt network",3041,275.9681,1.5138464,-22.8052673,12.3171158,0.0291651655
"Continuous asphalt network",3042,270.639282,1.7121197,-28.8327179,12.3171406,0.0219618939
"Continuous asphalt network",3043,277.922882,1.3698715,-18.5396023,24.63436,0.0315911174
"Continuous asphalt network",3044,284.496857,0.953344643,-6.994532,12.3167992,0.0310622714
"Continuous asphalt network",3045,289.116058,0.6925854,0.284835815,12.316783,0.0297913682
"Continuous asphalt network",3046,282.896881,1.11499882,-11.8861694,24.63418,0.0318528041
"Continuous asphalt network",3047,271.7037,1.743898,-30.7106266,24.63431,0.022380745
"Continuous asphalt network",3048,277.032532,1.54562473,-24.683176,24.6342621,0.0293748714
"Continuous asphalt network",3049,271.435944,1.81790829,-34.0954247,24.6345062,0.0224526189
"Continuous asphalt network",3050,269.48114,1.94071543,-38.361084,24.6341743,0.0304279421
"Continuous asphalt network",3051,210.21843,1.92202854,-158.809875,24.6386414,0.006747476
"Continuous asphalt network",3052,-63.0254669,-5.36413574,-265.2903,40.16128,0.00450133858
"Continuous asphalt network",3053,22.15196,-7.81451941,-262.415222,3.558359,0.005609386
"Continuous asphalt network",3054,18.5351,-7.79181862,-265.697754,0.889672041,0.0144733982
"Continuous asphalt network",3055,16.7266712,-7.7614975,-267.33905,0.222381189,0.0223558079
"Continuous asphalt network",3056,15.7992487,-7.69393158,-268.126068,0.222381964,0.0918982551
"Continuous asphalt network",3057,17.0975418,-7.775532,-266.811127,0.4448343,0.0229529
"Continuous asphalt network",3058,19.27685,-7.797558,-264.641968,1.77917409,0.00278004725
"Continuous asphalt network",3059,22.8008518,-7.812632,-261.2251,3.55834031,0.027212875
"Continuous asphalt network",3060,24.4700184,-7.827215,-259.382233,3.55842662,0.0134155629
"Continuous asphalt network",3061,28.4572525,-7.922646,-254.506454,3.55835414,0.0216842238
"Continuous asphalt network",3062,31.7955761,-7.98677,-250.820816,3.55836034,0.0179824978
"Continuous asphalt network",3063,27.1594486,-7.87988138,-256.886749,7.11673975,0.0148351705
"Continuous asphalt network",3064,20.1124058,-7.78186941,-265.851318,3.55833,0.0119333426
"Continuous asphalt network",3065,17.51533,-7.76253843,-267.415833,0.8895876,0.02644184
"Continuous asphalt network",3066,16.216795,-7.728748,-268.1981,0.222416252,0.05298365
"Continuous asphalt network",3067,15.6602354,-7.67576838,-268.4572,0.222433984,0.169401228
"Continuous asphalt network",3068,16.8659363,-7.757567,-267.540619,0.444822848,0.02484118
"Continuous asphalt network",3069,18.8136234,-7.78275537,-266.1009,1.77920127,0.0208555087
"Continuous asphalt network",3070,22.7089939,-7.807895,-263.221436,7.11663675,0.0110001871
"Continuous asphalt network",3071,18.2580471,-7.740135,-268.490784,1.77917707,0.0225328635
"Continuous asphalt network",3072,16.5881577,-7.72727728,-268.735565,0.444780141,0.0246333554
"Continuous asphalt network",3073,15.5676451,-7.66561937,-268.85553,0.2223795,0.1280564
"Continuous asphalt network",3074,16.1242046,-7.718599,-268.5964,0.222387627,0.0582148731
"Continuous asphalt network",3075,17.3301411,-7.74239731,-268.212463,0.889574945,0.0232335273
"Continuous asphalt network",3076,19.7420177,-7.75939035,-267.44458,3.558342,0.017162187
"Continuous asphalt network",3077,16.774559,-7.683706,-270.602325,1.779151,0.0249649454
"Continuous asphalt network",3078,15.6607285,-7.658381,-269.522583,0.8896031,0.126296252
"Continuous asphalt network",3079,16.4029617,-7.70580626,-269.5322,0.88957715,0.0270892531
"Continuous asphalt network",3080,17.887661,-7.70291471,-270.084,3.55832,0.0228719879
"Continuous asphalt network",3081,10.7482576,-7.67237473,-279.979553,0.8896417,0.04969531
"Continuous asphalt network",3082,8.939836,-7.72204828,-281.62085,0.22239475,0.0557821
"Continuous asphalt network",3083,8.035625,-7.698461,-282.441467,0.05559977,0.0536917634
"Continuous asphalt network",3084,7.571923,-7.6411643,-282.835,0.0556010231,0.149505839
"Continuous asphalt network",3085,8.221059,-7.71622467,-282.177521,0.11119815,0.0722457
"Continuous asphalt network",3086,9.310709,-7.7195344,-281.092926,0.444810033,0.0430033
"Continuous asphalt network",3087,11.4900055,-7.63090658,-278.923767,1.77907228,0.0408119671
"Continuous asphalt network",3088,14.7354994,-7.60676432,-275.10376,1.77910435,0.0439264327
"Continuous asphalt network",3089,13.2520113,-7.588724,-277.2153,1.77906191,0.0233406834
"Continuous asphalt network",3090,9.728487,-7.68521357,-281.697632,0.8895885,0.0373179168
"Continuous asphalt network",3091,8.429951,-7.70316,-282.479858,0.222400725,0.07393162
"Continuous asphalt network",3092,7.64155769,-7.644314,-282.93576,0.111191347,0.149528071
"Continuous asphalt network",3093,8.10526,-7.70161057,-282.542236,0.111188851,0.0537314638
"Continuous asphalt network",3094,9.079093,-7.705835,-281.822418,0.4448188,0.07630727
"Continuous asphalt network",3095,11.0267792,-7.65426874,-280.38266,1.779194,0.0483871549
"Continuous asphalt network",3096,8.80132,-7.663595,-283.017365,0.4447845,0.0551201031
"Continuous asphalt network",3097,7.78081846,-7.63642359,-283.1373,0.222410023,0.173263282
"Continuous asphalt network",3098,8.337364,-7.68177176,-282.878174,0.2223996,0.0617702343
"Continuous asphalt network",3099,9.543302,-7.66436243,-282.494263,0.8895937,0.0541991144
"Continuous asphalt network",3100,7.873902,-7.5976944,-283.804382,0.8896063,0.111415409
"Continuous asphalt network",3101,8.616133,-7.625417,-283.814,0.889603257,0.0580159947
"Continuous asphalt network",3102,4.582721,-7.37904,-289.155273,0.4447525,0.140461415
"Continuous asphalt network",3103,5.417296,-7.40099,-288.2339,0.444809467,0.0501825437
"Continuous asphalt network",3104,6.66917038,-7.47407866,-286.851776,0.8896239,0.06004865
"Continuous asphalt network",3105,4.35109854,-7.371983,-289.884735,1.77917051,0.0252762288
"Continuous asphalt network",3106,1.47695923,-7.267489,-294.2422,1.77914155,0.0639115
"Continuous asphalt network",3107,2.77476954,-7.31184769,-291.8619,1.77913892,0.024709912
"Continuous asphalt network",3108,6.390642,-7.45782232,-286.448639,1.77917659,0.0625325
"Continuous asphalt network",3109,4.814316,-7.367926,-288.4258,0.444846362,0.06831437
"Continuous asphalt network",3110,3.97974086,-7.34597635,-289.34726,0.4448421,0.0543288961
"Continuous asphalt network",3111,5.04592,-7.37626028,-287.696381,0.889575958,0.0566446334
"Continuous asphalt network",3112,6.61053133,-7.47675133,-285.436066,0.111212336,0.0338192843
"Continuous asphalt network",3113,6.42484856,-7.45880556,-285.167328,0.111198172,0.141488314
"Continuous asphalt network",3114,6.865608,-7.499787,-285.272858,0.222394168,0.103596635
"Continuous asphalt network",3115,7.38746834,-7.5295043,-285.2297,0.444800615,0.06808672
"Continuous asphalt network",3116,5.85707235,-7.420567,-286.2087,0.444804519,0.06124039
"Continuous asphalt network",3117,6.26262474,-7.44573832,-285.464874,0.1111851,0.154018566
"Continuous asphalt network",3118,6.44830751,-7.463684,-285.7336,0.111199267,0.0525835
"Continuous asphalt network",3119,6.00757551,-7.42459249,-285.628021,0.222393438,0.08477645
"Continuous asphalt network",3120,7.35227728,-7.548401,-284.380249,0.22240065,0.136060268
"Continuous asphalt network",3121,7.328825,-7.55302668,-283.813965,0.222400114,0.137470677
"Continuous asphalt network",3122,7.71191359,-7.56789255,-284.6346,0.444800466,0.0465553142
"Continuous asphalt network",3123,6.66820145,-7.469015,-284.720978,0.4448312,0.124353282
"Continuous asphalt network",3124,6.980924,-7.50691938,-283.842743,0.222392291,0.1374497
"Continuous asphalt network",3125,7.004376,-7.50229263,-284.409027,0.222392827,0.136034757
"Continuous asphalt network",3126,13.8540192,-7.57049036,-274.8926,0.8895882,0.0258770138
"Continuous asphalt network",3127,12.4394274,-7.52417,-275.506927,0.222376689,0.05491757
"Continuous asphalt network",3128,11.5813751,-7.59051371,-275.862061,0.11119698,0.209246412
"Continuous asphalt network",3129,12.14368,-7.49523163,-275.478149,0.013900796,0.1125913
"Continuous asphalt network",3130,11.9291649,-7.503966,-275.566925,0.006952299,0.214780778
"Continuous asphalt network",3131,12.0567045,-7.489371,-275.485352,0.006951097,0.02309116
"Continuous asphalt network",3132,12.3233767,-7.503737,-275.338959,0.0277990829,0.112600833
"Continuous asphalt network",3133,11.9118147,-7.514286,-275.6749,0.0277985856,0.202880487
"Continuous asphalt network",3134,12.0625658,-7.503938,-275.626923,0.0277947616,0.194023252
"Continuous asphalt network",3135,13.15821,-7.545231,-274.950226,0.444753557,0.06499358
"Continuous asphalt network",3136,15.2915688,-7.607697,-273.779266,1.77919257,0.0206343755
"Continuous asphalt network",3137,12.0570726,-7.5419693,-276.284332,0.222394437,0.06916534
"Continuous asphalt network",3138,11.5699034,-7.597647,-276.1116,0.222403571,0.218633056
"Continuous asphalt network",3139,12.416461,-7.53621531,-276.006,0.444807768,0.03496571
"Continuous asphalt network",3140,11.9761963,-7.567309,-276.96582,0.111204274,0.1471995
"Continuous asphalt network",3141,12.27769,-7.551167,-276.869843,0.111196972,0.04536803
"Continuous asphalt network",3142,12.0111313,-7.579008,-277.282532,0.222402126,0.0516729727
"Continuous asphalt network",3143,11.4540892,-7.6242156,-276.476349,0.22240901,0.21958214
"Continuous asphalt network",3144,12.0920134,-7.54940748,-276.601074,0.111197591,0.045615
"Continuous asphalt network",3145,11.79052,-7.56554937,-276.697052,0.111204892,0.1209249
"Continuous asphalt network",3146,13.2051134,-7.568567,-276.082764,1.77923751,0.0453943051
"Continuous asphalt network",3147,10.2840681,-7.713257,-279.3077,1.77915668,0.146082774
"Continuous asphalt network",3148,8.707745,-7.75022,-281.284882,0.444783032,0.114376456
"Continuous asphalt network",3149,7.896377,-7.7189393,-282.23996,0.0278053712,0.163793668
"Continuous asphalt network",3150,8.151445,-7.73925447,-282.076782,0.0278021935,0.07350318
"Continuous asphalt network",3151,7.81525469,-7.69865751,-282.388733,0.0555851981,0.120039813
"Continuous asphalt network",3152,7.50228834,-7.63861227,-282.734222,0.111170419,0.146747187
"Continuous asphalt network",3153,8.081813,-7.747892,-281.975983,0.05560532,0.06955972
"Continuous asphalt network",3154,7.826744,-7.72757673,-282.13916,0.0556116737,0.1619475
"Continuous asphalt network",3155,8.116503,-7.76411963,-281.76,0.111201443,0.109433837
"Continuous asphalt network",3156,8.939356,-7.78541136,-280.55545,0.889568,0.133406684
"Continuous asphalt network",3157,10.422843,-7.75057745,-278.4439,1.77917814,0.141362026
"Continuous asphalt network",3158,11.2456923,-7.651788,-277.2394,0.222384512,0.132507056
"Continuous asphalt network",3159,11.22223,-7.660543,-276.673126,0.222400457,0.145614281
"Continuous asphalt network",3160,11.6053286,-7.62157631,-277.4937,0.444800049,0.115458377
"Continuous asphalt network",3161,10.5616217,-7.76512527,-277.5801,0.44482097,0.135647207
"Continuous asphalt network",3162,10.8743391,-7.71909475,-276.7019,0.222397909,0.215800866
"Continuous asphalt network",3163,10.8978,-7.71034,-277.2682,0.222381964,0.205901936
"Continuous asphalt network",3164,13.6908083,-7.53582335,-273.059448,0.88957113,0.09174354
"Continuous asphalt network",3165,14.3866224,-7.580742,-273.001862,0.88957113,0.0409716256
"Continuous asphalt network",3166,15.4303389,-7.61133957,-272.915436,1.77912068,0.0251663867
"Continuous asphalt network",3167,12.8796873,-7.50256157,-274.54715,0.8895978,0.108806536
"Continuous asphalt network",3168,11.7782984,-7.524874,-275.3486,0.111195728,0.202215165
"Continuous asphalt network",3169,12.253746,-7.49099874,-275.2382,0.055596184,0.11258173
"Continuous asphalt network",3170,12.0218925,-7.49211931,-275.434967,0.0138988653,0.07596912
"Continuous asphalt network",3171,11.8943529,-7.506714,-275.516541,0.0139012681,0.22360523
"Continuous asphalt network",3172,12.0392351,-7.48524237,-275.327,0.0277975146,0.12963295
"Continuous asphalt network",3173,11.4421148,-7.60817575,-275.660522,0.2223886,0.209247932
"Continuous asphalt network",3174,12.1956,-7.46430349,-274.887878,0.222401,0.112187065
"Continuous asphalt network",3175,11.8476915,-7.483584,-274.9167,0.222400442,0.207433239
"Continuous asphalt network",3176,13.0184555,-7.48654556,-273.683319,1.77916551,0.08375953
"Continuous asphalt network",3177,15.359973,-7.626966,-271.216644,0.8896029,0.0676969141
"Continuous asphalt network",3178,15.3130617,-7.620571,-270.084076,0.889603138,0.06972544
"Continuous asphalt network",3179,16.079237,-7.642676,-271.7253,1.77918243,0.03740165
"Continuous asphalt network",3180,14.154027,-7.542858,-271.600555,0.444799244,0.1340724
"Continuous asphalt network",3181,14.5253868,-7.582224,-272.138062,0.444793075,0.03877713
"Continuous asphalt network",3182,13.6438942,-7.50268,-271.92688,0.889602,0.1029751
"Continuous asphalt network",3183,14.4550323,-7.52996063,-270.439178,0.444791377,0.128367335
"Continuous asphalt network",3184,14.7794828,-7.56293249,-269.844116,0.444781035,0.173548535
"Continuous asphalt network",3185,14.8498383,-7.597112,-271.542969,0.444802,0.0314255357
"Continuous asphalt network",3186,14.47848,-7.55774641,-271.005463,0.444808125,0.1292809
"Continuous asphalt network",3187,28.3634338,-7.96875763,-252.241348,3.558346,0.0225006118
"Continuous asphalt network",3188,24.9312878,-7.90263557,-253.661911,1.77917683,0.04493014
"Continuous asphalt network",3189,26.9718075,-7.964088,-252.356552,1.77918482,0.0265772231
"Continuous asphalt network",3190,31.2385387,-8.003287,-250.0146,7.116681,0.0175166856
"Continuous asphalt network",3191,24.65375,-7.865597,-255.389526,7.11660147,0.0304538179
"Continuous asphalt network",3192,27.06563,-7.91615248,-254.621643,7.116641,0.0194326118
"Continuous asphalt network",3193,21.6408386,-7.786995,-260.61087,0.8895732,0.0107025281
"Continuous asphalt network",3194,20.22626,-7.78129244,-261.225128,0.222390413,0.0434757732
"Continuous asphalt network",3195,19.6232929,-7.82115126,-261.417084,0.222386792,0.149223387
"Continuous asphalt network",3196,20.945034,-7.776876,-260.668457,0.444791228,0.0320766829
"Continuous asphalt network",3197,23.0783978,-7.808761,-259.497467,1.77916646,0.0181716066
"Continuous asphalt network",3198,19.6003265,-7.828096,-261.916168,0.444781333,0.106276982
"Continuous asphalt network",3199,20.2032928,-7.788237,-261.7242,0.444765925,0.022726832
"Continuous asphalt network",3200,19.8558731,-7.797624,-262.818359,0.4448059,0.0217256919
"Continuous asphalt network",3201,19.4845142,-7.83029938,-262.280884,0.444803149,0.09506093
"Continuous asphalt network",3202,20.9919357,-7.791923,-261.801,1.77915633,0.0191385876
"Continuous asphalt network",3203,17.9780674,-7.82209635,-264.8915,0.444846541,0.0465497933
"Continuous asphalt network",3204,18.9983273,-7.81949854,-264.238861,0.444832236,0.0470545031
"Continuous asphalt network",3205,17.653614,-7.80596352,-265.4866,0.8895485,0.0213782452
"Continuous asphalt network",3206,16.4945774,-7.76128769,-267.003082,0.4448119,0.0344698168
"Continuous asphalt network",3207,15.6599932,-7.69141769,-267.92453,0.44480145,0.101587445
"Continuous asphalt network",3208,16.7261925,-7.78028059,-266.273651,0.8895547,0.0335416272
"Continuous asphalt network",3209,18.7198086,-7.847574,-263.835754,0.889518738,0.0671818
"Continuous asphalt network",3210,17.6995487,-7.850172,-264.488434,0.889547348,0.0672648251
"Continuous asphalt network",3211,19.0208054,-7.845953,-262.674438,0.444792926,0.1220949
"Continuous asphalt network",3212,19.3921642,-7.813277,-263.2119,0.44480145,0.03208167
"Continuous asphalt network",3213,18.51068,-7.878035,-263.000763,0.8895951,0.07880894
"Continuous asphalt network",3214,21.6633282,-7.78985357,-259.0464,0.444805056,0.025742365
"Continuous asphalt network",3215,21.29197,-7.76871634,-258.5089,0.444801629,0.07959184
"Continuous asphalt network",3216,22.1734562,-7.80235147,-258.720062,0.889582038,0.0182597879
"Continuous asphalt network",3217,23.21717,-7.81666565,-258.633636,1.77915061,0.0165703837
"Continuous asphalt network",3218,20.66652,-7.775679,-260.26535,0.889579654,0.0167843625
"Continuous asphalt network",3219,19.6462574,-7.81328344,-260.918,0.8895742,0.07448858
"Continuous asphalt network",3220,20.96751,-7.75471735,-259.104,0.444794685,0.08020664
"Continuous asphalt network",3221,21.3388672,-7.77585459,-259.641479,0.444798082,0.02664944
"Continuous asphalt network",3222,20.4691086,-7.743585,-259.71347,0.222372159,0.0375433974
"Continuous asphalt network",3223,20.040102,-7.749082,-259.891022,0.111189283,0.101768
"Continuous asphalt network",3224,20.202322,-7.731693,-259.5935,0.111191615,0.05171415
"Continuous asphalt network",3225,20.6196041,-7.735539,-259.132782,0.444789827,0.0408464
"Continuous asphalt network",3226,23.4947147,-7.827328,-256.906036,3.55837631,0.0124414479
"Continuous asphalt network",3227,22.12655,-7.802994,-257.587524,0.889534354,0.0183530357
"Continuous asphalt network",3228,21.4307461,-7.77102041,-257.6451,0.889555931,0.0762544349
"Continuous asphalt network",3229,22.42755,-7.80846,-256.426178,1.77914822,0.0289865527
"Continuous asphalt network",3230,28.4083958,-8.03375149,-249.112442,1.7791661,0.0180598367
"Continuous asphalt network",3231,27.31778,-8.079128,-248.0663,0.889545143,0.06833833
"Continuous asphalt network",3232,28.01359,-8.055053,-248.008713,0.8895505,0.0185351837
"Continuous asphalt network",3233,29.42866,-8.046851,-248.459763,3.55834627,0.0184154529
"Continuous asphalt network",3234,31.5160828,-8.038404,-248.286972,7.116644,0.02884161
"Continuous asphalt network",3235,25.71897,-7.97029829,-251.607925,1.779185,0.03420553
"Continuous asphalt network",3236,27.1105881,-7.989966,-251.492737,1.77916014,0.03549153
"Continuous asphalt network",3237,24.0498066,-7.871632,-253.45076,1.77916372,0.0597130656
"Continuous asphalt network",3238,24.8726711,-7.91185236,-252.246231,0.222396508,0.07488605
"Continuous asphalt network",3239,24.8492126,-7.924093,-251.679947,0.222392976,0.0908078253
"Continuous asphalt network",3240,25.2322922,-7.93210745,-252.500565,0.444761068,0.04681545
"Continuous asphalt network",3241,24.1885834,-7.868519,-252.58696,0.444782555,0.0667783
"Continuous asphalt network",3242,24.5013046,-7.898953,-251.70874,0.22240296,0.08931574
"Continuous asphalt network",3243,24.5247631,-7.886713,-252.275024,0.222406492,0.07300059
"Continuous asphalt network",3244,27.0167847,-8.060695,-249.227646,1.779149,0.0517484248
"Continuous asphalt network",3245,27.7594967,-8.016654,-250.3026,1.77916384,0.0177575853
"Continuous asphalt network",3246,25.6720676,-8.0197525,-250.475388,1.77917159,0.08013484
"Continuous asphalt network",3247,26.3209743,-8.083462,-249.285233,1.7791847,0.0480205566
"Continuous asphalt network",3248,31.3753681,-8.166245,-244.889343,3.55833244,0.0464947931
"Continuous asphalt network",3249,30.9336548,-8.291613,-242.65303,0.8895948,0.074637
"Continuous asphalt network",3250,30.7010651,-8.397687,-241.251755,0.444792539,0.129028931
"Continuous asphalt network",3251,31.0724316,-8.338398,-241.7892,0.444797724,0.0571838729
"Continuous asphalt network",3252,31.652916,-8.244328,-243.1617,1.77920437,0.05956587
"Continuous asphalt network",3253,32.8138924,-8.103568,-245.906677,7.116582,0.0431040339
"Continuous asphalt network",3254,28.9869366,-8.089526,-246.223465,0.88959825,0.0370330848
"Continuous asphalt network",3255,28.75435,-8.095344,-244.822189,0.444824338,0.13645871
"Continuous asphalt network",3256,29.1257153,-8.11615,-245.359665,0.444813579,0.0571041852
"Continuous asphalt network",3257,29.7062073,-8.086444,-246.732132,1.77916539,0.0312496
"Continuous asphalt network",3258,27.7810059,-8.070739,-246.607422,0.444797963,0.0632833838
"Continuous asphalt network",3259,28.15236,-8.059627,-247.1449,0.444799364,0.0177009366
"Continuous asphalt network",3260,27.2708759,-8.099086,-246.933762,0.8896008,0.06812609
"Continuous asphalt network",3261,28.255949,-8.053693,-245.431656,0.222386464,0.0717707351
"Continuous asphalt network",3262,27.9080524,-8.057468,-245.460449,0.222391039,0.0894265249
"Continuous asphalt network",3263,28.4064465,-8.056271,-244.851,0.4447768,0.09089738
"Continuous asphalt network",3264,28.4768047,-8.065629,-246.5498,0.4447797,0.0468160063
"Continuous asphalt network",3265,27.9315033,-8.065644,-246.026733,0.222395316,0.08536484
"Continuous asphalt network",3266,28.279398,-8.061871,-245.997925,0.222390726,0.0635797158
"Continuous asphalt network",3267,29.7277222,-8.268112,-243.036987,0.444777638,0.107745506
"Continuous asphalt network",3268,30.273016,-8.249748,-243.560059,0.22239989,0.07440989
"Continuous asphalt network",3269,29.9251175,-8.236219,-243.588867,0.222391248,0.112416364
"Continuous asphalt network",3270,29.21759,-8.190093,-243.3633,0.8895947,0.143430263
"Continuous asphalt network",3271,30.0287228,-8.368953,-241.875626,0.444761962,0.126040056
"Continuous asphalt network",3272,30.353159,-8.422569,-241.280563,0.444774717,0.102302179
"Continuous asphalt network",3273,30.2378483,-8.297286,-242.710632,0.8895705,0.06823397
"Continuous asphalt network",3274,30.3551083,-8.140674,-245.541992,1.7791431,0.0510594361
"Continuous asphalt network",3275,29.4501743,-8.149514,-244.764572,0.444779664,0.04165058
"Continuous asphalt network",3276,29.0788116,-8.128707,-244.2271,0.444790423,0.123472713
"Continuous asphalt network",3277,29.9485683,-8.199059,-244.155151,0.222391531,0.103758305
"Continuous asphalt network",3278,30.2964649,-8.212586,-244.126343,0.222400174,0.05951124
"Continuous asphalt network",3279,29.7980728,-8.162565,-244.7358,0.444772631,0.0647567138
"Continuous asphalt network",3280,-78.792244,-5.51203871,-12.9850111,35.09,0.0189866237
"Continuous asphalt network",3281,-88.6188049,-5.744469,-5.504532,35.0900879,0.0199424326
"Continuous asphalt network",3282,-71.73087,-5.37663126,-15.18632,70.18008,0.01822854
"Continuous asphalt network",3283,-334.344879,-6.67115545,-18.7363033,70.02836,0
"Continuous asphalt network",3284,-238.307739,-6.679293,30.0460453,22.4964161,0.000503245159
"Continuous asphalt network",3285,-1.03502274,-3.63260961,-48.5645332,8.515107,0.03668095
"Continuous asphalt network",3286,96.83368,-2.10972023,35.8575249,53.10047,0.0007843279
"Continuous asphalt network",3287,103.140526,-2.11084723,49.0075569,26.5502377,0.000602718443
"Continuous asphalt network",3288,100.705605,-2.10901713,40.18866,26.5501747,0.0006536454
"Continuous asphalt network",3289,110.774605,-2.1061523,62.1184273,26.5500412,0.00462697446
"Continuous asphalt network",3290,117.745079,-2.109255,75.24891,13.2751207,0.000516529544
"Continuous asphalt network",3291,113.98291,-2.1061523,66.46915,13.2751217,0.001214846
"Continuous asphalt network",3292,107.676056,-2.102478,53.31908,26.5500412,0.00424281741
"Continuous asphalt network",3293,102.696442,-2.10534286,40.1298943,13.2750149,0.00467376
"Continuous asphalt network",3294,105.131371,-2.107173,48.94879,13.2750463,0.00464715064
"Continuous asphalt network",3295,197.487076,2.220474,-153.880127,11.8156128,0.0298175421
"Continuous asphalt network",3296,203.132126,2.03190827,-157.619034,5.907719,0.023407381
"Continuous asphalt network",3297,199.007278,2.15492153,-155.817291,5.90769,0.0353152454
"Continuous asphalt network",3298,189.862,2.36552978,-151.504257,2.95389843,0.04317488
"Continuous asphalt network",3299,192.684525,2.340581,-153.3737,1.47690713,0.0262085348
"Continuous asphalt network",3300,190.622116,2.34886074,-152.472824,1.47688007,0.0213274583
"Continuous asphalt network",3301,186.632828,2.28634739,-150.412,5.9077673,0.0502589568
"Continuous asphalt network",3302,192.1955,2.3703177,-151.886978,5.9077754,0.033842355
"Continuous asphalt network",3303,194.529,2.32683349,-152.269714,5.9077754,0.0389696956
"Continuous asphalt network",3304,203.320847,2.047064,-154.83696,5.907803,0.0225465763
"Continuous asphalt network",3305,204.569992,2.01306438,-157.292267,5.90778542,0.02298972
"Continuous asphalt network",3306,200.3628,2.13146043,-153.226578,11.8158007,0.033898443
"Continuous asphalt network",3307,207.445679,1.96537626,-156.638733,11.8155823,0.0241364371
"Continuous asphalt network",3308,206.196548,1.99937594,-154.183426,11.815505,0.0130338138
"Continuous asphalt network",3309,-24.44906,-5.105737,-315.454437,49.2036819,0.00141572882
"Continuous asphalt network",3310,64.61828,-6.481215,-257.3624,32.629425,0.0547881126
"Continuous asphalt network",3311,48.8824768,-7.500173,-247.274612,16.3145332,0.0540206432
"Continuous asphalt network",3312,59.74531,-6.823194,-253.3169,16.314539,0.05494705
"Continuous asphalt network",3313,81.4709549,-5.459025,-265.401428,16.3150063,0.0549572073
"Continuous asphalt network",3314,92.33377,-4.78128529,-271.4437,16.3149719,0.05411382
"Continuous asphalt network",3315,75.4811,-5.79990768,-263.404663,32.6294136,0.0548331924
"Continuous asphalt network",3316,45.46872,-7.66443062,-247.04451,32.6292267,0.0539873466
"Continuous asphalt network",3317,38.190815,-8.041359,-244.164429,16.3146381,0.0500508063
"Continuous asphalt network",3318,41.7757378,-7.81552649,-247.326614,8.157282,0.050688263
"Continuous asphalt network",3319,38.6412,-7.941767,-246.584351,8.157295,0.0399424359
"Continuous asphalt network",3320,58.3492,-6.81970358,-255.877823,32.6294022,0.0547079779
"Continuous asphalt network",3321,46.6487122,-7.48950434,-251.372131,8.157444,0.0535558425
"Continuous asphalt network",3322,40.7984619,-7.798937,-249.119278,2.039317,0.0471364446
"Continuous asphalt network",3323,37.94315,-7.927032,-247.8648,2.039321,0.0364565961
"Continuous asphalt network",3324,42.50534,-7.72840357,-249.234329,4.078718,0.0471608378
"Continuous asphalt network",3325,50.0624733,-7.32593966,-251.602219,16.31472,0.0536560975
"Continuous asphalt network",3326,-316.3113,-6.67115545,-41.46884,24.52522,0
"Continuous asphalt network",3327,-231.0024,-6.682264,32.1738548,61.7912025,0.000351834373
"Continuous asphalt network",3328,-3.897874,-3.744488,-47.1993675,24.6732635,0.0349227078
"Continuous asphalt network",3329,124.227715,-2.06868863,75.94873,25.6146927,0.0196126048
"Continuous asphalt network",3330,124.386986,-2.096913,80.8594,25.6145153,0.00468012132
"Continuous asphalt network",3331,119.277855,-2.0238502,66.2885056,6.403685,0.006614057
"Continuous asphalt network",3332,119.377411,-2.04917026,69.357666,1.60087788,0.04907658
"Continuous asphalt network",3333,120.525291,-2.02055383,69.01047,1.60086286,0.000476739951
"Continuous asphalt network",3334,118.763649,-2.052809,68.30361,3.20186043,0.0298736785
"Continuous asphalt network",3335,116.209068,-2.02903152,61.01814,6.403651,0.01549635
"Continuous asphalt network",3336,117.55603,-2.061506,66.80929,3.20181465,0.05049348
"Continuous asphalt network",3337,117.4764,-2.0328896,64.35395,3.20186687,0.0150956446
"Continuous asphalt network",3338,120.784081,-2.107352,76.9903,12.8072538,0.00350103877
"Continuous asphalt network",3339,120.664635,-2.08788323,73.30732,6.403627,0.03587215
"Continuous asphalt network",3340,120.565086,-2.03248334,70.23813,1.60091543,0.0202199146
"Continuous asphalt network",3341,119.417213,-2.06109977,70.58533,1.60093045,0.04797197
"Continuous asphalt network",3342,121.178841,-2.04101968,71.29221,3.201885,0.013719256
"Continuous asphalt network",3343,111.952606,-2.04511333,54.86729,12.8072987,0.021532584
"Continuous asphalt network",3344,108.844025,-2.053378,48.36928,6.403707,0.0182165634
"Continuous asphalt network",3345,110.151161,-2.05551553,52.93274,6.403711,0.0183388162
"Continuous asphalt network",3346,103.934,-2.0985105,39.9367256,12.8071518,0.00644829357
"Continuous asphalt network",3347,106.755608,-2.09426332,46.521534,6.403661,0.006446526
"Continuous asphalt network",3348,109.290245,-2.079958,53.1931458,3.20180321,0.0471531078
"Continuous asphalt network",3349,107.983116,-2.07782054,48.62969,3.2018013,0.04721191
"Continuous asphalt network",3350,114.27993,-2.09525847,64.08102,12.807497,0.0139233274
"Continuous asphalt network",3351,113.546715,-2.064739,59.3439522,12.8071737,0.0216115583
"Continuous asphalt network",3352,118.982635,-2.107352,75.05575,12.8072243,0.00317670079
"Continuous asphalt network",3353,116.368347,-2.07912755,65.9288,12.8072586,0.006772098
"Continuous asphalt network",3354,-4.46020937,-5.04779,-319.0165,67.30079,0.00417669769
"Continuous asphalt network",3355,73.8592148,-5.79649734,-266.507538,32.70945,0.0546657555
"Continuous asphalt network",3356,87.07235,-4.9451766,-274.8584,8.177332,0.05444354
"Continuous asphalt network",3357,94.97361,-4.470018,-279.920868,4.088594,0.04341068
"Continuous asphalt network",3358,89.52885,-4.77501535,-276.8923,4.088564,0.05449824
"Continuous asphalt network",3359,78.77226,-5.454615,-270.575348,16.354681,0.0545970351
"Continuous asphalt network",3360,56.9931755,-6.814846,-258.46106,16.35472,0.0545039326
"Continuous asphalt network",3361,45.9706879,-7.48546362,-252.663773,4.08872843,0.0532211065
"Continuous asphalt network",3362,39.0982628,-7.85256147,-249.00795,2.04441547,0.0718158558
"Continuous asphalt network",3363,41.9535751,-7.72446632,-250.262436,2.04436064,0.0467671677
"Continuous asphalt network",3364,48.9589424,-7.321035,-253.658432,8.177367,0.0532731153
"Continuous asphalt network",3365,62.969677,-6.47708,-260.4504,32.7093964,0.054572355
"Continuous asphalt network",3366,94.60941,-4.52828,-277.215149,8.177322,0.04998803
"Continuous asphalt network",3367,96.66714,-4.39261627,-280.028473,8.177361,0.04885814
"Continuous asphalt network",3368,90.45939,-4.775843,-275.073639,16.35474,0.0545236431
"Continuous asphalt network",3369,100.320038,-4.226729,-279.7241,16.3547554,0.04555484
"Continuous asphalt network",3370,98.26232,-4.36239243,-276.910767,16.354599,0.0523943529
"Continuous asphalt network",3371,80.10157,-5.45781326,-267.977264,32.709568,0.05473963
"Continuous asphalt network",3372,91.52283,-4.78068256,-272.995148,32.70958,0.0541218445
"Continuous asphalt network",3373,-301.875824,-6.67324066,-51.0679474,24.557951,0.0003527657
"Continuous asphalt network",3374,13.5763817,-3.13868451,-57.3580132,1.8438952,0.0268298611
"Continuous asphalt network",3375,179.930786,-2.01098633,68.62701,39.4145355,0.00119952776
"Continuous asphalt network",3376,199.010986,-1.97611868,62.00346,0.6158472,0.040585734
"Continuous asphalt network",3377,198.173813,-1.98693275,62.48057,0.615887463,0.08837265
"Continuous asphalt network",3378,196.91803,-1.9804033,63.19626,1.23170114,0.05798234
"Continuous asphalt network",3379,201.270218,-1.89798892,61.36983,2.463326,0.03532475
"Continuous asphalt network",3380,194.994263,-2.00092125,63.31178,2.46350622,0.0114109861
"Continuous asphalt network",3381,197.170364,-2.00916386,62.39858,0.6157835,0.0246313177
"Continuous asphalt network",3382,198.4677,-1.99902439,61.8226624,0.3079236,0.041701097
"Continuous asphalt network",3383,197.547379,-2.01684117,62.0202332,0.3079152,0.0172014646
"Continuous asphalt network",3384,195.748337,-2.00925231,62.5551147,1.2315942,0.0242944211
"Continuous asphalt network",3385,208.300232,-1.6720854,58.6712036,4.927057,0.0287436787
"Continuous asphalt network",3386,201.0624,-1.90498388,60.67091,1.23170674,0.03606747
"Continuous asphalt network",3387,197.0041,-2.01931739,61.839447,0.154031575,0.00927463
"Continuous asphalt network",3388,197.882828,-2.00337052,61.5020943,0.153948039,0.22865054
"Continuous asphalt network",3389,195.644409,-2.01692963,62.2056465,0.308077246,0.009590485
"Continuous asphalt network",3390,198.36377,-2.00337052,61.473217,0.153966516,0.0354211926
"Continuous asphalt network",3391,197.485031,-2.01931739,61.8105659,0.153954983,0.00143765821
"Continuous asphalt network",3392,198.844727,-1.98487914,61.4443359,0.30793038,0.0404941253
"Continuous asphalt network",3393,202.9446,-1.84099925,60.4156075,2.46351242,0.0329951234
"Continuous asphalt network",3394,186.79454,-2.00859857,65.36924,19.7079067,0.0113490745
"Continuous asphalt network",3395,158.009476,-2.02520728,73.92722,19.7077942,0.00161772256
"Continuous asphalt network",3396,143.616928,-2.04338455,78.2061844,19.7078342,0.00266402471
"Continuous asphalt network",3397,165.538254,-2.023064,72.906,39.414547,0.000409200235
"Continuous asphalt network",3398,196.66272,-1.95340121,65.63035,9.853512,0.0149388667
"Continuous asphalt network",3399,201.8521,-1.86994135,63.3268242,4.92679262,0.0317328833
"Continuous asphalt network",3400,198.170853,-1.9443655,64.1170044,4.92679262,0.0178420022
"Continuous asphalt network",3401,208.5496,-1.66855109,59.50992,9.85357,0.02923074
"Continuous asphalt network",3402,201.436462,-1.88759,61.9289742,2.46350217,0.03829655
"Continuous asphalt network",3403,197.00116,-1.97495019,63.47582,1.23165154,0.0202522129
"Continuous asphalt network",3404,198.841782,-1.95506537,63.08073,1.23174477,0.0255341623
"Continuous asphalt network",3405,203.360229,-1.82706606,61.8134651,4.9267745,0.0290877353
"Continuous asphalt network",3406,187.625809,-1.99113178,68.16492,39.413784,0.009495866
"Continuous asphalt network",3407,212.72963,-1.55887,60.3971443,39.4148026,0.0280138422
"Continuous asphalt network",3408,204.025253,-1.81142557,64.05001,9.853683,0.02537264
"Continuous asphalt network",3409,198.835861,-1.91876471,66.35354,4.92690372,0.0156196486
"Continuous asphalt network",3410,202.517136,-1.8512131,65.56338,4.92689371,0.024703769
"Continuous asphalt network",3411,209.713425,-1.65886915,63.4238777,19.7073822,0.0273554176
"Continuous asphalt network",3412,36.9819641,-4.751161,-313.686676,37.1333427,0.0077717877
"Continuous asphalt network",3413,15.6875105,-4.915619,-313.506256,18.56702,0.007629855
"Continuous asphalt network",3414,29.8181858,-4.80683756,-312.850922,18.5670319,0.00776614435
"Continuous asphalt network",3415,58.0795326,-4.581034,-311.5403,18.5666847,0.008210857
"Continuous asphalt network",3416,72.2102,-4.4643445,-310.885,18.5666847,0.008300359
"Continuous asphalt network",3417,51.1126366,-4.63826,-313.031342,37.1333847,0.008209132
"Continuous asphalt network",3418,8.819051,-4.968309,-316.160645,74.26585,0.007635237
"Continuous asphalt network",3419,30.0642948,-4.80540657,-315.759369,37.1326828,0.00780113367
"Continuous asphalt network",3420,16.0320587,-4.913773,-317.578033,37.1328354,0.007556658
"Continuous asphalt network",3421,103.445679,-4.105764,-282.157471,24.5246468,0.0297849365
"Continuous asphalt network",3422,-293.362762,-6.67404,-59.52791,73.98718,3.45430126E-05
"Continuous asphalt network",3423,-0.409093231,-3.56694984,-51.4644165,29.5165977,0.0337003842
"Continuous asphalt network",3424,236.734085,-0.8690484,54.77892,15.8837242,0.0278379489
"Continuous asphalt network",3425,244.2168,-0.65318197,49.51015,7.9418807,0.0227760281
"Continuous asphalt network",3426,238.903809,-0.7951781,52.3077278,7.94188166,0.0281402934
"Continuous asphalt network",3427,228.5212,-1.11665726,58.4390678,31.7674484,0.027951913
"Continuous asphalt network",3428,247.8468,-0.529473543,50.2561646,31.7672787,0.03669561
"Continuous asphalt network",3429,240.120712,-0.774874032,54.9887276,15.8834591,0.0296264235
"Continuous asphalt network",3430,245.920456,-0.577295244,53.26355,15.8834143,0.0362092219
"Continuous asphalt network",3431,90.23118,-4.32073641,-309.727356,13.3103771,0.009955975
"Continuous asphalt network",3432,111.248695,-3.55612874,-265.760254,35.47977,0.04066097
"Continuous asphalt network",3433,117.970604,-3.02277184,-254.034225,35.479805,0.0382637419
"Continuous asphalt network",3434,107.835785,-3.87367415,-273.4733,17.7398624,0.0419793427
"Continuous asphalt network",3435,107.731834,-3.94887042,-277.173462,17.7398243,0.04002916
"Continuous asphalt network",3436,113.350731,-3.53489041,-266.7851,17.7398376,0.03892984
"Continuous asphalt network",3437,111.566307,-3.76139522,-273.416748,4.434951,0.0361298434
"Continuous asphalt network",3438,110.411339,-3.84758973,-276.604462,4.434927,0.0267558526
"Continuous asphalt network",3439,111.092773,-3.72016835,-271.310455,8.869913,0.03537225
"Continuous asphalt network",3440,128.053421,-2.2471962,-236.4452,35.47929,0.03807844
"Continuous asphalt network",3441,137.610733,-1.489122,-218.599991,17.7395916,0.03633329
"Continuous asphalt network",3442,131.93988,-1.988053,-230.838425,17.7395916,0.03805777
"Continuous asphalt network",3443,120.598122,-3.014536,-255.3153,17.7397041,0.0384307541
"Continuous asphalt network",3444,115.189995,-3.51979661,-267.681854,4.434804,0.0376390554
"Continuous asphalt network",3445,111.777077,-3.783879,-275.394928,2.217374,0.075949654
"Continuous asphalt network",3446,112.932045,-3.69768429,-272.2072,2.21741247,0.0329180323
"Continuous asphalt network",3447,116.082214,-3.3982296,-264.366058,8.869819,0.03719123
"Continuous asphalt network",3448,122.382561,-2.76034713,-248.683655,35.47941,0.038436316
"Continuous asphalt network",3449,-241.795654,-6.678285,16.3015289,81.89461,0.000416032824
"Continuous asphalt network",3450,-254.146423,-6.6762414,-3.77284741,40.9471054,0.000135480674
"Continuous asphalt network",3451,-247.477066,-6.67726755,10.0142059,40.9471855,1.27012868E-06
"Continuous asphalt network",3452,-267.670532,-6.674207,-23.5440826,40.94775,0
"Continuous asphalt network",3453,-280.6079,-6.674207,-43.4669075,20.4736824,0
"Continuous asphalt network",3454,-272.765259,-6.674207,-29.9829559,20.4737225,0
"Continuous asphalt network",3455,-260.41452,-6.6752243,-9.908589,40.94775,0.000135480732
"Continuous asphalt network",3456,-249.2371,-6.67726755,10.4688721,20.4735928,1.27012868E-06
"Continuous asphalt network",3457,-255.906448,-6.6762414,-3.31818128,20.4735527,0.000135480674
"Continuous asphalt network",3458,-40.466404,-4.733254,-28.9368038,21.3023739,0.0225407556
"Continuous asphalt network",3459,-33.1040878,-4.54982376,-32.3504829,21.3023434,0.0238075424
"Continuous asphalt network",3460,-21.5244884,-4.263388,-37.0766144,10.6513863,0.0223388951
"Continuous asphalt network",3461,-14.1621637,-4.077349,-40.4903,10.6514139,0.023722589
"Continuous asphalt network",3462,-26.2778873,-4.36895275,-36.15858,21.3023777,0.02265246
"Continuous asphalt network",3463,-42.07477,-4.75282955,-30.1200161,42.605,0.0228835978
"Continuous asphalt network",3464,-50.50934,-4.94263649,-27.495142,42.60477,0.0206684452
"Continuous asphalt network",3465,258.931427,-0.2931715,46.0412636,15.7176781,0.02414366
"Continuous asphalt network",3466,106.611145,-4.008201,-281.103851,24.6067429,0.0320607126
"Continuous asphalt network",3467,152.059326,-0.673573732,-201.418716,24.363884,0.035048373
"Continuous asphalt network",3468,-237.323349,-6.679302,24.5743961,17.669529,0.0004318785
"Continuous asphalt network",3469,98.1139,-0.548918,-101.46122,13.9363747,0.00715939561
"Continuous asphalt network",3470,94.0213242,-0.608996332,-97.89166,13.9363384,0.0177345425
"Continuous asphalt network",3471,101.2897,-0.5294313,-101.204247,27.8726864,0.009915397
"Continuous asphalt network",3472,261.8511,-0.259895265,47.7518044,23.30235,0.000851058343
"Continuous asphalt network",3473,149.2234,-0.76098305,-201.772217,5.39208937,0.0388900042
"Continuous asphalt network",3474,-239.701736,-6.678285,26.6729527,15.6729889,0.0004347416
"Continuous asphalt network",3475,264.8666,-0.215681016,44.6452446,25.0032063,0.0196639914
"Continuous asphalt network",3476,152.922653,-0.428649515,-194.82515,52.74774,0.04801209
"Continuous asphalt network",3477,158.646378,0.239280447,-181.4399,26.3737965,0.0466184951
"Continuous asphalt network",3478,156.554825,-0.164645135,-190.426956,26.3737679,0.0438377745
"Continuous asphalt network",3479,165.6633,0.9462201,-168.102356,26.3740025,0.0474168658
"Continuous asphalt network",3480,170.864136,1.52541065,-156.963867,6.593507,0.0456713438
"Continuous asphalt network",3481,174.0493,1.84212017,-150.283157,3.29692483,0.0380360819
"Continuous asphalt network",3482,172.356934,1.64698946,-154.752853,3.29693341,0.04568596
"Continuous asphalt network",3483,168.64888,1.19828641,-163.680313,13.1870012,0.0478412844
"Continuous asphalt network",3484,162.92514,0.5113647,-177.065552,26.3739758,0.04681725
"Continuous asphalt network",3485,158.494614,-0.127166688,-190.498459,13.1866541,0.043694254
"Continuous asphalt network",3486,160.586166,0.276758879,-181.511414,13.1866693,0.0464905277
"Continuous asphalt network",3487,-225.02504,-6.684298,31.2573185,27.10383,0.000413272675
"Continuous asphalt network",3488,265.509766,0.43150878,16.247797,16.8486557,0.0287272576
"Continuous asphalt network",3489,266.774567,0.09048849,28.8744,4.21173048,0.0266672149
"Continuous asphalt network",3490,267.5518,-0.035070356,35.1536064,4.21168137,0.0173090771
"Continuous asphalt network",3491,266.965332,0.174545348,25.5984039,8.424305,0.0252244323
"Continuous asphalt network",3492,265.891327,0.617862463,9.695816,33.69803,0.0284111332
"Continuous asphalt network",3493,265.8772,1.21576655,-9.687358,16.8493,0.0322366953
"Continuous asphalt network",3494,265.77124,1.60768414,-22.5867367,4.21225929,0.029086113
"Continuous asphalt network",3495,265.5734,1.7612232,-29.0023346,4.21225929,0.0206154976
"Continuous asphalt network",3496,265.290741,1.51329768,-19.2425385,8.424618,0.0289516579
"Continuous asphalt network",3497,264.91626,1.002792,-2.99898267,33.6979752,0.0320656635
"Continuous asphalt network",3498,264.746674,0.07125225,29.3517761,8.424534,0.0282438919
"Continuous asphalt network",3499,266.682739,-0.0453096367,35.35819,8.424567,0.01761176
"Continuous asphalt network",3500,264.937469,0.158216849,26.0757847,16.849123,0.0257604178
"Continuous asphalt network",3501,263.771576,0.418487936,16.6569672,33.69801,0.02884169
"Continuous asphalt network",3502,264.9445,-0.07143269,35.7673454,16.8491516,0.0210741088
"Continuous asphalt network",3503,263.008423,0.0451292,29.760931,16.8490849,0.03067093
"Continuous asphalt network",3504,264.6583,-0.170130327,40.6813469,16.8489475,0.0211632438
"Continuous asphalt network",3505,262.626831,-0.132245,36.3129158,8.424591,0.0320488252
"Continuous asphalt network",3506,262.436066,-0.195474878,39.588913,8.42459,0.0243599862
"Continuous asphalt network",3507,169.6604,0.9881112,-169.274841,24.8821831,0.048485402
"Continuous asphalt network",3508,177.309158,1.67799532,-157.242,12.4412336,0.04782345
"Continuous asphalt network",3509,172.895752,1.21981084,-165.63089,12.4412575,0.0492167324
"Continuous asphalt network",3510,164.068924,0.3136241,-182.408646,12.4412842,0.04684
"Continuous asphalt network",3511,159.655533,-0.115260385,-190.797546,12.4412832,0.0436533168
"Continuous asphalt network",3512,165.247,0.5363236,-177.663712,24.88221,0.0468399525
"Continuous asphalt network",3513,175.76619,1.672698,-156.416275,24.8822346,0.04788437
"Continuous asphalt network",3514,170.324127,1.21521854,-164.254654,24.8821831,0.0481798425
"Continuous asphalt network",3515,178.304749,1.97997379,-149.711731,24.8824024,0.0459843539
"Continuous asphalt network",3516,173.708878,1.661451,-155.315262,12.4411287,0.0467232242
"Continuous asphalt network",3517,175.40126,1.85658169,-150.845581,12.4410419,0.0382817946
"Continuous asphalt network",3518,-207.407578,-6.69048357,31.870575,68.34641,0.0003229752
"Continuous asphalt network",3519,265.291351,2.09341836,-44.6999168,15.7643423,0.018586522
"Continuous asphalt network",3520,261.724152,2.1484015,-48.27998,3.94106364,0.0103153447
"Continuous asphalt network",3521,259.450348,2.14264584,-50.4392662,1.97057736,0.01832792
"Continuous asphalt network",3522,260.076019,2.15243173,-49.07477,1.97057486,0.009242595
"Continuous asphalt network",3523,261.995026,2.11649871,-46.28951,7.88214254,0.0191279687
"Continuous asphalt network",3524,265.83313,2.009003,-40.7189941,31.52845,0.02329573
"Continuous asphalt network",3525,179.176453,2.13396621,-144.941818,5.898972,0.0455085747
"Continuous asphalt network",3526,181.2625,2.208354,-143.190842,0.7373647,0.028159773
"Continuous asphalt network",3527,179.9671,2.2054224,-143.453384,0.368655533,0.09208897
"Continuous asphalt network",3528,180.487808,2.21960855,-143.094864,0.3686822,0.0422633328
"Continuous asphalt network",3529,181.786423,2.19663024,-142.515457,1.474687,0.03266267
"Continuous asphalt network",3530,181.252914,2.192919,-144.1415,2.949545,0.00629277946
"Continuous asphalt network",3531,180.192337,2.11692786,-146.759842,11.7979479,0.030903209
"Continuous asphalt network",3532,-200.570557,-6.692518,35.8628845,16.61251,0
"Continuous asphalt network",3533,249.321915,1.87084162,-75.10097,2.24402118,0.009653088
"Continuous asphalt network",3534,251.337112,1.94142628,-73.2147,1.122013,0.0531510673
"Continuous asphalt network",3535,250.345566,1.88335454,-74.6377258,1.122034,0.0325151421
"Continuous asphalt network",3536,248.362442,1.83759916,-77.48381,1.12209713,0.0366070233
"Continuous asphalt network",3537,247.3709,1.79783285,-78.90685,1.12207544,0.04956111
"Continuous asphalt network",3538,248.330368,1.84692919,-76.5239944,2.24401474,0.023163747
"Continuous asphalt network",3539,250.513245,1.90692365,-71.8824844,0.561006,0.0355173
"Continuous asphalt network",3540,250.281387,1.89801562,-72.71814,0.561006367,0.05091017
"Continuous asphalt network",3541,250.101318,1.92539823,-71.2163849,1.12202942,0.05174725
"Continuous asphalt network",3542,251.49498,1.96358526,-72.1080551,0.28049913,0.0175207332
"Continuous asphalt network",3543,251.34697,1.94712865,-71.5660858,0.280505836,0.0748313
"Continuous asphalt network",3544,251.9488,1.98826826,-72.08536,0.56102,0.07436401
"Continuous asphalt network",3545,250.80925,1.92058218,-72.9664154,0.561014354,0.056560386
"Continuous asphalt network",3546,250.9671,1.930143,-71.85977,0.280516565,0.103242904
"Continuous asphalt network",3547,251.115112,1.9465996,-72.40174,0.28050983,0.0573057
"Continuous asphalt network",3548,249.025925,1.87665594,-74.01704,2.24400377,0.004169803
"Continuous asphalt network",3549,249.3416,1.9149332,-71.8037643,1.12198544,0.0524573736
"Continuous asphalt network",3550,249.637619,1.88336027,-72.8876953,1.1219902,0.009218133
"Continuous asphalt network",3551,245.123825,1.69152868,-81.6287842,4.48807526,0.0429391451
"Continuous asphalt network",3552,243.040817,1.651761,-85.37259,0.2805199,0.0177935585
"Continuous asphalt network",3553,242.545059,1.65687656,-86.08411,0.280522555,0.0317152329
"Continuous asphalt network",3554,243.024765,1.6464783,-84.89269,0.5609975,0.04228463
"Continuous asphalt network",3555,241.553513,1.68980062,-87.50714,0.5610374,0.07855862
"Continuous asphalt network",3556,242.281113,1.65477979,-85.95997,0.5610301,0.07187809
"Continuous asphalt network",3557,243.8683,1.6547327,-82.92769,2.24402165,0.0428355224
"Continuous asphalt network",3558,247.042786,1.794713,-76.86312,8.976139,0.0520404652
"Continuous asphalt network",3559,253.739456,1.85363352,-63.48051,0.5610085,0.0513426773
"Continuous asphalt network",3560,254.499191,1.82376766,-62.8931274,0.5609936,0.03358564
"Continuous asphalt network",3561,253.127762,1.894379,-64.6098557,1.12202585,0.0453031734
"Continuous asphalt network",3562,254.4671,1.80041468,-61.9333344,1.1220181,0.0201751888
"Continuous asphalt network",3563,253.7074,1.83028066,-62.5207176,1.1220237,0.04868934
"Continuous asphalt network",3564,251.52449,1.93137455,-67.16224,0.561004937,0.03087774
"Continuous asphalt network",3565,251.756348,1.95123,-66.3265839,0.56100297,0.07352252
"Continuous asphalt network",3566,250.285034,1.93793523,-68.94103,0.5610353,0.06747972
"Continuous asphalt network",3567,250.9467,1.913509,-67.36282,0.140233219,0.0430057645
"Continuous asphalt network",3568,251.3105,1.94231951,-66.58924,0.140232682,0.0744889751
"Continuous asphalt network",3569,250.896729,1.9197861,-67.81168,0.280516028,0.06147878
"Continuous asphalt network",3570,252.467941,1.92753887,-64.29951,0.561002135,0.0496857278
"Continuous asphalt network",3571,253.195572,1.85889471,-62.7523346,0.560994864,0.0583283156
"Continuous asphalt network",3572,252.368042,1.93967021,-65.1972351,1.1220206,0.0664092451
"Continuous asphalt network",3573,256.0062,1.81467211,-57.46135,1.12205279,0.02729108
"Continuous asphalt network",3574,254.650818,1.78333,-59.6579781,0.560991,0.0183585677
"Continuous asphalt network",3575,255.378464,1.80093729,-58.1107941,0.560993969,0.0296390038
"Continuous asphalt network",3576,256.965668,1.92358935,-55.07852,2.24410582,0.0577286445
"Continuous asphalt network",3577,255.310669,1.80104029,-59.9683342,4.48804665,0.00897503
"Continuous asphalt network",3578,252.696121,1.93460238,-67.24096,2.2440486,0.0207614172
"Continuous asphalt network",3579,250.680954,1.95504725,-69.12725,1.12202513,0.0357606821
"Continuous asphalt network",3580,251.672485,1.9427067,-67.70421,1.12203121,0.02801776
"Continuous asphalt network",3581,253.919556,1.88184452,-64.98226,4.488114,0.0306340288
"Continuous asphalt network",3582,251.620743,1.93320429,-70.04162,1.1220361,0.0189910531
"Continuous asphalt network",3583,251.916748,1.95914876,-71.12556,1.12203133,0.07357474
"Continuous asphalt network",3584,250.713013,1.94735622,-70.0870361,2.24402332,0.04063863
"Continuous asphalt network",3585,252.802246,1.9235245,-68.47174,0.280520439,0.0362814479
"Continuous asphalt network",3586,252.950256,1.928738,-69.01371,0.280503631,0.04821016
"Continuous asphalt network",3587,252.348373,1.93793011,-68.4944458,0.561006844,0.0420823358
"Continuous asphalt network",3588,253.48793,1.9171139,-67.61338,0.5610308,0.0358574875
"Continuous asphalt network",3589,253.330124,1.92418325,-68.7200241,0.280492932,0.0482105352
"Continuous asphalt network",3590,253.182083,1.91896975,-68.1780548,0.2805097,0.03628256
"Continuous asphalt network",3591,252.676468,1.97388113,-70.5381851,1.12200654,0.07063239
"Continuous asphalt network",3592,252.116531,1.93692434,-69.3301,0.561021447,0.0454337746
"Continuous asphalt network",3593,252.644409,1.93580854,-69.5783844,0.5610076,0.03805699
"Continuous asphalt network",3594,247.235275,1.7895931,-82.6218948,8.97605,0.0517511331
"Continuous asphalt network",3595,244.344437,1.68832552,-85.51339,1.12206507,0.0274568312
"Continuous asphalt network",3596,243.468811,1.68344975,-86.51861,0.561038435,0.05866074
"Continuous asphalt network",3597,243.700638,1.66752088,-85.68293,0.5610179,0.0438763127
"Continuous asphalt network",3598,241.9494,1.7110281,-87.69336,1.12200487,0.045800034
"Continuous asphalt network",3599,242.809,1.65976679,-86.2082443,0.28048715,0.0317152366
"Continuous asphalt network",3600,243.304749,1.65465128,-85.49673,0.2804845,0.0177943781
"Continuous asphalt network",3601,242.825027,1.68273509,-86.68815,0.561007142,0.0575572
"Continuous asphalt network",3602,245.187988,1.70696926,-83.54837,4.48817253,0.02787882
"Continuous asphalt network",3603,249.91394,1.88184643,-77.2688446,2.244028,0.0420177169
"Continuous asphalt network",3604,247.898758,1.81232417,-79.15514,1.12197483,0.0396459177
"Continuous asphalt network",3605,248.8903,1.85209048,-77.7321,1.12199652,0.0138765369
"Continuous asphalt network",3606,250.873428,1.90380442,-74.88601,1.12204039,0.04227554
"Continuous asphalt network",3607,251.86499,1.96187627,-73.4629745,1.12201941,0.0586467
"Continuous asphalt network",3608,250.9055,1.91171741,-75.8458,2.24401522,0.04256305
"Continuous asphalt network",3609,249.218384,1.86251354,-79.77582,8.976121,0.0512037463
"Continuous asphalt network",3610,244.324768,1.83109128,-88.810585,17.9522686,0.0518245548
"Continuous asphalt network",3611,247.827286,1.85587788,-84.7897644,8.976085,0.06506065
"Continuous asphalt network",3612,246.8999,1.89915121,-88.1323853,8.976061,0.06544908
"Continuous asphalt network",3613,173.140854,2.00002766,-139.779861,12.9821692,0.0568491481
"Continuous asphalt network",3614,174.743759,2.03861022,-143.587112,6.49102736,0.04935115
"Continuous asphalt network",3615,172.664673,1.97660291,-142.248459,6.49103,0.0553092733
"Continuous asphalt network",3616,-196.897751,-6.692518,35.6703835,36.22897,0
"Continuous asphalt network",3617,225.950256,1.73336756,-125.637947,1.9561,0.0552899353
"Continuous asphalt network",3618,227.636475,1.82079792,-123.938026,0.977992058,0.01187119
"Continuous asphalt network",3619,226.868454,1.77839887,-125.227844,0.9779943,0.04632017
"Continuous asphalt network",3620,224.94841,1.55361784,-128.4524,1.95603454,0.07591981
"Continuous asphalt network",3621,225.182236,1.63666761,-126.927773,1.95611835,0.0754966438
"Continuous asphalt network",3622,226.9521,1.82201993,-122.823509,3.912117,0.00906231347
"Continuous asphalt network",3623,225.532974,1.75370181,-124.640831,1.95602465,0.0548122227
"Continuous asphalt network",3624,225.7668,1.799955,-123.116188,1.95599246,0.0368948728
"Continuous asphalt network",3625,222.644333,1.26433527,-132.321854,1.9560523,0.0839911
"Continuous asphalt network",3626,222.878128,1.34413564,-130.797226,1.9560281,0.0795064345
"Continuous asphalt network",3627,221.0498,1.1384306,-135.282654,0.4890182,0.128242016
"Continuous asphalt network",3628,221.166748,1.11403239,-134.52034,0.48900792,0.0406708531
"Continuous asphalt network",3629,220.281784,1.138704,-136.5725,0.2444795,0.136495784
"Continuous asphalt network",3630,219.897781,1.1279732,-137.217392,0.2444983,0.04174845
"Continuous asphalt network",3631,220.64917,1.10763776,-135.106552,0.24449122,0.03809091
"Continuous asphalt network",3632,220.532227,1.13203585,-135.868866,0.244489655,0.136199981
"Continuous asphalt network",3633,221.592575,1.179506,-132.673233,0.489009917,0.07004482
"Continuous asphalt network",3634,222.0935,1.27073252,-131.266,0.488988876,0.09309273
"Continuous asphalt network",3635,221.6092,1.15612948,-133.494278,0.978026152,0.064649
"Continuous asphalt network",3636,224.113815,1.6014725,-126.458153,0.9780292,0.090623796
"Continuous asphalt network",3637,223.095337,1.43425143,-128.451584,0.489024729,0.07196928
"Continuous asphalt network",3638,223.596252,1.52584493,-127.04435,0.489018619,0.112936638
"Continuous asphalt network",3639,224.848587,1.745588,-123.5263,0.9781251,0.09462691
"Continuous asphalt network",3640,224.614746,1.69933474,-125.050926,0.9780365,0.0574657768
"Continuous asphalt network",3641,223.495987,1.45911062,-128.6277,0.9780363,0.066416204
"Continuous asphalt network",3642,224.263992,1.55913961,-127.337868,0.978042364,0.0990217552
"Continuous asphalt network",3643,223.646179,1.4427017,-129.5074,1.95600367,0.05883607
"Continuous asphalt network",3644,218.420181,1.17499387,-139.415863,0.978043139,0.0216916576
"Continuous asphalt network",3645,217.652145,1.24106312,-140.705673,0.9780133,0.06762968
"Continuous asphalt network",3646,218.27,1.157267,-138.536148,1.95606565,0.0223824643
"Continuous asphalt network",3647,216.500122,1.37421572,-142.640427,0.9779643,0.0723560154
"Continuous asphalt network",3648,215.481644,1.4555279,-144.633865,0.488971829,0.09502458
"Continuous asphalt network",3649,215.98259,1.40340519,-143.226639,0.48896,0.105492093
"Continuous asphalt network",3650,216.984421,1.22918475,-140.412186,0.489026636,0.05426943
"Continuous asphalt network",3651,217.485336,1.172047,-139.004929,0.48901844,0.02232637
"Continuous asphalt network",3652,217.001053,1.28047407,-141.2332,0.977965,0.0689466447
"Continuous asphalt network",3653,213.812027,1.55911863,-147.15477,1.95601761,0.0706103
"Continuous asphalt network",3654,212.025513,1.79811573,-150.438034,0.489002943,0.05683914
"Continuous asphalt network",3655,210.940262,1.90136433,-152.4021,0.24451454,0.0303900652
"Continuous asphalt network",3656,211.574722,1.83731878,-151.053589,0.244504884,0.0557195619
"Continuous asphalt network",3657,212.910446,1.65518415,-148.38588,0.978022754,0.07016293
"Continuous asphalt network",3658,215.581924,1.35153294,-143.0505,3.91202259,0.0397413447
"Continuous asphalt network",3659,221.751328,1.27856791,-130.708771,0.489008665,0.08491717
"Continuous asphalt network",3660,221.897461,1.35450709,-129.755875,0.122241721,0.0732850954
"Continuous asphalt network",3661,222.164551,1.35323238,-129.873291,0.1222471,0.0764070451
"Continuous asphalt network",3662,221.676224,1.3343401,-130.268921,0.122249782,0.2306332
"Continuous asphalt network",3663,221.7347,1.37036288,-129.887756,0.122265071,0.1535576
"Continuous asphalt network",3664,220.7913,1.14828455,-132.32106,0.48902306,0.05926364
"Continuous asphalt network",3665,221.225449,1.24781,-130.884476,0.12225727,0.184916437
"Continuous asphalt network",3666,221.44252,1.37092113,-130.166183,0.0305657145,0.238330737
"Continuous asphalt network",3667,221.567749,1.39623415,-129.814377,0.0305702072,0.167855129
"Continuous asphalt network",3668,221.4467,1.32413256,-130.371445,0.06112405,0.2337585
"Continuous asphalt network",3669,221.233765,1.20870245,-131.294983,0.244511724,0.09985032
"Continuous asphalt network",3670,219.639236,1.082193,-134.255753,0.4890187,0.0552954562
"Continuous asphalt network",3671,218.871216,1.09797382,-135.545578,0.489062369,0.0650510341
"Continuous asphalt network",3672,220.457413,1.13018191,-132.174271,0.24450469,0.0603938
"Continuous asphalt network",3673,221.058517,1.2630192,-130.811081,0.061128635,0.267626971
"Continuous asphalt network",3674,221.359055,1.38624668,-130.129486,0.0152830416,0.193970725
"Continuous asphalt network",3675,221.517654,1.40369952,-129.792343,0.0152845243,0.122115612
"Continuous asphalt network",3676,221.313126,1.348286,-130.312729,0.03056169,0.279616147
"Continuous asphalt network",3677,220.966675,1.20933187,-131.177567,0.12225727,0.134509131
"Continuous asphalt network",3678,220.273727,1.10824239,-132.907242,0.48900342,0.06681401
"Continuous asphalt network",3679,223.446121,1.57107317,-126.16465,0.488925278,0.102601767
"Continuous asphalt network",3680,222.552872,1.39203548,-127.8063,0.12225797,0.0878589451
"Continuous asphalt network",3681,222.106247,1.33821142,-128.62709,0.0305604972,0.0953182653
"Continuous asphalt network",3682,221.91423,1.35024679,-128.949524,0.03055333,0.372876048
"Continuous asphalt network",3683,222.327469,1.36238575,-128.114075,0.0611278228,0.115420684
"Continuous asphalt network",3684,222.995361,1.49040067,-126.78022,0.244510949,0.118604757
"Continuous asphalt network",3685,224.5815,1.73413241,-123.408905,0.489004225,0.1008113
"Continuous asphalt network",3686,224.080566,1.67944372,-124.816132,0.4889276,0.0528211147
"Continuous asphalt network",3687,222.33992,1.35877454,-128.729813,0.12222828,0.09787477
"Continuous asphalt network",3688,221.9184,1.3544035,-129.15477,0.0611382127,0.09404881
"Continuous asphalt network",3689,222.1104,1.34236813,-128.832336,0.06113057,0.0442372039
"Continuous asphalt network",3690,222.561172,1.38426745,-128.216782,0.244468838,0.111885905
"Continuous asphalt network",3691,222.223022,1.35698354,-129.492126,0.122262985,0.0658501461
"Continuous asphalt network",3692,221.955933,1.35825825,-129.37471,0.122257605,0.07678003
"Continuous asphalt network",3693,222.415024,1.36953509,-129.169662,0.244480327,0.08532086
"Continuous asphalt network",3694,223.329178,1.50787008,-126.926949,0.4889209,0.112947986
"Continuous asphalt network",3695,222.828262,1.41627657,-128.334183,0.488927,0.07198732
"Continuous asphalt network",3696,218.887863,1.10478938,-136.3666,0.977995753,0.02205215
"Continuous asphalt network",3697,219.655884,1.08900869,-135.076782,0.9780026,0.001974859
"Continuous asphalt network",3698,219.03804,1.1231451,-137.246323,1.95606029,0.0246164631
"Continuous asphalt network",3699,220.807922,1.12692356,-133.142075,0.97804296,0.0434659347
"Continuous asphalt network",3700,221.826416,1.2568922,-131.1486,0.48897633,0.0915220156
"Continuous asphalt network",3701,221.325485,1.16566563,-132.555832,0.48899737,0.0680313259
"Continuous asphalt network",3702,220.073166,1.11130369,-136.073914,0.9780342,0.08218238
"Continuous asphalt network",3703,220.306992,1.093697,-134.549286,0.9780254,0.0144828325
"Continuous asphalt network",3704,232.612488,2.102107,-108.223763,7.82427025,0.00724995928
"Continuous asphalt network",3705,229.365036,2.08112812,-114.52652,0.489013731,0.07250929
"Continuous asphalt network",3706,229.481934,2.10536027,-113.764214,0.488997936,0.06484615
"Continuous asphalt network",3707,228.404984,1.97373545,-116.138794,0.489045471,0.0621417537
"Continuous asphalt network",3708,228.839157,2.066727,-114.702217,0.122257963,0.06473698
"Continuous asphalt network",3709,229.0896,2.08761621,-113.998604,0.122257873,0.02350531
"Continuous asphalt network",3710,228.847473,2.04154754,-115.112732,0.244523317,0.06992183
"Continuous asphalt network",3711,226.868942,1.85969448,-118.718422,0.9780973,0.0329785049
"Continuous asphalt network",3712,228.071121,1.9709177,-115.992027,0.244485736,0.06676302
"Continuous asphalt network",3713,228.6722,2.06244063,-114.628838,0.0611349158,0.06474735
"Continuous asphalt network",3714,228.989441,2.08504581,-113.954567,0.0611351132,0.0235114582
"Continuous asphalt network",3715,228.580368,2.041461,-114.995323,0.122243293,0.0647554249
"Continuous asphalt network",3716,227.887436,1.92837179,-116.725,0.489043683,0.0687428638
"Continuous asphalt network",3717,230.809341,2.10144138,-110.686005,3.912012,0.06409847
"Continuous asphalt network",3718,236.6532,2.050444,-98.60801,1.956122,0.092209585
"Continuous asphalt network",3719,234.866684,2.00947213,-101.891258,0.4890393,0.0635614246
"Continuous asphalt network",3720,233.973434,1.97628176,-103.53289,0.122245491,0.04398678
"Continuous asphalt network",3721,233.430786,2.006458,-104.514923,0.061120443,0.154123232
"Continuous asphalt network",3722,233.748047,1.97031307,-103.840668,0.0611194372,0.110754743
"Continuous asphalt network",3723,234.4159,1.98777735,-102.506813,0.244490311,0.04681262
"Continuous asphalt network",3724,235.7516,2.02129078,-99.8391342,0.978066742,0.0611735433
"Continuous asphalt network",3725,238.42308,1.94994318,-94.50375,3.91226935,0.0982041359
"Continuous asphalt network",3726,234.440842,2.0002172,-103.738342,0.489014357,0.05175229
"Continuous asphalt network",3727,233.597717,2.016162,-104.588295,0.244495913,0.105817951
"Continuous asphalt network",3728,233.981735,1.98322523,-103.9434,0.244494751,0.0388613567
"Continuous asphalt network",3729,234.883316,2.01496863,-102.712273,0.9780287,0.0548063442
"Continuous asphalt network",3730,234.1027,2.04752636,-105.013695,0.24451828,0.09569243
"Continuous asphalt network",3731,234.392715,2.09413314,-105.446327,0.0611283556,0.08822656
"Continuous asphalt network",3732,234.497055,2.0995543,-105.695595,0.0611237,0.05202444
"Continuous asphalt network",3733,234.17778,2.0858984,-105.453552,0.122260071,0.0810881257
"Continuous asphalt network",3734,233.6728,2.05102372,-105.02816,0.489009053,0.07838705
"Continuous asphalt network",3735,234.64949,2.030029,-104.236885,0.489042729,0.09073209
"Continuous asphalt network",3736,234.666138,2.080348,-105.057922,0.122256719,0.07802262
"Continuous asphalt network",3737,234.659836,2.09712052,-105.563721,0.0611260869,0.05464542
"Continuous asphalt network",3738,234.5555,2.09169936,-105.314453,0.0611307435,0.0874073654
"Continuous asphalt network",3739,234.428268,2.04440975,-104.749939,0.244519472,0.09963904
"Continuous asphalt network",3740,236.419373,2.075242,-100.132629,1.95602787,0.06241922
"Continuous asphalt network",3741,235.551071,2.056627,-103.00576,0.4889966,0.0620078631
"Continuous asphalt network",3742,235.050125,2.05487084,-104.412987,0.489004433,0.0590977371
"Continuous asphalt network",3743,235.534424,2.0515852,-102.184753,0.978013933,0.06567639
"Continuous asphalt network",3744,228.18782,1.880709,-118.484444,1.95601928,0.0425337479
"Continuous asphalt network",3745,226.885574,1.84250927,-119.539452,1.95609045,0.0381860323
"Continuous asphalt network",3746,229.189651,2.00374126,-115.669991,1.95605814,0.07075073
"Continuous asphalt network",3747,228.955856,1.933683,-117.194618,1.95605457,0.03811034
"Continuous asphalt network",3748,227.185959,1.825127,-121.298889,3.91214013,0.006059565
"Continuous asphalt network",3749,228.546631,1.83071673,-119.862724,0.4889561,0.06850978
"Continuous asphalt network",3750,228.012451,1.82628286,-119.627907,0.4889863,0.0457811467
"Continuous asphalt network",3751,228.930618,1.87325323,-119.217827,0.978014052,0.0617569275
"Continuous asphalt network",3752,228.5799,1.83449209,-121.504761,0.97798723,0.007857861
"Continuous asphalt network",3753,227.999832,1.81096613,-120.6395,0.244527444,0.0389890857
"Continuous asphalt network",3754,227.791214,1.80882037,-120.14093,0.2445121,0.02907814
"Continuous asphalt network",3755,228.429733,1.82312238,-120.625031,0.4890039,0.0420981273
"Continuous asphalt network",3756,231.493729,2.16341949,-111.800529,1.95622444,0.108829975
"Continuous asphalt network",3757,231.259933,2.15897965,-113.325165,1.95606077,0.0500658229
"Continuous asphalt network",3758,233.0298,2.0980196,-109.220863,0.9780856,0.07867136
"Continuous asphalt network",3759,234.0483,2.10885835,-107.227455,0.489009768,0.03003205
"Continuous asphalt network",3760,233.547363,2.09863067,-108.634666,0.4890025,0.04197299
"Continuous asphalt network",3761,232.353516,2.22054,-111.771584,0.244473,0.189213276
"Continuous asphalt network",3762,232.862747,2.10743046,-110.774864,0.122252785,0.08298541
"Continuous asphalt network",3763,232.64563,2.194827,-111.493141,0.0305637978,0.356027573
"Continuous asphalt network",3764,232.537109,2.281366,-111.852295,0.00764561631,0.365708053
"Continuous asphalt network",3765,232.4745,2.298782,-112.0282,0.007645501,0.309158444
"Continuous asphalt network",3766,232.535019,2.249172,-111.749657,0.0152816549,0.366227329
"Continuous asphalt network",3767,232.6415,2.15946865,-111.28788,0.0611253977,0.150244877
"Continuous asphalt network",3768,232.111328,2.21608829,-112.885712,0.1222404,0.110664211
"Continuous asphalt network",3769,231.860886,2.15402317,-113.589325,0.122232273,0.06717152
"Continuous asphalt network",3770,232.103043,2.23200631,-112.4752,0.2444728,0.1854638
"Continuous asphalt network",3771,232.528885,2.135166,-110.628105,0.9780928,0.103024408
"Continuous asphalt network",3772,230.024216,1.94762838,-117.664238,0.977994561,0.0223566461
"Continuous asphalt network",3773,231.042725,2.0250845,-115.670807,0.4890146,0.0579799339
"Continuous asphalt network",3774,230.5418,1.965766,-117.078026,0.4890154,0.0255219284
"Continuous asphalt network",3775,229.3479,1.85190928,-120.214935,0.2445097,0.03926137
"Continuous asphalt network",3776,229.731888,1.88383389,-119.570015,0.244543925,0.115657091
"Continuous asphalt network",3777,229.038986,1.84129238,-121.299706,0.489027828,0.032087326
"Continuous asphalt network",3778,229.52327,1.89987147,-119.071465,0.977997959,0.04257952
"Continuous asphalt network",3779,230.642075,2.02450657,-115.49469,0.978032,0.0587698
"Continuous asphalt network",3780,229.874039,1.96424389,-116.784515,0.9780313,0.0230097976
"Continuous asphalt network",3781,230.491882,2.07778835,-114.614967,1.95602858,0.06807778
"Continuous asphalt network",3782,216.332825,1.5843178,-147.449112,3.91203523,0.0607954375
"Continuous asphalt network",3783,215.030624,1.63316762,-148.50412,3.912024,0.06634195
"Continuous asphalt network",3784,212.960373,1.8025974,-150.848953,1.95612752,0.05051827
"Continuous asphalt network",3785,211.274124,1.900637,-152.548874,0.978028953,0.02995318
"Continuous asphalt network",3786,212.04216,1.838851,-151.259048,0.978017449,0.0524975248
"Continuous asphalt network",3787,213.845291,1.66579664,-148.796829,3.91223073,0.0668509
"Continuous asphalt network",3788,217.894043,1.40429652,-142.846268,0.978021,0.08252585
"Continuous asphalt network",3789,217.242966,1.42942274,-143.373764,0.9780476,0.07799197
"Continuous asphalt network",3790,215.882278,1.472134,-144.809952,0.978053,0.009695977
"Continuous asphalt network",3791,216.650314,1.43076861,-143.520126,0.978055656,0.0596756153
"Continuous asphalt network",3792,218.186325,1.23942852,-140.940491,0.977981,0.066842556
"Continuous asphalt network",3793,218.954361,1.17335927,-139.650681,0.9780108,0.02178364
"Continuous asphalt network",3794,218.3365,1.31026614,-141.8202,1.95600092,0.0954078138
"Continuous asphalt network",3795,216.833786,1.505241,-146.041885,0.48900792,0.06615869
"Continuous asphalt network",3796,216.9507,1.49046552,-145.279572,0.489027023,0.0624589436
"Continuous asphalt network",3797,217.309525,1.55625248,-146.657852,0.978026152,0.06523659
"Continuous asphalt network",3798,215.869675,1.46503162,-145.821548,0.244528711,0.0403739363
"Continuous asphalt network",3799,216.078323,1.485891,-146.320084,0.244518951,0.08506551
"Continuous asphalt network",3800,215.439774,1.46853292,-145.836029,0.4889709,0.018267896
"Continuous asphalt network",3801,216.4165,1.47038686,-145.044769,0.489044458,0.0152809639
"Continuous asphalt network",3802,216.403915,1.48331487,-146.056351,0.244503289,0.0975577
"Continuous asphalt network",3803,216.195267,1.46245539,-145.557816,0.244513065,0.0239782538
"Continuous asphalt network",3804,217.660263,1.49393117,-144.3709,0.9780085,0.0423716642
"Continuous asphalt network",3805,218.3698,1.45871449,-143.462219,0.488972366,0.09021967
"Continuous asphalt network",3806,218.252884,1.50255358,-144.224548,0.489002943,0.046425
"Continuous asphalt network",3807,217.960617,1.56018984,-146.130356,0.977985263,0.06996253
"Continuous asphalt network",3808,217.543335,1.51208651,-145.133209,0.978016853,0.0322997533
"Continuous asphalt network",3809,214.2122,1.87499964,-153.840347,1.95608747,0.0185754821
"Continuous asphalt network",3810,214.446045,1.83081913,-152.3157,1.95606685,0.0411098264
"Continuous asphalt network",3811,215.1637,1.88546276,-155.072266,3.91208839,0.0176994745
"Continuous asphalt network",3812,211.9585,1.908564,-153.6634,3.91214013,0.0278190374
"Continuous asphalt network",3813,213.37764,1.83614123,-151.846085,1.95604944,0.0440101139
"Continuous asphalt network",3814,213.143814,1.88032186,-153.370712,1.95607007,0.0223128
"Continuous asphalt network",3815,215.865173,1.74882734,-150.498352,3.91208649,0.0555724949
"Continuous asphalt network",3816,217.1674,1.69997752,-149.443344,3.91209769,0.0463107079
"Continuous asphalt network",3817,216.4659,1.85555875,-154.017227,3.91204262,0.0195131768
"Continuous asphalt network",3818,215.631348,1.81460989,-152.02301,3.91204834,0.03013329
"Continuous asphalt network",3819,222.502243,1.30000913,-135.107361,0.9780185,0.1561474
"Continuous asphalt network",3820,221.955429,1.320248,-135.88414,0.244513467,0.14868404
"Continuous asphalt network",3821,221.629883,1.292646,-136.1479,0.24451679,0.1740278
"Continuous asphalt network",3822,221.909561,1.25146961,-135.253708,0.489025444,0.157474175
"Continuous asphalt network",3823,220.815979,1.21550214,-136.8073,0.489035577,0.134107888
"Continuous asphalt network",3824,220.135635,1.14495814,-137.525375,0.122254178,0.133923
"Continuous asphalt network",3825,219.8101,1.13276768,-137.789108,0.122245453,0.0191542
"Continuous asphalt network",3826,220.356857,1.15953028,-137.012344,0.244506046,0.1364776
"Continuous asphalt network",3827,221.3169,1.1858021,-135.40007,0.4890154,0.2051277
"Continuous asphalt network",3828,221.2,1.23683965,-136.162369,0.489040941,0.13060011
"Continuous asphalt network",3829,223.178513,1.30162585,-132.556656,1.95602274,0.08740395
"Continuous asphalt network",3830,222.619156,1.24829769,-134.345047,0.9780376,0.1444964
"Continuous asphalt network",3831,223.32872,1.29018366,-133.436386,0.489013523,0.120707214
"Continuous asphalt network",3832,223.2118,1.306707,-134.1987,0.489007384,0.115288384
"Continuous asphalt network",3833,221.709,1.29741192,-138.420364,1.95598519,0.08906351
"Continuous asphalt network",3834,220.582169,1.18966258,-138.331909,0.4890039,0.10249608
"Continuous asphalt network",3835,219.8852,1.14353335,-138.228958,0.244499266,0.029642744
"Continuous asphalt network",3836,220.210739,1.15572393,-137.965225,0.244510666,0.0919819
"Continuous asphalt network",3837,220.966187,1.23486865,-137.687012,0.978033543,0.10602776
"Continuous asphalt network",3838,222.268387,1.36033726,-136.631973,0.9780438,0.08157419
"Continuous asphalt network",3839,222.977982,1.39842379,-135.723312,0.489021331,0.07058192
"Continuous asphalt network",3840,222.861069,1.40771449,-136.485641,0.489050418,0.07456974
"Continuous asphalt network",3841,222.3601,1.35867274,-137.892868,1.95604408,0.0841038749
"Continuous asphalt network",3842,225.365677,1.55313969,-129.449509,3.91218972,0.07837056
"Continuous asphalt network",3843,227.018661,1.74345493,-126.107582,0.978064954,0.0457947031
"Continuous asphalt network",3844,228.037125,1.82039678,-124.114136,0.4890579,0.0111945821
"Continuous asphalt network",3845,227.536209,1.77809811,-125.521385,0.489059985,0.0467437468
"Continuous asphalt network",3846,226.400833,1.6471771,-128.277115,1.95610559,0.0417992845
"Continuous asphalt network",3847,223.879562,1.39163876,-134.4922,0.244510442,0.106120072
"Continuous asphalt network",3848,224.26355,1.39927578,-133.84729,0.244501278,0.104893677
"Continuous asphalt network",3849,223.954651,1.4239912,-134.932068,0.489013433,0.0913258344
"Continuous asphalt network",3850,225.03157,1.460405,-132.5575,0.489049435,0.0845557749
"Continuous asphalt network",3851,224.472214,1.44249821,-134.345871,0.244521469,0.190432444
"Continuous asphalt network",3852,224.589111,1.42437589,-133.583557,0.244512677,0.07673404
"Continuous asphalt network",3853,223.528809,1.44399548,-136.77916,0.489034921,0.0677146539
"Continuous asphalt network",3854,223.027878,1.41090238,-138.186386,0.4890315,0.07744761
"Continuous asphalt network",3855,223.453735,1.43914318,-136.3393,0.488999426,0.0303058233
"Continuous asphalt network",3856,223.570633,1.42985249,-135.576965,0.4890012,0.0894246548
"Continuous asphalt network",3857,224.630936,1.42537463,-132.381363,0.9780518,0.09151086
"Continuous asphalt network",3858,223.99646,1.36513174,-133.7299,0.244496882,0.134135038
"Continuous asphalt network",3859,223.612442,1.35749471,-134.3748,0.244506046,0.136655167
"Continuous asphalt network",3860,223.921341,1.35520136,-133.290039,0.489023566,0.09540274
"Continuous asphalt network",3861,224.480759,1.43020856,-131.501633,1.95609784,0.0763956
"Continuous asphalt network",3862,220.122559,1.56354177,-145.046387,7.82393646,0.05476235
"Continuous asphalt network",3863,217.88501,1.801701,-152.1999,3.9120574,0.0302361
"Continuous asphalt network",3864,218.352676,1.71190226,-149.15065,3.911969,0.05291398
"Continuous asphalt network",3865,219.613586,1.413483,-142.788391,0.9780696,0.10353753
"Continuous asphalt network",3866,220.264709,1.38584042,-142.26091,0.9780611,0.101442546
"Continuous asphalt network",3867,221.625366,1.35929334,-140.824722,0.977979,0.07967615
"Continuous asphalt network",3868,220.857376,1.40310633,-142.114548,0.9779947,0.09736038
"Continuous asphalt network",3869,219.0542,1.509038,-144.576782,3.91234255,0.06452807
"Continuous asphalt network",3870,220.673889,1.18820155,-139.592789,0.489039,0.113622978
"Continuous asphalt network",3871,220.556992,1.21720028,-140.3551,0.48902142,0.125175908
"Continuous asphalt network",3872,219.931046,1.1395731,-138.859421,0.489018083,0.0360498428
"Continuous asphalt network",3873,220.465256,1.16967046,-139.094223,0.489018083,0.106171928
"Continuous asphalt network",3874,221.667191,1.28700864,-139.622574,0.122247145,0.104888178
"Continuous asphalt network",3875,221.608719,1.29193842,-140.003708,0.122248486,0.0953476354
"Continuous asphalt network",3876,221.429337,1.26702535,-139.314575,0.244523376,0.104895726
"Continuous asphalt network",3877,222.2306,1.33690357,-139.6668,0.2444987,0.07230532
"Continuous asphalt network",3878,221.875809,1.31718028,-140.121109,0.12225116,0.09148452
"Continuous asphalt network",3879,221.93428,1.31225049,-139.73996,0.122249819,0.100276887
"Continuous asphalt network",3880,221.091187,1.28595638,-140.58992,0.4889899,0.1475113
"Continuous asphalt network",3881,221.103775,1.23312223,-139.578339,0.244517148,0.0861982
"Continuous asphalt network",3882,221.312424,1.26397932,-140.0769,0.244485036,0.133638188
"Continuous asphalt network",3883,219.5803,1.24334562,-141.146378,0.4890516,0.111373842
"Continuous asphalt network",3884,220.114517,1.28876781,-141.38118,0.48901403,0.152125865
"Continuous asphalt network",3885,219.196274,1.30861,-141.79126,0.9780756,0.09798477
"Continuous asphalt network",3886,219.547043,1.14965665,-139.504318,0.9780457,0.0594048053
"Continuous asphalt network",3887,220.23143,1.21655309,-140.618851,0.4890243,0.136255
"Continuous asphalt network",3888,219.6972,1.17113078,-140.384048,0.4890619,0.07627033
"Continuous asphalt network",3889,-193.808716,-6.692518,40.1075134,27.3915844,0
"Continuous asphalt network",3890,213.439575,1.90909612,-157.676559,24.5047874,0.00771677168
"Continuous asphalt network",3891,-186.17778,-6.692518,39.3808746,55.7209778,0
"Continuous asphalt network",3892,-171.259415,-6.692518,34.61679,27.860281,0
"Continuous asphalt network",3893,-181.412338,-6.692518,36.1990356,27.8602676,0
"Continuous asphalt network",3894,185.209641,2.18391132,-144.061325,1.66652417,0.07645702
"Continuous asphalt network",3895,185.487747,2.2720964,-145.455917,0.416634679,0.09819293
"Continuous asphalt network",3896,185.481369,2.29688668,-146.089676,0.416621357,0.09062574
"Continuous asphalt network",3897,184.909164,2.23203063,-144.8849,0.833265,0.0265785865
"Continuous asphalt network",3898,183.758377,2.15733624,-143.109116,0.8332658,0.0490079671
"Continuous asphalt network",3899,183.182983,2.14391112,-142.221237,0.83323884,0.0379203223
"Continuous asphalt network",3900,184.634232,2.13998246,-143.173416,1.66654634,0.0543541834
"Continuous asphalt network",3901,186.961365,2.19713044,-144.189941,1.66651559,0.113018878
"Continuous asphalt network",3902,188.419022,2.151522,-144.508377,0.83326,0.178490937
"Continuous asphalt network",3903,187.829269,2.27824616,-145.046448,0.104164943,0.121814564
"Continuous asphalt network",3904,188.120163,2.2807672,-145.173523,0.104161322,0.162402123
"Continuous asphalt network",3905,187.6806,2.304546,-145.2998,0.2083248,0.12181174
"Continuous asphalt network",3906,187.690186,2.19704413,-144.349152,0.208300591,0.102949157
"Continuous asphalt network",3907,188.123352,2.24313188,-144.856644,0.104148842,0.162428632
"Continuous asphalt network",3908,187.832458,2.240611,-144.729568,0.104152471,0.121821888
"Continuous asphalt network",3909,186.654526,2.31756568,-145.6473,0.833200634,0.07002986
"Continuous asphalt network",3910,186.063156,2.33381629,-146.3438,0.416635722,0.03909994
"Continuous asphalt network",3911,186.069534,2.30902576,-145.710037,0.416649044,0.08189896
"Continuous asphalt network",3912,186.373184,2.232517,-144.56958,1.6664952,0.08057986
"Continuous asphalt network",3913,183.42598,2.21580029,-147.101547,6.666005,0.0459897332
"Continuous asphalt network",3914,182.869736,2.199891,-144.312347,1.666545,0.00430867169
"Continuous asphalt network",3915,182.5948,2.17271066,-142.600876,0.8332323,0.0452731624
"Continuous asphalt network",3916,183.170212,2.186136,-143.488754,0.8332592,0.0549049042
"Continuous asphalt network",3917,184.026917,2.23981071,-145.454361,3.3330276,0.03701437
"Continuous asphalt network",3918,190.452072,2.167648,-145.714691,1.66654444,0.215851173
"Continuous asphalt network",3919,191.615616,2.16889548,-146.222946,1.666501,0.199604571
"Continuous asphalt network",3920,189.854324,2.41215682,-147.044983,0.416627884,0.1677159
"Continuous asphalt network",3921,190.4361,2.441722,-147.299118,0.416613519,0.176090077
"Continuous asphalt network",3922,189.700882,2.50906157,-147.773666,0.208317727,0.16613631
"Continuous asphalt network",3923,189.405212,2.52475381,-148.121933,0.10416384,0.112789072
"Continuous asphalt network",3924,189.4084,2.49656081,-147.805038,0.10416051,0.172037154
"Continuous asphalt network",3925,189.560226,2.42637348,-147.2348,0.4166213,0.147535935
"Continuous asphalt network",3926,189.720016,2.23987031,-145.87236,0.20831643,0.121099047
"Continuous asphalt network",3927,189.424332,2.29596424,-146.220627,0.104149632,0.07206962
"Continuous asphalt network",3928,189.427536,2.26761842,-145.903748,0.104142971,0.218222722
"Continuous asphalt network",3929,189.579361,2.17167258,-145.333511,0.4166441,0.177177623
"Continuous asphalt network",3930,190.442459,2.33429813,-146.665344,0.416614354,0.1813894
"Continuous asphalt network",3931,189.8607,2.304733,-146.411224,0.416628718,0.172419533
"Continuous asphalt network",3932,193.508011,2.21188,-146.890427,0.20830889,0.263794482
"Continuous asphalt network",3933,193.220291,2.119996,-146.446487,0.208314434,0.217304826
"Continuous asphalt network",3934,193.945923,2.19176841,-146.922562,0.416610479,0.275164038
"Continuous asphalt network",3935,193.0637,2.38309956,-147.49205,0.416627347,0.2554461
"Continuous asphalt network",3936,192.926224,2.17977118,-146.6363,0.208314434,0.226790965
"Continuous asphalt network",3937,193.213928,2.271655,-147.080246,0.20830889,0.271667331
"Continuous asphalt network",3938,195.1095,2.16916943,-147.430832,0.8332738,0.29284063
"Continuous asphalt network",3939,193.7925,2.40151238,-147.651245,0.1041565,0.2658986
"Continuous asphalt network",3940,194.22966,2.39384866,-147.762619,0.0520827956,0.3103442
"Continuous asphalt network",3941,193.937134,2.43271351,-147.794,0.05208102,0.266746879
"Continuous asphalt network",3942,193.352982,2.4482038,-147.777542,0.208309337,0.263613641
"Continuous asphalt network",3943,194.23204,2.3311708,-147.524963,0.104160383,0.310412526
"Continuous asphalt network",3944,193.941147,2.32840824,-147.3979,0.104153171,0.266977161
"Continuous asphalt network",3945,194.380676,2.2463057,-147.2716,0.208301961,0.2783095
"Continuous asphalt network",3946,191.455811,2.46285987,-147.5854,0.2083178,0.216383383
"Continuous asphalt network",3947,191.233643,2.52837586,-147.886215,0.05208398,0.16119945
"Continuous asphalt network",3948,191.085815,2.5512476,-148.060349,0.02604234,0.0204835571
"Continuous asphalt network",3949,191.0874,2.535098,-147.9019,0.0260416139,0.229586512
"Continuous asphalt network",3950,191.163315,2.476306,-147.616776,0.104162335,0.216381907
"Continuous asphalt network",3951,192.183029,2.505229,-147.903076,0.20831731,0.159046337
"Continuous asphalt network",3952,191.451,2.53833675,-148.060745,0.1041565,0.04658189
"Continuous asphalt network",3953,191.745117,2.50874114,-147.870926,0.104155041,0.169250339
"Continuous asphalt network",3954,190.3562,2.560568,-147.980347,0.05207785,0.06262629
"Continuous asphalt network",3955,190.208374,2.56930518,-148.1545,0.0260453019,0.07671376
"Continuous asphalt network",3956,190.209961,2.56310678,-147.996033,0.0260465462,0.192353815
"Continuous asphalt network",3957,190.573563,2.56057763,-148.154892,0.104154989,0.07248479
"Continuous asphalt network",3958,189.696121,2.543453,-148.249023,0.104179472,0.09804606
"Continuous asphalt network",3959,189.916672,2.56286263,-148.106628,0.0520844348,0.052523803
"Continuous asphalt network",3960,190.0645,2.563999,-147.9325,0.026044732,0.1527919
"Continuous asphalt network",3961,190.062912,2.570197,-148.090942,0.0260434877,0.103557818
"Continuous asphalt network",3962,190.650253,2.52544117,-147.790543,0.05208233,0.216388032
"Continuous asphalt network",3963,190.794113,2.55192852,-148.012512,0.0520835221,0.139722675
"Continuous asphalt network",3964,190.43129,2.527892,-147.77446,0.104146741,0.217067569
"Continuous asphalt network",3965,190.872421,2.45562649,-147.489731,0.104162186,0.216381535
"Continuous asphalt network",3966,190.941956,2.5290525,-147.838364,0.0260397643,0.216374934
"Continuous asphalt network",3967,190.940369,2.545202,-147.996811,0.02604049,0.07652835
"Continuous asphalt network",3968,190.797287,2.50165081,-147.695618,0.05207725,0.21640344
"Continuous asphalt network",3969,192.191,2.330737,-147.110855,1.66652715,0.236781985
"Continuous asphalt network",3970,186.341263,2.331521,-147.738419,1.66655111,0.04809204
"Continuous asphalt network",3971,187.504837,2.395175,-148.246689,1.666555,0.0669769645
"Continuous asphalt network",3972,184.583176,2.24668336,-148.243561,3.33304381,0.0458162539
"Continuous asphalt network",3973,187.808517,2.3806448,-147.106216,0.416630328,0.009686196
"Continuous asphalt network",3974,187.671036,2.37515664,-146.250473,0.208338365,0.07107276
"Continuous asphalt network",3975,187.958755,2.38443851,-146.694412,0.20832099,0.04523318
"Continuous asphalt network",3976,188.532532,2.421717,-147.740768,0.104151681,0.150565758
"Continuous asphalt network",3977,188.4638,2.37492847,-147.312881,0.0520809069,0.07230995
"Continuous asphalt network",3978,188.607651,2.39463782,-147.534851,0.0520865545,0.191876709
"Continuous asphalt network",3979,188.89534,2.47279716,-147.9788,0.052082926,0.186592117
"Continuous asphalt network",3980,189.0392,2.49777,-148.20079,0.0520879738,0.08975492
"Continuous asphalt network",3981,188.676376,2.45414948,-147.962738,0.104155041,0.0976259559
"Continuous asphalt network",3982,188.022659,2.40509963,-147.597626,0.052078478,0.0440685228
"Continuous asphalt network",3983,188.166519,2.41855979,-147.8196,0.0520762,0.125348568
"Continuous asphalt network",3984,187.803711,2.40076733,-147.581543,0.104160585,0.0511764064
"Continuous asphalt network",3985,188.244827,2.38854766,-147.296814,0.104165666,0.0591788478
"Continuous asphalt network",3986,188.313553,2.40927982,-147.724686,0.05208128,0.135316938
"Continuous asphalt network",3987,188.1697,2.39581966,-147.502716,0.05208356,0.06728444
"Continuous asphalt network",3988,186.9358,2.35219359,-146.725,1.66651285,0.0350815654
"Continuous asphalt network",3989,188.553284,2.30528235,-145.681015,0.208287209,0.144103557
"Continuous asphalt network",3990,188.840988,2.326845,-146.124954,0.208298072,0.123459645
"Continuous asphalt network",3991,187.9683,2.34832931,-145.743759,0.2083234,0.06702496
"Continuous asphalt network",3992,188.2624,2.313217,-145.55394,0.2083234,0.166161254
"Continuous asphalt network",3993,188.9976,2.17949319,-145.079391,0.4166225,0.186072871
"Continuous asphalt network",3994,189.136642,2.27716422,-145.776688,0.104157478,0.1825467
"Continuous asphalt network",3995,189.133469,2.30550981,-146.093582,0.104164138,0.01069185
"Continuous asphalt network",3996,188.847351,2.25723672,-145.4912,0.208310828,0.168744072
"Continuous asphalt network",3997,188.975266,2.3993578,-147.297592,0.833270252,0.106811136
"Continuous asphalt network",3998,188.252853,2.381109,-146.5046,0.208303958,0.0618133657
"Continuous asphalt network",3999,187.965134,2.37182713,-146.060654,0.208321333,0.08280106
"Continuous asphalt network",4000,188.69075,2.35154366,-146.536743,0.416629821,0.07230729
"Continuous asphalt network",4001,198.015244,2.03497982,-149.018356,3.33305788,0.114343368
"Continuous asphalt network",4002,196.832474,2.21169257,-150.4114,1.66650021,0.05631317
"Continuous asphalt network",4003,196.554367,2.146533,-149.0168,0.416644245,0.120714284
"Continuous asphalt network",4004,196.415329,2.11061573,-148.3195,0.104150414,0.124010414
"Continuous asphalt network",4005,196.4185,2.07066178,-148.002625,0.104166217,0.233798787
"Continuous asphalt network",4006,196.7046,2.10226655,-148.605,0.208327755,0.1242183
"Continuous asphalt network",4007,197.13295,2.14958549,-149.587814,0.833275,0.128049389
"Continuous asphalt network",4008,200.636459,1.960833,-149.845047,0.833258152,0.09838483
"Continuous asphalt network",4009,200.04509,2.051697,-150.54158,0.416643441,0.07055235
"Continuous asphalt network",4010,200.051468,1.99729311,-149.907791,0.41666466,0.1462351
"Continuous asphalt network",4011,201.5059,1.98230517,-150.543137,1.66648293,0.08473516
"Continuous asphalt network",4012,197.996048,2.17181039,-150.919662,1.66652715,0.0563226
"Continuous asphalt network",4013,198.878311,2.09958553,-150.3502,0.833256066,0.0966687053
"Continuous asphalt network",4014,199.469681,2.009059,-149.653671,0.416635484,0.137327626
"Continuous asphalt network",4015,199.4633,2.063463,-150.28746,0.4166143,0.0594025925
"Continuous asphalt network",4016,204.4148,1.97419453,-151.813766,3.33295727,0.06088759
"Continuous asphalt network",4017,206.741943,1.98291934,-152.830276,3.33298969,0.0278608017
"Continuous asphalt network",4018,200.911362,2.07504749,-151.556534,6.665972,0.07362892
"Continuous asphalt network",4019,193.330643,2.42177677,-149.995743,1.6665386,0.0464226
"Continuous asphalt network",4020,194.491013,2.35337424,-150.820877,1.66652346,0.05388393
"Continuous asphalt network",4021,191.577316,2.42875123,-150.025574,3.33303356,0.0363632664
"Continuous asphalt network",4022,195.380432,2.27759719,-149.538437,0.833227336,0.09397563
"Continuous asphalt network",4023,195.828354,2.18217683,-148.580322,0.208324388,0.1072542
"Continuous asphalt network",4024,196.126419,2.09849072,-147.9944,0.104145654,0.187427714
"Continuous asphalt network",4025,196.123245,2.13844466,-148.311279,0.104140647,0.1160195
"Continuous asphalt network",4026,195.970169,2.19861436,-149.000351,0.416638762,0.109656118
"Continuous asphalt network",4027,195.664139,2.28762269,-150.378479,1.66644967,0.08999724
"Continuous asphalt network",4028,194.215286,2.412118,-149.188629,0.104152858,0.183170468
"Continuous asphalt network",4029,193.922,2.44016171,-149.29921,0.104141906,0.048217386
"Continuous asphalt network",4030,194.365112,2.39762855,-148.816452,0.208325192,0.183188409
"Continuous asphalt network",4031,194.355545,2.38502145,-149.7671,0.208319023,0.1014519
"Continuous asphalt network",4032,193.918808,2.43009543,-149.6161,0.104164578,0.0482054874
"Continuous asphalt network",4033,194.2121,2.40205169,-149.505508,0.10417553,0.183158189
"Continuous asphalt network",4034,193.340225,2.46408939,-149.04509,0.4166254,0.0369298346
"Continuous asphalt network",4035,193.928391,2.460826,-148.665451,0.104160912,0.0510320924
"Continuous asphalt network",4036,194.22168,2.43223786,-148.554855,0.104171827,0.183144376
"Continuous asphalt network",4037,193.778564,2.45426,-149.037643,0.208305672,0.05120903
"Continuous asphalt network",4038,195.09993,2.28632259,-148.381485,0.41662693,0.176474154
"Continuous asphalt network",4039,195.834763,2.1385324,-147.946548,0.208314985,0.219275951
"Continuous asphalt network",4040,195.538254,2.21093345,-148.374039,0.208338663,0.16337043
"Continuous asphalt network",4041,194.797073,2.32648873,-149.442749,0.416602,0.1265716
"Continuous asphalt network",4042,194.803467,2.32902932,-148.808975,0.416628838,0.149301291
"Continuous asphalt network",4043,187.490479,2.34475923,-149.672668,1.666577,0.0528360754
"Continuous asphalt network",4044,188.66362,2.425823,-149.23027,1.6665256,0.08440555
"Continuous asphalt network",4045,184.5736,2.2292738,-149.194229,1.66658413,0.0467003733
"Continuous asphalt network",4046,187.500046,2.387882,-148.722,0.833229244,0.09226898
"Continuous asphalt network",4047,186.3269,2.30681825,-149.164413,0.8333028,0.0511258766
"Continuous asphalt network",4048,192.176682,2.50354552,-148.53685,0.8332452,0.04879738
"Continuous asphalt network",4049,190.716614,2.53558326,-148.4561,0.20833464,0.07673629
"Continuous asphalt network",4050,189.840759,2.53921914,-148.391785,0.104160585,0.08773894
"Continuous asphalt network",4051,190.425735,2.55154824,-148.329025,0.104155108,0.07674001
"Continuous asphalt network",4052,191.5949,2.52765179,-148.28273,0.4166621,0.07701877
"Continuous asphalt network",4053,194.225647,2.44293046,-148.158737,0.05207716,0.1842374
"Continuous asphalt network",4054,193.93396,2.47780967,-148.110916,0.0520680957,0.0528478771
"Continuous asphalt network",4055,194.373108,2.40576,-148.024216,0.104160078,0.24249351
"Continuous asphalt network",4056,193.350586,2.49594665,-148.015213,0.104159094,0.08863402
"Continuous asphalt network",4057,193.935959,2.46296215,-147.912857,0.026047742,0.240192786
"Continuous asphalt network",4058,194.228455,2.4240973,-147.88147,0.02604863,0.289238483
"Continuous asphalt network",4059,193.788925,2.47950387,-148.007767,0.0520832278,0.07953795
"Continuous asphalt network",4060,195.104736,2.256587,-147.906158,0.416648149,0.193898633
"Continuous asphalt network",4061,193.3482,2.49577117,-148.252869,0.208311513,0.047235962
"Continuous asphalt network",4062,193.932358,2.474663,-148.269333,0.0520720333,0.0580623858
"Continuous asphalt network",4063,194.224045,2.439784,-148.317169,0.0520811,0.183181733
"Continuous asphalt network",4064,193.784927,2.476182,-148.403854,0.104152106,0.05858415
"Continuous asphalt network",4065,193.053329,2.49024415,-148.521927,0.416637182,0.05106518
"Continuous asphalt network",4066,190.416946,2.46308112,-149.200439,3.33300686,0.0579099841
"Continuous asphalt network",4067,-61.3732872,-5.178168,-20.3226566,26.6657352,0.0172524266
"Continuous asphalt network",4068,164.97139,1.50122416,-135.329788,15.4905586,0.05043886
"Continuous asphalt network",4069,166.4648,1.64691508,-138.740051,15.4905939,0.04326398
"Continuous asphalt network",4070,160.4856,1.32854426,-134.306412,30.9811382,0.0377224758
"Continuous asphalt network",4071,148.151031,0.893815041,-129.1903,30.9811745,0.03177736
"Continuous asphalt network",4072,157.122635,1.17104876,-131.237045,30.9811745,0.0320306
"Continuous asphalt network",4073,132.453537,0.346469,-121.0048,30.9810982,0.0302959718
"Continuous asphalt network",4074,117.129364,-0.163769022,-113.671875,15.4905,0.0296687838
"Continuous asphalt network",4075,126.847664,0.146164954,-117.423744,15.4905,0.0301519446
"Continuous asphalt network",4076,141.798462,0.6384701,-123.904114,30.981142,0.03035203
"Continuous asphalt network",4077,156.002563,1.09741747,-128.679367,15.4905472,0.03204512
"Continuous asphalt network",4078,147.03096,0.8201838,-126.632607,15.4905472,0.031792365
"Continuous asphalt network",4079,-54.692318,-5.04817533,-23.59583,24.7203255,0.0163739137
"Continuous asphalt network",4080,105.109322,-0.483482927,-103.98069,21.3335915,0.0115217743
"Continuous asphalt network",4081,375.497955,0.355456442,-5.92190552,64.52587,0.000443207158
"Continuous asphalt network",4082,384.47348,0.358557135,10.3500671,32.2632027,0.000920814229
"Continuous asphalt network",4083,379.935455,0.356473684,-1.07225549,32.2632446,0.0008561286
"Continuous asphalt network",4084,384.574,0.3583486,16.9227543,64.5267258,0.00103157863
"Continuous asphalt network",4085,375.598541,0.354439169,0.650767,32.2635841,1.580357E-05
"Continuous asphalt network",4086,380.1365,0.355247885,12.0731049,32.2637177,0.000132542264
"Road 281621314 소성로",0,-69.48306,-6.23030043,-338.533539,3.747472,0.0522087477
"Road 281621314 소성로",1,-68.452034,-6.10151339,-335.324554,3.747516,0.0973564
"Road 281621314 소성로",2,-71.1180954,-6.314308,-339.583862,1.87383008,0.04709453
"Road 281621314 소성로",3,-69.63926,-6.193775,-336.596527,1.87383008,0.0336636975
"Road 281621314 소성로",4,-71.4097,-6.395326,-341.2992,3.74761629,0.05150196
"Road 281621314 소성로",5,-70.08707,-6.204008,-336.374817,1.873813,0.0369383134
"Road 281621314 소성로",6,-71.56591,-6.324541,-339.362152,1.873813,0.049488347
"Road 281621314 소성로",7,-69.79546,-6.192312,-334.6595,3.747582,0.0752772
"Road 281621314 소성로",8,-72.4614944,-6.331657,-338.9188,1.87368214,0.04312634
"Road 281621314 소성로",9,-70.98267,-6.25300837,-335.931458,1.87368214,0.03205493
"Road 281621314 소성로",10,-72.75311,-6.391493,-340.634155,3.74740839,0.0401445739
"Road 281621314 소성로",11,-71.43048,-6.26389647,-335.7098,1.87375057,0.0211489759
"Road 281621314 소성로",12,-73.1670456,-6.359224,-339.4994,0.9368922,0.06165264
"Road 281621314 소성로",13,-72.65154,-6.308981,-337.8949,0.936870158,0.0269363169
"Road 281621314 소성로",14,-71.1388855,-6.26494741,-333.994476,3.74754524,0.05222724
"Road 281621314 소성로",15,-73.8049,-6.34758329,-338.2538,1.87374759,0.03036918
"Road 281621314 소성로",16,-72.3261,-6.297102,-335.266449,1.87374759,0.0155034661
"Road 281621314 소성로",17,-74.5781555,-6.412393,-340.660553,1.87372565,0.0364129022
"Road 281621314 소성로",18,-73.3571,-6.331078,-338.475464,0.9368518,0.0219956357
"Road 281621314 소성로",19,-73.8726044,-6.381321,-340.079956,0.936862051,0.0417739339
"Road 281621314 소성로",20,-72.77391,-6.304786,-335.044769,1.87383306,0.0162194
"Road 281621314 소성로",21,-74.51046,-6.366607,-338.834381,0.9369251,0.0599735826
"Road 281621314 소성로",22,-73.99497,-6.32653856,-337.229858,0.9369172,0.0224263463
"Road 281621314 소성로",23,-72.48233,-6.32035875,-333.3294,3.7477262,0.0441326275
"Road 281621314 소성로",24,-75.1483154,-6.3595233,-337.588776,1.873732,0.023273889
"Road 281621314 소성로",25,-73.66955,-6.33283949,-334.6014,1.873732,0.0100712106
"Road 281621314 소성로",26,-75.18217,-6.368796,-338.501862,1.87369406,0.03626466
"Road 281621314 소성로",27,-75.6976547,-6.40886354,-340.1064,1.87370074,0.03412948
"Road 281621314 소성로",28,-74.11733,-6.338143,-334.37973,1.87363,0.0141737256
"Road 281621314 소성로",29,-75.85385,-6.372317,-338.169342,0.936831951,0.06311483
"Road 281621314 소성로",30,-75.338356,-6.33929825,-336.56485,0.9368099,0.0169520266
"Road 281621314 소성로",31,-73.82574,-6.36195946,-332.664429,3.74732,0.0296300389
"Road 281621314 소성로",32,-76.49175,-6.36928129,-336.9238,1.8738699,0.0202614516
"Road 281621314 소성로",33,-75.01293,-6.358194,-333.936432,1.8738699,0.0149168195
"Road 281621314 소성로",34,-77.2649841,-6.40838,-339.330566,1.87383866,0.02815691
"Road 281621314 소성로",35,-76.0439148,-6.351185,-337.145477,0.9369135,0.0107372291
"Road 281621314 소성로",36,-76.55941,-6.38420343,-338.749969,0.936923742,0.0316708535
"Road 281621314 소성로",37,-75.46073,-6.36297846,-333.714752,1.87366474,0.0139793418
"Road 281621314 소성로",38,-76.93955,-6.374066,-336.702118,1.87366474,0.019582279
"Road 281621314 소성로",39,-75.1691055,-6.388706,-331.99942,3.74734521,0.0194326546
"Road 281621314 소성로",40,-77.35349,-6.35669565,-335.5673,0.936916947,0.008158792
"Road 281621314 소성로",41,-78.3168259,-6.38603,-336.9501,0.936916947,0.07533979
"Road 281621314 소성로",42,-76.35631,-6.37411261,-333.2714,1.87383389,0.0142228343
"Road 281621314 소성로",43,-78.35068,-6.39021254,-337.863251,0.9369091,0.02760749
"Road 281621314 소성로",44,-77.38735,-6.36087751,-336.480438,0.9369091,0.00745449355
"Road 281621314 소성로",45,-78.38454,-6.410999,-338.776337,1.87382472,0.0269855987
"Road 281621314 소성로",46,-76.80414,-6.37599564,-333.049683,1.87393653,0.0136632863
"Road 281621314 소성로",47,-78.28299,-6.381819,-336.037018,1.87393653,0.0171005856
"Road 281621314 소성로",48,-76.51256,-6.404434,-331.334351,3.747813,0.019231081
"Road 281621314 소성로",49,-78.69692,-6.36165,-334.902252,0.9367757,0.007222795
"Road 281621314 소성로",50,-80.0298843,-6.3953,-337.031952,0.468379468,0.02733007
"Road 281621314 소성로",51,-79.2905045,-6.367451,-335.5383,0.468385249,0.006125544
"Road 281621314 소성로",52,-77.69978,-6.38352776,-332.606323,1.87356293,0.0164755639
"Road 281621314 소성로",53,-79.69407,-6.39552736,-337.1982,0.9368093,0.0273299459
"Road 281621314 소성로",54,-78.7308,-6.36695671,-335.815338,0.936797738,0.007169618
"Road 281621314 소성로",55,-79.7279358,-6.41710138,-338.1113,1.87359285,0.0261385255
"Road 281621314 소성로",56,-78.1475754,-6.3861165,-332.384674,1.87378442,0.0178585816
"Road 281621314 소성로",57,-79.5144,-6.36762571,-335.42746,0.468444735,0.006415301
"Road 281621314 소성로",58,-80.2537842,-6.395474,-336.921143,0.468438953,0.0273964517
"Road 281621314 소성로",59,-79.36861,-6.364413,-334.5698,0.936897337,0.009147161
"Road 281621314 소성로",60,-77.8559952,-6.41607857,-330.6693,3.74752474,0.0170190763
"Road 281621314 소성로",61,-80.52197,-6.390711,-334.92868,1.87375057,0.0160826966
"Road 281621314 소성로",62,-79.04319,-6.391754,-331.941345,1.87375057,0.01669542
"Road 281621314 소성로",63,-80.55581,-6.393331,-335.8418,1.87379467,0.04154869
"Road 281621314 소성로",64,-81.07129,-6.419313,-337.44632,1.87376237,0.0274278056
"Road 281621314 소성로",65,-79.49099,-6.39464045,-331.7197,1.87366521,0.0182835627
"Road 281621314 소성로",66,-80.9697647,-6.393597,-334.707031,1.87366521,0.0177259855
"Road 281621314 소성로",67,-79.1993942,-6.422409,-330.004333,3.74734616,0.0153148463
"Road 281621314 소성로",68,-81.3837357,-6.37723541,-333.572266,0.9369172,0.006303808
"Road 281621314 소성로",69,-82.34705,-6.40536833,-334.9551,0.9369172,0.07596196
"Road 281621314 소성로",70,-80.38658,-6.397838,-331.276337,1.87383437,0.0152671058
"Road 281621314 소성로",71,-82.63863,-6.42889547,-336.670471,1.8738265,0.0275891479
"Road 281621314 소성로",72,-81.6753159,-6.400763,-335.287628,1.8738265,0.0297101028
"Road 281621314 소성로",73,-80.83439,-6.398542,-331.054657,1.87373185,0.01505452
"Road 281621314 소성로",74,-82.3132,-6.40094948,-334.042023,1.87373185,0.016498955
"Road 281621314 소성로",75,-80.54278,-6.4246726,-329.339325,3.74740362,0.0154677257
"Road 281621314 소성로",76,-82.7271652,-6.38145,-332.907227,0.936893642,0.00862405449
"Road 281621314 소성로",77,-84.0602,-6.417867,-335.036865,0.468451321,0.0284275413
"Road 281621314 소성로",78,-83.32078,-6.388317,-333.5432,0.468446821,0.00703253131
"Road 281621314 소성로",79,-81.72999,-6.400658,-330.611328,1.87379634,0.0155659048
"Road 281621314 소성로",80,-83.7243347,-6.41783667,-335.203125,0.9369326,0.028427409
"Road 281621314 소성로",81,-82.76101,-6.38727951,-333.8203,0.9369236,0.008216517
"Road 281621314 소성로",82,-83.75818,-6.43840837,-336.116241,1.87382627,0.02640193
"Road 281621314 소성로",83,-82.1778,-6.40353632,-330.389648,1.87379634,0.01679642
"Road 281621314 소성로",84,-83.5446854,-6.38868761,-333.432373,0.468446821,0.007601114
"Road 281621314 소성로",85,-84.28411,-6.41823769,-334.926025,0.468451321,0.0285735056
"Road 281621314 소성로",86,-83.39889,-6.384699,-332.5747,0.936893642,0.009812814
"Road 281621314 소성로",87,-81.8862,-6.42962456,-328.6743,3.74765253,0.0143699581
"Road 281621314 소성로",88,-84.55224,-6.412357,-332.933624,1.87373185,0.0173850656
"Road 281621314 소성로",89,-83.0734253,-6.40732145,-329.946259,1.87373185,0.0144402888
"Road 281621314 소성로",90,-84.5861,-6.41582155,-333.8467,1.87367189,0.0426812731
"Road 281621314 소성로",91,-85.1016,-6.44350052,-335.4512,1.87371087,0.0286406018
"Road 281621314 소성로",92,-83.52123,-6.410252,-329.724579,1.87383437,0.0162201878
"Road 281621314 소성로",93,-85.0000458,-6.41528749,-332.711945,1.87383437,0.0188892726
"Road 281621314 소성로",94,-83.22965,-6.43405676,-328.009247,3.747653,0.0129476469
"Road 281621314 소성로",95,-85.414,-6.398979,-331.577179,0.936831951,0.008723063
"Road 281621314 소성로",96,-86.37728,-6.43035269,-332.960052,0.93684113,0.07549378
"Road 281621314 소성로",97,-84.41686,-6.41372442,-329.28125,1.87366521,0.0130531136
"Road 281621314 소성로",98,-86.41113,-6.435341,-333.873138,0.9368332,0.02890903
"Road 281621314 소성로",99,-85.44785,-6.40396833,-332.490265,0.936831951,0.008876382
"Road 281621314 소성로",100,-86.4449844,-6.45464945,-334.786224,1.87367308,0.027868975
"Road 281621314 소성로",101,-84.8646545,-6.41535,-329.0596,1.87371647,0.0127692847
"Road 281621314 소성로",102,-86.34344,-6.42496538,-332.046936,1.87371647,0.01844891
"Road 281621314 소성로",103,-84.57307,-6.43782949,-327.344238,3.747433,0.013020494
"Road 281621314 소성로",104,-87.23907,-6.429764,-331.6036,1.87381351,0.0195086133
"Road 281621314 소성로",105,-85.76026,-6.41879225,-328.616241,1.87381351,0.0131768826
"Road 281621314 소성로",106,-87.53064,-6.458416,-333.318939,3.747627,0.0197143164
"Road 281621314 소성로",107,-86.20807,-6.42193,-328.394562,1.87376225,0.014876551
"Road 281621314 소성로",108,-87.68687,-6.43290138,-331.381927,1.87376225,0.0206947923
"Road 281621314 소성로",109,-85.91648,-6.44464827,-326.67923,3.74750853,0.012467511
"Road 281621314 소성로",110,-88.5825,-6.4387536,-330.938568,1.87380016,0.0192282572
"Road 281621314 소성로",111,-87.10369,-6.427447,-327.9512,1.87380016,0.012936295
"Road 281621314 소성로",112,-88.8740845,-6.466926,-332.6539,3.74761629,0.0190711636
"Road 281621314 소성로",113,-87.551506,-6.431646,-327.729523,1.87378311,0.01588118
"Road 281621314 소성로",114,-89.03031,-6.44295168,-330.7169,1.87378311,0.0213211868
"Road 281621314 소성로",115,-87.25991,-6.45351076,-326.0142,3.747522,0.0119353523
"Road 281621314 소성로",116,-89.9259,-6.452166,-330.273529,1.87367582,0.01970978
"Road 281621314 소성로",117,-88.44711,-6.438633,-327.2862,1.87367582,0.012315263
"Road 281621314 소성로",118,-90.21751,-6.478351,-331.9889,3.74739575,0.02060352
"Road 281621314 소성로",119,-88.8949,-6.44159555,-327.064545,1.87369287,0.0118550658
"Road 281621314 소성로",120,-90.3736954,-6.455129,-330.05188,1.87369287,0.0194255356
"Road 281621314 소성로",121,-88.6033,-6.46252441,-325.3492,3.74742985,0.0126894563
"Road 281621314 소성로",122,-91.26931,-6.46166229,-329.608551,1.87380016,0.0200433023
"Road 281621314 소성로",123,-89.7905045,-6.4477725,-326.6212,1.87380016,0.0122809671
"Road 281621314 소성로",124,-91.5609055,-6.489948,-331.323883,3.74755621,0.0203789789
"Road 281621314 소성로",125,-90.23831,-6.451561,-326.3995,1.87376606,0.0144360242
"Road 281621314 소성로",126,-91.97488,-6.47192049,-330.189117,0.936883032,0.0605945364
"Road 281621314 소성로",127,-91.45937,-6.442255,-328.5846,0.936883032,0.0132004945
"Road 281621314 소성로",128,-89.94672,-6.472524,-324.684174,3.74753213,0.0117536606
"Road 281621314 소성로",129,-92.61273,-6.471117,-328.9435,1.87376606,0.0189512018
"Road 281621314 소성로",130,-91.13392,-6.45822334,-325.956146,1.87376606,0.01184762
"Road 281621314 소성로",131,-92.64658,-6.47611237,-329.8566,1.87376606,0.0394415371
"Road 281621314 소성로",132,-93.16209,-6.505778,-331.461121,1.87376606,0.0286150519
"Road 281621314 소성로",133,-91.58173,-6.46225929,-325.734467,1.87383437,0.014511276
"Road 281621314 소성로",134,-93.06055,-6.475153,-328.721832,1.87383437,0.0207207855
"Road 281621314 소성로",135,-91.29016,-6.48285151,-324.019135,3.747653,0.01199495
"Road 281621314 소성로",136,-93.95614,-6.48393965,-328.278473,1.87366521,0.0193555951
"Road 281621314 소성로",137,-92.477356,-6.469683,-325.291138,1.87366521,0.0114313662
"Road 281621314 소성로",138,-94.24774,-6.51000071,-329.993835,3.74734616,0.0203669835
"Road 281621314 소성로",139,-92.92515,-6.47233152,-325.0695,1.87369931,0.0111802723
"Road 281621314 소성로",140,-94.40393,-6.486587,-328.056824,1.87369931,0.0192082971
"Road 281621314 소성로",141,-92.63355,-6.49333525,-323.354126,3.74738288,0.0136870407
"Road 281621314 소성로",142,-95.29956,-6.492731,-327.6135,1.87383437,0.0198577233
"Road 281621314 소성로",143,-93.82076,-6.47955847,-324.626129,1.87383437,0.0126418332
"Road 281621314 소성로",144,-95.59115,-6.5207634,-329.328827,3.74768448,0.0198825859
"Road 281621314 소성로",145,-94.2685547,-6.48401976,-324.404449,1.87369764,0.01578141
"Road 281621314 소성로",146,-95.7473755,-6.49719238,-327.3918,1.87369764,0.0219906345
"Road 281621314 소성로",147,-93.97694,-6.50577545,-322.689117,3.74733543,0.0125513691
"Road 281621314 소성로",148,-96.64298,-6.504198,-326.948425,1.87379885,0.0188812
"Road 281621314 소성로",149,-95.16415,-6.49238443,-323.961121,1.87379885,0.0127124665
"Road 281621314 소성로",150,-96.93459,-6.53076172,-328.6638,3.74765754,0.0183170214
"Road 281621314 소성로",151,-95.61196,-6.49666739,-323.739441,1.87383306,0.0139821051
"Road 281621314 소성로",152,-97.0908,-6.50848055,-326.726746,1.87383306,0.01975819
"Road 281621314 소성로",153,-95.3203659,-6.51690674,-322.024078,3.74771023,0.0116939824
"Road 281621314 소성로",154,-97.98639,-6.516888,-326.283417,1.87369633,0.0186786521
"Road 281621314 소성로",155,-96.50759,-6.50387144,-323.296051,1.87369633,0.0116361985
"Road 281621314 소성로",156,-98.2780151,-6.541738,-327.998749,3.74734855,0.01934827
"Road 281621314 소성로",157,-96.95541,-6.5071106,-323.074371,1.87383306,0.0118015613
"Road 281621314 소성로",158,-98.4342041,-6.52012825,-326.061737,1.87383306,0.0187817775
"Road 281621314 소성로",159,-96.66382,-6.5278964,-321.359039,3.74766612,0.0135708684
"Road 281621314 소성로",160,-99.32981,-6.526257,-325.618378,1.87369931,0.01846609
"Road 281621314 소성로",161,-97.8510361,-6.51479673,-322.631042,1.87369931,0.0121798366
"Road 281621314 소성로",162,-99.6214,-6.55237436,-327.33374,3.74739861,0.018442845
"Road 281621314 소성로",163,-98.29883,-6.518644,-322.4094,1.87371647,0.0141102215
"Road 281621314 소성로",164,-99.77761,-6.530104,-325.396729,1.87371647,0.0197924972
"Road 281621314 소성로",165,-98.00724,-6.54016161,-320.694,3.747477,0.01295634
"Road 281621314 소성로",166,-100.673218,-6.53635359,-324.9534,1.873787,0.0177619942
"Road 281621314 소성로",167,-99.1944351,-6.52668333,-321.966034,1.873787,0.0126810232
"Road 281621314 소성로",168,-100.964806,-6.56129265,-326.668732,3.74753,0.0172053315
"Road 281621314 소성로",169,-99.6422348,-6.53087425,-321.744354,1.87370193,0.014146992
"Road 281621314 소성로",170,-101.12101,-6.54054451,-324.73172,1.87370193,0.0188363343
"Road 281621314 소성로",171,-99.35064,-6.551864,-320.029022,3.74740386,0.0123998765
"Road 281621314 소성로",172,-102.01664,-6.548516,-324.288361,1.873799,0.0173883643
"Road 281621314 소성로",173,-100.537842,-6.53801346,-321.301025,1.873799,0.01142832
"Road 281621314 소성로",174,-102.308228,-6.572037,-326.003754,3.747598,0.0184175968
"Road 281621314 소성로",175,-100.985649,-6.54044962,-321.079346,1.87376475,0.01168973
"Road 281621314 소성로",176,-102.464447,-6.550953,-324.066681,1.87376475,0.01756135
"Road 281621314 소성로",177,-100.694054,-6.5619874,-319.364,3.74754524,0.0136330873
"Road 281621314 소성로",178,-103.360069,-6.556682,-323.623322,1.87380016,0.0178747326
"Road 281621314 소성로",179,-101.881264,-6.547127,-320.636,1.87380016,0.0125040337
"Road 281621314 소성로",180,-103.651672,-6.582045,-325.3387,3.74758458,0.0180599838
"Road 281621314 소성로",181,-102.329071,-6.550898,-320.414337,1.873715,0.015056178
"Road 281621314 소성로",182,-103.807884,-6.56045341,-323.401672,1.873715,0.0197441317
"Road 281621314 소성로",183,-102.037453,-6.57322264,-318.698975,3.74747419,0.0128335534
"Road 281621314 소성로",184,-104.703484,-6.567365,-322.958344,1.8737489,0.0177795943
"Road 281621314 소성로",185,-103.22467,-6.558745,-319.970978,1.8737489,0.0133599825
"Road 281621314 소성로",186,-104.995087,-6.591398,-324.673676,3.74745369,0.017070597
"Road 281621314 소성로",187,-103.672485,-6.56329536,-319.7493,1.87383437,0.0148210255
"Road 281621314 소성로",188,-105.151283,-6.571915,-322.736664,1.87383437,0.0189017747
"Road 281621314 소성로",189,-103.3809,-6.584808,-318.033936,3.74772859,0.0126076648
"Road 281621314 소성로",190,-106.0469,-6.579345,-322.2933,1.87373316,0.0165552758
"Road 281621314 소성로",191,-104.568115,-6.570772,-319.305939,1.87373316,0.0117671154
"Road 281621314 소성로",192,-106.338493,-6.60199976,-324.008667,3.74740648,0.01703589
"Road 281621314 소성로",193,-105.015907,-6.57358551,-319.084259,1.87371647,0.0122744748
"Road 281621314 소성로",194,-106.49469,-6.58215761,-322.071655,1.87371647,0.0169193186
"Road 281621314 소성로",195,-104.724327,-6.59511375,-317.368927,3.747433,0.0132920686
"Road 281621314 소성로",196,-107.3903,-6.58843851,-321.628326,1.87375319,0.0169524364
"Road 281621314 소성로",197,-105.911522,-6.580406,-318.640961,1.87375319,0.0125251282
"Road 281621314 소성로",198,-107.681885,-6.61171865,-323.343658,3.74750638,0.0171462167
"Road 281621314 소성로",199,-106.359314,-6.58429766,-318.419281,1.87356544,0.014853158
"Road 281621314 소성로",200,-107.8381,-6.5923295,-321.406677,1.87356544,0.0187381934
"Road 281621314 소성로",201,-106.06768,-6.60585833,-316.703979,3.74715924,0.0121562565
"Road 281621314 소성로",202,-108.733742,-6.598957,-320.9633,1.87396514,0.0164079871
"Road 281621314 소성로",203,-107.254875,-6.59145,-317.975983,1.87396514,0.0124415252
"Road 281621314 소성로",204,-109.02533,-6.621397,-322.678619,3.74790215,0.0160121862
"Road 281621314 소성로",205,-107.702705,-6.59552574,-317.754242,1.87391388,0.0141622573
"Road 281621314 소성로",206,-109.18158,-6.60303259,-320.741547,1.87391388,0.0177485216
"Road 281621314 소성로",207,-107.41111,-6.61629248,-316.0389,3.74778366,0.0120570725
"Road 281621314 소성로",208,-110.077148,-6.61048746,-320.2982,1.87361252,0.0159380864
"Road 281621314 소성로",209,-108.598335,-6.60276842,-317.310852,1.87361252,0.0117811626
"Road 281621314 소성로",210,-110.368782,-6.631518,-322.01355,3.74726915,0.01623855
"Road 281621314 소성로",211,-109.046143,-6.605997,-317.0892,1.87380052,0.012249779
"Road 281621314 소성로",212,-110.52494,-6.613716,-320.076538,1.87380052,0.0162870213
"Road 281621314 소성로",213,-108.754555,-6.62660837,-315.373871,3.74766088,0.0126595367
"Road 281621314 소성로",214,-111.420555,-6.619576,-319.6332,1.87369931,0.01552332
"Road 281621314 소성로",215,-109.941772,-6.612513,-316.645874,1.87369931,0.0115029458
"Road 281621314 소성로",216,-111.712151,-6.64139128,-321.348541,3.74733877,0.0158928558
"Road 281621314 소성로",217,-110.389565,-6.61550856,-316.424225,1.87368226,0.0132231126
"Road 281621314 소성로",218,-111.868347,-6.62257147,-319.41156,1.87368226,0.0168376677
"Road 281621314 소성로",219,-110.097969,-6.63639,-314.708832,3.74740863,0.0121001136
"Road 281621314 소성로",220,-112.763969,-6.628746,-318.9682,1.87384987,0.0157820154
"Road 281621314 소성로",221,-111.285164,-6.622145,-315.980865,1.87384987,0.01229582
"Road 281621314 소성로",222,-113.05555,-6.65005445,-320.683563,3.74765563,0.0154424384
"Road 281621314 소성로",223,-111.732994,-6.62618256,-315.759155,1.87383306,0.0141087761
"Road 281621314 소성로",224,-113.211792,-6.63278341,-318.7465,1.87383306,0.0172315966
"Road 281621314 소성로",225,-111.441406,-6.646197,-314.043823,3.74766612,0.0111765889
"Road 281621314 소성로",226,-114.1074,-6.64015055,-318.3032,1.87369931,0.0153068742
"Road 281621314 소성로",227,-112.628624,-6.63277245,-315.3158,1.87369931,0.0113546308
"Road 281621314 소성로",228,-114.398987,-6.66017675,-320.018524,3.74739861,0.0156118479
"Road 281621314 소성로",229,-113.076393,-6.63602066,-315.094147,1.87358,0.0119996388
"Road 281621314 소성로",230,-114.555176,-6.643399,-318.081543,1.87358,0.015791107
"Road 281621314 소성로",231,-112.784782,-6.65561438,-313.3788,3.747204,0.0118712438
"Road 281621314 소성로",232,-115.450813,-6.64932871,-317.638184,1.87391818,0.0148967821
"Road 281621314 소성로",233,-113.971977,-6.64225245,-314.650848,1.87391818,0.0108741764
"Road 281621314 소성로",234,-115.7424,-6.67006874,-319.353516,3.74779224,0.0153468875
"Road 281621314 소성로",235,-114.4198,-6.64519167,-314.429138,1.8738327,0.0126879727
"Road 281621314 소성로",236,-115.898643,-6.652268,-317.416473,1.8738327,0.01626837
"Road 281621314 소성로",237,-114.1282,-6.665371,-312.713776,3.74766541,0.0120135965
"Road 281621314 소성로",238,-116.794228,-6.657991,-316.9731,1.873699,0.0150322085
"Road 281621314 소성로",239,-115.315407,-6.65217,-313.985748,1.873699,0.0120130163
"Road 281621314 소성로",240,-117.085854,-6.678268,-318.688446,3.747398,0.0144452769
"Road 281621314 소성로",241,-115.763222,-6.656243,-313.764069,1.873887,0.0137923891
"Road 281621314 소성로",242,-117.242043,-6.6620636,-316.751434,1.873887,0.0164883584
"Road 281621314 소성로",243,-115.471657,-6.67506361,-312.048737,3.747774,0.0102285538
"Road 281621314 소성로",244,-118.137611,-6.670072,-316.308136,1.87358272,0.0148196323
"Road 281621314 소성로",245,-116.658875,-6.66233444,-313.32074,1.87358272,0.0107060829
"Road 281621314 소성로",246,-118.429222,-6.688622,-318.023468,3.74716544,0.0156575758
"Road 281621314 소성로",247,-117.106651,-6.665603,-313.0991,1.873634,0.0115571208
"Road 281621314 소성로",248,-118.585388,-6.67334032,-316.0865,1.873634,0.0154454941
"Road 281621314 소성로",249,-116.815063,-6.684059,-311.383759,3.747312,0.01133127
"Road 281621314 소성로",250,-119.481056,-6.678943,-315.643127,1.87393534,0.0141900666
"Road 281621314 소성로",251,-118.002258,-6.671873,-312.6558,1.87393534,0.0101797031
"Road 281621314 소성로",252,-119.772614,-6.69886732,-317.3585,3.74782658,0.014516972
"Road 281621314 소성로",253,-118.450073,-6.67475557,-312.434082,1.87373054,0.0121044517
"Road 281621314 소성로",254,-119.928871,-6.68182564,-315.421417,1.87373054,0.0156286359
"Road 281621314 소성로",255,-118.15847,-6.6932807,-310.71875,3.747461,0.0107619055
"Road 281621314 소성로",256,-120.824486,-6.687589,-314.978058,1.87376726,0.01448802
"Road 281621314 소성로",257,-119.345665,-6.68124247,-311.990723,1.87376726,0.0112838233
"Road 281621314 소성로",258,-121.116081,-6.706697,-316.693451,3.74753451,0.0138165383
"Road 281621314 소성로",259,-119.793465,-6.685351,-311.769073,1.87375057,0.0130880792
"Road 281621314 소성로",260,-121.272285,-6.6916976,-314.7564,1.87375057,0.0159329772
"Road 281621314 소성로",261,-119.501869,-6.702806,-310.0537,3.74754524,0.009726812
"Road 281621314 소성로",262,-122.167885,-6.69929171,-314.31308,1.87374759,0.01394865
"Road 281621314 소성로",263,-120.689087,-6.69172335,-311.3257,1.87374759,0.00998137
"Road 281621314 소성로",264,-122.459496,-6.71672,-316.0284,3.74745131,0.0145635568
"Road 281621314 소성로",265,-121.136894,-6.69484758,-311.104034,1.8737818,0.0106328
"Road 281621314 소성로",266,-122.615692,-6.702416,-314.0914,1.8737818,0.0144219166
"Road 281621314 소성로",267,-120.8453,-6.711945,-309.3887,3.7475636,0.0107339006
"Road 281621314 소성로",268,-123.511314,-6.70809746,-313.648041,1.8737818,0.0135114556
"Road 281621314 소성로",269,-122.032509,-6.70108461,-310.660675,1.8737818,0.009620647
"Road 281621314 소성로",270,-123.80291,-6.726526,-315.363373,3.7475636,0.01385465
"Road 281621314 소성로",271,-122.480324,-6.704077,-310.439,1.873799,0.0115020135
"Road 281621314 소성로",272,-123.959129,-6.71108961,-313.426361,1.873799,0.0149096707
"Road 281621314 소성로",273,-122.188728,-6.72156668,-308.723663,3.74753785,0.0105234385
"Road 281621314 소성로",274,-124.854736,-6.71722746,-312.983,1.87369287,0.0139779374
"Road 281621314 소성로",275,-123.375938,-6.710913,-309.995667,1.87369287,0.0108717382
"Road 281621314 소성로",276,-125.146324,-6.73489237,-314.698364,3.74744582,0.0133447573
"Road 281621314 소성로",277,-123.82373,-6.71505737,-309.774017,1.87367582,0.0126553066
"Road 281621314 소성로",278,-125.302521,-6.721371,-312.761353,1.87367582,0.0154060135
"Road 281621314 소성로",279,-123.532127,-6.73208046,-308.0587,3.74739575,0.0101093408
"Road 281621314 소성로",280,-126.198128,-6.728916,-312.318024,1.87378311,0.0133029111
"Road 281621314 소성로",281,-124.719322,-6.72204828,-309.330658,1.87378311,0.009723856
"Road 281621314 소성로",282,-126.489723,-6.745262,-314.033356,3.747522,0.0139683885
"Road 281621314 소성로",283,-125.167122,-6.725178,-309.108978,1.87373185,0.0105274878
"Road 281621314 소성로",284,-126.645935,-6.73204565,-312.096344,1.87373185,0.013901297
"Road 281621314 소성로",285,-124.875519,-6.741718,-307.393646,3.74743533,0.0103027141
"Road 281621314 소성로",286,-127.541565,-6.73806524,-311.652954,1.87383175,0.0130362278
"Road 281621314 소성로",287,-126.062721,-6.73126745,-308.665649,1.87383044,0.00927261
"Road 281621314 소성로",288,-127.833168,-6.755383,-313.368317,3.74770761,0.0136323413
"Road 281621314 소성로",289,-126.510551,-6.734218,-308.44397,1.87379634,0.0112108625
"Road 281621314 소성로",290,-127.989388,-6.741016,-311.431274,1.87379754,0.0144791417
"Road 281621314 소성로",291,-126.218941,-6.75106573,-306.7286,3.74762082,0.0101462882
"Road 281621314 소성로",292,-128.884979,-6.74714327,-310.987946,1.87369764,0.0140240937
"Road 281621314 소성로",293,-127.406166,-6.74130869,-308.00058,1.87369764,0.0114214495
"Road 281621314 소성로",294,-129.17659,-6.763697,-312.703278,3.74735117,0.0125760185
"Road 281621314 소성로",295,-127.853973,-6.745972,-307.7789,1.87386858,0.0128135448
"Road 281621314 소성로",296,-129.332779,-6.75180626,-310.766266,1.87386858,0.0151788332
"Road 281621314 소성로",297,-127.5624,-6.762282,-306.063568,3.7477212,0.010002967
"Road 281621314 소성로",298,-130.228378,-6.75878668,-310.3229,1.8736614,0.0118358368
"Road 281621314 소성로",299,-128.749619,-6.75303268,-307.335571,1.87366259,0.008689227
"Road 281621314 소성로",300,-130.519974,-6.77387,-312.038269,3.7473228,0.0126528833
"Road 281621314 소성로",301,-129.1974,-6.75568438,-307.113922,1.873731,0.009989886
"Road 281621314 소성로",302,-130.676163,-6.76143837,-310.101257,1.87372971,0.0128210159
"Road 281621314 소성로",303,-128.905838,-6.771749,-305.398529,3.74752188,0.010186566
"Road 281621314 소성로",304,-131.571823,-6.76813841,-309.657928,1.873837,0.0128871752
"Road 281621314 소성로",305,-130.093033,-6.762188,-306.670563,1.873837,0.009900098
"Road 281621314 소성로",306,-131.863373,-6.783453,-311.3733,3.74763,0.0132421283
"Road 281621314 소성로",307,-130.540833,-6.76596975,-306.448883,1.87363219,0.01185637
"Road 281621314 소성로",308,-132.0196,-6.77191973,-309.436279,1.87363219,0.014444516
"Road 281621314 소성로",309,-130.249222,-6.782225,-304.733551,3.74726439,0.009980158
"Road 281621314 소성로",310,-132.915222,-6.77833033,-308.99292,1.87380278,0.0125416238
"Road 281621314 소성로",311,-131.4364,-6.77332449,-306.005585,1.87380278,0.0102050267
"Road 281621314 소성로",312,-133.206818,-6.793182,-310.708252,3.74760556,0.0117201256
"Road 281621314 소성로",313,-131.884216,-6.77713346,-305.7839,1.87380278,0.0109805092
"Road 281621314 소성로",314,-133.363037,-6.782139,-308.77124,1.87380278,0.0131803351
"Road 281621314 소성로",315,-131.592621,-6.79281473,-304.0685,3.74757385,0.009925998
"Road 281621314 소성로",316,-134.258636,-6.78907061,-308.327881,1.87373185,0.0119258044
"Road 281621314 소성로",317,-132.779831,-6.784146,-305.340546,1.87373185,0.009516068
"Road 281621314 소성로",318,-134.550247,-6.802746,-310.0432,3.74749517,0.0121588558
"Road 281621314 소성로",319,-133.227646,-6.787615,-305.118866,1.87380016,0.010613055
"Road 281621314 소성로",320,-134.706436,-6.7925396,-308.1062,1.87380016,0.0128180459
"Road 281621314 소성로",321,-132.93605,-6.80350828,-303.403473,3.747632,0.0104801
"Road 281621314 소성로",322,-135.602036,-6.7983036,-307.662872,1.87370062,0.0110181132
"Road 281621314 소성로",323,-134.12326,-6.79453135,-304.6755,1.87370062,0.009034127
"Road 281621314 소성로",324,-135.893646,-6.812205,-309.3782,3.74736953,0.0111706164
"Road 281621314 소성로",325,-134.57106,-6.79759073,-304.453827,1.87370062,0.0106856516
"Road 281621314 소성로",326,-136.049835,-6.801363,-307.4412,1.87370062,0.0124082966
"Road 281621314 소성로",327,-134.279465,-6.813644,-302.7385,3.747433,0.0100017563
"Road 281621314 소성로",328,-136.945465,-6.807289,-306.997833,1.87383187,0.0114135854
"Road 281621314 소성로",329,-135.46666,-6.804421,-304.0105,1.87383187,0.0100732353
"Road 281621314 소성로",330,-137.237045,-6.820284,-308.713226,3.747632,0.0106504746
"Road 281621314 소성로",331,-135.914474,-6.80812454,-303.788818,1.87376344,0.01105108
"Road 281621314 소성로",332,-137.39328,-6.81099272,-306.776154,1.87376344,0.0122853918
"Road 281621314 소성로",333,-135.622879,-6.823694,-302.0735,3.74755859,0.00945388
"Road 281621314 소성로",334,-138.2889,-6.818224,-306.3328,1.87379766,0.0111430166
"Road 281621314 소성로",335,-136.8101,-6.81474257,-303.345459,1.87379766,0.009471188
"Road 281621314 소성로",336,-138.58049,-6.830044,-308.0482,3.7475636,0.0117045976
"Road 281621314 소성로",337,-137.257889,-6.81801558,-303.1238,1.87366128,0.0100122932
"Road 281621314 소성로",338,-138.7367,-6.821497,-306.111145,1.87366128,0.0116063487
"Road 281621314 소성로",339,-136.966278,-6.833147,-301.408478,3.74732256,0.009460614
"Road 281621314 소성로",340,-139.632324,-6.827577,-305.6678,1.87383175,0.0107178362
"Road 281621314 소성로",341,-138.153488,-6.82424355,-302.680481,1.87383175,0.009055594
"Road 281621314 소성로",342,-139.923935,-6.83996248,-307.383148,3.7476635,0.0109129855
"Road 281621314 소성로",343,-138.6013,-6.82746553,-302.4588,1.87372923,0.0103568127
"Road 281621314 소성로",344,-140.080139,-6.83079958,-305.4461,1.87372923,0.0118379537
"Road 281621314 소성로",345,-138.309677,-6.84256554,-300.743439,3.747534,0.009334375
"Road 281621314 소성로",346,-140.975739,-6.83654261,-305.002747,1.87379718,0.010504608
"Road 281621314 소성로",347,-139.4969,-6.833883,-302.0154,1.87379718,0.009234921
"Road 281621314 소성로",348,-141.267349,-6.848559,-306.718079,3.74751878,0.0100432718
"Road 281621314 소성로",349,-139.944717,-6.837044,-301.7937,1.87396812,0.00971962
"Road 281621314 소성로",350,-141.423569,-6.839703,-304.781036,1.87396812,0.010932765
"Road 281621314 소성로",351,-139.653152,-6.85184526,-300.078369,3.74789214,0.009257598
"Road 281621314 소성로",352,-142.319153,-6.8459,-304.337738,1.87355661,0.0101271635
"Road 281621314 소성로",353,-140.8404,-6.84295654,-301.350342,1.87355661,0.008610555
"Road 281621314 소성로",354,-142.610764,-6.857449,-306.05307,3.74715734,0.0109183993
"Road 281621314 소성로",355,-141.288162,-6.84599447,-301.1287,1.873693,0.0102841249
"Road 281621314 소성로",356,-142.766922,-6.848938,-304.1161,1.873693,0.0115837166
"Road 281621314 소성로",357,-140.996582,-6.86071253,-299.413361,3.74735427,0.008857728
"Road 281621314 소성로",358,-143.662552,-6.85527754,-303.67276,1.873769,0.0102692991
"Road 281621314 소성로",359,-142.183762,-6.85181665,-300.6854,1.873769,0.008488865
"Road 281621314 소성로",360,-143.954117,-6.86711645,-305.3881,3.74756956,0.0110088848
"Road 281621314 소성로",361,-142.631577,-6.85484171,-300.4637,1.87373447,0.0101288585
"Road 281621314 소성로",362,-144.110352,-6.85830259,-303.45108,1.87373447,0.0116619989
"Road 281621314 소성로",363,-142.339966,-6.869285,-298.748383,3.74739313,0.00872186851
"Road 281621314 소성로",364,-145.005966,-6.86423063,-303.007721,1.87380016,0.010949173
"Road 281621314 소성로",365,-143.527176,-6.8612175,-300.020355,1.87380016,0.009649567
"Road 281621314 소성로",366,-145.297562,-6.87575865,-304.723083,3.74767613,0.009844072
"Road 281621314 소성로",367,-143.974976,-6.86478043,-299.798676,1.87376606,0.00964774
"Road 281621314 소성로",368,-145.453781,-6.86779356,-302.786041,1.87376606,0.0109476484
"Road 281621314 소성로",369,-143.683365,-6.878298,-298.083344,3.747488,0.008230604
"Road 281621314 소성로",370,-146.34938,-6.87349367,-302.342682,1.87373221,0.009222243
"Road 281621314 소성로",371,-144.87059,-6.87009764,-299.355347,1.87373221,0.007367805
"Road 281621314 소성로",372,-146.640991,-6.884707,-304.058,3.74750853,0.0102103883
"Road 281621314 소성로",373,-145.3184,-6.87273,-299.133667,1.87376606,0.009663379
"Road 281621314 소성로",374,-146.7972,-6.876126,-302.121,1.87376606,0.0111423023
"Road 281621314 소성로",375,-145.0268,-6.886539,-297.418335,3.74753213,0.008630149
"Road 281621314 소성로",376,-147.69281,-6.88202858,-301.677643,1.87376606,0.009790995
"Road 281621314 소성로",377,-146.214,-6.878632,-298.6903,1.87376606,0.008075697
"Road 281621314 소성로",378,-147.984421,-6.893332,-303.393036,3.74753213,0.0102217169
"Road 281621314 소성로",379,-146.661819,-6.88157654,-298.468628,1.87380016,0.00954700448
"Road 281621314 소성로",380,-148.14061,-6.88497353,-301.455963,1.87380016,0.0110358819
"Road 281621314 소성로",381,-146.370224,-6.895246,-296.7533,3.747632,0.008482369
"Road 281621314 소성로",382,-149.036209,-6.890612,-301.012665,1.87370062,0.0100975633
"Road 281621314 소성로",383,-147.557434,-6.887712,-298.025269,1.87370062,0.008790844
"Road 281621314 소성로",384,-149.32782,-6.90154266,-302.728,3.74736953,0.00943588652
"Road 281621314 소성로",385,-148.005219,-6.89090872,-297.803619,1.87359834,0.009061163
"Road 281621314 소성로",386,-149.484,-6.893809,-300.791016,1.87359834,0.0103335846
"Road 281621314 소성로",387,-147.713608,-6.90291643,-296.0883,3.74724078,0.00659723673
"Road 281621314 소성로",388,-150.379639,-6.89967728,-300.347656,1.87389982,0.009384567
"Road 281621314 소성로",389,-148.9008,-6.89538527,-297.360321,1.87389982,0.007287488
"Road 281621314 소성로",390,-150.671219,-6.91010857,-302.063,3.74775553,0.009944239
"Road 281621314 소성로",391,-149.348618,-6.898464,-297.1386,1.87383139,0.009335227
"Road 281621314 소성로",392,-150.827469,-6.90275574,-300.125946,1.87383139,0.0110504916
"Road 281621314 소성로",393,-149.057022,-6.910255,-295.423248,3.74769449,0.007358404
"Road 281621314 소성로",394,-151.723053,-6.90873766,-299.6826,1.87373185,0.009297492
"Road 281621314 소성로",395,-150.244247,-6.904169,-296.695221,1.87373185,0.00709074456
"Road 281621314 소성로",396,-152.014664,-6.91911554,-301.397919,3.747432,0.009734495
"Road 281621314 소성로",397,-150.692062,-6.90707541,-296.473541,1.87380016,0.0086068
"Road 281621314 소성로",398,-152.170853,-6.911644,-299.4609,1.87380016,0.0104994979
"Road 281621314 소성로",399,-150.400467,-6.91879272,-294.7582,3.747588,0.007892444
"Road 281621314 소성로",400,-153.066452,-6.91728,-299.0176,1.87366676,0.009738934
"Road 281621314 소성로",401,-151.587677,-6.913374,-296.0302,1.87366676,0.008103072
"Road 281621314 소성로",402,-153.358063,-6.92726755,-300.7329,3.747346,0.008971867
"Road 281621314 소성로",403,-152.035461,-6.91658831,-295.808563,1.87370026,0.008262726
"Road 281621314 소성로",404,-153.514236,-6.92049456,-298.795929,1.87370026,0.009872832
"Road 281621314 소성로",405,-151.743866,-6.92730951,-294.093231,3.74735641,0.006616624
"Road 281621314 소성로",406,-154.409866,-6.926762,-298.35257,1.87383687,0.00912099
"Road 281621314 소성로",407,-152.931046,-6.92170954,-295.3652,1.87383687,0.00672933925
"Road 281621314 소성로",408,-154.701462,-6.93626833,-300.067932,3.74771786,0.0101462929
"Road 281621314 소성로",409,-153.378891,-6.924521,-295.143524,1.87387109,0.008020316
"Road 281621314 소성로",410,-154.857712,-6.92957354,-298.1309,1.87387109,0.0101109818
"Road 281621314 소성로",411,-153.087326,-6.935024,-293.428162,3.747818,0.006923991
"Road 281621314 소성로",412,-155.753311,-6.93525934,-297.687531,1.873732,0.008897804
"Road 281621314 소성로",413,-154.274551,-6.929602,-294.700165,1.873732,0.005910682
"Road 281621314 소성로",414,-156.0449,-6.945734,-299.402863,3.74738812,0.0100798812
"Road 281621314 소성로",415,-154.722336,-6.93174028,-294.4785,1.87366426,0.00704110228
"Road 281621314 소성로",416,-156.2011,-6.93739748,-297.465881,1.87366426,0.009685222
"Road 281621314 소성로",417,-154.43074,-6.94245768,-292.763184,3.747341,0.00724613061
"Road 281621314 소성로",418,-157.096725,-6.94282,-297.022552,1.87379766,0.0108015258
"Road 281621314 소성로",419,-155.617935,-6.93761969,-294.0352,1.87379766,0.008874267
"Road 281621314 소성로",420,-157.3883,-6.953316,-298.737885,3.747583,0.009259608
"Road 281621314 소성로",421,-156.06572,-6.94140434,-293.8135,1.87366092,0.008763123
"Road 281621314 소성로",422,-157.544525,-6.946605,-296.800873,1.87366092,0.010710706
"Road 281621314 소성로",423,-155.7741,-6.950861,-292.098175,3.747246,0.005539372
"Road 281621314 소성로",424,-158.44014,-6.95228148,-296.357483,1.8738,0.00860182848
"Road 281621314 소성로",425,-156.961288,-6.94623566,-293.370178,1.8738,0.005683372
"Road 281621314 소성로",426,-158.73175,-6.962107,-298.072845,3.747676,0.00920686
"Road 281621314 소성로",427,-157.409119,-6.948803,-293.148468,1.87390232,0.00731993234
"Road 281621314 소성로",428,-158.887955,-6.954849,-296.135773,1.87390232,0.009760847
"Road 281621314 소성로",429,-157.117538,-6.95837355,-291.4331,3.74783635,0.007189652
"Road 281621314 소성로",430,-159.783539,-6.96055841,-295.692474,1.87363219,0.009069181
"Road 281621314 소성로",431,-158.304764,-6.95455742,-292.705078,1.87363219,0.00630648574
"Road 281621314 소성로",432,-160.07515,-6.97041941,-297.4078,3.747233,0.009590805
"Road 281621314 소성로",433,-158.752548,-6.957356,-292.483429,1.873769,0.00760846538
"Road 281621314 소성로",434,-160.231339,-6.96335745,-295.470825,1.873769,0.0100180823
"Road 281621314 소성로",435,-158.460983,-6.9675765,-290.7681,3.74750638,0.007954799
"Road 281621314 소성로",436,-161.126938,-6.96950674,-295.0275,1.87369812,0.0106456429
"Road 281621314 소성로",437,-159.648178,-6.96433258,-292.040131,1.87369812,0.00888739
"Road 281621314 소성로",438,-161.418518,-6.97875071,-296.742828,3.7474277,0.009090849
"Road 281621314 소성로",439,-160.095963,-6.96816826,-291.818451,1.873732,0.008408217
"Road 281621314 소성로",440,-161.574722,-6.97334242,-294.805817,1.873732,0.0102493009
"Road 281621314 소성로",441,-159.804367,-6.977389,-290.103119,3.74738812,0.00633288547
"Road 281621314 소성로",442,-162.470383,-6.979349,-294.362457,1.87387109,0.008319317
"Road 281621314 소성로",443,-160.991562,-6.973631,-291.3751,1.87387109,0.005596499
"Road 281621314 소성로",444,-162.761948,-6.988281,-296.07782,3.747818,0.009330868
"Road 281621314 소성로",445,-161.439377,-6.976216,-291.1534,1.87373435,0.00731395045
"Road 281621314 소성로",446,-162.9182,-6.981934,-294.140778,1.87373435,0.009559713
"Road 281621314 소성로",447,-161.147766,-6.98553467,-289.43808,3.7474246,0.00704110367
"Road 281621314 소성로",448,-163.813828,-6.9875083,-293.6974,1.87379754,0.008710765
"Road 281621314 소성로",449,-162.334976,-6.98194742,-290.710083,1.87379754,0.006203319
"Road 281621314 소성로",450,-164.105423,-6.9968133,-295.41275,3.74763918,0.009101524
"Road 281621314 소성로",451,-162.7828,-6.984617,-290.4884,1.87389982,0.00708387839
"Road 281621314 소성로",452,-164.261642,-6.99017763,-293.4757,1.87389982,0.009358407
"Road 281621314 소성로",453,-162.491226,-6.99403238,-288.773041,3.74779963,0.006922533
"Road 281621314 소성로",454,-165.157227,-6.995463,-293.032379,1.87363219,0.009139266
"Road 281621314 소성로",455,-163.678452,-6.99044847,-290.045,1.87363219,0.007157318
"Road 281621314 소성로",456,-165.448837,-7.00460768,-294.7477,3.74726439,0.008456293
"Road 281621314 소성로",457,-164.126236,-6.99348974,-289.823334,1.87373483,0.007261335
"Road 281621314 소성로",458,-165.605026,-6.998504,-292.8107,1.87373483,0.00922076
"Road 281621314 소성로",459,-163.834641,-7.002979,-288.108,3.74746966,0.00722127454
"Road 281621314 소성로",460,-166.500626,-7.004725,-292.3674,1.87373483,0.00925465
"Road 281621314 소성로",461,-165.021851,-6.99961233,-289.38,1.87373483,0.00725346571
"Road 281621314 소성로",462,-166.792221,-7.013107,-294.082733,3.74746966,0.009341649
"Road 281621314 소성로",463,-165.46965,-7.00290251,-289.158356,1.87373447,0.00800983
"Road 281621314 소성로",464,-166.948425,-7.008016,-292.145721,1.87373447,0.009858992
"Road 281621314 소성로",465,-165.17804,-7.012566,-287.443,3.74739313,0.007512358
"Road 281621314 소성로",466,-167.84404,-7.013928,-291.702362,1.87380016,0.008664784
"Road 281621314 소성로",467,-166.36525,-7.00927,-288.715,1.87380016,0.00673265476
"Road 281621314 소성로",468,-168.135635,-7.022337,-293.417725,3.74767613,0.008724662
"Road 281621314 소성로",469,-166.813065,-7.012123,-288.493317,1.87380016,0.00712680444
"Road 281621314 소성로",470,-168.291855,-7.016781,-291.480682,1.87380016,0.008974475
"Road 281621314 소성로",471,-166.521469,-7.021522,-286.777985,3.747632,0.006915074
"Road 281621314 소성로",472,-169.187454,-7.022119,-291.037323,1.87370062,0.008799649
"Road 281621314 소성로",473,-167.708679,-7.01800156,-288.05,1.87370062,0.0072407024
"Road 281621314 소성로",474,-169.479065,-7.030297,-292.7527,3.74736953,0.008002461
"Road 281621314 소성로",475,-168.156479,-7.020949,-287.828339,1.873769,0.00682537
"Road 281621314 소성로",476,-169.635269,-7.02506638,-290.815674,1.873769,0.008461072
"Road 281621314 소성로",477,-167.864914,-7.030377,-286.112946,3.74755049,0.00724233873
"Road 281621314 소성로",478,-170.530869,-7.03067827,-290.372345,1.873732,0.007898358
"Road 281621314 소성로",479,-169.052109,-7.02644539,-287.384979,1.873732,0.005885985
"Road 281621314 소성로",480,-170.822449,-7.038728,-292.087677,3.74745131,0.009007309
"Road 281621314 소성로",481,-169.4999,-7.028845,-287.1633,1.87359583,0.00689079845
"Road 281621314 소성로",482,-170.978638,-7.03307772,-290.1507,1.87359583,0.008672757
"Road 281621314 소성로",483,-169.208267,-7.03907061,-285.448,3.74726748,0.007809844
"Road 281621314 소성로",484,-171.874313,-7.03908157,-289.707336,1.87396812,0.008924591
"Road 281621314 소성로",485,-170.395477,-7.034821,-286.72,1.87396812,0.007080107
"Road 281621314 소성로",486,-172.1659,-7.047565,-291.422668,3.74786067,0.009503525
"Road 281621314 소성로",487,-170.8433,-7.037788,-286.4983,1.87379718,0.007825374
"Road 281621314 소성로",488,-172.322144,-7.042049,-289.485626,1.87379718,0.009526979
"Road 281621314 소성로",489,-170.5517,-7.04814,-284.782928,3.74759436,0.007213891
"Road 281621314 소성로",490,-173.217728,-7.04772139,-289.042267,1.87370014,0.009417428
"Road 281621314 소성로",491,-171.7389,-7.04395247,-286.0549,1.87370014,0.008027783
"Road 281621314 소성로",492,-173.509354,-7.05617,-290.7576,3.74740028,0.008290236
"Road 281621314 소성로",493,-172.186722,-7.047226,-285.833221,1.87387109,0.00756995566
"Road 281621314 소성로",494,-173.665527,-7.050995,-288.8206,1.87387109,0.00902998
"Road 281621314 소성로",495,-171.895142,-7.056543,-284.1179,3.747698,0.00603192765
"Road 281621314 소성로",496,-174.561142,-7.05644035,-288.3773,1.87363,0.008088907
"Road 281621314 소성로",497,-173.082352,-7.052305,-285.3899,1.87363,0.006316811
"Road 281621314 소성로",498,-174.852737,-7.0644474,-290.092621,3.7473042,0.008247327
"Road 281621314 소성로",499,-173.530136,-7.055141,-285.168243,1.87362969,0.007484606
"Road 281621314 소성로",500,-175.008911,-7.059276,-288.15564,1.87362969,0.009030654
"Road 281621314 소성로",501,-173.238525,-7.0646534,-283.4529,3.74725938,0.00714005437
"Road 281621314 소성로",502,-175.904556,-7.064985,-287.71225,1.87393391,0.00767655624
"Road 281621314 소성로",503,-174.42572,-7.06059647,-284.724945,1.87393391,0.00544883776
"Road 281621314 소성로",504,-176.196121,-7.073176,-289.4276,3.74786782,0.009139342
"Road 281621314 소성로",505,-174.87355,-7.06268263,-284.503235,1.87379754,0.006495017
"Road 281621314 소성로",506,-176.3524,-7.06707048,-287.49054,1.87379754,0.008451264
"Road 281621314 소성로",507,-174.581955,-7.07260561,-282.787872,3.74760747,0.00719611347
"Road 281621314 소성로",508,-177.247986,-7.07235336,-287.0472,1.87370014,0.009436509
"Road 281621314 소성로",509,-175.769165,-7.068479,-284.059845,1.87370014,0.008009255
"Road 281621314 소성로",510,-177.539612,-7.080868,-288.762543,3.747388,0.008295325
"Road 281621314 소성로",511,-176.216965,-7.07173967,-283.838165,1.87383687,0.007507039
"Road 281621314 소성로",512,-177.6958,-7.0756135,-286.825531,1.87383687,0.00901388
"Road 281621314 소성로",513,-175.925369,-7.08098459,-282.122833,3.74764228,0.00599160464
"Road 281621314 소성로",514,-178.59137,-7.08096,-286.382172,1.87363219,0.008124016
"Road 281621314 소성로",515,-177.1126,-7.07682371,-283.394836,1.87363219,0.006381554
"Road 281621314 소성로",516,-178.88298,-7.08899546,-288.097534,3.747296,0.008100414
"Road 281621314 소성로",517,-177.560379,-7.07966471,-283.1732,1.87370062,0.00736957137
"Road 281621314 소성로",518,-179.039139,-7.08380127,-286.160522,1.87370062,0.008920983
"Road 281621314 소성로",519,-177.2688,-7.089098,-281.457825,3.747433,0.00713862758
"Road 281621314 소성로",520,-179.934769,-7.08878756,-285.7172,1.87383187,0.00727144955
"Road 281621314 소성로",521,-178.455978,-7.08510542,-282.729828,1.87383187,0.005423286
"Road 281621314 소성로",522,-180.226364,-7.09691668,-287.432526,3.747632,0.008013119
"Road 281621314 소성로",523,-178.9038,-7.08719873,-282.508148,1.87369514,0.00649748649
"Road 281621314 소성로",524,-180.382584,-7.09088135,-285.4955,1.87369514,0.008104498
"Road 281621314 소성로",525,-178.612183,-7.09707,-280.792816,3.74737763,0.007177674
"Road 281621314 소성로",526,-181.278244,-7.0965023,-285.052124,1.873866,0.009257817
"Road 281621314 소성로",527,-179.7994,-7.0930047,-282.064819,1.873866,0.007991391
"Road 281621314 소성로",528,-181.569824,-7.10425,-286.7675,3.74774432,0.008405569
"Road 281621314 소성로",529,-180.247238,-7.09609032,-281.84314,1.87389982,0.006912823
"Road 281621314 소성로",530,-181.726074,-7.099587,-284.830444,1.87389982,0.008344876
"Road 281621314 소성로",531,-179.955643,-7.10445738,-280.127777,3.747768,0.00473557133
"Road 281621314 소성로",532,-182.621628,-7.104943,-284.387115,1.8735981,0.007559022
"Road 281621314 소성로",533,-181.142868,-7.0996995,-281.39975,1.8735981,0.00488369865
"Road 281621314 소성로",534,-182.913254,-7.11319733,-286.102448,3.74722767,0.00902007
"Road 281621314 소성로",535,-181.590652,-7.10185766,-281.17807,1.87380314,0.006614755
"Road 281621314 소성로",536,-183.069412,-7.107101,-284.165436,1.87380314,0.008777128
"Road 281621314 소성로",537,-181.299072,-7.11086845,-279.462738,3.74760628,0.006762982
"Road 281621314 소성로",538,-183.965042,-7.112522,-283.722137,1.873693,0.008755083
"Road 281621314 소성로",539,-182.486282,-7.107406,-280.734741,1.873693,0.006641418
"Road 281621314 소성로",540,-184.2566,-7.12122726,-285.437469,3.747386,0.008708932
"Road 281621314 소성로",541,-182.934036,-7.110187,-280.5131,1.8735224,0.006799919
"Road 281621314 소성로",542,-184.4128,-7.115303,-283.5005,1.8735224,0.008875918
"Road 281621314 소성로",543,-182.642441,-7.11933,-278.79776,3.74712062,0.006868597
"Road 281621314 소성로",544,-185.308472,-7.12026,-283.057129,1.87396812,0.00821359
"Road 281621314 소성로",545,-183.829636,-7.11566162,-280.0698,1.87396812,0.00618224
"Road 281621314 소성로",546,-185.600037,-7.129044,-284.772461,3.74786067,0.008176745
"Road 281621314 소성로",547,-184.277451,-7.11805,-279.848083,1.87379718,0.00618145661
"Road 281621314 소성로",548,-185.756287,-7.12264824,-282.835419,1.87379718,0.008213279
"Road 281621314 소성로",549,-183.98584,-7.125997,-278.132751,3.74755025,0.00459870836
"Road 281621314 소성로",550,-186.6519,-7.12841368,-282.392029,1.87376332,0.008886233
"Road 281621314 소성로",551,-185.17305,-7.121989,-279.404724,1.87376332,0.006248101
"Road 281621314 소성로",552,-186.943527,-7.13701868,-284.1074,3.74757075,0.009491743
"Road 281621314 소성로",553,-185.6209,-7.12484026,-279.183044,1.873866,0.006892132
"Road 281621314 소성로",554,-187.099731,-7.131264,-282.170349,1.873866,0.009350102
"Road 281621314 소성로",555,-185.3293,-7.1324563,-277.467682,3.747776,0.005321953
"Road 281621314 소성로",556,-187.9953,-7.136301,-281.72702,1.87363219,0.00804515
"Road 281621314 소성로",557,-186.516525,-7.129411,-278.7397,1.87363219,0.00465056859
"Road 281621314 소성로",558,-188.286911,-7.145771,-283.442352,3.74722028,0.008792716
"Road 281621314 소성로",559,-186.96431,-7.131413,-278.518036,1.873769,0.00556402234
"Road 281621314 소성로",560,-188.4431,-7.13830328,-281.505371,1.873769,0.008605335
"Road 281621314 소성로",561,-186.672729,-7.13914871,-276.802643,3.74755049,0.00593059324
"Road 281621314 소성로",562,-189.3387,-7.143341,-281.062042,1.87376869,0.00937872
"Road 281621314 소성로",563,-187.85994,-7.136589,-278.074677,1.87376869,0.00685398653
"Road 281621314 소성로",564,-189.6303,-7.1527915,-282.777374,3.74752474,0.008688286
"Road 281621314 소성로",565,-188.307739,-7.13947248,-277.853,1.87366641,0.006187716
"Road 281621314 소성로",566,-189.7865,-7.1462245,-280.840363,1.87366641,0.008903301
"Road 281621314 소성로",567,-188.016113,-7.146744,-276.137665,3.747301,0.005296822
"Road 281621314 소성로",568,-190.682129,-7.151743,-280.397,1.87380278,0.008669822
"Road 281621314 소성로",569,-189.203308,-7.144148,-277.409668,1.87380278,0.00529846177
"Road 281621314 소성로",570,-190.973709,-7.161091,-282.1124,3.747637,0.009448047
"Road 281621314 소성로",571,-189.651123,-7.1464324,-277.188,1.87380278,0.00551787857
"Road 281621314 소성로",572,-191.129944,-7.15402746,-280.175323,1.87380278,0.008805629
"Road 281621314 소성로",573,-189.359543,-7.15345573,-275.472656,3.74757385,0.005259186
"Road 281621314 소성로",574,-192.025558,-7.15857935,-279.731964,1.87373185,0.008464686
"Road 281621314 소성로",575,-190.546753,-7.15067244,-276.744629,1.87373185,0.00455073547
"Road 281621314 소성로",576,-192.317154,-7.16895866,-281.447357,3.74749517,0.009038324
"Road 281621314 소성로",577,-190.994553,-7.15268469,-276.52298,1.8737663,0.005515147
"Road 281621314 소성로",578,-192.473343,-7.16059256,-279.5103,1.8737663,0.00901962351
"Road 281621314 소성로",579,-190.702942,-7.1603694,-274.807617,3.74754524,0.00621859636
"Road 281621314 소성로",580,-193.368958,-7.165384,-279.067,1.87372923,0.009608304
"Road 281621314 소성로",581,-191.890152,-7.158068,-276.07962,1.87372923,0.006837886
"Road 281621314 소성로",582,-193.660568,-7.17559242,-280.782318,3.747446,0.008750571
"Road 281621314 소성로",583,-192.337967,-7.16093874,-275.857941,1.87379766,0.00612497376
"Road 281621314 소성로",584,-193.816772,-7.16825438,-278.8453,1.87379766,0.00911459047
"Road 281621314 소성로",585,-192.046371,-7.167291,-274.1426,3.7475636,0.00376598747
"Road 281621314 소성로",586,-194.48848,-7.18841028,-278.5128,7.49512243,0.00624912838
"Road 281621314 소성로",587,-194.420792,-7.179724,-276.686584,3.74766374,0.0286351163
"Road 281621314 소성로",588,-193.389816,-7.173823,-273.47757,3.747632,0.00629357761
"Road 281621314 소성로",589,-196.0558,-7.1804595,-277.7369,1.87370062,0.008668461
"Road 281621314 소성로",590,-194.577026,-7.171948,-274.749573,1.87370062,0.00445991242
"Road 281621314 소성로",591,-196.3474,-7.19112062,-279.452271,3.747433,0.00929932
"Road 281621314 소성로",592,-195.024826,-7.173863,-274.527924,1.87373483,0.005113074
"Road 281621314 소성로",593,-196.5036,-7.182375,-277.515259,1.87373483,0.009021861
"Road 281621314 소성로",594,-194.733231,-7.180982,-272.812531,3.74751377,0.005554359
"Road 281621314 소성로",595,-197.399216,-7.18641329,-277.07193,1.87376869,0.009047227
"Road 281621314 소성로",596,-195.920425,-7.178475,-274.084564,1.87376869,0.00560002262
"Road 281621314 소성로",597,-197.6908,-7.19743156,-278.787262,3.74749327,0.008636232
"Road 281621314 소성로",598,-196.368225,-7.18064928,-273.862885,1.87359834,0.00489105936
"Road 281621314 소성로",599,-197.847,-7.18858767,-276.850281,1.87359834,0.00862614252
"Road 281621314 소성로",600,-196.076614,-7.18737364,-272.147583,3.74724078,0.00470983936
"Road 281621314 소성로",601,-198.74263,-7.19286871,-276.406921,1.87389982,0.008856018
"Road 281621314 소성로",602,-197.2638,-7.184519,-273.4196,1.87389982,0.0049990816
"Road 281621314 소성로",603,-199.034225,-7.20366144,-278.122253,3.74775553,0.00900535751
"Road 281621314 소성로",604,-197.711624,-7.186821,-273.197876,1.87379718,0.005824593
"Road 281621314 소성로",605,-199.190475,-7.195171,-276.1852,1.87379718,0.009347044
"Road 281621314 소성로",606,-197.42,-7.194433,-271.482544,3.74755025,0.00650192471
"Road 281621314 소성로",607,-200.086075,-7.199288,-275.741821,1.87376332,0.008418904
"Road 281621314 소성로",608,-198.607239,-7.191679,-272.754517,1.87376332,0.004365876
"Road 281621314 소성로",609,-200.377686,-7.21039248,-277.457184,3.74757075,0.008848057
"Road 281621314 소성로",610,-199.055054,-7.19347334,-272.532837,1.873866,0.00558192236
"Road 281621314 소성로",611,-200.53389,-7.201082,-275.520142,1.873866,0.009108904
"Road 281621314 소성로",612,-198.763474,-7.20149,-270.817474,3.747776,0.00584606174
"Road 281621314 소성로",613,-201.429489,-7.20550537,-275.0768,1.87363219,0.009650882
"Road 281621314 소성로",614,-199.950684,-7.198479,-272.089478,1.87363219,0.00694159651
"Road 281621314 소성로",615,-201.721085,-7.216125,-276.792145,3.74722028,0.008599628
"Road 281621314 소성로",616,-200.398483,-7.20132446,-271.867828,1.87370062,0.00615244731
"Road 281621314 소성로",617,-201.877258,-7.2083497,-274.855164,1.87370062,0.009099678
"Road 281621314 소성로",618,-200.106873,-7.20855951,-270.152466,3.74736953,0.004781699
"Road 281621314 소성로",619,-202.772873,-7.213104,-274.411835,1.87380016,0.008671062
"Road 281621314 소성로",620,-201.294067,-7.205651,-271.424469,1.87380016,0.005440159
"Road 281621314 소성로",621,-203.064468,-7.22303772,-276.127167,3.747632,0.00865224749
"Road 281621314 소성로",622,-201.7419,-7.20794249,-271.2028,1.87380016,0.00537215639
"Road 281621314 소성로",623,-203.2207,-7.215395,-274.190155,1.87380016,0.008628559
"Road 281621314 소성로",624,-201.4503,-7.214901,-269.487457,3.74760032,0.005218227
"Road 281621314 소성로",625,-204.116287,-7.21953249,-273.7468,1.87372673,0.008178453
"Road 281621314 소성로",626,-202.6375,-7.21212244,-270.75943,1.87372673,0.00454115635
"Road 281621314 소성로",627,-204.4079,-7.22976351,-275.462128,3.74745345,0.008465731
"Road 281621314 소성로",628,-203.085312,-7.214028,-270.53775,1.87376094,0.00514891651
"Road 281621314 소성로",629,-204.5641,-7.22143745,-273.525116,1.87376094,0.00853088
"Road 281621314 소성로",630,-202.793716,-7.22155952,-268.822418,3.74747777,0.006007406
"Road 281621314 소성로",631,-205.4597,-7.22545576,-273.081818,1.87366676,0.008595904
"Road 281621314 소성로",632,-203.980911,-7.218836,-270.094421,1.87366676,0.005737036
"Road 281621314 소성로",633,-205.751282,-7.23558855,-274.797119,3.74737763,0.008144211
"Road 281621314 소성로",634,-204.428711,-7.220985,-269.872772,1.87370026,0.004966881
"Road 281621314 소성로",635,-205.907471,-7.227604,-272.860138,1.87370026,0.008102668
"Road 281621314 소성로",636,-204.1371,-7.22847557,-268.15744,3.74738812,0.005483003
"Road 281621314 소성로",637,-206.803116,-7.232098,-272.416779,1.87387109,0.008478187
"Road 281621314 소성로",638,-205.3243,-7.225117,-269.4294,1.87387109,0.00513701933
"Road 281621314 소성로",639,-207.094711,-7.2420764,-274.132141,3.74775457,0.008956457
"Road 281621314 소성로",640,-205.772141,-7.22721624,-269.207733,1.87387109,0.00559702562
"Road 281621314 소성로",641,-207.250961,-7.234197,-272.1951,1.87387109,0.008764537
"Road 281621314 소성로",642,-205.480545,-7.235281,-267.492371,3.74778628,0.006063412
"Road 281621314 소성로",643,-208.146561,-7.23837137,-271.75174,1.87369776,0.008386885
"Road 281621314 소성로",644,-206.66777,-7.231699,-268.764374,1.87369776,0.00500741648
"Road 281621314 소성로",645,-208.438156,-7.248934,-273.467072,3.74735141,0.008700828
"Road 281621314 소성로",646,-207.115555,-7.233599,-268.5427,1.87373221,0.005549274
"Road 281621314 소성로",647,-208.59436,-7.240271,-271.53006,1.87373221,0.008720986
"Road 281621314 소성로",648,-206.82399,-7.24209738,-266.827362,3.74746442,0.00611274969
"Road 281621314 소성로",649,-209.489975,-7.244566,-271.086761,1.873769,0.008932218
"Road 281621314 소성로",650,-208.011185,-7.23825026,-268.099365,1.873769,0.006079509
"Road 281621314 소성로",651,-209.78154,-7.25508547,-272.8021,3.747538,0.008682196
"Road 281621314 소성로",652,-208.458984,-7.24038553,-267.877716,1.87363219,0.00532101374
"Road 281621314 소성로",653,-209.937759,-7.24670172,-270.8651,1.87363219,0.008434509
"Road 281621314 소성로",654,-208.167358,-7.2488,-266.162384,3.74726439,0.00577150937
"Road 281621314 소성로",655,-210.83342,-7.251658,-270.421722,1.87389982,0.009119858
"Road 281621314 소성로",656,-209.354568,-7.24448824,-267.434418,1.87389982,0.005593329
"Road 281621314 소성로",657,-211.125,-7.26228571,-272.1371,3.74779963,0.009918762
"Road 281621314 소성로",658,-209.802383,-7.246605,-267.2127,1.87379754,0.00589746563
"Road 281621314 소성로",659,-211.281235,-7.25377464,-270.2,1.87379754,0.009309387
"Road 281621314 소성로",660,-209.510788,-7.254868,-265.497345,3.74763918,0.00519866729
"Road 281621314 소성로",661,-212.176834,-7.2579093,-269.756683,1.87373435,0.008982093
"Road 281621314 소성로",662,-210.698,-7.250368,-266.769318,1.87373435,0.00510008959
"Road 281621314 소성로",663,-212.468445,-7.269579,-271.472015,3.7474246,0.009247893
"Road 281621314 소성로",664,-211.1458,-7.25226355,-266.547638,1.87373435,0.005621458
"Road 281621314 소성로",665,-212.624634,-7.25980425,-269.535,1.87373435,0.009288065
"Road 281621314 소성로",666,-210.8542,-7.26121664,-264.8323,3.74745631,0.00662233075
"Road 281621314 소성로",667,-213.5202,-7.264103,-269.091644,1.873698,0.009492454
"Road 281621314 소성로",668,-212.0414,-7.25715256,-266.1043,1.873698,0.00625268742
"Road 281621314 소성로",669,-213.811829,-7.27570772,-270.807,3.74740839,0.009270299
"Road 281621314 소성로",670,-212.489212,-7.25927544,-265.882629,1.87390244,0.00548312953
"Road 281621314 소성로",671,-213.968018,-7.26622534,-268.869965,1.87390244,0.009004394
"Road 281621314 소성로",672,-212.197647,-7.267631,-264.167267,3.74776077,0.005142446
"Road 281621314 소성로",673,-214.863632,-7.27086258,-268.4266,1.87369812,0.00957256
"Road 281621314 소성로",674,-213.384872,-7.262878,-265.43927,1.87369812,0.00565209426
"Road 281621314 소성로",675,-215.155212,-7.282566,-270.142,3.74744034,0.009995718
"Road 281621314 소성로",676,-213.832657,-7.26501226,-265.217621,1.8736639,0.00582825532
"Road 281621314 소성로",677,-215.311417,-7.272997,-268.204956,1.8736639,0.009677667
"Road 281621314 소성로",678,-213.541061,-7.27408934,-263.5023,3.7472837,0.006693423
"Road 281621314 소성로",679,-216.207047,-7.276755,-267.761627,1.87380052,0.009197934
"Road 281621314 소성로",680,-214.728256,-7.269653,-264.7743,1.87380052,0.00547802448
"Road 281621314 소성로",681,-216.498642,-7.289177,-269.476959,3.74764514,0.009243742
"Road 281621314 소성로",682,-215.176041,-7.271543,-264.5526,1.87366343,0.00595224
"Road 281621314 소성로",683,-216.654846,-7.278646,-267.539948,1.87366343,0.009488425
"Road 281621314 소성로",684,-214.884415,-7.28062963,-262.83728,3.74735856,0.005779943
"Road 281621314 소성로",685,-217.550491,-7.28326,-267.096558,1.87390482,0.0098651005
"Road 281621314 소성로",686,-216.071609,-7.27573347,-264.109253,1.87390482,0.0063060415
"Road 281621314 소성로",687,-217.842087,-7.295258,-268.81192,3.747778,0.009863108
"Road 281621314 소성로",688,-216.51947,-7.277843,-263.887573,1.873939,0.00551045639
"Road 281621314 소성로",689,-217.998337,-7.2853694,-266.874878,1.873939,0.009376474
"Road 281621314 소성로",690,-216.227859,-7.286045,-262.1722,3.747878,0.00479472755
"Road 281621314 소성로",691,-218.8939,-7.290073,-266.431549,1.8735981,0.0100291008
"Road 281621314 소성로",692,-217.415115,-7.281172,-263.444183,1.8735981,0.00567540247
"Road 281621314 소성로",693,-219.185532,-7.30247259,-268.146881,3.7471962,0.0104294457
"Road 281621314 소성로",694,-217.8629,-7.28304148,-263.2225,1.87373483,0.00491942652
"Road 281621314 소성로",695,-219.341675,-7.2919426,-266.209869,1.87373483,0.009621326
"Road 281621314 소성로",696,-217.5713,-7.2912674,-261.507172,3.74746966,0.005567288
"Road 281621314 소성로",697,-220.237289,-7.29518938,-265.766571,1.87373483,0.009742389
"Road 281621314 소성로",698,-218.7585,-7.286196,-262.779175,1.87373483,0.00446719537
"Road 281621314 소성로",699,-220.528885,-7.309162,-267.4819,3.74746966,0.0101339854
"Road 281621314 소성로",700,-219.206314,-7.28734732,-262.557526,1.87380278,0.005331945
"Road 281621314 소성로",701,-220.6851,-7.29634047,-265.5449,1.87380278,0.0101680662
"Road 281621314 소성로",702,-218.914749,-7.297056,-260.842163,3.747574,0.006959558
"Road 281621314 소성로",703,-221.580688,-7.30010176,-265.101532,1.873732,0.0106356945
"Road 281621314 소성로",704,-220.101929,-7.29197645,-262.114166,1.873732,0.006651339
"Road 281621314 소성로",705,-221.8723,-7.314175,-266.8169,3.74749541,0.01031083
"Road 281621314 소성로",706,-220.549728,-7.294073,-261.8925,1.87366426,0.00587119441
"Road 281621314 소성로",707,-222.028488,-7.30219841,-264.879883,1.87366426,0.0101656336
"Road 281621314 소성로",708,-220.258133,-7.303247,-260.177155,3.74737263,0.00538851973
"Road 281621314 소성로",709,-222.924149,-7.30690527,-264.436554,1.87386858,0.0108538689
"Road 281621314 소성로",710,-221.445358,-7.29753876,-261.4492,1.87386858,0.00615391228
"Road 281621314 소성로",711,-223.215714,-7.320738,-266.1519,3.747693,0.0111688338
"Road 281621314 소성로",712,-221.893143,-7.29970932,-261.2275,1.87366343,0.00607363461
"Road 281621314 소성로",713,-223.371948,-7.309075,-264.214874,1.87366343,0.0108088637
"Road 281621314 소성로",714,-221.6015,-7.30995,-259.512177,3.74732685,0.0076637906
"Road 281621314 소성로",715,-224.267563,-7.313101,-263.771484,1.87383389,0.0105944443
"Road 281621314 소성로",716,-222.788712,-7.304706,-260.784149,1.87383389,0.00605111849
"Road 281621314 소성로",717,-224.559189,-7.327711,-265.486847,3.74766779,0.0107626924
"Road 281621314 소성로",718,-223.236526,-7.306586,-260.562439,1.87390232,0.00645756256
"Road 281621314 소성로",719,-224.715378,-7.314981,-263.549774,1.87390232,0.0108316457
"Road 281621314 소성로",720,-222.944946,-7.317019,-258.8471,3.74779224,0.006563414
"Road 281621314 소성로",721,-225.610962,-7.319294,-263.106476,1.87359834,0.0110392226
"Road 281621314 소성로",722,-224.132187,-7.310924,-260.11908,1.87359834,0.00686574169
"Road 281621314 소성로",723,-225.902588,-7.33378458,-264.821777,3.74720931,0.0108791832
"Road 281621314 소성로",724,-224.579956,-7.313008,-259.89743,1.87370062,0.00608169474
"Road 281621314 소성로",725,-226.058762,-7.321378,-262.8848,1.87370062,0.0105695762
"Road 281621314 소성로",726,-224.288376,-7.32297134,-258.1821,3.74736953,0.00603776844
"Road 281621314 소성로",727,-226.954361,-7.32613754,-262.441437,1.87380016,0.0113248518
"Road 281621314 소성로",728,-225.475571,-7.31677675,-259.4541,1.87380016,0.006570098
"Road 281621314 소성로",729,-227.245956,-7.34070253,-264.15683,3.747632,0.01161434
"Road 281621314 소성로",730,-225.923386,-7.31865644,-259.232422,1.87380016,0.0056326394
"Road 281621314 소성로",731,-227.402176,-7.32801771,-262.219757,1.87380016,0.010807992
"Road 281621314 소성로",732,-225.631775,-7.329185,-257.5171,3.74762249,0.00725835329
"Road 281621314 소성로",733,-228.297791,-7.330848,-261.7764,1.87372673,0.0108555732
"Road 281621314 소성로",734,-226.818985,-7.322336,-258.789063,1.87373185,0.005826149
"Road 281621314 소성로",735,-228.5894,-7.347058,-263.4918,3.74745345,0.0110157579
"Road 281621314 소성로",736,-227.2668,-7.3235836,-258.5674,1.87376642,0.00671549654
"Road 281621314 소성로",737,-228.7456,-7.33209562,-261.554749,1.8737613,0.0113574918
"Road 281621314 소성로",738,-226.97522,-7.33620262,-256.852051,3.74752331,0.008804813
"Road 281621314 소성로",739,-229.641235,-7.33613157,-261.11142,1.87383437,0.0118062878
"Road 281621314 소성로",740,-228.16243,-7.329035,-258.124054,1.87383437,0.008268212
"Road 281621314 소성로",741,-229.932816,-7.351811,-262.826752,3.74765635,0.0113245528
"Road 281621314 소성로",742,-228.610229,-7.33112764,-257.902374,1.87369764,0.006863627
"Road 281621314 소성로",743,-230.08905,-7.33822441,-260.88974,1.87369764,0.010869165
"Road 281621314 소성로",744,-228.3186,-7.343534,-256.187042,3.74739528,0.00759697147
"Road 281621314 소성로",745,-230.984619,-7.34312057,-260.446381,1.87373435,0.0120319016
"Road 281621314 소성로",746,-229.505814,-7.33496857,-257.459,1.87373435,0.00764928339
"Road 281621314 소성로",747,-231.276245,-7.35878229,-262.1617,3.74746871,0.012606944
"Road 281621314 소성로",748,-229.953613,-7.337071,-257.237335,1.87387109,0.007621891
"Road 281621314 소성로",749,-231.432449,-7.345224,-260.2247,1.87387109,0.0120142819
"Road 281621314 소성로",750,-229.662064,-7.349886,-255.521988,3.747774,0.00776634831
"Road 281621314 소성로",751,-232.328049,-7.348881,-259.781342,1.87369812,0.0116887065
"Road 281621314 소성로",752,-230.849289,-7.341169,-256.793976,1.87369812,0.007390138
"Road 281621314 소성로",753,-232.619644,-7.365751,-261.4967,3.74736452,0.0117023941
"Road 281621314 소성로",754,-231.297073,-7.343118,-256.572357,1.8736639,0.007876604
"Road 281621314 소성로",755,-232.775833,-7.35083,-259.5597,1.8736639,0.0120022427
"Road 281621314 소성로",756,-231.005478,-7.35689163,-254.857,3.7473278,0.008850028
"Road 281621314 소성로",757,-233.671463,-7.35536528,-259.116364,1.87383437,0.012232597
"Road 281621314 소성로",758,-232.192673,-7.34843445,-256.129,1.87383437,0.008710534
"Road 281621314 소성로",759,-233.963058,-7.37153435,-260.8317,3.74766874,0.011893861
"Road 281621314 소성로",760,-232.640488,-7.35050154,-255.907333,1.87376606,0.007351325
"Road 281621314 소성로",761,-234.119278,-7.357432,-258.894684,1.87376606,0.0113052037
"Road 281621314 소성로",762,-232.348877,-7.364506,-254.191971,3.74753213,0.008966775
"Road 281621314 소성로",763,-235.0149,-7.36236048,-258.451324,1.87376606,0.0125406291
"Road 281621314 소성로",764,-233.536087,-7.354996,-255.463974,1.87376606,0.008548322
"Road 281621314 소성로",765,-235.3065,-7.378801,-260.166656,3.74753213,0.0130540291
"Road 281621314 소성로",766,-233.983887,-7.35679865,-255.2423,1.87380016,0.007834479
"Road 281621314 소성로",767,-235.462692,-7.364163,-258.229645,1.87380016,0.0120652858
"Road 281621314 소성로",768,-233.6923,-7.370847,-253.526932,3.74754667,0.008323836
"Road 281621314 소성로",769,-236.358322,-7.36667967,-257.7863,1.87369549,0.0120733613
"Road 281621314 소성로",770,-234.879517,-7.35969353,-254.79895,1.87370062,0.007923792
"Road 281621314 소성로",771,-236.6499,-7.38519669,-259.501617,3.74746656,0.0121230669
"Road 281621314 소성로",772,-235.327316,-7.360952,-254.577271,1.87376857,0.00861643
"Road 281621314 소성로",773,-236.8061,-7.36793756,-257.5646,1.87376344,0.0125389425
"Road 281621314 소성로",774,-235.035721,-7.37698364,-252.861923,3.7475152,0.0101659372
"Road 281621314 소성로",775,-237.701721,-7.371879,-257.1213,1.87375164,0.0128440391
"Road 281621314 소성로",776,-236.222916,-7.366256,-254.133911,1.87375164,0.009894289
"Road 281621314 소성로",777,-237.9933,-7.38959265,-258.836639,3.74750328,0.0124015426
"Road 281621314 소성로",778,-236.670715,-7.36863947,-253.912247,1.87371743,0.009208501
"Road 281621314 소성로",779,-238.149521,-7.37426329,-256.899628,1.87371743,0.0123235807
"Road 281621314 소성로",780,-236.3791,-7.38445139,-252.1969,3.747413,0.009226978
"Road 281621314 소성로",781,-239.0451,-7.37986135,-256.456268,1.87369549,0.0133126033
"Road 281621314 소성로",782,-237.5663,-7.37310839,-253.468933,1.87370062,0.00978074
"Road 281621314 소성로",783,-239.336716,-7.3968277,-258.171631,3.74743485,0.0135631757
"Road 281621314 소성로",784,-238.014114,-7.37499475,-253.247269,1.87380278,0.008280505
"Road 281621314 소성로",785,-239.49292,-7.38174772,-256.234619,1.87379766,0.0122528747
"Road 281621314 소성로",786,-237.722534,-7.39049768,-251.5319,3.74760556,0.009371914
"Road 281621314 소성로",787,-240.38855,-7.38405466,-255.79126,1.87379766,0.01287806
"Road 281621314 소성로",788,-238.909744,-7.377596,-252.803909,1.87380278,0.009002683
"Road 281621314 소성로",789,-240.68013,-7.40370941,-257.5066,3.74759531,0.0128577007
"Road 281621314 소성로",790,-239.357559,-7.378528,-252.58223,1.87387121,0.00973919
"Road 281621314 소성로",791,-240.836365,-7.384987,-255.56958,1.87386608,0.013403194
"Road 281621314 소성로",792,-239.066,-7.39642572,-250.866867,3.7477107,0.0109674763
"Road 281621314 소성로",793,-241.731979,-7.38945532,-255.126221,1.873732,0.0140197221
"Road 281621314 소성로",794,-240.25322,-7.38388252,-252.13887,1.87372684,0.0111094881
"Road 281621314 소성로",795,-242.02356,-7.408458,-256.841583,3.74745131,0.0135338111
"Road 281621314 소성로",796,-240.701,-7.386236,-251.917191,1.87359071,0.009828482
"Road 281621314 소성로",797,-242.179764,-7.391809,-254.904556,1.87359583,0.0130276289
"Road 281621314 소성로",798,-240.409378,-7.40256357,-250.201859,3.74725723,0.009210771
"Road 281621314 소성로",799,-243.0754,-7.39716,-254.461227,1.87387109,0.0142801572
"Road 281621314 소성로",800,-241.596573,-7.38931274,-251.473877,1.873866,0.0100922817
"Road 281621314 소성로",801,-243.366989,-7.41598463,-256.176575,3.74766636,0.0145173781
"Road 281621314 소성로",802,-242.044388,-7.39149427,-251.2522,1.8736608,0.009092063
"Road 281621314 소성로",803,-243.5232,-7.399342,-254.239548,1.87366593,0.0135920588
"Road 281621314 소성로",804,-241.752747,-7.40801573,-249.536865,3.74735332,0.009926751
"Road 281621314 소성로",805,-244.418808,-7.402228,-253.796158,1.87383389,0.0134862708
"Road 281621314 소성로",806,-242.939957,-7.395205,-250.808838,1.87382877,0.00934403948
"Road 281621314 소성로",807,-244.710434,-7.42288637,-255.51152,3.74763632,0.0135330893
"Road 281621314 소성로",808,-243.3878,-7.39644861,-250.587158,1.87391448,0.009570064
"Road 281621314 소성로",809,-244.866638,-7.40347147,-253.574463,1.87391961,0.0136436606
"Road 281621314 소성로",810,-243.0962,-7.41388369,-248.871811,3.747851,0.0103731444
"Road 281621314 소성로",811,-245.7622,-7.406807,-253.131149,1.87357855,0.0138466088
"Road 281621314 소성로",812,-244.283447,-7.40044355,-250.143784,1.87357855,0.0102606481
"Road 281621314 소성로",813,-246.053833,-7.42727041,-254.846481,3.747157,0.013737889
"Road 281621314 소성로",814,-244.731247,-7.402118,-249.922119,1.87376642,0.009767419
"Road 281621314 소성로",815,-246.21,-7.4084816,-252.9095,1.87376642,0.0134850545
"Road 281621314 소성로",816,-244.439651,-7.41921949,-248.206787,3.747555,0.009860471
"Road 281621314 소성로",817,-247.105637,-7.41441965,-252.466171,1.87378335,0.0155448094
"Road 281621314 소성로",818,-245.626877,-7.405899,-249.4788,1.87378335,0.01118477
"Road 281621314 소성로",819,-247.3972,-7.43410349,-254.181519,3.74754477,0.0156399738
"Road 281621314 소성로",820,-246.074646,-7.407997,-249.257141,1.87354445,0.008976855
"Road 281621314 소성로",821,-247.5534,-7.41651773,-252.2445,1.87354445,0.0140402373
"Road 281621314 소성로",822,-245.78302,-7.42450476,-247.541809,3.74712038,0.009803959
"Road 281621314 소성로",823,-248.449051,-7.418267,-251.801132,1.87396812,0.0147535847
"Road 281621314 소성로",824,-246.970215,-7.409989,-248.813828,1.87396812,0.009794185
"Road 281621314 소성로",825,-248.740646,-7.44130325,-253.5165,3.74790454,0.0145067712
"Road 281621314 소성로",826,-247.418045,-7.4106884,-248.592117,1.87383139,0.0103668543
"Road 281621314 소성로",827,-248.8969,-7.41896629,-251.579422,1.87383139,0.0151398974
"Road 281621314 소성로",828,-247.126419,-7.429746,-246.876755,3.74766278,0.0115090245
"Road 281621314 소성로",829,-249.79248,-7.422571,-251.136063,1.8736608,0.0153075866
"Road 281621314 소성로",830,-248.313644,-7.41585732,-248.148727,1.8736608,0.01172784
"Road 281621314 소성로",831,-250.0841,-7.44473839,-252.851425,3.74732161,0.0147810271
"Road 281621314 소성로",832,-248.761459,-7.41815948,-247.927048,1.87390018,0.0104607036
"Road 281621314 소성로",833,-250.24028,-7.42487335,-250.914383,1.87390018,0.0143593941
"Road 281621314 소성로",834,-248.4699,-7.43611526,-246.211685,3.74780035,0.0102559393
"Road 281621314 소성로",835,-251.135849,-7.43066645,-250.471085,1.87355924,0.0160980616
"Road 281621314 소성로",836,-249.6571,-7.421997,-247.4837,1.87355924,0.0116565274
"Road 281621314 소성로",837,-251.427444,-7.45149946,-252.186417,3.74711847,0.0159277543
"Road 281621314 소성로",838,-250.104874,-7.42410469,-247.262039,1.8736614,0.009344893
"Road 281621314 소성로",839,-251.583618,-7.432775,-250.249435,1.8736614,0.014512145
"Road 281621314 소성로",840,-249.813309,-7.441538,-245.5467,3.7473228,0.0104647
"Road 281621314 소성로",841,-252.4793,-7.43501472,-249.806076,1.8739053,0.01560461
"Road 281621314 소성로",842,-251.000488,-7.426294,-246.818726,1.8739053,0.0103792865
"Road 281621314 소성로",843,-252.770828,-7.45892859,-251.521439,3.7478106,0.0154361213
"Road 281621314 소성로",844,-251.4483,-7.427009,-246.597046,1.87373435,0.0109416246
"Road 281621314 소성로",845,-252.927109,-7.4357295,-249.5844,1.87373435,0.0159842614
"Road 281621314 소성로",846,-251.1567,-7.44693565,-244.8817,3.74747849,0.0118904915
"Road 281621314 소성로",847,-253.822708,-7.439146,-249.141037,1.87380016,0.01596917
"Road 281621314 소성로",848,-252.343918,-7.43208551,-246.153687,1.87380016,0.0121670626
"Road 281621314 소성로",849,-254.114319,-7.462717,-250.8564,3.74759078,0.0154935727
"Road 281621314 소성로",850,-252.791733,-7.43396759,-245.932,1.87380016,0.0106013119
"Road 281621314 소성로",851,-254.270523,-7.441028,-248.919357,1.87380016,0.0148109673
"Road 281621314 소성로",852,-252.500122,-7.452616,-244.216675,3.74754667,0.0108785657
"Road 281621314 소성로",853,-255.166138,-7.446062,-248.476028,1.87370062,0.0166235212
"Road 281621314 소성로",854,-253.687332,-7.43677664,-245.4887,1.87370062,0.0114808688
"Road 281621314 소성로",855,-255.457748,-7.468963,-250.19136,3.747455,0.0169352982
"Road 281621314 소성로",856,-254.135132,-7.43866968,-245.267014,1.87371743,0.0104371514
"Road 281621314 소성로",857,-255.613937,-7.44795561,-248.254349,1.87371743,0.0159207284
"Road 281621314 소성로",858,-253.843521,-7.45792627,-243.551651,3.74746656,0.0114756022
"Road 281621314 소성로",859,-256.509552,-7.45056343,-247.81102,1.87380278,0.01628224
"Road 281621314 소성로",860,-255.030746,-7.4418664,-244.823669,1.87380016,0.0110916207
"Road 281621314 소성로",861,-256.801147,-7.47590971,-249.526367,3.74760556,0.0162792336
"Road 281621314 소성로",862,-255.478561,-7.443216,-244.60199,1.87378323,0.0117163351
"Road 281621314 소성로",863,-256.957367,-7.45191336,-247.58934,1.87378585,0.016713934
"Road 281621314 소성로",864,-255.186951,-7.464029,-242.886642,3.74747157,0.0121919792
"Road 281621314 소성로",865,-257.853,-7.45549059,-247.146,1.87372923,0.0165081713
"Road 281621314 소성로",866,-256.374146,-7.448223,-244.158646,1.87372923,0.0125644207
"Road 281621314 소성로",867,-258.144562,-7.479994,-248.861328,3.74752188,0.01606921
"Road 281621314 소성로",868,-256.82193,-7.450086,-243.936951,1.87381458,0.0110453125
"Road 281621314 소성로",869,-258.300781,-7.45735359,-246.9243,1.87381458,0.0153834466
"Road 281621314 소성로",870,-256.530365,-7.46938944,-242.2216,3.74762917,0.0112649836
"Road 281621314 소성로",871,-259.196381,-7.462328,-246.480942,1.87371743,0.0171697289
"Road 281621314 소성로",872,-257.71756,-7.45281,-243.493591,1.87371743,0.0118962759
"Road 281621314 소성로",873,-259.488,-7.48617554,-248.196289,3.74743485,0.0173959751
"Road 281621314 소성로",874,-258.165375,-7.45472,-243.271927,1.87352991,0.0107861124
"Road 281621314 소성로",875,-259.644165,-7.46423864,-246.259277,1.87352991,0.0164199732
"Road 281621314 소성로",876,-257.8737,-7.47398567,-241.556625,3.747038,0.0112368083
"Road 281621314 소성로",877,-260.539825,-7.467362,-245.815918,1.87395108,0.0170959067
"Road 281621314 소성로",878,-259.0609,-7.45731735,-242.828659,1.87395108,0.0111089237
"Road 281621314 소성로",879,-260.831421,-7.493549,-247.531265,3.747924,0.017169958
"Road 281621314 소성로",880,-259.501434,-7.45827675,-242.61055,1.81284153,0.0112418151
"Road 281621314 소성로",881,-260.980377,-7.46832132,-245.597824,1.81284153,0.0171829145
"Road 281621314 소성로",882,-259.195221,-7.47932863,-240.90239,3.62576842,0.0127842035
"Road 281621314 소성로",883,-261.847137,-7.470927,-245.168655,1.81376731,0.01719806
"Road 281621314 소성로",884,-260.368,-7.46272039,-242.181473,1.81376731,0.0125416089
"Road 281621314 소성로",885,-262.153229,-7.49758,-246.876877,3.62744927,0.01704885
"Road 281621314 소성로",886,-260.801422,-7.46428442,-241.966873,1.8132894,0.0117245652
"Road 281621314 소성로",887,-262.280548,-7.472491,-244.954086,1.8132894,0.01661187
"Road 281621314 소성로",888,-260.4952,-7.48493242,-240.258713,3.62666416,0.0120583717
"Road 281621314 소성로",889,-263.1472,-7.477802,-244.524948,1.81337476,0.0185855348
"Road 281621314 소성로",890,-261.668121,-7.46776152,-241.53772,1.81337476,0.0132470466
"Road 281621314 소성로",891,-263.4534,-7.50318,-246.233109,3.62666416,0.0184119157
"Road 281621314 소성로",892,-262.101471,-7.46996164,-241.323166,1.81335783,0.0112463394
"Road 281621314 소성로",893,-263.580536,-7.480003,-244.310364,1.81335783,0.0172166172
"Road 281621314 소성로",894,-261.795258,-7.490249,-239.61499,3.626779,0.0119572505
"Road 281621314 소성로",895,-264.4472,-7.4819355,-243.881241,1.81325567,0.0179413557
"Road 281621314 소성로",896,-262.96817,-7.472052,-240.894028,1.81325567,0.0120172771
"Road 281621314 소성로",897,-264.753418,-7.51017332,-245.5894,3.626448,0.0176697168
"Road 281621314 소성로",898,-263.4015,-7.472442,-240.679489,1.8132726,0.0122128623
"Road 281621314 소성로",899,-264.880524,-7.482325,-243.6667,1.8132726,0.0180729628
"Road 281621314 소성로",900,-263.095276,-7.494947,-238.971313,3.62660861,0.0134593826
"Road 281621314 소성로",901,-265.747223,-7.48501968,-243.2376,1.8133409,0.0181722715
"Road 281621314 소성로",902,-264.268158,-7.476982,-240.250366,1.8133409,0.0137298452
"Road 281621314 소성로",903,-266.053436,-7.5128684,-244.945755,3.62661839,0.01784954
"Road 281621314 소성로",904,-264.7015,-7.479095,-240.035812,1.8133409,0.0125555331
"Road 281621314 소성로",905,-266.180573,-7.48713255,-243.023026,1.8133409,0.0173022076
"Road 281621314 소성로",906,-264.3953,-7.500521,-238.327637,3.6266818,0.012350875
"Road 281621314 소성로",907,-267.047272,-7.491837,-242.593872,1.813353,0.018429298
"Road 281621314 소성로",908,-265.5682,-7.48174524,-239.606689,1.813353,0.01263391
"Road 281621314 소성로",909,-267.3535,-7.51865,-244.302063,3.626706,0.018696513
"Road 281621314 소성로",910,-266.001526,-7.48336649,-239.392136,1.81318235,0.0120584089
"Road 281621314 소성로",911,-267.480621,-7.49345827,-242.379318,1.81318235,0.018039614
"Road 281621314 소성로",912,-265.6953,-7.50436974,-237.68396,3.62645,0.0121752806
"Road 281621314 소성로",913,-268.34726,-7.495601,-241.9502,1.81335282,0.0187175125
"Road 281621314 소성로",914,-266.8682,-7.48503351,-238.963013,1.81335282,0.0123831043
"Road 281621314 소성로",915,-268.653473,-7.52502871,-243.658371,3.62662029,0.0184430256
"Road 281621314 소성로",916,-267.3015,-7.48522329,-238.748428,1.81328452,0.0124497851
"Road 281621314 소성로",917,-268.7806,-7.49579048,-241.735641,1.81328452,0.01876174
"Road 281621314 소성로",918,-266.9953,-7.50867271,-237.040268,3.626547,0.0142726479
"Road 281621314 소성로",919,-269.1692,-7.47455931,-240.613342,0.9066729,0.010322866
"Road 281621314 소성로",920,-270.4952,-7.513597,-242.74646,0.453333974,0.0290057082
"Road 281621314 소성로",921,-269.755646,-7.48271751,-241.252869,0.453336447,0.00847788
"Road 281621314 소성로",922,-268.168182,-7.48978472,-238.31929,1.8133409,0.0142171318
"Road 281621314 소성로",923,-269.953522,-7.528391,-243.0147,3.6267035,0.0191505328
"Road 281621314 소성로",924,-268.601532,-7.492043,-238.104736,1.81344306,0.0135433115
"Road 281621314 소성로",925,-269.972321,-7.483916,-241.145584,0.4533449,0.0111108609
"Road 281621314 소성로",926,-270.711884,-7.514795,-242.639175,0.453342438,0.02988171
"Road 281621314 소성로",927,-269.8192,-7.47801542,-240.2915,0.906721532,0.009449885
"Road 281621314 소성로",928,-268.29538,-7.51423264,-236.396561,3.62682271,0.0126790907
"Road 281621314 소성로",929,-270.947327,-7.5055356,-240.6628,1.81320417,0.01936458
"Road 281621314 소성로",930,-269.468231,-7.49425459,-237.675583,1.81320417,0.0127729867
"Road 281621314 소성로",931,-271.25354,-7.534664,-242.370972,3.626472,0.01952313
"Road 281621314 소성로",932,-269.901581,-7.495931,-237.461014,1.8133409,0.01271546
"Road 281621314 소성로",933,-271.380646,-7.507212,-240.448242,1.8133409,0.0193264727
"Road 281621314 소성로",934,-269.595428,-7.517717,-235.752853,3.62672353,0.0124946143
"Road 281621314 소성로",935,-272.2473,-7.509896,-240.019165,1.81323385,0.0198710244
"Road 281621314 소성로",936,-270.76828,-7.49793,-237.031937,1.81323385,0.0126978178
"Road 281621314 소성로",937,-272.5535,-7.540964,-241.72731,3.62642622,0.0196094923
"Road 281621314 소성로",938,-271.201569,-7.498137,-236.817383,1.81309712,0.0127712134
"Road 281621314 소성로",939,-272.680634,-7.51010275,-239.804611,1.81309712,0.01991804
"Road 281621314 소성로",940,-270.895355,-7.52169228,-235.109238,3.62627959,0.0141052213
"Road 281621314 소성로",941,-273.0692,-7.487738,-238.682327,0.9067582,0.0110034756
"Road 281621314 소성로",942,-274.395233,-7.530767,-240.81543,0.4533449,0.031178413
"Road 281621314 소성로",943,-273.65567,-7.49678564,-239.321854,0.453342438,0.009635315
"Road 281621314 소성로",944,-272.068237,-7.501967,-236.38829,1.81351149,0.013968559
"Road 281621314 소성로",945,-274.331635,-7.55445147,-241.77681,1.81346393,0.0309536345
"Road 281621314 소성로",946,-273.3754,-7.51942873,-240.3905,1.81350541,0.0341961347
"Road 281621314 소성로",947,-272.501617,-7.50415373,-236.1737,1.81337476,0.0141061181
"Road 281621314 소성로",948,-273.872345,-7.49777174,-239.214554,0.453342438,0.0121411737
"Road 281621314 소성로",949,-274.6119,-7.531753,-240.708145,0.4533449,0.0320415832
"Road 281621314 소성로",950,-273.719269,-7.49091,-238.360474,0.9066849,0.0110618807
"Road 281621314 소성로",951,-272.1954,-7.52766943,-234.46553,3.62666416,0.0133165335
"Road 281621314 소성로",952,-274.847382,-7.520931,-238.731766,1.8132894,0.02126611
"Road 281621314 소성로",953,-273.368256,-7.50749254,-235.744553,1.8132894,0.0133705959
"Road 281621314 소성로",954,-274.892151,-7.52786446,-239.639481,1.81336379,0.044698786
"Road 281621314 소성로",955,-275.415,-7.560701,-241.240372,1.813337,0.0315888971
"Road 281621314 소성로",956,-273.8016,-7.50963449,-235.529984,1.81342614,0.0140273832
"Road 281621314 소성로",957,-275.542145,-7.53156042,-239.317627,0.9067046,0.0669651
"Road 281621314 소성로",958,-275.0193,-7.497893,-237.716751,0.9067156,0.0122514479
"Road 281621314 소성로",959,-273.495453,-7.531531,-233.821823,3.62693763,0.0122643039
"Road 281621314 소성로",960,-275.669281,-7.500565,-237.394913,0.9065937,0.0124685513
"Road 281621314 소성로",961,-276.625458,-7.537688,-238.78125,0.906557,0.07170853
"Road 281621314 소성로",962,-274.668365,-7.510977,-235.100845,1.81318247,0.0126140872
"Road 281621314 소성로",963,-276.670227,-7.54649973,-239.688965,0.906588733,0.03209914
"Road 281621314 소성로",964,-275.714081,-7.509377,-238.302658,0.9065937,0.0131754754
"Road 281621314 소성로",965,-276.715,-7.56999969,-240.59668,1.81313479,0.0320588425
"Road 281621314 소성로",966,-275.101685,-7.511,-234.8863,1.81331921,0.0126246382
"Road 281621314 소성로",967,-276.5807,-7.52754259,-237.873535,1.81331921,0.0225141086
"Road 281621314 소성로",968,-274.795532,-7.534865,-233.178146,3.62666,0.0145713
"Road 281621314 소성로",969,-276.9693,-7.502842,-236.751266,0.9066631,0.0132998256
"Road 281621314 소성로",970,-278.295227,-7.55352974,-238.8844,0.453336477,0.03568331
"Road 281621314 소성로",971,-277.555725,-7.513844,-237.3908,0.45333156,0.0119397286
"Road 281621314 소성로",972,-275.968384,-7.51536036,-234.4572,1.81333613,0.0141643919
"Road 281621314 소성로",973,-278.231659,-7.57962751,-239.845779,1.81333506,0.035403993
"Road 281621314 소성로",974,-277.275482,-7.53888941,-238.459427,1.81329453,0.035911832
"Road 281621314 소성로",975,-276.4017,-7.51828241,-234.242661,1.81316555,0.01553997
"Road 281621314 소성로",976,-277.7724,-7.514622,-237.283524,0.453314632,0.013552987
"Road 281621314 소성로",977,-278.5119,-7.554308,-238.777145,0.453319579,0.0362546556
"Road 281621314 소성로",978,-277.6193,-7.506542,-236.429443,0.90658766,0.0140649229
"Road 281621314 소성로",979,-276.0955,-7.5420413,-232.534485,3.62635279,0.0130232712
"Road 281621314 소성로",980,-278.269318,-7.51158762,-236.1076,0.9066789,0.0135050341
"Road 281621314 소성로",981,-279.225525,-7.55236,-237.493942,0.906642258,0.08125833
"Road 281621314 소성로",982,-277.268341,-7.522131,-233.813553,1.813353,0.0130343717
"Road 281621314 소성로",983,-279.5317,-7.589491,-239.2021,1.81333709,0.0349634662
"Road 281621314 소성로",984,-278.314056,-7.51975775,-237.015335,0.9066789,0.01590716
"Road 281621314 소성로",985,-278.836945,-7.557574,-238.616211,0.906669,0.0376832746
"Road 281621314 소성로",986,-277.7017,-7.5248,-233.599,1.813353,0.015138329
"Road 281621314 소성로",987,-279.4422,-7.553886,-237.386642,0.9067106,0.06929735
"Road 281621314 소성로",988,-278.919342,-7.515783,-235.785751,0.9066789,0.0157409813
"Road 281621314 소성로",989,-277.3955,-7.54674768,-231.890808,3.62662053,0.0118557932
"Road 281621314 소성로",990,-279.569336,-7.519055,-235.463913,0.9066363,0.0137665747
"Road 281621314 소성로",991,-280.8953,-7.57415152,-237.597046,0.4532998,0.037061803
"Road 281621314 소성로",992,-280.155762,-7.53186655,-236.103439,0.45329982,0.0189050026
"Road 281621314 소성로",993,-278.5684,-7.52754068,-233.169846,1.81326759,0.0119708572
"Road 281621314 소성로",994,-280.570282,-7.57154274,-237.75795,0.906631351,0.03660022
"Road 281621314 소성로",995,-279.6141,-7.529245,-236.371628,0.9066363,0.0140384547
"Road 281621314 소성로",996,-280.615082,-7.59816742,-238.6657,1.81330538,0.0358057767
"Road 281621314 소성로",997,-279.0017,-7.528183,-232.955276,1.81326759,0.0122497007
"Road 281621314 소성로",998,-280.372437,-7.533709,-235.996155,0.453334,0.0159262773
"Road 281621314 소성로",999,-281.111969,-7.575994,-237.489761,0.453333974,0.0356344767
"Road 281621314 소성로",1000,-280.21933,-7.52153969,-235.142075,0.9066363,0.0158075877
"Road 281621314 소성로",1001,-278.6955,-7.550665,-231.247131,3.6265986,0.0134161981
"Road 281621314 소성로",1002,-280.869354,-7.52331543,-234.8202,0.9067057,0.0153892068
"Road 281621314 소성로",1003,-282.195343,-7.58072662,-236.953323,0.4533682,0.0389219
"Road 281621314 소성로",1004,-281.4558,-7.536284,-235.459717,0.4533682,0.014438862
"Road 281621314 소성로",1005,-279.868378,-7.532297,-232.526169,1.81342125,0.0131464442
"Road 281621314 소성로",1006,-282.131744,-7.60941362,-237.914688,1.81339943,0.0386880152
"Road 281621314 소성로",1007,-281.175537,-7.564017,-236.528381,1.8133589,0.0386206619
"Road 281621314 소성로",1008,-280.301727,-7.535396,-232.3116,1.81328452,0.0153593756
"Road 281621314 소성로",1009,-281.6725,-7.53690863,-235.352463,0.4532998,0.0150634348
"Road 281621314 소성로",1010,-282.412018,-7.58135033,-236.846069,0.4532998,0.0391579755
"Road 281621314 소성로",1011,-281.519379,-7.52703857,-234.498367,0.906642258,0.0163741987
"Road 281621314 소성로",1012,-279.9955,-7.557918,-230.603439,3.62648368,0.0122099314
"Road 281621314 소성로",1013,-282.1694,-7.532253,-234.176514,0.906636238,0.0155129479
"Road 281621314 소성로",1014,-283.4954,-7.591419,-236.309631,0.453333974,0.0385712758
"Road 281621314 소성로",1015,-282.755829,-7.546637,-234.81604,0.453336447,0.02005202
"Road 281621314 소성로",1016,-281.168365,-7.539575,-231.882492,1.81327248,0.0120998919
"Road 281621314 소성로",1017,-283.4318,-7.619332,-237.271011,1.81331515,0.03816975
"Road 281621314 소성로",1018,-282.214142,-7.542238,-235.084244,0.9066789,0.01785642
"Road 281621314 소성로",1019,-282.73703,-7.584536,-236.68512,0.906678855,0.0413626023
"Road 281621314 소성로",1020,-281.6017,-7.541973,-231.667908,1.81342614,0.0145279048
"Road 281621314 소성로",1021,-282.9725,-7.54875946,-234.708755,0.4533449,0.0180047359
"Road 281621314 소성로",1022,-283.712067,-7.59354162,-236.202347,0.453342438,0.037547864
"Road 281621314 소성로",1023,-282.819427,-7.536773,-233.854675,0.9067106,0.0184574742
"Road 281621314 소성로",1024,-280.8174,-7.563865,-229.266586,1.81338942,0.0206122845
"Road 281621314 소성로",1025,-282.035126,-7.52779436,-231.453323,0.9067046,0.00177928153
"Road 281621314 소성로",1026,-281.512238,-7.546622,-229.852463,0.9067145,0.02195896
"Road 281621314 소성로",1027,-283.4694,-7.540157,-233.532837,0.9065947,0.0164301023
"Road 281621314 소성로",1028,-284.795349,-7.60253763,-235.665955,0.453334,0.0404667966
"Road 281621314 소성로",1029,-284.055817,-7.5553875,-234.172348,0.453333974,0.0213438179
"Road 281621314 소성로",1030,-282.207,-7.54590559,-230.438339,0.9065739,0.0741100758
"Road 281621314 소성로",1031,-282.7299,-7.527077,-232.03923,0.9065947,0.00163130148
"Road 281621314 소성로",1032,-284.470367,-7.600086,-235.826859,0.9066046,0.04004251
"Road 281621314 소성로",1033,-283.5142,-7.55257559,-234.440552,0.9065947,0.0165224764
"Road 281621314 소성로",1034,-284.515137,-7.629066,-236.7346,1.813236,0.03868354
"Road 281621314 소성로",1035,-282.901764,-7.5458045,-231.024216,1.813353,0.0111390967
"Road 281621314 소성로",1036,-284.2725,-7.55782652,-234.065063,0.453333974,0.019750854
"Road 281621314 소성로",1037,-285.012024,-7.60497665,-235.55867,0.453334,0.03964969
"Road 281621314 소성로",1038,-284.119415,-7.54323053,-233.210983,0.9066789,0.01894216
"Road 281621314 소성로",1039,-282.595581,-7.56611252,-229.31604,3.626684,0.01208298
"Road 281621314 소성로",1040,-284.76944,-7.54479074,-232.889145,0.906672955,0.0190085266
"Road 281621314 소성로",1041,-286.0954,-7.60993767,-235.022278,0.45333153,0.0405334942
"Road 281621314 소성로",1042,-285.355865,-7.56094933,-233.528671,0.453336477,0.0183398351
"Road 281621314 소성로",1043,-283.768463,-7.54884529,-230.5951,1.813336,0.0120867509
"Road 281621314 소성로",1044,-286.03183,-7.640654,-235.983643,1.81333709,0.040303044
"Road 281621314 소성로",1045,-285.0756,-7.59074068,-234.5973,1.81337762,0.038871944
"Road 281621314 소성로",1046,-284.6799,-7.534883,-231.073685,0.906672955,0.00960252
"Road 281621314 소성로",1047,-283.7237,-7.551679,-229.687378,0.906642258,0.0642775148
"Road 281621314 소성로",1048,-285.57254,-7.561657,-233.421387,0.453336477,0.01879348
"Road 281621314 소성로",1049,-286.312073,-7.610645,-234.915,0.45333153,0.04074076
"Road 281621314 소성로",1050,-285.419464,-7.548735,-232.5673,0.906672955,0.01996365
"Road 281621314 소성로",1051,-283.678925,-7.5551796,-228.779648,0.90666306,0.02257637
"Road 281621314 소성로",1052,-284.635162,-7.538383,-230.16597,0.906672955,0.00660140673
"Road 281621314 소성로",1053,-283.6342,-7.57368326,-227.8719,1.81331515,0.0200848114
"Road 281621314 소성로",1054,-286.069458,-7.55358267,-232.245438,0.906642258,0.0182244368
"Road 281621314 소성로",1055,-287.025635,-7.60195351,-233.631775,0.906642258,0.08100037
"Road 281621314 소성로",1056,-285.0685,-7.55633736,-229.951416,1.81328452,0.01080534
"Road 281621314 소성로",1057,-287.0704,-7.61476326,-234.5395,0.906642258,0.0392836332
"Road 281621314 소성로",1058,-286.114227,-7.56639242,-233.153183,0.906642258,0.0189747587
"Road 281621314 소성로",1059,-287.1152,-7.646094,-235.44722,1.81329548,0.0405332334
"Road 281621314 소성로",1060,-285.501831,-7.55879974,-229.736832,1.813353,0.0129089346
"Road 281621314 소성로",1061,-286.980865,-7.58907,-232.724045,1.813353,0.0296154711
"Road 281621314 소성로",1062,-284.71756,-7.57712126,-227.3355,1.81334686,0.019256847
"Road 281621314 소성로",1063,-285.9352,-7.5446353,-229.522263,0.906674,0.0007454894
"Road 281621314 소성로",1064,-285.412323,-7.5612216,-227.921387,0.906673968,0.0203343257
"Road 281621314 소성로",1065,-287.369476,-7.56120062,-231.601761,0.906668,0.018259
"Road 281621314 소성로",1066,-288.695465,-7.625984,-233.734909,0.453333974,0.0403298326
"Road 281621314 소성로",1067,-287.955933,-7.577641,-232.241287,0.453334,0.0207455847
"Road 281621314 소성로",1068,-286.1071,-7.56217146,-228.507263,0.90662533,0.0749272853
"Road 281621314 소성로",1069,-286.629974,-7.545584,-230.108154,0.906668,0.00365605345
"Road 281621314 소성로",1070,-288.631866,-7.6554513,-234.696243,1.81334686,0.0402122773
"Road 281621314 소성로",1071,-287.675659,-7.60624743,-233.309937,1.81330431,0.038941253
"Road 281621314 소성로",1072,-286.80188,-7.56363344,-229.09314,1.81326759,0.009539782
"Road 281621314 소성로",1073,-288.1726,-7.579815,-232.133987,0.453334,0.0207455847
"Road 281621314 소성로",1074,-288.91214,-7.628158,-233.627609,0.453333974,0.0403298326
"Road 281621314 소성로",1075,-288.0195,-7.564575,-231.2799,0.9066363,0.0198462922
"Road 281621314 소성로",1076,-286.7571,-7.5641,-228.185425,1.81327856,0.0316476822
"Road 281621314 소성로",1077,-286.234222,-7.581043,-226.584534,1.81330538,0.0199743081
"Road 281621314 소성로",1078,-289.147552,-7.59854841,-231.65126,1.81318247,0.0292143561
"Road 281621314 소성로",1079,-287.407074,-7.566443,-227.863586,0.9066254,0.07293578
"Road 281621314 소성로",1080,-287.929962,-7.5495,-229.464478,0.9065937,0.00326755969
"Road 281621314 소성로",1081,-289.453766,-7.645765,-233.359421,3.62627959,0.0292535517
"Road 281621314 소성로",1082,-288.101868,-7.56861258,-228.449463,1.81331921,0.011530227
"Road 281621314 소성로",1083,-289.842316,-7.615416,-232.237167,0.9066254,0.0731178448
"Road 281621314 소성로",1084,-289.319458,-7.568538,-230.636276,0.9066571,0.0194231439
"Road 281621314 소성로",1085,-287.7957,-7.58668,-226.741318,3.62663841,0.0101618385
"Road 281621314 소성로",1086,-290.447571,-7.602339,-231.007614,1.81331921,0.0273851585
"Road 281621314 소성로",1087,-288.968567,-7.57279634,-228.020386,1.81331921,0.009989069
"Road 281621314 소성로",1088,-291.231842,-7.663883,-233.408936,1.81332409,0.03707426
"Road 281621314 소성로",1089,-290.014221,-7.5854764,-231.222168,0.9066571,0.0183464624
"Road 281621314 소성로",1090,-290.537079,-7.63235474,-232.823059,0.906662047,0.0394406468
"Road 281621314 소성로",1091,-289.4019,-7.575153,-227.805832,1.81318247,0.0115431752
"Road 281621314 소성로",1092,-290.8809,-7.604696,-230.793076,1.81318247,0.0279897172
"Road 281621314 소성로",1093,-289.3571,-7.57604265,-226.898117,1.81315064,0.03250995
"Road 281621314 소성로",1094,-288.834229,-7.591308,-225.297226,1.81315064,0.0189712141
"Road 281621314 소성로",1095,-291.74765,-7.60793447,-230.363937,1.81344306,0.0264271237
"Road 281621314 소성로",1096,-290.376862,-7.562205,-227.323074,0.4533449,0.00226888736
"Road 281621314 소성로",1097,-289.6373,-7.57658625,-225.829468,0.453342438,0.0190027617
"Road 281621314 소성로",1098,-290.529938,-7.562725,-228.17717,0.906721532,0.0039061252
"Road 281621314 소성로",1099,-292.0538,-7.65079451,-232.0721,3.62694955,0.0265218057
"Road 281621314 소성로",1100,-291.179962,-7.564342,-227.8553,0.906636238,0.0009831341
"Road 281621314 소성로",1101,-289.853973,-7.577473,-225.722183,0.453333974,0.0198149942
"Road 281621314 소성로",1102,-290.593536,-7.56309175,-227.215775,0.453336447,0.006055667
"Road 281621314 소성로",1103,-292.181,-7.608664,-230.149353,1.81327248,0.0261807628
"Road 281621314 소성로",1104,-289.917542,-7.595375,-224.760818,1.81327248,0.0192380976
"Road 281621314 소성로",1105,-291.135223,-7.56380463,-226.947586,0.906636238,0.0008771279
"Road 281621314 소성로",1106,-290.6123,-7.580457,-225.3467,0.906636238,0.02035522
"Road 281621314 소성로",1107,-293.047668,-7.607038,-229.720215,1.81336975,0.0248672981
"Road 281621314 소성로",1108,-291.3071,-7.581505,-225.932571,0.9066849,0.074743636
"Road 281621314 소성로",1109,-291.83,-7.564852,-227.533463,0.9066849,0.00220833835
"Road 281621314 소성로",1110,-293.353882,-7.65031242,-231.428391,3.6267395,0.0259958487
"Road 281621314 소성로",1111,-292.001923,-7.583599,-226.518433,1.813455,0.0109062819
"Road 281621314 소성로",1112,-293.481049,-7.608749,-229.505615,1.813455,0.0252808724
"Road 281621314 소성로",1113,-291.957123,-7.58589745,-225.6107,1.81341231,0.0268904958
"Road 281621314 소성로",1114,-291.434265,-7.604809,-224.009811,1.8134551,0.021801224
"Road 281621314 소성로",1115,-294.347656,-7.60853052,-229.076477,1.81319928,0.0222990252
"Road 281621314 소성로",1116,-292.607178,-7.59115171,-225.288834,0.906642258,0.07527301
"Road 281621314 소성로",1117,-293.130035,-7.57224035,-226.889709,0.9065996,0.005337842
"Road 281621314 소성로",1118,-294.6539,-7.64733839,-230.784653,3.62639856,0.0239082277
"Road 281621314 소성로",1119,-293.301971,-7.592647,-225.87471,1.81340432,0.0118651055
"Road 281621314 소성로",1120,-294.781,-7.611115,-228.861923,1.81340432,0.0223146528
"Road 281621314 소성로",1121,-292.51767,-7.614551,-223.473389,1.81337762,0.0212909151
"Road 281621314 소성로",1122,-293.735321,-7.579601,-225.660156,0.906667948,0.00314175454
"Road 281621314 소성로",1123,-293.212433,-7.59956551,-224.05928,0.906668,0.0221178327
"Road 281621314 소성로",1124,-295.647675,-7.613155,-228.432846,1.81316555,0.0204768777
"Road 281621314 소성로",1125,-294.276978,-7.58202744,-225.391968,0.453334033,0.00305291568
"Road 281621314 소성로",1126,-293.537476,-7.600634,-223.898361,0.453334,0.0221167188
"Road 281621314 소성로",1127,-294.430084,-7.58032036,-226.246048,0.9065827,0.00567468069
"Road 281621314 소성로",1128,-295.953857,-7.64659166,-230.140991,3.62639451,0.0207310729
"Road 281621314 소성로",1129,-295.080048,-7.58386374,-225.92424,0.9065937,0.0030962727
"Road 281621314 소성로",1130,-293.75412,-7.602152,-223.791077,0.453257173,0.023892181
"Road 281621314 소성로",1131,-294.493622,-7.583545,-225.284683,0.4532572,0.009540496
"Road 281621314 소성로",1132,-296.080963,-7.615181,-228.2183,1.81318247,0.0198836531
"Road 281621314 소성로",1133,-294.557159,-7.60343,-224.323349,1.81315064,0.03037983
"Road 281621314 소성로",1134,-294.0343,-7.62613535,-222.722458,1.81316161,0.02563727
"Road 281621314 소성로",1135,-296.9477,-7.614134,-227.789169,1.81342125,0.0175930411
"Road 281621314 소성로",1136,-295.576935,-7.588925,-224.748337,0.4533682,0.0067882007
"Road 281621314 소성로",1137,-294.8374,-7.61077166,-223.254715,0.4533682,0.02500871
"Road 281621314 소성로",1138,-295.73,-7.58635,-225.6024,0.9067156,0.00391224353
"Road 281621314 소성로",1139,-297.253876,-7.64542532,-229.49733,3.62686443,0.01926799
"Road 281621314 소성로",1140,-296.5952,-7.59222269,-225.197739,1.48053193,0.00636885455
"Road 281621314 소성로",1141,-295.1258,-7.613705,-223.119827,0.740249157,0.02687012
"Road 281621314 소성로",1142,-295.865326,-7.59185839,-224.613449,0.740249157,0.0111644268
"Road 281621314 소성로",1143,-297.524475,-7.617073,-227.5194,2.96104813,0.0178468786
"Road 281621314 소성로",1144,-295.476227,-7.644794,-222.04805,2.96103239,0.02891863
"Road 281621314 소성로",1145,-296.7656,-7.600842,-224.2072,1.48054981,0.0131987678
"Road 281621314 소성로",1146,-296.386139,-7.63156652,-222.5511,1.48056543,0.029210601
"Road 281621314 소성로",1147,-298.104279,-7.61799049,-227.200668,0.634755,0.0190186445
"Road 281621314 소성로",1148,-297.235565,-7.60691261,-223.9666,0.158690751,0.0163469277
"Road 281621314 소성로",1149,-296.782867,-7.637043,-222.3626,0.158691943,0.0290232655
"Road 281621314 소성로",1150,-297.388641,-7.599649,-224.820679,0.317375481,0.008658087
"Road 281621314 소성로",1151,-298.4105,-7.644034,-228.908829,1.26951,0.0162
"Road 281621314 소성로",1152,-297.2097,-7.63967657,-222.287964,1.45771706,0.0296179168
"Road 281621314 소성로",1153,-297.662384,-7.609546,-223.891968,1.4577148,0.01008239
"Road 281621314 소성로",1154,-297.763763,-7.66668558,-221.3888,2.91543412,0.0293500442
"Road 281621314 소성로",1155,-298.567749,-7.62143,-227.099991,2.915432,0.0154390186
"Road 281621314 소성로",1156,-298.442749,-7.630821,-223.794815,2.915432,0.01948302
"Road 281621314 소성로",1157,-299.2632,-7.64797926,-228.727676,1.19930136,0.0156645272
"Road 281621314 소성로",1158,-298.913879,-7.63426,-223.754135,0.5996507,0.0211085267
"Road 281621314 소성로",1159,-299.038879,-7.624869,-227.059311,0.5996507,0.0141252642
"Road 281621314 소성로",1160,-299.419922,-7.61370134,-224.561722,0.8867755,0.0105155986
"Road 281621314 소성로",1161,-299.040924,-7.64232826,-222.921585,0.886736,0.06716534
"Road 281621314 소성로",1162,-299.517273,-7.628744,-227.062622,1.77354467,0.0151356356
"Road 281621314 소성로",1163,-299.3226,-7.6508317,-222.060837,0.8867692,0.0282737352
"Road 281621314 소성로",1164,-299.7016,-7.62220526,-223.700974,0.8867755,0.008802017
"Road 281621314 소성로",1165,-299.604248,-7.67514849,-221.200058,1.77351141,0.02767496
"Road 281621314 소성로",1166,-300.4596,-7.633798,-226.981247,1.77339709,0.0145313423
"Road 281621314 소성로",1167,-300.17276,-7.64138174,-223.660263,1.77339709,0.0185922831
"Road 281621314 소성로",1168,-300.131866,-7.652952,-228.682419,3.54686069,0.0135302125
"Road 281621314 소성로",1169,-300.643921,-7.64496,-223.619568,1.77339053,0.0187288746
"Road 281621314 소성로",1170,-300.930756,-7.63737631,-226.940552,1.77339053,0.0147050479
"Road 281621314 소성로",1171,-300.971649,-7.67486954,-221.918411,3.54678965,0.0167005677
"Road 281621314 소성로",1172,-301.873016,-7.642471,-226.859177,1.77331686,0.0135897947
"Road 281621314 소성로",1173,-301.5862,-7.650099,-223.538208,1.77331686,0.01754745
"Road 281621314 소성로",1174,-301.5453,-7.65965843,-228.560349,3.54662514,0.01222454
"Road 281621314 소성로",1175,-302.057343,-7.653755,-223.497513,1.77331686,0.0175462626
"Road 281621314 소성로",1176,-302.344147,-7.646127,-226.818481,1.77331686,0.0135882646
"Road 281621314 소성로",1177,-302.385071,-7.681301,-221.796341,3.54663372,0.0152896447
"Road 281621314 소성로",1178,-303.286438,-7.65097,-226.7371,1.77339387,0.0121393595
"Road 281621314 소성로",1179,-302.9996,-7.658541,-223.416138,1.77339387,0.0160579942
"Road 281621314 소성로",1180,-302.9587,-7.66610146,-228.438278,3.54678774,0.0108645679
"Road 281621314 소성로",1181,-303.470764,-7.661644,-223.375443,1.77339387,0.01566089
"Road 281621314 소성로",1182,-303.7576,-7.65407228,-226.696411,1.77339387,0.0116089853
"Road 281621314 소성로",1183,-303.7985,-7.68698,-221.674271,3.54671264,0.0142149879
"Road 281621314 소성로",1184,-304.699921,-7.657183,-226.615036,1.77339268,0.0102935415
"Road 281621314 소성로",1185,-304.413055,-7.665802,-223.294067,1.77339268,0.0147847384
"Road 281621314 소성로",1186,-304.372162,-7.67078924,-228.316208,3.54686046,0.009110387
"Road 281621314 소성로",1187,-304.8842,-7.66867828,-223.253357,1.77339268,0.0147841852
"Road 281621314 소성로",1188,-305.171051,-7.660059,-226.574326,1.77339268,0.0102927461
"Road 281621314 소성로",1189,-305.211945,-7.692877,-221.552185,3.54686046,0.0136399632
"Road 281621314 소성로",1190,-306.113342,-7.66334772,-226.49292,1.77339387,0.009142255
"Road 281621314 소성로",1191,-305.8265,-7.67329264,-223.171951,1.77339387,0.0141654909
"Road 281621314 소성로",1192,-305.7856,-7.67431259,-228.1941,3.54671264,0.0076158056
"Road 281621314 소성로",1193,-306.297668,-7.676169,-223.131271,1.77339387,0.0141660674
"Road 281621314 소성로",1194,-306.5845,-7.66622353,-226.452225,1.77339387,0.009143149
"Road 281621314 소성로",1195,-306.6254,-7.697885,-221.4301,3.54671264,0.0120773725
"Road 281621314 소성로",1196,-307.526764,-7.66952562,-226.37085,1.77331781,0.008104112
"Road 281621314 소성로",1197,-307.23996,-7.67943764,-223.049881,1.77331781,0.01283579
"Road 281621314 소성로",1198,-307.199066,-7.678028,-228.072037,3.54671073,0.00615811767
"Road 281621314 소성로",1199,-307.7111,-7.6821475,-223.0092,1.77331781,0.0125191417
"Road 281621314 소성로",1200,-307.9979,-7.672236,-226.330154,1.77331781,0.00759263
"Road 281621314 소성로",1201,-308.038818,-7.70033836,-221.308029,3.54671073,0.0104365051
"Road 281621314 소성로",1202,-308.9402,-7.674214,-226.248779,1.77339387,0.00588708324
"Road 281621314 소성로",1203,-308.653351,-7.68384933,-222.927811,1.77339387,0.0105417436
"Road 281621314 소성로",1204,-308.612457,-7.680792,-227.949966,3.54671264,0.004550605
"Road 281621314 소성로",1205,-309.1245,-7.686006,-222.887131,1.77339387,0.0105423257
"Road 281621314 소성로",1206,-309.411346,-7.67637062,-226.208084,1.77339387,0.005888125
"Road 281621314 소성로",1207,-309.45224,-7.70017242,-221.185959,3.54679632,0.009074083
"Road 281621314 소성로",1208,-310.210236,-7.691038,-224.466232,3.54679418,0.03963884
"Road 281621314 소성로",1209,-310.0259,-7.68307734,-227.827881,3.54678559,0.003396073
"Road 281621314 소성로",1210,-310.773529,-7.70399332,-222.7447,7.09357548,0.00225529238
"Road 281621314 소성로",1211,-311.531525,-7.696701,-226.024979,7.09357548,0.00217696163
"Road 281621314 소성로",1212,-312.186981,-7.70235443,-222.622635,7.09327126,0.0041413256
"Road 281621314 소성로",1213,-312.944946,-7.6955986,-225.902908,7.09357071,0.00174786523
"Road 281621314 소성로",1214,-313.600433,-7.699616,-222.500534,7.093723,0.0034583332
"Road 281621314 소성로",1215,-314.3584,-7.69540548,-225.7808,7.09342337,0.002016146
"Road 281621314 소성로",1216,-315.0139,-7.69791842,-222.378464,7.093727,0.0024677217
"Road 281621314 소성로",1217,-315.77182,-7.69589424,-225.658737,7.09341955,0.00154562108
"Road 281621314 소성로",1218,-316.427277,-7.69681025,-222.2564,7.093109,0.001561562
"Road 281621314 소성로",1219,-317.185272,-7.69660568,-225.536682,7.093716,0.00152787
"Road 281621314 소성로",1220,-317.8407,-7.69633627,-222.134323,7.09326649,0.0009991755
"Road 281621314 소성로",1221,-318.598755,-7.69793,-225.414566,7.09418964,0.00235059788
"Road 281621314 소성로",1222,-319.25415,-7.696281,-222.0122,7.0931325,0.001528868
"Road 281621314 소성로",1223,-320.012177,-7.69968176,-225.29248,7.09344,0.0030843576
"Road 471689462 독배로317번길",0,-355.628021,-7.744738,-229.562622,0.9373851,0.0670880154
"Road 471689462 독배로317번길",1,-355.2351,-7.839089,-232.044174,0.4686911,0.079351984
"Road 471689462 독배로317번길",2,-355.658234,-7.778044,-230.432114,0.468692541,0.06319191
"Road 471689462 독배로317번길",3,-356.504517,-7.757473,-227.208,0.468692541,0.0785436
"Road 471689462 독배로317번길",4,-356.927643,-7.7939887,-225.595932,0.4686911,0.08496312
"Road 471689462 독배로317번길",5,-356.051178,-7.73331,-227.950562,0.9373851,0.0640258044
"Road 471689462 독배로317번길",6,-354.872467,-7.81673241,-231.948975,0.937343836,0.0793457
"Road 471689462 독배로317번길",7,-355.0538,-7.73980141,-230.273483,0.937346756,0.06358216
"Road 471689462 독배로317번길",8,-354.298218,-7.83918428,-232.659836,1.87472546,0.07830611
"Road 471689462 독배로317번길",9,-355.3258,-7.68657351,-227.760178,0.9373974,0.055131495
"Road 471689462 독배로317번길",10,-355.718719,-7.71073771,-225.27861,0.468693852,0.0599547923
"Road 471689462 독배로317번길",11,-355.295563,-7.677687,-226.890671,0.4686911,0.04982215
"Road 471689462 독배로317번길",12,-354.449371,-7.70372,-230.1148,0.468700767,0.06310788
"Road 471689462 독배로317번길",13,-354.026245,-7.76574945,-231.726868,0.468703538,0.08029032
"Road 471689462 독배로317번길",14,-354.9027,-7.700224,-229.372238,0.9373974,0.05891781
"Road 471689462 독배로317번길",15,-356.413849,-7.77202559,-224.599487,1.87482,0.075489454
"Road 471689462 독배로317번길",16,-355.900055,-7.714723,-227.049332,0.937435746,0.0688696057
"Road 471689462 독배로317번길",17,-356.564941,-7.767124,-225.500732,0.9374329,0.07706809
"Road 471689462 독배로317번길",18,-354.177368,-7.660124,-229.181839,0.9373822,0.0588313751
"Road 471689462 독배로317번길",19,-353.784454,-7.75296926,-231.6634,0.468693852,0.0686166137
"Road 471689462 독배로317번길",20,-354.2076,-7.69093943,-230.051346,0.4686911,0.0473709926
"Road 471689462 독배로317번길",21,-355.0538,-7.66561937,-226.827225,0.4686911,0.0474307537
"Road 471689462 독배로317번길",22,-355.476929,-7.69866943,-225.215164,0.468693852,0.05798283
"Road 471689462 독배로317번길",23,-354.600464,-7.647186,-227.569778,0.9373822,0.0548240319
"Road 471689462 독배로317번길",24,-353.089355,-7.77767563,-232.342529,1.87473917,0.06743309
"Road 471689462 독배로317번길",25,-353.603149,-7.66338348,-229.8927,0.937343836,0.0428775847
"Road 471689462 독배로317번길",26,-352.938263,-7.718906,-231.4413,0.937346756,0.0620778166
"Road 471689462 독배로317번길",27,-353.8751,-7.61516762,-227.3794,0.93746537,0.0302949566
"Road 471689462 독배로317번길",28,-354.2679,-7.646677,-224.897827,0.4686958,0.0542674363
"Road 471689462 독배로317번길",29,-353.844818,-7.61175537,-226.5099,0.46869725,0.039882943
"Road 471689462 독배로317번길",30,-352.998657,-7.643025,-229.734055,0.46877104,0.042014502
"Road 471689462 독배로317번길",31,-352.575562,-7.70595551,-231.346115,0.4687696,0.0620707758
"Road 471689462 독배로317번길",32,-353.452,-7.630486,-228.99147,0.93746537,0.0385595933
"Road 471689462 독배로317번길",33,-354.963043,-7.696735,-224.218735,1.87497282,0.0531670563
"Road 471689462 독배로317번길",34,-354.4493,-7.63512659,-226.668579,0.937503755,0.0448592678
"Road 471689462 독배로317번길",35,-355.114258,-7.681772,-225.119949,0.9375093,0.05583749
"Road 471689462 독배로317번길",36,-352.726654,-7.608029,-228.8011,0.9373751,0.0342040434
"Road 471689462 독배로317번길",37,-352.33374,-7.697323,-231.282669,0.4686861,0.0620752759
"Road 471689462 독배로317번길",38,-352.756836,-7.63439226,-229.670578,0.468687564,0.04202029
"Road 471689462 독배로317번길",39,-353.603027,-7.6044383,-226.446457,0.468687564,0.01954853
"Road 471689462 독배로317번길",40,-354.026123,-7.63936,-224.834366,0.4686861,0.0416687466
"Road 471689462 독배로317번길",41,-353.14975,-7.594026,-227.189041,0.9373751,0.0263149682
"Road 471689462 독배로317번길",42,-351.9711,-7.687163,-231.1875,0.9373339,0.0581598133
"Road 471689462 독배로317번길",43,-352.152435,-7.61781645,-229.511963,0.9373368,0.0327606164
"Road 471689462 독배로317번길",44,-351.396942,-7.72455645,-231.898361,1.87470555,0.05832634
"Road 471689462 독배로317번길",45,-352.4244,-7.578251,-226.998672,0.937387466,0.0208512954
"Road 471689462 독배로317번길",46,-352.817169,-7.61316061,-224.5171,0.468690962,0.0373637
"Road 471689462 독배로317번길",47,-352.394135,-7.57959032,-226.1292,0.468693733,0.01937771
"Road 471689462 독배로317번길",48,-351.547974,-7.60516548,-229.353348,0.468693733,0.0276568029
"Road 471689462 독배로317번길",49,-351.1249,-7.669495,-230.965408,0.468690962,0.0563162453
"Road 471689462 독배로317번길",50,-352.0013,-7.59088,-228.610764,0.937387466,0.0297212061
"Road 471689462 독배로317번길",51,-353.17984,-7.619864,-224.612289,0.937420249,0.037364617
"Road 471689462 독배로317번길",52,-352.998627,-7.591184,-226.287827,0.9374258,0.0191904176
"Road 471689462 독배로317번길",53,-353.75412,-7.65762758,-223.901428,1.87480271,0.0441379137
"Road 471689462 독배로317번길",54,-351.2759,-7.58088541,-228.420364,0.937463343,0.022060547
"Road 471689462 독배로317번길",55,-350.883148,-7.665659,-230.901962,0.468732685,0.0563169867
"Road 471689462 독배로317번길",56,-351.306152,-7.60132933,-229.289871,0.468735456,0.02765863
"Road 471689462 독배로317번길",57,-352.152344,-7.5751214,-226.06572,0.468730628,0.0193786137
"Road 471689462 독배로317번길",58,-352.5754,-7.60869074,-224.453659,0.468727857,0.03736392
"Road 471689462 독배로317번길",59,-351.698975,-7.56762362,-226.8083,0.937463343,0.00752380444
"Road 471689462 독배로317번길",60,-350.188,-7.70519447,-231.58107,1.87492669,0.0559422635
"Road 471689462 독배로317번길",61,-350.70166,-7.595509,-229.131226,0.937463343,0.0231808163
"Road 471689462 독배로317번길",62,-350.036774,-7.655489,-230.679855,0.937463343,0.05549255
"Road 471689462 독배로317번길",63,-350.973633,-7.56352234,-226.617935,0.93734175,0.006684132
"Road 471689462 독배로317번길",64,-351.366547,-7.596474,-224.1364,0.468650669,0.0313747823
"Road 471689462 독배로317번길",65,-350.943451,-7.566504,-225.748459,0.468649358,0.00673689367
"Road 471689462 독배로317번길",66,-350.0972,-7.591398,-228.97258,0.4686911,0.0201957058
"Road 471689462 독배로317번길",67,-349.6741,-7.652502,-230.584641,0.468692422,0.0534046441
"Road 471689462 독배로317번길",68,-350.550537,-7.575859,-228.23,0.93734175,0.0202523768
"Road 471689462 독배로317번길",69,-351.729218,-7.59875631,-224.231567,0.93734175,0.03210719
"Road 471689462 독배로317번길",70,-351.547852,-7.56991053,-225.907089,0.93734175,0.008640266
"Road 471689462 독배로317번길",71,-352.303375,-7.63003874,-223.5207,1.8746835,0.03576147
"Road 471689462 독배로317번길",72,-349.825226,-7.5747304,-228.039627,0.937343836,0.0206575189
"Road 471689462 독배로317번길",73,-349.432343,-7.65262842,-230.5212,0.468655527,0.053468
"Road 471689462 독배로317번길",74,-349.855438,-7.591524,-228.909134,0.4686542,0.0203624517
"Road 471689462 독배로317번길",75,-350.70166,-7.565502,-225.685013,0.4686911,0.006000274
"Road 471689462 독배로317번길",76,-351.124756,-7.59547234,-224.072952,0.468692422,0.0312249735
"Road 471689462 독배로317번길",77,-350.248322,-7.56126547,-226.427567,0.937343836,0.00452274457
"Road 471689462 독배로317번길",78,-348.7372,-7.69618559,-231.200317,1.87473917,0.052517157
"Road 471689462 독배로317번길",79,-349.251,-7.59288836,-228.750488,0.937343836,0.0217198487
"Road 471689462 독배로317번길",80,-348.586151,-7.653239,-230.299088,0.937346756,0.05003123
"Road 471689462 독배로317번길",81,-349.522949,-7.561756,-226.237183,0.93746537,0.005498
"Road 471689462 독배로317번길",82,-349.9158,-7.59367037,-223.755615,0.4686958,0.03049962
"Road 471689462 독배로317번길",83,-349.4927,-7.565719,-225.367691,0.46869725,0.00604501041
"Road 471689462 독배로317번길",84,-348.646576,-7.595499,-228.591843,0.46877104,0.02163445
"Road 471689462 독배로317번길",85,-348.22348,-7.654761,-230.2039,0.4687696,0.0500308052
"Road 471689462 독배로317번길",86,-349.099884,-7.57670259,-227.849258,0.93746537,0.02173365
"Road 471689462 독배로317번길",87,-350.610931,-7.61980867,-223.076523,1.87489617,0.0312280245
"Road 471689462 독배로317번길",88,-350.0972,-7.56447649,-225.526367,0.93746537,0.00467964169
"Road 471689462 독배로317번길",89,-350.7621,-7.594578,-223.977737,0.9374709,0.0313257165
"Road 471689462 독배로317번길",90,-348.3745,-7.580216,-227.65889,0.937382758,0.0217917617
"Road 471689462 독배로317번길",91,-347.981659,-7.655826,-230.140457,0.4686861,0.05006405
"Road 471689462 독배로317번길",92,-348.404755,-7.596564,-228.528366,0.468687564,0.0217114165
"Road 471689462 독배로317번길",93,-349.250946,-7.56695938,-225.304245,0.468687564,0.0060411403
"Road 471689462 독배로317번길",94,-349.674042,-7.594911,-223.692154,0.4686861,0.0304991957
"Road 471689462 독배로317번길",95,-348.7976,-7.56544542,-226.046829,0.9373772,0.006404261
"Road 471689462 독배로317번길",96,-347.619,-7.658136,-230.045273,0.9373764,0.050735753
"Road 471689462 독배로317번길",97,-347.8003,-7.60023355,-228.369751,0.937384844,0.0224592555
"Road 471689462 독배로317번길",98,-347.044769,-7.702299,-230.756119,1.87475967,0.05034341
"Road 471689462 독배로317번길",99,-348.072266,-7.569917,-225.856461,0.937382758,0.008037101
"Road 471689462 독배로317번길",100,-348.465118,-7.602588,-223.3749,0.4686861,0.0322205052
"Road 471689462 독배로317번길",101,-348.042023,-7.57393646,-224.986984,0.468687564,0.00577114755
"Road 471689462 독배로317번길",102,-347.195831,-7.604858,-228.2111,0.468687564,0.0227960814
"Road 471689462 독배로317번길",103,-346.772736,-7.664055,-229.8232,0.4686861,0.0503333546
"Road 471689462 독배로317번길",104,-347.64917,-7.5852,-227.468521,0.9373772,0.022544628
"Road 471689462 독배로317번길",105,-348.8278,-7.60070229,-223.4701,0.9373764,0.03221868
"Road 471689462 독배로317번길",106,-348.646484,-7.57017946,-225.145615,0.937384844,0.005961957
"Road 471689462 독배로317번길",107,-349.402,-7.62392,-222.759232,1.87475967,0.03152512
"Road 471689462 독배로317번길",108,-346.923828,-7.59131956,-227.278152,0.937422335,0.0230468549
"Road 471689462 독배로317번길",109,-346.530975,-7.66620445,-229.75972,0.4686958,0.0505360961
"Road 471689462 독배로317번길",110,-346.954071,-7.6070075,-228.147659,0.46869725,0.0232394468
"Road 471689462 독배로317번길",111,-347.800262,-7.57572746,-224.923523,0.468734145,0.009518913
"Road 471689462 독배로317번길",112,-348.223358,-7.604379,-223.311447,0.468732685,0.0330974273
"Road 471689462 독배로317번길",113,-347.346924,-7.57567739,-225.666092,0.9374279,0.00881574
"Road 471689462 독배로317번길",114,-345.835846,-7.71115255,-230.438843,1.87485576,0.0498793647
"Road 471689462 독배로317번길",115,-346.3496,-7.612551,-227.989014,0.937420249,0.0234561749
"Road 471689462 독배로317번길",116,-345.684723,-7.67318726,-229.537613,0.9374147,0.0492888466
"Road 471689462 독배로317번길",117,-346.621582,-7.58327532,-225.475723,0.9373494,0.01002356
"Road 471689462 독배로317번길",118,-347.014435,-7.61849451,-222.994156,0.4686911,0.033387024
"Road 471689462 독배로317번길",119,-346.591339,-7.589405,-224.606216,0.468692422,0.0147012146
"Road 471689462 독배로317번길",120,-345.745148,-7.618307,-227.830368,0.468655527,0.023443684
"Road 471689462 독배로317번길",121,-345.322052,-7.6766324,-229.442429,0.4686542,0.0492891446
"Road 471689462 독배로317번길",122,-346.1985,-7.598025,-227.087784,0.9373494,0.0234710556
"Road 471689462 독배로317번길",123,-347.709564,-7.638918,-222.315048,1.87468767,0.03244758
"Road 471689462 독배로317번길",124,-347.1958,-7.58215952,-224.764877,0.9373494,0.0131890485
"Road 471689462 독배로317번길",125,-347.8607,-7.608713,-223.216263,0.937343836,0.0347678363
"Road 471689462 독배로317번길",126,-345.473145,-7.60522032,-226.897415,0.9373869,0.02376461
"Road 471689462 독배로317번길",127,-345.0803,-7.67893,-229.378967,0.468695939,0.0492882133
"Road 471689462 독배로317번길",128,-345.5034,-7.620604,-227.7669,0.46869725,0.023441527
"Road 471689462 독배로317번길",129,-346.349579,-7.592896,-224.54277,0.468692422,0.0146939633
"Road 471689462 독배로317번길",130,-346.772675,-7.621985,-222.93071,0.4686911,0.03338383
"Road 471689462 독배로317번길",131,-345.89624,-7.591665,-225.285339,0.9373869,0.0115505708
"Road 471689462 독배로317번길",132,-344.717621,-7.682375,-229.283768,0.9374282,0.04928847
"Road 471689462 독배로317번길",133,-344.898926,-7.626637,-227.608261,0.937425256,0.023121411
"Road 471689462 독배로317번길",134,-344.143341,-7.725352,-229.994629,1.87481856,0.0482772477
"Road 471689462 독배로317번길",135,-345.1709,-7.60054064,-225.094971,0.9374176,0.014545003
"Road 471689462 독배로317번길",136,-345.563751,-7.63787127,-222.613419,0.468692422,0.0334937871
"Road 471689462 독배로317번길",137,-345.140656,-7.607899,-224.225479,0.4686911,0.012978903
"Road 471689462 독배로317번길",138,-344.294434,-7.63370848,-227.4496,0.468728,0.0228631627
"Road 471689462 독배로317번길",139,-343.871338,-7.68980026,-229.061661,0.468729317,0.04841988
"Road 471689462 독배로317번길",140,-344.7478,-7.613522,-226.707031,0.9374176,0.0246771965
"Road 471689462 독배로317번길",141,-345.926422,-7.63348961,-222.7086,0.937384844,0.0333666578
"Road 471689462 독배로317번길",142,-345.745117,-7.6001,-224.384109,0.9373793,0.0126489345
"Road 471689462 독배로317번길",143,-346.500641,-7.654143,-221.997757,1.87480748,0.03328206
"Road 471689462 독배로317번길",144,-344.02243,-7.6223855,-226.516647,0.937425256,0.02314919
"Road 471689462 독배로317번길",145,-343.629547,-7.69202471,-228.998215,0.468692422,0.0476958975
"Road 471689462 독배로317번길",146,-344.052643,-7.635933,-227.386154,0.4686911,0.0212867912
"Road 471689462 독배로317번길",147,-344.8989,-7.61114645,-224.162033,0.468732834,0.0146716852
"Road 471689462 독배로317번길",148,-345.322,-7.64111853,-222.549973,0.468734145,0.0341851749
"Road 471689462 독배로317번길",149,-344.445526,-7.610426,-224.904587,0.937425256,0.0137788774
"Road 471689462 독배로317번길",150,-343.266846,-7.69497252,-228.90303,0.9374636,0.0481185727
"Road 471689462 독배로317번길",151,-343.448151,-7.642102,-227.2275,0.9374636,0.020326443
"Road 471689462 독배로317번길",152,-342.692627,-7.736151,-229.613876,1.87488592,0.046422597
"Road 471689462 독배로317번길",153,-343.720184,-7.619856,-224.714218,0.9373851,0.0122386478
"Road 471689462 독배로317번길",154,-344.113068,-7.656344,-222.232666,0.4686911,0.0315387361
"Road 471689462 독배로317번길",155,-343.689941,-7.6271863,-223.844727,0.468692541,0.0124981673
"Road 471689462 독배로317번길",156,-342.843658,-7.64831734,-227.068848,0.468692541,0.02136066
"Road 471689462 독배로317번길",157,-342.420563,-7.701175,-228.680908,0.4686911,0.04660469
"Road 471689462 독배로317번길",158,-343.297028,-7.63042259,-226.326279,0.9373851,0.0211973861
"Road 471689462 독배로317번길",159,-344.475739,-7.65146971,-222.327866,0.937343836,0.0322236121
"Road 471689462 독배로317번길",160,-344.2944,-7.6195755,-224.003372,0.937346756,0.0147744566
"Road 471689462 독배로317번길",161,-345.049957,-7.672292,-221.617,1.87472892,0.0323750041
"Road 471689462 독배로317번길",162,-342.5717,-7.639086,-226.13591,0.937387168,0.0219147373
"Road 471689462 독배로317번길",163,-342.1788,-7.70397425,-228.617447,0.468695939,0.04660509
"Road 471689462 독배로317번길",164,-342.6019,-7.651117,-227.005386,0.4686974,0.0213609748
"Road 471689462 독배로317번길",165,-343.448151,-7.62977076,-223.781265,0.4686974,0.0109524438
"Road 471689462 독배로317번길",166,-343.8713,-7.65892839,-222.1692,0.468695939,0.0309584383
"Road 471689462 독배로317번길",167,-342.994843,-7.628304,-224.523849,0.9373927,0.0134929121
"Road 471689462 독배로317번길",168,-341.483673,-7.743185,-229.29657,1.87474132,0.0441167466
"Road 471689462 독배로317번길",169,-341.997467,-7.6577,-226.846741,0.937346756,0.0192025639
"Road 471689462 독배로317번길",170,-341.33255,-7.708942,-228.39534,0.9373412,0.0424760953
"Road 471689462 독배로317번길",171,-342.26944,-7.636503,-224.33345,0.9373974,0.0115507767
"Road 471689462 독배로317번길",172,-342.662384,-7.670927,-221.851883,0.468693852,0.0312528536
"Road 471689462 독배로317번길",173,-342.239258,-7.64315367,-223.463943,0.4686911,0.0135999406
"Road 471689462 독배로317번길",174,-341.393036,-7.66353655,-226.688065,0.468700767,0.0189751014
"Road 471689462 독배로317번길",175,-340.969879,-7.71211672,-228.300125,0.468703538,0.04251604
"Road 471689462 독배로317번길",176,-341.846344,-7.646931,-225.945511,0.9373974,0.0200497825
"Road 471689462 독배로317번길",177,-343.3575,-7.69030762,-221.172775,1.87482214,0.0304337665
"Road 471689462 독배로317번길",178,-342.843719,-7.63649035,-223.6226,0.937435746,0.01069141
"Road 471689462 독배로317번길",179,-343.508636,-7.66252136,-222.07402,0.937427342,0.0310375188
"Road 471689462 독배로317번길",180,-341.121033,-7.653849,-225.755127,0.937343836,0.0186981056
"Road 471689462 독배로317번길",181,-340.728119,-7.714353,-228.236679,0.468656957,0.0425151847
"Road 471689462 독배로317번길",182,-341.151276,-7.66577339,-226.624619,0.4686542,0.0189738628
"Road 471689462 독배로317번길",183,-341.997467,-7.646269,-223.4005,0.4686542,0.0131045021
"Road 471689462 독배로317번길",184,-342.420624,-7.674043,-221.788437,0.468656957,0.031040268
"Road 471689462 독배로317번길",185,-341.5442,-7.64430046,-224.143066,0.937346756,0.009720108
"Road 471689462 독배로317번길",186,-340.365479,-7.717653,-228.1415,0.937388539,0.04243677
"Road 471689462 독배로317번길",187,-340.5468,-7.67109251,-226.465988,0.937380135,0.0190725941
"Road 471689462 독배로317번길",188,-339.79126,-7.75259066,-228.852356,1.87469113,0.03898573
"Road 471689462 독배로317번길",189,-340.818756,-7.65047264,-223.952682,0.937458634,0.0108887721
"Road 471689462 독배로317번길",190,-341.2116,-7.683656,-221.47113,0.4687662,0.029043084
"Road 471689462 독배로317번길",191,-340.7885,-7.656526,-223.0832,0.468764752,0.008083988
"Road 471689462 독배로317번길",192,-339.942352,-7.676101,-226.307327,0.468690962,0.01608043
"Road 471689462 독배로317번길",193,-339.519257,-7.72163439,-227.919418,0.468692422,0.0389704369
"Road 471689462 독배로317번길",194,-340.39566,-7.660497,-225.564774,0.937458634,0.0194431245
"Road 471689462 독배로317번길",195,-341.5743,-7.68109655,-221.56633,0.9374578,0.0290426854
"Road 471689462 독배로317번길",196,-341.393036,-7.6515193,-223.241837,0.9374607,0.008589568
"Road 471689462 독배로317번길",197,-342.14856,-7.701651,-220.855469,1.874919,0.0288900454
"Road 471689462 독배로317번길",198,-339.6703,-7.665291,-225.37439,0.937420249,0.0165577512
"Road 471689462 독배로317번길",199,-339.277466,-7.72239637,-227.855957,0.468729317,0.0389701538
"Road 471689462 독배로317번길",200,-339.700562,-7.67686272,-226.243881,0.468727857,0.0160798412
"Road 471689462 독배로317번길",201,-340.546722,-7.658232,-223.01976,0.468690962,0.008080449
"Road 471689462 독배로317번길",202,-340.969818,-7.68536234,-221.407669,0.468692422,0.029041864
"Road 471689462 독배로317번길",203,-340.093384,-7.656212,-223.762329,0.937420249,0.00772044575
"Road 471689462 독배로317번길",204,-338.582367,-7.75463629,-228.53508,1.87480223,0.03835475
"Road 471689462 독배로317번길",205,-339.096069,-7.679869,-226.085251,0.937420249,0.0155347288
"Road 471689462 독배로317번길",206,-338.431183,-7.723681,-227.63385,0.9374174,0.03659608
"Road 471689462 독배로317번길",207,-339.368042,-7.66054726,-223.571945,0.937384844,0.006471778
"Road 471689462 독배로317번길",208,-339.7609,-7.694492,-221.0904,0.468690962,0.0299214087
"Road 471689462 독배로317번길",209,-339.3378,-7.66589546,-222.702469,0.468692422,0.008280011
"Road 471689462 독배로317번길",210,-338.4916,-7.682651,-225.92659,0.468692422,0.0159471575
"Road 471689462 독배로317번길",211,-338.0685,-7.725374,-227.538681,0.468690962,0.0365743749
"Road 471689462 독배로317번길",212,-338.944946,-7.669006,-225.184036,0.937384844,0.0155596649
"Road 471689462 독배로317번길",213,-340.123566,-7.6920166,-221.1856,0.9373819,0.02993104
"Road 471689462 독배로317번길",214,-339.942261,-7.662332,-222.8611,0.937384844,0.00799404
"Road 471689462 독배로317번길",215,-340.697784,-7.71302652,-220.474731,1.87480509,0.0296285115
"Road 471689462 독배로317번길",216,-338.36142,-7.67160273,-225.022217,0.576330364,0.0156643447
"Road 471689462 독배로317번길",217,-337.874023,-7.726255,-227.484741,0.2881283,0.03645262
"Road 471689462 독배로317번길",218,-338.297119,-7.683532,-225.872665,0.2881293,0.015473363
"Road 471689462 독배로317번길",219,-339.14328,-7.66726255,-222.648544,0.2882031,0.00867385
"Road 471689462 독배로317번길",220,-339.566376,-7.69585848,-221.036453,0.288202077,0.0298409574
"Road 471689462 독배로317번길",221,-338.784515,-7.66363,-223.410156,0.576330364,0.006652284
"Road 471689462 독배로317번길",222,-337.368,-7.754602,-228.20195,1.15266478,0.0356820822
"Road 471689462 독배로317번길",223,-337.6439,-7.712506,-226.545471,1.15269864,0.0560824238
"Road 471689462 독배로317번길",224,-337.96463,-7.66820574,-223.200729,1.29215527,0.007962618
"Road 471689462 독배로317번길",225,-337.979279,-7.70290756,-220.643,0.646039844,0.0271489657
"Road 471689462 독배로317번길",226,-337.7453,-7.67514944,-222.293167,0.646041751,0.006826643
"Road 471689462 독배로317번길",227,-337.2773,-7.68634224,-225.59346,0.64611727,0.0128974449
"Road 471689462 독배로317번길",228,-337.0433,-7.72481966,-227.243637,0.6461154,0.0338334031
"Road 471689462 독배로317번길",229,-337.730621,-7.67400026,-224.8509,1.29215527,0.01499072
"Road 471689462 독배로317번길",230,-338.768951,-7.72393274,-219.982925,2.58431816,0.0273937415
"Road 471689462 독배로317번길",231,-338.5861,-7.670593,-222.4994,1.29215527,0.008442623
"Road 471689462 독배로317번길",232,-339.1564,-7.698561,-220.931763,1.29215908,0.0300072469
"Road 471689462 독배로317번길",233,-336.907562,-7.68793154,-225.557922,0.24842833,0.0144479815
"Road 471689462 독배로317번길",234,-336.807953,-7.725595,-227.204285,0.24842824,0.0336337
"Road 471689462 독배로317번길",235,-337.091766,-7.67682648,-224.730942,0.496931851,0.0132644847
"Road 471689462 독배로317번길",236,-337.509949,-7.6755147,-222.25383,0.2485037,0.006700924
"Road 471689462 독배로317번길",237,-337.743927,-7.7032733,-220.603638,0.248503789,0.0271540768
"Road 471689462 독배로317번길",238,-337.258575,-7.67118454,-223.082687,0.49693203,0.00888813
"Road 471689462 독배로317번길",239,-336.6064,-7.72728,-227.209961,0.496931851,0.0336342826
"Road 471689462 독배로317번길",240,-336.706024,-7.689617,-225.5636,0.49693203,0.01444976
"Road 471689462 독배로317번길",241,-336.2878,-7.756882,-228.040756,0.993865669,0.0336125158
"Road 471689462 독배로317번길",242,-336.2946,-7.692221,-222.222214,2.53576255,0.0134441685
"Road 471689462 독배로317번길",243,-336.064728,-7.693716,-225.548752,0.633938551,0.0139831025
"Road 471689462 독배로317번길",244,-336.0343,-7.73164034,-227.215134,0.6339427,0.0336127877
"Road 471689462 독배로317번길",245,-336.417877,-7.68129539,-224.727982,1.2678771,0.0139046442
"Road 471689462 독배로317번길",246,-336.847168,-7.722364,-219.741272,2.53576732,0.0231426843
"Road 471689462 독배로317번길",247,-336.970428,-7.677166,-222.24707,1.2678771,0.006355011
"Road 471689462 독배로317번길",248,-337.338837,-7.70411062,-220.593124,1.2678777,0.0282025449
"Road 471689462 독배로317번길",249,-335.556732,-7.685779,-224.702881,0.8857641,0.01323966
"Road 471689462 독배로317번길",250,-335.747253,-7.73313141,-227.206772,0.442884862,0.0332213864
"Road 471689462 독배로317번길",251,-335.777679,-7.695207,-225.54039,0.442882061,0.0131978355
"Road 471689462 독배로317번길",252,-335.7205,-7.695214,-222.20546,1.77153385,0.0129689369
"Road 471689462 독배로317번길",253,-335.393,-7.73458529,-227.2003,0.8857721,0.03322013
"Road 471689462 독배로317번길",254,-335.1873,-7.69768524,-225.5296,0.8857665,0.0131350206
"Road 471689462 독배로317번길",255,-335.023529,-7.76268244,-228.027039,1.771498,0.03230565
"Road 471689462 독배로317번길",256,-334.775879,-7.693186,-222.188217,1.77138078,0.009631166
"Road 471689462 독배로317번길",257,-334.714966,-7.71597338,-225.521,1.77138078,0.0226234738
"Road 471689462 독배로317번길",258,-335.278625,-7.71146,-220.530457,3.54283333,0.0135595687
"Road 471689462 독배로317번길",259,-334.242645,-7.717939,-225.512375,1.77153552,0.0224801581
"Road 471689462 독배로317번길",260,-334.303558,-7.695151,-222.179581,1.77153552,0.009288665
"Road 471689462 독배로317번길",261,-333.739838,-7.754518,-227.17009,3.54314733,0.021533208
"Road 471689462 독배로317번길",262,-333.358948,-7.69381857,-222.1623,1.77145958,0.006502499
"Road 471689462 독배로317번길",263,-333.298,-7.71918058,-225.495071,1.77145958,0.021201089
"Road 471689462 독배로317번길",264,-333.861725,-7.706368,-220.504562,3.54284263,0.009410485
"Road 471689462 독배로317번길",265,-332.8257,-7.720595,-225.486435,1.77130628,0.0212006867
"Road 471689462 독배로317번길",266,-332.886658,-7.695233,-222.153641,1.77130628,0.006501432
"Road 471689462 독배로317번길",267,-332.322968,-7.75357962,-227.144165,3.54261732,0.0204075631
"Road 471689462 독배로317번길",268,-331.942,-7.694765,-222.1364,1.7716099,0.004833679
"Road 471689462 독배로317번길",269,-331.881134,-7.720014,-225.469162,1.7716099,0.0191775262
"Road 471689462 독배로317번길",270,-332.4448,-7.7029686,-220.478638,3.54321527,0.00622563763
"Road 471689462 독배로317번길",271,-331.408783,-7.72143,-225.460526,1.77145743,0.0191773586
"Road 471689462 독배로317번길",272,-331.469666,-7.69618034,-222.127762,1.77145743,0.004833001
"Road 471689462 독배로317번길",273,-330.906036,-7.74970436,-227.1183,3.5429194,0.0188658331
"Road 471689462 독배로317번길",274,-330.525055,-7.69546461,-222.110519,1.77145672,0.00342733669
"Road 471689462 독배로317번길",275,-330.464172,-7.71954966,-225.4433,1.77145672,0.0163916349
"Road 471689462 독배로317번길",276,-331.0278,-7.70037031,-220.452759,3.54290867,0.00527229952
"Road 471689462 독배로317번길",277,-329.991852,-7.720736,-225.434677,1.77161062,0.01624257
"Road 471689462 독배로317번길",278,-330.0527,-7.696651,-222.101883,1.77161062,0.0026226365
"Road 471689462 독배로317번길",279,-329.489044,-7.744207,-227.0924,3.54314947,0.0164569356
"Road 471689462 독배로317번길",280,-329.1081,-7.69573641,-222.084641,1.7713815,0.00147505838
"Road 471689462 독배로317번길",281,-329.04718,-7.7181735,-225.4174,1.7713815,0.0136662582
"Road 471689462 독배로317번길",282,-329.61084,-7.697685,-220.42688,3.54283476,0.0037823827
"Road 471689462 독배로317번길",283,-328.57486,-7.718868,-225.408768,1.77145779,0.0136662489
"Road 471689462 독배로317번길",284,-328.635773,-7.69643068,-222.076,1.77145779,0.0014749954
"Road 471689462 독배로317번길",285,-328.0721,-7.736915,-227.066528,3.54291081,0.0154507337
"Road 471689462 독배로317번길",286,-327.6607,-7.71397448,-223.725143,3.542917,0.03652639
"Road 471689462 독배로317번길",287,-328.193939,-7.696136,-220.401,3.54292178,0.0010900998
"Road 471689462 독배로317번길",288,-326.921783,-7.726872,-225.378555,7.08568,0.01156062
"Road 471689462 독배로317번길",289,-326.510376,-7.708443,-222.03717,7.085984,0.004091959
"Road 471689462 독배로317번길",290,-325.504852,-7.71925926,-225.352676,7.085983,0.00706723426
"Road 471689462 독배로317번길",291,-325.093445,-7.705013,-222.011276,7.08567858,0.00369783188
"Road 471689462 독배로317번길",292,-324.087921,-7.7124176,-225.326782,7.086139,0.008171904
"Road 471689462 독배로317번길",293,-323.676544,-7.700875,-221.985367,7.08553028,0.00241362373
"Road 471689462 독배로317번길",294,-322.671,-7.70590162,-225.300858,7.08598948,0.00679098628
"Road 471689462 독배로317번길",295,-322.259644,-7.69784355,-221.959473,7.08568525,0.00151794136
"Road 471689462 독배로317번길",296,-321.254028,-7.70124769,-225.274948,7.08599043,0.00379196578
"Road 471689462 독배로317번길",297,-320.842682,-7.696176,-221.933533,7.08599043,0.00102948025
"Road 281621314 restored connection",0,481.501068,-7.40187645,-609.7393,5.46771049,0.0325156637
"Road 281621314 restored connection",1,481.225861,-7.509668,-613.3523,9.193765,0.03207281
"Road 281621314 restored connection",2,480.310028,-7.40219927,-609.1211,5.467952,0.0331707522
"Road 281621314 restored connection",3,479.814331,-7.510512,-612.619568,9.194547,0.0327738076
"Road 281621314 restored connection",4,479.118927,-7.4036355,-608.502747,5.467726,0.0327231959
"Road 281621314 restored connection",5,478.40274,-7.51196861,-611.8867,9.194697,0.03278494
"Road 281621314 restored connection",6,477.9279,-7.404987,-607.88446,5.467043,0.03293316
"Road 281621314 restored connection",7,476.991119,-7.514366,-611.1538,9.196078,0.03343258
"Road 281621314 restored connection",8,476.736816,-7.407606,-607.266052,5.46780872,0.03342639
"Road 281621314 restored connection",9,475.579559,-7.51641655,-610.420959,9.193543,0.0323673226
"Road 281621314 restored connection",10,475.545746,-7.40896654,-606.647644,5.468647,0.0328857228
"Road 281621314 restored connection",11,474.167969,-7.516727,-609.6882,9.194163,0.0320642851
"Road 281621314 restored connection",12,474.3547,-7.40967941,-606.0293,5.467191,0.0322761424
"Road 281621314 restored connection",13,472.756439,-7.516825,-608.9553,9.1955,0.0320598632
"Road 281621314 restored connection",14,473.1636,-7.410337,-605.41095,5.467852,0.0321372524
"Road 281621314 restored connection",15,471.344849,-7.516539,-608.2225,9.193551,0.0317722224
"Road 281621314 restored connection",16,471.88266,-7.410448,-604.7459,6.98767233,0.0317969881
"Road 281621314 restored connection",17,469.933319,-7.51632357,-607.4897,7.675047,0.031628903
"Road 281621314 restored connection",18,470.581329,-7.41228533,-604.0703,7.33081341,0.0317608565
"Road 281621314 restored connection",19,468.6117,-7.51716757,-606.8035,7.33081341,0.0310608242
"Road 281621314 restored connection",20,469.28006,-7.41457224,-603.3947,7.331496,0.0311764777
"Road 281621314 restored connection",21,467.310333,-7.51840973,-606.1279,7.331294,0.0307340715
"Road 281621314 restored connection",22,467.978668,-7.41811943,-602.719055,7.331846,0.030934548
"Road 281621314 restored connection",23,466.009064,-7.520092,-605.452332,7.330187,0.0300780982
"Road 281621314 restored connection",24,466.6774,-7.42085838,-602.0435,7.33085871,0.0302054565
"Road 281621314 restored connection",25,464.707764,-7.521418,-604.7768,7.33222675,0.0297485739
"Road 281621314 restored connection",26,465.376068,-7.4237237,-601.368,7.330601,0.0298246648
"Road 281621314 restored connection",27,463.4064,-7.523316,-604.101135,7.331386,0.0295640975
"Road 281621314 restored connection",28,464.0748,-7.427376,-600.6923,7.331511,0.029859487
"Road 281621314 restored connection",29,462.105072,-7.5272007,-603.4256,7.33072662,0.0294430051
"Road 281621314 restored connection",30,462.773438,-7.43261957,-600.0168,7.331143,0.0295525
"Road 281621314 restored connection",31,460.803741,-7.530953,-602.749939,7.33163643,0.0289817024
"Road 281621314 restored connection",32,461.472137,-7.437465,-599.3411,7.330808,0.0293750837
"Road 281621314 restored connection",33,459.502472,-7.535047,-602.0744,7.330808,0.0286320429
"Road 281621314 restored connection",34,460.1708,-7.443395,-598.6656,7.33190727,0.0289835632
"Road 281621314 restored connection",35,458.201172,-7.53935957,-601.398743,7.330831,0.0281042475
"Road 281621314 restored connection",36,458.869476,-7.448852,-597.9899,7.33136749,0.0284183584
"Road 281621314 restored connection",37,456.8999,-7.54399633,-600.7232,7.33029127,0.02807719
"Road 281621314 restored connection",38,457.5682,-7.454517,-597.314453,7.330302,0.0281306058
"Road 281621314 restored connection",39,455.5986,-7.54925871,-600.047668,7.3322525,0.0281179156
"Road 281621314 restored connection",40,456.266937,-7.460282,-596.638855,7.330888,0.0282109864
"Road 281621314 restored connection",41,454.2972,-7.555002,-599.3721,7.331381,0.0280232839
"Road 281621314 restored connection",42,454.965576,-7.46634245,-595.963257,7.331381,0.0281164385
"Road 281621314 restored connection",43,452.99585,-7.559463,-598.6964,7.33167267,0.0273198467
"Road 281621314 restored connection",44,453.6642,-7.47106028,-595.2876,7.331808,0.0276236627
"Road 281621314 restored connection",45,451.69455,-7.56269026,-598.0208,7.33044,0.0269005783
"Road 281621314 restored connection",46,452.3534,-7.47507668,-594.6071,7.491763,0.026997773
"Road 281621314 restored connection",47,450.39328,-7.565206,-597.3452,7.170025,0.0266787149
"Road 281621314 restored connection",48,451.038483,-7.478873,-593.9317,7.51150131,0.026893964
"Road 281621314 restored connection",49,449.0934,-7.56836176,-596.6846,7.190961,0.0263095535
"Road 281621314 restored connection",50,449.724976,-7.481521,-593.271057,7.352007,0.0262722243
"Road 281621314 restored connection",51,447.789337,-7.570352,-596.028748,7.351714,0.0267555155
"Road 281621314 restored connection",52,448.411377,-7.483296,-592.6104,7.352124,0.0266486872
"Road 281621314 restored connection",53,446.47583,-7.57372475,-595.3681,7.35075855,0.0272012241
"Road 281621314 restored connection",54,447.09787,-7.485906,-591.949768,7.35116673,0.027009489
"Road 281621314 restored connection",55,445.162354,-7.5752244,-594.7076,7.3514595,0.0266801156
"Road 281621314 restored connection",56,445.784332,-7.485785,-591.289246,7.350779,0.0266471375
"Road 281621314 restored connection",57,443.848877,-7.57289648,-594.046936,7.35185146,0.0263556782
"Road 281621314 restored connection",58,444.470856,-7.48481226,-590.6286,7.351168,0.0261628442
"Road 281621314 restored connection",59,442.5353,-7.569891,-593.386353,7.351461,0.0256382562
"Road 281621314 restored connection",60,443.157379,-7.48382425,-589.968,7.351189,0.0253193378
"Road 281621314 restored connection",61,441.2218,-7.56566954,-592.725647,7.35226154,0.0249996968
"Road 281621314 restored connection",62,441.843842,-7.48101759,-589.3073,7.35198832,0.0244913418
"Road 281621314 restored connection",63,439.908234,-7.56019068,-592.064941,7.350916,0.024410069
"Road 281621314 restored connection",64,440.530273,-7.47693872,-588.646667,7.35255337,0.0240374114
"Road 281621314 restored connection",65,438.594727,-7.55432844,-591.404358,7.350602,0.02404526
"Road 281621314 restored connection",66,439.2167,-7.47289133,-587.986,7.351283,0.0235819574
"Road 281621314 restored connection",67,437.28125,-7.54904032,-590.743835,7.351576,0.02351217
"Road 281621314 restored connection",68,437.903229,-7.468815,-587.3255,7.35048628,0.02313114
"Road 281621314 restored connection",69,435.967682,-7.54372072,-590.083252,7.35214424,0.02311101
"Road 281621314 restored connection",70,436.589722,-7.465283,-586.664856,7.35173464,0.0228497218
"Road 281621314 restored connection",71,434.654144,-7.53998327,-589.422546,7.35173464,0.0227546226
"Road 281621314 restored connection",72,435.2762,-7.463032,-586.0042,7.351462,0.0225925632
"Road 281621314 restored connection",73,433.340576,-7.53694725,-588.7619,7.351462,0.0224402659
"Road 281621314 restored connection",74,433.962646,-7.461668,-585.343567,7.35173464,0.0222759135
"Road 281621314 restored connection",75,432.027069,-7.53506136,-588.101257,7.35173464,0.0219907332
"Road 281621314 restored connection",76,432.649078,-7.461455,-584.6829,7.352008,0.02193443
"Road 281621314 restored connection",77,430.713531,-7.53355837,-587.4406,7.35064268,0.0216314029
"Road 281621314 restored connection",78,431.335571,-7.461069,-584.0223,7.3513236,0.0215465724
"Road 281621314 restored connection",79,429.400055,-7.532345,-586.7801,7.3513236,0.02132281
"Road 281621314 restored connection",80,430.0221,-7.46113825,-583.361755,7.350779,0.0213052686
"Road 281621314 restored connection",81,428.086578,-7.53210258,-586.119446,7.35155869,0.0211988837
"Road 281621314 restored connection",82,428.708618,-7.46175337,-582.7011,7.351421,0.0212099981
"Road 281621314 restored connection",83,426.773041,-7.53228331,-585.458862,7.35171366,0.02105947
"Road 281621314 restored connection",84,427.39502,-7.46226645,-582.040466,7.352261,0.02106713
"Road 281621314 restored connection",85,425.459473,-7.53254461,-584.798157,7.35118866,0.0209916439
"Road 281621314 restored connection",86,426.109741,-7.463564,-581.394043,6.87678432,0.0210831389
"Road 281621314 restored connection",87,424.202667,-7.53390169,-584.1661,6.874054,0.02084581
"Road 281621314 restored connection",88,424.881226,-7.465528,-580.7763,6.87569237,0.02088498
"Road 281621314 restored connection",89,422.9742,-7.535406,-583.5484,6.87569237,0.0207782853
"Road 281621314 restored connection",90,423.6527,-7.46741056,-580.1585,6.87528229,0.0208196249
"Road 281621314 restored connection",91,421.7457,-7.53680754,-582.9306,6.875574,0.0205999129
"Road 281621314 restored connection",92,422.424225,-7.46959639,-579.5408,6.87502861,0.0207683761
"Road 281621314 restored connection",93,420.517181,-7.538069,-582.3128,6.87610245,0.0201769378
"Road 281621314 restored connection",94,421.1957,-7.47181129,-578.923035,6.87555647,0.0203325525
"Road 281621314 restored connection",95,419.2886,-7.53958559,-581.695068,6.87555647,0.0200162921
"Road 731224474 소성로87번길",0,557.7818,2.89943767,-465.4064,4.25824,0.09858848
"Road 731224474 소성로87번길",1,559.2219,2.87236977,-466.8727,4.259074,0.06771482
"Road 731224474 소성로87번길",2,557.025269,2.77306557,-466.607544,4.25829935,0.101982161
"Road 731224474 소성로87번길",3,558.4653,2.75688243,-468.073883,4.25913334,0.07720116
"Road 731224474 소성로87번길",4,556.2686,2.64605737,-467.8087,4.258881,0.0927315
"Road 731224474 소성로87번길",5,557.7087,2.63430858,-469.275055,4.25870275,0.0934658051
"Road 731224474 소성로87번길",6,555.511963,2.50793529,-469.009857,4.2591877,0.109530859
"Road 731224474 소성로87번길",7,556.825867,2.48555827,-470.6764,1.06465232,0.0953803658
"Road 731224474 소성로87번길",8,555.1336,2.44996858,-469.610443,1.06465232,0.09868978
"Road 731224474 소성로87번길",9,557.924255,2.5415175,-470.809,2.12927175,0.100216
"Road 731224474 소성로87번길",10,554.8814,2.40409684,-470.010834,1.06465232,0.10248147
"Road 731224474 소성로87번길",11,556.573669,2.43968654,-471.076752,1.06465232,0.09929852
"Road 731224474 소성로87번길",12,553.783142,2.32264733,-469.8782,2.12923765,0.119478539
"Road 731224474 소성로87번길",13,556.069336,2.35096884,-471.877533,1.06460357,0.09984303
"Road 731224474 소성로87번길",14,554.377,2.302666,-470.811523,1.06460357,0.104800068
"Road 731224474 소성로87번길",15,557.167664,2.40654016,-472.0101,2.12927413,0.08929643
"Road 731224474 소성로87번길",16,554.1248,2.25615835,-471.2119,1.06473982,0.103628546
"Road 731224474 소성로87번길",17,555.817139,2.30446124,-472.277863,1.06473982,0.0986152
"Road 731224474 소성로87번길",18,553.0265,2.17191839,-471.079346,2.12941265,0.110916145
"Road 731224474 소성로87번길",19,555.3127,2.2149303,-473.0787,1.06473553,0.0948932841
"Road 731224474 소성로87번길",20,553.6204,2.161278,-472.012726,1.06473553,0.101517729
"Road 731224474 소성로87번길",21,556.4111,2.27387381,-473.211273,2.1295383,0.09462761
"Road 731224474 소성로87번길",22,553.3682,2.11674523,-472.4131,1.06461942,0.102190174
"Road 731224474 소성로87번길",23,555.0605,2.17039752,-473.4791,1.06461942,0.0956139639
"Road 731224474 소성로87번길",24,552.269958,2.02860284,-472.2805,2.12920451,0.111830354
"Road 731224474 소성로87번길",25,554.1961,2.08879232,-473.913239,0.5323615,0.104697593
"Road 731224474 소성로87번길",26,555.3391,2.08857942,-474.912933,0.26619187,0.09558575
"Road 731224474 소성로87번길",27,554.493,2.07926,-474.379974,0.26619187,0.0993077159
"Road 731224474 소성로87번길",28,552.863831,2.02128863,-473.213867,1.06472874,0.109399572
"Road 731224474 소성로87번길",29,556.0144,2.13516569,-474.779053,1.06475163,0.109351262
"Road 731224474 소성로87번길",30,555.294434,2.14975882,-474.0458,1.06472361,0.07389087
"Road 731224474 소성로87번길",31,552.611633,1.97346067,-473.614258,1.06478763,0.1094003
"Road 731224474 소성로87번길",32,554.3669,2.05677056,-474.58017,0.2661969,0.09929558
"Road 731224474 소성로87번길",33,555.213,2.06608987,-475.113159,0.2661969,0.09558054
"Road 731224474 소성로87번길",34,553.8177,2.01847482,-474.513824,0.5323938,0.10548038
"Road 731224474 소성로87번길",35,551.513245,1.88411534,-473.481659,2.12950826,0.108623363
"Road 731224474 소성로87번길",36,553.4394,1.9481622,-475.1144,0.5323411,0.10633263
"Road 731224474 소성로87번길",37,554.582458,1.94847381,-476.1141,0.2662032,0.100749232
"Road 731224474 소성로87번길",38,553.7363,1.94101417,-475.5811,0.2661969,0.104532667
"Road 731224474 소성로87번길",39,552.1071,1.87816632,-474.415,1.06466389,0.109263673
"Road 731224474 소성로87번길",40,554.771667,1.98267317,-475.8138,0.532322764,0.09702819
"Road 731224474 소성로87번길",41,554.0516,1.99912536,-475.080658,0.5323411,0.100158952
"Road 731224474 소성로87번길",42,555.38385,2.01134181,-475.780029,1.0646975,0.105743214
"Road 731224474 소성로87번길",43,551.855,1.83024549,-474.8154,1.06465387,0.109648667
"Road 731224474 소성로87번길",44,553.6102,1.916588,-475.781281,0.26614812,0.112579405
"Road 731224474 소성로87번길",45,554.45636,1.92404759,-476.3143,0.2661544,0.109060951
"Road 731224474 소성로87번길",46,553.0611,1.87581527,-475.715,0.5323298,0.106443368
"Road 731224474 소성로87번길",47,550.756653,1.73616493,-474.68277,2.12927461,0.119409949
"Road 731224474 소성로87번길",48,552.6828,1.802121,-476.315552,0.532322764,0.103834279
"Road 731224474 소성로87번길",49,553.825867,1.79794133,-477.315216,0.266153157,0.110579461
"Road 731224474 소성로87번길",50,552.9798,1.79116333,-476.782227,0.266150266,0.11284221
"Road 731224474 소성로87번길",51,551.3506,1.73000228,-475.61618,1.06464553,0.11028897
"Road 731224474 소성로87번길",52,554.50116,1.84036779,-477.181366,1.064662,0.103118464
"Road 731224474 소성로87번길",53,553.295044,1.85385334,-476.281769,0.532322764,0.114000715
"Road 731224474 소성로87번길",54,554.2672,1.88532209,-476.614532,0.532317,0.11161609
"Road 731224474 소성로87번길",55,551.0984,1.68135214,-476.0165,1.0646944,0.115317143
"Road 731224474 소성로87번길",56,552.8537,1.76515019,-476.982422,0.266169637,0.11286173
"Road 731224474 소성로87번길",57,553.699768,1.77192831,-477.515381,0.266172528,0.110597685
"Road 731224474 소성로87번길",58,552.3045,1.72745788,-476.9161,0.5323563,0.1083518
"Road 731224474 소성로87번길",59,550,1.57929885,-475.8839,2.12935567,0.127503827
"Road 731224474 소성로87번길",60,551.9261,1.65089691,-477.5167,0.5323438,0.109370783
"Road 731224474 소성로87번길",61,553.069153,1.63695538,-478.516357,0.266153157,0.122478306
"Road 731224474 소성로87번길",62,552.2231,1.63495457,-477.983368,0.266153157,0.123025656
"Road 731224474 소성로87번길",63,550.593933,1.57538235,-476.817261,1.06470013,0.118931293
"Road 731224474 소성로87번길",64,553.258362,1.67758191,-478.216064,0.5324064,0.112258621
"Road 731224474 소성로87번길",65,552.5384,1.700919,-477.4829,0.5323938,0.113296427
"Road 731224474 소성로87번길",66,553.8706,1.71089888,-478.182281,1.06469822,0.117194712
"Road 731224474 소성로87번길",67,550.3417,1.52462339,-477.217682,1.0648551,0.119238541
"Road 731224474 소성로87번길",68,552.2769,1.61224258,-478.366852,0.13310197,0.122533254
"Road 731224474 소성로87번길",69,551.916931,1.617229,-478.000244,0.133098453,0.0296187736
"Road 731224474 소성로87번길",70,552.943054,1.60819137,-478.716553,0.26619187,0.122459404
"Road 731224474 소성로87번길",71,551.367737,1.58241224,-477.93396,0.266204864,0.118339226
"Road 731224474 소성로87번길",72,551.7278,1.57742584,-478.300568,0.266220421,0.179659188
"Road 731224474 소성로87번길",73,549.243347,1.42073715,-477.0851,2.129677,0.122013554
"Road 731224474 소성로87번길",74,551.529541,1.46925819,-479.084381,1.06453288,0.108489156
"Road 731224474 소성로87번길",75,549.8372,1.42141545,-478.018524,1.06453288,0.120563745
"Road 731224474 소성로87번길",76,552.627869,1.52231741,-479.217,2.12909865,0.122691453
"Road 731224474 소성로87번길",77,549.5851,1.37013578,-478.418854,1.06461036,0.120578155
"Road 731224474 소성로87번길",78,551.2774,1.41797841,-479.484741,1.06461036,0.108502537
"Road 731224474 소성로87번길",79,548.486755,1.26532888,-478.2863,2.12918758,0.122051105
"Road 731224474 소성로87번길",80,550.773,1.30497694,-480.285522,1.06469107,0.110270381
"Road 731224474 소성로87번길",81,549.08075,1.26666725,-479.2196,1.06469107,0.121561579
"Road 731224474 소성로87번길",82,551.871338,1.35148132,-480.4181,2.129415,0.130381331
"Road 731224474 소성로87번길",83,548.8209,1.21318769,-479.632538,1.130718,0.122252665
"Road 731224474 소성로87번길",84,550.5131,1.25149739,-480.698456,1.130718,0.11097753
"Road 731224474 소성로87번길",85,547.7073,1.10463345,-479.525,2.261436,0.1221965
"Road 731224474 소성로87번길",86,550.024,1.140051,-481.474152,0.998220146,0.126966491
"Road 731224474 소성로87번길",87,548.3012,1.10246861,-480.458344,0.998220146,0.134821966
"Road 731224474 소성로87번길",88,551.1224,1.18052566,-481.60672,1.99644029,0.127538249
"Road 731224474 소성로87번길",89,548.0606,1.04247177,-480.867218,1.136756,0.139272824
"Road 731224474 소성로87번길",90,549.7834,1.08005416,-481.883057,1.136756,0.1277617
"Road 731224474 소성로87번길",91,546.9549,0.9344821,-480.8018,2.2736125,0.120231353
"Road 731224474 소성로87번길",92,549.3383,0.96359843,-482.691864,1.00573111,0.1294435
"Road 731224474 소성로87번길",93,547.5865,0.9265609,-481.7268,1.00573111,0.137397364
"Road 731224474 소성로87번길",94,550.4295,1.009102,-482.782623,2.011365,0.124568529
"Road 731224474 소성로87번길",95,547.934753,0.8929355,-482.649536,0.267881632,0.1302309
"Road 731224474 소성로87번길",96,547.5542,0.8940335,-482.304,0.267878354,0.06904569
"Road 731224474 소성로87번길",97,546.983459,0.8678844,-481.785675,0.5357442,0.07097873
"Road 731224474 소성로87번길",98,549.1158,0.9038239,-483.096283,1.07148838,0.130272552
"Road 731224474 소성로87번길",99,545.877869,0.7692535,-481.720337,1.07153738,0.123992749
"Road 731224474 소성로87번길",100,546.9439,0.838242948,-482.3756,0.267887056,0.125365853
"Road 731224474 소성로87번길",101,547.324463,0.8371449,-482.721161,0.267890334,0.1891441
"Road 731224474 소성로87번길",102,546.1435,0.760459363,-482.274445,0.5357794,0.124308504
"Road 731224474 소성로87번길",103,548.65625,0.78384155,-483.93045,1.07143652,0.130729526
"Road 731224474 소성로87번길",104,546.847,0.7581279,-483.0698,0.2678381,0.10986118
"Road 731224474 소성로87번길",105,545.9711,0.7215202,-482.58728,0.2678381,0.124315888
"Road 731224474 소성로87번길",106,547.399841,0.795969069,-483.102448,0.5357252,0.131917268
"Road 731224474 소성로87번길",107,549.7619,0.8359058,-483.99585,2.142775,0.12198054
"Road 731224474 소성로87번길",108,547.0552,0.7085381,-483.728058,0.535666,0.127935573
"Road 731224474 소성로87번길",109,545.856262,0.6955669,-482.7958,0.2678381,0.124283105
"Road 731224474 소성로87번길",110,546.7321,0.732174635,-483.27832,0.2678381,0.109824076
"Road 731224474 소성로87번길",111,548.426453,0.7223639,-484.347534,1.07135642,0.127751753
"Road 731224474 소성로87번길",112,545.6839,0.6568909,-483.108643,0.535690367,0.123247541
"Road 731224474 소성로87번길",113,546.4449,0.6631159,-483.799652,0.535666,0.108041063
"Road 731224474 소성로87번길",114,545.073669,0.5894306,-483.180176,1.07134223,0.1211248
"Road 731224474 소성로87번길",115,547.967,0.6059018,-485.181732,1.071443,0.123969
"Road 731224474 소성로87번길",116,546.1577,0.5951876,-484.321,0.26786074,0.106872909
"Road 731224474 소성로87번길",117,545.2818,0.567899764,-483.8385,0.26786074,0.121590786
"Road 731224474 소성로87번길",118,546.7106,0.622943342,-484.353668,0.5357215,0.123943888
"Road 731224474 소성로87번길",119,549.072632,0.6599001,-485.247162,2.14291453,0.118853271
"Road 731224474 소성로87번길",120,546.3659,0.5386582,-484.97934,0.535753131,0.123453043
"Road 731224474 소성로87번길",121,545.166931,0.5424672,-484.047028,0.267882854,0.121575408
"Road 731224474 소성로87번길",122,546.042847,0.569755,-484.529541,0.267882854,0.106864624
"Road 731224474 소성로87번길",123,547.737244,0.5470493,-485.598846,1.07148719,0.123256646
"Road 731224474 소성로87번길",124,544.9946,0.500096738,-484.3599,0.5357024,0.1392678
"Road 731224474 소성로87번길",125,545.7557,0.4980425,-485.050934,0.5357215,0.1247481
"Road 731224474 소성로87번길",126,544.384338,0.43421945,-484.4315,1.07150626,0.11445085
"Road 731224474 소성로87번길",127,547.277649,0.436316252,-486.4331,1.07153249,0.120053478
"Road 731224474 소성로87번길",128,545.468445,0.4248766,-485.572357,0.267885476,0.125501737
"Road 731224474 소성로87번길",129,544.5925,0.405960172,-485.089844,0.267882854,0.132440761
"Road 731224474 소성로87번길",130,546.02124,0.451081663,-485.605072,0.5357567,0.120177813
"Road 731224474 소성로87번길",131,548.3833,0.491668135,-486.498444,2.143065,0.110892907
"Road 731224474 소성로87번길",132,545.6766,0.3659338,-486.2307,0.5357041,0.112182207
"Road 731224474 소성로87번길",133,544.4776,0.376099348,-485.29837,0.26786074,0.132441446
"Road 731224474 소성로87번길",134,545.3535,0.3950158,-485.780884,0.2678634,0.125495344
"Road 731224474 소성로87번길",135,547.0479,0.381029218,-486.85022,1.07140815,0.112199843
"Road 731224474 소성로87번길",136,543.81,0.306405485,-485.474243,1.07142234,0.108146317
"Road 731224474 소성로87번길",137,544.571,0.298615247,-486.165283,1.07142234,0.144859761
"Road 731224474 소성로87번길",138,546.7032,0.29497093,-487.475861,4.28592253,0.101359837
"Road 731224474 소성로87번길",139,544.4919,0.177319631,-487.344971,4.28559351,0.100958109
"Road 731224474 소성로87번길",140,546.013855,0.154089391,-488.727142,4.28595638,0.0955034
"Road 731224474 소성로87번길",141,543.8025,0.0395124145,-488.596283,4.28613329,0.09510475
"Road 731224474 소성로87번길",142,545.324463,0.0236257911,-489.978424,4.28567028,0.0861728638
"Road 731224474 소성로87번길",143,543.113159,-0.0909317955,-489.847565,4.28598261,0.09577638
"Road 731224474 소성로87번길",144,544.6352,-0.101907633,-491.229736,4.28561974,0.08572072
"Road 731224474 소성로87번길",145,542.4239,-0.2166674,-491.098877,4.285628,0.0870528743
"Road 731224474 소성로87번길",146,543.945862,-0.2219161,-492.481,4.28599072,0.0845175162
"Road 731224474 소성로87번길",147,541.734558,-0.335562319,-492.3502,4.28574228,0.08356382
"Road 731224474 소성로87번길",148,543.256531,-0.338950068,-493.73233,4.28602362,0.0833627656
"Road 731224474 소성로87번길",149,541.045166,-0.450974375,-493.601471,4.286032,0.0811984539
"Road 731224474 소성로87번길",150,542.567139,-0.454238176,-494.9836,4.28575039,0.08321075
"Road 731224474 소성로87번길",151,540.355835,-0.5648377,-494.852783,4.28606272,0.08033143
"Road 731224474 소성로87번길",152,541.877869,-0.5684264,-496.2349,4.28551865,0.08169144
"Road 731224474 소성로87번길",153,539.666565,-0.6773563,-496.1041,4.28584766,0.0797068
"Road 731224474 소성로87번길",154,541.188538,-0.681599557,-497.486237,4.286029,0.0815062746
"Road 731224474 소성로87번길",155,538.977234,-0.7895615,-497.355377,4.28545141,0.0796093643
"Road 731224474 소성로87번길",156,540.499268,-0.7946058,-498.737549,4.28591442,0.08117586
"Road 731224474 소성로87번길",157,538.2879,-0.9016846,-498.6067,4.28593063,0.0796086639
"Road 731224474 소성로87번길",158,539.8099,-0.9060423,-499.988861,4.2858305,0.07818464
"Road 731224474 소성로87번길",159,537.5903,-1.0129956,-499.873444,4.443848,0.0782393
"Road 731224474 소성로87번길",160,539.1206,-1.01527131,-501.240143,4.12706041,0.0781663
"Road 731224474 소성로87번길",161,536.9026,-1.122952,-501.1577,4.54077768,0.07599562
"Road 731224474 소성로87번길",162,538.4586,-1.12312973,-502.511566,4.233386,0.0780635551
"Road 731224474 소성로87번길",163,536.24176,-1.231401,-502.462372,4.38726234,0.07541925
"Road 731224474 소성로87번길",164,537.805664,-1.23051822,-503.800934,4.38726234,0.07621663
"Road 731224474 소성로87번길",165,535.580933,-1.33876407,-503.767,4.38742542,0.07537066
"Road 731224474 소성로87번길",166,537.144836,-1.33821154,-505.1056,4.38742542,0.0759833157
"Road 731224474 소성로87번길",167,534.9201,-1.44550121,-505.071625,4.38693428,0.074279
"Road 731224474 소성로87번길",168,536.484,-1.44527709,-506.410248,4.387571,0.07588131
"Road 731224474 소성로87번길",169,534.2592,-1.55177033,-506.376221,4.387818,0.07428678
"Road 731224474 소성로87번길",170,535.823059,-1.55155742,-507.714874,4.38736534,0.07419651
"Road 731224474 소성로87번길",171,533.5983,-1.65706623,-507.6809,4.3874445,0.073928535
"Road 731224474 소성로87번길",172,535.1623,-1.6564641,-509.0195,4.387078,0.07355514
"Road 731224474 소성로87번길",173,532.937561,-1.7603637,-508.985443,4.386669,0.071030356
"Road 731224474 소성로87번길",174,534.501465,-1.75908327,-510.324066,4.387673,0.07250197
"Road 731224474 소성로87번길",175,532.2767,-1.86133492,-510.290039,4.38759232,0.0701719746
"Road 731224474 소성로87번길",176,533.8406,-1.86054885,-511.628754,4.387684,0.07179668
"Road 731224474 소성로87번길",177,531.6157,-1.96180737,-511.594818,4.38833857,0.0704099759
"Road 731224474 소성로87번길",178,533.1796,-1.96184623,-512.9334,4.38660669,0.07164676
"Road 731224474 소성로87번길",179,530.9534,-2.06217742,-512.902344,4.416247,0.06944694
"Road 731224474 소성로87번길",180,532.5161,-2.06308317,-514.243652,4.41497469,0.0715243
"Road 731224474 소성로87번길",181,530.2885,-2.162306,-514.2155,4.41603947,0.0688716546
"Road 731224474 소성로87번길",182,531.8512,-2.16327024,-515.5567,4.41603947,0.06940277
"Road 731224474 소성로87번길",183,529.6236,-2.2608552,-515.5286,4.41563034,0.0682320744
"Road 731224474 소성로87번길",184,531.1862,-2.26170135,-516.8699,4.41563034,0.06858862
"Road 731224474 소성로87번길",185,528.9587,-2.35825229,-516.841858,4.416203,0.06732873
"Road 731224474 소성로87번길",186,530.52124,-2.35873,-518.183044,4.41583538,0.06746709
"Road 731224474 소성로87번길",187,528.2937,-2.45432448,-518.155,4.415507,0.06668622
"Road 731224474 소성로87번길",188,529.8564,-2.455004,-519.4962,4.415507,0.06766811
"Road 731224474 소성로87번길",189,527.628845,-2.54929519,-519.46814,4.41558933,0.064828366
"Road 731224474 소성로87번길",190,529.191467,-2.55062985,-520.8094,4.41640949,0.06773601
"Road 731224474 소성로87번길",191,526.9638,-2.64345765,-520.7813,4.4159193,0.06457905
"Road 731224474 소성로87번길",192,528.5264,-2.64575624,-522.122559,4.415552,0.06645071
"Road 731224474 소성로87번길",193,526.2988,-2.73702621,-522.0945,4.41571331,0.06453839
"Road 731224474 소성로87번길",194,527.8615,-2.73952866,-523.4357,4.415628,0.06486039
"Road 731224474 소성로87번길",195,525.634,-2.82916331,-523.407654,4.41587639,0.0631773546
"Road 731224474 소성로87번길",196,527.196533,-2.831295,-524.748962,4.41596127,0.0637437552
"Road 731224474 소성로87번길",197,524.968933,-2.92004776,-524.7209,4.41595936,0.06306839
"Road 731224474 소성로87번길",198,526.531555,-2.92247963,-526.0621,4.415874,0.0637037
"Road 731224474 소성로87번길",199,524.304,-3.01084781,-526.034,4.415467,0.06294999
"Road 731224474 소성로87번길",200,525.866638,-3.01332784,-527.375244,4.4159193,0.06311818
"Road 731224474 소성로87번길",201,523.639,-3.10043025,-527.3471,4.41567326,0.061178688
"Road 731224474 소성로87번길",202,525.2016,-3.10295415,-528.6884,4.41567326,0.0629236
"Road 731224474 소성로87번길",203,522.97406,-3.189003,-528.6603,4.416083,0.0609202646
"Road 731224474 소성로87번길",204,524.5366,-3.19245267,-530.0015,4.41563034,0.06281417
"Road 731224474 소성로87번길",205,522.3091,-3.27749443,-529.97345,4.415957,0.0608082823
"Road 731224474 소성로87번길",206,523.871765,-3.28132629,-531.3147,4.41558933,0.06154156
"Road 731224474 소성로87번길",207,521.6441,-3.36472631,-531.2866,4.415753,0.059498895
"Road 731224474 소성로87번길",208,523.2068,-3.3685627,-532.627869,4.41620541,0.06070566
"Road 731224474 소성로87번길",209,520.9792,-3.45090747,-532.5998,4.415469,0.05937123
"Road 731224474 소성로87번길",210,522.5418,-3.455382,-533.94104,4.415837,0.0606364235
"Road 731224474 소성로87번길",211,520.314148,-3.53705716,-533.912964,4.416083,0.0593044423
"Road 731224474 소성로87번길",212,521.8768,-3.54161334,-535.2542,4.41563034,0.05945607
"Road 731224474 소성로87번길",213,519.649231,-3.62171817,-535.226135,4.415957,0.0574939847
"Road 731224474 소성로87번길",214,521.211853,-3.62593269,-536.5674,4.41558933,0.0585646555
"Road 731224474 소성로87번길",215,518.9843,-3.70495224,-536.5393,4.415753,0.0572308227
"Road 731224474 소성로87번길",216,520.546936,-3.70973468,-537.880554,4.41620541,0.0584986173
"Road 731224474 소성로87번길",217,518.319336,-3.78808522,-537.8525,4.41538668,0.0571639948
"Road 731224474 소성로87번길",218,519.881958,-3.79297948,-539.1937,4.41538668,0.0573795326
"Road 731224474 소성로87번길",219,517.654358,-3.870369,-539.1656,4.41579628,0.0565711
"Road 731224474 소성로87번길",220,519.217,-3.87524676,-540.506836,4.41579628,0.057088498
"Road 731224474 소성로87번길",221,516.989441,-3.95195842,-540.47876,4.415879,0.055992078
"Road 731224474 소성로87번길",222,518.552,-3.9565258,-541.82,4.41579342,0.0559290163
"Road 731224474 소성로87번길",223,516.324463,-4.03224754,-541.791931,4.41579342,0.05511666
"Road 731224474 소성로87번길",224,517.887146,-4.036986,-543.13324,4.41579342,0.05627925
"Road 731224474 소성로87번길",225,515.6595,-4.112015,-543.1051,4.41579342,0.05448324
"Road 731224474 소성로87번길",226,517.222168,-4.11771441,-544.44635,4.415879,0.0568596125
"Road 731224474 소성로87번길",227,514.994568,-4.19179535,-544.4183,4.415879,0.05426159
"Road 731224474 소성로87번길",228,516.5571,-4.19766,-545.7595,4.41579342,0.0546712764
"Road 731224474 소성로87번길",229,514.3296,-4.270441,-545.731445,4.41579342,0.0542384
"Road 731224474 소성로87번길",230,515.8923,-4.27630568,-547.0727,4.41579342,0.0542438626
"Road 731224474 소성로87번길",231,513.6646,-4.348355,-547.0446,4.41563034,0.0532084443
"Road 731224474 소성로87번길",232,515.2273,-4.354486,-548.385864,4.416083,0.0546964034
"Road 731224474 소성로87번길",233,512.9997,-4.42586374,-548.3577,4.41546869,0.0528297126
"Road 731224474 소성로87번길",234,514.562256,-4.43231344,-549.699036,4.41589975,0.0537275672
"Road 731224474 소성로87번길",235,512.334656,-4.50276041,-549.6709,4.41610432,0.0527874865
"Road 731224474 소성로87번길",236,513.8973,-4.50953865,-551.012146,4.415306,0.053418152
"Road 731224474 소성로87번길",237,511.669678,-4.57895041,-550.9841,4.416123,0.051619973
"Road 731224474 소성로87번길",238,513.232361,-4.586291,-552.325256,4.41567039,0.05379794
"Road 731224474 소성로87번길",239,511.00473,-4.6547,-552.297241,4.41558933,0.05130449
"Road 731224474 소성로87번길",240,512.5674,-4.6627655,-553.6384,4.41558933,0.05291466
"Road 731224474 소성로87번길",241,510.339844,-4.72993135,-553.610352,4.415753,0.05122976
"Road 731224474 소성로87번길",242,511.9025,-4.73824644,-554.9516,4.416163,0.0517095439
"Road 731224474 소성로87번길",243,509.674835,-4.804297,-554.9236,4.41587734,0.0506476834
"Road 731224474 소성로87번길",244,511.237457,-4.81227446,-556.264832,4.41548872,0.0505380146
"Road 731224474 소성로87번길",245,509.0099,-4.87763166,-556.236755,4.41565037,0.0503242835
"Road 731224474 소성로87번길",246,510.57254,-4.885551,-557.577942,4.41606,0.0505259559
"Road 731224474 소성로87번길",247,508.345,-4.9502387,-557.549866,4.415326,0.0491845459
"Road 731224474 소성로87번길",248,509.9076,-4.958267,-558.8911,4.416125,0.0504763648
"Road 731224474 소성로87번길",249,507.679962,-5.022288,-558.863037,4.41608334,0.0491304025
"Road 731224474 소성로87번길",250,509.242554,-5.0309844,-560.2043,4.415263,0.05042351
"Road 731224474 소성로87번길",251,507.015,-5.09433365,-560.176147,4.415712,0.04907867
"Road 731224474 소성로87번길",252,508.577637,-5.10369825,-561.517456,4.416122,0.0503745526
"Road 731224474 소성로87번길",253,506.348724,-5.16652536,-561.491943,4.4422884,0.0490271561
"Road 731224474 소성로87번길",254,507.909882,-5.17635345,-562.836,4.44392824,0.0496297032
"Road 731224474 소성로87번길",255,505.679535,-5.23825645,-562.8132,4.44298744,0.04819964
"Road 731224474 소성로87번길",256,507.2406,-5.24775076,-564.1573,4.44339752,0.04831883
"Road 731224474 소성로87번길",257,505.010254,-5.308665,-564.134338,4.442988,0.0476536863
"Road 731224474 소성로87번길",258,506.571381,-5.31822157,-565.4785,4.44303036,0.04829503
"Road 731224474 소성로87번길",259,504.341034,-5.378803,-565.455566,4.442989,0.0476308651
"Road 731224474 소성로87번길",260,505.9021,-5.38841772,-566.799744,4.442989,0.0477420837
"Road 731224474 소성로87번길",261,503.671783,-5.44799948,-566.7767,4.442989,0.046288833
"Road 731224474 소성로87번길",262,505.232819,-5.457605,-568.12085,4.442989,0.04756093
"Road 731224474 소성로87번길",263,503.002533,-5.51611662,-568.0979,4.443235,0.04554662
"Road 731224474 소성로87번길",264,504.563568,-5.526378,-569.4421,4.442783,0.0474956781
"Road 731224474 소성로87번길",265,502.333282,-5.58388662,-569.419067,4.44290447,0.045480568
"Road 731224474 소성로87번길",266,503.8944,-5.59481955,-570.7632,4.44290447,0.04678849
"Road 731224474 소성로87번길",267,501.664063,-5.651405,-570.7403,4.443397,0.0455920324
"Road 731224474 소성로87번길",268,503.2252,-5.662332,-572.0844,4.443397,0.04542552
"Road 731224474 소성로87번길",269,500.994843,-5.718557,-572.0615,4.44290447,0.04606961
"Road 731224474 소성로87번길",270,502.555939,-5.72939539,-573.40564,4.44290447,0.0454453528
"Road 731224474 소성로87번길",271,500.325653,-5.785286,-573.3827,4.443029,0.0447778553
"Road 731224474 소성로87번길",272,501.886749,-5.79580355,-574.7268,4.443029,0.0454226881
"Road 731224474 소성로87번길",273,499.6564,-5.851072,-574.703857,4.44310951,0.0441709943
"Road 731224474 소성로87번길",274,501.217529,-5.86192465,-576.048035,4.443519,0.045387
"Road 731224474 소성로87번길",275,498.987183,-5.9165206,-576.025146,4.443112,0.04403223
"Road 731224474 소성로87번길",276,500.548248,-5.927995,-577.3692,4.44270229,0.045346465
"Road 731224474 소성로87번길",277,498.317963,-5.98124361,-577.346252,4.44302654,0.04264313
"Road 731224474 소성로87번길",278,499.879059,-5.99308825,-578.690369,4.44302654,0.04468333
"Road 731224474 소성로87번길",279,497.648773,-6.045025,-578.6674,4.44249725,0.04264854
"Road 731224474 소성로87번길",280,499.209839,-6.05720472,-580.011536,4.44372749,0.0432367437
"Road 471332807 ",0,562.9609,10.0342855,-356.580444,4.46906471,0.101451628
"Road 471332807 ",1,564.96405,10.0859575,-357.063873,4.46906471,0.151608869
"Road 471332807 ",2,562.969,9.891978,-357.8218,1.11728907,0.126823992
"Road 471332807 ",3,565.4681,10.0108023,-357.6813,0.558621347,0.210171416
"Road 471332807 ",4,564.4697,9.934985,-357.936127,0.5586332,0.121068336
"Road 471332807 ",5,561.9723,9.809818,-358.324921,2.23453236,0.08185102
"Road 471332807 ",6,563.9755,9.838199,-358.80835,2.23448658,0.0872937441
"Road 471332807 ",7,565.472961,9.918111,-358.426117,1.1172781,0.090571776
"Road 471332807 ",8,566.4714,9.993928,-358.1713,1.11728883,0.143346876
"Road 471332807 ",9,562.97876,9.74733,-359.311432,1.11724329,0.108479455
"Road 471332807 ",10,565.477844,9.835288,-359.170929,0.558621347,0.187386885
"Road 471332807 ",11,564.4795,9.770528,-359.425781,0.55861026,0.106903829
"Road 471332807 ",12,561.982056,9.684949,-359.814545,2.23448658,0.07430302
"Road 471332807 ",13,563.9853,9.68958,-360.298,2.23448658,0.0678545162
"Road 471332807 ",14,566.4827,9.786302,-359.9092,1.11726594,0.130938485
"Road 471332807 ",15,564.981934,9.740109,-359.794922,0.55861026,0.110217839
"Road 471332807 ",16,565.9803,9.80487,-359.54007,0.55863297,0.122807771
"Road 471332807 ",17,563.988464,9.64921951,-360.794556,2.23457813,0.09984098
"Road 471332807 ",18,561.9918,9.57965,-361.3042,2.23457813,0.05972124
"Road 471332807 ",19,563.995056,9.564014,-361.7877,2.23457813,0.07411737
"Road 471332807 ",20,565.9917,9.633584,-361.277985,2.23457813,0.113990329
"Road 471332807 ",21,562.999939,9.520856,-362.539063,4.469248,0.0369825736
"Road 471332807 ",22,565.0031,9.507649,-363.022552,4.469248,0.0539545044
"Road 471332807 ",23,563.0097,9.46397,-364.028778,4.468973,0.024421161
"Road 471332807 ",24,565.0129,9.452198,-364.5122,4.468973,0.0334685743
"Road 471332807 ",25,563.0195,9.42725,-365.5184,4.46906471,0.0161819737
"Road 471332807 ",26,565.022644,9.417203,-366.001862,4.46906471,0.0208507683
"Road 471332807 ",27,563.029236,9.401149,-367.008057,4.46915627,0.0155899422
"Road 471332807 ",28,565.0324,9.388791,-367.491547,4.46915627,0.0209607743
"Road 471332807 ",29,563.039,9.370254,-368.4977,4.46915627,0.0259306859
"Road 471332807 ",30,565.0422,9.355514,-368.9812,4.46915627,0.0203786734
"Road 471332807 ",31,563.048767,9.334502,-369.9874,4.468973,0.0258305185
"Road 471332807 ",32,565.051941,9.321495,-370.470856,4.468973,0.0223392583
"Road 471332807 ",33,563.058533,9.298495,-371.47702,4.46888161,0.0243640449
"Road 471332807 ",34,565.0617,9.285648,-371.96048,4.46924734,0.02548872
"Road 471332807 ",35,563.0683,9.262238,-372.9667,4.46933746,0.0231673289
"Road 471332807 ",36,565.0715,9.24834,-373.4502,4.46897173,0.02650953
"Road 471332807 ",37,563.078,9.225883,-374.4564,4.469249,0.0235958546
"Road 471332807 ",38,565.081238,9.21072,-374.939819,4.46888351,0.0257715248
"Road 471332807 ",39,563.0878,9.189788,-375.946045,4.468882,0.02347511
"Road 471332807 ",40,565.091,9.17392,-376.429474,4.469248,0.0250752866
"Road 481241683 ",0,-53.7004547,-5.143455,-330.213043,4.184428,0
"Road 481241683 ",1,-53.2690926,-5.143455,-332.220551,4.184803,0
"Road 481241683 ",2,-54.9624023,-5.143455,-330.807251,4.184367,0
"Road 481241683 ",3,-54.5310669,-5.143455,-332.8148,4.18468666,0
"Road 481241683 ",4,-56.22437,-5.143455,-331.401428,4.184697,0
"Road 481241683 ",5,-55.79303,-5.143455,-333.408966,4.18428564,0
"Road 481241683 ",6,-57.48631,-5.143455,-331.995636,4.18454742,0
"Road 481241683 ",7,-57.0549469,-5.143455,-334.003143,4.184584,0
"Road 481241683 ",8,-58.74825,-5.157379,-332.589844,4.18450642,0.02994828
"Road 481241683 ",9,-58.3169,-5.157379,-334.597351,4.184543,0.006962135
"Road 481241683 ",10,-59.3738861,-5.157379,-333.989716,2.09234166,0.03074554
"Road 481241683 ",11,-60.64655,-5.211104,-332.3784,2.0923574,0.0920392
"Road 481241683 ",12,-59.8970222,-5.159473,-334.788727,0.52305764,0.0707384348
"Road 481241683 ",13,-59.4683266,-5.169136,-336.2448,0.2615322,0.05136209
"Road 481241683 ",14,-59.8943367,-5.159473,-335.340118,0.261527658,0.03203558
"Road 481241683 ",15,-60.6412048,-5.213197,-333.481171,1.04612494,0.0785445049
"Road 481241683 ",16,-59.1528435,-5.169136,-336.096283,0.523062348,0.0513615869
"Road 481241683 ",17,-59.36854,-5.143455,-335.092529,0.5230527,0
"Road 481241683 ",18,-58.62436,-5.169136,-336.400116,1.04611647,0.0567082874
"Road 481241683 ",19,-61.06184,-5.251427,-333.67923,1.04607952,0.102724016
"Road 481241683 ",20,-60.1046562,-5.16331148,-335.439148,0.261525065,0.0460117422
"Road 481241683 ",21,-59.6786461,-5.172975,-336.343842,0.2615296,0.0610633828
"Road 481241683 ",22,-60.5279732,-5.201542,-335.085846,0.52303946,0.106297605
"Road 481241683 ",23,-61.9084778,-5.3420043,-332.972565,2.092159,0.121199921
"Road 481241683 ",24,-61.1589546,-5.275972,-335.382935,0.5230863,0.0987887159
"Road 481241683 ",25,-60.7302971,-5.282837,-336.83905,0.261543453,0.13201952
"Road 481241683 ",26,-61.156292,-5.28719139,-335.934357,0.261543155,0.133134857
"Road 481241683 ",27,-61.90311,-5.34839249,-334.075348,1.04617321,0.104976706
"Road 481241683 ",28,-60.3608856,-5.25002432,-336.941437,0.523089349,0.122753426
"Road 481241683 ",29,-59.832386,-5.24153137,-337.245239,0.5230965,0.103886358
"Road 481241683 ",30,-60.6304626,-5.219698,-335.686737,0.5230863,0.136030078
"Road 481241683 ",31,-59.72989,-5.189612,-336.644318,0.261536151,0.050111752
"Road 481241683 ",32,-60.25838,-5.198105,-336.3405,0.261538625,0.1321393
"Road 481241683 ",33,-62.3237724,-5.39620638,-334.273438,1.04613817,0.120842241
"Road 481241683 ",34,-61.3666229,-5.3177433,-336.0334,0.261537969,0.133134931
"Road 481241683 ",35,-60.9406281,-5.313389,-336.93808,0.261538267,0.132019266
"Road 481241683 ",36,-61.7899475,-5.35433769,-335.680054,0.5230739,0.112789609
"Road 481241683 ",37,-63.17042,-5.49905348,-333.566772,2.09227633,0.130655453
"Road 481241683 ",38,-62.4209175,-5.44072533,-335.977142,0.523052752,0.129153639
"Road 481241683 ",39,-61.9922447,-5.47455931,-337.433228,0.26153338,0.140689477
"Road 481241683 ",40,-62.4182434,-5.466022,-336.528534,0.261533648,0.138518721
"Road 481241683 ",41,-63.16508,-5.5084095,-334.669556,1.04611516,0.136965066
"Road 481241683 ",42,-61.6767578,-5.427944,-337.2847,0.523056865,0.134342059
"Road 481241683 ",43,-61.892437,-5.3895,-336.280945,0.5230478,0.131971464
"Road 481241683 ",44,-61.1482735,-5.3884263,-337.5885,1.04610777,0.148735225
"Road 481241683 ",45,-63.5857353,-5.568222,-334.867645,1.04620588,0.136957049
"Road 481241683 ",46,-62.62857,-5.498165,-336.627563,0.261549175,0.138619423
"Road 481241683 ",47,-62.2025757,-5.50670242,-337.532257,0.2615489,0.1407896
"Road 481241683 ",48,-63.0519066,-5.532681,-336.274261,0.5230976,0.128823638
"Road 481241683 ",49,-64.4324,-5.669491,-334.161,2.0923903,0.124797687
"Road 481241683 ",50,-63.57503,-5.6560607,-337.073242,1.04610026,0.1355178
"Road 481241683 ",51,-64.42706,-5.6837616,-335.2638,1.04610074,0.140758276
"Road 481241683 ",52,-62.7283821,-5.60331774,-337.779877,2.09222174,0.140310735
"Road 481241683 ",53,-64.8476944,-5.744593,-335.461853,1.04606974,0.1328822
"Road 481241683 ",54,-63.9956665,-5.71689224,-337.2713,1.04606915,0.12731716
"Road 481241683 ",55,-65.69433,-5.83256769,-334.755219,2.09213948,0.108833164
"Road 481241683 ",56,-64.9448,-5.80804634,-337.165558,0.5230858,0.128075272
"Road 481241683 ",57,-64.51615,-5.85630751,-338.6217,0.2615377,0.130595013
"Road 481241683 ",58,-64.94214,-5.837279,-337.716949,0.261538267,0.12459676
"Road 481241683 ",59,-65.68896,-5.85181236,-335.858,1.04617262,0.131260738
"Road 481241683 ",60,-63.8824921,-5.809904,-338.875977,1.04617083,0.146172568
"Road 481241683 ",61,-64.09815,-5.76110029,-337.8722,1.04617441,0.100563526
"Road 481241683 ",62,-66.10962,-5.909825,-336.056061,1.04613245,0.124816664
"Road 481241683 ",63,-65.1524658,-5.866243,-337.815979,0.261528522,0.124593109
"Road 481241683 ",64,-64.72648,-5.88527155,-338.720734,0.261527956,0.130594566
"Road 481241683 ",65,-65.57579,-5.895023,-337.462677,0.523061931,0.121463455
"Road 481241683 ",66,-66.95627,-5.982645,-335.3494,2.092265,0.0974474847
"Road 481241683 ",67,-66.09894,-6.00037336,-338.261627,1.04613245,0.0907226056
"Road 481241683 ",68,-66.95093,-6.00260925,-336.452179,1.04613245,0.09128694
"Road 481241683 ",69,-65.57046,-5.965607,-338.56546,1.046143,0.152736828
"Road 481241683 ",70,-64.9341354,-5.95639849,-339.371124,1.04614091,0.1165698
"Road 481241683 ",71,-67.37159,-6.04354668,-336.650238,1.04617262,0.09128966
"Road 481241683 ",72,-66.5196,-6.041311,-338.4597,1.04617262,0.0907239839
"Road 481241683 ",73,-68.21824,-6.09522629,-335.9436,2.09234524,0.0617914349
"Road 481241683 ",74,-67.36086,-6.122647,-338.855835,1.04606974,0.09097108
"Road 481241683 ",75,-68.2129,-6.11214828,-337.0464,1.04606974,0.08911802
"Road 481241683 ",76,-66.51423,-6.103489,-339.562469,2.09213948,0.089319244
"Road 481241683 ",77,-68.63354,-6.146767,-337.244476,1.0461514,0.06136887
"Road 481241683 ",78,-67.7815,-6.157266,-339.053925,1.0461514,0.06402964
"Road 481241683 ",79,-69.4802,-6.18050766,-336.5378,2.09231424,0.0503399074
"Road 481241683 ",80,-68.62281,-6.22261667,-339.450073,1.04615247,0.0682128
"Road 481241683 ",81,-69.4748459,-6.198172,-337.640625,1.04615247,0.0615613
"Road 481241683 ",82,-67.7761459,-6.215451,-340.1567,2.0922935,0.08368867
"Road 1215393150 독배로",0,-318.7524,-7.69456863,-222.900269,7.03114271,0.00151306379
"Road 1215393150 독배로",1,-322.11853,-7.696607,-222.889084,7.03196764,0.00234931
"Road 1215393150 독배로",2,-318.943634,-7.69475365,-221.506973,7.032002,0.001576088
"Road 1215393150 독배로",3,-322.309723,-7.695526,-221.495728,7.032002,0.00151159894
"Road 1215393150 독배로",4,-319.134857,-7.695544,-220.113663,7.03172,0.00168524694
"Road 1215393150 독배로",5,-322.500977,-7.69560766,-220.102432,7.031572,0.000217914057
"Road 1215393150 독배로",6,-319.32605,-7.69789362,-218.7204,7.03155136,0.0033354403
"Road 1215393150 독배로",7,-322.692169,-7.697138,-218.709152,7.03214455,0.0006977028
"Road 1215393150 독배로",8,-319.517242,-7.70149374,-217.327072,7.032241,0.00446794974
"Road 1215393150 독배로",9,-322.883362,-7.69968748,-217.315842,7.031267,0.00159213063
"Road 1215393150 독배로",10,-319.708466,-7.70713043,-215.933731,7.032312,0.006624458
"Road 1215393150 독배로",11,-323.0746,-7.70477867,-215.922531,7.031719,0.003633414
"Road 1215393150 독배로",12,-321.519,-7.70098543,-214.999268,3.515698,0.03426283
"Road 1215393150 독배로",13,-318.2804,-7.70962954,-214.0816,3.515698,0.0101233609
"Road 1215393150 독배로",14,-323.2977,-7.691705,-214.297043,1.7579602,0.00539802434
"Road 1215393150 독배로",15,-319.995331,-7.698311,-213.843811,1.7579602,0.009091376
"Road 1215393150 독배로",16,-324.885132,-7.69761467,-214.9881,3.5159204,0.005775128
"Road 1215393150 독배로",17,-320.059052,-7.69734764,-213.3794,1.757809,0.00887423
"Road 1215393150 독배로",18,-323.36142,-7.690742,-213.832626,1.757809,0.00502375048
"Road 1215393150 독배로",19,-318.4716,-7.71446371,-212.6884,3.51561832,0.0111534763
"Road 1215393150 독배로",20,-323.488922,-7.69317,-212.903732,1.758079,0.007465099
"Road 1215393150 독배로",21,-320.186554,-7.699087,-212.450562,1.758079,0.010933728
"Road 1215393150 독배로",22,-325.076355,-7.70194,-213.594772,3.51615787,0.009146068
"Road 1215393150 독배로",23,-320.250275,-7.6982193,-211.98613,1.75795531,0.0109080635
"Road 1215393150 독배로",24,-323.552643,-7.692302,-212.439285,1.75795531,0.007427309
"Road 1215393150 독배로",25,-318.6628,-7.718693,-211.29509,3.51591063,0.0129557615
"Road 1215393150 독배로",26,-323.680084,-7.69646454,-211.510422,1.75795531,0.0107024945
"Road 1215393150 독배로",27,-320.377716,-7.70000648,-211.057251,1.75795531,0.0128118815
"Road 1215393150 독배로",28,-325.267548,-7.70923376,-212.201416,3.51591063,0.0137697486
"Road 1215393150 독배로",29,-320.441437,-7.69946527,-210.592789,1.75804126,0.0127640972
"Road 1215393150 독배로",30,-323.7438,-7.69592333,-211.045959,1.75804126,0.0106453449
"Road 1215393150 독배로",31,-318.854,-7.723203,-209.901733,3.516121,0.0146329785
"Road 1215393150 독배로",32,-323.8713,-7.70079041,-210.117126,1.75784612,0.0138791008
"Road 1215393150 독배로",33,-320.568939,-7.70169258,-209.6639,1.75784612,0.0144202411
"Road 1215393150 독배로",34,-325.45874,-7.71875954,-210.808151,3.51565385,0.01648526
"Road 1215393150 독배로",35,-320.6327,-7.70145226,-209.199387,1.75872564,0.01443229
"Road 1215393150 독배로",36,-323.935059,-7.70055,-209.6526,1.75872564,0.01389159
"Road 1215393150 독배로",37,-319.045258,-7.72632742,-208.508118,3.51745129,0.0148770157
"Road 1215393150 독배로",38,-324.0625,-7.70530844,-208.723923,1.75723815,0.0171265677
"Road 1215393150 독배로",39,-320.760162,-7.701981,-208.270309,1.75723815,0.0151322708
"Road 1215393150 독배로",40,-325.649933,-7.728752,-209.414978,3.5144763,0.0189081561
"Road 1215393150 독배로",41,-321.667847,-7.680467,-207.7863,0.9218151,0.00495630829
"Road 1215393150 독배로",42,-319.9832,-7.705829,-207.803024,0.9218043,0.0715033859
"Road 1215393150 독배로",43,-324.127838,-7.70498133,-208.248276,1.843619,0.0171266757
"Road 1215393150 독배로",44,-318.399,-7.731329,-207.089157,1.84360743,0.0255238414
"Road 1215393150 독배로",45,-320.8925,-7.68421936,-207.3076,0.9218147,0.004966389
"Road 1215393150 독배로",46,-319.2748,-7.709886,-206.837265,0.9218147,0.0262708552
"Road 1215393150 독배로",47,-324.2617,-7.71069145,-207.274734,1.8421948,0.0209515
"Road 1215393150 독배로",48,-320.976135,-7.68366861,-206.699081,0.4605489,0.0048628957
"Road 1215393150 독배로",49,-319.325,-7.709503,-206.472061,0.460543334,0.0262708161
"Road 1215393150 독배로",50,-321.76828,-7.679877,-207.055908,0.9210974,0.00485146372
"Road 1215393150 독배로",51,-325.845917,-7.73954773,-207.9884,3.68439054,0.0226585474
"Road 1215393150 독배로",52,-321.868652,-7.6792264,-206.325729,0.9215127,0.004675521
"Road 1215393150 독배로",53,-319.3585,-7.709187,-206.228683,0.460761577,0.0262948051
"Road 1215393150 독배로",54,-321.0096,-7.68335342,-206.455688,0.46076715,0.004991484
"Road 1215393150 독배로",55,-324.3286,-7.710356,-206.787949,1.84303665,0.0209515169
"Road 1215393150 독배로",56,-319.4087,-7.70864248,-205.86348,0.921523869,0.026301872
"Road 1215393150 독배로",57,-321.0933,-7.68264055,-205.847046,0.9215127,0.004739774
"Road 1215393150 독배로",58,-318.633331,-7.729733,-205.384827,1.84304774,0.0261037163
"Road 1215393150 독배로",59,-324.4625,-7.715214,-205.8142,1.84292555,0.024740519
"Road 1215393150 독배로",60,-321.176941,-7.68163061,-205.238449,0.460719347,0.00487719849
"Road 1215393150 독배로",61,-319.525818,-7.70716047,-205.011429,0.460714161,0.0259511173
"Road 1215393150 독배로",62,-321.9691,-7.67820168,-205.5954,0.921457231,0.00502967834
"Road 1215393150 독배로",63,-326.046661,-7.75078249,-206.528076,3.685851,0.0253303871
"Road 1215393150 독배로",64,-322.069458,-7.67685652,-204.865112,0.9214009,0.00532606849
"Road 1215393150 독배로",65,-319.5593,-7.706854,-204.768021,0.460724533,0.0259509124
"Road 1215393150 독배로",66,-321.210419,-7.681324,-204.995041,0.460729748,0.004876993
"Road 1215393150 독배로",67,-324.529419,-7.71417427,-205.327347,1.84281218,0.0247537028
"Road 1215393150 독배로",68,-319.6095,-7.70581961,-204.402878,0.9214113,0.0258260984
"Road 1215393150 독배로",69,-321.2941,-7.679751,-204.386475,0.9214009,0.005870618
"Road 1215393150 독배로",70,-318.834137,-7.72634554,-203.924255,1.84282255,0.02617598
"Road 1215393150 독배로",71,-323.821,-7.685267,-204.3618,0.921551645,0.0170280449
"Road 1215393150 독배로",72,-326.3312,-7.74552774,-204.458817,0.4607612,0.03804896
"Road 1215393150 독배로",73,-324.680054,-7.69929266,-204.231857,0.4607612,0.0175708272
"Road 1215393150 독배로",74,-321.377777,-7.677941,-203.777878,0.4607612,0.0053451024
"Road 1215393150 독배로",75,-319.726624,-7.70332,-203.5509,0.4607612,0.0263487734
"Road 1215393150 독배로",76,-322.1699,-7.674898,-204.134827,0.9215413,0.00495500537
"Road 1215393150 독배로",77,-327.0898,-7.77313566,-205.0592,1.84308255,0.0379652455
"Road 1215393150 독배로",78,-325.405182,-7.72743845,-205.075684,1.84312224,0.0352999
"Road 1215393150 독배로",79,-322.270264,-7.67304039,-203.40448,0.9214738,0.004697319
"Road 1215393150 독배로",80,-319.7601,-7.70254,-203.307449,0.4607423,0.0263481475
"Road 1215393150 독배로",81,-321.411255,-7.67716074,-203.534424,0.4607423,0.005342091
"Road 1215393150 독배로",82,-324.713531,-7.6995945,-203.9884,0.4607423,0.0174888466
"Road 1215393150 독배로",83,-326.3647,-7.74583,-204.215378,0.4607423,0.03801117
"Road 1215393150 독배로",84,-323.921417,-7.68449163,-203.63147,0.921484947,0.0180289373
"Road 1215393150 독배로",85,-319.810272,-7.70123243,-202.9423,0.9214853,0.0263396446
"Road 1215393150 독배로",86,-321.494873,-7.675314,-202.925842,0.921474159,0.005420906
"Road 1215393150 독배로",87,-319.034882,-7.72251749,-202.463638,1.8429476,0.0269778036
"Road 1215393150 독배로",88,-324.0218,-7.682697,-202.901138,0.9214738,0.0188433472
"Road 1215393150 독배로",89,-326.531952,-7.74956465,-202.998169,0.4607423,0.0437433757
"Road 1215393150 독배로",90,-324.8808,-7.697432,-202.7712,0.4607423,0.0188708622
"Road 1215393150 독배로",91,-321.578522,-7.672837,-202.317245,0.4607423,0.00619696453
"Road 1215393150 독배로",92,-319.927368,-7.698811,-202.090271,0.4607423,0.0278000515
"Road 1215393150 독배로",93,-322.370636,-7.670625,-202.674179,0.921484947,0.00554939546
"Road 1215393150 독배로",94,-326.481781,-7.75001144,-203.363342,0.9214853,0.04374298
"Road 1215393150 독배로",95,-324.79718,-7.698837,-203.3798,0.921474159,0.0180804338
"Road 1215393150 독배로",96,-327.257172,-7.781902,-203.84198,1.8429476,0.0402398221
"Road 1215393150 독배로",97,-322.471039,-7.66780424,-201.943848,0.92151463,0.00496836146
"Road 1215393150 독배로",98,-319.960846,-7.69775248,-201.846817,0.4607612,0.0276182462
"Road 1215393150 독배로",99,-321.612,-7.671778,-202.073792,0.4607612,0.005322166
"Road 1215393150 독배로",100,-324.914276,-7.69713545,-202.527756,0.4607612,0.0188706852
"Road 1215393150 독배로",101,-326.56543,-7.74926758,-202.754715,0.4607612,0.0437432975
"Road 1215393150 독배로",102,-324.122162,-7.68063736,-202.170822,0.9215027,0.0194149278
"Road 1215393150 독배로",103,-319.20224,-7.719471,-201.246445,1.84302473,0.0276776031
"Road 1215393150 독배로",104,-321.6957,-7.669685,-201.4652,0.9215142,0.005029398
"Road 1215393150 독배로",105,-320.078033,-7.695377,-200.994751,0.921525359,0.0283100978
"Road 1215393150 독배로",106,-324.222626,-7.678594,-201.4405,0.921437144,0.019931199
"Road 1215393150 독배로",107,-326.732758,-7.751568,-201.5376,0.4607238,0.04924307
"Road 1215393150 독배로",108,-325.081635,-7.69418144,-201.310608,0.460729361,0.0199248623
"Road 1215393150 독배로",109,-321.779358,-7.66742373,-200.856583,0.46071896,0.00596977631
"Road 1215393150 독배로",110,-320.128235,-7.69395256,-200.6296,0.4607134,0.0287290923
"Road 1215393150 독배로",111,-322.5715,-7.66533136,-201.213547,0.921437144,0.005044994
"Road 1215393150 독배로",112,-327.4914,-7.78891754,-202.137955,1.84287739,0.048203785
"Road 1215393150 독배로",113,-324.997955,-7.69578,-201.919174,0.9214179,0.019447159
"Road 1215393150 독배로",114,-326.615631,-7.74871635,-202.389587,0.9214298,0.0436939
"Road 1215393150 독배로",115,-322.671875,-7.66226339,-200.483231,0.921475351,0.00532268826
"Road 1215393150 독배로",116,-320.1617,-7.69273233,-200.386169,0.460737467,0.0287764817
"Road 1215393150 독배로",117,-321.812836,-7.666204,-200.613159,0.46074304,0.00619529048
"Road 1215393150 독배로",118,-325.1151,-7.693462,-201.067184,0.460737854,0.0199251249
"Road 1215393150 독배로",119,-326.766235,-7.75084829,-201.294144,0.460732281,0.0492428765
"Road 1215393150 독배로",120,-324.323,-7.67602539,-200.71022,0.921475351,0.0203061942
"Road 1215393150 독배로",121,-320.211884,-7.69109344,-200.021,0.921475351,0.028761968
"Road 1215393150 독배로",122,-321.896484,-7.663552,-200.004562,0.921475351,0.00532268826
"Road 1215393150 독배로",123,-319.4365,-7.713225,-199.542358,1.84291911,0.02872044
"Road 1215393150 독배로",124,-324.42337,-7.67377424,-199.979919,0.9214668,0.0214230884
"Road 1215393150 독배로",125,-326.933533,-7.75196457,-200.076981,0.46071896,0.0520455539
"Road 1215393150 독배로",126,-325.2824,-7.6906414,-199.849976,0.4607134,0.02154986
"Road 1215393150 독배로",127,-321.980133,-7.661001,-199.396,0.4607238,0.005092637
"Road 1215393150 독배로",128,-320.329,-7.687534,-199.168991,0.460729361,0.0285526216
"Road 1215393150 독배로",129,-322.772247,-7.659151,-199.752914,0.9214676,0.00558742462
"Road 1215393150 독배로",130,-326.883331,-7.75217438,-200.442139,0.9214757,0.0520696566
"Road 1215393150 독배로",131,-325.198761,-7.691937,-200.458572,0.9214861,0.0204096641
"Road 1215393150 독배로",132,-327.658722,-7.793649,-200.920792,1.842943,0.0502781235
"Road 1215393150 독배로",133,-322.87265,-7.655314,-199.022629,0.9214668,0.00673183752
"Road 1215393150 독배로",134,-320.3625,-7.68621874,-198.925537,0.46071896,0.029174814
"Road 1215393150 독배로",135,-322.0136,-7.65968561,-199.152542,0.4607134,0.007861916
"Road 1215393150 독배로",136,-325.3159,-7.69042158,-199.606552,0.4607238,0.0215852913
"Road 1215393150 독배로",137,-326.967,-7.751745,-199.833557,0.460729361,0.0520603247
"Road 1215393150 독배로",138,-324.523773,-7.67103243,-199.249619,0.9214676,0.02296582
"Road 1215393150 독배로",139,-319.603851,-7.70709229,-198.3252,1.84291255,0.0290676318
"Road 1215393150 독배로",140,-322.09726,-7.65566063,-198.543961,0.9214857,0.00771165546
"Road 1215393150 독배로",141,-320.479645,-7.680906,-198.073532,0.921484947,0.0300272219
"Road 1215393150 독배로",142,-324.624176,-7.66783762,-198.5193,0.9214857,0.0242559612
"Road 1215393150 독배로",143,-327.134369,-7.75189829,-198.616379,0.460761577,0.0541939139
"Road 1215393150 독배로",144,-325.483246,-7.686577,-198.389359,0.460766762,0.0242445376
"Road 1215393150 독배로",145,-322.180939,-7.65193939,-197.935379,0.4607238,0.00555671565
"Road 1215393150 독배로",146,-320.529816,-7.67861938,-197.708374,0.460718572,0.02918532
"Road 1215393150 독배로",147,-322.973053,-7.65071726,-198.292313,0.9214857,0.00656303
"Road 1215393150 독배로",148,-327.892975,-7.79591751,-199.216736,1.84297025,0.0536928959
"Road 1215393150 독배로",149,-325.399567,-7.68849945,-198.997971,0.9214861,0.022915069
"Road 1215393150 독배로",150,-327.017242,-7.75125742,-199.468384,0.9214742,0.05206041
"Road 1215393150 독배로",151,-323.0735,-7.64640856,-197.562,0.921475351,0.007891263
"Road 1215393150 독배로",152,-320.563324,-7.67747927,-197.46492,0.460756361,0.0292136837
"Road 1215393150 독배로",153,-322.214447,-7.65079927,-197.69194,0.460761577,0.005703573
"Road 1215393150 독배로",154,-325.516724,-7.686251,-198.14592,0.460718572,0.024244627
"Road 1215393150 독배로",155,-327.167847,-7.751573,-198.372925,0.4607134,0.0541938432
"Road 1215393150 독배로",156,-324.7246,-7.66434336,-197.788986,0.921475351,0.0260278955
"Road 1215393150 독배로",157,-320.6135,-7.67506933,-197.099777,0.9214746,0.0293866433
"Road 1215393150 독배로",158,-322.2981,-7.64665461,-197.083328,0.921475351,0.008214723
"Road 1215393150 독배로",159,-319.8381,-7.696544,-196.62114,1.84293759,0.0295974538
"Road 1215393150 독배로",160,-324.824982,-7.66039133,-197.05867,0.9214861,0.0269148927
"Road 1215393150 독배로",161,-327.335144,-7.74907064,-197.155716,0.460756749,0.0549546927
"Road 1215393150 독배로",162,-325.684021,-7.681099,-196.928726,0.4607508,0.0268350653
"Road 1215393150 독배로",163,-322.381744,-7.64238167,-196.474731,0.4607234,0.008069102
"Road 1215393150 독배로",164,-320.730621,-7.66919565,-196.247742,0.460729361,0.030000098
"Road 1215393150 독배로",165,-323.173859,-7.64131546,-196.831665,0.9214861,0.00704309624
"Road 1215393150 독배로",166,-327.284943,-7.75010824,-197.520889,0.9214742,0.0549484752
"Road 1215393150 독배로",167,-325.600372,-7.68366575,-197.537338,0.9214861,0.02583284
"Road 1215393150 독배로",168,-328.060333,-7.796107,-197.999527,1.84295988,0.0542033166
"Road 1215393150 독배로",169,-323.274261,-7.63686562,-196.101364,0.921523154,0.005746261
"Road 1215393150 독배로",170,-320.7641,-7.6674943,-196.004318,0.460756749,0.02976017
"Road 1215393150 독배로",171,-322.415222,-7.64068031,-196.231308,0.4607508,0.00712105259
"Road 1215393150 독배로",172,-325.7175,-7.68038034,-196.685287,0.4607612,0.0268541314
"Road 1215393150 독배로",173,-327.368622,-7.748352,-196.912277,0.46076715,0.05496425
"Road 1215393150 독배로",174,-324.925385,-7.65692472,-196.328323,0.921523154,0.0274243038
"Road 1215393150 독배로",175,-320.005463,-7.68861961,-195.403915,1.84302509,0.0297524221
"Road 1215393150 독배로",176,-322.498871,-7.63699865,-195.622681,0.921522737,0.0073084794
"Road 1215393150 독배로",177,-320.881256,-7.661938,-195.152222,0.9215235,0.030093763
"Road 1215393150 독배로",178,-325.0258,-7.653149,-195.598022,0.9214487,0.0272199083
"Road 1215393150 독배로",179,-327.53598,-7.742796,-195.695114,0.460724533,0.05506369
"Road 1215393150 독배로",180,-325.884857,-7.674473,-195.4681,0.460729748,0.0272147935
"Road 1215393150 독배로",181,-322.58255,-7.63316345,-195.014084,0.460724533,0.008088222
"Road 1215393150 독배로",182,-320.931427,-7.659296,-194.787064,0.460719347,0.03049615
"Road 1215393150 독배로",183,-323.374664,-7.632778,-195.371017,0.9214487,0.005388756
"Road 1215393150 독배로",184,-328.2946,-7.79066324,-196.295486,1.84289932,0.0552660339
"Road 1215393150 독배로",185,-325.801178,-7.67742872,-196.076675,0.921449065,0.027451884
"Road 1215393150 독배로",186,-327.418854,-7.7466197,-196.547119,0.9214387,0.05478941
"Road 1215393150 독배로",187,-323.4751,-7.62845945,-194.640747,0.921419442,0.005070186
"Road 1215393150 독배로",188,-320.964935,-7.657364,-194.543655,0.460724533,0.0304955058
"Road 1215393150 독배로",189,-322.616058,-7.63123131,-194.770676,0.460729748,0.008087983
"Road 1215393150 독배로",190,-325.918335,-7.673674,-195.224686,0.460700452,0.0272152349
"Road 1215393150 독배로",191,-327.569458,-7.741997,-195.4517,0.460695267,0.0550636463
"Road 1215393150 독배로",192,-325.126221,-7.64996338,-194.867752,0.921419442,0.0276862755
"Road 1215393150 독배로",193,-321.015137,-7.6545434,-194.178513,0.9214306,0.030461017
"Road 1215393150 독배로",194,-322.699738,-7.627217,-194.162109,0.921419442,0.00762108
"Road 1215393150 독배로",195,-320.239777,-7.676665,-193.699875,1.84286118,0.03058295
"Road 1215393150 독배로",196,-325.226654,-7.645765,-194.137451,0.921474934,0.0275432952
"Road 1215393150 독배로",197,-327.7368,-7.73466539,-194.234512,0.460742682,0.055940032
"Road 1215393150 독배로",198,-326.085663,-7.66646,-194.0075,0.460748255,0.0278413743
"Road 1215393150 독배로",199,-322.7834,-7.622923,-193.553528,0.460737854,0.00828558
"Road 1215393150 독배로",200,-321.132263,-7.648274,-193.326523,0.460732281,0.0311129168
"Road 1215393150 독배로",201,-323.575531,-7.62398767,-193.910461,0.921474934,0.00584488967
"Road 1215393150 독배로",202,-327.686584,-7.73728037,-194.59967,0.9214861,0.05538998
"Road 1215393150 독배로",203,-326.001984,-7.670498,-194.6161,0.921474934,0.0277802348
"Road 1215393150 독배로",204,-328.461945,-7.78506851,-195.078323,1.84297216,0.05490925
"Road 1215393150 독배로",205,-323.6759,-7.619476,-193.18013,0.921474934,0.00506930426
"Road 1215393150 독배로",206,-321.165741,-7.646429,-193.083069,0.460742682,0.0307392329
"Road 1215393150 독배로",207,-322.816864,-7.62107849,-193.310074,0.460748255,0.00675358
"Road 1215393150 독배로",208,-326.119141,-7.66458,-193.764084,0.460737854,0.02742394
"Road 1215393150 독배로",209,-327.770264,-7.7327857,-193.991089,0.460732281,0.05573281
"Road 1215393150 독배로",210,-325.327026,-7.64121628,-193.40715,0.921474934,0.02675598
"Road 1215393150 독배로",211,-321.215942,-7.64433336,-192.717911,0.9214861,0.0306616072
"Road 1215393150 독배로",212,-322.900543,-7.61773825,-192.701477,0.921474934,0.005160635
"Road 1215393150 독배로",213,-320.440582,-7.66674662,-192.239258,1.84297216,0.0302445125
"Road 1215393150 독배로",214,-325.42746,-7.636251,-192.6768,0.9214935,0.0272070486
"Road 1215393150 독배로",215,-327.9376,-7.72373533,-192.773865,0.460761577,0.0561080948
"Road 1215393150 독배로",216,-326.286469,-7.655924,-192.546875,0.460766762,0.0273261927
"Road 1215393150 독배로",217,-322.9842,-7.613794,-192.09288,0.460737467,0.00608243374
"Road 1215393150 독배로",218,-321.333069,-7.638918,-191.865891,0.460732281,0.0299178567
"Road 1215393150 독배로",219,-323.776337,-7.61502647,-192.449829,0.9214935,0.007902814
"Road 1215393150 독배로",220,-327.8874,-7.72657776,-193.139038,0.9215046,0.0557165444
"Road 1215393150 독배로",221,-326.2028,-7.660703,-193.155472,0.9214935,0.02694498
"Road 1215393150 독배로",222,-328.66275,-7.77529573,-193.617691,1.84300923,0.05572556
"Road 1215393150 독배로",223,-323.8767,-7.6104207,-191.719482,0.921474934,0.00592142157
"Road 1215393150 독배로",224,-321.366547,-7.63767862,-191.622437,0.460761577,0.0295846
"Road 1215393150 독배로",225,-323.01767,-7.61255455,-191.849442,0.460766762,0.00414879527
"Road 1215393150 독배로",226,-326.319946,-7.653806,-192.303421,0.460718572,0.02732686
"Road 1215393150 독배로",227,-327.971069,-7.721617,-192.530441,0.4607134,0.05610773
"Road 1215393150 독배로",228,-325.527832,-7.63076639,-191.946487,0.921474934,0.0261735152
"Road 1215393150 독배로",229,-320.6079,-7.65842247,-191.022049,1.84297073,0.0297561474
"Road 1215393150 독배로",230,-323.101349,-7.60962725,-191.240845,0.921474934,0.004285744
"Road 1215393150 독배로",231,-321.483673,-7.632504,-190.7704,0.921485364,0.0275890045
"Road 1215393150 독배로",232,-325.628265,-7.626926,-191.216187,0.9214557,0.0259617735
"Road 1215393150 독배로",233,-328.1384,-7.7128005,-191.313248,0.4607238,0.05457089
"Road 1215393150 독배로",234,-326.487274,-7.646753,-191.086243,0.460729361,0.0261766668
"Road 1215393150 독배로",235,-323.185,-7.60698652,-190.632248,0.46071896,0.004341047
"Road 1215393150 독배로",236,-321.533875,-7.63100672,-190.405228,0.4607134,0.0275885388
"Road 1215393150 독배로",237,-323.977142,-7.606849,-190.989182,0.921456456,0.00487392861
"Road 1215393150 독배로",238,-328.897034,-7.762214,-191.91362,1.8429352,0.05504249
"Road 1215393150 독배로",239,-326.4036,-7.650049,-191.694824,0.921474934,0.02613024
"Road 1215393150 독배로",240,-328.021271,-7.71929026,-192.165268,0.921485364,0.0561892353
"Road 1215393150 독배로",241,-324.0775,-7.60243464,-190.2589,0.921418667,0.007778197
"Road 1215393150 독배로",242,-321.567352,-7.62960768,-190.161819,0.4607238,0.0282553285
"Road 1215393150 독배로",243,-323.218475,-7.605587,-190.38884,0.460729361,0.00749194575
"Road 1215393150 독배로",244,-326.520752,-7.644732,-190.842819,0.46071896,0.0268076062
"Road 1215393150 독배로",245,-328.171875,-7.710779,-191.069824,0.4607134,0.0548756234
"Road 1215393150 독배로",246,-325.728638,-7.62188959,-190.4859,0.9214179,0.0260629728
"Road 1215393150 독배로",247,-320.808716,-7.65091467,-189.561478,1.84285808,0.0280904956
"Road 1215393150 독배로",248,-323.302155,-7.60203743,-189.780273,0.921399355,0.00387331
"Road 1215393150 독배로",249,-321.684479,-7.626497,-189.30986,0.9214113,0.0282261651
"Road 1215393150 독배로",250,-325.829071,-7.61701441,-189.7556,0.9214927,0.0240301732
"Road 1215393150 독배로",251,-328.3392,-7.70059347,-189.852615,0.4607608,0.05367916
"Road 1215393150 독배로",252,-326.68808,-7.63609362,-189.625656,0.460766375,0.0240291953
"Road 1215393150 독배로",253,-323.3858,-7.6001277,-189.171677,0.460755974,0.00372604653
"Road 1215393150 독배로",254,-321.73468,-7.625355,-188.9447,0.4607504,0.0281769149
"Road 1215393150 독배로",255,-324.177948,-7.599018,-189.52861,0.9214919,0.00383925461
"Road 1215393150 독배로",256,-329.097839,-7.74943352,-190.452988,1.84300613,0.05503262
"Road 1215393150 독배로",257,-326.6044,-7.63948965,-190.234253,0.921473444,0.0263287779
"Road 1215393150 독배로",258,-328.222076,-7.70740843,-190.704666,0.921485364,0.0548725836
"Road 1215393150 독배로",259,-324.27832,-7.59608841,-188.798279,0.9214931,0.00615926133
"Road 1215393150 독배로",260,-321.768158,-7.62456846,-188.701248,0.460755616,0.0282291975
"Road 1215393150 독배로",261,-323.419281,-7.599341,-188.928223,0.4607612,0.004104294
"Road 1215393150 독배로",262,-326.721558,-7.634975,-189.3822,0.460755974,0.024539819
"Road 1215393150 독배로",263,-328.372681,-7.69947433,-189.609177,0.4607504,0.05390926
"Road 1215393150 독배로",264,-325.929443,-7.61375237,-189.025253,0.921492338,0.02441884
"Road 1215393150 독배로",265,-321.818329,-7.62322044,-188.3361,0.921473,0.02822285
"Road 1215393150 독배로",266,-323.50293,-7.596618,-188.319626,0.9214738,0.004720851
"Road 1215393150 독배로",267,-321.042938,-7.64817572,-187.857437,1.84295464,0.03079695
"Road 1215393150 독배로",268,-326.029816,-7.60989332,-188.294937,0.921466053,0.0234110635
"Road 1215393150 독배로",269,-328.539978,-7.693604,-188.391983,0.460737467,0.0564973652
"Road 1215393150 독배로",270,-326.888855,-7.62794352,-188.165,0.4607315,0.0236361846
"Road 1215393150 독배로",271,-323.586578,-7.59553576,-187.711014,0.460723,0.007038127
"Road 1215393150 독배로",272,-321.935455,-7.624176,-187.484055,0.460728973,0.0307496823
"Road 1215393150 독배로",273,-324.3787,-7.592932,-188.067947,0.921466053,0.004463612
"Road 1215393150 독배로",274,-328.489777,-7.69604874,-188.757126,0.9214549,0.0564972721
"Road 1215393150 독배로",275,-326.8052,-7.63124275,-188.7736,0.921466053,0.0245297942
"Road 1215393150 독배로",276,-329.265167,-7.74305868,-189.235779,1.8429414,0.0541788265
"Road 1215393150 독배로",277,-324.4791,-7.594572,-187.337646,0.921503842,0.00621760171
"Road 1215393150 독배로",278,-321.968933,-7.62557364,-187.2406,0.460756361,0.0307495967
"Road 1215393150 독배로",279,-323.620056,-7.59693336,-187.46759,0.4607504,0.00704144733
"Road 1215393150 독배로",280,-326.922333,-7.627161,-187.92157,0.4607419,0.0226874016
"Road 1215393150 독배로",281,-328.573456,-7.6928215,-188.148544,0.460747868,0.05610736
"Road 1215393150 독배로",282,-326.130219,-7.60935259,-187.564621,0.921503842,0.0225139018
"Road 1215393150 독배로",283,-321.2103,-7.65425634,-186.640213,1.84298539,0.03125265
"Road 1215393150 독배로",284,-323.7037,-7.599569,-186.859,0.921503842,0.005397552
"Road 1215393150 독배로",285,-322.086029,-7.630613,-186.38855,0.9214927,0.0322497264
"Road 1215393150 독배로",286,-326.230621,-7.61106348,-186.834351,0.9214113,0.0213099215
"Road 1215393150 독배로",287,-328.740784,-7.69334,-186.931442,0.460700452,0.05623642
"Road 1215393150 독배로",288,-327.089661,-7.629032,-186.704422,0.460694879,0.02093512
"Road 1215393150 독배로",289,-323.787384,-7.60120964,-186.250412,0.46070528,0.004926055
"Road 1215393150 독배로",290,-322.136261,-7.631729,-186.023392,0.460710853,0.0323186256
"Road 1215393150 독배로",291,-324.5795,-7.597033,-186.607346,0.9214113,0.0048598554
"Road 1215393150 독배로",292,-329.49942,-7.739935,-187.531784,1.84280026,0.0562032275
"Road 1215393150 독배로",293,-327.006,-7.6283803,-187.312973,0.9214113,0.0214665886
"Road 1215393150 독배로",294,-328.6237,-7.692945,-187.7834,0.9214001,0.05612282
"Road 1215393150 독배로",295,-324.6799,-7.602321,-185.877029,0.921524644,0.0112643251
"Road 1215393150 독배로",296,-322.169739,-7.634062,-185.779968,0.460757136,0.0363254175
"Road 1215393150 독배로",297,-323.820862,-7.603543,-186.006973,0.460751563,0.0173034035
"Road 1215393150 독배로",298,-327.123138,-7.62910652,-186.461,0.460761964,0.0209350772
"Road 1215393150 독배로",299,-328.774261,-7.693414,-186.688,0.460767537,0.05623637
"Road 1215393150 독배로",300,-326.331024,-7.6140933,-186.10405,0.921524644,0.0218816735
"Road 1215393150 독배로",301,-321.4111,-7.6685276,-185.179565,1.843046,0.0355863422
"Road 1215393150 독배로",302,-323.9045,-7.612085,-185.398361,0.9215243,0.0176860876
"Road 1215393150 독배로",303,-322.2869,-7.64777231,-184.9279,0.921525061,0.0356419459
"Road 1215393150 독배로",304,-326.431427,-7.622808,-185.3737,0.9215243,0.0239554588
"Road 1215393150 독배로",305,-328.94162,-7.7045517,-185.470764,0.460762352,0.0570163243
"Road 1215393150 독배로",306,-327.2905,-7.64300728,-185.243759,0.460767537,0.0276155267
"Road 1215393150 독배로",307,-323.9882,-7.62131548,-184.789734,0.460762322,0.0154500324
"Road 1215393150 독배로",308,-322.337067,-7.65353775,-184.562729,0.460757136,0.03487264
"Road 1215393150 독배로",309,-324.7803,-7.612272,-185.146683,0.9215243,0.0156226093
"Road 1215393150 독배로",310,-329.700226,-7.746229,-186.071167,1.84303117,0.05599211
"Road 1215393150 독배로",311,-327.206818,-7.634393,-185.852371,0.921524644,0.02284218
"Road 1215393150 독배로",312,-328.8245,-7.69627,-186.32283,0.9215135,0.05900909
"Road 1215393150 독배로",313,-324.880737,-7.622553,-184.4164,0.92136234,0.0153570408
"Road 1215393150 독배로",314,-322.370575,-7.65695953,-184.31929,0.460686743,0.0348748229
"Road 1215393150 독배로",315,-324.0217,-7.62473726,-184.54631,0.460691929,0.0154525815
"Road 1215393150 독배로",316,-327.323975,-7.64766455,-185.00032,0.460681558,0.0276092477
"Road 1215393150 독배로",317,-328.9751,-7.709209,-185.227341,0.460676372,0.05701487
"Road 1215393150 독배로",318,-326.53186,-7.63432455,-184.643417,0.92136234,0.02499991
"Road 1215393150 독배로",319,-321.611938,-7.69877052,-183.718948,1.84276783,0.0462690257
"Road 1215393150 독배로",320,-324.105377,-7.63711548,-183.93779,0.921381652,0.0309501812
"Road 1215393150 독배로",321,-322.4877,-7.681111,-183.467346,0.9213928,0.045860786
"Road 1215393150 독배로",322,-326.6323,-7.649437,-183.913132,0.9214927,0.0356105566
"Road 1215393150 독배로",323,-329.142426,-7.731588,-184.010147,0.4607612,0.0579600632
"Road 1215393150 독배로",324,-327.4913,-7.672956,-183.783157,0.460766375,0.0339309461
"Road 1215393150 독배로",325,-324.189026,-7.65583467,-183.329208,0.460737079,0.035260126
"Road 1215393150 독배로",326,-322.5379,-7.69255066,-183.102219,0.4607319,0.04829699
"Road 1215393150 독배로",327,-324.981171,-7.64049959,-183.686142,0.9214927,0.0309727136
"Road 1215393150 독배로",328,-329.901062,-7.76621962,-184.610535,1.84298837,0.0549563654
"Road 1215393150 독배로",329,-327.407623,-7.657824,-184.391769,0.921473444,0.028052723
"Road 1215393150 독배로",330,-329.0253,-7.715975,-184.862183,0.921485364,0.05660166
"Road 1215393150 독배로",331,-325.081543,-7.664167,-182.955811,0.921455264,0.03444662
"Road 1215393150 독배로",332,-322.571381,-7.700817,-182.85878,0.4607371,0.04792239
"Road 1215393150 독배로",333,-324.2225,-7.664101,-183.085754,0.4607423,0.0347432829
"Road 1215393150 독배로",334,-327.52478,-7.680849,-183.539734,0.460718185,0.0413444377
"Road 1215393150 독배로",335,-329.1759,-7.739481,-183.766724,0.460713,0.0625917763
"Road 1215393150 독배로",336,-326.732666,-7.672731,-183.1828,0.921455264,0.038624905
"Road 1215393150 독배로",337,-322.621552,-7.71312952,-182.493637,0.921455264,0.0479625277
"Road 1215393150 독배로",338,-324.306152,-7.68453455,-182.477173,0.921455264,0.03482091
"Road 1215393150 독배로",339,-321.846161,-7.758902,-182.014969,1.8428905,0.05797627
"Road 1215393150 독배로",340,-326.833038,-7.69855928,-182.452454,0.921539366,0.0411332026
"Road 1215393150 독배로",341,-329.343231,-7.78203773,-182.549438,0.4607604,0.05947332
"Road 1215393150 독배로",342,-327.692078,-7.72426558,-182.322464,0.4607604,0.0394050255
"Road 1215393150 독배로",343,-324.3898,-7.708566,-181.868576,0.4607604,0.0589454733
"Road 1215393150 독배로",344,-322.738647,-7.74962664,-181.6416,0.4607604,0.0682056844
"Road 1215393150 독배로",345,-325.181915,-7.68924665,-182.22551,0.921540141,0.03682234
"Road 1215393150 독배로",346,-330.101868,-7.806843,-183.149841,1.84309947,0.0589597933
"Road 1215393150 독배로",347,-327.608429,-7.70241165,-182.9311,0.9215586,0.0418323576
"Road 1215393150 독배로",348,-329.2261,-7.75292253,-183.401535,0.9215586,0.06259329
