object,triangle,x,y,z,areaM2,grade
"Road 471332807 restored connection",0,564.546265,10.3208685,-329.0071,1.11703491,0.2493584
"Road 471332807 restored connection",1,562.546265,10.0854111,-329.007538,1.11703491,0.224573731
"Road 471332807 restored connection",2,565.546143,10.3576241,-328.510468,2.23409271,0.2554438
"Road 471332807 restored connection",3,562.5461,9.917304,-328.014679,1.11694336,0.196908742
"Road 471332807 restored connection",4,564.5461,10.1182747,-328.014221,1.11694336,0.228071615
"Road 471332807 restored connection",5,561.5462,9.921195,-328.511322,2.233864,0.163550183
"Road 471332807 restored connection",6,564.045959,9.922924,-327.393768,0.558506131,0.237234309
"Road 471332807 restored connection",7,565.045959,10.1071167,-327.641785,0.5585175,0.290047735
"Road 471332807 restored connection",8,562.545959,9.820633,-327.518219,1.117035,0.2153576
"Road 471332807 restored connection",9,565.545837,10.0489273,-327.0211,2.23402429,0.250756025
"Road 471332807 restored connection",10,562.5457,9.64881,-326.52533,1.11698925,0.2005944
"Road 471332807 restored connection",11,564.5457,9.815957,-326.524872,1.11698925,0.233897656
"Road 471332807 restored connection",12,561.545837,9.680809,-327.022,2.23402429,0.15492028
"Road 471332807 restored connection",13,564.0456,9.585828,-325.780365,0.139618009,0.222443461
"Road 471332807 restored connection",14,564.5456,9.664889,-325.904327,0.139629379,0.252212346
"Road 471332807 restored connection",15,563.7956,9.602295,-325.966553,0.279258668,0.210454017
"Road 471332807 restored connection",16,565.045654,9.798584,-326.152435,0.5584717,0.287564069
"Road 471332807 restored connection",17,562.5456,9.552376,-326.0289,1.11698914,0.19617857
"Road 471332807 restored connection",18,565.5455,9.739685,-325.531769,2.23390985,0.246735618
"Road 471332807 restored connection",19,562.5454,9.378909,-325.03598,1.11703491,0.205186814
"Road 471332807 restored connection",20,565.0454,9.540806,-324.911346,0.558517456,0.186519518
"Road 471332807 restored connection",21,563.7955,9.42698,-325.097778,0.27926442,0.217410892
"Road 471332807 restored connection",22,564.2955,9.504139,-325.2218,0.279235929,0.289652735
"Road 471332807 restored connection",23,561.5455,9.437041,-325.532654,2.23413849,0.154144749
"Road 471332807 restored connection",24,563.7952,9.279091,-324.3531,0.27926442,0.196349189
"Road 471332807 restored connection",25,564.295349,9.35133,-324.4771,0.279252976,0.287159175
"Road 471332807 restored connection",26,565.045349,9.489525,-324.663116,0.558517456,0.294163138
"Road 471332807 restored connection",27,562.5453,9.281789,-324.53952,1.11703491,0.18752636
"Road 471332807 restored connection",28,565.7952,9.51817,-324.3527,0.558523238,0.225698665
"Road 471332807 restored connection",29,566.2951,9.488435,-323.732,0.279247373,0.148901314
"Road 471332807 restored connection",30,566.2952,9.558209,-324.228455,0.279241681,0.233034536
"Road 471332807 restored connection",31,564.6702,9.331901,-324.197754,0.139637932,0.227519423
"Road 471332807 restored connection",32,564.920166,9.31969452,-323.887421,0.06981184,0.155850828
"Road 471332807 restored connection",33,564.9202,9.352008,-324.135651,0.0698090047,0.231570274
"Road 471332807 restored connection",34,563.920166,9.230739,-324.073822,0.06982325,0.2517278
"Road 471332807 restored connection",35,564.170166,9.24013,-324.0117,0.06982325,0.188056573
"Road 471332807 restored connection",36,564.545166,9.282048,-323.918549,0.139635131,0.210104167
"Road 471332807 restored connection",37,565.7951,9.416083,-323.608,0.279252976,0.1390568
"Road 471332807 restored connection",38,565.420166,9.390513,-323.887329,0.139637932,0.151725531
"Road 471332807 restored connection",39,565.1702,9.394672,-324.197662,0.06982037,0.242973134
"Road 471332807 restored connection",40,565.170166,9.362359,-323.949432,0.0698232055,0.17710574
"Road 471332807 restored connection",41,562.5451,9.194065,-323.546661,1.11694336,0.0162139852
"Road 471332807 restored connection",42,564.795044,9.288373,-323.4841,0.139623612,0.127630964
"Road 471332807 restored connection",43,564.045044,9.21589,-323.360138,0.06980896,0.04283408
"Road 471332807 restored connection",44,564.545044,9.25515652,-323.360046,0.06980896,0.114830434
"Road 471332807 restored connection",45,565.5451,9.376453,-323.421875,0.27923584,0.125078633
"Road 471332807 restored connection",46,564.0451,9.218575,-323.5463,0.139606565,0.04346956
"Road 471332807 restored connection",47,564.5451,9.26239,-323.670319,0.139617935,0.1280963
"Road 471332807 restored connection",48,563.7951,9.211488,-323.7325,0.279247224,0.0443225056
"Road 471332807 restored connection",49,561.920166,9.19942951,-323.950134,0.0698004439,0.0314462669
"Road 471332807 restored connection",50,561.9202,9.223839,-324.198334,0.06980328,0.173249751
"Road 471332807 restored connection",51,561.670166,9.195583,-323.888153,0.139620811,0.0563816763
"Road 471332807 restored connection",52,561.2951,9.186564,-323.608978,0.279218733,0.00620750245
"Road 471332807 restored connection",53,562.420166,9.200459,-323.88797,0.139615044,0.0672540739
"Road 471332807 restored connection",54,562.1702,9.226499,-324.198273,0.0698146448,0.172497272
"Road 471332807 restored connection",55,562.170166,9.202088,-323.950073,0.06981748,0.04788821
"Road 471332807 restored connection",56,562.7952,9.221221,-324.105072,0.279213041,0.109090634
"Road 471332807 restored connection",57,560.7952,9.224288,-324.2296,0.2792529,0.142095685
"Road 471332807 restored connection",58,560.7951,9.186814,-323.7332,0.279247224,0.0121800844
"Road 471332807 restored connection",59,561.2952,9.248447,-324.3536,0.558488846,0.122871049
"Road 471332807 restored connection",60,563.795,9.202258,-322.863739,0.2792873,0.042815458
"Road 471332807 restored connection",61,564.295,9.238789,-322.987762,0.279258817,0.10782142
"Road 471332807 restored connection",62,565.545,9.367653,-323.173676,0.279281646,0.12438421
"Road 471332807 restored connection",63,564.545,9.25439548,-323.235931,0.06980897,0.114832267
"Road 471332807 restored connection",64,564.045,9.21513,-323.236053,0.06980897,0.04284236
"Road 471332807 restored connection",65,564.795,9.278812,-323.111725,0.139640823,0.113007382
"Road 471332807 restored connection",66,562.545,9.188659,-323.0502,1.11712658,0.007374743
"Road 471332807 restored connection",67,566.044861,9.407296,-322.677032,1.11712635,0.12478742
"Road 471332807 restored connection",68,565.044861,9.306725,-322.429047,1.11709225,0.07816346
"Road 471332807 restored connection",69,562.544739,9.184344,-322.057343,1.1168977,0.00567256846
"Road 471332807 restored connection",70,565.044739,9.304019,-321.9326,0.558471739,0.08965938
"Road 471332807 restored connection",71,564.294739,9.233806,-322.118927,0.27923578,0.101366945
"Road 471332807 restored connection",72,563.794739,9.198794,-322.243164,0.279218733,0.04230686
"Road 471332807 restored connection",73,561.544861,9.182906,-322.554,2.23384118,0.004724839
"Road 471332807 restored connection",74,563.7945,9.19142151,-321.3744,0.279258758,0.0291702561
"Road 471332807 restored connection",75,564.2946,9.221498,-321.498383,0.279258758,0.09885678
"Road 471332807 restored connection",76,565.0446,9.29676,-321.684357,0.5585175,0.125698656
"Road 471332807 restored connection",77,562.5446,9.182021,-321.5609,1.117035,0.005500223
"Road 471332807 restored connection",78,566.0445,9.356589,-321.187622,1.11704636,0.104144149
"Road 471332807 restored connection",79,565.044434,9.273841,-320.939667,1.11704636,0.0605802722
"Road 471332807 restored connection",80,562.5443,9.178052,-320.568,1.117035,0.00520474045
"Road 471332807 restored connection",81,564.5443,9.242629,-320.567474,1.117035,0.0622713342
"Road 471332807 restored connection",82,561.544434,9.177276,-321.0647,2.23404717,0.004392555
"Road 471332807 restored connection",83,564.5442,9.240139,-320.071,1.11698925,0.0623414628
"Road 471332807 restored connection",84,562.5442,9.175563,-320.071533,1.11698925,0.00598549843
"Road 471332807 restored connection",85,565.544,9.27852,-319.5743,2.23393273,0.07032328
"Road 471332807 restored connection",86,562.543945,9.170585,-319.0786,1.117035,0.00633995375
"Road 471332807 restored connection",87,564.543945,9.21355,-319.078125,1.117035,0.0416986868
"Road 471332807 restored connection",88,561.5441,9.1709795,-319.575348,2.23411584,0.004774668
"Road 471332807 restored connection",89,564.5438,9.210708,-318.581665,1.11698925,0.0415945053
"Road 471332807 restored connection",90,562.5438,9.167743,-318.582153,1.11698925,0.00561405253
"Road 471332807 restored connection",91,565.5437,9.22851849,-318.085,2.23397851,0.05640294
"Road 471332807 restored connection",92,562.5436,9.16273,-317.589233,1.11708081,0.0060359803
"Road 471332807 restored connection",93,564.5436,9.18447,-317.588776,1.11708081,0.0214453172
"Road 471332807 restored connection",94,561.5437,9.163814,-318.085938,2.23416162,0.00470432639
"Road 471332807 restored connection",95,564.543457,9.181483,-317.092316,1.11698925,0.0214942582
"Road 471332807 restored connection",96,562.543457,9.159743,-317.092773,1.11698925,0.006207632
"Road 471332807 restored connection",97,565.5434,9.185505,-316.595673,2.23400116,0.0361637324
"Road 471332807 restored connection",98,562.5433,9.162784,-316.3481,4.46795654,0.00426272862
"Road 471332807 restored connection",99,564.5431,9.166776,-315.354767,4.46814,0.00400912156
"Road 471332807 restored connection",100,562.542969,9.160259,-314.858734,4.46814,0.00267855288
"Road 471332807 restored connection",101,564.5427,9.164307,-313.8654,4.46795654,0.003759664
"Road 471332807 restored connection",102,562.542664,9.15895,-313.369415,4.46795654,0.002023697
"Road 471332807 restored connection",103,564.5424,9.161925,-312.376038,4.468323,0.00295917015
"Road 471332807 restored connection",104,562.5423,9.157878,-311.880035,4.467957,0.00148773182
"Road 471332807 restored connection",105,564.542053,9.159284,-310.8867,4.46804857,0.003494458
"Road 471332807 restored connection",106,562.541931,9.156308,-310.390717,4.46804857,0.0007028579
"Road 471332807 restored connection",107,564.5417,9.156513,-309.3973,4.46804857,0.00251796865
"Road 471332807 restored connection",108,562.541565,9.155108,-308.901367,4.46804857,0.000102678925
"Road 471332807 restored connection",109,564.5413,9.155108,-307.907959,4.46814,0.000426197657
"Road 471332807 restored connection",110,562.5412,9.154902,-307.412,4.46814,0
"Road 471332807 restored connection",111,564.540955,9.154902,-306.4186,4.467774,0
"Road 471332807 restored connection",112,562.540833,9.154902,-305.922638,4.46814,0
"Road 471332807 restored connection",113,564.5406,9.154902,-304.9293,4.468048,0
"Road 471332807 restored connection",114,562.540466,9.154902,-304.433258,4.468048,0
"Road 471332807 restored connection",115,564.5403,9.154902,-303.439941,4.467957,0
"Road 471332807 restored connection",116,562.540161,9.154902,-302.94397,4.467957,0
"Road 471332807 restored connection",117,564.54,9.154902,-301.9506,4.46832275,0
"Road 471332807 restored connection",118,562.539856,9.154902,-301.4546,4.46795654,0
"Road 471332807 restored connection",119,564.5396,9.154902,-300.4612,4.46823168,0
"Road 471332807 restored connection",120,562.5395,9.154902,-299.96524,4.46786547,0
"Road 471332807 restored connection",121,564.5392,9.154902,-298.9719,4.467774,0
"Road 471332807 restored connection",122,562.539063,9.154902,-298.475922,4.46850634,0
"Road 471332807 restored connection",123,564.5388,9.154902,-297.4825,4.46795654,0
"Road 471332807 restored connection",124,562.538757,9.154902,-296.986542,4.46795654,0
"Road 471332807 restored connection",125,564.5385,9.154902,-295.993164,4.468323,0
"Road 471332807 restored connection",126,562.5384,9.154902,-295.497162,4.467957,0
"Road 471332807 restored connection",127,564.538147,9.154902,-294.503784,4.46804857,0
"Road 471332807 restored connection",128,562.538,9.154902,-294.0078,4.46804857,0
"Road 471332807 restored connection",129,564.5378,9.154902,-293.014435,4.46804857,0
"Road 471332807 restored connection",130,562.537659,9.154902,-292.5185,4.46804857,0
"Continuous asphalt network",0,-89.74467,-5.45944643,-246.441162,49.09149,0.0019278141
"Continuous asphalt network",1,-112.5224,-5.47174072,-271.843842,65.24718,0
"Continuous asphalt network",2,-102.12191,-5.470694,-256.197784,32.6234627,0.0001684101
"Continuous asphalt network",3,-107.6632,-5.47174072,-267.322052,32.62357,0
"Continuous asphalt network",4,-174.925552,-5.47469139,-196.370926,62.0162621,0.000123525009
"Continuous asphalt network",5,-190.255,-5.476957,-188.645935,31.00783,0.0006668728
"Continuous asphalt network",6,-179.92247,-5.4756875,-192.05481,31.0078621,0.00065013807
"Continuous asphalt network",7,-188.386475,-5.477427,-184.328781,27.8968849,0.0003308703
"Continuous asphalt network",8,-179.243164,-5.476158,-189.7452,27.8967514,0.0003617315
"Continuous asphalt network",9,-194.147385,-5.47782373,-183.628128,55.79309,3.888689E-06
"Continuous asphalt network",10,-80.7127762,-5.5036397,-224.174973,35.6558838,0.003048502
"Continuous asphalt network",11,-43.9847145,-5.21404934,-291.973175,22.0974464,0.00464254338
"Continuous asphalt network",12,-40.273777,-5.15705729,-303.769348,11.0490065,0.004619204
"Continuous asphalt network",13,-43.4977264,-5.195395,-296.167755,11.0490379,0.004666924
"Continuous asphalt network",14,-49.94563,-5.271834,-280.964569,11.0486345,0.00478800852
"Continuous asphalt network",15,-53.1695862,-5.30935144,-273.363,11.0486345,0.00455194153
"Continuous asphalt network",16,-47.2086754,-5.2519536,-284.371582,22.0974083,0.0045490833
"Continuous asphalt network",17,-38.5863,-5.15562868,-303.17868,22.0976887,0.004782683
"Continuous asphalt network",18,-40.6852722,-5.193353,-295.183319,22.0976315,0.004771852
"Continuous asphalt network",19,-35.2868462,-5.13651133,-306.3888,44.1953926,0.0043191
"Continuous asphalt network",20,80.6537,-4.4021697,-314.581146,75.81805,0.007787654
"Continuous asphalt network",21,59.4084778,-4.57144833,-316.734344,37.90928,0.008189591
"Continuous asphalt network",22,73.04694,-4.45824766,-313.766022,37.9091721,0.008240657
"Continuous asphalt network",23,37.76948,-4.746303,-317.737885,37.909153,0.007841047
"Continuous asphalt network",24,16.32738,-4.91240358,-319.3162,18.954464,0.00754404441
"Continuous asphalt network",25,30.3596134,-4.80403757,-317.497528,18.9543724,0.007786133
"Continuous asphalt network",26,51.60483,-4.634771,-315.3444,37.9092522,0.008163547
"Continuous asphalt network",27,72.45631,-4.46246672,-312.041534,18.9541,0.008281762
"Continuous asphalt network",28,58.8178368,-4.575668,-315.009857,18.9541531,0.008231127
"Continuous asphalt network",29,-8.14835548,-7.155371,-297.5665,17.3912888,0.008459936
"Continuous asphalt network",30,-16.4589462,-7.032148,-292.993774,12.4817371,0.0202783365
"Continuous asphalt network",31,-15.4014349,-7.081372,-296.269745,12.4819841,0.0102423774
"Continuous asphalt network",32,-20.0713062,-7.013739,-292.294952,24.9632549,0.0114621334
"Continuous asphalt network",33,-30.8136425,-6.298862,-207.923569,32.1883049,0.02393684
"Continuous asphalt network",34,-46.2489281,-5.862053,-197.869141,16.0940971,0.0232464615
"Continuous asphalt network",35,-35.5710258,-6.151325,-203.897812,16.0941238,0.02398506
"Continuous asphalt network",36,-14.2152414,-6.73956156,-215.955124,16.0939941,0.0240578055
"Continuous asphalt network",37,-3.53735662,-7.04154158,-221.98381,16.09399,0.0251966
"Continuous asphalt network",38,-20.1357555,-6.59269571,-213.952225,32.1882362,0.0240106564
"Continuous asphalt network",39,-47.121273,-5.86276245,-199.386276,32.1882057,0.02329481
"Continuous asphalt network",40,-37.0249443,-6.15266943,-206.426346,32.1881676,0.0239650439
"Continuous asphalt network",41,-53.3325653,-5.734182,-197.889053,64.37666,0.0224874783
"Continuous asphalt network",42,42.60862,-8.410226,-174.055527,3.9438765,0.0245585945
"Continuous asphalt network",43,44.1663628,-8.350539,-172.3488,1.971929,0.0188059732
"Continuous asphalt network",44,43.80397,-8.387184,-173.8711,1.97197866,0.0405312367
"Continuous asphalt network",45,46.0590935,-8.292222,-171.04863,0.246489748,0.0236066561
"Continuous asphalt network",46,46.30807,-8.277537,-171.514282,0.0616258346,0.0289757289
"Continuous asphalt network",47,46.3895454,-8.252254,-171.776672,0.061626114,0.159404591
"Continuous asphalt network",48,46.0952721,-8.280644,-171.5013,0.123246223,0.0349353328
"Continuous asphalt network",49,45.6334953,-8.305169,-171.022659,0.4929967,0.04764373
"Continuous asphalt network",50,46.6658936,-8.308598,-170.313461,0.492996275,0.02026951
"Continuous asphalt network",51,46.6114655,-8.285622,-171.146713,0.12324664,0.049652677
"Continuous asphalt network",52,46.56161,-8.252525,-171.6585,0.06162443,0.165460244
"Continuous asphalt network",53,46.4801369,-8.277808,-171.396072,0.06162415,0.03403359
"Continuous asphalt network",54,46.40323,-8.2969265,-170.812241,0.246493161,0.0263406485
"Continuous asphalt network",55,48.04244,-8.323639,-169.3679,0.985971451,0.0029936512
"Continuous asphalt network",56,47.08238,-8.2767725,-170.982422,0.492993385,0.0924842656
"Continuous asphalt network",57,47.26357,-8.313726,-170.221268,0.49299857,0.0207076725
"Continuous asphalt network",58,45.43405,-8.304771,-173.0697,0.9859557,0.06129515
"Continuous asphalt network",59,44.5645943,-8.379647,-174.303635,0.9859913,0.0379440747
"Continuous asphalt network",60,45.3617058,-8.296746,-172.164368,1.971911,0.0728123
"Continuous asphalt network",61,41.7026672,-8.488354,-177.861252,3.94381523,0.02541189
"Continuous asphalt network",62,39.9637566,-8.527297,-180.329086,3.94383335,0.015188016
"Continuous asphalt network",63,41.5579758,-8.453845,-176.050583,7.887737,0.0170760211
"Continuous asphalt network",64,45.76059,-8.334716,-168.070313,15.7753468,0.003887333
"Continuous asphalt network",65,43.00751,-8.366433,-169.961441,15.7754583,0.0219223574
"Continuous asphalt network",66,34.2399063,-8.483072,-187.444336,31.5507965,0.0147332437
"Continuous asphalt network",67,39.8920479,-8.427505,-173.374878,15.7752361,0.009882375
"Continuous asphalt network",68,38.4425163,-8.494679,-179.464035,15.7754431,0.0164147746
"Continuous asphalt network",69,23.8063812,-8.230675,-202.251465,31.5508251,0.025255274
"Continuous asphalt network",70,13.8799257,-7.744551,-217.34697,15.77558,0.0330363326
"Continuous asphalt network",71,19.8214588,-8.080028,-206.8988,15.7756,0.02408516
"Continuous asphalt network",72,33.4434471,-8.487094,-183.534668,7.88778639,0.008091693
"Continuous asphalt network",73,28.4802227,-8.421355,-191.082413,3.943813,0.0107842227
"Continuous asphalt network",74,31.4509888,-8.46844,-185.858337,3.94382262,0.0053769364
"Continuous asphalt network",75,37.6460571,-8.45255,-175.554367,15.7755747,0.0101357326
"Continuous asphalt network",76,29.7479076,-8.417979,-191.803329,31.5508156,0.0117015718
"Continuous asphalt network",77,54.6965942,-8.92233,-206.370926,15.3491955,0.00701296469
"Continuous asphalt network",78,59.1504669,-8.947748,-198.809265,7.67463875,0.00205077464
"Continuous asphalt network",79,56.8641319,-8.932416,-204.22261,7.674632,0.005781125
"Continuous asphalt network",80,65.77187,-8.898284,-189.099289,15.34915,0.008278123
"Continuous asphalt network",81,60.4309349,-8.943089,-199.5072,3.83729768,0.00331496214
"Continuous asphalt network",82,57.632412,-8.930344,-204.641373,3.837295,0.00619153539
"Continuous asphalt network",83,61.3180046,-8.942878,-196.66095,7.67458153,0.00451262062
"Continuous asphalt network",84,48.9807625,-8.743972,-219.9043,15.349411,0.0148168551
"Continuous asphalt network",85,42.2405663,-8.424456,-232.879318,7.67461634,0.0378098078
"Continuous asphalt network",86,44.5269,-8.59098148,-227.465942,7.6747,0.0266374536
"Continuous asphalt network",87,50.75491,-8.829314,-214.211746,30.6984081,0.0145115172
"Continuous asphalt network",88,62.06778,-8.923824,-190.410049,15.3493633,0.0163042918
"Continuous asphalt network",89,66.4028549,-8.867925,-186.113419,15.3491669,0.0213830378
"Continuous asphalt network",90,57.613903,-8.947822,-197.971725,30.69868,0.0109755211
"Continuous asphalt network",91,67.66481,-8.823081,-180.141678,30.698555,0.00381957833
"Continuous asphalt network",92,63.2406425,-8.872262,-186.8871,3.83733964,0.0187238045
"Continuous asphalt network",93,63.3000374,-8.823427,-185.254578,3.83738184,0.0415222235
"Continuous asphalt network",94,60.5312157,-8.935798,-189.57251,3.8372767,0.015965078
"Continuous asphalt network",95,61.4182854,-8.883075,-186.726242,0.959332645,0.0237988
"Continuous asphalt network",96,61.98987,-8.831386,-185.372879,0.959332645,0.0502629839
"Continuous asphalt network",97,61.64468,-8.896149,-187.682083,1.91865277,0.0238695368
"Continuous asphalt network",98,64.502594,-8.815959,-180.91539,1.91866982,0.00139112235
"Continuous asphalt network",99,63.13303,-8.766121,-182.666214,0.9593269,0.10546276
"Continuous asphalt network",100,63.70461,-8.784225,-181.312881,0.959344268,0.117996022
"Continuous asphalt network",101,65.1038742,-8.814507,-178.745773,3.837343,0.001545926
"Continuous asphalt network",102,64.4135056,-8.808299,-183.364151,7.674691,0.024448799
"Continuous asphalt network",103,19.8128681,-3.11284518,-131.180283,40.096035,0.0141114695
"Continuous asphalt network",104,0.366902679,-3.41585732,-118.955994,20.0479259,0.0115505308
"Continuous asphalt network",105,13.6949692,-3.22090149,-126.417976,20.0479145,0.0140059469
"Continuous asphalt network",106,40.3511047,-2.790887,-141.341949,20.0481949,0.0141259972
"Continuous asphalt network",107,53.67917,-2.57417226,-148.80394,20.0481815,0.0142755611
"Continuous asphalt network",108,33.140934,-2.89747071,-138.642258,40.09606,0.0141232945
"Continuous asphalt network",109,-7.389393,-3.52967644,-117.287605,80.1924057,0.0167490933
"Continuous asphalt network",110,12.3296366,-3.219241,-128.996246,40.0965347,0.014132252
"Continuous asphalt network",111,-1.54455948,-3.44111633,-122.565575,40.09653,0.01500661
"Continuous asphalt network",112,80.3353043,-2.12548232,-163.727921,20.04801,0.0151287559
"Continuous asphalt network",113,93.66337,-1.88497961,-171.1899,20.0479679,0.0163629856
"Continuous asphalt network",114,73.12514,-2.24139118,-161.028214,40.09602,0.0152070262
"Continuous asphalt network",115,113.655457,-1.51081276,-182.382858,20.0482044,0.0162826926
"Continuous asphalt network",116,130.452087,-1.194766,-191.4525,5.012079,0.01761665
"Continuous asphalt network",117,140.516418,-0.9713774,-196.92009,2.50630665,0.0237695873
"Continuous asphalt network",118,133.715836,-1.12798822,-193.446915,2.50631142,0.0176602621
"Continuous asphalt network",119,120.182961,-1.38617957,-186.371658,10.0241394,0.0163408369
"Continuous asphalt network",120,92.98069,-1.88460732,-172.479,10.0241432,0.01636524
"Continuous asphalt network",121,79.37957,-2.125666,-165.532684,10.024128,0.0152046587
"Continuous asphalt network",122,100.054321,-1.75982988,-175.436523,20.0481644,0.0163467042
"Continuous asphalt network",123,32.04867,-2.895854,-140.70488,20.04817,0.0140205463
"Continuous asphalt network",124,52.17731,-2.57446122,-151.64003,10.0239172,0.0141815171
"Continuous asphalt network",125,38.57618,-2.78900146,-144.6937,10.023922,0.0139147444
"Continuous asphalt network",126,11.3739061,-3.218076,-130.801041,10.023881,0.0141801415
"Continuous asphalt network",127,-2.22722626,-3.44055271,-123.854706,10.02388,0.0149548575
"Continuous asphalt network",128,18.4475384,-3.110397,-133.758545,20.0481625,0.0141841955
"Continuous asphalt network",129,52.58691,-2.57418227,-150.866547,20.0481815,0.0141814947
"Continuous asphalt network",130,39.25884,-2.78932357,-143.404556,20.0482025,0.0140178148
"Continuous asphalt network",131,59.79707,-2.46561456,-153.566238,40.095974,0.0141814938
"Continuous asphalt network",132,127.14859,0.127061263,-115.278084,6.793424,0.0300897118
"Continuous asphalt network",133,117.969719,-0.164848268,-110.491737,6.79342556,0.0264327861
"Continuous asphalt network",134,132.007751,0.282920569,-117.154022,13.5868673,0.029974848
"Continuous asphalt network",135,146.315491,0.7514716,-123.299065,6.79342556,0.0303589944
"Continuous asphalt network",136,155.764084,1.07221377,-127.568176,6.793439,0.0320089459
"Continuous asphalt network",137,141.321472,0.5949616,-121.681755,13.5868559,0.03028875
"Continuous asphalt network",138,119.725014,-0.1081393,-112.7228,6.793403,0.0301089622
"Continuous asphalt network",139,115.4053,-0.243672952,-109.8124,6.79337549,0.0433693
"Continuous asphalt network",140,126.744019,0.125578627,-116.053947,13.5868006,0.0300741382
"Continuous asphalt network",141,110.276428,-0.398167223,-108.4537,13.5868254,0.02873357
"Continuous asphalt network",142,114.596153,-0.2626336,-111.364105,13.5868559,0.02979216
"Continuous asphalt network",143,105.748474,-0.4828497,-107.0115,10.6387548,0.0162495077
"Continuous asphalt network",144,-60.38767,-5.58160257,-193.225174,24.2557526,0.009486903
"Continuous asphalt network",145,-76.11817,-5.52986526,-217.158218,51.9286537,0.003337453
"Continuous asphalt network",146,-66.3073044,-5.58185768,-205.400192,25.9641552,0.003783301
"Continuous asphalt network",147,-71.41303,-5.546219,-213.871689,25.96413,0.00342394877
"Continuous asphalt network",148,-79.45236,-5.492583,-228.131149,32.9326134,0.00335018313
"Continuous asphalt network",149,0.941343963,-3.35503674,-81.7486038,24.1170769,0.00772184134
"Continuous asphalt network",150,8.448562,-3.22857928,-70.17063,12.0586653,0.011869194
"Continuous asphalt network",151,4.11981726,-3.318781,-78.27441,12.0586729,0.008034218
"Continuous asphalt network",152,-4.53766632,-3.46028018,-94.4819641,12.058404,0.007602325
"Continuous asphalt network",153,-8.866409,-3.52742958,-102.585732,12.0584126,0.00706595974
"Continuous asphalt network",154,-3.387394,-3.425516,-89.8523941,24.11707,0.00762852747
"Continuous asphalt network",155,6.92741,-3.231674,-69.30411,24.11687,0.0118955933
"Continuous asphalt network",156,1.58456552,-3.32191944,-76.83019,24.11692,0.00778430654
"Continuous asphalt network",157,7.570638,-3.22553945,-64.3857,48.23415,0.0214404166
"Continuous asphalt network",158,-59.1318321,-5.11843824,-24.0367069,26.8917065,0.01909969
"Continuous asphalt network",159,-89.91781,-5.33945847,-65.16084,69.7402344,0.00144179794
"Continuous asphalt network",160,-98.54407,-5.3686614,-82.4966354,34.87005,0.00161874411
"Continuous asphalt network",161,-94.538826,-5.34994936,-70.85431,34.8699875,0.00147631753
"Continuous asphalt network",162,-108.479515,-5.39818764,-99.76859,34.8698425,0.00122205529
"Continuous asphalt network",163,-117.760376,-5.420704,-117.072449,17.4347343,0.00124708749
"Continuous asphalt network",164,-112.445923,-5.40699625,-105.49398,17.4347038,0.00143760163
"Continuous asphalt network",165,-103.819672,-5.381166,-88.1581955,34.86984,0.00154801225
"Continuous asphalt network",166,-96.5026245,-5.351743,-70.7585449,17.4349251,0.00173842092
"Continuous asphalt network",167,-100.507866,-5.370455,-82.40087,17.4349556,0.001845072
"Continuous asphalt network",168,-128.350418,-5.438484,-134.312454,34.86981,0.0007556388
"Continuous asphalt network",169,-137.631271,-5.451191,-151.616318,17.43535,0.0006539278
"Continuous asphalt network",170,-132.316833,-5.443256,-140.037857,17.4353714,0.000688287662
"Continuous asphalt network",171,-147.5667,-5.46158552,-168.888245,17.43522,0.000403048849
"Continuous asphalt network",172,-157.17485,-5.46815634,-186.176147,8.717415,0.000273031939
"Continuous asphalt network",173,-151.205826,-5.464087,-174.6296,8.71742249,0.000354200252
"Continuous asphalt network",174,-141.924973,-5.45557,-157.325729,17.4352512,0.0005834733
"Continuous asphalt network",175,-133.298721,-5.443567,-139.98996,8.717277,0.0009966156
"Continuous asphalt network",176,-138.613159,-5.45150137,-151.56842,8.717267,0.0009865396
"Continuous asphalt network",177,-123.363258,-5.427858,-122.71804,34.86978,0.0010171727
"Continuous asphalt network",178,-115.0643,-5.407701,-105.366295,17.4347763,0.00135405571
"Continuous asphalt network",179,-119.724144,-5.42134857,-116.976685,17.4347858,0.001010604
"Continuous asphalt network",180,-106.110756,-5.38217926,-88.04647,17.4351139,0.00162304728
"Continuous asphalt network",181,-97.48452,-5.352688,-70.71068,8.717438,0.0015790473
"Continuous asphalt network",182,-102.79895,-5.372282,-82.28916,8.717437,0.00159252761
"Continuous asphalt network",183,-111.097893,-5.3998723,-99.64089,17.435112,0.00130708981
"Continuous asphalt network",184,-118.742249,-5.421421,-117.024559,8.717526,0.00101080677
"Continuous asphalt network",185,-114.082405,-5.40777349,-105.414162,8.717522,0.00135424966
"Continuous asphalt network",186,-135.134537,-5.44369364,-139.086792,17.03559,0.0010405936
"Continuous asphalt network",187,-142.109238,-5.451832,-150.041855,17.0355434,0.00095213973
"Continuous asphalt network",188,-132.652847,-5.43918657,-133.017776,34.07097,0.000627021946
"Continuous asphalt network",189,-152.571289,-5.462445,-166.474442,17.0352974,0.000448761828
"Continuous asphalt network",190,-162.781937,-5.469967,-183.054886,8.517657,0.0008377194
"Continuous asphalt network",191,-156.310059,-5.46513176,-171.804123,8.517651,0.000873152167
"Continuous asphalt network",192,-143.366318,-5.451588,-149.30249,8.517689,0.0008987607
"Continuous asphalt network",193,-136.894455,-5.4434495,-138.051682,8.517665,0.00093997654
"Continuous asphalt network",194,-146.099426,-5.45546341,-155.223633,17.0352745,0.0006270721
"Continuous asphalt network",195,-113.740074,-5.40015173,-98.9696,17.0355816,0.00138314173
"Continuous asphalt network",196,-123.950706,-5.42290449,-115.550072,8.517429,0.001216311
"Continuous asphalt network",197,-117.478828,-5.40828466,-104.299255,8.517437,0.00149435713
"Continuous asphalt network",198,-104.535095,-5.37191725,-81.79766,8.517597,0.00168793031
"Continuous asphalt network",199,-98.06323,-5.352532,-70.54685,8.517608,0.00166307436
"Continuous asphalt network",200,-107.268211,-5.38197,-87.7188,17.0355759,0.00155917893
"Continuous asphalt network",201,-123.196442,-5.422564,-115.993675,17.0358734,0.00131119369
"Continuous asphalt network",202,-116.221741,-5.408213,-105.038612,17.0358276,0.001580536
"Continuous asphalt network",203,-125.678123,-5.42856,-122.062706,34.0709343,0.001010535
"Continuous asphalt network",204,-150.559952,-5.46234751,-167.6574,34.07106,0.00043382126
"Continuous asphalt network",205,-162.027679,-5.470095,-183.49852,17.0356121,0.000334597717
"Continuous asphalt network",206,-155.052963,-5.46526,-172.543457,17.0356274,0.000473052234
"Continuous asphalt network",207,-141.103561,-5.45214224,-150.633316,17.035223,0.000593403471
"Continuous asphalt network",208,-134.12886,-5.444004,-139.678268,17.03527,0.0007205381
"Continuous asphalt network",209,-143.585251,-5.455774,-156.702316,34.0710869,0.0005792117
"Continuous asphalt network",210,-163.503677,-5.47125244,-190.159012,68.14204,0.000424960366
"Continuous asphalt network",211,-152.538788,-5.464646,-174.022171,34.0708237,0.0005827937
"Continuous asphalt network",212,-158.507828,-5.46871567,-185.568726,34.0708,0.0005336852
"Continuous asphalt network",213,-111.732826,-5.33135128,-34.3500023,28.1512337,0
"Continuous asphalt network",214,-69.48994,-5.26623535,-29.6379337,76.6318741,0.0148388147
"Continuous asphalt network",215,-214.011642,-6.68844938,32.213028,30.98424,0.000344727247
"Continuous asphalt network",216,-224.878357,-6.68437958,28.9280853,26.8477573,0.000397904078
"Continuous asphalt network",217,-270.4265,-6.674207,-32.92343,22.5296574,0
"Continuous asphalt network",218,-279.828369,-6.674207,-44.4470634,22.5295048,0
"Continuous asphalt network",219,-266.111359,-6.674207,-25.5044041,45.0601044,0
"Continuous asphalt network",220,-252.780151,-6.6762414,-4.90454626,22.52972,0.0001728564
"Continuous asphalt network",221,-241.606522,-6.678276,11.9858093,11.2645369,0.00151095423
"Continuous asphalt network",222,-245.921677,-6.677259,4.56678772,11.2648544,0
"Continuous asphalt network",223,-254.744827,-6.6752243,-9.442653,22.5300179,0.0006640162
"Continuous asphalt network",224,-259.059967,-6.674207,-16.8616848,22.5300541,0
"Continuous asphalt network",225,-279.249664,-6.674207,-46.9328766,45.05985,0
"Continuous asphalt network",226,-267.690277,-6.674207,-31.6997318,22.5294952,0
"Continuous asphalt network",227,-272.0054,-6.674207,-39.1187553,22.52993,0
"Continuous asphalt network",228,-281.021454,-6.674207,-52.2996025,45.0596466,0
"Continuous asphalt network",229,-285.3366,-6.674207,-59.7186279,45.05946,0
"Continuous asphalt network",230,-320.434143,-6.67115545,-38.7312469,4.237969,0
"Continuous asphalt network",231,-327.163666,-6.67115545,-31.6352444,57.4539642,0
"Continuous asphalt network",232,-342.9766,-6.67115545,5.83431,45.01617,0
"Continuous asphalt network",233,-358.342316,-6.669121,7.66687536,25.21166,0.0002118312
"Continuous asphalt network",234,-365.985352,-6.66810369,7.635376,10.9320641,0
"Continuous asphalt network",235,-375.650543,-6.66810369,24.5028687,28.7905216,0
"Continuous asphalt network",236,-371.749054,-6.66810369,18.4528446,33.92834,0
"Continuous asphalt network",237,-346.439423,-6.67115545,11.1391649,21.583807,0
"Continuous asphalt network",238,-322.776642,-6.67115545,-34.8186226,44.0958939,0
"Continuous asphalt network",239,-311.5054,-6.67137337,-44.663784,36.0637665,7.038979E-05
"Continuous asphalt network",240,-277.227783,-6.674207,-11.6383924,21.1186275,0
"Continuous asphalt network",241,-284.190918,-6.674207,-21.4674587,10.5594082,0
"Continuous asphalt network",242,-280.198,-6.674207,-14.4831438,10.559453,0
"Continuous asphalt network",243,-291.641,-6.674207,-30.9727879,10.5593748,0
"Continuous asphalt network",244,-298.847626,-6.673408,-40.6399956,5.27953339,0.000199047092
"Continuous asphalt network",245,-294.3678,-6.674207,-33.9793968,5.27953863,0
"Continuous asphalt network",246,-285.408142,-6.674207,-20.6581936,5.27970552,0
"Continuous asphalt network",247,-280.9283,-6.674207,-13.9975739,5.27970362,0
"Continuous asphalt network",248,-287.161163,-6.674207,-24.3121948,10.5593853,0
"Continuous asphalt network",249,-264.762054,-6.674207,8.990829,10.5594606,0
"Continuous asphalt network",250,-271.968658,-6.674207,-0.676356,5.279535,0
"Continuous asphalt network",251,-267.488861,-6.674207,5.984243,5.27954769,0
"Continuous asphalt network",252,-258.5292,-6.674207,19.3054447,5.27988148,0
"Continuous asphalt network",253,-254.0494,-6.6752243,25.9660435,5.279906,0.0002534615
"Continuous asphalt network",254,-260.282227,-6.674207,15.6514282,10.5594158,0
"Continuous asphalt network",255,-273.234833,-6.674207,-4.654068,21.1185169,0
"Continuous asphalt network",256,-266.271637,-6.674207,5.17497253,10.55958,0
"Continuous asphalt network",257,-270.264618,-6.674207,-1.80932617,10.5596428,0
"Continuous asphalt network",258,-297.6304,-6.673408,-41.44926,21.1187267,0.0001990463
"Continuous asphalt network",259,-292.663727,-6.674207,-35.1123543,21.1187115,0
"Continuous asphalt network",260,-298.1663,-6.673408,-45.91254,42.2370567,0.000349266484
"Continuous asphalt network",261,-285.213654,-6.674207,-25.60702,21.1185017,0
"Continuous asphalt network",262,-278.2505,-6.674207,-15.7779541,10.5589285,0
"Continuous asphalt network",263,-282.243439,-6.674207,-22.7622681,10.5589733,0
"Continuous asphalt network",264,-290.22934,-6.674207,-36.7309074,10.5595675,0
"Continuous asphalt network",265,-294.2223,-6.674207,-43.71522,10.5595522,0
"Continuous asphalt network",266,-289.206635,-6.674207,-32.5913239,21.1186428,0
"Continuous asphalt network",267,-293.8759,-6.674207,-6.090042,41.58083,0
"Continuous asphalt network",268,-308.440735,-6.67318964,-24.903738,20.7909832,0.000128601721
"Continuous asphalt network",269,-299.3795,-6.674207,-11.9303389,20.79099,0
"Continuous asphalt network",270,-281.25705,-6.674207,14.0164795,20.7898617,0
"Continuous asphalt network",271,-272.19577,-6.674207,26.9898834,20.7897778,0
"Continuous asphalt network",272,-284.814667,-6.674207,6.883367,41.5809669,0
"Continuous asphalt network",273,-309.489777,-6.67217255,-28.9551,41.58093,0.00046774777
"Continuous asphalt network",274,-312.560944,-6.67115545,-36.411438,41.5812454,0
"Continuous asphalt network",275,-296.947,-6.674207,-13.5463667,41.5804939,0
"Continuous asphalt network",276,-306.570831,-6.67217255,-30.8943634,20.790472,0.0008877718
"Continuous asphalt network",277,-303.499664,-6.67318964,-23.4380245,20.7902431,0.000257203268
"Continuous asphalt network",278,-310.4424,-6.67217255,1.39978027,19.1868858,0.000156418188
"Continuous asphalt network",279,-319.811523,-6.67115545,-8.489924,19.1867886,0
"Continuous asphalt network",280,-306.39856,-6.67318964,7.48869848,38.37512,0.000156417256
"Continuous asphalt network",281,-293.6263,-6.674207,24.6113987,19.18768,0
"Continuous asphalt network",282,-284.897858,-6.674207,35.64516,19.1877174,0
"Continuous asphalt network",283,-297.3498,-6.674207,17.9504452,38.37524,0
"Continuous asphalt network",284,-318.850464,-6.67115545,-10.2060137,38.3744736,0
"Continuous asphalt network",285,-309.481354,-6.67217255,-0.3163096,38.37467,0.000156417358
"Continuous asphalt network",286,-322.253571,-6.67115545,-17.4390011,76.74872,0
"Continuous asphalt network",287,-320.849457,-6.671182,15.4306841,16.9688,4.83461372E-06
"Continuous asphalt network",288,-329.486938,-6.67115545,7.473643,16.9689064,0
"Continuous asphalt network",289,-317.060028,-6.671182,20.6679077,33.93824,2.17304841E-05
"Continuous asphalt network",290,-305.162323,-6.67318964,35.1208954,16.9689,0.0001841776
"Continuous asphalt network",291,-297.0541,-6.674207,44.3366432,16.9688549,0
"Continuous asphalt network",292,-308.687164,-6.67219925,29.254303,33.9382668,0.000192232212
"Continuous asphalt network",293,-328.693,-6.67115545,5.58557129,33.9385376,0
"Continuous asphalt network",294,-320.055542,-6.671182,13.542613,33.938324,4.83466556E-06
"Continuous asphalt network",295,-331.953217,-6.67115545,-0.9104004,67.87617,0
"Continuous asphalt network",296,-343.117523,-6.67115545,16.6855221,46.39164,0
"Continuous asphalt network",297,-334.545258,-6.67115545,26.8654175,23.195919,0
"Continuous asphalt network",298,-338.961029,-6.67115545,19.2162113,23.1957779,0
"Continuous asphalt network",299,-324.998627,-6.671354,36.3983727,23.1962357,4.51505475E-05
"Continuous asphalt network",300,-315.9392,-6.67259,46.2547569,11.5980453,0.000181968848
"Continuous asphalt network",301,-321.3293,-6.671572,39.25252,11.5980415,5.80501146E-05
"Continuous asphalt network",302,-329.901581,-6.67115545,29.0726624,23.1963272,0
"Continuous asphalt network",303,-337.4996,-6.67115545,18.2457981,11.5984144,0
"Continuous asphalt network",304,-333.083771,-6.67115545,25.8950043,11.598485,0
"Continuous asphalt network",305,-305.0953,-6.674207,60.14557,51.7227974,0
"Continuous asphalt network",306,-291.230621,-6.674207,57.61485,26.4183273,0
"Continuous asphalt network",307,-256.230133,-6.6762414,41.5845032,54.8071938,0.000218869143
"Continuous asphalt network",308,-373.424225,-6.66810369,22.38974,12.75508,0
"Continuous asphalt network",309,-346.254639,-6.66505051,60.7197762,22.1948776,0
"Continuous asphalt network",310,-339.382751,-6.66505051,65.64617,22.19484,0
"Continuous asphalt network",311,-348.091034,-6.66505051,56.5323,44.3904381,0
"Continuous asphalt network",312,-288.743927,-6.66505051,90.07,9.654533,0
"Continuous asphalt network",313,-225.7436,-6.68031073,57.8522949,23.1280937,0.000443667755
"Continuous asphalt network",314,-209.062088,-6.687432,46.6418343,11.5639687,0.00140590686
"Continuous asphalt network",315,-216.276688,-6.68438,50.874054,11.56408,0.000295746839
"Continuous asphalt network",316,-230.028381,-6.678276,59.6534538,23.1277466,0.00069158955
"Continuous asphalt network",317,-237.242981,-6.6752243,63.88567,23.1280155,0.000295749662
"Continuous asphalt network",318,-252.349686,-6.67013741,72.03513,11.5644693,0.00184037269
"Continuous asphalt network",319,-259.5643,-6.667085,76.26734,11.56427,0.0005915946
"Continuous asphalt network",320,-270.7249,-6.66438627,82.45816,5.782038,0.0008188637
"Continuous asphalt network",321,-277.9395,-6.66438627,86.69037,5.78205347,0.00074887654
"Continuous asphalt network",322,-266.440155,-6.664598,80.65702,11.5642843,0.000131516659
"Continuous asphalt network",323,-251.33342,-6.67013741,72.50756,23.1276455,0.000682594546
"Continuous asphalt network",324,-243.441345,-6.67318964,68.5903,23.128,0.000295749865
"Continuous asphalt network",325,-210.636917,-6.68641472,49.70283,46.256916,0.000443622732
"Continuous asphalt network",326,-227.657166,-6.679293,60.75581,23.12866,0.0006821641
"Continuous asphalt network",327,-219.76506,-6.682345,56.838562,23.1284218,0.0002958414
"Continuous asphalt network",328,-205.335861,-6.68844938,48.374115,46.256382,0.000466568017
"Continuous asphalt network",329,-197.443771,-6.691501,44.45686,46.2566452,0.000295748847
"Continuous asphalt network",330,-138.866348,-6.691501,18.7744045,27.0916176,0.0008812501
"Continuous asphalt network",331,-152.25592,-6.692518,26.7197876,13.5456381,0
"Continuous asphalt network",332,-143.010666,-6.691501,22.1329041,13.5457325,0.000197275964
"Continuous asphalt network",333,-124.520119,-6.67101526,12.9591217,13.5460968,0.0103560332
"Continuous asphalt network",334,-112.843964,-6.469808,7.49178553,6.77292728,0.09035398
"Continuous asphalt network",335,-118.801636,-6.64244461,9.95918751,3.38651371,0.01740998
"Continuous asphalt network",336,-115.394447,-6.58121729,8.105972,1.693195,0.0311179571
"Continuous asphalt network",337,-117.825356,-6.631554,8.986424,1.69320107,0.0222202446
"Continuous asphalt network",338,-129.621078,-6.68417358,14.1875048,27.0914974,0.00161168794
"Continuous asphalt network",339,-157.83519,-6.692518,26.8831272,54.1827164,0
"Continuous asphalt network",340,-144.206467,-6.692518,19.4702663,27.0918236,0
"Continuous asphalt network",341,-153.930054,-6.692518,22.9921055,27.0918674,0
"Continuous asphalt network",342,-148.185684,-5.07193565,50.79248,6.0994916,0
"Continuous asphalt network",343,-120.388329,-5.08034,37.29625,21.7184677,0.00170621963
"Continuous asphalt network",344,-112.715248,-5.11622334,30.5616913,5.42959833,0.0105218105
"Continuous asphalt network",345,-108.147736,-5.217493,26.4742222,2.71483254,0.0310423225
"Continuous asphalt network",346,-111.434944,-5.140299,28.8876133,2.714841,0.017334573
"Continuous asphalt network",347,-117.827705,-5.09010744,33.94809,10.8591747,0.005554308
"Continuous asphalt network",348,-130.976547,-5.072953,43.601696,10.859251,0.000249618752
"Continuous asphalt network",349,-137.55098,-5.07193565,48.42851,10.8592129,0
"Continuous asphalt network",350,-126.962738,-5.07325125,42.12305,21.7185059,0.000633422052
"Continuous asphalt network",351,-111.262047,-5.09751844,32.4311829,10.8591509,0.007785142
"Continuous asphalt network",352,-107.602783,-5.20371437,27.1752872,5.429598,0.0321051031
"Continuous asphalt network",353,-110.526695,-5.12354326,30.0560551,5.429598,0.0182618219
"Continuous asphalt network",354,-116.011208,-5.08043051,36.284977,21.71833,0.00516342558
"Continuous asphalt network",355,-104.687622,-5.182036,27.6044,21.7182655,0.0400100052
"Continuous asphalt network",356,-106.884926,-5.09588432,31.4199123,21.7182655,0.0123153673
"Continuous asphalt network",357,-52.02945,-5.052812,-16.3804474,55.8897438,0.0164054241
"Continuous asphalt network",358,-102.102409,-6.08387,3.843979,12.7546759,0.04352559
"Continuous asphalt network",359,-98.3544846,-5.894989,6.05225134,6.377315,0.05079375
"Continuous asphalt network",360,-99.45953,-5.9737916,3.88865161,6.37737465,0.04005723
"Continuous asphalt network",361,-97.96894,-5.69915,11.51595,25.0297661,0.0468532667
"Continuous asphalt network",362,-58.295002,-5.071615,2.871053,37.5218849,0.00102620688
"Continuous asphalt network",363,-68.7743759,-5.07505274,11.1029816,37.52194,0.001038825
"Continuous asphalt network",364,-50.9216,-5.070292,0.261683136,75.04372,0.000704493432
"Continuous asphalt network",365,0.2826322,-3.72551417,-41.9673729,16.55918,0.03899121
"Continuous asphalt network",366,-2.43422055,-3.908017,-38.8288078,8.279577,0.04260418
"Continuous asphalt network",367,-0.0225003567,-3.815489,-38.9059868,8.279594,0.05663739
"Continuous asphalt network",368,20.3762188,-2.733081,-22.37179,8.508479,0.03509743
"Continuous asphalt network",369,24.4938354,-2.530782,-19.0774384,4.25424,0.05559865
"Continuous asphalt network",370,22.4319,-2.67961812,-21.6454983,4.25424862,0.0358389951
"Continuous asphalt network",371,17.7956638,-2.86229777,-26.5027714,17.0170612,0.0232143626
"Continuous asphalt network",372,23.4753876,-2.50048256,-16.6779118,17.0170555,0.04954892
"Continuous asphalt network",373,20.3887386,-2.64438128,-18.6882324,17.0170174,0.0290581323
"Continuous asphalt network",374,12.6408043,-3.093335,-32.9229469,8.5085535,0.0391116031
"Continuous asphalt network",375,10.0602484,-3.27840734,-37.05392,4.25430536,0.05152515
"Continuous asphalt network",376,11.09748,-3.1788187,-33.9281,4.25428724,0.0627811
"Continuous asphalt network",377,6.96733475,-3.44151759,-40.9060364,4.25424242,0.0520388931
"Continuous asphalt network",378,4.90539551,-3.4978497,-43.47411,4.254293,0.0215671565
"Continuous asphalt network",379,8.779362,-3.34672,-36.35674,2.12710667,0.0589624941
"Continuous asphalt network",380,10.3289452,-3.21786237,-33.5097923,2.127111,0.0693182051
"Continuous asphalt network",381,8.516921,-3.36834049,-38.059082,4.25424576,0.05916508
"Continuous asphalt network",382,15.7462378,-2.87212276,-25.3872776,34.034256,0.0338909142
"Continuous asphalt network",383,16.3466568,-3.064678,-58.6744232,30.2003384,0.0246909261
"Continuous asphalt network",384,84.24198,-0.8900611,-91.23968,33.59378,0.0294562615
"Continuous asphalt network",385,67.09493,-1.44095361,-82.60417,16.79683,0.0296234079
"Continuous asphalt network",386,78.86555,-1.0749203,-87.6612854,16.7967968,0.0275765266
"Continuous asphalt network",387,50.2023125,-2.01287532,-73.4437256,16.7971439,0.0301522017
"Continuous asphalt network",388,35.99791,-2.497926,-66.07247,4.19911957,0.0310387667
"Continuous asphalt network",389,27.4879971,-2.77579236,-61.6234741,2.099578,0.0246859435
"Continuous asphalt network",390,33.2460823,-2.597635,-64.4145,2.099578,0.03134247
"Continuous asphalt network",391,44.698658,-2.20568585,-70.1277847,8.398238,0.030146718
"Continuous asphalt network",392,67.7310257,-1.440959,-81.29188,8.398544,0.0295968112
"Continuous asphalt network",393,79.2472,-1.0750109,-86.87391,8.398533,0.02759778
"Continuous asphalt network",394,61.71849,-1.63041461,-79.02578,16.797142,0.029618606
"Continuous asphalt network",395,95.42618,-0.625183642,-95.33563,6.97524261,0.01738595
"Continuous asphalt network",396,100.0882,-0.5510549,-97.88686,6.97523546,0.0111811422
"Continuous asphalt network",397,92.5350952,-0.663638353,-95.08346,13.9503326,0.0175316371
"Continuous asphalt network",398,109.944641,-2.01999187,-74.08279,18.539732,0
"Continuous asphalt network",399,75.16006,-2.038256,-48.37236,13.6216545,0.004445708
"Continuous asphalt network",400,67.59243,-2.07113814,-41.77786,13.6216373,0.006494366
"Continuous asphalt network",401,79.75756,-2.029806,-50.7787,27.2429829,0.00128792354
"Continuous asphalt network",402,92.7364,-2.02100921,-58.8886223,13.621582,0.000202740892
"Continuous asphalt network",403,101.117729,-2.01999187,-64.5922,13.62158,0
"Continuous asphalt network",404,87.73203,-2.02288079,-56.9277458,27.2429371,0.0007322683
"Continuous asphalt network",405,66.37188,-2.07829952,-43.1142464,27.2433338,0.006257795
"Continuous asphalt network",406,73.93951,-2.04541755,-49.70875,27.24337,0.00408456568
"Continuous asphalt network",407,63.2594261,-2.10360432,-42.802002,27.24319,0.010459248
"Continuous asphalt network",408,58.6619148,-2.16724563,-40.39566,27.2432213,0.02171374
"Continuous asphalt network",409,121.001793,-2.01999187,-70.6229858,55.16553,0
"Continuous asphalt network",410,134.809326,-2.01847959,-77.0913544,27.58282,0.000832159247
"Continuous asphalt network",411,125.487091,-2.01897454,-74.4999,27.5827656,0.000788147736
"Continuous asphalt network",412,148.528931,-2.01130366,-84.8503342,27.583168,0.00231907447
"Continuous asphalt network",413,160.00589,-1.98514688,-90.67087,6.89574146,0.0187805984
"Continuous asphalt network",414,166.8877,-1.83624613,-94.2277,3.4477272,0.07014336
"Continuous asphalt network",415,162.270523,-1.95429134,-92.28668,3.44774914,0.0692988038
"Continuous asphalt network",416,153.058182,-1.99535942,-88.08197,13.7914505,0.01846197
"Continuous asphalt network",417,139.250656,-2.01499772,-81.61359,27.5832233,0.00232479023
"Continuous asphalt network",418,125.355225,-2.01795745,-76.43581,13.7916794,0.000214682965
"Continuous asphalt network",419,134.677444,-2.01746249,-79.02726,13.791707,0.000110226065
"Continuous asphalt network",420,256.5049,-0.3620999,44.09541,0.05032118,0.0252184812
"Continuous asphalt network",421,174.070557,-1.30614948,-100.604553,2.27142763,0.0887202844
"Continuous asphalt network",422,168.5034,0.5787758,-118.276367,6.39709234,0.09597865
"Continuous asphalt network",423,167.717239,0.784139335,-120.689232,6.39713144,0.08764293
"Continuous asphalt network",424,166.728928,1.14262736,-125.530724,3.198593,0.06266094
"Continuous asphalt network",425,165.841675,1.31451452,-129.157913,1.59929669,0.0480845124
"Continuous asphalt network",426,166.043808,1.198774,-126.729309,1.59929645,0.06370141
"Continuous asphalt network",427,166.7401,0.8636389,-121.879944,6.39721346,0.0871464238
"Continuous asphalt network",428,167.54863,-0.0527797751,-112.165489,6.39724,0.101165026
"Continuous asphalt network",429,167.660889,-0.607157,-107.300377,1.59931159,0.131391212
"Continuous asphalt network",430,167.863037,-0.906006157,-104.871765,1.59929824,0.116214231
"Continuous asphalt network",431,168.14386,-0.454747766,-108.530426,3.19860077,0.125291258
"Continuous asphalt network",432,168.514572,0.2032004,-114.62558,12.7941875,0.106576726
"Continuous asphalt network",433,167.301773,1.36307871,-129.19725,6.39712143,0.05515865
"Continuous asphalt network",434,168.087952,1.25988615,-126.78437,6.39712048,0.07191887
"Continuous asphalt network",435,169.244827,1.50669825,-130.46666,12.7942333,0.07070607
"Continuous asphalt network",436,169.267227,1.04252088,-123.165062,6.39712238,0.09421197
"Continuous asphalt network",437,170.053391,0.837157249,-120.7522,6.39708328,0.100499138
"Continuous asphalt network",438,170.4241,1.342061,-126.847328,12.7943277,0.07108767
"Continuous asphalt network",439,149.830673,-2.03283668,11.63535,49.36641,0.00079793745
"Continuous asphalt network",440,169.615158,-2.02100921,23.3288116,60.24237,0.000177302121
"Continuous asphalt network",441,183.871262,-2.01999187,15.7345228,70.23425,0
"Continuous asphalt network",442,175.566162,-2.02075768,0.536031067,22.9026318,0.000420776836
"Continuous asphalt network",443,126.711327,-2.02411056,-17.0017338,37.37893,0.0002888609
"Continuous asphalt network",444,133.352661,-2.03021431,-4.40570068,37.3790245,0.0005730418
"Continuous asphalt network",445,125.454674,-2.02207565,-24.38801,74.758194,0.000292672543
"Continuous asphalt network",446,95.75363,-2.10868835,29.3897648,24.538084,0.000689209264
"Continuous asphalt network",447,56.8438759,-2.13259959,-33.4481926,9.541697,0.0167761184
"Continuous asphalt network",448,53.906353,-2.16436577,-33.8143044,4.77084827,0.0329017974
"Continuous asphalt network",449,54.83904,-2.13142228,-32.25442,4.770831,0.0110145705
"Continuous asphalt network",450,57.4736633,-2.11578465,-30.1215,19.0832767,0.001814707
"Continuous asphalt network",451,60.2717247,-2.11578465,-25.4418545,38.1666069,0.00181470136
"Continuous asphalt network",452,68.3630142,-2.11155033,-9.636067,38.1666451,0
"Continuous asphalt network",453,63.3726921,-2.11578465,-22.5290012,38.1664734,0.0006254508
"Continuous asphalt network",454,46.0783119,-2.527114,-44.30823,16.3664856,0.03220236
"Continuous asphalt network",455,40.5879364,-2.69676518,-47.2627144,16.3663979,0.02546925
"Continuous asphalt network",456,32.35237,-2.82700562,-51.69444,32.7327423,0.0121163651
"Continuous asphalt network",457,45.44547,-2.52730727,-42.6614838,32.73291,0.0290579814
"Continuous asphalt network",458,50.5139465,-2.33546138,-38.60916,32.73299,0.0344467573
"Continuous asphalt network",459,19.759428,-2.9958384,-54.4963722,37.9993172,0.02544622
"Continuous asphalt network",460,28.0147648,-2.888471,-48.72914,18.9996529,0.00927347
"Continuous asphalt network",461,24.2515259,-2.90693164,-53.4039421,18.9997082,0.0100317085
"Continuous asphalt network",462,35.9819145,-2.81458282,-44.441864,9.499878,0.0221832246
"Continuous asphalt network",463,39.1687775,-2.72172737,-42.7269478,9.499862,0.042134095
"Continuous asphalt network",464,46.4833069,-2.45074368,-38.1284142,9.499866,0.0362786651
"Continuous asphalt network",465,41.4148254,-2.64258957,-42.1807365,9.499842,0.0300338417
"Continuous asphalt network",466,33.15948,-2.83947825,-47.9479637,18.9997425,0.0212624576
"Continuous asphalt network",467,26.20938,-2.88747382,-54.3376732,9.499801,0.0101063615
"Continuous asphalt network",468,29.97262,-2.869013,-49.6628723,9.499773,0.009371055
"Continuous asphalt network",469,88.36572,-2.6989336,99.22263,4.17884159,0.104537152
"Continuous asphalt network",470,86.1612,-2.74710584,97.45661,4.178962,0.09556604
"Continuous asphalt network",471,82.91755,-3.16839814,100.15683,8.579926,0.101113692
"Continuous asphalt network",472,82.80956,-3.05643153,97.62153,8.579912,0.113210909
"Continuous asphalt network",473,79.91549,-3.47415829,100.300667,17.1599026,0.114359528
"Continuous asphalt network",474,73.96537,-4.168544,101.855988,8.579951,0.121531144
"Continuous asphalt network",475,70.25327,-4.635158,102.986534,2.14503,0.120406076
"Continuous asphalt network",476,68.0287247,-4.89597273,103.728241,1.07245588,0.09504504
"Continuous asphalt network",477,69.52974,-4.743158,103.656319,1.07247031,0.11795669
"Continuous asphalt network",478,72.51832,-4.389175,103.195557,4.290043,0.118841439
"Continuous asphalt network",479,78.4954453,-3.710996,102.274055,17.159935,0.110026114
"Continuous asphalt network",480,60.6990471,-5.06158,108.20768,34.3194046,0.008350517
"Continuous asphalt network",481,68.5355759,-4.99510336,106.800163,0.5362385,0.103524849
"Continuous asphalt network",482,68.68778,-4.964514,105.959282,0.2681399,0.167324126
"Continuous asphalt network",483,68.3293839,-5.01824236,106.373383,0.2681374,0.1164624
"Continuous asphalt network",484,67.43341,-5.07193565,107.408653,0.536266863,0
"Continuous asphalt network",485,68.1771851,-5.034386,107.214256,0.5362511,0.09995085
"Continuous asphalt network",486,69.65123,-4.847885,106.508537,2.14501619,0.123866782
"Continuous asphalt network",487,67.53164,-5.04918051,105.30014,0.2681257,0.08349631
"Continuous asphalt network",488,67.17325,-5.07167053,105.714264,0.268143356,0.00121840055
"Continuous asphalt network",489,68.0962143,-4.99545145,105.3128,0.536236942,0.145179242
"Continuous asphalt network",490,66.94009,-5.03909,104.653687,0.536237836,0.062079
"Continuous asphalt network",491,66.78787,-5.07193565,105.494568,0.2681162,0
"Continuous asphalt network",492,67.14626,-5.04944563,105.080444,0.268098563,0.0837240741
"Continuous asphalt network",493,67.03453,-5.07193565,106.872047,1.072482,0
"Continuous asphalt network",494,67.94401,-5.05726,106.153656,0.2681115,0.07583694
"Continuous asphalt network",495,68.30241,-5.003531,105.739555,0.26811403,0.1481808
"Continuous asphalt network",496,67.37943,-5.07167053,106.141022,0.536246,0.0009869253
"Continuous asphalt network",497,72.62629,-4.47463,105.730873,4.289925,0.11647521
"Continuous asphalt network",498,69.58375,-4.793443,104.923973,1.07250917,0.132651836
"Continuous asphalt network",499,67.68384,-4.967386,104.459267,0.5362479,0.1575978
"Continuous asphalt network",500,68.4546,-4.92401266,104.898682,0.5362546,0.131566823
"Continuous asphalt network",501,70.3680038,-4.73237562,105.68029,2.144971,0.129297361
"Continuous asphalt network",502,75.57436,-4.10682631,104.319389,17.16033,0.107912116
"Continuous asphalt network",503,43.0106544,-5.07193565,116.676613,34.31966,0
"Continuous asphalt network",504,25.2952423,-5.07193565,124.511688,17.1588421,0
"Continuous asphalt network",505,37.1415062,-5.07193565,120.133385,17.1589146,0
"Continuous asphalt network",506,54.88391,-5.07193565,112.932129,34.31966,0
"Continuous asphalt network",507,67.511055,-5.07193565,109.230927,0.536266744,0
"Continuous asphalt network",508,68.25144,-5.035101,108.957283,0.536267936,0.0980478749
"Continuous asphalt network",509,67.1138458,-5.07193565,108.73391,1.07253194,0
"Continuous asphalt network",510,69.73221,-4.872682,108.409966,1.07254219,0.114125982
"Continuous asphalt network",511,68.21769,-5.033342,108.164986,0.268104941,0.102731004
"Continuous asphalt network",512,67.46379,-5.07193565,108.121727,0.2681185,0
"Continuous asphalt network",513,68.60813,-4.996507,108.503532,0.5362638,0.101097651
"Continuous asphalt network",514,72.69378,-4.518843,107.315407,2.14485431,0.113460615
"Continuous asphalt network",515,70.45237,-4.78125048,107.660957,1.07243431,0.1203366
"Continuous asphalt network",516,68.57777,-4.995385,107.790466,0.268107116,0.101559617
"Continuous asphalt network",517,67.45367,-5.07193565,107.884033,0.134094015,0
"Continuous asphalt network",518,68.2075653,-5.033342,107.9273,0.13408722,0.102730565
"Continuous asphalt network",519,69.71197,-4.87156,107.934593,0.5362218,0.113103643
"Continuous asphalt network",520,78.6169052,-3.81681728,105.126289,4.28992271,0.10862346
"Continuous asphalt network",521,74.1543045,-4.32732534,106.292786,2.14494181,0.116719536
"Continuous asphalt network",522,70.42874,-4.77271032,107.106392,0.5362607,0.123878427
"Continuous asphalt network",523,68.56595,-4.996429,107.513191,0.134040579,0.1011896
"Continuous asphalt network",524,67.4486,-5.07193565,107.765175,0.06703188,0
"Continuous asphalt network",525,68.19576,-5.033979,107.649994,0.06702909,0.101032488
"Continuous asphalt network",526,69.6883545,-4.86752558,107.380035,0.268079668,0.121717259
"Continuous asphalt network",527,72.67354,-4.509896,106.840057,1.07250607,0.114036083
"Continuous asphalt network",528,60.78003,-5.07193565,110.109154,17.1601715,0
"Continuous asphalt network",529,7.633831,-5.07193565,133.614456,34.31992,0
"Continuous asphalt network",530,-10.0815725,-5.07193565,141.44957,17.1599617,0
"Continuous asphalt network",531,1.7646904,-5.07193565,137.071259,17.1599312,0
"Continuous asphalt network",532,-27.7699642,-5.07193565,149.9185,17.1595459,0
"Continuous asphalt network",533,-45.4718437,-5.07193565,158.07048,8.579787,0
"Continuous asphalt network",534,-33.6525879,-5.07193565,153.058365,8.579773,0
"Continuous asphalt network",535,-15.9371939,-5.07193565,145.223282,17.1596184,0
"Continuous asphalt network",536,1.80520761,-5.07193565,138.021988,8.580152,0
"Continuous asphalt network",537,-10.0410547,-5.07193565,142.400314,8.580167,0
"Continuous asphalt network",538,19.4936028,-5.07193565,129.553085,34.3198738,0
"Continuous asphalt network",539,37.249485,-5.07193565,122.668709,17.1603584,0
"Continuous asphalt network",540,25.3762417,-5.07193565,126.413185,17.1603756,0
"Continuous asphalt network",541,54.97838,-5.060152,115.150513,17.159977,0.00196037744
"Continuous asphalt network",542,67.1805,-5.055539,110.298668,0.5362501,0.0375060029
"Continuous asphalt network",543,68.29529,-5.02920866,109.987236,0.268104166,0.104216479
"Continuous asphalt network",544,67.5431,-5.06732273,109.983582,0.268103868,0.0291196834
"Continuous asphalt network",545,69.77268,-4.87731457,109.360718,0.5362124,0.10967622
"Continuous asphalt network",546,68.65452,-4.996447,109.592934,0.2681042,0.100357845
"Continuous asphalt network",547,67.53298,-5.07193565,109.745911,0.134051949,0
"Continuous asphalt network",548,68.2851639,-5.03382158,109.749565,0.1340521,0.101455092
"Continuous asphalt network",549,72.72751,-4.53573227,108.107689,1.07241333,0.111276716
"Continuous asphalt network",550,70.5012741,-4.79353857,108.809776,0.5362103,0.109945476
"Continuous asphalt network",551,68.64271,-4.997558,109.315643,0.134071961,0.0998659655
"Continuous asphalt network",552,67.527916,-5.07193565,109.627075,0.0670286343,0
"Continuous asphalt network",553,68.27335,-5.034561,109.472282,0.06702871,0.09948289
"Continuous asphalt network",554,69.7625656,-4.8784256,109.123039,0.268140316,0.10967993
"Continuous asphalt network",555,77.15975,-3.99937749,106.228157,1.07243526,0.113889866
"Continuous asphalt network",556,80.11457,-3.65090728,104.975128,1.07247818,0.153617442
"Continuous asphalt network",557,74.1948,-4.35293674,107.243492,1.07242715,0.111830145
"Continuous asphalt network",558,70.48948,-4.78901434,108.532471,0.268179476,0.111190908
"Continuous asphalt network",559,68.63682,-4.998098,109.176994,0.06702479,0.09951014
"Continuous asphalt network",560,67.52538,-5.07193565,109.567657,0.0335076228,0
"Continuous asphalt network",561,68.2674561,-5.03493261,109.333626,0.033509057,0.09850747
"Continuous asphalt network",562,69.75077,-4.87583637,108.845741,0.134051234,0.114696428
"Continuous asphalt network",563,72.71739,-4.53103971,107.869995,0.536358654,0.111277215
"Continuous asphalt network",564,60.8745232,-5.060152,112.327538,8.579956,0.0390265658
"Continuous asphalt network",565,43.118618,-5.07193565,119.211876,17.1600246,0
"Continuous asphalt network",566,25.3357334,-5.07193565,125.46241,8.580681,0
"Continuous asphalt network",567,37.20898,-5.07193565,121.717934,8.580673,0
"Continuous asphalt network",568,-148.668671,-5.07193565,52.3665352,6.099879,0
"Continuous asphalt network",569,-147.33725,-5.07193565,57.38869,53.16111,0
"Continuous asphalt network",570,-141.550613,-5.07193565,70.85226,26.5802422,0
"Continuous asphalt network",571,-143.671112,-5.07193565,61.83549,26.5802422,0
"Continuous asphalt network",572,-134.461,-5.07193565,84.28503,26.580862,0
"Continuous asphalt network",573,-128.022873,-5.07193565,97.7331848,13.2899857,0
"Continuous asphalt network",574,-131.44632,-5.07193565,88.74722,13.2900457,0
"Continuous asphalt network",575,-137.233,-5.07193565,75.28365,26.5808926,0
"Continuous asphalt network",576,-141.716721,-5.07193565,61.7892952,13.2903,0
"Continuous asphalt network",577,-139.5962,-5.07193565,70.80606,13.2903,0
"Continuous asphalt network",578,-120.281837,-5.07193565,111.150551,26.5805035,0
"Continuous asphalt network",579,-113.843719,-5.07193565,124.598694,13.29038,0
"Continuous asphalt network",580,-117.267181,-5.07193565,115.61274,13.2903481,0
"Continuous asphalt network",581,-106.754128,-5.07193565,138.031448,13.2898111,0
"Continuous asphalt network",582,-99.9902954,-5.07193565,151.471909,6.645165,0
"Continuous asphalt network",583,-104.065216,-5.07193565,142.501328,6.64515066,0
"Continuous asphalt network",584,-110.503319,-5.07193565,129.053177,13.2897949,0
"Continuous asphalt network",585,-116.28997,-5.07193565,115.589638,6.64526224,0
"Continuous asphalt network",586,-112.866508,-5.07193565,124.575592,6.645278,0
"Continuous asphalt network",587,-123.379555,-5.07193565,102.156883,26.5804749,0
"Continuous asphalt network",588,-128.840485,-5.07193565,88.6856155,13.2902374,0
"Continuous asphalt network",589,-126.068489,-5.07193565,97.68698,13.2902374,0
"Continuous asphalt network",590,-134.952866,-5.07193565,75.22977,13.2899923,0
"Continuous asphalt network",591,-140.739517,-5.07193565,61.7662048,6.644969,0
"Continuous asphalt network",592,-137.316055,-5.07193565,70.7521744,6.64498425,0
"Continuous asphalt network",593,-131.855133,-5.07193565,84.22344,13.2900219,0
"Continuous asphalt network",594,-127.045685,-5.07193565,97.71008,6.64500761,0
"Continuous asphalt network",595,-129.817673,-5.07193565,88.70872,6.64500761,0
"Continuous asphalt network",596,96.79502,-2.7336874,110.756065,14.8777142,0.0231654011
"Continuous asphalt network",597,93.26016,-2.6727345,104.588646,7.438851,0.0449947044
"Continuous asphalt network",598,93.9051743,-2.72755551,107.5846,7.43890953,0.0223817155
"Continuous asphalt network",599,96.47886,-2.759697,114.413277,29.755394,0.00403246935
"Continuous asphalt network",600,257.284821,-0.329729021,46.37395,1.8565501,0.0251177624
"Continuous asphalt network",601,258.434082,-0.2620725,63.6187134,13.9857941,0
"Continuous asphalt network",602,255.220642,-0.2643413,56.011364,4.27068424,0.002475298
"Continuous asphalt network",603,253.562759,-0.293412149,54.7704659,4.27067041,0.0305070374
"Continuous asphalt network",604,255.44548,-0.2643413,58.46941,8.541303,0.00231216173
"Continuous asphalt network",605,257.257782,-0.2648194,52.9566345,8.541134,0.00279945624
"Continuous asphalt network",606,254.732376,-0.266440332,52.78371,2.13531137,0.00287594274
"Continuous asphalt network",607,253.601379,-0.292764276,53.08205,2.13531137,0.0469557829
"Continuous asphalt network",608,255.824753,-0.2648194,54.17378,4.27063656,0.002996958
"Continuous asphalt network",609,262.0332,2.20107484,-39.71484,20.790596,0.0359237641
"Continuous asphalt network",610,260.0951,2.430398,-45.78744,5.19771576,0.03391346
"Continuous asphalt network",611,258.843719,2.56146526,-48.51643,5.19767475,0.0538069867
"Continuous asphalt network",612,259.591461,2.33985162,-43.19369,10.3954449,0.039137233
"Continuous asphalt network",613,261.02594,2.02578187,-34.5273438,41.5814934,0.03435972
"Continuous asphalt network",614,260.384827,1.47075689,-17.4651489,41.5811424,0.03231733
"Continuous asphalt network",615,262.399353,1.799901,-27.8401337,41.5813637,0.03215232
"Continuous asphalt network",616,261.117218,0.724375069,6.28429651,41.5816727,0.0302571934
"Continuous asphalt network",617,261.1019,0.1795639,24.7110081,10.3950491,0.0300217252
"Continuous asphalt network",618,261.094177,-0.0947443,33.9243355,2.5987525,0.0315725319
"Continuous asphalt network",619,261.12085,-0.220763147,39.5205727,1.29924667,0.01169146
"Continuous asphalt network",620,261.3116,-0.157533273,36.24458,1.29928148,0.0430275947
"Continuous asphalt network",621,261.536774,0.0439793877,29.35147,5.19752455,0.0299485084
"Continuous asphalt network",622,261.987061,0.447916418,15.5652771,20.790184,0.02883459
"Continuous asphalt network",623,262.506042,1.08390009,-5.45519,41.5815773,0.0318680145
"Continuous asphalt network",624,264.2764,1.66555941,-23.7466583,20.790905,0.03174852
"Continuous asphalt network",625,262.261871,1.33641529,-13.3716736,20.7907944,0.03193565
"Continuous asphalt network",626,321.513763,0.355438,-5.297821,23.3627644,0.00087938935
"Continuous asphalt network",627,332.6466,0.354991674,-12.7574873,11.6817112,0.0009870876
"Continuous asphalt network",628,324.84964,0.356008917,-8.465749,11.6816282,0.0009838407
"Continuous asphalt network",629,309.2557,0.359363317,0.117741905,11.6814146,0.0018870373
"Continuous asphalt network",630,301.4587,0.38199082,4.40947962,11.6813993,0.00510071963
"Continuous asphalt network",631,313.716766,0.356858969,-1.00607812,23.36283,0.0008957099
"Continuous asphalt network",632,337.670258,0.354420751,-12.8592329,46.72554,0
"Continuous asphalt network",633,326.256134,0.354420751,-5.91057825,23.3628483,0
"Continuous asphalt network",634,334.615662,0.354420751,-9.180252,23.3628788,0
"Continuous asphalt network",635,262.066925,2.45744538,-57.2531548,2.323362,0.0140599534
"Continuous asphalt network",636,260.7199,2.47389245,-57.3759422,0.580885351,0.0276060663
"Continuous asphalt network",637,259.901581,2.516588,-57.4026222,0.2903941,0.121264152
"Continuous asphalt network",638,260.379547,2.487028,-57.0715752,0.29039526,0.03244331
"Continuous asphalt network",639,261.386261,2.47505164,-56.64443,1.16169393,0.0314753
"Continuous asphalt network",640,263.399628,2.45191026,-55.79009,4.6466856,0.0223055631
"Continuous asphalt network",641,261.1395,2.45381,-60.5957642,4.64680672,0.007461452
"Continuous asphalt network",642,260.2562,2.467262,-59.04726,1.16169393,0.0286014024
"Continuous asphalt network",643,259.7639,2.51301217,-58.03804,0.58080864,0.119790584
"Continuous asphalt network",644,260.343231,2.47138119,-58.1768837,0.5808992,0.0214301441
"Continuous asphalt network",645,261.313538,2.45216727,-58.85504,2.323362,0.009311365
"Continuous asphalt network",646,259.8223,2.64450669,-54.4871635,1.1616919,0.143560544
"Continuous asphalt network",647,260.77832,2.56000543,-53.8250465,1.16168952,0.07560682
"Continuous asphalt network",648,259.5976,2.61424732,-55.9929543,0.290397137,0.23044914
"Continuous asphalt network",649,260.075623,2.55027032,-55.6618919,0.2904041,0.138592109
"Continuous asphalt network",650,259.5106,2.5749,-56.8632965,0.290439844,0.154541031
"Continuous asphalt network",651,259.409271,2.62453246,-56.3934059,0.2904104,0.237095714
"Continuous asphalt network",652,259.2066,2.72976851,-55.4536476,0.290439665,0.243681133
"Continuous asphalt network",653,258.960419,2.78531742,-54.94905,0.145205289,0.08400069
"Continuous asphalt network",654,259.2501,2.740505,-55.0184669,0.145223618,0.232844159
"Continuous asphalt network",655,259.829468,2.60387254,-55.1573067,0.145223841,0.209647015
"Continuous asphalt network",656,260.1191,2.563772,-55.2267151,0.145214677,0.065685384
"Continuous asphalt network",657,259.496277,2.65896821,-55.5230751,0.29042995,0.2318353
"Continuous asphalt network",658,259.228638,2.68246818,-53.0080452,0.5808587,0.086343646
"Continuous asphalt network",659,258.902618,2.736432,-54.0439568,0.290433437,0.08803125
"Continuous asphalt network",660,258.8013,2.722246,-53.5740471,0.290441,0.0878343359
"Continuous asphalt network",661,258.837677,2.702796,-52.4687462,1.16168034,0.0755038559
"Continuous asphalt network",662,260.575653,2.58842754,-52.88527,1.16169631,0.0477419533
"Continuous asphalt network",663,259.4313,2.69046187,-53.94785,0.580871165,0.108308241
"Continuous asphalt network",664,259.807983,2.6339705,-53.1468964,0.5808447,0.0831746459
"Continuous asphalt network",665,262.994324,2.485144,-53.9105225,4.646834,0.0296116918
"Continuous asphalt network",666,261.183624,2.50233817,-55.70463,1.161731,0.0383711159
"Continuous asphalt network",667,260.278259,2.503377,-56.60168,0.290445328,0.0446006842
"Continuous asphalt network",668,259.800262,2.532937,-56.9327278,0.290444165,0.128827065
"Continuous asphalt network",669,260.415955,2.5175283,-55.9662476,0.580873966,0.039879676
"Continuous asphalt network",670,261.458984,2.51796556,-54.43379,2.32342219,0.0340595
"Continuous asphalt network",671,258.879425,2.50535941,-65.40145,4.64675951,0.0225962
"Continuous asphalt network",672,258.4741,2.48824716,-63.5218773,4.646911,0.0238995831
"Continuous asphalt network",673,256.995972,2.55412126,-69.40621,4.64667559,0.0315311663
"Continuous asphalt network",674,257.242737,2.57430935,-65.45484,0.5808524,0.09355863
"Continuous asphalt network",675,256.82254,2.59995675,-66.69097,0.290432841,0.132902011
"Continuous asphalt network",676,256.909576,2.6102457,-65.82061,0.2904262,0.135701731
"Continuous asphalt network",677,257.228424,2.53888416,-64.1145859,1.16173816,0.112751894
"Continuous asphalt network",678,257.546722,2.54570746,-66.8645248,2.32336068,0.0341260955
"Continuous asphalt network",679,258.467529,2.657459,-58.3957825,0.290415645,0.168209836
"Continuous asphalt network",680,258.945557,2.612918,-58.06473,0.2904299,0.222025588
"Continuous asphalt network",681,258.329865,2.61646485,-59.031208,0.580887556,0.157670468
"Continuous asphalt network",682,258.123627,2.77748084,-57.75636,0.0363006964,0.214539
"Continuous asphalt network",683,257.919037,2.78947425,-57.76303,0.018149104,0.188044146
"Continuous asphalt network",684,258.038544,2.79793,-57.6802673,0.0181560088,0.13556689
"Continuous asphalt network",685,258.290222,2.75784326,-57.5734825,0.07260314,0.233129144
"Continuous asphalt network",686,257.995026,2.75042748,-58.1154633,0.018155504,0.1735354
"Continuous asphalt network",687,258.114532,2.75380731,-58.0326958,0.0181563757,0.217590973
"Continuous asphalt network",688,257.960632,2.73189521,-58.2743073,0.0363117345,0.09650319
"Continuous asphalt network",689,257.8846,2.765645,-57.92189,0.03629893,0.1929056
"Continuous asphalt network",690,258.0892,2.769927,-57.91521,0.0181553215,0.2159389
"Continuous asphalt network",691,257.9697,2.7665472,-57.997982,0.0181544516,0.17258583
"Continuous asphalt network",692,257.8304,2.810507,-57.3518944,0.145216614,0.128203377
"Continuous asphalt network",693,258.239563,2.791381,-57.3385468,0.072608605,0.256142765
"Continuous asphalt network",694,258.013184,2.80689144,-57.5628052,0.0181494858,0.127566248
"Continuous asphalt network",695,257.8937,2.79843545,-57.64557,0.01814258,0.187904522
"Continuous asphalt network",696,258.047638,2.81997967,-57.40396,0.0363040119,0.166337132
"Continuous asphalt network",697,258.844238,2.66427016,-57.59485,0.2904387,0.1727641
"Continuous asphalt network",698,258.3662,2.708811,-57.9259,0.2904245,0.11103335
"Continuous asphalt network",699,257.8155,2.52632165,-60.46759,0.290429771,0.0525379665
"Continuous asphalt network",700,257.594666,2.50941372,-60.0804634,0.07260529,0.300102979
"Continuous asphalt network",701,257.544,2.49799514,-59.84552,0.07261076,0.202933639
"Continuous asphalt network",702,257.9061,2.56157136,-59.9322777,0.0363034457,0.133863658
"Continuous asphalt network",703,258.0509,2.5627203,-59.96699,0.0363088362,0.146552652
"Continuous asphalt network",704,257.739471,2.53931975,-60.11516,0.0725848,0.108742185
"Continuous asphalt network",705,257.388123,2.48793435,-61.03358,0.5808642,0.0817603245
"Continuous asphalt network",706,257.6492,2.669832,-58.42248,0.58086133,0.211528018
"Continuous asphalt network",707,257.8012,2.60993981,-59.12733,0.290459245,0.18719247
"Continuous asphalt network",708,258.034668,2.59947,-59.5731926,0.0181493163,0.0976593941
"Continuous asphalt network",709,257.9152,2.58686233,-59.65596,0.0181522965,0.220493123
"Continuous asphalt network",710,258.069122,2.61238,-59.41435,0.0362961143,0.141008988
"Continuous asphalt network",711,258.1451,2.57426929,-59.766758,0.0363047943,0.121249847
"Continuous asphalt network",712,257.940521,2.57644677,-59.7734261,0.0181509275,0.221182838
"Continuous asphalt network",713,258.060028,2.58905435,-59.69066,0.01814795,0.146733537
"Continuous asphalt network",714,257.7577,2.55568671,-59.5625267,0.145214885,0.191594779
"Continuous asphalt network",715,258.286926,2.856782,-55.010437,0.5808521,0.118476979
"Continuous asphalt network",716,257.9736,2.963144,-56.10507,0.0181474276,0.179166362
"Continuous asphalt network",717,258.093048,2.96179938,-56.02229,0.0181444511,0.285116643
"Continuous asphalt network",718,257.939178,2.94375134,-56.26392,0.03629168,0.09277492
"Continuous asphalt network",719,257.863159,2.95340943,-55.9115143,0.0363054536,0.1409731
"Continuous asphalt network",720,258.067749,2.966628,-55.90482,0.0181515012,0.164737433
"Continuous asphalt network",721,257.948273,2.96797276,-55.9876,0.01815448,0.200891912
"Continuous asphalt network",722,257.772583,2.893789,-56.4468079,0.145224214,0.240724951
"Continuous asphalt network",723,257.903076,2.892082,-55.14125,0.145204455,0.116149
"Continuous asphalt network",724,257.979034,2.925706,-55.49368,0.07260384,0.07391907
"Continuous asphalt network",725,258.102173,2.94969845,-55.7459755,0.03629803,0.14015545
"Continuous asphalt network",726,257.9573,2.9470892,-55.711277,0.03629803,0.200159088
"Continuous asphalt network",727,258.272644,2.78651261,-53.6701851,1.16173387,0.0610201955
"Continuous asphalt network",728,258.540283,2.84024453,-56.1851654,0.290439844,0.2470443
"Continuous asphalt network",729,258.0876,2.88951325,-56.6336823,0.07260081,0.179884061
"Continuous asphalt network",730,257.848572,2.88053036,-56.79921,0.07260429,0.1879082
"Continuous asphalt network",731,258.1564,2.9053812,-56.31598,0.145219922,0.193413422
"Continuous asphalt network",732,258.6273,2.84715629,-55.3148041,0.290419,0.174282476
"Continuous asphalt network",733,258.7286,2.8262198,-55.7846947,0.2904266,0.243685335
"Continuous asphalt network",734,258.931244,2.694939,-56.724472,0.290412724,0.2533891
"Continuous asphalt network",735,259.0326,2.64530659,-57.1943626,0.290442169,0.17393972
"Continuous asphalt network",736,258.3084,2.80876064,-57.0208321,0.14521721,0.256135076
"Continuous asphalt network",737,257.899231,2.85467553,-57.0341644,0.0726207048,0.203821167
"Continuous asphalt network",738,258.138245,2.86365867,-56.8686371,0.0726172253,0.244355112
"Continuous asphalt network",739,258.6416,2.7694788,-56.6550636,0.290421337,0.256123751
"Continuous asphalt network",740,258.9235,2.50555253,-60.51031,1.161641,0.05463711
"Continuous asphalt network",741,257.967468,2.50945377,-61.1724129,1.16165257,0.03804309
"Continuous asphalt network",742,259.097565,2.53976274,-58.76959,1.161701,0.09776569
"Continuous asphalt network",743,259.3002,2.50032973,-59.7093773,1.161701,0.0524156
"Continuous asphalt network",744,259.8068,2.4697485,-62.0588264,2.32340574,0.01604531
"Continuous asphalt network",745,258.4598,2.49742484,-62.18162,0.5808628,0.02125529
"Continuous asphalt network",746,257.880463,2.49312043,-62.0427742,0.5809265,0.0376332775
"Continuous asphalt network",747,259.126129,2.48288822,-61.45009,1.161774,0.0286966786
"Continuous asphalt network",748,254.3592,2.52091956,-75.01283,4.646828,0.0172043853
"Continuous asphalt network",749,253.374588,2.56385016,-72.99444,2.32338476,0.0308626946
"Continuous asphalt network",750,254.533264,2.56123829,-73.27211,2.3233223,0.0408518724
"Continuous asphalt network",751,252.649841,2.479572,-77.27685,9.293588,0.0160029512
"Continuous asphalt network",752,249.462341,2.3771975,-85.42515,9.293651,0.01163788
"Continuous asphalt network",753,251.027481,2.42081237,-78.67048,2.32355118,0.06588847
"Continuous asphalt network",754,251.9549,2.48345661,-75.32785,2.32353115,0.07081169
"Continuous asphalt network",755,251.143112,2.41491675,-80.48063,4.64684772,0.0199723244
"Continuous asphalt network",756,256.2581,2.510813,-63.43642,1.16161561,0.138402641
"Continuous asphalt network",757,255.765808,2.36236215,-62.427227,0.5808438,0.172113687
"Continuous asphalt network",758,256.345123,2.436237,-62.56606,0.5807985,0.108279906
"Continuous asphalt network",759,255.403427,2.53964829,-64.56843,2.32338548,0.150021419
"Continuous asphalt network",760,254.425369,2.7421186,-67.67611,0.290409416,0.0241261423
"Continuous asphalt network",761,254.324051,2.70636845,-67.20622,0.2904132,0.1615406
"Continuous asphalt network",762,253.954514,2.73720574,-68.6773,0.290432841,0.0359027423
"Continuous asphalt network",763,253.990891,2.706996,-67.57198,0.145221785,0.1993707
"Continuous asphalt network",764,254.092209,2.742746,-68.04188,0.14521721,0.0352562629
"Continuous asphalt network",765,253.201157,2.65570045,-70.27921,0.5808261,0.0864760652
"Continuous asphalt network",766,253.592453,2.72483921,-68.59054,0.145197779,0.0817642659
"Continuous asphalt network",767,253.8243,2.70751166,-67.7548752,0.145197392,0.109822646
"Continuous asphalt network",768,253.621338,2.71878338,-69.0430756,0.2904139,0.08291703
"Continuous asphalt network",769,254.737061,2.54542947,-65.2999649,2.32335162,0.153132841
"Continuous asphalt network",770,256.968567,2.62223649,-57.81377,1.16165018,0.198238954
"Continuous asphalt network",771,256.265839,2.28057265,-59.6506042,0.145206288,0.1766401
"Continuous asphalt network",772,256.055756,2.215885,-60.2686653,0.0726080239,0.21563071
"Continuous asphalt network",773,256.099274,2.23113537,-59.83348,0.07260968,0.274003237
"Continuous asphalt network",774,255.679077,2.226158,-61.06961,0.145196125,0.189246789
"Continuous asphalt network",775,255.87471,2.17893314,-60.22528,0.03629445,0.215965882
"Continuous asphalt network",776,255.990646,2.20773029,-59.80745,0.03629488,0.272310883
"Continuous asphalt network",777,255.88916,2.20330262,-60.45155,0.07259806,0.189188331
"Continuous asphalt network",778,256.447052,2.44281983,-58.5800056,0.580830038,0.202281028
"Continuous asphalt network",779,257.562775,2.83978057,-54.83691,0.290386945,0.06486688
"Continuous asphalt network",780,257.211456,2.87124228,-55.7553253,0.0362959,0.152020812
"Continuous asphalt network",781,257.1064,2.86643243,-56.0643463,0.0181551259,0.1925875
"Continuous asphalt network",782,257.128143,2.86998081,-55.84676,0.0181530379,0.1520174
"Continuous asphalt network",783,256.91806,2.7935,-56.4648323,0.036299862,0.185271427
"Continuous asphalt network",784,257.015869,2.855654,-56.04266,0.009071704,0.180007115
"Continuous asphalt network",785,257.073853,2.86228347,-55.83375,0.00907129,0.152196079
"Continuous asphalt network",786,257.0231,2.84567666,-56.1557922,0.0181501452,0.151654691
"Continuous asphalt network",787,257.302032,2.84499264,-55.2200356,0.145193473,0.141631976
"Continuous asphalt network",788,257.8599,2.80023479,-53.348484,0.07259621,0.115736157
"Continuous asphalt network",789,257.613617,2.82345414,-53.9578667,0.0362946056,0.11830505
"Continuous asphalt network",790,257.729523,2.81998467,-53.54004,0.036289636,0.121580213
"Continuous asphalt network",791,257.9976,2.77104282,-52.71306,0.145194992,0.11354924
"Continuous asphalt network",792,257.70047,2.821833,-54.2014923,0.145193547,0.0476584844
"Continuous asphalt network",793,257.8888,2.8106153,-53.80101,0.145215049,0.103574984
"Continuous asphalt network",794,257.0991,2.80889153,-56.5082245,0.145210758,0.185247183
"Continuous asphalt network",795,257.215027,2.87985778,-56.0903778,0.0363010876,0.178955182
"Continuous asphalt network",796,257.309174,2.89366364,-55.89014,0.03629698,0.125969574
"Continuous asphalt network",797,257.312744,2.8744936,-56.2252159,0.0726086944,0.1852281
"Continuous asphalt network",798,257.2946,2.80264378,-56.7778778,0.290405124,0.178920656
"Continuous asphalt network",799,257.6641,2.88268185,-55.3067932,0.2904139,0.1520353
"Continuous asphalt network",800,257.6024,2.90069675,-56.294632,0.03630087,0.19191204
"Continuous asphalt network",801,257.696564,2.92271256,-56.09439,0.03630451,0.1408583
"Continuous asphalt network",802,257.606,2.86232662,-56.6297,0.07259677,0.170824364
"Continuous asphalt network",803,257.598816,2.92863178,-55.95956,0.0362977721,0.08269194
"Continuous asphalt network",804,257.504669,2.906616,-56.1598,0.0363019481,0.185197309
"Continuous asphalt network",805,257.5011,2.91031551,-55.8247375,0.07259933,0.145306751
"Continuous asphalt network",806,256.041168,2.30172324,-61.1563721,0.58084923,0.216014758
"Continuous asphalt network",807,256.273041,2.26283479,-60.32073,0.145225212,0.215530068
"Continuous asphalt network",808,256.461334,2.29565334,-59.92026,0.145220309,0.2382728
"Continuous asphalt network",809,256.4685,2.325818,-60.590374,0.290424317,0.213294834
"Continuous asphalt network",810,256.7218,2.42847157,-61.7651024,0.5808216,0.0914745
"Continuous asphalt network",811,256.1425,2.35459685,-61.6262665,0.5808669,0.15698202
"Continuous asphalt network",812,257.171173,2.54246616,-58.75355,1.16168678,0.223808542
"Continuous asphalt network",813,256.997162,2.42791,-60.494278,1.16168654,0.165216759
"Continuous asphalt network",814,254.40332,2.67042375,-70.12169,1.16170287,0.0578112826
"Continuous asphalt network",815,253.447311,2.6532,-70.7838058,1.16170287,0.06547697
"Continuous asphalt network",816,254.678665,2.69486022,-68.85085,2.32340574,0.0626793951
"Continuous asphalt network",817,255.286621,2.59024715,-71.67022,2.32340884,0.0269878563
"Continuous asphalt network",818,253.649963,2.61365414,-71.7236,1.16173565,0.0725154
"Continuous asphalt network",819,254.605972,2.63087821,-71.0614853,1.16173565,0.08158601
"Continuous asphalt network",820,255.7074,2.68777,-65.9781,1.16169763,0.05696204
"Continuous asphalt network",821,255.910034,2.67632318,-66.9179,1.16173792,0.104111969
"Continuous asphalt network",822,256.460754,2.589289,-64.37622,0.5808664,0.05787049
"Continuous asphalt network",823,256.837433,2.54195046,-63.57527,0.5807934,0.05279647
"Continuous asphalt network",824,256.6199,2.64906716,-65.75119,0.290429175,0.135672539
"Continuous asphalt network",825,256.532867,2.63877845,-66.62155,0.290435821,0.132868066
"Continuous asphalt network",826,256.373749,2.64156747,-65.24658,0.5808449,0.06408092
"Continuous asphalt network",827,256.04,2.5841608,-70.06831,2.32338548,0.05224225
"Continuous asphalt network",828,255.634689,2.649228,-68.18874,2.32339644,0.09505913
"Continuous asphalt network",829,237.138351,2.21725368,-167.512024,24.3352089,0.008580607
"Continuous asphalt network",830,224.892136,2.11905646,-160.821487,12.1675329,0.00489447126
"Continuous asphalt network",831,233.3708,2.17944813,-164.5705,12.1675329,0.008603174
"Continuous asphalt network",832,251.081421,2.31530976,-173.043152,13.3928871,0.00562870735
"Continuous asphalt network",833,260.163116,2.35809875,-177.695145,13.3928518,0.0032463125
"Continuous asphalt network",834,246.008667,2.28557754,-171.755508,26.7850246,0.005720144
"Continuous asphalt network",835,332.814,2.44347215,-91.45156,51.3348236,0.000419430115
"Continuous asphalt network",836,341.9071,2.44891071,-79.81597,25.6675568,0.000304506
"Continuous asphalt network",837,337.1791,2.44578719,-88.37499,25.6674557,0.0004682522
"Continuous asphalt network",838,342.228668,2.449928,-74.4082,50.88688,0.0002671085
"Continuous asphalt network",839,333.156219,2.44550681,-86.00645,25.4430485,0.00051762833
"Continuous asphalt network",840,337.8429,2.448839,-77.5221252,25.44307,0.0002895546
"Continuous asphalt network",841,303.4274,2.438899,-137.191879,65.01222,0
"Continuous asphalt network",842,291.350861,2.438899,-151.494431,32.5060539,0
"Continuous asphalt network",843,298.098175,2.438899,-141.1108,32.50603,0
"Continuous asphalt network",844,271.421875,2.39207554,-185.4663,24.502779,0.00156996516
"Continuous asphalt network",845,281.720825,2.39908767,-191.049789,42.47096,3.332292E-05
"Continuous asphalt network",846,156.613647,-3.53935266,-372.659058,25.5627766,0.000138356612
"Continuous asphalt network",847,148.065231,-3.537041,-367.85083,25.5628719,0.0003373244
"Continuous asphalt network",848,161.781723,-3.539747,-372.907867,51.1253471,0.000151703309
"Continuous asphalt network",849,135.242584,-3.53070426,-360.638458,25.5629921,0.000626821537
"Continuous asphalt network",850,122.1965,-3.520669,-353.964935,12.7821836,0.000807339
"Continuous asphalt network",851,131.191864,-3.527652,-357.695465,12.7821426,0.0006268224
"Continuous asphalt network",852,149.182556,-3.53738618,-365.156647,12.7816067,0.0007128796
"Continuous asphalt network",853,158.1779,-3.53942084,-368.887238,12.7816372,0.000584818
"Continuous asphalt network",854,144.237946,-3.53540063,-364.369019,25.5629635,0.000337730628
"Continuous asphalt network",855,88.2726746,-3.54991984,-392.003754,32.91336,0.000204923213
"Continuous asphalt network",856,93.17223,-3.54585052,-380.46225,32.9133,0.0004787213
"Continuous asphalt network",857,87.970726,-3.55105042,-398.686279,65.8268051,0.000162261844
"Continuous asphalt network",858,71.00822,-3.54291248,-351.6154,43.26519,0
"Continuous asphalt network",859,87.1051254,-3.541895,-362.2362,21.63261,0.0007590699
"Continuous asphalt network",860,79.72792,-3.54291248,-358.563263,21.63258,0
"Continuous asphalt network",861,66.1465759,-3.54291248,-350.498169,43.26534,0
"Continuous asphalt network",862,58.7693672,-3.54291248,-346.8252,43.26516,0
"Continuous asphalt network",863,54.53876,-3.543108,-343.384857,20.4416523,0.000118438991
"Continuous asphalt network",864,57.342823,-3.54412532,-337.723969,55.2175636,0.0002524718
"Continuous asphalt network",865,91.43069,-3.53360772,-346.437744,37.3896179,0.000934145763
"Continuous asphalt network",866,78.40531,-3.53968716,-340.6746,37.38967,0.000676990952
"Continuous asphalt network",867,98.9525452,-3.52565885,-347.214233,74.77814,0.001524318
"Continuous asphalt network",868,112.355049,-3.84166312,-284.966339,47.7399254,0.0287243463
"Continuous asphalt network",869,121.994118,-3.55886674,-291.020264,11.9349508,0.0257762577
"Continuous asphalt network",870,127.724144,-3.407519,-294.756683,5.96748829,0.0175384432
"Continuous asphalt network",871,123.54789,-3.5056622,-292.9592,5.967525,0.0259171221
"Continuous asphalt network",872,115.462585,-3.74796176,-288.844116,23.86973,0.0283213314
"Continuous asphalt network",873,163.958817,-0.5316457,-206.094345,10.8907175,0.0100486055
"Continuous asphalt network",874,160.900009,-0.5308351,-203.0308,10.8909073,0.02347752
"Continuous asphalt network",875,169.657715,-0.466822535,-208.637253,21.7811146,0.0138113359
"Continuous asphalt network",876,156.1751,-0.6141191,-203.045837,21.78143,0.03259287
"Continuous asphalt network",877,161.318665,-0.567763269,-206.614975,10.8906822,0.0181456115
"Continuous asphalt network",878,157.149124,-0.6421127,-205.603821,10.890708,0.0243779682
"Continuous asphalt network",879,147.568558,-0.866419137,-204.717239,24.58104,0.0322872363
"Continuous asphalt network",880,145.546616,-1.14655817,-212.966843,73.6628952,0.0398951359
"Continuous asphalt network",881,136.386719,-1.91917419,-231.291641,36.8315964,0.03783619
"Continuous asphalt network",882,140.750488,-1.4430908,-218.987549,36.83157,0.0362261236
"Continuous asphalt network",883,125.919739,-2.72109485,-249.5508,36.83125,0.03848523
"Continuous asphalt network",884,117.8508,-3.37674332,-264.799652,9.207839,0.03638371
"Continuous asphalt network",885,112.944092,-3.72273,-273.945618,4.604094,0.0284237824
"Continuous asphalt network",886,115.779518,-3.51087284,-267.8264,4.60407972,0.0371549763
"Continuous asphalt network",887,121.777184,-3.00197339,-255.60437,18.4156189,0.03834061
"Continuous asphalt network",888,130.937057,-2.2186482,-237.279526,36.8312,0.03802024
"Continuous asphalt network",889,138.78981,-1.47604275,-218.889038,18.4154987,0.0363350771
"Continuous asphalt network",890,134.426041,-1.95212615,-231.19313,18.4155121,0.0379328
"Continuous asphalt network",891,89.9823,-4.333837,-312.756622,27.1705647,0.00594909443
"Continuous asphalt network",892,-25.75084,-5.09940338,-345.18457,33.5316429,0
"Continuous asphalt network",893,-26.8318844,-5.09940338,-332.353516,63.872448,0
"Continuous asphalt network",894,-48.9320068,-5.101438,-330.362457,49.6377525,0.000440175849
"Continuous asphalt network",895,-54.2030334,-5.102455,-330.265564,43.7206,0
"Continuous asphalt network",896,-94.38931,-5.43816948,-282.147278,64.42651,0
"Continuous asphalt network",897,-84.02329,-5.43528938,-266.7581,32.2132454,0.000441189
"Continuous asphalt network",898,-89.54476,-5.438038,-277.717438,32.21327,0.0001145494
"Continuous asphalt network",899,-83.69131,-5.450386,-247.450974,52.3252831,0.00186222
"Continuous asphalt network",900,-101.355568,-5.470694,-249.426147,66.23929,0.000462711061
"Continuous asphalt network",901,-111.798187,-5.47174072,-265.156738,33.1195679,0
"Continuous asphalt network",902,-106.172646,-5.47174072,-253.863327,33.11948,0
"Continuous asphalt network",903,-167.663269,-5.47352362,-197.952515,24.5402451,0.0004268419
"Continuous asphalt network",904,-79.6533,-5.475811,-234.06929,5.86241865,0.00332827051
"Continuous asphalt network",905,-29.0703487,-5.105737,-315.54837,34.2642479,0.00271456619
"Continuous asphalt network",906,-21.8197937,-6.59389639,-217.020752,32.27972,0.02378206
"Continuous asphalt network",907,-8.847951,-6.954492,-225.34938,8.06987,0.0221602917
"Continuous asphalt network",908,-1.09240532,-7.132765,-230.39801,4.035009,0.0147824436
"Continuous asphalt network",909,-6.44651461,-7.021635,-227.3751,4.03501034,0.0221686959
"Continuous asphalt network",910,-17.016922,-6.74053431,-221.072189,16.13976,0.0237271618
"Continuous asphalt network",911,-38.4333649,-6.15408468,-208.980591,16.1398487,0.0239343867
"Continuous asphalt network",912,-49.1415863,-5.877716,-202.9348,16.13983,0.0210180227
"Continuous asphalt network",913,-32.5280151,-6.300457,-210.97493,32.2797356,0.02394385
"Continuous asphalt network",914,-0.4033591,-7.139219,-229.11232,16.1398525,0.0152851222
"Continuous asphalt network",915,-5.481848,-7.028063,-225.57515,16.1397839,0.0231924076
"Continuous asphalt network",916,3.23836064,-7.22582626,-228.8238,32.2798576,0.0284704939
"Continuous asphalt network",917,-15.6388321,-6.739942,-218.500809,32.2800064,0.0238730479
"Continuous asphalt network",918,-4.37937737,-7.04128838,-223.518051,32.2800636,0.0251245145
"Continuous asphalt network",919,22.26029,-8.039035,-209.100418,4.129741,0.0393091254
"Continuous asphalt network",920,26.3804474,-8.235552,-205.100266,1.03244913,0.04706393
"Continuous asphalt network",921,28.4864063,-8.352077,-203.167038,1.032457,0.0350819379
"Continuous asphalt network",922,25.5109863,-8.156505,-206.334183,2.064872,0.0584033877
"Continuous asphalt network",923,20.5213718,-7.986999,-211.568253,8.259402,0.0141792241
"Continuous asphalt network",924,14.7540512,-7.74813128,-218.169922,16.5189114,0.0351632126
"Continuous asphalt network",925,26.97463,-8.301957,-203.4654,4.129722,0.0356599241
"Continuous asphalt network",926,24.86867,-8.185433,-205.398621,4.12970829,0.0499025844
"Continuous asphalt network",927,21.7097378,-8.066266,-208.298508,8.259453,0.02790141
"Continuous asphalt network",928,26.4240723,-8.299507,-202.663452,8.259579,0.0356739461
"Continuous asphalt network",929,28.1629868,-8.379317,-200.1956,8.259499,0.032245867
"Continuous asphalt network",930,36.7658424,-8.52968,-187.722672,2.06481314,0.0561850034
"Continuous asphalt network",931,34.8434029,-8.48632,-189.923218,2.064856,0.0210536234
"Continuous asphalt network",932,31.9597454,-8.433603,-193.22406,4.129742,0.007871923
"Continuous asphalt network",933,37.36003,-8.531625,-186.087769,8.259547,0.02383358
"Continuous asphalt network",934,42.4391479,-8.524247,-178.483719,0.258121878,0.0308176335
"Continuous asphalt network",935,43.49213,-8.500384,-177.51709,0.2581234,0.04025527
"Continuous asphalt network",936,42.0044136,-8.529624,-179.1007,0.516231835,0.0181645863
"Continuous asphalt network",937,40.5625877,-8.538104,-180.7511,1.03245258,0.0181684643
"Continuous asphalt network",938,43.3544922,-8.490163,-177.3166,0.5162219,0.05313156
"Continuous asphalt network",939,42.30151,-8.514027,-178.283218,0.516218841,0.0477564633
"Continuous asphalt network",940,43.697464,-8.462197,-176.566,1.03241324,0.0292000454
"Continuous asphalt network",941,45.8022957,-8.315752,-173.380936,0.06453186,0.05678169
"Continuous asphalt network",942,46.3287773,-8.264029,-172.897629,0.0645321,0.107162789
"Continuous asphalt network",943,45.58493,-8.33336,-173.6894,0.129055977,0.0512610152
"Continuous asphalt network",944,44.8640137,-8.379429,-174.514633,0.2581133,0.0379919223
"Continuous asphalt network",945,46.2599525,-8.264873,-172.797409,0.1290476,0.0995701551
"Continuous asphalt network",946,45.73347,-8.316596,-173.2807,0.129047126,0.0459166542
"Continuous asphalt network",947,46.43144,-8.234978,-172.4221,0.2581043,0.102055781
"Continuous asphalt network",948,47.4724,-8.27143,-170.812851,0.258115351,0.161184266
"Continuous asphalt network",949,48.3418579,-8.310478,-169.578918,0.2581102,0.170667648
"Continuous asphalt network",950,47.32385,-8.233093,-171.221573,0.2580878,0.1654188
"Continuous asphalt network",951,47.032196,-8.195165,-171.734421,0.1290442,0.1654182
"Continuous asphalt network",952,46.8377724,-8.19119,-172.076309,0.129057616,0.07355972
"Continuous asphalt network",953,45.0016479,-8.382312,-174.715134,0.516239166,0.03747744
"Continuous asphalt network",954,45.96287,-8.301969,-173.614822,0.5162262,0.07297485
"Continuous asphalt network",955,44.70456,-8.416218,-175.532547,1.032433,0.0411004871
"Continuous asphalt network",956,40.83787,-8.545264,-181.152054,2.06488,0.01302014
"Continuous asphalt network",957,42.66855,-8.533333,-178.817871,0.5162287,0.0225427728
"Continuous asphalt network",958,43.6297722,-8.506525,-177.717575,0.5162279,0.0359461829
"Continuous asphalt network",959,42.3714561,-8.540428,-179.6353,1.032443,0.0130845457
"Continuous asphalt network",960,40.2436943,-8.56157,-182.786942,4.129774,0.01651317
"Continuous asphalt network",961,32.5103,-8.429252,-194.025986,8.259528,0.008063941
"Continuous asphalt network",962,36.1716652,-8.511069,-189.357544,2.06491566,0.0230145175
"Continuous asphalt network",963,38.0941048,-8.554429,-187.157028,2.06492949,0.0152383382
"Continuous asphalt network",964,35.5774879,-8.477332,-190.992432,4.129748,0.0188832246
"Continuous asphalt network",965,31.3219357,-8.4287405,-197.295731,16.51905,0.0180527586
"Continuous asphalt network",966,16.2222042,-7.75889444,-220.3084,8.25959,0.0487151071
"Continuous asphalt network",967,11.643239,-7.53693151,-223.640259,8.259586,0.0339192078
"Continuous asphalt network",968,17.7776089,-7.869034,-217.5732,16.5192089,0.0440775
"Continuous asphalt network",969,23.1778927,-8.006945,-210.436935,8.25959,0.0317127
"Continuous asphalt network",970,26.93102,-8.208451,-205.902176,0.5162211,0.0728066862
"Continuous asphalt network",971,25.7862759,-8.131468,-206.735153,0.51623106,0.051293496
"Continuous asphalt network",972,27.3198643,-8.256126,-205.218384,1.03243351,0.0600655377
"Continuous asphalt network",973,29.1505375,-8.386165,-202.8842,1.03243339,0.0817884058
"Continuous asphalt network",974,28.372839,-8.334613,-204.25177,1.03244293,0.0505573153
"Continuous asphalt network",975,26.061554,-8.106929,-207.136108,1.03246212,0.0725421757
"Continuous asphalt network",976,27.4007187,-8.225898,-205.961258,0.5162551,0.06708282
"Continuous asphalt network",977,27.0118713,-8.159026,-206.645065,0.5162051,0.107834004
"Continuous asphalt network",978,26.05065,-8.053575,-207.745316,1.03246343,0.102996111
"Continuous asphalt network",979,25.6617966,-8.02329,-208.429123,1.0324651,0.0399225056
"Continuous asphalt network",980,21.9895344,-7.99004,-213.706726,16.51912,0.0193416756
"Continuous asphalt network",981,14.2561417,-7.53753662,-224.94574,8.25948,0.0328413174
"Continuous asphalt network",982,11.2325821,-7.479349,-225.542435,8.259483,0.03184001
"Continuous asphalt network",983,18.1010227,-7.81234,-220.544632,8.259471,0.0473497249
"Continuous asphalt network",984,16.934473,-7.67677546,-222.596,4.129694,0.08413358
"Continuous asphalt network",985,16.1567745,-7.58383036,-223.963577,4.129814,0.0369128
"Continuous asphalt network",986,11.18896,-7.43449,-227.979248,8.259616,0.0272506289
"Continuous asphalt network",987,14.6013718,-7.48494864,-226.698746,4.12974548,0.0293849148
"Continuous asphalt network",988,13.8236732,-7.47060251,-228.06633,4.12980747,0.009950199
"Continuous asphalt network",989,12.2682724,-7.45574951,-230.801514,4.12979126,0.03821649
"Continuous asphalt network",990,11.49057,-7.44060135,-232.169113,4.12976933,0.0413943455
"Continuous asphalt network",991,10.4112616,-7.40449762,-229.346848,8.259594,0.0219087228
"Continuous asphalt network",992,34.47906,-8.342369,-239.196152,2.01357484,0.0535781272
"Continuous asphalt network",993,33.5868378,-8.431347,-237.785889,0.50339967,0.0717667
"Continuous asphalt network",994,33.140728,-8.485198,-237.080765,0.1258466,0.118063822
"Continuous asphalt network",995,32.9989967,-8.53764,-236.731384,0.125839114,0.202026874
"Continuous asphalt network",996,33.5368843,-8.451005,-237.268112,0.251688629,0.0600616373
"Continuous asphalt network",997,34.3791542,-8.384369,-238.160568,1.00680971,0.0468861163
"Continuous asphalt network",998,36.06368,-8.265059,-239.945511,4.02713251,0.0466675423
"Continuous asphalt network",999,32.3437576,-8.425019,-239.457031,1.00676537,0.09504664
"Continuous asphalt network",1000,33.2778,-8.339649,-240.1811,1.006795,0.05225861
"Continuous asphalt network",1001,31.65135,-8.421139,-240.1179,0.5034124,0.118085913
"Continuous asphalt network",1002,31.0007687,-8.466618,-240.092636,0.5034082,0.13064675
"Continuous asphalt network",1003,31.6931763,-8.473233,-239.431763,1.00675941,0.09700066
"Continuous asphalt network",1004,32.42741,-8.51485348,-238.084732,1.00679886,0.109907515
"Continuous asphalt network",1005,32.6069069,-8.5421,-237.146,0.0629253462,0.2343913
"Continuous asphalt network",1006,32.840416,-8.495812,-237.327026,0.062926,0.0799908862
"Continuous asphalt network",1007,32.3983727,-8.57043,-237.223877,0.125845447,0.223067656
"Continuous asphalt network",1008,32.6737061,-8.587357,-236.71875,0.125843346,0.23348093
"Continuous asphalt network",1009,32.9321938,-8.500434,-237.158646,0.06292229,0.0822793543
"Continuous asphalt network",1010,32.69869,-8.54672,-236.977615,0.0629216358,0.233467937
"Continuous asphalt network",1011,33.1697578,-8.454085,-237.94165,0.2517137,0.09549665
"Continuous asphalt network",1012,32.6568565,-8.49941349,-237.6638,0.062921606,0.0640658662
"Continuous asphalt network",1013,32.42335,-8.53612,-237.482773,0.06292634,0.196789458
"Continuous asphalt network",1014,32.8653831,-8.487435,-237.585922,0.125855833,0.06405255
"Continuous asphalt network",1015,33.6449165,-8.357472,-239.507614,1.00676918,0.05206286
"Continuous asphalt network",1016,32.7108727,-8.44284248,-238.783524,1.0067395,0.09498965
"Continuous asphalt network",1017,34.6881752,-8.430087,-235.765381,0.503385961,0.037474215
"Continuous asphalt network",1018,34.4047127,-8.471097,-235.0666,0.5033858,0.07696509
"Continuous asphalt network",1019,35.48049,-8.400935,-236.140076,1.00677538,0.0321707241
"Continuous asphalt network",1020,33.6205254,-8.503052,-235.895828,0.251677245,0.174308136
"Continuous asphalt network",1021,34.0875473,-8.440436,-236.257874,0.2516719,0.0411583
"Continuous asphalt network",1022,33.2034645,-8.56277752,-236.051559,0.5033867,0.193124563
"Continuous asphalt network",1023,33.75413,-8.531863,-235.0413,0.503380537,0.156157181
"Continuous asphalt network",1024,34.2711,-8.440121,-235.921143,0.251696229,0.0406541266
"Continuous asphalt network",1025,33.80408,-8.502736,-235.559082,0.251701564,0.173846036
"Continuous asphalt network",1026,34.81365,-8.501327,-233.706924,2.01354051,0.06035738
"Continuous asphalt network",1027,35.8476067,-8.406011,-235.466568,1.00676954,0.03233979
"Continuous asphalt network",1028,34.91356,-8.464181,-234.7425,1.0067699,0.06630806
"Continuous asphalt network",1029,36.7979164,-8.290042,-238.5985,4.02704763,0.04570191
"Continuous asphalt network",1030,34.7462654,-8.388291,-237.487061,1.00674176,0.04737414
"Continuous asphalt network",1031,33.7204437,-8.444146,-236.931351,0.25169605,0.0600621738
"Continuous asphalt network",1032,33.25342,-8.515899,-236.569336,0.251697361,0.1952761
"Continuous asphalt network",1033,34.13751,-8.428411,-236.775635,0.503359139,0.0423813649
"Continuous asphalt network",1034,35.5804024,-8.371274,-237.175613,2.01354933,0.03886772
"Continuous asphalt network",1035,36.8908577,-8.446601,-231.72435,0.5033799,0.0277485978
"Continuous asphalt network",1036,36.6073952,-8.430786,-231.025558,0.5033796,0.0445042141
"Continuous asphalt network",1037,37.68317,-8.447624,-232.099045,1.00676548,0.0241211411
"Continuous asphalt network",1038,35.8232155,-8.445912,-231.854782,0.251690745,0.0551929325
"Continuous asphalt network",1039,36.29024,-8.432359,-232.216843,0.251687855,0.008436817
"Continuous asphalt network",1040,35.406147,-8.480435,-232.010513,0.503385544,0.105431259
"Continuous asphalt network",1041,35.9109154,-8.420531,-231.084457,0.06292848,0.0648181438
"Continuous asphalt network",1042,36.14443,-8.422424,-231.265457,0.06292839,0.06857032
"Continuous asphalt network",1043,35.70238,-8.443135,-231.162308,0.125847355,0.1251831
"Continuous asphalt network",1044,35.97772,-8.4126215,-230.657181,0.125839844,0.07682454
"Continuous asphalt network",1045,36.23621,-8.421279,-231.097092,0.06292529,0.07148128
"Continuous asphalt network",1046,36.002697,-8.419385,-230.916061,0.062925376,0.054064028
"Continuous asphalt network",1047,36.4737968,-8.435407,-231.880081,0.251689941,0.0203777663
"Continuous asphalt network",1048,35.84412,-8.441775,-231.511719,0.1258359,0.14560318
"Continuous asphalt network",1049,36.16941,-8.428984,-231.524368,0.125849128,0.044244796
"Continuous asphalt network",1050,37.01633,-8.467664,-229.6659,2.01355219,0.06564138
"Continuous asphalt network",1051,38.05029,-8.470666,-231.425522,1.00677419,0.0378395319
"Continuous asphalt network",1052,37.11624,-8.453067,-230.701431,1.00677609,0.0609061047
"Continuous asphalt network",1053,38.2594032,-8.575859,-227.994751,0.50337553,0.00465467526
"Continuous asphalt network",1054,37.6088257,-8.553374,-227.969482,0.503385544,0.07745
"Continuous asphalt network",1055,38.3012238,-8.597238,-227.308609,1.00675929,0.0520227477
"Continuous asphalt network",1056,38.8519,-8.650756,-226.29834,2.01356769,0.04392719
"Continuous asphalt network",1057,38.600956,-8.507749,-230.415268,2.01353383,0.0320417173
"Continuous asphalt network",1058,37.8923,-8.540841,-228.668259,0.503378,0.09329487
"Continuous asphalt network",1059,38.5428772,-8.563327,-228.693542,0.503368,0.03208193
"Continuous asphalt network",1060,37.8504753,-8.518191,-229.354416,1.00680256,0.0390572548
"Continuous asphalt network",1061,37.89925,-8.326603,-236.577957,8.054076,0.0444180481
"Continuous asphalt network",1062,36.9489479,-8.424056,-233.446045,1.006755,0.020667417
"Continuous asphalt network",1063,35.9231262,-8.436767,-232.89032,0.251695752,0.02793694
"Continuous asphalt network",1064,35.4561043,-8.469264,-232.528275,0.25169304,0.108364068
"Continuous asphalt network",1065,36.3401947,-8.434384,-232.7346,0.5033683,0.007339322
"Continuous asphalt network",1066,37.7830849,-8.426307,-233.134583,2.01354527,0.0197849181
"Continuous asphalt network",1067,36.6817436,-8.39851,-235.15509,2.01354218,0.0298685338
"Continuous asphalt network",1068,35.7895164,-8.441834,-233.744858,0.503400445,0.0278585851
"Continuous asphalt network",1069,35.34341,-8.456244,-233.039734,0.125840634,0.045075167
"Continuous asphalt network",1070,35.20168,-8.481224,-232.690353,0.1258403,0.118673623
"Continuous asphalt network",1071,35.739563,-8.446105,-233.227066,0.251692653,0.02793896
"Continuous asphalt network",1072,36.5818367,-8.422168,-234.119553,1.00680149,0.020565249
"Continuous asphalt network",1073,41.2962227,-8.709009,-223.642227,0.503377557,0.02724745
"Continuous asphalt network",1074,40.7792435,-8.754707,-222.762436,0.251692265,0.08621323
"Continuous asphalt network",1075,41.2462654,-8.72092152,-223.124466,0.25170356,0.0290589668
"Continuous asphalt network",1076,42.0885353,-8.692985,-224.016922,1.00676537,0.0180904344
"Continuous asphalt network",1077,40.136795,-8.738856,-223.941086,1.006725,0.05645265
"Continuous asphalt network",1078,40.36217,-8.771361,-222.9182,0.5033868,0.07946428
"Continuous asphalt network",1079,40.64564,-8.733987,-223.616959,0.5033868,0.0579922348
"Continuous asphalt network",1080,41.4216957,-8.770856,-221.5838,2.01353526,0.0507597663
"Continuous asphalt network",1081,42.45565,-8.698952,-223.34343,1.00677812,0.0171524379
"Continuous asphalt network",1082,41.42982,-8.727016,-222.78772,0.251694918,0.0323708057
"Continuous asphalt network",1083,40.9628,-8.760802,-222.425659,0.251683652,0.08643347
"Continuous asphalt network",1084,41.8468933,-8.72107,-222.631973,0.5033931,0.0372839831
"Continuous asphalt network",1085,42.890152,-8.749503,-218.889755,4.027077,0.0301770847
"Continuous asphalt network",1086,42.72286,-8.733347,-221.634354,4.02713728,0.0332978778
"Continuous asphalt network",1087,45.82706,-8.809403,-213.501663,8.054149,0.02471763
"Continuous asphalt network",1088,44.60025,-8.735149,-217.580643,4.027074,0.0141657609
"Continuous asphalt network",1089,43.69873,-8.712227,-221.672287,2.01355886,0.0142928483
"Continuous asphalt network",1090,43.8660278,-8.728383,-218.927658,2.01352859,0.00482737273
"Continuous asphalt network",1091,40.2692261,-8.529575,-229.792313,32.2166023,0.0382503
"Continuous asphalt network",1092,52.35146,-8.966432,-202.750839,32.2167,0.0124134263
"Continuous asphalt network",1093,58.3089256,-9.01125,-190.6024,4.027119,0.0273352545
"Continuous asphalt network",1094,59.7773781,-8.939322,-187.90834,4.02714443,0.125721961
"Continuous asphalt network",1095,61.7924347,-8.743838,-183.602112,0.06292345,0.138893843
"Continuous asphalt network",1096,62.02595,-8.750005,-183.783127,0.06292568,0.139696434
"Continuous asphalt network",1097,61.5839043,-8.7736845,-183.679977,0.125851274,0.1389034
"Continuous asphalt network",1098,61.85924,-8.708725,-183.17485,0.125845864,0.125690863
"Continuous asphalt network",1099,62.117733,-8.733007,-183.614746,0.06292345,0.0906338841
"Continuous asphalt network",1100,61.8842163,-8.72684,-183.433731,0.06292121,0.0713927448
"Continuous asphalt network",1101,62.2054443,-8.691066,-182.8444,0.503388464,0.08518787
"Continuous asphalt network",1102,62.96057,-8.69539,-181.1543,0.5033654,0.11284133
"Continuous asphalt network",1103,62.55164,-8.698712,-182.513962,0.503368855,0.128723562
"Continuous asphalt network",1104,63.87836,-8.794446,-179.470535,0.251694858,0.131713033
"Continuous asphalt network",1105,64.24548,-8.814836,-178.797043,0.251687527,0.00152607507
"Continuous asphalt network",1106,64.79615,-8.813159,-177.786758,0.5033876,0.00151924288
"Continuous asphalt network",1107,63.5716553,-8.763546,-180.4903,0.50339514,0.13169767
"Continuous asphalt network",1108,62.79561,-8.72626,-182.523453,0.251705468,0.128714
"Continuous asphalt network",1109,63.20454,-8.722939,-181.1638,0.251703739,0.112839222
"Continuous asphalt network",1110,61.9283638,-8.783921,-184.381149,0.2517031,0.037416026
"Continuous asphalt network",1111,61.5833244,-8.788063,-184.023849,0.125845641,0.109913662
"Continuous asphalt network",1112,61.90862,-8.770249,-184.0365,0.125843644,0.0481512249
"Continuous asphalt network",1113,61.5513763,-8.829285,-184.882324,0.503376,0.08767237
"Continuous asphalt network",1114,61.1226921,-8.867346,-185.897339,1.00678718,0.02625935
"Continuous asphalt network",1115,60.26532,-8.904776,-187.927353,2.0136025,0.04840863
"Continuous asphalt network",1116,55.93895,-8.976814,-197.388062,16.1083279,0.0287745111
"Continuous asphalt network",1117,49.5725441,-8.884206,-210.896164,16.10835,0.0210687723
"Continuous asphalt network",1118,46.7936249,-8.740346,-219.041458,8.054142,0.0142439241
"Continuous asphalt network",1119,47.7787971,-8.833138,-213.57756,8.054187,0.0235491842
"Continuous asphalt network",1120,42.2209625,-8.507142,-229.868164,16.10826,0.0312693976
"Continuous asphalt network",1121,44.67459,-8.700454,-221.7102,8.054145,0.0100773294
"Continuous asphalt network",1122,46.80293,-8.822424,-213.539612,4.02710247,0.02412254
"Continuous asphalt network",1123,45.8177528,-8.729631,-219.00354,4.02708,0.0153458733
"Continuous asphalt network",1124,78.38265,-2.12601566,-167.3144,20.0275841,0.0152099431
"Continuous asphalt network",1125,91.41019,-1.8850832,-175.276672,20.0275688,0.0163775
"Continuous asphalt network",1126,71.29529,-2.24282861,-164.3492,40.0549278,0.0152892079
"Continuous asphalt network",1127,110.9515,-1.51086938,-187.220078,20.0275574,0.0163075067
"Continuous asphalt network",1128,127.379311,-1.20470655,-196.91893,5.007016,0.014963055
"Continuous asphalt network",1129,137.221664,-1.0610863,-202.763626,2.50352216,0.009088411
"Continuous asphalt network",1130,130.5645,-1.148209,-199.036484,2.503528,0.015318213
"Continuous asphalt network",1131,117.321861,-1.38626671,-191.4552,10.0140162,0.0163614247
"Continuous asphalt network",1132,90.6932,-1.88530409,-176.546585,10.0138569,0.0163851883
"Continuous asphalt network",1133,77.37886,-2.12696576,-169.092285,10.0138435,0.0152929937
"Continuous asphalt network",1134,97.63715,-1.76023448,-179.765762,20.027565,0.0163769964
"Continuous asphalt network",1135,31.0654812,-2.89537239,-142.494278,20.0271244,0.0138665829
"Continuous asphalt network",1136,50.7501945,-2.57635665,-154.1837,10.013752,0.0141814295
"Continuous asphalt network",1137,37.43585,-2.78972173,-146.729385,10.0137434,0.0138132647
"Continuous asphalt network",1138,10.8071823,-3.2178154,-131.8208,10.013875,0.0142456107
"Continuous asphalt network",1139,-2.50715446,-3.4406662,-124.366516,10.0138855,0.0149636529
"Continuous asphalt network",1140,17.7511463,-3.10950351,-135.039978,20.0271187,0.0142336609
"Continuous asphalt network",1141,51.18039,-2.57575583,-153.421753,20.0275249,0.0141814277
"Continuous asphalt network",1142,38.1528473,-2.78949523,-145.459488,20.027504,0.0139146829
"Continuous asphalt network",1143,58.2677574,-2.46706653,-156.386948,40.0549622,0.01418141
"Continuous asphalt network",1144,112.098671,-1.51051366,-185.188217,40.0548172,0.0163193382
"Continuous asphalt network",1145,127.952911,-1.20318758,-195.903,10.01369,0.0153758423
"Continuous asphalt network",1146,137.436768,-1.05889511,-202.382645,5.006788,0.009759852
"Continuous asphalt network",1147,130.923,-1.14623868,-198.401535,5.006805,0.0160990842
"Continuous asphalt network",1148,118.038857,-1.38625813,-190.185257,20.0274086,0.0163144246
"Continuous asphalt network",1149,91.98377,-1.884935,-174.260742,20.0272026,0.0163790938
"Continuous asphalt network",1150,78.95624,-2.12586761,-166.298477,20.02722,0.0152115561
"Continuous asphalt network",1151,99.07113,-1.75988865,-177.225937,40.0548172,0.0163746253
"Continuous asphalt network",1152,136.8838,-1.05271244,-199.4825,10.013792,0.0144521827
"Continuous asphalt network",1153,139.4237,-1.02948725,-202.742981,10.0138063,0.0252411477
"Continuous asphalt network",1154,131.926773,-1.1390692,-196.623642,20.0275021,0.0165290926
"Continuous asphalt network",1155,143.684387,-0.9313717,-202.955673,20.0274181,0.03242213
"Continuous asphalt network",1156,141.144485,-0.9545968,-199.695175,20.02751,0.0288683269
"Continuous asphalt network",1157,119.472839,-1.38593829,-187.645432,40.0552063,0.01631038
"Continuous asphalt network",1158,133.360764,-1.13102782,-194.0838,10.0136766,0.017804347
"Continuous asphalt network",1159,140.161331,-0.974417031,-197.556961,10.0136566,0.0238492768
"Continuous asphalt network",1160,129.386887,-1.19756448,-193.363159,20.027586,0.0167607646
"Continuous asphalt network",1161,90.87549,-0.634401858,-98.16505,13.846735,0.0195882432
"Continuous asphalt network",1162,97.28174,-0.5365034,-103.000732,6.92342949,0.009004862
"Continuous asphalt network",1163,92.52067,-0.5617719,-100.727776,1.73086691,0.0202033725
"Continuous asphalt network",1164,90.20699,-0.599592149,-99.46163,1.73085046,0.0290128347
"Continuous asphalt network",1165,93.94491,-0.558193445,-100.8422,3.46171331,0.0122264251
"Continuous asphalt network",1166,-60.0327568,-5.505247,-187.823349,38.8777733,0.0179128647
"Continuous asphalt network",1167,-56.4721832,-5.37254572,-181.3302,38.8777161,0.021818554
"Continuous asphalt network",1168,-48.86501,-4.97204828,-165.031219,38.8775673,0.02250128
"Continuous asphalt network",1169,-53.3976479,-5.280744,-178.149857,38.8776245,0.0223609954
"Continuous asphalt network",1170,-38.1832848,-4.47239828,-145.551865,38.87757,0.02246642
"Continuous asphalt network",1171,-28.1486874,-3.99319,-126.039375,19.4388542,0.0205823015
"Continuous asphalt network",1172,-33.9755821,-4.299829,-139.091843,19.4388,0.0225307811
"Continuous asphalt network",1173,-43.36305,-4.78736734,-158.637421,38.877552,0.0225099288
"Continuous asphalt network",1174,-51.45627,-5.262905,-178.249191,19.4391232,0.0224502832
"Continuous asphalt network",1175,-46.9236259,-4.954209,-165.130539,19.4390965,0.0225888491
"Continuous asphalt network",1176,-68.09612,-5.581875,-203.847946,29.6608047,0.00369410682
"Continuous asphalt network",1177,-75.35413,-5.5468154,-211.370239,29.6607914,0.00305307168
"Continuous asphalt network",1178,-65.8924942,-5.57723236,-197.931534,59.3213043,0.009817977
"Continuous asphalt network",1179,-88.06089,-5.32905626,-57.2525444,24.5086117,0.00105634937
"Continuous asphalt network",1180,-116.019661,-5.33135128,-37.7239037,51.77645,0
"Continuous asphalt network",1181,-214.255417,-6.688368,34.5341034,30.7284737,0.000371330272
"Continuous asphalt network",1182,-320.366669,-6.67115545,-41.5765076,23.194891,0
"Continuous asphalt network",1183,-371.479218,-6.66810369,13.6928663,51.505146,0
"Continuous asphalt network",1184,-328.678223,-6.67115545,-24.0339756,27.4322968,0
"Continuous asphalt network",1185,-308.89798,-6.67222357,-49.2002525,60.8095322,0.000241921225
"Continuous asphalt network",1186,-255.318192,-6.6752243,26.6849823,20.9814072,0.000254591549
"Continuous asphalt network",1187,-259.798,-6.674207,20.0243835,20.981329,0
"Continuous asphalt network",1188,-255.129044,-6.6762414,31.12943,41.9637566,0.000254593353
"Continuous asphalt network",1189,-266.517731,-6.674207,10.0334625,20.9817085,0
"Continuous asphalt network",1190,-272.724762,-6.674207,-0.235967,10.4906273,0
"Continuous asphalt network",1191,-269.270355,-6.674207,6.9816947,10.4906015,0
"Continuous asphalt network",1192,-262.36142,-6.674207,21.417038,10.4904814,0
"Continuous asphalt network",1193,-258.907,-6.6752243,28.6347256,10.4904509,0.0002545924
"Continuous asphalt network",1194,-263.063263,-6.674207,17.2511444,20.98178,0
"Continuous asphalt network",1195,-279.9572,-6.674207,-9.94833851,20.981781,0
"Continuous asphalt network",1196,-286.164276,-6.674207,-20.2178135,10.4908657,0
"Continuous asphalt network",1197,-282.7098,-6.674207,-13.0001268,10.4909239,0
"Continuous asphalt network",1198,-292.884,-6.674207,-30.20872,10.4909439,0
"Continuous asphalt network",1199,-297.363831,-6.673408,-36.86932,10.490983,0.00137095153
"Continuous asphalt network",1200,-285.462433,-6.674207,-16.0519,10.4912014,0
"Continuous asphalt network",1201,-288.9169,-6.674207,-23.2695866,10.4909449,0
"Continuous asphalt network",1202,-269.0812,-6.674207,11.426137,10.490984,0
"Continuous asphalt network",1203,-273.561035,-6.674207,4.76554346,10.49074,0
"Continuous asphalt network",1204,-261.659637,-6.6752243,25.5829468,10.4923334,0.001751025
"Continuous asphalt network",1205,-265.114044,-6.674207,18.36526,10.49101,0
"Continuous asphalt network",1206,-276.502777,-6.674207,-2.73065686,20.9817352,0
"Continuous asphalt network",1207,-270.295715,-6.674207,7.53876734,10.4911366,0
"Continuous asphalt network",1208,-273.750153,-6.674207,0.321105957,10.4911623,0
"Continuous asphalt network",1209,-270.204926,-6.674207,34.9120636,82.6112747,0
"Continuous asphalt network",1210,-282.770142,-6.674207,14.8958178,41.30633,0
"Continuous asphalt network",1211,-275.762177,-6.674207,28.9815,41.3063049,0
"Continuous asphalt network",1212,-296.362,-6.674207,-4.56430054,41.30464,0
"Continuous asphalt network",1213,-309.440552,-6.67318964,-24.302475,20.6522064,0.000129395266
"Continuous asphalt network",1214,-301.4059,-6.674207,-10.7729445,20.65224,0
"Continuous asphalt network",1215,-288.8407,-6.674207,9.243312,41.30459,0
"Continuous asphalt network",1216,-277.302124,-6.674207,29.8157043,20.6529522,0
"Continuous asphalt network",1217,-284.3101,-6.674207,15.7300215,20.6529636,0
"Continuous asphalt network",1218,-282.912079,-6.674207,42.8528137,73.06444,0
"Continuous asphalt network",1219,-294.9757,-6.674207,25.7427979,36.53161,0
"Continuous asphalt network",1220,-288.305328,-6.674207,37.8953056,36.53156,0
"Continuous asphalt network",1221,-308.0683,-6.67318964,9.192149,36.53188,0.000146760984
"Continuous asphalt network",1222,-320.646362,-6.67115545,-7.638214,18.265274,0
"Continuous asphalt network",1223,-312.947,-6.67217255,3.9549408,18.26527,0.000146760969
"Continuous asphalt network",1224,-300.883453,-6.674207,21.0649815,36.5318,0
"Continuous asphalt network",1225,-289.848846,-6.674207,38.73436,18.2661324,0
"Continuous asphalt network",1226,-296.519226,-6.674207,26.5818539,18.26616,0
"Continuous asphalt network",1227,-295.49942,-6.674207,50.4656868,62.6092377,0
"Continuous asphalt network",1228,-306.544342,-6.67318964,36.1961632,31.3051243,0.000175925918
"Continuous asphalt network",1229,-300.670929,-6.674207,46.3037148,31.3051643,0
"Continuous asphalt network",1230,-318.7067,-6.67115545,22.3725338,31.3048553,0
"Continuous asphalt network",1231,-330.310272,-6.67115545,8.3259325,15.6522045,0
"Continuous asphalt network",1232,-323.3195,-6.67115545,17.9876,15.6521969,0
"Continuous asphalt network",1233,-312.274567,-6.67217255,32.2571526,31.3048916,0.000175925568
"Continuous asphalt network",1234,-302.347046,-6.674207,46.97258,15.6520376,0
"Continuous asphalt network",1235,-308.220459,-6.67318964,36.8650246,15.6520176,0.0001759254
"Continuous asphalt network",1236,-323.89975,-6.671354,41.651226,12.1035948,0.000330163573
"Continuous asphalt network",1237,-316.796021,-6.672371,47.05432,12.103651,0.000399344455
"Continuous asphalt network",1238,-326.71225,-6.671354,37.99751,24.2067051,4.45960068E-05
"Continuous asphalt network",1239,-335.8892,-6.67115545,27.9884739,12.1037073,0
"Continuous asphalt network",1240,-342.25354,-6.67115545,21.63317,12.1036177,0
"Continuous asphalt network",1241,-333.4463,-6.67115545,32.11833,24.2067242,0
"Continuous asphalt network",1242,-317.905029,-6.67217255,48.4826164,24.2072163,0.000227966215
"Continuous asphalt network",1243,-325.0087,-6.67115545,43.0795174,24.2071056,0
"Continuous asphalt network",1244,-315.831818,-6.67318964,53.08853,48.4137268,0.0002279671
"Continuous asphalt network",1245,-282.398773,-6.674207,55.7794,50.24802,0
"Continuous asphalt network",1246,-245.6978,-6.678276,35.86276,46.5418434,0.000255549123
"Continuous asphalt network",1247,-371.5293,-6.66708565,31.9935,65.0775452,0.00017310174
"Continuous asphalt network",1248,-360.738525,-6.66505051,46.7006874,32.5389671,0
"Continuous asphalt network",1249,-366.405975,-6.6660676,36.29587,32.53883,0.000173101842
"Continuous asphalt network",1250,-290.106964,-6.66505051,87.8147354,16.0836658,0
"Continuous asphalt network",1251,-103.704155,-6.15040827,0.678029358,24.5012913,0.03704526
"Continuous asphalt network",1252,-135.688522,-5.073951,44.79149,22.71435,0.001628026
"Continuous asphalt network",1253,-129.11409,-5.07496834,39.9646759,22.7143936,0.0009225751
"Continuous asphalt network",1254,-118.721733,-5.094538,33.1026,11.356966,0.00379592669
"Continuous asphalt network",1255,-111.881958,-5.145301,28.464859,2.83928943,0.0122460956
"Continuous asphalt network",1256,-108.594749,-5.222495,26.0514679,2.83927727,0.0300984327
"Continuous asphalt network",1257,-114.056282,-5.12565565,29.2934475,5.678516,0.0119664613
"Continuous asphalt network",1258,-123.0704,-5.08648729,34.75976,22.71425,0.002936577
"Continuous asphalt network",1259,-137.2807,-5.073951,43.65714,45.428257,0.0007848494
"Continuous asphalt network",1260,-144.916565,-5.07193565,47.72771,45.4283752,0
"Continuous asphalt network",1261,-47.3183861,-5.03870249,-12.8099623,55.30094,0.004719599
"Continuous asphalt network",1262,-93.28811,-5.54081964,11.4168348,30.3239784,0.04714197
"Continuous asphalt network",1263,-99.97819,-5.698414,13.4615173,7.60284,0.05035072
"Continuous asphalt network",1264,8.989811,-3.33749747,-42.07102,8.557838,0.0471822955
"Continuous asphalt network",1265,4.89015436,-3.481983,-45.332386,4.27887726,0.0408659279
"Continuous asphalt network",1266,6.9520936,-3.4256506,-42.7643127,4.27889538,0.043773897
"Continuous asphalt network",1267,11.5793467,-3.20243526,-37.92355,17.1156979,0.05362028
"Continuous asphalt network",1268,5.872679,-3.42585659,-47.7979126,17.1157436,0.03384066
"Continuous asphalt network",1269,9.46897,-3.31130147,-44.2411766,8.55785,0.04069953
"Continuous asphalt network",1270,8.413777,-3.34332848,-47.3999939,8.557903,0.0358221456
"Continuous asphalt network",1271,18.2927723,-2.897845,-28.6399288,8.557852,0.0224569887
"Continuous asphalt network",1272,17.2375736,-2.93952656,-31.7987518,8.557816,0.0283202231
"Continuous asphalt network",1273,22.4166622,-2.74606419,-23.5037785,4.278943,0.04089137
"Continuous asphalt network",1274,25.25788,-2.52861214,-19.5040035,2.13948369,0.0549998544
"Continuous asphalt network",1275,23.699316,-2.6861937,-22.3674412,2.13947463,0.04257736
"Continuous asphalt network",1276,19.8028927,-2.876756,-29.5260525,4.278965,0.0213657133
"Continuous asphalt network",1277,20.8580914,-2.83507442,-26.3672276,4.278968,0.0216462165
"Continuous asphalt network",1278,14.096221,-3.09792876,-39.4004173,8.557886,0.0473567322
"Continuous asphalt network",1279,11.2307825,-3.239562,-45.27498,2.13940239,0.0389725119
"Continuous asphalt network",1280,9.672214,-3.29510856,-48.1384239,2.13942623,0.0313851424
"Continuous asphalt network",1281,11.50669,-3.2232275,-43.5478935,4.278934,0.04681873
"Continuous asphalt network",1282,14.648037,-3.05094051,-35.946228,17.1156368,0.03720765
"Continuous asphalt network",1283,82.797226,-0.866854966,-94.104744,33.63197,0.03287827
"Continuous asphalt network",1284,66.03829,-1.44117546,-84.685,16.8158512,0.0296578184
"Continuous asphalt network",1285,77.56744,-1.066439,-90.2733154,16.81589,0.0288512837
"Continuous asphalt network",1286,49.546772,-2.013587,-74.7466049,16.8159027,0.0301612243
"Continuous asphalt network",1287,35.6701469,-2.49797845,-66.7239151,4.20403767,0.0308827832
"Continuous asphalt network",1288,27.3575382,-2.77499676,-61.88437,2.10211,0.0246784687
"Continuous asphalt network",1289,32.98841,-2.59692359,-64.93784,2.10211372,0.0310403351
"Continuous asphalt network",1290,44.1833038,-2.20617032,-71.17448,8.408083,0.0301623568
"Continuous asphalt network",1291,66.70679,-1.44088018,-83.3884048,8.408137,0.0295926668
"Continuous asphalt network",1292,77.968544,-1.06645525,-89.49535,8.408139,0.02886386
"Continuous asphalt network",1293,60.8085136,-1.6307379,-80.85357,16.8158836,0.0296523925
"Continuous asphalt network",1294,108.001953,-0.4488674,-102.924889,10.6054153,0.0156034017
"Continuous asphalt network",1295,112.96151,-2.01999187,-73.71701,20.4437332,0
"Continuous asphalt network",1296,94.817894,-2.01999187,-57.34444,14.0700455,0
"Continuous asphalt network",1297,102.082787,-2.01999187,-63.7805061,14.0700874,0
"Continuous asphalt network",1298,90.06902,-2.02100921,-54.8589,28.140419,0.0007681442
"Continuous asphalt network",1299,76.93881,-2.0312798,-46.6697655,14.0698452,0.00544608
"Continuous asphalt network",1300,68.5574951,-2.06501651,-40.96617,14.0698223,0.00652640639
"Continuous asphalt network",1301,82.2459,-2.024355,-48.78908,28.1404114,0.0008152734
"Continuous asphalt network",1302,103.757416,-2.01999187,-62.6817932,28.1400833,0
"Continuous asphalt network",1303,96.49252,-2.01999187,-56.2457275,28.14,0
"Continuous asphalt network",1304,109.6227,-2.01999187,-64.4348755,56.28019,0
"Continuous asphalt network",1305,200.629562,-2.01593137,-50.9647026,9.163412,0.000162073251
"Continuous asphalt network",1306,208.425217,-2.01694,-40.3250122,9.163395,0
"Continuous asphalt network",1307,197.101913,-2.0145514,-56.8241768,18.32629,0.000567452167
"Continuous asphalt network",1308,186.148758,-1.98984718,-73.86295,9.163189,0.008103569
"Continuous asphalt network",1309,178.8158,-1.92511845,-85.17716,2.29075766,0.0249650255
"Continuous asphalt network",1310,175.149338,-1.83943331,-90.83426,0.57267046,0.04850686
"Continuous asphalt network",1311,173.292969,-1.74683154,-93.62909,0.5726752,0.0528720878
"Continuous asphalt network",1312,175.984985,-1.87294924,-89.30196,1.1453805,0.0260647386
"Continuous asphalt network",1313,180.4871,-1.95443881,-82.1125259,4.58160448,0.009173658
"Continuous asphalt network",1314,189.491333,-2.0030067,-67.73368,18.3262558,0.0015425107
"Continuous asphalt network",1315,207.869949,-2.01694,-39.5155945,18.32589,0
"Continuous asphalt network",1316,200.074341,-2.01593137,-50.1552849,18.3259239,0.000162072858
"Continuous asphalt network",1317,211.027466,-2.01694,-33.1165352,36.65228,0
"Continuous asphalt network",1318,228.388184,-1.99605715,-3.41449475,2.29102373,0.00301818666
"Continuous asphalt network",1319,232.286011,-1.96149635,1.90535986,2.291017,0.009425587
"Continuous asphalt network",1320,226.624344,-2.00293612,-6.34423828,4.58145332,0.0024203076
"Continuous asphalt network",1321,221.055237,-2.012368,-14.7287245,9.16290951,0.0005800217
"Continuous asphalt network",1322,232.0084,-1.96214962,2.310089,4.581434,0.00942559
"Continuous asphalt network",1323,228.11058,-1.99671042,-3.00976563,4.581447,0.003018286
"Continuous asphalt network",1324,233.587158,-1.93388557,5.5096283,9.163233,0.0088106785
"Continuous asphalt network",1325,242.313766,-1.50685692,20.2931767,2.29061985,0.0415648036
"Continuous asphalt network",1326,238.647263,-1.74861622,14.6360731,0.572753668,0.0322647355
"Continuous asphalt network",1327,236.790909,-1.83495939,11.8412523,0.572756767,0.02138673
"Continuous asphalt network",1328,239.48291,-1.695558,16.16838,1.14530838,0.0312771164
"Continuous asphalt network",1329,243.985062,-1.36365545,23.3578186,4.581678,0.0414865725
"Continuous asphalt network",1330,249.184,-0.892429054,32.28192,2.2909472,0.048536364
"Continuous asphalt network",1331,252.6654,-0.5816999,38.2088,0.5727288,0.0491011441
"Continuous asphalt network",1332,254.429245,-0.4625472,41.13853,0.572734237,0.0319632739
"Continuous asphalt network",1333,251.876038,-0.6564689,36.60905,1.14547873,0.04412156
"Continuous asphalt network",1334,247.60527,-1.06100273,29.0823822,4.58166027,0.0479369462
"Continuous asphalt network",1335,237.950455,-1.78681946,12.9013977,2.29080248,0.0572934449
"Continuous asphalt network",1336,239.806808,-1.70047629,15.6962175,2.290854,0.0308394562
"Continuous asphalt network",1337,242.59137,-1.51156175,19.8884583,4.58177233,0.0412767939
"Continuous asphalt network",1338,238.228073,-1.78869247,12.4966784,4.581575,0.03257165
"Continuous asphalt network",1339,236.556808,-1.87239265,9.432053,4.58160734,0.0210116189
"Continuous asphalt network",1340,221.610474,-2.012538,-15.5381422,18.3262024,0.000460623531
"Continuous asphalt network",1341,228.850876,-1.99576914,-4.08904028,4.58155966,0.002247762
"Continuous asphalt network",1342,232.563644,-1.96130657,1.50061548,4.581566,0.008760442
"Continuous asphalt network",1343,227.364639,-2.003134,-7.423477,9.163058,0.00218814937
"Continuous asphalt network",1344,218.638016,-2.01487327,-22.2070313,36.6523323,0.000332114578
"Continuous asphalt network",1345,187.444321,-1.98054278,-75.75161,18.3262157,0.009063035
"Continuous asphalt network",1346,179.463577,-1.905708,-86.12148,4.58155775,0.02876498
"Continuous asphalt network",1347,175.473221,-1.81812727,-91.30642,1.14542139,0.0486298166
"Continuous asphalt network",1348,173.431763,-1.73492968,-93.83143,1.14542449,0.05286904
"Continuous asphalt network",1349,176.308884,-1.85550117,-89.7741,2.29076648,0.0296633728
"Continuous asphalt network",1350,181.134888,-1.9418093,-83.05685,9.1631155,0.0103136292
"Continuous asphalt network",1351,190.786911,-1.99926031,-69.622345,36.65284,0.00191155029
"Continuous asphalt network",1352,201.554977,-2.01556015,-52.313755,18.326334,0.000221733091
"Continuous asphalt network",1353,208.980423,-2.01694,-41.1344452,18.32628,0
"Continuous asphalt network",1354,198.582535,-2.01342845,-58.98265,36.6528969,0.000576669059
"Continuous asphalt network",1355,180.759109,-1.86721,-88.0101547,9.163153,0.027989028
"Continuous asphalt network",1356,174.915176,-1.73765564,-93.24345,4.58153534,0.06978183
"Continuous asphalt network",1357,176.95665,-1.82085323,-90.71844,4.58155155,0.028311329
"Continuous asphalt network",1358,182.43042,-1.914691,-84.9455,18.3263721,0.0114130247
"Continuous asphalt network",1359,188.5548,-1.96282864,-77.37046,36.65271,0.009006971
"Continuous asphalt network",1360,177.0464,-1.71521664,-93.59979,18.3264484,0.03160588
"Continuous asphalt network",1361,182.705261,-1.85957336,-88.09668,9.163288,0.016240295
"Continuous asphalt network",1362,181.033981,-1.79077756,-91.16131,9.163311,0.0292199329
"Continuous asphalt network",1363,176.533249,-1.56003034,-96.9775,4.581643,0.0508460142
"Continuous asphalt network",1364,174.216965,-1.59782255,-96.35134,4.581611,0.06038547
"Continuous asphalt network",1365,178.527039,-1.62292993,-95.75825,9.16325951,0.04584771
"Continuous asphalt network",1366,176.437912,-1.40576935,-99.58906,4.581568,0.06341809
"Continuous asphalt network",1367,175.60228,-1.28290236,-101.121361,4.581487,0.08478205
"Continuous asphalt network",1368,173.3813,-1.50358069,-97.88367,4.581564,0.07263243
"Continuous asphalt network",1369,175.697586,-1.46578848,-98.50982,4.581596,0.06399812
"Continuous asphalt network",1370,168.585678,-2.0220263,16.6320343,66.79073,0.000165533071
"Continuous asphalt network",1371,183.8562,-2.01999187,11.003911,43.2087021,0
"Continuous asphalt network",1372,179.773926,-2.01999187,3.857381,43.2088776,0
"Continuous asphalt network",1373,140.229858,-2.033179,1.13334143,78.2138062,0.0006960877
"Continuous asphalt network",1374,130.992844,-2.02411056,-18.8871155,39.1069946,0.0002979732
"Continuous asphalt network",1375,135.570175,-2.03021431,-5.20281458,39.1069145,0.0005667505
"Continuous asphalt network",1376,101.63546,-2.100916,26.5079041,44.33492,0.00151527638
"Continuous asphalt network",1377,111.912437,-2.08165359,19.1068573,22.1670074,0.00152469974
"Continuous asphalt network",1378,104.267906,-2.09486413,22.6948032,22.1669865,0.0016408778
"Continuous asphalt network",1379,55.5193748,-2.1959362,-36.9968262,22.8452473,0.0179345217
"Continuous asphalt network",1380,-50.9346428,-5.07193565,165.536591,68.46098,0
"Continuous asphalt network",1381,-33.1768761,-5.07193565,158.327927,34.23014,0
"Continuous asphalt network",1382,-45.16946,-5.07193565,161.482788,34.2302055,0
"Continuous asphalt network",1383,-15.5346613,-5.07193565,149.881134,34.2301369,0
"Continuous asphalt network",1384,2.16534042,-5.07193565,142.053391,17.1153965,0
"Continuous asphalt network",1385,-9.711689,-5.07193565,146.446426,17.1154442,0
"Continuous asphalt network",1386,-27.4694767,-5.07193565,153.65509,34.2301674,0
"Continuous asphalt network",1387,-45.3428,-5.07193565,159.625549,17.1147461,0
"Continuous asphalt network",1388,-33.3502159,-5.07193565,156.470688,17.1147118,0
"Continuous asphalt network",1389,19.7497921,-5.07193565,132.9875,34.2298546,0
"Continuous asphalt network",1390,37.4498138,-5.07193565,125.15976,17.1152172,0
"Continuous asphalt network",1391,25.57277,-5.07193565,129.552826,17.11522,0
"Continuous asphalt network",1392,52.1516571,-5.070911,118.12075,8.557219,0.000334992335
"Continuous asphalt network",1393,61.00165,-5.0516777,114.206909,4.278775,0.00661195442
"Continuous asphalt network",1394,55.06313,-5.07040262,116.403435,4.278751,0.00176912243
"Continuous asphalt network",1395,67.24995,-5.02323151,111.215324,0.534832537,0.023356162
"Continuous asphalt network",1396,68.36703,-5.00203466,110.842186,0.267397642,0.0903805345
"Continuous asphalt network",1397,67.60305,-5.03114367,110.88459,0.2673921,0.04769418
"Continuous asphalt network",1398,69.83722,-4.874669,110.138268,0.534868062,0.103893861
"Continuous asphalt network",1399,68.71291,-4.984467,110.434029,0.267427266,0.08609454
"Continuous asphalt network",1400,67.58139,-5.042069,110.652435,0.133739531,0.04577243
"Continuous asphalt network",1401,68.3453751,-5.01296,110.610023,0.133742288,0.0894494
"Continuous asphalt network",1402,72.77759,-4.54659653,108.730469,1.06966949,0.111111991
"Continuous asphalt network",1403,70.55064,-4.79831839,109.554169,0.534831941,0.102529041
"Continuous asphalt network",1404,68.68762,-4.988619,110.163185,0.133707643,0.08966417
"Continuous asphalt network",1405,67.57055,-5.047383,110.536346,0.06684967,0.04578604
"Continuous asphalt network",1406,68.32008,-5.01986074,110.339165,0.0668479,0.102077477
"Continuous asphalt network",1407,69.8155441,-4.87704945,109.906105,0.2674146,0.10389477
"Continuous asphalt network",1408,77.1881561,-4.011657,106.618752,1.06965983,0.113980681
"Continuous asphalt network",1409,81.60596,-3.476037,104.584442,0.534810245,0.103449926
"Continuous asphalt network",1410,78.65113,-3.82450747,105.837471,0.534817338,0.113995567
"Continuous asphalt network",1411,74.2261047,-4.367759,107.794395,1.06965554,0.109543405
"Continuous asphalt network",1412,70.52535,-4.79665232,109.2833,0.267480969,0.102449223
"Continuous asphalt network",1413,68.6749954,-4.99069643,110.027748,0.06686038,0.091464214
"Continuous asphalt network",1414,67.56513,-5.05004025,110.4783,0.0334408954,0.0457670279
"Continuous asphalt network",1415,68.30744,-5.02331161,110.203735,0.033441864,0.108599894
"Continuous asphalt network",1416,69.79026,-4.87727261,109.635262,0.133723408,0.10723342
"Continuous asphalt network",1417,72.75591,-4.5445323,108.4983,0.5349644,0.109744571
"Continuous asphalt network",1418,65.37611,-5.039435,111.70826,2.139377,0.0260951985
"Continuous asphalt network",1419,62.4212837,-5.050948,112.961281,2.139444,0.05101996
"Continuous asphalt network",1420,55.0197945,-5.071157,115.93911,2.13956046,0.00163622375
"Continuous asphalt network",1421,60.9583168,-5.052432,113.742584,2.13957262,0.0065473225
"Continuous asphalt network",1422,43.2438927,-5.07193565,121.415535,17.11446,0
"Continuous asphalt network",1423,25.4861088,-5.07193565,128.6242,8.557177,0
"Continuous asphalt network",1424,37.3631554,-5.07193565,124.23114,8.557177,0
"Continuous asphalt network",1425,7.84387827,-5.07193565,137.071,34.22974,0
"Continuous asphalt network",1426,-9.942788,-5.07193565,143.970108,17.11481,0
"Continuous asphalt network",1427,1.992021,-5.07193565,140.196152,17.1147976,0
"Continuous asphalt network",1428,-27.6716862,-5.07193565,151.4883,17.1149673,0
"Continuous asphalt network",1429,-45.4294624,-5.07193565,158.69693,8.557655,0
"Continuous asphalt network",1430,-33.55243,-5.07193565,154.3039,8.557671,0
"Continuous asphalt network",1431,-15.7657614,-5.07193565,147.404785,17.1150017,0
"Continuous asphalt network",1432,2.07867551,-5.07193565,141.124756,8.557255,0
"Continuous asphalt network",1433,-9.856133,-5.07193565,144.898727,8.557262,0
"Continuous asphalt network",1434,-109.707054,-5.07193565,121.813721,6.28741455,0
"Continuous asphalt network",1435,-114.9723,-5.07193565,114.337036,6.28737831,0
"Continuous asphalt network",1436,-107.471191,-5.07193565,126.050041,12.5738611,0
"Continuous asphalt network",1437,-100.366829,-5.07193565,138.261017,6.286782,0
"Continuous asphalt network",1438,-95.49835,-5.07193565,146.235672,6.28675556,0
"Continuous asphalt network",1439,-102.40432,-5.07193565,133.775726,12.573925,0
"Continuous asphalt network",1440,-114.377113,-5.07193565,113.590088,12.5739479,0
"Continuous asphalt network",1441,-109.111877,-5.07193565,121.066772,12.57402,0
"Continuous asphalt network",1442,-116.216194,-5.07193565,108.855827,25.1482925,0
"Continuous asphalt network",1443,-127.197083,-5.07193565,87.4253159,6.287393,0
"Continuous asphalt network",1444,-122.328606,-5.07193565,95.3999557,6.287377,0
"Continuous asphalt network",1445,-129.234543,-5.07193565,82.94001,12.5741329,0
"Continuous asphalt network",1446,-135.7437,-5.07193565,69.9821243,6.287275,0
"Continuous asphalt network",1447,-140.215408,-5.07193565,61.50952,6.287266,0
"Continuous asphalt network",1448,-133.904633,-5.07193565,74.7164,12.5741444,0
"Continuous asphalt network",1449,-122.923767,-5.07193565,96.14691,12.5738316,0
"Continuous asphalt network",1450,-127.792244,-5.07193565,88.17227,12.573864,0
"Continuous asphalt network",1451,-121.283073,-5.07193565,101.130157,25.1482124,0
"Continuous asphalt network",1452,-101.755577,-5.07193565,140.00386,12.57429,0
"Continuous asphalt network",1453,-96.09353,-5.07193565,146.98259,12.5743017,0
"Continuous asphalt network",1454,-103.79303,-5.07193565,135.51857,25.1484547,0
"Continuous asphalt network",1455,-110.698975,-5.07193565,123.058632,12.5737705,0
"Continuous asphalt network",1456,-115.567467,-5.07193565,115.083992,12.5737429,0
"Continuous asphalt network",1457,-109.0583,-5.07193565,128.04187,25.14831,0
"Continuous asphalt network",1458,-97.2838745,-5.07193565,148.476456,25.1480446,0
"Continuous asphalt network",1459,-102.945923,-5.07193565,141.497726,25.1480217,0
"Continuous asphalt network",1460,-96.03998,-5.07193565,153.957657,50.2964821,0
"Continuous asphalt network",1461,88.46633,-2.91244316,105.854027,4.10950851,0.0518185832
"Continuous asphalt network",1462,86.44934,-3.024761,104.98056,4.10945559,0.07124332
"Continuous asphalt network",1463,89.2325058,-2.88085437,107.996895,8.219182,0.0547964051
"Continuous asphalt network",1464,89.9594955,-2.75045776,102.878448,8.219105,0.06650633
"Continuous asphalt network",1465,86.69169,-2.975107,103.274414,4.109614,0.0830428153
"Continuous asphalt network",1466,88.70867,-2.86278915,104.147881,4.109667,0.06552768
"Continuous asphalt network",1467,92.78184,-2.7943604,113.156151,16.4383659,0.02174927
"Continuous asphalt network",1468,92.05666,-2.76583862,106.956047,4.10960627,0.0451293141
"Continuous asphalt network",1469,91.411644,-2.71101761,103.960083,4.10958052,0.0492204539
"Continuous asphalt network",1470,91.2495041,-2.806634,108.870369,8.219131,0.0216829032
"Continuous asphalt network",1471,260.214447,-0.2620725,61.60454,14.0167246,0
"Continuous asphalt network",1472,267.5895,-0.193550363,45.8021278,11.2900629,0.0155840134
"Continuous asphalt network",1473,270.1102,-0.135097757,44.0096474,11.2899075,0.02464389
"Continuous asphalt network",1474,275.9844,0.0589282326,40.82777,11.2902107,0.0345461257
"Continuous asphalt network",1475,271.7981,-0.0631179139,41.8140526,11.2900028,0.02780661
"Continuous asphalt network",1476,296.5963,0.354420751,11.74706,6.245337,0
"Continuous asphalt network",1477,294.4673,0.3780655,10.2554522,6.245554,0.0202662256
"Continuous asphalt network",1478,295.5765,0.354420751,13.6401062,12.4903526,0
"Continuous asphalt network",1479,301.829376,0.355335,10.1982374,12.491045,0.000783631171
"Continuous asphalt network",1480,296.551544,0.378979772,9.108134,6.24565172,0.0206577461
"Continuous asphalt network",1481,298.680573,0.355335,10.5997419,6.24543476,0.000856201747
"Continuous asphalt network",1482,310.1666,0.3548181,5.609141,24.9814,0.00034059913
"Continuous asphalt network",1483,303.880157,0.359718084,7.07182837,12.4907618,0.00222577667
"Continuous asphalt network",1484,297.58255,0.383879751,7.874771,6.245165,0.011863037
"Continuous asphalt network",1485,301.795868,0.360234976,8.21909,6.245225,0.00604308955
"Continuous asphalt network",1486,322.6724,0.354420751,-1.27454627,24.98168,0
"Continuous asphalt network",1487,335.1894,0.354420751,-7.49848938,12.4901686,0
"Continuous asphalt network",1488,326.829865,0.354420751,-4.22881556,12.4901972,0
"Continuous asphalt network",1489,314.301666,0.355841726,1.335434,24.98177,0.000337777
"Continuous asphalt network",1490,301.7512,0.379883856,5.58022547,12.49076,0.00606133835
"Continuous asphalt network",1491,310.1331,0.35623908,3.62999988,12.4907,0.00160928979
"Continuous asphalt network",1492,263.9505,2.47213268,-53.24226,0.0322772376,0.0284822714
"Continuous asphalt network",1493,260.474426,2.60448551,-52.4123077,0.0161322635,0.0556851
"Continuous asphalt network",1494,262.791931,2.50538087,-52.9615135,0.0161324032,0.0279337075
"Continuous asphalt network",1495,324.545349,2.43991637,-109.058662,37.99481,0.0001406529
"Continuous asphalt network",1496,316.639557,2.438899,-121.183311,37.9948463,0
"Continuous asphalt network",1497,326.4971,2.440653,-101.793419,75.99032,0.000167571241
"Continuous asphalt network",1498,275.253082,2.41513729,-175.516068,21.8406258,0.00370539
"Continuous asphalt network",1499,279.9581,2.43182468,-168.653946,21.8406029,0.00147769414
"Continuous asphalt network",1500,274.9752,2.40459275,-180.047562,43.68089,0.00282425969
"Continuous asphalt network",1501,275.931244,2.39553738,-190.551346,55.8807,0.0012853021
"Continuous asphalt network",1502,121.466858,-3.520669,-355.5569,25.7312183,0.0008032695
"Continuous asphalt network",1503,130.015274,-3.527652,-360.3651,25.7311974,0.0006236614
"Continuous asphalt network",1504,116.180321,-3.52047181,-355.258881,51.4622536,0.00162936654
"Continuous asphalt network",1505,142.837921,-3.53539658,-367.577484,25.73116,0.000335182238
"Continuous asphalt network",1506,155.913651,-3.53930187,-374.263275,12.8656578,0.000163277567
"Continuous asphalt network",1507,146.859055,-3.53699017,-370.508148,12.8657045,0.000331045216
"Continuous asphalt network",1508,128.749878,-3.527652,-362.9978,12.8650036,0.0006236621
"Continuous asphalt network",1509,119.69529,-3.52440286,-359.242676,12.865016,4.02739424E-05
"Continuous asphalt network",1510,133.783325,-3.53070426,-363.8223,25.731041,0.000623662665
"Continuous asphalt network",1511,99.47571,-3.541398,-374.5704,71.48677,0.0005592974
"Continuous asphalt network",1512,92.77897,-3.54953671,-393.331055,35.7432365,0.0003920226
"Continuous asphalt network",1513,95.5307,-3.54546738,-380.877777,35.7432365,0.0005529948
"Continuous asphalt network",1514,91.74447,-3.53986,-361.939484,78.3469238,0.0004894854
"Continuous asphalt network",1515,72.65664,-3.54291248,-349.8296,39.173,0
"Continuous asphalt network",1516,86.01568,-3.54087758,-356.480743,39.17297,0.000272954727
"Continuous asphalt network",1517,61.9196167,-3.54392982,-335.841949,27.8671932,0.000435964583
"Continuous asphalt network",1518,128.52594,-3.397437,-293.196564,11.93573,0.0188933164
"Continuous asphalt network",1519,124.884033,-3.49005485,-290.3589,11.9357548,0.0265739746
"Continuous asphalt network",1520,131.416122,-3.3281076,-292.535278,23.8715763,0.0264711287
"Continuous asphalt network",1521,117.600258,-3.7019484,-284.683624,23.8710728,0.0234348569
"Continuous asphalt network",1522,125.953278,-3.47795224,-288.278839,23.87107,0.0263288729
"Continuous asphalt network",1523,165.886917,-0.5329227,-211.199036,10.8606739,0.008996689
"Continuous asphalt network",1524,168.925766,-0.5389858,-214.251343,10.860508,0.0246212278
"Continuous asphalt network",1525,158.1132,-0.641639,-208.156174,10.8606615,0.0291159768
"Continuous asphalt network",1526,162.28273,-0.5672896,-209.167313,10.8607311,0.0132528823
"Continuous asphalt network",1527,173.6606,-0.474636316,-214.2419,21.7212257,0.02665877
"Continuous asphalt network",1528,170.62175,-0.468573183,-211.18959,21.721384,0.019852208
"Continuous asphalt network",1529,150.440933,-0.7847089,-204.384262,5.57792044,0.036110457
"Continuous asphalt network",1530,96.05918,-4.235877,-301.171539,24.7320728,0.008205771
"Continuous asphalt network",1531,101.784142,-4.135721,-294.115265,24.7321262,0.013839961
"Continuous asphalt network",1532,95.06342,-4.271283,-306.2389,49.4640846,0.007994894
"Continuous asphalt network",1533,-28.7801533,-5.09940338,-341.7147,41.7001266,0
"Continuous asphalt network",1534,-41.0877342,-5.10042048,-323.720459,61.3538628,0.000435968366
"Continuous asphalt network",1535,-83.3151855,-5.43675756,-260.1667,64.7903061,0.00175819674
"Continuous asphalt network",1536,-93.6968,-5.43816948,-275.5868,32.3949623,0
"Continuous asphalt network",1537,-88.14414,-5.43950653,-264.565552,32.3949623,0.000216780361
"Continuous asphalt network",1538,-77.0309753,-5.436481,-251.366074,4.332277,0.0027134642
"Continuous asphalt network",1539,-98.0031357,-5.470694,-241.372925,24.6423969,0.000453178829
"Continuous asphalt network",1540,-144.46608,-5.47174072,-213.531113,17.3422489,0
"Continuous asphalt network",1541,-153.696045,-5.47174072,-205.440353,17.3422375,0
"Continuous asphalt network",1542,-138.760742,-5.47174072,-216.862122,34.68466,0
"Continuous asphalt network",1543,-122.735069,-5.47174072,-227.569519,17.3421822,0
"Continuous asphalt network",1544,-112.414742,-5.47174072,-234.945923,17.3421574,0
"Continuous asphalt network",1545,-128.9856,-5.47174072,-224.595688,34.6847725,0
"Continuous asphalt network",1546,-155.331589,-5.47174072,-206.511887,34.68442,0
"Continuous asphalt network",1547,-146.101624,-5.47174072,-214.602646,34.6844444,0
"Continuous asphalt network",1548,-162.127274,-5.472758,-203.895218,69.36917,0.0003908346
"Continuous asphalt network",1549,-82.11068,-5.47838354,-232.856262,22.77966,0.00190569228
"Continuous asphalt network",1550,7.062926,-7.317077,-230.633072,12.1000118,0.0262369756
"Continuous asphalt network",1551,9.816407,-7.3702755,-232.81221,6.04990244,0.0383413248
"Continuous asphalt network",1552,7.245774,-7.29800272,-232.73085,6.049899,0.0265369378
"Continuous asphalt network",1553,8.459366,-7.22264147,-236.742676,3.38636041,0.0500283837
"Continuous asphalt network",1554,10.6137571,-7.364906,-235.0544,1.69316471,0.04928081
"Continuous asphalt network",1555,10.0343752,-7.2861495,-236.207031,1.69317973,0.09078577
"Continuous asphalt network",1556,8.232944,-7.15170145,-238.491943,6.772749,0.03532393
"Continuous asphalt network",1557,6.115149,-7.232483,-234.912033,6.772808,0.0292626116
"Continuous asphalt network",1558,9.618136,-7.33773041,-234.437424,3.386418,0.04732967
"Continuous asphalt network",1559,7.753437,-7.25362968,-235.549362,3.38643384,0.0307432134
"Continuous asphalt network",1560,7.137444,-7.07211351,-241.9702,1.69327021,0.0357591473
"Continuous asphalt network",1561,6.558059,-7.07669067,-243.122818,1.69316685,0.0272256713
"Continuous asphalt network",1562,6.14181948,-7.09714651,-241.3532,3.386384,0.0148104988
"Continuous asphalt network",1563,5.39928961,-7.1363883,-245.428055,3.38643217,0.0329154246
"Continuous asphalt network",1564,5.27274,-7.10697,-243.0821,3.386359,0.0153358784
"Continuous asphalt network",1565,4.95637369,-7.17575645,-237.2173,6.772808,0.0158090722
"Continuous asphalt network",1566,6.36824,-7.12596273,-239.6039,6.772798,0.0274096522
"Continuous asphalt network",1567,3.018486,-7.14283,-248.865616,6.772754,0.0324906334
"Continuous asphalt network",1568,2.53401756,-7.08016968,-251.777664,0.4232856,0.06970536
"Continuous asphalt network",1569,2.24432063,-7.0312314,-252.354,0.423300326,0.120160252
"Continuous asphalt network",1570,2.03619957,-7.061693,-251.4692,0.8465895,0.062125355
"Continuous asphalt network",1571,1.66493547,-6.91870546,-253.506638,0.8465866,0.08347321
"Continuous asphalt network",1572,1.601656,-6.99100876,-252.333664,0.846564,0.0490750372
"Continuous asphalt network",1573,1.79643953,-7.084453,-249.99791,3.38643479,0.04979229
"Continuous asphalt network",1574,0.4745318,-6.794314,-255.2254,1.69319463,0.0767346
"Continuous asphalt network",1575,-0.07322121,-6.735794,-256.9645,0.8466089,0.06536944
"Continuous asphalt network",1576,-0.136491135,-6.77697754,-255.791519,0.846565247,0.07890557
"Continuous asphalt network",1577,-0.942289352,-6.734884,-258.693451,0.846613646,0.0565210246
"Continuous asphalt network",1578,-1.65070152,-6.770289,-260.42746,0.4233227,0.122256078
"Continuous asphalt network",1579,-1.39264488,-6.741037,-259.264679,0.423300564,0.120355494
"Continuous asphalt network",1580,-0.8449052,-6.76475143,-257.525543,0.846583843,0.0429262221
"Continuous asphalt network",1581,-0.61848706,-6.804016,-255.77626,0.423297882,0.06274574
"Continuous asphalt network",1582,-0.5552171,-6.76283264,-256.949249,0.4233197,0.0430028439
"Continuous asphalt network",1583,0.187317535,-6.94070959,-252.87439,1.69313931,0.0445212573
"Continuous asphalt network",1584,0.571921051,-6.87710953,-254.05751,1.69316053,0.0723023
"Continuous asphalt network",1585,0.832448959,-7.04644156,-249.9674,1.69316864,0.03276069
"Continuous asphalt network",1586,1.11966,-6.983214,-252.3184,0.4233098,0.0461271
"Continuous asphalt network",1587,1.18293953,-6.91091156,-253.491379,0.4233211,0.0814919844
"Continuous asphalt network",1588,0.766690552,-7.00013733,-251.721756,0.8465769,0.0497570857
"Continuous asphalt network",1589,2.444062,-7.11204338,-244.163574,6.77280569,0.00534403371
"Continuous asphalt network",1590,3.21326756,-7.140175,-246.529846,6.772822,0.0346480571
"Continuous asphalt network",1591,3.73433,-7.156649,-238.3496,6.772755,0.01374079
"Continuous asphalt network",1592,4.30875635,-7.117659,-243.05159,1.69313633,0.00367144635
"Continuous asphalt network",1593,4.435306,-7.147078,-245.397537,1.69317293,0.0282107424
"Continuous asphalt network",1594,3.602827,-7.122122,-241.858322,3.38634777,0.00308570359
"Continuous asphalt network",1595,-3.93412471,-6.934607,-262.697144,6.7728014,0.03535609
"Continuous asphalt network",1596,-4.41860628,-7.01129,-265.609253,0.423308522,0.04435755
"Continuous asphalt network",1597,-4.70830345,-7.00797653,-266.185547,0.42330876,0.0461200066
"Continuous asphalt network",1598,-4.91641665,-7.00203657,-265.30072,0.8466201,0.0225198586
"Continuous asphalt network",1599,-5.05459929,-6.942346,-267.1992,0.211645946,0.2376894
"Continuous asphalt network",1600,-5.23108625,-6.98705149,-266.900848,0.21165821,0.02045343
"Continuous asphalt network",1601,-5.344282,-6.88262749,-267.775482,0.105819076,0.281636268
"Continuous asphalt network",1602,-5.48122644,-6.869291,-268.210266,0.0529166,0.229270682
"Continuous asphalt network",1603,-5.49703836,-6.88656044,-267.917023,0.05291295,0.27813822
"Continuous asphalt network",1604,-5.53659058,-6.98088074,-267.183929,0.105823994,0.0425935872
"Continuous asphalt network",1605,-5.36010361,-6.93617439,-267.482269,0.105819032,0.258680731
"Continuous asphalt network",1606,-5.52744436,-7.00291824,-265.866852,0.4232962,0.0408190526
"Continuous asphalt network",1607,-5.17448473,-6.99762344,-266.463531,0.423301935,0.0328616165
"Continuous asphalt network",1608,-5.156166,-6.980343,-263.829437,3.38636,0.0140539976
"Continuous asphalt network",1609,-6.38983727,-7.095672,-269.2061,0.211668953,0.1103069
"Continuous asphalt network",1610,-5.92366266,-7.020148,-268.9281,0.211648732,0.189927936
"Continuous asphalt network",1611,-6.44643831,-7.14358854,-269.643433,0.423323333,0.119339772
"Continuous asphalt network",1612,-6.9759,-7.09136772,-268.748444,0.4233013,0.117338635
"Continuous asphalt network",1613,-6.260813,-7.031813,-268.6247,0.105813369,0.113359995
"Continuous asphalt network",1614,-5.93948936,-6.992449,-268.634857,0.105811313,0.196999878
"Continuous asphalt network",1615,-6.56632757,-7.076175,-268.907745,0.211644828,0.112154178
"Continuous asphalt network",1616,-6.88098,-7.26657724,-270.5079,0.4233095,0.146941721
"Continuous asphalt network",1617,-7.15485525,-7.39854956,-271.377441,0.211663857,0.177641734
"Continuous asphalt network",1618,-7.18649435,-7.31439352,-270.790924,0.211634323,0.110801175
"Continuous asphalt network",1619,-7.08910227,-7.18669653,-269.623077,0.8466191,0.09913829
"Continuous asphalt network",1620,-7.894914,-7.546377,-272.525,0.8466122,0.114570528
"Continuous asphalt network",1621,-8.60332,-7.672131,-274.259033,0.4232977,0.112765007
"Continuous asphalt network",1622,-8.345272,-7.587106,-273.096222,0.423297733,0.135579
"Continuous asphalt network",1623,-7.89366674,-7.36745071,-271.0613,0.423304647,0.109792806
"Continuous asphalt network",1624,-7.701369,-7.44384527,-271.652924,0.4233063,0.155420586
"Continuous asphalt network",1625,-7.571097,-7.20998144,-269.607819,0.423284382,0.0991394445
"Continuous asphalt network",1626,-7.42749166,-7.31893349,-270.783325,0.105819337,0.124273337
"Continuous asphalt network",1627,-7.39585257,-7.40308952,-271.369843,0.105834104,0.187689275
"Continuous asphalt network",1628,-7.603972,-7.2944026,-270.485016,0.211642161,0.124275245
"Continuous asphalt network",1629,-6.765307,-7.04285049,-266.7059,1.6931777,0.0649201646
"Continuous asphalt network",1630,-6.380705,-7.00647354,-267.889069,1.69318914,0.101624295
"Continuous asphalt network",1631,-6.12015772,-6.98996544,-263.79892,1.69322288,0.0283667985
"Continuous asphalt network",1632,-5.832956,-6.998221,-266.149933,0.423310339,0.0146830175
"Continuous asphalt network",1633,-5.769689,-6.96948576,-267.3229,0.4233028,0.0482515059
"Continuous asphalt network",1634,-6.18592024,-7.0069623,-265.553253,0.846626461,0.0238825642
"Continuous asphalt network",1635,-9.633058,-7.68764544,-275.98288,0.423296273,0.146224
"Continuous asphalt network",1636,-9.922755,-7.67532873,-276.559174,0.423326,0.129897416
"Continuous asphalt network",1637,-10.1308813,-7.61822748,-275.674377,0.846584558,0.1082486
"Continuous asphalt network",1638,-10.3573065,-7.62888861,-277.4237,0.423316,0.136587754
"Continuous asphalt network",1639,-10.631176,-7.57476,-278.293243,0.211657181,0.164723873
"Continuous asphalt network",1640,-10.662816,-7.592201,-277.706757,0.211627558,0.134947911
"Continuous asphalt network",1641,-10.5654268,-7.58917475,-276.538879,0.8466319,0.136290938
"Continuous asphalt network",1642,-11.138133,-7.407391,-279.3018,0.211634979,0.188089877
"Continuous asphalt network",1643,-11.3146105,-7.42899132,-279.003448,0.211661085,0.137034476
"Continuous asphalt network",1644,-11.4278288,-7.28501654,-279.878082,0.105829671,0.273951918
"Continuous asphalt network",1645,-11.5647688,-7.14929342,-280.3129,0.0529228151,0.384597838
"Continuous asphalt network",1646,-11.5805864,-7.24522,-280.019653,0.05291549,0.2703583
"Continuous asphalt network",1647,-11.6201239,-7.369208,-279.28653,0.105834186,0.169868961
"Continuous asphalt network",1648,-11.4436455,-7.347608,-279.584869,0.105822608,0.154091269
"Continuous asphalt network",1649,-11.9347878,-6.93589163,-280.8867,0.2116275,0.393032461
"Continuous asphalt network",1650,-12.2165709,-6.68301773,-281.6096,0.0529148728,0.418322384
"Continuous asphalt network",1651,-12.3936768,-6.58440542,-282.0431,0.0264562052,0.209993571
"Continuous asphalt network",1652,-12.3291636,-6.64665461,-281.7524,0.0264580939,0.418320179
"Continuous asphalt network",1653,-12.1599617,-6.841858,-281.172272,0.105818667,0.418381423
"Continuous asphalt network",1654,-11.9664259,-7.158342,-280.300171,0.0529055,0.3488958
"Continuous asphalt network",1655,-11.9259491,-7.262943,-279.935547,0.02645669,0.267038018
"Continuous asphalt network",1656,-11.8778753,-7.232224,-280.0834,0.0264546461,0.32998088
"Continuous asphalt network",1657,-11.83802,-7.100639,-280.4506,0.105839469,0.372821
"Continuous asphalt network",1658,-11.7728844,-7.337879,-279.42807,0.1058264,0.1369193
"Continuous asphalt network",1659,-11.7010908,-7.24576426,-280.0158,0.0264533684,0.2703676
"Continuous asphalt network",1660,-11.6852722,-7.14983749,-280.309052,0.0264570322,0.3846089
"Continuous asphalt network",1661,-11.7652884,-7.270448,-279.940582,0.0264499076,0.31548965
"Continuous asphalt network",1662,-11.8133621,-7.30116653,-279.792725,0.026451949,0.164636463
"Continuous asphalt network",1663,-11.4344873,-7.47136545,-278.2678,0.21164985,0.155837148
"Continuous asphalt network",1664,-11.3054619,-7.50754547,-277.6864,0.211635023,0.136324942
"Continuous asphalt network",1665,-11.1776781,-7.47971153,-278.5687,0.423285633,0.147904083
"Continuous asphalt network",1666,-11.0474205,-7.52616835,-276.523651,0.4232917,0.120077662
"Continuous asphalt network",1667,-10.90381,-7.559654,-277.699127,0.105820984,0.1368213
"Continuous asphalt network",1668,-10.8721695,-7.542212,-278.2856,0.105835795,0.166332051
"Continuous asphalt network",1669,-11.0802927,-7.53333426,-277.400848,0.211642131,0.120133936
"Continuous asphalt network",1670,-13.1093817,-6.65911865,-282.898682,0.84660244,0.16625528
"Continuous asphalt network",1671,-13.8177948,-6.7465,-284.632721,0.423298538,0.127177283
"Continuous asphalt network",1672,-13.559741,-6.716994,-283.4699,0.423283726,0.1267812
"Continuous asphalt network",1673,-14.9765654,-6.875612,-286.937958,0.846634567,0.0497748926
"Continuous asphalt network",1674,-14.3484755,-6.80661631,-285.2014,0.423317671,0.0509627
"Continuous asphalt network",1675,-13.800724,-6.745205,-283.46228,0.211620241,0.100065678
"Continuous asphalt network",1676,-14.0587778,-6.77471,-284.6251,0.211627647,0.102271795
"Continuous asphalt network",1677,-13.0904961,-6.70779467,-281.947845,0.0529105,0.29101792
"Continuous asphalt network",1678,-13.3035,-6.724539,-282.0875,0.052916836,0.309790462
"Continuous asphalt network",1679,-13.0923223,-6.781719,-281.728241,0.105821058,0.4183871
"Continuous asphalt network",1680,-12.9280138,-6.6580143,-282.172577,0.211658671,0.2057152
"Continuous asphalt network",1681,-12.9352865,-6.92279959,-281.294067,0.105838612,0.418378085
"Continuous asphalt network",1682,-12.8847761,-7.043907,-280.929749,0.0264491569,0.292777956
"Continuous asphalt network",1683,-12.8464308,-7.09904051,-280.711426,0.0132318577,0.160691574
"Continuous asphalt network",1684,-12.8184433,-7.059816,-280.858673,0.0132282674,0.4358144
"Continuous asphalt network",1685,-12.8026161,-6.955606,-281.1519,0.0529056825,0.418355167
"Continuous asphalt network",1686,-12.6906548,-6.71063471,-281.740936,0.0529131927,0.4183933
"Continuous asphalt network",1687,-12.5805044,-6.60194159,-282.110352,0.0264571644,0.1513409
"Continuous asphalt network",1688,-12.6888351,-6.638496,-281.960571,0.0264584068,0.2720316
"Continuous asphalt network",1689,-12.8793154,-6.80031,-281.588623,0.105823815,0.418397039
"Continuous asphalt network",1690,-12.67541,-7.162933,-280.3509,0.05291193,0.160690561
"Continuous asphalt network",1691,-12.4867468,-7.13832664,-280.5032,0.0264583714,0.2676973
"Continuous asphalt network",1692,-12.6474152,-7.14474726,-280.498138,0.02646164,0.160692722
"Continuous asphalt network",1693,-12.5445528,-7.21728373,-279.9891,0.052913513,0.123604722
"Continuous asphalt network",1694,-12.4484053,-7.190458,-280.284882,0.0132271061,0.160725072
"Continuous asphalt network",1695,-12.420413,-7.15356445,-280.432129,0.0132252527,0.404509753
"Continuous asphalt network",1696,-12.5427332,-7.193405,-280.2087,0.0264530573,0.1607192
"Continuous asphalt network",1697,-12.3352089,-7.28327,-279.410278,0.105806574,0.110148892
"Continuous asphalt network",1698,-12.3437319,-7.232807,-279.995483,0.02645627,0.124480948
"Continuous asphalt network",1699,-12.3540764,-7.168802,-280.361053,0.013227798,0.487294734
"Continuous asphalt network",1700,-12.3820686,-7.20569468,-280.213837,0.0132281678,0.16071035
"Continuous asphalt network",1701,-12.4118881,-7.241449,-279.846954,0.0529050864,0.125213578
"Continuous asphalt network",1702,-12.481288,-6.89873362,-281.162079,0.1058181,0.418362141
"Continuous asphalt network",1703,-12.4898224,-6.67510462,-281.7473,0.0264597125,0.4182314
"Continuous asphalt network",1704,-12.5001717,-6.5881753,-282.1129,0.0132270986,0.171322852
"Continuous asphalt network",1705,-12.5281639,-6.610514,-281.965668,0.0132270986,0.267367572
"Continuous asphalt network",1706,-12.5579786,-6.74344873,-281.598755,0.0529090129,0.418407142
"Continuous asphalt network",1707,-12.5111017,-7.044721,-280.7952,0.05292166,0.418349564
"Continuous asphalt network",1708,-12.6997614,-7.110728,-280.642853,0.0264543872,0.284317732
"Continuous asphalt network",1709,-12.539093,-7.104307,-280.647919,0.0264511183,0.383202344
"Continuous asphalt network",1710,-12.6419563,-6.9271636,-281.157,0.05292213,0.4183442
"Continuous asphalt network",1711,-12.7381105,-7.05626869,-280.861237,0.0132251335,0.409854144
"Continuous asphalt network",1712,-12.766098,-7.09549332,-280.713959,0.0132287238,0.186577976
"Continuous asphalt network",1713,-12.6437836,-7.01191759,-280.937378,0.0264629256,0.418351442
"Continuous asphalt network",1714,-11.9408331,-7.385721,-278.544525,0.2116568,0.13010703
"Continuous asphalt network",1715,-11.7071352,-7.45556259,-277.673676,0.105805486,0.136440277
"Continuous asphalt network",1716,-11.7558241,-7.42755365,-278.2576,0.105809018,0.155844346
"Continuous asphalt network",1717,-11.2884169,-7.498745,-276.516,0.2116734,0.101793639
"Continuous asphalt network",1718,-11.4819489,-7.484005,-277.388062,0.105827495,0.101710662
"Continuous asphalt network",1719,-11.6353254,-7.443983,-278.2614,0.05292762,0.1557849
"Continuous asphalt network",1720,-11.5866365,-7.47199249,-277.67746,0.0529258549,0.1363627
"Continuous asphalt network",1721,-11.9493675,-7.342008,-279.12973,0.211667776,0.13798371
"Continuous asphalt network",1722,-12.0303154,-7.261345,-279.859039,0.0529132746,0.207577914
"Continuous asphalt network",1723,-12.0869169,-7.16665268,-280.2964,0.0264541749,0.418322265
"Continuous asphalt network",1724,-12.1027327,-7.23893738,-280.003082,0.0264523216,0.196127474
"Continuous asphalt network",1725,-12.0942116,-7.303698,-279.4179,0.10580799,0.12520647
"Continuous asphalt network",1726,-12.2561083,-6.971443,-280.876465,0.1058242,0.418330669
"Continuous asphalt network",1727,-12.3772383,-6.711455,-281.6045,0.026459571,0.418440938
"Continuous asphalt network",1728,-12.4539232,-6.59507227,-282.0412,0.0132244527,0.2103421
"Continuous asphalt network",1729,-12.4295778,-6.66444159,-281.749237,0.01322721,0.4185209
"Continuous asphalt network",1730,-12.3607912,-6.87740326,-281.1659,0.0529154576,0.418428063
"Continuous asphalt network",1731,-12.2311478,-7.255516,-279.852631,0.0264616143,0.1258791
"Continuous asphalt network",1732,-12.307827,-7.18250036,-280.289337,0.013223622,0.2798634
"Continuous asphalt network",1733,-12.2834883,-7.237414,-279.9974,0.0132245151,0.124396957
"Continuous asphalt network",1734,-12.2147131,-7.292731,-279.4141,0.0529213846,0.1101563
"Continuous asphalt network",1735,-12.2396708,-7.12831736,-280.437866,0.0529120341,0.36303404
"Continuous asphalt network",1736,-12.1830635,-7.244076,-280.000519,0.0264605973,0.114982352
"Continuous asphalt network",1737,-12.1672478,-7.171791,-280.293823,0.02646245,0.401502848
"Continuous asphalt network",1738,-10.0980072,-7.584003,-274.7972,1.6931982,0.113701671
"Continuous asphalt network",1739,-9.679287,-7.54819345,-273.6395,1.69324136,0.09998491
"Continuous asphalt network",1740,-9.051197,-7.430641,-271.902924,3.3865025,0.08594429
"Continuous asphalt network",1741,-7.27892256,-7.069304,-266.104156,3.38636923,0.04907917
"Continuous asphalt network",1742,-7.92405844,-7.17693853,-269.011169,0.846592069,0.09882455
"Continuous asphalt network",1743,-8.150482,-7.339598,-270.760437,0.4233198,0.110958137
"Continuous asphalt network",1744,-8.213749,-7.23350763,-269.587463,0.423290282,0.07107487
"Continuous asphalt network",1745,-8.537575,-7.51548,-272.504669,0.423297733,0.102551632
"Continuous asphalt network",1746,-8.795623,-7.60050535,-273.66745,0.423294365,0.1754668
"Continuous asphalt network",1747,-8.50344849,-7.292826,-270.1638,0.423298955,0.134527564
"Continuous asphalt network",1748,-8.440182,-7.39891768,-271.336761,0.4233126,0.113654032
"Continuous asphalt network",1749,-4.654639,-6.89554644,-259.746918,3.38635969,0.0382730924
"Continuous asphalt network",1750,-3.36203957,-6.860224,-260.666046,0.8466028,0.05629343
"Continuous asphalt network",1751,-2.92873955,-6.86491156,-261.265259,0.846574962,0.0637236759
"Continuous asphalt network",1752,-4.430701,-6.90190268,-260.924957,1.69319141,0.0354584232
"Continuous asphalt network",1753,-3.60784459,-6.874353,-256.852661,3.386399,0.03475578
"Continuous asphalt network",1754,-2.83863187,-6.824369,-259.2189,0.8465974,0.0511359423
"Continuous asphalt network",1755,-2.39804459,-6.82816553,-260.696564,0.423323184,0.03504125
"Continuous asphalt network",1756,-2.8313446,-6.82347727,-260.097382,0.423321158,0.0530246831
"Continuous asphalt network",1757,-3.59326482,-6.854759,-258.609528,1.69317,0.03137347
"Continuous asphalt network",1758,-2.35168839,-6.92102957,-253.379517,3.38638258,0.03264181
"Continuous asphalt network",1759,-1.41686,-7.01369333,-249.8962,1.69318449,0.02142816
"Continuous asphalt network",1760,-1.61164224,-6.9507637,-252.231979,1.69318449,0.03575284
"Continuous asphalt network",1761,-2.00120234,-6.831331,-256.903473,1.69318843,0.0449128076
"Continuous asphalt network",1762,-2.03530765,-6.788143,-259.244354,0.423298985,0.05074313
"Continuous asphalt network",1763,-2.13269615,-6.810951,-260.412231,0.423284262,0.0678431541
"Continuous asphalt network",1764,-2.30794334,-6.806248,-258.650238,0.8465941,0.03847686
"Continuous asphalt network",1765,-2.54647064,-6.869045,-255.715286,3.386382,0.0247987323
"Continuous asphalt network",1766,0.579354,-7.09360647,-245.275513,6.77286243,0.01655469
"Continuous asphalt network",1767,2.770345,-7.15761948,-238.319077,3.386381,0.0130665423
"Continuous asphalt network",1768,1.73812616,-7.1153183,-242.970261,3.38639569,0.00477233855
"Continuous asphalt network",1769,0.126517609,-7.054975,-248.7741,3.386435,0.0260821413
"Continuous asphalt network",1770,-0.326313019,-6.95561647,-252.272644,1.69320464,0.0427782051
"Continuous asphalt network",1771,-0.452871323,-7.02357864,-249.926712,1.69321978,0.0224031322
"Continuous asphalt network",1772,-0.9714572,-6.83926,-255.179642,0.8466251,0.046274174
"Continuous asphalt network",1773,-1.22951567,-6.81096649,-256.3424,0.8465672,0.07855396
"Continuous asphalt network",1774,-1.5849489,-6.77280664,-258.6731,0.423296154,0.0444024
"Continuous asphalt network",1775,-1.89170015,-6.795971,-260.41983,0.211648539,0.0989678
"Continuous asphalt network",1776,-1.79431152,-6.773163,-259.251953,0.2116559,0.0895144
"Continuous asphalt network",1777,-1.51920378,-6.8128686,-256.918732,0.846607,0.0472665355
"Continuous asphalt network",1778,-1.12965143,-6.955522,-252.247238,0.846602261,0.0351995863
"Continuous asphalt network",1779,-0.9348691,-7.01845169,-249.911453,0.846602261,0.0203913767
"Continuous asphalt network",1780,-0.9057026,-6.90992355,-253.425278,1.69324934,0.0417829119
"Continuous asphalt network",1781,35.32239,-8.135976,-243.742737,12.2499752,0.0410684943
"Continuous asphalt network",1782,32.90717,-8.26585,-242.079727,3.06253862,0.05685481
"Continuous asphalt network",1783,31.6995544,-8.342065,-241.248215,0.7656245,0.0572274327
"Continuous asphalt network",1784,31.0029,-8.414233,-240.69812,0.382796228,0.128370032
"Continuous asphalt network",1785,31.6534786,-8.368754,-240.723389,0.382793754,0.063969925
"Continuous asphalt network",1786,32.81503,-8.316801,-241.030075,1.53125775,0.05236251
"Continuous asphalt network",1787,35.13812,-8.220176,-241.643417,6.12506247,0.05335844
"Continuous asphalt network",1788,11.32227,-3.18017864,-58.6657677,23.4764767,0.0216593
"Continuous asphalt network",1789,-30.9493866,-4.30122042,-140.8525,18.5035515,0.0225154683
"Continuous asphalt network",1790,-23.2192287,-3.98598123,-129.1821,18.5035133,0.0225825
"Continuous asphalt network",1791,-33.8628349,-4.462148,-147.378723,37.0073357,0.0226539038
"Continuous asphalt network",1792,-43.5547943,-4.942302,-166.266388,18.5034,0.0227461811
"Continuous asphalt network",1793,-50.3333244,-5.259438,-178.6278,18.5034046,0.022392612
"Continuous asphalt network",1794,-41.11716,-4.77892733,-159.394653,37.00738,0.02253829
"Continuous asphalt network",1795,-24.6466675,-3.9815352,-128.145554,37.0070763,0.0226214547
"Continuous asphalt network",1796,-32.3768272,-4.29677439,-139.815964,37.0071526,0.0225546174
"Continuous asphalt network",1797,-22.6848545,-3.83228087,-120.928314,74.01457,0.0219653826
"Continuous asphalt network",1798,-82.33792,-5.317958,-51.9794044,65.41021,0.00157212152
"Continuous asphalt network",1799,-106.849754,-5.33135128,-46.9964,29.3543167,0
"Continuous asphalt network",1800,-100.119179,-5.33193541,-53.3157654,29.3543167,0.000145090176
"Continuous asphalt network",1801,-113.3067,-5.33135128,-44.8106651,58.7086334,0
"Continuous asphalt network",1802,-366.53598,-6.66810369,10.1804352,17.0003815,0
"Continuous asphalt network",1803,-297.031342,-6.67404,-54.28813,36.52395,7.152572E-05
"Continuous asphalt network",1804,-278.37323,-6.674207,50.927845,24.5709877,0
"Continuous asphalt network",1805,-308.1428,-6.674207,56.29724,38.8287125,0
"Continuous asphalt network",1806,-269.663483,-6.674207,48.8650627,50.6197739,0
"Continuous asphalt network",1807,-357.194427,-6.66505051,43.66426,29.7171,0
"Continuous asphalt network",1808,-364.461426,-6.6660676,34.98373,29.7172184,0.000181203664
"Continuous asphalt network",1809,-355.1605,-6.66505051,49.72881,59.43449,0
"Continuous asphalt network",1810,-103.289528,-5.268959,25.018692,3.476181,0.03975689
"Continuous asphalt network",1811,-101.622742,-5.1467557,27.6945286,1.73812079,0.034876246
"Continuous asphalt network",1812,-102.049904,-5.207494,26.0818386,1.73809731,0.0498162135
"Continuous asphalt network",1813,-103.417259,-5.3733573,22.7280941,6.9523387,0.0492061079
"Continuous asphalt network",1814,-44.6662865,-5.066585,-5.66559839,24.2775116,0.00147251447
"Continuous asphalt network",1815,-91.92743,-5.406906,14.4977722,12.6682882,0.035856124
"Continuous asphalt network",1816,-97.70626,-5.2408123,23.8828831,7.75695038,0.03535016
"Continuous asphalt network",1817,-94.85282,-5.331034,19.7177029,7.75705147,0.0428512171
"Continuous asphalt network",1818,4.235115,-3.43278146,-51.3314857,23.607502,0.03234544
"Continuous asphalt network",1819,132.831985,0.2852253,-115.610191,13.5755548,0.0298261512
"Continuous asphalt network",1820,121.575806,-0.0960454345,-109.247231,3.393847,0.0285805725
"Continuous asphalt network",1821,117.128792,-0.22586976,-106.599388,3.393882,0.06538893
"Continuous asphalt network",1822,128.5236,0.1318983,-112.705711,6.78772068,0.0298022237
"Continuous asphalt network",1823,146.866226,0.7508727,-122.270508,6.787773,0.0300586671
"Continuous asphalt network",1824,156.037552,1.07107961,-127.05291,6.78777933,0.0320068933
"Continuous asphalt network",1825,142.003311,0.5952788,-120.3926,13.5755367,0.0301339123
"Continuous asphalt network",1826,121.021263,-0.09925487,-110.2738,6.787829,0.02880797
"Continuous asphalt network",1827,114.628014,-0.30117473,-105.78875,3.393906,0.0223770887
"Continuous asphalt network",1828,119.075035,-0.17135042,-108.436592,3.39388227,0.0288873948
"Continuous asphalt network",1829,127.830421,0.129377112,-113.98893,13.5756664,0.029959837
"Continuous asphalt network",1830,111.849953,-0.366095454,-105.4914,13.5756216,0.02362684
"Continuous asphalt network",1831,116.019691,-0.237620935,-108.65255,13.5756693,0.0283098221
"Continuous asphalt network",1832,114.195763,-2.01999187,-69.50162,24.776123,0
"Continuous asphalt network",1833,253.239578,-0.494510561,41.546093,8.886979,0.03383186
"Continuous asphalt network",1834,251.475754,-0.613663256,38.6163635,8.886785,0.0457081869
"Continuous asphalt network",1835,251.8347,-0.5024321,43.69118,17.7738075,0.0335874259
"Continuous asphalt network",1836,247.948059,-0.9144122,32.7569275,17.7737217,0.04826777
"Continuous asphalt network",1837,248.617249,-0.6806684,39.46665,4.44361,0.03947171
"Continuous asphalt network",1838,249.237671,-0.5918378,42.7364845,4.443524,0.0304129571
"Continuous asphalt network",1839,249.450424,-0.7104154,37.49162,8.886891,0.0395825319
"Continuous asphalt network",1840,242.65657,-1.371685,23.9677277,17.7738152,0.041494865
"Continuous asphalt network",1841,238.81868,-1.70389366,16.4733276,4.44345856,0.0321458653
"Continuous asphalt network",1842,236.458786,-1.83986318,11.9937134,2.221624,0.0239003133
"Continuous asphalt network",1843,237.650925,-1.76185572,15.09348,2.22166252,0.032669466
"Continuous asphalt network",1844,240.321045,-1.52322233,21.2080326,8.886945,0.0434381664
"Continuous asphalt network",1845,245.089584,-0.9613991,33.6071739,8.88676,0.0449149758
"Continuous asphalt network",1846,247.188,-0.706725359,39.8917961,2.221743,0.03765933
"Continuous asphalt network",1847,248.380127,-0.6086616,42.99158,2.22169518,0.02891753
"Continuous asphalt network",1848,247.16362,-0.7550487,38.171833,4.44343233,0.03726618
"Continuous asphalt network",1849,245.040833,-1.09101546,30.1672974,17.7737217,0.04469837
"Continuous asphalt network",1850,232.0736,-1.95104468,6.38934851,17.77385,0.01570734
"Continuous asphalt network",1851,228.545914,-1.98628581,0.5298665,17.7739563,0.00464537367
"Continuous asphalt network",1852,220.298462,-2.0133388,-14.2888689,17.773777,0.00146355527
"Continuous asphalt network",1853,226.210388,-1.9937,-2.229828,17.7737637,0.00290824217
"Continuous asphalt network",1854,233.6003,-1.89438248,12.8439741,4.443401,0.0257893633
"Continuous asphalt network",1855,235.0783,-1.81613982,15.8587389,4.44343233,0.03665313
"Continuous asphalt network",1856,234.004715,-1.90142345,10.9965057,8.886924,0.0215446223
"Continuous asphalt network",1857,238.034256,-1.56419241,21.88828,8.886932,0.0457547233
"Continuous asphalt network",1858,236.507523,-1.78389835,15.4336195,2.221694,0.034580972
"Continuous asphalt network",1859,235.601242,-1.85650885,12.24881,2.22166657,0.0264823977
"Continuous asphalt network",1860,236.388992,-1.7505703,17.1960812,4.443475,0.0345038772
"Continuous asphalt network",1861,242.4682,-1.12646389,30.9325466,8.886998,0.0445418172
"Continuous asphalt network",1862,245.877319,-0.775387347,38.5544472,2.22174931,0.0362773947
"Continuous asphalt network",1863,247.951355,-0.615797,43.11911,1.11077809,0.0268494822
"Continuous asphalt network",1864,246.759232,-0.71386075,40.01932,1.11080194,0.0361911841
"Continuous asphalt network",1865,244.23204,-0.9746024,33.86226,4.443484,0.0443766974
"Continuous asphalt network",1866,240.3698,-1.40364742,24.64794,8.887027,0.0427595936
"Continuous asphalt network",1867,237.6753,-1.72412527,16.8134365,2.22173071,0.0331106968
"Continuous asphalt network",1868,236.030014,-1.847668,12.1212568,1.11087751,0.0244824737
"Continuous asphalt network",1869,236.9363,-1.77505744,15.3060656,1.11089122,0.0330644548
"Continuous asphalt network",1870,238.8918,-1.5465883,21.6331882,4.44342947,0.0447202064
"Continuous asphalt network",1871,209.143753,-2.017762,-31.6971951,35.5479126,0.0007114704
"Continuous asphalt network",1872,199.132492,-2.01593137,-49.4456177,17.7741756,0.000152319844
"Continuous asphalt network",1873,205.044388,-2.017762,-37.3865852,17.7741528,0.000124093072
"Continuous asphalt network",1874,188.549484,-2.00438666,-67.0239944,17.7739735,0.00264051184
"Continuous asphalt network",1875,180.016174,-1.95938873,-81.75768,4.443555,0.0124007482
"Continuous asphalt network",1876,175.749512,-1.87961483,-89.1245346,1.11081409,0.028286742
"Continuous asphalt network",1877,173.175217,-1.75332355,-93.54038,0.5554661,0.05980886
"Continuous asphalt network",1878,174.796143,-1.85259092,-90.56814,0.555471838,0.0421588048
"Continuous asphalt network",1879,178.109421,-1.93673384,-84.6449,2.22162175,0.0206855386
"Continuous asphalt network",1880,184.735962,-1.99617708,-72.79842,8.88709,0.008378644
"Continuous asphalt network",1881,194.747253,-2.01610923,-55.04999,17.7739525,0.00173493219
"Continuous asphalt network",1882,204.186844,-2.01793957,-37.1315,8.886804,0.0006367046
"Continuous asphalt network",1883,198.274918,-2.01610923,-49.1905327,8.886815,0.0006471902
"Continuous asphalt network",1884,214.769836,-2.017706,-19.5531311,35.5479469,0.000689007749
"Continuous asphalt network",1885,223.923584,-2.007221,-1.54958093,17.77386,0.00177092536
"Continuous asphalt network",1886,218.583374,-2.015956,-13.7786913,17.7738781,0.00146301207
"Continuous asphalt network",1887,231.217667,-1.95892394,11.8255262,4.443494,0.0202583857
"Continuous asphalt network",1888,233.3632,-1.86257744,16.3689175,2.22172141,0.041113548
"Continuous asphalt network",1889,232.31398,-1.928903,13.226613,2.221744,0.0323242843
"Continuous asphalt network",1890,236.60498,-1.59584677,22.3134,4.4435854,0.04918942
"Continuous asphalt network",1891,234.6024,-1.79434645,17.7274837,2.221797,0.03874212
"Continuous asphalt network",1892,232.742752,-1.91594756,13.09906,1.11081219,0.02789675
"Continuous asphalt network",1893,233.791946,-1.84962213,16.2413635,1.11080074,0.0378037654
"Continuous asphalt network",1894,241.467728,-1.13995647,31.2301331,4.44345427,0.0444230027
"Continuous asphalt network",1895,245.377075,-0.7818927,38.70326,1.11082852,0.0356766768
"Continuous asphalt network",1896,247.736984,-0.618722856,43.18288,0.5554739,0.02684665
"Continuous asphalt network",1897,246.258987,-0.720756769,40.1681328,0.5554754,0.0362285934
"Continuous asphalt network",1898,243.231567,-0.9883849,34.1598625,2.22163081,0.0441633
"Continuous asphalt network",1899,238.654678,-1.43318367,25.1581173,4.443484,0.0440531075
"Continuous asphalt network",1900,235.102661,-1.780508,17.5786839,1.11089265,0.0380034968
"Continuous asphalt network",1901,232.957153,-1.9101845,13.0352783,0.555511057,0.0278973784
"Continuous asphalt network",1902,234.292191,-1.83579159,16.0925541,0.555513144,0.0379731
"Continuous asphalt network",1903,237.033768,-1.58392966,22.1858616,2.22177744,0.04865021
"Continuous asphalt network",1904,228.022949,-1.987202,4.13981628,17.7739677,0.0182834957
"Continuous asphalt network",1905,219.440918,-2.01464748,-14.0337782,8.887161,0.00146298076
"Continuous asphalt network",1906,224.781143,-2.00591254,-1.80466712,8.887153,0.00177093223
"Continuous asphalt network",1907,162.483017,-2.0240612,10.060257,30.6682281,0.0003606185
"Continuous asphalt network",1908,174.12059,-2.02075768,3.05317187,1.94552135,0.000328198425
"Continuous asphalt network",1909,143.236633,-2.03690553,10.0935926,24.2343369,0.0004556079
"Continuous asphalt network",1910,72.60273,-2.076568,-11.63885,35.7702827,0.0167153049
"Continuous asphalt network",1911,66.1103439,-2.06941724,-23.6338348,8.94265652,0.0181221124
"Continuous asphalt network",1912,62.61381,-2.0931406,-29.4816742,8.942638,0.0191071555
"Continuous asphalt network",1913,66.85724,-2.08601928,-20.1112976,17.885149,0.01674017
"Continuous asphalt network",1914,74.09652,-2.096057,-4.59375525,71.54128,0.00673657143
"Continuous asphalt network",1915,-87.5016251,-5.07193565,160.175232,70.64112,0
"Continuous asphalt network",1916,-68.7925,-5.07193565,166.368042,35.32032,0
"Continuous asphalt network",1917,-80.20718,-5.07193565,160.9116,35.32022,0
"Continuous asphalt network",1918,258.784973,-0.2620725,57.41817,32.4321556,0
"Continuous asphalt network",1919,276.920746,0.0355326943,43.0043831,20.95239,0.0348903649
"Continuous asphalt network",1920,271.1974,-0.160204187,46.1507378,5.23806858,0.0282776747
"Continuous asphalt network",1921,268.676666,-0.2186568,47.94322,5.23810863,0.0166628435
"Continuous asphalt network",1922,273.821625,-0.11161989,46.1317558,10.4762058,0.0304970462
"Continuous asphalt network",1923,280.226959,0.129479468,43.42404,20.952898,0.04276664
"Continuous asphalt network",1924,284.1116,0.263875067,42.50883,20.952528,0.0269305538
"Continuous asphalt network",1925,290.376251,0.372736365,12.5772095,6.09264,0.0148479724
"Continuous asphalt network",1926,292.453583,0.354893774,14.0506439,6.09273672,0.0004610198
"Continuous asphalt network",1927,291.3702,0.395908117,10.6750641,12.1860991,0.01925295
"Continuous asphalt network",1928,262.61377,2.50134826,-51.9453163,5.062589,0.0323368236
"Continuous asphalt network",1929,260.296265,2.60045266,-51.3961143,5.062543,0.0620378256
"Continuous asphalt network",1930,263.416,2.46538186,-50.193676,10.1250019,0.028543435
"Continuous asphalt network",1931,266.17923,2.42356277,-46.9649925,5.062623,0.0121408142
"Continuous asphalt network",1932,268.541351,2.40338039,-44.6121178,2.53124475,0.035391476
"Continuous asphalt network",1933,267.7391,2.42628074,-46.3637657,2.53127122,0.0211593322
"Continuous asphalt network",1934,265.555267,2.43594575,-49.7297554,10.1252337,0.002153653
"Continuous asphalt network",1935,312.705658,2.438899,-118.672478,37.7768822,0
"Continuous asphalt network",1936,320.565826,2.439636,-106.6178,37.7770844,0.000102407939
"Continuous asphalt network",1937,310.73114,2.438899,-125.972725,75.5519257,0
"Continuous asphalt network",1938,289.918,2.43788171,-157.981873,65.15424,0.000442607066
"Continuous asphalt network",1939,302.001862,2.438899,-143.667969,32.57712,0
"Continuous asphalt network",1940,295.239777,2.43788171,-154.074326,32.57709,0.0001639483
"Continuous asphalt network",1941,100.517738,-3.53782535,-366.250977,24.3166618,0.0004920467
"Continuous asphalt network",1942,110.263733,-3.51739955,-350.882568,24.5503426,0.00162536092
"Continuous asphalt network",1943,63.9448051,-3.544947,-331.384644,16.6395626,0.000435965427
"Continuous asphalt network",1944,175.702835,-0.7191575,-224.5948,78.24237,0.0320291743
"Continuous asphalt network",1945,166.422546,-1.41914308,-244.345413,39.120945,0.03219206
"Continuous asphalt network",1946,170.883255,-0.975397766,-231.104858,39.1210022,0.0320905373
"Continuous asphalt network",1947,155.847641,-2.14489841,-264.041,39.12101,0.0326820724
"Continuous asphalt network",1948,147.68251,-2.73748946,-280.4814,9.780282,0.0315637551
"Continuous asphalt network",1949,142.7187,-3.056659,-290.343,4.89005756,0.02443997
"Continuous asphalt network",1950,145.596375,-2.86026216,-283.750275,4.89010239,0.0319802128
"Continuous asphalt network",1951,151.675369,-2.39719486,-270.578583,19.5605316,0.0323345773
"Continuous asphalt network",1952,160.955658,-1.68825662,-250.827957,39.12113,0.0328126177
"Continuous asphalt network",1953,168.94136,-1.00179,-231.022217,19.56078,0.0320848
"Continuous asphalt network",1954,164.480637,-1.4455353,-244.262772,19.560751,0.0321863741
"Continuous asphalt network",1955,209.357178,1.84777033,-166.374039,13.0345125,0.0287365541
"Continuous asphalt network",1956,206.358109,1.67659914,-170.4504,13.0345783,0.0399783775
"Continuous asphalt network",1957,208.708557,1.93490827,-163.392349,26.0692825,0.03498194
"Continuous asphalt network",1958,200.35994,1.26948011,-178.603134,26.0693722,0.0412733667
"Continuous asphalt network",1959,204.209961,1.66262472,-169.5069,26.0694923,0.0386284366
"Continuous asphalt network",1960,191.362717,0.6490495,-190.8322,26.06931,0.0412403829
"Continuous asphalt network",1961,184.402054,0.130355254,-201.258972,6.517164,0.04254679
"Continuous asphalt network",1962,180.171936,-0.17878972,-207.491455,3.25851274,0.03750079
"Continuous asphalt network",1963,182.633987,0.0198816266,-203.179245,3.258523,0.0442440957
"Continuous asphalt network",1964,187.826584,0.439903021,-194.672684,13.03435,0.04130807
"Continuous asphalt network",1965,195.749741,1.05752146,-181.971848,26.0693035,0.0414457358
"Continuous asphalt network",1966,202.598816,1.65781748,-168.799271,13.0347986,0.038585756
"Continuous asphalt network",1967,198.748825,1.26467288,-177.895508,13.0347385,0.0412329733
"Continuous asphalt network",1968,101.23365,-4.125424,-291.068237,23.25704,0.02084734
"Continuous asphalt network",1969,101.999367,-4.12568,-286.5134,23.25758,0.02725107
"Continuous asphalt network",1970,94.07745,-4.239014,-299.88855,23.2573166,0.008273224
"Continuous asphalt network",1971,98.0885239,-4.191913,-289.528168,11.6289034,0.020409245
"Continuous asphalt network",1972,97.32279,-4.191657,-294.083,11.62852,0.0061234734
"Continuous asphalt network",1973,-21.8427982,-5.09940338,-327.4966,60.71378,0
"Continuous asphalt network",1974,-39.24146,-5.10698652,-317.503326,57.6199341,0.00290553668
"Continuous asphalt network",1975,-79.48465,-5.437841,-252.6451,23.8492146,0.00190993352
"Continuous asphalt network",1976,-94.1800156,-5.4693,-240.964981,28.012619,0.000521620444
"Continuous asphalt network",1977,-121.033508,-5.47174072,-225.861038,16.85672,0
"Continuous asphalt network",1978,-111.484108,-5.47174072,-234.1383,16.8566513,0
"Continuous asphalt network",1979,-126.57914,-5.47174072,-222.623276,33.7136345,0
"Continuous asphalt network",1980,-142.4451,-5.47174072,-212.009109,16.8564281,0
"Continuous asphalt network",1981,-152.765427,-5.47174072,-204.632736,16.8564949,0
"Continuous asphalt network",1982,-136.514038,-5.47174072,-214.796448,33.7136,0
"Continuous asphalt network",1983,-110.327736,-5.47174072,-232.787033,33.7132645,0
"Continuous asphalt network",1984,-119.877159,-5.47174072,-224.509766,33.7134,0
"Continuous asphalt network",1985,-104.01123,-5.47174072,-235.123917,67.42688,0
"Continuous asphalt network",1986,-20.9189644,-6.998318,-288.693756,28.5900383,0.00514276139
"Continuous asphalt network",1987,-19.4035378,-6.99598265,-283.081268,7.14748049,0.0283701941
"Continuous asphalt network",1988,-18.180645,-7.046455,-280.648438,7.147489,0.0356602147
"Continuous asphalt network",1989,-17.383379,-6.942615,-285.556549,3.573872,0.0262901783
"Continuous asphalt network",1990,-17.0644722,-6.95280457,-287.5198,3.57382727,0.02843201
"Continuous asphalt network",1991,-19.0846367,-6.972021,-285.044525,7.147535,0.0127912657
"Continuous asphalt network",1992,-14.963973,-7.283695,-275.548,3.57384658,0.0552474745
"Continuous asphalt network",1993,-16.5057678,-7.21427774,-276.0176,3.57378531,0.0315121152
"Continuous asphalt network",1994,-14.5119829,-7.29203463,-273.349976,7.147442,0.02936706
"Continuous asphalt network",1995,-12.2256622,-7.187486,-267.502747,7.147606,0.0328970142
"Continuous asphalt network",1996,-12.9036455,-7.28549957,-270.799835,3.573835,0.03247797
"Continuous asphalt network",1997,-13.3556366,-7.322229,-272.997833,3.57370043,0.0410877429
"Continuous asphalt network",1998,-15.4159517,-7.201839,-277.746063,0.893433034,0.0552757531
"Continuous asphalt network",1999,-14.8710489,-7.17758036,-278.61026,0.8934569,0.07607315
"Continuous asphalt network",2000,-16.4593067,-7.18030548,-277.548737,1.78684807,0.0444620252
"Continuous asphalt network",2001,-14.1466246,-7.293569,-276.8444,1.7869457,0.0586960278
"Continuous asphalt network",2002,-14.1001616,-7.22142649,-278.3755,0.893399835,0.0818311945
"Continuous asphalt network",2003,-14.6450644,-7.245685,-277.511261,0.893375933,0.0619590729
"Continuous asphalt network",2004,-15.0173292,-7.07752228,-280.2001,0.223353833,0.06804717
"Continuous asphalt network",2005,-14.5804014,-7.03273535,-280.7109,0.111672692,0.120599441
"Continuous asphalt network",2006,-14.9093485,-7.05602264,-280.553558,0.111668766,0.0644017458
"Continuous asphalt network",2007,-15.5389986,-7.07745743,-280.10144,0.446732819,0.06806521
"Continuous asphalt network",2008,-14.3826551,-7.117218,-279.749268,0.446734369,0.08370725
"Continuous asphalt network",2009,-14.3594236,-7.046562,-280.514832,0.223360226,0.130090892
"Continuous asphalt network",2010,-14.6318808,-7.08893728,-280.082733,0.223374844,0.0619161949
"Continuous asphalt network",2011,-14.7216406,-6.95249367,-281.397736,0.44670397,0.148495987
"Continuous asphalt network",2012,-14.6984129,-6.87087631,-282.16333,0.223365456,0.0574351177
"Continuous asphalt network",2013,-14.9708633,-6.921621,-281.7312,0.223363429,0.142637685
"Continuous asphalt network",2014,-15.6519861,-7.040319,-280.65094,0.4467072,0.06440554
"Continuous asphalt network",2015,-14.965848,-7.029733,-280.8283,0.11168877,0.124234132
"Continuous asphalt network",2016,-14.6369009,-7.00644541,-280.985657,0.111692704,0.150962338
"Continuous asphalt network",2017,-15.1868162,-7.014095,-281.024384,0.223336533,0.07807487
"Continuous asphalt network",2018,-16.0274067,-7.12747145,-278.962463,3.5736928,0.0515493937
"Continuous asphalt network",2019,-15.5025778,-6.87050247,-283.438446,1.78686953,0.05406761
"Continuous asphalt network",2020,-15.7285738,-6.87791061,-284.537476,1.78689063,0.06738888
"Continuous asphalt network",2021,-15.9081116,-6.918407,-287.167633,1.78689563,0.0415475778
"Continuous asphalt network",2022,-16.2270184,-6.908217,-285.204346,1.786918,0.0416257679
"Continuous asphalt network",2023,-17.0242977,-7.05603075,-280.296265,3.57371259,0.0384195074
"Continuous asphalt network",2024,-16.0474758,-6.92333746,-282.574219,1.7868315,0.06325149
"Continuous asphalt network",2025,-16.0939331,-7.017176,-281.0431,0.8934569,0.05485412
"Continuous asphalt network",2026,-15.3563108,-6.93551064,-281.8486,0.223363325,0.14198105
"Continuous asphalt network",2027,-15.0838594,-6.884767,-282.280731,0.223365337,0.06772295
"Continuous asphalt network",2028,-15.8779821,-6.96652842,-281.749969,0.446703732,0.09965487
"Continuous asphalt network",2029,-7.786094,-6.981664,-259.969482,14.2950869,0.02169256
"Continuous asphalt network",2030,-4.88832474,-6.96131,-252.905823,7.14757,0.0251274221
"Continuous asphalt network",2031,-5.56630325,-6.91984749,-256.20285,3.57374287,0.0128158294
"Continuous asphalt network",2032,-6.018292,-6.93104553,-258.400848,3.57384014,0.0339006074
"Continuous asphalt network",2033,0.00323232,-7.10328531,-243.174545,14.2949066,0.0142346593
"Continuous asphalt network",2034,-2.50908661,-6.99854136,-250.1208,7.1474843,0.0212160666
"Continuous asphalt network",2035,-4.21723,-6.903942,-255.791992,1.78687811,0.0160695724
"Continuous asphalt network",2036,-5.28065729,-6.9145484,-259.2064,0.893446267,0.02462357
"Continuous asphalt network",2037,-4.82866859,-6.903351,-257.0084,0.8934213,0.0303177554
"Continuous asphalt network",2038,-3.73197055,-6.950338,-252.553635,3.57373261,0.02589047
"Continuous asphalt network",2039,-8.304614,-7.05261374,-264.248138,14.2951155,0.0279707126
"Continuous asphalt network",2040,-9.627319,-7.266455,-269.8019,3.57377338,0.0726111755
"Continuous asphalt network",2041,-10.2886782,-7.43937159,-272.578827,0.893446267,0.0720475
"Continuous asphalt network",2042,-10.7073984,-7.47518,-273.736542,0.8934275,0.09774218
"Continuous asphalt network",2043,-10.4314919,-7.34874868,-271.077026,1.78684437,0.06287437
"Continuous asphalt network",2044,-9.912956,-7.14637375,-266.79837,7.147566,0.0381906852
"Continuous asphalt network",2045,-11.9302893,-7.453406,-276.169342,1.78688812,0.06846397
"Continuous asphalt network",2046,-12.3490076,-7.39135742,-277.327057,1.78691375,0.103994496
"Continuous asphalt network",2047,-12.80099,-7.22484,-279.525116,0.8934199,0.122906223
"Continuous asphalt network",2048,-13.0793161,-7.07155752,-280.768829,0.111675009,0.164472342
"Continuous asphalt network",2049,-13.1399717,-6.987066,-281.1736,0.0558437258,0.3185541
"Continuous asphalt network",2050,-13.2280149,-7.035359,-280.942871,0.0558454059,0.155551836
"Continuous asphalt network",2051,-13.2970009,-6.861777,-281.6078,0.0558371022,0.418413579
"Continuous asphalt network",2052,-13.3796682,-6.75185633,-281.954865,0.01396207,0.2586309
"Continuous asphalt network",2053,-13.4320135,-6.740166,-282.0996,0.01396638,0.4227321
"Continuous asphalt network",2054,-13.397522,-6.81705332,-281.767151,0.027920844,0.4184137
"Continuous asphalt network",2055,-13.3829613,-6.96533251,-281.312,0.0279217921,0.234312445
"Continuous asphalt network",2056,-13.2907591,-6.935436,-281.41272,0.027916776,0.413151056
"Continuous asphalt network",2057,-13.3725691,-7.01822662,-280.9869,0.0279246829,0.1606992
"Continuous asphalt network",2058,-13.2384176,-6.96666956,-281.268036,0.0139582912,0.4372289
"Continuous asphalt network",2059,-13.33062,-6.996567,-281.167328,0.0139623834,0.160708547
"Continuous asphalt network",2060,-13.2030716,-7.1288085,-280.162659,0.446724564,0.138911828
"Continuous asphalt network",2061,-12.9604445,-7.28941965,-278.5435,0.8934301,0.104360074
"Continuous asphalt network",2062,-12.9271774,-7.3379693,-277.503143,0.893451631,0.0607501864
"Continuous asphalt network",2063,-14.1451845,-6.80316925,-282.767517,0.223357335,0.09699598
"Continuous asphalt network",2064,-13.7597456,-6.76404333,-282.650146,0.223350674,0.159980819
"Continuous asphalt network",2065,-14.1618128,-6.787288,-283.2877,0.446711719,0.102624238
"Continuous asphalt network",2066,-14.4925051,-6.80259562,-284.676147,0.446742445,0.0641028062
"Continuous asphalt network",2067,-14.4592237,-6.805239,-283.635834,0.446758062,0.08097087
"Continuous asphalt network",2068,-15.3299475,-6.89264059,-286.991547,0.893413067,0.05059398
"Continuous asphalt network",2069,-14.9909515,-6.843019,-285.343018,0.446703464,0.0499537066
"Continuous asphalt network",2070,-14.7483177,-6.824612,-283.723846,0.223352671,0.0809806
"Continuous asphalt network",2071,-14.7816,-6.82196951,-284.7642,0.223344848,0.06412282
"Continuous asphalt network",2072,-13.9840231,-6.806441,-282.203339,0.22336404,0.149346277
"Continuous asphalt network",2073,-14.369462,-6.8455677,-282.3207,0.223372757,0.08995392
"Continuous asphalt network",2074,-14.1999731,-6.91504049,-281.496429,0.223365009,0.134698242
"Continuous asphalt network",2075,-13.8452768,-6.81697845,-281.9679,0.027925875,0.2883149
"Continuous asphalt network",2076,-13.8510818,-6.866041,-281.7765,0.0139546338,0.156452835
"Continuous asphalt network",2077,-13.78297,-6.831061,-281.884521,0.01396083,0.4417542
"Continuous asphalt network",2078,-13.6949348,-6.775242,-282.115265,0.0558441058,0.163178116
"Continuous asphalt network",2079,-14.0919981,-6.86015368,-281.849884,0.111679442,0.17774418
"Continuous asphalt network",2080,-13.9739676,-7.050644,-280.39743,0.4467365,0.103752531
"Continuous asphalt network",2081,-13.7181444,-6.939897,-281.349731,0.111691296,0.160689279
"Continuous asphalt network",2082,-13.5902491,-6.82491827,-281.8259,0.02791628,0.407740384
"Continuous asphalt network",2083,-13.550395,-6.760633,-282.0713,0.0279211123,0.13689214
"Continuous asphalt network",2084,-13.6924086,-6.886282,-281.663818,0.02791671,0.327435762
"Continuous asphalt network",2085,-13.6866064,-6.830847,-281.8552,0.0139611261,0.4184448
"Continuous asphalt network",2086,-13.7547178,-6.865827,-281.747162,0.0139549281,0.134931654
"Continuous asphalt network",2087,-13.950736,-6.96024561,-281.163,0.223373726,0.154102072
"Continuous asphalt network",2088,-13.6349878,-7.22076035,-278.748932,0.446733475,0.106083356
"Continuous asphalt network",2089,-13.408989,-7.289491,-277.6499,0.446764082,0.0481329933
"Continuous asphalt network",2090,-13.5718908,-7.140878,-279.7599,0.446739435,0.127931446
"Continuous asphalt network",2091,-13.5171041,-6.9935174,-281.030975,0.111670077,0.18094641
"Continuous asphalt network",2092,-13.4897223,-6.86964846,-281.666473,0.0279174875,0.407455474
"Continuous asphalt network",2093,-13.4781227,-6.75718832,-282.0493,0.013961819,0.136850625
"Continuous asphalt network",2094,-13.5179777,-6.8214736,-281.803864,0.0139594031,0.407743961
"Continuous asphalt network",2095,-13.573597,-6.95079374,-281.3057,0.0558443852,0.129288182
"Continuous asphalt network",2096,-13.6848831,-7.073019,-280.3094,0.223342,0.142896831
"Continuous asphalt network",2097,-12.26583,-7.41190529,-274.7263,3.57362747,0.0778447241
"Continuous asphalt network",2098,-11.813839,-7.37517548,-272.5283,3.57376218,0.0592301562
"Continuous asphalt network",2099,-11.0693092,-7.180097,-267.150574,3.57376337,0.0294241868
"Continuous asphalt network",2100,-11.2023926,-7.335987,-271.311829,3.57375884,0.04666912
"Continuous asphalt network",2101,-19.3766766,-3.67401767,-113.6381,8.998087,0.0153614637
"Continuous asphalt network",2102,-94.04458,-5.33008,-53.965168,47.18348,0.00105160021
"Continuous asphalt network",2103,-104.722168,-5.33135128,-45.4977722,23.5917,0
"Continuous asphalt network",2104,-96.8281,-5.329496,-49.7938423,23.59165,0.00041296464
"Continuous asphalt network",2105,-364.158722,-6.66810369,11.98761,4.919834,0
"Continuous asphalt network",2106,-286.813629,-6.674207,55.5315132,26.106142,0
"Continuous asphalt network",2107,-298.90097,-6.674207,59.54909,13.9284029,0
"Continuous asphalt network",2108,-340.0187,-6.66505051,59.4482841,41.81288,0
"Continuous asphalt network",2109,-334.746368,-6.66505051,66.09896,41.81235,0
"Continuous asphalt network",2110,-101.189262,-5.33806229,22.8625031,8.957858,0.0491928
"Continuous asphalt network",2111,-100.935913,-5.181731,26.1490383,2.239495,0.04876469
"Continuous asphalt network",2112,-100.702431,-5.10416555,28.1955013,1.1197778,0.0513755456
"Continuous asphalt network",2113,-100.315041,-5.1165185,27.3279419,1.11974132,0.0502195135
"Continuous asphalt network",2114,-99.94753,-5.207901,25.2203,4.478915,0.0496441424
"Continuous asphalt network",2115,-99.21252,-5.37613344,21.0050354,17.91579,0.0458514839
"Continuous asphalt network",2116,-78.45532,-5.120436,14.2816668,33.4192238,0.0181610249
"Continuous asphalt network",2117,-70.21851,-5.086223,9.228699,16.70966,0.00489816163
"Continuous asphalt network",2118,-76.21276,-5.127663,11.1026964,16.7096424,0.0114871478
"Continuous asphalt network",2119,-59.7391548,-5.07453156,0.9967702,33.419342,0.00164859509
"Continuous asphalt network",2120,-68.1646042,-5.086591,5.48924255,16.7096462,0.00293983752
"Continuous asphalt network",2121,-76.77869,-5.134135,9.421224,8.354697,0.0109536592
"Continuous asphalt network",2122,-70.78444,-5.092695,7.547226,8.354706,0.00336524029
"Continuous asphalt network",2123,-87.6319962,-5.3122673,13.2611847,18.3887,0.035705246
"Continuous asphalt network",2124,-93.00875,-5.259798,21.37885,20.1899281,0.026257392
"Continuous asphalt network",2125,-95.86219,-5.169576,25.5440311,20.1899986,0.0330594853
"Continuous asphalt network",2126,-87.6481552,-5.20243454,19.84344,40.37979,0.03016201
"Continuous asphalt network",2127,9.682593,-3.24619579,-54.9303856,21.903677,0.02661678
"Continuous asphalt network",2128,147.1605,-1.97769547,-88.76754,25.9832535,0.006179391
"Continuous asphalt network",2129,157.6214,-1.86427975,-95.35374,1.62398529,0.0242688786
"Continuous asphalt network",2130,159.620834,-1.79476488,-96.81957,1.62398636,0.0381222554
"Continuous asphalt network",2131,156.312531,-1.88414633,-95.11615,3.2478838,0.02269601
"Continuous asphalt network",2132,162.61998,-1.63177586,-99.01833,1.62392855,0.0603442267
"Continuous asphalt network",2133,165.696426,-1.38480318,-101.093262,0.811965466,0.0856611952
"Continuous asphalt network",2134,163.542419,-1.55351353,-99.8750839,0.8119619,0.06982768
"Continuous asphalt network",2135,159.234421,-1.78356683,-97.43872,0.811958,0.03790933
"Continuous asphalt network",2136,157.0804,-1.85290945,-96.22055,0.81196475,0.0256208517
"Continuous asphalt network",2137,160.465973,-1.74528885,-97.80016,1.62394881,0.0388963
"Continuous asphalt network",2138,150.850235,-1.94232523,-92.19454,12.9915781,0.0111951334
"Continuous asphalt network",2139,133.618164,-2.01300216,-82.44915,12.9915476,0.000796434353
"Continuous asphalt network",2140,125.002136,-2.01795745,-77.57644,12.9915943,0.000205729812
"Continuous asphalt network",2141,138.544449,-2.01053739,-83.8948441,25.9832935,0.001443937
"Continuous asphalt network",2142,157.858231,-1.93031156,-92.639534,6.495864,0.0204042513
"Continuous asphalt network",2143,159.548538,-1.86047173,-94.60071,6.495865,0.04449743
"Continuous asphalt network",2144,163.238281,-1.66495514,-98.0277,3.2479043,0.0622100122
"Continuous asphalt network",2145,165.928284,-1.40105593,-100.721771,1.62399721,0.08721756
"Continuous asphalt network",2146,163.928848,-1.57458687,-99.25593,1.62396216,0.06832699
"Continuous asphalt network",2147,159.929977,-1.80537188,-96.32425,1.62394667,0.0405304767
"Continuous asphalt network",2148,157.930542,-1.87488687,-94.85842,1.62394559,0.0281597171
"Continuous asphalt network",2149,161.238846,-1.77781165,-96.56187,3.24792552,0.04339496
"Continuous asphalt network",2150,152.395935,-1.96621168,-89.717926,25.98346,0.01574208
"Continuous asphalt network",2151,166.701157,-1.46661341,-99.48346,6.495887,0.08888826
"Continuous asphalt network",2152,165.010864,-1.65723956,-97.5223,6.49582148,0.0679375753
"Continuous asphalt network",2153,168.782867,-1.49751282,-98.4827347,12.9917307,0.08386214
"Continuous asphalt network",2154,162.4754,-1.858764,-94.58057,6.49597073,0.0498283543
"Continuous asphalt network",2155,160.78511,-1.92860377,-92.61939,6.49597,0.0256083086
"Continuous asphalt network",2156,166.247437,-1.76366174,-95.54101,12.9918127,0.0640044957
"Continuous asphalt network",2157,252.5467,-0.417566538,47.64096,25.0511932,0.032361865
"Continuous asphalt network",2158,165.971375,-2.02380967,4.77212524,57.16842,0.0003195447
"Continuous asphalt network",2159,171.469009,-2.021775,4.42438269,29.5322,0.0005382758
"Continuous asphalt network",2160,130.482681,-2.05250549,13.7134657,49.9486656,0.0014567
"Continuous asphalt network",2161,80.16494,-2.096057,5.5565896,52.6321945,0.006817456
"Continuous asphalt network",2162,89.88334,-2.10952783,17.2668152,26.3159962,0.0008490852
"Continuous asphalt network",2163,84.73958,-2.09506631,8.661824,26.3160229,0.00301526417
"Continuous asphalt network",2164,-68.3456039,-5.07193565,161.657608,30.3815155,0
"Continuous asphalt network",2165,-79.52916,-5.07193565,158.677536,30.3815269,0
"Continuous asphalt network",2166,-62.5227165,-5.07193565,165.624008,60.7630119,0
"Continuous asphalt network",2167,285.502319,0.341020346,39.2764626,4.95098972,0.0107598919
"Continuous asphalt network",2168,283.142242,0.301783,39.37175,4.95108271,0.03518623
"Continuous asphalt network",2169,287.050079,0.342877477,41.0786743,9.901615,0.009894251
"Continuous asphalt network",2170,285.9468,0.3526043,35.52918,9.901736,0.00155693316
"Continuous asphalt network",2171,282.774475,0.311509818,37.52191,4.95073366,0.0320467465
"Continuous asphalt network",2172,285.134552,0.3507472,37.4266243,4.95064068,0.00159920217
"Continuous asphalt network",2173,284.4758,0.354420751,28.1299038,19.8031044,0
"Continuous asphalt network",2174,283.5332,0.343081564,32.3634529,9.901572,0.008357041
"Continuous asphalt network",2175,281.908661,0.302027762,36.15839,4.95079231,0.0275140367
"Continuous asphalt network",2176,283.90094,0.3412651,34.2132721,4.95081234,0.0118227936
"Continuous asphalt network",2177,230.7292,2.11933351,-120.447731,3.90235758,0.0356895253
"Continuous asphalt network",2178,232.258911,2.171631,-117.881561,3.90236235,0.0410207137
"Continuous asphalt network",2179,231.020065,2.122866,-122.227364,7.804671,0.0228904933
"Continuous asphalt network",2180,234.672,2.31153846,-113.266624,1.95115256,0.0436062776
"Continuous asphalt network",2181,234.375732,2.28565884,-115.180817,0.4877939,0.0197768286
"Continuous asphalt network",2182,233.847885,2.26750469,-114.932549,0.487776369,0.07106877
"Continuous asphalt network",2183,234.758179,2.302577,-114.539268,0.9755946,0.0242711641
"Continuous asphalt network",2184,236.584122,2.40214443,-110.058922,1.9511888,0.0138549628
"Continuous asphalt network",2185,235.582275,2.3486445,-112.87336,1.95118237,0.0249661021
"Continuous asphalt network",2186,233.077637,2.19331765,-119.909462,3.90233135,0.0365517773
"Continuous asphalt network",2187,233.433121,2.21974659,-117.612427,1.95114946,0.0337262265
"Continuous asphalt network",2188,233.72937,2.25083756,-115.698235,0.48777014,0.07459087
"Continuous asphalt network",2189,234.257217,2.26899171,-115.9465,0.487787664,0.026133284
"Continuous asphalt network",2190,233.34697,2.22622514,-116.339783,0.975535631,0.045093365
"Continuous asphalt network",2191,239.907516,2.422799,-105.0507,7.80466747,0.006674024
"Continuous asphalt network",2192,243.46785,2.393897,-98.51115,1.95112455,0.0310617052
"Continuous asphalt network",2193,245.630478,2.3620317,-94.59982,0.9756091,0.009134267
"Continuous asphalt network",2194,244.364685,2.38314223,-97.29013,0.9756031,0.0157857127
"Continuous asphalt network",2195,241.701157,2.41712284,-102.608673,3.902258,0.02907175
"Continuous asphalt network",2196,236.374069,2.33193874,-113.245766,15.6093359,0.017909972
"Continuous asphalt network",2197,223.9532,2.09624457,-138.617477,3.90241861,0.0132084657
"Continuous asphalt network",2198,225.482925,2.07529616,-136.051315,3.90241313,0.0317506641
"Continuous asphalt network",2199,229.043289,2.07848954,-129.511749,3.90233016,0.009299203
"Continuous asphalt network",2200,226.511719,2.0755415,-134.892365,3.90233016,0.008515866
"Continuous asphalt network",2201,220.6837,2.13837075,-146.936691,1.9512676,0.00613780133
"Continuous asphalt network",2202,222.846313,2.14184284,-143.025375,0.975631237,0.0119296312
"Continuous asphalt network",2203,221.580521,2.14621568,-145.715683,0.9756281,0.0101241879
"Continuous asphalt network",2204,218.916992,2.111986,-151.034225,3.90254474,0.005801078
"Continuous asphalt network",2205,222.83284,2.14489651,-142.197617,1.95120943,0.0299764238
"Continuous asphalt network",2206,223.069839,2.1312716,-140.666245,1.95118868,0.020692056
"Continuous asphalt network",2207,220.9207,2.151634,-145.405334,1.951197,0.0160016268
"Continuous asphalt network",2208,222.041061,2.14890766,-141.8252,0.9756078,0.04552774
"Continuous asphalt network",2209,221.804062,2.16253257,-143.356567,0.9756047,0.0142362285
"Continuous asphalt network",2210,229.253372,2.08196855,-126.32489,15.6093283,0.0174795836
"Continuous asphalt network",2211,225.956924,2.04405379,-132.988586,3.90235448,0.0176534355
"Continuous asphalt network",2212,224.4272,2.0650022,-135.554764,3.90236,0.01821451
"Continuous asphalt network",2213,227.1958,2.04777813,-128.642776,7.804656,0.0187502075
"Continuous asphalt network",2214,241.501846,2.349911,-98.40787,1.95119429,0.0323939
"Continuous asphalt network",2215,240.446121,2.29777741,-97.9113159,1.951162,0.06898821
"Continuous asphalt network",2216,242.266724,2.34166431,-97.12479,3.90230513,0.04270537
"Continuous asphalt network",2217,244.2058,2.364239,-95.57256,7.8047533,0.0254085977
"Continuous asphalt network",2218,239.616623,2.41943383,-103.271065,7.80489874,0.00479723
"Continuous asphalt network",2219,240.413818,2.37081933,-99.949646,0.975584745,0.0268023275
"Continuous asphalt network",2220,240.004456,2.31915569,-98.93568,0.9755662,0.0742753148
"Continuous asphalt network",2221,241.264847,2.38465142,-99.93923,1.951195,0.0233579949
"Continuous asphalt network",2222,239.32576,2.39452267,-101.491432,1.95117593,0.02566142
"Continuous asphalt network",2223,239.358078,2.32124043,-99.45309,0.9756174,0.0710878447
"Continuous asphalt network",2224,239.767456,2.372904,-100.467064,0.975635946,0.0244921111
"Continuous asphalt network",2225,243.096191,2.21748137,-91.76501,1.95116293,0.164282888
"Continuous asphalt network",2226,243.063889,2.298145,-93.80335,0.9755919,0.0900667
"Continuous asphalt network",2227,242.654526,2.19795632,-92.7894,0.9755934,0.159559712
"Continuous asphalt network",2228,241.8358,1.92520559,-90.7614746,0.9755631,0.2125269
"Continuous asphalt network",2229,241.426437,1.752375,-89.74752,0.975569069,0.241326734
"Continuous asphalt network",2230,242.686829,2.0929544,-90.7510452,1.95117474,0.210044846
"Continuous asphalt network",2231,244.679764,2.333401,-92.50983,7.80475,0.0157681312
"Continuous asphalt network",2232,241.124817,2.190296,-95.35557,0.9755946,0.149635017
"Continuous asphalt network",2233,240.715454,2.044467,-94.3416061,0.975607932,0.185393855
"Continuous asphalt network",2234,241.975845,2.26779461,-95.3451462,1.95115554,0.09468641
"Continuous asphalt network",2235,240.036789,2.19025135,-96.89735,1.951162,0.153059
"Continuous asphalt network",2236,240.069092,1.99843562,-94.85901,0.9755916,0.181882828
"Continuous asphalt network",2237,240.478455,2.14426446,-95.87298,0.9755783,0.145731986
"Continuous asphalt network",2238,240.747757,1.85831225,-92.30326,1.95115459,0.2004767
"Continuous asphalt network",2239,240.78009,1.66793406,-90.26492,0.975592256,0.229522675
"Continuous asphalt network",2240,241.189453,1.84076464,-91.27888,0.975586355,0.199854612
"Continuous asphalt network",2241,242.008179,2.15245342,-93.3068,0.97555846,0.16183646
"Continuous asphalt network",2242,242.417526,2.252642,-94.32076,0.97555697,0.09313268
"Continuous asphalt network",2243,241.15712,2.02177715,-93.31722,1.95118558,0.183942
"Continuous asphalt network",2244,235.145981,2.37593174,-110.203896,1.95115662,0.06401121
"Continuous asphalt network",2245,236.4387,2.42287469,-109.1691,1.95119035,0.0462224074
"Continuous asphalt network",2246,234.26265,2.30164742,-112.252663,3.90233135,0.055694703
"Continuous asphalt network",2247,235.824661,2.471443,-107.648155,0.9755639,0.07142789
"Continuous asphalt network",2248,235.283325,2.44299984,-106.572136,0.121941052,0.211786553
"Continuous asphalt network",2249,235.275269,2.45455456,-107.081718,0.06097294,0.104425468
"Continuous asphalt network",2250,235.172928,2.436078,-106.828224,0.0609759,0.20804964
"Continuous asphalt network",2251,235.049026,2.35675263,-106.256584,0.243906885,0.283188462
"Continuous asphalt network",2252,235.708862,2.50379658,-106.566925,0.121946007,0.204647824
"Continuous asphalt network",2253,235.972778,2.52346587,-106.69104,0.121944986,0.06383955
"Continuous asphalt network",2254,235.517654,2.47082353,-106.887695,0.2439001,0.130011111
"Continuous asphalt network",2255,236.73494,2.478877,-107.25486,0.4877913,0.0846291557
"Continuous asphalt network",2256,237.262817,2.45053458,-107.503151,0.487789959,0.0181575976
"Continuous asphalt network",2257,236.352524,2.47665119,-107.896423,0.9756407,0.041614756
"Continuous asphalt network",2258,234.736633,2.35687852,-109.189934,1.9511137,0.07778855
"Continuous asphalt network",2259,234.790482,2.39107037,-107.469749,0.0609689951,0.104391433
"Continuous asphalt network",2260,234.688156,2.36713815,-107.21627,0.0609741732,0.2451971
"Continuous asphalt network",2261,235.00325,2.41099834,-107.46714,0.12195082,0.104427509
"Continuous asphalt network",2262,234.5185,2.35055947,-107.8552,0.121943422,0.09203668
"Continuous asphalt network",2263,234.526566,2.345978,-107.345634,0.06097822,0.245202079
"Continuous asphalt network",2264,234.6289,2.36991024,-107.599113,0.06097304,0.104423873
"Continuous asphalt network",2265,234.725845,2.30350518,-106.515282,0.243895218,0.2831458
"Continuous asphalt network",2266,235.011337,2.41491532,-106.957581,0.06097526,0.208019584
"Continuous asphalt network",2267,235.1137,2.43339181,-107.211067,0.0609723,0.104429252
"Continuous asphalt network",2268,234.798584,2.36858964,-106.960182,0.121934667,0.246187881
"Continuous asphalt network",2269,235.1783,2.4043417,-108.165565,0.9755451,0.100291073
"Continuous asphalt network",2270,231.968063,2.11945748,-116.101921,3.9024384,0.118410774
"Continuous asphalt network",2271,230.438339,2.06716,-118.668091,3.90229,0.08087955
"Continuous asphalt network",2272,233.325424,2.19280529,-110.990417,0.975566566,0.181943983
"Continuous asphalt network",2273,232.560547,2.099454,-112.273506,0.9755693,0.1148919
"Continuous asphalt network",2274,233.812912,2.24944782,-108.755455,0.487825781,0.127863213
"Continuous asphalt network",2275,234.373047,2.26690769,-106.965393,0.243911386,0.2696065
"Continuous asphalt network",2276,234.28418,2.310832,-107.53965,0.121948354,0.268446624
"Continuous asphalt network",2277,234.22493,2.31664753,-107.922493,0.12195354,0.134083718
"Continuous asphalt network",2278,233.826355,2.25705886,-109.583191,0.9755575,0.182990581
"Continuous asphalt network",2279,232.705978,2.13599229,-113.16333,0.9755518,0.14961119
"Continuous asphalt network",2280,233.470825,2.22934365,-111.880241,0.9755578,0.15759638
"Continuous asphalt network",2281,232.8514,2.16735053,-114.053154,1.95121157,0.127623379
"Continuous asphalt network",2282,238.243118,2.26011634,-99.33936,0.9755826,0.132034212
"Continuous asphalt network",2283,237.478271,2.29668713,-100.622459,0.9756064,0.1250446
"Continuous asphalt network",2284,238.0977,2.14083266,-98.4495544,1.95116365,0.170796379
"Continuous asphalt network",2285,236.330978,2.326204,-102.547081,0.9755855,0.101628885
"Continuous asphalt network",2286,235.566116,2.28200364,-103.830162,0.9756017,0.286364853
"Continuous asphalt network",2287,236.818436,2.2111845,-100.3121,0.487778783,0.1446049
"Continuous asphalt network",2288,237.319351,2.11199212,-98.9048843,0.487781823,0.157306343
"Continuous asphalt network",2289,236.831909,2.27659583,-101.139854,0.9755795,0.10500554
"Continuous asphalt network",2290,238.9541,1.83781087,-94.74529,1.95120966,0.18867211
"Continuous asphalt network",2291,239.955978,1.68819141,-91.93084,1.95121193,0.184996322
"Continuous asphalt network",2292,238.981033,2.020302,-96.40079,3.90235186,0.162613526
"Continuous asphalt network",2293,237.548264,2.42696857,-102.914284,0.24390091,0.00341166044
"Continuous asphalt network",2294,237.343582,2.40186143,-102.40731,0.243902758,0.0972254947
"Continuous asphalt network",2295,237.9738,2.42513633,-102.909058,0.487765431,0.008663686
"Continuous asphalt network",2296,237.004272,2.43204141,-103.685173,0.4877771,0.0214651339
"Continuous asphalt network",2297,237.0204,2.399914,-102.666008,0.243884191,0.0981782
"Continuous asphalt network",2298,237.225082,2.42502117,-103.172974,0.243882343,0.0062642647
"Continuous asphalt network",2299,236.11554,2.449774,-104.396614,0.0609827526,0.0827268958
"Continuous asphalt network",2300,235.9472,2.41029,-104.112083,0.0304905158,0.272503525
"Continuous asphalt network",2301,236.079178,2.43269062,-104.174156,0.0304864738,0.06314031
"Continuous asphalt network",2302,236.328308,2.45165038,-104.394012,0.121945947,0.07636213
"Continuous asphalt network",2303,235.873169,2.41794038,-104.590645,0.243919477,0.197996572
"Continuous asphalt network",2304,235.388382,2.33216262,-104.9787,0.487813324,0.281435162
"Continuous asphalt network",2305,236.535645,2.37939477,-103.054054,0.487773061,0.14953053
"Continuous asphalt network",2306,236.387527,2.43084884,-104.011169,0.121954829,0.0423357
"Continuous asphalt network",2307,236.10881,2.42156386,-103.982735,0.0304836314,0.0584396347
"Continuous asphalt network",2308,235.976822,2.39916325,-103.920662,0.0304876734,0.272933066
"Continuous asphalt network",2309,236.204391,2.41784573,-103.82235,0.0609817952,0.06640398
"Continuous asphalt network",2310,236.578735,2.42771053,-103.690376,0.243897989,0.0505379066
"Continuous asphalt network",2311,238.0061,2.34690571,-100.870735,0.975582659,0.0524385236
"Continuous asphalt network",2312,238.770981,2.310335,-99.58765,0.9755589,0.06476322
"Continuous asphalt network",2313,238.092285,2.41050887,-102.143394,0.4877631,0.044803746
"Continuous asphalt network",2314,237.564453,2.38715959,-101.895119,0.4878002,0.09001574
"Continuous asphalt network",2315,238.474716,2.38990951,-101.501854,0.9755354,0.02431011
"Continuous asphalt network",2316,236.648758,2.5151484,-105.982216,0.487782031,0.0560055673
"Continuous asphalt network",2317,236.664963,2.4957037,-104.963051,0.24391219,0.07586951
"Continuous asphalt network",2318,236.869629,2.50855541,-105.470032,0.243908867,0.0609797463
"Continuous asphalt network",2319,237.3813,2.46014571,-106.73748,0.487795442,0.028645454
"Continuous asphalt network",2320,236.853455,2.4884882,-106.489189,0.4877968,0.08065028
"Continuous asphalt network",2321,235.695389,2.47717953,-105.739174,0.243913546,0.2583705
"Continuous asphalt network",2322,236.032043,2.53916335,-106.308205,0.121946141,0.03685247
"Continuous asphalt network",2323,235.768112,2.519494,-106.184082,0.121947154,0.1843945
"Continuous asphalt network",2324,235.269852,2.36588764,-105.744385,0.4878015,0.285461932
"Continuous asphalt network",2325,236.2098,2.50970936,-105.159691,0.121953979,0.07636311
"Continuous asphalt network",2326,235.945877,2.46937156,-105.035553,0.1219442,0.241495252
"Continuous asphalt network",2327,236.401016,2.485818,-104.838921,0.243877828,0.076357305
"Continuous asphalt network",2328,236.223267,2.53718662,-105.987427,0.243866727,0.0514884032
"Continuous asphalt network",2329,235.886612,2.49488544,-105.418396,0.121941715,0.24168022
"Continuous asphalt network",2330,236.150558,2.53522325,-105.542534,0.121951491,0.0602025166
"Continuous asphalt network",2331,237.7368,2.44181657,-104.44043,0.487784684,0.07049056
"Continuous asphalt network",2332,237.208939,2.44784379,-104.192162,0.48778674,0.04090847
"Continuous asphalt network",2333,238.119217,2.425439,-103.798882,0.9756041,0.00431488
"Continuous asphalt network",2334,237.763748,2.45175,-106.09594,0.975579441,0.0626571551
"Continuous asphalt network",2335,237.19281,2.487052,-105.211327,0.243880972,0.07026087
"Continuous asphalt network",2336,236.988113,2.47420025,-104.704346,0.24388431,0.08008863
"Continuous asphalt network",2337,237.6183,2.46176314,-105.206116,0.487784147,0.0542506
"Continuous asphalt network",2338,283.9066,2.428263,-171.147583,21.2191944,0.00143941224
"Continuous asphalt network",2339,279.335419,2.41592,-177.814514,21.2193,0.002203793
"Continuous asphalt network",2340,284.251373,2.43362331,-166.518509,42.4383659,0.00103004545
"Continuous asphalt network",2341,104.980995,-3.53254151,-362.100677,47.1320839,0.00106470322
"Continuous asphalt network",2342,118.862976,-3.440426,-326.8509,24.3364,0.00341218128
"Continuous asphalt network",2343,111.625153,-3.48661923,-338.85733,12.1680965,0.00308992923
"Continuous asphalt network",2344,115.734192,-3.45647979,-330.5467,12.1679716,0.00341220619
"Continuous asphalt network",2345,123.952263,-3.3932116,-313.925323,12.1680946,0.0034121077
"Continuous asphalt network",2346,128.0613,-3.36186624,-305.614655,12.1680651,0.00335000316
"Continuous asphalt network",2347,122.972015,-3.40879178,-318.540222,24.3364868,0.00341223832
"Continuous asphalt network",2348,111.71917,-3.50008321,-343.931763,48.6727257,0.00307542644
"Continuous asphalt network",2349,118.419861,-3.455888,-331.6955,24.33628,0.00341215171
"Continuous asphalt network",2350,115.385094,-3.48540568,-340.465729,24.3364773,0.0030068967
"Continuous asphalt network",2351,65.18763,-3.54392982,-333.55777,0.128459379,0.000436044968
"Continuous asphalt network",2352,177.769241,-0.453140169,-215.87825,24.3433266,0.0266800821
"Continuous asphalt network",2353,-19.8237534,-5.09940338,-320.022583,22.25518,0
"Continuous asphalt network",2354,-33.64127,-5.11230326,-312.369476,22.1900635,0.00312396651
"Continuous asphalt network",2355,-74.15405,-5.43165064,-251.195435,26.3112125,0.00220452272
"Continuous asphalt network",2356,-90.5999756,-5.474279,-235.6794,48.702858,0.001366362
"Continuous asphalt network",2357,-12.7575159,-7.107619,-296.422119,6.64379,0.0142924758
"Continuous asphalt network",2358,-13.8150282,-7.058395,-293.146149,6.643542,0.0196923185
"Continuous asphalt network",2359,-16.381155,-3.63969922,-112.95755,24.5499325,0.01174597
"Continuous asphalt network",2360,-81.2561951,-5.308727,-45.41557,53.4448662,0.00165394042
"Continuous asphalt network",2361,-358.413483,-6.669121,10.0093536,26.3595619,0.00020613306
"Continuous asphalt network",2362,-274.078827,-6.674207,48.5998955,26.6943111,0
"Continuous asphalt network",2363,-296.1116,-6.674207,61.5771675,33.1833954,0
"Continuous asphalt network",2364,-325.046265,-6.66505051,71.57816,75.54132,0
"Continuous asphalt network",2365,-304.454681,-6.66505051,79.0449753,37.77085,0
"Continuous asphalt network",2366,-317.3821,-6.66505051,72.72683,37.7707748,0
"Continuous asphalt network",2367,-100.503784,-5.553024,17.43957,22.0764465,0.04822677
"Continuous asphalt network",2368,-85.00905,-5.212169,15.7924757,37.83036,0.02481729
"Continuous asphalt network",2369,-17.2175426,-5.04612827,-16.9834843,10.1195755,0.008787041
"Continuous asphalt network",2370,-12.0395775,-4.97336149,-21.7398167,2.529904,0.0223321784
"Continuous asphalt network",2371,-8.834954,-4.825684,-24.7377777,1.26496422,0.0602754876
"Continuous asphalt network",2372,-10.3191137,-4.906091,-23.700201,1.264956,0.0411471725
"Continuous asphalt network",2373,-13.7766151,-5.000283,-20.9042511,5.05978537,0.0213405732
"Continuous asphalt network",2374,-20.6916218,-5.0544157,-15.3123627,20.2392845,0.004609738
"Continuous asphalt network",2375,-29.5965519,-5.069878,-9.086929,40.47865,0.00176348037
"Continuous asphalt network",2376,-11.5006495,-5.03318739,-19.0861416,10.1196461,0.01632935
"Continuous asphalt network",2377,-8.818374,-4.874896,-23.6129456,5.05992746,0.0550391823
"Continuous asphalt network",2378,-11.2809181,-4.99080324,-21.1337738,5.05990648,0.0299748443
"Continuous asphalt network",2379,-15.7002373,-5.06159067,-15.7714186,20.2393475,0.008866985
"Continuous asphalt network",2380,-7.30106974,-4.91727972,-22.4008636,10.1196356,0.05509146
"Continuous asphalt network",2381,-8.752076,-5.043532,-19.1136417,10.1195707,0.0243460629
"Continuous asphalt network",2382,-4.04673147,-4.928505,-22.0243626,2.52987313,0.07225698
"Continuous asphalt network",2383,-5.02512,-5.027516,-20.5827579,0.632466555,0.06393592
"Continuous asphalt network",2384,-5.387877,-5.06394768,-19.76095,0.6324781,0.0273874532
"Continuous asphalt network",2385,-4.33797836,-5.025871,-20.5896454,1.26495039,0.0590456575
"Continuous asphalt network",2386,-2.672446,-4.902879,-22.0381222,5.0598,0.07838194
"Continuous asphalt network",2387,-5.70705032,-4.7913537,-24.46226,5.059861,0.0614475124
"Continuous asphalt network",2388,-5.855274,-4.95816,-21.8017025,1.26495433,0.0611010827
"Continuous asphalt network",2389,-5.92938852,-5.04242754,-20.4714413,0.3162316,0.0629461
"Continuous asphalt network",2390,-5.85788345,-5.062808,-19.85852,0.316242933,0.0290290415
"Continuous asphalt network",2391,-5.53088236,-5.00713539,-20.98678,0.632476,0.0673308
"Continuous asphalt network",2392,-5.05826426,-4.881174,-22.8323975,2.529918,0.06944541
"Continuous asphalt network",2393,172.525146,-1.30868781,-100.414116,10.3736591,0.0803831
"Continuous asphalt network",2394,170.181534,-1.31599748,-100.440681,10.3737459,0.0820743144
"Continuous asphalt network",2395,256.110535,-0.310450166,48.4828072,3.15369534,0.03203985
"Continuous asphalt network",2396,257.715851,-0.2804193,49.2986145,3.15355086,0.0145361116
"Continuous asphalt network",2397,255.964478,-0.3429307,46.6623955,6.307153,0.02073742
"Continuous asphalt network",2398,254.322922,-0.319288522,50.1936836,3.15373325,0.0249118377
"Continuous asphalt network",2399,253.100754,-0.3172025,51.75536,1.57683885,0.056385912
"Continuous asphalt network",2400,254.231766,-0.290878564,51.45702,1.57683885,0.03841151
"Continuous asphalt network",2401,257.059235,-0.268509179,50.71114,3.15358877,0.00423499942
"Continuous asphalt network",2402,255.453918,-0.298540056,49.8953362,3.15373325,0.02925605
"Continuous asphalt network",2403,159.646042,-2.02507877,11.3837633,11.1563492,0.000957806071
"Continuous asphalt network",2404,88.1496353,-2.11051846,18.914175,29.0691986,0.000204322991
"Continuous asphalt network",2405,81.00312,-2.11155033,11.506444,29.0692539,0
"Continuous asphalt network",2406,90.25824,-2.11051846,24.71549,58.13798,0.0004422332
"Continuous asphalt network",2407,84.78739,-2.888016,97.96807,2.618257,0.10031458
"Continuous asphalt network",2408,84.89538,-2.99998283,100.503365,2.618252,0.09939625
"Continuous asphalt network",2409,279.827637,0.3524829,22.6993313,36.39193,0.00116408488
"Continuous asphalt network",2410,280.550873,0.312302649,32.3204155,18.1960659,0.0143853845
"Continuous asphalt network",2411,281.807648,0.35154,26.6756687,18.1959782,0.002059963
"Continuous asphalt network",2412,264.2076,2.37388825,-184.354782,58.7059021,0.002894899
"Continuous asphalt network",2413,249.197311,2.31153083,-177.976746,29.3528366,0.00563579751
"Continuous asphalt network",2414,259.313171,2.357435,-180.53685,29.3528328,0.0032595268
"Continuous asphalt network",2415,104.729736,-3.528497,-357.11087,34.018856,0.00124965678
"Continuous asphalt network",2416,72.37919,-3.541895,-334.18103,78.70872,0.0005164495
"Continuous asphalt network",2417,93.10663,-3.52970338,-342.076172,39.35445,0.00100145792
"Continuous asphalt network",2418,79.07208,-3.53888,-338.41806,39.3545,0.000282887428
"Continuous asphalt network",2419,190.531616,0.410972685,-196.993835,13.9475508,0.0408766046
"Continuous asphalt network",2420,183.804153,0.0270659719,-204.070877,13.9475136,0.0399963856
"Continuous asphalt network",2421,193.166077,0.6291699,-192.379623,27.8948288,0.0411630832
"Continuous asphalt network",2422,201.798691,1.25993955,-179.612717,13.9473677,0.0413521565
"Continuous asphalt network",2423,207.614517,1.67359638,-171.19104,3.48697186,0.0393488258
"Continuous asphalt network",2424,210.613586,1.84476757,-167.1147,3.48697352,0.0288725886
"Continuous asphalt network",2425,206.47963,1.561169,-173.76709,6.973703,0.0405868329
"Continuous asphalt network",2426,199.528885,1.0295,-184.764725,27.8948078,0.0409352556
"Continuous asphalt network",2427,184.898087,-0.008140187,-205.6844,27.8948879,0.040165253
"Continuous asphalt network",2428,191.625549,0.375766516,-198.607361,27.8949642,0.04103837
"Continuous asphalt network",2429,182.99292,-0.225148454,-211.374268,55.7901344,0.0368806235
"Continuous asphalt network",2430,-11.6211481,-5.091088,-316.371674,17.7140026,0.00127350178
"Continuous asphalt network",2431,-4.923531,-5.06589,-315.547119,17.7139568,0.006367161
"Continuous asphalt network",2432,-14.4370394,-5.094804,-319.0693,35.42807,0.00137098029
"Continuous asphalt network",2433,-57.3127327,-5.328543,-271.012848,42.76634,0.004491498
"Continuous asphalt network",2434,-51.49245,-5.27278376,-281.788361,21.3832741,0.00475265738
"Continuous asphalt network",2435,-56.6850929,-5.31042767,-275.440582,21.3834686,0.004467821
"Continuous asphalt network",2436,-46.6565361,-5.21498156,-293.1907,21.38326,0.0047526327
"Continuous asphalt network",2437,-41.328434,-5.157309,-304.2797,10.6913691,0.004704191
"Continuous asphalt network",2438,-45.53673,-5.195781,-297.305,10.6913662,0.00475266064
"Continuous asphalt network",2439,-53.95331,-5.272933,-283.3556,10.6914063,0.004702036
"Continuous asphalt network",2440,-58.1616058,-5.31044245,-276.3809,10.6914139,0.004509231
"Continuous asphalt network",2441,-50.86482,-5.253651,-286.216034,21.3831081,0.00475266576
"Continuous asphalt network",2442,-71.82122,-5.41851568,-254.876022,50.5376053,0.00361030456
"Continuous asphalt network",2443,-86.0979,-5.47377348,-235.8238,26.7549686,0.00181796507
"Continuous asphalt network",2444,-12.1551895,-7.093,-292.743225,13.1934252,0.03099216
"Continuous asphalt network",2445,-15.5821676,-3.58849359,-106.491638,51.42421,0.0107854148
"Continuous asphalt network",2446,-9.960003,-3.4737637,-93.4902954,25.712183,0.0075648604
"Continuous asphalt network",2447,-11.9742508,-3.53628469,-102.21347,25.7121239,0.007102667
"Continuous asphalt network",2448,-3.03744245,-3.364905,-80.53066,25.7121124,0.007122205
"Continuous asphalt network",2449,3.2349205,-3.28554916,-67.55019,12.8560152,0.004511922
"Continuous asphalt network",2450,-0.0797259,-3.32715917,-76.23166,12.856,0.007495936
"Continuous asphalt network",2451,-5.701889,-3.43014431,-89.2329941,25.7121487,0.00761708664
"Continuous asphalt network",2452,-10.0236549,-3.52967,-102.276039,12.8560677,0.006963438
"Continuous asphalt network",2453,-8.009407,-3.467149,-93.5528641,12.8560972,0.00744086644
"Continuous asphalt network",2454,-75.15201,-5.300072,-34.8011322,75.12265,0.000117007068
"Continuous asphalt network",2455,-353.364258,-6.670138,11.8135786,52.6538124,0.00020629089
"Continuous asphalt network",2456,-265.548553,-6.674207,43.9854164,24.5291138,0
"Continuous asphalt network",2457,-291.993927,-6.674207,60.6862,13.1024046,0
"Continuous asphalt network",2458,-305.291229,-6.66505051,81.23324,39.89654,0
"Continuous asphalt network",2459,-319.419067,-6.66505051,76.9255,39.89667,0
"Continuous asphalt network",2460,-298.6999,-6.66505051,85.7532043,79.79366,0
"Continuous asphalt network",2461,-97.91213,-5.542456,16.04154,12.2682867,0.0454159863
"Continuous asphalt network",2462,-36.5959358,-5.066171,-8.3093,69.4699249,0.00157490617
"Continuous asphalt network",2463,-21.72877,-5.04981947,-17.40272,17.36746,0.003702558
"Continuous asphalt network",2464,-14.29519,-4.98686171,-21.9494267,4.341902,0.0173317622
"Continuous asphalt network",2465,-10.5784006,-4.891736,-24.2227879,1.08546877,0.03916071
"Continuous asphalt network",2466,-9.094242,-4.81132936,-25.2603664,1.0854665,0.08683326
"Continuous asphalt network",2467,-12.81744,-4.94558573,-23.30758,2.17093372,0.034571778
"Continuous asphalt network",2468,-18.7732658,-5.028111,-20.1190186,8.683804,0.0129559943
"Continuous asphalt network",2469,-30.684927,-5.06157541,-13.7419024,34.73495,0.00211890158
"Continuous asphalt network",2470,172.816162,-0.062531434,-112.172829,25.82443,0.114895955
"Continuous asphalt network",2471,172.191147,1.14850712,-123.199,3.22806716,0.119278222
"Continuous asphalt network",2472,172.981033,0.9096543,-120.741356,3.22810388,0.112307519
"Continuous asphalt network",2473,172.1781,1.41836452,-126.872162,6.45615959,0.08154851
"Continuous asphalt network",2474,172.013229,0.6279873,-118.30365,6.45614147,0.111915514
"Continuous asphalt network",2475,171.223312,0.866840065,-120.761292,6.456078,0.10204073
"Continuous asphalt network",2476,172.447342,-0.7514083,-106.0553,12.9120817,0.1136881
"Continuous asphalt network",2477,169.721832,-1.02814257,-103.637512,6.456096,0.111253455
"Continuous asphalt network",2478,172.06543,-1.020833,-103.610939,6.456063,0.103825286
"Continuous asphalt network",2479,170.472549,-0.0567524619,-112.1994,12.9122725,0.108214341
"Continuous asphalt network",2480,169.708755,-0.6115818,-107.310692,12.9123125,0.120574057
"Continuous asphalt network",2481,222.056412,-1.28857553,57.9276733,61.8446045,0.0280203559
"Continuous asphalt network",2482,235.671432,-0.879729,52.0520439,15.4610519,0.0270511042
"Continuous asphalt network",2483,240.984421,-0.7377329,49.254467,15.461195,0.02836968
"Continuous asphalt network",2484,227.036911,-1.12551749,54.01184,30.9220486,0.02817519
"Continuous asphalt network",2485,154.327927,-2.02911,8.986424,42.4142876,0.0007461225
"Continuous asphalt network",2486,116.535339,-2.0756166,19.5146484,42.0774765,0.00157416123
"Continuous asphalt network",2487,106.452942,-2.09458184,26.8243771,21.0387058,0.00139939482
"Continuous asphalt network",2488,113.708305,-2.082493,23.4190674,21.0386848,0.00164752547
"Continuous asphalt network",2489,86.07902,-2.94629765,101.354668,6.797233,0.08493186
"Continuous asphalt network",2490,88.33834,-2.766944,100.521973,6.79715061,0.06730924
"Continuous asphalt network",2491,284.0358,0.357132345,17.72378,10.9657259,0.001917761
"Continuous asphalt network",2492,285.6592,0.362609625,14.7051134,2.74141812,0.0115831085
"Continuous asphalt network",2493,286.144867,0.380452245,13.0515394,2.74140143,0.0225214511
"Continuous asphalt network",2494,284.112183,0.365321249,14.9549255,5.48287773,0.00797769148
"Continuous asphalt network",2495,280.941681,0.358075231,18.2233829,21.9314137,0.00130994979
"Continuous asphalt network",2496,250.032455,2.31182456,-175.127487,13.4362278,0.00569373835
"Continuous asphalt network",2497,259.646027,2.35652,-178.741135,13.4362583,0.00324840262
"Continuous asphalt network",2498,244.723389,2.28169537,-174.3742,26.87251,0.00562818768
"Continuous asphalt network",2499,107.106026,-3.52135539,-352.0685,24.5013275,0.00132734573
"Continuous asphalt network",2500,149.079514,-2.36366677,-268.0144,18.13112,0.032381963
"Continuous asphalt network",2501,141.765366,-2.79426837,-279.170532,18.13112,0.03250298
"Continuous asphalt network",2502,151.957169,-2.130807,-261.4217,36.2622147,0.032454446
"Continuous asphalt network",2503,161.369614,-1.44831145,-242.658157,18.1307335,0.03249699
"Continuous asphalt network",2504,167.904343,-1.00207293,-230.48735,18.1307869,0.03210917
"Continuous asphalt network",2505,158.881638,-1.69074976,-249.7582,36.2621765,0.0325765
"Continuous asphalt network",2506,142.9345,-2.81997418,-280.6925,36.2623177,0.0324585736
"Continuous asphalt network",2507,150.248642,-2.38937283,-269.536377,36.2623177,0.0323367342
"Continuous asphalt network",2508,142.27507,-2.95056915,-285.00354,36.262413,0.03194697
"Continuous asphalt network",2509,139.3974,-3.146966,-291.596252,36.2620277,0.0268054567
"Continuous asphalt network",2510,-67.32375,-5.407498,-254.606583,30.76209,0.00349896168
"Continuous asphalt network",2511,-79.03283,-5.46138144,-239.840164,49.3856354,0.00240487442
"Continuous asphalt network",2512,-6.76990652,-7.16755152,-294.996,4.324339,0.005384335
"Continuous asphalt network",2513,-3.85209584,-7.18033171,-296.526154,4.32432,0.0123119364
"Continuous asphalt network",2514,-8.786548,-7.1572547,-295.255768,8.648634,0.01451796
"Continuous asphalt network",2515,5.86009073,-3.339942,-55.0929871,22.1914063,0.027553862
"Continuous asphalt network",2516,-65.79713,-5.24372673,-20.7344112,24.5424385,0.0145045184
"Continuous asphalt network",2517,-342.847748,-6.67115545,-1.11339819,65.91389,0
"Continuous asphalt network",2518,-260.9434,-6.6752243,41.48796,30.488018,0.000388833141
"Continuous asphalt network",2519,-288.6483,-6.66505051,85.38906,5.18636131,0
"Continuous asphalt network",2520,-99.8111954,-5.87698364,8.329987,13.690835,0.0564408936
"Continuous asphalt network",2521,-102.800812,-6.07293844,6.323929,3.4226954,0.0461796373
"Continuous asphalt network",2522,-104.695068,-6.18527842,5.18009949,1.71137345,0.0441989526
"Continuous asphalt network",2523,-104.101982,-6.13069868,6.34129858,1.71137321,0.072206825
"Continuous asphalt network",2524,-102.413506,-5.981119,8.364716,6.84539127,0.05965136
"Continuous asphalt network",2525,-2.21012235,-4.61923456,-25.90126,28.4119053,0.07525269
"Continuous asphalt network",2526,0.3147316,-4.15503073,-31.6865082,7.103034,0.07710736
"Continuous asphalt network",2527,0.9200528,-3.97454333,-34.3238373,7.10302258,0.06494686
"Continuous asphalt network",2528,-2.61633182,-4.39484739,-29.3466339,14.2060776,0.06869087
"Continuous asphalt network",2529,172.197327,1.80771792,-134.05809,8.041666,0.0703620538
"Continuous asphalt network",2530,169.188217,1.59758341,-132.4471,8.041685,0.05479619
"Continuous asphalt network",2531,136.053268,-2.06485844,84.71482,81.2256851,0.00234500179
"Continuous asphalt network",2532,158.193329,-2.028303,79.34961,40.6137428,0.0009838811
"Continuous asphalt network",2533,143.573227,-2.04648018,81.2619553,40.613472,0.0020517942
"Continuous asphalt network",2534,180.43837,-1.9985615,72.73605,40.6130753,0.00297469413
"Continuous asphalt network",2535,197.069626,-1.93468821,68.40005,5.0766983,0.0137575958
"Continuous asphalt network",2536,202.604675,-1.84722555,67.05877,2.538187,0.0235017855
"Continuous asphalt network",2537,198.949631,-1.912571,67.53684,2.53822637,0.0135654593
"Continuous asphalt network",2538,210.0197,-1.65709877,64.85424,5.07652044,0.0273413062
"Continuous asphalt network",2539,204.497787,-1.80374372,66.03951,2.538271,0.0232489072
"Continuous asphalt network",2540,198.989,-1.91294765,67.0687256,1.26919961,0.0130378669
"Continuous asphalt network",2541,202.644028,-1.84760225,66.5906448,1.26917994,0.0230035335
"Continuous asphalt network",2542,187.905838,-1.978707,69.90735,20.30656,0.004327597
"Continuous asphalt network",2543,165.765823,-2.023064,75.27261,40.61318,0.000426430255
"Continuous asphalt network",2544,143.730682,-2.04480815,79.3894653,20.3047523,0.00201745424
"Continuous asphalt network",2545,158.350784,-2.02663064,77.47712,20.30489,0.000853419129
"Continuous asphalt network",2546,136.942856,-2.04527473,14.2120361,63.8691559,0.00137270975
"Continuous asphalt network",2547,100.233437,-2.15828729,94.06991,2.14171147,0.0239121187
"Continuous asphalt network",2548,101.701111,-2.12148952,91.7913,2.14170146,0.0123270806
"Continuous asphalt network",2549,98.94849,-2.17088723,94.7677,4.28354836,0.0292457528
"Continuous asphalt network",2550,95.64469,-2.29949546,97.30256,2.14177966,0.0499229841
"Continuous asphalt network",2551,93.6258545,-2.444029,99.13964,2.14174438,0.06439103
"Continuous asphalt network",2552,97.20524,-2.25441241,96.82553,4.28355551,0.05295655
"Continuous asphalt network",2553,102.527809,-2.13341975,92.45355,4.28360033,0.0117893545
"Continuous asphalt network",2554,101.060143,-2.17021751,94.7321548,4.28362036,0.02368315
"Continuous asphalt network",2555,104.36393,-2.13263917,92.1972961,8.567109,0.009347906
"Continuous asphalt network",2556,110.788795,-2.11550236,88.708374,34.26894,0.00560558075
"Continuous asphalt network",2557,94.33499,-2.17048168,94.95801,1.0709219,0.06292008
"Continuous asphalt network",2558,94.01298,-2.13086867,93.83646,1.07085741,0.0239045955
"Continuous asphalt network",2559,93.71573,-2.231456,95.75729,2.14181852,0.07320451
"Continuous asphalt network",2560,96.05654,-2.170791,95.0417557,2.1417923,0.055999957
"Continuous asphalt network",2561,94.79325,-2.11664,93.59795,1.07088113,0.0151037266
"Continuous asphalt network",2562,95.11526,-2.156253,94.7195053,1.07094562,0.06027272
"Continuous asphalt network",2563,92.79916,-2.4236567,98.47738,4.283543,0.0683611259
"Continuous asphalt network",2564,94.81799,-2.279123,96.6403,4.28361368,0.05454076
"Continuous asphalt network",2565,99.08474,-2.114845,92.2861252,2.14180732,0.004228494
"Continuous asphalt network",2566,98.62649,-2.13447261,93.64617,2.14174676,0.03534746
"Continuous asphalt network",2567,100.87442,-2.114462,91.12905,4.28357935,0.004991219
"Continuous asphalt network",2568,97.13407,-2.11193347,92.88241,1.07086563,0.0009391159
"Continuous asphalt network",2569,97.45608,-2.131561,94.00394,1.07089436,0.03367576
"Continuous asphalt network",2570,97.753334,-2.11193347,92.08313,2.14178658,0.000656661461
"Continuous asphalt network",2571,95.41254,-2.11155033,92.7986755,2.14182782,0
"Continuous asphalt network",2572,96.6758041,-2.131178,94.2424545,1.07090366,0.0336467251
"Continuous asphalt network",2573,96.3538,-2.11155033,93.12092,1.07087493,0
"Continuous asphalt network",2574,90.82375,-2.30885053,96.03132,4.283569,0.09379459
"Continuous asphalt network",2575,91.46775,-2.45241332,98.2743759,4.28361559,0.07074168
"Continuous asphalt network",2576,92.61346,-2.191843,94.87427,2.141756,0.072405085
"Continuous asphalt network",2577,93.07172,-2.125779,93.51422,2.141746,0.0243918486
"Continuous asphalt network",2578,91.00647,-2.162667,94.45053,0.535439,0.08997175
"Continuous asphalt network",2579,91.23562,-2.12098718,93.7705154,0.535439,0.0323559642
"Continuous asphalt network",2580,90.2602539,-2.13612342,94.0686646,0.26773,0.08424885
"Continuous asphalt network",2581,89.87012,-2.156722,94.18792,0.267720848,0.130416915
"Continuous asphalt network",2582,90.61633,-2.177803,94.56979,0.5354262,0.07345638
"Continuous asphalt network",2583,91.99416,-2.24623179,95.67355,1.070856,0.07564971
"Continuous asphalt network",2584,91.8672256,-2.15226436,94.49241,0.2677158,0.08100307
"Continuous asphalt network",2585,91.70624,-2.12532687,93.93164,0.26771307,0.02886833
"Continuous asphalt network",2586,91.5575943,-2.18960452,94.89204,0.535441756,0.0920474753
"Continuous asphalt network",2587,87.93182,-2.518739,96.30537,2.141808,0.103786685
"Continuous asphalt network",2588,88.3900757,-2.36379933,94.94531,2.141803,0.139686614
"Continuous asphalt network",2589,86.6004257,-2.62080169,96.10238,4.28363466,0.120035678
"Continuous asphalt network",2590,89.9072,-2.5618875,98.75143,4.283491,0.09115483
"Continuous asphalt network",2591,89.49235,-2.35305762,95.82834,2.14174056,0.132859185
"Continuous asphalt network",2592,89.03408,-2.50799727,97.18839,2.14174557,0.09664918
"Continuous asphalt network",2593,287.626465,0.354420751,16.92547,4.66947365,0
"Continuous asphalt network",2594,287.3163,0.372263342,13.7083788,2.334695,0.0218964871
"Continuous asphalt network",2595,286.830627,0.354420751,15.3619537,2.334702,0
"Continuous asphalt network",2596,286.378662,0.354420751,19.0374851,9.338839,0
"Continuous asphalt network",2597,290.951569,0.354893774,16.2869053,9.338876,0.000405442785
"Continuous asphalt network",2598,288.597778,0.372736365,13.6183062,4.669329,0.0151303057
"Continuous asphalt network",2599,289.150757,0.354893774,16.008606,4.66945457,0.000559213746
"Continuous asphalt network",2600,230.836746,2.17017722,-169.82814,12.309535,0.008754869
"Continuous asphalt network",2601,222.259109,2.08411241,-166.0354,12.3096085,0.009691262
"Continuous asphalt network",2602,235.6278,2.212205,-170.671,24.6191444,0.00872180052
"Continuous asphalt network",2603,134.71492,-3.30614114,-301.370483,51.5126076,0.0135586178
"Continuous asphalt network",2604,129.505753,-3.383436,-314.538483,25.7566814,0.004165742
"Continuous asphalt network",2605,131.2265,-3.35441,-305.793671,25.75656,0.00393004669
"Continuous asphalt network",2606,122.982574,-3.43682861,-327.731842,25.7561817,0.00341217453
"Continuous asphalt network",2607,117.116394,-3.48412728,-340.912567,12.8783512,0.00303660613
"Continuous asphalt network",2608,120.151161,-3.45460987,-332.142334,12.87823,0.00341218431
"Continuous asphalt network",2609,125.360321,-3.40647244,-318.974365,25.7563019,0.00341229141
"Continuous asphalt network",2610,129.255447,-3.3600738,-305.831757,12.8779907,0.003640822
"Continuous asphalt network",2611,127.534706,-3.38909984,-314.576538,12.8780518,0.0039037657
"Continuous asphalt network",2612,-74.14212,-5.446949,-243.5462,59.853756,0.0028873384
"Continuous asphalt network",2613,-3.72323537,-7.187029,-301.204559,58.8904953,0.00784256
"Continuous asphalt network",2614,41.6549225,-2.252616,-72.86605,18.1043777,0.0308540072
"Continuous asphalt network",2615,31.7242184,-2.62025142,-65.7836456,4.52608871,0.029982863
"Continuous asphalt network",2616,26.93614,-2.78163314,-62.1663055,4.52608633,0.02508633
"Continuous asphalt network",2617,34.8273544,-2.51467013,-67.28777,9.052191,0.030991761
"Continuous asphalt network",2618,47.86119,-2.043341,-75.87431,36.2085457,0.0301149245
"Continuous asphalt network",2619,65.0618057,-1.4559288,-85.50818,18.1044388,0.029663058
"Continuous asphalt network",2620,76.05616,-1.06639421,-92.1337662,18.1044769,0.0311269257
"Continuous asphalt network",2621,58.1464424,-1.67524529,-82.80446,36.20854,0.0296748132
"Continuous asphalt network",2622,27.55744,-2.73078322,-64.73632,18.1043377,0.0242437255
"Continuous asphalt network",2623,32.3455162,-2.5694015,-68.35366,18.10438,0.03042153
"Continuous asphalt network",2624,39.5276337,-2.30036426,-73.77966,36.20871,0.030625185
"Continuous asphalt network",2625,22.3270168,-2.8652432,-64.1458054,72.4176,0.0279968325
"Continuous asphalt network",2626,-90.74005,-5.77087545,-7.056788,34.9329758,0.01991595
"Continuous asphalt network",2627,-80.91349,-5.53844452,-14.5372667,34.9328842,0.0189506132
"Continuous asphalt network",2628,-94.7674942,-5.857353,-6.36086035,34.93275,0.022986535
"Continuous asphalt network",2629,-100.727966,-6.037436,-3.40341187,34.9327126,0.035448797
"Continuous asphalt network",2630,-338.186646,-6.67115545,-6.566961,29.6835442,0
"Continuous asphalt network",2631,-251.75322,-6.677259,36.49852,24.5103741,0
"Continuous asphalt network",2632,-286.836884,-6.66505051,87.52479,1.24298847,0
"Continuous asphalt network",2633,-172.849869,-6.692518,30.2262974,26.0327911,0
"Continuous asphalt network",2634,-182.046143,-6.692518,33.938633,26.0328331,0
"Continuous asphalt network",2635,-167.2951,-6.692518,30.5002136,52.06569,0
"Continuous asphalt network",2636,-4.01173,-4.17707,-33.697464,9.645531,0.0538134649
"Continuous asphalt network",2637,-4.83373642,-4.403169,-30.1161041,9.645532,0.07104737
"Continuous asphalt network",2638,-1.99743271,-4.06726,-34.6506844,9.645542,0.06561216
"Continuous asphalt network",2639,0.8252907,-3.871576,-36.5185432,4.82278,0.0647456646
"Continuous asphalt network",2640,-1.5864296,-3.9641037,-36.4413643,4.82277,0.05016285
"Continuous asphalt network",2641,177.725281,2.18301487,-142.037872,4.13081837,0.0416668653
"Continuous asphalt network",2642,180.350143,2.2534132,-141.993484,0.5163653,0.04347732
"Continuous asphalt network",2643,179.393051,2.265371,-141.550674,0.2581856,0.06092384
"Continuous asphalt network",2644,179.984146,2.27297568,-141.5844,0.2581603,0.0299655255
"Continuous asphalt network",2645,181.201614,2.21571326,-141.847961,1.03276587,0.055365026
"Continuous asphalt network",2646,179.6043,2.23765779,-142.727417,0.258197367,0.0686154
"Continuous asphalt network",2647,180.195435,2.23965478,-142.761124,0.258208424,0.0498765372
"Continuous asphalt network",2648,179.37915,2.212341,-143.1028,0.5163515,0.0552079827
"Continuous asphalt network",2649,179.1679,2.24381161,-141.926071,0.516364157,0.06163907
"Continuous asphalt network",2650,180.125015,2.253679,-142.368881,0.258182138,0.04336569
"Continuous asphalt network",2651,179.533875,2.251682,-142.335159,0.258171082,0.06052701
"Continuous asphalt network",2652,176.8247,2.1125834,-143.539413,8.261635,0.04227136
"Continuous asphalt network",2653,176.050049,2.18780684,-139.224777,1.03270125,0.0634096
"Continuous asphalt network",2654,177.2323,2.23939872,-139.292221,1.03271925,0.0314546973
"Continuous asphalt network",2655,175.670212,2.17163634,-140.367783,1.03266454,0.06297624
"Continuous asphalt network",2656,175.529343,2.16264939,-139.5833,1.03270662,0.06141642
"Continuous asphalt network",2657,175.177231,2.1072886,-137.6221,2.0654552,0.06875517
"Continuous asphalt network",2658,177.091476,2.22010446,-138.507751,1.03270566,0.0307379179
"Continuous asphalt network",2659,175.9092,2.16851258,-138.4403,1.03268778,0.06322541
"Continuous asphalt network",2660,179.21698,2.27522182,-140.570068,1.03270423,0.0479668677
"Continuous asphalt network",2661,179.076126,2.28301978,-139.7856,1.03267717,0.0246472135
"Continuous asphalt network",2662,181.060776,2.24135756,-141.063477,1.03271711,0.0589644723
"Continuous asphalt network",2663,179.748367,2.29404044,-141.085632,0.129085079,0.04718385
"Continuous asphalt network",2664,180.0791,2.28284359,-141.29863,0.1290931,0.1175926
"Continuous asphalt network",2665,179.322632,2.27037215,-141.158432,0.25819838,0.0609189719
"Continuous asphalt network",2666,180.121277,2.30541778,-140.718719,0.06454387,0.08103145
"Continuous asphalt network",2667,179.825729,2.30922484,-140.701859,0.06453369,0.0609282441
"Continuous asphalt network",2668,180.233841,2.30084968,-140.531021,0.129089355,0.06818581
"Continuous asphalt network",2669,180.339462,2.28153586,-141.11937,0.129082575,0.08551021
"Continuous asphalt network",2670,179.860916,2.30469036,-140.897949,0.06452673,0.07244034
"Continuous asphalt network",2671,180.156479,2.30088329,-140.91481,0.0645369142,0.08208523
"Continuous asphalt network",2672,176.9229,2.20356464,-140.827438,2.06536484,0.06675564
"Continuous asphalt network",2673,177.893875,2.26373887,-139.718155,1.03270733,0.0311793368
"Continuous asphalt network",2674,178.034714,2.25594115,-140.50264,1.03273439,0.0567014553
"Continuous asphalt network",2675,124.616676,-2.06300235,17.8402,21.10622,0.00159712078
"Continuous asphalt network",2676,112.933983,-2.12541986,90.4925461,33.9419174,0.00369774131
"Continuous asphalt network",2677,102.393456,-2.192015,95.8495255,2.12142682,0.0246172
"Continuous asphalt network",2678,104.441956,-2.15097332,94.0033951,2.12142682,0.0143117215
"Continuous asphalt network",2679,100.847755,-2.21047878,96.32203,4.242714,0.02658172
"Continuous asphalt network",2680,96.73212,-2.32630825,98.1901,2.1213212,0.04437942
"Continuous asphalt network",2681,94.16215,-2.45367169,99.58566,2.12134337,0.0641036
"Continuous asphalt network",2682,98.5385361,-2.28716063,97.942894,4.2426424,0.0445889235
"Continuous asphalt network",2683,105.224129,-2.15777659,94.67929,4.24287033,0.0105893156
"Continuous asphalt network",2684,103.175629,-2.19881821,96.52542,4.24287033,0.0222900677
"Continuous asphalt network",2685,107.29129,-2.14936,94.65736,8.485562,0.0105873886
"Continuous asphalt network",2686,120.159691,-2.11059833,89.50369,67.88467,0.00299605145
"Continuous asphalt network",2687,280.308,1.06796682,-9.134201,22.70217,0.031127153
"Continuous asphalt network",2688,288.253082,0.679166555,1.20215356,11.3510132,0.0297405981
"Continuous asphalt network",2689,283.6339,0.939925849,-6.07721472,11.3510361,0.0310963858
"Continuous asphalt network",2690,274.3955,1.47451437,-20.6359959,11.3509846,0.032366246
"Continuous asphalt network",2691,269.776337,1.75099146,-27.9153957,11.350934,0.0336904749
"Continuous asphalt network",2692,275.6888,1.33391917,-16.41359,22.70217,0.03168125
"Continuous asphalt network",2693,288.5301,0.545909643,6.00726843,45.40357,0.0298930015
"Continuous asphalt network",2694,281.0931,0.930580437,-4.62043762,22.7019043,0.030555252
"Continuous asphalt network",2695,284.696045,0.6692827,3.24166369,22.7017841,0.0298733953
"Continuous asphalt network",2696,224.119751,2.11552525,-162.393387,24.5207748,0.00499580335
"Continuous asphalt network",2697,232.126633,2.17462182,-167.209427,24.5208473,0.008737281
"Continuous asphalt network",2698,219.043289,2.06704354,-162.06221,49.0421028,0.0142555032
"Continuous asphalt network",2699,135.33049,-3.26424384,-294.943359,24.35527,0.01566791
"Continuous asphalt network",2700,-63.3939362,-5.3807435,-260.5556,44.02422,0.004069345
"Continuous asphalt network",2701,13.5268354,-7.60316849,-281.280975,7.483824,0.0046841423
"Continuous asphalt network",2702,10.3224669,-7.55939054,-284.720917,7.483921,0.03170027
"Continuous asphalt network",2703,4.032421,-7.350197,-291.992432,7.48390436,0.0378265344
"Continuous asphalt network",2704,6.25765467,-7.42155457,-288.825073,3.74197531,0.02505434
"Continuous asphalt network",2705,7.741152,-7.5017,-286.713531,3.741947,0.039111495
"Continuous asphalt network",2706,14.6542282,-7.61925,-277.994659,29.935957,0.00526162237
"Continuous asphalt network",2707,23.4364319,-7.79214144,-264.9337,3.74193668,0.011480025
"Continuous asphalt network",2708,20.2320747,-7.733649,-268.373627,3.74196887,0.0167212151
"Continuous asphalt network",2709,24.8012238,-7.81677771,-262.430542,7.483928,0.00791015
"Continuous asphalt network",2710,29.2516766,-7.90210867,-256.095856,14.9677982,0.0128757833
"Continuous asphalt network",2711,20.5881634,-7.720141,-269.54837,7.483986,0.0167353172
"Continuous asphalt network",2712,23.79252,-7.77863359,-266.108429,7.483922,0.0115306592
"Continuous asphalt network",2713,19.4607716,-7.67411041,-272.834717,14.96795,0.014477483
"Continuous asphalt network",2714,6.228102,-7.378895,-292.230377,29.9359474,0.0209869817
"Continuous asphalt network",2715,12.3994322,-7.55899954,-284.5673,7.48399448,0.0157103
"Continuous asphalt network",2716,15.6038008,-7.602778,-281.12735,7.483995,0.0119825564
"Continuous asphalt network",2717,11.2720423,-7.498361,-287.853638,14.9679508,0.0184066109
"Continuous asphalt network",2718,5.3381,-7.30793142,-296.299866,29.9358711,0.0170487612
"Continuous asphalt network",2719,2.608518,-7.241671,-301.3062,29.93627,0.0109092621
"Continuous asphalt network",2720,-10.0747538,-3.90294576,-46.88643,49.4816322,0.0283479448
"Continuous asphalt network",2721,-22.78463,-4.235066,-42.2792168,24.7408371,0.0232310332
"Continuous asphalt network",2722,-14.4661407,-4.04957628,-43.5642967,24.7408657,0.0235245321
"Continuous asphalt network",2723,-35.6105843,-4.561389,-36.3322,24.7409725,0.02318711
"Continuous asphalt network",2724,-48.37851,-4.86792231,-31.05509,12.3703394,0.0204663984
"Continuous asphalt network",2725,-39.943943,-4.67811537,-33.6799622,12.3703833,0.0230087414
"Continuous asphalt network",2726,-27.2340546,-4.368404,-38.2871857,24.740921,0.0227908641
"Continuous asphalt network",2727,-14.6402483,-4.075112,-41.5546074,12.3702869,0.0233738273
"Continuous asphalt network",2728,-22.9587383,-4.260602,-40.2695274,12.3702726,0.0230767187
"Continuous asphalt network",2729,-108.22892,-6.33887863,0.318247467,28.4871845,0.0461457521
"Continuous asphalt network",2730,-114.306908,-6.60576248,2.03138733,7.12175226,0.03566585
"Continuous asphalt network",2731,-117.953514,-6.692518,3.18940234,3.56085753,0
"Continuous asphalt network",2732,-115.521095,-6.64909363,3.284958,3.56087232,0.03570675
"Continuous asphalt network",2733,-110.657288,-6.453875,2.82539868,14.2435045,0.04459095
"Continuous asphalt network",2734,-125.243683,-6.692518,7.45747375,28.4872437,0
"Continuous asphalt network",2735,-117.948463,-6.68048239,6.4428,3.560883,0.0232520476
"Continuous asphalt network",2736,-115.212891,-6.649761,5.98096228,0.445119977,0.0557870157
"Continuous asphalt network",2737,-115.820229,-6.653808,6.44507837,0.4451205,0.0849979445
"Continuous asphalt network",2738,-114.30085,-6.610762,5.93547058,0.890225053,0.0435153879
"Continuous asphalt network",2739,-116.4291,-6.67601156,5.933182,0.8902059,0.0214143936
"Continuous asphalt network",2740,-115.821754,-6.671964,5.469065,0.8902277,0.0317862071
"Continuous asphalt network",2741,-119.166191,-6.692518,5.419001,7.12175131,0
"Continuous asphalt network",2742,-110.654243,-6.453736,4.77744055,7.12192249,0.0445909761
"Continuous asphalt network",2743,-115.519592,-6.64909363,4.26097631,1.78050685,0.0357067324
"Continuous asphalt network",2744,-117.952,-6.692518,4.16542053,1.78049946,0
"Continuous asphalt network",2745,-114.302368,-6.60562372,4.95944738,3.56099868,0.03572262
"Continuous asphalt network",2746,-139.826035,-6.692518,14.6922607,28.48718,0
"Continuous asphalt network",2747,-154.409378,-6.692518,21.2763672,14.2433853,0
"Continuous asphalt network",2748,-144.685776,-6.692518,17.7545261,14.2433853,0
"Continuous asphalt network",2749,-130.10144,-6.68519068,11.8211012,28.487196,0.00150629214
"Continuous asphalt network",2750,-119.161385,-6.661143,8.509715,3.56088257,0.0210700911
"Continuous asphalt network",2751,-115.514526,-6.59187269,7.514374,1.7804389,0.0368335322
"Continuous asphalt network",2752,-117.946434,-6.64953756,7.74415064,1.7804389,0.0231775288
"Continuous asphalt network",2753,-110.652733,-6.43949556,5.75346375,3.56082225,0.06978631
"Continuous asphalt network",2754,-114.299843,-6.579348,6.586146,1.78041482,0.05639888
"Continuous asphalt network",2755,-117.9472,-6.66155,7.256144,0.890220761,0.0466729924
"Continuous asphalt network",2756,-115.515289,-6.603885,7.026367,0.890220761,0.05548488
"Continuous asphalt network",2757,-125.240662,-6.68519068,9.409505,14.243516,0.0115469322
"Continuous asphalt network",2758,-335.1868,-6.67115545,-12.5132551,41.372982,0
"Continuous asphalt network",2759,-243.22937,-6.678276,31.8645267,30.8236275,0.0004359678
"Continuous asphalt network",2760,-282.7109,-6.66483831,86.4537,43.4952774,5.14491476E-05
"Continuous asphalt network",2761,-271.476349,-6.66483831,81.20304,21.747324,0.000181945754
"Continuous asphalt network",2762,-279.516266,-6.66483831,83.23995,21.7473373,0.000181945856
"Continuous asphalt network",2763,-260.6545,-6.667155,74.85474,21.7475872,0.000487113866
"Continuous asphalt network",2764,-249.626221,-6.67217255,69.0552444,10.87367,0.000246832758
"Continuous asphalt network",2765,-257.2535,-6.66919,72.18981,10.8737459,0.00047676955
"Continuous asphalt network",2766,-272.508026,-6.6651206,78.45895,10.8736954,1.69697469E-05
"Continuous asphalt network",2767,-280.135254,-6.66505051,81.5935,10.8736916,0
"Continuous asphalt network",2768,-268.281738,-6.6651206,77.989296,21.7475548,6.00114545E-05
"Continuous asphalt network",2769,-239.010635,-6.6752243,62.15811,21.7476368,0.000246831885
"Continuous asphalt network",2770,-227.9824,-6.679293,56.3586121,10.8739071,0.0004937409
"Continuous asphalt network",2771,-235.60968,-6.6762414,59.4931831,10.8739109,0.0002468318
"Continuous asphalt network",2772,-217.1605,-6.68438,50.0102654,10.8739233,0.0002468315
"Continuous asphalt network",2773,-206.235458,-6.68844938,43.93634,5.437211,0.000493662432
"Continuous asphalt network",2774,-213.656387,-6.68539762,47.61973,5.4372077,0.000246831361
"Continuous asphalt network",2775,-224.684586,-6.681328,53.41924,10.873848,0.0004937436
"Continuous asphalt network",2776,-235.919174,-6.6762414,58.6699333,5.43698645,0.00024683238
"Continuous asphalt network",2777,-228.291885,-6.679293,55.53536,5.43698454,0.00049374206
"Continuous asphalt network",2778,-246.741089,-6.67318964,65.01826,21.74765,0.00024683174
"Continuous asphalt network",2779,-258.078827,-6.66926956,69.9945145,10.8737154,0.000457488117
"Continuous asphalt network",2780,-250.245224,-6.67217255,67.4087753,10.8737316,0.000246831856
"Continuous asphalt network",2781,-269.210236,-6.66527,75.51959,10.8735628,0.000137400188
"Continuous asphalt network",2782,-280.4448,-6.66505051,80.770256,5.43710756,0
"Continuous asphalt network",2783,-272.817535,-6.6651206,77.635704,5.43710947,1.6969756E-05
"Continuous asphalt network",2784,-257.563,-6.66919,71.36657,5.43705225,0.0004767684
"Continuous asphalt network",2785,-249.935715,-6.67217255,68.232,5.43701458,0.000246832118
"Continuous asphalt network",2786,-261.582977,-6.667305,72.38503,10.8735971,0.0004824484
"Continuous asphalt network",2787,-3.50730133,-3.84265685,-42.4299927,22.8961678,0.03813234
"Continuous asphalt network",2788,170.596741,1.83900225,-138.305038,17.6759243,0.05830654
"Continuous asphalt network",2789,167.59877,1.57558024,-134.089279,8.837929,0.0542105921
"Continuous asphalt network",2790,170.6079,1.78571475,-135.700272,8.837912,0.0692302957
"Continuous asphalt network",2791,121.8728,-2.0658617,16.1527,22.9188023,0.00152973062
"Continuous asphalt network",2792,126.552429,-2.08833861,85.11703,25.13701,0.004189133
"Continuous asphalt network",2793,275.9681,1.52213323,-22.8052673,12.3171158,0.0328335427
"Continuous asphalt network",2794,270.639282,1.77026081,-28.8327179,12.3171406,0.03347089
"Continuous asphalt network",2795,277.922882,1.371314,-18.5396023,24.63436,0.03188845
"Continuous asphalt network",2796,284.496857,0.953344643,-6.994532,12.3167992,0.0310622714
"Continuous asphalt network",2797,289.116058,0.6925854,0.284835815,12.316783,0.0297913682
"Continuous asphalt network",2798,282.896881,1.11499882,-11.8861694,24.63418,0.0318528041
"Continuous asphalt network",2799,271.7037,1.81662333,-30.7106266,24.63431,0.0334441774
"Continuous asphalt network",2800,277.032532,1.56849575,-24.683176,24.6342621,0.0328056961
"Continuous asphalt network",2801,271.435944,1.937101,-34.0954247,24.6345062,0.0391481668
"Continuous asphalt network",2802,270.190765,2.189016,-39.6130257,12.3171129,0.05317271
"Continuous asphalt network",2803,268.7715,2.07820678,-37.10915,12.31715,0.04278621
"Continuous asphalt network",2804,210.21843,2.06469131,-158.809875,24.6386414,0.0191315431
"Continuous asphalt network",2805,-63.0254669,-5.36413574,-265.2903,40.16128,0.00450133858
"Continuous asphalt network",2806,22.15196,-7.81451941,-262.415222,3.558359,0.005609386
"Continuous asphalt network",2807,18.5351,-7.79181862,-265.697754,0.889672041,0.0144733982
"Continuous asphalt network",2808,16.7266712,-7.7614975,-267.33905,0.222381189,0.0223558079
"Continuous asphalt network",2809,15.7992487,-7.69393158,-268.126068,0.222381964,0.0918982551
"Continuous asphalt network",2810,17.0975418,-7.775532,-266.811127,0.4448343,0.0229529
"Continuous asphalt network",2811,19.27685,-7.797558,-264.641968,1.77917409,0.00278004725
"Continuous asphalt network",2812,22.8008518,-7.812632,-261.2251,3.55834031,0.027212875
"Continuous asphalt network",2813,24.4700184,-7.827215,-259.382233,3.55842662,0.0134155629
"Continuous asphalt network",2814,28.4572525,-7.922646,-254.506454,3.55835414,0.0216842238
"Continuous asphalt network",2815,31.7955761,-7.98677,-250.820816,3.55836034,0.0179824978
"Continuous asphalt network",2816,27.1594486,-7.87988138,-256.886749,7.11673975,0.0148351705
"Continuous asphalt network",2817,20.1124058,-7.78186941,-265.851318,3.55833,0.0119333426
"Continuous asphalt network",2818,17.51533,-7.76253843,-267.415833,0.8895876,0.02644184
"Continuous asphalt network",2819,16.216795,-7.728748,-268.1981,0.222416252,0.05298365
"Continuous asphalt network",2820,15.6602354,-7.67576838,-268.4572,0.222433984,0.169401228
"Continuous asphalt network",2821,16.8659363,-7.757567,-267.540619,0.444822848,0.02484118
"Continuous asphalt network",2822,18.8136234,-7.78275537,-266.1009,1.77920127,0.0208555087
"Continuous asphalt network",2823,22.7089939,-7.807895,-263.221436,7.11663675,0.0110001871
"Continuous asphalt network",2824,18.2580471,-7.740135,-268.490784,1.77917707,0.0225328635
"Continuous asphalt network",2825,16.5881577,-7.72727728,-268.735565,0.444780141,0.0246333554
"Continuous asphalt network",2826,15.5676451,-7.66561937,-268.85553,0.2223795,0.1280564
"Continuous asphalt network",2827,16.1242046,-7.718599,-268.5964,0.222387627,0.0582148731
"Continuous asphalt network",2828,17.3301411,-7.74239731,-268.212463,0.889574945,0.0232335273
"Continuous asphalt network",2829,19.7420177,-7.75939035,-267.44458,3.558342,0.017162187
"Continuous asphalt network",2830,16.774559,-7.683706,-270.602325,1.779151,0.0249649454
"Continuous asphalt network",2831,15.6607285,-7.658381,-269.522583,0.8896031,0.126296252
"Continuous asphalt network",2832,16.4029617,-7.70580626,-269.5322,0.88957715,0.0270892531
"Continuous asphalt network",2833,17.887661,-7.70291471,-270.084,3.55832,0.0228719879
"Continuous asphalt network",2834,10.7482576,-7.67237473,-279.979553,0.8896417,0.04969531
"Continuous asphalt network",2835,8.939836,-7.72204828,-281.62085,0.22239475,0.0557821
"Continuous asphalt network",2836,8.035625,-7.698461,-282.441467,0.05559977,0.0536917634
"Continuous asphalt network",2837,7.571923,-7.6411643,-282.835,0.0556010231,0.149505839
"Continuous asphalt network",2838,8.221059,-7.71622467,-282.177521,0.11119815,0.0722457
"Continuous asphalt network",2839,9.310709,-7.7195344,-281.092926,0.444810033,0.0430033
"Continuous asphalt network",2840,11.4900055,-7.63090658,-278.923767,1.77907228,0.0408119671
"Continuous asphalt network",2841,14.7354994,-7.60676432,-275.10376,1.77910435,0.0439264327
"Continuous asphalt network",2842,13.2520113,-7.588724,-277.2153,1.77906191,0.0233406834
"Continuous asphalt network",2843,9.728487,-7.68521357,-281.697632,0.8895885,0.0373179168
"Continuous asphalt network",2844,8.429951,-7.70316,-282.479858,0.222400725,0.07393162
"Continuous asphalt network",2845,7.64155769,-7.644314,-282.93576,0.111191347,0.149528071
"Continuous asphalt network",2846,8.10526,-7.70161057,-282.542236,0.111188851,0.0537314638
"Continuous asphalt network",2847,9.079093,-7.705835,-281.822418,0.4448188,0.07630727
"Continuous asphalt network",2848,11.0267792,-7.65426874,-280.38266,1.779194,0.0483871549
"Continuous asphalt network",2849,8.80132,-7.663595,-283.017365,0.4447845,0.0551201031
"Continuous asphalt network",2850,7.78081846,-7.63642359,-283.1373,0.222410023,0.173263282
"Continuous asphalt network",2851,8.337364,-7.68177176,-282.878174,0.2223996,0.0617702343
"Continuous asphalt network",2852,9.543302,-7.66436243,-282.494263,0.8895937,0.0541991144
"Continuous asphalt network",2853,7.873902,-7.5976944,-283.804382,0.8896063,0.111415409
"Continuous asphalt network",2854,8.616133,-7.625417,-283.814,0.889603257,0.0580159947
"Continuous asphalt network",2855,4.582721,-7.37904,-289.155273,0.4447525,0.140461415
"Continuous asphalt network",2856,5.417296,-7.40099,-288.2339,0.444809467,0.0501825437
"Continuous asphalt network",2857,6.66917038,-7.47407866,-286.851776,0.8896239,0.06004865
"Continuous asphalt network",2858,4.35109854,-7.371983,-289.884735,1.77917051,0.0252762288
"Continuous asphalt network",2859,1.47695923,-7.267489,-294.2422,1.77914155,0.0639115
"Continuous asphalt network",2860,2.77476954,-7.31184769,-291.8619,1.77913892,0.024709912
"Continuous asphalt network",2861,6.390642,-7.45782232,-286.448639,1.77917659,0.0625325
"Continuous asphalt network",2862,4.814316,-7.367926,-288.4258,0.444846362,0.06831437
"Continuous asphalt network",2863,3.97974086,-7.34597635,-289.34726,0.4448421,0.0543288961
"Continuous asphalt network",2864,5.04592,-7.37626028,-287.696381,0.889575958,0.0566446334
"Continuous asphalt network",2865,6.61053133,-7.47675133,-285.436066,0.111212336,0.0338192843
"Continuous asphalt network",2866,6.42484856,-7.45880556,-285.167328,0.111198172,0.141488314
"Continuous asphalt network",2867,6.865608,-7.499787,-285.272858,0.222394168,0.103596635
"Continuous asphalt network",2868,7.38746834,-7.5295043,-285.2297,0.444800615,0.06808672
"Continuous asphalt network",2869,5.85707235,-7.420567,-286.2087,0.444804519,0.06124039
"Continuous asphalt network",2870,6.26262474,-7.44573832,-285.464874,0.1111851,0.154018566
"Continuous asphalt network",2871,6.44830751,-7.463684,-285.7336,0.111199267,0.0525835
"Continuous asphalt network",2872,6.00757551,-7.42459249,-285.628021,0.222393438,0.08477645
"Continuous asphalt network",2873,7.35227728,-7.548401,-284.380249,0.22240065,0.136060268
"Continuous asphalt network",2874,7.328825,-7.55302668,-283.813965,0.222400114,0.137470677
"Continuous asphalt network",2875,7.71191359,-7.56789255,-284.6346,0.444800466,0.0465553142
"Continuous asphalt network",2876,6.66820145,-7.469015,-284.720978,0.4448312,0.124353282
"Continuous asphalt network",2877,6.980924,-7.50691938,-283.842743,0.222392291,0.1374497
"Continuous asphalt network",2878,7.004376,-7.50229263,-284.409027,0.222392827,0.136034757
"Continuous asphalt network",2879,13.8540192,-7.57049036,-274.8926,0.8895882,0.0258770138
"Continuous asphalt network",2880,12.4394274,-7.52417,-275.506927,0.222376689,0.05491757
"Continuous asphalt network",2881,11.5813751,-7.59051371,-275.862061,0.11119698,0.209246412
"Continuous asphalt network",2882,12.14368,-7.49523163,-275.478149,0.013900796,0.1125913
"Continuous asphalt network",2883,11.9291649,-7.503966,-275.566925,0.006952299,0.214780778
"Continuous asphalt network",2884,12.0567045,-7.489371,-275.485352,0.006951097,0.02309116
"Continuous asphalt network",2885,12.3233767,-7.503737,-275.338959,0.0277990829,0.112600833
"Continuous asphalt network",2886,11.9118147,-7.514286,-275.6749,0.0277985856,0.202880487
"Continuous asphalt network",2887,12.0625658,-7.503938,-275.626923,0.0277947616,0.194023252
"Continuous asphalt network",2888,13.15821,-7.545231,-274.950226,0.444753557,0.06499358
"Continuous asphalt network",2889,15.2915688,-7.607697,-273.779266,1.77919257,0.0206343755
"Continuous asphalt network",2890,12.0570726,-7.5419693,-276.284332,0.222394437,0.06916534
"Continuous asphalt network",2891,11.5699034,-7.597647,-276.1116,0.222403571,0.218633056
"Continuous asphalt network",2892,12.416461,-7.53621531,-276.006,0.444807768,0.03496571
"Continuous asphalt network",2893,11.9761963,-7.567309,-276.96582,0.111204274,0.1471995
"Continuous asphalt network",2894,12.27769,-7.551167,-276.869843,0.111196972,0.04536803
"Continuous asphalt network",2895,12.0111313,-7.579008,-277.282532,0.222402126,0.0516729727
"Continuous asphalt network",2896,11.4540892,-7.6242156,-276.476349,0.22240901,0.21958214
"Continuous asphalt network",2897,12.0920134,-7.54940748,-276.601074,0.111197591,0.045615
"Continuous asphalt network",2898,11.79052,-7.56554937,-276.697052,0.111204892,0.1209249
"Continuous asphalt network",2899,13.2051134,-7.568567,-276.082764,1.77923751,0.0453943051
"Continuous asphalt network",2900,10.2840681,-7.713257,-279.3077,1.77915668,0.146082774
"Continuous asphalt network",2901,8.707745,-7.75022,-281.284882,0.444783032,0.114376456
"Continuous asphalt network",2902,7.896377,-7.7189393,-282.23996,0.0278053712,0.163793668
"Continuous asphalt network",2903,8.151445,-7.73925447,-282.076782,0.0278021935,0.07350318
"Continuous asphalt network",2904,7.81525469,-7.69865751,-282.388733,0.0555851981,0.120039813
"Continuous asphalt network",2905,7.50228834,-7.63861227,-282.734222,0.111170419,0.146747187
"Continuous asphalt network",2906,8.081813,-7.747892,-281.975983,0.05560532,0.06955972
"Continuous asphalt network",2907,7.826744,-7.72757673,-282.13916,0.0556116737,0.1619475
"Continuous asphalt network",2908,8.116503,-7.76411963,-281.76,0.111201443,0.109433837
"Continuous asphalt network",2909,8.939356,-7.78541136,-280.55545,0.889568,0.133406684
"Continuous asphalt network",2910,10.422843,-7.75057745,-278.4439,1.77917814,0.141362026
"Continuous asphalt network",2911,11.2456923,-7.651788,-277.2394,0.222384512,0.132507056
"Continuous asphalt network",2912,11.22223,-7.660543,-276.673126,0.222400457,0.145614281
"Continuous asphalt network",2913,11.6053286,-7.62157631,-277.4937,0.444800049,0.115458377
"Continuous asphalt network",2914,10.5616217,-7.76512527,-277.5801,0.44482097,0.135647207
"Continuous asphalt network",2915,10.8743391,-7.71909475,-276.7019,0.222397909,0.215800866
"Continuous asphalt network",2916,10.8978,-7.71034,-277.2682,0.222381964,0.205901936
"Continuous asphalt network",2917,13.6908083,-7.53582335,-273.059448,0.88957113,0.09174354
"Continuous asphalt network",2918,14.3866224,-7.580742,-273.001862,0.88957113,0.0409716256
"Continuous asphalt network",2919,15.4303389,-7.61133957,-272.915436,1.77912068,0.0251663867
"Continuous asphalt network",2920,12.8796873,-7.50256157,-274.54715,0.8895978,0.108806536
"Continuous asphalt network",2921,11.7782984,-7.524874,-275.3486,0.111195728,0.202215165
"Continuous asphalt network",2922,12.253746,-7.49099874,-275.2382,0.055596184,0.11258173
"Continuous asphalt network",2923,12.0218925,-7.49211931,-275.434967,0.0138988653,0.07596912
"Continuous asphalt network",2924,11.8943529,-7.506714,-275.516541,0.0139012681,0.22360523
"Continuous asphalt network",2925,12.0392351,-7.48524237,-275.327,0.0277975146,0.12963295
"Continuous asphalt network",2926,11.4421148,-7.60817575,-275.660522,0.2223886,0.209247932
"Continuous asphalt network",2927,12.1956,-7.46430349,-274.887878,0.222401,0.112187065
"Continuous asphalt network",2928,11.8476915,-7.483584,-274.9167,0.222400442,0.207433239
"Continuous asphalt network",2929,13.0184555,-7.48654556,-273.683319,1.77916551,0.08375953
"Continuous asphalt network",2930,15.359973,-7.626966,-271.216644,0.8896029,0.0676969141
"Continuous asphalt network",2931,15.3130617,-7.620571,-270.084076,0.889603138,0.06972544
"Continuous asphalt network",2932,16.079237,-7.642676,-271.7253,1.77918243,0.03740165
"Continuous asphalt network",2933,14.154027,-7.542858,-271.600555,0.444799244,0.1340724
"Continuous asphalt network",2934,14.5253868,-7.582224,-272.138062,0.444793075,0.03877713
"Continuous asphalt network",2935,13.6438942,-7.50268,-271.92688,0.889602,0.1029751
"Continuous asphalt network",2936,14.4550323,-7.52996063,-270.439178,0.444791377,0.128367335
"Continuous asphalt network",2937,14.7794828,-7.56293249,-269.844116,0.444781035,0.173548535
"Continuous asphalt network",2938,14.8498383,-7.597112,-271.542969,0.444802,0.0314255357
"Continuous asphalt network",2939,14.47848,-7.55774641,-271.005463,0.444808125,0.1292809
"Continuous asphalt network",2940,28.3634338,-7.96875763,-252.241348,3.558346,0.0225006118
"Continuous asphalt network",2941,24.9312878,-7.90263557,-253.661911,1.77917683,0.04493014
"Continuous asphalt network",2942,26.9718075,-7.964088,-252.356552,1.77918482,0.0265772231
"Continuous asphalt network",2943,31.2385387,-8.003287,-250.0146,7.116681,0.0175166856
"Continuous asphalt network",2944,24.65375,-7.865597,-255.389526,7.11660147,0.0304538179
"Continuous asphalt network",2945,27.06563,-7.91615248,-254.621643,7.116641,0.0194326118
"Continuous asphalt network",2946,21.6408386,-7.786995,-260.61087,0.8895732,0.0107025281
"Continuous asphalt network",2947,20.22626,-7.78129244,-261.225128,0.222390413,0.0434757732
"Continuous asphalt network",2948,19.6232929,-7.82115126,-261.417084,0.222386792,0.149223387
"Continuous asphalt network",2949,20.945034,-7.776876,-260.668457,0.444791228,0.0320766829
"Continuous asphalt network",2950,23.0783978,-7.808761,-259.497467,1.77916646,0.0181716066
"Continuous asphalt network",2951,19.6003265,-7.828096,-261.916168,0.444781333,0.106276982
"Continuous asphalt network",2952,20.2032928,-7.788237,-261.7242,0.444765925,0.022726832
"Continuous asphalt network",2953,19.8558731,-7.797624,-262.818359,0.4448059,0.0217256919
"Continuous asphalt network",2954,19.4845142,-7.83029938,-262.280884,0.444803149,0.09506093
"Continuous asphalt network",2955,20.9919357,-7.791923,-261.801,1.77915633,0.0191385876
"Continuous asphalt network",2956,17.9780674,-7.82209635,-264.8915,0.444846541,0.0465497933
"Continuous asphalt network",2957,18.9983273,-7.81949854,-264.238861,0.444832236,0.0470545031
"Continuous asphalt network",2958,17.653614,-7.80596352,-265.4866,0.8895485,0.0213782452
"Continuous asphalt network",2959,16.4945774,-7.76128769,-267.003082,0.4448119,0.0344698168
"Continuous asphalt network",2960,15.6599932,-7.69141769,-267.92453,0.44480145,0.101587445
"Continuous asphalt network",2961,16.7261925,-7.78028059,-266.273651,0.8895547,0.0335416272
"Continuous asphalt network",2962,18.7198086,-7.847574,-263.835754,0.889518738,0.0671818
"Continuous asphalt network",2963,17.6995487,-7.850172,-264.488434,0.889547348,0.0672648251
"Continuous asphalt network",2964,19.0208054,-7.845953,-262.674438,0.444792926,0.1220949
"Continuous asphalt network",2965,19.3921642,-7.813277,-263.2119,0.44480145,0.03208167
"Continuous asphalt network",2966,18.51068,-7.878035,-263.000763,0.8895951,0.07880894
"Continuous asphalt network",2967,21.6633282,-7.78985357,-259.0464,0.444805056,0.025742365
"Continuous asphalt network",2968,21.29197,-7.76871634,-258.5089,0.444801629,0.07959184
"Continuous asphalt network",2969,22.1734562,-7.80235147,-258.720062,0.889582038,0.0182597879
"Continuous asphalt network",2970,23.21717,-7.81666565,-258.633636,1.77915061,0.0165703837
"Continuous asphalt network",2971,20.66652,-7.775679,-260.26535,0.889579654,0.0167843625
"Continuous asphalt network",2972,19.6462574,-7.81328344,-260.918,0.8895742,0.07448858
"Continuous asphalt network",2973,20.96751,-7.75471735,-259.104,0.444794685,0.08020664
"Continuous asphalt network",2974,21.3388672,-7.77585459,-259.641479,0.444798082,0.02664944
"Continuous asphalt network",2975,20.4691086,-7.743585,-259.71347,0.222372159,0.0375433974
"Continuous asphalt network",2976,20.040102,-7.749082,-259.891022,0.111189283,0.101768
"Continuous asphalt network",2977,20.202322,-7.731693,-259.5935,0.111191615,0.05171415
"Continuous asphalt network",2978,20.6196041,-7.735539,-259.132782,0.444789827,0.0408464
"Continuous asphalt network",2979,23.4947147,-7.827328,-256.906036,3.55837631,0.0124414479
"Continuous asphalt network",2980,22.12655,-7.802994,-257.587524,0.889534354,0.0183530357
"Continuous asphalt network",2981,21.4307461,-7.77102041,-257.6451,0.889555931,0.0762544349
"Continuous asphalt network",2982,22.42755,-7.80846,-256.426178,1.77914822,0.0289865527
"Continuous asphalt network",2983,28.4083958,-8.03375149,-249.112442,1.7791661,0.0180598367
"Continuous asphalt network",2984,27.31778,-8.079128,-248.0663,0.889545143,0.06833833
"Continuous asphalt network",2985,28.01359,-8.055053,-248.008713,0.8895505,0.0185351837
"Continuous asphalt network",2986,29.42866,-8.046851,-248.459763,3.55834627,0.0184154529
"Continuous asphalt network",2987,31.5160828,-8.038404,-248.286972,7.116644,0.02884161
"Continuous asphalt network",2988,25.71897,-7.97029829,-251.607925,1.779185,0.03420553
"Continuous asphalt network",2989,27.1105881,-7.989966,-251.492737,1.77916014,0.03549153
"Continuous asphalt network",2990,24.0498066,-7.871632,-253.45076,1.77916372,0.0597130656
"Continuous asphalt network",2991,24.8726711,-7.91185236,-252.246231,0.222396508,0.07488605
"Continuous asphalt network",2992,24.8492126,-7.924093,-251.679947,0.222392976,0.0908078253
"Continuous asphalt network",2993,25.2322922,-7.93210745,-252.500565,0.444761068,0.04681545
"Continuous asphalt network",2994,24.1885834,-7.868519,-252.58696,0.444782555,0.0667783
"Continuous asphalt network",2995,24.5013046,-7.898953,-251.70874,0.22240296,0.08931574
"Continuous asphalt network",2996,24.5247631,-7.886713,-252.275024,0.222406492,0.07300059
"Continuous asphalt network",2997,27.0167847,-8.060695,-249.227646,1.779149,0.0517484248
"Continuous asphalt network",2998,27.7594967,-8.016654,-250.3026,1.77916384,0.0177575853
"Continuous asphalt network",2999,25.6720676,-8.0197525,-250.475388,1.77917159,0.08013484
"Continuous asphalt network",3000,26.3209743,-8.083462,-249.285233,1.7791847,0.0480205566
"Continuous asphalt network",3001,31.3753681,-8.166245,-244.889343,3.55833244,0.0464947931
"Continuous asphalt network",3002,30.9336548,-8.291613,-242.65303,0.8895948,0.074637
"Continuous asphalt network",3003,30.7010651,-8.397687,-241.251755,0.444792539,0.129028931
"Continuous asphalt network",3004,31.0724316,-8.338398,-241.7892,0.444797724,0.0571838729
"Continuous asphalt network",3005,31.652916,-8.244328,-243.1617,1.77920437,0.05956587
"Continuous asphalt network",3006,32.8138924,-8.103568,-245.906677,7.116582,0.0431040339
"Continuous asphalt network",3007,28.9869366,-8.089526,-246.223465,0.88959825,0.0370330848
"Continuous asphalt network",3008,28.75435,-8.095344,-244.822189,0.444824338,0.13645871
"Continuous asphalt network",3009,29.1257153,-8.11615,-245.359665,0.444813579,0.0571041852
"Continuous asphalt network",3010,29.7062073,-8.086444,-246.732132,1.77916539,0.0312496
"Continuous asphalt network",3011,27.7810059,-8.070739,-246.607422,0.444797963,0.0632833838
"Continuous asphalt network",3012,28.15236,-8.059627,-247.1449,0.444799364,0.0177009366
"Continuous asphalt network",3013,27.2708759,-8.099086,-246.933762,0.8896008,0.06812609
"Continuous asphalt network",3014,28.255949,-8.053693,-245.431656,0.222386464,0.0717707351
"Continuous asphalt network",3015,27.9080524,-8.057468,-245.460449,0.222391039,0.0894265249
"Continuous asphalt network",3016,28.4064465,-8.056271,-244.851,0.4447768,0.09089738
"Continuous asphalt network",3017,28.4768047,-8.065629,-246.5498,0.4447797,0.0468160063
"Continuous asphalt network",3018,27.9315033,-8.065644,-246.026733,0.222395316,0.08536484
"Continuous asphalt network",3019,28.279398,-8.061871,-245.997925,0.222390726,0.0635797158
"Continuous asphalt network",3020,29.7277222,-8.268112,-243.036987,0.444777638,0.107745506
"Continuous asphalt network",3021,30.273016,-8.249748,-243.560059,0.22239989,0.07440989
"Continuous asphalt network",3022,29.9251175,-8.236219,-243.588867,0.222391248,0.112416364
"Continuous asphalt network",3023,29.21759,-8.190093,-243.3633,0.8895947,0.143430263
"Continuous asphalt network",3024,30.0287228,-8.368953,-241.875626,0.444761962,0.126040056
"Continuous asphalt network",3025,30.353159,-8.422569,-241.280563,0.444774717,0.102302179
"Continuous asphalt network",3026,30.2378483,-8.297286,-242.710632,0.8895705,0.06823397
"Continuous asphalt network",3027,30.3551083,-8.140674,-245.541992,1.7791431,0.0510594361
"Continuous asphalt network",3028,29.4501743,-8.149514,-244.764572,0.444779664,0.04165058
"Continuous asphalt network",3029,29.0788116,-8.128707,-244.2271,0.444790423,0.123472713
"Continuous asphalt network",3030,29.9485683,-8.199059,-244.155151,0.222391531,0.103758305
"Continuous asphalt network",3031,30.2964649,-8.212586,-244.126343,0.222400174,0.05951124
"Continuous asphalt network",3032,29.7980728,-8.162565,-244.7358,0.444772631,0.0647567138
"Continuous asphalt network",3033,-78.792244,-5.51203871,-12.9850111,35.09,0.0189866237
"Continuous asphalt network",3034,-88.6188049,-5.744469,-5.504532,35.0900879,0.0199424326
"Continuous asphalt network",3035,-71.73087,-5.37663126,-15.18632,70.18008,0.01822854
"Continuous asphalt network",3036,-334.344879,-6.67115545,-18.7363033,70.02836,0
"Continuous asphalt network",3037,-238.307739,-6.679293,30.0460453,22.4964161,0.000503245159
"Continuous asphalt network",3038,-1.03502274,-3.63260961,-48.5645332,8.515107,0.03668095
"Continuous asphalt network",3039,96.83368,-2.10972023,35.8575249,53.10047,0.0007843279
"Continuous asphalt network",3040,103.140526,-2.11084723,49.0075569,26.5502377,0.000602718443
"Continuous asphalt network",3041,100.705605,-2.10901713,40.18866,26.5501747,0.0006536454
"Continuous asphalt network",3042,110.774605,-2.1061523,62.1184273,26.5500412,0.00462697446
"Continuous asphalt network",3043,117.745079,-2.109255,75.24891,13.2751207,0.000516529544
"Continuous asphalt network",3044,113.98291,-2.1061523,66.46915,13.2751217,0.001214846
"Continuous asphalt network",3045,107.676056,-2.102478,53.31908,26.5500412,0.00424281741
"Continuous asphalt network",3046,102.696442,-2.10534286,40.1298943,13.2750149,0.00467376
"Continuous asphalt network",3047,105.131371,-2.107173,48.94879,13.2750463,0.00464715064
"Continuous asphalt network",3048,199.2784,2.232412,-155.299118,23.6311264,0.023442138
"Continuous asphalt network",3049,189.862,2.36552978,-151.504257,2.95389843,0.04317488
"Continuous asphalt network",3050,192.684525,2.34369063,-153.3737,1.47690713,0.0245653242
"Continuous asphalt network",3051,190.622116,2.34886074,-152.472824,1.47688007,0.0213274583
"Continuous asphalt network",3052,186.632828,2.28634739,-150.412,5.9077673,0.0502589568
"Continuous asphalt network",3053,192.1955,2.37342739,-151.886978,5.9077754,0.0310471766
"Continuous asphalt network",3054,194.529,2.35551167,-152.269714,5.9077754,0.0240962934
"Continuous asphalt network",3055,202.737473,2.21914458,-154.741318,1.47694087,0.0202811752
"Continuous asphalt network",3056,203.123535,2.18219733,-153.3981,0.738501251,0.0883661658
"Continuous asphalt network",3057,203.649414,2.23821616,-153.9063,0.184629858,0.1038406
"Continuous asphalt network",3058,203.805557,2.2511816,-154.213226,0.184642166,0.0364901051
"Continuous asphalt network",3059,203.1441,2.22376657,-153.9641,0.369236,0.0572040565
"Continuous asphalt network",3060,203.633133,2.202524,-155.450821,2.95380378,0.0439080931
"Continuous asphalt network",3061,204.569992,2.13277841,-157.292267,5.90778542,0.0347942822
"Continuous asphalt network",3062,199.19603,2.25954914,-153.035233,5.90781832,0.0311258137
"Continuous asphalt network",3063,202.112915,2.18456864,-153.513657,1.476998,0.0602035373
"Continuous asphalt network",3064,201.570724,2.20855045,-154.549942,1.47693574,0.0164140873
"Continuous asphalt network",3065,201.217239,2.19190049,-152.804123,2.95389771,0.0360425226
"Continuous asphalt network",3066,207.445679,2.12321687,-156.638733,11.8155823,0.0312872343
"Continuous asphalt network",3067,205.185913,2.23107314,-154.299,0.7384773,0.018085517
"Continuous asphalt network",3068,206.175964,2.206151,-153.617462,0.36922577,0.08405467
"Continuous asphalt network",3069,205.904861,2.22485375,-154.1356,0.369236916,0.0155740576
"Continuous asphalt network",3070,205.070969,2.21115851,-155.124039,1.47691238,0.0391828828
"Continuous asphalt network",3071,204.425827,2.19585967,-153.330414,0.369232863,0.100741304
"Continuous asphalt network",3072,204.2328,2.24585438,-154.002,0.184620976,0.0542132743
"Continuous asphalt network",3073,204.07666,2.232889,-153.695084,0.184608668,0.112271614
"Continuous asphalt network",3074,203.978012,2.15961742,-152.975647,0.7384657,0.09769175
"Continuous asphalt network",3075,205.728149,2.17974639,-153.262726,0.738471,0.08935167
"Continuous asphalt network",3076,204.7381,2.234699,-153.944244,0.369241118,0.0257653762
"Continuous asphalt network",3077,205.0092,2.202075,-153.4261,0.369226664,0.0924639255
"Continuous asphalt network",3078,207.926071,2.197214,-153.90451,0.369241863,0.0457901135
"Continuous asphalt network",3079,207.654968,2.20380759,-154.422653,0.369214147,0.0356703065
"Continuous asphalt network",3080,207.478271,2.18232512,-153.549744,0.7384444,0.07159901
"Continuous asphalt network",3081,209.2284,2.171335,-153.836838,0.7384751,0.0278064739
"Continuous asphalt network",3082,208.238342,2.19231057,-154.518356,0.3692345,0.03697275
"Continuous asphalt network",3083,208.50946,2.18571687,-154.0002,0.3692622,0.04598806
"Continuous asphalt network",3084,206.237732,2.18993735,-155.315384,1.47691238,0.0390095823
"Continuous asphalt network",3085,206.488235,2.22262359,-154.231277,0.369236916,0.02131118
"Continuous asphalt network",3086,206.759338,2.2039206,-153.713135,0.36922577,0.08089156
"Continuous asphalt network",3087,206.936081,2.20762157,-154.586014,0.738488436,0.03576824
"Continuous asphalt network",3088,-24.44906,-5.105737,-315.454437,49.2036819,0.00141572882
"Continuous asphalt network",3089,64.61828,-6.481215,-257.3624,32.629425,0.0547881126
"Continuous asphalt network",3090,48.8824768,-7.500173,-247.274612,16.3145332,0.0540206432
"Continuous asphalt network",3091,59.74531,-6.823194,-253.3169,16.314539,0.05494705
"Continuous asphalt network",3092,81.4709549,-5.459025,-265.401428,16.3150063,0.0549572073
"Continuous asphalt network",3093,92.33377,-4.78128529,-271.4437,16.3149719,0.05411382
"Continuous asphalt network",3094,75.4811,-5.79990768,-263.404663,32.6294136,0.0548331924
"Continuous asphalt network",3095,45.46872,-7.66443062,-247.04451,32.6292267,0.0539873466
"Continuous asphalt network",3096,38.190815,-8.041359,-244.164429,16.3146381,0.0500508063
"Continuous asphalt network",3097,41.7757378,-7.81552649,-247.326614,8.157282,0.050688263
"Continuous asphalt network",3098,38.6412,-7.941767,-246.584351,8.157295,0.0399424359
"Continuous asphalt network",3099,58.3492,-6.81970358,-255.877823,32.6294022,0.0547079779
"Continuous asphalt network",3100,46.6487122,-7.48950434,-251.372131,8.157444,0.0535558425
"Continuous asphalt network",3101,40.7984619,-7.798937,-249.119278,2.039317,0.0471364446
"Continuous asphalt network",3102,37.94315,-7.927032,-247.8648,2.039321,0.0364565961
"Continuous asphalt network",3103,42.50534,-7.72840357,-249.234329,4.078718,0.0471608378
"Continuous asphalt network",3104,50.0624733,-7.32593966,-251.602219,16.31472,0.0536560975
"Continuous asphalt network",3105,-316.3113,-6.67115545,-41.46884,24.52522,0
"Continuous asphalt network",3106,-231.0024,-6.682264,32.1738548,61.7912025,0.000351834373
"Continuous asphalt network",3107,-3.897874,-3.744488,-47.1993675,24.6732635,0.0349227078
"Continuous asphalt network",3108,124.227715,-2.06868863,75.94873,25.6146927,0.0196126048
"Continuous asphalt network",3109,124.386986,-2.096913,80.8594,25.6145153,0.00468012132
"Continuous asphalt network",3110,119.277855,-2.0238502,66.2885056,6.403685,0.006614057
"Continuous asphalt network",3111,119.377411,-2.04917026,69.357666,1.60087788,0.04907658
"Continuous asphalt network",3112,120.525291,-2.02055383,69.01047,1.60086286,0.000476739951
"Continuous asphalt network",3113,118.763649,-2.052809,68.30361,3.20186043,0.0298736785
"Continuous asphalt network",3114,116.209068,-2.02903152,61.01814,6.403651,0.01549635
"Continuous asphalt network",3115,117.55603,-2.061506,66.80929,3.20181465,0.05049348
"Continuous asphalt network",3116,117.4764,-2.0328896,64.35395,3.20186687,0.0150956446
"Continuous asphalt network",3117,120.784081,-2.107352,76.9903,12.8072538,0.00350103877
"Continuous asphalt network",3118,120.664635,-2.08788323,73.30732,6.403627,0.03587215
"Continuous asphalt network",3119,120.565086,-2.03248334,70.23813,1.60091543,0.0202199146
"Continuous asphalt network",3120,119.417213,-2.06109977,70.58533,1.60093045,0.04797197
"Continuous asphalt network",3121,121.178841,-2.04101968,71.29221,3.201885,0.013719256
"Continuous asphalt network",3122,111.952606,-2.04511333,54.86729,12.8072987,0.021532584
"Continuous asphalt network",3123,108.844025,-2.053378,48.36928,6.403707,0.0182165634
"Continuous asphalt network",3124,110.151161,-2.05551553,52.93274,6.403711,0.0183388162
"Continuous asphalt network",3125,103.934,-2.0985105,39.9367256,12.8071518,0.00644829357
"Continuous asphalt network",3126,106.755608,-2.09426332,46.521534,6.403661,0.006446526
"Continuous asphalt network",3127,109.290245,-2.079958,53.1931458,3.20180321,0.0471531078
"Continuous asphalt network",3128,107.983116,-2.07782054,48.62969,3.2018013,0.04721191
"Continuous asphalt network",3129,114.27993,-2.09525847,64.08102,12.807497,0.0139233274
"Continuous asphalt network",3130,113.546715,-2.064739,59.3439522,12.8071737,0.0216115583
"Continuous asphalt network",3131,118.982635,-2.107352,75.05575,12.8072243,0.00317670079
"Continuous asphalt network",3132,116.368347,-2.07912755,65.9288,12.8072586,0.006772098
"Continuous asphalt network",3133,-4.46020937,-5.04779,-319.0165,67.30079,0.00417669769
"Continuous asphalt network",3134,73.8592148,-5.79649734,-266.507538,32.70945,0.0546657555
"Continuous asphalt network",3135,87.07235,-4.9451766,-274.8584,8.177332,0.05444354
"Continuous asphalt network",3136,94.97361,-4.470018,-279.920868,4.088594,0.04341068
"Continuous asphalt network",3137,89.52885,-4.77501535,-276.8923,4.088564,0.05449824
"Continuous asphalt network",3138,78.77226,-5.454615,-270.575348,16.354681,0.0545970351
"Continuous asphalt network",3139,56.9931755,-6.814846,-258.46106,16.35472,0.0545039326
"Continuous asphalt network",3140,45.9706879,-7.48546362,-252.663773,4.08872843,0.0532211065
"Continuous asphalt network",3141,39.0982628,-7.85256147,-249.00795,2.04441547,0.0718158558
"Continuous asphalt network",3142,41.9535751,-7.72446632,-250.262436,2.04436064,0.0467671677
"Continuous asphalt network",3143,48.9589424,-7.321035,-253.658432,8.177367,0.0532731153
"Continuous asphalt network",3144,62.969677,-6.47708,-260.4504,32.7093964,0.054572355
"Continuous asphalt network",3145,94.60941,-4.52828,-277.215149,8.177322,0.04998803
"Continuous asphalt network",3146,96.66714,-4.39261627,-280.028473,8.177361,0.04885814
"Continuous asphalt network",3147,90.45939,-4.775843,-275.073639,16.35474,0.0545236431
"Continuous asphalt network",3148,100.320038,-4.226729,-279.7241,16.3547554,0.04555484
"Continuous asphalt network",3149,98.26232,-4.36239243,-276.910767,16.354599,0.0523943529
"Continuous asphalt network",3150,80.10157,-5.45781326,-267.977264,32.709568,0.05473963
"Continuous asphalt network",3151,91.52283,-4.78068256,-272.995148,32.70958,0.0541218445
"Continuous asphalt network",3152,-301.875824,-6.67324066,-51.0679474,24.557951,0.0003527657
"Continuous asphalt network",3153,13.5763817,-3.13868451,-57.3580132,1.8438952,0.0268298611
"Continuous asphalt network",3154,179.930786,-2.01098633,68.62701,39.4145355,0.00119952776
"Continuous asphalt network",3155,199.010986,-1.97611868,62.00346,0.6158472,0.040585734
"Continuous asphalt network",3156,198.173813,-1.98693275,62.48057,0.615887463,0.08837265
"Continuous asphalt network",3157,196.91803,-1.9804033,63.19626,1.23170114,0.05798234
"Continuous asphalt network",3158,201.270218,-1.89798892,61.36983,2.463326,0.03532475
"Continuous asphalt network",3159,194.994263,-2.00092125,63.31178,2.46350622,0.0114109861
"Continuous asphalt network",3160,197.170364,-2.00916386,62.39858,0.6157835,0.0246313177
"Continuous asphalt network",3161,198.4677,-1.99902439,61.8226624,0.3079236,0.041701097
"Continuous asphalt network",3162,197.547379,-2.01684117,62.0202332,0.3079152,0.0172014646
"Continuous asphalt network",3163,195.748337,-2.00925231,62.5551147,1.2315942,0.0242944211
"Continuous asphalt network",3164,208.300232,-1.6720854,58.6712036,4.927057,0.0287436787
"Continuous asphalt network",3165,201.0624,-1.90498388,60.67091,1.23170674,0.03606747
"Continuous asphalt network",3166,197.0041,-2.01931739,61.839447,0.154031575,0.00927463
"Continuous asphalt network",3167,197.882828,-2.00337052,61.5020943,0.153948039,0.22865054
"Continuous asphalt network",3168,195.644409,-2.01692963,62.2056465,0.308077246,0.009590485
"Continuous asphalt network",3169,198.36377,-2.00337052,61.473217,0.153966516,0.0354211926
"Continuous asphalt network",3170,197.485031,-2.01931739,61.8105659,0.153954983,0.00143765821
"Continuous asphalt network",3171,198.844727,-1.98487914,61.4443359,0.30793038,0.0404941253
"Continuous asphalt network",3172,202.9446,-1.84099925,60.4156075,2.46351242,0.0329951234
"Continuous asphalt network",3173,186.79454,-2.00859857,65.36924,19.7079067,0.0113490745
"Continuous asphalt network",3174,158.009476,-2.02520728,73.92722,19.7077942,0.00161772256
"Continuous asphalt network",3175,143.616928,-2.04338455,78.2061844,19.7078342,0.00266402471
"Continuous asphalt network",3176,165.538254,-2.023064,72.906,39.414547,0.000409200235
"Continuous asphalt network",3177,196.66272,-1.95340121,65.63035,9.853512,0.0149388667
"Continuous asphalt network",3178,201.8521,-1.86994135,63.3268242,4.92679262,0.0317328833
"Continuous asphalt network",3179,198.170853,-1.9443655,64.1170044,4.92679262,0.0178420022
"Continuous asphalt network",3180,208.5496,-1.66855109,59.50992,9.85357,0.02923074
"Continuous asphalt network",3181,201.436462,-1.88759,61.9289742,2.46350217,0.03829655
"Continuous asphalt network",3182,197.00116,-1.97495019,63.47582,1.23165154,0.0202522129
"Continuous asphalt network",3183,198.841782,-1.95506537,63.08073,1.23174477,0.0255341623
"Continuous asphalt network",3184,203.360229,-1.82706606,61.8134651,4.9267745,0.0290877353
"Continuous asphalt network",3185,187.625809,-1.99113178,68.16492,39.413784,0.009495866
"Continuous asphalt network",3186,212.72963,-1.55887,60.3971443,39.4148026,0.0280138422
"Continuous asphalt network",3187,204.025253,-1.81142557,64.05001,9.853683,0.02537264
"Continuous asphalt network",3188,198.835861,-1.91876471,66.35354,4.92690372,0.0156196486
"Continuous asphalt network",3189,202.517136,-1.8512131,65.56338,4.92689371,0.024703769
"Continuous asphalt network",3190,209.713425,-1.65886915,63.4238777,19.7073822,0.0273554176
"Continuous asphalt network",3191,36.9819641,-4.751161,-313.686676,37.1333427,0.0077717877
"Continuous asphalt network",3192,15.6875105,-4.915619,-313.506256,18.56702,0.007629855
"Continuous asphalt network",3193,29.8181858,-4.80683756,-312.850922,18.5670319,0.00776614435
"Continuous asphalt network",3194,58.0795326,-4.581034,-311.5403,18.5666847,0.008210857
"Continuous asphalt network",3195,72.2102,-4.4643445,-310.885,18.5666847,0.008300359
"Continuous asphalt network",3196,51.1126366,-4.63826,-313.031342,37.1333847,0.008209132
"Continuous asphalt network",3197,8.819051,-4.968309,-316.160645,74.26585,0.007635237
"Continuous asphalt network",3198,30.0642948,-4.80540657,-315.759369,37.1326828,0.00780113367
"Continuous asphalt network",3199,16.0320587,-4.913773,-317.578033,37.1328354,0.007556658
"Continuous asphalt network",3200,103.445679,-4.105764,-282.157471,24.5246468,0.0297849365
"Continuous asphalt network",3201,-293.362762,-6.67404,-59.52791,73.98718,3.45430126E-05
"Continuous asphalt network",3202,-0.409093231,-3.56694984,-51.4644165,29.5165977,0.0337003842
"Continuous asphalt network",3203,236.734085,-0.8690484,54.77892,15.8837242,0.0278379489
"Continuous asphalt network",3204,244.2168,-0.65318197,49.51015,7.9418807,0.0227760281
"Continuous asphalt network",3205,238.903809,-0.7951781,52.3077278,7.94188166,0.0281402934
"Continuous asphalt network",3206,228.5212,-1.11665726,58.4390678,31.7674484,0.027951913
"Continuous asphalt network",3207,247.8468,-0.529473543,50.2561646,31.7672787,0.03669561
"Continuous asphalt network",3208,240.120712,-0.774874032,54.9887276,15.8834591,0.0296264235
"Continuous asphalt network",3209,245.920456,-0.577295244,53.26355,15.8834143,0.0362092219
"Continuous asphalt network",3210,90.23118,-4.32073641,-309.727356,13.3103771,0.009955975
"Continuous asphalt network",3211,111.248695,-3.55612874,-265.760254,35.47977,0.04066097
"Continuous asphalt network",3212,117.970604,-3.02277184,-254.034225,35.479805,0.0382637419
"Continuous asphalt network",3213,107.835785,-3.87367415,-273.4733,17.7398624,0.0419793427
"Continuous asphalt network",3214,107.731834,-3.94887042,-277.173462,17.7398243,0.04002916
"Continuous asphalt network",3215,113.350731,-3.53489041,-266.7851,17.7398376,0.03892984
"Continuous asphalt network",3216,111.566307,-3.76139522,-273.416748,4.434951,0.0361298434
"Continuous asphalt network",3217,110.411339,-3.84758973,-276.604462,4.434927,0.0267558526
"Continuous asphalt network",3218,111.092773,-3.72016835,-271.310455,8.869913,0.03537225
"Continuous asphalt network",3219,128.053421,-2.2471962,-236.4452,35.47929,0.03807844
"Continuous asphalt network",3220,137.610733,-1.489122,-218.599991,17.7395916,0.03633329
"Continuous asphalt network",3221,131.93988,-1.988053,-230.838425,17.7395916,0.03805777
"Continuous asphalt network",3222,120.598122,-3.014536,-255.3153,17.7397041,0.0384307541
"Continuous asphalt network",3223,115.189995,-3.51979661,-267.681854,4.434804,0.0376390554
"Continuous asphalt network",3224,111.777077,-3.783879,-275.394928,2.217374,0.075949654
"Continuous asphalt network",3225,112.932045,-3.69768429,-272.2072,2.21741247,0.0329180323
"Continuous asphalt network",3226,116.082214,-3.3982296,-264.366058,8.869819,0.03719123
"Continuous asphalt network",3227,122.382561,-2.76034713,-248.683655,35.47941,0.038436316
"Continuous asphalt network",3228,-241.795654,-6.678285,16.3015289,81.89461,0.000416032824
"Continuous asphalt network",3229,-254.146423,-6.6762414,-3.77284741,40.9471054,0.000135480674
"Continuous asphalt network",3230,-247.477066,-6.67726755,10.0142059,40.9471855,1.27012868E-06
"Continuous asphalt network",3231,-267.670532,-6.674207,-23.5440826,40.94775,0
"Continuous asphalt network",3232,-280.6079,-6.674207,-43.4669075,20.4736824,0
"Continuous asphalt network",3233,-272.765259,-6.674207,-29.9829559,20.4737225,0
"Continuous asphalt network",3234,-260.41452,-6.6752243,-9.908589,40.94775,0.000135480732
"Continuous asphalt network",3235,-249.2371,-6.67726755,10.4688721,20.4735928,1.27012868E-06
"Continuous asphalt network",3236,-255.906448,-6.6762414,-3.31818128,20.4735527,0.000135480674
"Continuous asphalt network",3237,-40.466404,-4.733254,-28.9368038,21.3023739,0.0225407556
"Continuous asphalt network",3238,-33.1040878,-4.54982376,-32.3504829,21.3023434,0.0238075424
"Continuous asphalt network",3239,-21.5244884,-4.263388,-37.0766144,10.6513863,0.0223388951
"Continuous asphalt network",3240,-14.1621637,-4.077349,-40.4903,10.6514139,0.023722589
"Continuous asphalt network",3241,-26.2778873,-4.36895275,-36.15858,21.3023777,0.02265246
"Continuous asphalt network",3242,-42.07477,-4.75282955,-30.1200161,42.605,0.0228835978
"Continuous asphalt network",3243,-50.50934,-4.94263649,-27.495142,42.60477,0.0206684452
"Continuous asphalt network",3244,258.931427,-0.2931715,46.0412636,15.7176781,0.02414366
"Continuous asphalt network",3245,106.611145,-4.008201,-281.103851,24.6067429,0.0320607126
"Continuous asphalt network",3246,152.059326,-0.673573732,-201.418716,24.363884,0.035048373
"Continuous asphalt network",3247,-237.323349,-6.679302,24.5743961,17.669529,0.0004318785
"Continuous asphalt network",3248,98.1139,-0.548918,-101.46122,13.9363747,0.00715939561
"Continuous asphalt network",3249,94.0213242,-0.608996332,-97.89166,13.9363384,0.0177345425
"Continuous asphalt network",3250,101.2897,-0.5294313,-101.204247,27.8726864,0.009915397
"Continuous asphalt network",3251,261.8511,-0.259895265,47.7518044,23.30235,0.000851058343
"Continuous asphalt network",3252,149.2234,-0.76098305,-201.772217,5.39208937,0.0388900042
"Continuous asphalt network",3253,-239.701736,-6.678285,26.6729527,15.6729889,0.0004347416
"Continuous asphalt network",3254,264.8666,-0.215681016,44.6452446,25.0032063,0.0196639914
"Continuous asphalt network",3255,152.922653,-0.428649515,-194.82515,52.74774,0.04801209
"Continuous asphalt network",3256,158.646378,0.239280447,-181.4399,26.3737965,0.0466184951
"Continuous asphalt network",3257,156.554825,-0.164645135,-190.426956,26.3737679,0.0438377745
"Continuous asphalt network",3258,165.6633,0.9462201,-168.102356,26.3740025,0.0474168658
"Continuous asphalt network",3259,170.864136,1.52541065,-156.963867,6.593507,0.0456713438
"Continuous asphalt network",3260,174.0493,1.84212017,-150.283157,3.29692483,0.0380360819
"Continuous asphalt network",3261,172.356934,1.64698946,-154.752853,3.29693341,0.04568596
"Continuous asphalt network",3262,168.64888,1.19828641,-163.680313,13.1870012,0.0478412844
"Continuous asphalt network",3263,162.92514,0.5113647,-177.065552,26.3739758,0.04681725
"Continuous asphalt network",3264,158.494614,-0.127166688,-190.498459,13.1866541,0.043694254
"Continuous asphalt network",3265,160.586166,0.276758879,-181.511414,13.1866693,0.0464905277
"Continuous asphalt network",3266,-225.02504,-6.684298,31.2573185,27.10383,0.000413272675
"Continuous asphalt network",3267,265.509766,0.43150878,16.247797,16.8486557,0.0287272576
"Continuous asphalt network",3268,266.774567,0.09048849,28.8744,4.21173048,0.0266672149
"Continuous asphalt network",3269,267.5518,-0.035070356,35.1536064,4.21168137,0.0173090771
"Continuous asphalt network",3270,266.965332,0.174545348,25.5984039,8.424305,0.0252244323
"Continuous asphalt network",3271,265.891327,0.617862463,9.695816,33.69803,0.0284111332
"Continuous asphalt network",3272,265.8772,1.21576655,-9.687358,16.8493,0.0322366953
"Continuous asphalt network",3273,265.481537,1.62601888,-22.518549,16.849308,0.03169969
"Continuous asphalt network",3274,264.91626,1.002792,-2.99898267,33.6979752,0.0320656635
"Continuous asphalt network",3275,264.746674,0.07125225,29.3517761,8.424534,0.0282438919
"Continuous asphalt network",3276,266.682739,-0.0453096367,35.35819,8.424567,0.01761176
"Continuous asphalt network",3277,264.937469,0.158216849,26.0757847,16.849123,0.0257604178
"Continuous asphalt network",3278,263.771576,0.418487936,16.6569672,33.69801,0.02884169
"Continuous asphalt network",3279,264.9445,-0.07143269,35.7673454,16.8491516,0.0210741088
"Continuous asphalt network",3280,263.008423,0.0451292,29.760931,16.8490849,0.03067093
"Continuous asphalt network",3281,264.6583,-0.170130327,40.6813469,16.8489475,0.0211632438
"Continuous asphalt network",3282,262.626831,-0.132245,36.3129158,8.424591,0.0320488252
"Continuous asphalt network",3283,262.436066,-0.195474878,39.588913,8.42459,0.0243599862
"Continuous asphalt network",3284,169.6604,0.9881112,-169.274841,24.8821831,0.048485402
"Continuous asphalt network",3285,177.309158,1.67799532,-157.242,12.4412336,0.04782345
"Continuous asphalt network",3286,172.895752,1.21981084,-165.63089,12.4412575,0.0492167324
"Continuous asphalt network",3287,164.068924,0.3136241,-182.408646,12.4412842,0.04684
"Continuous asphalt network",3288,159.655533,-0.115260385,-190.797546,12.4412832,0.0436533168
"Continuous asphalt network",3289,165.247,0.5363236,-177.663712,24.88221,0.0468399525
"Continuous asphalt network",3290,175.76619,1.672698,-156.416275,24.8822346,0.04788437
"Continuous asphalt network",3291,170.324127,1.21521854,-164.254654,24.8821831,0.0481798425
"Continuous asphalt network",3292,178.304749,1.97997379,-149.711731,24.8824024,0.0459843539
"Continuous asphalt network",3293,173.708878,1.661451,-155.315262,12.4411287,0.0467232242
"Continuous asphalt network",3294,175.40126,1.85658169,-150.845581,12.4410419,0.0382817946
"Continuous asphalt network",3295,-207.407578,-6.69048357,31.870575,68.34641,0.0003229752
"Continuous asphalt network",3296,265.291351,2.38108277,-44.6999168,15.7643423,0.0211150479
"Continuous asphalt network",3297,261.724152,2.48401165,-48.27998,3.94106364,0.0284002572
"Continuous asphalt network",3298,259.763184,2.58583426,-49.75702,3.94112086,0.0574233346
"Continuous asphalt network",3299,261.995026,2.422848,-46.28951,7.88214254,0.0337112956
"Continuous asphalt network",3300,265.207428,2.30258536,-42.08348,15.764225,0.0396773443
"Continuous asphalt network",3301,265.749176,2.13611627,-38.1025734,7.882096,0.0379428975
"Continuous asphalt network",3302,267.168427,2.24692559,-40.60645,7.88203955,0.051758647
"Continuous asphalt network",3303,179.176453,2.13396621,-144.941818,5.898972,0.0455085747
"Continuous asphalt network",3304,181.2625,2.208354,-143.190842,0.7373647,0.028159773
"Continuous asphalt network",3305,179.9671,2.2054224,-143.453384,0.368655533,0.09208897
"Continuous asphalt network",3306,180.487808,2.21960855,-143.094864,0.3686822,0.0422633328
"Continuous asphalt network",3307,181.786423,2.19663024,-142.515457,1.474687,0.03266267
"Continuous asphalt network",3308,181.252914,2.192919,-144.1415,2.949545,0.00629277946
"Continuous asphalt network",3309,180.192337,2.11692786,-146.759842,11.7979479,0.030903209
"Continuous asphalt network",3310,-200.570557,-6.692518,35.8628845,16.61251,0
"Continuous asphalt network",3311,249.321915,2.06366444,-75.10097,2.24402118,0.164269045
"Continuous asphalt network",3312,250.957275,2.29766178,-73.5083847,0.5610037,0.202313617
"Continuous asphalt network",3313,251.774948,2.47355247,-72.71209,0.1402676,0.1966017
"Continuous asphalt network",3314,252.1548,2.525017,-72.4184,0.140274227,0.0668762
"Continuous asphalt network",3315,251.46907,2.403985,-73.27677,0.280514061,0.198059022
"Continuous asphalt network",3316,250.345566,2.212587,-74.6377258,1.122034,0.178893119
"Continuous asphalt network",3317,248.098511,2.03436,-77.3596649,4.48806572,0.16163975
"Continuous asphalt network",3318,250.513245,2.15248084,-71.8824844,0.561006,0.279799342
"Continuous asphalt network",3319,250.281387,2.11231828,-72.71814,0.561006367,0.265689075
"Continuous asphalt network",3320,250.101318,2.00826931,-71.2163849,1.12202942,0.310832828
"Continuous asphalt network",3321,251.420975,2.394578,-71.8370743,0.5610174,0.2538081
"Continuous asphalt network",3322,252.00679,2.52358842,-71.87643,0.14024435,0.164046779
"Continuous asphalt network",3323,252.2707,2.54845834,-72.00057,0.140249133,0.05026257
"Continuous asphalt network",3324,251.7589,2.47519326,-72.2321854,0.2805034,0.201650858
"Continuous asphalt network",3325,250.80925,2.2574656,-72.9664154,0.561014354,0.250328869
"Continuous asphalt network",3326,251.041092,2.29762816,-72.13076,0.561014,0.264844179
"Continuous asphalt network",3327,249.405762,1.97809565,-73.72336,1.12203217,0.225179181
"Continuous asphalt network",3328,248.646057,1.88038349,-74.31074,1.12201524,0.200293481
"Continuous asphalt network",3329,249.225662,1.82939112,-72.2215958,0.5609894,0.2653097
"Continuous asphalt network",3330,249.45752,1.82721615,-71.38594,0.5609865,0.271823823
"Continuous asphalt network",3331,249.637619,1.970282,-72.8876953,1.1219902,0.228574365
"Continuous asphalt network",3332,245.387772,2.04386616,-81.75292,1.12205,0.132633
"Continuous asphalt network",3333,244.528152,2.07435822,-83.2380447,0.2804797,0.132865354
"Continuous asphalt network",3334,244.098373,2.077941,-83.9806,0.07012734,0.2603673
"Continuous asphalt network",3335,243.850464,2.05072,-84.33636,0.0701219141,0.2695823
"Continuous asphalt network",3336,244.090347,2.05962014,-83.74065,0.140245974,0.131050944
"Continuous asphalt network",3337,244.512131,2.03189373,-82.75814,0.561025,0.134417519
"Continuous asphalt network",3338,245.355667,1.96326733,-80.79312,2.2440052,0.136827171
"Continuous asphalt network",3339,242.908859,1.81659222,-85.310524,1.12199211,0.324941546
"Continuous asphalt network",3340,241.553513,1.59500086,-87.50714,0.5610374,0.2802507
"Continuous asphalt network",3341,242.281113,1.668973,-85.95997,0.5610301,0.286731333
"Continuous asphalt network",3342,244.050278,1.94912243,-82.5408859,0.07012706,0.343811423
"Continuous asphalt network",3343,243.802368,1.92484438,-82.89666,0.07012999,0.343520224
"Continuous asphalt network",3344,244.042236,1.92593861,-82.3009338,0.140260845,0.150332645
"Continuous asphalt network",3345,243.488464,1.84727,-83.22139,0.2805628,0.349760264
"Continuous asphalt network",3346,244.463989,1.906188,-81.31843,0.5610425,0.1490198
"Continuous asphalt network",3347,243.504517,1.8923769,-83.7012939,0.280501842,0.335745424
"Continuous asphalt network",3348,243.934326,1.95953333,-82.95873,0.0701287538,0.169606477
"Continuous asphalt network",3349,244.182236,1.98381138,-82.60295,0.0701258257,0.1418791
"Continuous asphalt network",3350,243.942337,1.9814564,-83.1986847,0.140255541,0.32882762
"Continuous asphalt network",3351,243.520554,1.93189847,-84.1811752,0.561005652,0.325581938
"Continuous asphalt network",3352,246.778854,1.812492,-76.73898,2.24402261,0.171668276
"Continuous asphalt network",3353,248.350037,1.705088,-73.2268,0.280524522,0.289084315
"Continuous asphalt network",3354,247.672348,1.68950176,-74.32512,0.140263155,0.2356839
"Continuous asphalt network",3355,248.036148,1.6636585,-73.55152,0.140260145,0.228246331
"Continuous asphalt network",3356,248.9457,1.7178303,-71.61755,0.280528069,0.174893841
"Continuous asphalt network",3357,248.713867,1.72000539,-72.45321,0.2805199,0.290139943
"Continuous asphalt network",3358,247.8703,1.739419,-74.41823,0.280517429,0.235600874
"Continuous asphalt network",3359,248.366089,1.75571728,-73.7067,0.28051886,0.228947267
"Continuous asphalt network",3360,247.886353,1.79751492,-74.89812,0.561004043,0.172550187
"Continuous asphalt network",3361,246.5791,1.930508,-78.53443,4.48809338,0.135235444
"Continuous asphalt network",3362,254.119324,2.21170259,-63.1868134,1.12202621,0.179252028
"Continuous asphalt network",3363,253.127762,2.252558,-64.6098557,1.12202585,0.189541459
"Continuous asphalt network",3364,254.087234,2.08795524,-62.22702,2.2440176,0.2090666
"Continuous asphalt network",3365,251.582458,2.28537655,-66.9533157,0.140255883,0.4260438
"Continuous asphalt network",3366,252.086243,2.37339115,-66.48176,0.07012913,0.4081784
"Continuous asphalt network",3367,251.838379,2.36708045,-66.83752,0.07011651,0.38821876
"Continuous asphalt network",3368,251.276611,2.238794,-67.518,0.280517638,0.428504229
"Continuous asphalt network",3369,251.814285,2.25841165,-66.11765,0.140259,0.3729608
"Continuous asphalt network",3370,252.078247,2.33632684,-66.24179,0.140249953,0.162546217
"Continuous asphalt network",3371,251.5664,2.213772,-66.47343,0.2805084,0.4023006
"Continuous asphalt network",3372,250.532913,2.05318618,-68.58527,0.280517638,0.401159465
"Continuous asphalt network",3373,249.85524,1.85796642,-69.6836,0.140234023,0.379604042
"Continuous asphalt network",3374,250.219055,1.94416392,-68.91,0.1402357,0.392343
"Continuous asphalt network",3375,251.01265,2.118563,-67.39386,0.5610276,0.3833355
"Continuous asphalt network",3376,252.71582,2.10549712,-63.9437447,0.280498147,0.187608883
"Continuous asphalt network",3377,252.162064,2.15845847,-64.86419,0.07012537,0.199678108
"Continuous asphalt network",3378,251.914185,2.15090346,-65.2199554,0.07012059,0.520785451
"Continuous asphalt network",3379,252.401962,2.10822773,-64.268486,0.140256777,0.197919458
"Continuous asphalt network",3380,253.195572,2.016619,-62.7523346,0.560994864,0.183293015
"Continuous asphalt network",3381,252.42601,2.21423626,-64.98832,0.140250146,0.202017322
"Continuous asphalt network",3382,251.9222,2.187876,-65.45989,0.07012503,0.209095567
"Continuous asphalt network",3383,252.17009,2.195431,-65.10413,0.07012574,0.218337536
"Continuous asphalt network",3384,252.731857,2.174533,-64.42364,0.280489981,0.199265376
"Continuous asphalt network",3385,252.194153,2.30413151,-65.82397,0.140238062,0.181414708
"Continuous asphalt network",3386,251.930222,2.22621632,-65.69984,0.140247092,0.375113219
"Continuous asphalt network",3387,252.442032,2.28459644,-65.4682159,0.280509382,0.188260138
"Continuous asphalt network",3388,256.138184,2.54568458,-57.5234337,0.280504674,0.1910222
"Continuous asphalt network",3389,255.64238,2.36720753,-58.23494,0.280504674,0.231034592
"Continuous asphalt network",3390,256.122131,2.61155224,-57.04353,0.561035454,0.195700362
"Continuous asphalt network",3391,254.898727,2.076457,-59.30222,0.280497074,0.219884187
"Continuous asphalt network",3392,254.221024,1.88716662,-60.40054,0.140254214,0.208394885
"Continuous asphalt network",3393,254.584854,1.96905041,-59.62695,0.140249059,0.302174
"Continuous asphalt network",3394,255.378464,2.33317018,-58.1107941,0.560993969,0.226063117
"Continuous asphalt network",3395,257.081635,2.825638,-54.6606941,0.280531943,0.176245242
"Continuous asphalt network",3396,256.527863,2.7844255,-55.5811119,0.07013388,0.009731879
"Continuous asphalt network",3397,256.189026,2.74514985,-56.13027,0.03505326,0.2118169
"Continuous asphalt network",3398,256.370941,2.78111243,-55.7434731,0.0350525938,0.14880617
"Continuous asphalt network",3399,256.767731,2.81641936,-54.9854,0.140263319,0.07921383
"Continuous asphalt network",3400,257.677277,2.80687046,-53.0514565,0.2805681,0.07418067
"Continuous asphalt network",3401,257.317474,2.868413,-53.94502,0.07013059,0.0493405238
"Continuous asphalt network",3402,257.3255,2.852783,-54.184967,0.07013965,0.186359629
"Continuous asphalt network",3403,257.62735,2.83118153,-53.50033,0.07012386,0.121521063
"Continuous asphalt network",3404,257.515442,2.83670521,-54.03812,0.0350643322,0.3687566
"Continuous asphalt network",3405,257.507416,2.85233521,-53.798172,0.03506273,0.119333051
"Continuous asphalt network",3406,256.791779,2.81174827,-55.705265,0.140263692,0.148514852
"Continuous asphalt network",3407,256.288,2.75652027,-56.1768227,0.07012281,0.182361677
"Continuous asphalt network",3408,256.535858,2.792241,-55.821064,0.07012574,0.0853814557
"Continuous asphalt network",3409,257.0977,2.81315136,-55.1406059,0.280515671,0.148025185
"Continuous asphalt network",3410,256.427979,2.732847,-56.47885,0.280509025,0.186464429
"Continuous asphalt network",3411,256.770844,2.8223455,-56.0496635,0.07013841,0.07765891
"Continuous asphalt network",3412,256.989777,2.84893012,-55.79837,0.035066,0.151966363
"Continuous asphalt network",3413,256.9318,2.84230065,-56.00728,0.03506751,0.20885
"Continuous asphalt network",3414,256.749878,2.783522,-56.3940849,0.14026776,0.185228929
"Continuous asphalt network",3415,255.6165,2.189805,-59.4036369,0.280506,0.237326741
"Continuous asphalt network",3416,255.273666,2.06639838,-59.83283,0.0701292,0.21130617
"Continuous asphalt network",3417,255.054733,2.01110864,-60.0841331,0.035065338,0.165039033
"Continuous asphalt network",3418,255.112717,2.02912354,-59.8752251,0.03506756,0.2757825
"Continuous asphalt network",3419,255.2946,2.116166,-59.4884148,0.140249342,0.241073519
"Continuous asphalt network",3420,254.418991,1.93536413,-60.4936371,0.280480057,0.229681745
"Continuous asphalt network",3421,254.972717,2.04833126,-59.5732,0.140255451,0.2155494
"Continuous asphalt network",3422,254.761841,1.96018445,-60.06445,0.0701223239,0.245127991
"Continuous asphalt network",3423,254.980759,2.0087595,-59.8131447,0.0350621119,0.241123781
"Continuous asphalt network",3424,254.922775,1.99074459,-60.0220528,0.03505989,0.114368826
"Continuous asphalt network",3425,255.906311,2.39080215,-58.3590736,0.2804884,0.231423721
"Continuous asphalt network",3426,256.4021,2.569279,-57.6475677,0.2804884,0.191571251
"Continuous asphalt network",3427,255.922363,2.32476139,-58.83897,0.5610124,0.230109677
"Continuous asphalt network",3428,254.698929,2.05115485,-61.0976677,1.12203014,0.203947723
"Continuous asphalt network",3429,255.384644,2.10179877,-60.2392921,0.2805164,0.221688971
"Continuous asphalt network",3430,255.822464,2.18262959,-59.7366943,0.140262887,0.23761411
"Continuous asphalt network",3431,255.706543,2.15383244,-60.1545258,0.140262708,0.1227701
"Continuous asphalt network",3432,255.342728,2.14975452,-60.928112,0.561020732,0.2157119
"Continuous asphalt network",3433,253.075989,2.55273223,-66.94727,1.12203276,0.172375441
"Continuous asphalt network",3434,252.3903,2.60128951,-67.80564,0.280495137,0.1461539
"Continuous asphalt network",3435,252.04744,2.59593987,-68.2348251,0.07012599,0.147338673
"Continuous asphalt network",3436,251.8575,2.55316186,-68.38166,0.07012148,0.340204269
"Continuous asphalt network",3437,252.031418,2.56314373,-67.75492,0.07012148,0.2521922
"Continuous asphalt network",3438,252.105408,2.5967176,-68.02591,0.0701291859,0.1515776
"Continuous asphalt network",3439,252.4322,2.51715446,-67.11683,0.560987055,0.170003787
"Continuous asphalt network",3440,251.060791,2.26446056,-68.83356,0.561015368,0.3746537
"Continuous asphalt network",3441,250.2431,1.98480761,-69.62986,0.140256524,0.38397646
"Continuous asphalt network",3442,249.863266,1.87198484,-69.92355,0.140252277,0.251488268
"Continuous asphalt network",3443,250.548965,2.07981133,-69.06518,0.280498147,0.3860555
"Continuous asphalt network",3444,251.540543,2.35761547,-67.6421356,0.280518353,0.3949259
"Continuous asphalt network",3445,252.065292,2.433893,-66.8261642,0.035056822,0.166686878
"Continuous asphalt network",3446,251.875366,2.40229774,-66.97301,0.0350639969,0.462413758
"Continuous asphalt network",3447,252.2182,2.41347146,-66.54383,0.07012839,0.185967
"Continuous asphalt network",3448,251.8834,2.43941522,-67.212944,0.07012808,0.393245369
"Continuous asphalt network",3449,252.073318,2.47101045,-67.06611,0.07011878,0.252173245
"Continuous asphalt network",3450,251.366653,2.35687661,-68.26887,0.280525833,0.3711606
"Continuous asphalt network",3451,251.804489,2.49025941,-67.7662659,0.140257835,0.416055769
"Continuous asphalt network",3452,251.688553,2.48105526,-68.18409,0.140257835,0.4497387
"Continuous asphalt network",3453,253.6556,2.354555,-64.85813,1.12196565,0.188153729
"Continuous asphalt network",3454,254.647171,2.31369948,-63.43509,1.121966,0.17783162
"Continuous asphalt network",3455,253.6877,2.47618461,-65.8179245,2.24404287,0.15852569
"Continuous asphalt network",3456,251.56279,2.432289,-70.25055,0.140251726,0.3325632
"Continuous asphalt network",3457,251.826721,2.504976,-70.37469,0.140252516,0.219614118
"Continuous asphalt network",3458,251.3149,2.36309648,-70.6063,0.280509651,0.299575269
"Continuous asphalt network",3459,251.662674,2.47127175,-69.3528061,0.280501485,0.3317576
"Continuous asphalt network",3460,251.942642,2.54206944,-69.9568558,0.140258566,0.231870487
"Continuous asphalt network",3461,251.678711,2.46938229,-69.83271,0.140257761,0.342124671
"Continuous asphalt network",3462,252.106689,2.548578,-70.97871,0.280494779,0.138151765
"Continuous asphalt network",3463,252.386642,2.565957,-71.582756,0.1402582,0.04825149
"Continuous asphalt network",3464,252.122726,2.54108715,-71.45861,0.14025341,0.163144231
"Continuous asphalt network",3465,251.652832,2.450464,-71.00141,0.5610113,0.2564054
"Continuous asphalt network",3466,250.597092,2.13570571,-70.50486,0.5610278,0.3287789
"Continuous asphalt network",3467,249.879288,1.89622533,-70.40345,0.280479848,0.296761781
"Continuous asphalt network",3468,250.25914,2.00904822,-70.10976,0.280499041,0.377037942
"Continuous asphalt network",3469,251.2088,2.32052016,-69.37552,0.5610221,0.331746519
"Continuous asphalt network",3470,250.976944,2.24943829,-70.211174,0.5610278,0.310180634
"Continuous asphalt network",3471,252.876236,2.65468955,-68.74273,0.5609931,0.07035898
"Continuous asphalt network",3472,252.2904,2.61889815,-68.70337,0.140258729,0.08178885
"Continuous asphalt network",3473,251.931519,2.56575179,-68.65265,0.07012751,0.299996138
"Continuous asphalt network",3474,252.121445,2.60852981,-68.505806,0.07013202,0.09265293
"Continuous asphalt network",3475,252.538315,2.63535786,-68.3476,0.280486435,0.03553759
"Continuous asphalt network",3476,253.48793,2.67333126,-67.61338,0.5610308,0.117413387
"Continuous asphalt network",3477,253.256088,2.69065881,-68.44904,0.561033666,0.113810085
"Continuous asphalt network",3478,252.676468,2.60852528,-70.5381851,1.12200654,0.0784854442
"Continuous asphalt network",3479,252.190552,2.58723164,-69.60108,0.280512035,0.1213853
"Continuous asphalt network",3480,251.910568,2.55198073,-68.9970551,0.140245959,0.2578018
"Continuous asphalt network",3481,252.174484,2.59525323,-69.12119,0.140252858,0.102461807
"Continuous asphalt network",3482,252.644409,2.630208,-69.5783844,0.5610076,0.08254489
"Continuous asphalt network",3483,247.731079,2.288839,-81.91037,0.560972035,0.103101619
"Continuous asphalt network",3484,247.5732,2.3254106,-83.01702,0.280498,0.0434276648
"Continuous asphalt network",3485,247.425217,2.2945025,-82.47506,0.280493647,0.105766021
"Continuous asphalt network",3486,247.319138,2.20447636,-81.24427,1.12204325,0.126661643
"Continuous asphalt network",3487,248.522827,2.33487868,-82.2828,2.244036,0.0461043119
"Continuous asphalt network",3488,246.359634,2.26477337,-83.62711,0.561011851,0.121017039
"Continuous asphalt network",3489,246.8875,2.31252956,-83.8754,0.5610076,0.0432520062
"Continuous asphalt network",3490,245.863876,2.251668,-84.33863,1.12200117,0.09876771
"Continuous asphalt network",3491,246.559433,2.16915345,-81.831665,1.12207937,0.124326825
"Continuous asphalt network",3492,247.045364,2.28288555,-82.76876,0.280499279,0.105763607
"Continuous asphalt network",3493,247.193359,2.31379342,-83.31072,0.280503631,0.04342981
"Continuous asphalt network",3494,246.5915,2.24189925,-82.7914658,0.5610055,0.122653306
"Continuous asphalt network",3495,244.154526,2.1576097,-85.66024,0.280504,0.151496723
"Continuous asphalt network",3496,243.874557,2.085536,-85.05619,0.140270188,0.2619115
"Continuous asphalt network",3497,244.138474,2.13751578,-85.180336,0.14024429,0.109482922
"Continuous asphalt network",3498,244.608383,2.20510459,-85.63752,0.5610205,0.0963226259
"Continuous asphalt network",3499,243.584717,2.050908,-86.10077,1.12207973,0.242948323
"Continuous asphalt network",3500,242.329239,1.7821697,-87.39968,0.561006963,0.2938123
"Continuous asphalt network",3501,241.569534,1.63788128,-87.98705,0.5610109,0.221317351
"Continuous asphalt network",3502,242.940933,1.88690853,-86.2703247,1.12199366,0.300067544
"Continuous asphalt network",3503,245.303909,2.141118,-83.13056,0.5609998,0.124466747
"Continuous asphalt network",3504,244.486252,2.12184358,-83.92685,0.1402598,0.118743278
"Continuous asphalt network",3505,243.982422,2.07693577,-84.39843,0.07012315,0.148684084
"Continuous asphalt network",3506,244.230331,2.10415673,-84.04267,0.070128575,0.103656448
"Continuous asphalt network",3507,244.7921,2.11036587,-83.362175,0.280507326,0.121968925
"Continuous asphalt network",3508,245.915634,2.11708283,-82.00121,1.122021,0.122997493
"Continuous asphalt network",3509,244.84021,2.19241881,-84.80186,0.5610171,0.0962308
"Continuous asphalt network",3510,244.2544,2.13919425,-84.76251,0.140241355,0.102598168
"Continuous asphalt network",3511,243.990463,2.08721447,-84.63837,0.140267253,0.2556895
"Continuous asphalt network",3512,244.502274,2.14660239,-84.4067459,0.28049767,0.0958822146
"Continuous asphalt network",3513,245.336014,2.19841218,-84.09035,1.122015,0.08501047
"Continuous asphalt network",3514,249.154221,2.21505761,-77.8562241,4.48804331,0.148975328
"Continuous asphalt network",3515,250.873428,2.3166635,-74.88601,1.12204039,0.184291124
"Continuous asphalt network",3516,251.733032,2.44117951,-73.4009,0.280486435,0.142070815
"Continuous asphalt network",3517,252.2288,2.52280331,-72.6894,0.280492455,0.09654808
"Continuous asphalt network",3518,251.749069,2.43893266,-73.8808,0.561014354,0.192496777
"Continuous asphalt network",3519,250.9055,2.3484385,-75.8458,2.24401522,0.156808421
"Continuous asphalt network",3520,248.838547,2.2846067,-80.0695,1.12197673,0.08817256
"Continuous asphalt network",3521,249.134537,2.335636,-81.1534348,1.12199414,0.0462222733
"Continuous asphalt network",3522,247.930832,2.19852471,-80.11492,2.24402475,0.1251659
"Continuous asphalt network",3523,250.209961,2.34224033,-78.35278,2.24404144,0.0991255
"Continuous asphalt network",3524,249.894241,2.36706138,-80.56606,1.12203133,0.0562604927
"Continuous asphalt network",3525,249.598267,2.31603217,-79.48213,1.12201393,0.09595485
"Continuous asphalt network",3526,245.084473,2.30476737,-88.22321,4.488103,0.04161127
"Continuous asphalt network",3527,245.6765,2.33926749,-90.39109,4.48805046,0.0189918615
"Continuous asphalt network",3528,243.037186,2.064412,-89.14971,2.24402332,0.212998018
"Continuous asphalt network",3529,241.601608,1.71904218,-88.946846,1.12198746,0.242189318
"Continuous asphalt network",3530,242.361328,1.86333048,-88.3594742,1.12199259,0.281751215
"Continuous asphalt network",3531,244.070679,2.19681,-87.0378647,0.2804847,0.14591372
"Continuous asphalt network",3532,244.350647,2.25167942,-87.6419,0.140242174,0.05618457
"Continuous asphalt network",3533,244.086716,2.21651173,-87.51776,0.140261024,0.185977846
"Continuous asphalt network",3534,243.616821,2.10073829,-87.06058,0.5610037,0.253855944
"Continuous asphalt network",3535,244.640457,2.2381227,-86.59731,1.12197924,0.08754414
"Continuous asphalt network",3536,243.8709,2.23465061,-88.8333054,0.2805146,0.188988253
"Continuous asphalt network",3537,244.250748,2.27528548,-88.5396042,0.280513734,0.07319971
"Continuous asphalt network",3538,243.828979,2.25158715,-89.52212,0.561014056,0.175340176
"Continuous asphalt network",3539,243.384964,2.0879755,-87.89623,0.561027467,0.252892077
"Continuous asphalt network",3540,243.970779,2.22201753,-87.935585,0.1402516,0.186139435
"Continuous asphalt network",3541,244.234726,2.25718522,-88.0597153,0.140232757,0.0560884066
"Continuous asphalt network",3542,243.7229,2.18955326,-88.29134,0.2805035,0.2272583
"Continuous asphalt network",3543,247.595459,2.348628,-85.62543,2.24392271,0.009212896
"Continuous asphalt network",3544,246.423828,2.33120131,-85.5467,0.561032832,0.024172483
"Continuous asphalt network",3545,245.89595,2.30000281,-85.29842,0.560997248,0.09017174
"Continuous asphalt network",3546,246.9196,2.33062267,-84.83519,1.12201607,0.0369966775
"Continuous asphalt network",3547,248.58699,2.35728359,-84.2024,4.48802137,0.0215411987
"Continuous asphalt network",3548,247.195923,2.35862565,-89.21633,4.488014,0.004851077
"Continuous asphalt network",3549,246.224045,2.343695,-87.3421555,1.12209475,0.0267997682
"Continuous asphalt network",3550,245.664078,2.306379,-86.13407,0.5610031,0.09237031
"Continuous asphalt network",3551,246.191956,2.33757758,-86.3823547,0.5610387,0.0187676679
"Continuous asphalt network",3552,247.13176,2.355324,-87.2967453,2.243993,0.00764197856
"Continuous asphalt network",3553,173.140854,2.00002766,-139.779861,12.9821692,0.0568491481
"Continuous asphalt network",3554,174.743759,2.03861022,-143.587112,6.49102736,0.04935115
"Continuous asphalt network",3555,172.664673,1.97660291,-142.248459,6.49103,0.0553092733
"Continuous asphalt network",3556,-196.897751,-6.692518,35.6703835,36.22897,0
"Continuous asphalt network",3557,225.950256,1.8759979,-125.637947,1.9561,0.129306421
"Continuous asphalt network",3558,227.310928,1.99982989,-124.201782,0.488989741,0.133182868
"Continuous asphalt network",3559,228.154068,2.05878472,-123.351845,0.244507208,0.134482473
"Continuous asphalt network",3560,227.770035,2.051015,-123.996742,0.244503587,0.132433012
"Continuous asphalt network",3561,226.868454,1.9784168,-125.227844,0.9779943,0.133634165
"Continuous asphalt network",3562,225.0653,1.85792959,-127.690071,3.91219854,0.127799883
"Continuous asphalt network",3563,226.685013,1.80798185,-122.706085,0.4890451,0.210487664
"Continuous asphalt network",3564,226.672424,1.89215314,-123.717705,0.244497776,0.142660722
"Continuous asphalt network",3565,226.463791,1.82003367,-123.219124,0.244512409,0.2113672
"Continuous asphalt network",3566,226.209274,1.655076,-122.090118,0.978035748,0.216063917
"Continuous asphalt network",3567,227.544785,1.94276774,-122.677162,0.4890182,0.199789152
"Continuous asphalt network",3568,228.078979,2.02731419,-122.911987,0.4890256,0.09142599
"Continuous asphalt network",3569,227.160767,1.92305338,-123.32206,0.9780521,0.175468236
"Continuous asphalt network",3570,225.532974,1.77517092,-124.640831,1.95602465,0.154700965
"Continuous asphalt network",3571,225.558167,1.60315549,-122.617638,0.9779835,0.1942554
"Continuous asphalt network",3572,226.138229,1.78938007,-123.48288,0.244517192,0.211438254
"Continuous asphalt network",3573,226.346863,1.86149943,-123.981453,0.244502544,0.142746
"Continuous asphalt network",3574,225.708359,1.7254076,-123.497353,0.489018261,0.1708207
"Continuous asphalt network",3575,223.028336,1.83429682,-131.676941,0.978047431,0.127421
"Continuous asphalt network",3576,222.26033,1.85014057,-132.966751,0.9780758,0.132754922
"Continuous asphalt network",3577,222.878128,1.76525843,-130.797226,1.9560281,0.122024067
"Continuous asphalt network",3578,221.108276,1.924538,-134.9015,0.978039563,0.127352282
"Continuous asphalt network",3579,220.281784,2.03593087,-136.5725,0.2444795,0.119475588
"Continuous asphalt network",3580,219.897781,2.04728866,-137.217392,0.2444983,0.3332293
"Continuous asphalt network",3581,220.5907,1.94545841,-135.487717,0.488967448,0.114446864
"Continuous asphalt network",3582,221.592575,1.76263011,-132.673233,0.489009917,0.129995152
"Continuous asphalt network",3583,222.0935,1.70856249,-131.266,0.488988876,0.122530691
"Continuous asphalt network",3584,221.6092,1.83516979,-133.494278,0.978026152,0.120245762
"Continuous asphalt network",3585,223.729813,1.67229307,-127.103058,1.9560523,0.137597814
"Continuous asphalt network",3586,224.598145,1.62050724,-124.229919,0.489024222,0.16671522
"Continuous asphalt network",3587,225.099075,1.560757,-122.822693,0.489024967,0.175274089
"Continuous asphalt network",3588,224.614746,1.67110479,-125.050926,0.9780365,0.137607127
"Continuous asphalt network",3589,223.763077,1.75829089,-128.745087,3.91204548,0.121590272
"Continuous asphalt network",3590,218.420181,1.940671,-139.415863,0.978043139,0.251735628
"Continuous asphalt network",3591,217.652145,1.87047541,-140.705673,0.9780133,0.253752351
"Continuous asphalt network",3592,218.27,1.79519308,-138.536148,1.95606565,0.289779156
"Continuous asphalt network",3593,216.500122,1.76980364,-142.640427,0.9779643,0.206187114
"Continuous asphalt network",3594,215.481644,1.771156,-144.633865,0.488971829,0.186152712
"Continuous asphalt network",3595,215.98259,1.72302473,-143.226639,0.48896,0.183188736
"Continuous asphalt network",3596,216.984421,1.69767725,-140.412186,0.489026636,0.268969625
"Continuous asphalt network",3597,217.485336,1.6593014,-139.004929,0.48901844,0.269830555
"Continuous asphalt network",3598,217.001053,1.76337337,-141.2332,0.977965,0.207120985
"Continuous asphalt network",3599,214.19606,1.80251026,-146.509872,0.9780109,0.1769766
"Continuous asphalt network",3600,213.177551,1.907691,-148.5033,0.489040256,0.133243978
"Continuous asphalt network",3601,213.678513,1.81948435,-147.096069,0.489049077,0.152365252
"Continuous asphalt network",3602,212.025513,1.95280421,-150.438034,0.489002943,0.0949284956
"Continuous asphalt network",3603,211.257492,2.02816033,-151.727859,0.4890294,0.06969309
"Continuous asphalt network",3604,212.843674,1.86707079,-148.356552,0.2444578,0.135179728
"Continuous asphalt network",3605,213.4782,1.79074061,-147.008011,0.2444619,0.152333662
"Continuous asphalt network",3606,212.659973,1.90029049,-149.0895,0.489006966,0.0854204744
"Continuous asphalt network",3607,215.8324,1.621583,-142.3469,0.489035636,0.237731233
"Continuous asphalt network",3608,214.747147,1.63007128,-144.310959,0.244417459,0.187746689
"Continuous asphalt network",3609,215.381638,1.59488773,-142.962448,0.244419545,0.1837979
"Continuous asphalt network",3610,216.650558,1.60423374,-140.2654,0.244492561,0.2688126
"Continuous asphalt network",3611,217.285019,1.60050046,-138.916885,0.244495437,0.26987794
"Continuous asphalt network",3612,216.466873,1.62937963,-140.998383,0.489043832,0.237657547
"Continuous asphalt network",3613,214.696976,1.70489788,-145.102631,0.97801435,0.1676615
"Continuous asphalt network",3614,215.7155,1.66959858,-143.1092,0.4890416,0.183166236
"Continuous asphalt network",3615,215.214554,1.71772993,-144.516434,0.489053458,0.186129689
"Continuous asphalt network",3616,221.809769,1.62245846,-130.327591,0.9780142,0.1270194
"Continuous asphalt network",3617,220.7913,1.66100407,-132.32106,0.48902306,0.1267995
"Continuous asphalt network",3618,221.292236,1.60241032,-130.9138,0.4890353,0.118394442
"Continuous asphalt network",3619,219.255234,1.63349307,-134.90065,0.97803396,0.248359129
"Continuous asphalt network",3620,220.774658,1.59079134,-131.5,0.4890386,0.07945441
"Continuous asphalt network",3621,220.273727,1.64938509,-132.907242,0.48900342,0.2511295
"Continuous asphalt network",3622,223.062088,1.57526243,-126.809547,0.977849066,0.13703
"Continuous asphalt network",3623,224.264282,1.56222,-124.083168,0.244497716,0.192033231
"Continuous asphalt network",3624,224.898743,1.52245367,-122.73465,0.244499251,0.198734984
"Continuous asphalt network",3625,224.080566,1.58665562,-124.816132,0.4889276,0.137073517
"Continuous asphalt network",3626,222.6947,1.61030233,-128.275467,1.95602226,0.126480535
"Continuous asphalt network",3627,219.154953,1.7807951,-136.484009,3.91210842,0.289159119
"Continuous asphalt network",3628,220.807922,1.73511982,-133.142075,0.97804296,0.120398
"Continuous asphalt network",3629,221.826416,1.67360532,-131.1486,0.48897633,0.118019789
"Continuous asphalt network",3630,221.325485,1.72767293,-132.555832,0.48899737,0.125847742
"Continuous asphalt network",3631,220.323608,1.90339184,-135.3703,0.4890111,0.2027732
"Continuous asphalt network",3632,219.8227,1.98210752,-136.777527,0.489002317,0.195303023
"Continuous asphalt network",3633,220.306992,1.81737864,-134.549286,0.9780254,0.120765142
"Continuous asphalt network",3634,233.647644,2.11251235,-107.051353,0.9780051,0.247624785
"Continuous asphalt network",3635,232.821121,2.05222416,-108.722313,0.48902002,0.195561111
"Continuous asphalt network",3636,232.938065,2.03896046,-107.96,0.4890154,0.24875097
"Continuous asphalt network",3637,233.497437,1.958539,-106.171631,1.95606244,0.294231176
"Continuous asphalt network",3638,231.727554,1.8864584,-110.2759,0.9780479,0.197863474
"Continuous asphalt network",3639,230.959534,1.80962908,-111.565735,0.9781351,0.128598481
"Continuous asphalt network",3640,232.374634,1.91684568,-107.915794,0.122266516,0.159313589
"Continuous asphalt network",3641,232.4331,1.89017391,-107.53463,0.122255333,0.2914494
"Continuous asphalt network",3642,231.8946,1.86253262,-108.721924,0.122262843,0.210674375
"Continuous asphalt network",3643,232.174316,1.85990942,-107.827728,0.0611268319,0.464894027
"Continuous asphalt network",3644,232.11586,1.88658106,-108.208893,0.061133422,0.20759435
"Continuous asphalt network",3645,232.712784,1.82758677,-106.640442,0.489033371,0.289734185
"Continuous asphalt network",3646,232.286942,1.92352581,-108.487511,0.489000618,0.255125344
"Continuous asphalt network",3647,232.17,1.93678951,-109.249817,0.489005238,0.202014819
"Continuous asphalt network",3648,229.423508,1.70898664,-114.145363,0.977993548,0.15165031
"Continuous asphalt network",3649,228.404984,1.69744146,-116.138794,0.489045471,0.131352976
"Continuous asphalt network",3650,228.90593,1.68242037,-114.731567,0.489047766,0.131484926
"Continuous asphalt network",3651,227.252975,1.57757854,-118.073517,0.489046574,0.290566057
"Continuous asphalt network",3652,226.3597,1.46859646,-119.715126,0.1222503,0.3006636
"Continuous asphalt network",3653,225.9757,1.44370556,-120.360039,0.122217,0.03675143
"Continuous asphalt network",3654,226.802185,1.50214541,-118.689064,0.244505748,0.3021377
"Continuous asphalt network",3655,228.263123,1.66346455,-115.669579,0.122243293,0.158993691
"Continuous asphalt network",3656,227.7205,1.61399174,-116.651611,0.0611293,0.296489447
"Continuous asphalt network",3657,228.037735,1.64704359,-115.977356,0.0611285381,0.288540274
"Continuous asphalt network",3658,228.705612,1.65175724,-114.643517,0.2444865,0.15941146
"Continuous asphalt network",3659,227.695435,1.627827,-117.047455,0.244520992,0.29629764
"Continuous asphalt network",3660,228.079422,1.67247164,-116.40255,0.244510919,0.06366323
"Continuous asphalt network",3661,231.059814,1.75313723,-109.982368,0.4889924,0.188375816
"Continuous asphalt network",3662,229.974564,1.65992582,-111.946472,0.244477138,0.195980459
"Continuous asphalt network",3663,230.609024,1.6973772,-110.597939,0.244475782,0.198709443
"Continuous asphalt network",3664,232.069992,1.80109823,-107.578468,0.122244179,0.309610516
"Continuous asphalt network",3665,231.527344,1.78549862,-108.560509,0.0611377358,0.22269462
"Continuous asphalt network",3666,231.844589,1.79133451,-107.886253,0.0611380264,0.221837774
"Continuous asphalt network",3667,232.512451,1.76313555,-106.552391,0.244487688,0.309396178
"Continuous asphalt network",3668,231.502274,1.79403651,-108.956322,0.244488463,0.191661611
"Continuous asphalt network",3669,232.011536,1.83528483,-107.959618,0.122249365,0.186489373
"Continuous asphalt network",3670,231.761063,1.83405912,-108.663231,0.122249939,0.1917567
"Continuous asphalt network",3671,229.924423,1.69534647,-112.738136,0.9780115,0.151896521
"Continuous asphalt network",3672,230.692429,1.75985873,-111.4483,0.978015542,0.216573387
"Continuous asphalt network",3673,237.037186,1.96237087,-97.96311,0.9780614,0.172929034
"Continuous asphalt network",3674,236.210739,2.081137,-99.63407,0.2445194,0.171391129
"Continuous asphalt network",3675,235.701492,2.060895,-100.630791,0.12224628,0.361975551
"Continuous asphalt network",3676,235.95195,2.06789947,-99.9271851,0.122244939,0.3546327
"Continuous asphalt network",3677,236.519638,1.98090971,-98.54932,0.489048153,0.178695112
"Continuous asphalt network",3678,234.866684,1.879817,-101.891258,0.4890393,0.358006716
"Continuous asphalt network",3679,233.781418,1.73794019,-103.855347,0.244491562,0.3726812
"Continuous asphalt network",3680,234.4159,1.78417683,-102.506813,0.244490311,0.375886619
"Continuous asphalt network",3681,235.876831,1.98341084,-99.48733,0.122250579,0.247565076
"Continuous asphalt network",3682,235.492844,1.92465055,-100.132233,0.122250579,0.5149332
"Continuous asphalt network",3683,236.31929,1.93919528,-98.4612656,0.244501352,0.2557389
"Continuous asphalt network",3684,235.309143,1.93562984,-100.8652,0.244515926,0.359998226
"Continuous asphalt network",3685,235.8184,2.01188755,-99.86849,0.122265339,0.413265556
"Continuous asphalt network",3686,235.567932,2.004883,-100.57209,0.122266687,0.420344085
"Continuous asphalt network",3687,238.673538,1.67857516,-93.80014,0.4889677,0.195061877
"Continuous asphalt network",3688,237.588272,1.75158846,-95.76422,0.244531274,0.188112855
"Continuous asphalt network",3689,238.222778,1.67848933,-94.4157,0.2445284,0.181248382
"Continuous asphalt network",3690,239.491714,1.5751251,-91.71866,0.2444993,0.212152287
"Continuous asphalt network",3691,240.1262,1.54393542,-90.37014,0.244502932,0.208958626
"Continuous asphalt network",3692,239.308029,1.62806475,-92.45162,0.4889763,0.194292918
"Continuous asphalt network",3693,237.538132,1.84227788,-96.5558853,0.978074849,0.167582437
"Continuous asphalt network",3694,238.306152,1.797005,-95.26606,0.977951348,0.227386147
"Continuous asphalt network",3695,234.440842,1.91840076,-103.738342,0.489014357,0.3408044
"Continuous asphalt network",3696,233.789719,1.78970623,-104.265846,0.489007622,0.269837528
"Continuous asphalt network",3697,234.883316,1.96227491,-102.712273,0.9780287,0.343521863
"Continuous asphalt network",3698,233.9399,1.93089259,-105.145569,0.9780339,0.292609721
"Continuous asphalt network",3699,234.591019,2.05958724,-104.61805,0.978052437,0.32912007
"Continuous asphalt network",3700,236.06459,2.15524459,-100.586945,0.122251943,0.144318059
"Continuous asphalt network",3701,235.739029,2.09095669,-100.850708,0.122249268,0.362127721
"Continuous asphalt network",3702,236.285843,2.13842034,-100.073936,0.244509816,0.15244773
"Continuous asphalt network",3703,235.814133,2.13525224,-101.290565,0.244518578,0.316830575
"Continuous asphalt network",3704,236.1397,2.19954014,-101.026794,0.244509026,0.195053071
"Continuous asphalt network",3705,237.053848,2.070749,-98.78413,0.4889924,0.160671189
"Continuous asphalt network",3706,236.552933,2.16994119,-100.191338,0.488989323,0.1474778
"Continuous asphalt network",3707,235.417526,2.16041732,-102.947083,1.95605493,0.302115619
"Continuous asphalt network",3708,228.513351,1.82056522,-118.2207,0.9780364,0.144977391
"Continuous asphalt network",3709,227.833054,1.7787981,-118.938759,0.1222657,0.247270346
"Continuous asphalt network",3710,228.100143,1.83189869,-119.056183,0.122255288,0.121991552
"Continuous asphalt network",3711,227.641037,1.75021708,-119.26123,0.244521841,0.24730441
"Continuous asphalt network",3712,227.816391,1.72234309,-118.117744,0.244483992,0.231959134
"Continuous asphalt network",3713,228.158569,1.82130909,-118.675011,0.122243434,0.121318661
"Continuous asphalt network",3714,227.891479,1.7682085,-118.557594,0.122253843,0.244276911
"Continuous asphalt network",3715,226.827148,1.59969234,-119.920616,0.489027619,0.243749112
"Continuous asphalt network",3716,225.984009,1.48190916,-120.770546,0.244544208,0.26422137
"Continuous asphalt network",3717,226.368027,1.5068,-120.125648,0.244528547,0.264405459
"Continuous asphalt network",3718,227.2696,1.63692188,-118.894539,0.9780284,0.24640964
"Continuous asphalt network",3719,229.072754,1.78617513,-116.432312,3.912051,0.1436635
"Continuous asphalt network",3720,227.51152,1.82975864,-121.035126,0.9780162,0.206214651
"Continuous asphalt network",3721,228.195877,2.00209832,-122.149666,0.489006877,0.09158196
"Continuous asphalt network",3722,227.6617,1.917552,-121.914848,0.4889995,0.199641839
"Continuous asphalt network",3723,226.651749,1.65911639,-121.064064,1.95604861,0.215861037
"Continuous asphalt network",3724,228.546631,1.92535245,-119.862724,0.4889561,0.113948084
"Continuous asphalt network",3725,227.849686,1.8174957,-119.759789,0.24449718,0.217140749
"Continuous asphalt network",3726,228.175217,1.86375332,-119.49604,0.244480073,0.146291882
"Continuous asphalt network",3727,228.930618,1.931456,-119.217827,0.978014052,0.1160214
"Continuous asphalt network",3728,228.5799,2.00791144,-121.504761,0.97798723,0.09965296
"Continuous asphalt network",3729,227.895554,1.86039317,-120.390228,0.489034116,0.207811922
"Continuous asphalt network",3730,228.429733,1.95399952,-120.625031,0.4890039,0.11400269
"Continuous asphalt network",3731,231.109741,1.86567152,-112.445457,0.9780396,0.164657131
"Continuous asphalt network",3732,231.877762,1.94250071,-111.155632,0.97806865,0.169582918
"Continuous asphalt network",3733,231.259933,1.92317426,-113.325165,1.95606077,0.149970561
"Continuous asphalt network",3734,233.0298,2.10250068,-109.220863,0.9780856,0.188436478
"Continuous asphalt network",3735,234.0483,2.22082424,-107.227455,0.489009768,0.247618869
"Continuous asphalt network",3736,233.547363,2.19754887,-108.634666,0.4890025,0.258643
"Continuous asphalt network",3737,232.411942,2.05286384,-111.390411,1.9561795,0.184455812
"Continuous asphalt network",3738,230.141129,1.94927251,-116.901924,7.82423067,0.147706062
"Continuous asphalt network",3739,216.065735,2.077468,-147.33168,0.4890168,0.110545322
"Continuous asphalt network",3740,216.053146,2.127012,-148.3433,0.244494915,0.0185526963
"Continuous asphalt network",3741,215.8445,2.09923077,-147.844742,0.244520992,0.108820111
"Continuous asphalt network",3742,215.590012,1.97121906,-146.715744,0.978014469,0.150735661
"Continuous asphalt network",3743,217.0298,2.129302,-147.552048,0.24448888,0.00608386565
"Continuous asphalt network",3744,216.821182,2.1059134,-147.053482,0.244520992,0.09419075
"Continuous asphalt network",3745,217.459671,2.12759566,-147.537567,0.489003241,0.00405760668
"Continuous asphalt network",3746,216.482986,2.12863755,-148.328812,0.4889965,0.00758289
"Continuous asphalt network",3747,216.495621,2.1070013,-147.317245,0.24452047,0.09418841
"Continuous asphalt network",3748,216.704239,2.13039,-147.8158,0.244488344,0.00608136272
"Continuous asphalt network",3749,214.972153,2.06273174,-148.885284,0.4889978,0.100728087
"Continuous asphalt network",3750,215.506348,2.10055,-149.120087,0.488992423,0.0416967236
"Continuous asphalt network",3751,214.58815,2.04988956,-149.5302,0.978008032,0.05422782
"Continuous asphalt network",3752,214.938889,1.95626676,-147.24324,0.978033543,0.155709729
"Continuous asphalt network",3753,215.518936,2.08647323,-148.1085,0.244521931,0.124233
"Continuous asphalt network",3754,215.727585,2.11425424,-148.607071,0.244495839,0.0479119681
"Continuous asphalt network",3755,215.089066,2.049758,-148.122971,0.489039838,0.09616413
"Continuous asphalt network",3756,212.960373,2.01116467,-150.848953,1.95612752,0.07448936
"Continuous asphalt network",3757,211.274124,2.07535958,-152.548874,0.978028953,0.06878428
"Continuous asphalt network",3758,212.04216,2.00000358,-151.259048,0.978017449,0.0470138974
"Continuous asphalt network",3759,213.5782,1.9568516,-148.679428,0.9779951,0.104495369
"Continuous asphalt network",3760,214.346237,1.91623533,-147.3896,0.97799927,0.11965204
"Continuous asphalt network",3761,213.7284,2.00136018,-149.559143,1.95610452,0.0686109662
"Continuous asphalt network",3762,217.626968,1.97596073,-142.728882,0.489016622,0.200975537
"Continuous asphalt network",3763,218.161148,2.07205415,-142.963684,0.488972366,0.130528957
"Continuous asphalt network",3764,217.242966,1.95120525,-143.373764,0.9780476,0.175385684
"Continuous asphalt network",3765,215.882278,1.851278,-144.809952,0.978053,0.186080277
"Continuous asphalt network",3766,216.650314,1.86329877,-143.520126,0.978055656,0.18310456
"Continuous asphalt network",3767,218.186325,2.012421,-140.940491,0.977981,0.237234145
"Continuous asphalt network",3768,218.954361,2.08261657,-139.650681,0.9780108,0.234792873
"Continuous asphalt network",3769,218.278076,2.05604458,-142.20137,0.4889934,0.131484315
"Continuous asphalt network",3770,217.7439,1.959951,-141.966568,0.489037663,0.202450454
"Continuous asphalt network",3771,218.63916,2.1178503,-141.241226,0.06111419,0.208203539
"Continuous asphalt network",3772,218.743484,2.13092065,-141.490509,0.0611217357,0.136101082
"Continuous asphalt network",3773,218.42424,2.07054162,-141.248459,0.122257575,0.233904317
"Continuous asphalt network",3774,218.912537,2.16234,-140.852829,0.122244075,0.213401064
"Continuous asphalt network",3775,218.90625,2.15910053,-141.358627,0.061136,0.136077881
"Continuous asphalt network",3776,218.801926,2.14603019,-141.109344,0.0611284524,0.208165631
"Continuous asphalt network",3777,218.707962,2.11411262,-142.18689,0.244478479,0.178697169
"Continuous asphalt network",3778,218.417923,2.07653332,-141.754272,0.0611407161,0.150560319
"Continuous asphalt network",3779,218.3136,2.05707717,-141.50499,0.06112909,0.231618345
"Continuous asphalt network",3780,218.632889,2.10306835,-141.747025,0.122254588,0.124413744
"Continuous asphalt network",3781,216.833786,2.04791665,-146.041885,0.48900792,0.08358505
"Continuous asphalt network",3782,216.846359,2.001155,-145.030273,0.244495392,0.152026922
"Continuous asphalt network",3783,217.055008,2.04397178,-145.528854,0.244511187,0.08442452
"Continuous asphalt network",3784,217.47229,2.11191845,-146.525986,0.244490281,0.0626683757
"Continuous asphalt network",3785,217.680908,2.12773681,-147.024536,0.244502351,0.004077384
"Continuous asphalt network",3786,217.042419,2.08838868,-146.540451,0.4890168,0.0857843459
"Continuous asphalt network",3787,216.032471,1.940411,-145.689682,1.95608461,0.1393716
"Continuous asphalt network",3788,217.927353,2.09015179,-144.4883,0.4889857,0.05964465
"Continuous asphalt network",3789,217.393173,2.02878213,-144.253479,0.488999128,0.152301461
"Continuous asphalt network",3790,218.31134,2.10866833,-143.8434,0.977982,0.09830942
"Continuous asphalt network",3791,218.019089,2.11398983,-145.749191,0.489012152,0.0613643937
"Continuous asphalt network",3792,218.00647,2.12769151,-146.760788,0.2445228,0.00291851349
"Continuous asphalt network",3793,217.797852,2.11187339,-146.262238,0.24451071,0.06411425
"Continuous asphalt network",3794,217.380569,2.06888032,-145.265076,0.244531617,0.08442796
"Continuous asphalt network",3795,217.171921,2.02606368,-144.7665,0.244515821,0.1520252
"Continuous asphalt network",3796,217.81044,2.09847164,-145.250626,0.489013582,0.061902225
"Continuous asphalt network",3797,214.2122,2.08837223,-153.840347,1.95608747,0.00467789
"Continuous asphalt network",3798,214.237411,2.082881,-151.817139,0.978001952,0.0318688974
"Continuous asphalt network",3799,214.654678,2.0948782,-152.814255,0.9780498,0.00811303
"Continuous asphalt network",3800,215.1637,2.08358479,-155.072266,3.91208839,0.00539756
"Continuous asphalt network",3801,212.492691,2.06545615,-153.898224,1.95606041,0.01363274
"Continuous asphalt network",3802,211.424316,2.09228349,-153.4286,1.956055,0.0577094
"Continuous asphalt network",3803,213.37764,2.06316924,-151.846085,1.95604944,0.02979827
"Continuous asphalt network",3804,213.143814,2.071665,-153.370712,1.95607007,0.0311338417
"Continuous asphalt network",3805,216.399353,2.11324024,-150.733154,1.95607269,0.00751498574
"Continuous asphalt network",3806,215.330978,2.0967226,-150.26355,1.95601773,0.033926066
"Continuous asphalt network",3807,217.1674,2.11907864,-149.443344,3.91209769,0.00652560545
"Continuous asphalt network",3808,216.4659,2.09160638,-154.017227,3.91204262,0.00620253757
"Continuous asphalt network",3809,215.305786,2.10041785,-152.286743,0.9780289,0.00722481543
"Continuous asphalt network",3810,214.8885,2.08842063,-151.289627,0.977981,0.0312530845
"Continuous asphalt network",3811,216.165527,2.10193348,-152.2578,1.95604968,0.0071514505
"Continuous asphalt network",3812,222.176682,2.02227044,-135.371124,1.9560684,0.09221479
"Continuous asphalt network",3813,220.815979,2.08862019,-136.8073,0.489035577,0.114970475
"Continuous asphalt network",3814,220.135635,2.12419868,-137.525375,0.122254178,0.108041145
"Continuous asphalt network",3815,219.8101,2.0987215,-137.789108,0.122245453,0.2807703
"Continuous asphalt network",3816,220.356857,2.08648515,-137.012344,0.244506046,0.119471073
"Continuous asphalt network",3817,221.258438,2.0171454,-135.781235,0.978083849,0.103731938
"Continuous asphalt network",3818,222.79451,1.91615772,-133.201553,0.977990031,0.105876811
"Continuous asphalt network",3819,223.562546,1.900314,-131.911743,0.9779617,0.100000717
"Continuous asphalt network",3820,222.9447,1.97367,-134.081284,1.95607674,0.07100727
"Continuous asphalt network",3821,221.44191,2.148902,-138.302963,0.488998681,0.108169861
"Continuous asphalt network",3822,221.558823,2.10657787,-137.540649,0.488995254,0.0376032181
"Continuous asphalt network",3823,222.184738,2.11463761,-139.036331,0.488985926,0.04123086
"Continuous asphalt network",3824,221.650558,2.15247631,-138.801529,0.4890047,0.127198622
"Continuous asphalt network",3825,220.582169,2.19651771,-138.331909,0.4890039,0.0756344646
"Continuous asphalt network",3826,220.018738,2.18119526,-138.287674,0.122258916,0.108204514
"Continuous asphalt network",3827,219.751633,2.12697959,-138.170288,0.122252196,0.2742988
"Continuous asphalt network",3828,220.210739,2.16665745,-137.965225,0.244510666,0.106271833
"Continuous asphalt network",3829,221.024612,2.12017083,-137.305847,0.48901,0.0283207837
"Continuous asphalt network",3830,220.907715,2.162495,-138.068161,0.489013433,0.103172965
"Continuous asphalt network",3831,222.477036,2.08664536,-137.130554,3.91209769,0.0241667945
"Continuous asphalt network",3832,226.133713,1.98850787,-128.1597,7.82437468,0.08486029
"Continuous asphalt network",3833,223.896179,2.05999851,-135.313217,3.91197968,0.032066185
"Continuous asphalt network",3834,224.363846,1.97977984,-132.263962,3.91220951,0.08540539
"Continuous asphalt network",3835,219.354568,2.146266,-146.336227,3.91197133,0.0127897142
"Continuous asphalt network",3836,221.007553,2.176573,-142.994263,0.977956355,0.0166481975
"Continuous asphalt network",3837,221.775528,2.15397549,-141.704422,0.977981865,0.0815646946
"Continuous asphalt network",3838,220.389664,2.16060662,-145.1638,1.95590782,0.0183154289
"Continuous asphalt network",3839,218.118851,2.11090827,-150.675278,7.82392168,0.006239461
"Continuous asphalt network",3840,219.880692,2.19611263,-142.905792,0.489028573,0.0192331579
"Continuous asphalt network",3841,219.346481,2.18103576,-142.670975,0.489013135,0.0705589354
"Continuous asphalt network",3842,220.29393,2.22835183,-142.0703,0.122258283,0.0472739339
"Continuous asphalt network",3843,219.945435,2.23266768,-142.018845,0.0611252636,0.1255386
"Continuous asphalt network",3844,220.108215,2.24189925,-141.886948,0.0611350164,0.0719884
"Continuous asphalt network",3845,220.485947,2.21937466,-141.747849,0.24451603,0.07805839
"Continuous asphalt network",3846,220.206253,2.202831,-142.642059,0.48902297,0.0248516258
"Continuous asphalt network",3847,221.625366,2.16613936,-140.824722,0.977979,0.0399459973
"Continuous asphalt network",3848,220.857376,2.188737,-142.114548,0.9779947,0.03231208
"Continuous asphalt network",3849,218.9373,2.14788342,-145.3391,1.95613289,0.025545748
"Continuous asphalt network",3850,219.229538,2.16419244,-143.433273,0.489055216,0.0740622655
"Continuous asphalt network",3851,219.763748,2.17926955,-143.6681,0.489070624,0.0251422133
"Continuous asphalt network",3852,218.84552,2.14504981,-144.0782,0.9780048,0.0318233147
"Continuous asphalt network",3853,220.673889,2.28037047,-139.592789,0.489039,0.115954086
"Continuous asphalt network",3854,220.556992,2.27244163,-140.3551,0.48902142,0.104052052
"Continuous asphalt network",3855,219.983215,2.253485,-138.984055,0.0611293,0.157310188
"Continuous asphalt network",3856,220.146,2.25448585,-138.852188,0.0611407161,0.111988105
"Continuous asphalt network",3857,220.006149,2.28580117,-139.299271,0.122255787,0.168660179
"Continuous asphalt network",3858,219.693192,2.15383887,-138.551437,0.122246087,0.274311781
"Continuous asphalt network",3859,220.041672,2.21910262,-138.6029,0.06112909,0.185638726
"Continuous asphalt network",3860,219.878891,2.21810174,-138.734787,0.06111768,0.242051974
"Continuous asphalt network",3861,220.465256,2.26761985,-139.094223,0.489018083,0.112111606
"Continuous asphalt network",3862,221.533646,2.16908479,-139.563843,0.489009351,0.119061157
"Continuous asphalt network",3863,222.067825,2.13124633,-139.798645,0.488990545,0.0255438928
"Continuous asphalt network",3864,221.091187,2.204355,-140.58992,0.4889899,0.132699162
"Continuous asphalt network",3865,221.208084,2.21228385,-139.827591,0.489007473,0.146676049
"Continuous asphalt network",3866,219.5803,2.239609,-141.146378,0.4890516,0.17649366
"Continuous asphalt network",3867,220.2773,2.25187469,-141.249283,0.244491369,0.118581928
"Continuous asphalt network",3868,220.003891,2.250994,-141.637665,0.06113421,0.0469086468
"Continuous asphalt network",3869,219.84111,2.2417624,-141.769562,0.06112446,0.125903562
"Continuous asphalt network",3870,219.980957,2.26994681,-141.322449,0.122245684,0.08832686
"Continuous asphalt network",3871,219.137817,2.1638906,-142.172409,0.489015967,0.08686292
"Continuous asphalt network",3872,219.254745,2.18324566,-141.41011,0.489005983,0.110690333
"Continuous asphalt network",3873,219.547043,2.20244122,-139.504318,0.9780457,0.253570884
"Continuous asphalt network",3874,220.097885,2.32166457,-140.560165,0.122261263,0.150178626
"Continuous asphalt network",3875,220.156326,2.33536553,-140.17897,0.122265667,0.150932923
"Continuous asphalt network",3876,220.33577,2.27055454,-140.868149,0.244525358,0.124833055
"Continuous asphalt network",3877,219.534439,2.26581168,-140.51593,0.244534612,0.165913329
"Continuous asphalt network",3878,219.889221,2.33365655,-140.061584,0.122254588,0.155219615
"Continuous asphalt network",3879,219.830765,2.31995559,-140.442764,0.122250184,0.200639486
"Continuous asphalt network",3880,-193.808716,-6.692518,40.1075134,27.3915844,0
"Continuous asphalt network",3881,213.971451,2.04338551,-159.184586,12.2523947,0.0143511742
"Continuous asphalt network",3882,212.105225,2.08114338,-156.452942,3.06308341,0.0195250586
"Continuous asphalt network",3883,211.039139,2.1124475,-154.710129,1.53154123,0.05240961
"Continuous asphalt network",3884,212.107544,2.08562,-155.179749,1.53155351,0.0175467785
"Continuous asphalt network",3885,213.976074,2.07287383,-156.638168,6.12608147,0.00635158
"Continuous asphalt network",3886,-186.17778,-6.692518,39.3808746,55.7209778,0
"Continuous asphalt network",3887,-171.259415,-6.692518,34.61679,27.860281,0
"Continuous asphalt network",3888,-181.412338,-6.692518,36.1990356,27.8602676,0
"Continuous asphalt network",3889,185.209641,2.18391132,-144.061325,1.66652417,0.07645702
"Continuous asphalt network",3890,185.487747,2.2720964,-145.455917,0.416634679,0.09819293
"Continuous asphalt network",3891,185.481369,2.29688668,-146.089676,0.416621357,0.09062574
"Continuous asphalt network",3892,184.909164,2.23203063,-144.8849,0.833265,0.0265785865
"Continuous asphalt network",3893,183.758377,2.15733624,-143.109116,0.8332658,0.0490079671
"Continuous asphalt network",3894,183.182983,2.14391112,-142.221237,0.83323884,0.0379203223
"Continuous asphalt network",3895,184.634232,2.13998246,-143.173416,1.66654634,0.0543541834
"Continuous asphalt network",3896,186.961365,2.19713044,-144.189941,1.66651559,0.113018878
"Continuous asphalt network",3897,188.419022,2.151522,-144.508377,0.83326,0.178490937
"Continuous asphalt network",3898,187.829269,2.27824616,-145.046448,0.104164943,0.121814564
"Continuous asphalt network",3899,188.120163,2.2807672,-145.173523,0.104161322,0.162402123
"Continuous asphalt network",3900,187.6806,2.304546,-145.2998,0.2083248,0.12181174
"Continuous asphalt network",3901,187.690186,2.19704413,-144.349152,0.208300591,0.102949157
"Continuous asphalt network",3902,188.123352,2.24313188,-144.856644,0.104148842,0.162428632
"Continuous asphalt network",3903,187.832458,2.240611,-144.729568,0.104152471,0.121821888
"Continuous asphalt network",3904,186.654526,2.31756568,-145.6473,0.833200634,0.07002986
"Continuous asphalt network",3905,186.063156,2.33381629,-146.3438,0.416635722,0.03909994
"Continuous asphalt network",3906,186.069534,2.30902576,-145.710037,0.416649044,0.08189896
"Continuous asphalt network",3907,186.373184,2.232517,-144.56958,1.6664952,0.08057986
"Continuous asphalt network",3908,183.42598,2.21580029,-147.101547,6.666005,0.0459897332
"Continuous asphalt network",3909,182.869736,2.199891,-144.312347,1.666545,0.00430867169
"Continuous asphalt network",3910,182.5948,2.17271066,-142.600876,0.8332323,0.0452731624
"Continuous asphalt network",3911,183.170212,2.186136,-143.488754,0.8332592,0.0549049042
"Continuous asphalt network",3912,184.026917,2.23981071,-145.454361,3.3330276,0.03701437
"Continuous asphalt network",3913,190.452072,2.167648,-145.714691,1.66654444,0.215851173
"Continuous asphalt network",3914,191.615616,2.16889548,-146.222946,1.666501,0.199604571
"Continuous asphalt network",3915,189.854324,2.41215682,-147.044983,0.416627884,0.1677159
"Continuous asphalt network",3916,190.4361,2.441722,-147.299118,0.416613519,0.176090077
"Continuous asphalt network",3917,189.700882,2.50906157,-147.773666,0.208317727,0.16613631
"Continuous asphalt network",3918,189.405212,2.52475381,-148.121933,0.10416384,0.112789072
"Continuous asphalt network",3919,189.4084,2.49656081,-147.805038,0.10416051,0.172037154
"Continuous asphalt network",3920,189.560226,2.42637348,-147.2348,0.4166213,0.147535935
"Continuous asphalt network",3921,189.720016,2.23987031,-145.87236,0.20831643,0.121099047
"Continuous asphalt network",3922,189.424332,2.29596424,-146.220627,0.104149632,0.07206962
"Continuous asphalt network",3923,189.427536,2.26761842,-145.903748,0.104142971,0.218222722
"Continuous asphalt network",3924,189.579361,2.17167258,-145.333511,0.4166441,0.177177623
"Continuous asphalt network",3925,190.442459,2.33429813,-146.665344,0.416614354,0.1813894
"Continuous asphalt network",3926,189.8607,2.304733,-146.411224,0.416628718,0.172419533
"Continuous asphalt network",3927,193.360962,2.24932075,-146.985336,1.66649783,0.241134226
"Continuous asphalt network",3928,194.524536,2.32132244,-147.493591,1.6665951,0.267106533
"Continuous asphalt network",3929,191.455811,2.46285987,-147.5854,0.2083178,0.216383383
"Continuous asphalt network",3930,191.233643,2.52837586,-147.886215,0.05208398,0.16119945
"Continuous asphalt network",3931,191.085815,2.5512476,-148.060349,0.02604234,0.0204835571
"Continuous asphalt network",3932,191.0874,2.535098,-147.9019,0.0260416139,0.229586512
"Continuous asphalt network",3933,191.163315,2.476306,-147.616776,0.104162335,0.216381907
"Continuous asphalt network",3934,192.183029,2.505229,-147.903076,0.20831731,0.159046337
"Continuous asphalt network",3935,191.451,2.53833675,-148.060745,0.1041565,0.04658189
"Continuous asphalt network",3936,191.745117,2.50874114,-147.870926,0.104155041,0.169250339
"Continuous asphalt network",3937,190.3562,2.560568,-147.980347,0.05207785,0.06262629
"Continuous asphalt network",3938,190.208374,2.56930518,-148.1545,0.0260453019,0.07671376
"Continuous asphalt network",3939,190.209961,2.56310678,-147.996033,0.0260465462,0.192353815
"Continuous asphalt network",3940,190.573563,2.56057763,-148.154892,0.104154989,0.07248479
"Continuous asphalt network",3941,189.696121,2.543453,-148.249023,0.104179472,0.09804606
"Continuous asphalt network",3942,189.916672,2.56286263,-148.106628,0.0520844348,0.052523803
"Continuous asphalt network",3943,190.0645,2.563999,-147.9325,0.026044732,0.1527919
"Continuous asphalt network",3944,190.062912,2.570197,-148.090942,0.0260434877,0.103557818
"Continuous asphalt network",3945,190.650253,2.52544117,-147.790543,0.05208233,0.216388032
"Continuous asphalt network",3946,190.794113,2.55192852,-148.012512,0.0520835221,0.139722675
"Continuous asphalt network",3947,190.43129,2.527892,-147.77446,0.104146741,0.217067569
"Continuous asphalt network",3948,190.872421,2.45562649,-147.489731,0.104162186,0.216381535
"Continuous asphalt network",3949,190.941956,2.5290525,-147.838364,0.0260397643,0.216374934
"Continuous asphalt network",3950,190.940369,2.545202,-147.996811,0.02604049,0.07652835
"Continuous asphalt network",3951,190.797287,2.50165081,-147.695618,0.05207725,0.21640344
"Continuous asphalt network",3952,192.191,2.330737,-147.110855,1.66652715,0.236781985
"Continuous asphalt network",3953,186.341263,2.331521,-147.738419,1.66655111,0.04809204
"Continuous asphalt network",3954,187.504837,2.395175,-148.246689,1.666555,0.0669769645
"Continuous asphalt network",3955,184.583176,2.24668336,-148.243561,3.33304381,0.0458162539
"Continuous asphalt network",3956,187.808517,2.3806448,-147.106216,0.416630328,0.009686196
"Continuous asphalt network",3957,187.671036,2.37515664,-146.250473,0.208338365,0.07107276
"Continuous asphalt network",3958,187.958755,2.38443851,-146.694412,0.20832099,0.04523318
"Continuous asphalt network",3959,188.532532,2.421717,-147.740768,0.104151681,0.150565758
"Continuous asphalt network",3960,188.4638,2.37492847,-147.312881,0.0520809069,0.07230995
"Continuous asphalt network",3961,188.607651,2.39463782,-147.534851,0.0520865545,0.191876709
"Continuous asphalt network",3962,188.89534,2.47279716,-147.9788,0.052082926,0.186592117
"Continuous asphalt network",3963,189.0392,2.49777,-148.20079,0.0520879738,0.08975492
"Continuous asphalt network",3964,188.676376,2.45414948,-147.962738,0.104155041,0.0976259559
"Continuous asphalt network",3965,188.022659,2.40509963,-147.597626,0.052078478,0.0440685228
"Continuous asphalt network",3966,188.166519,2.41855979,-147.8196,0.0520762,0.125348568
"Continuous asphalt network",3967,187.803711,2.40076733,-147.581543,0.104160585,0.0511764064
"Continuous asphalt network",3968,188.244827,2.38854766,-147.296814,0.104165666,0.0591788478
"Continuous asphalt network",3969,188.313553,2.40927982,-147.724686,0.05208128,0.135316938
"Continuous asphalt network",3970,188.1697,2.39581966,-147.502716,0.05208356,0.06728444
"Continuous asphalt network",3971,186.9358,2.35219359,-146.725,1.66651285,0.0350815654
"Continuous asphalt network",3972,188.553284,2.30528235,-145.681015,0.208287209,0.144103557
"Continuous asphalt network",3973,188.840988,2.326845,-146.124954,0.208298072,0.123459645
"Continuous asphalt network",3974,187.9683,2.34832931,-145.743759,0.2083234,0.06702496
"Continuous asphalt network",3975,188.2624,2.313217,-145.55394,0.2083234,0.166161254
"Continuous asphalt network",3976,188.9976,2.17949319,-145.079391,0.4166225,0.186072871
"Continuous asphalt network",3977,189.136642,2.27716422,-145.776688,0.104157478,0.1825467
"Continuous asphalt network",3978,189.133469,2.30550981,-146.093582,0.104164138,0.01069185
"Continuous asphalt network",3979,188.847351,2.25723672,-145.4912,0.208310828,0.168744072
"Continuous asphalt network",3980,188.975266,2.3993578,-147.297592,0.833270252,0.106811136
"Continuous asphalt network",3981,188.252853,2.381109,-146.5046,0.208303958,0.0618133657
"Continuous asphalt network",3982,187.965134,2.37182713,-146.060654,0.208321333,0.08280106
"Continuous asphalt network",3983,188.69075,2.35154366,-146.536743,0.416629821,0.07230729
"Continuous asphalt network",3984,197.72113,2.28851867,-149.208176,0.833237946,0.07196759
"Continuous asphalt network",3985,196.9987,2.3438375,-148.415192,0.208316371,0.09331935
"Continuous asphalt network",3986,196.63826,2.35494781,-147.9395,0.02603808,0.302566081
"Continuous asphalt network",3987,196.636673,2.3754046,-148.097916,0.02603787,0.0246284977
"Continuous asphalt network",3988,196.493637,2.32685065,-147.796738,0.05207627,0.3492986
"Continuous asphalt network",3989,196.893188,2.34409618,-148.011047,0.0130198542,0.266026169
"Continuous asphalt network",3990,196.821289,2.33008933,-147.90007,0.0130215371,0.3547914
"Continuous asphalt network",3991,197.002686,2.33608222,-148.019089,0.0260398183,0.126705
"Continuous asphalt network",3992,196.78212,2.36623168,-148.161438,0.0260378886,0.09520369
"Continuous asphalt network",3993,196.747757,2.34733939,-147.947525,0.0130190682,0.2688182
"Continuous asphalt network",3994,196.819687,2.36134624,-148.058517,0.0130173853,0.1313415
"Continuous asphalt network",3995,197.43663,2.305374,-148.447342,0.416617781,0.084755525
"Continuous asphalt network",3996,198.597,2.22201061,-149.272476,1.66654837,0.0809784
"Continuous asphalt network",3997,196.832474,2.343908,-150.4114,1.66650021,0.06246528
"Continuous asphalt network",3998,196.554367,2.37944579,-149.0168,0.416644245,0.0924629048
"Continuous asphalt network",3999,196.415329,2.39924526,-148.3195,0.104150414,0.0951975361
"Continuous asphalt network",4000,196.3466,2.36174488,-147.891647,0.05208135,0.2639305
"Continuous asphalt network",4001,196.490433,2.38907337,-148.113617,0.0520773865,0.135393932
"Continuous asphalt network",4002,196.7046,2.36963177,-148.605,0.208327755,0.09330236
"Continuous asphalt network",4003,197.13295,2.336796,-149.587814,0.833275,0.07648066
"Continuous asphalt network",4004,200.924133,2.099604,-150.289,3.33304334,0.07138036
"Continuous asphalt network",4005,197.996048,2.276632,-150.919662,1.66652715,0.04441157
"Continuous asphalt network",4006,199.172409,2.20301223,-150.160385,1.66655791,0.07424571
"Continuous asphalt network",4007,205.578369,2.08430648,-152.322021,6.66594362,0.077095136
"Continuous asphalt network",4008,202.078125,2.11046886,-151.74791,3.33298588,0.0898782238
"Continuous asphalt network",4009,198.574661,2.26253724,-151.490677,1.666551,0.05683951
"Continuous asphalt network",4010,200.914551,2.13743877,-151.23967,1.66653645,0.07357309
"Continuous asphalt network",4011,193.910828,2.4108355,-150.40831,3.33303356,0.0375158
"Continuous asphalt network",4012,191.577316,2.42875123,-150.025574,3.33303356,0.0363632664
"Continuous asphalt network",4013,195.380432,2.41743875,-149.538437,0.833227336,0.0313397236
"Continuous asphalt network",4014,195.828354,2.42773843,-148.580322,0.208324388,0.0544231
"Continuous asphalt network",4015,196.052322,2.42400718,-148.101257,0.05207723,0.0570552
"Continuous asphalt network",4016,196.200562,2.37418461,-147.887527,0.0520710722,0.326964825
"Continuous asphalt network",4017,196.123245,2.42173934,-148.311279,0.104140647,0.05973938
"Continuous asphalt network",4018,195.970169,2.41505837,-149.000351,0.416638762,0.0311487447
"Continuous asphalt network",4019,195.664139,2.388938,-150.378479,1.66644967,0.03475925
"Continuous asphalt network",4020,193.9236,2.454178,-149.140762,1.66651976,0.0305361636
"Continuous asphalt network",4021,195.09993,2.44807649,-148.381485,0.41662693,0.03495969
"Continuous asphalt network",4022,195.761414,2.42439485,-147.974228,0.02603516,0.288567781
"Continuous asphalt network",4023,195.759827,2.44408631,-148.132645,0.0260360129,0.03214433
"Continuous asphalt network",4024,195.615555,2.42349267,-147.9503,0.0520786047,0.173674375
"Continuous asphalt network",4025,196.055527,2.36254978,-147.784378,0.0520721748,0.353598267
"Continuous asphalt network",4026,195.906479,2.4339788,-148.077332,0.026043212,0.138079271
"Continuous asphalt network",4027,195.908066,2.41428733,-147.9189,0.0260423571,0.273518264
"Continuous asphalt network",4028,195.538254,2.43835044,-148.374039,0.208338663,0.00968992151
"Continuous asphalt network",4029,194.800247,2.439845,-149.12587,0.833231151,0.034448687
"Continuous asphalt network",4030,187.490479,2.34475923,-149.672668,1.666577,0.0528360754
"Continuous asphalt network",4031,188.66362,2.425823,-149.23027,1.6665256,0.08440555
"Continuous asphalt network",4032,184.5736,2.2292738,-149.194229,1.66658413,0.0467003733
"Continuous asphalt network",4033,187.500046,2.387882,-148.722,0.833229244,0.09226898
"Continuous asphalt network",4034,186.3269,2.30681825,-149.164413,0.8333028,0.0511258766
"Continuous asphalt network",4035,192.176682,2.50354552,-148.53685,0.8332452,0.04879738
"Continuous asphalt network",4036,190.716614,2.53558326,-148.4561,0.20833464,0.07673629
"Continuous asphalt network",4037,189.840759,2.53921914,-148.391785,0.104160585,0.08773894
"Continuous asphalt network",4038,190.425735,2.55154824,-148.329025,0.104155108,0.07674001
"Continuous asphalt network",4039,191.5949,2.52765179,-148.28273,0.4166621,0.07701877
"Continuous asphalt network",4040,194.079819,2.480951,-148.134827,0.104142517,0.0273357853
"Continuous asphalt network",4041,194.446426,2.45830631,-147.996567,0.02604073,0.2538911
"Continuous asphalt network",4042,194.444839,2.474716,-148.155014,0.0260340162,0.04151359
"Continuous asphalt network",4043,194.3006,2.459967,-147.972641,0.0520752259,0.153477728
"Continuous asphalt network",4044,193.350586,2.49594665,-148.015213,0.104159094,0.08863402
"Continuous asphalt network",4045,194.082214,2.45842576,-147.897156,0.0521027073,0.292250842
"Continuous asphalt network",4046,193.788925,2.48291183,-148.007767,0.0520832278,0.07730142
"Continuous asphalt network",4047,195.39801,2.38390183,-147.795563,0.2083212,0.370635331
"Continuous asphalt network",4048,194.958069,2.441727,-147.961456,0.104157865,0.136897162
"Continuous asphalt network",4049,194.591476,2.469011,-148.099716,0.0260357931,0.0859922
"Continuous asphalt network",4050,194.593063,2.45260143,-147.941269,0.0260425061,0.241940379
"Continuous asphalt network",4051,194.7373,2.464647,-148.123642,0.05207403,0.01771678
"Continuous asphalt network",4052,193.3466,2.48845887,-148.411316,0.8332599,0.0518
"Continuous asphalt network",4053,190.416946,2.46308112,-149.200439,3.33300686,0.0579099841
"Continuous asphalt network",4054,-61.3732872,-5.178168,-20.3226566,26.6657352,0.0172524266
"Continuous asphalt network",4055,164.97139,1.50122416,-135.329788,15.4905586,0.05043886
"Continuous asphalt network",4056,166.4648,1.64691508,-138.740051,15.4905939,0.04326398
"Continuous asphalt network",4057,160.4856,1.32854426,-134.306412,30.9811382,0.0377224758
"Continuous asphalt network",4058,148.151031,0.893815041,-129.1903,30.9811745,0.03177736
"Continuous asphalt network",4059,157.122635,1.17104876,-131.237045,30.9811745,0.0320306
"Continuous asphalt network",4060,132.453537,0.346469,-121.0048,30.9810982,0.0302959718
"Continuous asphalt network",4061,117.129364,-0.163769022,-113.671875,15.4905,0.0296687838
"Continuous asphalt network",4062,126.847664,0.146164954,-117.423744,15.4905,0.0301519446
"Continuous asphalt network",4063,141.798462,0.6384701,-123.904114,30.981142,0.03035203
"Continuous asphalt network",4064,156.002563,1.09741747,-128.679367,15.4905472,0.03204512
"Continuous asphalt network",4065,147.03096,0.8201838,-126.632607,15.4905472,0.031792365
"Continuous asphalt network",4066,-54.692318,-5.04817533,-23.59583,24.7203255,0.0163739137
"Continuous asphalt network",4067,105.109322,-0.483482927,-103.98069,21.3335915,0.0115217743
"Continuous asphalt network",4068,375.497955,0.355456442,-5.92190552,64.52587,0.000443207158
"Continuous asphalt network",4069,384.47348,0.358557135,10.3500671,32.2632027,0.000920814229
"Continuous asphalt network",4070,379.935455,0.356473684,-1.07225549,32.2632446,0.0008561286
"Continuous asphalt network",4071,384.574,0.36059165,16.9227543,64.5267258,0.000498018635
"Continuous asphalt network",4072,375.598541,0.354439169,0.650767,32.2635841,1.580357E-05
"Continuous asphalt network",4073,380.1365,0.357490927,12.0731049,32.2637177,0.000496843364
