x,z,grade,area_m2
-88.7514648,-247.057373,0.0411958843,6.13646173
-89.45756,-243.186844,0.03511088,3.06834435
-88.38053,-245.228073,0.0383307263,3.0683074
-86.68124,-249.7148,0.0394752361,12.2729349
-92.02131,-244.342163,0.08333716,0.383513927
-92.47601,-244.746521,0.06205228,0.38351962
-92.29056,-243.831863,0.0218605828,0.7670181
-90.80074,-244.756226,0.0411404073,0.7670217
-91.74157,-245.0306,0.0411937945,0.1917617
-92.2172241,-245.07872,0.0763653,0.1917737
-91.5247,-244.650284,0.0411195867,0.38352263
-93.67562,-244.688736,0.0494774878,3.06816936
-90.90549,-242.975021,0.0196047816,6.136426
-90.67504,-246.893631,0.041140344,0.767056644
-91.6158752,-247.168045,0.0411415063,0.191761866
-92.09153,-247.216187,0.06278295,0.191769063
-91.39901,-246.78772,0.0411384553,0.3835343
-90.2412949,-246.133057,0.0411394164,1.53410625
-90.11559,-248.270508,0.04113893,1.534091
-91.33615,-247.856445,0.04113729,0.383530021
-92.07058,-247.572388,0.06278277,0.19174619
-91.59492,-247.524246,0.04113819,0.191739
-90.63314,-247.60614,0.0411376767,0.7670773
-93.09524,-246.421814,0.08257507,1.53414476
-94.08844,-245.805588,0.04520157,1.53415871
-91.46185,-245.719009,0.0411388725,0.383527428
-92.19628,-245.434982,0.07633787,0.191787273
-91.72062,-245.386841,0.0411366448,0.191775277
-90.75884,-245.468689,0.04113977,0.767018437
-92.1334457,-246.503677,0.0694341362,0.191773653
-91.6577759,-246.455551,0.04113687,0.191770047
-92.35032,-246.883987,0.0693251342,0.3835289
-92.41317,-245.815262,0.07584508,0.383532017
-91.6787338,-246.099319,0.04114097,0.191748828
-92.1543961,-246.147461,0.0694352537,0.191752419
-104.029381,-258.718781,0.0593389347,16.3117123
-100.259743,-252.7865,0.0647150651,2.039012
-99.09022,-250.7657,0.0596264936,1.019452
-99.52181,-252.2863,0.059860073,1.01945508
-97.18274,-248.244736,0.0416661,2.038972
-98.7838745,-251.786087,0.102078,1.0195719
-98.35227,-250.2655,0.03962168,1.01950681
-101.599792,-256.4579,0.0662142038,8.155881
-172.384766,-197.8761,0.00169272511,31.008152
-180.091843,-194.6665,0.0148418145,15.5040541
-174.798523,-194.41217,0.0235234,3.87594485
-172.17305,-194.611465,0.0264483858,3.875913
-176.195938,-195.618362,0.014902588,7.752064
-190.255,-188.645935,0.0184866581,31.00783
-183.797165,-190.776474,0.0208109841,7.75199652
-181.214035,-191.628677,0.0176084749,7.75191355
-176.005417,-192.680222,0.0207164455,3.87608671
-172.109543,-193.63208,0.02644715,1.93806052
-174.735,-193.4328,0.0235221628,1.9380765
-179.9648,-192.707718,0.0206699222,7.752147
-186.397949,-186.184769,0.0258792173,13.9484177
-192.660828,-181.118729,0.0302828941,6.97405958
-188.089157,-183.82692,0.02290082,6.9740715
-177.9516,-190.17131,0.0210737623,3.48701215
-181.083023,-187.63826,0.0256622043,1.7434932
-178.797226,-188.992371,0.01927145,1.74352086
-174.225571,-191.700562,0.022855483,1.74347985
-171.939743,-193.054672,0.0316265039,1.74351883
-175.665771,-191.525391,0.0217977,3.48701882
-182.820557,-187.964981,0.02469527,6.974144
-179.540466,-190.24707,0.0180623084,3.4870348
-182.123611,-189.394852,0.0245869216,3.48705983
-194.547012,-181.6964,0.0295089521,13.9483252
-197.724777,-181.847946,0.0148601588,13.9484215
-189.575729,-186.336349,0.0206314623,13.9482927
-196.330872,-184.7077,0.02544461,6.9740963
-193.153122,-184.556152,0.02883035,6.97412348
-80.7127762,-224.174973,0.01507809,35.6558838
-60.38767,-193.225174,0.00966981,24.2557526
-76.11817,-217.158218,0.0110243866,51.9286537
-66.3073044,-205.400192,0.009974689,25.9641552
-71.41303,-213.871689,0.0127040064,25.96413
-79.45236,-228.131149,0.0151646845,32.9326134
-88.2619,-62.2821846,0.106101111,34.8701172
-91.92043,-70.98201,0.08912574,17.4348011
-91.227,-65.09701,0.104911432,17.4348869
-96.0602,-78.17865,0.0740721747,8.717547
-97.4755,-81.80891,0.07518567,2.17938828
-98.39014,-83.9838638,0.106071696,1.089663
-98.21679,-82.51261,0.07231483,1.08969069
-97.5427551,-79.58606,0.07248445,4.358803
-100.079681,-85.7511,0.101323836,0.5448552
-99.42507,-85.78302,0.122524448,0.5448696
-100.166351,-86.4867249,0.129547253,1.0897001
-100.787315,-87.5662155,0.124017492,2.17942357
-102.115929,-90.46082,0.124021709,1.08971226
-103.194206,-92.6278,0.09484851,0.544849753
-102.693565,-91.17251,0.124025725,0.544847667
-101.5286,-88.2699051,0.124020539,2.17941761
-100.151794,-84.26786,0.07453785,1.08971834
-99.4202042,-85.0434,0.122516222,0.5448681
-100.074829,-85.0114746,0.142378,0.5448486
-99.52598,-82.44875,0.0727534,1.08967125
-99.16988,-84.31576,0.0954236239,0.5448443
-99.57416,-83.5561752,0.0884028,0.5448429
-98.52466,-79.53817,0.07332813,2.179433
-98.7077255,-82.48867,0.0723158047,0.544844866
-98.88108,-83.95992,0.10607335,0.544831
-98.94834,-81.73707,0.0735083,1.08970523
-95.54014,-73.7649,0.08715764,17.4349365
-93.19079,-65.00124,0.104533054,8.717582
-93.88422,-70.88625,0.08866411,8.71754
-105.995644,-95.4506,0.09191537,8.717452
-107.203941,-98.72101,0.08189235,1.08965957
-107.49762,-99.8164444,0.0491629578,0.544831336
-107.738228,-99.06488,0.08873737,0.5448426
-108.325562,-101.255791,0.0157298446,1.08965862
-108.272522,-99.40875,0.09638307,0.5448426
-108.0319,-100.160339,0.04627017,0.544835448
-107.478188,-96.85801,0.0916324556,4.358703
-110.308777,-104.118492,0.0141812647,4.358793
-112.465355,-108.452454,0.0225337781,2.17935324
-111.464027,-105.541862,0.0126290051,2.17936063
-109.885071,-101.919594,0.0204483345,2.17938471
-109.4614,-99.7207,0.0753440857,1.08967781
-109.307457,-101.207909,0.0311881043,1.0896703
-108.460083,-96.81012,0.087889,2.179418
-108.64315,-99.76061,0.07413397,0.5448371
-108.816505,-101.23185,0.03118935,0.5448253
-108.883766,-99.00901,0.07620502,1.08971274
-115.276512,-112.754463,0.02806391,4.35867548
-117.433067,-117.088417,0.00788919,2.17934537
-116.43174,-114.177826,0.0242423676,2.17936444
-120.744873,-122.845726,0.0064599053,4.358599
-118.751961,-118.503807,0.008781461,2.17931676
-116.9227,-114.153893,0.0242423583,1.08974648
-117.924011,-117.064476,0.007889524,1.08973694
-114.43882,-109.8359,0.0230581276,4.35869
-113.110229,-106.941284,0.0409197658,4.358555
-111.11245,-101.859741,0.03685641,1.08968532
-110.27964,-99.68079,0.0759531,0.544804931
-110.616638,-101.144066,0.03685859,0.5448087
-108.951042,-96.78619,0.08788483,1.08965909
-109.702026,-98.96912,0.0773930848,0.5448292
-110.371178,-101.156029,0.0368526168,0.2724343
-110.034172,-99.69276,0.07594742,0.272432417
-111.617973,-104.054649,0.0321832038,2.179394
-112.619293,-106.96524,0.0377656631,2.179398
-106.135033,-91.744545,0.116424531,4.358726
-105.490135,-93.2557,0.09476707,4.358703
-104.967644,-88.4721451,0.0545372181,1.08965492
-104.6452,-89.22772,0.125251353,1.089664
-104.137245,-86.66302,0.05562342,1.0896827
-103.985748,-88.52004,0.125769258,0.5448678
-104.308189,-87.7644653,0.06642203,0.5448423
-104.166382,-91.1007,0.124013647,1.08969581
-104.176086,-92.57993,0.09483508,1.08969617
-104.816124,-90.32916,0.117356807,2.17938256
-101.817055,-82.3370361,0.0679762959,8.717367
-102.669273,-87.4744339,0.128093928,2.17933321
-102.98687,-85.97925,0.0589001477,2.17933369
-103.343269,-90.40096,0.124018312,1.08969355
-103.685143,-92.60386,0.09484409,0.544864953
-103.675423,-91.1246262,0.124020495,0.5448648
-103.656013,-88.1661758,0.105736241,0.5448255
-103.6463,-86.68695,0.04738753,0.5448328
-103.33358,-88.9217453,0.124019317,1.08968639
-97.83124,-73.6531754,0.0868932,8.71744
-94.17269,-64.95336,0.104533836,4.35885763
-96.1753159,-70.77452,0.08762557,4.358828
-99.50656,-79.49029,0.07402954,8.717486
-101.682556,-86.78271,0.103915766,2.17934537
-102.770531,-90.428894,0.124010958,0.544803441
-103.439667,-92.61584,0.0948085859,0.2723861
-103.102661,-91.15255,0.123997018,0.272384882
-102.34684,-88.23,0.115784012,1.08959341
-100.835175,-82.38492,0.06721805,4.35870934
-128.350418,-134.312454,0.0190914683,34.86981
-135.975357,-148.737671,0.0333700255,8.717699
-140.615784,-157.389587,0.0312128812,4.3588357
-137.958572,-151.600357,0.03406945,4.358829
-132.316833,-140.037857,0.02912033,17.4353714
-147.5667,-168.888245,0.008923454,17.43522
-157.17485,-186.176147,0.0114327231,8.717415
-153.4442,-178.959549,0.0104361633,2.17935419
-151.369492,-174.621628,0.0250544548,1.08958566
-152.534424,-177.524216,0.0218519177,1.08960068
-149.131088,-170.291687,0.03619299,1.08968377
-147.638824,-167.405045,0.09619359,1.08956432
-150.377884,-173.190262,0.03946901,1.089672
-152.288956,-177.536179,0.01089754,0.5448435
-151.124023,-174.633591,0.0130242975,0.544836
-141.924973,-157.325729,0.01266074,17.4352512
-133.298721,-139.98996,0.029120205,8.717277
-137.284561,-148.673813,0.03332533,4.35863
-139.941757,-154.463028,0.0863493457,4.358474
-124.85553,-125.604675,0.0180995148,17.4348488
-121.779457,-118.356171,0.0101913363,4.358674
-119.868378,-114.010254,0.0248228479,2.17934775
-120.706055,-116.92881,0.0103563806,2.17932415
-122.708672,-122.749962,0.00349696167,8.717319
-116.556557,-108.25293,0.017239945,8.717377
-113.526283,-101.742043,0.0368543081,1.08970129
-112.57074,-99.5690842,0.07868436,0.544882834
-112.989563,-101.028358,0.0368513651,0.544885457
-111.078491,-96.68244,0.088328436,1.08970714
-111.952209,-98.8594,0.0802413449,0.5448553
-112.74408,-101.040337,0.0368515961,0.272412866
-112.325256,-99.5810547,0.07868633,0.272411585
-114.737007,-105.382263,0.03888325,4.35876465
-117.976707,-112.62278,0.0248233043,4.358704
-119.396858,-116.992645,0.0101797888,2.179392
-118.886482,-114.058128,0.0248233024,2.17938519
-121.726784,-122.797844,0.00349662337,4.358702
-120.4703,-118.420021,0.0100120679,2.17934322
-119.377441,-114.034187,0.0248238519,1.08968091
-119.887817,-116.968712,0.0101803485,1.08968437
-108.908745,-93.45892,0.0683040842,1.08968127
-108.676453,-92.360466,0.05000729,0.544842064
-108.39492,-93.11405,0.09514999,0.544845045
-107.930305,-90.91714,0.0524479225,1.08969367
-107.881081,-92.76917,0.09045588,0.5448677
-108.162621,-92.01559,0.06681228,0.544849038
-106.438049,-88.0304947,0.0556227639,2.1793716
-107.066307,-90.21942,0.07096011,1.08967853
-107.530891,-92.41632,0.09744811,0.544834435
-107.439362,-90.94108,0.0659814,0.544830739
-103.453552,-82.25723,0.0677662641,4.35876036
-105.200989,-86.61112,0.0556217432,2.17938828
-106.784767,-90.973,0.072982274,1.089651
-105.947113,-88.05444,0.0556229055,1.08965468
-98.9767761,-73.59732,0.08641384,4.35872269
-94.66364,-64.92942,0.104533851,2.17935967
-97.32086,-70.71866,0.08710525,2.17934823
-101.470337,-79.39454,0.06822507,4.358722
-104.628204,-86.63906,0.0556234457,1.08971119
-106.5393,-90.9849854,0.07298141,0.5448854
-105.374336,-88.0823746,0.0556197129,0.544883668
-102.962593,-82.28118,0.0677669644,2.179407
-109.10498,-95.29897,0.08870374,4.358776
-110.438438,-98.9332047,0.07829103,1.08970273
-111.271248,-101.112144,0.03684983,0.5449095
-110.934242,-99.64887,0.07716049,0.5449023
-110.096588,-96.7303162,0.08832861,2.17938828
-113.427818,-105.446083,0.0372034051,4.3587985
-112.176186,-101.807869,0.0368539542,1.08969057
-111.588844,-99.61697,0.07777425,0.544847846
-111.762207,-101.088219,0.03685712,0.5448462
-110.587547,-96.70638,0.08832755,1.0896883
-111.093056,-98.9012756,0.0788904354,0.5448425
-111.516731,-101.100182,0.03685453,0.272394866
-111.343384,-99.62893,0.0777749643,0.2723957
-116.749336,-112.682625,0.02567348,2.17938876
-118.578613,-117.032555,0.009771677,1.089666
-117.5773,-114.121971,0.0248238649,1.08966279
-121.235832,-122.821785,0.00255887047,2.179544
-119.48838,-118.467896,0.008713359,1.0897758
-117.822777,-114.109993,0.0248238649,0.5448314
-118.824074,-117.020576,0.009771677,0.544833
-115.247368,-108.316772,0.0156530421,4.3587513
-112.789856,-101.777946,0.0368582569,0.5448191
-111.997963,-99.59701,0.07807713,0.272416025
-112.416786,-101.056282,0.0368552841,0.272412479
-110.833008,-96.6944046,0.0883310959,0.5448304
-111.583992,-98.87734,0.07979307,0.2724156
-112.294067,-101.062279,0.0368577167,0.136196688
-111.875221,-99.60299,0.07807955,0.136198461
-113.918762,-105.42215,0.0372079574,2.17927527
-135.134537,-139.086792,0.0513671525,17.03559
-141.857834,-150.189743,0.0523261167,4.258855
-146.091309,-157.11058,0.105437189,2.12925887
-144.599045,-154.223953,0.05230333,2.12941623
-140.616974,-147.155228,0.0511928573,8.517765
-131.152466,-132.018082,0.01855019,8.517783
-130.16304,-128.835678,0.0159937646,8.517772
-135.142639,-137.19986,0.04537029,4.25885057
-137.883865,-141.23407,0.04524752,2.1294024
-136.3916,-138.347427,0.0468432941,2.12939572
-132.660965,-131.130844,0.0221951772,4.258812
-133.650391,-134.313232,0.04619904,4.258848
-152.571289,-166.474442,0.07820106,17.0352974
-162.781937,-183.054886,0.04405517,8.517657
-156.310059,-171.804123,0.0440122522,8.517651
-143.366318,-149.30249,0.05282825,8.517689
-137.020157,-137.977737,0.05373864,2.129514
-133.038086,-130.909012,0.0596654825,1.06474113
-134.530334,-133.79567,0.05566807,1.06476963
-137.640564,-139.495,0.0157759674,2.12948
-139.132828,-142.381638,0.0528297871,2.12942052
-144.607162,-152.337,0.0386256278,8.517762
-147.591675,-158.11026,0.07820095,8.517644
-114.984962,-101.060638,0.039016407,1.064744
-113.614349,-99.04354,0.0883252844,0.532374263
-114.360474,-100.486855,0.06807527,0.5323791
-111.619263,-96.4526443,0.08833468,1.06472778
-113.300079,-99.2283859,0.08832754,0.266151071
-114.171913,-100.597755,0.06808066,0.266150117
-112.989868,-98.46976,0.08833327,0.532361448
-116.97599,-104.594994,0.0414105654,4.25892544
-111.250267,-94.78751,0.0477720946,4.25890875
-113.492714,-98.174,0.07507392,1.06473136
-114.863319,-100.191109,0.06996453,0.53235203
-114.117195,-98.7477951,0.08470626,0.532353
-112.499237,-95.93509,0.06205934,2.12949347
-122.207008,-112.8113,0.0147506194,4.25871134
-125.694374,-118.288841,0.04034209,4.25884342
-117.60453,-104.225342,0.03449349,2.12935114
-114.368614,-98.5999146,0.0445930474,2.12934947
-118.971092,-107.18589,0.02163768,4.258708
-102.791412,-79.0589,0.06831448,4.258787
-107.896729,-87.34911,0.05108231,2.12954164
-104.660789,-81.72372,0.0685369447,2.12954164
-98.1889343,-70.47291,0.08768585,2.12949824
-94.953,-64.847496,0.104513243,2.12949872
-99.55548,-73.4334946,0.0868262053,4.25880861
-107.519615,-87.57092,0.05108214,4.25875
-104.032257,-82.09341,0.06838278,4.25872755
-108.76046,-90.60543,0.05112897,8.517806
-121.201355,-113.402771,0.0145236785,8.517937
-125.191551,-118.584557,0.024562221,8.517504
-115.475609,-103.595314,0.0392128378,2.1294322
-117.4707,-106.186195,0.0285317488,2.129574
-112.612755,-98.69157,0.08734284,0.532350063
-114.0462,-100.6717,0.0509964451,0.2662071
-113.174377,-99.3023148,0.07554241,0.266208053
-111.367851,-96.6005249,0.08832141,1.0647049
-114.230713,-101.504272,0.03685476,1.06471658
-112.860107,-99.48716,0.06295259,0.532327235
-113.606232,-100.930481,0.03685968,0.532334447
-118.711525,-109.2207,0.0199498143,4.258945
-116.716438,-106.629822,0.03214629,4.258807
-125.678123,-122.062706,0.0126101421,34.0709343
-148.812241,-165.862122,0.03519646,2.12940478
-147.311844,-164.862411,0.009203369,2.12944126
-150.057129,-167.953171,0.03624423,4.258753
-147.8228,-162.679733,0.06762678,2.12945247
-146.817123,-163.271225,0.0291004833,2.12943554
-148.820358,-163.975174,0.06526411,4.25887251
-154.0473,-173.134933,0.0312300213,8.517822
-151.314209,-167.213791,0.07352679,2.12948346
-149.82196,-164.327148,0.07228752,2.129505
-151.5575,-168.952866,0.0362433121,4.25888443
-162.027679,-183.49852,0.0440538861,17.0356121
-154.30687,-171.100143,0.04240207,2.129472
-156.301956,-173.69104,0.009253454,2.12933969
-151.070938,-165.474731,0.107767209,2.129422
-152.563187,-168.361374,0.0431486852,2.129465
-156.545227,-175.4301,0.0441559665,8.517819
-139.108475,-148.042435,0.04026897,8.517616
-143.844788,-154.667557,0.05234366,2.12944818
-145.83989,-157.258453,0.0172891952,2.1295495
-141.35498,-150.485474,0.05232728,4.25890636
-134.12886,-139.678268,0.04056253,17.03527
-145.085632,-157.702042,0.0523983724,8.51776
-146.45015,-161.134354,0.0621596165,1.06471717
-146.194672,-162.2257,0.0285202526,1.06470287
-147.328079,-161.088547,0.0683821,2.12947083
-145.077469,-159.588989,0.06215715,2.12944937
-145.444458,-161.725845,0.0285177529,1.06474316
-145.699936,-160.6345,0.0621576235,1.06475759
-141.590149,-154.111435,0.06109501,17.0353432
-163.009,-188.567825,0.0154477963,8.517722
-166.009766,-190.567245,0.0009515553,8.517781
-160.02446,-182.794556,0.0381684266,8.51779652
-161.0139,-185.976929,0.0184920356,8.517716
-165.993515,-194.34111,0.004092938,17.0354481
-162.992752,-192.341721,0.0103336349,17.0354214
-154.039169,-175.021866,0.03584209,8.517537
-155.275955,-178.999863,0.0165396444,2.129439
-156.281631,-178.408371,0.0439711921,2.12940836
-154.278427,-177.704391,0.0292401649,4.258903
-150.049011,-169.8401,0.0362438038,4.258798
-147.307785,-165.805878,0.0252368487,2.129563
-148.800049,-168.69252,0.03016203,2.12958241
-152.035965,-174.317932,0.0313028954,8.517582
-159.497269,-188.7511,0.009855365,17.03583
-158.013123,-183.977539,0.0107896738,8.51763248
-156.776321,-179.999557,0.0455298871,2.12940836
-155.770676,-180.591064,0.0155287152,2.129439
-157.77388,-181.295,0.0291161668,4.258886
-110.6885,-34.8700562,0.229606524,7.03771973
-111.883644,-37.2700081,0.2352771,7.037815
-112.701721,-32.36992,0.2031298,1.75943446
-113.18763,-33.99989,0.2331698,0.8797456
-113.411011,-33.1398735,0.21117799,0.8796963
-113.447266,-31.2498627,0.192952543,3.51893783
-111.135231,-33.15002,0.232000053,7.03774166
-69.87612,-31.47908,0.08372931,9.579051
-66.0994339,-27.2536259,0.06760236,4.78953743
-67.9190445,-30.4167328,0.08367263,4.789509
-72.46809,-38.32449,0.1015251,9.579009
-71.69573,-34.6421852,0.09023002,9.579075
-67.28414,-24.6336823,0.06802365,19.1579781
-70.53721,-29.1187286,0.08733614,9.579051
-69.7648544,-25.4364376,0.07180228,9.579027
-214.048111,32.5024147,0.0268637128,1.93658757
-216.975815,32.1329231,0.045609545,1.93656027
-212.657333,33.2658958,0.0053105345,3.87297964
-208.375412,34.68822,0,7.74607372
-216.097839,31.06781,0.009812184,1.93652213
-217.6347,31.4618073,0.0777064,1.93649757
-213.938583,31.6342983,0,3.87308741
-218.952469,30.1195831,0.06512104,3.873012
-217.4156,29.7255859,0.0133438278,3.87304831
-225.510864,28.75556,0.08336545,1.67794883
-227.092239,28.3241825,0.04567052,0.419507027
-227.116714,28.9070072,0.111837253,0.419507027
-226.447449,28.2053223,0.0524484329,0.838984549
-223.564285,28.1075344,0.04672932,3.35605216
-230.595749,27.9580383,0.126039341,0.8389981
-228.989914,27.80658,0.117665187,0.209731281
-228.025757,27.7011166,0.07799556,0.104872949
-228.664444,27.6742954,0.107332781,0.104872875
-229.944824,27.6934757,0.117567614,0.4194431
-232.50563,27.7318211,0.12463247,1.67798364
-229.014359,28.389389,0.134945452,0.419502318
-228.034927,27.9196777,0.101759359,0.209757924
-228.679733,28.03855,0.126379117,0.209758073
-229.975449,28.4219818,0.1349464,0.8390035
-227.749268,28.7344761,0.129561558,0.419486731
-227.7248,28.1516514,0.07221015,0.419486731
-228.394043,28.8533421,0.135140628,0.8389802
-221.0586,29.3805237,0.0515742451,6.711938
-223.637741,29.8559971,0.07120726,6.71183872
-270.4265,-32.92343,0.00383344223,22.5296574
-279.731934,-44.8613777,0.007098628,5.63234043
-284.432831,-50.6231956,0.0165037774,5.63233376
-277.574341,-41.1518555,0.00693750242,11.2647381
-266.111359,-25.5044041,0.01891306,45.0601044
-252.731934,-5.111689,0.0290363636,1.40808141
-250.284988,-2.64507556,0.0494140871,1.40806246
-253.858948,-6.759308,0.0375286378,2.816297
-257.336426,-11.2878113,0.0219251066,1.408058
-259.6869,-14.1687059,0.023959225,1.40806353
-256.25766,-9.433064,0.0371148661,2.81625652
-250.429688,-2.02362061,0.06313751,2.81629372
-252.876587,-4.49023438,0.042976,2.81633162
-249.399124,0.038274128,0.0642310753,5.632399
-244.987549,7.042994,0.0163070541,2.81620884
-242.733521,10.3382158,0.04907884,2.816125
-239.4007,15.4881744,0.04539229,1.40811515
-236.607285,19.7107754,0.192713231,0.704051256
-237.686081,17.8560123,0.0445760265,0.704058647
-240.431274,13.42627,0.04666104,2.81612253
-245.921677,4.56678772,0.0622778274,11.2648544
-258.270538,-13.7640123,0.0175810363,5.63258648
-255.92009,-10.8831177,0.03759579,5.6324296
-252.4908,-6.14744568,0.04332234,2.81621647
-250.140335,-3.26652026,0.06502248,2.81619072
-253.473145,-8.416509,0.03791053,5.63247967
-259.059967,-16.8616848,0.0170007087,22.5300541
-279.0568,-47.7614937,0.00719881849,11.2648573
-284.143524,-51.8661041,0.0176319741,11.2646923
-276.899231,-44.0519753,0.00720562832,22.5299377
-267.690277,-31.6997318,0.00151998654,22.5294952
-272.0054,-39.1187553,0.00210819836,22.52993
-283.564819,-54.3519135,0.0175271854,22.52976
-278.478119,-50.247303,0.00711099943,22.53009
-285.3366,-59.7186279,0.0176384784,45.05946
-320.434143,-38.7312469,0.0160754975,4.237969
-327.163666,-31.6352444,0.0152305905,57.4539642
-341.932465,6.37171936,0.0218904875,11.2541294
-339.517548,1.62674963,0.0380352549,5.62705564
-341.318817,3.09479785,0.0222503524,5.627101
-344.777863,7.302358,0.0189924315,22.5082283
-346.439423,11.1391649,0.0223100111,21.583807
-322.776642,-34.8186226,0.0160200987,44.0958939
-311.5054,-44.663784,0.0157433636,36.0637665
-277.982574,-13.54633,0.020986164,10.5594149
-276.473,-9.730449,0.0186309088,10.5593176
-284.190918,-21.4674587,0.01769406,10.5594082
-280.4414,-14.3212938,0.0229024012,2.63971877
-278.444946,-10.8291273,0.0136525743,2.63973379
-280.9528,-16.3910828,0.02141116,5.2797246
-291.641,-30.9727879,0.020931704,10.5593748
-298.847626,-40.6399956,0.0140023669,5.27953339
-294.3678,-33.9793968,0.0195837058,5.27953863
-285.408142,-20.6581936,0.0195571464,5.27970552
-281.050018,-13.9166613,0.0229013059,1.31998694
-278.8101,-10.5863495,0.0136512863,1.31999242
-281.9265,-15.7436676,0.0229025371,2.63984442
-287.161163,-24.3121948,0.0170445573,10.5593853
-264.762054,8.990829,0.0440265,10.5594606
-270.72702,0.907867432,0.0464065149,2.63975716
-273.709442,-3.13362622,0.0361810327,0.659920156
-275.511078,-5.5504303,0.02496941,0.329930663
-274.391144,-3.88528943,0.0429444872,0.329934359
-272.090363,-0.595433533,0.0422760919,1.3198328
-267.488861,5.984243,0.0312078856,5.27954769
-256.666718,21.681778,0.0612320863,1.31996524
-258.407471,19.2245178,0.04791673,0.6599792
-257.409271,20.9705963,0.05978073,0.65997833
-260.890839,16.056076,0.0733664855,1.31981254
-258.151825,20.2594147,0.149028584,0.6599498
-259.150024,18.5133362,0.04209668,0.6598993
-253.550247,26.8390961,0.08395655,0.659869969
-255.351913,24.4222927,0.04553943,0.330011517
-254.231934,26.0874386,0.0288739633,0.3300092
-251.6816,29.813818,0.06342336,0.164988235
-252.302444,29.021698,0.18195419,0.164979666
-250.87207,31.0828953,0.0525151566,0.329982519
-252.4303,28.5042477,0.09813233,0.659883857
-255.047653,24.2199764,0.0577809326,2.63995647
-261.5239,14.06721,0.0715135261,5.27971363
-258.042328,18.9817352,0.0471675657,2.63990951
-259.9171,15.4086657,0.0499177836,0.6599761
-260.9153,13.6625824,0.0716794655,0.6599688
-259.6614,16.443552,0.05332236,1.31998074
-272.857422,-3.70009351,0.0313792266,2.63985062
-275.206818,-5.75273132,0.0249696523,1.319852
-273.965118,-4.168508,0.04087368,1.31986868
-271.238373,-1.161911,0.04411013,5.27963066
-273.989624,-6.561991,0.0260869935,10.5593252
-267.513336,3.59075427,0.0327197537,5.27980328
-264.031738,8.505275,0.0347700939,2.63971519
-266.0282,5.01313257,0.0448978022,2.63970947
-270.021118,-1.97118127,0.0434903279,2.639907
-272.0176,-5.46333838,0.0189186111,2.63989186
-269.5098,0.09860738,0.0434516072,5.279788
-297.6304,-41.44926,0.01403417,21.1187267
-292.663727,-35.1123543,0.0178282429,21.1187115
-298.1663,-45.91254,0.0139498105,42.2370567
-285.213654,-25.60702,0.0178035889,21.1185017
-278.2505,-15.7779541,0.020817047,10.5589285
-282.243439,-22.7622681,0.0170155913,10.5589733
-290.22934,-36.7309074,0.0138828419,10.5595675
-294.2223,-43.71522,0.0137969889,10.5595522
-289.206635,-32.5913239,0.0183087233,21.1186428
-293.8759,-6.090042,0,41.58083
-304.869843,-20.7471466,0.05271314,0.649686038
-303.685883,-19.7530766,0.0287007242,0.324842662
-304.313019,-20.5235138,0.0516575053,0.324842721
-305.688934,-21.9835968,0.0534093,1.299422
-304.294,-19.3490849,0.0160237178,2.5988822
-308.19754,-25.0653534,0.06405633,2.59883022
-306.2971,-21.57958,0.05340736,0.649790466
-305.094116,-19.4110775,0.08048296,0.324846357
-305.478,-20.3431187,0.03948646,0.324885517
-306.559357,-22.592432,0.0534072444,1.29943085
-311.9603,-29.6879826,0.0326663852,2.59874845
-315.601532,-34.3913841,0.0309892651,1.29940856
-313.3362,-31.14804,0.03767333,1.2994132
-308.805634,-24.6613369,0.06992655,1.29932511
-306.601166,-21.3775787,0.0534135252,0.3247776
-305.468475,-19.75591,0.0312512629,0.3247827
-307.045868,-22.2692051,0.05341021,0.6496778
-309.695038,-26.4446316,0.06088321,2.59872079
-299.3795,-11.9303389,0,20.79099
-281.25705,14.0164795,0.00612210343,20.7898617
-270.557617,29.46284,0.0587764941,1.29938591
-272.3174,27.07071,0.0003958526,0.649790168
-271.3064,28.7732,0.0541713,0.649807751
-274.825958,23.9889526,0,1.2994355
-272.6215,27.27272,0.0350134633,0.324783474
-271.488861,28.8944,0.06294635,0.324784845
-273.0662,26.381073,5.819291E-05,0.649708
-267.089355,34.87468,0.158738971,0.3248811
-267.8125,33.871212,0.14816238,0.08121953
-268.126068,33.4859962,0.194871187,0.08117499
-267.463745,34.5298576,0.158747151,0.162435845
-269.2235,32.13776,0.06295046,0.324881852
-268.1213,33.77962,0.106738932,0.08123422
-267.554962,34.5904655,0.158736214,0.08123422
-268.343628,33.3338,0.0820725039,0.16243583
-265.764771,36.96236,0.141639739,1.29952347
-269.5466,31.16532,0.06294563,1.29940069
-268.161224,33.21259,0.0622324459,0.0812207162
-267.847656,33.597805,0.1317264,0.08123553
-268.19632,32.9391937,0.0831159055,0.162413567
-267.473236,33.94264,0.191863909,0.324841946
-268.797821,31.8549557,0.06294775,0.649695933
-275.472137,22.0440617,0.00614923565,5.19744158
-272.579681,26.0578671,0,1.29943275
-270.819855,28.4499912,0.04396202,0.6497001
-271.8309,26.7475071,0,0.6497038
-273.9746,23.42334,0.00180764857,2.59884882
-284.814667,6.883367,0.000451913336,41.5809669
-309.3359,-30.8380032,0.036056,2.598906
-309.925018,-29.259552,0.031785775,1.29937983
-308.952026,-29.90595,0.03917152,1.29941165
-311.12796,-31.42806,0.0295421742,5.19782639
-313.739166,-33.2545357,0.0279846955,10.3949175
-306.597382,-24.94132,0.05340977,2.59884477
-308.338135,-26.1590023,0.0541758835,2.59884477
-305.202423,-22.3068085,0.0534090064,1.2994442
-304.0698,-20.6851139,0.05340659,0.3248505
-303.442657,-19.9146786,0.0314555056,0.32485047
-304.1401,-21.2319584,0.05340905,0.649699
-305.343079,-23.4004517,0.0534096174,2.59884453
-308.6707,-27.7186737,0.0589912832,2.598779
-308.081635,-29.2971134,0.0372003578,1.29941165
-309.0546,-28.6507168,0.0301706214,1.29937983
-306.878632,-27.1286068,0.0430999026,5.197546
-314.404327,-36.373867,0.0271279737,10.3952551
-314.199127,-38.88437,0.0149087356,10.395215
-310.052368,-33.3297,0.03717905,10.3955545
-311.485352,-38.3131371,0.01586588,5.197696
-311.690552,-35.80263,0.0243547522,5.197744
-296.947,-13.5463667,0.0126610305,41.5804939
-304.548737,-27.48941,0.0416095667,10.395463
-308.3496,-34.4609528,0.0344240963,2.59890628
-310.371674,-37.8659058,0.0144259557,2.59894156
-307.825073,-32.4352531,0.0372195765,5.197745
-303.499664,-23.4380245,0.04188065,20.7902431
-310.4424,1.39978027,0,19.1868858
-319.651367,-8.775929,0.026980754,4.79663
-324.3359,-13.7207842,0.05708481,4.796598
-317.629425,-5.731481,0.01950667,9.593417
-306.39856,7.48869848,0,38.37512
-293.6263,24.6113987,0,19.18768
-286.149139,34.5519524,0.0449086,2.39845967
-283.967041,37.31039,0.08305488,2.39853835
-280.773956,41.591053,0.0857869238,1.19916546
-278.6119,44.3852539,0.188940451,0.0749781
-279.197418,43.7671356,0.192741767,0.07498255
-278.359161,44.76582,0.188891172,0.149904341
-277.540863,45.8002319,0.188891351,0.299819946
-279.13736,43.6598778,0.105106041,0.1498951
-278.5518,44.2779961,0.118630186,0.1498862
-279.350067,43.20782,0.08578617,0.299793482
-281.704865,39.9258232,0.08578411,2.39855146
-286.91983,32.6007042,0.00418570172,9.593839
-297.3498,17.9504452,0,38.37524
-318.690277,-10.4920349,0.0301380567,2.39827657
-315.707275,-9.163676,0.0163249783,2.39820671
-320.43454,-11.5367689,0.0293796472,1.19925928
-320.940033,-12.2978821,0.0637251958,1.19925511
-318.369965,-11.0640612,0.0301366914,1.19928491
-319.954,-12.3948259,0.06528205,0.599514365
-319.448517,-11.6337128,0.0345592238,0.5995919
-323.695221,-14.8648529,0.06580526,2.398315
-326.357819,-16.7652531,0.0563271567,2.398315
-322.6843,-13.3426208,0.0507060848,4.796736
-317.09375,-8.35172,0.0259609334,2.39846349
-315.2819,-8.259567,0.0232348,2.39838147
-319.1708,-9.633992,0.030137321,4.797069
-314.431122,-6.451309,0,4.79683542
-316.243,-6.54346228,0.0266606715,4.796914
-309.481354,-0.3163096,0,38.37467
-321.242676,-15.9167786,0.06353856,9.59368
-325.8773,-17.6233063,0.0555731356,4.79688644
-323.2147,-15.7229052,0.0651855841,4.79688644
-317.063568,-11.7330217,0.0420655645,2.39835787
-319.380951,-12.5862989,0.0559941679,1.19922662
-318.0496,-11.6361036,0.03256518,1.19925439
-315.226776,-10.0217028,0.0135565707,4.796653
-318.580048,-14.0163622,0.054734692,9.593771
-324.090424,-19.15033,0.05034095,2.398368
-322.8766,-20.48586,0.0616493858,1.19922876
-324.0228,-20.1029053,0.0474133864,1.19918823
-326.0624,-18.95646,0.0550041944,4.796747
-321.3602,-18.2025146,0.06660694,1.199194
-322.506378,-17.81957,0.0590286553,1.19912434
-320.2816,-17.6328831,0.06265239,2.39840555
-321.798,-19.91623,0.0623126179,2.39841986
-323.011841,-18.5806789,0.0554929227,1.19915926
-321.865662,-18.963623,0.0639783442,1.19922888
-324.966156,-22.577713,0.0121343071,2.398391
-323.314453,-22.199564,0.05053605,2.398436
-325.151276,-23.9108639,0.0247639846,4.796817
-327.0734,-20.4786739,0.0204850528,4.796721
-324.5283,-20.86402,0.0264102574,1.19921017
-323.38208,-21.246973,0.0520806946,1.1992507
-325.606842,-21.4336548,0.0157736652,2.39837217
-320.849457,15.4306841,0.006941174,16.9688
-329.354584,7.158966,0.0128380833,4.242509
-334.686859,2.02845764,0.0474210568,2.12127256
-332.659821,4.33240747,0.03956385,2.12123227
-327.459869,9.777593,0.00731234858,8.484441
-317.060028,20.6679077,0.0008070402,33.93824
-305.162323,35.1208954,0,16.9689
-296.5804,44.991333,0.157452822,0.530328751
-297.390167,44.24536,0.157443866,0.2651955
-297.93,43.7480431,0.0102119483,0.265186459
-299.279633,42.5047455,0,1.060698
-296.172943,45.8033333,0.118181236,2.12118578
-293.132324,49.2592278,0.12236575,4.24239445
-299.081146,42.0327148,0,2.12102032
-297.257843,43.93068,0.05078333,0.265093446
-296.718,44.4279976,0.120180845,0.265102476
-295.908264,45.17397,0.120181024,0.530233741
-297.395477,43.36734,0.0209997464,1.06051052
-299.8962,40.4087219,0,4.24219275
-308.687164,29.254303,0,33.9382668
-328.428375,4.956202,0.00106425979,8.484255
-333.816254,1.7391001,0.053432852,1.060517
-331.865936,2.4443512,0.0267832279,0.5303209
-333.0779,1.76439416,0.05874819,0.530316353
-335.568085,0.561823547,0.05246264,2.12106872
-332.466644,2.98239136,0.0437985472,0.5303017
-331.66214,2.850357,0.0409312733,0.5302965
-333.408722,2.55109143,0.05377901,1.0605253
-331.2546,3.66233325,0.00124866434,1.06052864
-332.0591,3.79436755,0.0434556156,1.06055129
-326.5336,7.574824,0.000261414971,16.96931
-320.055542,13.542613,0,33.938324
-330.741241,-0.230428055,0.0002695312,2.12119269
-332.217865,-0.2810262,0.0404623151,2.1212213
-330.532166,1.053599,0.000249093748,4.24237633
-335.171143,-0.3822225,0.05603507,4.242283
-332.879456,1.29238379,0.058751177,1.060515
-331.66745,1.972341,0.0267855879,1.06052411
-333.220825,0.323043823,0.05875106,2.12115073
-327.63446,3.06814075,0,16.9691143
-334.377228,-2.27029419,0.05673929,8.484337
-331.1871,-1.84179175,0,1.06048572
-332.190033,-1.23772681,0.0480001755,1.06057978
-330.211945,-1.48916626,0,2.12115645
-331.396118,-3.12580872,0.02134966,1.06046259
-331.737518,-4.095103,0.03294109,0.53028065
-332.0021,-3.46576953,0.023290338,0.5302463
-332.6637,-1.892395,0.05487069,1.06065571
-331.660767,-2.49646,0.030931754,1.06056166
-334.266022,-6.09702539,0.0647393242,8.484477
-335.3246,-3.57959485,0.0539050363,8.484383
-343.117523,16.6855221,0.0230680779,46.39164
-334.545258,26.8654175,0.024888698,23.195919
-338.961029,19.2162113,0.0230088048,23.1957779
-326.589752,34.8095436,0.03241007,11.5980654
-322.3036,39.899456,0.0355236754,5.79899359
-324.2679,35.91315,0.02331954,1.44974649
-325.371857,34.0008659,0.0369104743,1.44977069
-324.2031,37.1927528,0.039666146,2.899493
-318.171661,44.43047,0.102761045,1.449774
-318.480072,43.3125763,0.04619646,1.44975936
-316.182831,46.4165039,0.0880577,1.44978082
-317.164948,44.42334,0.07329634,0.362424374
-317.716919,43.46719,0.05914209,0.362429053
-317.132538,45.0631523,0.08909735,0.724903345
-313.000641,49.5941353,0.09239635,2.899686
-315.021942,46.9682922,0.09174771,1.44984674
-316.584564,44.69926,0.08498844,0.3623858
-317.534271,43.3459129,0.0459609181,0.1811518
-316.982269,44.302063,0.06369818,0.181149468
-315.817474,46.17389,0.08805514,0.724781
-319.981781,41.00308,0.04593002,5.799021
-323.107025,36.4649467,0.0438574478,1.44973207
-325.0065,33.758255,0.0444466434,0.724907637
-323.902557,35.6705437,0.0344453119,0.7248956
-321.572876,39.414257,0.0423835143,2.89945316
-329.901581,29.0726624,0.02685375,23.1963272
-337.4996,18.2457981,0.02306919,11.5984144
-333.083771,25.8950043,0.0249429382,11.598485
-306.7926,59.416584,0.08958105,1.61630571
-306.967773,60.6110725,0.04717905,1.61635387
-305.5735,59.3053474,0.08085134,3.232732
-303.6134,58.2425957,0.100179508,6.46549368
-310.362427,59.1531258,0.03551697,1.6162926
-309.0557,58.444622,0.09550015,1.61632967
-312.1473,59.0213737,0.035545487,3.232648
-308.099335,60.12508,0.03835976,1.61639655
-307.924164,58.93059,0.0880388543,1.61634839
-309.318481,60.2363472,0.0364742652,3.23263383
-301.700653,61.6035461,0.0446146764,6.46546268
-301.023651,59.0374641,0.096279,0.8081266
-300.589233,60.17632,0.0569415241,0.404002547
-300.501678,59.57909,0.101037443,0.40406546
-300.609375,58.263092,0.10168656,1.61634588
-302.569458,59.3258667,0.08755997,1.61636865
-301.198822,60.2319527,0.0559860133,0.808205366
-301.677,59.3917351,0.0918840542,0.808244646
-304.138916,61.82606,0.04405343,12.9306726
-292.455353,56.7901,0.09626747,13.2091227
-290.5109,59.29784,0.0798079744,3.302225
-289.232452,60.7579041,0.04132499,1.65114617
-289.339844,59.4872627,0.103366539,1.65112066
-290.1132,57.1689339,0.08825445,6.60445
-257.3108,40.843647,0.0516152158,13.7018414
-260.88382,45.43802,0.157280728,6.85108757
-258.590057,44.1929626,0.0515007153,6.85089445
-253.936386,40.339447,0.05024313,27.4035645
-346.254639,60.7197762,0.0291498657,22.1948776
-339.382751,65.64617,0.03175931,22.19484
-348.091034,56.5323,0.0284433,44.3904381
-288.743927,90.07,0.0469063781,9.654533
-225.912949,57.77355,0.149212211,1.4455297
-223.279556,55.20468,0.1971512,0.09032702
-223.863785,55.8813477,0.217962876,0.022582924
-224.14534,56.22461,0.1524784,0.02258225
-223.680664,55.72939,0.193736985,0.04516434
-222.91333,54.9007874,0.19716908,0.180706516
-221.9417,53.9300957,0.197171733,0.361409158
-224.012009,55.81247,0.205938548,0.0451731272
-224.208862,56.1950874,0.152454376,0.0451784879
-223.828873,55.6605339,0.190447882,0.09034821
-223.4066,55.14565,0.197176158,0.180682629
-224.335892,56.13603,0.1524797,0.09034359
-224.139038,55.7534065,0.205967546,0.09033286
-224.603683,56.2485962,0.152474016,0.180688441
-227.547241,58.91034,0.114014894,2.89107323
-231.94194,62.5569458,0.09795764,5.78207445
-222.166016,54.77408,0.173936933,1.44551826
-223.13765,55.74477,0.173939019,0.7227521
-223.778,56.6324654,0.167185143,0.361375928
-223.6309,55.9896049,0.197485074,0.180701837
-223.954788,56.31319,0.120184466,0.180717349
-225.404831,58.0097771,0.1492056,2.89097023
-220.840759,54.4419136,0.21490404,5.78199768
-212.415329,48.87608,0.4527868,0.36130318
-211.1198,47.5817871,0.485403359,0.361298144
-213.232437,49.4444771,0.473765373,0.7227723
-215.42981,51.2677727,0.225136191,1.44556558
-210.865738,47.69989,0.4853602,0.7227741
-212.1613,48.9941826,0.452745259,0.722784162
-210.2878,47.4944153,0.485361785,0.722735941
-209.674927,47.0681152,0.485377371,0.361347228
-209.199142,46.9337273,0.459267944,0.0903353
-208.994827,46.7916145,0.292625219,0.0903455839
-209.43573,46.7052,0.415895969,0.180704132
-205.666458,44.4272766,0.271633267,0.09032052
-204.997559,43.78999,0.138886064,0.022571275
-204.67366,43.4664268,0.0528550558,0.0225738548
-205.201828,43.93208,0.160410181,0.0451596752
-206.075027,44.7114868,0.271606326,0.180719614
-207.173721,45.62314,0.271605819,0.3614204
-204.849365,43.8589,0.172240362,0.0451837629
-204.610168,43.4959564,0.0528549626,0.04518473
-205.05365,44.000988,0.1686258,0.09034804
-205.539444,44.48634,0.271578282,0.180707708
-204.483109,43.5550079,0.05286796,0.09034454
-204.722336,43.91795,0.172242925,0.0903426
-204.194138,43.4522667,0.0285197552,0.1806984
-202.355591,42.1733742,0,1.44547534
-207.427811,45.5050354,0.271603376,0.7227434
-205.87822,44.328846,0.251199365,0.180736378
-205.1034,43.7407837,0.12238279,0.04516868
-204.737183,43.4369049,0.0528688356,0.0451692
-205.371216,43.853344,0.12824747,0.09035669
-206.413834,44.5540047,0.263888985,0.361392
-208.499008,45.9553223,0.267781436,1.445471
-215.937927,51.0315361,0.261339,2.891069
-212.83873,48.67922,0.453678519,0.7227527
-211.373825,47.4636841,0.5035946,0.7227664
-213.45903,48.86498,0.451017052,0.7228077
-214.135391,49.2617378,0.4510069,0.361384541
-214.671,49.48689,0.2643381,0.0451655239
-214.614914,49.27589,0.457072139,0.0451723747
-214.868408,49.51364,0.256146163,0.09034618
-214.360291,49.7498665,0.333764166,0.09034813
-214.445541,49.3546333,0.462340951,0.04517834
-214.501633,49.56563,0.264316648,0.0451714844
-217.178513,51.4030762,0.269201875,2.891032
-218.53125,52.1966133,0.269203871,1.44549155
-219.43306,52.725647,0.2567326,1.44553137
-232.958191,62.0845222,0.104259528,11.5638933
-226.759827,57.37984,0.152808487,2.89111233
-223.745316,54.98816,0.197145626,0.18070133
-224.4915,55.8265877,0.323999673,0.09034074
-224.12529,55.5227242,0.171072409,0.09034962
-223.294449,54.72365,0.197142124,0.361366868
-222.195786,53.8119926,0.197143242,0.722738
-224.562454,55.5565376,0.139124364,0.361376464
-223.99939,54.8700371,0.19714731,0.361374676
-225.182739,55.74231,0.162208319,0.722758055
-228.732834,58.3591728,0.125502408,0.361369342
-228.9572,59.2031555,0.07991505,0.3613998
-228.281937,58.0946655,0.129166543,0.7227606
-227.437317,57.06489,0.112214983,1.44551289
-229.465317,58.96693,0.09304112,0.722798347
-229.240967,58.1229439,0.132856116,0.722737432
-230.254959,59.0739861,0.105074055,1.44552
-235.439331,62.8276176,0.09555305,11.5641851
-239.046631,64.94372,0.08138728,11.5640106
-255.7029,74.26935,0.06913291,0.3614096
-254.4074,72.97507,0.0450797975,0.361390769
-256.52005,74.8377457,0.069133006,0.7228393
-258.7809,76.63154,0.125447735,0.0225886926
-259.062469,76.9747849,0.222366914,0.0225867555
-258.5978,76.47958,0.125424117,0.0451856926
-258.111969,75.9942245,0.102458969,0.0903621
-259.125977,76.94525,0.222319171,0.0451706871
-258.844452,76.60201,0.125427,0.04517456
-259.3514,77.0774841,0.211414218,0.09034562
-260.288177,77.8273849,0.2338838,0.0225863047
-259.964264,77.50381,0.3065973,0.0225892123
-260.492432,77.9694748,0.233825058,0.0451711975
-261.041748,78.4252853,0.233821318,0.09034911
-259.900757,77.53332,0.2879938,0.0451636128
-260.22464,77.8568954,0.212517142,0.0451577976
-259.654144,77.41089,0.241921961,0.0903519541
-257.984955,76.05328,0.102455273,0.180679828
-258.675049,76.68073,0.125408649,0.04517089
-258.998932,77.0043,0.222305745,0.0451661125
-258.428436,76.55833,0.125405237,0.09034442
-257.4917,75.80847,0.086224,0.36142084
-254.15332,73.0932,0.0450857878,0.7227816
-255.448853,74.38748,0.069131,0.722819269
-253.166855,72.60355,0.0585971661,1.44552016
-249.081161,69.76156,0.0543564372,5.78207541
-259.25415,76.17444,0.1158003,0.0903440937
-259.4647,76.78775,0.24104023,0.04518716
-259.267853,76.40513,0.122343153,0.0451902747
-258.9165,75.6201859,0.07612942,0.180684313
-259.591766,76.7287,0.241946936,0.09033765
-259.4796,76.30671,0.111953996,0.09034152
-259.81723,76.86097,0.226137459,0.1806753
-260.887238,78.02299,0.233764976,0.361351848
-260.337921,77.56718,0.2337573,0.180680677
-259.9717,77.26328,0.223985791,0.180688724
-258.662445,75.73831,0.08725834,0.361386627
-259.140839,76.4641953,0.125419632,0.09033651
-259.337677,76.84681,0.242738217,0.09033029
-258.873047,76.35162,0.1254194,0.180695385
-258.126862,75.513176,0.07941829,0.7227695
-256.126343,74.07249,0.06913494,0.7227166
-254.661453,72.8569641,0.0450848937,0.722698033
-257.19754,74.52277,0.06913629,1.44552183
-261.029175,77.48289,0.233772233,1.445542
-259.818359,76.14924,0.1334255,0.09034666
-259.9305,76.57125,0.212467954,0.09035054
-259.5929,76.0169754,0.124046631,0.180695936
-259.170563,75.50208,0.069137156,0.361368626
-260.18454,76.453125,0.235960469,0.1806985
-260.072418,76.03112,0.178456932,0.18069075
-260.579376,76.5066452,0.2337838,0.36141026
-262.269745,77.85442,0.233778447,2.89106321
-270.597931,82.5172348,0.192101568,0.09035001
-269.939575,81.87503,0.20228681,0.00564276241
-270.080322,82.04665,0.120600179,0.0056446013
-269.848053,81.79907,0.202408135,0.0112966672
-269.6051,81.55637,0.202400714,0.0225984287
-270.1121,82.0319,0.140427232,0.0112966578
-269.971344,81.86028,0.221524268,0.0112929922
-270.224823,82.09803,0.192097813,0.0225826912
-271.0065,82.801445,0.192049474,0.180671424
-272.105133,83.71308,0.18896459,0.36132732
-269.661163,81.76737,0.12664476,0.0903788656
-269.904083,82.01007,0.126701683,0.04516074
-270.06604,82.1718445,0.188417479,0.04517158
-270.470917,82.5762939,0.192037314,0.180700034
-269.329834,81.6843262,0.1709017,0.361415029
-267.287,80.26333,0.171119958,1.44562411
-272.3592,83.59497,0.188967258,0.72273314
-270.809631,82.4188,0.192076847,0.1806939
-270.056,81.82092,0.251534432,0.01128984
-270.196777,81.99253,0.191961676,0.0112931309
-269.943329,81.7548,0.198010638,0.0225749165
-269.6686,81.5268555,0.202453136,0.0451522656
-270.260254,81.96298,0.192030951,0.02258979
-270.1195,81.7913742,0.251885355,0.022583209
-270.415375,82.00941,0.192088142,0.04516766
-271.345184,82.64394,0.192054227,0.361393422
-273.4304,84.0452347,0.208264083,1.44551468
-278.0242,86.6510239,0.1380347,0.361386865
-276.347565,85.53391,0.224015191,0.0902968943
-275.530426,84.9655151,0.164947927,0.09029959
-276.84082,85.7787552,0.138038456,0.1806858
-279.010742,87.14069,0.138056457,0.7227516
-281.8009,88.6884155,0.125843763,0.36144343
-283.646881,89.72677,0.07418837,0.0903174
-284.548676,90.25579,0.0467973351,0.09031068
-283.1113,89.5016251,0.126456708,0.180722609
-281.223,88.48296,0.183913156,0.3613182
-280.4831,88.115715,0.183873236,0.180710956
-279.9898,87.87088,0.08826304,0.180694684
-276.051178,85.6717,0.218395829,0.180696428
-275.403442,85.02456,0.185590446,0.180705711
-276.544434,85.91653,0.1307101,0.361381918
-277.770142,86.76913,0.138063639,0.722781837
-275.149384,85.14269,0.185578138,0.361426234
-276.043762,85.9122238,0.09347857,0.180659369
-275.5505,85.66741,0.194230124,0.180691928
-274.486725,84.97659,0.208964944,0.7227944
-266.609528,80.5782852,0.21855028,0.722781
-264.9054,78.9998245,0.149934441,0.3613595
-265.722565,79.56823,0.218599692,0.361409336
-267.596,81.06794,0.185736522,1.44539666
-270.132172,82.73377,0.192084432,0.180674255
-269.2801,81.94455,0.11294309,0.09034985
-269.586517,82.15769,0.112925641,0.0451651067
-269.7908,82.29978,0.196875334,0.0451685637
-270.6254,82.97861,0.192057669,0.361381352
-271.851074,83.8311844,0.188970476,0.7227669
-269.230316,82.20475,0.2305073,0.361399531
-269.878082,82.85189,0.1675319,0.361407816
-268.567657,82.03866,0.209556237,0.72274524
-264.805878,79.52026,0.232355714,1.44555652
-266.1014,80.81452,0.218556628,1.44550276
-263.4806,79.18808,0.224684015,2.89115834
-248.0649,70.23398,0.0681844,11.5640593
-254.771347,74.70242,0.07049619,0.7226743
-253.475845,73.408165,0.042749688,0.722666562
-255.757858,75.1921,0.0732039139,1.44548082
-258.293976,76.85792,0.153207213,0.180692673
-257.6462,76.2107849,0.110805362,0.180679515
-258.582977,76.9606552,0.2026114,0.180689648
-258.991547,77.2448349,0.184962451,0.180689648
-260.0553,77.93564,0.164076433,0.045166254
-259.7314,77.61206,0.241933763,0.0451708958
-260.30188,78.0580444,0.237722069,0.09034365
-260.914764,78.4843445,0.233824059,0.1806909
-259.60437,77.67111,0.241932109,0.090349175
-260.0516,78.0559158,0.300906,0.04518847
-259.804962,77.9334946,0.241915271,0.04517396
-259.273071,77.58807,0.24193202,0.180684879
-257.39212,76.32888,0.110769443,0.361344248
-258.039917,76.97601,0.153170317,0.361370564
-256.729523,76.16278,0.101661824,0.7227551
-252.967728,73.64437,0.0551269576,1.4455111
-254.263229,74.93863,0.08094814,1.4455266
-251.642471,73.31219,0.0695093349,2.89103913
-245.414352,69.56962,0.06104603,11.5642376
-241.4683,67.611,0.0813502,11.5640335
-210.128769,49.939045,0.485366285,0.7227872
-209.426071,48.36916,0.4853356,0.180702507
-209.074692,47.5842476,0.485428631,0.0451629
-208.899,47.191803,0.450577527,0.0112885023
-208.821732,46.99062,0.2715727,0.0112896962
-208.97998,47.272686,0.472381771,0.0225888435
-209.236649,47.7460136,0.485351026,0.09034814
-209.749939,48.69275,0.485365868,0.3613912
-210.776535,50.58618,0.485367656,1.44547975
-212.296387,52.7244377,0.2816357,0.180682018
-211.9276,51.829113,0.468701839,0.0225789286
-212.001144,52.1505,0.289656341,0.0112859327
-211.923889,51.9493523,0.516092837,0.0112870578
-211.790527,51.5372124,0.48537907,0.04515592
-212.124435,52.21172,0.2816103,0.0451628864
-212.029724,51.9001656,0.440219551,0.0225838553
-212.149338,52.0816231,0.27688235,0.02258683
-212.620285,53.0480156,0.281638771,0.36139062
-213.337875,54.13683,0.281641,0.7227782
-211.764511,52.37903,0.2834978,0.0112907458
-211.683548,52.2981262,0.60193634,0.01129061
-211.889664,52.3801079,0.2825957,0.0225853659
-211.63562,52.49825,0.324480176,0.0225787833
-211.598877,52.337513,0.5707598,0.0112980232
-211.679825,52.4184151,0.240169317,0.0112981573
-211.648621,52.0773,0.552194059,0.0451717
-211.893387,52.2598457,0.384768546,0.02258489
-211.727737,52.2183228,0.419646263,0.0225864369
-211.6635,51.5962524,0.485419333,0.09036175
-211.860367,51.97887,0.503657937,0.0225927
-211.937622,52.1800232,0.2588743,0.0225904454
-211.737045,51.917675,0.53306067,0.0451828167
-212.042313,52.84255,0.297180682,0.361410737
-211.240036,51.79311,0.5144225,0.7227529
-208.987747,49.0470467,0.4853696,0.722734332
-208.855545,47.9231567,0.4853668,0.180690825
-208.789429,47.3612556,0.4211945,0.045170188
-208.758224,47.020153,0.271586359,0.02259304
-208.8355,47.2213326,0.4505875,0.02259065
-208.947678,47.64329,0.485401481,0.09031946
-209.172,48.4872627,0.485356063,0.3613894
-209.620651,50.1752434,0.485368162,1.44548666
-207.861618,47.6740837,0.271596968,0.180710942
-208.351151,48.039135,0.468884856,0.09033972
-208.019852,47.9561157,0.421437323,0.09033095
-207.360916,47.66979,0.2715977,0.361411572
-208.377151,47.1972961,0.326945752,0.361376941
-208.524246,47.84013,0.4772314,0.18067947
-208.200363,47.51657,0.245528117,0.18069984
-208.325119,48.8809624,0.4853653,0.7227543
-207.511719,48.19234,0.2854967,0.0903146043
-207.5852,48.5137444,0.4532447,0.0451708548
-207.4233,48.35196,0.263655782,0.04516725
-207.184128,47.9890556,0.2716025,0.18067354
-208.093369,48.2774849,0.485361755,0.0451671965
-207.931442,48.1157341,0.32385084,0.04515647
-208.3437,48.279644,0.485363573,0.090345405
-207.835556,48.51588,0.485293716,0.09035272
-207.762039,48.1944771,0.323865175,0.045169428
-207.923965,48.35623,0.485378951,0.04518016
-204.523209,44.95879,0.271595746,0.180714637
-204.17186,44.17386,0.273702383,0.04518812
-204.017334,43.771534,0.036730323,0.04518812
-204.3338,44.33565,0.25249815,0.09035417
-204.8471,45.28236,0.271588832,0.361368626
-205.5647,46.3711853,0.2716013,0.722754538
-203.9527,44.5128174,0.261010647,0.180679709
-203.8903,43.8305855,0.0124517661,0.09034541
-204.0448,44.23291,0.268342465,0.09034541
-204.269165,45.0769043,0.271788478,0.361353457
-203.4743,43.7869148,0.0101939039,0.361387849
-203.623276,44.36966,0.21844627,0.0225808285
-203.4576,44.3281364,0.05951224,0.022581866
-203.7098,44.27016,0.2171206,0.0451820381
-203.698685,44.63094,0.33020857,0.0451691672
-203.4539,44.4483833,0.198295429,0.0225875564
-203.619568,44.48991,0.266569078,0.0225865226
-203.297531,44.1062126,0.0482246168,0.18070814
-201.847473,42.4095955,0,2.890993
-206.0728,46.1349678,0.2715982,1.44548118
-204.946655,44.7619438,0.271593243,0.361371249
-204.383591,44.07544,0.2397889,0.09033887
-204.144363,43.7124825,0.0366849452,0.09035113
-204.672546,44.17816,0.218791425,0.1806913
-205.524582,44.9673958,0.271596253,0.7227292
-207.228683,46.54588,0.2715976,2.89109635
-213.4969,51.69223,0.2743311,1.44544768
-212.510391,51.2025566,0.442534357,0.180701271
-212.580215,51.6442375,0.258883327,0.180697113
-212.136719,51.13919,0.483983368,0.361396372
-213.068283,50.7061462,0.4622777,0.0451849774
-213.1032,50.927002,0.2895728,0.04517389
-212.881454,50.67445,0.462286949,0.0903398
-213.389542,50.4382439,0.4187633,0.0903373063
-213.272568,50.8482552,0.281770825,0.0451611243
-213.237656,50.6274,0.4520075,0.04517221
-212.918961,51.4867744,0.256423324,0.1806753
-212.747,50.97403,0.451819658,0.09034305
-212.951279,51.11615,0.3495142,0.0903427
-213.846,53.9006157,0.281645328,1.44551182
-212.719849,52.5276,0.281632334,0.3614182
-212.139282,51.7306824,0.3754688,0.0451764651
-212.234009,52.0422478,0.2742188,0.0225840919
-212.1144,51.86079,0.4382447,0.0225811172
-211.917542,51.47816,0.489709824,0.09036546
-212.445724,51.9438171,0.318077236,0.180712983
-213.2978,52.73305,0.28163448,0.722752333
-210.975647,49.54535,0.4853667,1.44552958
-209.849487,48.1723137,0.48536396,0.361379862
-209.286423,47.48582,0.485351622,0.0903577656
-209.004868,47.14256,0.475528717,0.0225979052
-208.885254,46.96108,0.2609883,0.0225961041
-209.149368,47.1939278,0.485360652,0.04517812
-209.5754,47.58853,0.485394,0.1806783
-210.427444,48.3777771,0.485360831,0.722810745
-212.131546,49.95628,0.473287553,2.89102626
-215.539749,53.11323,0.2786907,11.564147
-224.219223,58.5609436,0.152478054,0.722831
-225.260681,59.9733276,0.119976066,0.1807039
-225.739059,60.69922,0.107513271,0.1807057
-224.8521,59.68913,0.143586487,0.36141488
-223.402084,57.9925346,0.148053244,1.4454354
-221.289429,56.1298828,0.197161317,0.7227123
-219.585342,54.5514221,0.257146984,0.361368626
-220.402466,55.11983,0.188659966,0.361365974
-222.27594,56.6195374,0.217251927,1.44538
-225.6143,59.33481,0.151025712,0.7227491
-225.993118,60.5811157,0.10750246,0.361378163
-225.514755,59.8552246,0.119964145,0.361374557
-224.727356,58.3247261,0.152468681,1.44548523
-226.501266,60.34489,0.129983544,0.722782969
-226.361618,59.46153,0.148467973,0.722775757
-227.248581,60.4716,0.114506029,1.44552338
-232.898727,64.00872,0.0829208,5.782494
-228.952682,62.0501,0.109743536,5.78219748
-219.7948,55.8764648,0.2027522,2.89100814
-221.090332,57.1707153,0.19715029,2.89107156
-223.37236,58.95463,0.153600976,1.44549465
-224.667862,60.24893,0.138998717,1.44550443
-222.540359,58.86729,0.15581429,1.44558036
-221.461716,58.65755,0.197504461,0.361396521
-220.96846,58.41273,0.1971614,0.3613667
-221.8926,58.2201538,0.148772255,0.7227796
-218.778564,56.3489075,0.207983866,5.782232
-216.374649,55.8069649,0.245780855,0.3614
-216.481644,55.04601,0.281662434,0.1806788
-216.636154,55.4483223,0.195485175,0.180690154
-216.775772,56.3316956,0.2080008,0.7227463
-215.634766,55.4397278,0.270197451,1.44553244
-217.575134,54.77474,0.245942056,0.3614058
-217.0819,54.52992,0.261179775,0.3613992
-218.006027,54.3373528,0.211308181,0.7227535
-217.4533,56.0167236,0.207999542,0.722753346
-216.9749,55.290863,0.208742991,0.180691227
-216.820374,54.88855,0.290443867,0.180679873
-217.390884,55.3345337,0.207999617,0.361372
-202.1119,44.65739,0.06320417,1.44556022
-202.409775,45.8227844,0.273026258,0.09034334
-202.078445,45.7397575,0.144988224,0.0903546959
-202.58284,45.62378,0.284412384,0.180682957
-202.560547,46.345356,0.3301885,0.180705637
-202.151978,46.0611763,0.3301794,0.04517916
-201.990036,45.899395,0.07606469,0.0451773554
-202.402344,46.0633125,0.330187976,0.09034146
-201.758286,45.29593,0.0515413359,0.722763062
-202.346558,47.8672371,0.3301753,1.44550443
-201.566589,46.0962219,0.125231892,0.180673853
-201.628967,46.7784,0.3301675,0.09033547
-201.474472,46.3761,0.113360241,0.09032952
-201.250168,45.5321465,0.0595123246,0.3613704
-202.044968,46.822094,0.330177277,0.3613859
-201.894211,46.29952,0.2514859,0.09033742
-201.820679,45.97812,0.0598605722,0.045158837
-201.9826,46.139904,0.356903642,0.04516064
-202.221786,46.50284,0.3301866,0.1806797
-200.831238,42.88206,0.02279544,5.78219366
-204.349319,47.88448,0.286219746,0.722774565
-203.370239,47.1542854,0.330169827,0.36139816
-204.202225,47.24164,0.3286499,0.180696771
-203.86348,47.39912,0.3010324,0.180685654
-205.350708,47.8930969,0.2715863,1.4455601
-203.325684,48.59743,0.330177575,0.36139074
-204.157669,48.6847954,0.337417215,0.180698559
-203.818924,48.8422661,0.3072291,0.180687457
-202.979492,48.9954338,0.330178231,0.722751856
-203.024063,47.5522957,0.3301678,0.722751856
-203.841232,48.120697,0.3040803,0.180700168
-204.165115,48.4442749,0.242498741,0.1806834
-203.34053,48.1163826,0.33018,0.3613718
-203.414856,45.71114,0.3301816,0.361383349
-204.0775,45.8772163,0.279445618,0.361388862
-203.068665,46.10915,0.330180526,0.7227889
-203.190536,44.8671379,0.265502065,0.04517546
-203.02858,44.7053528,0.0595081151,0.04517546
-203.440872,44.8692932,0.321903169,0.09035401
-202.934631,45.04539,0.255759329,0.0225919131
-203.100281,45.0869026,0.330193967,0.0225921683
-202.848083,45.14491,0.160829514,0.045174554
-202.8592,44.7841072,0.05950811,0.0451717563
-203.104,44.9666328,0.261483729,0.0225803182
-202.938354,44.92512,0.08920067,0.0225800648
-202.958786,44.26369,0.04821365,0.1807007
-203.367355,44.5478821,0.116774812,0.0451677
-203.5293,44.7096558,0.331709325,0.045178432
-203.116989,44.5457344,0.059512604,0.09033007
-204.092361,45.3961678,0.279427558,0.361379385
-203.429733,45.23009,0.3301716,0.361373872
-205.380432,46.93098,0.271610022,1.44559062
-204.047745,46.839325,0.281811446,0.3613632
-203.385117,46.6732368,0.330168635,0.3613849
-204.393921,46.4413147,0.28386,0.7227561
-208.280518,50.3241158,0.485376835,0.7227963
-208.412735,51.4480171,0.4853831,0.180686668
-208.475143,52.13022,0.6001384,0.09033423
-208.320633,51.7279167,0.4853758,0.09033964
-208.096268,50.88393,0.485365868,0.361387044
-207.478226,49.27469,0.485377282,0.361376375
-207.007309,48.3083,0.2889076,0.1807254
-207.327438,48.7521248,0.3627813,0.09033575
-207.253952,48.4307137,0.271611929,0.0451728031
-207.415848,48.5925,0.4603701,0.04517641
-207.9715,49.5195,0.485367924,0.7227617
-209.57605,51.61841,0.49887,0.722763062
-208.891129,52.17389,0.5718533,0.361381978
-208.906,51.69284,0.4921233,0.361363024
-209.267029,50.81377,0.4853743,1.445583
-211.364822,53.1575432,0.285075545,0.361360878
-211.055832,52.3529167,0.5665024,0.361372769
-211.8581,53.4023552,0.282126725,0.7227548
-212.829758,54.37306,0.2985708,1.44554162
-210.547714,52.58913,0.564482868,0.722768247
-211.103348,53.5161743,0.320474356,0.3613676
-210.5254,53.3107,0.584223568,0.0451499261
-210.602661,53.5118523,0.250541955,0.0451648869
-210.317429,53.288868,0.6018666,0.0903489143
-210.825516,53.0526428,0.469811678,0.0903298
-210.772018,53.433094,0.283420444,0.0451925136
-210.694778,53.231945,0.5947187,0.04517755
-209.7157,52.50177,0.5844056,1.44553244
-206.616516,50.1494637,0.485348046,0.180702448
-206.3773,49.78651,0.473364234,0.04516341
-206.300049,49.5853577,0.273826271,0.04516251
-206.585312,49.80834,0.4853013,0.0903545544
-207.032516,50.1931343,0.485394,0.3614007
-206.016281,50.66559,0.485331833,0.361391425
-206.077209,50.0445557,0.406674027,0.09034986
-206.130692,49.664093,0.271634042,0.045170486
-206.207947,49.8652458,0.470152646,0.0451713838
-206.277771,50.3069458,0.485348582,0.180694312
-206.661133,48.70631,0.283870548,0.722717464
-207.216751,49.63332,0.4853825,0.3613753
-206.677414,49.5284424,0.453234315,0.09035872
-206.4308,49.4060364,0.329081625,0.0903277844
-206.892868,49.3097534,0.4389402,0.180688739
-207.58815,51.12016,0.48536402,0.722776234
-208.066574,51.84604,0.480938733,0.180707961
-208.221085,52.24834,0.5959203,0.180697143
-207.650558,51.80237,0.526460469,0.361388117
-206.756149,51.0328178,0.485367417,1.44550562
-204.628647,49.6511841,0.271607518,0.7227124
-205.10701,50.3770638,0.27159974,0.180697173
-205.384842,50.84062,0.456721932,0.0903378353
-205.138229,50.71819,0.338796884,0.09035697
-204.691025,50.333374,0.27161622,0.3613753
-203.457886,49.721302,0.319974869,0.722746432
-204.135391,49.40636,0.30643028,0.722746432
-205.829117,48.6189766,0.271604657,1.44549024
-205.707275,49.8609428,0.302763641,0.361386031
-205.600281,50.6219063,0.444144845,0.1807033
-205.445755,50.2195854,0.270738482,0.180716991
-205.306152,49.33623,0.2716087,0.72274214
-198.430252,44.9465332,0.04610259,5.78198242
-199.167236,42.70738,0.014672271,5.78205061
-200.743484,47.0715752,0.115204729,0.0903374
-200.690018,47.4520454,0.296443284,0.045162145
-200.612778,47.250885,0.0722097,0.0451687239
-200.542923,46.8092041,0.05951818,0.180677876
-201.113419,47.255188,0.273053527,0.361355573
-200.143234,47.587677,0.104332037,0.0903389
-200.389877,47.7100945,0.222635075,0.09034851
-199.927811,47.806366,0.08962809,0.180690542
-200.204178,46.9666748,0.0595158525,0.180712566
-200.4434,47.32962,0.0595025234,0.04518714
-200.52063,47.53078,0.289881319,0.04518056
-200.235352,47.30778,0.0595039129,0.09035295
-200.74202,45.76836,0.05951205,0.72276634
-201.220413,46.4942322,0.08237805,0.180692673
-201.374924,46.896534,0.3174233,0.180704564
-200.8044,46.450573,0.05951358,0.361406416
-201.330322,48.33968,0.326131731,2.89105129
-199.0483,46.5557671,0.0595132224,5.78205872
-194.609009,44.3522835,0.0526515841,1.445548
-194.9775,43.23271,0.0124270022,1.44549167
-195.41127,45.4017334,0.06129598,2.89111972
-192.790482,43.7752876,0.0318587646,0.7227275
-193.099533,44.5799065,0.0755334347,0.7227322
-191.958481,43.6879463,0.02884475,1.44551909
-193.990967,42.74307,0,1.44553018
-193.777,44.2649422,0.07059818,0.7227782
-193.467972,43.4603271,0.00173842779,0.722773552
-197.194214,41.72806,0,5.782161
-196.766281,44.77182,0.05445767,2.89100385
-196.148239,43.1625938,0.0116123585,2.89096212
-138.866348,18.7744045,0,27.0916176
-150.0642,25.3068085,0.00667495839,6.772804
-155.282043,28.2415,0.312439442,0.105840221
-155.067856,27.9317379,0.0420909338,0.10584221
-155.80629,28.4507389,0.2808851,0.026457049
-155.630737,28.2517,0.247727633,0.0132266488
-155.7677,28.3400173,0.3021798,0.0132252034
-156.026733,28.549921,0.153212383,0.05291525
-155.502457,28.3406773,0.299295723,0.0529087633
-155.609543,28.4955654,0.194250554,0.0529177748
-154.6145,28.15451,0.31209752,0.105819806
-154.734085,27.88825,0.0419346429,0.105823129
-154.888489,28.33114,0.312457532,0.211657554
-156.818741,29.1463623,0.03357079,0.423366278
-155.57341,28.7727146,0.335858852,0.10581477
-154.9657,28.5525875,0.312463164,0.105826117
-155.770172,28.7278957,0.218256116,0.105825081
-156.103928,28.7713718,0.08972577,0.105840623
-159.010483,30.5593414,0.0309111476,0.846620739
-156.669266,29.4791965,0.0335696079,0.211612239
-155.498672,28.9391022,0.318123519,0.0529071949
-154.920837,28.65242,0.255911738,0.05290575
-155.81749,29.0158939,0.198970124,0.10580086
-157.3069,29.6327515,0.0335720442,0.423319519
-151.52861,26.76593,0,0.423268646
-152.928345,27.58248,0,0.105838
-153.765182,28.0790653,0.128960282,0.05290433
-153.187363,27.7923946,0,0.05290509
-152.046646,27.1857357,0,0.211679891
-149.765244,25.9724674,0.0029885096,0.8465428
-153.732834,27.757782,0,0.105827861
-153.947,28.06753,0.297412157,0.105825037
-153.291992,27.5594025,0,0.211656779
-154.400345,27.8447571,0,0.105824813
-154.280762,28.1110172,0.2974132,0.10582149
-154.126373,27.6681366,0,0.211652175
-152.803848,27.0730286,0,0.8465292
-141.795181,21.6926632,0.0190740637,1.693224
-145.1426,23.6790218,0.022116974,0.8466621
-142.831284,22.5322933,0.0190731231,0.846658766
-138.268433,20.1057072,0.01766947,3.38643575
-146.53743,23.7198582,0.01370968,3.38644958
-143.130234,21.8666286,0.0190747082,1.6932652
-145.561142,22.7470951,0.0194826089,1.69326127
-124.520119,12.9591217,0,13.5460968
-114.059425,7.93200159,0.0181195382,1.69318616
-117.406807,9.91836548,0,0.8467087
-115.0955,8.771632,0.0168022811,0.846706748
-110.47287,6.478185,0.0189599022,0.8465767
-107.7207,5.13310766,0.5335197,0.05291711
-108.146606,5.364756,0.121727571,0.0264561679
-107.842743,5.25469971,0.524988532,0.0264554843
-108.694527,5.717997,0.019831799,0.052913174
-108.109222,5.44795752,0.252303928,0.0132296514
-107.820313,5.304621,0.5589935,0.01322948
-108.268639,5.48634863,0.0236777943,0.0264561679
-106.824059,4.769648,0.4188632,0.0264549088
-107.242485,5.01794434,0.5586743,0.0132268975
-106.953575,4.874598,0.269096762,0.0132263452
-106.383217,4.571274,0.415277451,0.0529094748
-107.416832,5.023051,0.558834255,0.0529140644
-106.990936,4.791392,0.342386872,0.0264591575
-107.2948,4.90144873,0.580108345,0.0264606029
-109.043243,5.72821045,0.0198386163,0.2116428
-108.328438,5.35321569,0.01984404,0.05291972
-107.902527,5.121572,0.438669622,0.0264523886
-108.2064,5.231623,0.0198393129,0.0264528878
-108.799171,5.485021,0.019844057,0.105841495
-111.748108,6.78528833,0.010834421,1.69317114
-118.801636,9.95918751,0,3.38651371
-115.394447,8.105972,0.0149621787,1.693195
-117.825356,8.986424,0,1.69320107
-129.621078,14.1875048,0,27.0914974
-156.500168,26.7091618,0.00106059667,6.772958
-158.213577,29.18719,0.02528841,6.77285576
-152.9734,25.1222134,0,13.5456905
-161.361954,28.4700775,0.0197610781,13.545536
-159.64856,25.99205,0.00122301676,13.545804
-144.206467,19.4702663,0,27.0918236
-153.930054,22.9921055,0,27.0918674
-148.142349,51.1825676,0.420371532,0.0238228086
-147.965012,51.1293221,0.224514678,0.0119145382
-148.063385,51.0991631,0.4183053,0.0119138565
-148.27504,51.0880432,0.420302749,0.047647398
-148.069229,51.47407,0.366841257,0.0476541333
-147.9456,51.24292,0.292656034,0.0238239914
-148.073761,51.3112373,0.286419272,0.0238206573
-147.860779,50.7845573,0.3023595,0.09527829
-148.215469,50.89104,0.420316517,0.0476661026
-148.033615,51.00064,0.4967343,0.0119116046
-147.935242,51.0308037,0.350722075,0.0119122863
-148.053,50.887043,0.247705042,0.0238237958
-148.629745,51.1944771,0.51455605,0.09529926
-148.886047,51.3310738,0.5129061,0.0952963158
-148.364365,51.3835335,0.378986865,0.190591276
-147.517776,51.4279976,0.317587227,0.76242274
-146.332687,51.9530525,0.483490348,0.0238311421
-146.264084,52.0817451,0.6486913,0.0238313377
-146.238831,51.820385,0.350923538,0.047650516
-146.574081,52.0404243,0.7450258,0.0119085554
-146.544312,51.9419365,0.356921822,0.01191375
-146.687347,52.05949,0.6126003,0.0238276143
-146.392227,52.1500549,0.7258608,0.023814844
-146.445953,51.972126,0.316485554,0.0119103678
-146.475708,52.0706177,0.7262337,0.0119051747
-145.934647,52.2366638,0.725539446,0.09531276
-146.042068,51.8807564,0.32256183,0.04765188
-146.101624,52.07777,0.663108647,0.04765638
-145.1476,52.47815,0.7256135,0.190628722
-145.545639,52.19456,0.6858114,0.0953173
-145.879608,51.87679,0.4400048,0.0476593375
-145.7424,52.1341858,0.6318845,0.047662273
-146.867935,51.4120979,0.3864003,0.7624349
-148.720947,50.2514839,0.420286864,0.19063279
-148.196991,50.3853569,0.420297772,0.0476494469
-147.869827,50.45885,0.16034615,0.0238309428
-147.969315,50.387928,0.160338953,0.0119154714
-148.03566,50.3406677,0.2869394,0.0119152861
-148.331924,50.20938,0.420244455,0.09532157
-148.990829,49.89958,0.420359761,0.3812296
-148.968216,50.7138672,0.421370775,0.190606162
-149.087341,51.10785,0.5537395,0.0953006148
-148.831039,50.9712524,0.3725993,0.09530278
-148.318359,50.69798,0.420265377,0.09533886
-147.96254,50.6322136,0.1788135,0.011913456
-148.028885,50.58495,0.264100641,0.011913456
-147.867569,50.54027,0.427784473,0.0238178018
-148.192459,50.5482063,0.42027095,0.0476536155
-148.7119,50.57723,0.420318782,0.190659076
-150.052277,49.14337,0.4203163,0.7624789
-149.5012,50.254303,0.420284748,0.0476629771
-149.560776,50.451313,0.512383,0.0238297656
-149.4326,50.3829956,0.420356452,0.0238276031
-149.832932,50.0179863,0.419699878,0.0476668067
-149.693466,50.3567924,0.507774532,0.02382604
-149.697983,50.19394,0.407440662,0.0238334034
-149.3527,50.91878,0.551978052,0.09530103
-149.364,50.51169,0.6003523,0.02382741
-149.492157,50.5800056,0.42776525,0.0238311365
-149.2954,50.64037,0.35611546,0.04764916
-149.512512,49.84718,0.42029646,0.381251574
-119.360527,36.3351936,0.0113258334,0.169689536
-119.336159,35.7438049,0.421833277,0.08483868
-119.518913,35.9238548,0.4057579,0.0212026257
-119.587578,36.04308,0.199261367,0.0212069359
-119.348351,36.0394936,0.208361953,0.0212099459
-119.439171,35.922657,0.36324802,0.0212107319
-119.657349,36.5760651,0.0113242278,0.339353532
-118.700409,36.56171,0.0113220084,0.339359432
-119.040436,35.9166832,0.406181067,0.0212080572
-119.109093,36.0359077,0.217634931,0.0212083552
-118.869873,36.0323219,0.226869777,0.0212085173
-118.960693,35.91548,0.366111547,0.02120831
-119.176674,35.7414131,0.400262177,0.08482736
-119.041542,36.3304176,0.0113194408,0.169678226
-119.750359,37.28668,0.0113232918,1.35735285
-120.574364,38.7175026,0.0223158635,2.71482134
-116.507469,34.4011421,0.372212559,0.339366943
-116.98703,34.8220367,0.372265935,0.02120831
-117.0557,34.94127,0.312630117,0.0212102421
-116.861877,34.8792572,0.372276485,0.0424134135
-117.193031,35.1797333,0.4628413,0.0424204133
-116.942162,35.087326,0.345438749,0.0106046246
-116.828087,35.02651,0.37229836,0.0106051443
-117.044617,35.0593071,0.391170055,0.02121392
-116.553978,34.7564545,0.372210324,0.169668809
-117.422264,35.71509,0.4359875,0.169678062
-117.879677,36.3720856,0.0113234418,0.08484526
-117.491486,36.0412178,0.359602869,0.02121064
-117.308739,35.8611641,0.462839574,0.02121131
-117.628265,36.07281,0.139419049,0.0424228534
-116.680237,35.11295,0.372243553,0.02121122
-116.805931,35.26259,0.390329421,0.0106062237
-116.691856,35.2017822,0.372212619,0.0106047383
-116.94326,35.5010643,0.4628205,0.0212170016
-116.749146,35.3356323,0.4160122,0.005303446
-116.657776,35.2456055,0.372219115,0.005303631
-116.817543,35.35142,0.448056042,0.0106088351
-116.417732,34.93172,0.372215152,0.08484102
-117.12545,35.47423,0.462866664,0.08483947
-116.908386,35.2345734,0.4266,0.0212062038
-116.782684,35.0849342,0.372284919,0.0106045343
-116.896759,35.145752,0.345494539,0.0106040146
-117.1022,35.2965736,0.4627899,0.0424124077
-115.001183,33.43292,0.0903864056,0.678712845
-115.891663,34.1555061,0.135271981,0.169678569
-116.21064,34.1602936,0.372226357,0.169676036
-115.548332,33.5593071,0.09290532,0.169669583
-116.164146,33.8049622,0.426795,0.08484889
-115.845154,33.8001747,0.07856697,0.08484103
-118.128906,35.8439,0.409071118,0.169683412
-118.084587,36.31605,0.011324632,0.169672415
-117.832069,35.6030273,0.414479762,0.339349
-118.789032,35.6173973,0.405224562,0.3393476
-118.403572,36.3208427,0.01132498,0.169671386
-118.379234,35.7294464,0.4264088,0.0848542
-118.561989,35.9095039,0.4070444,0.0212076884
-118.630646,36.0287476,0.236187875,0.0212062038
-118.391411,36.02515,0.24541156,0.0212125834
-118.482246,35.9083,0.369682252,0.0212125834
-117.329277,35.004467,0.462825865,0.08482677
-117.152061,34.7654266,0.3468616,0.01060754
-117.140991,34.8834648,0.5428966,0.01060111
-117.077858,34.7051964,0.3722795,0.0212098826
-117.3171,34.70877,0.359437764,0.0212075971
-117.220726,34.8846474,0.462837368,0.0106002241
-117.231804,34.766613,0.152429864,0.0106066512
-117.579582,34.8900146,0.462825745,0.169664353
-116.917267,34.2890663,0.37225315,0.16965808
-117.418983,34.4738922,0.3950216,0.0424189121
-117.647156,34.5955162,0.4628708,0.0424196534
-117.214088,34.5299263,0.3247429,0.08483468
-118.195374,35.1356659,0.46285212,0.678696632
-122.7629,39.22314,0.00255830842,5.429633
-121.026283,37.3058167,0.011323289,1.3573935
-120.157967,36.3471527,0.0113249775,0.339355022
-119.655151,35.7485924,0.372016,0.16966401
-120.1912,35.9930458,0.177189767,0.0212051012
-120.122536,35.8738136,0.4627899,0.02120867
-120.385017,36.05505,0.171595931,0.042422384
-119.9974,35.9310455,0.4060165,0.0212123487
-120.066048,36.0502777,0.1807278,0.02120626
-119.826813,36.0466728,0.189986587,0.0212082826
-119.917641,35.92984,0.361108154,0.0212096479
-120.933266,36.5951958,0.0113225458,0.6787041
-122.576874,37.8018761,0.003986553,2.71474433
-112.258934,30.3184147,0.07712886,0.678691268
-113.173744,31.6324158,0.09289858,0.339363545
-112.442772,30.91221,0.0864203,0.339366525
-111.071648,29.3549747,0.07781243,1.3573724
-113.902534,31.5251312,0.09290465,1.35741651
-112.896904,30.3279934,0.07944209,0.6787131
-113.809532,30.8145046,0.08078193,0.678694069
-108.581886,26.9535522,0.666084766,0.0848325342
-108.83329,27.2528229,0.7721588,0.04241351
-108.605141,27.13121,0.6660609,0.0424161851
-109.0393,27.61055,0.8678983,0.0424257368
-109.233665,27.879425,0.8681097,0.0106006768
-109.348015,28.0436649,0.5364426,0.00530538941
-109.25663,27.9536343,0.6859212,0.00530464668
-109.085258,27.758997,0.8680187,0.0212012045
-108.719765,27.39889,0.7912856,0.02121334
-108.537025,27.2188473,0.666065335,0.0212109629
-108.85656,27.4304867,0.8317808,0.0424189046
-107.9085,26.4706211,0.4838333,0.0212105047
-108.034187,26.6202545,0.499621719,0.0106064463
-107.920113,26.5594425,0.5873208,0.0106043667
-108.171532,26.8587551,0.6660955,0.0212126467
-107.931732,26.6482849,0.3310995,0.0106095029
-108.045807,26.7090969,0.66952914,0.01060636
-107.646,26.2893772,0.510356963,0.08484766
-108.285072,26.7126923,0.66584,0.169673979
-109.392616,27.6749477,0.8680019,0.04241507
-109.410316,27.9116058,0.8676966,0.0106044076
-109.399254,28.0296535,0.174605817,0.01060532
-109.336121,27.85141,0.8679344,0.0212056972
-109.2442,27.5545139,0.8678359,0.0848542
-109.722679,27.5616817,0.868009,0.084842205
-109.575348,27.8549862,0.867868245,0.0212082826
-109.478981,28.0308475,0.174502566,0.010605447
-109.490074,27.9128017,0.867699,0.0106045343
-109.5521,27.6773281,0.8679991,0.0424165949
-109.038185,27.1968021,0.8148346,0.08483281
-108.786781,26.8975163,0.666151,0.0424199477
-109.037666,26.9899445,0.751157,0.0106080491
-109.151741,27.050766,0.8675095,0.0106064146
-108.9352,27.0179539,0.69875,0.0212110132
-109.425842,27.3208218,0.867932,0.169652551
-106.594948,25.1506748,0.5104167,0.6786198
-108.466713,26.47901,0.6662083,0.0848424658
-107.930115,26.0277,0.335401028,0.0106058707
-108.044189,26.08851,0.6697711,0.0106086
-107.701683,25.8026333,0.5100937,0.0106039718
-107.9128,25.9461727,0.510857463,0.002648942
-108.015526,26.0215855,0.416590124,0.002648886
-107.8501,25.92306,0.510109067,0.00530102057
-108.306679,26.26975,0.6659734,0.0424315035
-109.208496,26.9777279,0.8677472,0.005300318
-109.117126,26.88769,0.743007243,0.005299279
-109.276878,26.993536,0.867951,0.0106072947
-108.934387,26.7076416,0.6657002,0.0106032286
-109.145508,26.851181,0.7393097,0.00265323883
-109.24823,26.9266,0.8674048,0.00265349867
-109.082787,26.82808,0.6798067,0.00530128041
-109.539375,27.1747742,0.867845953,0.0424268022
-108.90033,26.75146,0.666111469,0.02121064
-109.094429,26.9169,0.7443739,0.00530138565
-109.1858,27.006937,0.8686745,0.005302424
-109.026039,26.9011078,0.6886023,0.0106066577
-108.763542,26.7198582,0.66620934,0.0424251668
-107.82766,26.0557156,0.577206433,0.0848267
-108.193146,26.4158077,0.517635643,0.08481749
-107.554077,25.992487,0.5104241,0.169660509
-111.891258,29.13086,0.0778142959,0.339333832
-110.932129,28.2890415,0.0711557344,0.08484076
-110.361183,27.7781067,0.867906749,0.04240424
-110.829124,28.110199,0.07780511,0.0053043
-110.686378,27.9824619,0.402998537,0.00265136734
-110.789116,28.0578766,0.07778477,0.00265149726
-110.988892,28.2160244,0.07780231,0.010607671
-110.686523,28.03419,0.0834847242,0.002652071
-110.652184,27.97457,1.28032255,0.00265137525
-110.760719,28.0944061,0.0778178349,0.00530533027
-110.5838,27.9587612,0.867826045,0.00530146761
-110.618126,28.0183811,0.1352659,0.00530149555
-111.571175,28.712347,0.0778162,0.169677362
-113.214783,29.9190426,0.077804856,0.169664592
-114.036591,30.5223942,0.07874163,0.169667259
-112.713066,29.7342072,0.07781664,0.3393454
-110.750465,28.5227356,0.07780625,0.169676527
-110.396057,28.0445766,0.113209873,0.02121226
-110.327393,27.9253445,0.8680626,0.02120493
-110.224396,27.7465,0.868003666,0.0424270928
-110.658546,28.2258358,0.117975481,0.08484488
-111.344116,29.0044556,0.07780815,0.339342058
-110.05381,27.8621521,0.8681252,0.021210378
-109.957458,28.0380154,0.142990172,0.0106059
-109.968536,27.9199734,0.867973745,0.0106058717
-110.030556,27.684494,0.8680231,0.04241907
-110.196709,28.0415955,0.127897635,0.0106038563
-110.207787,27.9235535,0.868063033,0.0106019909
-110.270905,28.1018124,0.1265091,0.0212124661
-110.03167,28.0982361,0.1405234,0.0212118
-110.128029,27.922369,0.8680623,0.0106048184
-110.116966,28.040411,0.127896935,0.0106066847
-109.718224,28.0344334,0.158621088,0.010605447
-109.729286,27.9163971,0.867826462,0.0106027089
-109.792419,28.09465,0.155331612,0.0212088153
-109.553192,28.09107,0.170571089,0.0212098546
-109.649559,27.9152012,0.8678233,0.0106025822
-109.638466,28.03324,0.15876314,0.01060532
-109.871071,27.6821079,0.8680228,0.0424156077
-109.888786,27.9187775,0.8679708,0.010605745
-109.877708,28.03682,0.143141627,0.010605772
-109.814575,27.858572,0.868023753,0.0212077759
-110.203331,28.3963261,0.07781988,0.339357018
-118.649513,34.5514565,0.4628836,0.339356542
-117.804466,33.77045,0.372244924,0.042418614
-118.033165,34.098938,0.391338319,0.02120852
-117.850426,33.9188957,0.37217173,0.02120748
-117.507629,33.5295868,0.3722505,0.08483693
-118.215363,34.0721245,0.427473456,0.0848349
-117.963951,33.7728424,0.372216821,0.0424197726
-118.192116,33.89447,0.346204072,0.0424173959
-119.196655,34.6778679,0.462843984,0.678714752
-116.822083,32.7509727,0.372217357,0.3393553
-115.6802,31.7291012,0.295627773,0.169671491
-116.502014,32.3324547,0.3722643,0.169674158
-118.25415,33.65898,0.371036381,0.00530229462
-118.288475,33.7185974,0.77308476,0.00530135445
-118.339966,33.8080254,0.7729637,0.0106046246
-118.1229,33.5683556,0.372290045,0.021212671
-118.476746,33.8396263,0.462756664,0.0212098267
-118.3682,33.7198029,0.462938428,0.005300962
-118.333885,33.6601868,0.124315813,0.005301902
-118.465118,33.7508049,0.4630963,0.0106003648
-117.757423,33.2082672,0.3721972,0.0424118154
-118.179665,33.4953423,0.3720858,0.0105989231
-118.390785,33.63888,0.3582974,0.002653536
-118.493507,33.7142944,0.461871028,0.00265307142
-118.328072,33.6157722,0.294312835,0.00529981358
-118.054237,33.4491272,0.3721648,0.0212060567
-118.967407,34.142498,0.462775677,0.169674158
-117.689293,33.2958946,0.3723106,0.0848445445
-118.077484,33.62678,0.3721718,0.02121064
-118.317261,33.83725,0.226086736,0.0106108673
-118.203186,33.77644,0.306125075,0.01060636
-117.9407,33.59518,0.372261,0.0424251668
-117.41571,33.2326927,0.37220943,0.169677347
-121.707481,36.42949,0.0113225412,0.0848440751
-121.319275,36.0986,0.204563662,0.02120582
-121.136536,35.9185524,0.3342636,0.0212074555
-121.456062,36.1302032,0.0708661154,0.0424225554
-121.981056,36.4927063,0.0113247968,0.169670939
-120.611,35.3492,0.462777048,0.169700444
-121.535545,36.02797,0.360435754,0.005303313
-121.444176,35.9379425,0.4629944,0.00530197658
-121.603943,36.043766,0.121842369,0.0106054693
-121.364159,35.83331,0.6073206,0.0212066378
-121.866432,36.22502,0.0113249877,0.04242418
-121.227379,35.80171,0.4628627,0.02121282
-121.421455,35.9671478,0.332289666,0.005300946
-121.512825,36.0571747,0.0240854416,0.005302283
-121.353065,35.9513435,0.407940954,0.0106054069
-121.090576,35.77011,0.462778866,0.04242448
-123.031006,37.21767,0.003987151,0.6786502
-120.6409,35.8815765,0.4627157,0.0106049869
-120.629814,35.9996147,0.158895448,0.0106059
-120.566689,35.8213654,0.462827444,0.0212075971
-120.805931,35.82495,0.462892652,0.0212034751
-120.709564,36.00081,0.158939809,0.010605772
-120.72065,35.88277,0.462748021,0.0106048593
-120.543434,35.6437073,0.462865621,0.08483663
-120.337433,35.2859955,0.462851375,0.169663176
-121.319824,36.3054657,0.0113276271,0.0424134471
-121.125458,36.03659,0.13904433,0.0106073534
-121.056786,35.91736,0.5630822,0.010604742
-121.273865,36.1570244,0.0113269454,0.0212120321
-121.616646,36.5463257,0.01132452,0.08483165
-120.948792,36.0044,0.149473369,0.0106033552
-120.959862,35.886364,0.4629814,0.0106042679
-121.02301,36.06461,0.143990383,0.0212098267
-120.783775,36.0610237,0.153094932,0.0212125834
-120.880127,35.8851662,0.463017642,0.0106032966
-120.869057,36.0032043,0.149555847,0.0106023839
-121.046257,36.2422638,0.0113209905,0.08483393
-119.790306,35.1595879,0.462835133,0.3393553
-120.224457,35.6389275,0.462866127,0.08484482
-120.441528,35.8785858,0.462832272,0.02120896
-120.510185,35.997818,0.158839822,0.0212125834
-120.2477,35.8165855,0.46279192,0.0424152464
-119.8368,35.5149078,0.462895662,0.169684887
-116.596107,33.4568138,0.372258872,0.339341223
-116.161949,32.9774666,0.3381946,0.084847495
-115.910545,32.6782036,0.188907638,0.0424190238
-116.1387,32.7998161,0.310055315,0.042412933
-116.5496,33.10149,0.372264475,0.169681624
-115.543968,31.9043732,0.0930189341,0.339375824
-116.50309,32.74618,0.3722132,0.16965273
-116.057861,32.38489,0.317785054,0.04241313
-115.898376,32.38251,0.09313287,0.0424212366
-116.22953,32.682972,0.372191161,0.04241642
-115.921631,32.56017,0.047490295,0.0212133434
-116.081116,32.56255,0.338245928,0.02120925
-117.942871,34.42265,0.462794274,0.08483485
-117.691467,34.12337,0.390743226,0.0424155258
-117.919617,34.245,0.414352983,0.0424137451
-117.416809,33.6464272,0.372203857,0.08483681
-117.805,33.97732,0.372198075,0.0212137531
-117.98774,34.1573639,0.391275942,0.0212147925
-117.668213,33.94572,0.372221261,0.04241692
-118.467857,34.78514,0.462798864,0.339348316
-117.052406,33.70006,0.372252882,0.3393466
-117.486549,34.1793976,0.363134116,0.0848439559
-117.737976,34.478672,0.4628065,0.042417217
-117.5098,34.35705,0.39488706,0.0424164757
-117.098915,34.055378,0.372255653,0.169677213
-114.815163,32.0116463,0.09290476,1.3574034
-115.683472,32.9703178,0.07798313,0.339350075
-116.1863,33.5688744,0.2637634,0.169677228
-115.72998,33.3256226,0.20155564,0.169675156
-114.908173,32.72228,0.0929027349,0.6786871
-132.256882,45.27577,0.034768112,1.35740435
-130.794922,43.8353844,0.004598607,1.35739422
-133.351151,45.528595,0.0619237162,2.71479
-128.601974,41.6748161,0.0141967153,1.3574332
-126.3182,39.63106,0.0223901756,0.6787296
-127.961823,40.8377724,0.0109971613,0.678718
-131.3864,43.48965,0.0122508686,0.16965577
-131.8316,43.8509521,0.0116516734,0.04241069
-131.9911,43.8533325,0.23762086,0.04242251
-131.659927,43.55287,0.0150909526,0.0424200036
-131.910782,43.6452637,0.0150914947,0.0106087178
-132.024887,43.7060852,0.2871787,0.0106084207
-131.808334,43.6732979,0.0150912888,0.0212108213
-130.472641,42.5894051,0.0151011636,0.16965501
-131.317154,43.1635437,0.0150906267,0.04242814
-131.7394,43.4506035,0.0150901023,0.0106087727
-131.950516,43.5941353,0.108540259,0.0026494367
-132.053268,43.6695671,0.2915072,0.00265036477
-131.8878,43.5710335,0.0150903491,0.005305055
-131.613968,43.4044037,0.015090378,0.021211395
-131.0663,43.0711365,0.0151016489,0.0848313645
-133.120834,44.5795174,0.06384288,0.0848500654
-132.641251,44.15862,0.06383759,0.0212127
-132.458511,43.9785652,0.612454,0.02121131
-132.9608,44.37026,0.06384288,0.0424250327
-133.759872,45.0028076,0.063839674,0.169698939
-132.550415,44.27545,0.06383866,0.042415645
-132.321716,43.94696,0.23758623,0.0212091878
-132.504471,44.1270142,0.0638368353,0.02120852
-132.847244,44.5163155,0.06384499,0.08482921
-132.139526,43.9737663,0.213990256,0.08482897
-132.276855,44.21223,0.05030619,0.08482897
-130.24559,42.88151,0.0149433641,1.35742486
-138.463623,48.91502,0.0426661335,1.35736263
-136.179855,46.8712654,0.0634149,0.6787259
-137.823471,48.0779724,0.04265423,0.678734243
-141.43074,50.9099,0.354703426,0.08484511
-141.065262,50.5497932,0.0367906,0.08484244
-141.70433,50.973114,0.334641159,0.169679314
-140.334274,49.82961,0.0358176231,0.169650182
-141.1788,50.4037476,0.0368111171,0.0424257
-141.5897,50.7054253,0.3284987,0.04242644
-140.927933,50.31133,0.0368056931,0.0848264247
-142.799683,51.6396675,0.376549155,0.169655755
-143.73558,52.303833,0.725643635,0.021219315
-143.4958,52.0933647,0.7255419,0.00530299451
-143.404419,52.0033455,0.7445073,0.005300383
-143.655579,52.19919,0.7256935,0.0106056547
-144.0551,52.5154839,0.7255742,0.04243759
-143.450378,52.1517754,0.7258306,0.0106014628
-143.336014,51.98755,0.507004559,0.005302475
-143.427414,52.0775642,0.7255419,0.00530299451
-143.598785,52.2722168,0.7258521,0.0212047081
-143.244919,52.0009575,0.466084749,0.02120812
-143.313583,52.1201668,0.7257904,0.0212044977
-142.297958,51.454834,0.3680157,0.339344949
-140.198044,50.0048828,0.0358091556,0.33936727
-140.974426,50.666626,0.0157566611,0.08482583
-141.33992,51.0267334,0.348899364,0.0848285
-140.700867,50.6034355,0.0349341519,0.169676811
-139.650925,49.87848,0.0429084562,0.6786843
-135.907379,47.2218,0.06342004,1.35738492
-137.369339,48.66219,0.0426631458,1.35739565
-134.8131,46.9689827,0.05684336,2.71479487
-127.875389,42.60957,0.0141122546,2.7147212
-126.045723,39.9816,0.0223903582,1.35741043
-127.50769,41.42201,0.0111713875,1.357417
-130.43161,44.30276,0.00466642762,1.35742772
-132.3499,45.9864,0.09415494,0.6787024
-131.437256,45.49989,0.01014249,0.6787242
-129.337341,44.049942,0.013804174,2.71472716
-124.588158,40.196167,0.0161120724,5.429688
-125.686829,42.10393,0.0225964226,5.429455
-111.448082,33.85243,0.0929037258,1.35735428
-110.898743,32.8985443,0.07917539,1.357416
-112.449341,33.3946228,0.09290384,2.714799
-109.800072,30.99079,0.0778146,2.7147522
-111.806984,31.7301083,0.08350657,0.678720355
-112.719627,32.2166176,0.09290204,0.678707242
-110.987366,31.95423,0.0706892461,1.35740161
-108.426758,28.6061039,0.0693613,1.35740209
-107.478722,27.6462345,0.510425866,0.0424229465
-107.496422,27.882925,0.5103431,0.0106036793
-107.485344,28.0009613,0.170331955,0.0106064314
-107.422218,27.8227081,0.510554,0.0212132987
-107.3303,27.5257969,0.510377347,0.08483758
-107.808777,27.53298,0.5439102,0.08484226
-107.661446,27.8262939,0.5105048,0.02120484
-107.565086,28.0021458,0.17033501,0.010605461
-107.576172,27.88411,0.510361135,0.0106027089
-107.638206,27.6486359,0.5104153,0.0424170345
-107.283791,27.1704865,0.5266496,0.339352041
-108.453362,27.8972683,0.8682001,0.0106067844
-108.442284,28.0153046,0.239144892,0.01060406
-108.37915,27.8370457,0.8679378,0.0212098546
-108.6184,27.8406315,0.8680854,0.02121253
-108.522034,28.0165,0.239221618,0.0106039336
-108.533112,27.8984623,0.868197,0.0106066577
-108.241844,27.5985622,0.728117,0.0424243622
-108.469994,27.72019,0.867951632,0.0424261428
-108.960632,28.0230923,0.206668019,0.0212091412
-108.891968,27.9038486,0.8680079,0.0212164409
-109.154457,28.0850925,0.201903373,0.04242244
-108.761269,28.0201015,0.222942188,0.0106070517
-108.772346,27.9020538,0.8679594,0.0106061529
-108.835472,28.0803223,0.2176359,0.02120757
-108.596245,28.0767155,0.23375532,0.02120831
-108.692604,27.9008484,0.867958069,0.01060307
-108.681519,28.0188961,0.223020062,0.010603969
-108.139915,27.83346,0.734719932,0.0212098826
-108.043556,28.0093288,0.249647215,0.0105998944
-108.054649,27.89129,0.5654471,0.0106026046
-108.116676,27.655798,0.633081,0.0424179137
-108.305504,27.9836941,0.465471357,0.005301874
-108.260078,28.0421085,0.373938173,0.00530295
-108.293861,27.8948669,0.867740631,0.0106037483
-108.356995,28.07312,0.250029981,0.0212089065
-108.11776,28.0695343,0.264181942,0.02120484
-108.214119,27.893671,0.8677355,0.0106047187
-108.220215,28.0415134,0.45871,0.005300121
-108.185883,27.9819031,0.482078,0.00530279567
-107.804321,28.005743,0.160124,0.01060628
-107.8154,27.88771,0.510523438,0.0106044263
-107.878532,28.065958,0.16166082,0.0212052818
-107.639282,28.0623627,0.165281981,0.0212088432
-107.735657,27.8865,0.5105236,0.0106025692
-107.724571,28.0045319,0.160123572,0.0106044216
-107.957176,27.6534119,0.5479778,0.042423062
-107.974907,27.8901062,0.5479208,0.0106065311
-107.963829,28.0081425,0.186728477,0.01060382
-107.900688,27.82989,0.539580166,0.02121514
-106.322472,25.5012,0.5104529,1.35742235
-108.0015,27.18126,0.562451661,0.04241289
-108.161,27.18366,0.6661121,0.0424204841
-107.829834,26.883173,0.5103975,0.042417217
-108.137749,27.006012,0.685304761,0.0212139767
-107.978249,27.00361,0.4267114,0.02120831
-107.555176,26.4062252,0.5104873,0.08483524
-107.943359,26.7371273,0.660769165,0.0212064888
-108.126122,26.917181,0.6264871,0.0212084949
-107.80658,26.70552,0.5104923,0.0424184352
-108.720314,27.6057587,0.8498636,0.0424161777
-108.491615,27.2772732,0.666113257,0.0212089326
-108.674355,27.4573154,0.7912165,0.02121131
-109.039833,27.8174038,0.867938638,0.0212096013
-109.233925,27.9828434,0.496955663,0.00530050974
-109.325294,28.072876,0.0778059959,0.005301253
-109.16555,27.967041,0.7611339,0.01060532
-108.903053,27.7858028,0.867907763,0.042417217
-108.309418,27.3040867,0.66611594,0.08483176
-108.560822,27.6033535,0.813633263,0.0424103066
-108.332664,27.4817257,0.6697439,0.0424085222
-107.328117,26.6983242,0.5014195,0.6787201
-110.708336,29.8223515,0.07781325,1.3574388
-112.261131,31.145895,0.0864341855,0.339316577
-112.9921,31.8660984,0.09291188,0.3393136
-111.713982,31.0194759,0.07365614,0.6787363
-109.614052,29.5695438,0.07781367,2.71477437
-116.923828,36.77147,0.0274890158,2.71479774
-115.825188,34.8637123,0.105809033,2.71482849
-119.298424,38.6983681,0.005605279,5.429675
-113.636627,34.358078,0.0929030553,5.429581
-115.532738,36.27779,0.00614831643,0.169678941
-115.577057,35.80563,0.08774789,0.169660583
-115.829559,36.51866,0.008115055,0.339375138
-114.87262,36.50432,0.005634834,0.3393551
-115.25808,35.8008537,0.08774791,0.169665486
-115.213768,36.2730141,0.006148103,0.169683844
-115.922569,37.2292824,0.0125670219,1.3573879
-113.503685,35.7745476,0.09149449,0.339356661
-113.778343,36.2514839,0.00610277755,0.3393569
-112.728371,35.5265045,0.0924579054,0.678683639
-114.301147,35.7865028,0.08961761,0.169676989
-114.256813,36.258667,0.00610709237,0.1696734
-114.004326,35.5456429,0.09058284,0.339355171
-114.961266,35.5599937,0.08870636,0.339342237
-114.575806,36.2634468,0.006103112,0.1696734
-114.620125,35.7912865,0.08961765,0.169676989
-105.688881,27.14657,0.4781139,1.357391
-104.917969,28.5534916,0.0205448531,0.6786998
-104.869263,27.370697,0.4870652,0.339349717
-105.234764,27.7307835,0.4639318,0.0848418251
-105.4175,27.9108372,0.435964584,0.0212125834
-105.486168,28.0300751,0.256782144,0.0212115441
-105.246918,28.02649,0.266996771,0.0212090686
-105.337746,27.9096432,0.420241117,0.0212125834
-104.939026,27.9036655,0.438496053,0.0212098546
-105.00769,28.0229034,0.2772171,0.0212088153
-104.768456,28.0193233,0.287441522,0.0212098
-104.859276,27.9024715,0.4235533,0.0212152582
-105.075256,27.7283936,0.454988271,0.08483693
-105.502846,25.7253265,0.5104372,2.714768
-106.831848,28.5822,0.020544624,0.6787007
-106.85183,27.5186367,0.5105064,0.08484482
-106.704506,27.8119411,0.510469735,0.0212096479
-106.608147,27.9878082,0.210917622,0.01060307
-106.619225,27.86976,0.510574639,0.0106039559
-106.681252,27.6342831,0.5104652,0.04241927
-106.805321,27.1633148,0.5104125,0.169678748
-107.182983,27.8191013,0.5104113,0.021211192
-107.086617,27.99498,0.190630883,0.0106030982
-107.097694,27.8769321,0.51039356,0.010603942
-107.159729,27.6414433,0.5104589,0.04241879
-107.325859,27.9985714,0.1803793,0.0106043639
-107.336937,27.8805237,0.510621846,0.0106034232
-107.400055,28.0587921,0.175318941,0.0212062038
-107.16082,28.0551968,0.185654342,0.0212125834
-107.257195,27.8793182,0.510633647,0.010605745
-107.246117,27.997366,0.180380374,0.0106066847
-106.847374,27.9913788,0.200888917,0.0106063234
-106.858459,27.8733521,0.510359645,0.0106054246
-106.921577,28.0516,0.195689842,0.0212083384
-106.682343,28.0480137,0.20589596,0.0212077759
-106.778709,27.8721561,0.5103481,0.0106025962
-106.767616,27.9901829,0.2008844,0.0106034949
-107.000237,27.6390629,0.5104628,0.0424155779
-107.017967,27.8757381,0.5103903,0.01060677
-107.006874,27.993784,0.190630585,0.0106059266
-106.943748,27.815527,0.5104653,0.02120775
-107.4255,29.06392,0.0169118,1.35740376
-105.5116,29.035223,0.02054483,1.35743523
-106.191711,27.745142,0.457851,0.0848383158
-106.3689,27.9842014,0.2213329,0.0106046479
-106.379982,27.86616,0.510448337,0.0106046889
-106.443115,28.0444279,0.216106683,0.0212082565
-106.203865,28.040823,0.226282924,0.02121253
-106.300232,27.864954,0.510438,0.0106059127
-106.289154,27.982996,0.221327618,0.0106058717
-105.895966,27.9180088,0.4338336,0.0212093219
-105.96463,28.0372467,0.236541554,0.0212062038
-105.7254,28.0336552,0.246563,0.02120803
-105.816223,27.91681,0.4176645,0.0212088153
-106.0322,27.7427521,0.447576374,0.08483494
-106.486328,27.1585445,0.510410964,0.169666931
-106.521767,27.631876,0.5104599,0.04241361
-106.539467,27.8685665,0.5105863,0.0106081357
-106.528404,27.9866123,0.210922882,0.01060725
-106.465271,27.80834,0.510482848,0.0212095845
-106.373352,27.51146,0.510461748,0.08482426
-106.193886,28.5726261,0.02054291,0.6787027
-103.004059,28.52476,0.0205441751,0.6786997
-103.092705,27.5804443,0.493084639,0.678685069
-103.597694,29.0065,0.020542711,1.35745156
-101.683815,28.977808,0.0205445737,1.35740769
-102.454742,27.5708866,0.493084371,0.6786861
-102.3661,28.5152035,0.0205423813,0.6787007
-104.226929,25.706192,0.5104362,2.71474648
-104.368629,27.5995884,0.4828732,0.678726137
-104.279991,28.5439148,0.0205446575,0.6787265
-103.774986,27.1178589,0.488339782,1.3573513
-108.79882,31.4485931,0.07781141,2.714724
-107.522911,31.4294586,0.03194767,2.71474576
-109.897484,33.3563538,0.06651889,1.357416
-110.903114,34.5534859,0.0929025039,0.6787145
-109.899666,34.1838264,0.0711569861,0.1696698
-109.443359,33.94058,0.07781264,0.16967456
-110.309486,34.0717659,0.08057871,0.339345068
-108.165245,33.0939674,0.0371648222,0.678731
-107.252617,32.6074562,0.0306812581,0.6787126
-108.984856,32.8698425,0.07781196,1.357384
-105.059669,30.4468937,0.026997475,10.8590136
-101.380104,3.65509033,0.238449961,0.19929038
-101.5686,4.087606,0.4001854,0.0249092467
-101.637657,3.95237732,0.135096148,0.0249152146
-101.664711,4.220037,0.415147156,0.04982293
-101.272766,4.02556372,0.258272469,0.0498245433
-101.507011,3.887553,0.238462269,0.02491604
-101.43795,4.02278137,0.444873273,0.02491007
-100.919106,3.59585571,0.235035717,0.3985746
-102.117371,3.1734364,0.23842518,0.3985929
-101.971764,3.77915454,0.23841694,0.09964758
-101.864418,4.149633,0.3978165,0.04982522
-101.802849,3.94958,0.315769434,0.049826026
-101.779533,3.51428723,0.238426954,0.199288979
-101.150452,5.0665946,0.415197074,0.797164261
-100.704407,4.33681726,0.4134688,0.199300811
-100.51593,3.90431213,0.235513657,0.024913758
-100.446861,4.03954554,0.458113819,0.0249167476
-100.419823,3.771876,0.23510997,0.049828995
-100.811768,3.96632886,0.334583461,0.0498198457
-100.577507,4.10436,0.4151342,0.02491441
-100.646584,3.96912646,0.130134523,0.0249114186
-101.165428,4.396047,0.4139187,0.39859584
-100.411491,2.66602588,0.262758523,0.7971766
-99.93466,1.83623755,0.6176739,0.0498276167
-100.134377,1.76583862,0.215086758,0.0498168729
-99.8963852,2.07147717,0.522509754,0.09965374
-99.71164,1.47133887,0.6487084,0.09964109
-100.072784,1.56578577,0.270217448,0.04982225
-99.87307,1.63618469,0.6420753,0.0498329923
-100.426453,1.99548852,0.2479428,0.398574859
-101.333496,2.78450513,0.232043549,1.5943532
-103.550743,4.054087,0.366427749,0.0249122065
-103.619804,3.918869,0.171381757,0.0249062367
-103.646851,4.18652868,0.415267318,0.04982374
-103.254913,3.99207568,0.24246484,0.0498229377
-103.489159,3.85405469,0.23844856,0.0249054134
-103.420105,3.989273,0.4016243,0.0249113813
-103.953896,3.74565625,0.238429576,0.0996459052
-103.846558,4.11612463,0.370993167,0.049826026
-103.784973,3.91608167,0.280924737,0.049821455
-103.408867,4.49219275,0.4174656,0.39858675
-103.300682,3.42155457,0.238427371,0.797182143
-104.668724,4.269816,0.385879278,0.199293345
-104.545563,3.86971545,0.2999199,0.19929038
-105.129723,4.32905054,0.3940956,0.398586541
-103.931458,4.75148,0.415186644,0.398593068
-104.077065,4.14574671,0.3840148,0.09965205
-104.21521,3.875295,0.149879321,0.0996490642
-104.26931,4.410624,0.415248662,0.1993025
-102.072472,5.18506861,0.4151955,1.59434092
-102.498085,3.87080383,0.238449171,0.024909921
-102.429016,4.00603247,0.423097044,0.0249106735
-102.401978,3.7383728,0.238426313,0.04982145
-102.793907,3.932841,0.297832221,0.0498214476
-102.559669,4.07085657,0.38197577,0.024914559
-102.628731,3.93562818,0.152052879,0.0249138065
-102.094933,4.179255,0.4024866,0.09964735
-102.202271,3.80877686,0.238426313,0.04982145
-102.263855,4.008825,0.249852031,0.04982293
-102.639954,3.432724,0.23843357,0.3985805
-102.748146,4.503362,0.401352853,0.7971615
-98.7539,5.911443,0.6144119,0.7971734
-98.2463,4.981623,0.6759834,0.398599029
-98.83795,5.10568237,0.7048505,0.09964587
-99.09924,5.235321,0.604683042,0.099642776
-98.5691757,5.31131,0.612675846,0.199291736
-99.84485,5.859487,0.606082141,0.04982364
-100.044579,5.789083,0.441432625,0.04982223
-99.80657,6.094732,0.599778831,0.09964429
-99.6218262,5.49460363,0.6047082,0.0996459
-99.9829941,5.58904028,0.4394546,0.0498238429
-99.7832642,5.65944433,0.604709864,0.04982525
-100.536354,5.94834375,0.41520527,0.199279577
-100.1677,6.189158,0.4152587,0.0498206243
-99.9679947,6.259562,0.555422,0.049815163
-100.205994,5.9539237,0.415186316,0.09963979
-99.27649,6.17072058,0.6046877,0.797167063
-97.47909,6.804362,0.623042762,0.19929637
-97.35592,6.40426636,0.6106075,0.199305519
-97.94009,6.86359644,0.6047327,0.398574322
-96.81088,7.15079737,0.700950861,0.09964431
-97.07218,7.280436,0.6047314,0.09965057
-96.5421143,7.35643,0.60870254,0.19929038
-96.95649,6.54507971,0.675940633,0.199299529
-97.2103043,7.00998926,0.5744685,0.09964608
-96.94901,6.88035059,0.6751103,0.09963982
-97.70872,5.39287329,0.6759838,0.7971614
-98.21635,6.322698,0.5883047,0.3985624
-97.69376,6.06341028,0.6758419,0.398587167
-99.0750961,3.35891724,0.651232243,0.3985684
-99.66674,3.48297119,0.6486567,0.0996474847
-99.96256,3.54499817,0.4854294,0.02491441
-100.0932,3.6098175,0.266188622,0.02491599
-99.82816,3.647817,0.648664951,0.04981913
-99.39796,3.68859863,0.656100631,0.19929038
-98.59912,3.97021484,0.687530637,0.199288771
-98.1306152,4.24625158,0.676001549,0.09965047
-98.26876,3.97579956,0.5941698,0.09964897
-98.67567,3.49972534,0.643723369,0.398577541
-99.36633,2.14747119,0.648659468,0.797148347
-99.81235,2.877248,0.585905552,0.19929792
-100.050774,3.29214978,0.24709186,0.01245576
-99.9509048,3.32735181,0.5932172,0.0124549679
-100.069908,3.17453,0.2961231,0.0249122735
-100.162285,3.474589,0.2151401,0.0249107629
-99.98171,3.42736816,0.578480661,0.0124549679
-100.081566,3.39216614,0.215039209,0.01245576
-99.80487,3.21252441,0.6181258,0.099646
-99.35135,2.81801343,0.648649931,0.398583323
-100.16687,4.74807739,0.381088972,0.199287161
-99.76745,4.8888855,0.5966499,0.199287161
-100.11277,4.21277857,0.504043,0.09963372
-100.220116,3.84229016,0.248241723,0.0498212464
-100.281677,4.04234838,0.27881223,0.04982434
-100.304993,4.477636,0.467710525,0.199272275
-100.612907,5.47785425,0.415192842,0.3985652
-100.021263,5.35379553,0.5390131,0.0996521562
-99.75995,5.22415161,0.59039104,0.0996443853
-100.290039,5.148168,0.4151948,0.199296564
-98.98358,4.49995947,0.675939739,0.199299529
-99.23739,4.96487427,0.569526851,0.09964129
-98.9761,4.8352356,0.6750588,0.0996443853
-98.52256,4.4407196,0.6759812,0.3986021
-99.62097,4.05349731,0.687798,0.0498205423
-99.6825562,4.25355,0.681002557,0.0498237647
-99.39048,4.02387476,0.632450163,0.09965353
-99.88975,3.84787488,0.629698038,0.0498238355
-100.089455,3.77747083,0.2836663,0.0498321131
-99.88226,4.18315125,0.6102061,0.04982852
-99.82068,3.98309827,0.6167023,0.0498252958
-99.5061646,4.759247,0.626242936,0.199287161
-99.3829956,4.35915136,0.6147772,0.199299529
-98.59353,10.5035753,0.6047048,1.564356
-98.65198,12.0090227,0.4950381,0.048883
-98.76227,12.2476854,0.518077731,0.0488844477
-98.45597,11.9788561,0.6116853,0.09777385
-98.87856,11.7113342,0.604675,0.0977700353
-98.9031143,12.1585131,0.5588543,0.0488844477
-98.79284,11.91985,0.536118448,0.048883
-98.78684,12.6948547,0.518157363,0.09777501
-98.81905,13.0600739,0.4978152,0.0244414173
-98.83135,13.2836456,0.516624749,0.0122216465
-98.77621,13.1643219,0.398383468,0.0122211361
-98.70112,12.9033661,0.5180545,0.04888665
-98.55097,12.3814344,0.5176494,0.195545614
-98.25066,11.3376007,0.6047001,0.7821654
-97.65005,9.249928,0.6045703,3.128773
-100.412758,10.8943377,0.4356327,0.391077846
-100.477196,11.6247606,0.4387624,0.0977668539
-100.474205,12.0122681,0.48249048,0.012221504
-100.548439,11.926692,0.5590715,0.006110288
-100.5408,12.0086565,0.9033561,0.00611143466
-100.494118,12.1539,0.75299263,0.0244392771
-100.391479,11.8332672,0.5079879,0.04888459
-100.241333,11.3113556,0.404331028,0.195534885
-99.68988,10.118022,0.6047183,0.391100377
-100.192177,10.4170027,0.446738571,0.391077846
-101.307106,11.2536364,0.5589114,0.195541978
-101.023705,10.7389269,0.415257931,0.0244431179
-101.036011,10.9625139,0.39659065,0.0122225247
-100.980858,10.8431807,0.415083915,0.012221423
-100.905762,10.5822248,0.415215373,0.0488906428
-101.247292,10.8287458,0.481741816,0.0122176
-101.192139,10.7094221,0.448430061,0.0122197215
-101.3453,10.8438215,0.55878675,0.0244428758
-101.13401,10.9775848,0.5146779,0.0244448744
-101.121712,10.7540026,0.415294558,0.0122218216
-101.176857,10.8733263,0.446673185,0.0122196991
-101.69912,11.31395,0.5588695,0.391086072
-100.994789,11.7598267,0.614853263,0.195546478
-100.732979,12.079793,0.658713639,0.0122238183
-100.677834,11.96046,0.6750931,0.0122227976
-100.830994,12.0948744,0.740818441,0.024445761
-100.61969,12.2286425,0.7482747,0.0244428553
-100.603577,12.046031,0.740065753,0.006110497
-100.611229,11.9640656,0.356218129,0.00610935036
-100.662544,12.1243849,0.7479811,0.0122217182
-100.728355,11.774251,0.454131216,0.09777471
-100.797119,11.0366106,0.297251225,0.02444644
-100.922707,11.1113586,0.4852642,0.024446791
-100.719048,11.1631622,0.4889561,0.04888469
-100.764893,10.671402,0.415173,0.04888665
-100.910423,10.8877716,0.415234417,0.0122221569
-100.965576,11.0071058,0.396719128,0.0122232586
-100.812408,10.8726959,0.4151934,0.024442438
-101.025368,11.4319916,0.5588667,0.195553318
-99.5968246,12.1820831,0.518143058,0.0122197708
-99.68335,12.3201141,0.183739737,0.006109218
-99.620575,12.28273,0.518148065,0.00611109426
-99.49881,12.1670074,0.5180709,0.0244451687
-99.7101059,12.0332537,0.582522333,0.0244399812
-99.72239,12.2568359,0.5066251,0.012222534
-99.66726,12.1374969,0.518143058,0.0122211361
-99.65658,12.6069794,0.5166429,0.0488837771
-99.48352,12.3309278,0.5961076,0.02445061
-99.61294,12.3647,0.790656,0.00611109426
-99.67571,12.4020844,0.493616283,0.006109218
-99.57389,12.4279737,0.386029,0.0122256558
-99.39615,11.84639,0.533333242,0.195548549
-100.14962,12.2948809,0.7476512,0.195542678
-99.86025,12.555191,0.5164286,0.024444906
-99.98583,12.6299391,0.6138507,0.02444303
-99.7821655,12.6817322,0.5166468,0.04889128
-99.8204,12.2719269,0.4292103,0.0244469438
-99.8081055,12.0483294,0.4980082,0.0122170895
-99.86325,12.1676636,0.555126846,0.0122213326
-100.001122,12.4660187,0.6139977,0.0244438853
-99.87553,12.3912706,0.5165886,0.024445761
-99.2339859,12.8745117,0.553256,0.0488819219
-99.1236954,12.635849,0.5181765,0.0488814935
-99.43,12.9046679,0.5077163,0.09776244
-99.04264,13.1498766,0.5163791,0.0122172814
-98.98749,13.0305529,0.383860737,0.0122193228
-99.14063,13.1649523,0.5164644,0.0244465172
-98.92935,13.2987213,0.516621649,0.0244395416
-98.9170761,13.07515,0.3840777,0.0122235222
-98.9722061,13.1944733,0.5166183,0.0122214817
-98.98285,12.7250166,0.518186,0.0488852821
-99.15592,13.0010376,0.374769032,0.024443062
-99.0303345,12.9263,0.503170967,0.02443861
-99.09913,12.1886644,0.511083245,0.0977685452
-99.1297,11.86082,0.676532447,0.0977805853
-99.405426,12.4574938,0.411684483,0.0488915555
-99.51572,12.6961622,0.530289769,0.0488915555
-99.20942,12.4273376,0.518186,0.09777736
-99.5981445,11.1015368,0.5928872,1.56434655
-97.0014648,13.362361,0.5181659,0.7821793
-96.41944,12.4968824,0.518178344,0.195544913
-96.12844,12.0641327,0.6257948,0.04888563
-96.01815,11.8254652,0.604784369,0.0488834269
-96.32444,12.0942945,0.501078367,0.09777466
-96.81146,12.55719,0.5181682,0.391082346
-97.81609,13.1551619,0.518094361,0.391103536
-98.33368,13.2902269,0.5931198,0.0977659747
-98.6200562,13.4174042,0.5399663,0.01222445
-98.5649,13.2980757,0.518009245,0.0122231329
-98.7180557,13.43248,0.487873375,0.0244453214
-98.50675,13.5662584,0.414259344,0.02444371
-98.49447,13.3426714,0.5182064,0.0122204022
-98.54962,13.4620008,0.5400959,0.0122217182
-98.17754,13.5433245,0.415810883,0.195531949
-97.5037842,13.6613464,0.518153846,0.7822121
-96.09518,14.5531054,0.5181401,1.56431448
-95.9663,13.0922546,0.518146753,0.391087025
-95.90188,12.3618164,0.5181335,0.09776751
-95.8773,11.9146376,0.5048533,0.0488806963
-95.98759,12.1533051,0.525260031,0.0488828979
-96.1377258,12.6752319,0.5181218,0.195531473
-96.43803,13.7190752,0.518148661,0.7821734
-96.5231552,9.963328,0.6045869,3.12868738
-97.72709,11.97755,0.615644753,0.04888504
-97.61679,11.7388811,0.604785264,0.04888708
-97.9230957,12.0077057,0.498912215,0.09776973
-97.50049,12.2752275,0.518143654,0.09777929
-97.47592,11.8280535,0.5749152,0.0488925427
-97.58622,12.0667219,0.5853938,0.0488905
-97.71777,11.36646,0.6047323,0.391083121
-98.26925,12.5597887,0.5176563,0.1955452
-98.5602646,12.9925385,0.5181834,0.0488893837
-98.70577,13.2089033,0.467748374,0.01221914
-98.7609253,13.328227,0.5644428,0.01221965
-98.6077652,13.1938276,0.5181331,0.0244416818
-98.36426,12.9623823,0.5181895,0.0977705643
-97.87723,12.4994707,0.5192225,0.391115
-96.76231,11.662837,0.5722132,0.195543855
-96.98289,12.140172,0.583004236,0.19553946
-96.3703,11.6025238,0.6044001,0.391094536
-97.21548,11.0674744,0.604723454,0.391068816
-97.27991,11.7978973,0.6043992,0.09777348
-97.24933,12.1257372,0.428696871,0.09777519
-97.04404,11.4844818,0.6047199,0.195549324
-60.381424,5.30568457,0.02388514,4.69025326
-62.2247734,5.95802832,0.0296306722,9.380425
-71.92765,12.7843122,0.0127276331,18.7609081
-65.62109,9.421641,0.0109082116,18.7609348
-150.297333,52.40508,0.24236463,0.3812294
-149.659058,51.7397575,0.46784538,0.190602958
-150.208862,51.9478149,0.3754223,0.0476570651
-150.466812,52.0839539,0.319004238,0.04766041
-150.046,51.94397,0.4486705,0.0238307025
-150.1411,52.0762444,0.328108668,0.023832418
-149.896774,52.0704765,0.3373971,0.02382939
-149.964554,51.9420471,0.5020269,0.02382286
-151.138962,52.6850471,0.242371336,0.762451649
-148.994385,52.3742561,0.242374286,0.381234944
-149.333359,51.7320442,0.497445047,0.09531623
-149.557388,51.932415,0.4540703,0.023829395
-149.652466,52.06471,0.346632719,0.023832418
-149.408157,52.05894,0.35567385,0.0238264054
-149.475952,51.9304924,0.503443658,0.023828771
-149.102692,51.85664,0.5049476,0.1906444
-149.5103,52.6465454,0.2423545,0.7624796
-147.440567,52.66266,0.303668261,0.0476507358
-147.345474,52.530365,0.75819546,0.04764688
-147.202866,52.33193,0.757920444,0.09530149
-147.847717,52.67227,0.283397734,0.04765715
-148.105667,52.80839,0.2952566,0.0476603359
-147.650955,52.7326546,0.2902662,0.0952921659
-146.809341,52.45265,0.725584865,0.1906147
-147.114838,52.65495,0.725777447,0.04765644
-147.291336,52.7891426,0.415833533,0.02382958
-147.128479,52.7852974,0.6284271,0.023816023
-146.836639,52.71339,0.725643337,0.0953221843
-145.927231,52.56184,0.7256131,0.762451947
-147.888229,52.28311,0.3930994,0.09532655
-148.0238,52.0262146,0.2370407,0.09531474
-148.207352,52.6157341,0.2423862,0.09530452
-147.9494,52.4796143,0.227775589,0.09529815
-147.30455,52.13927,0.5886163,0.190625355
-147.765854,51.8900757,0.4784178,0.09530282
-147.630264,52.1469727,0.5720232,0.09531463
-148.614075,51.84511,0.5239903,0.0953099653
-148.32225,51.7731934,0.466704458,0.0238347035
-148.193253,51.70511,0.438868463,0.0238302127
-148.454514,51.6787834,0.519060552,0.04766266
-148.878632,51.65627,0.500494659,0.190623328
-148.471909,52.42693,0.242376134,0.19060114
-148.251144,52.0641,0.2945526,0.0476672761
-148.125473,51.8335381,0.5286956,0.0238213576
-148.25444,51.9016228,0.552087,0.0238258466
-148.478516,52.102,0.331577867,0.0952922553
-149.526367,55.7403755,0.242372051,1.66127264
-147.98671,55.8456841,0.287371725,0.207672253
-148.327621,56.1370659,0.242372051,0.103823818
-148.001877,56.1293755,0.228647456,0.103820615
-147.424255,55.97407,0.284226567,0.415298581
-148.696869,55.43744,0.242371738,0.83061
-150.768646,54.6363831,0.242373735,3.322588
-148.996231,57.9946,0.237148181,3.32256413
-147.721649,56.9727974,0.307819456,0.207664475
-148.195084,56.7006226,0.230988234,0.207657889
-147.662949,57.3964348,0.270044059,0.4153135
-147.12886,56.533783,0.290240437,0.4153277
-147.854187,56.40922,0.263408571,0.103835084
-148.179916,56.4169121,0.283379436,0.103838287
-147.543625,56.68524,0.290242463,0.207680047
-148.935562,56.85979,0.266435951,1.66136253
-146.681808,54.25647,0.290234238,0.830622435
-147.539658,53.5684,0.2902497,0.207640707
-148.013077,53.2962456,0.232507139,0.207652152
-147.480972,53.9920044,0.290242732,0.415311217
-146.564438,55.10373,0.2902212,1.66133583
-145.496246,53.37843,0.7092487,1.66131878
-147.0359,53.27315,0.288651377,0.207659438
-146.695,52.98175,0.725653648,0.103830405
-147.07988,52.9554138,0.329555452,0.012982484
-147.035385,52.8835335,0.7377574,0.01297395
-147.2205,52.92333,0.290240437,0.02596995
-146.8839,53.09247,0.540923059,0.00648971368
-146.965332,53.0944023,0.290268332,0.00648642238
-146.806259,53.1614571,0.586294,0.0129798194
-146.917038,52.95158,0.725641131,0.0129712876
-147.002243,53.0244331,0.467181921,0.00649010576
-146.920822,53.0225029,0.7151144,0.006493397
-147.6722,53.0048637,0.290232956,0.103828944
-147.99791,53.0125542,0.302466869,0.103835352
-147.361633,53.2808647,0.290233821,0.207653031
-146.2964,53.89319,0.290231228,0.05190862
-146.125977,53.7474861,0.6830107,0.0259596817
-146.288834,53.7513428,0.467379957,0.02595817
-146.577621,53.829,0.290227026,0.103817239
-145.926651,54.203186,0.2902202,0.0129703758
-145.841431,54.13036,0.5566536,0.00649155537
-145.922867,54.1322823,0.300063163,0.00648750737
-146.067245,54.17108,0.290227056,0.0259522274
-145.712189,54.3752022,0.345321774,0.0259584282
-145.7638,54.1993523,0.5973549,0.0129804462
-145.808289,54.27122,0.235817179,0.0129699837
-145.970688,53.8854866,0.6916707,0.0519156829
-146.141113,54.0311775,0.290258437,0.0259559546
-145.959824,54.0623169,0.47432968,0.00648750737
-145.878372,54.0603943,0.725310266,0.00649155537
-146.03746,53.9933167,0.338548422,0.0129731735
-146.384445,53.25774,0.7256494,0.207666457
-146.725327,53.5491524,0.311407119,0.103832148
-146.340439,53.57546,0.7256575,0.0129790409
-146.384933,53.6473579,0.160898641,0.0129790409
-146.199829,53.6075554,0.7255674,0.0259595942
-146.554886,53.40343,0.47451973,0.02595431
-146.503281,53.5793152,0.289863467,0.0129808821
-146.458786,53.5074158,0.7686198,0.0129808821
-150.056519,53.4861946,0.242373571,3.32257557
-148.1041,54.9984322,0.226914078,0.207649559
-147.7632,54.70702,0.290248454,0.103824608
-148.088928,54.7147331,0.311952084,0.103831008
-148.666534,54.8700562,0.242373958,0.415311217
-147.393936,55.4066658,0.289560884,0.830674648
-148.369156,53.8713379,0.232816458,0.207665667
-147.895737,54.1434746,0.290909261,0.207662374
-148.427856,53.4477119,0.247079715,0.415331334
-148.961929,54.3103638,0.2423702,0.415311754
-148.236618,54.4348869,0.242379174,0.103831366
-147.9109,54.4271736,0.2344697,0.103824958
-148.5472,54.1588936,0.242367908,0.207659438
-147.371521,61.0729179,0.157696769,0.415324569
-146.720047,61.0575142,0.154035851,0.415292531
-147.992661,60.5209236,0.1887242,0.830649137
-147.106491,62.2000237,0.186936811,0.8305932
-146.513687,61.7609978,0.177818462,0.2076661
-146.335648,61.47344,0.121193141,0.207653642
-147.076141,61.632618,0.186922133,0.4153386
-145.949265,60.3309631,0.164019346,0.207655787
-146.496552,59.9188728,0.26502043,0.103820175
-146.348846,60.19873,0.164028391,0.103842631
-145.8906,60.7545776,0.164022788,0.415297031
-145.519348,59.8957825,0.274405271,0.1038454
-145.371658,60.17563,0.164036319,0.103830226
-145.267471,59.74815,0.278367549,0.207655177
-146.244675,59.77126,0.268735528,0.207660392
-145.697388,60.18334,0.164000586,0.103817061
-145.845078,59.903492,0.2743934,0.103832237
-147.47374,59.9419975,0.2557776,0.103835531
-147.326035,60.2218437,0.164014876,0.103820704
-147.221863,59.79436,0.259251624,0.207663342
-148.199051,59.8174629,0.183709189,0.207663164
-147.651764,60.22954,0.1252442,0.103823729
-147.799469,59.9496956,0.249549687,0.103838556
-146.542038,60.7699776,0.164021909,0.4152771
-146.674576,60.2064323,0.164020643,0.103846364
-146.822281,59.9265747,0.265025973,0.103823908
-146.926453,60.3540649,0.16402024,0.207646266
-145.746841,64.1512756,0.1869312,3.32244539
-145.299789,61.87398,0.164641678,0.8306781
-145.076248,60.73534,0.1640289,0.207656667
-144.964478,60.1660042,0.163999885,0.05191967
-144.94931,59.8822937,0.2839531,0.051912345
-145.134949,60.3117065,0.164032489,0.103839159
-145.41716,61.026722,0.164009973,0.415339649
-145.774216,62.38106,0.18311733,0.0519353822
-145.685181,62.2372856,0.115239665,0.0519120842
-146.055466,62.3168755,0.186932966,0.103838377
-145.3453,62.7250977,0.109849975,0.103848338
-145.448471,62.3733521,0.164038628,0.05190057
-145.537491,62.51713,0.21894379,0.05192386
-145.862228,61.7456055,0.1640392,0.2076643
-146.20314,62.0370064,0.164536387,0.103838377
-145.8774,62.0293159,0.1558317,0.103838377
-146.159622,62.7443352,0.1869368,0.8306196
-145.382843,57.34251,0.290236354,3.32249212
-145.209427,54.8592224,0.4379253,0.0259625372
-145.046555,54.85536,0.6639283,0.02595293
-145.364731,54.7212219,0.3159486,0.0519159846
-145.143173,55.1409721,0.2902717,0.0519129857
-144.994949,55.031208,0.34825635,0.0129788006
-144.950439,54.95932,0.733380556,0.0129745351
-145.135574,54.9991341,0.2902264,0.0259623155
-144.994461,54.641613,0.7329576,0.207651541
-144.803268,55.6287537,0.288579315,0.2076621
-144.6839,54.9176025,0.7256712,0.1038311
-144.798965,55.1682625,0.5728604,0.00648566568
-144.880386,55.1701775,0.31630674,0.006486466
-144.721329,55.2372551,0.6087523,0.012970509
-144.8321,55.0273628,0.7256976,0.0129751228
-144.917313,55.10021,0.477721423,0.00649010576
-144.835892,55.0982971,0.7259219,0.006489305
-144.906448,55.2770271,0.258325279,0.051911734
-144.8751,53.93044,0.7161718,0.8306512
-145.617569,55.64803,0.2902353,1.66123116
-146.390366,57.9330254,0.29023543,3.322477
-147.575928,58.8110542,0.288596749,0.8306015
-148.257721,59.39384,0.267647654,0.415311575
-147.606277,59.378437,0.260776758,0.415311575
-146.45105,59.0678,0.2902356,1.66122937
-143.974472,67.50947,0.1753744,1.661332
-143.383682,68.62887,0,1.6612432
-142.493484,67.19113,0.180833876,0.8306155
-141.900742,66.75213,0.1869525,0.207649738
-141.604324,66.5326,0.177690968,0.0519189239
-141.5153,66.3888245,0.121363692,0.05192197
-141.885559,66.4684143,0.186932981,0.103848167
-142.46315,66.62375,0.186945349,0.415285975
-143.6184,66.9343643,0.182718247,1.66127014
-142.202072,70.86765,0,3.32268667
-141.755,68.59036,0,0.8306488
-141.531479,67.45173,0.183562785,0.207656413
-141.4197,66.88241,0.186945558,0.05192463
-141.36,66.52683,0.215588748,0.0259577353
-141.449036,66.6706161,0.164177656,0.02596236
-141.590164,67.02811,0.186959848,0.103820793
-141.872375,67.74313,0.181311548,0.4153242
-142.436813,69.17315,0,1.661299
-139.838867,75.34527,0.004002078,6.645222
-140.634048,71.96398,0.00381342042,3.32265735
-140.971,69.13851,0,0.8306377
-141.139465,67.72582,0.185129166,0.207651332
-141.223709,67.01945,0.165697128,0.0519213974
-141.282379,66.5958252,0.08443581,0.02594492
-141.297546,66.87952,0.204768136,0.02594104
-141.28717,67.44596,0.183561817,0.10384652
-141.2664,68.57882,0,0.415310025
-141.224869,70.84457,0,1.66132021
-142.489517,64.07428,0.16401957,3.32256222
-142.693909,61.81241,0.164017782,0.830637157
-142.796143,60.68147,0.164009109,0.207658157
-142.847214,60.1159973,0.162275523,0.05191467
-142.913467,59.83421,0.2901913,0.0519108959
-142.976959,60.26073,0.166215,0.10384
-143.0556,60.9709358,0.164015844,0.415326476
-143.21283,62.391346,0.1640196,1.66123676
-143.394836,65.79574,0.186923727,0.415303379
-143.0388,65.220665,0.163691625,0.103834867
-142.836609,64.86167,0.164035976,0.05192591
-143.047791,65.0083542,0.136277586,0.05192853
-143.412827,65.3711548,0.186919242,0.207651779
-144.1429,66.09674,0.1869214,0.83067
-142.3514,66.0544052,0.186916664,0.103844211
-142.149216,65.6954346,0.177059814,0.0519104376
-142.360382,65.8420944,0.186934531,0.05191465
-142.725418,66.2049255,0.186905578,0.20766522
-141.805527,66.11233,0.161113247,0.0519229546
-142.016678,66.259,0.186934069,0.05192081
-141.585358,66.1779556,0.135436416,0.103825241
-141.929062,65.76107,0.151306584,0.103820875
-142.131256,66.12003,0.186916664,0.0519155674
-141.92009,65.97336,0.1611497,0.0519177169
-142.49292,65.2785645,0.164039165,0.0519168079
-142.704086,65.42524,0.152372256,0.05193422
-142.272766,65.34421,0.164011329,0.103842176
-142.61647,64.92731,0.164043278,0.103838645
-142.818649,65.28628,0.1524677,0.0519184433
-142.607483,65.139595,0.1640367,0.05190104
-142.954544,65.927,0.1869317,0.207639575
-142.47496,65.7031555,0.17471759,0.0519066639
-142.263779,65.5564957,0.165753841,0.05190245
-142.695114,65.63754,0.180382937,0.103816688
-143.726151,64.38686,0.145076826,0.103828274
-143.629578,64.10123,0.07681787,0.103820555
-144.100189,64.53738,0.186932445,0.207654655
-143.180313,64.44477,0.164001256,0.05190823
-143.391464,64.59144,0.125718936,0.0519050471
-142.960159,64.5104,0.164007857,0.103827417
-143.303848,64.09351,0.164019182,0.103828244
-143.506027,64.4524841,0.125728652,0.0519147143
-143.294876,64.30582,0.16402176,0.0519178957
-143.924988,63.541523,0.141341358,0.415338844
-144.32933,64.25945,0.186941192,0.207671031
-143.907,63.9661255,0.153893784,0.20767723
-144.601181,65.5408859,0.186933011,0.830643952
-143.641953,65.09322,0.186939612,0.207631633
-143.162354,64.86936,0.136245444,0.051923696
-142.951172,64.72269,0.164003789,0.0519210733
-143.382492,64.80374,0.151570529,0.1038321
-144.08223,64.9619446,0.186936945,0.4153242
-143.4891,58.4311028,0.29023397,0.830664754
-143.5913,57.30016,0.29023236,0.207654655
-143.64241,56.7347,0.290202767,0.0519110747
-143.667953,56.4519539,0.29029265,0.012979731
-143.689011,56.27538,0.7077979,0.006491036
-143.713165,56.3467827,0.290222,0.00648710225
-143.732834,56.5243225,0.2902948,0.0259573124
-143.772141,56.8794365,0.290211022,0.103834867
-143.850769,57.58963,0.2902258,0.415317565
-144.008041,59.01005,0.290235,1.66127932
-144.055191,55.3277473,0.7256296,0.415321976
-144.215256,56.039875,0.290301979,0.0259568542
-144.114151,55.8604,0.578988969,0.0129789207
-144.219742,55.9337349,0.290228635,0.0129784048
-144.402283,56.1151237,0.29030776,0.05191371
-143.954391,56.10454,0.33288306,0.006491095
-143.930237,56.0331421,0.7901892,0.00648923032
-144.0479,56.14217,0.290152639,0.0129784923
-143.83223,56.1016655,0.5170837,0.0259552188
-144.004074,55.89322,0.5808344,0.0259605814
-144.105179,56.0726929,0.290321082,0.0129759759
-143.999588,55.99937,0.5092426,0.012978361
-144.286026,55.6519356,0.6517339,0.0129844137
-144.391617,55.72526,0.2900751,0.0129830595
-144.175919,55.6847649,0.648763537,0.02595681
-144.347778,55.47633,0.719703257,0.0259568542
-144.4489,55.65578,0.290308654,0.0129731912
-144.3433,55.58246,0.6517865,0.0129745454
-144.516861,55.9761543,0.29017213,0.05192022
-144.277023,55.8642464,0.2902265,0.0129816607
-144.171432,55.7909126,0.5789725,0.0129821766
-144.387115,55.83142,0.2901661,0.0259622149
-144.38652,53.9188843,0.725593865,0.415311933
-144.52861,55.055603,0.725627363,0.103824608
-144.607269,55.76579,0.3427382,0.0519021936
-144.5348,55.5515747,0.3427416,0.0259584
-144.4865,55.40877,0.7200124,0.0259552188
-144.350586,54.768055,0.725625634,0.207652241
-144.598862,57.8906441,0.290221751,0.8306856
-144.309036,57.033783,0.2902341,0.415332943
-144.173141,56.3930473,0.2901842,0.051917918
-143.9333,56.2811279,0.29020384,0.0129776094
-143.813431,56.22519,0.350745738,0.00324230851
-143.760635,56.1885262,0.725710452,0.00324560679
-143.868454,56.20877,0.3005386,0.006488149
-144.0434,56.24831,0.290182024,0.0259568542
-144.3933,56.32741,0.290218681,0.103834778
-144.049576,56.7443123,0.290253937,0.103834867
-143.871536,56.4567566,0.2902796,0.0259589478
-143.782532,56.313,0.2902147,0.006486838
-143.732,56.223278,0.705083549,0.00324770575
-143.78479,56.2599373,0.311363548,0.00324440515
-143.876022,56.350605,0.290218,0.0129776094
-144.058563,56.5320129,0.290279448,0.0519210733
-144.5158,62.42214,0.158401147,0.83066076
-144.68425,61.00942,0.164041683,0.207656845
-144.7685,60.30307,0.16399467,0.05191518
-144.827164,59.879425,0.283980936,0.0259534474
-144.842331,60.1631355,0.1641199,0.02595711
-144.831955,60.7295723,0.1639934,0.103830539
-144.811188,61.8624458,0.16467315,0.415313065
-144.962845,64.6994247,0.186931342,0.8306482
-144.67305,63.84256,0.186934516,0.415318042
-144.479858,63.2713127,0.167167619,0.415345371
-144.032776,60.9940376,0.164012849,0.415326416
-144.442749,60.29535,0.164033592,0.103842236
-144.705017,59.8765373,0.283979,0.05192415
-144.638748,60.1583138,0.1639828,0.0519166961
-144.424789,60.71995,0.1640321,0.207669735
-143.996841,61.8432,0.164013058,0.8306228
-143.80925,59.8553658,0.290114552,0.103827417
-143.905838,60.14099,0.15959987,0.103842326
-143.435211,59.7048645,0.290220529,0.20765689
-144.41243,59.7279472,0.2844479,0.207648292
-144.231583,60.14868,0.164037868,0.103839055
-144.135,59.8630562,0.2937216,0.103824146
-143.610458,60.7007141,0.1640183,0.4153178
-143.254379,60.1256,0.160828829,0.103831246
-143.157761,59.8399773,0.290211439,0.103831604
-143.628418,60.27611,0.164936066,0.2076582
-136.589478,81.50192,0,3.322588
-135.877335,80.35174,0.0248917919,3.32260036
-135.112457,84.30041,0,3.32262635
-134.63504,81.45573,0.0288472828,1.66131175
-135.347183,82.60592,0,1.661299
-132.749268,88.77801,0,6.64507532
-133.544479,85.39672,0,3.32253766
-134.013916,82.00773,0.0148520209,1.66117167
-134.135269,84.27731,0,1.6611861
-128.022873,97.7331848,0.0003487434,13.2899857
-130.590454,90.99371,0,6.645038
-132.4044,85.36978,0,1.661306
-133.525345,81.99619,0.0148520265,0.830663264
-132.995209,84.25039,0,0.8306636
-131.772064,88.75491,0,3.32262731
-135.9492,78.65339,0.02362905,6.645239
-136.805069,76.40689,0.0322376974,6.64515972
-137.651352,72.46012,0.0247976035,1.66126955
-137.860535,71.04837,0.0247965846,0.415302455
-137.965134,70.3425,0.03237782,0.103830151
-138.017426,69.98956,0.1925522,0.0259618945
-138.056931,69.77799,0.408956647,0.012975798
-138.084885,69.92034,0.308121949,0.01297389
-138.100052,70.20403,0.0626555,0.051905062
-138.130386,70.7714157,0.0247969776,0.207652941
-138.191055,71.9062,0.02479661,0.8306348
-138.393066,69.21927,0.409100264,0.207652166
-138.774658,69.51163,0.04267358,0.103836842
-138.4222,69.57412,0.200757369,0.025957413
-138.259323,69.57026,0.4090705,0.0259626154
-138.557114,69.43564,0.2126553,0.0519172736
-138.660538,68.51722,0.399796516,0.207675725
-138.799622,69.12262,0.3964064,0.0129847061
-138.854324,69.1947556,0.09939795,0.0129741533
-138.8665,68.9471054,0.409100682,0.012986212
-138.9218,69.12552,0.153111413,0.00648895372
-138.867081,69.05338,0.399448842,0.006494005
-138.9096,69.37314,0.08735721,0.05191512
-138.662933,68.9423,0.409102052,0.1038344
-139.088455,67.39396,0.3023856,0.41532132
-139.067673,68.526825,0.402080685,0.103795774
-139.04451,69.23464,0.0511718839,0.0519098826
-139.0154,68.87976,0.358812332,0.0259517059
-138.975876,69.09136,0.166369632,0.0129746506
-138.947937,68.94903,0.341787964,0.0129783554
-138.930374,68.24024,0.3960482,0.207664087
-138.730743,71.35229,0.024797,0.8306166
-138.723587,70.077095,0.0247989763,0.2076553
-138.396652,69.85685,0.0247985665,0.05191294
-138.205841,69.71066,0.345321119,0.02595516
-138.3687,69.7145157,0.104455546,0.0259499587
-138.667679,69.79244,0.0247993637,0.103828952
-138.456131,70.77911,0.02479542,0.207663417
-138.262924,70.2078857,0.02478614,0.0519154146
-138.1663,69.9222641,0.115388408,0.0129852332
-138.138367,69.7799149,0.3320453,0.0129871406
-138.261734,69.99534,0.02478589,0.0259689353
-138.453735,70.35406,0.0247954112,0.103831746
-137.88446,75.29904,0.0255652,6.64504528
-139.974045,65.60864,0.259459257,0.0129758045
-140.08223,65.54035,0.164038181,0.01298121
-139.974655,65.7149,0.199380592,0.0259514321
-139.8106,65.4985,0.3024381,0.0259594023
-140.027542,65.46821,0.2604452,0.0129869441
-139.919357,65.5365,0.299376249,0.0129815377
-140.272461,65.58024,0.164018363,0.103835814
-139.676865,65.84951,0.299877673,0.207671449
-139.971054,65.0773,0.204543635,0.0259518586
-140.133926,65.08115,0.163669154,0.0259550717
-139.836136,65.21577,0.3024011,0.05191282
-140.023972,64.8306046,0.258433342,0.0129733281
-139.915787,64.8988953,0.302264631,0.0129787326
-140.023361,64.72436,0.08944108,0.02595398
-140.187424,64.94074,0.16403003,0.0259627029
-139.970459,64.97103,0.257518142,0.01298538
-140.078644,64.90274,0.154315367,0.012979975
-140.37944,65.29944,0.164018989,0.103820905
-140.026962,65.36193,0.0922135338,0.0259589758
-139.86409,65.3580856,0.3024403,0.0259557627
-140.16188,65.22346,0.162315786,0.0519088432
-140.763443,66.01688,0.164023414,0.415340424
-140.031143,66.105835,0.2505919,0.012972842
-139.922974,66.1741257,0.2853925,0.0129806949
-140.030533,65.9995651,0.0896929055,0.025957128
-140.1946,66.21594,0.1639917,0.02595681
-139.977646,66.24624,0.251026839,0.0129808271
-140.085831,66.17795,0.164059341,0.0129729733
-139.732742,66.1341858,0.3025916,0.103839643
-140.328339,65.86492,0.164012581,0.207662255
-140.6469,64.59741,0.161790282,1.66137075
-141.177032,62.3432121,0.164020956,0.8306063
-141.549057,60.9353142,0.16403304,0.207678229
-141.735092,60.2313652,0.1705337,0.0519128554
-141.854843,59.8091927,0.290196449,0.0259525143
-141.8293,60.09193,0.1653055,0.0259524714
-141.737488,60.65642,0.164024249,0.103844352
-141.553848,61.78545,0.164033338,0.415326655
-141.186615,64.04348,0.164020821,1.66124332
-142.460815,58.97348,0.290230423,0.8306348
-142.779373,57.7059822,0.290236682,0.103815421
-142.83168,57.3530464,0.290186226,0.0259603858
-142.857834,57.1765747,0.4774239,0.00648647267
-142.877579,57.07078,0.66896373,0.00324120931
-142.891556,57.14195,0.2615754,0.00324491318
-142.899155,57.283802,0.2903174,0.01297106
-142.9143,57.5675049,0.2901512,0.0519094132
-142.964813,56.89577,0.725569,0.012983527
-143.060226,56.96886,0.49791345,0.0064899656
-142.978775,56.966938,0.668461,0.006486943
-143.031662,56.7202644,0.7256898,0.012976585
-143.079971,56.8630676,0.6940192,0.00324213
-143.093948,56.9342346,0.287063032,0.00324397115
-143.032272,56.8265266,0.725630462,0.00649011228
-143.138641,56.4394531,0.725829363,0.0259613916
-143.133469,56.7226753,0.7255885,0.00649065152
-143.12767,56.8996162,0.6639792,0.003246764
-143.1137,56.82845,0.7019052,0.0032439332
-143.099136,56.65103,0.7258083,0.0129788537
-143.04924,57.4290161,0.290305465,0.05191465
-143.04744,57.11021,0.290247649,0.01297663
-142.952026,57.03713,0.4652867,0.00648685545
-143.033463,57.03905,0.290243059,0.006489877
-142.980576,57.2857246,0.290323615,0.0129778646
-142.932266,57.1429024,0.29020676,0.003247533
-142.918289,57.0717354,0.7337222,0.00324382633
-142.979965,57.1794548,0.290215552,0.00649081776
-142.837631,58.4157,0.290238142,0.415313423
-143.7957,55.03827,0.725584269,0.830675662
-143.488525,56.5185547,0.41028735,0.0259638056
-143.619659,56.3091431,0.631579638,0.01297733
-143.586533,56.45003,0.3768566,0.0129772639
-143.479538,56.730854,0.271735877,0.05192397
-143.416061,56.3043327,0.7256238,0.103840113
-143.347,57.294384,0.290277958,0.103823908
-143.292526,56.65559,0.548619747,0.0129754
-143.263184,56.86739,0.290323168,0.00648990925
-143.255615,56.725544,0.6487351,0.00648988737
-143.260788,56.4423332,0.725617051,0.0259545725
-143.36496,56.869812,0.347039342,0.0519119538
-143.081924,58.4214668,0.2902099,0.207656711
-143.143417,57.28957,0.290149629,0.0518978871
-143.190735,56.6531868,0.7256927,0.006488286
-143.151215,56.8647652,0.4869727,0.00324213528
-143.163986,56.7234,0.725845635,0.0032426063
-143.199722,56.4408875,0.725732,0.01297746
-143.185532,56.9364,0.3386172,0.0129748937
-143.21489,56.72459,0.615724,0.00649151066
-143.222458,56.866436,0.232650787,0.00649153255
-143.1993,57.57422,0.2901938,0.103824608
-142.488342,60.2491646,0.167707324,0.103846237
-142.7506,59.8303528,0.290239185,0.0519220866
-142.684341,60.11214,0.162373677,0.05192586
-142.470383,60.6737556,0.164022386,0.207670286
-142.458,59.6817627,0.2902527,0.207650349
-142.277161,60.102478,0.163930729,0.103829391
-142.180573,59.816864,0.2902263,0.103822023
-142.205322,61.8008537,0.164042011,0.415293157
-142.063217,60.6641235,0.1639922,0.103835344
-141.992142,60.0957642,0.164971918,0.025956694
-141.97699,59.81206,0.290286869,0.0259585567
-142.081161,60.23952,0.169352546,0.0519196466
-142.241257,60.95167,0.16404283,0.207657412
-141.675186,64.05503,0.1640284,0.830598056
-141.798172,61.79123,0.163984016,0.2076751
-141.859634,60.65932,0.164057523,0.05189629
-141.890366,60.0933647,0.165181309,0.0129771121
-141.915909,59.810627,0.290200651,0.0129771344
-141.9183,60.2357,0.169859931,0.02594626
-141.915512,60.94399,0.1639852,0.103841141
-141.909927,62.3605461,0.164027974,0.415291756
-140.487991,67.71039,0.137213111,0.41531086
-141.012527,66.8727951,0.122325629,0.207683176
-140.87999,67.43634,0.184753537,0.207660809
-140.452057,68.55956,0.0215793289,0.830637
-140.312759,66.71459,0.151112288,0.207651421
-139.727554,66.41742,0.302409321,0.103820466
-140.08194,66.39036,0.164050356,0.01297708
-139.976349,66.31705,0.297725171,0.0129815731
-140.192,66.3575439,0.163989782,0.0259541143
-140.020157,66.56599,0.127560869,0.0259642657
-139.919067,66.38653,0.300521344,0.012979256
-140.024658,66.45984,0.216991723,0.0129747652
-140.753067,66.58331,0.164022237,0.415318042
-140.122925,67.3476,0.08579253,0.05191465
-139.830338,67.1990051,0.302443564,0.0259513743
-139.981125,67.16717,0.2935316,0.00649169134
-140.062576,67.16909,0.164037079,0.00648787
-139.964554,67.23761,0.151098,0.0129776094
-140.3431,67.2819748,0.164009959,0.103831515
-139.975235,67.6274643,0.267562866,0.0259568542
-140.1381,67.63131,0.164033189,0.0259568542
-139.9421,67.76833,0.136811122,0.0519055165
-139.7972,67.3399,0.30243066,0.051920604
-140.0898,67.4884949,0.198682368,0.0259605814
-139.926941,67.48465,0.242156133,0.0259605814
-139.6613,66.6991653,0.3023958,0.207641333
-140.24649,66.99636,0.1670695,0.103824235
-139.8921,67.02341,0.3021769,0.0129816737
-140.038437,67.09769,0.216564864,0.00648596231
-139.956985,67.0957642,0.264981151,0.00648978353
-139.782028,67.0562057,0.302441239,0.02595133
-139.953873,66.8477859,0.201920941,0.0259553082
-140.054977,67.02725,0.0615609437,0.0129735023
-139.949387,66.9539261,0.266872138,0.0129774772
-139.9219,70.81378,0.0117909778,1.66134226
-139.752289,68.4013443,0.01670837,0.103835016
-139.655685,68.11573,0.394030929,0.10383708
-139.586609,69.1058044,0.024803225,0.103835605
-139.515579,68.53745,0.31510523,0.0259531
-139.500412,68.25375,0.3972302,0.02595492
-139.604584,68.68121,0.02602993,0.0519158728
-139.577057,67.40552,0.302379668,0.415340781
-139.99379,69.11542,0.0141572515,0.830693841
-138.861649,75.32215,0.0255655684,3.322584
-139.107559,70.7945251,0.024797,0.8306166
-139.296814,68.2489243,0.385296524,0.10383413
-139.138718,69.09519,0.174416319,0.05193164
-139.189819,68.52972,0.302830845,0.05192611
-139.332748,67.39975,0.302425474,0.2076683
-139.276031,69.3818054,0.02479702,0.207659781
-139.336121,68.6040344,0.398275077,0.0259535853
-139.384415,68.74685,0.0247878451,0.0259593874
-139.418961,68.25183,0.397289276,0.02596756
-139.458282,68.60693,0.309155941,0.0129859429
-139.409973,68.46412,0.389666229,0.01298196
-139.423752,69.10196,0.02478759,0.103834219
-139.3311,71.9331741,0.02479817,1.6612848
-122.395119,108.083763,0.362987816,0.103823468
-122.542824,107.803917,0.09116003,0.103838727
-122.647011,108.231384,0.376297355,0.207662374
-121.6698,108.20826,0.354456276,0.207654223
-122.2171,107.796211,0.09119159,0.103832506
-122.0694,108.076057,0.3629752,0.103817239
-123.326836,107.255737,0.0911773741,0.41529876
-123.1943,107.8193,0.09118347,0.103838377
-123.0466,108.099159,0.384697139,0.103838556
-122.942413,107.671669,0.09117769,0.2076643
-122.440651,108.934875,0.422338456,0.415333271
-122.308105,109.498405,0.388727248,0.103816189
-122.204918,109.850128,0.315025717,0.051916074
-122.1159,109.706352,0.44333902,0.05191919
-122.056236,109.350792,0.422340959,0.2076447
-121.936867,108.639595,0.422352254,0.830691457
-121.372437,107.209564,0.09118116,0.4153636
-121.239891,107.773125,0.09117182,0.1038161
-121.092186,108.05294,0.341337472,0.103823818
-120.988014,107.625496,0.09118104,0.207652256
-120.868675,106.914307,0.09117468,0.8306221
-122.823067,106.960487,0.0911793262,0.8306658
-121.965218,107.6486,0.09117913,0.207648069
-121.417931,108.060638,0.341332465,0.103824
-121.565636,107.780823,0.09117463,0.103816278
-122.0239,107.224968,0.09117887,0.415355772
-120.486229,108.888634,0.42233783,0.830600858
-120.336548,107.610085,0.09116276,0.103835613
-120.233337,107.961823,0.222836539,0.02595431
-120.159508,108.101738,0.4194199,0.02595431
-120.181252,107.748085,0.0911753848,0.0519088
-120.232384,107.182617,0.09116279,0.207655519
-120.559074,107.969521,0.233175889,0.051911734
-120.322365,108.105591,0.3169086,0.05190844
-120.588417,107.757713,0.09117922,0.103838816
-120.692604,108.185158,0.332716346,0.207627892
-120.99,109.183891,0.4223399,0.8307112
-121.5828,109.622925,0.4223259,0.2076397
-121.879189,109.84243,0.4223891,0.051915504
-122.049644,109.988136,0.4627791,0.0259563923
-121.88678,109.984283,0.4222094,0.0259596836
-121.597961,109.906616,0.4223944,0.103827633
-121.020355,109.751305,0.422324628,0.415324569
-119.702232,109.43679,0.422352225,0.8306611
-119.846558,107.952675,0.205142409,0.02596111
-119.731987,108.091637,0.3821078,0.0259578414
-119.855537,107.740387,0.0911814347,0.0519184023
-119.919014,108.166893,0.313710332,0.103827417
-119.988068,107.176849,0.0912050456,0.103837505
-120.05912,107.7452,0.09118468,0.0259498749
-120.09845,108.100288,0.405608058,0.0129748937
-120.050148,107.957489,0.2152865,0.0129748937
-119.970116,107.601433,0.09120505,0.0519206151
-119.997643,108.8771,0.422321945,0.415339381
-119.132179,109.423309,0.42234534,0.415298581
-119.505432,108.227959,0.422394276,0.0259572379
-119.54496,108.016388,0.190126836,0.0129836155
-119.5729,108.158722,0.422458231,0.0129798427
-119.651955,107.735542,0.09117361,0.0259530563
-119.646767,108.018791,0.19511281,0.00649450533
-119.633995,108.160164,0.422319025,0.006492684
-119.61245,107.947136,0.1963256,0.0129793677
-119.865906,107.17395,0.09110413,0.0519233
-119.76651,107.596596,0.0911038,0.02596072
-119.704048,107.94928,0.200216129,0.00648809038
-119.664543,108.160866,0.4222397,0.00324185845
-119.677315,108.019493,0.195012882,0.00324276928
-119.71302,107.736992,0.09120479,0.0129771121
-119.427589,108.863617,0.422351539,0.20766224
-118.847191,109.416588,0.4223507,0.207643315
-119.347679,108.22422,0.422311783,0.0129749505
-119.422813,108.013489,0.186395556,0.006491733
-119.399864,108.154625,0.4224217,0.006491744
-119.550163,107.733177,0.091189824,0.0129835615
-119.4852,107.94413,0.190858528,0.006492258
-119.4304,108.155342,0.422408521,0.00324613461
-119.453362,108.014214,0.1862847,0.003246129
-119.804832,107.172516,0.091297,0.0259405319
-119.644371,107.593719,0.09129747,0.0129716322
-119.520821,107.944977,0.191414088,0.00324538676
-119.445656,108.155708,0.422417074,0.00161823863
-119.488983,108.015068,0.188828543,0.00161823584
-119.580711,107.733894,0.09109684,0.00648979843
-119.142586,108.85688,0.4223592,0.103803836
-121.851463,105.520836,0.09117698,6.645208
-122.473412,102.702126,0.09122493,1.66126764
-122.6852,101.148766,0.17480208,0.207649261
-122.883583,101.4368,0.1017525,0.20765762
-123.003563,100.447937,0.205155075,0.207652539
-123.17379,101.160316,0.07923698,0.1038391
-122.9754,100.872284,0.197032034,0.103822768
-123.053833,102.14917,0.101373471,0.8306322
-123.012291,104.414894,0.09117576,3.322594
-123.739441,99.1903,0.1872891,0.103830338
-124.065178,99.198,0.07970586,0.103833839
-123.449242,99.466774,0.187312916,0.207660675
-123.831276,98.6258,0.130585834,0.207655475
-124.192528,98.91767,0.0161175,0.10382656
-123.866791,98.90997,0.198121,0.103823058
-124.525635,99.63389,0,0.41533494
-123.647621,99.7548141,0.175352648,0.207653418
-124.100708,99.48218,0.0937486,0.207664564
-124.510887,98.2168655,0.02723386,1.661246
-125.274925,96.53488,0,3.32260251
-124.173134,103.308983,0.0425054953,3.322568
-124.34201,100.762909,0.0313772373,0.830602765
-123.619484,100.179161,0.178064242,0.415321767
-124.270958,100.194557,0.03320254,0.415334582
-123.7053,102.164551,0.0645308644,0.8306322
-123.40033,101.02401,0.103398047,0.207660317
-123.329285,100.45565,0.137940034,0.207675308
-123.7616,101.315865,0.06590466,0.415301383
-127.312386,92.04958,0,3.32257438
-128.260086,89.23856,0,0.8306435
-128.733932,87.83308,0,0.207654163
-128.97084,87.13033,0.0958916545,0.05191281
-129.12114,86.7088852,0.426157773,0.0259663872
-129.075241,86.99113,0.31233868,0.025970228
-128.9427,87.55468,0,0.103829525
-128.677628,88.68176,0,0.415285975
-128.147491,90.93594,0,1.66131651
-129.56163,86.0109558,0.426226646,0.207651719
-129.922867,86.3028,0.06667563,0.103816584
-129.597153,86.29513,0.277402163,0.103823289
-129.879959,85.31013,0.4262399,0.207634464
-130.032455,85.8804,0.241767451,0.0519168749
-130.067978,86.16457,0.11719992,0.0519132353
-129.851822,85.73447,0.426230222,0.10382092
-130.261978,84.4691544,0.4054142,0.207667008
-130.562592,83.62622,0.302387029,0.103840388
-130.470764,84.19074,0.401095122,0.103844069
-130.28714,85.3197556,0.4262164,0.103845716
-130.213089,86.02633,0.09147537,0.0519173
-130.177567,85.74216,0.358846366,0.05192663
-130.170166,85.03366,0.426232457,0.20765236
-131.1534,82.50683,0.302408755,0.415301144
-131.708664,81.10324,0.302425176,0.103808172
-132.049973,80.26127,0.309131265,0.05190438
-131.876724,80.82386,0.293076843,0.0519062653
-131.489487,81.94809,0.302426279,0.207616165
-130.97496,83.35263,0.3024085,0.207648382
-130.796524,84.1984253,0.402296036,0.103855319
-130.8069,83.63199,0.302369863,0.10385181
-130.536636,85.042305,0.413790971,0.103830785
-130.31749,85.8871155,0.188081026,0.05190438
-130.4093,85.32263,0.3305357,0.05190243
-130.587738,84.4768448,0.406625658,0.103841968
-130.684738,83.6291,0.3023952,0.05190622
-130.674362,84.19553,0.402359664,0.0519079752
-129.762192,87.2907,0,0.4153186
-129.6721,86.65107,0,0.0519243255
-129.3897,86.50272,0.316721618,0.0259641632
-129.552551,86.50656,0.186140314,0.0259567648
-129.897324,86.58555,0,0.103837341
-129.5231,87.00173,0,0.103826396
-129.365417,86.71465,0.152103662,0.02595445
-129.327286,86.57209,0.369182169,0.0259545371
-129.547348,86.7897949,0,0.05191302
-129.329086,88.69715,0,0.415325552
-129.268417,87.56237,0,0.103818059
-129.2381,86.99499,0,0.0259540752
-129.224228,86.6404953,0.5072227,0.01297281
-129.262344,86.78305,0.13282834,0.01297603
-129.316925,87.13852,0,0.0519165732
-129.426086,87.84943,0,0.207644045
-128.6361,90.9475,0,0.830610454
-128.911545,89.2539749,0,0.415290177
-129.059647,87.84077,0,0.103823222
-129.133713,87.1341858,0.007186505,0.0259551276
-129.182236,86.71033,0.263150126,0.01297617
-129.177017,86.99354,0.0499926358,0.0129771568
-129.146271,87.55948,0,0.0519026667
-129.0848,88.69138,0,0.207661346
-126.068489,97.68698,0.000348742265,13.2902374
-133.424759,78.59373,0.0350687578,3.32248974
-134.627121,75.22207,0.0254648663,1.66123509
-134.259827,77.4801,0.0350697264,1.66126442
-135.773209,72.6991,0.0592420921,0.415322334
-135.879089,71.92242,0.409126282,0.0519169047
-135.978271,72.06644,0.122545213,0.0519169047
-136.038284,71.572,0.409042329,0.0519099832
-136.1234,71.92819,0.1289732,0.0259587634
-136.024216,71.78417,0.409113139,0.0259587634
-136.0634,72.4226151,0.120261692,0.207652092
-136.50174,70.73294,0.4090129,0.4153097
-136.353622,72.14614,0.04756682,0.207674861
-136.346252,71.4376144,0.3681603,0.103819966
-136.236664,71.86002,0.203139141,0.0519175269
-136.201157,71.57584,0.3444219,0.0519099832
-137.2658,69.05096,0.4018259,0.415339559
-137.9484,67.36704,0.302360862,0.2076512
-137.6019,68.49222,0.396790683,0.207654759
-137.000717,70.17805,0.395982,0.415336281
-136.5624,71.86773,0.172028974,0.20762527
-136.746017,70.73871,0.3007994,0.20762901
-135.6251,74.11228,0.0248794183,1.6612606
-134.748428,77.49164,0.03506654,0.8306968
-135.115723,75.2336044,0.0254609082,0.830682158
-139.211426,65.1301651,0.302389741,1.66124952
-140.321976,62.3230171,0.08196213,0.415339559
-140.877258,60.919445,0.16403307,0.103839844
-141.154892,60.21764,0.172655463,0.0259518083
-141.325546,59.7966728,0.290267676,0.0129877459
-141.2389,60.07796,0.168174371,0.0129877347
-141.045319,60.6400757,0.164051712,0.05190377
-140.658081,61.7642937,0.164033309,0.207671881
-140.143539,63.16881,0.0892274454,0.207660586
-140.027451,63.94524,0.09662183,0.0259586275
-139.9798,63.76704,0.276810348,0.006491035
-140.061234,63.7689629,0.164101228,0.006489023
-139.958145,63.83736,0.163756341,0.01297788
-139.921768,64.15524,0.290323853,0.05191602
-139.937332,63.3056221,0.231304869,0.051910013
-139.994522,63.51949,0.0594476275,0.0259552523
-140.042191,63.6976738,0.1929119,0.00648895744
-139.960754,63.69575,0.260721356,0.00649096863
-140.063843,63.62736,0.09523914,0.0129733151
-139.7104,64.575264,0.302368164,0.4152888
-141.850082,58.9590454,0.290233254,0.415284038
-142.30986,57.765728,0.444484,0.0259510726
-142.364624,57.5545158,0.621777952,0.0129755475
-142.3824,57.6966057,0.24522914,0.0129792532
-142.491959,57.27418,0.725612,0.025958607
-142.454941,57.6274719,0.5053136,0.0129829124
-142.43718,57.4853821,0.6502678,0.0129783936
-142.746643,56.71352,0.7257486,0.051923044
-142.616714,57.13548,0.725557864,0.0259624757
-142.507141,57.55789,0.476539075,0.0129791172
-142.55304,57.2756348,0.725345254,0.0129781738
-142.1862,58.40031,0.2902262,0.207646221
-143.5514,55.03249,0.725663245,0.415302336
-143.0165,56.436554,0.725669444,0.103830151
-142.816513,57.0693359,0.6986172,0.0129793715
-142.756638,57.2804451,0.40899086,0.006494899
-142.769409,57.1390572,0.685095966,0.006495853
-142.649643,57.5612679,0.290280819,0.0129875615
-142.699341,57.3499451,0.435065329,0.00649569
-142.738861,57.1383476,0.7248526,0.00324336439
-142.726089,57.2797356,0.468534142,0.00324288756
-142.86879,56.7164,0.7256173,0.0519233
-142.308334,58.4032,0.290247351,0.103821613
-142.524887,57.69998,0.3001769,0.0259535238
-142.634476,57.27757,0.569591939,0.0129814828
-142.588577,57.5598145,0.2665635,0.0129815042
-142.807724,56.7149544,0.7253367,0.0259491354
-142.708313,57.1376343,0.649101555,0.0129769184
-142.6191,57.5605354,0.2900722,0.006479934
-142.665009,57.27829,0.5750454,0.006479922
-141.704773,59.6639824,0.2902232,0.103831179
-141.625717,60.0871162,0.1663301,0.05190643
-141.569855,59.80247,0.2902662,0.0519138873
-141.411743,60.6487236,0.164030865,0.103825346
-141.422134,60.0822868,0.1673155,0.0259650536
-141.447708,59.79955,0.29030478,0.025957644
-141.4908,60.2255859,0.1714941,0.05190899
-140.983826,61.77196,0.163992479,0.207658917
-141.182632,60.9266472,0.16399169,0.103827775
-141.307587,60.2212639,0.172213569,0.0259495284
-141.386642,59.7981071,0.290057957,0.0129703023
-141.361069,60.08084,0.167141959,0.012974008
-141.289612,60.6458435,0.1639776,0.0519008972
-140.341934,63.45685,0.163753778,0.2076728
-139.740738,65.14267,0.302517951,0.103839293
-139.957291,64.43943,0.302738756,0.0259593744
-140.04393,64.15814,0.180579111,0.0259593744
-140.173874,63.7362175,0.180416763,0.05192085
-140.64772,62.33072,0.163966954,0.2076689
-141.040115,60.92329,0.16400224,0.0519087166
-141.236328,60.219574,0.172341272,0.0129825333
-141.3561,59.7974052,0.2903364,0.00649226364
-141.289841,60.079174,0.1681115,0.006491792
-141.14711,60.6424675,0.163994834,0.0259651
-140.861679,61.7690849,0.16400291,0.103817329
-138.813828,66.8208,0.30239,0.8306102
-138.334763,68.5095139,0.398480624,0.4153392
-138.436981,67.37857,0.302381873,0.415324658
-137.853348,69.7731857,0.409048826,0.103822693
-137.801056,70.12612,0.339154422,0.0259544943
-137.761536,70.3376846,0.08972034,0.0129790669
-137.7336,70.1953659,0.329856,0.0129772471
-137.71843,69.9116745,0.4090487,0.0519163534
-137.560364,70.75794,0.05069834,0.103829212
-137.583511,70.05016,0.409170628,0.0519170538
-137.612656,70.40501,0.184866115,0.0259610973
-137.652176,70.19344,0.409109563,0.0129733505
-137.680115,70.33576,0.309168458,0.0129751693
-137.132416,71.88117,0.024803225,0.207665876
-137.331223,71.0358658,0.05345385,0.103827417
-137.4893,70.1896057,0.4090406,0.05190618
-137.438217,70.7550659,0.308851659,0.0519043133
-137.876526,69.06539,0.40269807,0.41530624
-138.1927,67.37281,0.30242452,0.207595274
-138.090485,68.50375,0.398537517,0.207602561
-136.195129,74.1257553,0.0248839054,0.830611944
-134.992752,77.49741,0.0350787453,0.4153514
-135.685776,75.24707,0.0254917666,0.415343881
-136.633438,72.43607,0.0247969832,0.415302068
-136.941818,71.16834,0.111471407,0.0519193262
-137.031036,70.74543,0.409142017,0.0259476155
-137.025833,71.028656,0.3089506,0.0259474833
-137.2043,70.18286,0.409068048,0.05191045
-137.135422,70.6062546,0.4007446,0.0259561557
-137.0869,71.03011,0.220265031,0.0129837021
-137.0921,70.74689,0.347242266,0.012983771
-136.8881,71.87542,0.0248094946,0.207676962
-137.5915,69.0586548,0.402552336,0.20762901
-138.070557,67.3699341,0.30240947,0.1038682
-137.805481,68.49703,0.397376925,0.103868283
-137.433426,69.9049454,0.409142,0.103815392
-137.308487,70.61035,0.344559461,0.02596429
-137.229431,71.0334854,0.02481885,0.0129811568
-137.251175,70.67984,0.8537277,0.006480938
-137.258774,70.82169,0.06696078,0.006491467
-137.326462,70.18576,0.409043968,0.05192683
-137.010269,71.8782959,0.02478147,0.103823461
-137.125046,71.1726761,0.0247814376,0.0259535126
-137.173553,70.74882,0.218832225,0.0129846158
-137.16835,71.03202,0.0247502737,0.0129865119
-137.265366,70.18432,0.4090397,0.0259531215
-137.227036,70.60843,0.364640266,0.0129774706
-137.1989,71.0327454,0.0248124264,0.00648557
-137.2041,70.74954,0.218756407,0.00648462074
-133.138931,80.8537,0.0348171,3.32251215
-132.283066,83.10019,0.0543148555,3.32258
-130.469131,88.72411,0,3.32252645
-131.1318,85.9063644,0.0278816242,0.830608964
-131.251984,84.35084,0.37343666,0.103823178
-131.319931,84.6712341,0.30398953,0.01297786
-131.425522,84.74456,0,0.0129742045
-131.209854,84.70403,0.281652957,0.02595793
-131.3817,84.49558,0.3385531,0.0259583443
-131.4828,84.67508,0,0.0129773607
-131.377213,84.60175,0.303977966,0.0129810134
-131.417648,83.6464,0.302399039,0.103819162
-131.4887,84.2147751,0.3969289,0.0259606969
-131.528015,84.5698853,0.276597351,0.0129838968
-131.479691,84.42707,0.3756019,0.0129813366
-131.399673,84.07099,0.3910561,0.0519039445
-131.4272,85.34667,0.0972413,0.41533947
-131.764145,82.52122,0.302401483,0.4153181
-132.029221,81.3941345,0.155298591,0.4153167
-131.674316,84.64414,0,0.0519141667
-131.732986,84.22054,0.174893409,0.0259542689
-131.748154,84.5042343,0,0.0259504989
-131.86554,83.6570053,0.302431643,0.0519267172
-131.822021,84.36432,0.306974918,0.0259677712
-131.806839,84.08063,0.337825269,0.025964357
-131.671509,85.35244,0,0.207656756
-131.72821,83.3704,0.3024012,0.207655281
-131.643967,84.07676,0.3846829,0.0519168861
-131.5853,84.50039,0.265714318,0.025954809
-131.570114,84.2167,0.363316029,0.0259584934
-131.5805,83.6502457,0.3024018,0.103845134
-127.045685,97.71008,0.0003487376,6.64500761
-129.12468,90.95905,0,3.3225112
-130.434433,86.17321,0,0.207664087
-130.550522,85.39677,0.390514582,0.0259650666
-130.588638,85.53934,0,0.0259583965
-130.658813,85.045166,0.4263314,0.0259632021
-130.672684,85.39965,0.296443641,0.0129738674
-130.634567,85.25708,0.397537172,0.0129825333
-130.6025,85.89384,0,0.103825517
-130.872772,84.48356,0.408436447,0.103821635
-131.091919,83.63873,0.302394331,0.05190429
-131.0001,84.2032242,0.403606057,0.0519043356
-130.862381,85.04998,0.254162639,0.0259647518
-130.816483,85.33224,0.131449088,0.0259628873
-130.803909,84.90693,0.4262088,0.05191084
-130.724655,85.89673,0,0.0519323237
-130.714676,85.32981,0.3188007,0.012967445
-130.7199,85.04661,0.426269233,0.0129655153
-130.752792,85.47239,0.03745254,0.02596614
-131.479111,82.5145,0.302392483,0.2076647
-131.871521,81.10706,0.302455038,0.0519280545
-132.044785,80.54447,0.283818752,0.051923696
-131.693069,81.95286,0.30237484,0.103856087
-131.321045,83.36079,0.3023923,0.103838891
-131.162964,84.2070847,0.404189676,0.0519172773
-131.214066,83.6416245,0.302319437,0.0519191
-131.01387,84.8410645,0.422088176,0.0129791722
-130.984512,85.05289,0.293299,0.006488202
-130.976944,84.91102,0.41207692,0.00648629339
-130.918243,85.33466,0,0.0129650142
-130.940018,84.98099,0.857923031,0.00649023475
-130.947586,85.1228561,0.08249434,0.0064853
-130.785721,85.89817,0,0.02592635
-130.8546,85.4748,0,0.0129631534
-130.913284,85.0512,0.200227633,0.00649007829
-130.887726,85.33393,0,0.006488238
-131.035629,84.4874,0.409270138,0.0519064367
-131.152985,83.6401749,0.3025233,0.0259542465
-131.101883,84.2056351,0.404250175,0.0259533376
-129.980545,88.7125549,0,1.66134214
-84.73156,-248.178528,0.0398637243,13.0811987
-87.40569,-244.459915,0.02994135,3.27023625
-88.4827042,-242.418716,0.02149464,3.27026963
-85.8269348,-244.752975,0.0402199328,6.54056835
-81.57403,-248.7646,0.0242540576,26.162529
-101.808235,-250.989014,0.000762585143,8.279841
-98.89863,-249.0728,0.0457667857,8.280015
-103.667274,-255.375244,0.0238376055,4.139826
-105.801064,-258.6776,0.0598605163,2.07001233
-105.3484,-257.114746,0.02193984,2.06989
-103.715691,-253.51001,0,8.279819
-99.99762,-244.737549,0.0149398707,8.279782
-97.9933243,-245.947067,0.0369885266,8.279904
-101.905067,-247.2585,0.00200992241,16.5596256
-105.267326,-250.7376,0.004890371,16.5599346
-106.625282,-255.4262,0,8.279931
-107.89431,-258.791443,0,1.03496182
-107.619568,-259.875275,0.04510408,1.03500056
-108.759071,-258.7286,0,2.070001
-106.576874,-257.2914,0.00213022181,2.06992579
-106.892174,-259.3962,0.0460726954,1.03503156
-107.166908,-258.312378,0.00273450161,1.03499281
-167.663269,-197.952515,0.0040268437,24.5402451
-79.6533,-234.06929,0.0182272233,5.86241865
-68.09612,-203.847946,0.004444615,29.6608047
-75.35413,-211.370239,0.0110185,29.6607914
-65.8924942,-197.931534,0.009925466,59.3213043
-88.06089,-57.2525444,0.115345284,24.5086117
-116.45752,-39.2574158,0.08191983,0.8090036
-115.684593,-39.0139275,0.196313068,0.809023261
-116.620605,-40.2391853,0.08544866,1.61803532
-117.290733,-37.6591148,0.04548307,1.61798382
-116.157066,-37.9997673,0.123135015,0.404504716
-115.658905,-38.30803,0.216612369,0.404520482
-116.6809,-38.3973961,0.068330206,0.8089919
-113.803688,-39.81699,0.229106754,3.2360177
-115.237831,-40.73398,0.22826387,0.8090106
-115.9549,-41.1924744,0.1901538,0.2022509
-116.34137,-41.31422,0.06832876,0.20226565
-115.873375,-40.7015877,0.164942965,0.4045053
-115.074745,-39.75221,0.22826387,1.61802125
-118.664589,-40.4178925,0.063628085,12.944087
-115.530396,-34.77859,0.188894615,0.809017658
-115.947,-33.979435,0.131530643,0.2022495
-116.183228,-33.4723625,0.0453479961,0.101137169
-115.934143,-33.6264954,0.17469573,0.101118237
-115.5047,-34.0726967,0.190911055,0.404511631
-114.64579,-34.9651146,0.223520085,1.61802268
-116.827156,-35.4197044,0.0416996181,0.4045018
-116.260323,-35.59003,0.0414976925,0.101120524
-116.011253,-35.7441673,0.155828089,0.101123683
-116.52224,-35.7888451,0.0444328152,0.2022509
-117.351006,-35.81732,0.04464245,0.8090207
-116.5267,-34.1620522,0.04149984,0.8090134
-116.110085,-34.96121,0.09091902,0.2022495
-115.873878,-35.46829,0.166298911,0.101127207
-116.122948,-35.31415,0.0640844256,0.101124048
-116.552391,-34.8679466,0.0415006578,0.4045053
-114.929474,-32.2632942,0.192947015,0.80903405
-115.646553,-32.7217865,0.192961857,0.2022509
-116.03302,-32.8435326,0.110621579,0.202255815
-115.565025,-32.230896,0.192961067,0.404511
-114.766388,-31.2815342,0.192950264,1.61803818
-114.207939,-33.43159,0.1940615,0.8089614
-113.984558,-34.2916069,0.214153066,0.809005141
-115.229942,-33.52094,0.192960173,0.404508084
-115.796776,-33.3506165,0.192961186,0.101116881
-116.045845,-33.1964836,0.08480418,0.101135813
-115.534859,-33.1518,0.192961276,0.2022509
-114.706085,-33.1233253,0.192945629,0.8090308
-113.477516,-37.8534546,0.225919038,6.47206354
-115.800728,-36.9571342,0.2187873,0.202252164
-116.187195,-37.0788841,0.09151229,0.202260733
-115.7192,-36.4662476,0.19940494,0.404502153
-115.384132,-37.75627,0.228268191,0.404512584
-116.075508,-37.5088844,0.110602058,0.2022491
-115.689049,-37.3871346,0.228252381,0.202240542
-116.741188,-36.555603,0.054645963,1.61800933
-114.6972,-36.3768921,0.221654058,3.23604441
-212.803665,34.71731,0.05326,0.9602319
-214.279831,34.825,0.06893379,0.960219145
-212.114441,35.2452545,0.0210084561,1.92051625
-215.780441,35.2235832,0.07665269,3.84097075
-208.497314,35.8487434,0,7.68201256
-217.15889,34.16769,0.06851377,3.84103584
-214.231,34.24321,0.05284984,0.960267365
-212.754837,34.1355171,0,0.9602801
-214.920212,33.71526,0.05772818,1.9204824
-218.537354,33.1117744,0.06808203,7.682189
-320.366669,-41.5765076,0.0158424862,23.194891
-328.678223,-24.0339756,0.0204751883,27.4322968
-308.89798,-49.2002525,0.0153158847,60.8095322
-257.871674,25.23025,0.0826389,2.6227026
-257.202179,24.013916,0.08263857,0.655718863
-256.841339,23.2494564,0.0433631875,0.327797145
-257.354034,23.5279942,0.0826342,0.3278415
-258.175323,24.2584133,0.08264036,1.31134343
-255.830872,26.9635162,0.08705056,2.6226666
-256.1818,24.8805637,0.08264194,0.6556612
-256.4332,23.59611,0.04335574,0.32781744
-256.5377,24.2212982,0.08264131,0.327848732
-256.5427,25.64502,0.08264264,1.31131315
-253.381882,29.0434265,0.09566121,2.6226666
-251.189285,31.262619,0.0384660549,1.31131113
-252.30925,29.5974674,0.06765042,1.31132293
-254.549149,26.2671719,0.08263747,1.31143165
-255.820938,24.1160984,0.04335964,0.655655742
-255.517288,25.0879459,0.08263767,0.655712664
-254.501877,27.3782864,0.0594522879,2.62268043
-260.509766,18.7058811,0.0755585,1.3113656
-259.693451,19.39918,0.041609358,1.3113656
-258.469,20.4391422,0.04112001,2.62257671
-261.525238,16.4155426,0.07223397,5.24551
-258.322144,22.3487759,0.07760379,0.6557121
-257.2993,22.5035458,0.0618378,0.08195224
-257.555634,22.642828,0.08165676,0.08195224
-256.967041,22.6072388,0.06156643,0.163927734
-257.579224,22.08726,0.0509966426,0.163920939
-257.759644,22.4695072,0.08263977,0.0819586143
-257.5033,22.330225,0.06784308,0.0819586143
-258.678,21.6895142,0.0588642471,1.31137729
-258.991669,23.5651035,0.08264185,1.31131589
-257.762177,23.18136,0.0826323256,0.327853739
-257.019318,22.91984,0.03332367,0.163923055
-257.4797,22.885788,0.07727763,0.1638998
-258.426666,22.9739742,0.0826431662,0.655683637
-259.9025,20.6495514,0.07304455,1.31135619
-260.718842,19.9562531,0.113034427,1.31135619
-259.7034,22.2465916,0.07366218,2.622784
-253.391861,31.89083,0.09396089,2.62271047
-251.346085,32.20042,0.0525218435,0.327829719
-252.088989,32.4619026,0.0895313248,0.163914263
-251.628586,32.4959679,0.0525228642,0.163914859
-250.68158,32.4078026,0.0525216125,0.655657053
-251.906052,31.3678379,0.04479375,0.6556779
-252.266922,32.1322823,0.0718354359,0.3278339
-251.754227,31.8537655,0.09610112,0.3278292
-254.103638,30.5723362,0.0939601362,5.245423
-254.73085,34.3234825,0.101142786,5.24556446
-252.245773,33.3997,0.09748107,0.163916856
-251.785355,33.4337578,0.04479803,0.163924024
-252.423721,33.07007,0.08965282,0.3278337
-252.580521,34.0078621,0.09395881,0.327819556
-251.8376,33.746357,0.0379084758,0.163925573
-252.298035,33.7123,0.09395781,0.163918421
-250.786087,33.0329781,0.05252546,0.6556871
-251.680832,32.80856,0.05251757,0.1639254
-252.141281,32.7744942,0.0895273,0.1639248
-251.502884,33.1381874,0.05252554,0.3278513
-253.600937,33.14121,0.09396019,2.62272525
-256.039917,28.213892,0.08305532,1.31137419
-256.856232,27.5205841,0.06642369,1.31136143
-256.657135,29.1176243,0.09491817,2.62276077
-258.4889,26.1339626,0.0826401338,2.62266231
-258.13797,28.2169189,0.06774576,0.655733168
-257.834381,29.1887817,0.0961351544,0.6557033
-257.7771,27.4524536,0.0892346054,1.31139719
-256.363525,32.9368744,0.100355826,5.24560261
-255.945358,30.4361115,0.09273627,5.24552774
-267.125,8.089772,0.07549458,10.4906254
-265.094147,12.6704607,0.05805429,5.2453723
-267.0304,10.3119965,0.06434675,2.62272072
-266.423126,12.2556868,0.0821913555,2.62266
-271.604828,1.42917383,0.0485579558,5.24531841
-274.148346,-2.87298083,0.0386821032,1.31138659
-275.700134,-5.440333,0.0254973471,0.655735731
-274.836517,-3.63592029,0.0443281643,0.655744731
-272.9811,-0.0967102051,0.0395772,2.622762
-269.5267,7.12096167,0.0459618829,2.62287736
-267.927643,10.7994385,0.06337445,0.6557191
-267.064,12.6038465,0.08219323,0.655718863
-268.103058,9.757955,0.0465955362,1.31145144
-269.8776,5.0380044,0.0299687143,5.245296
-261.241455,23.0822,0.0967543349,5.245241
-264.345,17.9474888,0.09709098,2.622799
-262.6178,21.55632,0.085549,2.6227653
-258.603424,29.6065674,0.08533766,1.3114109
-260.155121,27.0391846,0.08238121,0.6556172
-259.2916,28.8436184,0.129661024,0.6556081
-257.4362,32.382843,0.09935409,2.622811
-259.77063,26.83027,0.08419659,1.31139922
-258.4989,28.9813843,0.0841195658,0.655711651
-258.802521,28.0095215,0.100044429,0.655733168
-259.817871,25.7191772,0.09487229,2.62255955
-263.575958,17.5296783,0.0970916748,5.24549532
-261.03244,21.8318272,0.113549218,2.62277412
-261.639679,19.8881378,0.08945246,2.62271237
-263.670563,15.3074541,0.07956617,10.49089
-279.44455,-10.2268934,0.005399822,5.24559641
-281.684448,-13.5572052,0.019507667,5.245573
-279.349976,-8.004664,0.00882033352,10.491025
-285.347931,-19.5245056,0.06501286,2.62277961
-284.7407,-17.5808258,0.0304001,2.62273479
-288.147827,-23.6873722,0.0576660931,2.62286973
-286.117,-19.1067047,0.0180779565,1.3113507
-286.724274,-21.0503845,0.0573502481,1.31141412
-282.10257,-11.0564528,0.0197101422,5.24516773
-283.3171,-14.9438324,0.0329339467,5.245395
-292.884,-30.20872,0.0408889,10.4909439
-299.347382,-40.3388824,0.013994107,5.24551725
-295.38028,-33.39975,0.02495888,5.24551153
-286.32605,-17.8563328,0.0421918333,2.62286329
-289.557739,-22.921402,0.0600073449,1.311636
-287.5742,-19.451828,0.0543985255,1.31162477
-283.478882,-12.5823259,0.04161545,5.245746
-290.036835,-24.9347382,0.0421908759,5.245473
-287.4933,-20.6325741,0.05615656,1.311309
-286.373322,-18.9674225,0.09394546,1.3113507
-288.660522,-23.408844,0.0576620251,2.6226058
-267.704865,12.9520216,0.0639162138,1.31133676
-268.82486,11.2868853,0.0313521624,1.31134367
-267.6576,14.06313,0.08983887,2.62271833
-271.0648,7.95657873,0.043506287,2.6225822
-269.0339,12.5372467,0.0252214428,1.31146836
-269.6412,10.5935717,0.0442093872,1.31131589
-274.424652,2.96112061,0.05396789,2.62270975
-277.656342,-2.10396838,0.020193873,1.31135535
-275.67276,1.36559546,0.0313222781,1.31135488
-271.705658,8.304738,0.0386474468,1.31142914
-269.722076,11.7743073,0.0424680077,1.31142354
-272.441071,6.43068457,0.0456774,2.62270451
-262.5232,23.7785282,0.1002105,2.62303662
-265.7549,18.71345,0.108790889,1.31143749
-263.771362,22.1830235,0.100220941,1.31143749
-259.2443,29.9547329,0.106743857,0.6555979
-260.860138,27.42219,0.06615216,0.32788825
-259.868378,29.1569729,0.1230324,0.327891439
-257.8207,32.5917358,0.09935482,1.311199
-261.09964,26.4155178,0.102206513,1.31151485
-259.547943,28.98289,0.109373204,0.655712247
-260.411469,27.1784573,0.0473379828,0.6557213
-266.234,16.7001247,0.09623424,5.245522
-263.130463,21.8348541,0.09648271,2.62260365
-264.8577,18.2260227,0.106999464,2.62263727
-275.791,-1.41217554,0.04214357,1.31137931
-276.6073,-2.105489,0.0213437621,1.31127679
-277.8318,-3.14545178,0.02652683,2.62283874
-274.775543,0.878163636,0.03610234,5.24549627
-277.926361,-5.367666,0.009124374,5.245395
-276.398224,-3.35586548,0.0142304553,1.3113749
-275.581879,-2.66255188,0.0430142656,1.3114773
-276.597321,-4.952896,0.0104751363,2.622793
-271.41568,5.873632,0.03876297,5.24557257
-268.872162,10.1757765,0.0456289425,1.31141984
-267.320343,12.7431135,0.0818865746,0.655687451
-268.184,10.9387054,0.0629871339,0.6556877
-270.0394,7.39951563,0.045960214,2.62283778
-273.4938,0.18182373,0.0469488762,2.62264
-275.092834,-3.496643,0.0443351567,0.6555697
-275.956451,-5.301056,0.02550615,0.6555606
-274.917358,-2.45516968,0.04666545,1.31130433
-273.1429,2.26478076,0.0528228581,5.24558544
-271.9548,32.78655,0.06294019,0.322719783
-271.4415,32.50848,0.0564879924,0.322663754
-272.623,32.589695,0.06294837,0.6454208
-271.388519,33.5974121,0.06294777,0.645360768
-271.030029,32.84439,0.0564853027,0.322691172
-271.543335,33.1224632,0.062947,0.3227472
-271.0321,31.4485168,0.06294716,1.29077458
-272.521149,31.975729,0.0746364444,0.6454102
-271.596344,32.0335655,0.0429103225,0.645395
-270.154053,34.60512,0.06139735,0.645372331
-269.7956,33.85211,0.064566724,0.322696
-270.3089,34.1301765,0.0616869442,0.3226789
-269.125275,35.44488,0.0590568967,0.645422
-269.384064,34.188015,0.06294634,0.322779149
-269.485931,34.802,0.05117844,0.322733
-270.209137,32.1203156,0.06294716,1.29077685
-270.361877,33.041275,0.05211942,0.645439744
-270.720367,33.79428,0.06294912,0.322686255
-270.207062,33.5162163,0.0671335757,0.322703362
-267.890839,36.4525642,0.123189844,0.3226646
-267.47934,36.78848,0.154773191,0.322712064
-267.583252,36.0065651,0.122750081,0.6453821
-266.8112,36.9853554,0.148521364,1.29076064
-265.576721,37.99304,0.148055539,2.581667
-268.819824,33.6029472,0.06294739,0.645378351
-267.713684,34.68018,0.135058358,0.3226568
-268.28,33.86934,0.06484816,0.3226568
-269.541,32.31719,0.06294596,1.29077339
-267.943817,35.3636627,0.133068249,1.29081118
-268.7668,34.69185,0.04493245,1.29085338
-274.0186,26.9193783,0.0115527371,2.58163261
-271.8063,29.0738373,0.06294613,1.2908293
-272.938965,27.452158,0.0305879358,1.29082346
-275.4609,24.3478184,0,5.16326427
-272.1648,29.8268337,0.0629452243,2.58158422
-272.881744,31.3328342,0.0437428653,1.29084384
-271.8551,30.7767086,0.062948294,1.29082251
-273.81076,28.4832249,0.04640472,1.29079473
-274.788574,27.3364658,0,0.645427167
-274.478882,28.2863522,0.0587261654,0.645426631
-273.7047,30.6610317,0.04374085,1.29080641
-273.5011,29.4330959,0.06294545,1.2907722
-266.70517,39.163147,0.157810539,1.29083526
-268.1942,39.6903725,0.07906882,0.6453948
-267.269379,39.7482033,0.157806233,0.6454206
-265.368866,39.5568657,0.157470271,2.58156276
-267.63205,37.70944,0.145099491,0.322701454
-268.145355,37.9874878,0.124851875,0.322690785
-266.9639,37.9063,0.157813609,0.6453444
-268.223846,37.05206,0.0647958443,0.161369458
-267.761444,37.0809975,0.155747116,0.1613554
-268.404144,36.7306175,0.0749461,0.322678715
-268.556854,37.651577,0.06724199,0.322695673
-267.812347,37.3879967,0.157469839,0.161346808
-268.27475,37.3590546,0.0672418252,0.16136086
-268.554779,39.04748,0.09180635,1.290775
-267.065765,38.5202637,0.157813191,0.6453907
-268.196259,38.2944679,0.103505634,0.3227027
-267.7848,38.6303825,0.124543354,0.322689474
-268.499634,41.5322723,0.06563966,0.645431042
-267.574829,41.59012,0.152915433,0.6453713
-268.860229,40.8893776,0.07151289,1.2907896
-269.16568,42.73129,0.0763057545,1.29077232
-267.676666,42.20409,0.153986782,0.645355463
-268.601471,42.146244,0.06724208,0.6454152
-265.572479,40.78481,0.157471955,2.58161831
-267.3712,40.3621674,0.157806322,0.6454206
-268.296021,40.3043365,0.07906889,0.6453948
-267.01062,41.0050545,0.157814458,1.29082549
-271.231567,35.46822,0.0566836,10.3263884
-269.992859,39.267704,0.06309801,10.3263865
-282.770142,14.8958178,0,41.30633
-274.8862,30.7422237,0.06294599,1.29077339
-275.8905,29.0510349,0.0343391672,0.322666824
-276.456818,28.2401981,0,0.322669774
-275.863983,29.59548,0.0565509647,0.645383239
-274.8332,31.8311367,0.06294524,2.58165288
-278.284149,25.8771973,0,2.58158445
-276.6605,29.46814,0.00491637643,0.6454598
-275.784515,31.228857,0.0213111565,0.64546
-276.841827,28.4487457,0.000729793566,1.29078043
-272.15213,38.2021675,0.047468733,5.16337347
-273.390869,34.4026833,0.0669664145,5.16327333
-277.5142,25.4600887,0,5.16322041
-275.094025,29.1783962,0.0493345149,0.645405
-276.200165,28.1011715,0.04914317,0.322719842
-275.63385,28.9120083,0.0566820279,0.322716922
-274.3729,30.4641666,0.051810246,1.29081047
-275.970032,27.4176731,0.0145043461,1.29081786
-274.992218,28.5644226,0.0594910569,0.645408452
-275.30188,27.6145382,0.0248226039,0.6454089
-277.620178,23.2822666,0,10.3265123
-296.362,-4.56430054,0,41.30464
-305.78598,-19.5764828,0.02831057,1.29092419
-306.9186,-21.19815,0.0534073673,1.29090118
-305.7329,-18.4875736,0.00197942462,2.581525
-309.183868,-24.4414921,0.0634542555,2.581517
-307.560272,-20.8505459,0.053976804,0.6453803
-306.684235,-19.0898533,0.013336231,0.645390332
-307.7416,-21.8699341,0.0511865541,1.29074943
-312.581818,-29.3065186,0.0301906373,2.58188629
-315.8515,-34.2410736,0.03152251,1.2907989
-313.842865,-30.8586826,0.03986069,1.29082263
-310.701538,-25.85462,0.06390896,2.58185863
-308.319061,-21.55712,0.05363565,0.6454588
-306.87674,-18.9855862,0,0.32262972
-307.752747,-20.7462769,0.0527694933,0.322624683
-309.568878,-24.2329464,0.06390912,1.2909199
-301.4059,-10.7729445,0,20.65224
-288.8407,9.243312,0,41.30459
-279.31076,26.43331,0.00103144115,10.32647
-274.6741,35.0978241,0.0624010451,0.6454154
-273.669769,36.78903,0.07432054,0.6454159
-274.919647,34.113205,0.06295078,1.29065871
-271.6611,40.1714172,0.06309898,1.29071867
-273.348969,36.6152344,0.073763065,0.322698444
-274.224976,34.854538,0.06294566,0.322700173
-273.039276,37.5651054,0.0660662949,0.6453655
-277.419281,28.7615719,0,0.645389736
-275.977,31.3331356,0.0205657333,0.322619319
-276.852966,29.5724182,0,0.3226192
-278.6691,26.0857449,0,1.29078221
-276.48468,31.0493469,0.0007453321,0.32269302
-275.854218,31.8254337,0.134339482,0.322671652
-277.173737,29.7462,0,0.645401239
-275.608734,32.8100548,0.06295109,0.64534384
-276.239166,32.0339661,0.0117411353,0.6453505
-284.3101,15.7300215,0,20.6529636
-280.230957,44.8469124,0.190208927,1.141604
-280.1334,43.80769,0.102192342,0.142719284
-279.860626,44.1524963,0.154128015,0.14272888
-280.012482,43.4954376,0.08578565,0.285409033
-280.784271,43.9149666,0.109049186,0.285407662
-280.1179,44.29234,0.1889178,0.142691076
-280.390625,43.94753,0.1453034,0.142681479
-281.2755,44.9216423,0.1847165,2.28332758
-278.095367,46.1514168,0.188925162,2.28315258
-278.92923,44.6323547,0.18893154,0.570804954
-279.482452,43.7004051,0.07119544,0.2853865
-279.466949,44.18506,0.1705403,0.28540194
-279.170929,45.2568474,0.188920751,1.14158165
-281.9141,41.3241463,0.08578191,4.56651831
-282.38208,43.05779,0.08578153,1.14163351
-282.6161,43.92458,0.07219457,0.285369
-282.6006,44.40922,0.188909769,0.285402656
-282.093842,43.88722,0.148245528,0.5707729
-281.337555,42.9830475,0.08578092,2.28322959
-281.697,48.1092224,0.1483952,9.13306
-279.638947,46.99048,0.18237035,9.13311
-285.171722,37.6711,0.06065756,1.141657
-284.1117,38.081028,0.07218864,1.14161158
-285.4755,36.3569946,0.0500483029,0.5707817
-286.021027,35.6674042,0.0204545241,0.570793
-285.717255,36.9814873,0.0606575571,1.14166987
-285.6397,39.4047432,0.06065644,2.28324056
-284.0807,39.05034,0.072190024,1.14158738
-285.140717,38.64041,0.0606588461,1.1416328
-287.9149,33.7384377,0,4.56646729
-286.730774,38.02553,0.0623166151,2.283285
-286.777283,36.5715828,0.06231828,1.14164829
-286.808319,35.60229,0.0136227263,1.14158773
-283.917877,44.13915,0.133244663,0.2854161
-283.387848,44.3441277,0.137569591,0.285383552
-284.1984,43.5520134,0.0549432449,0.570770264
-284.151855,45.0059624,0.146767721,0.5708295
-283.372345,44.8287773,0.150621891,0.2853855
-283.902344,44.6238,0.144423947,0.285418063
-285.289459,42.17279,0.04852498,1.14164782
-284.705139,44.0740356,0.08155928,0.142697513
-285.049957,43.521862,0.0606708229,0.0713526
-284.9058,43.9366035,0.126479611,0.07135395
-284.553253,44.73109,0.156451881,0.285383254
-284.728424,43.3470459,0.0580217168,0.5708153
-283.302582,47.0096855,0.146284029,4.566353
-283.987671,41.95825,0.07420165,1.14163232
-285.0477,41.5483055,0.0606568158,1.141588
-283.6839,43.27235,0.09476013,0.5708176
-283.1306,44.2042732,0.204654425,0.285446674
-283.146118,43.719635,0.08981653,0.285413027
-283.442139,42.64787,0.0732037053,1.14163136
-283.519653,40.2246132,0.07111407,2.283212
-285.0787,40.5790062,0.0606548637,1.141631
-284.018677,40.98895,0.0741977543,1.14167535
-294.9757,25.7427979,0,36.53161
-287.1988,39.7591438,0.060656853,1.14163935
-287.425018,40.8683052,0.06454615,0.570841968
-286.9105,40.588604,0.06065698,0.570841968
-288.562531,38.0351524,0.0606559,1.14157236
-287.97052,40.1787071,0.06455372,0.570733547
-288.001556,39.2093964,0.060656786,0.570743442
-289.926361,36.3111076,0.0410606228,0.570833147
-290.616058,35.2067528,0,0.28538233
-290.3278,36.0362053,0.0436659567,0.285393864
-291.707123,33.82756,0,0.5708746
-290.937653,35.3815765,0,0.142738611
-290.520721,36.141098,0.0436678976,0.142734066
-291.017456,34.93188,0,0.2854335
-289.2057,38.38475,0.0512928553,0.5708619
-288.371918,39.9038277,0.031157326,0.5708739
-289.365326,37.4853821,0.06065585,1.14166
-284.9236,45.4254951,0.156440347,0.570824146
-285.476959,44.4935722,0.156438172,0.142709747
-285.821747,43.9413948,0.06041955,0.07137303
-285.677643,44.35614,0.15643537,0.07137169
-285.325043,45.1506233,0.156448573,0.285424232
-286.704346,42.9419441,0.06066223,0.5708246
-285.7264,44.8757439,0.169576839,0.2853029
-286.151031,43.87387,0.107194677,0.1427099
-285.806274,44.4260674,0.156435817,0.07133661
-285.9504,44.011322,0.0604184344,0.07133795
-284.202942,47.4991341,0.178471029,0.5708207
-283.369171,49.0182,0.146524563,0.570808947
-284.362579,46.59975,0.140826747,1.14159811
-286.591217,42.38736,0.0606569722,1.14162683
-286.36496,41.27821,0.0532582179,0.570793867
-286.8795,41.55791,0.0596799031,0.570793867
-285.6288,43.8365059,0.057848502,0.142687872
-285.356079,44.1813164,0.150744751,0.142681479
-285.507935,43.52426,0.06065691,0.285397261
-284.810516,44.87094,0.156448781,0.2854328
-285.034454,44.00653,0.126453564,0.07137293
-285.178619,43.5917854,0.0606380552,0.07137159
-285.091034,44.2838135,0.127564654,0.142725483
-285.819458,41.9678154,0.053582333,0.5707917
-285.788452,42.9371147,0.06065694,0.5708009
-290.549438,33.1982727,0.006022139,9.132935
-287.7908,37.615612,0.0543654747,4.566342
-288.943878,34.29781,0.01806068,4.56637859
-308.0683,9.192149,0,36.53188
-316.827667,-2.8109386,0.00544776767,2.28315854
-318.207031,-5.01960754,0.0301384162,1.14156508
-317.630463,-3.36069751,0.0145067638,1.14153564
-320.38913,-7.77804041,0.0283091124,2.28340983
-318.850159,-4.669988,0.0248274412,0.570847154
-318.016327,-3.150945,0.003449955,0.5708776
-319.0098,-5.569361,0.03013772,1.14170539
-323.1168,-11.2261095,0.0353375264,1.14161015
-324.624725,-13.3648577,0.0555287153,0.5707326
-323.7909,-11.8457994,0.03687846,0.5707201
-326.8068,-16.123291,0.05632295,1.14166689
-325.3632,-13.9495745,0.0558329932,0.5708289
-323.983856,-11.7409105,0.03531843,0.2854991
-324.817657,-13.2599688,0.054500863,0.285505384
-321.8661,-8.94751,0.0254533887,2.28320146
-319.588654,-5.25472,0.0274871159,0.570821464
-318.20932,-3.04607654,0,0.285405755
-319.043121,-4.56511927,0.0245718677,0.285390526
-320.775024,-7.568268,0.0283124018,1.14166951
-312.947,3.9549408,0,18.26527
-300.883453,21.0649815,0,36.5318
-292.7361,34.38693,0.00786662847,4.56651258
-290.1061,38.8741875,0.04480802,2.28330255
-291.628418,35.26402,0.00273191114,0.285426378
-290.970917,36.3858376,0.05460712,0.142658785
-291.323517,35.5913429,0.0162250046,0.142659873
-292.093,34.03732,0,0.5708343
-291.163849,36.49072,0.0606595241,0.285406
-291.64505,35.7661552,0.0294521023,0.285415351
-291.1805,36.99284,0.04231743,0.570812
-287.700043,42.49707,0.063075006,1.14159882
-286.385,44.7406921,0.154114962,0.5708873
-287.090179,43.1517143,0.0366047844,0.5708792
-284.941376,46.9144,0.1564432,0.570829451
-283.5621,49.1230774,0.124303363,0.285321981
-284.395874,47.6040154,0.1606916,0.285327882
-286.063446,44.565876,0.152328774,0.285312444
-286.897247,43.0468254,0.0606559552,0.2853063
-285.775177,45.3953362,0.149611428,0.5708348
-289.944183,37.8000145,0.05207407,0.5708238
-288.56488,40.0087,0.06063433,0.2854482
-289.398651,38.489624,0.07297821,0.285442173
-291.306854,35.08922,0,0.142671973
-290.6172,36.1935577,0.04366793,0.07132664
-291.0341,35.4340363,0,0.0713289157
-291.900055,33.9324379,0,0.285334349
-290.537354,36.6432343,0.0545616336,0.285406
-291.194855,35.5214233,0,0.142754838
-290.8423,36.315918,0.0534577854,0.14275375
-288.886444,40.1835022,0.06240694,2.28319764
-296.519226,26.5818539,0,18.26616
-293.4724,52.76964,0.104648888,31.3045063
-297.422638,46.5639038,0.100787044,7.82593346
-299.9045,42.88503,0.0269815233,3.912998
-298.994843,45.63487,0.0999762341,3.91300821
-296.616852,50.911602,0.100650989,15.6519794
-306.544342,36.1961632,0,31.3051243
-301.728363,44.7801628,0.09499318,0.9782804
-302.418671,43.88831,0.04209928,0.489088774
-302.330933,44.63151,0.0949958861,0.489090055
-303.711517,42.84781,0,0.978319645
-302.933472,44.48285,0.109566405,0.489179134
-303.0212,43.73965,0.0325358175,0.489159822
-301.229645,46.5266724,0.0949915051,3.913168
-302.9612,41.7701836,0,3.91317415
-301.9038,43.2937622,0.00324052572,0.9782695
-301.2135,44.1856079,0.07067297,0.489186227
-301.30127,43.44241,0.00403103558,0.489184946
-301.756042,42.0674744,0,1.95652616
-298.292969,51.5804443,0.0999209,7.826514
-299.8329,45.96928,0.102345116,1.95653534
-300.830261,42.4762421,0.0526380576,0.9782651
-300.698669,43.5910378,0.0526397973,0.4891139
-300.610931,44.33424,0.07143877,0.4891332
-299.936768,47.5671577,0.0947146639,3.913244
-318.7067,22.3725338,0.00351660629,31.3048553
-328.2832,10.6298828,0.007784853,7.82607651
-333.0715,4.75857544,0.03905964,1.9564966
-335.972382,1.2469126,0.04541012,0.9781877
-334.2247,3.66233325,0.03797858,0.9781858
-330.58963,8.437424,0.0351913273,3.91300464
-325.067169,15.5721693,0.008109021,7.82606649
-321.5718,20.4030056,0.0226365365,7.82593
-314.896118,28.6340122,0.008852705,7.82617664
-312.833252,32.480072,0.0269311573,3.913157
-313.463562,29.61876,0.024522623,3.91316962
-309.3379,37.31093,0.0322228819,7.826085
-312.031036,30.60353,0.00581821566,3.91268969
-311.400726,33.4648438,0.0338903926,3.913026
-305.405518,42.74561,0.00772218732,1.95651686
-304.3741,44.66863,0.08605479,0.978226662
-304.68924,43.2379723,0.01880746,0.978194654
-302.6264,47.0840454,0.09499086,1.95653915
-303.675751,44.3899345,0.0724323839,0.489126265
-304.270264,43.070755,0,0.489132017
-303.657837,45.161,0.08858994,0.9782849
-299.131,51.914875,0.10732352,3.91290045
-301.333527,48.1245422,0.0949936658,1.95645154
-303.0293,44.9101868,0.0786291957,0.489112884
-304.06076,42.9871559,0,0.244564518
-303.466217,44.3063354,0.0724319,0.244561642
-302.2074,46.91683,0.09499,0.978225768
-308.220459,36.8650246,0,15.6520176
-320.9586,43.3203,0.06951074,3.02590728
-323.2247,41.69134,0.0457824,0.756416857
-324.205048,41.13498,0.0376222953,0.756443143
-322.1238,43.0019722,0.0440231934,1.51287842
-327.636383,39.1877327,0.02878082,3.02604628
-324.176971,42.0082741,0.0469210036,0.7565196
-322.401031,43.35904,0.0440265574,0.756530166
-324.8801,41.09485,0.0188206788,1.51301372
-316.796021,47.05432,0.07119737,12.103651
-328.673,36.88478,0.0276587754,12.1033792
-324.325562,40.38071,0.05178204,0.7564962
-323.3452,40.9370728,0.04479225,0.75646174
-324.4461,39.6264229,0.0173531622,1.512946
-322.180023,41.2553825,0.05541658,3.02588177
-326.3426,37.5213966,0.0279272273,6.051698
-335.8892,27.9884739,0.024657933,12.1037073
-342.25354,21.63317,0.0232984927,12.1036177
-333.4463,32.11833,0.0248495173,24.2067242
-320.9567,47.8653564,0.05267214,3.02581382
-320.920441,45.9997139,0.08718988,1.51285326
-321.65976,46.9519157,0.0125448573,1.512987
-318.9778,48.0452461,0.07062731,6.05192471
-315.75943,49.35728,0.09514084,12.103303
-325.711884,42.16608,0.0276538,3.02587414
-322.6783,43.7161255,0.0440188721,1.51299846
-324.454224,42.36536,0.04691297,1.51297736
-328.190918,39.9018822,0.0282089226,6.05176544
-322.4282,44.75829,0.08909635,0.3782458
-322.797852,45.2343636,0.02617977,0.37821126
-321.70697,44.73891,0.089096345,0.7564834
-323.316162,44.0828857,0.05809334,0.756456
-323.334229,45.0156746,0.0319406763,0.37821126
-322.9646,44.5396,0.0938153043,0.3782458
-322.732544,46.5145454,0.03194017,1.51305723
-321.5402,45.4336662,0.08600511,0.7564388
-322.446259,45.69107,0.06781134,0.7564076
-324.675262,44.4690437,0.031438943,6.05180645
-313.4833,52.79237,0.09914283,1.51298356
-314.675659,53.87325,0.06717386,0.7564865
-313.769623,53.6158333,0.08515807,0.756466746
-312.040833,52.75362,0.100075059,3.0258553
-315.259216,51.4415779,0.08124621,3.02594447
-315.295441,53.3072,0.03623859,1.51288581
-314.5561,52.3550224,0.103286073,1.51290131
-314.0921,56.3049126,0.03546444,6.05172825
-311.707367,54.14314,0.100027412,3.02583742
-313.78772,54.5486565,0.0352196,0.378251016
-313.41806,54.07255,0.106615163,0.37821418
-314.5089,54.5680351,0.0354651138,0.756510258
-312.89975,55.22404,0.07759829,0.7564982
-312.881622,54.2912178,0.101548158,0.378235966
-313.2513,54.7673225,0.02924127,0.3782728
-318.394257,50.4769173,0.0435163043,0.7565183
-317.4882,50.2194939,0.0554472953,0.756470561
-319.014069,49.91087,0.0307312272,1.51297116
-318.513824,51.99516,0.0329167545,1.512929
-317.506256,51.1523132,0.031942606,0.378254622
-317.1366,50.67621,0.09579083,0.37823236
-318.227539,51.17169,0.03194235,0.756521344
-320.456482,49.9496269,0.03242359,6.05157661
-316.2377,55.4302177,0.0346539021,6.05169773
-316.737885,53.3459358,0.03465328,3.02588344
-316.618317,51.8277168,0.0516478457,0.7564806
-316.60022,50.894886,0.08563836,0.378229916
-316.969879,51.37099,0.0130644441,0.3782522
-317.441,52.4325066,0.03340895,1.512912
-283.482025,55.7062378,0.04089079,1.57029426
-284.532074,56.279583,0.0890573,1.57020545
-282.8907,56.7126045,0.03862302,3.14056349
-283.073,53.1566963,0.04649199,0.392603248
-283.598022,53.44338,0.0451326072,0.392544061
-282.7773,53.659893,0.0550633147,0.7851323
-282.87677,51.720295,0.139672592,0.7851031
-283.631134,52.7968445,0.07608407,0.392529815
-283.1061,52.5101624,0.0647388,0.392589
-284.598328,54.9865227,0.09068971,1.57016826
-283.548279,54.4131775,0.043036826,1.57025707
-286.00766,59.07918,0.08644715,1.57010448
-285.828033,57.31954,0.0906909257,0.7851222
-286.3199,58.2527466,0.11097081,0.7851057
-287.287048,60.44237,0.04026474,0.39258188
-287.3202,59.7958565,0.1082917,0.392556757
-287.7955,61.05232,0.0393892,0.7851391
-286.220428,60.19228,0.07204302,0.785075665
-286.795135,59.5091858,0.09869639,0.392555982
-286.762,60.1557,0.0387210771,0.392581135
-284.153534,58.39909,0.08007862,0.7850622
-284.907867,59.4755974,0.0555208921,0.3925264
-284.382843,59.1889343,0.07947351,0.3925412
-283.3494,58.2923279,0.0386221521,1.57024431
-285.023926,57.2128,0.08855835,1.57024741
-285.203552,58.97243,0.0969501,0.785127
-284.7117,58.039257,0.09022455,0.785115
-279.74054,54.9925537,0.08035249,3.14052463
-280.724274,56.8589363,0.0338178538,3.14055014
-278.1323,54.7790642,0.0832947,6.280934
-281.202271,52.7998772,0.09600208,0.7851323
-281.694122,53.73308,0.0565459356,0.785124063
-280.398163,52.6931343,0.09182696,1.57026458
-282.072662,51.6135559,0.1260503,1.57023728
-282.2523,53.37322,0.056545835,0.7851027
-281.760437,52.4400139,0.09600195,0.78511095
-281.8406,56.13924,0.0386237,3.14044213
-280.8569,54.2728577,0.08214089,3.14041662
-247.700119,35.6235542,0.05699325,11.6355038
-248.5907,38.0998421,0.07592945,2.90882373
-249.022171,39.66246,0.04586558,1.45445573
-248.04866,39.1331024,0.0847525746,1.45442057
-246.616028,37.6900673,0.081803,5.817918
-241.748413,35.0431976,0.109668978,11.63538
-246.267456,34.18057,0.0556598,1.45437562
-245.293945,33.6511841,0.09374912,1.45448136
-247.78302,33.67668,0.05328306,2.90880752
-244.696609,35.98235,0.09102738,2.90882683
-244.265137,34.4197273,0.09120181,1.45449352
-245.238663,34.9491119,0.05269642,1.45438778
-290.106964,87.8147354,0.04626841,16.0836658
-103.18055,1.06942749,0.227191836,3.06263161
-104.4855,2.6936543,0.238431454,0.7656743
-105.13797,3.50577283,0.238443628,0.191416338
-105.464195,3.91182971,0.397314817,0.0478566773
-105.594582,4.13931274,0.3793229,0.0478581749
-105.268105,3.895935,0.194211632,0.09570593
-104.745781,3.47397351,0.238444865,0.382832646
-103.701111,2.630066,0.238434866,1.53131878
-101.610779,1.592926,0.237327009,1.53133965
-100.565086,1.399704,0.215057537,0.3828565
-99.97705,1.189331,0.4102256,0.04785296
-100.107445,1.41682947,0.365839332,0.04785596
-99.78097,1.17344153,0.6486987,0.09570219
-100.1734,1.042572,0.31198898,0.191409647
-100.827393,0.8786621,0.215069309,0.765669763
-102.135384,0.550857544,0.220935732,3.06269121
-104.491554,-1.21042883,0.217050925,0.7656594
-105.013145,-0.300460815,0.235449165,0.7656699
-103.707184,-1.27401221,0.2150721,1.53131866
-105.277962,-2.4481914,0.2171844,1.53134263
-105.536736,-0.691848755,0.238433465,0.7656699
-105.01516,-1.60181677,0.2202219,0.7656594
-105.271912,1.455892,0.2384299,1.53136647
-105.531181,2.8868866,0.238443643,0.382826656
-105.660805,3.60239148,0.238416851,0.09571639
-105.725624,3.96013379,0.191503078,0.0239259116
-105.725372,4.12279272,0.439712375,0.0239296444
-105.595116,3.813985,0.238410428,0.0478522032
-105.399773,3.31007385,0.238443643,0.1914223
-105.009094,2.30226636,0.238430589,0.7656743
-103.705162,0.0273488369,0.202221811,1.53135455
-104.750328,0.545918763,0.237150967,1.53136945
-132.269653,40.98582,0.35013476,0.354919374
-131.792419,40.7314034,0.04726935,0.354913354
-132.69342,41.872757,0.350099176,0.177460864
-133.024612,42.37984,0.350116551,0.0443600267
-133.1902,42.6333733,0.3502173,0.0110875741
-133.28624,42.78784,0.465723842,0.005547178
-133.200119,42.7006073,0.350236148,0.00554761
-133.0444,42.51434,0.3502153,0.02217592
-132.733017,42.1417542,0.350094229,0.08871787
-132.050583,41.3648224,0.309116185,0.022176208
-131.931274,41.3012047,0.0217462815,0.0221798271
-132.183,41.6419868,0.350129873,0.0221754573
-131.95108,41.4357033,0.186677784,0.0110903233
-132.070374,41.4993248,0.334741116,0.0110877855
-131.699341,41.0949249,0.0206487961,0.0887149647
-132.348862,41.5238152,0.35011062,0.17745696
-133.329056,43.2031746,0.432758242,0.177454561
-133.660248,43.710247,0.43275407,0.0443642959
-133.85231,44.0192261,0.236681342,0.0221868828
-133.680038,43.8447456,0.4327596,0.0221868828
-133.368652,43.47218,0.4327439,0.08873055
-134.136978,44.7080574,0.063854754,0.177439749
-133.4944,43.82839,0.40542677,0.022169929
-133.669891,44.1492,0.0638676,0.0110947229
-133.5308,43.95109,0.318826944,0.0110987891
-133.26915,43.54306,0.432725757,0.04433942
-133.805771,44.2009773,0.0638588443,0.0443598367
-133.6137,43.89201,0.385187864,0.0221750028
-133.78598,44.0664864,0.156893834,0.0221750028
-132.3617,42.10908,0.350173831,0.08874215
-132.659729,42.63979,0.350021422,0.0221906323
-132.808746,42.9051552,0.349896431,0.005543424
-132.883255,43.0378227,0.337700427,0.00138635421
-132.82695,42.9665031,0.350340426,0.00277319667
-132.696121,42.7624931,0.349929035,0.0110893389
-132.434464,42.3544579,0.350020945,0.04437899
-131.738937,41.3639336,0.163202271,0.08876663
-132.136444,41.82375,0.332792133,0.04437249
-131.944382,41.51477,0.193360835,0.0221826173
-132.116653,41.6892433,0.2827692,0.0221814215
-132.92485,42.8224373,0.350171834,0.02218314
-132.937973,43.036,0.310338676,0.0110932793
-132.885,42.9251366,0.3502059,0.0110919792
-132.81221,42.67976,0.350159615,0.04436759
-133.136963,42.89419,0.373575151,0.01109176
-133.084,42.7833366,0.350150049,0.0110914381
-133.229782,42.90236,0.369924068,0.0221764371
-133.030792,43.04416,0.2686829,0.02217886
-133.017654,42.8306,0.349947125,0.01108697
-133.070633,42.9414558,0.37331602,0.0110872928
-132.600342,42.23627,0.350189477,0.0887298062
-132.978073,42.5615959,0.35009414,0.0221818332
-133.166931,42.724247,0.35004425,0.00554661173
-133.253067,42.81148,0.46547,0.0055461796
-133.090683,42.70427,0.3501013,0.0110913478
-132.8256,42.5216179,0.350200772,0.044366315
-130.308228,39.113903,0.0150880562,0.709822
-129.195358,37.5290871,0.0194081217,0.709825039
-131.130035,39.7172546,0.04192412,1.41963518
-134.362732,44.24999,0.06947284,0.177459151
-134.608292,43.92644,0.4144632,0.011089311
-134.661285,44.0372925,0.147512525,0.011087792
-134.515457,43.9182625,0.373498321,0.0221783165
-134.7145,43.77649,0.432697564,0.0221873969
-134.727631,43.99004,0.2182537,0.0110915424
-134.674637,43.8791924,0.432857752,0.0110930614
-134.614731,44.2190437,0.13920477,0.08873984
-134.441925,44.7879944,0.06384186,0.3549183
-133.925613,43.5212059,0.432704717,0.0887424052
-133.958511,43.8692627,0.432844251,0.022174878
-133.945145,44.0273857,0.2677982,0.0221843459
-133.8459,43.7266045,0.432782382,0.0443569124
-133.700363,43.2358437,0.432756,0.1774722
-134.416214,43.61746,0.4327627,0.177446008
-134.203827,43.917408,0.3270139,0.0443571545
-134.064453,44.090992,0.099915415,0.02218827
-134.077835,43.9328728,0.4273824,0.0221788026
-134.16423,43.6484032,0.432736367,0.08873633
-135.343964,44.4425545,0.06384738,0.177453369
-135.072433,43.9672966,0.282659858,0.02218323
-135.059067,44.1254158,0.103003554,0.02218323
-134.959808,43.8246269,0.432812959,0.0443695
-135.284546,44.0390739,0.171165079,0.0110909455
-135.231583,43.92821,0.4104626,0.0110918181
-135.37738,44.04723,0.195235848,0.0221825019
-135.178375,44.1890144,0.06383072,0.0221778024
-135.165268,43.9754753,0.414733261,0.0110855885
-135.218216,44.0863342,0.06383756,0.0110847149
-135.715256,44.47523,0.0638451651,0.3549043
-134.919174,45.0424,0.06384646,0.354922
-134.853348,44.3462524,0.06384995,0.08872598
-134.82045,43.99821,0.278833359,0.0221743435
-134.8338,43.8400879,0.432731837,0.0221783482
-134.93306,44.14087,0.0586242527,0.0443538874
-135.0786,44.6316032,0.06384907,0.177458435
-133.289963,42.1907768,0.3501467,0.08872316
-133.322876,42.53885,0.321944028,0.0221835617
-133.336,42.7523956,0.429814547,0.0110874623
-133.283035,42.64154,0.2715072,0.0110869119
-133.210251,42.396183,0.3500724,0.04436995
-133.064713,41.9054375,0.3501694,0.177448064
-133.717575,42.2947845,0.2626303,0.00554503966
-133.657913,42.2629852,0.343235046,0.00554775447
-133.7541,42.231617,0.319842458,0.0110945478
-133.734039,42.4688148,0.432814151,0.0110920109
-133.65123,42.3420525,0.6509633,0.005547799
-133.710892,42.37385,0.432687283,0.005545085
-133.608292,42.1125832,0.350057542,0.0443747044
-133.899887,42.3506622,0.356725663,0.08871728
-133.535049,42.61063,0.432811737,0.0110889347
-133.482071,42.49976,0.20279935,0.0110952174
-133.627853,42.61879,0.432765871,0.0221780222
-133.428818,42.7605743,0.4327162,0.0221818574
-133.415726,42.5470161,0.203031659,0.0110959355
-133.468689,42.6578865,0.432938576,0.0110896546
-133.4756,42.20711,0.350166172,0.0443582647
-133.614731,42.4052238,0.212065578,0.01108793
-133.667709,42.5160866,0.4327914,0.0110881478
-133.521912,42.3970528,0.2933862,0.02218552
-132.640945,41.0184975,0.350125939,0.354881644
-133.396408,41.669117,0.3500444,0.0887338
-133.77417,41.99443,0.350212127,0.02218205
-133.946442,42.1689034,0.453699738,0.0221780464
-133.621674,41.9544525,0.3500298,0.04436906
-133.091446,41.5891724,0.350145638,0.177437142
-134.7083,43.1121559,0.4327608,0.35490194
-135.463776,43.7627678,0.402339727,0.08872558
-135.808334,44.1116943,0.195795909,0.08872862
-135.158813,43.68283,0.416316152,0.177451625
-134.098373,42.9522667,0.432767,0.709808767
-138.577682,47.4884834,0.0426674,0.70989114
-137.4648,45.903656,0.0510179773,0.709892869
-139.39949,48.0918274,0.0386766046,1.41966224
-141.427261,49.9164848,0.0334994867,0.08874254
-141.778259,50.5580559,0.3420635,0.0443714969
-141.500015,50.1618538,0.07163421,0.0443673767
-140.976761,49.3458061,0.03680208,0.177488983
-142.050064,50.66162,0.3509065,0.1774703
-141.6659,50.04367,0.09062795,0.08872754
-142.010452,50.39261,0.3509078,0.08873078
-143.044128,51.43944,0.350898683,0.177465022
-143.749863,52.1255,0.7256351,0.0110878777
-143.610733,51.9274,0.420656919,0.01108896
-143.852554,52.20091,0.72565347,0.0221782923
-144.110977,52.462616,0.7256193,0.0443623252
-143.560974,51.96285,0.4206817,0.02218607
-143.700089,52.16095,0.725690663,0.0221839063
-143.425064,51.91107,0.482789129,0.0443653837
-142.5669,51.18504,0.350902647,0.3549391
-140.777725,49.48761,0.03680023,0.354908884
-141.400513,50.2327461,0.0368040577,0.08871208
-141.678757,50.62895,0.336232156,0.08872032
-141.128738,50.12918,0.0368006937,0.177446634
-140.234146,49.2804565,0.0406233557,0.7098311
-137.066757,46.1872444,0.0510131866,1.4195931
-138.179642,47.7720757,0.0426641181,1.41958964
-135.9796,45.77295,0.0602127239,2.83927131
-129.935913,40.5680275,0.01437979,2.83926415
-128.797318,37.8126831,0.021778116,1.41960108
-129.9102,39.3974953,0.0180013571,1.419595
-132.354263,43.3032532,0.2798938,0.35493204
-132.208725,42.81251,0.309094459,0.354901075
-131.712173,41.6802063,0.100955166,0.354897678
-132.334946,42.4253578,0.3500997,0.08871755
-132.646362,42.7979431,0.350194871,0.0221868288
-132.802063,42.9842339,0.349913567,0.00554627273
-132.8799,43.07736,0.3255324,0.00138495129
-132.914688,43.1268768,0.4699531,0.00138560089
-132.845932,43.06442,0.350059,0.002772918
-132.734116,42.95834,0.350150377,0.011091142
-132.510452,42.7461433,0.350093335,0.0443615951
-132.111313,42.2131844,0.319221735,0.04436485
-131.942245,42.18503,0.138222963,0.0443631858
-132.202286,42.51988,0.350182056,0.04436066
-131.912308,42.3549767,0.05156376,0.0221769176
-132.081375,42.38313,0.329685032,0.0221809745
-133.454285,44.3028069,0.107006922,0.177441344
-133.169647,43.6139641,0.4327317,0.0887496546
-133.499222,44.0479,0.167208463,0.011094314
-133.462845,43.9252,0.516418755,0.0110960416
-133.620132,44.18466,0.06382576,0.0221794117
-133.32695,43.8734,0.432821959,0.0221869852
-133.363312,43.9961052,0.158190519,0.0221863426
-133.937973,44.8498421,0.0638478547,0.354890525
-132.765167,43.60494,0.4412903,0.354911238
-133.116165,44.24651,0.0741314739,0.177446961
-132.705261,43.9448433,0.165893346,0.177453041
-130.903244,41.6621132,0.0150928013,1.4196589
-131.53244,42.699894,0.0150915533,0.354917318
-131.847061,43.21878,0.0422806777,0.08873301
-132.004364,43.47823,0.147672892,0.02218164
-132.092117,43.63863,0.3500171,0.0110948244
-131.989365,43.5632,0.3060553,0.011091142
-131.817108,43.3887329,0.09248508,0.04436328
-131.472534,43.03979,0.0150886755,0.177461237
-130.7834,42.34192,0.01508866,0.7098269
-127.17942,37.7765045,0.0223909561,5.67865372
-128.583389,40.3428078,0.0173857547,2.83932471
-126.939781,39.136097,0.0223909616,2.8393786
-118.536613,32.34288,0.37226975,0.1774388
-118.8678,32.8499336,0.354003042,0.044366654
-119.059875,33.15892,0.462844938,0.0221893322
-118.887596,32.9844475,0.283457249,0.02219161
-118.5762,32.611866,0.372258037,0.0887305
-119.344521,33.8477478,0.462812632,0.177435979
-118.701927,32.9680977,0.3695111,0.0221830867
-118.877434,33.2888756,0.4822732,0.01109349
-118.738312,33.090786,0.331703067,0.01109349
-118.476685,32.6827736,0.3721198,0.0443711653
-119.013329,33.3406639,0.462768853,0.04436327
-118.821236,33.0317039,0.2833184,0.0221758131
-118.993523,33.2061768,0.462952,0.0221735351
-117.741547,31.4232731,0.372267485,0.709788144
-119.8881,34.0548973,0.462848961,0.7098184
-119.159393,33.088028,0.462901056,0.04436268
-119.053459,32.8662872,0.266024053,0.0443618037
-119.345032,33.1043739,0.462907523,0.08871598
-118.841576,32.4228172,0.3722309,0.08872811
-119.245789,32.80357,0.291249752,0.0110922344
-119.14975,32.6490631,0.37204358,0.00554612745
-119.235878,32.73631,0.387861133,0.005545207
-119.391579,32.92261,0.462859273,0.0221801344
-119.066833,32.7081566,0.347532362,0.04437273
-119.8089,33.5169029,0.462882549,0.354903758
-121.703979,35.43606,0.4628599,0.08872073
-121.975525,35.911335,0.46276173,0.0110919541
-122.0285,36.022213,0.362908959,0.0110947751
-122.107948,36.1885262,0.3734702,0.0221795924
-121.776756,35.68143,0.46287182,0.0443682522
-121.253479,34.865387,0.4628398,0.177440822
-122.260437,36.2285042,0.0113200918,0.04436835
-122.121315,36.03037,0.2626345,0.0110897562
-122.068352,35.9194946,0.462687373,0.0110900793
-122.214142,36.0385551,0.192437664,0.02218721
-122.446083,36.24483,0.0113230208,0.0887200758
-121.942604,35.5632744,0.462872475,0.08872846
-122.320351,35.8886,0.407627583,0.0221861228
-122.492622,36.06306,0.200708672,0.0221835226
-122.16787,35.84862,0.439143062,0.0443661846
-123.254509,37.00629,0.00686598942,0.7098404
-121.054466,35.0071831,0.4628608,0.35490346
-121.677246,35.75233,0.4218083,0.08872512
-121.955482,36.14855,0.190094471,0.08872512
-121.405457,35.6487541,0.439801037,0.177451283
-120.510887,34.8000374,0.462854177,0.709826052
-117.343506,31.7068539,0.372237,1.41964
-118.698204,33.56518,0.388317674,0.08873039
-118.522705,33.2444,0.372247219,0.0443639047
-118.728172,33.3952332,0.510907948,0.04436455
-118.377174,32.7536736,0.3723059,0.08871734
-118.68856,33.1262474,0.3721452,0.0221819617
-118.827675,33.324337,0.510868549,0.0221819617
-118.552666,33.07446,0.372281373,0.0443574749
-119.1455,33.9895363,0.4628725,0.3549337
-117.972717,32.7446251,0.3722446,0.3549035
-118.287315,33.26352,0.3722231,0.0887258351
-118.486877,33.529995,0.270590454,0.0110906586
-118.402344,33.51592,0.37228927,0.0110901073
-118.532349,33.68335,0.462863266,0.0110898316
-118.387367,33.6008949,0.736418545,0.00554642454
-118.4719,33.61497,0.4555445,0.005546216
-118.257355,33.43347,0.372240633,0.0443613045
-117.9128,33.08453,0.3722407,0.177462071
-116.448914,30.85813,0.3409116,0.709794641
-115.507294,30.9345646,0.0929048061,0.354906529
-116.086159,30.4478512,0.300960124,0.0443623662
-115.917091,30.4196987,0.1931917,0.04436567
-116.266991,30.2447147,0.372256577,0.08872587
-115.959923,30.8350067,0.08030015,0.0221798
-116.0926,30.7404728,0.3722932,0.0221792273
-115.92997,31.00495,0.1550308,0.04436379
-115.8208,30.6369076,0.09290191,0.044363413
-116.056213,30.6177979,0.350079149,0.0221818276
-115.923531,30.7123318,0.0876942649,0.0221824
-116.812767,32.0849648,0.372262239,0.7098235
-115.652832,31.4253025,0.0241992921,0.354915559
-116.329094,31.5379181,0.3598593,0.3549083
-111.819214,28.1008968,0.07779717,0.00554464431
-111.812645,27.99412,0.6583039,0.002772558
-111.839134,28.049551,0.07780724,0.002771799
-111.875511,28.1722164,0.07780194,0.0110887475
-111.696556,28.0768433,0.09085816,0.0110865235
-111.766228,27.9900455,0.6112691,0.00554669648
-111.759544,28.0691128,0.060200382,0.00554637751
-111.8953,28.3067265,0.0778119639,0.0443738438
-112.054222,28.6393375,0.0778119043,0.08870421
-111.3057,27.5379639,0.868068039,0.02218669
-111.454712,27.8033085,0.8676379,0.005547016
-111.529213,27.93598,0.868157566,0.00138607284
-111.4729,27.864645,0.8676802,0.0027720104
-111.342079,27.6606445,0.8676833,0.0110933818
-111.080467,27.2526188,0.8680498,0.0443730578
-111.587257,27.8946285,0.8679639,0.00554562546
-111.593834,28.00141,0.56271404,0.00277228747
-111.567345,27.9459743,0.8684796,0.002772449
-111.530952,27.8232975,0.867730141,0.01109017
-111.709908,27.91871,0.867846251,0.0110942656
-111.640236,28.0055084,0.436027169,0.005544728
-111.646912,27.9264431,0.8679642,0.00554404547
-111.511162,27.688797,0.868077457,0.04436323
-112.465118,28.9410152,0.07781843,0.177448586
-112.133934,28.4339352,0.0777997,0.0443741865
-111.968346,28.1803837,0.07776789,0.011090735
-111.885536,28.05365,0.0778140649,0.00277122064
-111.859047,27.99822,1.18110812,0.00277258619
-111.958458,28.1131649,0.0778110549,0.00554054324
-112.114136,28.2994289,0.07776938,0.02218245
-112.425514,28.6720219,0.07780328,0.08873557
-113.4592,29.7188358,0.0778251737,0.177432939
-114.148323,30.4167118,0.101903684,0.177434221
-112.981964,29.4644165,0.07781924,0.354896754
-111.301979,28.1350346,0.07595039,0.0887291357
-111.126488,27.814249,0.8679624,0.04436721
-111.365105,27.9414673,0.711734354,0.0110906949
-111.467827,28.0168819,0.474281341,0.0110925362
-111.2474,27.95102,0.778830945,0.0221801419
-110.980934,27.3235111,0.868029535,0.08872749
-111.292328,27.6960964,0.8679482,0.0221772622
-111.448021,27.88237,0.8684538,0.005546747
-111.525879,27.97552,0.7025641,0.00138809765
-111.560661,28.02505,0.23050864,0.00138782687
-111.491905,27.9625759,0.786525846,0.00277367234
-111.380074,27.8564854,0.8681271,0.0110892812
-111.156433,27.6443081,0.8679695,0.04436721
-111.749268,28.5593929,0.07782112,0.3549031
-110.576477,27.3144627,0.868012846,0.354899168
-110.891075,27.8333588,0.867955148,0.08873016
-111.066582,28.1541443,0.128973633,0.0443621762
-110.827965,28.0269413,0.48593992,0.0110904975
-110.72522,27.9515285,0.743237555,0.0110897385
-110.945656,28.0173855,0.261540979,0.0221814122
-110.516563,27.6543674,0.868036032,0.1774599
-108.528404,26.0987339,0.673300743,0.177444175
-109.207642,26.7293644,0.7457895,0.00554248225
-109.29538,26.8897648,0.8683053,0.002773007
-109.22583,26.79071,0.667763531,0.00277371146
-109.095009,26.5867,0.666910768,0.0110848546
-109.33683,26.86022,0.768874049,0.0221833922
-109.595253,27.1219177,0.86804074,0.0443683043
-109.045258,26.6221466,0.6660448,0.0221858211
-109.200951,26.8084316,0.6668418,0.005545711
-109.2705,26.907486,0.8678526,0.00554430159
-109.132996,26.7825317,0.724874735,0.0110920994
-108.909363,26.5703583,0.6661791,0.04436072
-108.256615,25.9951572,0.749177754,0.1774569
-107.8093,25.57081,0.497386336,0.08872845
-107.966614,25.8302517,0.433414549,0.0221781675
-108.054375,25.9906464,0.5800726,0.0110933688
-107.951653,25.9152317,0.725445569,0.0110945646
-107.779358,25.7407627,0.5322689,0.04436197
-106.818443,24.93931,0.5104704,0.7098397
-109.37693,26.3858128,0.6659828,0.04436273
-109.482872,26.6075382,0.876588464,0.0443642475
-109.191292,26.3694859,0.6660582,0.08872245
-109.694763,27.05101,0.868023753,0.08872862
-109.29055,26.6702881,0.7746139,0.0110918889
-109.343529,26.7811527,1.13456059,0.0110927075
-109.144753,26.5512543,0.6661148,0.0221816152
-109.469505,26.7656765,0.7881759,0.04436279
-108.727417,25.9569454,0.673199832,0.3549119
-109.893776,26.9092159,0.8679747,0.17745769
-109.615562,26.51301,0.8741921,0.04436315
-109.509621,26.2912846,0.6623115,0.04436163
-109.801208,26.5293522,0.8679752,0.0887184441
-110.265083,26.9418945,0.867974639,0.354913563
-113.579033,29.0390263,0.07774653,0.7098403
-114.347351,30.2749176,0.10129451,0.354939848
-113.658226,29.5770416,0.07716946,0.354937255
-112.266876,27.9677181,0.55597657,0.0110941352
-112.1972,28.05451,0.07584776,0.005545238
-112.20388,27.9754429,0.965227544,0.0055451924
-112.247078,27.8332062,0.8681316,0.0221856311
-112.346336,28.1340084,0.158583537,0.04436163
-112.021576,27.9195652,0.8007515,0.0110920109
-112.074547,28.0304317,0.4336013,0.01109017
-111.928741,27.9113979,0.792418361,0.022183869
-112.127769,27.769598,0.8681314,0.0221817046
-112.144226,27.943634,0.8678624,0.00554503966
-112.137543,28.0227,0.358080357,0.005545085
-112.087914,27.8723,0.8678544,0.0110900793
-112.558205,28.5774841,0.0778244659,0.0887315348
-112.180481,28.2521725,0.07783705,0.0221803766
-111.991615,28.0895329,0.07779361,0.00554843061
-111.905479,28.0022984,0.324453026,0.00555108767
-112.067863,28.1094971,0.07783436,0.0110900793
-112.33297,28.29214,0.07782313,0.0443683676
-111.590874,27.4833889,0.8680332,0.354929358
-112.757233,28.43569,0.07780796,0.177453369
-112.469116,27.97225,0.7564777,0.00277171424
-112.4956,28.0276737,0.244490311,0.00277111633
-112.422707,27.96816,0.715425253,0.005545085
-112.522224,27.8972683,0.8675116,0.00554796867
-112.52877,28.0040531,0.5619998,0.00277238456
-112.502289,27.94863,0.8680161,0.00277298316
-112.472328,28.1185455,0.0487573668,0.0221800953
-112.373085,27.8177433,0.8679288,0.0443698242
-112.701172,27.9926662,0.600430965,0.005544721
-112.694496,28.071722,0.07780577,0.00554331
-112.644875,27.9213257,0.8650443,0.0110904193
-112.807251,28.02855,0.395955443,0.00277209375
-112.780762,27.973114,0.693920135,0.00277176616
-112.853661,28.0326385,0.203132808,0.00554576749
-112.75415,28.1035252,0.07780954,0.00554338656
-112.7476,27.9967442,0.63426584,0.00277364114
-112.774078,28.05218,0.0778509453,0.00277396874
-112.591652,28.1821384,0.07781458,0.0221856777
-112.575188,28.0081329,0.42217204,0.00554288365
-112.581879,27.9290676,0.8675184,0.00554766227
-112.631508,28.0794468,0.0778094456,0.0110904267
-113.128532,28.468359,0.0778149739,0.354903668
-114.7454,29.991333,0.092904374,0.709809959
-114.321632,29.1043854,0.061823763,0.709816039
-115.51474,29.7404175,0.09290188,0.3549109
-116.058327,29.94757,0.2655992,0.0443521775
-115.952393,29.72583,0.261636466,0.0443617031
-116.24398,29.9639072,0.37223497,0.08873
-115.859291,30.08935,0.1302817,0.177453369
-115.222633,30.2457428,0.09290438,0.709791839
-122.115913,34.250946,0.4628477,2.83928847
-123.55999,36.34284,0.008597485,0.08872247
-123.560242,35.97114,0.298081875,0.0110899825
-123.490547,36.05794,0.0113381846,0.00554753235
-123.497231,35.97887,0.485670418,0.00554689439
-123.540443,35.8366432,0.462824255,0.0221835151
-123.639687,36.1374474,0.0434529334,0.04436533
-123.78524,36.6281738,0.007038677,0.1774558
-123.069374,36.24655,0.07444045,0.177454531
-123.314941,35.9230156,0.4319724,0.0110897329
-123.367912,36.0338745,0.189788118,0.0110916886
-123.222107,35.9148445,0.4111067,0.0221779626
-123.421135,35.773056,0.462832332,0.0221814
-123.437584,35.94707,0.4524776,0.00554327527
-123.4309,36.0261421,0.231505439,0.0055439123
-123.381279,35.87575,0.463021,0.0110871959
-123.321373,36.2156372,0.09562978,0.08871976
-123.864418,37.1661644,0.0255612321,0.7097937
-122.035683,35.19975,0.462829828,0.17747356
-122.366882,35.70683,0.462851971,0.0443592221
-122.532471,35.9603577,0.37016812,0.0110889971
-122.585442,36.0712166,0.187612489,0.0110848118
-122.386688,35.8413239,0.46290037,0.0221801586
-122.075294,35.4687538,0.4628574,0.08872841
-121.452507,34.72359,0.462825924,0.354929358
-122.63224,35.51775,0.462887436,0.08871247
-122.665161,35.8658028,0.462729871,0.022187965
-122.678261,36.07938,0.0830169544,0.0110936351
-122.6253,35.96852,0.3053162,0.0110940728
-122.552528,35.7231445,0.462803781,0.04436661
-122.407005,35.2324257,0.4628294,0.177458346
-123.122864,35.61404,0.462829471,0.17745696
-122.910461,35.9139442,0.339532882,0.0443720222
-122.771088,36.08755,0.06929432,0.0221768729
-122.784462,35.92941,0.47769326,0.0221808776
-122.870872,35.6449471,0.462871552,0.08871491
-119.438629,31.997427,0.372252733,0.177454561
-119.710167,32.47269,0.46283108,0.0221805554
-119.697044,32.2591248,0.261559665,0.0110885445
-119.750008,32.37,0.462865651,0.0110888667
-119.822784,32.6153679,0.462794036,0.0443580747
-119.498009,32.4009132,0.372393578,0.0110900477
-119.550987,32.51178,0.491508216,0.0110918889
-119.40519,32.3927574,0.372249246,0.0221800953
-119.604218,32.25095,0.3601361,0.022183869
-119.617332,32.46451,0.460389853,0.01109382
-119.564354,32.35365,0.315067649,0.0110919792
-119.067329,31.9647675,0.372225523,0.354909748
-120.074257,33.32784,0.462834448,0.354911655
-119.299011,32.5427246,0.372094,0.0110920668
-119.35199,32.65358,0.417269439,0.0110897887
-119.206177,32.5345459,0.372222543,0.0221764371
-119.457916,32.8753242,0.462671041,0.0221920889
-119.269043,32.7126732,0.387896568,0.005545168
-119.182922,32.6254272,0.372355819,0.00554608926
-119.3453,32.7326469,0.321168423,0.0110973446
-118.974251,32.3282928,0.3722053,0.08871224
-119.557434,32.8044167,0.462833524,0.044361677
-119.418327,32.60632,0.417178661,0.0110884085
-119.365349,32.4954643,0.3721979,0.0110906856
-119.511147,32.6144753,0.400913566,0.0221810471
-119.743073,32.8207664,0.462852418,0.08872998
-118.139587,31.1396847,0.372231245,1.41968668
-120.472313,33.0442543,0.462855041,0.709829032
-119.896057,32.11734,0.277565658,0.0110907983
-119.949036,32.2282066,0.462793082,0.0110900383
-119.80323,32.10916,0.348147929,0.0221775174
-120.002258,31.9673824,0.373973519,0.022183869
-120.015381,32.18095,0.462811977,0.0110918581
-119.9624,32.0700836,0.277682364,0.0110926172
-119.955467,32.5208435,0.462868243,0.0443655737
-119.816345,32.3227348,0.4628856,0.0110932235
-119.763374,32.2118568,0.261673152,0.0110929
-119.90918,32.3309021,0.462872654,0.0221869051
-119.703987,31.8083649,0.372265339,0.177447289
-120.28717,32.2845268,0.428315967,0.3549206
-121.214912,33.1096039,0.462858438,1.41959655
-124.389252,35.75204,0.8946562,0.0110918581
-124.336273,35.6411743,0.592173457,0.0110926172
-124.482079,35.7601967,0.894673169,0.0221800953
-124.283058,35.90201,0.792398632,0.0221797489
-124.269936,35.68845,0.5921634,0.0110919541
-124.322914,35.7993164,0.894613266,0.011091195
-124.329842,35.34854,0.6480901,0.0443674
-124.468956,35.5466461,0.6610231,0.0110894423
-124.521935,35.6575,0.89459765,0.0110886823
-124.376129,35.53848,0.705035567,0.0221825019
-124.640968,36.0927925,0.07541076,0.0221816357
-124.627869,35.8792267,0.8944011,0.0110934321
-124.697426,35.97829,0.7983032,0.00277329725
-124.723907,36.0337257,0.104776,0.00277161784
-124.651,35.9741936,0.683440149,0.005545307
-124.7536,36.23547,0.0223920085,0.0443580747
-124.425507,36.0605736,0.0223961845,0.005544357
-124.43219,35.9815063,0.938739955,0.00554576749
-124.481819,36.131897,0.02239638,0.011087955
-124.302856,36.0364952,0.357608259,0.0110932551
-124.372536,35.9496956,0.854376554,0.00554682547
-124.365845,36.0287628,0.38803497,0.00554541452
-124.535034,35.87106,0.89443624,0.022179015
-124.548157,36.0846252,0.153741449,0.011090436
-124.495178,35.9737663,0.5429247,0.0110908719
-123.865456,35.6793861,0.440546781,0.1774553
-124.144188,35.3321953,0.5720354,0.08873087
-124.1771,35.68027,0.658577263,0.0221846737
-124.190224,35.8938446,0.7893886,0.0110884476
-124.137268,35.78297,0.576973557,0.0110902879
-124.064476,35.5375862,0.6854742,0.044359155
-124.727882,35.0649376,0.647892,0.0443698056
-124.833824,35.28668,0.9243841,0.0443646051
-124.542236,35.0485954,0.647988856,0.0887239054
-124.940285,34.7650146,0.655981,0.0887288451
-124.966515,35.1921539,0.89296335,0.0443619527
-124.860573,34.9704132,0.5928452,0.0443671532
-124.860054,35.7137947,0.894492269,0.08872277
-124.859795,36.08551,0.0224000569,0.011091535
-124.929482,35.9987,0.5366308,0.005545909
-124.922791,36.077774,0.0223785155,0.00554449856
-124.879585,36.2200127,0.02239237,0.0221802481
-124.750519,35.9033,0.8947421,0.005545368
-124.757072,36.0101,0.5395472,0.00277059549
-124.730591,35.9546661,0.8945044,0.00277227466
-124.694214,35.83196,0.89425534,0.0110939825
-124.873177,35.9273567,0.8476211,0.0110929
-124.803474,36.0141754,0.3926401,0.005546849
-124.810173,35.9351,0.8931649,0.005548988
-124.571808,35.4362,0.5438204,0.00554697961
-124.512154,35.4044075,0.6480748,0.005547133
-124.608315,35.37302,0.772670746,0.0110883918
-124.588257,35.61023,0.8946815,0.0110898949
-124.50547,35.4834862,1.05976546,0.005544721
-124.565125,35.515274,0.88868475,0.005544568
-124.462524,35.254,0.6479573,0.0443659574
-124.754112,35.4920654,0.8191765,0.0887288451
-124.607025,37.23152,0.0223942623,0.7097976
-124.0506,36.43912,0.0112835839,0.177453369
-123.779076,35.96384,0.325259835,0.0221835151
-123.765686,36.1219749,0.062834464,0.0221820585
-123.666443,35.82118,0.462827533,0.04436703
-123.991211,36.0356255,0.369931966,0.0110904919
-123.93824,35.92476,0.5083524,0.0110916886
-124.084038,36.0437927,0.231028244,0.0221775174
-123.88501,36.1855736,0.00161381823,0.022183869
-123.871895,35.9720154,0.419186354,0.0110910824
-123.924866,36.0828819,0.004244519,0.0110898856
-124.4219,36.4718,0.0223932974,0.3549049
-123.123878,34.127243,0.462849647,1.41963935
-124.211052,34.54153,0.6267264,0.17744261
-123.87986,34.03446,0.473309547,0.0887282342
-124.118477,34.1616631,0.62005955,0.0887213051
-124.582344,34.5742073,0.647976756,0.354914159
-123.799622,34.9832458,0.462825656,0.08873
-124.104607,35.0631866,0.668598235,0.04436145
-123.971924,35.1577148,0.493568063,0.044370275
-123.653587,35.2359123,0.462870061,0.177452266
-123.7338,34.28712,0.462827235,0.177464187
-124.065,34.79419,0.5562101,0.08873145
-123.826378,34.66698,0.4628868,0.08873145
-126.159607,35.828167,0.845202267,0.0443600267
-126.295387,36.0658,0.0223724637,0.00554662757
-126.288818,35.95902,0.8358226,0.00277360831
-126.315308,36.0144463,0.419625074,0.00277317688
-126.351707,36.1371346,0.0223899391,0.011091413
-126.172729,36.0417442,0.314753562,0.011089311
-126.242393,35.9549446,0.8148562,0.00554442639
-126.235718,36.03401,0.33748132,0.005546475
-125.973961,35.8118248,0.8296702,0.08872245
-126.372009,35.5282326,0.8945516,0.08873
-126.404907,35.87631,0.89444375,0.0221844427
-126.41803,36.0898628,0.114809066,0.0110902013
-126.350159,35.97104,0.8959083,0.00138460938
-126.346825,36.0105629,0.429972529,0.00138718029
-126.321991,35.9353943,0.894704163,0.00277203647
-126.411476,35.983078,0.587202132,0.00277043367
-126.376648,36.0264549,0.018146012,0.0013873335
-126.379982,35.986927,0.973116159,0.00138476212
-126.29229,35.73364,0.894469857,0.0443712771
-126.278419,36.6351624,0.02239721,0.177443475
-126.000206,36.23894,0.0223868415,0.04436327
-125.847847,36.0131569,0.440908,0.00277208141
-125.882683,35.9697571,0.893821239,0.00138581265
-125.879341,36.0092926,0.421811849,0.00138474465
-125.85775,36.0803833,0.0224070158,0.00554552861
-125.808113,35.9299927,0.8285936,0.011091535
-125.9705,36.0372047,0.230028465,0.002773007
-125.944008,35.9817772,0.60251534,0.002773225
-126.016907,36.0412865,0.125433937,0.005544357
-125.917412,36.11218,0.0223943926,0.00554364268
-125.909157,36.02518,0.03852386,0.00138617773
-125.9125,35.9856453,0.9606345,0.001387247
-125.93734,36.06084,0.0223928727,0.00277143531
-126.185852,36.25529,0.0223974735,0.08872563
-125.642784,35.3047638,0.894490361,0.177466616
-125.36454,34.90857,0.894553363,0.0443630368
-125.198967,34.65503,0.820115864,0.02218669
-125.334869,34.7068,0.893163,0.00277125812
-125.308388,34.65137,0.579519331,0.0027721785
-125.381264,34.7108879,0.8946216,0.005543574
-125.281769,34.78178,0.8264373,0.00554605
-125.27523,34.675,0.6477691,0.00277187536
-125.301704,34.730423,0.931305051,0.00277095521
-125.550209,34.9249,0.8945449,0.08873331
-126.014091,35.3374329,0.8944937,0.3549049
-127.05471,35.9334869,0.8086942,0.0110893538
-127.107666,36.0443535,0.293135554,0.0110927131
-126.961876,35.9253273,0.758938849,0.0221827868
-127.160889,35.7835274,0.8944347,0.0221795216
-127.177345,35.9575539,0.7952968,0.00554592069
-127.170662,36.03662,0.312262326,0.00554450974
-127.12104,35.88622,0.8943797,0.0110888043
-127.1141,36.33699,0.0224074032,0.04435725
-126.975,36.13889,0.0223696344,0.0110925511
-126.905434,36.0398254,0.191027731,0.00277259061
-126.878944,35.9843941,0.5712262,0.00277210213
-126.951843,36.0439148,0.0997209,0.00554714445
-127.067833,36.14706,0.0224041548,0.02218133
-126.86261,35.6245232,0.894465446,0.177453145
-127.502235,35.98616,0.786580741,0.0027719033
-127.528725,36.041584,0.0224123,0.00277098361
-127.455833,35.9820671,0.6382338,0.00554259634
-127.555336,35.9111748,0.8948616,0.00554561429
-127.56189,36.01796,0.5166362,0.002771864
-127.535408,35.9625359,0.864429057,0.00277278479
-127.505455,36.13246,0.0271140486,0.0221772268
-127.4062,35.83166,0.8943118,0.0443651974
-127.717712,36.0183678,0.35548687,0.002773321
-127.752563,35.9749641,0.8523855,0.00138627656
-127.749207,36.0144958,0.3855397,0.00138732383
-127.727623,36.0856323,0.022383146,0.00554323
-127.678,35.93523,0.7914372,0.011089473
-127.840385,36.0424461,0.15192,0.002772801
-127.8139,35.9870148,0.5411716,0.0027743727
-127.8868,36.046524,0.07424041,0.0055469675
-127.78727,36.11743,0.0223927256,0.00554594444
-127.779053,36.0304146,0.0223887116,0.00138732383
-127.782387,35.9908867,0.9368764,0.00138627656
-127.8072,36.0660858,0.0223929137,0.002772858
-127.624756,36.196064,0.022388678,0.0221825019
-127.608307,36.0220337,0.314905554,0.00554757752
-127.615,35.9429626,0.8972397,0.00554757752
-127.664619,36.09337,0.02239542,0.0110940728
-127.299744,36.35332,0.0223893747,0.0887253657
-127.285072,35.9736671,0.8731759,0.00138643244
-127.281738,36.013195,0.410167426,0.00138713769
-127.25692,35.9380074,0.894480646,0.002772272
-127.346413,35.9857063,0.556351364,0.00277308328
-127.311584,36.0290947,0.02238728,0.00138630951
-127.314919,35.9895668,0.9590071,0.001385604
-127.230324,36.06842,0.0223879479,0.005545109
-127.223755,35.9616432,0.824798346,0.00277194055
-127.250244,36.01707,0.3766697,0.00277237268
-127.280205,35.847126,0.8944167,0.02218133
-127.379456,36.1479225,0.053782478,0.0443619527
-126.649712,36.6678429,0.0223912746,0.3549008
-126.6204,35.9085274,0.8947656,0.005546297
-126.626953,36.0153236,0.5462897,0.00277323369
-126.600464,35.9599,0.8944804,0.00277383113
-126.564087,35.8372,0.89416784,0.011094654
-126.743065,35.9326057,0.8099138,0.01109175
-126.673378,36.0194054,0.34073177,0.005547002
-126.680061,35.9403267,0.8951295,0.00554841338
-126.510864,36.0980339,0.050361935,0.022183869
-126.497742,35.8844757,0.894410551,0.0110916225
-126.5673,35.9835472,0.8059469,0.00277165323
-126.593788,36.03897,0.0267853122,0.00277105579
-126.5209,35.97945,0.652531862,0.005547002
-126.610634,35.6554451,0.8945411,0.0887266845
-126.868805,36.28885,0.0223883539,0.0221869051
-126.852333,36.11481,0.0224033613,0.00554349739
-126.844116,36.0277977,0.0223907549,0.00138643058
-126.84745,35.988266,0.979796648,0.00138574792
-126.872276,36.0634651,0.0223933514,0.00277259061
-126.908653,36.1861458,0.0223977659,0.0110906763
-126.981422,36.4315224,0.022392001,0.04436233
-126.6235,36.2407074,0.022386184,0.04436861
-126.7297,36.09074,0.0223866552,0.0110888043
-126.7828,36.0157661,0.3986214,0.00277286116
-126.817627,35.9723663,0.89333725,0.00138574792
-126.814293,36.011898,0.436349124,0.00138643058
-126.792694,36.08301,0.022399744,0.005544402
-126.749489,36.22524,0.0223823171,0.0221829787
-125.349632,37.29687,0.0223909263,1.41964245
-125.291016,35.77828,0.8944345,0.02218495
-125.307487,35.9523163,0.834345,0.00554667227
-125.300804,36.0313835,0.362174,0.005545262
-125.25116,35.88098,0.8946176,0.0110938856
-125.178383,35.6356163,0.894431531,0.0443655737
-125.536324,35.82642,0.894409239,0.04436709
-125.430138,35.9763947,0.52855736,0.0110916626
-125.360466,36.06319,0.0223914478,0.00554541452
-125.367149,35.984127,0.9172893,0.00554682547
-125.410339,35.8418846,0.894430339,0.0221778639
-125.105125,36.13365,0.022397384,0.0110893538
-125.035553,36.0346069,0.268128037,0.00277467119
-125.009064,35.9791565,0.634918332,0.00277434848
-125.08197,36.0386848,0.150585487,0.00554662757
-125.197945,36.14181,0.02239112,0.0221845955
-124.9989,36.28361,0.0223887544,0.022183869
-124.982445,36.1095848,0.02238336,0.00554827135
-124.975891,36.00279,0.6217846,0.002773108
-125.00238,36.05824,0.0223909989,0.00277343
-125.038765,36.18092,0.02238936,0.0110913413
-125.045708,35.7301369,0.894487739,0.0443580747
-125.184814,35.92825,0.816241,0.0110907415
-125.2378,36.0391121,0.3356894,0.0110905236
-125.092,35.92007,0.777521253,0.0221816357
-125.152161,35.2084923,0.8945547,0.08872421
-125.125938,34.78136,0.587515,0.0443608053
-125.231873,35.0030975,0.894576132,0.0443592854
-125.377411,35.493824,0.8944536,0.177454039
-125.787819,36.5388832,0.022387173,0.08873331
-125.754883,36.19081,0.0223898254,0.0221828353
-125.738426,36.01679,0.366778255,0.00554584432
-125.745117,35.9377251,0.893556058,0.00554516166
-125.794739,36.0881157,0.0223862138,0.0110897329
-125.867531,36.333477,0.0223864,0.0443706624
-126.013062,36.8242226,0.0223917142,0.1774662
-125.2972,36.44261,0.0223893523,0.17746824
-125.50959,36.1426849,0.0738461539,0.04435783
-125.632355,35.9809074,0.8010597,0.00277436781
-125.658844,36.0363426,0.0631372258,0.00277290633
-125.585938,35.97682,0.667591155,0.00554503966
-125.685455,35.90592,0.894519567,0.00554689439
-125.692017,36.0127068,0.5423955,0.00277194055
-125.665527,35.95727,0.8947282,0.00277340226
-125.635582,36.127224,0.052075617,0.0221795216
-125.549194,36.4116821,0.022394849,0.08872276
-139.666916,44.92918,0.03602718,1.41966832
-139.562,43.22066,0.4207553,0.70982784
-140.105072,44.1711845,0.05293535,0.08873001
-140.078842,43.74407,0.6363784,0.04436588
-140.217957,43.94217,0.8434092,0.0110912509
-140.270935,44.05303,0.1926427,0.0110912509
-140.125122,43.9340019,0.768564045,0.0221825019
-140.330338,44.4565239,0.0375599638,0.177463517
-139.6741,44.10671,0.07037816,0.02218827
-139.687485,43.94859,0.434853882,0.0221788026
-139.786728,44.24938,0.04945352,0.04436527
-139.428787,44.0585747,0.17658107,0.04437134
-139.568161,43.88498,0.432870179,0.022174878
-139.5548,44.0431023,0.277847081,0.0221843459
-139.893188,43.72774,0.473415852,0.0887232944
-139.919418,44.1548462,0.0414121,0.04435777
-139.813477,43.933136,0.309152454,0.04435473
-140.567932,46.0705452,0.0412522927,2.839335
-137.943069,44.6712761,0.0638424754,0.3549043
-137.943588,43.9278679,0.314841956,0.044370953
-137.804214,44.10147,0.07956337,0.0221816152
-137.817581,43.94333,0.431894749,0.0221816152
-137.903992,43.65886,0.432754785,0.08873736
-138.102509,44.26048,0.06447976,0.177457958
-138.39357,45.2419434,0.051123824,0.7098294
-137.081161,44.5423164,0.06384759,0.08872682
-137.048248,44.1942558,0.06383506,0.02217604
-137.03511,43.9807,0.402543336,0.0110878814
-137.088089,44.0915642,0.06384567,0.0110859275
-137.160873,44.3369141,0.06384785,0.0443603173
-137.306412,44.8276558,0.06385074,0.177468359
-136.59053,44.4460335,0.06384762,0.177458212
-136.802933,44.14612,0.0582611375,0.04435967
-136.9423,43.9725342,0.27393046,0.0221863165
-136.92894,44.1306648,0.0911931843,0.022183584
-136.842545,44.41511,0.06383681,0.088741906
-137.452988,43.8316231,0.4183145,0.04436223
-137.558914,44.0533447,0.186112016,0.0443683043
-137.267319,43.81529,0.3947659,0.0887263
-137.665359,43.5316734,0.4327802,0.0887210444
-137.698288,43.87973,0.4326931,0.0221816152
-137.684921,44.0378723,0.27406165,0.0221816152
-137.585663,43.73708,0.432761937,0.0443571545
-137.571777,44.6386,0.06385747,0.177453369
-137.293549,44.24239,0.06386738,0.04436562
-137.154434,44.0442924,0.153177008,0.0110934824
-137.101456,43.93343,0.394868821,0.0110954382
-137.247269,44.05246,0.183528855,0.0221806467
-137.4792,44.25874,0.0638477057,0.08872277
-138.819382,43.1553,0.421812147,1.41964483
-138.9243,44.86382,0.051134266,0.7098197
-138.348053,43.93691,0.413955241,0.0110894982
-138.401031,44.04776,0.11129421,0.01108852
-138.255249,43.92874,0.352913,0.0221729558
-138.454269,43.78697,0.4326489,0.0221864618
-138.467377,44.00052,0.208789647,0.01108852
-138.4144,43.8896675,0.432887524,0.0110894982
-138.3545,44.2295341,0.127281874,0.0887287557
-138.155991,43.6279335,0.4327339,0.177461922
-138.8122,43.97777,0.265473723,0.0221829079
-138.798813,44.1359062,0.0790977851,0.0221725348
-138.699585,43.8350945,0.432742,0.0443733931
-139.024338,44.04952,0.135429069,0.0110899266
-138.971359,43.93865,0.379711181,0.0110909035
-139.117157,44.05769,0.171890274,0.0221804641
-138.918137,44.1994934,0.0638473257,0.0221830849
-138.905014,43.98593,0.390347,0.0110959793
-138.958,44.0968,0.06387284,0.0110950014
-138.593109,44.35673,0.06385099,0.08872998
-138.560211,44.0086975,0.271686047,0.02217704
-138.573578,43.8505745,0.4326874,0.022187965
-138.672836,44.15135,0.05968375,0.0443527922
-142.104568,48.5422974,0.0367999673,0.709769368
-142.647629,49.4928169,0.224892482,0.088723354
-142.6214,49.0656738,0.0368033759,0.04435634
-142.786972,49.3192444,0.353753984,0.02218669
-142.667679,49.2556267,0.107126608,0.0221764445
-142.872879,49.7781677,0.3508853,0.177441463
-142.223343,49.3493042,0.0368011445,0.04436176
-142.362473,49.5474052,0.0379024372,0.011090829
-142.415451,49.6582642,0.330585182,0.0110867117
-142.269638,49.5392265,0.03680019,0.0221846662
-142.0377,49.3329659,0.0368002355,0.08871266
-142.435745,49.0493469,0.0367991775,0.08872772
-142.468674,49.39742,0.0368931852,0.02218942
-142.481781,49.6110039,0.3509271,0.0110891359
-142.4288,49.50014,0.0908897,0.0110932551
-142.356049,49.25476,0.03679384,0.0443716832
-141.361954,48.47696,0.0368,1.41965222
-143.163956,50.7596321,0.350907564,0.709809542
-143.892685,51.7265129,0.350869238,0.04436527
-144.031784,51.92462,0.32155478,0.01109471
-144.084747,52.0355034,0.6255456,0.01109471
-143.93895,51.9164543,0.416765422,0.0221861079
-143.707016,51.710186,0.350925684,0.08873115
-144.2105,52.3917236,0.7256666,0.08872895
-143.832748,52.0664063,0.669737935,0.0221783426
-143.660477,51.89195,0.353435457,0.0221799649
-143.985229,52.1063843,0.6440122,0.0443618745
-143.243164,51.2976379,0.3509007,0.354930252
-141.758957,49.6801338,0.0397357,0.177442715
-142.143112,50.2980652,0.3509103,0.08872679
-141.798553,49.9491272,0.09064029,0.08872355
-141.1758,49.204,0.0367957652,0.354914874
-142.342148,50.15627,0.350892872,0.177484483
-142.010941,49.64921,0.04225827,0.08871121
-142.256271,49.6973572,0.187846109,0.02219031
-142.3756,49.7609558,0.313577533,0.02218307
-142.176529,49.90274,0.236791953,0.0221842639
-142.189911,49.7446175,0.27468273,0.02218281
-142.713455,50.1889534,0.350888759,0.3549026
-139.2411,47.01582,0.04318288,1.41963065
-137.862854,45.6200562,0.0510105975,1.41962719
-140.460953,47.3356,0.0346625075,2.83930278
-133.835083,40.16773,0.35013926,0.7098583
-134.391541,40.9601326,0.3500869,0.177457824
-134.66304,41.4354057,0.3076734,0.0221853238
-134.649948,41.2218361,0.349963784,0.0110943951
-134.702927,41.3327026,0.408784449,0.0110940728
-134.775681,41.5780678,0.432817519,0.0443728119
-134.450928,41.3636322,0.3502062,0.0110926172
-134.5337,41.4904022,0.2578658,0.00554395746
-134.474075,41.4586029,0.318792135,0.00554576749
-134.358109,41.3554649,0.350134254,0.0221835766
-134.557114,41.21367,0.350079745,0.0221818574
-134.570221,41.4272346,0.33156845,0.01108731
-134.517258,41.3163643,0.3501292,0.011089473
-134.020233,40.9274635,0.350137055,0.354914427
-133.092484,40.1023827,0.350129366,1.41964674
-134.894485,42.3850861,0.432741225,0.7098783
-135.55687,43.3992424,0.432729959,0.177466616
-135.888077,43.9063,0.351335555,0.044370953
-135.994,44.1280327,0.251330763,0.0443684049
-135.596466,43.668232,0.432750553,0.08873367
-134.973679,42.9231,0.4327472,0.3549337
-133.489487,41.30559,0.350142568,0.1774548
-133.820679,41.8126564,0.350159168,0.0443604961
-134.012772,42.12164,0.4533197,0.0221759733
-133.8405,41.9471626,0.350081623,0.022179978
-133.5291,41.57459,0.350163043,0.08872576
-132.906311,40.82945,0.350136131,0.3549135
-134.086044,41.6235924,0.328863382,0.0887253657
-134.112259,42.05073,0.4246979,0.0443635359
-134.006317,41.82899,0.292311847,0.0443604961
-133.8608,41.33826,0.35013485,0.177457213
-134.510315,41.76713,0.432751328,0.0443557277
-134.344742,41.5135956,0.466783077,0.022180846
-134.480637,41.5653877,0.4329347,0.00277274358
-134.454147,41.50995,0.261623472,0.00277149584
-134.527023,41.5694771,0.4328744,0.005544276
-134.427536,41.64037,0.37692067,0.00554433325
-134.420975,41.53358,0.347936124,0.00277210213
-134.447464,41.58902,0.470385551,0.00277334964
-134.695969,41.7834663,0.4327228,0.0887398
-134.297913,42.0670662,0.432690173,0.08874124
-134.271683,41.6399231,0.207519934,0.04437173
-134.37764,41.86166,0.4328179,0.0443721674
-130.282516,37.94339,0.033976227,2.83923769
-131.88652,38.8810921,0.0202593319,0.0443657152
-132.052109,39.1346436,0.312915474,0.0221844018
-131.932785,39.0710335,0.0242325366,0.02217928
-131.700867,38.86475,0.0150925815,0.0887211338
-132.092224,38.66023,0.350126117,0.0221844353
-131.972916,38.59662,0.07720373,0.0221829321
-132.165268,38.5338936,0.350129515,0.04436402
-132.125137,39.0083122,0.350054055,0.04436097
-131.959549,38.7547722,0.0771229938,0.0221814755
-132.078842,38.81838,0.350097865,0.0221829787
-131.952332,39.57722,0.109904163,0.0443580747
-132.085,39.4826965,0.287124664,0.04436811
-131.991928,39.84622,0.138194934,0.08872015
-131.674118,39.181015,0.0150887426,0.08871677
-131.919418,39.2291565,0.0150936758,0.0221805554
-132.038742,39.2927666,0.30877015,0.0221856777
-131.84639,39.35548,0.0150884064,0.04436111
-131.263748,38.135952,0.015093958,0.354932249
-131.754349,38.23221,0.0150870206,0.08872492
-132.059326,38.3121529,0.3050358,0.04436423
-131.926636,38.4066772,0.08943029,0.0443641171
-131.608322,38.4848824,0.015093918,0.17746219
-132.668716,39.21544,0.3501345,1.41959643
-135.955948,41.62882,0.4327447,1.41963172
-136.0876,43.02109,0.432750434,0.3548976
-136.153427,43.7172241,0.4327492,0.08872429
-136.179642,44.1443672,0.060493432,0.04435549
-136.07373,43.9226379,0.320792228,0.04436069
-135.928177,43.4318962,0.4327394,0.177451164
-135.6371,42.4504242,0.4327563,0.709837735
-134.81633,40.3602867,0.350112677,0.354922861
-134.848984,41.0800438,0.2599926,0.0110949166
-134.901962,41.190918,0.441742778,0.0110863578
-134.756149,41.0718651,0.350177437,0.0221851431
-134.955185,40.9300842,0.303888977,0.0221855622
-134.9683,41.14366,0.432756543,0.0110869072
-134.915329,41.0327873,0.234296665,0.011095467
-134.908371,41.4835358,0.432789534,0.04436266
-134.769272,41.2854347,0.40892756,0.0110909287
-134.716309,41.174572,0.350207239,0.0110912509
-134.862091,41.2936058,0.4163368,0.0221780855
-134.6569,40.7710838,0.3501303,0.177450329
-134.365829,39.7896,0.3501176,0.7098535
-135.664841,40.6473732,0.423038632,0.177428037
-135.452988,40.2039,0.302784234,0.1774458
-136.036148,40.6800346,0.432734042,0.354944766
-135.306412,41.1999779,0.432804435,0.0443544537
-135.167313,41.0018578,0.4327218,0.0110901445
-135.114334,40.89099,0.1963903,0.0110899266
-135.260132,41.0100365,0.432647318,0.0221828632
-135.49205,41.2163124,0.432801217,0.0887152255
-135.094025,41.4998779,0.4327862,0.08872593
-135.061111,41.151825,0.432761759,0.0221797023
-135.048019,40.9382668,0.19660306,0.0110905888
-135.101,41.0491333,0.432805181,0.0110908076
-135.173737,41.29449,0.432799846,0.0443646051
-135.187637,40.39297,0.350134283,0.177468985
-135.5188,40.9000549,0.393224269,0.08872924
-135.2735,40.851902,0.292322129,0.0221788585
-135.15419,40.7882957,0.297761649,0.02217794
-135.346542,40.7255859,0.38053298,0.0443688519
-137.918381,42.0139427,0.432755977,2.839255
-137.0688,43.2136421,0.4327525,0.709821463
-136.584366,43.78174,0.43279326,0.02218163
-136.597488,43.99527,0.2131746,0.0110955983
-136.54451,43.88442,0.432926834,0.0110929972
-136.471725,43.6390572,0.432726949,0.04436979
-136.829666,43.8298759,0.432727545,0.04436527
-136.6903,44.00345,0.2749977,0.0221770257
-136.703674,43.8453369,0.432768255,0.0221713837
-136.36528,44.1606941,0.122101784,0.08872607
-136.33905,43.73357,0.432739317,0.04435975
-136.478165,43.93167,0.413861364,0.0110816378
-136.531143,44.0425224,0.129068613,0.0110842362
-136.385345,43.9235039,0.3632056,0.0221756324
-136.564835,43.2754974,0.4327554,0.354901284
-136.910416,42.1376343,0.432749659,1.419616
-143.696747,47.4079475,0.0368005335,0.709813356
-144.359116,48.4220772,0.3445174,0.354920268
-143.808823,48.2940178,0.267984241,0.02218942
-143.7957,48.0804443,0.0368030854,0.0110858083
-143.848679,48.1912956,0.2839031,0.0110925268
-143.921448,48.4366875,0.350941151,0.04437364
-143.629868,48.1986275,0.09476632,0.08871789
-143.994736,47.93864,0.08597945,0.0110950014
-144.047714,48.0495,0.34755224,0.0110939192
-143.9019,47.9304924,0.03680115,0.0221827626
-144.100937,47.7886772,0.0625845343,0.0221810676
-144.114059,48.0022278,0.3508053,0.0110876318
-144.061081,47.89137,0.0938199,0.011088714
-144.054138,48.3421326,0.350934744,0.0443610661
-143.915024,48.14403,0.283842772,0.0110926386
-143.862045,48.0331841,0.03676858,0.01108592
-144.007858,48.1522026,0.3457259,0.0221807417
-142.954147,47.34261,0.03680135,1.41960979
-144.54631,46.2082329,0.03157597,1.41961718
-144.651215,47.916748,0.30602482,0.709789753
-144.227463,47.0298271,0.0506965034,0.709802747
-144.225388,50.0033875,0.350920767,1.41961372
-144.357056,51.39566,0.3509077,0.3549106
-144.356552,52.13907,0.701024,0.0443686768
-144.495911,51.9654732,0.535944343,0.0221779477
-144.482544,52.1236076,0.7061053,0.0221730322
-144.396133,52.40807,0.7256636,0.08872607
-144.13797,51.7746468,0.350887448,0.0221808385
-144.154434,51.94869,0.3708593,0.005544898
-144.147766,52.02776,0.658347,0.005547355
-144.098129,51.87735,0.350905985,0.011089691
-144.02536,51.6319771,0.350901753,0.04435777
-144.3833,51.8227959,0.350910664,0.0443615131
-144.2771,51.9727669,0.445622236,0.0110957921
-144.207413,52.05957,0.7255556,0.00554660335
-144.2141,51.9805,0.555582345,0.00554414559
-144.257278,51.8382568,0.350952625,0.0221895818
-143.906555,50.82498,0.350919873,0.709809065
-143.019424,48.7821236,0.0367963165,0.0443626158
-143.125381,49.0038567,0.318820864,0.0443678163
-142.833786,48.7657776,0.03679835,0.0887355357
-143.231842,48.48219,0.0312536247,0.08873764
-143.258072,48.9093132,0.333410949,0.0443756543
-143.152115,48.68758,0.07534672,0.0443704538
-143.138229,49.58911,0.350893527,0.177466616
-142.86,49.19292,0.2378469,0.044363454
-142.754074,48.9711723,0.03679559,0.04436649
-143.04567,49.20926,0.3012356,0.0887250751
-142.635284,48.1641731,0.03680175,0.7097809
-143.934326,49.02196,0.350896776,0.177458465
-143.656082,48.6257439,0.350892425,0.04436115
-143.550156,48.4040031,0.108523108,0.0443507545
-143.841736,48.64209,0.3509424,0.08871925
-144.305618,49.0546265,0.3508883,0.354921728
-143.509552,49.6218071,0.350877941,0.354922444
-143.443741,48.92566,0.350941718,0.0887223557
-143.4175,48.4985161,0.108489767,0.0443504155
-143.523438,48.7202568,0.3509265,0.0443608165
-143.668976,49.2110176,0.3508819,0.17746377
-141.41748,44.87083,0.0368021242,0.7098169
-141.842239,44.2709656,0.06354587,0.17744945
-142.087845,43.9474068,0.8432602,0.0110855307
-142.1408,44.0582771,0.14647314,0.011085636
-141.99501,43.93924,0.7258794,0.0221888535
-142.194031,43.7974434,0.928157032,0.0221797563
-142.210464,43.9714851,0.7124273,0.00554670766
-142.203781,44.05055,0.22637631,0.005548527
-142.15416,43.9001465,0.9286015,0.0110906065
-142.094238,44.24004,0.131162956,0.08872461
-141.921448,44.80897,0.0368045121,0.354923666
-141.575882,45.94685,0.0367995948,1.41960609
-140.473557,43.50002,1.05171835,0.00554420426
-140.5332,43.53181,0.853328168,0.005544357
-140.433685,43.6027031,0.7364636,0.00554689439
-140.440384,43.52365,0.469356418,0.00554552861
-140.457092,43.3259735,0.648896933,0.0110926256
-140.526627,43.42502,0.6490384,0.00277259061
-140.553116,43.4804573,0.972829163,0.00277286116
-140.480225,43.420948,0.6488858,0.00554593327
-140.582809,43.68221,0.928420365,0.04436588
-140.291229,43.4441261,0.6634598,0.08872664
-140.656113,43.18417,0.6492372,0.0110897478
-140.738892,43.31094,0.671871066,0.00554748
-140.679245,43.2791328,0.7070641,0.00554303359
-140.563278,43.17599,0.6491052,0.0221806932
-140.762314,43.0342,0.6491757,0.0221842229
-140.775436,43.2477722,0.8511313,0.0110942423
-140.722458,43.1369057,0.6490632,0.0110959793
-140.7155,43.587677,0.928268,0.0443683043
-140.579727,43.3500328,0.6586661,0.005547827
-140.586288,43.45683,0.9254683,0.0027735238
-140.5598,43.4013863,0.555493236,0.00277325348
-140.523438,43.2786865,0.649009347,0.0110920761
-140.669235,43.39773,0.724740863,0.02218567
-140.542709,44.1566048,0.030184526,0.0443557277
-140.665482,43.9948235,0.747529268,0.00277428329
-140.691971,44.0502739,0.03675144,0.0027735238
-140.619064,43.9907341,0.595146,0.00554645
-140.718582,43.91984,0.9282401,0.005545238
-140.725143,44.02664,0.370489717,0.00277286116
-140.698654,43.97119,0.7680163,0.00277362019
-140.668686,44.1411552,0.0395258255,0.0221842639
-140.582321,44.42561,0.03680497,0.0887114555
-140.324142,43.7921944,0.9282608,0.0221785773
-140.3406,43.96623,0.7506511,0.005545181
-140.333939,44.0453,0.28030175,0.00554308854
-140.284286,43.8948975,0.9283826,0.0110899266
-140.211517,43.6495361,0.536881,0.04436323
-140.569443,43.8403435,0.9281911,0.04436588
-140.446671,44.0021477,0.528669059,0.00277288933
-140.420181,43.9466972,0.927540958,0.00277364859
-140.493073,44.0062256,0.490949243,0.005543663
-140.393585,44.0771065,0.03681386,0.00554505037
-140.387009,43.9703178,0.843285561,0.00277364859
-140.4135,44.02577,0.206609353,0.00277288933
-140.443436,43.855793,0.9282332,0.02217919
-139.907074,42.8261833,0.3299631,0.0443659574
-140.039749,42.7316475,0.5146156,0.0443661846
-139.946671,43.0951958,0.4691537,0.08872373
-139.62886,42.4300041,0.432780743,0.08873808
-139.874161,42.47812,0.432767451,0.0221739
-139.993469,42.5417175,0.49190715,0.0221811365
-139.801147,42.60445,0.4327752,0.04435772
-140.331345,42.96973,0.6490967,0.354910344
-141.405136,43.54217,0.9283433,0.08873646
-141.438065,43.8901978,0.923482955,0.0221824553
-141.451157,44.10377,0.0367918946,0.0110916886
-141.3816,44.00472,0.5288721,0.00277210213
-141.355118,43.94928,0.928274,0.00277334964
-141.428024,44.0088,0.474350661,0.00554616656
-141.325424,43.7475471,0.9282027,0.0443601236
-141.113541,43.3040924,0.928245664,0.04436706
-140.974426,43.10596,0.924318969,0.0110920109
-140.921463,42.9951,0.578863561,0.01109017
-141.067261,43.11414,0.92818284,0.0221841745
-141.299179,43.32044,0.9282497,0.0887325853
-141.895737,43.638443,0.928245068,0.177465335
-141.653549,43.9224739,0.9287468,0.005544003
-141.6601,44.0292244,0.3290287,0.002768935
-141.633621,43.9738045,0.731807053,0.00276849861
-141.597244,43.8511353,0.9281048,0.0110922288
-141.7762,43.9465332,0.7392237,0.0110829063
-141.706512,44.0333138,0.215330243,0.005545553
-141.713211,43.9542656,0.9404608,0.00554837333
-141.543991,44.11194,0.0367953554,0.02218488
-141.5309,43.8983879,0.9245403,0.0110922856
-141.600464,43.9974251,0.7202714,0.00277414965
-141.626938,44.052845,0.03677585,0.00277458737
-141.554031,43.9933472,0.5784469,0.005544083
-141.643753,43.66937,0.928328931,0.08870873
-141.03331,44.25288,0.03679917,0.0443637148
-140.894211,44.0547676,0.3587133,0.0110919233
-140.841248,43.94391,0.7573712,0.0110919233
-140.987045,44.06294,0.235158116,0.0221844576
-141.218948,44.2692146,0.03679717,0.08872682
-140.8209,44.5528145,0.0368052945,0.08871809
-140.78801,44.2047539,0.03680245,0.022180032
-140.771545,44.03072,0.2428754,0.00554662757
-140.778244,43.95165,0.9354343,0.00554598961
-140.827866,44.10205,0.03679073,0.0110906539
-140.90062,44.3474121,0.03679606,0.04436614
-140.901138,43.604023,0.9282524,0.088723354
-140.868256,43.25593,0.840787351,0.0221780855
-140.855133,43.0423622,0.649246,0.0110857012
-140.9081,43.15323,0.9613339,0.0110875415
-140.98085,43.3986168,0.9281957,0.0443644077
-141.192734,43.842083,0.8659397,0.04436233
-141.3285,44.0797119,0.03680359,0.00554493163
-141.321945,43.97292,0.842876256,0.00277334964
-141.348434,44.0283623,0.1603541,0.00277210213
-141.384811,44.1510429,0.03679687,0.0110929
-141.205856,44.055645,0.170021027,0.0110921729
-141.275528,43.96883,0.731402934,0.00554851
-141.26886,44.0479126,0.253890485,0.005546143
-141.00708,43.8257637,0.827853858,0.08871986
-143.379959,45.2559624,0.03680121,0.7098221
-142.823517,44.46353,0.03680196,0.177455753
-142.535385,44.00006,0.6920029,0.00277594
-142.561874,44.0555,0.0367667824,0.002774858
-142.488968,43.99597,0.555211246,0.00554479333
-142.588486,43.92508,0.928028464,0.00554660335
-142.595047,44.03187,0.287004,0.00277044531
-142.568558,43.97643,0.6952739,0.00277152658
-142.5386,44.1463737,0.0368087143,0.0221799184
-142.439346,43.84557,0.913923562,0.04435993
-142.7641,44.0600166,0.3168891,0.0110944761
-142.711136,43.94914,0.720682,0.0110914381
-142.856934,44.0682068,0.20756276,0.0221889522
-142.6579,44.20999,0.036806643,0.0221763
-142.641449,44.03595,0.1878322,0.00554420426
-142.648132,43.95688,0.9451839,0.005546297
-142.697754,44.10729,0.0368017443,0.0110918805
-143.194809,44.4962273,0.03680266,0.354894578
-144.122559,45.32131,0.03679921,1.41963446
-142.53038,46.455677,0.03680005,1.419693
-142.3987,45.063385,0.03680246,0.354938149
-142.33287,44.3672371,0.03679404,0.0887354761
-142.316544,44.0073853,0.5287685,0.002773407
-142.290054,43.9519463,0.928264,0.002772428
-142.362991,44.0114632,0.446178,0.00554604642
-142.263443,44.0823555,0.0368012935,0.00554506155
-142.2569,43.9755669,0.8436513,0.00277237268
-142.283386,44.0310059,0.114175171,0.00277334964
-142.313339,43.861042,0.9264761,0.0221900027
-142.4126,44.1618347,0.0367891267,0.0443748347
-142.558151,44.6525764,0.0367957838,0.177470535
-142.849228,45.6340752,0.0367978476,0.709871948
-147.356277,48.3672,0.350889742,2.83945012
-146.243378,46.7823677,0.3509446,0.7097964
-145.700333,45.83186,0.036796473,0.0887313038
-145.733246,46.17992,0.0933089554,0.02217399
-145.746338,46.3934822,0.350914448,0.0110924635
-145.693375,46.28261,0.107688196,0.0110918181
-145.620621,46.03725,0.03680169,0.04435946
-145.475082,45.54651,0.0367974825,0.177444384
-146.124588,45.9753838,0.27109912,0.0443673357
-146.018646,45.75365,0.03679198,0.0443642959
-146.310226,45.99172,0.3333186,0.08872682
-145.912186,46.27533,0.25592345,0.0887106
-145.885971,45.8481941,0.03679914,0.044359
-145.9919,46.0699272,0.27113083,0.0443620346
-146.986,46.8477058,0.350894362,1.41965568
-149.372208,48.11978,0.4202453,2.83922458
-148.389954,49.414,0.420287281,0.177443385
-148.11174,49.0178223,0.400240719,0.04435777
-147.946152,48.7642822,0.3289724,0.0221834239
-148.065445,48.8278923,0.401617259,0.02218192
-148.297379,49.03416,0.420293123,0.08872277
-148.761246,49.4466743,0.420358539,0.354879528
-148.034851,49.9270821,0.420226425,0.00554476073
-147.9752,49.8952942,0.35825026,0.005549439
-148.071365,49.86391,0.42027235,0.0110897478
-148.0513,50.1011162,0.377083063,0.0110898782
-147.9685,49.9743652,0.343680769,0.005546797
-148.028183,50.0061531,0.379658639,0.005542121
-147.8659,49.7130928,0.350879341,0.02218192
-148.018387,49.75305,0.468923271,0.0110872518
-147.952042,49.8003235,0.2896704,0.011092158
-148.217148,49.98294,0.420240283,0.08873354
-147.832474,50.10843,0.261730164,0.1774406
-147.906021,49.238678,0.350905657,0.0221808869
-148.02533,49.3022766,0.297573924,0.0221845061
-147.833,49.36501,0.350872129,0.04436696
-147.873108,48.8906136,0.3509394,0.04436696
-148.038712,49.144146,0.297488421,0.0221839584
-147.919388,49.0805473,0.350909263,0.02218034
-148.243912,49.6666679,0.420272171,0.088739
-147.9986,49.61856,0.217462078,0.02218488
-147.879272,49.55495,0.350886881,0.0221833773
-148.071609,49.492218,0.30777055,0.0443646833
-148.191956,48.06901,0.420255154,0.044369854
-148.052856,47.87093,0.384840935,0.0110881254
-147.970062,47.74416,0.3382874,0.00554166734
-148.029724,47.77596,0.387066126,0.005546496
-148.145676,47.87909,0.420255154,0.0221786443
-148.377625,48.0853462,0.4203177,0.08874216
-147.986237,48.2898865,0.267963946,0.0221856069
-148.10556,48.3534851,0.420292944,0.0221856069
-147.913223,48.4162178,0.268412024,0.044356104
-147.953339,47.9418335,0.204798386,0.0443556048
-148.118942,48.1953545,0.420277566,0.0221799649
-147.966446,48.1553841,0.1816419,0.0110907108
-148.032791,48.1081238,0.296582758,0.0110881729
-148.126114,47.3728828,0.423140883,0.0443685651
-148.019913,47.5228577,0.4665993,0.0110959373
-147.953583,47.57013,0.2824688,0.0110896472
-148.000122,47.3883476,0.219540074,0.0221782215
-148.086533,47.10387,0.309035838,0.0887287557
-148.404358,47.7690735,0.420357734,0.0887367
-148.159042,47.72096,0.4203346,0.02217701
-148.036392,47.69691,0.420394659,0.00554585829
-147.97673,47.66511,0.351492375,0.00554103
-148.072891,47.6337471,0.420412183,0.0110940877
-148.232056,47.5946045,0.4202519,0.0443668179
-148.814743,48.814167,0.420328826,0.3549101
-148.324127,48.7178955,0.420354217,0.08873661
-148.078812,48.6697578,0.420434922,0.0221777335
-147.9595,48.60615,0.3376687,0.0221792385
-148.15184,48.5434265,0.4202913,0.0443755426
-148.4702,48.46523,0.420315474,0.177463517
-146.187866,50.38852,0.350905359,2.8393085
-145.218979,51.5246277,0.350936741,0.0887315348
-145.251877,51.8726921,0.350868225,0.0221817754
-145.265,52.0862541,0.7243588,0.0110916886
-145.212036,51.9753838,0.452349126,0.0110912509
-145.139267,51.73003,0.350931644,0.0443603061
-144.993713,51.2392769,0.3508913,0.177473471
-145.709579,51.62089,0.3509016,0.177468359
-145.497177,51.92082,0.414944172,0.0443562977
-145.357819,52.09441,0.6861029,0.0221791435
-145.371185,51.93628,0.518937945,0.0221742317
-145.4576,51.651825,0.3509031,0.0887315348
-144.847153,52.235363,0.7255348,0.0443535671
-144.708069,52.0372429,0.750840068,0.0110915005
-144.65509,51.9263725,0.356089473,0.0110899825
-144.800873,52.04542,0.5692588,0.0221793819
-145.032791,52.2516975,0.7255689,0.0887282342
-144.63475,52.53528,0.7256365,0.0887266845
-144.601852,52.1872139,0.7255911,0.0221853945
-144.58873,51.9736443,0.35099414,0.0110950014
-144.641708,52.0845146,0.725618839,0.01109652
-144.714478,52.3298836,0.725531757,0.04436625
-144.728348,51.4283447,0.350879341,0.17746377
-145.006577,51.8245659,0.3312591,0.04436527
-145.142349,52.0621834,0.7258132,0.00554753235
-145.149033,51.9831123,0.5555424,0.00554689439
-145.198654,52.1335258,0.725666761,0.0110929
-145.0197,52.0381279,0.630610764,0.0110954382
-145.089371,51.951313,0.383154571,0.00554327527
-145.082687,52.0303841,0.660919845,0.0055439123
-144.820923,51.8082275,0.386910558,0.08872452
-145.179886,50.512207,0.350898445,1.41967416
-145.393814,47.9820747,0.350913376,1.4196229
-145.275543,46.43169,0.0699284,0.08871809
-145.547318,46.5352669,0.331067115,0.0110931918
-145.494354,46.4243965,0.07307506,0.01109471
-145.640152,46.543438,0.350900829,0.0221833773
-145.441132,46.68523,0.299782038,0.022177428
-145.428009,46.47167,0.03679963,0.01109096
-145.480972,46.58254,0.317328781,0.0110894423
-145.1295,46.6843567,0.105085067,0.177466616
-145.209717,45.7355652,0.0367981829,0.177459374
-145.48793,46.1317635,0.0367963947,0.0443720371
-145.627045,46.3298759,0.107671931,0.0110868569
-145.680008,46.4407463,0.3508756,0.0110875014
-145.534225,46.3216972,0.03084739,0.0221839584
-145.302292,46.11543,0.03679759,0.0887253657
-145.712662,47.1604919,0.350921631,0.7097867
-146.294815,49.1234436,0.350902557,2.839428
-92.8930054,12.20961,0.515770555,0.947609663
-92.3615,12.7430983,0.514329433,0.236911148
-92.0540161,13.026988,0.4265779,0.0148063824
-91.9479,12.8735046,0.142720327,0.00740357954
-92.023735,12.9211836,0.432860285,0.00740375463
-92.1716,13.0575361,0.5182123,0.0296131149
-91.9287949,13.0784044,0.181160644,0.0592224
-91.9708252,12.627614,0.183061019,0.007401725
-92.04667,12.6753082,0.5181198,0.007405564
-91.92527,12.68574,0.140763178,0.0148079013
-91.948204,12.43985,0.140598312,0.0148071246
-92.05432,12.5933485,0.5179947,0.00740546547
-91.97848,12.5456543,0.183091164,0.00740162656
-92.18689,12.8936205,0.5181301,0.0296146534
-92.03138,12.8392229,0.436662674,0.00740201864
-91.95554,12.7915449,0.146227136,0.00740184356
-92.07696,12.7811127,0.5181369,0.0148063013
-92.1040039,12.0606031,0.440724015,0.118451431
-92.06637,11.6031189,0.6164854,0.05922213
-92.20278,11.8624115,0.6146506,0.05922482
-92.39208,12.4152575,0.4412497,0.236899048
-92.40853,10.5167694,0.6759543,0.9476134
-93.1211243,11.4853668,0.6018706,0.23689796
-93.47742,11.9696856,0.5212692,0.05923041
-93.61383,12.2289782,0.5180739,0.05923075
-93.24225,11.9085846,0.5935425,0.11845471
-92.56728,11.3974609,0.5918415,0.0592277832
-92.70368,11.6567488,0.60478574,0.05922553
-92.3321152,11.3363695,0.6740973,0.118459664
-92.8254,11.2126722,0.477218926,0.029614361
-92.6737061,11.1172991,0.6759993,0.029616762
-92.91653,11.0964308,0.6745122,0.0592254438
-92.87067,11.588191,0.6045869,0.0592269376
-92.65842,11.2812243,0.788246,0.029613737
-92.8101,11.3765974,0.6030438,0.0296113361
-94.3182,14.14684,0.518162847,1.89527214
-93.0741,13.7117157,0.5181729,0.4738166
-92.45205,13.4941559,0.518085837,0.118447065
-92.14103,13.3853712,0.518174767,0.0296110641
-91.94761,13.3071442,0.00982258748,0.0148056019
-92.03109,13.2728682,0.335123837,0.0148063824
-92.2321548,13.2691393,0.5182237,0.0592235327
-92.63431,13.2616835,0.518133342,0.2369035
-93.43862,13.2467756,0.518167853,0.947638869
-90.40484,11.339386,0.212694868,0.9475984
-91.1021347,12.4719191,0.152447745,0.118437156
-91.05686,12.0964,0.130235672,0.0296164472
-91.07214,11.9324646,0.312664241,0.02961124
-91.2009048,12.2737274,0.152454,0.05922334
-91.54191,12.9219313,0.123762868,0.118454292
-91.230896,12.8131456,0.144631043,0.0296098329
-91.079216,12.7177782,0.152438715,0.02961546
-91.32202,12.69691,0.124663718,0.0592254438
-90.48008,12.2543488,0.1657487,0.2368986
-90.74583,11.98761,0.205275416,0.05923946
-90.92045,11.8370867,0.239391863,0.0296131149
-90.9051743,12.0010223,0.0191547573,0.0296183228
-90.7987442,12.2811785,0.116618425,0.118454613
-89.4641342,11.0950165,0.2303838,1.89525819
-91.13387,10.4095,0.237391263,0.9476123
-91.74886,9.841721,0.239335865,0.05922013
-91.927,10.0838823,0.24583,0.0148063824
-92.03314,10.2373657,0.613004744,0.00740155
-91.9573,10.1896868,0.252444327,0.007404539
-91.8094254,10.0533295,0.239312544,0.0296114143
-91.5136948,9.780624,0.239340574,0.118453875
-92.00698,9.656941,0.487515658,0.0296154376
-91.8552856,9.561569,0.23939687,0.0296115112
-92.09811,9.54071,0.572792232,0.05922213
-92.05606,9.991481,0.6760035,0.007403044
-91.98022,9.943797,0.326572776,0.0074027814
-92.10163,9.93337,0.6759331,0.014807649
-92.0787,10.179245,0.675809443,0.01480521
-91.97257,10.0257568,0.326271743,0.00740397163
-92.04842,10.0734406,0.6758231,0.00740423426
-91.83999,9.72549,0.239363,0.0296138916
-92.0334244,9.803721,0.6810831,0.014808041
-91.94993,9.837997,0.310041577,0.0148088215
-91.83942,10.5927935,0.212407127,0.0592142828
-91.97229,10.4594116,0.2157463,0.01480921
-92.05576,10.4251251,0.598358631,0.0148054622
-91.99874,10.6061964,0.407905459,0.0296138562
-91.892334,10.8863525,0.328039318,0.118438587
-91.48313,10.1084747,0.23932828,0.1184634
-91.794136,10.2172546,0.239323944,0.0296142418
-91.94965,10.2716475,0.239358425,0.00740389433
-92.02549,10.3193254,0.603300035,0.00740090571
-91.90408,10.3297682,0.239301473,0.0148086464
-91.7030258,10.3334961,0.2393552,0.05922114
-91.64892,11.77449,0.2305845,0.4738057
-91.72418,12.6894579,0.133192837,0.236911714
-91.36788,12.2051649,0.152444571,0.0592231862
-91.23147,11.9458771,0.124233447,0.0592270046
-91.60305,12.2662506,0.07424798,0.11845012
-91.07273,11.0651808,0.245025948,0.947615862
-94.46515,9.987732,0.6047604,0.05922467
-94.25289,9.680745,0.785144031,0.0296177827
-94.4045944,9.776123,0.6024662,0.0296125058
-94.700325,10.0488281,0.6047577,0.118444189
-94.1994,10.2544708,0.604717,0.118457086
-94.1617661,9.796982,0.591907442,0.0592236966
-94.29819,10.0562744,0.6048312,0.05922482
-94.3064,9.10702,0.676,0.236922011
-94.730896,9.720983,0.5763609,0.118458971
-94.41988,9.612203,0.480260849,0.0296125058
-94.26819,9.516826,0.6759541,0.0296177827
-94.51101,9.495967,0.674475133,0.0592281334
-94.95785,10.7313232,0.604731858,0.9476406
-93.3045654,9.518331,0.675946057,0.2368732
-93.66083,10.00265,0.675882757,0.0592257939
-93.79723,10.2619371,0.6800821,0.0592181534
-93.42567,9.941539,0.6759509,0.118439637
-92.8342056,9.396144,0.675949454,0.473804325
-93.83604,8.984838,0.6759536,0.4738058
-93.92658,9.73589,0.6742587,0.118454896
-93.96421,10.1933851,0.648206234,0.0592332967
-93.82782,9.934097,0.6446235,0.05924094
-93.63849,9.381236,0.6759751,0.236897245
-95.29297,8.859654,0.593240559,0.1184637
-95.25535,8.402171,0.675959647,0.059231732
-95.39175,8.661464,0.6798618,0.059226
-95.58106,9.21431,0.604683757,0.236914366
-94.8379,8.573537,0.673335433,0.4738154
-95.75626,8.196518,0.591911,0.0592273548
-95.89268,8.4558,0.60481447,0.0592178032
-95.5210953,8.135417,0.6744621,0.118454009
-96.01437,8.011729,0.483338833,0.0296178181
-95.86268,7.91635132,0.675911546,0.0296140667
-96.10551,7.89548731,0.6743287,0.0592297
-96.0596542,8.387253,0.6046899,0.05922233
-95.84739,8.080281,0.7818557,0.0296129752
-95.9990845,8.175659,0.601665139,0.0296167266
-95.9150162,9.077194,0.604708433,0.2369028
-95.55874,8.592916,0.6511486,0.0592247471
-95.4223251,8.333623,0.647815645,0.0592304766
-95.79391,8.653992,0.604709864,0.118449494
-95.6257553,10.457118,0.6047201,0.9476587
-94.91315,9.48851,0.6269608,0.23689045
-94.64035,8.969925,0.6214191,0.23689203
-95.38351,9.610698,0.6047184,0.47381562
-94.77444,12.6983843,0.5181281,0.947645068
-95.30593,12.1648817,0.576021254,0.236907348
-95.6551743,11.8638563,0.5955359,0.11845579
-95.6246,12.1916962,0.45364362,0.1184671
-95.4117661,12.7520247,0.5181693,0.473834723
-94.98611,13.8726454,0.518133938,1.89523458
-93.65261,10.9518785,0.6150624,0.473801464
-93.7431641,11.7029314,0.604724467,0.118450195
-93.7808,12.16042,0.5462675,0.0592232533
-93.64439,11.9011278,0.550051868,0.0592229143
-93.45507,11.3482714,0.6018873,0.2369042
-92.77307,10.0518188,0.675973237,0.473842621
-93.3951,10.2693834,0.7301247,0.118443109
-93.69846,10.4601288,0.5933713,0.118453667
-93.21285,10.5018511,0.6166649,0.2369009
-94.8967056,11.3870087,0.595656335,0.9476406
-94.2817154,11.9547682,0.591804,0.05922744
-94.1453,11.6954756,0.60469,0.05922857
-94.5169,12.0158644,0.516420841,0.118459687
-94.01597,12.2215166,0.5162203,0.118457764
-93.97833,11.7640276,0.6046861,0.0592254438
-94.1147461,12.02332,0.5917879,0.05922432
-94.25937,11.3333635,0.611736238,0.47381717
-100.400757,13.8030748,0.748200953,0.118799344
-100.048607,13.7683153,0.62324363,0.0296957865
-99.83732,13.7380981,0.51688695,0.0148503035
-99.97819,13.695775,0.623310268,0.0148470867
-100.259895,13.657979,0.748198569,0.0593980066
-99.4147339,13.5370989,0.5165958,0.118787624
-100.048607,13.5340624,0.623047352,0.0148471352
-99.83732,13.480423,0.5171125,0.00742166163
-99.97818,13.4849548,0.6234795,0.00742219761
-100.259911,13.51743,0.7481118,0.0296931975
-99.7668839,13.5718536,0.516579568,0.029696906
-99.97818,13.6020708,0.622958,0.0148491831
-99.83732,13.6443939,0.5163609,0.0148524009
-101.10508,13.6851654,0.748168349,0.475210249
-99.1329956,13.9028521,0.516545236,0.475175679
-99.83732,13.8786669,0.5164692,0.0297076441
-99.97818,13.9300489,0.6231404,0.0297012087
-99.76688,14.0403852,0.5165153,0.05940015
-100.259895,14.0328064,0.748270631,0.0593946837
-99.97819,14.1643114,0.623041868,0.01484542
-99.83732,14.2066345,0.5164643,0.0148475636
-100.048607,14.0494432,0.6231669,0.0296994876
-99.41471,14.1930285,0.5165255,0.237587735
-97.86526,14.6585846,0.5164546,0.0594000556
-97.5130844,14.5769806,0.549598932,0.0148497159
-97.3722153,14.5255995,0.425831,0.0148487473
-97.72439,14.5603485,0.5166049,0.0296972878
-98.2878342,14.62532,0.516449749,0.118800111
-97.3370056,14.70015,0.479336768,0.0148486439
-97.26656,14.58076,0.5180502,0.0148470588
-97.44266,14.6918383,0.4738393,0.0296994317
-97.23136,14.895874,0.469643652,0.0296996385
-97.1961441,14.6487732,0.5184922,0.0148486719
-97.26658,14.7681627,0.4796718,0.014850256
-97.58352,14.8369293,0.5165286,0.11879836
-96.59745,15.0863342,0.5180393,0.0297005121
-96.87918,15.0719557,0.7138704,0.00742317
-97.02004,15.0764818,0.516766,0.00742370635
-96.808754,15.1165466,0.402261734,0.014851328
-96.4566,15.1755114,0.5181604,0.0593989752
-96.03402,15.30248,0.5181451,0.118793659
-96.808754,14.9057055,0.5181459,0.0296964813
-96.9848251,14.9816542,0.39094004,0.00742649427
-97.05526,15.0307722,0.5165535,0.00742305536
-96.87917,15.0016785,0.5178467,0.0148497708
-96.5974655,14.94577,0.518095851,0.0594015419
-97.02007,14.6782484,0.5181239,0.0593957566
-97.09049,14.8679247,0.5022224,0.0148529885
-97.1257,14.9861908,0.516600549,0.00742386142
-97.05527,14.9370728,0.391020447,0.00742730033
-96.94962,14.8165331,0.5181122,0.02969663
-98.2878342,14.3442078,0.4955682,0.237581491
-97.65395,14.417531,0.431890249,0.0148461182
-97.61874,14.2992706,0.5181884,0.007426686
-97.68917,14.3483887,0.615500867,0.00742222741
-97.7948,14.4689074,0.5166506,0.0297005624
-97.44265,14.4107313,0.4951862,0.0594011247
-97.8652344,14.1900635,0.247198433,0.0148518644
-97.7243652,14.1855268,0.499067456,0.0148507915
-97.93567,14.098628,0.5436258,0.029704364
-97.93567,14.379735,0.5165708,0.0296995882
-97.75959,14.3037977,0.526050031,0.00742247142
-97.6891556,14.25468,0.451238453,0.00742693
-97.8652344,14.2837677,0.516576767,0.0148503035
-98.56956,13.9784441,0.52056247,0.475177824
-101.10508,13.1229353,0.74816525,0.9503552
-99.83731,13.2227373,0.51654,0.0148506882
-99.97817,13.2272692,0.6232265,0.0148496153
-99.7668839,13.3141785,0.516482055,0.0297042616
-99.76688,13.0330553,0.516544461,0.0297049563
-99.97817,13.13356,0.623110056,0.0148498751
-99.8373,13.1290283,0.516526639,0.0148509471
-100.259895,13.3768816,0.7482868,0.059395656
-99.97819,13.4146833,0.622786,0.0148509471
-99.83732,13.4101515,0.5163386,0.0148498751
-100.048615,13.3232422,0.623227954,0.0296935365
-99.4147339,13.2559862,0.5165145,0.237593979
-100.259911,12.8146515,0.7481913,0.0593948849
-99.97818,12.852458,0.6230842,0.0148514351
-99.83732,12.8479261,0.516576767,0.014852508
-100.048615,12.7610121,0.6231663,0.0296952985
-100.400764,12.6317749,0.748144865,0.118788496
-100.400757,13.1939955,0.7481546,0.1188003
-100.048607,13.042119,0.623184443,0.029696377
-99.83732,12.9416246,0.5167568,0.0148459552
-99.97818,12.9461565,0.623277843,0.0148448832
-100.259888,13.00206,0.7481541,0.0594013333
-101.527672,12.1994934,0.7480869,0.0593992919
-101.457253,11.9629669,0.705159843,0.0296957865
-101.598106,12.0611982,0.6766778,0.0296962149
-101.809395,12.3022566,0.748074055,0.118804708
-100.964211,12.2750807,0.748228848,0.118800625
-101.175514,12.0476027,0.6501396,0.0297020711
-101.316383,11.95843,0.488788128,0.02970222
-101.245949,12.1904345,0.74814254,0.0594014376
-101.950256,11.6508532,0.558868051,0.237579361
-102.020691,12.0747786,0.705468059,0.02969734
-102.161537,11.938756,0.5589036,0.0148481075
-102.16156,12.0324554,0.732385635,0.0148481075
-102.091125,12.2176008,0.748228848,0.05940123
-101.738976,11.9251757,0.558911443,0.014848263
-101.73896,12.0188751,0.7033765,0.0148481075
-101.598114,11.8737946,0.558886,0.0296991579
-102.020691,11.88738,0.558871031,0.0296941735
-101.879822,12.0234022,0.703339338,0.0148491794
-101.879829,11.9297028,0.5588666,0.014849335
-101.668541,12.76624,0.748197436,0.9503552
-118.747658,108.511681,0.422344446,0.09824887
-119.405815,107.577087,0.2664328,0.09824517
-118.46817,109.041222,0.4223508,0.196445376
-117.487633,109.5712,0.422364682,0.392955065
-118.384727,108.49633,0.422311425,0.09824663
-118.668724,108.192535,0.4224557,0.049128782
-118.9302,107.970512,0.201445892,0.0245557576
-118.738586,108.060143,0.352247566,0.012278568
-118.833275,107.958893,0.194289014,0.0122760087
-119.331413,107.483727,0.0759433955,0.196460217
-118.294586,108.823357,0.422359079,0.392959028
-116.991661,108.948761,0.4223539,0.7858708
-115.35965,109.541466,0.472281069,0.392947972
-116.315407,108.980347,0.3910183,0.392939419
-118.5154,107.780067,0.116484664,0.196467325
-117.915825,108.017876,0.238817811,0.02455946
-117.724205,108.107521,0.42232123,0.0122841876
-117.818886,108.006256,0.276191026,0.0122830523
-117.435669,108.185555,0.422222167,0.0245658886
-117.721947,107.994629,0.219985545,0.0122795757
-117.627258,108.095894,0.4222654,0.0122828782
-118.177284,107.795845,0.09866127,0.09822902
-119.18261,107.297,0.091179274,0.392955124
-117.658875,108.465668,0.422341615,0.392939925
-118.281006,108.146088,0.38005814,0.09823526
-118.592072,107.98629,0.238209486,0.0245542377
-118.783669,107.896645,0.0911490843,0.0122793335
-118.688995,107.997894,0.337177753,0.0122818938
-118.474861,108.169312,0.3817437,0.0491062067
-118.046593,108.512115,0.422342062,0.1964608
-116.811371,109.602776,0.4223517,0.7858408
-116.885582,107.275108,0.09770727,0.196472481
-117.028755,107.784904,0.0911661,0.0491124354
-117.058083,108.041786,0.3229331,0.0491167568
-116.845032,107.66436,0.09117517,0.0982400253
-116.518127,107.034027,0.21258381,0.392932862
-117.532509,106.986664,0.116238229,0.3929211
-117.352234,107.640678,0.091179654,0.09823129
-117.262077,107.96769,0.2203656,0.0245621875
-117.1922,108.10009,0.411521524,0.0245601851
-117.197823,107.777008,0.09118916,0.0491241962
-117.223717,107.259315,0.09771143,0.196454853
-118.885017,106.923523,0.0911781639,0.785884559
-118.028481,107.609108,0.09117508,0.196464464
-117.60022,107.9519,0.197686374,0.0491105765
-117.36129,108.092186,0.315753073,0.0491131134
-117.620491,107.757271,0.09117788,0.09823735
-118.069023,107.219856,0.09117496,0.3929275
-115.60981,108.755028,0.46715948,0.09823752
-115.369148,108.508,0.631441355,0.0122766392
-115.408607,108.66758,0.426682085,0.00614109635
-115.359009,108.605339,0.642716765,0.006141221
-115.27729,108.447746,0.631755948,0.02455774
-115.530884,108.43589,0.6329063,0.0245577339
-115.468346,108.6325,0.469166547,0.0122797145
-115.453674,108.504059,0.279439241,0.0122795794
-115.848755,108.614754,0.4457514,0.1964868
-116.355957,108.591087,0.464366019,0.392942637
-114.922325,109.432747,0.4304471,0.392976284
-115.286346,108.899239,0.472763479,0.0491185859
-115.20742,108.580132,0.6320238,0.0245591644
-115.324074,108.671532,0.683097363,0.0061378167
-115.37368,108.733772,0.467037767,0.00613768958
-115.264343,108.706581,0.384647071,0.0122781089
-115.47007,109.0198,0.4670414,0.0982403755
-115.005127,109.041527,0.5283199,0.0122783147
-114.990479,108.913078,0.452008337,0.0122841652
-115.096992,109.101776,0.466962963,0.0245644581
-114.86084,109.080528,0.724488258,0.00613815524
-114.910439,109.142769,0.4018629,0.00613895431
-114.801117,109.115593,0.5386982,0.01227778
-114.905922,108.91703,0.6317592,0.0122860987
-114.945381,109.0766,0.295474768,0.00613995641
-114.895782,109.014351,0.6317337,0.00613915641
-115.087952,108.650269,0.631747365,0.04911472
-115.16687,108.969383,0.398143083,0.0245607626
-115.06768,108.844887,0.637322843,0.0245592482
-116.337852,107.688042,0.165119708,0.09822808
-116.212761,108.081261,0.371584237,0.0491225459
-116.183441,107.824371,0.130505785,0.0491183177
-116.209328,107.306679,0.197391585,0.196449324
-116.719948,108.057579,0.34721905,0.0491122678
-116.690636,107.8007,0.0911758542,0.0491202772
-116.903687,108.178123,0.3420022,0.09824322
-116.396484,108.201805,0.365958422,0.09823584
-116.521568,107.808594,0.09117243,0.0491248146
-116.55088,108.065468,0.347245246,0.0491168052
-115.69091,107.9765,0.711971641,0.0982396752
-115.93158,108.223511,0.4621204,0.0122783221
-115.892113,108.063934,0.7974248,0.00613488
-115.941711,108.12619,0.45367977,0.006136394
-116.02343,108.283806,0.4703326,0.0245593376
-115.769814,108.295631,0.33544,0.024558492
-115.832375,108.099007,0.492077529,0.01228286
-115.847046,108.227455,0.6447331,0.0122884847
-115.451965,108.116791,0.6222337,0.1964617
-115.871193,107.322479,0.5726982,0.1964742
-116.0217,107.896484,0.234797,0.0122795794
-115.937172,107.900429,0.6389735,0.0122766392
-116.049316,107.766075,0.2907334,0.0245591588
-116.093292,108.151405,0.3590928,0.02456161
-115.976624,108.060005,0.276135325,0.006140802
-115.927032,107.997749,0.6297623,0.006139287
-116.036354,108.024933,0.328086734,0.0122816041
-115.830666,107.711731,0.5905307,0.09823682
-118.370949,105.398041,0.192976654,0.392942965
-118.1208,106.184471,0.119690023,0.196462229
-118.062157,105.670708,0.1606969,0.19647032
-118.113922,104.635292,0.210541666,0.7858705
-118.966118,106.145,0.0912997946,1.57177055
-117.07708,105.974953,0.21054025,0.392943
-117.543739,106.340515,0.222213432,0.09823113
-117.742126,106.5895,0.0911835,0.09823449
-117.30481,106.480804,0.159354657,0.19646813
-116.599205,106.255516,0.217280388,0.785897732
-117.43766,104.66687,0.210537881,0.7859111
-117.724022,105.686493,0.210525036,0.196487963
-117.881866,106.324738,0.0684178248,0.09823565
-117.683472,106.075752,0.205146089,0.0982322842
-117.35656,105.445404,0.210536,0.392963469
-127.097893,87.3008347,0.426252246,1.57165849
-129.7057,83.5313644,0.302407235,0.09820638
-128.997971,84.40371,0.207113132,0.09820609
-130.01,83.03295,0.3024057,0.1964325
-130.972443,81.5999451,0.302320719,0.09825264
-131.6182,80.64981,0.302365,0.024536036
-131.941071,80.17474,0.162184715,0.00614688545
-132.1056,79.94108,0.03513851,0.00614703074
-131.8712,80.30713,0.285382062,0.01226759
-131.478455,80.91456,0.302302152,0.04912632
-130.692947,82.1294861,0.302401,0.1964416
-129.072342,84.49709,0.424698561,0.196472079
-129.932236,83.37554,0.3022915,0.09828436
-129.704056,83.74936,0.302497417,0.0491247252
-129.58992,83.93625,0.302468926,0.024550166
-129.51384,84.06085,0.4248856,0.0245622024
-128.817673,85.05776,0.426254034,0.3929072
-126.588509,88.42214,0.42620784,1.57170594
-125.675667,89.91738,0.4006216,0.7859084
-125.181213,90.7273254,0.448952168,0.0245638937
-125.2804,90.8518143,0.006206723,0.024561042
-125.055542,90.78968,0.3369421,0.0491158552
-124.792656,90.78983,0.426133484,0.09823742
-125.508629,90.47802,0.192399681,0.0245599337
-125.333351,90.47812,0.4261939,0.0245627873
-125.672325,90.3533554,0.200829074,0.0491227172
-125.356483,90.72721,0.105019972,0.0245559216
-125.257294,90.60272,0.426246136,0.0245587733
-125.482147,90.66486,0.103010066,0.0491118431
-124.789307,91.2258,0.161033943,0.0245587733
-124.859589,91.03892,0.399321884,0.0122790961
-124.871155,91.163475,0.278691381,0.012279097
-124.850471,91.4126,0.0555090569,0.04912156
-124.640511,91.03904,0.426169574,0.09823742
-125.128273,91.10102,0,0.0245559253
-125.029076,90.97653,0.26046136,0.0245559253
-125.253937,91.0386658,0,0.04911808
-125.025749,91.41248,0,0.0491220877
-124.958794,91.163414,0,0.0122819487
-124.947227,91.03886,0.312684059,0.0122819468
-125.052216,91.2256241,0,0.0245610438
-122.378204,95.46224,0.187307924,0.3928614
-123.669731,93.56192,0.130809084,0.09820805
-124.327881,92.62733,0.0434314162,0.09820507
-123.390236,94.09146,0.183032453,0.1964385
-121.819237,96.5213,0.18731907,0.7857751
-120.34742,99.0756149,0.102541916,0.196463764
-119.891014,99.82324,0.102504477,0.09824375
-119.586739,100.321648,0.216433614,0.09822596
-118.826042,101.567665,0.2105896,0.392912924
-120.552528,98.4527054,0.177308723,0.7857686
-123.496132,93.34406,0.187305242,0.196486831
-124.253479,92.53397,0.122480139,0.196487412
-123.216652,93.87362,0.187299013,0.392969728
-122.229424,95.2755051,0.18729946,0.785920143
-124.199341,92.24597,0.0180048142,0.04911543
-123.91082,92.3240051,0.314904124,0.0491394177
-124.532959,92.004425,0,0.09822378
-123.77108,92.5887756,0.187339932,0.0982308239
-124.059608,92.51074,0.0508326255,0.0982167646
-123.347328,93.15732,0.18732,0.3929539
-124.180153,91.89178,0.133006781,0.0245621875
-124.080963,91.76728,0.5034851,0.0245591588
-124.299622,91.82165,0.14111647,0.0491090044
-124.553223,91.8098145,0,0.0982388854
-123.853882,92.19755,0.116911851,0.006140802
-123.804283,92.13529,0.742368937,0.006140802
-123.913612,92.1624756,0.323100716,0.0122801345
-124.040405,92.1565552,0.09776268,0.0245648138
-123.682014,92.36697,0.368420839,0.0245570689
-123.769348,92.2014847,0.807082832,0.006139667
-123.818947,92.26374,0.187256038,0.006139667
-123.709618,92.23655,0.5394724,0.0122796688
-124.011086,91.8996658,0.540833652,0.0245577339
-124.110268,92.02416,0.0109439529,0.0245607626
-123.891624,91.96981,0.538775444,0.0491154678
-124.494568,91.29604,0.449236423,0.09824758
-124.692955,91.5450439,0.03755281,0.098253645
-124.270287,91.56478,0.3481111,0.0491053164
-124.101234,91.57266,0.472470134,0.04911481
-124.3255,91.30395,0.335692137,0.09824304
-129.383316,83.12678,0.302396476,0.196480408
-128.551575,83.84351,0.3748518,0.049124144
-128.1233,84.18632,0.317400932,0.0491237231
-128.71611,83.60986,0.302399576,0.09823735
-129.7124,82.6594849,0.302396476,0.392960817
-130.798828,81.38209,0.302406877,0.196477562
-131.531387,80.5408859,0.302268326,0.04915022
-131.897644,80.12027,0.244606987,0.0122719463
-132.08699,79.91775,0.1316835,0.0122736488
-131.827789,80.252655,0.293987364,0.0245762467
-131.391647,80.80566,0.302386075,0.0982396454
-130.519363,81.91163,0.3024014,0.392955124
-128.857056,84.0067749,0.357281744,0.0982378
-129.021591,83.77313,0.302394956,0.0982378
-128.197708,84.279686,0.426293433,0.09822784
-128.708237,83.82006,0.256024,0.0491143428
-128.543716,84.0537,0.4422164,0.0491143428
-129.532135,83.31351,0.3023816,0.3929569
-128.445724,84.5909042,0.4282616,0.78592
-126.800316,86.92736,0.4261787,3.14361644
-130.451675,80.94636,0.30241856,0.392921329
-131.3578,80.3230057,0.302449644,0.09822309
-131.810867,80.01135,0.302405059,0.0245595127
-132.049789,79.87107,0.21155718,0.0245646331
-131.740982,80.14373,0.3024436,0.04910885
-131.218063,80.5877762,0.302436024,0.19645153
-130.172165,81.4759,0.302400947,0.78589046
-129.13533,82.81555,0.302409321,0.392914474
-128.427582,83.68789,0.30242756,0.09823675
-127.979034,84.22532,0.4836006,0.0491303727
-128.118774,83.96054,0.234888047,0.04912009
-128.517746,83.36087,0.3024164,0.196448416
-129.315628,82.16151,0.302400172,0.7858893
-130.771683,80.027565,0.302387029,0.39293766
-131.5178,79.86362,0.3024128,0.09822711
-131.890854,79.7816544,0.292424232,0.0245621875
-132.059937,79.77375,0.11166352,0.0245575588
-131.736465,79.91798,0.302420825,0.0491135567
-131.209015,80.13627,0.302400261,0.196471855
-130.1541,80.57288,0.302382946,0.7859004
-131.330627,78.96848,0.302424,0.392913043
-131.797256,79.3340759,0.302339435,0.0982475951
-132.080215,79.57911,0.0553058535,0.04912322
-131.911133,79.58701,0.290416926,0.0491284281
-131.558334,79.47436,0.302412748,0.196468979
-130.852768,79.24905,0.302387744,0.7858732
-135.793289,70.04438,0.408999562,0.392963
-137.091019,68.1518555,0.408900678,0.00614023441
-137.280365,67.94934,0.4614337,0.00614041276
-137.008743,68.26868,0.408812165,0.01227405
-136.743332,68.5958,0.40880695,0.0245468859
-137.261765,67.92602,0.4464676,0.0122744758
-137.072418,68.12853,0.3930186,0.01227412
-137.331619,67.79363,0.3023946,0.0245646331
-137.742981,67.2095,0.302394122,0.0982466042
-136.780533,68.64249,0.409138739,0.04913559
-137.122009,68.19079,0.408829033,0.0122921336
-137.298965,67.97271,0.461431473,0.01229142
-137.058365,68.33094,0.409137,0.0245654546
-136.6532,68.92283,0.409001827,0.0982511342
-135.234329,71.10346,0.4090543,0.7858936
-133.458252,74.15621,0.272539347,0.392907858
-132.265945,76.18097,0.222389355,0.09826799
-131.657379,77.1777954,0.302316,0.09827084
-132.380875,75.88508,0.0262718983,0.09823154
-132.660355,75.35556,0.2773694,0.0982269
-133.967636,73.03488,0.409054965,0.785906136
-136.93602,67.95734,0.439095616,0.0491210558
-136.507767,68.30015,0.409075558,0.04912404
-137.100571,67.72372,0.287934035,0.09821512
-137.668579,67.11615,0.30242,0.196437314
-136.582169,68.39352,0.409112126,0.09823826
-137.0927,67.9339,0.17528066,0.0491298661
-136.928162,68.16754,0.40947324,0.04910947
-136.467209,68.689415,0.409116775,0.196459457
-135.644516,69.85764,0.409115463,0.7857928
-137.519791,66.92941,0.302383959,0.392978638
-136.812027,67.80175,0.347998619,0.0982278138
-136.43335,68.20679,0.280892342,0.09822893
-136.902176,67.47473,0.302380919,0.196483925
-137.700073,66.27536,0.302401781,0.785904467
-140.1534,61.4317322,0.219746053,0.02455911
-139.7995,61.86791,0.30251205,0.0245598219
-140.305557,61.1825371,0.141009167,0.0490996763
-140.786774,60.4660339,0.1640691,0.0245696045
-141.191925,59.874115,0.8713596,0.0122758336
-141.03978,60.123333,0.2162473,0.0122848749
-140.647034,60.7308044,0.1639812,0.04909683
-139.836716,61.9145927,0.170656353,0.04912586
-140.1906,61.4784126,0.1322112,0.0491244346
-139.709366,62.1949272,0.2775097,0.09824677
-138.948669,63.44095,0.302378863,0.392977655
-140.699966,60.3570976,0.164006412,0.0491169021
-141.078659,59.9520378,0.281382263,0.0491171926
-140.560226,60.6218758,0.1640056,0.0982514545
-140.08519,61.34614,0.163896531,0.00306829158
-139.978134,61.4318352,0.157157481,0.00306864735
-140.126328,61.28773,0.164090917,0.00613803742
-140.268356,61.1358452,0.164146289,0.0122736618
-139.99675,61.45517,0.1572139,0.00614023441
-140.1038,61.3694763,0.16409412,0.006139522
-139.968,61.5291557,0.213413432,0.0122822383
-139.762314,61.8212166,0.302461177,0.04912085
-140.231155,61.0891533,0.16400145,0.02455891
-140.054184,61.30723,0.134622768,0.00614599977
-139.959518,61.40849,0.165150374,0.0061437944
-140.076736,61.2254639,0.1304619,0.0122825159
-140.27623,60.92566,0.164014637,0.0491187721
-141.004242,59.8586845,0.261990249,0.0982436538
-140.625549,60.2637444,0.136021182,0.09824308
-141.0944,59.5316658,0.2902124,0.19648993
-142.327255,57.1176033,0.7255333,0.09823633
-141.7311,58.1299934,0.725390434,0.0245511457
-141.426834,58.6284065,0.697800457,0.0245504342
-141.858444,57.84966,0.72554034,0.0491139665
-142.58194,56.5569344,0.7255806,0.1964576
-143.42038,54.9683228,0.7255781,0.392910063
-141.640976,58.4570122,0.29922235,0.0982512161
-141.945236,57.9586,0.6794854,0.0982426554
-142.401657,57.210968,0.679481149,0.196490437
-141.588043,58.8307076,0.2902345,0.392937422
-139.097473,63.6276741,0.302411616,0.785859048
-140.2898,61.6029167,0.164073557,0.049124144
-139.942123,62.046833,0.25112167,0.00306927832
-140.042984,61.95337,0.161856219,0.00306871114
-139.904083,62.1091423,0.29421854,0.00614034
-139.771378,62.2727165,0.302239656,0.0122817494
-140.024384,61.9300346,0.225809127,0.006139391
-139.923508,62.0235,0.302106142,0.00614052732
-140.050018,61.8521843,0.0862922445,0.0122816823
-140.41713,61.32257,0.164033979,0.098230496
-140.84877,60.5438232,0.163991749,0.0491196439
-141.14064,60.0298462,0.1637882,0.0122722061
-141.292786,59.78063,0.2901897,0.0122723505
-141.089371,60.1855659,0.1936513,0.02455939
-140.746231,60.8552666,0.1640356,0.09823364
-139.96608,62.1869621,0.211315334,0.01228068
-140.104156,62.1401672,0.2964754,0.0122831762
-139.808578,62.31941,0.3024152,0.0245634988
-140.167831,62.00001,0.163996369,0.0245578885
-139.985519,62.1013069,0.16692178,0.01228068
-140.07399,61.99228,0.1640515,0.0122798346
-140.3642,61.6962776,0.163986713,0.09823209
-139.882965,62.41277,0.23432827,0.0491130576
-140.109512,62.2569275,0.0920825154,0.0491116345
-139.8689,62.6151733,0.235908329,0.098234646
-138.6873,64.87348,0.30240792,1.57181525
-133.805435,74.59192,0.0247978531,0.785871446
-132.439529,76.39883,0.05234975,0.196420878
-131.731766,77.27116,0.170748457,0.196422562
-132.694214,75.83817,0.0189493634,0.392930031
-134.238724,73.59522,0.346185654,0.09822982
-134.04277,73.84443,0.409167677,0.0122813694
-134.054337,73.9689941,0.3022636,0.0122793587
-133.949356,73.7822342,0.4089877,0.0245609973
-134.212265,73.78202,0.274369627,0.0245579313
-134.141968,73.96891,0.0267506577,0.0122822095
-134.1304,73.84435,0.303282231,0.01228422
-134.665314,73.4703751,0.120412134,0.196462154
-133.4549,74.59216,0.222831324,0.196419522
-133.721146,74.15603,0.3959887,0.02455819
-133.8964,74.1559143,0.153820843,0.0245585069
-133.557449,74.28071,0.392990947,0.0491172262
-133.873291,73.90685,0.408964217,0.0245576128
-133.972473,74.03132,0.17025952,0.0245504845
-133.74762,73.9692,0.40897432,0.0491043553
-134.543015,73.0967941,0.40906328,0.09823393
-134.93158,73.03425,0.309551358,0.0245598778
-135.106842,73.03414,0.024802627,0.0245530661
-134.767868,73.15891,0.286858231,0.0491106324
-134.215591,73.34613,0.4090724,0.1964798
-134.847275,72.59839,0.409077734,0.09822717
-135.083725,72.7850647,0.417013764,0.0245556086
-135.182922,72.9095459,0.06912422,0.0245530717
-134.958054,72.84742,0.373861134,0.04911977
-134.595963,72.72309,0.409016639,0.196467862
-136.041275,70.35562,0.409112841,0.785883546
-137.056671,68.54891,0.4910147,0.09822514
-137.2849,68.17511,0.491206378,0.04908847
-137.437027,67.92591,0.256518364,0.04911723
-137.817368,67.30288,0.3024338,0.196456462
-137.003708,68.9226151,0.41102463,0.3929469
-135.8858,71.04077,0.409038454,0.785912156
-135.503769,71.88177,0.4090664,0.392913938
-135.167648,72.45025,0.409045577,0.049120374
-135.252777,72.77715,0.127631843,0.0245589651
-135.15358,72.65267,0.409103543,0.0245623216
-134.987015,72.33361,0.409067422,0.09824599
-135.4756,72.28656,0.37811783,0.0982269645
-135.366043,72.69922,0.228827491,0.0491223633
-135.330521,72.43455,0.368017584,0.0491149053
-132.7867,76.83454,0.0350720026,0.392965049
-131.792084,77.56696,0.2934245,0.049108915
-132.181473,77.39545,0.0350695737,0.0245590247
-131.954926,77.55129,0.173412874,0.0245561749
-131.4771,77.83184,0.302379966,0.09822495
-132.195541,77.19302,0.03507266,0.09825506
-131.919418,77.28662,0.323692739,0.09822939
-133.041367,76.27389,0.0253898725,0.7858581
-134.103012,74.96539,0.0322187319,1.571723
-132.50386,77.80002,0.0350655466,0.392942041
-131.625854,78.0185547,0.2846805,0.1964363
-132.1108,77.63683,0.0355836973,0.02455948
-131.9479,77.65249,0.348970771,0.0245615263
-132.255875,77.48883,0.03506495,0.0491371751
-131.933823,77.85488,0.298242748,0.04912018
-132.09671,77.8392258,0.0380591378,0.04910563
-133.084274,77.20803,0.0350652859,0.785860062
-131.958954,78.6566849,0.209891558,0.196507663
-132.129227,79.31051,0.06550416,0.0982419252
-131.930817,79.06152,0.236684963,0.0982419252
-131.5977,78.42337,0.2902118,0.392933667
-132.447556,78.60966,0.0350666679,0.785934567
-123.022949,96.27142,0.1799368,0.7859141
-124.612038,94.7446,0,0.04909984
-124.171379,95.07181,0,0.0122804688
-123.944847,95.22765,0.122596033,0.0122816041
-124.25985,94.96279,0,0.0245480053
-124.788994,94.52652,0,0.0982198343
-125.3942,93.9656143,0,0.196433127
-124.371437,95.10284,0,0.04911925
-123.982033,95.2743454,0.122595176,0.0245614238
-124.20858,95.1185,0,0.0245591551
-124.68644,94.83795,0,0.0982379243
-123.967964,95.4767761,0.135287747,0.09824152
-124.2441,95.38318,0,0.09825114
-122.4144,97.26826,0.186057091,1.57184374
-120.340721,99.94748,0.160059765,0.196485758
-121.147667,99.199646,0.187315926,0.196487486
-120.036438,100.445915,0.218376413,0.392943621
-118.974815,101.754417,0.210525841,0.7858765
-120.998878,99.01292,0.187318638,0.3929011
-120.039795,100.009956,0.271682322,0.196431026
-120.344063,99.51156,0.187318623,0.196448237
-121.203972,98.39002,0.187312275,0.7859401
-123.737404,94.52718,0.1679919,0.196489617
-124.240074,94.27774,0.0461257063,0.196485072
-123.684456,94.90089,0.15627408,0.392947137
-125.245422,93.77888,0,0.392964453
-124.488068,94.589,0,0.098246865
-124.1094,94.99401,0.0646318942,0.024555102
-123.907654,95.18096,0.1428089,0.0245589279
-124.160667,94.838295,0.01870426,0.0491144843
-124.590614,94.27753,0,0.196485072
-122.725365,95.89794,0.187317267,1.57178855
-124.947838,93.40539,0,0.785894454
-123.866417,94.02888,0.149178609,0.0982212648
-124.216942,94.02863,0.0553781576,0.09823964
-123.539024,94.2782059,0.187313169,0.196449384
-124.2699,93.65493,0,0.196487278
-123.919373,93.6551743,0.145980671,0.1964666
-125.053734,92.658,0,1.57169271
-127.693047,88.04777,0.3445892,0.785904
-125.973267,90.29087,0,0.3929802
-126.581818,89.29403,0.342998832,0.392963082
-128.202408,86.92646,0.4262301,1.5717566
-129.96611,83.85815,0.302511126,0.0122813927
-129.739548,84.014,0.228333682,0.0122826733
-130.054581,83.74911,0.302555233,0.0245541781
-130.3572,83.4686661,0.3025878,0.0491045043
-129.776749,84.06068,0.323716074,0.0245601609
-130.003311,83.90482,0.377270073,0.0245576
-129.713089,84.20084,0.4261719,0.0491224639
-129.270737,84.74607,0.4261687,0.196485311
-130.282791,83.37531,0.30241254,0.09822613
-129.904114,83.78036,0.302306831,0.0245516989
-129.6643,84.02961,0.649057031,0.0122871213
-129.740387,83.90501,0.302287847,0.0122763505
-129.9554,83.62464,0.302359134,0.04911776
-130.385315,83.0638657,0.3024058,0.196478114
-131.09642,81.75556,0.302361369,0.196478352
-131.680191,80.7276,0.3025365,0.0491218753
-131.972061,80.21363,0.13779664,0.0122767752
-132.1242,79.9644241,0.03502575,0.0122779105
-131.920792,80.3693542,0.268946648,0.0245616511
-131.577652,81.03906,0.30237323,0.09823377
-130.891342,82.37848,0.302384079,0.392974228
-129.41954,84.93281,0.4262273,0.392949343
-129.989212,84.10725,0.5388408,0.0491196364
-130.166153,83.88916,0.281151384,0.04911332
-130.431564,83.56204,0.3023933,0.0982252061
-129.999924,84.3408,0.431015134,0.196465269
-129.264038,85.61797,0.4262301,0.7858786
-126.575134,90.1659241,0,1.57176113
-127.891457,88.2967453,0.07452624,0.392948568
-128.726547,87.14408,0.3052628,0.196451545
-128.471878,87.7047348,0.08345342,0.196472272
-127.73597,88.9818954,0,0.785882831
-126.264153,91.53623,0,3.14348078
-120.178551,101.504524,0.216427,3.143439
-122.146332,99.57267,0.167761758,1.57172191
-120.6879,100.383217,0.188695818,0.785904765
-121.395668,99.51089,0.224791527,0.785915136
-123.341972,97.11197,0.1873041,0.196458921
-124.120781,96.76893,0.116838247,0.09822528
-123.6677,97.0806046,0.187316835,0.0982304
-122.711975,97.64173,0.187309548,0.392911
-124.148926,96.36413,0.0466557145,0.392930478
-123.596657,96.55132,0.189281762,0.392930478
-124.934425,95.1492,0,1.57172871
-123.00956,98.0152,0.187318057,0.785884857
-123.816505,97.267334,0.1547321,0.196481541
-124.269585,96.95566,0.02472183,0.1964713
-123.788368,97.67216,0.1483386,0.392962366
-122.953285,98.82483,0.187317714,1.57170141
-120.646385,102.5318,0.2105432,0.392934024
-121.106819,102.88961,0.2056739,0.09825834
-121.3052,103.13858,0.09117523,0.09824521
-120.880272,103.045448,0.12638554,0.196466133
-120.1933,102.843475,0.210539281,0.7858713
-119.216118,102.937523,0.2105465,1.57175434
-121.934547,101.067451,0.2068435,1.571787
-121.2623,102.204445,0.210535571,0.196469426
-121.432556,102.858238,0.0765139461,0.09821449
-121.234169,102.609261,0.194100231,0.09822762
-120.901054,101.971138,0.210542262,0.392926037
-121.878235,101.8771,0.190899372,0.392952561
-121.659081,102.7024,0.109141737,0.1964609
-121.58802,102.173096,0.158388346,0.196469426
-119.30188,104.805794,0.114771612,0.392931581
-119.521057,103.980492,0.2105571,0.196480244
-119.592079,104.509796,0.1776443,0.196457878
-119.57132,105.5841,0.09445602,0.785894454
-118.706734,104.058846,0.210543588,1.57178414
-120.533775,104.151085,0.08506954,0.392918885
-120.137,103.653114,0.189385638,0.392944545
-120.986839,103.839394,0.09827561,0.7858741
-120.222778,105.521393,0.09117242,0.785912156
-119.917824,104.478447,0.101780385,0.196473241
-119.8468,103.949135,0.154026538,0.196495607
-120.279083,104.711739,0.0911731943,0.392938316
-118.871651,108.667274,0.422354817,0.196468189
-119.607544,107.390137,0.292163253,0.09823377
-119.416534,107.810616,0.292235047,0.0491006859
-119.321022,108.020851,0.191078261,0.0245563351
-119.257362,108.161018,0.4223045,0.0245533269
-118.666565,109.290184,0.422355,0.3929588
-77.0309753,-251.366074,0.0260026529,4.332277
-98.234375,-239.86731,0.0119532114,12.3212194
-96.76975,-243.483337,0.03245515,6.16068029
-98.77405,-242.2738,0.0118288659,6.160633
-144.329773,-213.441788,0.00470223,1.0839293
-146.160233,-211.106567,0.00150985,0.270975679
-147.0414,-209.916641,0.0313412659,0.270975679
-145.583359,-211.612228,0.00457954453,0.5419636
-143.176041,-214.45314,0.00324148,2.16773677
-140.123688,-217.755081,0.004393445,4.335436
-146.1967,-212.014038,0.00497747073,1.08386946
-147.245834,-210.050583,0.0313410163,0.5419347
-146.36467,-211.240524,0.00150613883,0.5419347
-144.738663,-213.709656,0.0047051236,2.167764
-147.654724,-210.318481,0.03134038,1.08386779
-147.046158,-211.686966,0.00291811675,1.08386779
-148.504181,-209.9914,0.0274732448,2.1677742
-153.968628,-205.618942,0.0164900664,4.335672
-158.71991,-201.662842,0.004351185,1.08392346
-161.0274,-199.640152,0.0146831488,1.0839318
-157.293564,-202.4956,0.00594129739,2.16785455
-151.115952,-207.284439,0.02154767,8.671096
-138.760742,-216.862122,0.00497301249,34.68466
-122.735069,-227.569519,0.000119943266,17.3421822
-112.414742,-234.945923,0.0009627731,17.3421574
-128.9856,-224.595688,0.0006078937,34.6847725
-155.876755,-206.869064,0.0228236057,8.671051
-159.673965,-202.287918,0.004338897,2.1677618
-161.4363,-199.908035,0.0146830827,2.16775131
-158.247635,-203.120667,0.003180242,4.33550262
-153.0241,-208.534561,0.0232314765,17.342186
-146.101624,-214.602646,0.0132997911,34.6844444
-160.700943,-204.727966,0.0031025412,8.671061
-162.254059,-200.4438,0.01485311,4.33554935
-160.491745,-202.823669,0.00498809945,4.33557
-157.512283,-207.9406,0.0228002742,17.3421974
-163.889587,-201.515335,0.01308194,8.671091
-163.217636,-204.609573,0.002331259,8.671041
-166.4063,-201.396957,0.006663071,17.3423367
-82.11068,-232.856262,0.017558163,22.77966
-82.33792,-51.9794044,0.112023391,65.41021
-107.622658,-47.2398834,0.229689181,7.338545
-109.442116,-43.5932159,0.240227863,7.33855057
-106.00843,-47.7863121,0.2533921,7.3386097
-103.939323,-49.24441,0.169191673,0.917311668
-104.218056,-48.01352,0.263323873,0.4586552
-103.797394,-48.40848,0.169192135,0.458651155
-103.1322,-49.5176277,0.1691928,1.83463645
-105.450951,-50.2480965,0.16934979,1.83464909
-104.78064,-48.454483,0.201091036,0.917323768
-104.712242,-49.487896,0.190560445,0.9173243
-99.73273,-53.1940269,0.124345213,1.834632
-101.06311,-50.9757271,0.1550872,0.9173084
-100.432121,-51.5681763,0.1550967,0.4586479
-100.011452,-51.96314,0.11854507,0.4586585
-98.5049438,-53.86221,0.109983,3.66928935
-94.7532,-56.9001465,0.09323471,3.669296
-97.20876,-55.563797,0.115369186,3.66930652
-101.801819,-51.73592,0.156433791,3.669296
-100.278206,-53.8933372,0.112884931,1.834606
-101.699226,-53.28604,0.151659742,0.229332238
-101.4718,-53.7418671,0.163188159,0.229323149
-102.1994,-53.1798668,0.159855112,0.458654225
-101.040016,-52.8146324,0.156891018,0.458657026
-101.085327,-53.62012,0.123588629,0.229328364
-101.312767,-53.1642952,0.11347761,0.229337454
-103.802513,-51.3112373,0.169262722,7.33855867
-111.760872,-44.3236847,0.241585016,14.6772261
-108.713631,-48.63853,0.218708172,7.338566
-111.328224,-47.879734,0.216626421,1.83462882
-112.556023,-47.21156,0.245556578,1.83463836
-110.396278,-47.05868,0.2341063,3.66928887
-116.614708,-44.0065727,0.06846694,0.458649367
-115.807594,-44.2797852,0.223610491,0.229327992
-116.194054,-44.40153,0.133127078,0.229327992
-117.080666,-44.4171028,0.07743177,0.9173196
-116.6036,-42.6843758,0.06996675,0.9173356
-115.841789,-43.76308,0.197318867,0.458667457
-116.455666,-43.428997,0.06851674,0.458660841
-115.011589,-45.8752,0.24569881,1.83462965
-116.625816,-45.3287659,0.119013421,0.917316854
-115.813133,-44.94089,0.2433562,0.114667505
-116.120079,-44.7738457,0.11893677,0.114668421
-115.580162,-44.7356224,0.245703623,0.229332417
-115.818695,-45.60199,0.211225718,0.2293274
-116.199593,-45.0626373,0.111756228,0.11466682
-115.892647,-45.2296867,0.235594377,0.114665911
-118.535889,-43.2930946,0.06458052,7.33854866
-114.057396,-42.4097328,0.246519089,1.83462882
-115.364685,-42.03035,0.228254989,0.458647549
-116.171814,-41.75714,0.111648038,0.229343638
-115.785339,-41.6353951,0.1989909,0.229327992
-114.898712,-41.6198158,0.228259832,0.9173108
-113.12545,-41.58868,0.234428629,3.66924715
-114.079628,-45.0541344,0.246555984,3.66933227
-115.3758,-43.3525429,0.233497426,0.917319238
-116.137611,-42.2738457,0.122512951,0.458683461
-115.523705,-42.6079254,0.2282581,0.4586552
-114.37545,-43.5648842,0.242984936,1.83467221
-297.031342,-54.28813,0.0151378186,36.52395
-278.9751,49.9284363,0.1470028,1.53559065
-279.1232,51.6671448,0.117413536,0.7678517
-278.652374,50.7478943,0.148374125,0.7678435
-277.989716,48.7295341,0.19041419,3.07122159
-280.518646,50.76753,0.1357209,6.142756
-277.4487,52.7466927,0.084357135,0.7678554
-276.838318,51.91745,0.111283325,0.19195655
-276.602875,51.4578362,0.175353557,0.191977561
-277.2351,51.9673157,0.121448807,0.383898467
-278.2423,52.8464661,0.08644368,1.53568554
-276.56778,53.9260254,0.0841577947,1.53574216
-276.397827,52.5071,0.08348846,0.3839341
-276.323761,51.6377563,0.174056932,0.191982687
-276.5592,52.09737,0.108831584,0.191961676
-276.890533,53.1065559,0.0834795758,0.767876446
-276.873383,49.44923,0.188919142,3.07149673
-278.0942,51.1077461,0.148375377,0.767853737
-278.565033,52.0269966,0.117414653,0.767861962
-277.300568,51.0079842,0.15211013,1.53573275
-311.4305,56.1548958,0.0783828,1.21340752
-311.0156,57.4441338,0.0447100662,0.606744051
-310.885834,56.5475578,0.09800667,0.6067618
-310.9311,54.7822571,0.100867234,2.42679214
-312.53952,57.58319,0.0354644842,4.853637
-309.12204,56.82898,0.101547189,1.21344852
-309.9813,57.5709534,0.09937816,0.30335024
-310.350952,58.0470467,0.0453491844,0.3033585
-309.55658,57.7533569,0.09236819,0.6066624
-308.3375,57.64211,0.09755691,0.6066747
-307.7279,57.5864754,0.0965947062,0.6066717
-308.512482,56.773365,0.0997633338,1.21337831
-309.711945,54.67101,0.1015457,2.426763
-310.276276,56.4919434,0.101540342,0.606656253
-310.590851,57.6265755,0.0585487932,0.30334273
-310.2212,57.1504822,0.101542629,0.303334475
-309.601837,55.9880371,0.101547644,1.213417
-304.0056,56.8044243,0.09052008,9.707085
-307.033783,54.869,0.11320731,2.426798
-308.732758,54.1393127,0.08712412,2.42679334
-306.923676,56.1860046,0.08337995,4.853581
-270.7237,49.438324,0.183271945,6.327589
-270.252228,46.5308228,0.182801917,1.58191454
-270.0165,45.07707,0.182801068,0.395494044
-269.898651,44.3502,0.182800278,0.09886158
-269.841583,43.9048576,0.1567825,0.04945085
-269.970428,44.14032,0.1655109,0.04944342
-270.160034,44.6573067,0.1828033,0.197731614
-270.5393,45.6913033,0.182800785,0.7909881
-271.2978,47.7592964,0.1886745,3.163845
-273.481,52.08974,0.157315925,0.197748289
-273.223267,51.6188164,0.191646844,0.197756529
-273.882233,52.14091,0.09132153,0.395467252
-273.065125,52.6937675,0.07711717,0.395458817
-272.9509,51.8031,0.14803426,0.1977124
-273.208649,52.27403,0.09218025,0.197704151
-273.374146,50.87146,0.194836929,1.58188784
-274.6627,53.2260437,0.0656461045,0.790879548
-275.178131,54.1678658,0.08301896,0.790900469
-273.86026,53.1237068,0.07659294,1.581819
-271.482147,51.5063057,0.1565003,0.790949
-271.997559,52.44814,0.106909692,0.790965855
-270.6797,51.40398,0.175740629,1.5819006
-272.313965,50.2982,0.191642419,1.58182645
-272.549683,51.7519226,0.171920642,0.3954838
-272.535034,52.407135,0.04788976,0.395503461
-272.0269,51.1376953,0.191652834,0.7909254
-266.998383,48.08716,0.164063692,3.16369224
-268.559326,50.2574654,0.177621141,1.58187878
-267.499146,49.6842155,0.165165544,1.5818795
-265.378784,48.53771,0.151328087,1.581831
-264.1788,48.22046,0.163743272,0.09887035
-264.121674,47.775116,0.1172378,0.0494404
-264.250519,48.01059,0.163674414,0.0494445264
-264.440155,48.5275574,0.163756788,0.197692677
-263.713074,48.0515862,0.159836844,0.049430456
-263.841949,48.2870178,0.181229427,0.04944302
-263.512451,48.026,0.159861386,0.09885442
-263.921021,47.7495537,0.156136155,0.0988654643
-263.978149,48.1948547,0.167983413,0.0494425073
-263.849274,47.9594231,0.1427026,0.0494299456
-264.5947,47.6164131,0.08250326,0.09887236
-264.32962,47.4731026,0.148793623,0.09887236
-264.734528,47.3604546,0.1619157,0.1977134
-264.712524,48.3432732,0.163719192,0.197705492
-264.386719,47.9184456,0.1637036,0.0494337454
-264.257843,47.682972,0.117303193,0.04942962
-264.587341,47.94403,0.163695544,0.09887466
-265.9382,47.513916,0.166584,3.163752
-268.6473,46.32617,0.182807416,1.58182454
-267.587128,45.75293,0.165704474,1.58185446
-268.949,44.83144,0.182799652,0.7909365
-269.3649,44.227375,0.145924032,0.197727382
-269.640961,43.8792839,0.07176343,0.09887187
-269.633575,44.20689,0.2041516,0.0988690853
-269.48642,44.7904472,0.182803079,0.395479053
-269.192047,45.95758,0.182802528,1.58182454
-269.118744,49.233654,0.185713872,3.163734
-267.557831,47.0633545,0.165700778,1.58186769
-268.618,47.6365967,0.182802662,1.58183765
-103.369606,24.7163239,0.4683166,0.01357834
-103.290771,24.6184177,0.450985283,0.006788358
-103.373619,24.64474,0.3617544,0.006791923
-103.516579,24.7265987,0.5105591,0.0271540079
-103.154518,24.7936916,0.4853698,0.006788275
-103.237358,24.8200073,0.488462985,0.00678961258
-103.067696,24.838953,0.417319477,0.0135795735
-103.203941,24.6636868,0.451064557,0.0135777993
-103.282768,24.7615814,0.4267579,0.00678986963
-103.199928,24.7352657,0.451079339,0.00678853225
-103.449715,24.41394,0.373844445,0.054314658
-103.6074,24.6097565,0.510501444,0.02715539
-103.419029,24.586319,0.36204192,0.00679062959
-103.336189,24.5599976,0.451041132,0.00678706449
-103.505859,24.5410614,0.423022449,0.013577695
-103.711708,25.0071259,0.510435641,0.108622767
-103.334923,24.9602661,0.5103295,0.0271570683
-103.146545,24.9368534,0.510303438,0.00678741
-103.063713,24.9105377,0.439846665,0.00678978674
-103.233368,24.8915863,0.5103635,0.01357482
-103.508583,24.869751,0.51035136,0.0543124229
-102.808441,24.5744419,0.451069027,0.43453902
-104.256676,24.30607,0.510389745,0.108633637
-103.87989,24.2592163,0.510424852,0.0271571465
-103.714211,24.2065735,0.4581079,0.0271639787
-104.053551,24.1686859,0.510390937,0.0543128066
-104.604004,24.12503,0.5104251,0.217267275
-104.059052,24.826086,0.510456443,0.217258438
-103.781067,24.5192261,0.510495842,0.05431854
-103.623383,24.32342,0.457995057,0.0271594953
-103.789063,24.3760624,0.5103889,0.0271526631
-104.075012,24.5397644,0.5104943,0.108642422
-103.075951,25.8250217,0.5104239,0.8690462
-102.445137,25.0418186,0.457988024,0.434523851
-103.236122,25.2202816,0.510489643,0.0543129146
-103.09713,25.0668583,0.510475934,0.01358043
-103.018288,24.9689579,0.439975,0.00679038931
-103.101128,24.9952755,0.5105632,0.00678801257
-103.2441,25.0771179,0.5104078,0.02716086
-103.530067,25.2408047,0.510522962,0.108634144
-102.760536,25.4334259,0.436394483,0.108630352
-102.859337,25.1734371,0.359637439,0.0271562114
-102.93145,25.0142212,0.356756181,0.0135792671
-102.968872,25.0989685,0.6202745,0.0135800019
-102.979614,25.28449,0.5366496,0.0543094873
-101.986046,27.2271423,0.495652944,0.8690428
-101.152649,28.565073,0.0205443967,0.43452
-101.39032,27.8938541,0.510562241,0.0135811642
-101.382347,28.0370235,0.1307047,0.00678823562
-101.34491,27.95228,0.495025933,0.00678805262
-101.3021,27.77477,0.510423541,0.0271579251
-101.606773,27.98083,0.31911993,0.0271588843
-101.465172,28.06334,0.08171962,0.0135767078
-101.491859,27.96254,0.513937,0.0135782454
-101.157875,28.0932064,0.142442733,0.0543155
-101.173836,27.806879,0.51044035,0.0271590073
-101.280785,27.968338,0.459487766,0.006791278
-101.318214,28.05308,0.0205414258,0.00679146
-101.197929,27.9420223,0.4166974,0.0135826236
-101.419617,27.5571384,0.50566864,0.217271879
-102.07135,26.4529266,0.5103875,0.1086354
-101.870888,26.07961,0.493533731,0.0135793285
-101.862892,26.2227783,0.5105039,0.00678859372
-101.82547,26.13804,0.160993338,0.00679024542
-101.782661,25.9605255,0.451061517,0.0271601286
-102.023193,26.1826382,0.453753978,0.05431256
-102.402733,26.5582027,0.510391951,0.217277586
-101.633217,26.7508144,0.433531672,0.2172629
-101.651794,26.22854,0.537428737,0.0135765858
-101.753349,26.2972317,0.3046711,0.0135757383
-101.574318,26.2949886,0.366963863,0.0271568242
-101.654396,25.99263,0.451016933,0.027162293
-101.76133,26.154089,0.448674232,0.00678993063
-101.798759,26.2388248,0.703964,0.006788279
-101.67849,26.1277618,0.451021075,0.0135789439
-101.814857,26.51713,0.5692415,0.108629808
-102.006966,25.3397121,0.435962051,0.4345462
-102.509521,26.15502,0.5104265,0.217276216
-102.039185,25.89631,0.2470681,0.0271547623
-102.114037,26.06579,0.5522122,0.0271554943
-101.873482,25.84368,0.45103547,0.05431875
-102.244911,25.7977543,0.283516228,0.0135765243
-102.143349,25.72907,0.451097429,0.0135770664
-102.322388,25.7313137,0.527050555,0.0271567013
-102.242279,26.0336857,0.5104556,0.0271574333
-102.116661,25.8298588,0.699054241,0.013580177
-102.218208,25.8985443,0.4943139,0.0135796349
-103.310463,23.1312656,0.451071233,0.8690242
-104.27787,23.5478821,0.458545268,0.0543125421
-104.261894,23.8342075,0.5029777,0.0271562282
-104.187035,23.6647243,0.305033267,0.0271558613
-104.101463,23.3097172,0.451079756,0.108625092
-104.646675,23.7379055,0.5104647,0.0271653514
-104.539734,23.5764523,0.5103552,0.00678828731
-104.502312,23.4917145,0.1444345,0.006786453
-104.622589,23.6027737,0.5103982,0.0135764368
-104.81237,23.7905521,0.510464,0.0543214753
-104.427582,23.8868561,0.5105111,0.0543206
-104.4302,23.6509247,0.390426,0.01357565
-104.438194,23.507761,0.322057068,0.006787511
-104.475616,23.5924988,0.6093642,0.006789346
-104.51841,23.77001,0.510465443,0.02716341
-103.8397,23.8457737,0.455057561,0.0543062538
-104.07489,23.9751339,0.501524031,0.00678871665
-104.037453,23.8903961,0.296772152,0.00679018442
-104.157738,24.00145,0.510307252,0.0135754328
-103.965355,24.0496,0.213888884,0.0135782193
-103.973328,23.9064484,0.451038867,0.00679018442
-104.010765,23.9911861,0.625944734,0.00678871665
-103.684761,23.9786625,0.4468074,0.108628027
-103.844948,23.3739223,0.45107168,0.108626805
-104.058777,23.6968288,0.451044053,0.0271597411
-104.184425,23.90066,0.3487134,0.0135785425
-104.082863,23.83197,0.459711939,0.0135811558
-103.893105,23.64419,0.451069146,0.0543148667
-102.690651,23.6628323,0.4510707,1.73806214
-103.224609,21.6470089,0.451076865,0.869031131
-103.235077,20.7032928,0.451073557,0.217259482
-103.240295,20.23143,0.45108965,0.0543141551
-103.256264,19.9451084,0.629362,0.027160719
-103.331123,20.1145878,0.45104593,0.0271559488
-103.416725,20.4695988,0.451088876,0.108631246
-103.587914,21.1796322,0.45107314,0.434523344
-104.186775,22.5354862,0.4510811,0.434517056
-104.601128,23.231699,0.451020032,0.0135726538
-104.709343,23.2752018,0.6839028,0.00339299021
-104.760132,23.30954,0.5104016,0.00339338067
-104.670616,23.3084164,0.218337744,0.00678963447
-104.523659,23.2981472,0.4510682,0.0271578021
-104.603737,22.9957676,0.451139122,0.0271528214
-104.710655,23.15722,0.451208562,0.006791635
-104.773476,23.25914,0.315696865,0.00339785824
-104.722687,23.224802,0.4516686,0.003397469
-104.627815,23.1309052,0.451136,0.01357696
-104.865761,23.588953,0.51042825,0.05431368
-104.649292,23.5019836,0.491331458,0.0135849835
-104.547729,23.4332981,0.5389794,0.0135822026
-104.726776,23.4355164,0.50656426,0.0271579251
-104.283104,23.0760345,0.451082379,0.217256337
-103.524048,22.3249359,0.451076359,0.8690458
-91.3206558,14.1162977,0.142718047,1.58355367
-91.72146,15.528203,0.112152092,0.395878166
-91.92185,16.2341518,0.104118861,0.09896578
-92.05997,16.6109676,0.469536334,0.0123729641
-91.98413,16.5632782,0.361623377,0.0123688476
-92.0751953,16.8017788,0.5151286,0.012367473
-91.9553452,16.6539211,0.142718509,0.00618523
-92.03118,16.7016087,0.5115163,0.006185824
-91.86428,16.41543,0.2833514,0.04948919
-91.60629,15.8907623,0.168811232,0.197932139
-91.09034,14.8414307,0.142716974,0.7917334
-89.77942,12.8573,0.1440555,0.7917956
-88.97227,11.7698669,0.2343774,0.0989714339
-89.07855,12.1991577,0.152423739,0.04948281
-88.9146957,11.9511461,0.121725224,0.049485717
-88.65671,11.4264879,0.239362746,0.19793649
-89.28781,12.11324,0.23466976,0.09895919
-89.2634659,11.8079576,0.227526069,0.0989650041
-89.57902,12.1513367,0.11363294,0.197954059
-90.361824,12.9334917,0.1563185,0.791764
-91.1081,13.25769,0.142702177,0.09898043
-91.0079041,12.9047041,0.175317943,0.0494893529
-91.159584,13.0000715,0.13827917,0.0494821444
-91.3993149,13.2957869,0.142711714,0.197950214
-90.5622253,13.63945,0.08788915,0.197966546
-90.80471,13.06694,0.07266857,0.09897172
-90.82908,13.3722429,0.140271559,0.09898391
-92.5828857,15.4898376,0.5098723,1.58351946
-92.27011,14.2782593,0.518083751,0.049486585
-92.086586,14.2353716,0.518152654,0.0123706274
-91.97587,14.2020006,0.0969862342,0.0061876066
-92.04563,14.1733656,0.5181821,0.00618411275
-92.18818,14.1542559,0.518187463,0.02474475
-92.4733,14.1160173,0.5181447,0.09895919
-92.0912857,14.7457781,0.441378623,0.0989727154
-91.99717,14.4691162,0.327248245,0.0247422867
-91.94706,14.2926331,0.147717312,0.0123712942
-92.02291,14.3403215,0.381278217,0.0123688914
-92.14277,14.48817,0.45649597,0.049478747
-92.05007,13.7774248,0.420470327,0.01237303
-91.97421,13.7297468,0.333830982,0.0123703713
-92.15165,13.6963043,0.518196464,0.0247444529
-91.9576,13.9730377,0.142697781,0.006185308
-92.02735,13.944397,0.463056833,0.006187859
-91.9288,14.06368,0.142747879,0.0123685589
-91.9105453,13.834712,0.14269045,0.0123706944
-92.02127,13.8680677,0.463056445,0.006187061
-91.9515152,13.8967085,0.142751426,0.00618451
-91.91803,13.4769335,0.17787078,0.049490422
-92.13949,13.5436554,0.5182041,0.0247431416
-91.99996,13.6009417,0.196252242,0.0247432813
-92.44895,13.8107252,0.5181308,0.0989727
-92.17602,14.0016069,0.518165648,0.02474475
-92.03953,14.0970459,0.5172871,0.00618462544
-91.9697647,14.1256819,0.103445135,0.006188119
-92.06832,14.0064039,0.5107881,0.01237426
-92.2336044,13.8203173,0.518192,0.04948796
-92.78885,14.4594116,0.511691153,0.7917853
-93.7477,15.6422071,0.5181561,3.16707
-96.60552,21.9740448,0.14489226,0.9696291
-96.319664,20.4996128,0.144872919,0.242402375
-96.16138,19.58895,0.45690307,0.121217355
-96.30665,19.9142818,0.4560482,0.0606057
-96.4034958,20.1311646,0.144870073,0.06060308
-96.67635,21.0202541,0.144890577,0.484804839
-97.05903,22.7115688,0.158914283,0.121196739
-97.385,22.88533,0.0715655461,0.121204205
-96.7637939,22.8847046,0.1100258,0.242410585
-97.16058,22.1046658,0.144878417,0.24240239
-97.51725,22.6253147,0.03394594,0.121213906
-97.1912842,22.4515533,0.144888058,0.12120644
-97.8385239,23.6228638,0.08752394,0.4848098
-97.1204758,23.4053555,0.0875198841,0.12120644
-96.79452,23.2315979,0.102089584,0.12120644
-97.41572,23.2322235,0.0875217542,0.242403477
-98.8070145,25.791687,0.08752381,0.969612062
-99.74478,27.6136475,0.0953018,0.2424229
-100.132179,28.4812069,0.0268758237,0.2424321
-99.22513,27.0061283,0.08751456,0.4848416
-98.12438,25.09729,0.087524794,0.9696165
-97.26339,24.1425686,0.08752595,0.242403656
-96.83289,23.6652222,0.0875237659,0.0606047735
-96.6545639,23.4049015,0.06453059,0.0606112368
-97.0696945,23.708807,0.08752412,0.121199846
-97.73698,24.2297573,0.0875257552,0.484800071
-95.74155,20.1088161,0.289681345,0.0303017125
-95.72617,19.9353638,0.35997197,0.0303041
-95.89685,20.1089725,0.1039101,0.060602013
-95.45398,20.3686733,0.1448961,0.0606022
-95.5454941,20.0869446,0.144824654,0.0151519617
-95.6116257,19.95693,0.5281302,0.0151519617
-95.5939255,20.1953888,0.144894943,0.0303015355
-95.93225,19.63207,0.5076325,0.242409483
-95.86143,20.5858669,0.144890442,0.484803349
-94.96503,20.1080379,0.104785472,0.0606074445
-95.09729,19.8480282,0.5067813,0.0606037155
-95.06188,20.32492,0.144887909,0.121204168
-94.6136856,20.0860138,0.142443,0.015147211
-94.67981,19.9560146,0.5277604,0.0151533661
-94.66211,20.1944485,0.144888476,0.0302972179
-94.41764,20.0641327,0.236412749,0.0302989744
-94.59833,19.9125767,0.5164667,0.0151504157
-94.532196,20.0425777,0.114696354,0.0151442625
-94.9343,19.7611485,0.5165727,0.06059625
-94.80972,20.1078854,0.2918989,0.030297745
-94.79437,19.9344387,0.3621532,0.0303004254
-95.60629,19.458313,0.5165464,0.242403328
-95.34945,20.06507,0.234625474,0.0302992556
-95.53013,19.9134884,0.5158692,0.0151526928
-95.46399,20.0435028,0.113571443,0.0151526928
-95.29099,20.2817936,0.144874632,0.0605977625
-95.32641,19.8048954,0.438319534,0.121200547
-95.6276245,21.45278,0.144890621,1.9392755
-93.97646,18.5895329,0.5165373,0.242407054
-93.58437,18.5457973,0.418073952,0.0605987571
-93.4213943,18.4589138,0.500846744,0.0606017336
-93.7981339,18.3292236,0.509397566,0.1211946
-94.05326,19.4567623,0.4916138,0.2424159
-93.6227646,18.9794064,0.5165173,0.0606063977
-93.40751,18.7407131,0.516635954,0.0151491063
-93.31836,18.61055,0.3865494,0.0151492525
-93.52591,18.7625179,0.5165752,0.0303003732
-93.85956,19.022995,0.5165206,0.121206261
-93.13084,17.8082523,0.497931063,0.9696216
-94.79138,19.0239258,0.49719,1.93926752
-79.48465,-252.6451,0.0245057084,23.8492146
-94.06439,-241.717819,0.04095542,3.50154114
-92.07212,-241.229568,0.0278762486,0.875425458
-91.04708,-241.173645,0.0218618661,0.8753996
-92.4690247,-242.01033,0.02908736,1.75078785
-94.85818,-243.279358,0.042410858,7.00314045
-95.5519,-238.762466,0.016058,7.00319862
-92.81588,-239.7519,0.0360077247,1.75079548
-91.1627,-240.420837,0.0218629725,0.875354
-92.1877441,-240.476761,0.0278762933,0.8753798
-94.29562,-240.212173,0.0409550145,3.50158429
-118.83889,-228.155579,0.00195541349,8.428355
-123.228142,-223.566528,0.009671269,8.428414
-111.484108,-234.1383,0.000947327644,16.8566513
-126.57914,-222.623276,0.004858368,33.7136345
-141.155045,-212.9312,0.0069267964,2.10705328
-143.994675,-210.175644,0.00724994,0.5267607
-145.688843,-208.511032,0.03133997,0.263395518
-144.495163,-209.5457,0.00962775853,0.263394058
-142.155991,-211.67131,0.00728997961,1.053535
-137.477646,-215.922531,0.007748995,4.21410275
-145.929749,-208.792557,0.0311049335,1.05354893
-144.832413,-209.939819,0.008415231,1.05351
-146.863861,-208.669357,0.0309041236,2.10706568
-142.6378,-212.23436,0.00730037969,2.10712957
-145.314255,-210.502823,0.00728910556,0.5267533
-146.6043,-209.5808,0.0296122283,0.526735663
-144.476486,-210.738663,0.0072886846,1.05356884
-152.861771,-204.745316,0.0182442516,1.05332518
-150.474411,-206.814651,0.0255820174,1.05332708
-154.248169,-203.935867,0.0113284718,2.107107
-158.214645,-201.282349,0.00442483928,1.05350959
-160.794754,-199.438248,0.0149497287,1.05349743
-156.731873,-201.979187,0.008074828,2.10713577
-150.185333,-206.476852,0.0255774111,2.10720229
-152.5727,-204.407516,0.018238578,2.10719872
-148.606216,-207.06105,0.0224317666,4.214117
-136.514038,-214.796448,0.007170404,33.7136
-110.327736,-232.787033,0.00334449345,33.7132645
-122.649963,-222.890869,0.0210156366,16.8567
-116.103394,-227.388535,0.007501246,8.428399
-119.491722,-224.059326,0.0121745849,4.21414232
-116.71891,-225.678223,0.0169223733,4.214163
-104.01123,-235.123917,0.0104130348,67.42688
-95.17676,-53.68108,0.113916218,5.89797449
-94.07587,-56.27257,0.126820445,5.897916
-98.28247,-52.3229675,0.130655378,2.94897032
-100.248169,-50.6720924,0.164206326,0.368627816
-99.76261,-51.51746,0.120155111,0.184318036
-100.183281,-51.1224976,0.15542686,0.184313908
-100.951874,-50.2061043,0.169186249,0.7372581
-99.399025,-50.8851624,0.150223166,1.47449183
-96.85941,-52.10123,0.113962322,5.898034
-91.78018,-54.53336,0.114924356,23.59173
-103.743225,-46.61162,0.2465373,0.7372585
-103.184959,-47.3305168,0.161340386,0.368613154
-103.75106,-47.1884727,0.24653253,0.368622273
-102.634521,-48.6262627,0.169204369,0.737245739
-103.548553,-47.9628029,0.151300237,0.18431513
-103.969215,-47.56784,0.248432145,0.1843168
-103.192787,-47.9073639,0.176024079,0.368622869
-105.013039,-46.003582,0.2465397,2.94900417
-101.632111,-48.00958,0.169191867,2.948998
-102.611046,-46.8957176,0.199775621,0.737211466
-102.886261,-46.24785,0.229830608,0.7372394
-101.616463,-46.85588,0.1691923,1.47448921
-108.378334,-42.84389,0.259242326,5.89792252
-104.285858,-44.7390137,0.240376,1.47452772
-102.239624,-45.6865845,0.253227025,0.3686182
-101.252869,-46.2236061,0.1692075,0.3686223
-102.878441,-45.67099,0.2318241,0.737255633
-105.5635,-44.70783,0.248655871,2.94899774
-95.69592,-50.07793,0.13130787,2.9489367
-98.36532,-47.96109,0.13487123,1.47447217
-96.1087646,-49.1061134,0.130980581,0.184307218
-96.77612,-48.5769,0.146149933,0.09214468
-96.2827454,-48.84541,0.1309947,0.09214551
-95.33234,-49.445652,0.1309806,0.36859864
-96.88519,-48.7665825,0.146150127,0.184309214
-96.46454,-49.16154,0.130983859,0.184321657
-97.24096,-48.8220253,0.120453909,0.368616372
-92.59021,-51.4360466,0.13133,5.89790964
-98.8016357,-48.7198219,0.134873256,2.94896
-97.11899,-50.2996559,0.110123,2.94897175
-100.499916,-48.2936821,0.160237759,2.948925
-99.3833847,-49.73146,0.140235931,1.47445619
-100.515564,-49.44737,0.161547408,1.47446108
-287.605164,56.296,0.06762488,0.8157133
-288.097046,57.2292,0.09869142,0.8157073
-286.76,56.16683,0.08970925,1.63165188
-288.407837,55.238903,0.0815459043,0.203982845
-288.6538,55.7055054,0.109568886,0.203952417
-287.98526,55.174305,0.09068955,0.407932937
-288.884125,54.66814,0.09008099,0.407908022
-288.9534,55.5367851,0.09868973,0.203942314
-288.7075,55.07018,0.06568432,0.203972742
-288.696259,56.8917656,0.0986901149,0.8158692
-287.931549,55.8096428,0.136867955,0.4078943
-288.477142,56.1075134,0.09118099,0.40793547
-288.2356,58.9664421,0.09869475,1.63164413
-288.374176,60.7036743,0.0447637476,0.815763056
-287.8823,59.7704773,0.0712020546,0.815788
-286.8986,57.90407,0.09912254,0.8158889
-286.406738,56.9708672,0.06901994,0.8159043
-287.743744,58.0332336,0.09869076,1.63163722
-285.230682,54.002552,0.0906859338,3.26331568
-283.824371,52.0715523,0.0642244443,0.203969091
-284.124,51.9028435,0.107213773,0.203921318
-283.9205,52.6225166,0.0396909527,0.4079427
-283.455475,51.3716545,0.155567348,0.815788567
-284.7925,52.4340324,0.0913778841,1.631687
-286.921021,54.2608757,0.09068756,6.52652025
-299.1095,59.8666573,0.0851383358,0.8705189
-299.52652,60.50175,0.04235608,0.870455563
-299.714142,58.46822,0.103751272,0.870560348
-300.054077,59.68166,0.102048486,0.217646062
-300.141632,60.27889,0.0331746452,0.217617631
-299.680817,59.3451653,0.102325082,0.435281038
-299.9102,62.0137825,0.0380641446,3.48207283
-298.066864,58.27886,0.09041861,6.96414137
-340.0187,59.4482841,0.0276776832,41.81288
-334.746368,66.09896,0.0317004621,41.81235
-100.975685,23.668848,0.451074719,2.23945546
-99.57009,23.7327423,0.0875242,0.279935
-99.8656,24.07337,0.08691793,0.06997296
-100.037567,24.2979031,0.313297957,0.0349971466
-99.88733,24.2825928,0.109989427,0.0349856131
-99.61355,24.1512051,0.08751963,0.139964372
-99.0659561,23.8884125,0.08752274,0.5598578
-100.2344,22.9723,0.451052547,0.139975041
-99.83209,23.0348454,0.06634161,0.0699764
-100.011528,22.7943363,0.210412517,0.01749758
-100.113342,22.7011929,0.451050073,0.0174945444
-100.009033,22.94935,0.268446237,0.03499551
-100.491432,22.5844326,0.451096445,0.2799451
-100.197777,23.6931515,0.45107004,0.034988068
-99.99662,23.724432,0.182020977,0.0174993016
-100.098442,23.63128,0.4510418,0.01749695
-100.326286,23.4992123,0.451094061,0.06998247
-100.1661,24.1039677,0.4509927,0.06998906
-99.99412,23.879446,0.2497037,0.0349937938
-100.144371,23.8947353,0.451052129,0.0349868722
-99.8271255,23.34488,0.107730977,0.1399631
-100.229431,23.2823277,0.451069564,0.06998906
-100.050011,23.5228367,0.3999389,0.0174957849
-99.94818,23.6159878,0.1132511,0.0174981356
-100.05249,23.3678226,0.344879478,0.03499329
-101.81012,21.683609,0.45106715,1.11975813
-102.527809,20.7215977,0.451079428,0.279923171
-102.886665,20.2406,0.451053649,0.06998922
-103.117012,19.9535122,0.6922721,0.03499303
-103.063622,20.1551,0.451008141,0.03499268
-102.881706,20.5506229,0.451042771,0.139978439
-102.517883,21.3416443,0.45107612,0.559877336
-101.790245,22.9237118,0.4510694,2.23944879
-100.732269,26.3353519,0.4510751,0.279929
-101.027794,26.67597,0.451096117,0.06998101
-101.17556,26.8462734,0.360715717,0.0174977127
-101.223976,26.9547119,0.5104552,0.0174955819
-101.049522,26.8851929,0.385555655,0.0349849761
-100.775734,26.753809,0.4510289,0.139966637
-100.174744,26.6926117,0.4198125,0.139967
-99.77244,26.7551422,0.08753046,0.0699791461
-99.9518661,26.5146236,0.09529511,0.0174965579
-100.053688,26.421484,0.377602935,0.01749075
-99.94938,26.6696472,0.1728386,0.0349927656
-100.431786,26.3047543,0.4510751,0.279929
-101.449974,25.3733273,0.4510903,0.5598667
-101.386635,26.1949615,0.451082438,0.139964715
-101.35498,26.60578,0.390136838,0.0349915326
-101.325783,26.8615818,0.510457933,0.0174906179
-101.277367,26.7531433,0.360783875,0.0174927488
-101.231438,26.4896851,0.451090217,0.0699846
-101.139534,25.96279,0.451090217,0.2799213
-100.731628,27.9397221,0.3785771,0.0174918026
-100.616455,28.0832367,0.0205529667,0.008746391
-100.643158,27.9824677,0.407109946,0.008746654
-100.734108,27.7847042,0.510380447,0.0349885859
-100.841827,28.1061859,0.0205329414,0.008751278
-100.868507,28.0053959,0.332190484,0.008749645
-100.9036,28.1642361,0.0205461513,0.01749596
-100.678246,28.1412811,0.02055379,0.0174917169
-100.793388,27.9977512,0.3322,0.008745269
-100.7667,28.0985413,0.0205528457,0.008746901
-100.39109,28.0602779,0.020546969,0.008747427
-100.417786,27.9594879,0.481908828,0.008748971
-100.452873,28.1183167,0.0205405187,0.017493587
-100.227486,28.0953617,0.0315773748,0.0174940657
-100.342651,27.9518337,0.48539862,0.008749818
-100.315956,28.0526218,0.0122363353,0.008748274
-100.583862,27.7693939,0.5103345,0.03500379
-100.568031,27.9748135,0.407115042,0.008745195
-100.541344,28.0755825,0.0205546785,0.008744933
-100.506264,27.9167576,0.453297943,0.0174993146
-101.066261,27.4044647,0.510418653,0.139964983
-101.034584,27.8152866,0.510450065,0.034991134
-101.005424,28.07109,0.216382667,0.0174927916
-100.956993,27.9626522,0.303905874,0.01749599
-100.911041,27.6991978,0.5104119,0.06998267
-100.59565,28.5986729,0.0205440763,0.559901059
-100.1381,27.4134617,0.451149285,0.03499064
-99.93695,27.4447174,0.07097589,0.0174968224
-100.03878,27.3515873,0.32939,0.0174918585
-100.266624,27.2195282,0.451069832,0.06998571
-100.106422,27.8242741,0.345939517,0.0699824244
-99.93445,27.5997372,0.143888727,0.03499828
-100.084709,27.6150455,0.437051147,0.0349959731
-99.7674561,27.06516,0.08751999,0.139965162
-100.169777,27.00264,0.43287015,0.0699903741
-99.99035,27.2431488,0.309484631,0.017496122
-99.88852,27.3362789,0.08752649,0.017501086
-99.99282,27.0881348,0.227057725,0.034996558
-100.744057,27.1646328,0.391794682,0.0349907242
-100.714874,27.42044,0.5104227,0.0174952745
-100.666451,27.3120022,0.370999515,0.0174952745
-100.620522,27.0485382,0.451012343,0.0699903741
-101.020325,27.141,0.5103578,0.0174999125
-100.9719,27.0325527,0.3600413,0.0174943823
-101.146362,27.1020813,0.5103575,0.0349975154
-100.840904,27.3815212,0.5104075,0.03499177
-100.870087,27.1257019,0.360084176,0.0174919013
-100.918495,27.2341518,0.5103592,0.01749743
-100.4094,27.69985,0.51044637,0.0174948946
-100.360992,27.5914154,0.3925865,0.0174947958
-100.535439,27.6609344,0.5104369,0.0349904
-100.280891,27.8937931,0.5104597,0.01749091
-100.165733,28.0373173,0.0775784254,0.008745001
-100.192444,27.9365387,0.510531247,0.008743107
-100.259178,27.6845646,0.392653525,0.01749218
-100.307594,27.793,0.510413349,0.01749228
-100.41687,27.234827,0.451080531,0.0699881539
-100.564636,27.4051418,0.3710263,0.0174941663
-100.61306,27.51358,0.5104578,0.0174941663
-100.4386,27.4440613,0.408591837,0.0349894166
-99.4434,25.3760071,0.08752437,0.279939026
-99.80225,24.8949986,0.08670787,0.06997888
-99.98169,24.65449,0.155510753,0.01749634
-100.083519,24.56135,0.451170653,0.0174977127
-99.9791946,24.8095036,0.233140051,0.03499303
-99.79728,25.2050266,0.08800275,0.139964283
-99.4334641,25.996048,0.0875276849,0.5598567
-98.85236,24.6947422,0.08752641,0.559863269
-99.50675,24.5543613,0.087532334,0.139978826
-99.83392,24.4841766,0.08752708,0.03498698
-100.035072,24.4529114,0.3915032,0.0174977127
-99.93325,24.546051,0.08720128,0.01749634
-99.70542,24.67811,0.08753353,0.06998141
-99.2497,24.94223,0.0875283852,0.2799433
-100.955788,24.90896,0.451076359,1.1197505
-100.136238,25.9641266,0.4266409,0.06998547
-99.9642944,25.7395878,0.203144819,0.0349956863
-100.114525,25.7548885,0.445630878,0.0349853747
-100.388306,25.8862915,0.451061577,0.139975563
-99.80411,26.3443241,0.08752026,0.0349956825
-100.005272,26.3130436,0.341689557,0.0174928829
-99.90344,26.4061832,0.08751144,0.0174986888
-99.67559,26.53826,0.08753573,0.06998361
-99.83576,25.9335232,0.08752061,0.069974266
-100.007729,26.1580448,0.254274547,0.0349874832
-99.85749,26.14274,0.08753617,0.0349867344
-100.199593,25.1424866,0.451063,0.0699928552
-100.020164,25.3830013,0.374023855,0.0174940657
-99.91834,25.476141,0.0875390843,0.017495174
-100.022644,25.2279873,0.2820239,0.0349951871
-100.204567,24.8324585,0.451064169,0.1399723
-100.49511,25.4831181,0.451061249,0.139980748
-100.167931,25.5533085,0.450992,0.03498106
-99.966774,25.5845737,0.1269383,0.0174974054
-100.0686,25.4914341,0.428299516,0.0174962971
-100.29644,25.359375,0.451065,0.06998393
-98.4079056,21.1301327,0.144888908,0.279931545
-98.6016,21.56391,0.07828396,0.279926479
-97.9037857,21.2858067,0.144883037,0.5598718
-98.92197,20.3543854,0.142078176,0.279927373
-99.38265,19.7802429,0.5165491,0.139975488
-99.27585,20.18341,0.0887652338,0.139961734
-99.00887,21.19134,0.07827629,0.27993536
-98.81518,20.7575626,0.144887909,0.279940426
-98.3780746,22.99029,0.0875248,1.11972272
-97.78705,22.3090267,0.0722541139,0.2799529
-97.5933456,21.8752537,0.144881427,0.2799304
-98.2911758,22.1533566,0.06770702,0.5598757
-97.1941757,20.1784573,0.144842714,0.0349972323
-97.22335,19.9226379,0.420761049,0.01749545
-97.27177,20.0310917,0.2566624,0.017502144
-97.31771,20.2945461,0.144887671,0.06997022
-96.8669739,20.2486324,0.144905865,0.06998906
-97.09731,19.9615574,0.4031323,0.03499212
-97.0439148,20.1631413,0.144907951,0.0349897
-97.57971,19.59664,0.5165763,0.1399612
-97.4971542,20.0540466,0.194566324,0.0174956527
-97.6123,19.9104919,0.5165737,0.008745455
-97.5856,20.0112858,0.133649036,0.008745966
-97.49465,20.2090549,0.144932091,0.0349885672
-97.38694,19.887537,0.51645726,0.00875098351
-97.36025,19.988348,0.2020063,0.008751072
-97.3251648,19.8294888,0.5165144,0.0174942072
-97.55053,19.8524418,0.516498566,0.01749867
-97.43537,19.9960022,0.2020029,0.008748459
-97.46206,19.8951931,0.5164567,0.008748371
-97.10909,20.7908421,0.144894838,0.559861839
-96.67825,19.504837,0.51657635,0.139969245
-96.6465759,19.9156647,0.47948423,0.0349913351
-96.59318,20.1172485,0.144915864,0.03498944
-96.52303,19.79957,0.5145189,0.0699848
-96.43115,19.27265,0.516576469,0.279942751
-97.33262,19.36445,0.516578138,0.2799356
-96.97378,19.8454647,0.43524006,0.06998384
-96.7434158,20.1325436,0.144875512,0.034991134
-96.796814,19.93096,0.479473352,0.03499303
-96.97874,19.5354366,0.5165763,0.139973864
-98.48118,19.6884365,0.5165948,0.139974341
-98.3986,20.145834,0.14488335,0.0174961351
-98.51377,20.0022888,0.3333814,0.008746609
-98.48707,20.1030827,0.144911587,0.008747381
-98.39611,20.3008423,0.144876242,0.03499157
-98.288414,19.9793549,0.4078426,0.008746609
-98.2616959,20.0801449,0.144895524,0.008746522
-98.22663,19.9213047,0.440117419,0.0174999125
-98.452,19.94425,0.361424476,0.0174965151
-98.33682,20.08779,0.144851878,0.008749134
-98.3635254,19.987,0.407842815,0.008749221
-98.23408,19.4562531,0.51657474,0.279931635
-99.13556,19.54805,0.516583741,0.279940844
-98.72577,20.0756435,0.320715755,0.0174946021
-98.6773453,19.9672,0.283824444,0.01749024
-98.85181,20.0367222,0.135261446,0.0349930674
-98.54636,20.3161411,0.144867733,0.03499157
-98.56219,20.1107273,0.144888431,0.008747687
-98.58889,20.0099335,0.333387524,0.008746915
-98.62396,20.1687775,0.144866779,0.017497506
-98.78168,19.7190342,0.5165952,0.1399605
-97.7100754,20.8520412,0.144890144,0.5598803
-97.83767,19.9334412,0.5166356,0.008745562
-97.8109741,20.0342312,0.08911554,0.008749002
-97.77589,19.8754025,0.516509533,0.0174958855
-98.00125,19.8983517,0.516539037,0.0174965151
-97.8860855,20.04188,0.08913285,0.00874907
-97.91278,19.9410915,0.5166387,0.008745631
-97.6449,20.2243443,0.144866362,0.03498979
-97.66073,20.0189362,0.133686,0.008750036
-97.6874161,19.9181423,0.5165756,0.008749527
-97.7225,20.0769863,0.151089475,0.0174945444
-97.8801956,19.6272373,0.51657635,0.139965817
-98.0956039,20.2702484,0.1448945,0.0349913724
-98.11145,20.0648441,0.144930333,0.008750487
-98.13816,19.9640446,0.4844103,0.008748503
-98.17322,20.1228943,0.144897923,0.0174962115
-98.21917,20.3863316,0.144887045,0.06998314
-97.76843,20.3404331,0.144889936,0.06998384
-97.94785,20.09994,0.144294977,0.0174935777
-98.06303,19.95639,0.483817726,0.008748741
-98.0363159,20.05719,0.140742972,0.008750723
-97.94537,20.25495,0.144900337,0.0349833667
-100.724892,20.538,0.451083183,0.2799216
-101.121338,20.0608273,0.451001972,0.00875098351
-101.148033,19.9600277,0.758987665,0.008749527
-101.183105,20.1188755,0.45105505,0.0174942072
-100.957726,20.0959225,0.456234276,0.017500978
-101.0729,19.9523716,0.749329567,0.008748068
-101.0462,20.0531712,0.430490941,0.008749525
-101.31411,19.7699127,0.7567127,0.0349868946
-101.298256,19.975317,0.6961422,0.008742951
-101.271568,20.07611,0.451079547,0.008747248
-101.236488,19.9172821,0.704022348,0.0174939577
-101.078773,20.3670139,0.4510626,0.139963552
-100.714966,21.1580448,0.451086223,0.559865236
-100.233215,19.91861,0.6101915,0.01749634
-100.281639,20.0270538,0.577008247,0.0174953733
-100.093834,20.0079288,0.6240248,0.00874858
-99.99323,20.02357,0.243238315,0.00437359745
-100.044151,19.9769955,0.7780862,0.004374561
-100.158081,19.910965,0.750863135,0.01749634
-100.385925,19.7789,0.7411271,0.06998369
-100.177315,20.2752228,0.397814661,0.13996768
-99.96189,19.6322079,0.624290049,0.0349892639
-99.9085,19.8337955,0.456979573,0.0349928774
-99.83835,19.5161133,0.582985163,0.06997873
-100.289085,19.5620174,0.7410017,0.06998563
-100.109657,19.80252,0.748268366,0.017497506
-100.019936,19.9227753,0.760499835,0.00437519327
-99.96902,19.96935,0.389276654,0.00437422935
-100.021179,19.8452663,0.6279454,0.008749439
-100.112129,19.6475067,0.7482273,0.03499157
-100.863373,19.7240143,0.756704867,0.03499329
-100.847534,19.9294281,0.7567349,0.008747762
-100.820824,20.0302219,0.425740451,0.008748535
-100.785767,19.8713837,0.7566777,0.0174978562
-100.73983,19.60792,0.7567169,0.06998445
-101.190559,19.6538181,0.756721,0.06998658
-101.011131,19.8943272,0.7566235,0.0174961351
-100.895943,20.0378666,0.425949782,0.008748841
-100.922646,19.9370728,0.7568502,0.008748068
-101.013618,19.7393131,0.7566622,0.03499329
-100.477806,20.3058224,0.451044768,0.139970124
-100.536171,19.7942047,0.65633893,0.0699883
-100.670586,20.0149288,0.466992319,0.008745849
-100.697289,19.9141331,0.7566876,0.008746445
-100.732338,20.0729733,0.48722744,0.01749596
-100.506989,20.0500126,0.528147757,0.0174962357
-100.622169,19.9064789,0.7566743,0.00874905847
-100.595467,20.0072727,0.466937035,0.00874846149
-101.985222,20.148798,0.485010743,0.06999168
-102.215553,19.8617,0.7567738,0.0349874832
-102.162148,20.0632935,0.423698664,0.0349921137
-101.980247,20.4588223,0.4510988,0.139955491
-101.764832,19.8158112,0.7566814,0.0349975564
-101.735657,20.0716248,0.650436044,0.0174995326
-101.687225,19.9631748,0.578120053,0.0174982678
-101.641273,19.6997166,0.756655157,0.06998019
-102.09201,19.7456112,0.7567965,0.06998563
-101.861687,20.0327,0.464105576,0.03499031
-101.915077,19.8311062,0.7567034,0.0349877179
-102.666283,19.9076138,0.7481334,0.0349883325
-102.612877,20.1091976,0.436531723,0.03499384
-102.542747,19.79152,0.756721556,0.0699766651
-102.993469,19.8374271,0.699890256,0.06998606
-102.763123,20.124506,0.451054424,0.03499384
-102.816528,19.9229221,0.7550579,0.0349883325
-102.280724,20.48942,0.451060921,0.139946267
-102.3124,20.0785923,0.4236261,0.03499904
-102.365807,19.8769989,0.7567384,0.0349944048
-102.435936,20.1946964,0.454630643,0.0699874163
-101.315941,21.2192326,0.4510583,0.5598701
-101.379272,20.39762,0.4510827,0.139960155
-101.461845,19.9402256,0.6393983,0.0174957849
-101.34668,20.0837555,0.4512391,0.008751083
-101.373375,19.9829617,0.696360946,0.008746784
-101.464333,19.7852116,0.7567199,0.0349938162
-101.572044,20.1067047,0.4510061,0.008749146
-101.598747,20.0059147,0.6366032,0.008747338
-101.63382,20.1647644,0.451011956,0.017498292
-101.408447,20.14181,0.451169074,0.0174952745
-101.523621,19.9982662,0.6365583,0.008746727
-101.496925,20.0990543,0.451015353,0.008748535
-101.626366,20.6297913,0.451058716,0.279910982
-99.4931259,22.2757626,0.08752388,0.5598358
-100.297729,22.150671,0.421251059,0.2799362
-99.86375,22.6240234,0.08752818,0.0349940769
-100.064911,22.5927525,0.411908269,0.0174945444
-99.9631,22.6858978,0.157527,0.01749758
-99.73525,22.8179569,0.08752388,0.06998319
-99.89541,22.2132111,0.112027764,0.06997529
-100.067383,22.4377441,0.3767387,0.03498909
-99.91714,22.42244,0.152096272,0.0349920057
-98.9790649,23.0514889,0.08752483,1.11974108
-99.5664,20.8340549,0.0860389844,0.139978826
-99.89359,20.76387,0.08753377,0.03499408
-100.043846,20.77918,0.4230448,0.0349859372
-99.76507,20.9578,0.08753245,0.06998019
-99.3093643,21.2219334,0.0775895342,0.2799378
-99.57633,20.21402,0.140902936,0.139959291
-99.683136,19.8108521,0.5197483,0.139973044
-99.9252548,20.3530521,0.160583749,0.0699740648
-100.097229,20.5775967,0.441175133,0.0349900462
-99.94699,20.5622864,0.194333166,0.03499819
-99.67319,20.4308929,0.08047008,0.139967814
-100.307678,21.5306244,0.3972372,0.5598807
-99.50305,21.65571,0.08752198,0.27992928
-99.8619156,21.1746883,0.0652975142,0.06998658
-100.065552,20.988409,0.310918957,0.06998933
-99.85693,21.48472,0.132933885,0.139974564
-77.61173,14.3276625,0.04330192,4.177389
-78.96617,16.4546356,0.02806387,1.04434884
-79.4324951,17.529623,0.06423821,1.04437733
-77.88941,15.9631453,0.04330204,2.088685
-75.4582,13.3446655,0.0263636652,8.354847
-80.5198059,13.06869,0.0428232253,8.354802
-80.3258743,16.1053925,0.03582573,0.522155166
-79.67092,15.5909014,0.04365196,0.522159457
-80.84199,15.8021545,0.0499330126,1.04434729
-80.2760849,17.4836216,0.0526450463,1.04432964
-79.48229,16.1513882,0.06690716,0.522159457
-80.1372452,16.6658783,0.0526448674,0.522155166
-79.29893,14.235672,0.0316603556,4.177389
-71.5284348,10.25769,0.00468452042,8.354817
-68.90859,8.199707,0.007816433,8.354819
-76.4014053,10.542201,0.0437845327,4.177359
-79.39852,11.4792023,0.0743705556,4.177385
-74.52556,11.1946869,0.0221816972,8.354842
-63.4802666,4.644236,0.03129172,2.08870053
-62.1703529,3.61524963,0.0407049246,2.08866739
-64.70116,3.47725415,0.0445684567,2.08872676
-64.32387,4.59824133,0.04154417,2.08868814
-62.54765,2.49425769,0.0542953722,4.177457
-62.8305969,1.65350854,0.0542972647,2.08870578
-68.96103,5.583364,0.0111276619,2.08863783
-67.04333,3.89976,0.0457680151,1.04433715
-68.4475555,4.64850855,0.009369258,1.04432
-71.161705,6.426239,0.008623016,4.17736149
-65.7752762,5.2068634,0.0191928837,2.08870959
-66.152565,4.08587646,0.0405092463,2.088732
-67.17951,5.955602,0.01887621,4.17736435
-75.46876,8.392238,0.0134629412,1.044349
-76.87299,9.140981,0.01793182,1.0443511
-74.578,8.578354,0.0124963252,2.08867
-79.68148,10.6384687,0.07708137,2.08868074
-75.88792,9.607341,0.0275690965,1.04431677
-77.4808,9.795598,0.0479756966,1.04433286
-70.78444,7.547226,0.00279636448,8.354706
-88.09908,13.1888323,0.15243797,1.14927554
-88.2375259,11.937149,0.22694087,0.0179601032
-88.2026749,12.0792494,0.153213546,0.0179601032
-88.13816,11.8841906,0.2183025,0.0359168351
-88.48849,11.8299408,0.239363268,0.0359164737
-88.31945,12.0611725,0.192202717,0.0179584771
-88.3543,11.9190722,0.239304185,0.0179584771
-87.99265,12.2484694,0.07826781,0.143661827
-88.28364,11.5199327,0.239346251,0.2873242
-88.6584854,12.2820587,0.152453542,0.07182433
-88.72816,11.9978743,0.159698874,0.07183276
-88.85718,12.38797,0.152430549,0.143651932
-88.15653,12.49648,0.15245302,0.143662021
-88.4188,12.1141405,0.139252484,0.0359188877
-88.57041,11.9539595,0.281100035,0.0359184034
-88.42493,12.3182325,0.1524528,0.0718324259
-88.89392,13.6125383,0.140613765,2.2986505
-90.3442154,15.02831,0.142716616,1.14930153
-91.23324,15.9842024,0.142708376,0.2873284
-91.6777344,16.4621525,0.14272593,0.07183736
-91.9,16.7011356,0.142702982,0.0179595128
-92.03161,16.8516235,0.3524172,0.008980246
-91.93225,16.79867,0.142648324,0.008981658
-91.74225,16.657217,0.142705321,0.03592022
-91.36225,16.3743134,0.142717019,0.143663362
-90.60227,15.8085222,0.142710015,0.574673
-88.84875,14.7131147,0.103746757,0.287323534
-89.3751755,15.3150682,0.14272514,0.143669873
-88.96033,15.17426,0.104168408,0.03591632
-88.7616348,15.0683393,0.139369592,0.03591025
-89.09452,15.0851336,0.120900527,0.07183736
-88.21777,14.537425,0.152435437,0.574673
-89.71326,14.8526306,0.14271833,0.5746474
-89.38552,14.3565979,0.124555849,0.574654758
-85.34168,12.5222778,0.1524281,0.2873238
-85.44009,11.8919172,0.212613314,0.0359142162
-85.288475,12.0520887,0.06765795,0.0359146968
-85.43396,11.68782,0.2393507,0.07182534
-85.621376,12.0688934,0.182573333,0.0179565512
-85.65621,11.9267988,0.229571149,0.0179583021
-85.720726,12.1218462,0.142220736,0.03591484
-85.3704,12.1761017,0.152406022,0.03591653
-85.53943,11.9448853,0.2199993,0.0179607254
-85.5046,12.08698,0.152395,0.0179589745
-85.7391,12.7341309,0.152437046,0.5746619
-86.23069,13.4781752,0.15244022,1.14928269
-83.9629745,12.1890106,0.114262208,0.07183656
-84.03266,11.90482,0.080015935,0.07183698
-84.16169,12.2949324,0.129360482,0.143669456
-84.40748,12.6669569,0.129362509,0.287339747
-83.4487839,11.9952393,0.0333515555,0.5746599
-84.86234,12.1864319,0.1341626,0.143654048
-85.20042,11.7239943,0.2393275,0.071827
-85.13074,12.0081739,0.170738429,0.071827
-84.87459,12.594615,0.152445063,0.2873303
-84.49977,11.8324842,0.236335561,0.0718308538
-84.4300842,12.1166687,0.174041227,0.0718286
-84.30106,11.7265577,0.245780438,0.143669233
-85.00172,11.6180677,0.239324421,0.143671542
-84.6636353,12.08051,0.182081327,0.0718359
-84.73332,11.7963257,0.2393596,0.0718381554
-87.1404,12.5171356,0.145568743,0.57464993
-87.81655,11.59227,0.239345327,0.287320882
-87.6771851,12.1606245,0.175647914,0.287315547
-87.1648941,13.3335066,0.152440459,1.14930153
-86.4152451,11.80925,0.212929338,0.287320882
-86.27588,12.377614,0.152432412,0.287326247
-86.01782,11.5974016,0.207394809,0.57463485
-87.41913,11.3804169,0.239343345,0.5746564
-86.74298,12.3052874,0.171486214,0.28733924
-86.88235,11.7369232,0.2190444,0.2873339
-92.3386841,21.1869354,0.114761651,0.630923033
-91.73612,20.70048,0.0364958867,0.315475285
-92.22785,20.6320858,0.157399148,0.31548357
-93.1438,20.7898159,0.144887909,1.2618928
-91.3309555,22.4676113,0.04501564,0.315467328
-91.9794,22.2348576,0.06511075,0.157744765
-91.66599,22.5635777,0.0450133644,0.157748684
-90.9500351,23.09085,0.0450178422,0.630914569
-91.3552,21.3237247,0.038585715,0.6309622
-91.95776,21.8101749,0.09622315,0.3154703
-91.46603,21.87857,0.0450172462,0.3154553
-92.2304459,19.0635166,0.496938527,0.157735556
-91.92918,18.8202915,0.226212189,0.0788683146
-92.17504,18.7860966,0.5160199,0.07886572
-92.63302,18.864954,0.5181473,0.315462828
-91.7266,19.7038574,0.142700732,0.07886628
-91.98935,19.5960388,0.260323435,0.0197163913
-92.11228,19.5789337,0.518085063,0.0197193753
-91.89413,19.7518463,0.123670258,0.03943521
-91.50236,20.1627254,0.0379391424,0.07887307
-91.56989,19.8682041,0.1396252,0.07886424
-91.73871,19.1319122,0.142708167,0.157728642
-92.0177,19.3425961,0.445275962,0.009858
-91.9393539,19.42478,0.140214309,0.009857255
-92.01229,19.2364254,0.3207383,0.019714985
-92.1460342,19.4316654,0.5180987,0.01971918
-91.9839249,19.4898624,0.2018721,0.009858196
-92.06228,19.4076786,0.5183026,0.009858941
-91.79413,19.409338,0.142701611,0.07886987
-92.2547,17.9196262,0.4760549,0.157736972
-91.9244156,18.3219757,0.1454716,0.0197173338
-92.04734,18.3048763,0.5173251,0.0197131913
-91.8291855,18.4777832,0.142729372,0.03943922
-91.93046,18.036005,0.153454632,0.0394344367
-92.08111,18.1576176,0.5181761,0.0197158083
-91.95817,18.1747189,0.268243343,0.0197199527
-92.2330551,17.4949436,0.4566206,0.315487534
-92.768074,18.2759151,0.518146753,0.315470934
-92.24256,18.4915714,0.5181438,0.0788665041
-91.91836,18.6079464,0.101424217,0.03943537
-92.07505,18.4435825,0.392204851,0.03942988
-92.43304,18.1799526,0.518154562,0.1577479
-93.32473,19.4815731,0.516563952,0.157727078
-93.05593,19.8753662,0.463840038,0.03942949
-92.88235,20.1133575,0.144873366,0.0197164733
-92.9161148,19.966095,0.4005699,0.0197174884
-93.045105,19.6630249,0.5165364,0.07885656
-93.18015,19.0739841,0.5165592,0.07885877
-93.2031,18.7143764,0.5123284,0.0394349881
-93.29226,18.8445377,0.5165622,0.03943302
-93.39225,19.187048,0.5165616,0.157735825
-93.7935257,19.7727757,0.5165669,0.0394349881
-93.61996,20.0107574,0.210331053,0.0197186545
-93.65371,19.8635044,0.5165839,0.0197144337
-93.78271,19.5604343,0.516541958,0.07886717
-94.027916,19.9183712,0.5164877,0.009859685
-93.94114,20.0373745,0.194758326,0.004927709
-93.95801,19.96374,0.49276948,0.004928608
-94.0225143,19.8121948,0.516653,0.01971937
-94.15628,20.0074463,0.302356869,0.0197163913
-93.99416,20.0656376,0.1321234,0.009860077
-94.07251,19.9834538,0.4883114,0.009861566
-93.7260056,20.067297,0.192206815,0.0394319259
-93.8995743,19.8293,0.5166439,0.0197156128
-93.8965454,19.9723,0.495128661,0.0049301004
-93.87968,20.0459347,0.1448297,0.00492920075
-93.84353,19.9440365,0.434747428,0.009860112
-93.25115,20.0620728,0.221663579,0.019712517
-93.28491,19.91481,0.5164207,0.0197150968
-93.3572,20.118597,0.130581722,0.0394326448
-92.98838,20.1698914,0.1448863,0.03943286
-93.16198,19.9319057,0.5180696,0.0197222251
-93.12821,20.0791683,0.151112646,0.0197196435
-93.53683,19.59464,0.516543448,0.07887285
-93.5307846,19.8806057,0.5165762,0.0197128877
-93.49701,20.0278568,0.2103092,0.0197171085
-93.42472,19.8240814,0.5164446,0.0394366235
-92.2876,19.982233,0.4464417,0.004930433
-92.27071,20.0558681,0.144916892,0.00493084267
-92.23456,19.9539738,0.390855461,0.009858044
-92.41897,19.9283142,0.5075284,0.009857729
-92.33219,20.0473118,0.144943208,0.004929157
-92.34907,19.9736786,0.446441561,0.004928747
-92.16162,20.1423244,0.0708351657,0.039433416
-92.26292,19.70054,0.4835035,0.03943388
-92.35209,19.8307037,0.5164715,0.0394339673
-92.51354,20.1646481,0.144934237,0.0197195653
-92.51656,20.0216618,0.208222374,0.00492681237
-92.53345,19.9480343,0.5166018,0.004928219
-92.56959,20.049921,0.142511651,0.009860077
-92.61959,20.2211819,0.144883692,0.03943537
-92.25079,20.2724819,0.14490968,0.0394315347
-92.3852,20.0755768,0.144868851,0.009858314
-92.47199,19.956583,0.516211033,0.004928799
-92.45511,20.0302124,0.196190938,0.004927392
-92.3906,20.1817532,0.144896746,0.0197158083
-91.71447,20.2757931,0.03295254,0.157728031
-92.04475,19.8734589,0.269318,0.0197167471
-91.921814,19.8905544,0.186136678,0.01971299
-92.13999,19.7176456,0.465241671,0.0394331068
-92.0387,20.1594238,0.1703322,0.0394259021
-91.8880539,20.0378113,0.0271004718,0.0197165869
-92.01099,20.0207157,0.277092665,0.0197203439
-92.73301,19.2074642,0.496828824,0.03943013
-92.82218,19.3376255,0.516523361,0.039437566
-92.53174,19.3067417,0.477598846,0.07887346
-93.00181,18.81366,0.492120773,0.07887229
-92.97888,19.1732635,0.516556859,0.03943897
-92.8897,19.0431,0.496787578,0.0394315347
-92.7992554,19.69722,0.5165355,0.07886927
-92.79318,19.98319,0.4005682,0.01971619
-92.75941,20.1304531,0.144892365,0.019715175
-92.68713,19.9266567,0.3507908,0.0394344367
-92.50879,19.6663456,0.5165716,0.039433416
-92.41962,19.5361843,0.4835944,0.03943333
-92.71008,19.5670681,0.516562343,0.0788619146
-94.705574,22.2833614,0.144889444,5.047543
-92.6035843,23.1459961,0.14344205,1.26184916
-91.3067245,23.6115017,0.0450178459,0.6309371
-91.84434,22.823904,0.0904885,0.157733992
-92.1577454,22.4951839,0.110209711,0.157730073
-91.86599,23.2485867,0.0389148071,0.315481573
-93.3654251,21.8995113,0.1448893,2.52371025
-96.35391,25.4756165,0.08752631,1.26187444
-96.37815,24.3317356,0.08752377,0.315474063
-96.42405,23.6125431,0.09035148,0.157730952
-96.60238,23.8728638,0.08752431,0.157720536
-96.80237,24.5578556,0.0875247642,0.6309485
-97.20233,25.9278622,0.08752507,2.523776
-98.7641,27.4214268,0.08444784,1.26189268
-99.4774551,28.4627323,0.0150955971,1.26186049
-97.42395,27.0375576,0.0835441053,2.523773
-93.67361,24.7079315,0.144892827,1.26183128
-94.8111649,25.9753361,0.04813989,0.630910039
-93.96276,25.5230923,0.130385742,0.6309116
-92.26595,24.6185913,0.121803954,0.630910039
-91.41754,24.1663418,0.0450164154,0.6309235
-92.8252,24.255682,0.14260231,1.26182818
-95.57303,24.72886,0.033745043,0.3154659
-95.08129,24.7972622,0.07418374,0.315509439
-96.0214844,23.8110867,0.08204068,0.315469176
-95.88641,24.4001312,0.1023055,0.3154756
-95.37042,25.612421,0.08779924,1.26186407
-94.79214,23.9820957,0.144891009,2.52376676
-86.48633,19.71993,0.0945727155,0.6309212
-85.792,20.67188,0.0450180843,0.315475255
-85.80413,20.09993,0.02734701,0.07886213
-85.871666,19.8054142,0.14270483,0.0788625255
-86.01623,20.2129917,0.0550425872,0.157731622
-86.44305,18.8705654,0.140783742,1.26187921
-87.26721,20.4666748,0.04501606,0.315454185
-87.40226,19.8776455,0.122834809,0.31544292
-87.69143,20.6928,0.0450179726,0.6309449
-86.21622,20.8980045,0.0450155176,0.6309441
-86.91053,19.94605,0.122832432,0.3154647
-86.77548,20.53508,0.04501585,0.315475941
-88.58313,21.994421,0.04501553,1.26187837
-89.7207,23.26184,0.039596267,0.6309414
-88.8722839,22.8095913,0.05040534,0.6309512
-87.24297,21.6105747,0.04501668,2.5237236
-83.49263,19.28092,0.06313804,1.26190019
-84.6302,20.54835,0.0445303433,0.6309199
-83.78179,20.0960941,0.0303898118,0.63092196
-82.15249,18.8970642,0.0526452139,2.52376413
-85.45957,19.007349,0.1407881,1.26187611
-85.27863,20.3155918,0.04501308,0.157727093
-85.62579,19.8396149,0.147144765,0.07886589
-85.5582657,20.13413,0.03556787,0.0788655058
-85.30028,20.74028,0.0450137,0.31546545
-84.88819,19.9422,0.132059366,0.0788655058
-84.82066,20.2367249,0.04501988,0.07887191
-84.67609,19.8291416,0.104088157,0.157731012
-85.4137,19.726553,0.1360936,0.157731622
-85.0665359,20.20253,0.0450198762,0.07887269
-85.1340561,19.9080048,0.132056028,0.07886628
-84.29775,18.8838139,0.09906739,0.630945563
-83.69521,18.3973484,0.0516265631,0.3154831
-84.18694,18.3289642,0.17036134,0.315461338
-85.10289,18.4867,0.148731768,1.26189113
-90.21763,20.0563049,0.0409641564,0.315483123
-90.352684,19.46726,0.142712966,0.3154775
-90.64184,20.28243,0.0709719658,0.630929351
-89.166626,20.4876156,0.0499022529,0.6309493
-89.86094,19.53565,0.142714,0.31546402
-89.72589,20.1246948,0.0409652963,0.315469652
-91.047,18.5152988,0.1427171,0.630944
-91.58462,17.7277012,0.142700076,0.157731622
-91.85342,17.3339024,0.101848595,0.0394360647
-91.98783,17.1370087,0.208877265,0.009858665
-92.066185,17.05483,0.51808393,0.00985945
-91.99323,17.24318,0.2649798,0.0197187364
-91.8642349,17.54625,0.155681878,0.0788633
-91.60626,18.1523838,0.142719209,0.31546402
-91.33616,19.33047,0.142723441,0.31546247
-91.3240356,19.9024,0.144098446,0.07885855
-91.2565,20.19692,0.0450160652,0.0788673759
-91.11194,19.7893467,0.11645741,0.157728031
-90.91195,19.1043453,0.142711058,0.6309472
-90.4150162,22.3098755,0.0421049334,2.523741
-89.70165,21.2685852,0.0450153649,2.523741
-88.40998,18.59698,0.142715886,1.26188433
-88.38574,19.7408543,0.153846517,0.3154881
-88.2506943,20.32989,0.045015417,0.315480143
-87.961525,19.5147343,0.126445353,0.630895555
-87.56156,18.1447239,0.141129673,2.523783
-90.02024,17.8027248,0.142716527,1.26188338
-91.07125,17.3714085,0.142718256,0.315463245
-91.59674,17.155756,0.1427266,0.07886534
-91.8594742,17.0479279,0.142734468,0.019715257
-92.0216,16.9897461,0.443684757,0.00985945
-91.94324,17.0719242,0.129857808,0.009858665
-91.76425,17.2037354,0.142739266,0.0394305959
-91.40628,17.4673767,0.142718256,0.157731622
-90.6903152,17.99465,0.142719552,0.6309365
-89.43673,19.3095341,0.142716259,0.6309065
-88.74243,20.2614956,0.026150601,0.315445453
-88.87748,19.67246,0.1426501,0.3154534
-89.3934555,18.4601746,0.1427162,1.26186776
-74.15405,-251.195435,0.0283388514,26.3112125
-92.62122,-236.816574,0.0164596587,24.35157
-88.5787048,-234.542236,0.0171259064,24.35132
-78.97646,-43.790638,0.112618051,26.72239
-84.80426,-49.2469025,0.119556762,13.3611927
-82.2676239,-44.83405,0.112357415,13.36116
-274.59433,49.54176,0.197624654,3.33669567
-275.542084,48.3963432,0.2112452,0.83424443
-276.155731,47.89921,0.188907966,0.10427954
-275.8762,47.74806,0.181609839,0.104272723
-276.317322,47.6550179,0.188909248,0.208537534
-276.251862,48.61433,0.185900837,0.208568841
-275.85434,48.06783,0.189743042,0.104279123
-276.1339,48.2189827,0.194589421,0.104285941
-276.013824,49.97771,0.174580991,0.8342347
-275.4984,49.03589,0.160130471,0.8342209
-275.41983,52.3091621,0.0761689842,0.104279965
-275.441681,51.98938,0.20108296,0.104309022
-275.6885,52.62019,0.09897483,0.20856905
-274.849884,52.166748,0.121947974,0.20855543
-275.16214,51.8382263,0.175953329,0.104281239
-275.1403,52.15801,0.0425599255,0.104252189
-275.904663,51.57655,0.167327642,0.4171037
-275.861,52.216095,0.0775137246,0.4171037
-275.751862,53.81496,0.07971174,0.8341916
-274.9569,52.7219849,0.108424254,0.4170645
-275.515961,53.0242729,0.07462119,0.4171104
-274.507,50.8208427,0.172959074,3.336798
-272.445282,47.0534668,0.189495534,3.336794
-271.113037,45.33839,0.182796761,0.834179759
-270.4469,44.480854,0.182800114,0.2085483
-270.113861,44.0520935,0.11718411,0.0521129258
-269.985016,43.81663,0.08660869,0.0521191247
-270.328949,44.08552,0.158853635,0.104276083
-270.877136,44.5477,0.182798713,0.417082965
-271.9735,45.4720764,0.1827999,1.66838479
-274.209839,46.6812859,0.196492627,1.66846359
-275.349854,46.966095,0.19164817,0.4170899
-276.0596,47.1841,0.134239718,0.208540574
-275.75827,47.35271,0.188644215,0.208545446
-275.026642,47.4545,0.191646636,0.834215164
-273.563446,47.65808,0.186661139,3.336794
-296.896576,61.6674,0.0385089032,4.14788151
-296.798218,59.3073921,0.0979364,4.1478734
-298.515533,63.0278435,0.03848458,8.29593
-293.806061,62.4865227,0.0386800729,8.295769
-295.2284,59.1269722,0.09793592,4.147981
-295.326752,61.48698,0.03850815,4.14798975
-325.046265,71.57816,0.0359479375,75.54132
-304.454681,79.0449753,0.0413220376,37.77085
-317.3821,72.72683,0.0364326723,37.7707748
-100.200867,18.3015747,0.669346035,0.172472879
-99.70789,17.9962711,0.5165775,0.08622694
-99.9978256,17.9620457,0.5120478,0.0215579
-100.148071,17.97734,0.7481651,0.0215611085
-99.9438248,18.0840855,0.614651263,0.0431151949
-100.63047,18.21778,0.7481721,0.344935834
-99.8345947,18.77447,0.487059146,0.08624346
-100.135094,18.805069,0.7497194,0.08624153
-99.7265854,19.0185757,0.5279694,0.172463983
-99.59989,18.240366,0.516500235,0.172477409
-100.092857,18.5456638,0.7731908,0.08623086
-99.792366,18.5150661,0.51647985,0.0862328
-99.5812,17.2180786,0.5165761,0.08624546
-99.87113,17.1838169,0.5165896,0.0215613935
-100.021385,17.1991177,0.70477587,0.02155694
-99.8171158,17.3058777,0.5165581,0.04312173
-99.47318,17.4621735,0.516549468,0.172464669
-99.3465,16.6839752,0.51648885,0.1724887
-99.7537842,16.9167728,0.516479254,0.0431147069
-100.000267,17.0694218,0.7048012,0.0215546954
-99.85001,17.0541229,0.5165431,0.0215591472
-99.53898,16.95867,0.5164515,0.0862392858
-100.546013,17.6989746,0.748199,0.344942
-99.88047,17.6949863,0.543872237,0.0431200825
-100.126953,17.8476315,0.748150945,0.021564899
-99.97671,17.8323364,0.512083352,0.0215616878
-99.66566,17.7368832,0.5165432,0.08623382
-100.063606,17.45852,0.7999201,0.0215545129
-99.91337,17.4432278,0.5166064,0.02156266
-100.117607,17.3364716,0.696129858,0.0431192853
-100.180962,17.7255764,0.7481313,0.0431169756
-99.93449,17.5729275,0.449641645,0.02156336
-100.084724,17.58822,0.748142064,0.0215552151
-101.658653,19.0877628,0.756752,0.3449427
-101.402809,18.423975,0.738811255,0.172462314
-101.745537,18.7139683,0.7566927,0.172453463
-102.301849,19.4083652,0.7567583,0.689895868
-100.628044,19.1103821,0.7384414,0.172461
-100.970764,19.4003811,0.756762564,0.172465563
-100.219543,19.3238773,0.742549241,0.0862419
-99.9190445,19.2932739,0.492330939,0.08622955
-100.327553,19.0797787,0.7482065,0.172473848
-100.973206,18.5077724,0.748493,0.3449404
-101.229027,19.1715755,0.756725967,0.172490612
-100.8863,18.8815765,0.7384031,0.172486052
-98.2688,18.23237,0.516539633,5.51910257
-101.452354,16.005579,0.748197258,1.37979221
-100.292625,16.1425781,0.786592364,0.3449427
-99.69165,16.08138,0.50508523,0.3449605
-100.508644,15.6543779,0.7111036,0.6898764
-101.8844,15.02918,0.7481898,2.75955772
-102.177589,17.73758,0.7395704,0.172471836
-102.5203,18.0275784,0.7567031,0.172474459
-101.747963,17.82138,0.749108553,0.344959557
-102.522743,17.1349735,0.750051,0.34493652
-102.778564,17.7987728,0.7567233,0.172470525
-102.435844,17.5087738,0.7395878,0.172467917
-102.818359,18.9507656,0.7566911,0.6898935
-102.003784,18.485178,0.75668925,0.172471255
-101.661072,18.1951847,0.7388058,0.172480121
-102.433411,18.4013729,0.756678462,0.344929665
-100.762024,17.2107754,0.7481401,0.689881563
-99.92637,16.6154785,0.4963989,0.0862265751
-100.05426,16.9473782,0.6005968,0.04311467
-99.88291,16.8023777,0.665617764,0.04311501
-99.60476,16.45518,0.5423375,0.172468185
-100.377083,16.661377,0.7481399,0.344929636
-101.621269,17.0431767,0.7481852,1.37979078
-85.9925,15.6556807,0.152440324,4.72885
-84.33556,13.61557,0.152424559,0.147767574
-83.93815,13.4037275,0.0438636057,0.147768617
-84.62858,13.4412537,0.152437642,0.295552045
-84.34562,14.2820024,0.141313612,0.295555264
-83.84383,13.6839857,0.04593738,0.147791967
-84.24124,13.8958282,0.151045382,0.147790924
-83.28479,12.5596724,0.06432418,0.5910757
-84.32548,12.9491682,0.138100684,0.29554
-83.83375,13.0175676,0.08307208,0.295535684
-85.57495,14.1109972,0.152440354,2.36439943
-89.05737,16.2978916,0.142714053,1.182212
-88.05377,15.1018524,0.159137964,0.5911187
-88.9715347,15.5084581,0.142709851,0.07388593
-88.72064,15.2094469,0.1898815,0.03693794
-88.9193344,15.3153687,0.142728359,0.03694437
-89.2931747,15.5972853,0.142704979,0.1477697
-88.55557,15.6998749,0.0774588659,0.147781268
-88.57413,15.2966108,0.0535519458,0.07388368
-88.72567,15.5426531,0.177878842,0.07389048
-90.43827,16.37295,0.142715082,0.5910934
-91.28025,16.65653,0.142725766,0.147765711
-91.70124,16.7983189,0.142710984,0.0369438529
-91.91174,16.8692265,0.142738864,0.009235296
-92.0111,16.92218,0.334116,0.009233685
-91.83848,16.912796,0.1427172,0.0184700526
-91.5547256,16.8854733,0.14271827,0.07388446
-90.987236,16.8308468,0.142721787,0.29553923
-89.85221,16.7215881,0.142714992,1.1822077
-87.6394,17.0293884,0.142718613,0.2955464
-87.1375961,16.4313564,0.157986984,0.14777939
-87.535,16.6432133,0.04468485,0.147777274
-88.28268,17.207037,0.142708421,0.591088533
-86.93042,17.3951168,0.142716974,0.0738877
-86.6795044,17.0961,0.15588595,0.0369421
-86.87821,17.2020321,0.03813393,0.0369410366
-87.25205,17.4839535,0.142724574,0.14777
-86.57593,17.5779877,0.142738312,0.0184679069
-86.50015,17.4549656,0.143158466,0.0184670873
-86.73673,17.6224,0.142720535,0.0369454361
-86.36793,17.6737,0.0173866078,0.0369454361
-86.37722,17.4720669,0.15064621,0.0184755344
-86.45298,17.5950871,0.2485717,0.018476354
-86.533,17.1832638,0.14064604,0.07388551
-86.7839,17.48227,0.14271234,0.0369501337
-86.58518,17.3763485,0.140162036,0.0369447842
-86.84457,16.6056767,0.135657,0.295555323
-87.3463745,17.20371,0.142722979,0.147776678
-86.92538,17.0619144,0.03886753,0.03694437
-86.72666,16.9559841,0.152419746,0.0369454361
-87.07188,16.9747562,0.128735662,0.07389156
-87.46771,15.4504852,0.133152187,1.18218637
-88.47131,16.64654,0.14271526,0.5911164
-87.553566,16.2399349,0.09709348,0.073883675
-87.7051,16.4859867,0.20721148,0.0738896951
-87.23193,16.1511078,0.152444929,0.147774845
-87.9459457,16.11857,0.08235315,0.03694799
-87.74723,16.01265,0.1524405,0.0369453244
-88.0924454,16.0314083,0.115142867,0.0738823339
-87.9509659,16.4517879,0.142734289,0.07389251
-87.70007,16.1527767,0.184031859,0.0369395651
-87.89877,16.2586975,0.104435168,0.0369422324
-82.85345,16.6265411,0.0526458062,2.36435866
-84.934845,17.4055538,0.146088332,1.18222165
-83.90423,17.68247,0.05677689,0.147768915
-84.3016357,17.8943176,0.152447477,0.14777
-83.6112,17.856781,0.05326118,0.295547783
-83.89415,17.016058,0.09376737,0.295556873
-84.39595,17.61408,0.152446553,0.147767872
-83.99854,17.4022312,0.05677665,0.1477668
-81.68135,17.3238316,0.0526455,4.72872257
-82.7188644,14.24115,0.04997356,0.591112137
-83.56086,14.524724,0.0526450127,0.147758469
-83.95827,14.7365723,0.114695549,0.147761658
-83.26784,14.6990461,0.05264547,0.295564622
-82.13281,14.5897932,0.04104082,1.18220353
-82.69874,12.90831,0.0219260585,1.18222165
-83.55079,13.8583117,0.05264577,0.295546234
-84.0525742,14.4563341,0.11469797,0.1477759
-83.65517,14.2444868,0.052643396,0.147772714
-82.90751,13.6806536,0.0499728434,0.5910988
-84.82039,16.3529663,0.142504066,2.36439729
-82.739,15.5739746,0.0526470244,1.18215692
-83.57093,15.1911364,0.0741082,0.295556635
-84.06266,15.1227312,0.0806239247,0.295530647
-83.62815,15.7174225,0.0448927879,0.5910945
-71.82122,-254.876022,0.0282050632,50.5376053
-86.0979,-235.8238,0.0199357849,26.7549686
-74.76583,-32.9599762,0.09418333,9.390211
-78.45292,-37.02966,0.108457714,4.695112
-76.669136,-33.9288673,0.0943985358,4.695089
-72.2097,-26.17689,0.0730415955,9.390096
-72.98206,-29.8591824,0.08765922,9.390218
-77.32197,-39.74307,0.107471325,18.7806835
-74.1406,-35.38263,0.08979533,9.390394
-74.91295,-39.06493,0.101344831,9.39034748
-266.124756,42.9702,0.157811582,1.53308
-266.302826,44.72588,0.150581479,0.7664854
-265.820923,43.80116,0.161281511,0.766502261
-265.129578,41.7673836,0.157678008,3.06626034
-267.9528,43.2967834,0.132400364,0.383260816
-268.041779,44.17461,0.132041156,0.1916447
-267.800873,43.7122536,0.1240462,0.191616461
-267.455231,42.6953773,0.13637659,0.7665385
-268.995117,43.5295563,0.10222283,0.76651305
-268.434662,44.2214966,0.1659665,0.3832421
-268.4661,43.5748329,0.06560807,0.383259743
-267.2325,44.5658073,0.1490318,0.0958019942
-267.277069,45.00475,0.16370289,0.04791667
-267.1566,44.77356,0.118154936,0.0479218
-266.9837,44.2651253,0.160422534,0.191606
-267.617523,44.7743835,0.137005031,0.383274257
-266.868469,45.2812,0.170603544,0.047909338
-266.748,45.0500069,0.150976211,0.0479020029
-267.0649,45.3046455,0.163711742,0.0958331153
-266.656342,45.5810966,0.139713168,0.09582621
-266.611816,45.1421623,0.159801275,0.04791005
-266.7323,45.3733521,0.177541584,0.04791739
-266.711334,44.44942,0.160399824,0.191632673
-267.020355,44.8657227,0.118065268,0.0479160622
-267.140839,45.0969124,0.16369006,0.04791093
-266.823944,44.8422661,0.157801211,0.09581625
-266.910431,43.0639763,0.157814652,0.766585469
-267.528473,43.89654,0.16351676,0.191627488
-267.769379,44.3589,0.165595144,0.191655725
-267.135651,43.8496666,0.155961618,0.383256048
-264.396149,46.01596,0.1465014,6.13218
-264.04007,42.50458,0.158572018,3.06618667
-265.276184,44.16975,0.162428886,0.7665658
-265.758057,45.09447,0.151780039,0.7665489
-264.490479,44.07599,0.15602003,1.53304136
-290.769165,61.5109253,0.0500636362,6.551211
-293.954437,58.771698,0.09898304,3.27584076
-292.482941,60.9512444,0.04771613,3.27576327
-305.291229,81.23324,0.0409954973,39.89654
-319.419067,76.9255,0.0376298353,39.89667
-298.6999,85.7532043,0.04424714,79.79366
-98.42863,15.5839491,0.5165441,1.53354871
-96.949585,15.574707,0.516531765,0.3834027
-96.05747,15.5403395,0.52647835,0.1916867
-96.6854858,15.3138428,0.477276385,0.0239632856
-96.5329,15.2840881,0.5181606,0.0239577126
-96.89092,15.21432,0.452427447,0.04792243
-96.52408,15.4568377,0.468942583,0.0119779212
-96.43606,15.3698883,0.5181186,0.0119806249
-96.63265,15.4431152,0.441865176,0.0239632856
-96.4389648,15.61472,0.435506672,0.0239608642
-96.37149,15.4270935,0.518177152,0.0119826021
-96.45951,15.5140429,0.469106138,0.0119798994
-97.7713,15.1766157,0.5165341,0.766796649
-100.353783,14.703125,0.7479978,0.09585563
-100.0603,14.7156935,0.800281346,0.0239616372
-99.9077148,14.6859283,0.5166385,0.0239616372
-100.113136,14.5864153,0.685252249,0.04792728
-100.459435,14.4445753,0.748247564,0.191679224
-99.4381943,14.5245867,0.5165911,0.1916855
-100.0662,14.2981062,0.631683,0.0239654724
-99.84318,14.2895155,0.5166618,0.0119817182
-99.98405,14.2471924,0.6465954,0.011980202
-100.271637,14.1985884,0.7482474,0.0479199737
-99.86077,14.3976288,0.5164546,0.0239579
-100.013367,14.4273834,0.694860637,0.0239633862
-99.8079453,14.5268965,0.5166273,0.0479217954
-101.152016,14.1608839,0.7481899,0.7667717
-99.508606,14.9570465,0.5165105,0.383382231
-100.183563,15.0188751,0.7484333,0.0479172766
-99.93119,14.8300781,0.4534968,0.0239592083
-100.083778,14.8598433,0.748525441,0.0239592083
-100.400719,14.9914351,0.748202264,0.0958466
-100.00161,15.2625475,0.5123894,0.02396227
-100.1542,15.2923021,0.748029053,0.0239650328
-99.94877,15.3918257,0.6237553,0.0479184948
-99.8783646,14.9593554,0.5440328,0.047928445
-100.130737,15.1481428,0.7479072,0.0239636265
-99.97814,15.1183882,0.5122623,0.0239608642
-99.29728,15.4741621,0.516555846,0.7667963
-97.13734,16.7279415,0.5165259,0.766754448
-96.3039551,16.1467037,0.5164987,0.191683248
-95.79923,15.76913,0.5557057,0.09584486
-96.0926743,15.756566,0.6261062,0.0239579957
-96.24526,15.7863264,0.4331654,0.0239615645
-96.039856,15.8858385,0.451313555,0.0479199737
-96.73827,16.0918179,0.5165158,0.383387357
-98.00598,16.6181641,0.5165283,1.53353751
-96.45644,17.9909515,0.5165539,1.53352928
-95.9635,16.7782135,0.51652,0.383385926
-95.69357,16.027689,0.473243266,0.1916937
-96.04569,16.3755035,0.5166014,0.191699266
-96.62082,17.1855373,0.51654166,0.766778469
-67.32375,-254.606583,0.033663366,30.76209
-79.03283,-239.840164,0.0184052959,49.3856354
-66.87118,-21.5038757,0.06518453,12.2712345
-64.69629,-18.6762943,0.0514670275,6.135637
-64.74987,-21.25361,0.06766961,6.135577
-342.293365,-2.581599,0.0271129683,8.23909
-339.799438,-2.58128858,0.04079904,8.23901
-342.4318,-5.51819849,0.03131572,16.4785614
-345.757568,3.291092,0.0248310938,16.4781151
-341.8087,1.089152,0.0239555538,4.11954975
-340.007355,-0.3788961,0.033748094,4.119548
-343.401947,0.354807526,0.02602273,8.239061
-262.156464,43.47388,0.140090808,15.2440062
-258.454376,38.8094635,0.0497482978,7.621974
-261.006256,40.19464,0.140391976,7.622032
-288.6483,85.38906,0.0469871238,5.18636131
-100.712944,8.488185,0.4151959,0.8556881
-99.83994,8.91492748,0.5741365,0.1069559
-100.0911,9.064427,0.5129867,0.1069576
-99.5661,9.130483,0.6047131,0.2139192
-100.036644,8.369533,0.409423769,0.0534788147
-99.83692,8.439937,0.604760647,0.0534762964
-100.08506,8.114446,0.490109652,0.10695304
-100.239372,8.774129,0.4152196,0.106962182
-99.88837,8.659831,0.61337316,0.05347939
-100.088074,8.589427,0.4237685,0.0534819029
-100.906593,7.46778345,0.41520226,1.71135807
-101.421013,9.666733,0.415194631,0.8556656
-101.877937,10.6958055,0.5794128,0.427825928
-101.275757,10.4320269,0.415157527,0.05347939
-101.389992,10.6892958,0.6321906,0.0267434251
-101.264412,10.6145525,0.3996346,0.0267392918
-101.050331,10.3924818,0.415157,0.1069621
-101.649467,10.18127,0.367414147,0.1069621
-101.526924,10.5815172,0.446180224,0.05348123
-101.475471,10.3616228,0.49714002,0.0534819029
-100.37101,9.798863,0.424049556,0.427810133
-99.669,9.570277,0.6047112,0.213925377
-100.06842,9.429474,0.4479502,0.213916808
-100.9187,9.367757,0.415192634,0.8556854
-98.00773,8.013637,0.6101081,3.42269731
-99.50254,7.010615,0.6103683,0.8557275
-100.375526,6.583847,0.415201,0.1069566
-100.024513,6.469538,0.5506609,0.053485252
-100.22422,6.399134,0.4152071,0.0534916259
-100.649376,6.36829138,0.41520232,0.213932157
-100.204567,7.239212,0.419989467,0.213927582
-99.97611,6.72465,0.471610457,0.106973864
-100.227272,6.87415552,0.440125078,0.106960572
-99.30889,8.031016,0.5839201,1.71139967
-103.599648,6.04230738,0.415196657,6.84538651
-102.716118,8.73412,0.415195584,0.21390751
-102.94458,9.248652,0.617348254,0.106955364
-102.69342,9.099167,0.3831055,0.106955364
-102.265259,8.655034,0.415192,0.427841753
-103.36367,8.267792,0.415207684,0.0534784421
-103.465027,8.470093,0.4415918,0.0133721409
-103.490753,8.580043,0.4368138,0.01337288
-103.352318,8.450313,0.415239036,0.0267418437
-103.138222,8.228251,0.41521284,0.106946774
-103.737358,8.017039,0.401447266,0.10695824
-103.651878,8.344716,0.363998741,0.0267392918
-103.590614,8.544841,0.558912158,0.0133688115
-103.564888,8.434891,0.554854,0.013368072
-103.563377,8.197398,0.4350048,0.0534771
-103.218422,9.033096,0.466523468,0.213924661
-102.989952,8.51855,0.41520077,0.106961146
-103.278175,8.595459,0.356531978,0.0267386958
-103.403748,8.670217,0.5356188,0.02674032
-103.141258,8.703237,0.429257423,0.05348478
-102.425629,10.264699,0.5237398,0.8556945
-101.968712,9.235631,0.415184677,0.4278405
-102.570885,9.49941,0.4033728,0.05347549
-102.519447,9.279521,0.4655511,0.0534771
-102.7963,9.538951,0.5588331,0.106957629
-102.234253,9.677582,0.306667656,0.0267406926
-102.359825,9.752324,0.547205865,0.0267399158
-102.097313,9.785365,0.4484756,0.0534821339
-102.319733,9.349925,0.415182561,0.05347962
-102.43396,9.607178,0.619260132,0.0267356038
-102.308388,9.532435,0.415207773,0.02673638
-102.207741,7.48513269,0.415202171,3.42268658
-74.14212,-243.5462,0.0264031943,59.853756
-91.35421,-6.589269,0.321695149,2.18329167
-92.58253,-5.65420532,0.421848267,2.18329787
-89.59241,-9.905416,0.323172331,2.18332386
-91.65635,-7.74173975,0.372323751,0.545816064
-92.62286,-6.610977,0.400382757,0.5458138
-90.91129,-8.11143,0.326456517,1.09167767
-95.74387,-2.45763659,0.5573935,1.091655
-94.65531,-4.076284,0.499992967,0.034115877
-94.6779556,-3.861557,0.6478768,0.0341119431
-94.4904556,-4.300537,0.5496257,0.06822352
-94.89694,-3.79359436,0.557387054,0.06822079
-94.8743057,-4.00832129,0.531760931,0.06823033
-94.37973,-4.681076,0.5074807,0.272906721
-95.52242,-3.21870923,0.5574015,0.545813441
-97.63165,-0.625574768,0.6463435,0.2729125
-97.03766,-1.57149756,0.5603199,0.136459872
-97.52091,-1.00611365,0.6341677,0.13645725
-98.422,0.1735738,0.6486376,0.545819044
-96.84131,-1.42472327,0.55740726,0.272909075
-97.1936646,-0.761489868,0.6267628,0.272916526
-96.40332,-1.56063843,0.557381332,0.545835733
-94.23113,-3.411723,0.5573781,0.2729017
-94.04362,-3.85069275,0.5573881,0.06821693
-94.02097,-4.06542969,0.5329841,0.0682262555
-94.33938,-3.7243042,0.557359338,0.136456281
-93.94175,-4.816996,0.549515,0.2729214
-94.35955,-4.20269251,0.5949925,0.0682331249
-94.53573,-3.8710835,0.496849239,0.06823575
-94.140564,-4.27065039,0.532025933,0.136450991
-94.86792,-2.72946668,0.55740273,1.09163976
-93.24197,-4.75721741,0.530662239,1.09165049
-93.48606,-3.78140259,0.5573968,0.136461541
-93.73655,-4.08446264,0.532883346,0.0682375059
-93.75919,-3.86972547,0.557311952,0.06822818
-93.6622543,-3.44978833,0.5574105,0.2729105
-92.88323,-4.141566,0.549492061,0.06822602
-92.90586,-3.926839,0.5674676,0.0682295
-92.58746,-4.267965,0.508100569,0.1364528
-93.44079,-4.21086645,0.5492771,0.136453316
-93.19031,-3.9078064,0.565523565,0.06822704
-93.16766,-4.12253332,0.54761076,0.0682235658
-89.51174,-7.991852,0.335825115,8.733111
-87.05509,-9.861969,0.3106316,8.733269
-81.00405,-13.6783295,0.06878649,1.09161019
-79.81608,-15.5701647,0.07083576,0.5458755
-80.78259,-14.4394026,0.06878631,0.545874
-82.71563,-12.1779022,0.07664827,0.545813441
-83.7476044,-11.0960741,0.132985368,0.136437833
-84.23086,-10.5306959,0.203660414,0.136437833
-83.37508,-11.2809191,0.07689712,0.272910058
-81.97057,-12.5475874,0.0686170459,1.09161162
-79.42338,-15.2766161,0.07084015,1.09162664
-80.12809,-13.9501648,0.06879041,1.09161019
-78.54742,-15.5484571,0.0663827062,2.18332052
-73.9865,-18.6254673,0.046602156,4.36663151
-76.96674,-17.1467438,0.077436395,4.36662769
-83.148674,-13.4282227,0.0700998157,2.18333244
-84.1504,-11.6288147,0.245940939,0.272926658
-83.7778549,-11.8136549,0.09498172,0.272911727
-84.42721,-10.6774645,0.314757168,0.272925556
-83.75768,-11.3352661,0.0495070927,0.136459082
-84.13022,-11.1504259,0.2948926,0.136466518
-83.10833,-12.471446,0.09376715,1.09166193
-81.17529,-14.7329607,0.06878817,1.09162617
-80.20878,-15.8637238,0.07083748,1.091629
-82.18215,-14.55898,0.06878856,2.18334436
-85.01133,-12.5040236,0.288611919,1.09163773
-84.70918,-11.351552,0.324225157,1.09165478
-84.15554,-13.2542572,0.184282556,0.545835733
-83.74782,-14.1077423,0.07244103,0.272913277
-84.1203461,-13.9229078,0.218542561,0.272893161
-84.78986,-13.2651062,0.252934366,1.09166169
-86.46625,-12.4333143,0.312514,0.272903025
-86.31516,-11.8570757,0.3481937,0.2729073
-86.16925,-12.90627,0.3125219,0.545821
-87.28684,-12.3517456,0.320763558,0.545838237
-86.687706,-11.6722307,0.318623245,0.272923946
-86.83877,-12.2484694,0.281039268,0.272919685
-85.45423,-10.9818678,0.3147764,1.091645
-85.64565,-12.5148773,0.335020155,0.5458272
-85.8671,-11.7537994,0.296851724,0.5458182
-96.78119,-6.01288366,0.5495418,2.18327427
-97.48592,-4.686447,0.56834954,0.5458048
-97.8005142,-3.87914538,0.5816368,0.06822523
-97.87604,-4.167272,0.499172062,0.06822949
-97.9490051,-3.64266467,0.5574365,0.13645345
-97.39023,-3.91994214,0.49578315,0.136456445
-97.68978,-4.25969934,0.5494824,0.06823122
-97.61426,-3.97157288,0.628390849,0.0682269558
-96.8515854,-4.675573,0.5372198,1.09163249
-95.51254,-5.991175,0.5495311,4.366648
-98.15031,-2.40320325,0.5923503,0.5458291
-98.3717651,-1.64213049,0.648640931,0.545814157
-97.51597,-2.39235425,0.5614547,1.09163821
-98.8147,-0.11997477,0.648624837,1.091664
-97.71726,-1.152888,0.648643255,0.272918165
-97.23401,-1.71827185,0.5769527,0.27292338
-98.2207,-1.06589758,0.648642,0.545831263
-95.8975143,-3.84658313,0.569621861,0.06822909
-95.9730453,-4.13468933,0.4752855,0.06822162
-96.04601,-3.61009717,0.557344437,0.136451423
-95.48722,-3.88736463,0.5044662,0.136456966
-95.78678,-4.227117,0.549542665,0.0682231858
-95.71124,-3.93901062,0.6376981,0.06823066
-96.02585,-3.13171387,0.557395935,0.5458125
-94.94861,-4.643,0.5589549,1.09163439
-96.66019,-3.14257813,0.557371855,0.545843661
-96.30782,-3.80579638,0.464177251,0.136467025
-96.19708,-4.186325,0.5667164,0.136459559
-96.625,-3.81123352,0.5919028,0.2729226
-97.29452,-3.15343213,0.557408154,1.09163523
-92.4619141,-8.807216,0.407600552,1.0916611
-91.71686,-9.1769,0.337508678,1.09165192
-93.015564,-6.904531,0.417759717,1.09167743
-91.67651,-8.220123,0.3125505,0.5458004
-92.42157,-7.85043859,0.410848379,0.5458305
-90.37781,-10.4925032,0.337986022,4.3665
-93.5795059,-8.252696,0.41061762,4.366619
-95.40696,-7.99713135,0.413384527,0.2729174
-95.31126,-7.2306366,0.49106738,0.136458367
-95.20053,-7.61117029,0.413372159,0.136450127
-95.10996,-8.470098,0.4133643,0.5458123
-96.09664,-7.817734,0.5494873,0.136444375
-95.9859,-8.198268,0.440966576,0.1364526
-96.4137955,-7.823171,0.549545348,0.272918582
-95.62842,-7.23606348,0.533016562,0.272893161
-95.72412,-8.002559,0.413481116,0.136456966
-95.83486,-7.62202454,0.5244686,0.136448726
-94.47048,-6.83380651,0.389235467,0.272916019
-94.84301,-6.64897156,0.5014632,0.272916019
-94.13315,-6.349996,0.462661862,0.5457983
-94.5863647,-8.0787,0.4133462,0.5458384
-94.93872,-7.41548157,0.413378626,0.136450842
-95.0494461,-7.034948,0.491087973,0.136459082
-94.62156,-7.410044,0.4133751,0.272911727
-99.64556,-3.28928638,0.5716992,0.272898942
-99.7035141,-3.911728,0.594495356,0.06821883
-99.7790451,-4.199839,0.5229586,0.06821458
-99.85199,-3.67525744,0.584100544,0.13644737
-100.101135,-2.81903577,0.232007429,0.0341097
-99.97024,-2.72119141,0.478958815,0.0341137759
-100.111214,-3.05823255,0.251826346,0.0682247356
-100.277313,-2.48741651,0.215051517,0.06822204
-100.072166,-2.50781751,0.215073839,0.0170589685
-99.9790344,-2.55402637,0.5840678,0.017056888
-100.156494,-2.628764,0.215092823,0.0341123156
-99.75629,-2.90874743,0.6276975,0.272924364
-98.95587,-3.468684,0.557342649,0.136454448
-99.06659,-3.088155,0.6017452,0.1364612
-98.6386948,-3.46324658,0.557352364,0.272907466
-99.3586655,-4.001429,0.6578746,0.0341079235
-99.41403,-3.81116223,0.55742687,0.03411316
-99.20008,-3.998703,0.487467259,0.0682299
-99.59278,-4.29225159,0.5494396,0.06822863
-99.54493,-3.90901184,0.458148748,0.0341206
-99.48956,-4.099279,0.5642929,0.0341153666
-99.3284,-3.28385425,0.601803839,0.13645865
-99.2176743,-3.664383,0.557407439,0.136451915
-100.582031,-4.452616,0.196093068,0.272918373
-100.17173,-4.493383,0.29532057,0.068227455
-99.98547,-4.585795,0.50239265,0.06822329
-100.3404,-4.735296,0.305178285,0.13645
-100.994896,-5.224543,0.281551033,0.272932082
-100.843834,-4.64830542,0.292919427,0.272910774
-100.466156,-3.20772815,0.2150601,0.5458506
-100.113792,-3.87095642,0.2842497,0.1364579
-99.909935,-4.297689,0.5160411,0.06822329
-100.096191,-4.20527649,0.3101145,0.068227455
-100.430969,-3.87638354,0.2227612,0.272914082
-99.48936,-1.08762109,0.6486179,0.5458278
-100.05072,-1.62306726,0.3656739,0.06822503
-99.86446,-1.71549475,0.633480668,0.0682283342
-100.219383,-1.864975,0.215078428,0.136460051
-99.96509,-1.095759,0.57945323,0.03411266
-100.095985,-1.19360864,0.215086535,0.03411139
-99.95501,-0.8565674,0.4925063,0.06822001
-99.78892,-1.42737329,0.648520947,0.06823258
-100.040642,-1.38387549,0.298330873,0.03411251
-99.90974,-1.286026,0.6408684,0.0341137759
-99.44903,-0.130839035,0.6486164,1.09164286
-98.89536,-2.03352356,0.6486606,0.5458044
-98.48763,-2.88701367,0.5342575,0.272909671
-98.86016,-2.702179,0.6147305,0.272909671
-99.6052246,-2.33250928,0.6485926,0.272911578
-100.04319,-2.19658923,0.3511893,0.03411644
-99.94126,-2.409963,0.624032,0.017056888
-100.0344,-2.36375427,0.281646818,0.0170589685
-100.201782,-2.1993053,0.215060756,0.0682262853
-99.8468552,-2.04982,0.603679955,0.136449188
-99.26788,-1.84869385,0.6486266,0.5458307
-98.4223862,-5.849762,0.549523532,1.0916816
-98.30652,-4.60487366,0.549497366,0.272925675
-98.24857,-3.98242188,0.491610169,0.068227455
-98.1730347,-3.69430542,0.5573962,0.06823172
-98.1000748,-4.218908,0.560691,0.1364639
-98.0095139,-5.077835,0.549521446,0.545825839
-97.82839,-6.795685,0.54952985,2.18332148
-99.74642,-5.68121862,0.5495051,0.1364633
-100.008217,-5.87691736,0.450215548,0.136439
-99.7262344,-5.20282,0.549508333,0.272916049
-99.39404,-6.34443665,0.549503267,0.272909254
-99.8043442,-6.30366,0.54961133,0.06821992
-99.99061,-6.21124268,0.379923075,0.06822322
-99.63568,-6.06175232,0.5494972,0.136468515
-100.6979,-5.69751,0.313018262,0.545823753
-100.229675,-5.11583471,0.317239,0.136461228
-99.96787,-4.92012548,0.427689373,0.136463046
-100.24984,-5.59422827,0.3183106,0.272907525
-99.12711,-4.523295,0.5535796,0.545831263
-98.59342,-3.89272046,0.473995268,0.0341158062
-98.53806,-4.08298254,0.5706288,0.0341131873
-98.7520142,-3.89542651,0.5879128,0.06822502
-98.35931,-3.601888,0.557393432,0.06823172
-98.4071655,-3.985138,0.649797559,0.0341116451
-98.4625244,-3.794876,0.5574057,0.034114264
-98.6790543,-4.42001867,0.5302889,0.272915632
-99.16745,-5.48007727,0.549541831,1.09164548
-102.741692,-3.05543518,0.204885021,2.18325424
-102.036964,-4.381897,0.2039368,0.54585433
-101.815491,-5.142985,0.232863158,0.5458289
-102.671295,-4.392746,0.218268,1.091642
-104.010338,-3.07715344,0.219479322,4.366568
-101.392342,-1.12018335,0.215071887,2.18331385
-100.455872,0.04314168,0.2206397,0.545835733
-99.89453,0.5786031,0.602040768,0.0682231
-100.080788,0.6710205,0.272649318,0.0682231
-99.72587,0.820510864,0.6486444,0.136448726
-99.9335556,0.0281728115,0.648768663,0.0170546137
-100.026695,0.07438151,0.294112533,0.0170607772
-99.84924,0.149134323,0.6486996,0.0341142155
-99.96253,-0.283055633,0.499162018,0.03411756
-100.064476,-0.0696818,0.218646988,0.0170628913
-99.97134,-0.1158905,0.6036675,0.01705673
-100.156319,0.382898957,0.215096444,0.06823055
-99.9046,0.3394114,0.6269671,0.0341142155
-100.0355,0.241551712,0.3725434,0.0341185741
-100.496216,-0.913635254,0.227870643,1.09165442
-101.1005,-3.218572,0.215073049,1.0916748
-101.291893,-4.751597,0.23351711,0.545807838
-101.513367,-3.990509,0.204625428,0.54583323
-101.694489,-2.272649,0.215073228,2.18331361
-337.657349,-7.825663,0.05205988,7.420913
-339.836578,-8.874339,0.06839977,1.85523987
-341.0586,-9.083995,0.0295616835,1.85533834
-339.754883,-7.510778,0.0382899642,3.71039152
-338.0232,-3.83984375,0.0626791343,7.420834
-336.96463,-6.35727453,0.06940877,7.42088938
-252.05101,35.6643333,0.0365996324,0.7659911
-252.591354,35.2939034,0.09528982,0.7659542
-252.265884,36.7770576,0.038773112,1.53201938
-250.810715,33.9945374,0.05252067,1.53186369
-251.84993,34.22714,0.054882206,0.382985443
-252.362625,34.5056725,0.09396453,0.3829551
-251.565918,34.7368279,0.05114182,0.7659764
-254.399582,35.9443054,0.0581404045,3.06387639
-253.291275,37.33414,0.05125433,1.53184056
-253.346558,36.0361977,0.08533674,1.53178954
-250.8874,38.35211,0.049401544,0.765960753
-250.402344,37.4246025,0.0753434747,0.765956163
-251.670273,38.4454346,0.05020614,1.53189242
-250.049271,39.5567131,0.0494009331,1.53190482
-249.862015,37.7950249,0.07534327,0.765923858
-250.347061,38.7225342,0.0494008362,0.765928447
-250.242752,35.01393,0.05615586,3.06366467
-251.72554,37.14749,0.0717420951,1.53190315
-250.70015,36.59041,0.0576837845,1.53187406
-286.836884,87.52479,0.04681254,1.24298847
-172.849869,30.2262974,0,26.0327911
-182.046143,33.938633,0,26.0328331
-169.833328,30.8957825,0,26.0328255
-164.361465,29.4732456,0.007938241,3.254142
-162.614029,30.3405056,0.03048052,3.25410962
-164.444412,27.77678,0.0074251066,6.508255
-166.816788,31.5652618,0,6.50815
-163.404831,31.6033268,0.0300960634,3.25406933
-165.152267,30.7360687,0.002111995,3.254102
-108.838043,-0.356328338,0,0.4451283
-108.230186,-0.495107025,0,0.111277744
-107.926384,-0.6458333,0.19746232,0.111277729
-108.382591,-0.74508667,0,0.222567871
-109.142845,-0.856282532,0,0.8902179
-109.139809,1.095754,0,0.890265465
-108.38105,0.230936691,0,0.222569823
-107.925865,-0.3204956,0.197453186,0.1112829
-108.229675,-0.169769287,0,0.111282915
-108.837013,0.2943573,0,0.445124716
-107.016762,-2.236684,0.21548976,1.78043473
-108.384094,-1.72111,0,0.222560912
-107.928917,-2.272522,0.195851117,0.111286625
-108.232704,-2.121806,0,0.111275457
-108.84005,-1.65768945,0,0.445106953
-107.927406,-1.29650366,0.196666092,0.111277446
-108.2312,-1.1457926,0,0.111277454
-107.774994,-1.046524,0.197253585,0.222545981
-107.776512,-2.02253723,0.196464136,0.222544029
-108.2317,-1.47113037,0,0.111272283
-107.92791,-1.62184143,0.1966752,0.111272275
-110.661339,0.222686768,0,7.121784
-107.010704,1.66738379,0.2384292,1.78042674
-108.378044,2.18298841,0,0.222551465
-107.922844,1.63155115,0.199067608,0.111279242
-108.226646,1.78228247,0,0.111286692
-108.833984,2.246394,0,0.445110381
-107.921349,2.60757947,0.199817,0.111277729
-108.225136,2.758311,0,0.111270249
-107.768929,2.857544,0.200411066,0.222554967
-107.770447,1.88152564,0.199617609,0.222555488
-108.225647,2.43297315,0,0.111273751
-107.921852,2.28224182,0.199823186,0.111281231
-106.704376,3.14336133,0.2384348,0.890213847
-106.247414,3.73061633,0.2606894,0.222558916
-105.980888,4.04606628,0.284338027,0.0139099071
-105.905067,3.927058,0.2511069,0.0139059257
-106.094872,4.06192541,0.385258853,0.0278216731
-105.866646,4.19288635,0.415262371,0.0278197974
-105.829,3.97071338,0.388361454,0.0139067927
-105.904816,4.08972168,0.415132016,0.0139107751
-105.943359,3.742569,0.196725741,0.111280955
-106.096275,3.16725159,0.238419026,0.4451109
-106.4021,2.01662183,0.238437757,1.78044856
-106.407143,-1.23677576,0.23252289,3.56087542
-107.924355,0.655522645,0.19823432,0.111277483
-108.228149,0.806248963,0,0.111273773
-107.77195,0.9055023,0.198831782,0.222558916
-107.77346,-0.07051595,0.198037088,0.222538561
-108.228638,0.480906159,0,0.111268573
-107.924858,0.33017984,0.198237374,0.111272283
-108.834991,1.59571326,0,0.445106983
-108.22715,1.45693457,0,0.111284912
-107.92334,1.30620325,0.199058369,0.111277461
-108.379547,1.20696008,0,0.222546056
-107.012718,0.366027832,0.238431916,1.78041971
-115.522118,2.63428235,0.000176838948,14.2435646
-110.656273,3.47607422,0.00190963014,3.56091118
-107.919807,3.58358264,0.200625658,0.11127574
-108.22361,3.734309,0,0.111279458
-107.843231,3.95257568,0.291963071,0.05563788
-107.690956,4.121221,0.415238321,0.0278216731
-107.6912,3.95854688,0.07157568,0.0278207976
-107.767662,3.67088819,0.201231316,0.11127574
-108.831207,4.03575134,0.008560996,0.222548455
-108.222984,4.140976,0.0185561478,0.05563789
-107.918938,4.1529336,0.374700665,0.055643484
-108.375244,3.97233081,0.00986684952,0.111270495
-106.893044,4.0102334,0.241236791,0.0139103988
-106.817223,3.89122,0.238447949,0.0139090288
-107.007027,4.02608728,0.3768813,0.02781707
-106.778809,4.1570487,0.4152164,0.02782081
-106.74115,3.93487048,0.325604051,0.0139090288
-106.816963,4.053884,0.331007153,0.0139103988
-107.158813,4.18279028,0.415172338,0.111283243
-106.246651,4.21862268,0.4151795,0.111281455
-106.474884,4.08766174,0.300478131,0.0556416065
-106.627159,3.9190166,0.214705169,0.0278180577
-106.626915,4.08168554,0.4880288,0.0278189462
-107.235374,3.813792,0.2607647,0.0556388721
-107.387024,4.051829,0.2463203,0.05563987
-107.007408,3.78208423,0.230805889,0.111270286
-107.46386,3.52016187,0.238424048,0.111283183
-107.539307,3.88318372,0.236670449,0.0278207939
-107.539055,4.045858,0.527535856,0.0278216712
-107.38752,3.72648621,0.2384095,0.05564333
-108.83197,3.547755,0.00379647827,0.445114374
-108.224121,3.40897632,0,0.111275986
-107.920319,3.25825,0.200625658,0.111272261
-108.376526,3.15900159,0,0.222553462
-109.13678,3.04779553,0.00204705331,0.890242636
-111.874504,2.12693787,0.000182945732,7.12175226
-125.243683,7.45747375,0,28.4872437
-117.949463,5.79212427,0.00539194,14.2435923
-111.869942,5.054998,0.0198378433,3.56096888
-108.829948,4.84909058,0.0198392812,0.22255148
-108.221985,4.79165649,0.0198392849,0.0556395873
-107.842,4.7456,0.5402468,0.0278224647
-108.032066,4.72796631,0.2161715,0.0139084989
-107.956146,4.66995239,0.4578855,0.0139126377
-108.3742,4.663676,0.0198392849,0.11127387
-109.134377,4.59314966,0.0198366642,0.445101321
-107.234283,4.525472,0.415201038,0.02782005
-107.4621,4.658854,0.6119831,0.01391244
-107.310143,4.62415075,0.334489524,0.0139124393
-107.006264,4.514099,0.415222824,0.05563453
-107.53833,4.51353455,0.564045548,0.0556344353
-107.3865,4.39750147,0.4152371,0.0556353
-106.702477,4.363373,0.415158123,0.222543418
-108.374695,4.338328,0.0198380426,0.0556406863
-107.918755,4.274933,0.374713421,0.0278145764
-108.2228,4.262975,0.01984301,0.02781178
-108.830833,4.27974939,0.0198380444,0.111288831
-107.918556,4.396932,0.374725133,0.05564148
-108.222496,4.466314,0.0198380444,0.05564148
-107.766335,4.5249176,0.458127171,0.111287452
-110.654755,4.45209265,0.0198366642,1.78039765
-115.519073,4.586324,0.0198510718,7.12195253
-139.826035,14.6922607,0,28.48718
-154.409378,21.2763672,0,14.2433853
-144.685776,17.7545261,0,14.2433853
-130.10144,11.8211012,0,28.487196
-119.161385,8.509715,0,3.56088257
-115.514526,7.514374,0.015860213,1.7804389
-117.946434,7.74415064,0,1.7804389
-111.868187,6.19370031,0.0189761166,1.78040361
-109.133179,5.36583471,0.0198380444,0.222562209
-108.37339,5.172033,0.0198327117,0.0556357242
-108.031487,5.08889246,0.219104379,0.00695691723
-107.955513,5.061381,0.5344167,0.00695604645
-107.841576,5.020106,0.5343659,0.0139170131
-108.221519,5.07633972,0.0198355671,0.027823016
-108.829437,5.17443848,0.0198327061,0.111269593
-107.461792,4.841863,0.5384685,0.0556357875
-107.005951,4.71743774,0.4150297,0.02781885
-107.309937,4.746165,0.590163,0.0278169923
-106.398232,4.4973197,0.41530478,0.0556509569
-106.854126,4.60140467,0.415277064,0.0278250147
-107.234062,4.667811,0.476642162,0.006954953
-107.386017,4.70251465,0.858872831,0.006956693
-107.00605,4.65643835,0.415228873,0.0139108356
-107.765831,4.85025549,0.473334521,0.0556371771
-108.221779,4.91366053,0.0198380444,0.02782074
-107.841675,4.948934,0.5719969,0.01391137
-107.95575,4.913961,0.5720388,0.006953275
-108.0318,4.89064026,0.217326969,0.0069558816
-108.82962,5.05243444,0.0198355634,0.055650685
-108.37365,5.00935364,0.0198355671,0.027823016
-107.95562,5.000361,0.7951667,0.00347785978
-108.031654,4.987213,0.218204886,0.00347730517
-107.841637,4.979431,0.7945663,0.00695210276
-108.2217,4.9746604,0.0198273715,0.0139068905
-110.652992,5.590795,0.0198380444,0.890267432
-114.299843,6.586146,0.0242414139,1.78041482
-117.9472,7.256144,0,0.890220761
-115.515289,7.026367,0.01586019,0.890220761
-125.240662,9.409505,0,14.243516
-334.575836,-12.4084015,0.04523715,2.58578849
-334.3245,-10.4843245,0.06274613,2.585765
-333.479523,-13.1607819,0.0405027047,5.17149258
-332.023529,-15.7324266,0.0471513867,10.343255
-336.15744,-10.7988129,0.061956495,5.1714654
-336.408783,-12.72289,0.04374295,5.1715126
-339.1495,-10.8419447,0.0561780371,2.58582425
-340.8568,-10.1943817,0.029562436,1.29292536
-339.6348,-9.984726,0.05912784,1.29286218
-337.253754,-10.046443,0.05929142,5.17149639
-244.230484,31.7449036,0.100847013,3.85305071
-243.009109,29.7527714,0.125617221,1.92649686
-244.2986,30.453949,0.08120937,1.9264456
-246.877609,31.8563442,0.09008396,1.92656147
-248.1671,32.5575256,0.0608032681,1.92650211
-245.52,32.4461174,0.09032826,3.85308337
-241.227036,32.103714,0.113317683,15.4115934
-281.255035,85.93461,0.136055425,2.718389
-281.9505,87.01246,0.115914129,2.71842384
-283.547821,88.61932,0.106365778,1.35920417
-284.694183,89.96169,0.04703618,0.679612935
-283.7924,89.43267,0.0952172652,0.679639637
-282.091919,88.10021,0.11895816,2.7183485
-278.48465,85.98412,0.13805896,2.71846628
-276.577759,85.20047,0.138054252,0.679618537
-275.3989,84.67637,0.2485908,0.3398103
-275.952972,84.66648,0.1465784,0.33982265
-277.235016,84.91616,0.13805972,1.3592881
-279.799133,85.4155,0.138054788,5.43689728
-285.829071,86.94317,0.046986673,1.35924566
-284.6177,87.23739,0.04698843,0.339814574
-283.873535,87.38694,0.121080682,0.169914678
-284.253754,87.10758,0.0482556671,0.169875875
-285.1011,86.6836,0.0469862074,0.679685652
-286.795776,85.8355942,0.0469871722,2.71851754
-285.55777,89.12855,0.04688356,2.71835613
-284.4821,88.33008,0.0492145941,0.679669
-283.8573,87.79609,0.0953932554,0.3398169
-284.411377,87.7862,0.0544705279,0.339826345
-285.4164,88.0408249,0.04698654,1.35914326
-283.297455,85.62554,0.125810474,0.679588854
-284.057831,85.0668259,0.08348083,0.6795642
-283.264984,86.4438248,0.124872304,1.35920393
-282.221771,84.82706,0.122269906,1.35917854
-283.52,84.6675949,0.111283712,0.169884458
-283.3461,84.39813,0.1443513,0.169882149
-283.987122,84.52297,0.08219661,0.339775145
-282.846527,85.36103,0.121010415,0.3397921
-282.9659,84.67748,0.138058782,0.169906422
-283.1398,84.94694,0.102388509,0.169908732
-286.100281,84.7577438,0.0469873026,2.71843886
-284.753326,86.14466,0.0469840951,0.679647267
-284.079865,86.83813,0.0569892824,0.169879973
-283.699677,87.117485,0.126535162,0.169918761
-284.096069,86.4289856,0.08337074,0.339784831
-284.785767,85.32638,0.0469873026,1.35921943
-273.073639,82.80991,0.186657265,2.718481
-271.16684,82.02627,0.192039818,0.679589868
-270.1265,81.4997559,0.2023766,0.08495411
-270.4131,81.8353043,0.200353563,0.04247377
-270.187622,81.70309,0.115235217,0.04247377
-269.7625,81.3699646,0.202366456,0.1699263
-270.629,81.62702,0.186405033,0.169880956
-270.4551,81.35758,0.223658264,0.169902444
-271.824066,81.7419739,0.192058891,1.35920274
-274.388153,82.2413,0.193274453,5.436814
-268.461334,80.4392,0.207595751,0.6795275
-267.55954,79.9101944,0.203607976,0.6795353
-269.118561,80.15491,0.202395216,1.3592118
-266.206848,79.1166458,0.218546957,0.6796579
-265.305,78.58761,0.277322233,0.6795804
-267.817474,79.22416,0.197085917,0.3398309
-268.822449,79.47879,0.202379346,0.3398207
-267.211823,79.37128,0.218305752,0.6795856
-272.185181,80.78156,0.192046151,0.169887587
-271.7085,80.58566,0.192091063,0.04248573
-271.483032,80.45338,0.102684528,0.0424794443
-271.8728,80.51458,0.192060918,0.08495912
-272.5138,80.63938,0.192069918,0.339817345
-270.832428,79.98803,0.202382654,0.3397495
-271.975952,80.24015,0.158670455,0.0424687862
-271.624878,80.07609,0.202384844,0.02123759
-271.876129,80.13973,0.214089751,0.021234449
-272.3657,80.30132,0.192072943,0.08495445
-271.586182,80.1789856,0.182218283,0.0424760729
-271.811646,80.3112259,0.220356017,0.04246665
-271.421875,80.25005,0.199930027,0.084933646
-273.7958,80.8890457,0.192061439,1.35922861
-270.6777,80.39963,0.179416642,0.6796421
-271.718048,80.92618,0.192076325,0.08495905
-271.431427,80.5905762,0.102717437,0.042470023
-271.6569,80.72286,0.192069516,0.0424763
-272.082031,81.05597,0.192065522,0.169866264
-271.215546,80.79885,0.180950165,0.169881076
-271.3894,81.068306,0.1920592,0.169908956
-270.020416,80.68393,0.199654743,1.3592118
-281.732574,83.20037,0.0562533326,10.8738976
-277.506317,82.73075,0.0662461743,2.71846581
-279.309967,83.78881,0.06411846,2.71850038
-275.740936,83.03484,0.1660829,0.3398149
-276.295,83.02497,0.08014992,0.3398149
-275.257538,83.5886,0.205226928,0.679703832
-275.824921,82.07935,0.185550168,0.08494362
-276.101929,82.0743942,0.09777889,0.08494362
-275.583221,82.35623,0.19205755,0.169866949
-275.892731,81.53301,0.136545137,0.169906422
-276.2051,81.79998,0.04553895,0.08494362
-275.9281,81.80494,0.184411764,0.08494362
-276.501282,82.4761353,0.0455358326,0.339827359
-275.7571,82.6256943,0.178805649,0.169901222
-276.1373,82.34634,0.08133913,0.169921517
-277.0936,83.82842,0.06592998,1.35926223
-275.7954,83.98786,0.193220317,0.169908166
-275.969238,84.2573242,0.204013988,0.169904083
-275.328217,84.1324844,0.198443666,0.33978337
-276.468872,83.294426,0.0661328956,0.339737117
-276.349457,83.97796,0.103821509,0.169883385
-276.175629,83.7084961,0.06348699,0.169887468
-261.817047,75.78797,0.090371035,0.169902444
-261.385284,76.20452,0.2337878,0.0849484056
-261.488434,75.9301147,0.0941892639,0.08492984
-261.833282,75.37882,0.07242117,0.3398298
-262.216431,76.18967,0.233817056,0.0849436149
-262.31958,75.9152756,0.08943014,0.08495641
-262.4419,76.32192,0.233799055,0.169900551
-261.610748,76.33677,0.233791217,0.169887573
-262.0425,75.92023,0.0894397646,0.08495877
-261.939362,76.19462,0.233813822,0.08494598
-262.599518,77.00054,0.233782575,1.3592037
-260.171051,75.40851,0.0716349259,0.339779556
-260.657318,75.94497,0.09915091,0.08495093
-260.8312,76.21444,0.2337978,0.08492579
-260.293335,75.81516,0.0933316946,0.169896334
-259.4431,75.14895,0.0711809546,0.6795937
-261.2792,75.38871,0.07242601,0.3398267
-261.2114,75.93508,0.09419965,0.0849517956
-261.108246,76.20948,0.2337898,0.08497036
-260.985931,75.8028259,0.09541991,0.169926137
-260.828278,75.1242,0.07681627,0.6795838
-263.878632,76.15998,0.2337739,0.084948346
-263.9818,75.88556,0.0808405653,0.08495491
-264.1041,76.292244,0.233796552,0.169898465
-263.27298,76.3070755,0.233781,0.169902563
-263.704742,75.8904953,0.08082221,0.08496511
-263.6016,76.16492,0.233778268,0.0849585459
-264.603729,75.32931,0.07243248,0.339813769
-264.535858,75.87567,0.07707452,0.08493492
-264.4327,76.1500854,0.233769462,0.08494794
-264.310425,75.74341,0.07689394,0.169926137
-263.707672,76.98074,0.233782068,1.3592037
-262.941437,75.35901,0.0724285543,0.3398132
-262.873657,75.90536,0.0849627256,0.08494593
-262.7705,76.17978,0.233780652,0.08493993
-262.648224,75.7731,0.0855557546,0.169912815
-262.49054,75.0945053,0.07242868,0.679614663
-264.1528,75.06479,0.07243109,0.6796137
-263.47934,75.75823,0.08105023,0.169895947
-263.047516,76.17483,0.233779967,0.0849501342
-263.150665,75.9004,0.08497245,0.08495613
-263.4955,75.34909,0.0724241,0.339767665
-257.742645,73.81647,0.06913305,2.718499
-254.934,72.50382,0.0705551058,1.35918164
-256.943939,73.01304,0.06913425,1.35919738
-260.963959,74.0314941,0.05717792,1.35917568
-262.9739,74.54073,0.07243333,1.35920393
-259.752625,74.32569,0.06829042,2.71845818
-249.626221,69.0552444,0.0637366846,10.87367
-258.258484,72.4444046,0.06913251,1.35919511
-255.5014,70.99456,0.0579483435,0.679541945
-257.408234,71.7782,0.0531665049,0.6795286
-261.221863,73.34547,0.06896806,0.6796556
-263.1287,74.12911,0.08137895,0.6796768
-260.165283,73.22806,0.06814414,1.35918736
-254.341675,71.15155,0.05716023,2.71842527
-257.1503,72.46421,0.06913214,1.35927773
-255.140335,71.9549942,0.07055475,1.359262
-274.6594,80.0559,0.192063585,1.35918844
-275.8545,80.170845,0.174677119,0.169915125
-276.2347,79.89149,0.05199004,0.169913337
-275.838257,80.5799942,0.145789742,0.339817345
-275.31665,79.7716141,0.1920618,0.339826226
-276.060822,79.62204,0.0892188847,0.169876754
-275.680634,79.9014,0.192056671,0.169878542
-272.717255,79.00031,0.197632089,0.08493635
-273.0038,79.33593,0.192000166,0.04247484
-272.7784,79.2036743,0.105078965,0.0424744561
-272.353241,78.87054,0.202385619,0.169900939
-273.219727,79.1276245,0.192067087,0.169910282
-273.045837,78.85816,0.2111199,0.16993
-271.9539,78.46882,0.241889134,0.6796845
-274.4664,79.10537,0.192069843,0.3397623
-275.4972,79.29141,0.192034811,0.08496191
-276.1382,79.41622,0.145295575,0.0424497053
-275.8612,79.42117,0.153739408,0.0424664244
-275.194336,79.36495,0.192064673,0.169907451
-273.860748,79.25245,0.192063719,0.6795816
-269.699371,77.14627,0.20150815,1.35922158
-267.618652,76.09318,0.203573838,0.169905335
-267.167755,75.82867,0.07242157,0.169867292
-266.491425,75.43189,0.07242655,0.3398324
-268.8491,76.48005,0.207552314,0.6796448
-272.66275,78.0473251,0.123673759,0.679505169
-274.595337,78.76236,0.1893783,0.16997081
-275.561676,79.11987,0.192112535,0.0424786657
-276.038361,79.3158,0.114172347,0.0424812138
-275.297516,79.09052,0.192041382,0.08499366
-274.067047,78.70367,0.197227463,0.339745134
-271.606171,77.92989,0.200027853,1.359231
-280.135254,81.5935,0.05406495,10.8736916
-267.032166,76.9213638,0.2187063,1.35916317
-266.1981,75.84598,0.07242369,0.0849498957
-266.09494,76.1203842,0.22560069,0.08496904
-265.972656,75.71372,0.07242648,0.169906721
-265.711884,75.30953,0.07243369,0.339800745
-266.926056,76.10555,0.219066322,0.08495405
-266.7522,75.8361,0.0724375844,0.08496639
-267.290039,76.23533,0.218475968,0.169901058
-266.371979,76.11545,0.225594163,0.08495727
-266.475128,75.84104,0.0724397153,0.08493814
-266.597443,76.24771,0.222050518,0.169883832
-268.488037,77.44048,0.221633136,2.718298
-264.815826,76.9609451,0.2337829,1.35922885
-265.1415,75.72857,0.07312724,0.169908285
-264.709717,76.145134,0.233767733,0.08495502
-264.812866,75.87072,0.0770596042,0.0849420056
-265.1578,75.31942,0.07242229,0.339804351
-265.540863,76.13028,0.232161909,0.08492703
-265.644043,75.8558655,0.07243673,0.0849275962
-265.766327,76.26254,0.228563279,0.169911608
-264.935181,76.2774,0.233777091,0.169896737
-265.366974,75.86082,0.07332458,0.08498176
-265.263824,76.13523,0.232017577,0.0849811956
-265.717682,77.48997,0.224620134,2.718432
-271.296661,78.7531357,0.20238997,0.6795742
-272.2501,79.14495,0.202383459,0.169937268
-272.770264,79.4082642,0.191848978,0.0212382674
-272.68335,79.2735062,0.353088826,0.0212350972
-272.952271,79.4731445,0.192027345,0.04247573
-272.519043,79.34457,0.202377081,0.0424772575
-272.605957,79.47932,0.160139382,0.04248161
-271.921448,79.28711,0.202389136,0.33979255
-270.639435,79.03745,0.202379763,1.35926139
-274.002167,80.34021,0.192048937,1.35927463
-271.715118,79.83596,0.19723773,0.16993168
-272.4173,80.1641159,0.192046165,0.08496028
-271.9019,80.07111,0.2140444,0.021240199
-271.650665,80.00748,0.202320516,0.0212433413
-272.0533,80.03433,0.122663528,0.04247916
-270.935577,79.7136154,0.202362329,0.339853168
-272.4947,79.95829,0.21212399,0.169906661
-272.043762,79.69378,0.132003158,0.1699153
-272.823334,79.816124,0.178806886,0.339830041
-267.5213,78.5480347,0.218543634,0.679606438
-268.925629,79.2043839,0.202395886,0.3397686
-267.920654,78.94976,0.1971158,0.339778781
-265.96225,78.30331,0.218401179,1.35924113
-269.183533,78.51833,0.199335918,2.71850085
-240.814285,63.216156,0.0807015151,10.8737774
-235.197,60.59082,0.08828114,5.436874
-239.21698,61.609272,0.08105072,5.436943
-230.584717,58.2200928,0.12271674,0.6796069
-229.6829,57.69106,0.104807712,0.679603755
-231.241943,57.93579,0.09900984,1.35926318
-228.330154,56.897522,0.12351159,0.6796439
-226.925827,56.24116,0.152467653,0.339819252
-227.930832,56.49579,0.147144854,0.339821637
-229.9408,57.005024,0.125507027,0.339774281
-230.945755,57.2596436,0.128535941,0.3398167
-229.335144,57.15214,0.125501737,0.6796031
-225.6247,55.3104248,0.149181619,0.6796134
-224.220337,54.6540947,0.197154462,0.339795053
-225.225342,54.90871,0.189844787,0.339820176
-222.4167,53.5960274,0.197141528,0.6796353
-224.349289,54.3110542,0.197123319,0.169925392
-225.3156,54.66858,0.149545968,0.0424792729
-225.792313,54.864502,0.152462915,0.04248006
-225.051437,54.6392326,0.190649152,0.08496584
-223.821,54.25236,0.197138816,0.339818031
-228.588089,56.2114868,0.123571053,0.339809626
-227.209579,55.4865532,0.15247643,0.169899091
-228.162964,55.87837,0.147445172,0.16989477
-230.069748,56.662,0.12549524,0.169929132
-231.274414,57.11748,0.280304819,0.08493359
-230.7719,56.99016,0.124144726,0.08496633
-229.541458,56.603302,0.1255129,0.3398002
-226.6297,55.5650444,0.152468711,0.6796181
-228.034012,56.221386,0.1471306,0.339798629
-227.029,55.9667549,0.152453348,0.339796245
-237.619675,60.0024,0.07063468,5.43685246
-233.599686,58.9839478,0.103480943,5.43692064
-219.588913,51.602314,0.2566991,0.339808047
-219.936691,52.1412354,0.182807788,0.3397826
-218.860962,51.34273,0.256118357,0.6795816
-220.593933,51.8569221,0.198743835,0.6796253
-220.24617,51.3180046,0.250911236,0.67966646
-218.062332,50.5392876,0.246749684,2.71844363
-214.664261,48.96458,0.4623216,0.0849459842
-214.950851,49.30017,0.264874876,0.0424823575
-214.725388,49.1679077,0.3766711,0.0424760766
-214.3003,48.8347969,0.462308764,0.1698951
-215.166748,49.09189,0.258604139,0.169910923
-214.992874,48.82243,0.4687348,0.169899032
-213.900955,48.4330864,0.4785914,0.679601967
-211.5948,47.2477226,0.489468127,0.679704
-213.501633,48.03136,0.4570855,0.6797001
-217.263687,49.73585,0.257459342,2.71850729
-208.940918,45.5234261,0.282376617,1.35928941
-206.634781,44.3380547,0.267792642,0.3398175
-205.256241,43.6131134,0.08268564,0.169853121
-206.209656,44.0049324,0.141836569,0.169849783
-208.090683,44.85719,0.2716149,0.6796444
-202.576553,41.9574432,0,1.3592416
-204.921387,43.0398979,0.048076123,0.0849426761
-205.385178,43.2701225,0.104656011,0.08495288
-204.6379,43.0619965,0.03772958,0.169897452
-206.3128,43.73055,0.118329935,0.1698718
-205.3336,43.4073334,0.0826953,0.16987671
-208.168045,44.6513672,0.2715994,0.339813828
-206.016434,43.7869568,0.104665115,0.0424792729
-206.48024,44.0171623,0.6139032,0.0424661078
-205.294922,43.5102272,0.08268404,0.08495511
-206.982742,44.14446,0.269148529,0.0849457
-206.518921,43.914257,0.122178614,0.08496397
-210.873535,46.2384529,0.412169874,1.35929215
-213.707962,47.4825439,0.46230042,0.6796549
-211.234146,46.743103,0.425683975,0.339789659
-212.264938,46.9291077,0.4792946,0.339837253
-217.418457,49.3242378,0.2988606,1.3591125
-213.579025,47.82555,0.457177758,0.339757681
-211.6722,47.0419121,0.489550352,0.339759648
-214.584,48.08018,0.424421817,0.6795578
-222.829361,52.498394,0.194878116,5.43689251
-227.622177,54.3888969,0.129977718,0.339809746
-228.5498,54.8493233,0.128058478,0.3398066
-227.055222,54.4331055,0.152471125,0.6796215
-229.941238,55.5399666,0.125493154,0.3398202
-231.126541,56.046875,0.125494808,0.0849501342
-231.835129,56.3579,0.1335364,0.04248081
-231.345535,56.19629,0.1254988,0.0424782634
-230.379272,55.8387756,0.12549527,0.1698983
-228.420853,55.19234,0.148456246,0.169892713
-227.44165,54.86912,0.152456552,0.169880152
-228.962036,55.2167549,0.125356391,0.339828044
-224.066025,53.6006279,0.1971494,0.3397752
-225.251343,54.107563,0.196865231,0.0849619359
-225.959961,54.4186,0.152493238,0.04247129
-225.470337,54.2569771,0.15390341,0.0424654
-224.504028,53.8994331,0.197122857,0.169930533
-222.571426,53.1844177,0.1971514,0.6795253
-225.354492,53.83316,0.1971494,0.1698801
-225.998642,54.3157043,0.191458657,0.08495328
-225.534836,54.08547,0.19375594,0.08495132
-224.633,53.5564461,0.197150975,0.3397594
-226.3337,54.15639,0.149925083,0.339822531
-225.921463,53.78897,0.237024561,0.339802146
-234.063919,57.7490654,0.100714229,2.71849871
-237.774414,59.59077,0.105981544,2.71882677
-226.848923,54.9819221,0.152479663,0.33976382
-228.2661,55.6039543,0.147680268,0.169945255
-227.286911,55.2807426,0.152451709,0.169944078
-229.657532,56.2945862,0.1254964,0.169901282
-230.829956,56.835804,0.123532265,0.0424637459
-231.293762,57.06602,0.301566541,0.04251238
-230.108459,56.5591,0.1255474,0.08493378
-228.201614,55.77547,0.1475105,0.0849121138
-227.248245,55.3836555,0.152554452,0.0849142745
-228.7041,55.90277,0.123952195,0.169893026
-223.937057,53.9436455,0.1971504,0.1698972
-225.1095,54.4849052,0.191919759,0.04245989
-225.811691,54.81307,0.152520522,0.0212182067
-225.334961,54.6171455,0.149629533,0.0212178137
-224.387985,54.20816,0.1972584,0.08491487
-222.494064,53.39021,0.197154626,0.3397779
-225.843918,54.7273254,0.15246138,0.0849631056
-225.380081,54.49712,0.150740489,0.08496232
-226.1274,54.70522,0.152478263,0.1698937
-224.452454,54.0366631,0.197121754,0.169934228
-225.444565,54.32558,0.153817624,0.0424804129
-225.934158,54.4872,0.152466759,0.0424863063
-225.174,54.3133965,0.193968341,0.08496339
-230.25029,56.1818047,0.08471232,2.7184782
-248.802673,65.39028,0.05628173,10.8736563
-244.67952,64.64623,0.07416098,10.8738661
-256.326752,68.79925,0.05734447,1.35915411
-258.181976,69.7200851,0.0514899939,1.35917914
-255.19281,68.88764,0.056791205,2.718413
-260.964844,71.10136,0.07131354,1.359239
-263.7993,72.3454361,0.08181908,0.679632246
-261.840881,71.699,0.07484875,0.679632246
-257.924072,70.40612,0.051484786,0.679666162
-255.965652,69.75968,0.05720464,0.6796623
-259.006439,70.45492,0.07111571,1.35922635
-250.142044,67.6831741,0.06449608,2.71850729
-246.225266,66.39031,0.06928146,2.71850729
-252.306808,67.78079,0.06055409,5.4368453
-267.45813,74.32434,0.0579465,1.35911632
-269.3134,75.2452,0.0456699729,1.35917914
-266.324219,74.41273,0.0711402,2.71834588
-272.096283,76.6264954,0.181855559,1.35927236
-274.5957,77.66354,0.162211344,0.0424792729
-274.273682,77.4223,0.202445209,0.0212348029
-274.505585,77.53739,0.224899143,0.0212348029
-274.956451,77.80191,0.192054152,0.08495541
-274.1061,77.5019455,0.2023924,0.08493183
-274.441071,77.7089,0.22498849,0.042479787
-274.18338,77.66239,0.168815434,0.0424821451
-275.6522,78.14725,0.167319253,0.08496586
-276.360748,78.45823,0.04552822,0.04248462
-275.8712,78.29665,0.149635285,0.04248187
-274.892,77.97344,0.1920593,0.0424804538
-274.3959,77.82897,0.191956088,0.0106240064
-274.151123,77.74816,0.103255406,0.0106214583
-274.531219,77.83506,0.192085415,0.0212374758
-275.162567,77.98565,0.192041874,0.08497687
-272.9723,77.2241,0.2023853,0.679541767
-268.591644,75.70098,0.0451054648,0.339817047
-269.519257,76.16143,0.293750346,0.339907169
-267.097076,75.28477,0.0629433841,0.6796412
-269.880127,75.9335,0.056070976,0.169895858
-270.292358,76.3009338,0.2023855,0.169921577
-269.1586,75.65678,0.0534565933,0.33977443
-270.859375,76.25677,0.184867874,0.339826345
-270.447144,75.8893356,0.104610637,0.339802176
-280.4448,80.770256,0.0456502549,5.43710756
-271.838318,77.3125,0.202418,0.679500461
-274.1831,78.39495,0.250941545,0.169922277
-275.35556,78.93615,0.192089677,0.04246339
-276.0577,79.26434,0.114108235,0.02124412
-275.581024,79.06841,0.192001671,0.0212428458
-274.634064,78.65945,0.189424619,0.0849238262
-272.7401,77.84152,0.202363223,0.339839876
-268.926483,76.27423,0.07094496,0.33986336
-267.019684,75.49059,0.0691404343,0.339842558
-269.9315,76.52886,0.199794441,0.679515362
-275.445831,78.6960754,0.192050144,0.169905871
-276.089966,79.17861,0.114183053,0.08492891
-275.626129,78.94839,0.192068085,0.0849320441
-274.724335,78.41934,0.178232267,0.3398125
-276.425049,79.0192947,0.0526074432,0.339817345
-275.755127,78.60538,0.172020167,0.169917345
-276.2705,78.69837,0.07854776,0.1699299
-272.8691,77.4985046,0.202395737,0.6796911
-275.085236,78.19146,0.192055449,0.0849320441
-274.492523,77.93798,0.192084685,0.021237392
-274.1382,77.78247,0.103224434,0.01062151
-274.383026,77.86328,0.192093015,0.0106240623
-274.8662,78.0420456,0.192081034,0.0424767546
-275.8454,78.3652649,0.149621651,0.04247436
-276.335,78.52685,0.0455238856,0.0424771123
-275.5748,78.3530655,0.180609077,0.0849222243
-274.440948,78.07519,0.1920516,0.0424748361
-274.1189,77.83393,0.103202336,0.0212324057
-274.3508,77.94904,0.192063287,0.0212347582
-274.801727,78.21353,0.19205673,0.08496381
-273.9514,77.9135742,0.198653087,0.0849721953
-274.157471,78.09729,0.146627575,0.0849397257
-254.7801,69.9853,0.0572133251,1.35925591
-257.614532,71.22937,0.0519788936,0.6796151
-255.656143,70.58294,0.0572145022,0.6796237
-260.3974,72.61063,0.06816102,0.6796003
-263.206055,73.92329,0.08639597,0.339825541
-261.299225,73.13965,0.07472877,0.339814931
-257.4856,71.5723953,0.0523760542,0.339842618
-255.578781,70.78876,0.05721415,0.3398493
-258.49057,71.8269958,0.0686298,0.6796003
-247.9773,67.58557,0.118184455,2.71850729
-251.8941,68.87844,0.0613134131,2.71850729
-263.335022,73.58026,0.0863996148,1.35928142
-261.479767,72.65942,0.0747580156,1.35926414
-264.469,73.4918747,0.06782776,2.71844959
-258.69693,71.27817,0.06838436,1.35925126
-255.8625,70.03411,0.05721468,0.679617465
-257.8209,70.68054,0.0514968745,0.679621339
-261.7377,71.97339,0.0748646557,0.6795426
-263.6961,72.6198349,0.08183215,0.6795426
-260.6553,71.92458,0.06824695,1.359234
-77.83244,-14.112442,0.072820276,1.09657276
-78.52374,-12.7926636,0.06870819,1.09657454
-76.9497757,-14.3875933,0.0658751056,2.193103
-79.90632,-10.1530657,0.07684266,2.193231
-77.8524551,-12.3117266,0.0687147751,0.5482682
-76.89266,-13.4391527,0.07630604,0.5482634
-78.60087,-11.9403887,0.07646514,1.09661341
-74.416,-17.1099758,0.0802618638,8.772491
-80.71186,-10.7301741,0.0714449361,4.38624525
-79.06077,-13.1773939,0.06871086,1.09653568
-78.36947,-14.4971724,0.0728233159,1.096534
-79.9434357,-12.9022264,0.07101057,2.19309449
-82.51577,-9.753697,0.07720569,1.09657824
-83.6476746,-9.883962,0.0767072141,0.2741337
-84.22326,-9.842565,0.296373278,0.274134159
-83.3984451,-9.478531,0.07670154,0.5482798
-82.01731,-8.942836,0.07665031,2.19312429
-81.78591,-11.4996338,0.07649654,2.193126
-83.28275,-10.756938,0.07664727,0.5483
-84.1847,-10.2687025,0.296369076,0.2741478
-83.6091156,-10.3101,0.07670225,0.274147362
-82.43864,-10.6059675,0.07689318,1.09658849
-87.92751,-6.824331,0.302856952,4.38632345
-90.3841553,-4.95421362,0.343516737,4.386203
-94.20337,-2.24521375,0.5573209,0.5482855
-93.17642,-3.32455444,0.557438731,0.137070388
-92.66296,-3.864217,0.4734126,0.0342683122
-92.4230042,-4.14607239,0.5288002,0.03426908
-92.85006,-3.77138257,0.565839469,0.06853464
-93.55064,-3.13888049,0.5573199,0.274140775
-94.95178,-1.87386572,0.557398558,1.0965718
-96.86138,-0.519378662,0.618643,0.137067392
-96.38147,-1.08308923,0.5572929,0.13706322
-97.2355957,-0.333694458,0.6412143,0.2741391
-98.15684,0.3675995,0.64861244,0.5482782
-96.18009,-0.9388173,0.557405651,0.27414003
-96.659996,-0.3751068,0.618763447,0.2741484
-95.67163,-1.02829492,0.557392955,0.5482839
-92.94648,-2.70604968,0.557403445,0.548288167
-92.54798,-3.55497241,0.5573941,0.13707298
-92.3223,-4.073939,0.6036894,0.06853267
-92.5622559,-3.79208374,0.5573152,0.06853113
-92.97504,-3.18027759,0.557415664,0.274139822
-93.8006,-1.95665991,0.5573914,1.096593
-92.1452255,-3.26641345,0.541589558,0.137075111
-91.87671,-3.07404065,0.343691915,0.137075111
-92.12093,-3.92966723,0.549542248,0.137064636
-92.22662,-3.55162549,0.5020132,0.13707298
-92.49087,-2.60650635,0.55741787,0.274137855
-92.0759659,-2.649582,0.489239275,0.0685334653
-91.888855,-2.74242139,0.331970662,0.06853207
-92.2509155,-2.88836169,0.557304561,0.137077317
-91.44965,-3.44874072,0.316885382,1.09657013
-87.12197,-6.247228,0.33037743,8.772661
-84.77103,-7.739309,0.314769924,0.548294365
-84.28686,-7.165563,0.3147999,0.137060016
-84.04476,-6.87868738,0.290992647,0.0342686065
-83.9105,-6.782491,0.08039983,0.0342670456
-84.05905,-7.115799,0.233444959,0.06853615
-84.3154144,-7.63978052,0.3148205,0.274124354
-84.82815,-8.687755,0.314768553,1.09656751
-85.46231,-6.41951,0.320527226,1.09657574
-84.6324844,-6.505656,0.314768344,0.274133
-84.21758,-6.54873657,0.314833641,0.06853816
-83.96334,-6.59347,0.103602834,0.0342707857
-84.0976,-6.68966675,0.314789057,0.0342723429
-84.39254,-6.78752136,0.314795882,0.137068361
-84.9824142,-6.98322535,0.3147707,0.548294365
-82.84286,-7.719218,0.07670389,2.19312954
-83.9454651,-8.962911,0.163238466,0.137071475
-84.14472,-8.538452,0.3147591,0.06853067
-83.95761,-8.631291,0.148328573,0.068534866
-83.62411,-8.959569,0.07670126,0.274133652
-84.3482361,-9.251465,0.305149078,0.548275352
-83.80695,-7.72927856,0.07724648,0.137082845
-84.07547,-7.921646,0.235031962,0.137070566
-83.77839,-7.25504065,0.100188844,0.27416566
-83.46129,-8.389165,0.07669848,0.2741401
-83.87621,-8.346105,0.08709424,0.068534866
-84.06332,-8.253265,0.2818381,0.06853067
-83.70125,-8.10732,0.07669394,0.137078911
-72.80494,-15.95578,0.06207851,17.5449982
-77.39256,-11.0747223,0.07669736,2.19310856
-76.48989,-13.1505995,0.0763048455,1.09657454
-77.44969,-12.0231733,0.06871373,1.0965842
-79.10078,-9.57595348,0.0768477,4.386231
-75.68435,-12.5735016,0.0570484363,2.19314718
-76.48133,-10.8756609,0.0715695,1.09656775
-75.73292,-11.247014,0.0644298047,1.096592
-74.39891,-12.56012,0.0575229526,4.38617468
-68.73722,-16.6717072,0.062215548,35.0900879
-331.880524,-23.08909,0.0221219044,17.5073757
-334.894623,-20.1333923,0.024453897,8.75346
-332.1523,-20.2410736,0.0245532654,8.753486
-337.358948,-15.7805939,0.04332476,8.753398
-340.098175,-12.1263628,0.028365517,4.37680864
-337.905548,-13.6311188,0.03823492,4.37672567
-333.7952,-17.3391933,0.0366658121,17.5072556
-238.307739,30.0460453,0.145995468,22.4964161
-316.3113,-41.46884,0.01587143,24.52522
-233.942245,32.05032,0.144788846,30.8955536
-227.051147,33.5075951,0.1344538,7.723937
-224.111313,33.63113,0.119153433,7.723993
-230.5439,31.0254154,0.135333627,15.4478741
-301.875824,-51.0679474,0.01544447,24.557951
-290.4285,-61.4780159,0.0213549249,36.9935722
-296.297028,-57.57779,0.0182645023,36.9934769
-237.804764,20.1174469,0.102683939,10.2368383
-239.02449,22.3712616,0.124966323,10.23687
-240.058777,16.82224,0.09610221,5.11840725
-241.162643,14.1992846,0.07260241,2.55928636
-241.208984,16.1499939,0.08640481,2.559267
-241.3017,20.0513973,0.110120706,2.55917764
-241.348068,22.0021114,0.123121977,2.55921149
-240.105148,18.7729435,0.102279983,5.11839342
-243.134888,11.3159685,0.0499352925,2.559146
-244.3314,12.5944166,0.102547318,1.27961516
-243.158035,12.2913208,0.05537687,1.27959681
-244.543655,9.25647,0.0574038252,2.55919814
-244.894913,11.7706146,0.110762909,1.27960122
-244.28508,10.6437225,0.0565649346,1.27958238
-246.797684,5.96124268,0.0636816,5.11851072
-246.010361,9.635345,0.08056056,1.279564
-245.470016,11.4344893,0.0864263,1.27955711
-245.693848,8.584218,0.0634926558,2.55924225
-243.55571,16.7561855,0.104734637,5.118566
-242.768417,20.4302826,0.115966849,1.2795831
-242.228073,22.22944,0.126014963,1.27958286
-242.4519,19.37915,0.107459754,2.55926657
-243.791138,14.3935747,0.104841053,2.559161
-242.594559,13.1151228,0.05820991,1.27954221
-243.767929,13.4182177,0.105044328,1.27956057
-242.38237,16.4531,0.1047811,2.559178
-242.042679,14.4266052,0.0851208344,0.6398585
-242.019485,13.4512434,0.07606414,0.639852
-242.640945,15.0658417,0.104779415,1.27962267
-250.765381,1.16997278,0.0651900247,10.2366962
-253.019409,-2.125229,0.03472897,10.2367907
-256.940765,-8.867198,0.048608277,5.118375
-260.028473,-13.8857832,0.0239601582,2.55922914
-258.3611,-10.4390211,0.03753445,2.55922246
-255.566772,-5.34466028,0.04739685,5.11840534
-253.899414,-1.89790344,0.06609758,5.118245
-249.978073,4.844055,0.06663119,10.236825
-248.063721,10.1657667,0.0946186557,5.11829329
-248.5577,6.41588831,0.0891003162,5.118327
-245.562729,15.335907,0.105066314,5.11841059
-243.771927,19.7201443,0.111291349,1.27952385
-242.668091,22.3431034,0.144046992,0.6398234
-243.20842,20.5439453,0.135227889,0.6398235
-244.435745,16.9835148,0.10492453,2.55907083
-247.01387,8.925206,0.06595069,1.27952778
-245.910034,11.548152,0.09732878,0.63982904
-246.450363,9.749008,0.0920691639,0.6398325
-247.677689,6.188568,0.06368454,2.55907226
-246.643372,11.73759,0.10020712,5.11839056
-267.670532,-23.5440826,0.0227295849,40.94775
-278.3539,-40.1717033,0.006793878,10.2368507
-284.8226,-50.1331062,0.0137514574,5.118342
-280.901245,-43.39114,0.008315023,5.11832476
-272.765259,-29.9829559,0.00709285447,20.4737225
-263.35553,-14.9650726,0.02774026,10.2369156
-261.00116,-9.757075,0.04838306,5.11831856
-261.788483,-13.4311523,0.0329261422,5.11827135
-257.0798,-3.01507068,0.04759612,10.2365446
-259.140778,-8.298879,0.0522232056,5.11833572
-260.908478,-13.6584778,0.03298163,2.55927682
-260.121124,-9.984401,0.0484203957,2.55930042
-251.1978,7.097885,0.0605826862,10.2368069
-246.589432,15.60114,0.105069406,2.5592463
-243.79509,20.69551,0.114099845,1.2796731
-245.462418,17.2487431,0.10507676,1.27967131
-248.110062,12.1164808,0.100875482,2.55924463
-249.77742,8.669713,0.146644145,2.55949187
-255.906448,-3.31818128,0.06301607,20.4735527
-237.323349,24.5743961,0.119202845,17.669529
-239.701736,26.6729527,0.142553687,15.6729889
-224.343628,30.8480587,0.06109053,0.847031534
-226.302322,31.0576725,0.133998737,0.4235015
-225.018921,31.1846,0.0899970159,0.105849139
-224.374161,31.2117062,0.0551183522,0.105849274
-225.3291,31.0255985,0.126218528,0.211745486
-222.42157,31.0747929,0.0554310344,1.6940403
-226.898239,30.4487915,0.133997634,1.69396508
-225.584274,30.2120724,0.06093831,1.69395506
-230.036545,29.29519,0.1359232,6.77597666
-223.4742,32.0523033,0.0551173836,0.423508227
-223.523071,32.6340942,0.121001706,0.423511684
-222.829422,32.07939,0.05511742,0.846964955
-221.825684,31.6836853,0.05702922,1.69395173
-225.384033,31.680109,0.134000629,0.4235054
-224.392456,31.4298611,0.110398479,0.21174407
-225.037231,31.4027557,0.130355731,0.211743787
-226.338943,31.4940281,0.13399756,0.8470036
-224.143387,32.3161,0.133294433,0.423479527
-224.094528,31.7343082,0.06963399,0.42347607
-224.788132,32.2890053,0.134001255,0.846992731
-220.633865,32.90146,0.05638766,3.38798285
-222.25795,32.9791679,0.0558789037,0.846972644
-222.927139,33.2429771,0.102435619,0.8470203
-221.351883,33.7470551,0.0566061661,1.69394743
-207.407578,31.870575,0,68.34641
-200.570557,35.8628845,0,16.61251
-196.897751,35.6703835,0,36.22897
-193.808716,40.1075134,0,27.3915844
-188.63826,40.3741264,0,27.86045
-182.331543,39.0863762,0.00369007257,6.9652276
-179.178223,38.44252,0.04997605,1.7412169
-177.293991,37.9964333,0.0267312825,0.8706573
-178.60199,37.8953819,0.0446664728,0.8706761
-181.179062,37.99207,0.006484445,3.48245454
-186.333267,38.1855164,0,13.9304476
-174.257263,36.456028,0.0314080678,3.48253226
-175.720749,35.1596069,0.000185510027,1.741264
-175.565247,36.35496,0.0511696562,1.741326
-172.48967,35.11343,0.00871967,6.965004
-167.490967,33.7246246,0,3.4825983
-163.761368,32.53358,0.0238622669,1.74134433
-166.299591,32.92915,0,1.74132562
-171.337158,34.01913,0,6.96516752
-184.028275,35.9969139,0,13.93012
-178.258987,35.5551758,0.021432057,3.48258162
-176.795517,36.85158,0.0499763936,1.741323
-176.951,35.65623,0.01928957,1.741261
-181.334579,36.79671,0.001460478,3.48255134
-178.372177,37.1735229,0.0495794751,0.4353034
-178.987289,37.42183,0.0463920422,0.4353749
-177.37175,37.3987465,0.0499807261,0.8706216
-179.3726,36.9483,0.0717162,0.43532005
-178.757492,36.6999931,0.04132399,0.435286462
-179.757919,36.47478,0.0108836181,0.8706383
-60.208622,-19.59759,0.0541882254,13.3328934
-62.56473,-22.3363953,0.0675968155,6.66638565
-62.511158,-19.759079,0.0515999049,6.666451
