hitech_shared_frontage,352.0687,0.2150249,27.14193
hitech_shared_frontage,351.8515,0.2150249,27.24291
hitech_shared_frontage,351.6344,0.2150249,27.34391
hitech_shared_frontage,351.4172,0.2150249,27.44489
hitech_shared_frontage,351.2,0.2150249,27.5459
hitech_shared_frontage,350.9828,0.2150249,27.64688
hitech_shared_frontage,350.7656,0.2150249,27.74788
hitech_shared_frontage,350.5485,0.2150249,27.84888
hitech_shared_frontage,350.3313,0.2150249,27.94986
hitech_shared_frontage,350.1141,0.2150249,28.05085
hitech_shared_frontage,349.8969,0.2150249,28.15185
hitech_shared_frontage,349.6797,0.2150249,28.25285
hitech_shared_frontage,349.4626,0.2150249,28.35384
hitech_shared_frontage,349.2454,0.2150249,28.45484
hitech_shared_frontage,349.0282,0.2150249,28.55584
hitech_shared_frontage,348.811,0.2150249,28.65682
hitech_shared_frontage,348.5939,0.2150249,28.75781
hitech_shared_frontage,348.3767,0.2150249,28.85881
hitech_shared_frontage,348.1595,0.2150249,28.95981
hitech_shared_frontage,347.9423,0.2150249,29.06079
hitech_shared_frontage,347.7251,0.2150249,29.1618
hitech_shared_frontage,347.508,0.2150249,29.26277
hitech_shared_frontage,347.2908,0.2150249,29.36378
hitech_shared_frontage,347.0736,0.2150249,29.46476
hitech_shared_frontage,346.8564,0.2150249,29.56577
hitech_shared_frontage,346.6393,0.2150249,29.66675
hitech_shared_frontage,346.4221,0.2150249,29.76776
hitech_shared_frontage,346.2049,0.2150249,29.86874
hitech_shared_frontage,345.9877,0.2150249,29.96974
hitech_shared_frontage,345.7706,0.2150249,30.07072
hitech_shared_frontage,345.5534,0.2150249,30.17173
hitech_shared_frontage,345.3362,0.2150249,30.27271
hitech_shared_frontage,345.119,0.2150249,30.37371
hitech_shared_frontage,344.9018,0.2150249,30.47471
hitech_shared_frontage,344.6847,0.2150249,30.57569
hitech_shared_frontage,344.4675,0.2150249,30.67669
hitech_shared_frontage,344.2503,0.2150249,30.77768
hitech_shared_frontage,344.0331,0.2150249,30.87868
hitech_shared_frontage,343.8159,0.2150249,30.97968
hitech_shared_frontage,343.5988,0.2150249,31.08067
hitech_shared_frontage,343.3816,0.2150249,31.18167
hitech_shared_frontage,343.1644,0.2150249,31.28265
hitech_shared_frontage,342.9472,0.2150249,31.38365
hitech_shared_frontage,342.7301,0.2150249,31.48464
hitech_shared_frontage,342.5129,0.2150249,31.58564
hitech_shared_frontage,342.2957,0.2150249,31.68663
hitech_shared_frontage,342.0785,0.2150249,31.78763
hitech_shared_frontage,341.8614,0.2150249,31.8886
hitech_shared_frontage,341.6442,0.2150249,31.98961
hitech_shared_frontage,341.427,0.2150249,32.09059
hitech_shared_frontage,341.2098,0.2150249,32.1916
hitech_shared_frontage,340.9926,0.2150249,32.29258
hitech_shared_frontage,340.7755,0.2150249,32.39359
hitech_shared_frontage,340.5583,0.2150249,32.49458
hitech_shared_frontage,340.3411,0.2150249,32.59557
hitech_shared_frontage,340.124,0.2150249,32.69656
hitech_shared_frontage,339.9068,0.2150249,32.79757
hitech_shared_frontage,339.6896,0.2150249,32.89854
hitech_shared_frontage,339.4724,0.2150249,32.99956
hitech_shared_frontage,339.2552,0.2150249,33.10054
hitech_shared_frontage,339.0381,0.2150249,33.20154
hitech_shared_frontage,338.8209,0.2150249,33.30252
hitech_shared_frontage,338.6037,0.2150249,33.40351
hitech_shared_frontage,338.3865,0.2150249,33.50451
hitech_shared_frontage,338.1693,0.2150249,33.60551
hitech_shared_frontage,337.9521,0.2150249,33.7065
hitech_shared_frontage,337.735,0.2150249,33.8075
hitech_shared_frontage,337.5178,0.2150249,33.90848
hitech_shared_frontage,337.3007,0.2150249,34.00948
hitech_shared_frontage,337.0835,0.2150249,34.11047
hitech_shared_frontage,336.8663,0.2150249,34.21147
hitech_shared_frontage,336.6491,0.2150249,34.31247
hitech_shared_frontage,336.4319,0.2150249,34.41346
hitech_shared_frontage,336.2148,0.2150249,34.51444
hitech_shared_frontage,335.9976,0.2150249,34.61544
hitech_shared_frontage,335.7804,0.2150249,34.71642
hitech_shared_frontage,335.5632,0.2150249,34.81744
hitech_shared_frontage,335.346,0.2150249,34.91842
hitech_shared_frontage,335.1288,0.2150249,35.01942
hitech_shared_frontage,334.9117,0.2150249,35.12041
hitech_shared_frontage,334.6945,0.2150249,35.22141
hitech_shared_frontage,334.4773,0.2150249,35.32239
hitech_shared_frontage,334.2602,0.2150249,35.4234
hitech_shared_frontage,334.043,0.2150249,35.52438
hitech_shared_frontage,333.8258,0.2150249,35.62537
hitech_shared_frontage,333.6086,0.2150249,35.72637
hitech_shared_frontage,333.3915,0.2150249,35.82737
hitech_shared_frontage,333.1743,0.2150249,35.92835
hitech_shared_frontage,332.9571,0.2150249,36.02933
hitech_shared_frontage,332.7399,0.2150249,36.13034
hitech_shared_frontage,332.5227,0.2150249,36.23132
hitech_shared_frontage,332.3055,0.2150249,36.33234
hitech_shared_frontage,332.0884,0.2150249,36.4333
hitech_shared_frontage,331.8712,0.2150249,36.53431
hitech_shared_frontage,331.654,0.2150249,36.63529
hitech_shared_frontage,331.4369,0.2150249,36.73631
hitech_shared_frontage,331.2197,0.2150249,36.83729
hitech_shared_frontage,331.0025,0.2150249,36.9383
hitech_shared_frontage,330.7853,0.2150249,37.03927
hitech_shared_frontage,330.5682,0.2150249,37.14027
hitech_shared_frontage,330.351,0.2150249,37.24126
hitech_shared_frontage,330.1338,0.2150249,37.34227
hitech_shared_frontage,329.9166,0.2150249,37.44326
hitech_shared_frontage,329.6994,0.2150249,37.54425
hitech_shared_frontage,329.4822,0.2150249,37.64525
hitech_shared_frontage,329.2651,0.2150249,37.74622
hitech_shared_frontage,329.0479,0.2150249,37.84723
hitech_shared_frontage,328.8307,0.2150249,37.94822
hitech_shared_frontage,328.6136,0.2150249,38.04922
hitech_shared_frontage,328.3964,0.2150249,38.15021
hitech_shared_frontage,328.1792,0.2150249,38.25121
hitech_shared_frontage,327.962,0.2150249,38.3522
hitech_shared_frontage,327.7449,0.2150249,38.45319
hitech_shared_frontage,327.5277,0.2150249,38.55418
hitech_shared_frontage,327.3105,0.2150249,38.65518
hitech_shared_frontage,327.0933,0.2150249,38.75617
hitech_shared_frontage,326.8761,0.2150249,38.85716
hitech_shared_frontage,326.6589,0.2150249,38.95817
hitech_shared_frontage,326.4418,0.2150249,39.05916
hitech_shared_frontage,326.2246,0.2150249,39.16014
hitech_shared_frontage,326.0074,0.2150249,39.26114
hitech_shared_frontage,325.7903,0.2150249,39.36214
hitech_shared_frontage,325.5731,0.2150249,39.46313
hitech_shared_frontage,325.3559,0.2150249,39.56413
hitech_shared_frontage,325.1387,0.2150249,39.66512
hitech_shared_frontage,324.9215,0.2150249,39.76611
hitech_shared_frontage,324.7044,0.2150249,39.8671
hitech_shared_frontage,324.4872,0.2150249,39.9681
hitech_shared_frontage,324.27,0.2150249,40.06909
hitech_shared_frontage,324.0528,0.2150249,40.17008
hitech_shared_frontage,323.8356,0.2150249,40.27108
hitech_shared_frontage,323.6185,0.2150249,40.37206
hitech_shared_frontage,323.4013,0.2150249,40.47306
hitech_shared_frontage,323.1841,0.2150249,40.57405
hitech_shared_frontage,322.9669,0.2150249,40.67506
hitech_shared_frontage,322.7498,0.2150249,40.77604
hitech_shared_frontage,322.5326,0.2150249,40.87704
hitech_shared_frontage,322.3154,0.2150249,40.97802
hitech_shared_frontage,322.0982,0.2150249,41.07903
hitech_shared_frontage,352.1214,0.2126291,27.25527
hitech_shared_frontage,351.9042,0.2126291,27.35625
hitech_shared_frontage,351.687,0.2126291,27.45725
hitech_shared_frontage,351.4698,0.2126291,27.55823
hitech_shared_frontage,351.2527,0.2126291,27.65924
hitech_shared_frontage,351.0355,0.2126291,27.76022
hitech_shared_frontage,350.8183,0.2126291,27.86123
hitech_shared_frontage,350.6011,0.2126291,27.96222
hitech_shared_frontage,350.384,0.2126291,28.06322
hitech_shared_frontage,350.1668,0.2126291,28.16419
hitech_shared_frontage,349.9496,0.2126291,28.2652
hitech_shared_frontage,349.7325,0.2126291,28.36619
hitech_shared_frontage,349.5153,0.2126291,28.46718
hitech_shared_frontage,349.2981,0.2126291,28.56818
hitech_shared_frontage,349.0809,0.2126291,28.66918
hitech_shared_frontage,348.8637,0.2126291,28.77015
hitech_shared_frontage,348.6465,0.2126291,28.87115
hitech_shared_frontage,348.4294,0.2126291,28.97215
hitech_shared_frontage,348.2122,0.2126291,29.07314
hitech_shared_frontage,347.995,0.2126291,29.17414
hitech_shared_frontage,347.7778,0.2126291,29.27514
hitech_shared_frontage,347.5607,0.2126291,29.37613
hitech_shared_frontage,347.3435,0.2126291,29.47712
hitech_shared_frontage,347.1263,0.2126291,29.57811
hitech_shared_frontage,346.9091,0.2126291,29.67911
hitech_shared_frontage,346.692,0.2126291,29.78009
hitech_shared_frontage,346.4748,0.2126291,29.8811
hitech_shared_frontage,346.2576,0.2126291,29.98208
hitech_shared_frontage,346.0405,0.2126291,30.08308
hitech_shared_frontage,345.8232,0.2126291,30.18406
hitech_shared_frontage,345.6061,0.2126291,30.28507
hitech_shared_frontage,345.3889,0.2126291,30.38605
hitech_shared_frontage,345.1717,0.2126291,30.48706
hitech_shared_frontage,344.9545,0.2126291,30.58805
hitech_shared_frontage,344.7374,0.2126291,30.68906
hitech_shared_frontage,344.5202,0.2126291,30.79002
hitech_shared_frontage,344.303,0.2126291,30.89104
hitech_shared_frontage,344.0858,0.2126291,30.99202
hitech_shared_frontage,343.8687,0.2126291,31.09301
hitech_shared_frontage,343.6515,0.2126291,31.19401
hitech_shared_frontage,343.4343,0.2126291,31.29501
hitech_shared_frontage,343.2172,0.2126291,31.39599
hitech_shared_frontage,342.9999,0.2126291,31.49698
hitech_shared_frontage,342.7828,0.2126291,31.59798
hitech_shared_frontage,342.5656,0.2126291,31.69898
hitech_shared_frontage,342.3484,0.2126291,31.79997
hitech_shared_frontage,342.1312,0.2126291,31.90097
hitech_shared_frontage,341.9141,0.2126291,32.00197
hitech_shared_frontage,341.6969,0.2126291,32.10295
hitech_shared_frontage,341.4797,0.2126292,32.20394
hitech_shared_frontage,341.2625,0.2126292,32.30494
hitech_shared_frontage,341.0453,0.2126292,32.40594
hitech_shared_frontage,340.8282,0.2126292,32.50694
hitech_shared_frontage,340.611,0.2126292,32.60792
hitech_shared_frontage,340.3939,0.2126292,32.70891
hitech_shared_frontage,340.1767,0.2126292,32.80989
hitech_shared_frontage,339.9595,0.2126292,32.9109
hitech_shared_frontage,339.7423,0.2126292,33.01189
hitech_shared_frontage,339.5251,0.2126292,33.1129
hitech_shared_frontage,339.3079,0.2126292,33.21388
hitech_shared_frontage,339.0908,0.2126292,33.31487
hitech_shared_frontage,338.8736,0.2126292,33.41586
hitech_shared_frontage,338.6564,0.2126292,33.51687
hitech_shared_frontage,338.4392,0.2126292,33.61785
hitech_shared_frontage,338.222,0.2126292,33.71886
hitech_shared_frontage,338.0049,0.2126292,33.81984
hitech_shared_frontage,337.7877,0.2126292,33.92084
hitech_shared_frontage,337.5705,0.2126292,34.02184
hitech_shared_frontage,337.3534,0.2126292,34.12282
hitech_shared_frontage,337.1362,0.2126292,34.22381
hitech_shared_frontage,336.919,0.2126292,34.32481
hitech_shared_frontage,336.7018,0.2126292,34.4258
hitech_shared_frontage,336.4846,0.2126292,34.5268
hitech_shared_frontage,336.2675,0.2126292,34.6278
hitech_shared_frontage,336.0503,0.2126292,34.72878
hitech_shared_frontage,335.8331,0.2126292,34.82978
hitech_shared_frontage,335.6159,0.2126292,34.93077
hitech_shared_frontage,335.3987,0.2126292,35.03177
hitech_shared_frontage,335.1816,0.2126292,35.13277
hitech_shared_frontage,334.9644,0.2126292,35.23375
hitech_shared_frontage,334.7472,0.2126292,35.33474
hitech_shared_frontage,334.5301,0.2126292,35.43573
hitech_shared_frontage,334.3129,0.2126292,35.53674
hitech_shared_frontage,334.0957,0.2126292,35.63772
hitech_shared_frontage,333.8785,0.2126292,35.73873
hitech_shared_frontage,333.6613,0.2126292,35.83971
hitech_shared_frontage,333.4442,0.2126292,35.9407
hitech_shared_frontage,333.227,0.2126292,36.04169
hitech_shared_frontage,333.0098,0.2126292,36.1427
hitech_shared_frontage,332.7926,0.2126292,36.24368
hitech_shared_frontage,332.5754,0.2126292,36.34469
hitech_shared_frontage,332.3583,0.2126292,36.44567
hitech_shared_frontage,332.1411,0.2126292,36.54667
hitech_shared_frontage,331.9239,0.2126292,36.64765
hitech_shared_frontage,331.7068,0.2126292,36.74865
hitech_shared_frontage,331.4896,0.2126292,36.84965
hitech_shared_frontage,331.2724,0.2126292,36.95063
hitech_shared_frontage,331.0552,0.2126293,37.05164
hitech_shared_frontage,330.838,0.2126293,37.15263
hitech_shared_frontage,330.6208,0.2126293,37.25363
hitech_shared_frontage,330.4037,0.2126293,37.35461
hitech_shared_frontage,330.1865,0.2126293,37.45561
hitech_shared_frontage,329.9693,0.2126293,37.55659
hitech_shared_frontage,329.7521,0.2126293,37.6576
hitech_shared_frontage,329.535,0.2126293,37.75859
hitech_shared_frontage,329.3178,0.2126293,37.8596
hitech_shared_frontage,329.1006,0.2126293,37.96058
hitech_shared_frontage,328.8834,0.2126293,38.06156
hitech_shared_frontage,328.6663,0.2126293,38.16256
hitech_shared_frontage,328.4491,0.2126293,38.26355
hitech_shared_frontage,328.2319,0.2126293,38.36456
hitech_shared_frontage,328.0147,0.2126293,38.46555
hitech_shared_frontage,327.7975,0.2126293,38.56655
hitech_shared_frontage,327.5804,0.2126293,38.66752
hitech_shared_frontage,327.3632,0.2126293,38.76852
hitech_shared_frontage,327.146,0.2126293,38.86951
hitech_shared_frontage,326.9288,0.2126293,38.97052
hitech_shared_frontage,326.7116,0.2126293,39.07151
hitech_shared_frontage,326.4945,0.2126293,39.17251
hitech_shared_frontage,326.2773,0.2126293,39.27348
hitech_shared_frontage,326.0601,0.2126293,39.37447
hitech_shared_frontage,325.843,0.2126293,39.47548
hitech_shared_frontage,325.6258,0.2126293,39.57647
hitech_shared_frontage,325.4086,0.2126293,39.67747
hitech_shared_frontage,325.1914,0.2126293,39.77846
hitech_shared_frontage,324.9743,0.2126293,39.87945
hitech_shared_frontage,324.7571,0.2126293,39.98044
hitech_shared_frontage,324.5399,0.2126293,40.08144
hitech_shared_frontage,324.3227,0.2126293,40.18243
hitech_shared_frontage,324.1055,0.2126293,40.28343
hitech_shared_frontage,323.8884,0.2126293,40.38442
hitech_shared_frontage,323.6712,0.2126293,40.48543
hitech_shared_frontage,323.454,0.2126293,40.58642
hitech_shared_frontage,323.2368,0.2126293,40.6874
hitech_shared_frontage,323.0197,0.2126293,40.78839
hitech_shared_frontage,322.8025,0.2126293,40.88938
hitech_shared_frontage,322.5853,0.2126293,40.99039
hitech_shared_frontage,322.3681,0.2126293,41.09138
hitech_shared_frontage,322.1509,0.2126293,41.19238
hitech_shared_frontage,352.1741,0.2102329,27.36861
hitech_shared_frontage,351.9569,0.2102329,27.46959
hitech_shared_frontage,351.7397,0.2102329,27.5706
hitech_shared_frontage,351.5226,0.2102329,27.67157
hitech_shared_frontage,351.3054,0.2102329,27.77258
hitech_shared_frontage,351.0882,0.2102329,27.87356
hitech_shared_frontage,350.871,0.2102329,27.97457
hitech_shared_frontage,350.6539,0.2102329,28.07555
hitech_shared_frontage,350.4367,0.2102329,28.17657
hitech_shared_frontage,350.2195,0.210233,28.27753
hitech_shared_frontage,350.0023,0.210233,28.37854
hitech_shared_frontage,349.7852,0.210233,28.47952
hitech_shared_frontage,349.568,0.210233,28.58054
hitech_shared_frontage,349.3508,0.210233,28.68152
hitech_shared_frontage,349.1336,0.210233,28.78251
hitech_shared_frontage,348.9164,0.210233,28.88351
hitech_shared_frontage,348.6993,0.210233,28.98449
hitech_shared_frontage,348.4821,0.210233,29.08549
hitech_shared_frontage,348.2649,0.210233,29.18649
hitech_shared_frontage,348.0477,0.210233,29.28748
hitech_shared_frontage,347.8306,0.210233,29.38848
hitech_shared_frontage,347.6134,0.210233,29.48947
hitech_shared_frontage,347.3962,0.210233,29.59046
hitech_shared_frontage,347.179,0.210233,29.69145
hitech_shared_frontage,346.9619,0.210233,29.79245
hitech_shared_frontage,346.7447,0.210233,29.89344
hitech_shared_frontage,346.5275,0.210233,29.99444
hitech_shared_frontage,346.3103,0.210233,30.09544
hitech_shared_frontage,346.0931,0.210233,30.19643
hitech_shared_frontage,345.876,0.210233,30.2974
hitech_shared_frontage,345.6588,0.210233,30.39841
hitech_shared_frontage,345.4416,0.210233,30.49939
hitech_shared_frontage,345.2244,0.2102331,30.6004
hitech_shared_frontage,345.0072,0.2102331,30.70139
hitech_shared_frontage,344.7901,0.2102331,30.8024
hitech_shared_frontage,344.5729,0.2102331,30.90336
hitech_shared_frontage,344.3557,0.2102331,31.00438
hitech_shared_frontage,344.1385,0.2102331,31.10536
hitech_shared_frontage,343.9214,0.2102331,31.20637
hitech_shared_frontage,343.7042,0.2102331,31.30735
hitech_shared_frontage,343.487,0.2102331,31.40836
hitech_shared_frontage,343.2698,0.2102331,31.50934
hitech_shared_frontage,343.0527,0.2102331,31.61034
hitech_shared_frontage,342.8355,0.2102331,31.71132
hitech_shared_frontage,342.6183,0.2102331,31.81232
hitech_shared_frontage,342.4011,0.2102331,31.91331
hitech_shared_frontage,342.184,0.2102331,32.01431
hitech_shared_frontage,341.9668,0.2102331,32.1153
hitech_shared_frontage,341.7496,0.2102331,32.21629
hitech_shared_frontage,341.5324,0.2102331,32.31728
hitech_shared_frontage,341.3152,0.2102331,32.41828
hitech_shared_frontage,341.0981,0.2102331,32.51928
hitech_shared_frontage,340.8809,0.2102331,32.62027
hitech_shared_frontage,340.6637,0.2102332,32.72127
hitech_shared_frontage,340.4465,0.2102332,32.82227
hitech_shared_frontage,340.2294,0.2102332,32.92325
hitech_shared_frontage,340.0122,0.2102332,33.02425
hitech_shared_frontage,339.795,0.2102332,33.12523
hitech_shared_frontage,339.5778,0.2102332,33.22623
hitech_shared_frontage,339.3607,0.2102332,33.32722
hitech_shared_frontage,339.1435,0.2102332,33.42823
hitech_shared_frontage,338.9263,0.2102332,33.52921
hitech_shared_frontage,338.7091,0.2102332,33.63021
hitech_shared_frontage,338.4919,0.2102332,33.73119
hitech_shared_frontage,338.2748,0.2102332,33.8322
hitech_shared_frontage,338.0576,0.2102332,33.93318
hitech_shared_frontage,337.8404,0.2102332,34.03419
hitech_shared_frontage,337.6232,0.2102332,34.13517
hitech_shared_frontage,337.4061,0.2102332,34.23617
hitech_shared_frontage,337.1889,0.2102332,34.33715
hitech_shared_frontage,336.9717,0.2102332,34.43815
hitech_shared_frontage,336.7545,0.2102332,34.53915
hitech_shared_frontage,336.5373,0.2102332,34.64014
hitech_shared_frontage,336.3202,0.2102332,34.74114
hitech_shared_frontage,336.103,0.2102332,34.84212
hitech_shared_frontage,335.8858,0.2102332,34.94312
hitech_shared_frontage,335.6686,0.2102332,35.04411
hitech_shared_frontage,335.4515,0.2102332,35.14511
hitech_shared_frontage,335.2343,0.2102332,35.24611
hitech_shared_frontage,335.0171,0.2102333,35.3471
hitech_shared_frontage,334.7999,0.2102333,35.4481
hitech_shared_frontage,334.5828,0.2102333,35.54908
hitech_shared_frontage,334.3656,0.2102333,35.65008
hitech_shared_frontage,334.1484,0.2102333,35.75107
hitech_shared_frontage,333.9312,0.2102333,35.85207
hitech_shared_frontage,333.714,0.2102333,35.95305
hitech_shared_frontage,333.4969,0.2102333,36.05406
hitech_shared_frontage,333.2797,0.2102333,36.15503
hitech_shared_frontage,333.0625,0.2102333,36.25604
hitech_shared_frontage,332.8453,0.2102333,36.35702
hitech_shared_frontage,332.6282,0.2102333,36.45803
hitech_shared_frontage,332.411,0.2102333,36.55901
hitech_shared_frontage,332.1938,0.2102333,36.66003
hitech_shared_frontage,331.9766,0.2102333,36.76101
hitech_shared_frontage,331.7595,0.2102333,36.862
hitech_shared_frontage,331.5423,0.2102333,36.96298
hitech_shared_frontage,331.3251,0.2102333,37.064
hitech_shared_frontage,331.1079,0.2102333,37.16498
hitech_shared_frontage,330.8907,0.2102333,37.26597
hitech_shared_frontage,330.6736,0.2102333,37.36697
hitech_shared_frontage,330.4564,0.2102333,37.46794
hitech_shared_frontage,330.2392,0.2102333,37.56895
hitech_shared_frontage,330.022,0.2102334,37.66994
hitech_shared_frontage,329.8049,0.2102334,37.77094
hitech_shared_frontage,329.5877,0.2102334,37.87193
hitech_shared_frontage,329.3705,0.2102334,37.97293
hitech_shared_frontage,329.1533,0.2102334,38.07392
hitech_shared_frontage,328.9362,0.2102334,38.17491
hitech_shared_frontage,328.719,0.2102334,38.2759
hitech_shared_frontage,328.5018,0.2102334,38.3769
hitech_shared_frontage,328.2846,0.2102334,38.47789
hitech_shared_frontage,328.0674,0.2102334,38.57888
hitech_shared_frontage,327.8503,0.2102334,38.67989
hitech_shared_frontage,327.6331,0.2102334,38.78086
hitech_shared_frontage,327.4159,0.2102334,38.88186
hitech_shared_frontage,327.1987,0.2102334,38.98285
hitech_shared_frontage,326.9815,0.2102334,39.08385
hitech_shared_frontage,326.7644,0.2102334,39.18484
hitech_shared_frontage,326.5472,0.2102334,39.28585
hitech_shared_frontage,326.33,0.2102334,39.38684
hitech_shared_frontage,326.1129,0.2102334,39.48783
hitech_shared_frontage,325.8957,0.2102334,39.58881
hitech_shared_frontage,325.6785,0.2102334,39.68982
hitech_shared_frontage,325.4613,0.2102334,39.79081
hitech_shared_frontage,325.2441,0.2102334,39.89181
hitech_shared_frontage,325.0269,0.2102334,39.9928
hitech_shared_frontage,324.8098,0.2102334,40.09378
hitech_shared_frontage,324.5926,0.2102334,40.19478
hitech_shared_frontage,324.3754,0.2102335,40.29577
hitech_shared_frontage,324.1582,0.2102335,40.39677
hitech_shared_frontage,323.9411,0.2102335,40.49776
hitech_shared_frontage,323.7239,0.2102335,40.59876
hitech_shared_frontage,323.5067,0.2102335,40.69975
hitech_shared_frontage,323.2896,0.2102335,40.80074
hitech_shared_frontage,323.0724,0.2102335,40.90173
hitech_shared_frontage,322.8552,0.2102335,41.00274
hitech_shared_frontage,322.638,0.2102335,41.10373
hitech_shared_frontage,322.4208,0.2102335,41.20473
hitech_shared_frontage,322.2036,0.2102335,41.30572
hitech_shared_frontage,352.2268,0.2078374,27.48195
hitech_shared_frontage,352.0096,0.2078374,27.58296
hitech_shared_frontage,351.7925,0.2078374,27.68394
hitech_shared_frontage,351.5753,0.2078374,27.78494
hitech_shared_frontage,351.3581,0.2078374,27.88592
hitech_shared_frontage,351.1409,0.2078374,27.98693
hitech_shared_frontage,350.9238,0.2078374,28.08791
hitech_shared_frontage,350.7065,0.2078374,28.18889
hitech_shared_frontage,350.4894,0.2078374,28.2899
hitech_shared_frontage,350.2722,0.2078374,28.39089
hitech_shared_frontage,350.0551,0.2078374,28.49188
hitech_shared_frontage,349.8379,0.2078374,28.59286
hitech_shared_frontage,349.6207,0.2078374,28.69387
hitech_shared_frontage,349.4035,0.2078374,28.79486
hitech_shared_frontage,349.1863,0.2078374,28.89587
hitech_shared_frontage,348.9691,0.2078374,28.99685
hitech_shared_frontage,348.752,0.2078374,29.09786
hitech_shared_frontage,348.5348,0.2078374,29.19883
hitech_shared_frontage,348.3176,0.2078374,29.29984
hitech_shared_frontage,348.1005,0.2078374,29.40082
hitech_shared_frontage,347.8832,0.2078374,29.50182
hitech_shared_frontage,347.6661,0.2078374,29.60281
hitech_shared_frontage,347.4489,0.2078374,29.70381
hitech_shared_frontage,347.2318,0.2078374,29.80479
hitech_shared_frontage,347.0146,0.2078374,29.90579
hitech_shared_frontage,346.7974,0.2078374,30.00678
hitech_shared_frontage,346.5802,0.2078374,30.10778
hitech_shared_frontage,346.363,0.2078374,30.20878
hitech_shared_frontage,346.1458,0.2078374,30.30977
hitech_shared_frontage,345.9287,0.2078374,30.41077
hitech_shared_frontage,345.7115,0.2078374,30.51175
hitech_shared_frontage,345.4943,0.2078374,30.61275
hitech_shared_frontage,345.2772,0.2078374,30.71374
hitech_shared_frontage,345.06,0.2078374,30.81474
hitech_shared_frontage,344.8428,0.2078374,30.91574
hitech_shared_frontage,344.6256,0.2078374,31.01672
hitech_shared_frontage,344.4084,0.2078374,31.11771
hitech_shared_frontage,344.1913,0.2078374,31.2187
hitech_shared_frontage,343.9741,0.2078374,31.31971
hitech_shared_frontage,343.7569,0.2078374,31.42069
hitech_shared_frontage,343.5397,0.2078374,31.5217
hitech_shared_frontage,343.3225,0.2078374,31.62268
hitech_shared_frontage,343.1053,0.2078374,31.72369
hitech_shared_frontage,342.8882,0.2078374,31.82466
hitech_shared_frontage,342.671,0.2078374,31.92567
hitech_shared_frontage,342.4539,0.2078374,32.02665
hitech_shared_frontage,342.2367,0.2078374,32.12766
hitech_shared_frontage,342.0195,0.2078374,32.22865
hitech_shared_frontage,341.8023,0.2078374,32.32964
hitech_shared_frontage,341.5851,0.2078374,32.43062
hitech_shared_frontage,341.368,0.2078374,32.53162
hitech_shared_frontage,341.1508,0.2078374,32.63261
hitech_shared_frontage,340.9336,0.2078374,32.73361
hitech_shared_frontage,340.7164,0.2078374,32.83461
hitech_shared_frontage,340.4992,0.2078374,32.93561
hitech_shared_frontage,340.282,0.2078374,33.0366
hitech_shared_frontage,340.0649,0.2078374,33.13758
hitech_shared_frontage,339.8477,0.2078374,33.23858
hitech_shared_frontage,339.6306,0.2078374,33.33958
hitech_shared_frontage,339.4134,0.2078374,33.44057
hitech_shared_frontage,339.1962,0.2078374,33.54157
hitech_shared_frontage,338.979,0.2078374,33.64255
hitech_shared_frontage,338.7618,0.2078374,33.74355
hitech_shared_frontage,338.5446,0.2078374,33.84453
hitech_shared_frontage,338.3275,0.2078374,33.94554
hitech_shared_frontage,338.1103,0.2078374,34.04652
hitech_shared_frontage,337.8931,0.2078374,34.14753
hitech_shared_frontage,337.6759,0.2078374,34.24851
hitech_shared_frontage,337.4587,0.2078374,34.34953
hitech_shared_frontage,337.2416,0.2078374,34.45049
hitech_shared_frontage,337.0244,0.2078374,34.5515
hitech_shared_frontage,336.8073,0.2078374,34.65248
hitech_shared_frontage,336.5901,0.2078374,34.75349
hitech_shared_frontage,336.3729,0.2078374,34.85448
hitech_shared_frontage,336.1557,0.2078374,34.95549
hitech_shared_frontage,335.9385,0.2078374,35.05645
hitech_shared_frontage,335.7213,0.2078374,35.15745
hitech_shared_frontage,335.5042,0.2078374,35.25845
hitech_shared_frontage,335.287,0.2078374,35.35944
hitech_shared_frontage,335.0698,0.2078374,35.46044
hitech_shared_frontage,334.8526,0.2078374,35.56144
hitech_shared_frontage,334.6354,0.2078374,35.66243
hitech_shared_frontage,334.4183,0.2078374,35.76341
hitech_shared_frontage,334.2011,0.2078374,35.86441
hitech_shared_frontage,333.9839,0.2078374,35.96541
hitech_shared_frontage,333.7668,0.2078374,36.0664
hitech_shared_frontage,333.5496,0.2078374,36.1674
hitech_shared_frontage,333.3324,0.2078374,36.26839
hitech_shared_frontage,333.1152,0.2078374,36.36938
hitech_shared_frontage,332.898,0.2078374,36.47036
hitech_shared_frontage,332.6809,0.2078374,36.57137
hitech_shared_frontage,332.4637,0.2078374,36.67236
hitech_shared_frontage,332.2465,0.2078374,36.77336
hitech_shared_frontage,332.0293,0.2078374,36.87434
hitech_shared_frontage,331.8121,0.2078374,36.97536
hitech_shared_frontage,331.595,0.2078374,37.07632
hitech_shared_frontage,331.3778,0.2078374,37.17733
hitech_shared_frontage,331.1606,0.2078374,37.27832
hitech_shared_frontage,330.9435,0.2078374,37.37932
hitech_shared_frontage,330.7263,0.2078374,37.48031
hitech_shared_frontage,330.5091,0.2078374,37.58131
hitech_shared_frontage,330.2919,0.2078374,37.68229
hitech_shared_frontage,330.0747,0.2078374,37.78328
hitech_shared_frontage,329.8576,0.2078374,37.88428
hitech_shared_frontage,329.6404,0.2078374,37.98527
hitech_shared_frontage,329.4232,0.2078374,38.08627
hitech_shared_frontage,329.206,0.2078374,38.18726
hitech_shared_frontage,328.9888,0.2078374,38.28827
hitech_shared_frontage,328.7717,0.2078374,38.38924
hitech_shared_frontage,328.5545,0.2078374,38.49024
hitech_shared_frontage,328.3373,0.2078374,38.59123
hitech_shared_frontage,328.1201,0.2078374,38.69224
hitech_shared_frontage,327.903,0.2078374,38.79322
hitech_shared_frontage,327.6858,0.2078374,38.89423
hitech_shared_frontage,327.4686,0.2078374,38.9952
hitech_shared_frontage,327.2514,0.2078374,39.09621
hitech_shared_frontage,327.0343,0.2078374,39.1972
hitech_shared_frontage,326.8171,0.2078374,39.29819
hitech_shared_frontage,326.5999,0.2078374,39.39919
hitech_shared_frontage,326.3827,0.2078374,39.50018
hitech_shared_frontage,326.1655,0.2078374,39.60118
hitech_shared_frontage,325.9484,0.2078374,39.70216
hitech_shared_frontage,325.7312,0.2078374,39.80316
hitech_shared_frontage,325.514,0.2078374,39.90415
hitech_shared_frontage,325.2968,0.2078374,40.00515
hitech_shared_frontage,325.0797,0.2078374,40.10614
hitech_shared_frontage,324.8625,0.2078374,40.20715
hitech_shared_frontage,324.6453,0.2078374,40.30812
hitech_shared_frontage,324.4281,0.2078374,40.40912
hitech_shared_frontage,324.2109,0.2078374,40.51011
hitech_shared_frontage,323.9938,0.2078374,40.6111
hitech_shared_frontage,323.7766,0.2078374,40.7121
hitech_shared_frontage,323.5594,0.2078374,40.8131
hitech_shared_frontage,323.3422,0.2078374,40.9141
hitech_shared_frontage,323.1251,0.2078374,41.01507
hitech_shared_frontage,322.9079,0.2078374,41.11607
hitech_shared_frontage,322.6907,0.2078374,41.21706
hitech_shared_frontage,322.4735,0.2078374,41.31807
hitech_shared_frontage,322.2563,0.2078374,41.41906
hitech_shared_frontage,352.2795,0.2054415,27.59529
hitech_shared_frontage,352.0623,0.2054415,27.6963
hitech_shared_frontage,351.8452,0.2054415,27.79728
hitech_shared_frontage,351.628,0.2054415,27.89829
hitech_shared_frontage,351.4108,0.2054415,27.99926
hitech_shared_frontage,351.1937,0.2054415,28.10027
hitech_shared_frontage,350.9765,0.2054415,28.20125
hitech_shared_frontage,350.7593,0.2054415,28.30226
hitech_shared_frontage,350.5421,0.2054415,28.40324
hitech_shared_frontage,350.3249,0.2054415,28.50425
hitech_shared_frontage,350.1077,0.2054415,28.60524
hitech_shared_frontage,349.8906,0.2054415,28.70622
hitech_shared_frontage,349.6734,0.2054415,28.80721
hitech_shared_frontage,349.4562,0.2054415,28.90821
hitech_shared_frontage,349.239,0.2054415,29.00921
hitech_shared_frontage,349.0219,0.2054415,29.11019
hitech_shared_frontage,348.8047,0.2054415,29.2112
hitech_shared_frontage,348.5875,0.2054415,29.31218
hitech_shared_frontage,348.3704,0.2054415,29.41318
hitech_shared_frontage,348.1532,0.2054415,29.51416
hitech_shared_frontage,347.936,0.2054415,29.61517
hitech_shared_frontage,347.7188,0.2054415,29.71615
hitech_shared_frontage,347.5016,0.2054415,29.81716
hitech_shared_frontage,347.2844,0.2054415,29.91814
hitech_shared_frontage,347.0673,0.2054415,30.01914
hitech_shared_frontage,346.8501,0.2054415,30.12012
hitech_shared_frontage,346.6329,0.2054415,30.22112
hitech_shared_frontage,346.4157,0.2054415,30.32211
hitech_shared_frontage,346.1985,0.2054415,30.42311
hitech_shared_frontage,345.9814,0.2054415,30.52411
hitech_shared_frontage,345.7642,0.2054415,30.6251
hitech_shared_frontage,345.547,0.2054415,30.72609
hitech_shared_frontage,345.3299,0.2054415,30.82708
hitech_shared_frontage,345.1127,0.2054415,30.92808
hitech_shared_frontage,344.8955,0.2054415,31.02908
hitech_shared_frontage,344.6783,0.2054415,31.13007
hitech_shared_frontage,344.4611,0.2054415,31.23107
hitech_shared_frontage,344.244,0.2054415,31.33205
hitech_shared_frontage,344.0268,0.2054415,31.43305
hitech_shared_frontage,343.8096,0.2054415,31.53403
hitech_shared_frontage,343.5924,0.2054415,31.63504
hitech_shared_frontage,343.3752,0.2054415,31.73602
hitech_shared_frontage,343.1581,0.2054415,31.83703
hitech_shared_frontage,342.9409,0.2054415,31.93801
hitech_shared_frontage,342.7237,0.2054415,32.03901
hitech_shared_frontage,342.5066,0.2054415,32.13999
hitech_shared_frontage,342.2894,0.2054415,32.241
hitech_shared_frontage,342.0722,0.2054415,32.34198
hitech_shared_frontage,341.855,0.2054415,32.44299
hitech_shared_frontage,341.6378,0.2054415,32.54398
hitech_shared_frontage,341.4207,0.2054415,32.64497
hitech_shared_frontage,341.2035,0.2054415,32.74596
hitech_shared_frontage,340.9863,0.2054415,32.84695
hitech_shared_frontage,340.7691,0.2054415,32.94794
hitech_shared_frontage,340.5519,0.2054415,33.04894
hitech_shared_frontage,340.3348,0.2054415,33.14994
hitech_shared_frontage,340.1176,0.2054415,33.25092
hitech_shared_frontage,339.9004,0.2054415,33.35192
hitech_shared_frontage,339.6833,0.2054415,33.45292
hitech_shared_frontage,339.4661,0.2054415,33.55391
hitech_shared_frontage,339.2489,0.2054415,33.65491
hitech_shared_frontage,339.0317,0.2054415,33.75591
hitech_shared_frontage,338.8145,0.2054415,33.85689
hitech_shared_frontage,338.5974,0.2054415,33.95788
hitech_shared_frontage,338.3802,0.2054415,34.05888
hitech_shared_frontage,338.163,0.2054415,34.15987
hitech_shared_frontage,337.9458,0.2054415,34.26087
hitech_shared_frontage,337.7286,0.2054415,34.36185
hitech_shared_frontage,337.5115,0.2054415,34.46286
hitech_shared_frontage,337.2943,0.2054415,34.56383
hitech_shared_frontage,337.0771,0.2054415,34.66484
hitech_shared_frontage,336.86,0.2054415,34.76582
hitech_shared_frontage,336.6428,0.2054415,34.86684
hitech_shared_frontage,336.4256,0.2054415,34.96782
hitech_shared_frontage,336.2084,0.2054415,35.06882
hitech_shared_frontage,335.9912,0.2054415,35.16981
hitech_shared_frontage,335.774,0.2054415,35.27081
hitech_shared_frontage,335.5569,0.2054415,35.37179
hitech_shared_frontage,335.3397,0.2054415,35.4728
hitech_shared_frontage,335.1225,0.2054415,35.57378
hitech_shared_frontage,334.9053,0.2054415,35.67477
hitech_shared_frontage,334.6882,0.2054415,35.77577
hitech_shared_frontage,334.471,0.2054415,35.87675
hitech_shared_frontage,334.2538,0.2054415,35.97775
hitech_shared_frontage,334.0366,0.2054415,36.07875
hitech_shared_frontage,333.8195,0.2054415,36.17974
hitech_shared_frontage,333.6023,0.2054415,36.28074
hitech_shared_frontage,333.3851,0.2054415,36.38174
hitech_shared_frontage,333.1679,0.2054415,36.48273
hitech_shared_frontage,332.9508,0.2054415,36.58371
hitech_shared_frontage,332.7336,0.2054415,36.68471
hitech_shared_frontage,332.5164,0.2054415,36.78571
hitech_shared_frontage,332.2992,0.2054415,36.8867
hitech_shared_frontage,332.082,0.2054415,36.98769
hitech_shared_frontage,331.8649,0.2054415,37.0887
hitech_shared_frontage,331.6477,0.2054415,37.18966
hitech_shared_frontage,331.4305,0.2054415,37.29067
hitech_shared_frontage,331.2133,0.2054415,37.39165
hitech_shared_frontage,330.9962,0.2054415,37.49266
hitech_shared_frontage,330.779,0.2054415,37.59365
hitech_shared_frontage,330.5618,0.2054415,37.69465
hitech_shared_frontage,330.3446,0.2054415,37.79562
hitech_shared_frontage,330.1275,0.2054415,37.89663
hitech_shared_frontage,329.9103,0.2054415,37.99762
hitech_shared_frontage,329.6931,0.2054415,38.09862
hitech_shared_frontage,329.4759,0.2054415,38.19961
hitech_shared_frontage,329.2587,0.2054415,38.30061
hitech_shared_frontage,329.0415,0.2054415,38.4016
hitech_shared_frontage,328.8244,0.2054415,38.50258
hitech_shared_frontage,328.6072,0.2054415,38.60358
hitech_shared_frontage,328.39,0.2054415,38.70457
hitech_shared_frontage,328.1729,0.2054415,38.80557
hitech_shared_frontage,327.9557,0.2054415,38.90656
hitech_shared_frontage,327.7385,0.2054415,39.00757
hitech_shared_frontage,327.5213,0.2054415,39.10856
hitech_shared_frontage,327.3042,0.2054415,39.20955
hitech_shared_frontage,327.087,0.2054415,39.31054
hitech_shared_frontage,326.8698,0.2054415,39.41154
hitech_shared_frontage,326.6526,0.2054415,39.51253
hitech_shared_frontage,326.4354,0.2054415,39.61353
hitech_shared_frontage,326.2183,0.2054415,39.71452
hitech_shared_frontage,326.0011,0.2054415,39.81549
hitech_shared_frontage,325.7839,0.2054415,39.9165
hitech_shared_frontage,325.5667,0.2054415,40.01749
hitech_shared_frontage,325.3495,0.2054415,40.11849
hitech_shared_frontage,325.1324,0.2054415,40.21948
hitech_shared_frontage,324.9152,0.2054415,40.32048
hitech_shared_frontage,324.698,0.2054415,40.42147
hitech_shared_frontage,324.4808,0.2054415,40.52246
hitech_shared_frontage,324.2637,0.2054415,40.62345
hitech_shared_frontage,324.0465,0.2054415,40.72445
hitech_shared_frontage,323.8293,0.2054415,40.82544
hitech_shared_frontage,323.6121,0.2054415,40.92645
hitech_shared_frontage,323.395,0.2054415,41.02744
hitech_shared_frontage,323.1777,0.2054415,41.12843
hitech_shared_frontage,322.9606,0.2054415,41.22942
hitech_shared_frontage,322.7434,0.2054415,41.33041
hitech_shared_frontage,322.5262,0.2054415,41.4314
hitech_shared_frontage,322.3091,0.2054415,41.53239
hitech_shared_frontage,352.3322,0.2030454,27.70864
hitech_shared_frontage,352.1151,0.2030454,27.80964
hitech_shared_frontage,351.8979,0.2030454,27.91062
hitech_shared_frontage,351.6807,0.2030454,28.01163
hitech_shared_frontage,351.4635,0.2030455,28.11261
hitech_shared_frontage,351.2463,0.2030455,28.21361
hitech_shared_frontage,351.0292,0.2030455,28.31459
hitech_shared_frontage,350.812,0.2030455,28.4156
hitech_shared_frontage,350.5948,0.2030455,28.51658
hitech_shared_frontage,350.3776,0.2030455,28.61759
hitech_shared_frontage,350.1605,0.2030455,28.71858
hitech_shared_frontage,349.9433,0.2030455,28.81959
hitech_shared_frontage,349.7261,0.2030455,28.92055
hitech_shared_frontage,349.5089,0.2030455,29.02156
hitech_shared_frontage,349.2917,0.2030455,29.12255
hitech_shared_frontage,349.0746,0.2030455,29.22356
hitech_shared_frontage,348.8574,0.2030455,29.32454
hitech_shared_frontage,348.6402,0.2030455,29.42554
hitech_shared_frontage,348.423,0.2030455,29.52652
hitech_shared_frontage,348.2059,0.2030455,29.62751
hitech_shared_frontage,347.9887,0.2030455,29.72851
hitech_shared_frontage,347.7715,0.2030455,29.82951
hitech_shared_frontage,347.5543,0.2030455,29.9305
hitech_shared_frontage,347.3372,0.2030455,30.03148
hitech_shared_frontage,347.12,0.2030455,30.13249
hitech_shared_frontage,346.9028,0.2030455,30.23348
hitech_shared_frontage,346.6856,0.2030455,30.33447
hitech_shared_frontage,346.4684,0.2030455,30.43546
hitech_shared_frontage,346.2513,0.2030455,30.53646
hitech_shared_frontage,346.0341,0.2030455,30.63745
hitech_shared_frontage,345.8169,0.2030455,30.73845
hitech_shared_frontage,345.5997,0.2030456,30.83944
hitech_shared_frontage,345.3826,0.2030456,30.94042
hitech_shared_frontage,345.1654,0.2030456,31.04142
hitech_shared_frontage,344.9482,0.2030456,31.14241
hitech_shared_frontage,344.731,0.2030456,31.24341
hitech_shared_frontage,344.5139,0.2030456,31.34441
hitech_shared_frontage,344.2967,0.2030456,31.4454
hitech_shared_frontage,344.0795,0.2030456,31.54638
hitech_shared_frontage,343.8623,0.2030456,31.64738
hitech_shared_frontage,343.6451,0.2030456,31.74838
hitech_shared_frontage,343.428,0.2030456,31.84937
hitech_shared_frontage,343.2108,0.2030456,31.95037
hitech_shared_frontage,342.9936,0.2030456,32.05135
hitech_shared_frontage,342.7764,0.2030456,32.15235
hitech_shared_frontage,342.5593,0.2030456,32.25333
hitech_shared_frontage,342.3421,0.2030456,32.35434
hitech_shared_frontage,342.1249,0.2030456,32.45532
hitech_shared_frontage,341.9077,0.2030456,32.55634
hitech_shared_frontage,341.6906,0.2030456,32.65732
hitech_shared_frontage,341.4734,0.2030456,32.75831
hitech_shared_frontage,341.2562,0.2030456,32.85929
hitech_shared_frontage,341.039,0.2030457,32.9603
hitech_shared_frontage,340.8218,0.2030457,33.06129
hitech_shared_frontage,340.6047,0.2030457,33.1623
hitech_shared_frontage,340.3875,0.2030457,33.26328
hitech_shared_frontage,340.1703,0.2030457,33.36429
hitech_shared_frontage,339.9532,0.2030457,33.46526
hitech_shared_frontage,339.736,0.2030457,33.56625
hitech_shared_frontage,339.5188,0.2030457,33.66725
hitech_shared_frontage,339.3016,0.2030457,33.76825
hitech_shared_frontage,339.0844,0.2030457,33.86924
hitech_shared_frontage,338.8672,0.2030457,33.97024
hitech_shared_frontage,338.6501,0.2030457,34.07122
hitech_shared_frontage,338.4329,0.2030457,34.17222
hitech_shared_frontage,338.2157,0.2030457,34.27321
hitech_shared_frontage,337.9985,0.2030457,34.37421
hitech_shared_frontage,337.7814,0.2030457,34.4752
hitech_shared_frontage,337.5642,0.2030457,34.5762
hitech_shared_frontage,337.347,0.2030457,34.6772
hitech_shared_frontage,337.1299,0.2030457,34.77818
hitech_shared_frontage,336.9127,0.2030457,34.87916
hitech_shared_frontage,336.6955,0.2030457,34.98017
hitech_shared_frontage,336.4783,0.2030457,35.08115
hitech_shared_frontage,336.2611,0.2030457,35.18217
hitech_shared_frontage,336.0439,0.2030457,35.28315
hitech_shared_frontage,335.8268,0.2030458,35.38416
hitech_shared_frontage,335.6096,0.2030458,35.48513
hitech_shared_frontage,335.3924,0.2030458,35.58614
hitech_shared_frontage,335.1752,0.2030458,35.68712
hitech_shared_frontage,334.9581,0.2030458,35.78813
hitech_shared_frontage,334.7409,0.2030458,35.88911
hitech_shared_frontage,334.5237,0.2030458,35.99012
hitech_shared_frontage,334.3065,0.2030458,36.09109
hitech_shared_frontage,334.0894,0.2030458,36.19209
hitech_shared_frontage,333.8722,0.2030458,36.29308
hitech_shared_frontage,333.655,0.2030458,36.39408
hitech_shared_frontage,333.4378,0.2030458,36.49508
hitech_shared_frontage,333.2206,0.2030458,36.59607
hitech_shared_frontage,333.0035,0.2030458,36.69705
hitech_shared_frontage,332.7863,0.2030458,36.79805
hitech_shared_frontage,332.5691,0.2030458,36.89905
hitech_shared_frontage,332.3519,0.2030458,37.00004
hitech_shared_frontage,332.1347,0.2030458,37.10104
hitech_shared_frontage,331.9176,0.2030458,37.20203
hitech_shared_frontage,331.7004,0.2030458,37.30303
hitech_shared_frontage,331.4832,0.2030458,37.40401
hitech_shared_frontage,331.2661,0.2030458,37.50501
hitech_shared_frontage,331.0489,0.2030458,37.606
hitech_shared_frontage,330.8317,0.2030458,37.70699
hitech_shared_frontage,330.6145,0.2030458,37.80799
hitech_shared_frontage,330.3973,0.2030458,37.90898
hitech_shared_frontage,330.1802,0.2030458,38.00997
hitech_shared_frontage,329.963,0.2030459,38.11096
hitech_shared_frontage,329.7458,0.2030459,38.21196
hitech_shared_frontage,329.5286,0.2030459,38.31295
hitech_shared_frontage,329.3114,0.2030459,38.41396
hitech_shared_frontage,329.0943,0.2030459,38.51495
hitech_shared_frontage,328.8771,0.2030459,38.61594
hitech_shared_frontage,328.6599,0.2030459,38.71692
hitech_shared_frontage,328.4427,0.2030459,38.81792
hitech_shared_frontage,328.2256,0.2030459,38.91891
hitech_shared_frontage,328.0084,0.2030459,39.01991
hitech_shared_frontage,327.7912,0.2030459,39.12091
hitech_shared_frontage,327.574,0.2030459,39.2219
hitech_shared_frontage,327.3569,0.2030459,39.32288
hitech_shared_frontage,327.1397,0.2030459,39.42387
hitech_shared_frontage,326.9225,0.2030459,39.52488
hitech_shared_frontage,326.7053,0.2030459,39.62587
hitech_shared_frontage,326.4881,0.2030459,39.72687
hitech_shared_frontage,326.2709,0.2030459,39.82786
hitech_shared_frontage,326.0538,0.2030459,39.92886
hitech_shared_frontage,325.8366,0.2030459,40.02985
hitech_shared_frontage,325.6194,0.2030459,40.13084
hitech_shared_frontage,325.4023,0.2030459,40.23183
hitech_shared_frontage,325.1851,0.2030459,40.33283
hitech_shared_frontage,324.9679,0.203046,40.43382
hitech_shared_frontage,324.7507,0.203046,40.53481
hitech_shared_frontage,324.5336,0.203046,40.6358
hitech_shared_frontage,324.3164,0.203046,40.73679
hitech_shared_frontage,324.0992,0.203046,40.83779
hitech_shared_frontage,323.882,0.203046,40.93878
hitech_shared_frontage,323.6649,0.203046,41.03979
hitech_shared_frontage,323.4476,0.203046,41.14078
hitech_shared_frontage,323.2305,0.203046,41.24178
hitech_shared_frontage,323.0133,0.203046,41.34277
hitech_shared_frontage,322.7961,0.203046,41.44376
hitech_shared_frontage,322.5789,0.203046,41.54475
hitech_shared_frontage,322.3618,0.203046,41.64575
hitech_shared_frontage,352.3849,0.2006502,27.82198
hitech_shared_frontage,352.1678,0.2006502,27.92298
hitech_shared_frontage,351.9506,0.2006502,28.02397
hitech_shared_frontage,351.7334,0.2006502,28.12497
hitech_shared_frontage,351.5162,0.2006502,28.22597
hitech_shared_frontage,351.299,0.2006502,28.32696
hitech_shared_frontage,351.0819,0.2006502,28.42794
hitech_shared_frontage,350.8647,0.2006502,28.52894
hitech_shared_frontage,350.6475,0.2006502,28.62992
hitech_shared_frontage,350.4304,0.2006502,28.73093
hitech_shared_frontage,350.2132,0.2006502,28.83191
hitech_shared_frontage,349.996,0.2006502,28.93293
hitech_shared_frontage,349.7788,0.2006501,29.03389
hitech_shared_frontage,349.5616,0.2006501,29.1349
hitech_shared_frontage,349.3445,0.2006501,29.23589
hitech_shared_frontage,349.1273,0.2006501,29.3369
hitech_shared_frontage,348.9101,0.2006501,29.43788
hitech_shared_frontage,348.6929,0.2006501,29.53889
hitech_shared_frontage,348.4757,0.2006501,29.63987
hitech_shared_frontage,348.2586,0.2006501,29.74085
hitech_shared_frontage,348.0414,0.2006501,29.84185
hitech_shared_frontage,347.8242,0.2006501,29.94285
hitech_shared_frontage,347.607,0.2006501,30.04384
hitech_shared_frontage,347.3899,0.2006501,30.14484
hitech_shared_frontage,347.1727,0.2006501,30.24583
hitech_shared_frontage,346.9555,0.2006501,30.34682
hitech_shared_frontage,346.7383,0.2006501,30.44781
hitech_shared_frontage,346.5211,0.2006501,30.54881
hitech_shared_frontage,346.304,0.2006501,30.64981
hitech_shared_frontage,346.0868,0.2006501,30.7508
hitech_shared_frontage,345.8696,0.2006501,30.8518
hitech_shared_frontage,345.6524,0.2006501,30.95278
hitech_shared_frontage,345.4353,0.2006501,31.05378
hitech_shared_frontage,345.2181,0.2006501,31.15477
hitech_shared_frontage,345.0009,0.2006501,31.25575
hitech_shared_frontage,344.7837,0.2006501,31.35675
hitech_shared_frontage,344.5666,0.2006501,31.45775
hitech_shared_frontage,344.3494,0.2006501,31.55874
hitech_shared_frontage,344.1322,0.2006501,31.65973
hitech_shared_frontage,343.915,0.2006501,31.76072
hitech_shared_frontage,343.6978,0.2006501,31.86172
hitech_shared_frontage,343.4807,0.2006501,31.96271
hitech_shared_frontage,343.2635,0.2006501,32.06371
hitech_shared_frontage,343.0463,0.2006501,32.1647
hitech_shared_frontage,342.8291,0.2006501,32.2657
hitech_shared_frontage,342.612,0.2006501,32.36668
hitech_shared_frontage,342.3948,0.2006501,32.46768
hitech_shared_frontage,342.1776,0.2006501,32.56868
hitech_shared_frontage,341.9604,0.2006501,32.66967
hitech_shared_frontage,341.7433,0.2006501,32.77065
hitech_shared_frontage,341.5261,0.2006501,32.87167
hitech_shared_frontage,341.3089,0.2006501,32.97263
hitech_shared_frontage,341.0917,0.2006501,33.07365
hitech_shared_frontage,340.8745,0.2006501,33.17463
hitech_shared_frontage,340.6573,0.2006501,33.27563
hitech_shared_frontage,340.4402,0.2006501,33.37662
hitech_shared_frontage,340.223,0.2006501,33.47763
hitech_shared_frontage,340.0058,0.2006501,33.57861
hitech_shared_frontage,339.7887,0.2006501,33.67961
hitech_shared_frontage,339.5715,0.2006501,33.78059
hitech_shared_frontage,339.3543,0.20065,33.8816
hitech_shared_frontage,339.1371,0.20065,33.98258
hitech_shared_frontage,338.9199,0.20065,34.08358
hitech_shared_frontage,338.7028,0.20065,34.18457
hitech_shared_frontage,338.4856,0.20065,34.28556
hitech_shared_frontage,338.2684,0.20065,34.38655
hitech_shared_frontage,338.0512,0.20065,34.48755
hitech_shared_frontage,337.8341,0.20065,34.58855
hitech_shared_frontage,337.6169,0.20065,34.68954
hitech_shared_frontage,337.3997,0.20065,34.79054
hitech_shared_frontage,337.1825,0.20065,34.89153
hitech_shared_frontage,336.9654,0.20065,34.99252
hitech_shared_frontage,336.7482,0.20065,35.09351
hitech_shared_frontage,336.531,0.20065,35.19451
hitech_shared_frontage,336.3138,0.20065,35.29551
hitech_shared_frontage,336.0966,0.20065,35.39649
hitech_shared_frontage,335.8795,0.20065,35.4975
hitech_shared_frontage,335.6623,0.20065,35.59846
hitech_shared_frontage,335.4451,0.20065,35.69948
hitech_shared_frontage,335.228,0.20065,35.80046
hitech_shared_frontage,335.0108,0.20065,35.90147
hitech_shared_frontage,334.7936,0.20065,36.00245
hitech_shared_frontage,334.5764,0.20065,36.10346
hitech_shared_frontage,334.3592,0.20065,36.20444
hitech_shared_frontage,334.1421,0.20065,36.30544
hitech_shared_frontage,333.9249,0.20065,36.40642
hitech_shared_frontage,333.7077,0.20065,36.50743
hitech_shared_frontage,333.4905,0.20065,36.60841
hitech_shared_frontage,333.2733,0.20065,36.70943
hitech_shared_frontage,333.0562,0.20065,36.81041
hitech_shared_frontage,332.839,0.20065,36.91139
hitech_shared_frontage,332.6218,0.20065,37.01238
hitech_shared_frontage,332.4046,0.20065,37.11338
hitech_shared_frontage,332.1875,0.20065,37.21438
hitech_shared_frontage,331.9703,0.20065,37.31538
hitech_shared_frontage,331.7531,0.20065,37.41637
hitech_shared_frontage,331.5359,0.20065,37.51736
hitech_shared_frontage,331.3188,0.20065,37.61835
hitech_shared_frontage,331.1016,0.20065,37.71934
hitech_shared_frontage,330.8844,0.20065,37.82034
hitech_shared_frontage,330.6672,0.20065,37.92133
hitech_shared_frontage,330.45,0.20065,38.02233
hitech_shared_frontage,330.2328,0.20065,38.12332
hitech_shared_frontage,330.0157,0.20065,38.2243
hitech_shared_frontage,329.7985,0.20065,38.3253
hitech_shared_frontage,329.5813,0.2006499,38.42629
hitech_shared_frontage,329.3642,0.2006499,38.52729
hitech_shared_frontage,329.147,0.2006499,38.62828
hitech_shared_frontage,328.9298,0.2006499,38.72929
hitech_shared_frontage,328.7126,0.2006499,38.83028
hitech_shared_frontage,328.4955,0.2006499,38.93126
hitech_shared_frontage,328.2783,0.2006499,39.03225
hitech_shared_frontage,328.0611,0.2006499,39.13326
hitech_shared_frontage,327.8439,0.2006499,39.23425
hitech_shared_frontage,327.6267,0.2006499,39.33525
hitech_shared_frontage,327.4095,0.2006499,39.43624
hitech_shared_frontage,327.1924,0.2006499,39.53721
hitech_shared_frontage,326.9752,0.2006499,39.63821
hitech_shared_frontage,326.758,0.2006499,39.7392
hitech_shared_frontage,326.5408,0.2006499,39.84021
hitech_shared_frontage,326.3237,0.2006499,39.9412
hitech_shared_frontage,326.1065,0.2006499,40.0422
hitech_shared_frontage,325.8893,0.2006499,40.14319
hitech_shared_frontage,325.6721,0.2006499,40.24418
hitech_shared_frontage,325.455,0.2006499,40.34517
hitech_shared_frontage,325.2378,0.2006499,40.44617
hitech_shared_frontage,325.0206,0.2006499,40.54716
hitech_shared_frontage,324.8034,0.2006499,40.64816
hitech_shared_frontage,324.5863,0.2006499,40.74914
hitech_shared_frontage,324.3691,0.2006499,40.85014
hitech_shared_frontage,324.1519,0.2006499,40.95113
hitech_shared_frontage,323.9347,0.2006499,41.05212
hitech_shared_frontage,323.7175,0.2006499,41.15313
hitech_shared_frontage,323.5004,0.2006499,41.25411
hitech_shared_frontage,323.2832,0.2006499,41.35512
hitech_shared_frontage,323.066,0.2006499,41.45611
hitech_shared_frontage,322.8488,0.2006499,41.5571
hitech_shared_frontage,322.6317,0.2006499,41.65808
hitech_shared_frontage,322.4145,0.2006499,41.75909
hitech_shared_frontage,352.4377,0.1982538,27.93532
hitech_shared_frontage,352.2205,0.1982538,28.03632
hitech_shared_frontage,352.0033,0.1982538,28.13731
hitech_shared_frontage,351.7861,0.1982538,28.23831
hitech_shared_frontage,351.5689,0.1982538,28.3393
hitech_shared_frontage,351.3517,0.1982538,28.4403
hitech_shared_frontage,351.1346,0.1982538,28.5413
hitech_shared_frontage,350.9174,0.1982538,28.64228
hitech_shared_frontage,350.7003,0.1982538,28.74327
hitech_shared_frontage,350.483,0.1982538,28.84427
hitech_shared_frontage,350.2659,0.1982538,28.94525
hitech_shared_frontage,350.0487,0.1982538,29.04626
hitech_shared_frontage,349.8315,0.1982538,29.14725
hitech_shared_frontage,349.6144,0.1982538,29.24824
hitech_shared_frontage,349.3972,0.1982538,29.34922
hitech_shared_frontage,349.18,0.1982538,29.45024
hitech_shared_frontage,348.9628,0.1982539,29.55122
hitech_shared_frontage,348.7456,0.1982539,29.65223
hitech_shared_frontage,348.5285,0.1982539,29.75321
hitech_shared_frontage,348.3113,0.1982539,29.85422
hitech_shared_frontage,348.0941,0.1982539,29.95519
hitech_shared_frontage,347.877,0.1982539,30.0562
hitech_shared_frontage,347.6597,0.1982539,30.15718
hitech_shared_frontage,347.4426,0.1982539,30.25819
hitech_shared_frontage,347.2254,0.1982539,30.35917
hitech_shared_frontage,347.0082,0.1982539,30.46017
hitech_shared_frontage,346.7911,0.1982539,30.56115
hitech_shared_frontage,346.5739,0.1982539,30.66215
hitech_shared_frontage,346.3567,0.1982539,30.76314
hitech_shared_frontage,346.1395,0.1982539,30.86414
hitech_shared_frontage,345.9223,0.1982539,30.96514
hitech_shared_frontage,345.7051,0.198254,31.06613
hitech_shared_frontage,345.488,0.198254,31.16713
hitech_shared_frontage,345.2708,0.198254,31.26811
hitech_shared_frontage,345.0536,0.198254,31.36911
hitech_shared_frontage,344.8365,0.198254,31.4701
hitech_shared_frontage,344.6193,0.198254,31.5711
hitech_shared_frontage,344.4021,0.198254,31.6721
hitech_shared_frontage,344.1849,0.198254,31.77308
hitech_shared_frontage,343.9677,0.198254,31.87407
hitech_shared_frontage,343.7506,0.198254,31.97506
hitech_shared_frontage,343.5334,0.198254,32.07607
hitech_shared_frontage,343.3162,0.198254,32.17705
hitech_shared_frontage,343.099,0.198254,32.27805
hitech_shared_frontage,342.8818,0.198254,32.37904
hitech_shared_frontage,342.6647,0.198254,32.48004
hitech_shared_frontage,342.4475,0.198254,32.58102
hitech_shared_frontage,342.2303,0.198254,32.68201
hitech_shared_frontage,342.0132,0.198254,32.78301
hitech_shared_frontage,341.796,0.1982541,32.88401
hitech_shared_frontage,341.5788,0.1982541,32.98501
hitech_shared_frontage,341.3616,0.1982541,33.08599
hitech_shared_frontage,341.1444,0.1982541,33.18698
hitech_shared_frontage,340.9272,0.1982541,33.28796
hitech_shared_frontage,340.7101,0.1982541,33.38898
hitech_shared_frontage,340.4929,0.1982541,33.48996
hitech_shared_frontage,340.2757,0.1982541,33.59097
hitech_shared_frontage,340.0585,0.1982541,33.69195
hitech_shared_frontage,339.8414,0.1982541,33.79295
hitech_shared_frontage,339.6242,0.1982541,33.89393
hitech_shared_frontage,339.407,0.1982541,33.99494
hitech_shared_frontage,339.1898,0.1982541,34.09592
hitech_shared_frontage,338.9727,0.1982541,34.19693
hitech_shared_frontage,338.7555,0.1982542,34.29791
hitech_shared_frontage,338.5383,0.1982542,34.39893
hitech_shared_frontage,338.3211,0.1982542,34.49989
hitech_shared_frontage,338.1039,0.1982542,34.60089
hitech_shared_frontage,337.8868,0.1982542,34.70189
hitech_shared_frontage,337.6696,0.1982542,34.80288
hitech_shared_frontage,337.4524,0.1982542,34.90388
hitech_shared_frontage,337.2352,0.1982542,35.00488
hitech_shared_frontage,337.018,0.1982542,35.10587
hitech_shared_frontage,336.8009,0.1982542,35.20685
hitech_shared_frontage,336.5837,0.1982542,35.30785
hitech_shared_frontage,336.3665,0.1982542,35.40884
hitech_shared_frontage,336.1494,0.1982542,35.50984
hitech_shared_frontage,335.9322,0.1982542,35.61084
hitech_shared_frontage,335.715,0.1982542,35.71183
hitech_shared_frontage,335.4978,0.1982543,35.81281
hitech_shared_frontage,335.2807,0.1982543,35.91381
hitech_shared_frontage,335.0635,0.1982543,36.01481
hitech_shared_frontage,334.8463,0.1982543,36.11579
hitech_shared_frontage,334.6291,0.1982543,36.2168
hitech_shared_frontage,334.4119,0.1982543,36.31778
hitech_shared_frontage,334.1947,0.1982543,36.41879
hitech_shared_frontage,333.9776,0.1982543,36.51976
hitech_shared_frontage,333.7604,0.1982543,36.62077
hitech_shared_frontage,333.5432,0.1982543,36.72176
hitech_shared_frontage,333.326,0.1982543,36.82276
hitech_shared_frontage,333.1089,0.1982543,36.92374
hitech_shared_frontage,332.8917,0.1982543,37.02476
hitech_shared_frontage,332.6745,0.1982543,37.12572
hitech_shared_frontage,332.4574,0.1982543,37.22673
hitech_shared_frontage,332.2402,0.1982543,37.32772
hitech_shared_frontage,332.023,0.1982543,37.42871
hitech_shared_frontage,331.8058,0.1982543,37.52971
hitech_shared_frontage,331.5886,0.1982544,37.63071
hitech_shared_frontage,331.3714,0.1982544,37.7317
hitech_shared_frontage,331.1543,0.1982544,37.83268
hitech_shared_frontage,330.9371,0.1982544,37.93369
hitech_shared_frontage,330.7199,0.1982544,38.03467
hitech_shared_frontage,330.5027,0.1982544,38.13567
hitech_shared_frontage,330.2856,0.1982544,38.23666
hitech_shared_frontage,330.0684,0.1982544,38.33767
hitech_shared_frontage,329.8512,0.1982544,38.43864
hitech_shared_frontage,329.634,0.1982544,38.53964
hitech_shared_frontage,329.4169,0.1982544,38.64063
hitech_shared_frontage,329.1997,0.1982544,38.74162
hitech_shared_frontage,328.9825,0.1982544,38.84262
hitech_shared_frontage,328.7653,0.1982544,38.94361
hitech_shared_frontage,328.5482,0.1982545,39.04462
hitech_shared_frontage,328.331,0.1982545,39.14559
hitech_shared_frontage,328.1138,0.1982545,39.2466
hitech_shared_frontage,327.8966,0.1982545,39.34759
hitech_shared_frontage,327.6794,0.1982545,39.44859
hitech_shared_frontage,327.4623,0.1982545,39.54958
hitech_shared_frontage,327.2451,0.1982545,39.65058
hitech_shared_frontage,327.0279,0.1982545,39.75156
hitech_shared_frontage,326.8107,0.1982545,39.85256
hitech_shared_frontage,326.5936,0.1982545,39.95355
hitech_shared_frontage,326.3764,0.1982545,40.05455
hitech_shared_frontage,326.1592,0.1982545,40.15554
hitech_shared_frontage,325.942,0.1982545,40.25653
hitech_shared_frontage,325.7249,0.1982545,40.35754
hitech_shared_frontage,325.5077,0.1982545,40.45851
hitech_shared_frontage,325.2905,0.1982545,40.55951
hitech_shared_frontage,325.0733,0.1982546,40.6605
hitech_shared_frontage,324.8561,0.1982546,40.76151
hitech_shared_frontage,324.6389,0.1982546,40.8625
hitech_shared_frontage,324.4218,0.1982546,40.96348
hitech_shared_frontage,324.2046,0.1982546,41.06447
hitech_shared_frontage,323.9874,0.1982546,41.16547
hitech_shared_frontage,323.7703,0.1982546,41.26646
hitech_shared_frontage,323.5531,0.1982546,41.36747
hitech_shared_frontage,323.3359,0.1982546,41.46846
hitech_shared_frontage,323.1187,0.1982546,41.56945
hitech_shared_frontage,322.9016,0.1982546,41.67045
hitech_shared_frontage,322.6844,0.1982546,41.77142
hitech_shared_frontage,322.4672,0.1982546,41.87243
hitech_shared_frontage,352.4904,0.1958582,28.04867
hitech_shared_frontage,352.2732,0.1958582,28.14966
hitech_shared_frontage,352.056,0.1958582,28.25065
hitech_shared_frontage,351.8388,0.1958582,28.35165
hitech_shared_frontage,351.6216,0.1958582,28.45264
hitech_shared_frontage,351.4044,0.1958582,28.55364
hitech_shared_frontage,351.1873,0.1958582,28.65464
hitech_shared_frontage,350.9701,0.1958582,28.75562
hitech_shared_frontage,350.753,0.1958582,28.85662
hitech_shared_frontage,350.5358,0.1958582,28.95761
hitech_shared_frontage,350.3186,0.1958582,29.05861
hitech_shared_frontage,350.1014,0.1958582,29.15961
hitech_shared_frontage,349.8842,0.1958582,29.2606
hitech_shared_frontage,349.667,0.1958582,29.3616
hitech_shared_frontage,349.4499,0.1958582,29.46258
hitech_shared_frontage,349.2327,0.1958582,29.56357
hitech_shared_frontage,349.0155,0.1958582,29.66456
hitech_shared_frontage,348.7983,0.1958582,29.76557
hitech_shared_frontage,348.5811,0.1958582,29.86655
hitech_shared_frontage,348.364,0.1958583,29.96756
hitech_shared_frontage,348.1468,0.1958583,30.06853
hitech_shared_frontage,347.9296,0.1958583,30.16954
hitech_shared_frontage,347.7125,0.1958583,30.27052
hitech_shared_frontage,347.4953,0.1958583,30.37153
hitech_shared_frontage,347.2781,0.1958583,30.47251
hitech_shared_frontage,347.0609,0.1958583,30.57352
hitech_shared_frontage,346.8437,0.1958583,30.67451
hitech_shared_frontage,346.6266,0.1958583,30.7755
hitech_shared_frontage,346.4094,0.1958583,30.87648
hitech_shared_frontage,346.1922,0.1958583,30.97749
hitech_shared_frontage,345.975,0.1958583,31.07848
hitech_shared_frontage,345.7578,0.1958583,31.17947
hitech_shared_frontage,345.5406,0.1958583,31.28047
hitech_shared_frontage,345.3235,0.1958583,31.38147
hitech_shared_frontage,345.1063,0.1958583,31.48245
hitech_shared_frontage,344.8892,0.1958583,31.58344
hitech_shared_frontage,344.672,0.1958583,31.68444
hitech_shared_frontage,344.4548,0.1958583,31.78544
hitech_shared_frontage,344.2376,0.1958583,31.88643
hitech_shared_frontage,344.0204,0.1958583,31.98743
hitech_shared_frontage,343.8033,0.1958583,32.08841
hitech_shared_frontage,343.5861,0.1958583,32.18941
hitech_shared_frontage,343.3689,0.1958583,32.2904
hitech_shared_frontage,343.1517,0.1958583,32.3914
hitech_shared_frontage,342.9345,0.1958583,32.49238
hitech_shared_frontage,342.7174,0.1958583,32.59339
hitech_shared_frontage,342.5002,0.1958583,32.69436
hitech_shared_frontage,342.2831,0.1958583,32.79537
hitech_shared_frontage,342.0659,0.1958583,32.89635
hitech_shared_frontage,341.8487,0.1958583,32.99736
hitech_shared_frontage,341.6315,0.1958583,33.09834
hitech_shared_frontage,341.4143,0.1958583,33.19934
hitech_shared_frontage,341.1971,0.1958583,33.30034
hitech_shared_frontage,340.98,0.1958583,33.40133
hitech_shared_frontage,340.7628,0.1958583,33.50232
hitech_shared_frontage,340.5456,0.1958583,33.60331
hitech_shared_frontage,340.3284,0.1958583,33.70431
hitech_shared_frontage,340.1113,0.1958583,33.80529
hitech_shared_frontage,339.8941,0.1958583,33.9063
hitech_shared_frontage,339.6769,0.1958583,34.00728
hitech_shared_frontage,339.4597,0.1958583,34.10828
hitech_shared_frontage,339.2426,0.1958583,34.20926
hitech_shared_frontage,339.0254,0.1958583,34.31027
hitech_shared_frontage,338.8082,0.1958583,34.41125
hitech_shared_frontage,338.591,0.1958584,34.51226
hitech_shared_frontage,338.3738,0.1958584,34.61323
hitech_shared_frontage,338.1567,0.1958584,34.71424
hitech_shared_frontage,337.9395,0.1958584,34.81522
hitech_shared_frontage,337.7223,0.1958584,34.91624
hitech_shared_frontage,337.5051,0.1958584,35.01722
hitech_shared_frontage,337.288,0.1958584,35.11823
hitech_shared_frontage,337.0708,0.1958584,35.21921
hitech_shared_frontage,336.8536,0.1958584,35.32019
hitech_shared_frontage,336.6364,0.1958584,35.42119
hitech_shared_frontage,336.4193,0.1958584,35.52219
hitech_shared_frontage,336.2021,0.1958584,35.62318
hitech_shared_frontage,335.9849,0.1958584,35.72417
hitech_shared_frontage,335.7677,0.1958584,35.82517
hitech_shared_frontage,335.5505,0.1958584,35.92616
hitech_shared_frontage,335.3334,0.1958584,36.02715
hitech_shared_frontage,335.1162,0.1958584,36.12815
hitech_shared_frontage,334.899,0.1958584,36.22914
hitech_shared_frontage,334.6818,0.1958584,36.33014
hitech_shared_frontage,334.4646,0.1958584,36.43114
hitech_shared_frontage,334.2475,0.1958584,36.53214
hitech_shared_frontage,334.0303,0.1958584,36.6331
hitech_shared_frontage,333.8131,0.1958584,36.73411
hitech_shared_frontage,333.5959,0.1958584,36.83509
hitech_shared_frontage,333.3788,0.1958584,36.9361
hitech_shared_frontage,333.1616,0.1958584,37.03709
hitech_shared_frontage,332.9444,0.1958584,37.1381
hitech_shared_frontage,332.7272,0.1958584,37.23908
hitech_shared_frontage,332.5101,0.1958584,37.34007
hitech_shared_frontage,332.2929,0.1958584,37.44106
hitech_shared_frontage,332.0757,0.1958584,37.54207
hitech_shared_frontage,331.8585,0.1958584,37.64305
hitech_shared_frontage,331.6413,0.1958584,37.74406
hitech_shared_frontage,331.4242,0.1958584,37.84505
hitech_shared_frontage,331.207,0.1958584,37.94602
hitech_shared_frontage,330.9898,0.1958584,38.04703
hitech_shared_frontage,330.7726,0.1958584,38.14802
hitech_shared_frontage,330.5555,0.1958584,38.24902
hitech_shared_frontage,330.3383,0.1958584,38.35001
hitech_shared_frontage,330.1211,0.1958584,38.451
hitech_shared_frontage,329.9039,0.1958584,38.55199
hitech_shared_frontage,329.6868,0.1958584,38.65299
hitech_shared_frontage,329.4696,0.1958584,38.75398
hitech_shared_frontage,329.2524,0.1958584,38.85498
hitech_shared_frontage,329.0352,0.1958584,38.95596
hitech_shared_frontage,328.818,0.1958584,39.05697
hitech_shared_frontage,328.6008,0.1958584,39.15796
hitech_shared_frontage,328.3837,0.1958584,39.25895
hitech_shared_frontage,328.1665,0.1958584,39.35994
hitech_shared_frontage,327.9493,0.1958584,39.46092
hitech_shared_frontage,327.7321,0.1958584,39.56193
hitech_shared_frontage,327.515,0.1958584,39.66292
hitech_shared_frontage,327.2978,0.1958584,39.76392
hitech_shared_frontage,327.0806,0.1958585,39.86489
hitech_shared_frontage,326.8635,0.1958585,39.9659
hitech_shared_frontage,326.6463,0.1958585,40.06689
hitech_shared_frontage,326.4291,0.1958585,40.16789
hitech_shared_frontage,326.2119,0.1958585,40.26888
hitech_shared_frontage,325.9948,0.1958585,40.36988
hitech_shared_frontage,325.7775,0.1958585,40.47087
hitech_shared_frontage,325.5604,0.1958585,40.57186
hitech_shared_frontage,325.3432,0.1958585,40.67285
hitech_shared_frontage,325.126,0.1958585,40.77384
hitech_shared_frontage,324.9088,0.1958585,40.87484
hitech_shared_frontage,324.6917,0.1958585,40.97583
hitech_shared_frontage,324.4745,0.1958585,41.07684
hitech_shared_frontage,324.2573,0.1958585,41.17781
hitech_shared_frontage,324.0402,0.1958585,41.27882
hitech_shared_frontage,323.823,0.1958585,41.37981
hitech_shared_frontage,323.6058,0.1958585,41.4808
hitech_shared_frontage,323.3886,0.1958585,41.58179
hitech_shared_frontage,323.1714,0.1958585,41.6828
hitech_shared_frontage,322.9542,0.1958585,41.78379
hitech_shared_frontage,322.7371,0.1958585,41.88478
hitech_shared_frontage,322.5199,0.1958585,41.98577
hitech_shared_frontage,352.543,0.1934624,28.16201
hitech_shared_frontage,352.3259,0.1934624,28.26301
hitech_shared_frontage,352.1087,0.1934624,28.36399
hitech_shared_frontage,351.8915,0.1934624,28.465
hitech_shared_frontage,351.6744,0.1934624,28.56598
hitech_shared_frontage,351.4572,0.1934624,28.66699
hitech_shared_frontage,351.24,0.1934624,28.76798
hitech_shared_frontage,351.0228,0.1934624,28.86897
hitech_shared_frontage,350.8057,0.1934624,28.96995
hitech_shared_frontage,350.5885,0.1934624,29.07095
hitech_shared_frontage,350.3713,0.1934624,29.17195
hitech_shared_frontage,350.1541,0.1934624,29.27294
hitech_shared_frontage,349.937,0.1934624,29.37394
hitech_shared_frontage,349.7198,0.1934624,29.47494
hitech_shared_frontage,349.5026,0.1934624,29.57592
hitech_shared_frontage,349.2854,0.1934624,29.67691
hitech_shared_frontage,349.0682,0.1934624,29.77791
hitech_shared_frontage,348.8511,0.1934624,29.87891
hitech_shared_frontage,348.6339,0.1934624,29.9799
hitech_shared_frontage,348.4167,0.1934624,30.0809
hitech_shared_frontage,348.1995,0.1934624,30.18188
hitech_shared_frontage,347.9824,0.1934624,30.28288
hitech_shared_frontage,347.7652,0.1934624,30.38386
hitech_shared_frontage,347.548,0.1934624,30.48487
hitech_shared_frontage,347.3308,0.1934624,30.58585
hitech_shared_frontage,347.1136,0.1934624,30.68686
hitech_shared_frontage,346.8965,0.1934624,30.78785
hitech_shared_frontage,346.6793,0.1934624,30.88884
hitech_shared_frontage,346.4621,0.1934624,30.98982
hitech_shared_frontage,346.2449,0.1934624,31.09083
hitech_shared_frontage,346.0277,0.1934624,31.19181
hitech_shared_frontage,345.8106,0.1934624,31.29283
hitech_shared_frontage,345.5934,0.1934624,31.39381
hitech_shared_frontage,345.3762,0.1934624,31.4948
hitech_shared_frontage,345.1591,0.1934624,31.59579
hitech_shared_frontage,344.9419,0.1934624,31.69678
hitech_shared_frontage,344.7247,0.1934624,31.79778
hitech_shared_frontage,344.5075,0.1934624,31.89878
hitech_shared_frontage,344.2903,0.1934624,31.99977
hitech_shared_frontage,344.0732,0.1934624,32.10077
hitech_shared_frontage,343.856,0.1934624,32.20175
hitech_shared_frontage,343.6388,0.1934624,32.30275
hitech_shared_frontage,343.4216,0.1934624,32.40374
hitech_shared_frontage,343.2044,0.1934624,32.50474
hitech_shared_frontage,342.9873,0.1934624,32.60574
hitech_shared_frontage,342.7701,0.1934624,32.70673
hitech_shared_frontage,342.5529,0.1934624,32.80773
hitech_shared_frontage,342.3358,0.1934624,32.90871
hitech_shared_frontage,342.1186,0.1934624,33.00969
hitech_shared_frontage,341.9014,0.1934624,33.1107
hitech_shared_frontage,341.6842,0.1934624,33.21169
hitech_shared_frontage,341.467,0.1934624,33.31269
hitech_shared_frontage,341.2498,0.1934624,33.41368
hitech_shared_frontage,341.0327,0.1934624,33.51467
hitech_shared_frontage,340.8155,0.1934624,33.61565
hitech_shared_frontage,340.5983,0.1934624,33.71667
hitech_shared_frontage,340.3811,0.1934624,33.81765
hitech_shared_frontage,340.164,0.1934624,33.91866
hitech_shared_frontage,339.9468,0.1934624,34.01964
hitech_shared_frontage,339.7296,0.1934624,34.12064
hitech_shared_frontage,339.5125,0.1934624,34.22162
hitech_shared_frontage,339.2953,0.1934624,34.32263
hitech_shared_frontage,339.0781,0.1934624,34.42361
hitech_shared_frontage,338.8609,0.1934624,34.52459
hitech_shared_frontage,338.6437,0.1934624,34.6256
hitech_shared_frontage,338.4265,0.1934624,34.72659
hitech_shared_frontage,338.2094,0.1934624,34.82758
hitech_shared_frontage,337.9922,0.1934624,34.92858
hitech_shared_frontage,337.775,0.1934624,35.02957
hitech_shared_frontage,337.5578,0.1934624,35.13055
hitech_shared_frontage,337.3407,0.1934624,35.23157
hitech_shared_frontage,337.1235,0.1934624,35.33255
hitech_shared_frontage,336.9063,0.1934624,35.43356
hitech_shared_frontage,336.6891,0.1934624,35.53453
hitech_shared_frontage,336.472,0.1934624,35.63554
hitech_shared_frontage,336.2548,0.1934624,35.73652
hitech_shared_frontage,336.0376,0.1934624,35.83752
hitech_shared_frontage,335.8204,0.1934624,35.93851
hitech_shared_frontage,335.6032,0.1934624,36.03951
hitech_shared_frontage,335.386,0.1934624,36.1405
hitech_shared_frontage,335.1689,0.1934624,36.24149
hitech_shared_frontage,334.9517,0.1934624,36.34248
hitech_shared_frontage,334.7345,0.1934624,36.44348
hitech_shared_frontage,334.5174,0.1934624,36.54448
hitech_shared_frontage,334.3002,0.1934624,36.64547
hitech_shared_frontage,334.083,0.1934624,36.74647
hitech_shared_frontage,333.8658,0.1934624,36.84745
hitech_shared_frontage,333.6487,0.1934624,36.94844
hitech_shared_frontage,333.4315,0.1934624,37.04944
hitech_shared_frontage,333.2143,0.1934624,37.15042
hitech_shared_frontage,332.9971,0.1934624,37.25143
hitech_shared_frontage,332.7799,0.1934624,37.35242
hitech_shared_frontage,332.5628,0.1934624,37.45341
hitech_shared_frontage,332.3456,0.1934624,37.5544
hitech_shared_frontage,332.1284,0.1934624,37.6554
hitech_shared_frontage,331.9112,0.1934624,37.75639
hitech_shared_frontage,331.694,0.1934624,37.8574
hitech_shared_frontage,331.4769,0.1934624,37.95839
hitech_shared_frontage,331.2597,0.1934624,38.05939
hitech_shared_frontage,331.0425,0.1934624,38.16037
hitech_shared_frontage,330.8253,0.1934624,38.26137
hitech_shared_frontage,330.6082,0.1934624,38.36236
hitech_shared_frontage,330.391,0.1934624,38.46336
hitech_shared_frontage,330.1738,0.1934624,38.56435
hitech_shared_frontage,329.9566,0.1934624,38.66534
hitech_shared_frontage,329.7395,0.1934624,38.76633
hitech_shared_frontage,329.5223,0.1934624,38.86732
hitech_shared_frontage,329.3051,0.1934624,38.96832
hitech_shared_frontage,329.0879,0.1934624,39.06931
hitech_shared_frontage,328.8707,0.1934624,39.17031
hitech_shared_frontage,328.6536,0.1934624,39.27131
hitech_shared_frontage,328.4364,0.1934624,39.3723
hitech_shared_frontage,328.2192,0.1934624,39.47328
hitech_shared_frontage,328.002,0.1934624,39.57429
hitech_shared_frontage,327.7849,0.1934624,39.67527
hitech_shared_frontage,327.5677,0.1934624,39.77628
hitech_shared_frontage,327.3505,0.1934624,39.87726
hitech_shared_frontage,327.1333,0.1934624,39.97825
hitech_shared_frontage,326.9162,0.1934624,40.07925
hitech_shared_frontage,326.699,0.1934624,40.18024
hitech_shared_frontage,326.4818,0.1934624,40.28123
hitech_shared_frontage,326.2646,0.1934624,40.38222
hitech_shared_frontage,326.0474,0.1934624,40.48322
hitech_shared_frontage,325.8303,0.1934624,40.58421
hitech_shared_frontage,325.6131,0.1934624,40.68521
hitech_shared_frontage,325.3959,0.1934624,40.78619
hitech_shared_frontage,325.1787,0.1934624,40.88719
hitech_shared_frontage,324.9615,0.1934624,40.98818
hitech_shared_frontage,324.7444,0.1934624,41.08919
hitech_shared_frontage,324.5272,0.1934624,41.19018
hitech_shared_frontage,324.31,0.1934624,41.29117
hitech_shared_frontage,324.0928,0.1934624,41.39215
hitech_shared_frontage,323.8757,0.1934624,41.49314
hitech_shared_frontage,323.6585,0.1934624,41.59415
hitech_shared_frontage,323.4413,0.1934624,41.69514
hitech_shared_frontage,323.2241,0.1934624,41.79614
hitech_shared_frontage,323.007,0.1934624,41.89713
hitech_shared_frontage,322.7898,0.1934624,41.99813
hitech_shared_frontage,322.5726,0.1934624,42.09912
hitech_shared_frontage,352.5958,0.1910663,28.27535
hitech_shared_frontage,352.3786,0.1910663,28.37636
hitech_shared_frontage,352.1614,0.1910663,28.47733
hitech_shared_frontage,351.9442,0.1910663,28.57834
hitech_shared_frontage,351.7271,0.1910663,28.67932
hitech_shared_frontage,351.5099,0.1910663,28.78033
hitech_shared_frontage,351.2927,0.1910663,28.88132
hitech_shared_frontage,351.0755,0.1910663,28.98233
hitech_shared_frontage,350.8583,0.1910663,29.08331
hitech_shared_frontage,350.6412,0.1910663,29.1843
hitech_shared_frontage,350.424,0.1910663,29.28529
hitech_shared_frontage,350.2068,0.1910663,29.3863
hitech_shared_frontage,349.9896,0.1910663,29.48728
hitech_shared_frontage,349.7725,0.1910663,29.58828
hitech_shared_frontage,349.5553,0.1910663,29.68927
hitech_shared_frontage,349.3381,0.1910663,29.79025
hitech_shared_frontage,349.1209,0.1910663,29.89125
hitech_shared_frontage,348.9037,0.1910663,29.99225
hitech_shared_frontage,348.6866,0.1910664,30.09324
hitech_shared_frontage,348.4694,0.1910664,30.19424
hitech_shared_frontage,348.2522,0.1910664,30.29523
hitech_shared_frontage,348.035,0.1910664,30.39623
hitech_shared_frontage,347.8179,0.1910664,30.49721
hitech_shared_frontage,347.6007,0.1910664,30.59821
hitech_shared_frontage,347.3835,0.1910664,30.69921
hitech_shared_frontage,347.1663,0.1910664,30.8002
hitech_shared_frontage,346.9491,0.1910664,30.90118
hitech_shared_frontage,346.732,0.1910664,31.0022
hitech_shared_frontage,346.5148,0.1910664,31.10316
hitech_shared_frontage,346.2976,0.1910664,31.20417
hitech_shared_frontage,346.0804,0.1910664,31.30515
hitech_shared_frontage,345.8633,0.1910664,31.40617
hitech_shared_frontage,345.6461,0.1910664,31.50715
hitech_shared_frontage,345.4289,0.1910664,31.60816
hitech_shared_frontage,345.2117,0.1910664,31.70914
hitech_shared_frontage,344.9946,0.1910664,31.81013
hitech_shared_frontage,344.7774,0.1910664,31.91112
hitech_shared_frontage,344.5602,0.1910664,32.01213
hitech_shared_frontage,344.343,0.1910664,32.11311
hitech_shared_frontage,344.1258,0.1910664,32.21411
hitech_shared_frontage,343.9087,0.1910664,32.3151
hitech_shared_frontage,343.6915,0.1910664,32.41608
hitech_shared_frontage,343.4743,0.1910664,32.51708
hitech_shared_frontage,343.2571,0.1910664,32.61808
hitech_shared_frontage,343.04,0.1910664,32.71907
hitech_shared_frontage,342.8228,0.1910665,32.82007
hitech_shared_frontage,342.6056,0.1910665,32.92107
hitech_shared_frontage,342.3884,0.1910665,33.02206
hitech_shared_frontage,342.1713,0.1910665,33.12305
hitech_shared_frontage,341.9541,0.1910665,33.22404
hitech_shared_frontage,341.7369,0.1910665,33.32504
hitech_shared_frontage,341.5197,0.1910665,33.42603
hitech_shared_frontage,341.3026,0.1910665,33.52703
hitech_shared_frontage,341.0854,0.1910665,33.62803
hitech_shared_frontage,340.8682,0.1910665,33.729
hitech_shared_frontage,340.651,0.1910665,33.83
hitech_shared_frontage,340.4338,0.1910665,33.93098
hitech_shared_frontage,340.2167,0.1910665,34.032
hitech_shared_frontage,339.9995,0.1910665,34.13298
hitech_shared_frontage,339.7823,0.1910665,34.23399
hitech_shared_frontage,339.5651,0.1910665,34.33497
hitech_shared_frontage,339.348,0.1910665,34.43597
hitech_shared_frontage,339.1308,0.1910665,34.53695
hitech_shared_frontage,338.9136,0.1910665,34.63796
hitech_shared_frontage,338.6964,0.1910665,34.73895
hitech_shared_frontage,338.4792,0.1910665,34.83995
hitech_shared_frontage,338.2621,0.1910665,34.94093
hitech_shared_frontage,338.0449,0.1910665,35.04192
hitech_shared_frontage,337.8277,0.1910665,35.14291
hitech_shared_frontage,337.6105,0.1910666,35.24391
hitech_shared_frontage,337.3934,0.1910666,35.34491
hitech_shared_frontage,337.1762,0.1910666,35.44589
hitech_shared_frontage,336.959,0.1910666,35.5469
hitech_shared_frontage,336.7418,0.1910666,35.64788
hitech_shared_frontage,336.5247,0.1910666,35.74888
hitech_shared_frontage,336.3075,0.1910666,35.84987
hitech_shared_frontage,336.0903,0.1910666,35.95087
hitech_shared_frontage,335.8731,0.1910666,36.05185
hitech_shared_frontage,335.6559,0.1910666,36.15286
hitech_shared_frontage,335.4388,0.1910666,36.25385
hitech_shared_frontage,335.2216,0.1910666,36.35483
hitech_shared_frontage,335.0044,0.1910666,36.45582
hitech_shared_frontage,334.7872,0.1910666,36.55682
hitech_shared_frontage,334.5701,0.1910666,36.65781
hitech_shared_frontage,334.3529,0.1910666,36.75881
hitech_shared_frontage,334.1357,0.1910666,36.85981
hitech_shared_frontage,333.9185,0.1910666,36.9608
hitech_shared_frontage,333.7014,0.1910666,37.06178
hitech_shared_frontage,333.4842,0.1910666,37.16278
hitech_shared_frontage,333.267,0.1910666,37.26378
hitech_shared_frontage,333.0498,0.1910667,37.36478
hitech_shared_frontage,332.8326,0.1910667,37.46577
hitech_shared_frontage,332.6154,0.1910667,37.56676
hitech_shared_frontage,332.3983,0.1910667,37.66775
hitech_shared_frontage,332.1811,0.1910667,37.76875
hitech_shared_frontage,331.9639,0.1910667,37.86973
hitech_shared_frontage,331.7468,0.1910667,37.97074
hitech_shared_frontage,331.5296,0.1910667,38.07173
hitech_shared_frontage,331.3124,0.1910667,38.17273
hitech_shared_frontage,331.0952,0.1910667,38.27372
hitech_shared_frontage,330.8781,0.1910667,38.37471
hitech_shared_frontage,330.6609,0.1910667,38.4757
hitech_shared_frontage,330.4437,0.1910667,38.5767
hitech_shared_frontage,330.2265,0.1910667,38.67769
hitech_shared_frontage,330.0093,0.1910667,38.77869
hitech_shared_frontage,329.7921,0.1910667,38.87968
hitech_shared_frontage,329.575,0.1910667,38.98067
hitech_shared_frontage,329.3578,0.1910667,39.08166
hitech_shared_frontage,329.1406,0.1910667,39.18265
hitech_shared_frontage,328.9235,0.1910667,39.28365
hitech_shared_frontage,328.7063,0.1910667,39.38464
hitech_shared_frontage,328.4891,0.1910667,39.48565
hitech_shared_frontage,328.2719,0.1910667,39.58664
hitech_shared_frontage,328.0547,0.1910667,39.68762
hitech_shared_frontage,327.8376,0.1910667,39.78861
hitech_shared_frontage,327.6204,0.1910667,39.88962
hitech_shared_frontage,327.4032,0.1910667,39.99061
hitech_shared_frontage,327.186,0.1910668,40.09161
hitech_shared_frontage,326.9688,0.1910668,40.1926
hitech_shared_frontage,326.7517,0.1910668,40.29359
hitech_shared_frontage,326.5345,0.1910668,40.39458
hitech_shared_frontage,326.3173,0.1910668,40.49557
hitech_shared_frontage,326.1002,0.1910668,40.59657
hitech_shared_frontage,325.883,0.1910668,40.69755
hitech_shared_frontage,325.6658,0.1910668,40.79855
hitech_shared_frontage,325.4486,0.1910668,40.89954
hitech_shared_frontage,325.2314,0.1910668,41.00054
hitech_shared_frontage,325.0143,0.1910668,41.10153
hitech_shared_frontage,324.7971,0.1910668,41.20253
hitech_shared_frontage,324.5799,0.1910668,41.30351
hitech_shared_frontage,324.3627,0.1910668,41.40452
hitech_shared_frontage,324.1455,0.1910668,41.50551
hitech_shared_frontage,323.9284,0.1910668,41.60651
hitech_shared_frontage,323.7112,0.1910668,41.70749
hitech_shared_frontage,323.494,0.1910668,41.80849
hitech_shared_frontage,323.2769,0.1910668,41.90948
hitech_shared_frontage,323.0597,0.1910668,42.01047
hitech_shared_frontage,322.8425,0.1910668,42.11147
hitech_shared_frontage,322.6253,0.1910668,42.21246
hitech_shared_frontage,352.6485,0.1886707,28.3887
hitech_shared_frontage,352.4313,0.1886707,28.4897
hitech_shared_frontage,352.2141,0.1886707,28.59068
hitech_shared_frontage,351.9969,0.1886707,28.69168
hitech_shared_frontage,351.7798,0.1886707,28.79266
hitech_shared_frontage,351.5626,0.1886707,28.89367
hitech_shared_frontage,351.3454,0.1886707,28.99465
hitech_shared_frontage,351.1282,0.1886707,29.09566
hitech_shared_frontage,350.911,0.1886707,29.19665
hitech_shared_frontage,350.6939,0.1886707,29.29764
hitech_shared_frontage,350.4767,0.1886707,29.39862
hitech_shared_frontage,350.2595,0.1886707,29.49964
hitech_shared_frontage,350.0424,0.1886707,29.60062
hitech_shared_frontage,349.8252,0.1886707,29.70163
hitech_shared_frontage,349.608,0.1886707,29.80261
hitech_shared_frontage,349.3908,0.1886707,29.90361
hitech_shared_frontage,349.1737,0.1886707,30.00459
hitech_shared_frontage,348.9565,0.1886707,30.10559
hitech_shared_frontage,348.7393,0.1886707,30.20658
hitech_shared_frontage,348.5221,0.1886707,30.30758
hitech_shared_frontage,348.3049,0.1886707,30.40857
hitech_shared_frontage,348.0877,0.1886707,30.50957
hitech_shared_frontage,347.8706,0.1886707,30.61057
hitech_shared_frontage,347.6534,0.1886707,30.71155
hitech_shared_frontage,347.4362,0.1886707,30.81254
hitech_shared_frontage,347.2191,0.1886707,30.91354
hitech_shared_frontage,347.0019,0.1886707,31.01454
hitech_shared_frontage,346.7847,0.1886707,31.11553
hitech_shared_frontage,346.5675,0.1886707,31.21653
hitech_shared_frontage,346.3504,0.1886707,31.31751
hitech_shared_frontage,346.1332,0.1886707,31.41849
hitech_shared_frontage,345.916,0.1886707,31.5195
hitech_shared_frontage,345.6988,0.1886707,31.62049
hitech_shared_frontage,345.4816,0.1886707,31.7215
hitech_shared_frontage,345.2644,0.1886707,31.82248
hitech_shared_frontage,345.0473,0.1886707,31.92348
hitech_shared_frontage,344.8301,0.1886707,32.02446
hitech_shared_frontage,344.6129,0.1886707,32.12547
hitech_shared_frontage,344.3958,0.1886707,32.22645
hitech_shared_frontage,344.1786,0.1886707,32.32746
hitech_shared_frontage,343.9614,0.1886707,32.42844
hitech_shared_frontage,343.7442,0.1886707,32.52945
hitech_shared_frontage,343.5271,0.1886707,32.63042
hitech_shared_frontage,343.3099,0.1886707,32.73143
hitech_shared_frontage,343.0927,0.1886707,32.83241
hitech_shared_frontage,342.8755,0.1886707,32.93341
hitech_shared_frontage,342.6583,0.1886707,33.03441
hitech_shared_frontage,342.4411,0.1886707,33.1354
hitech_shared_frontage,342.224,0.1886707,33.23638
hitech_shared_frontage,342.0068,0.1886707,33.33738
hitech_shared_frontage,341.7896,0.1886707,33.43838
hitech_shared_frontage,341.5724,0.1886707,33.53938
hitech_shared_frontage,341.3553,0.1886707,33.64037
hitech_shared_frontage,341.1381,0.1886707,33.74136
hitech_shared_frontage,340.9209,0.1886707,33.84236
hitech_shared_frontage,340.7037,0.1886707,33.94334
hitech_shared_frontage,340.4866,0.1886707,34.04434
hitech_shared_frontage,340.2694,0.1886707,34.14534
hitech_shared_frontage,340.0522,0.1886707,34.24632
hitech_shared_frontage,339.835,0.1886707,34.34733
hitech_shared_frontage,339.6178,0.1886707,34.44831
hitech_shared_frontage,339.4007,0.1886707,34.54932
hitech_shared_frontage,339.1835,0.1886707,34.65029
hitech_shared_frontage,338.9663,0.1886707,34.7513
hitech_shared_frontage,338.7491,0.1886707,34.85228
hitech_shared_frontage,338.532,0.1886707,34.95329
hitech_shared_frontage,338.3148,0.1886707,35.05428
hitech_shared_frontage,338.0976,0.1886707,35.15528
hitech_shared_frontage,337.8804,0.1886707,35.25625
hitech_shared_frontage,337.6633,0.1886707,35.35726
hitech_shared_frontage,337.4461,0.1886707,35.45824
hitech_shared_frontage,337.2289,0.1886707,35.55924
hitech_shared_frontage,337.0117,0.1886707,35.66024
hitech_shared_frontage,336.7945,0.1886707,35.76123
hitech_shared_frontage,336.5774,0.1886707,35.86221
hitech_shared_frontage,336.3602,0.1886707,35.96321
hitech_shared_frontage,336.143,0.1886707,36.06421
hitech_shared_frontage,335.9258,0.1886707,36.16521
hitech_shared_frontage,335.7086,0.1886707,36.2662
hitech_shared_frontage,335.4915,0.1886707,36.36718
hitech_shared_frontage,335.2743,0.1886707,36.46819
hitech_shared_frontage,335.0571,0.1886707,36.56918
hitech_shared_frontage,334.84,0.1886707,36.67017
hitech_shared_frontage,334.6228,0.1886707,36.77117
hitech_shared_frontage,334.4056,0.1886707,36.87216
hitech_shared_frontage,334.1884,0.1886707,36.97314
hitech_shared_frontage,333.9712,0.1886707,37.07414
hitech_shared_frontage,333.754,0.1886707,37.17514
hitech_shared_frontage,333.5369,0.1886707,37.27612
hitech_shared_frontage,333.3197,0.1886707,37.37712
hitech_shared_frontage,333.1025,0.1886707,37.47811
hitech_shared_frontage,332.8854,0.1886707,37.57911
hitech_shared_frontage,332.6682,0.1886707,37.68011
hitech_shared_frontage,332.451,0.1886707,37.78111
hitech_shared_frontage,332.2338,0.1886707,37.88208
hitech_shared_frontage,332.0167,0.1886707,37.98308
hitech_shared_frontage,331.7995,0.1886707,38.08408
hitech_shared_frontage,331.5823,0.1886707,38.18508
hitech_shared_frontage,331.3651,0.1886707,38.28607
hitech_shared_frontage,331.1479,0.1886707,38.38706
hitech_shared_frontage,330.9307,0.1886707,38.48806
hitech_shared_frontage,330.7136,0.1886707,38.58904
hitech_shared_frontage,330.4964,0.1886707,38.69004
hitech_shared_frontage,330.2792,0.1886707,38.79103
hitech_shared_frontage,330.062,0.1886707,38.89203
hitech_shared_frontage,329.8448,0.1886707,38.99302
hitech_shared_frontage,329.6277,0.1886707,39.09402
hitech_shared_frontage,329.4105,0.1886707,39.195
hitech_shared_frontage,329.1934,0.1886707,39.29601
hitech_shared_frontage,328.9762,0.1886707,39.397
hitech_shared_frontage,328.759,0.1886707,39.498
hitech_shared_frontage,328.5418,0.1886707,39.59898
hitech_shared_frontage,328.3246,0.1886707,39.69997
hitech_shared_frontage,328.1075,0.1886707,39.80096
hitech_shared_frontage,327.8903,0.1886707,39.90195
hitech_shared_frontage,327.6731,0.1886707,40.00296
hitech_shared_frontage,327.4559,0.1886707,40.10395
hitech_shared_frontage,327.2387,0.1886707,40.20495
hitech_shared_frontage,327.0215,0.1886707,40.30594
hitech_shared_frontage,326.8044,0.1886707,40.40694
hitech_shared_frontage,326.5872,0.1886707,40.50792
hitech_shared_frontage,326.3701,0.1886707,40.60892
hitech_shared_frontage,326.1529,0.1886707,40.70991
hitech_shared_frontage,325.9357,0.1886707,40.81091
hitech_shared_frontage,325.7185,0.1886707,40.9119
hitech_shared_frontage,325.5013,0.1886707,41.01291
hitech_shared_frontage,325.2841,0.1886707,41.1139
hitech_shared_frontage,325.067,0.1886707,41.21487
hitech_shared_frontage,324.8498,0.1886707,41.31587
hitech_shared_frontage,324.6326,0.1886707,41.41686
hitech_shared_frontage,324.4154,0.1886707,41.51787
hitech_shared_frontage,324.1982,0.1886707,41.61885
hitech_shared_frontage,323.9811,0.1886707,41.71985
hitech_shared_frontage,323.7639,0.1886707,41.82083
hitech_shared_frontage,323.5468,0.1886707,41.92184
hitech_shared_frontage,323.3296,0.1886707,42.02283
hitech_shared_frontage,323.1124,0.1886707,42.12382
hitech_shared_frontage,322.8952,0.1886707,42.22481
hitech_shared_frontage,322.678,0.1886707,42.32581
hitech_shared_frontage,352.7012,0.1862749,28.50204
hitech_shared_frontage,352.484,0.1862749,28.60304
hitech_shared_frontage,352.2668,0.1862749,28.70404
hitech_shared_frontage,352.0496,0.1862749,28.80503
hitech_shared_frontage,351.8325,0.1862749,28.90601
hitech_shared_frontage,351.6153,0.1862749,29.00701
hitech_shared_frontage,351.3981,0.1862749,29.10801
hitech_shared_frontage,351.1809,0.1862749,29.20901
hitech_shared_frontage,350.9637,0.1862749,29.30999
hitech_shared_frontage,350.7466,0.1862749,29.411
hitech_shared_frontage,350.5294,0.1862749,29.51196
hitech_shared_frontage,350.3123,0.1862749,29.61297
hitech_shared_frontage,350.0951,0.1862749,29.71396
hitech_shared_frontage,349.8779,0.1862749,29.81497
hitech_shared_frontage,349.6607,0.1862749,29.91595
hitech_shared_frontage,349.4435,0.1862749,30.01696
hitech_shared_frontage,349.2263,0.1862749,30.11794
hitech_shared_frontage,349.0092,0.186275,30.21894
hitech_shared_frontage,348.792,0.186275,30.31992
hitech_shared_frontage,348.5748,0.186275,30.42093
hitech_shared_frontage,348.3576,0.186275,30.52191
hitech_shared_frontage,348.1404,0.186275,30.62291
hitech_shared_frontage,347.9233,0.186275,30.72391
hitech_shared_frontage,347.7061,0.186275,30.82489
hitech_shared_frontage,347.489,0.186275,30.92588
hitech_shared_frontage,347.2718,0.186275,31.02688
hitech_shared_frontage,347.0546,0.186275,31.12788
hitech_shared_frontage,346.8374,0.186275,31.22887
hitech_shared_frontage,346.6202,0.186275,31.32987
hitech_shared_frontage,346.403,0.186275,31.43087
hitech_shared_frontage,346.1859,0.186275,31.53185
hitech_shared_frontage,345.9687,0.186275,31.63284
hitech_shared_frontage,345.7515,0.186275,31.73384
hitech_shared_frontage,345.5343,0.186275,31.83484
hitech_shared_frontage,345.3172,0.186275,31.93583
hitech_shared_frontage,345.1,0.186275,32.03683
hitech_shared_frontage,344.8828,0.186275,32.13779
hitech_shared_frontage,344.6656,0.186275,32.23881
hitech_shared_frontage,344.4485,0.1862751,32.33979
hitech_shared_frontage,344.2313,0.1862751,32.4408
hitech_shared_frontage,344.0141,0.1862751,32.54178
hitech_shared_frontage,343.7969,0.1862751,32.64279
hitech_shared_frontage,343.5797,0.1862751,32.74377
hitech_shared_frontage,343.3626,0.1862751,32.84477
hitech_shared_frontage,343.1454,0.1862751,32.94576
hitech_shared_frontage,342.9282,0.1862751,33.04676
hitech_shared_frontage,342.711,0.1862751,33.14774
hitech_shared_frontage,342.4939,0.1862751,33.24876
hitech_shared_frontage,342.2767,0.1862751,33.34974
hitech_shared_frontage,342.0595,0.1862751,33.45072
hitech_shared_frontage,341.8423,0.1862751,33.55172
hitech_shared_frontage,341.6252,0.1862751,33.65271
hitech_shared_frontage,341.408,0.1862751,33.75371
hitech_shared_frontage,341.1908,0.1862751,33.85471
hitech_shared_frontage,340.9736,0.1862751,33.9557
hitech_shared_frontage,340.7564,0.1862751,34.0567
hitech_shared_frontage,340.5393,0.1862751,34.15768
hitech_shared_frontage,340.3221,0.1862751,34.25867
hitech_shared_frontage,340.1049,0.1862751,34.35967
hitech_shared_frontage,339.8877,0.1862751,34.46067
hitech_shared_frontage,339.6706,0.1862751,34.56166
hitech_shared_frontage,339.4534,0.1862752,34.66266
hitech_shared_frontage,339.2362,0.1862752,34.76363
hitech_shared_frontage,339.019,0.1862752,34.86464
hitech_shared_frontage,338.8018,0.1862752,34.96562
hitech_shared_frontage,338.5847,0.1862752,35.06663
hitech_shared_frontage,338.3675,0.1862752,35.16761
hitech_shared_frontage,338.1503,0.1862752,35.26862
hitech_shared_frontage,337.9332,0.1862752,35.36959
hitech_shared_frontage,337.716,0.1862752,35.4706
hitech_shared_frontage,337.4988,0.1862752,35.57159
hitech_shared_frontage,337.2816,0.1862752,35.6726
hitech_shared_frontage,337.0644,0.1862752,35.77357
hitech_shared_frontage,336.8473,0.1862752,35.87459
hitech_shared_frontage,336.6301,0.1862752,35.97557
hitech_shared_frontage,336.4129,0.1862752,36.07656
hitech_shared_frontage,336.1957,0.1862752,36.17755
hitech_shared_frontage,335.9785,0.1862752,36.27855
hitech_shared_frontage,335.7614,0.1862752,36.37954
hitech_shared_frontage,335.5442,0.1862752,36.48054
hitech_shared_frontage,335.327,0.1862752,36.58154
hitech_shared_frontage,335.1099,0.1862752,36.68252
hitech_shared_frontage,334.8927,0.1862752,36.78351
hitech_shared_frontage,334.6755,0.1862752,36.88451
hitech_shared_frontage,334.4583,0.1862752,36.9855
hitech_shared_frontage,334.2411,0.1862752,37.0865
hitech_shared_frontage,334.0239,0.1862752,37.1875
hitech_shared_frontage,333.8068,0.1862752,37.28848
hitech_shared_frontage,333.5896,0.1862753,37.38947
hitech_shared_frontage,333.3724,0.1862753,37.49047
hitech_shared_frontage,333.1552,0.1862753,37.59145
hitech_shared_frontage,332.938,0.1862753,37.69245
hitech_shared_frontage,332.7209,0.1862753,37.79345
hitech_shared_frontage,332.5037,0.1862753,37.89444
hitech_shared_frontage,332.2866,0.1862753,37.99542
hitech_shared_frontage,332.0694,0.1862753,38.09644
hitech_shared_frontage,331.8522,0.1862753,38.19742
hitech_shared_frontage,331.635,0.1862753,38.29842
hitech_shared_frontage,331.4178,0.1862753,38.39941
hitech_shared_frontage,331.2006,0.1862753,38.50041
hitech_shared_frontage,330.9835,0.1862753,38.6014
hitech_shared_frontage,330.7663,0.1862753,38.70239
hitech_shared_frontage,330.5491,0.1862753,38.80338
hitech_shared_frontage,330.3319,0.1862753,38.90437
hitech_shared_frontage,330.1147,0.1862753,39.00537
hitech_shared_frontage,329.8976,0.1862753,39.10636
hitech_shared_frontage,329.6804,0.1862753,39.20737
hitech_shared_frontage,329.4632,0.1862753,39.30834
hitech_shared_frontage,329.2461,0.1862753,39.40934
hitech_shared_frontage,329.0289,0.1862753,39.51033
hitech_shared_frontage,328.8117,0.1862753,39.61134
hitech_shared_frontage,328.5945,0.1862753,39.71233
hitech_shared_frontage,328.3773,0.1862754,39.81333
hitech_shared_frontage,328.1602,0.1862754,39.91432
hitech_shared_frontage,327.943,0.1862754,40.0153
hitech_shared_frontage,327.7258,0.1862754,40.11629
hitech_shared_frontage,327.5086,0.1862754,40.2173
hitech_shared_frontage,327.2914,0.1862754,40.31829
hitech_shared_frontage,327.0743,0.1862754,40.41928
hitech_shared_frontage,326.8571,0.1862754,40.52028
hitech_shared_frontage,326.6399,0.1862754,40.62125
hitech_shared_frontage,326.4227,0.1862754,40.72226
hitech_shared_frontage,326.2056,0.1862754,40.82325
hitech_shared_frontage,325.9884,0.1862754,40.92425
hitech_shared_frontage,325.7712,0.1862754,41.02524
hitech_shared_frontage,325.554,0.1862754,41.12624
hitech_shared_frontage,325.3369,0.1862754,41.22723
hitech_shared_frontage,325.1197,0.1862754,41.32824
hitech_shared_frontage,324.9025,0.1862754,41.42921
hitech_shared_frontage,324.6853,0.1862754,41.53021
hitech_shared_frontage,324.4681,0.1862754,41.6312
hitech_shared_frontage,324.2509,0.1862754,41.73219
hitech_shared_frontage,324.0338,0.1862754,41.8332
hitech_shared_frontage,323.8166,0.1862755,41.93417
hitech_shared_frontage,323.5995,0.1862755,42.03518
hitech_shared_frontage,323.3823,0.1862755,42.13616
hitech_shared_frontage,323.1651,0.1862755,42.23717
hitech_shared_frontage,322.9479,0.1862755,42.33816
hitech_shared_frontage,322.7307,0.1862755,42.43916
hitech_shared_frontage,352.7539,0.183879,28.61538
hitech_shared_frontage,352.5367,0.183879,28.71638
hitech_shared_frontage,352.3195,0.183879,28.81738
hitech_shared_frontage,352.1024,0.183879,28.91837
hitech_shared_frontage,351.8852,0.1838791,29.01935
hitech_shared_frontage,351.668,0.1838791,29.12035
hitech_shared_frontage,351.4509,0.1838791,29.22135
hitech_shared_frontage,351.2337,0.1838791,29.32234
hitech_shared_frontage,351.0165,0.1838791,29.42334
hitech_shared_frontage,350.7993,0.1838791,29.52434
hitech_shared_frontage,350.5821,0.1838791,29.62533
hitech_shared_frontage,350.365,0.1838791,29.72631
hitech_shared_frontage,350.1478,0.1838791,29.8273
hitech_shared_frontage,349.9306,0.1838791,29.92831
hitech_shared_frontage,349.7134,0.1838791,30.02929
hitech_shared_frontage,349.4962,0.1838791,30.1303
hitech_shared_frontage,349.2791,0.1838791,30.23128
hitech_shared_frontage,349.0619,0.1838791,30.33228
hitech_shared_frontage,348.8447,0.1838791,30.43326
hitech_shared_frontage,348.6275,0.1838791,30.53427
hitech_shared_frontage,348.4104,0.1838791,30.63525
hitech_shared_frontage,348.1932,0.1838791,30.73626
hitech_shared_frontage,347.976,0.1838791,30.83725
hitech_shared_frontage,347.7588,0.1838791,30.93826
hitech_shared_frontage,347.5417,0.1838791,31.03922
hitech_shared_frontage,347.3245,0.1838791,31.14023
hitech_shared_frontage,347.1073,0.1838791,31.24121
hitech_shared_frontage,346.8901,0.1838791,31.34221
hitech_shared_frontage,346.6729,0.1838791,31.44321
hitech_shared_frontage,346.4557,0.1838791,31.5442
hitech_shared_frontage,346.2386,0.1838791,31.64519
hitech_shared_frontage,346.0214,0.1838791,31.74618
hitech_shared_frontage,345.8042,0.1838791,31.84718
hitech_shared_frontage,345.5871,0.1838791,31.94818
hitech_shared_frontage,345.3699,0.1838791,32.04917
hitech_shared_frontage,345.1527,0.1838791,32.15017
hitech_shared_frontage,344.9355,0.1838791,32.25116
hitech_shared_frontage,344.7184,0.1838791,32.35215
hitech_shared_frontage,344.5012,0.1838791,32.45313
hitech_shared_frontage,344.284,0.1838791,32.55414
hitech_shared_frontage,344.0668,0.1838791,32.65512
hitech_shared_frontage,343.8496,0.1838791,32.75613
hitech_shared_frontage,343.6324,0.1838791,32.85712
hitech_shared_frontage,343.4153,0.1838791,32.95811
hitech_shared_frontage,343.1981,0.1838791,33.05909
hitech_shared_frontage,342.9809,0.1838791,33.1601
hitech_shared_frontage,342.7637,0.1838792,33.26109
hitech_shared_frontage,342.5466,0.1838792,33.36209
hitech_shared_frontage,342.3294,0.1838792,33.46308
hitech_shared_frontage,342.1122,0.1838792,33.56409
hitech_shared_frontage,341.8951,0.1838792,33.66505
hitech_shared_frontage,341.6779,0.1838792,33.76607
hitech_shared_frontage,341.4607,0.1838792,33.86705
hitech_shared_frontage,341.2435,0.1838792,33.96804
hitech_shared_frontage,341.0263,0.1838792,34.06904
hitech_shared_frontage,340.8091,0.1838792,34.17004
hitech_shared_frontage,340.592,0.1838792,34.27102
hitech_shared_frontage,340.3748,0.1838792,34.37202
hitech_shared_frontage,340.1576,0.1838792,34.47301
hitech_shared_frontage,339.9404,0.1838792,34.57401
hitech_shared_frontage,339.7233,0.1838792,34.675
hitech_shared_frontage,339.5061,0.1838792,34.776
hitech_shared_frontage,339.2889,0.1838792,34.877
hitech_shared_frontage,339.0717,0.1838792,34.97798
hitech_shared_frontage,338.8546,0.1838792,35.07897
hitech_shared_frontage,338.6374,0.1838792,35.17997
hitech_shared_frontage,338.4202,0.1838792,35.28097
hitech_shared_frontage,338.203,0.1838792,35.38197
hitech_shared_frontage,337.9858,0.1838792,35.48295
hitech_shared_frontage,337.7687,0.1838792,35.58394
hitech_shared_frontage,337.5515,0.1838792,35.68492
hitech_shared_frontage,337.3343,0.1838792,35.78593
hitech_shared_frontage,337.1171,0.1838792,35.88692
hitech_shared_frontage,336.9,0.1838792,35.98793
hitech_shared_frontage,336.6828,0.1838792,36.08891
hitech_shared_frontage,336.4656,0.1838792,36.18992
hitech_shared_frontage,336.2484,0.1838792,36.29089
hitech_shared_frontage,336.0313,0.1838792,36.3919
hitech_shared_frontage,335.8141,0.1838792,36.49288
hitech_shared_frontage,335.5969,0.1838792,36.59389
hitech_shared_frontage,335.3797,0.1838792,36.69487
hitech_shared_frontage,335.1625,0.1838792,36.79587
hitech_shared_frontage,334.9454,0.1838792,36.89685
hitech_shared_frontage,334.7282,0.1838792,36.99785
hitech_shared_frontage,334.511,0.1838792,37.09884
hitech_shared_frontage,334.2938,0.1838792,37.19984
hitech_shared_frontage,334.0767,0.1838792,37.30083
hitech_shared_frontage,333.8595,0.1838792,37.40183
hitech_shared_frontage,333.6423,0.1838792,37.50283
hitech_shared_frontage,333.4251,0.1838792,37.60381
hitech_shared_frontage,333.2079,0.1838792,37.7048
hitech_shared_frontage,332.9908,0.1838792,37.8058
hitech_shared_frontage,332.7736,0.1838792,37.9068
hitech_shared_frontage,332.5564,0.1838793,38.0078
hitech_shared_frontage,332.3392,0.1838793,38.10878
hitech_shared_frontage,332.1221,0.1838793,38.20977
hitech_shared_frontage,331.9049,0.1838793,38.31076
hitech_shared_frontage,331.6877,0.1838793,38.41176
hitech_shared_frontage,331.4705,0.1838793,38.51275
hitech_shared_frontage,331.2534,0.1838793,38.61375
hitech_shared_frontage,331.0362,0.1838793,38.71474
hitech_shared_frontage,330.819,0.1838793,38.81574
hitech_shared_frontage,330.6018,0.1838793,38.91672
hitech_shared_frontage,330.3846,0.1838793,39.01772
hitech_shared_frontage,330.1675,0.1838793,39.11871
hitech_shared_frontage,329.9503,0.1838793,39.21972
hitech_shared_frontage,329.7331,0.1838793,39.32071
hitech_shared_frontage,329.5159,0.1838793,39.42171
hitech_shared_frontage,329.2988,0.1838793,39.52268
hitech_shared_frontage,329.0816,0.1838793,39.62367
hitech_shared_frontage,328.8644,0.1838793,39.72467
hitech_shared_frontage,328.6472,0.1838793,39.82566
hitech_shared_frontage,328.4301,0.1838793,39.92667
hitech_shared_frontage,328.2129,0.1838793,40.02766
hitech_shared_frontage,327.9957,0.1838793,40.12866
hitech_shared_frontage,327.7785,0.1838793,40.22964
hitech_shared_frontage,327.5613,0.1838793,40.33064
hitech_shared_frontage,327.3442,0.1838793,40.43163
hitech_shared_frontage,327.127,0.1838793,40.53263
hitech_shared_frontage,326.9098,0.1838793,40.63362
hitech_shared_frontage,326.6926,0.1838793,40.73462
hitech_shared_frontage,326.4755,0.1838793,40.8356
hitech_shared_frontage,326.2583,0.1838793,40.93659
hitech_shared_frontage,326.0411,0.1838793,41.03759
hitech_shared_frontage,325.8239,0.1838793,41.13858
hitech_shared_frontage,325.6068,0.1838793,41.23959
hitech_shared_frontage,325.3896,0.1838793,41.34058
hitech_shared_frontage,325.1724,0.1838793,41.44157
hitech_shared_frontage,324.9552,0.1838793,41.54255
hitech_shared_frontage,324.738,0.1838793,41.64355
hitech_shared_frontage,324.5208,0.1838793,41.74454
hitech_shared_frontage,324.3037,0.1838793,41.84555
hitech_shared_frontage,324.0865,0.1838793,41.94654
hitech_shared_frontage,323.8693,0.1838793,42.04754
hitech_shared_frontage,323.6522,0.1838793,42.14851
hitech_shared_frontage,323.435,0.1838793,42.2495
hitech_shared_frontage,323.2178,0.1838793,42.35051
hitech_shared_frontage,323.0006,0.1838793,42.4515
hitech_shared_frontage,322.7834,0.1838793,42.5525
hitech_shared_frontage,352.8066,0.1814832,28.72874
hitech_shared_frontage,352.5894,0.1814832,28.82973
hitech_shared_frontage,352.3723,0.1814832,28.93072
hitech_shared_frontage,352.1551,0.1814832,29.03171
hitech_shared_frontage,351.9379,0.1814832,29.13271
hitech_shared_frontage,351.7207,0.1814832,29.23369
hitech_shared_frontage,351.5035,0.1814832,29.3347
hitech_shared_frontage,351.2863,0.1814832,29.43568
hitech_shared_frontage,351.0692,0.1814832,29.53668
hitech_shared_frontage,350.852,0.1814832,29.63768
hitech_shared_frontage,350.6348,0.1814832,29.73867
hitech_shared_frontage,350.4176,0.1814833,29.83967
hitech_shared_frontage,350.2005,0.1814833,29.94065
hitech_shared_frontage,349.9833,0.1814833,30.04165
hitech_shared_frontage,349.7661,0.1814833,30.14264
hitech_shared_frontage,349.549,0.1814833,30.24364
hitech_shared_frontage,349.3318,0.1814833,30.34464
hitech_shared_frontage,349.1146,0.1814833,30.44563
hitech_shared_frontage,348.8974,0.1814833,30.5466
hitech_shared_frontage,348.6802,0.1814833,30.64761
hitech_shared_frontage,348.4631,0.1814833,30.74859
hitech_shared_frontage,348.2459,0.1814833,30.8496
hitech_shared_frontage,348.0287,0.1814833,30.95058
hitech_shared_frontage,347.8115,0.1814833,31.0516
hitech_shared_frontage,347.5943,0.1814833,31.15258
hitech_shared_frontage,347.3772,0.1814833,31.25357
hitech_shared_frontage,347.16,0.1814833,31.35456
hitech_shared_frontage,346.9428,0.1814833,31.45557
hitech_shared_frontage,346.7256,0.1814833,31.55655
hitech_shared_frontage,346.5085,0.1814833,31.65756
hitech_shared_frontage,346.2913,0.1814833,31.75854
hitech_shared_frontage,346.0741,0.1814833,31.85952
hitech_shared_frontage,345.8569,0.1814833,31.96052
hitech_shared_frontage,345.6398,0.1814833,32.06152
hitech_shared_frontage,345.4226,0.1814833,32.16251
hitech_shared_frontage,345.2054,0.1814833,32.26351
hitech_shared_frontage,344.9882,0.1814833,32.3645
hitech_shared_frontage,344.7711,0.1814833,32.4655
hitech_shared_frontage,344.5539,0.1814833,32.56648
hitech_shared_frontage,344.3367,0.1814833,32.66748
hitech_shared_frontage,344.1195,0.1814833,32.76847
hitech_shared_frontage,343.9023,0.1814833,32.86947
hitech_shared_frontage,343.6852,0.1814833,32.97047
hitech_shared_frontage,343.468,0.1814833,33.07146
hitech_shared_frontage,343.2508,0.1814833,33.17243
hitech_shared_frontage,343.0336,0.1814833,33.27344
hitech_shared_frontage,342.8165,0.1814833,33.37442
hitech_shared_frontage,342.5993,0.1814833,33.47543
hitech_shared_frontage,342.3821,0.1814833,33.57642
hitech_shared_frontage,342.1649,0.1814833,33.67743
hitech_shared_frontage,341.9477,0.1814833,33.77841
hitech_shared_frontage,341.7306,0.1814833,33.8794
hitech_shared_frontage,341.5134,0.1814833,33.98038
hitech_shared_frontage,341.2962,0.1814833,34.0814
hitech_shared_frontage,341.079,0.1814833,34.18238
hitech_shared_frontage,340.8618,0.1814833,34.28339
hitech_shared_frontage,340.6447,0.1814833,34.38437
hitech_shared_frontage,340.4275,0.1814833,34.48537
hitech_shared_frontage,340.2103,0.1814833,34.58635
hitech_shared_frontage,339.9932,0.1814833,34.68735
hitech_shared_frontage,339.776,0.1814833,34.78835
hitech_shared_frontage,339.5588,0.1814834,34.88934
hitech_shared_frontage,339.3416,0.1814834,34.99033
hitech_shared_frontage,339.1244,0.1814834,35.09133
hitech_shared_frontage,338.9073,0.1814834,35.19231
hitech_shared_frontage,338.6901,0.1814834,35.29331
hitech_shared_frontage,338.4729,0.1814834,35.39431
hitech_shared_frontage,338.2557,0.1814834,35.4953
hitech_shared_frontage,338.0385,0.1814834,35.5963
hitech_shared_frontage,337.8214,0.1814834,35.6973
hitech_shared_frontage,337.6042,0.1814834,35.79828
hitech_shared_frontage,337.387,0.1814834,35.89927
hitech_shared_frontage,337.1699,0.1814834,36.00026
hitech_shared_frontage,336.9527,0.1814834,36.10126
hitech_shared_frontage,336.7355,0.1814834,36.20225
hitech_shared_frontage,336.5183,0.1814834,36.30326
hitech_shared_frontage,336.3011,0.1814834,36.40424
hitech_shared_frontage,336.084,0.1814834,36.50524
hitech_shared_frontage,335.8668,0.1814834,36.60622
hitech_shared_frontage,335.6496,0.1814834,36.70723
hitech_shared_frontage,335.4324,0.1814834,36.80821
hitech_shared_frontage,335.2152,0.1814834,36.90922
hitech_shared_frontage,334.998,0.1814834,37.0102
hitech_shared_frontage,334.7809,0.1814834,37.1112
hitech_shared_frontage,334.5637,0.1814834,37.21218
hitech_shared_frontage,334.3466,0.1814834,37.31318
hitech_shared_frontage,334.1294,0.1814834,37.41418
hitech_shared_frontage,333.9122,0.1814834,37.51517
hitech_shared_frontage,333.695,0.1814834,37.61617
hitech_shared_frontage,333.4778,0.1814834,37.71716
hitech_shared_frontage,333.2607,0.1814834,37.81815
hitech_shared_frontage,333.0435,0.1814834,37.91914
hitech_shared_frontage,332.8263,0.1814834,38.02014
hitech_shared_frontage,332.6091,0.1814834,38.12114
hitech_shared_frontage,332.3919,0.1814834,38.22213
hitech_shared_frontage,332.1747,0.1814834,38.32313
hitech_shared_frontage,331.9576,0.1814834,38.42411
hitech_shared_frontage,331.7404,0.1814834,38.5251
hitech_shared_frontage,331.5233,0.1814834,38.6261
hitech_shared_frontage,331.3061,0.1814834,38.72709
hitech_shared_frontage,331.0889,0.1814834,38.82808
hitech_shared_frontage,330.8717,0.1814834,38.92908
hitech_shared_frontage,330.6545,0.1814834,39.03006
hitech_shared_frontage,330.4374,0.1814834,39.13106
hitech_shared_frontage,330.2202,0.1814834,39.23205
hitech_shared_frontage,330.003,0.1814834,39.33305
hitech_shared_frontage,329.7858,0.1814834,39.43404
hitech_shared_frontage,329.5686,0.1814834,39.53505
hitech_shared_frontage,329.3514,0.1814834,39.63604
hitech_shared_frontage,329.1343,0.1814834,39.73702
hitech_shared_frontage,328.9171,0.1814834,39.83801
hitech_shared_frontage,328.7,0.1814834,39.93902
hitech_shared_frontage,328.4828,0.1814834,40.04001
hitech_shared_frontage,328.2656,0.1814834,40.14101
hitech_shared_frontage,328.0484,0.1814834,40.242
hitech_shared_frontage,327.8312,0.1814835,40.34299
hitech_shared_frontage,327.614,0.1814835,40.44398
hitech_shared_frontage,327.3969,0.1814835,40.54497
hitech_shared_frontage,327.1797,0.1814835,40.64597
hitech_shared_frontage,326.9625,0.1814835,40.74696
hitech_shared_frontage,326.7453,0.1814835,40.84796
hitech_shared_frontage,326.5281,0.1814835,40.94895
hitech_shared_frontage,326.311,0.1814835,41.04994
hitech_shared_frontage,326.0938,0.1814835,41.15093
hitech_shared_frontage,325.8766,0.1814835,41.25193
hitech_shared_frontage,325.6595,0.1814835,41.35292
hitech_shared_frontage,325.4423,0.1814835,41.45391
hitech_shared_frontage,325.2251,0.1814835,41.55492
hitech_shared_frontage,325.0079,0.1814835,41.65589
hitech_shared_frontage,324.7907,0.1814835,41.75689
hitech_shared_frontage,324.5736,0.1814835,41.85788
hitech_shared_frontage,324.3564,0.1814835,41.95889
hitech_shared_frontage,324.1392,0.1814835,42.05988
hitech_shared_frontage,323.922,0.1814835,42.16088
hitech_shared_frontage,323.7049,0.1814835,42.26186
hitech_shared_frontage,323.4877,0.1814835,42.36285
hitech_shared_frontage,323.2705,0.1814835,42.46384
hitech_shared_frontage,323.0533,0.1814835,42.56485
hitech_shared_frontage,322.8362,0.1814835,42.66584
hitech_shared_frontage,352.8593,0.1790871,28.84208
hitech_shared_frontage,352.6422,0.1790871,28.94307
hitech_shared_frontage,352.425,0.1790871,29.04407
hitech_shared_frontage,352.2078,0.1790871,29.14507
hitech_shared_frontage,351.9906,0.1790871,29.24606
hitech_shared_frontage,351.7734,0.1790871,29.34706
hitech_shared_frontage,351.5563,0.1790871,29.44804
hitech_shared_frontage,351.3391,0.1790871,29.54902
hitech_shared_frontage,351.1219,0.1790871,29.65003
hitech_shared_frontage,350.9047,0.1790871,29.75101
hitech_shared_frontage,350.6875,0.1790871,29.85201
hitech_shared_frontage,350.4704,0.1790871,29.95301
hitech_shared_frontage,350.2532,0.1790871,30.054
hitech_shared_frontage,350.036,0.1790871,30.15499
hitech_shared_frontage,349.8188,0.1790871,30.256
hitech_shared_frontage,349.6017,0.1790871,30.35698
hitech_shared_frontage,349.3845,0.1790871,30.45797
hitech_shared_frontage,349.1673,0.1790871,30.55897
hitech_shared_frontage,348.9501,0.1790871,30.65997
hitech_shared_frontage,348.733,0.1790871,30.76095
hitech_shared_frontage,348.5158,0.1790871,30.86193
hitech_shared_frontage,348.2986,0.1790871,30.96294
hitech_shared_frontage,348.0814,0.1790871,31.06392
hitech_shared_frontage,347.8642,0.1790871,31.16493
hitech_shared_frontage,347.6471,0.1790872,31.26592
hitech_shared_frontage,347.4299,0.1790872,31.36691
hitech_shared_frontage,347.2127,0.1790872,31.46789
hitech_shared_frontage,346.9955,0.1790872,31.5689
hitech_shared_frontage,346.7784,0.1790872,31.66989
hitech_shared_frontage,346.5612,0.1790872,31.7709
hitech_shared_frontage,346.344,0.1790872,31.87188
hitech_shared_frontage,346.1268,0.1790872,31.97289
hitech_shared_frontage,345.9096,0.1790872,32.07386
hitech_shared_frontage,345.6925,0.1790872,32.17487
hitech_shared_frontage,345.4753,0.1790872,32.27585
hitech_shared_frontage,345.2581,0.1790872,32.37685
hitech_shared_frontage,345.0409,0.1790872,32.47784
hitech_shared_frontage,344.8237,0.1790872,32.57884
hitech_shared_frontage,344.6066,0.1790872,32.67982
hitech_shared_frontage,344.3894,0.1790872,32.78082
hitech_shared_frontage,344.1722,0.1790872,32.88181
hitech_shared_frontage,343.955,0.1790872,32.98281
hitech_shared_frontage,343.7379,0.1790872,33.08381
hitech_shared_frontage,343.5207,0.1790872,33.1848
hitech_shared_frontage,343.3035,0.1790872,33.28578
hitech_shared_frontage,343.0864,0.1790872,33.38678
hitech_shared_frontage,342.8692,0.1790872,33.48778
hitech_shared_frontage,342.652,0.1790872,33.58878
hitech_shared_frontage,342.4348,0.1790872,33.68977
hitech_shared_frontage,342.2176,0.1790872,33.79076
hitech_shared_frontage,342.0004,0.1790872,33.89175
hitech_shared_frontage,341.7833,0.1790872,33.99274
hitech_shared_frontage,341.5661,0.1790872,34.09373
hitech_shared_frontage,341.3489,0.1790872,34.19474
hitech_shared_frontage,341.1317,0.1790872,34.29572
hitech_shared_frontage,340.9146,0.1790872,34.39673
hitech_shared_frontage,340.6974,0.1790872,34.49771
hitech_shared_frontage,340.4802,0.1790872,34.59872
hitech_shared_frontage,340.2631,0.1790872,34.69969
hitech_shared_frontage,340.0459,0.1790872,34.8007
hitech_shared_frontage,339.8287,0.1790872,34.90168
hitech_shared_frontage,339.6115,0.1790872,35.00269
hitech_shared_frontage,339.3943,0.1790872,35.10368
hitech_shared_frontage,339.1771,0.1790872,35.20467
hitech_shared_frontage,338.96,0.1790872,35.30567
hitech_shared_frontage,338.7428,0.1790872,35.40665
hitech_shared_frontage,338.5256,0.1790872,35.50764
hitech_shared_frontage,338.3084,0.1790872,35.60864
hitech_shared_frontage,338.0912,0.1790872,35.70964
hitech_shared_frontage,337.8741,0.1790873,35.81063
hitech_shared_frontage,337.6569,0.1790873,35.91163
hitech_shared_frontage,337.4397,0.1790873,36.01261
hitech_shared_frontage,337.2226,0.1790873,36.11361
hitech_shared_frontage,337.0054,0.1790873,36.21461
hitech_shared_frontage,336.7882,0.1790873,36.3156
hitech_shared_frontage,336.571,0.1790873,36.4166
hitech_shared_frontage,336.3538,0.1790873,36.51758
hitech_shared_frontage,336.1367,0.1790873,36.61858
hitech_shared_frontage,335.9195,0.1790873,36.71956
hitech_shared_frontage,335.7023,0.1790873,36.82057
hitech_shared_frontage,335.4851,0.1790873,36.92155
hitech_shared_frontage,335.2679,0.1790873,37.02256
hitech_shared_frontage,335.0508,0.1790873,37.12354
hitech_shared_frontage,334.8336,0.1790873,37.22456
hitech_shared_frontage,334.6164,0.1790873,37.32552
hitech_shared_frontage,334.3993,0.1790873,37.42653
hitech_shared_frontage,334.1821,0.1790873,37.52751
hitech_shared_frontage,333.9649,0.1790873,37.62852
hitech_shared_frontage,333.7477,0.1790873,37.72951
hitech_shared_frontage,333.5305,0.1790873,37.83052
hitech_shared_frontage,333.3134,0.1790873,37.93148
hitech_shared_frontage,333.0962,0.1790873,38.03248
hitech_shared_frontage,332.879,0.1790873,38.13348
hitech_shared_frontage,332.6618,0.1790873,38.23447
hitech_shared_frontage,332.4446,0.1790873,38.33547
hitech_shared_frontage,332.2275,0.1790873,38.43647
hitech_shared_frontage,332.0103,0.1790873,38.53746
hitech_shared_frontage,331.7931,0.1790873,38.63844
hitech_shared_frontage,331.5759,0.1790873,38.73944
hitech_shared_frontage,331.3588,0.1790873,38.84043
hitech_shared_frontage,331.1416,0.1790873,38.94143
hitech_shared_frontage,330.9244,0.1790873,39.04242
hitech_shared_frontage,330.7072,0.1790873,39.14342
hitech_shared_frontage,330.4901,0.1790873,39.24442
hitech_shared_frontage,330.2729,0.1790873,39.34539
hitech_shared_frontage,330.0557,0.1790873,39.4464
hitech_shared_frontage,329.8385,0.1790873,39.54738
hitech_shared_frontage,329.6213,0.1790873,39.64838
hitech_shared_frontage,329.4042,0.1790873,39.74937
hitech_shared_frontage,329.187,0.1790873,39.85038
hitech_shared_frontage,328.9698,0.1790873,39.95135
hitech_shared_frontage,328.7526,0.1790873,40.05236
hitech_shared_frontage,328.5355,0.1790873,40.15335
hitech_shared_frontage,328.3183,0.1790873,40.25435
hitech_shared_frontage,328.1011,0.1790873,40.35534
hitech_shared_frontage,327.8839,0.1790873,40.45634
hitech_shared_frontage,327.6668,0.1790873,40.55732
hitech_shared_frontage,327.4496,0.1790873,40.65831
hitech_shared_frontage,327.2324,0.1790873,40.75931
hitech_shared_frontage,327.0152,0.1790873,40.8603
hitech_shared_frontage,326.798,0.1790873,40.9613
hitech_shared_frontage,326.5808,0.1790873,41.06229
hitech_shared_frontage,326.3637,0.1790874,41.1633
hitech_shared_frontage,326.1465,0.1790874,41.26427
hitech_shared_frontage,325.9294,0.1790874,41.36527
hitech_shared_frontage,325.7122,0.1790874,41.46626
hitech_shared_frontage,325.495,0.1790874,41.56727
hitech_shared_frontage,325.2778,0.1790874,41.66825
hitech_shared_frontage,325.0606,0.1790874,41.76926
hitech_shared_frontage,324.8435,0.1790874,41.87023
hitech_shared_frontage,324.6263,0.1790874,41.97124
hitech_shared_frontage,324.4091,0.1790874,42.07223
hitech_shared_frontage,324.1919,0.1790874,42.17322
hitech_shared_frontage,323.9747,0.1790874,42.27422
hitech_shared_frontage,323.7576,0.1790874,42.37521
hitech_shared_frontage,323.5404,0.1790874,42.4762
hitech_shared_frontage,323.3232,0.1790874,42.57719
hitech_shared_frontage,323.106,0.1790874,42.67819
hitech_shared_frontage,322.8889,0.1790874,42.77918
hitech_shared_frontage,352.912,0.1766913,28.95542
hitech_shared_frontage,352.6949,0.1766913,29.05641
hitech_shared_frontage,352.4777,0.1766913,29.15741
hitech_shared_frontage,352.2605,0.1766913,29.25841
hitech_shared_frontage,352.0433,0.1766913,29.3594
hitech_shared_frontage,351.8261,0.1766913,29.4604
hitech_shared_frontage,351.6089,0.1766913,29.56138
hitech_shared_frontage,351.3918,0.1766913,29.66237
hitech_shared_frontage,351.1746,0.1766913,29.76337
hitech_shared_frontage,350.9574,0.1766913,29.86437
hitech_shared_frontage,350.7402,0.1766913,29.96536
hitech_shared_frontage,350.5231,0.1766913,30.06636
hitech_shared_frontage,350.3059,0.1766913,30.16736
hitech_shared_frontage,350.0887,0.1766913,30.26833
hitech_shared_frontage,349.8715,0.1766913,30.36934
hitech_shared_frontage,349.6544,0.1766913,30.47032
hitech_shared_frontage,349.4372,0.1766913,30.57133
hitech_shared_frontage,349.22,0.1766913,30.67231
hitech_shared_frontage,349.0028,0.1766913,30.77331
hitech_shared_frontage,348.7856,0.1766914,30.8743
hitech_shared_frontage,348.5685,0.1766914,30.9753
hitech_shared_frontage,348.3513,0.1766914,31.07628
hitech_shared_frontage,348.1341,0.1766914,31.17729
hitech_shared_frontage,347.9169,0.1766914,31.27827
hitech_shared_frontage,347.6998,0.1766914,31.37927
hitech_shared_frontage,347.4826,0.1766914,31.48027
hitech_shared_frontage,347.2654,0.1766914,31.58125
hitech_shared_frontage,347.0482,0.1766914,31.68224
hitech_shared_frontage,346.8311,0.1766914,31.78323
hitech_shared_frontage,346.6139,0.1766914,31.88424
hitech_shared_frontage,346.3967,0.1766914,31.98522
hitech_shared_frontage,346.1795,0.1766914,32.08623
hitech_shared_frontage,345.9623,0.1766914,32.18719
hitech_shared_frontage,345.7452,0.1766914,32.28821
hitech_shared_frontage,345.528,0.1766914,32.38919
hitech_shared_frontage,345.3108,0.1766914,32.4902
hitech_shared_frontage,345.0936,0.1766914,32.59118
hitech_shared_frontage,344.8765,0.1766914,32.69219
hitech_shared_frontage,344.6593,0.1766914,32.79317
hitech_shared_frontage,344.4421,0.1766914,32.89417
hitech_shared_frontage,344.2249,0.1766914,32.99516
hitech_shared_frontage,344.0078,0.1766914,33.09615
hitech_shared_frontage,343.7906,0.1766914,33.19714
hitech_shared_frontage,343.5734,0.1766914,33.29814
hitech_shared_frontage,343.3562,0.1766914,33.39914
hitech_shared_frontage,343.139,0.1766915,33.50014
hitech_shared_frontage,342.9219,0.1766915,33.60112
hitech_shared_frontage,342.7047,0.1766915,33.70211
hitech_shared_frontage,342.4875,0.1766915,33.80311
hitech_shared_frontage,342.2703,0.1766915,33.90411
hitech_shared_frontage,342.0532,0.1766915,34.0051
hitech_shared_frontage,341.836,0.1766915,34.1061
hitech_shared_frontage,341.6188,0.1766915,34.20708
hitech_shared_frontage,341.4016,0.1766915,34.30807
hitech_shared_frontage,341.1844,0.1766915,34.40906
hitech_shared_frontage,340.9673,0.1766915,34.51007
hitech_shared_frontage,340.7501,0.1766915,34.61105
hitech_shared_frontage,340.5329,0.1766915,34.71206
hitech_shared_frontage,340.3157,0.1766915,34.81303
hitech_shared_frontage,340.0986,0.1766915,34.91404
hitech_shared_frontage,339.8814,0.1766915,35.01502
hitech_shared_frontage,339.6642,0.1766915,35.11603
hitech_shared_frontage,339.447,0.1766915,35.21701
hitech_shared_frontage,339.2299,0.1766915,35.31802
hitech_shared_frontage,339.0127,0.1766915,35.41901
hitech_shared_frontage,338.7955,0.1766915,35.52
hitech_shared_frontage,338.5783,0.1766915,35.62099
hitech_shared_frontage,338.3611,0.1766915,35.72198
hitech_shared_frontage,338.144,0.1766915,35.82298
hitech_shared_frontage,337.9268,0.1766916,35.92397
hitech_shared_frontage,337.7096,0.1766916,36.02497
hitech_shared_frontage,337.4925,0.1766916,36.12595
hitech_shared_frontage,337.2753,0.1766916,36.22695
hitech_shared_frontage,337.0581,0.1766916,36.32795
hitech_shared_frontage,336.8409,0.1766916,36.42894
hitech_shared_frontage,336.6237,0.1766916,36.52994
hitech_shared_frontage,336.4066,0.1766916,36.63094
hitech_shared_frontage,336.1894,0.1766916,36.73193
hitech_shared_frontage,335.9722,0.1766916,36.83291
hitech_shared_frontage,335.755,0.1766916,36.93391
hitech_shared_frontage,335.5378,0.1766916,37.0349
hitech_shared_frontage,335.3207,0.1766916,37.1359
hitech_shared_frontage,335.1035,0.1766916,37.23689
hitech_shared_frontage,334.8863,0.1766916,37.33789
hitech_shared_frontage,334.6692,0.1766916,37.43886
hitech_shared_frontage,334.452,0.1766916,37.53987
hitech_shared_frontage,334.2348,0.1766916,37.64085
hitech_shared_frontage,334.0176,0.1766916,37.74187
hitech_shared_frontage,333.8004,0.1766916,37.84285
hitech_shared_frontage,333.5833,0.1766916,37.94386
hitech_shared_frontage,333.3661,0.1766916,38.04484
hitech_shared_frontage,333.1489,0.1766917,38.14584
hitech_shared_frontage,332.9317,0.1766917,38.24682
hitech_shared_frontage,332.7145,0.1766917,38.34783
hitech_shared_frontage,332.4974,0.1766917,38.44881
hitech_shared_frontage,332.2802,0.1766917,38.5498
hitech_shared_frontage,332.063,0.1766917,38.6508
hitech_shared_frontage,331.8458,0.1766917,38.75178
hitech_shared_frontage,331.6287,0.1766917,38.85278
hitech_shared_frontage,331.4115,0.1766917,38.95377
hitech_shared_frontage,331.1943,0.1766917,39.05477
hitech_shared_frontage,330.9771,0.1766917,39.15576
hitech_shared_frontage,330.7599,0.1766917,39.25677
hitech_shared_frontage,330.5428,0.1766917,39.35776
hitech_shared_frontage,330.3256,0.1766917,39.45874
hitech_shared_frontage,330.1084,0.1766917,39.55973
hitech_shared_frontage,329.8912,0.1766917,39.66074
hitech_shared_frontage,329.674,0.1766917,39.76173
hitech_shared_frontage,329.4569,0.1766917,39.86272
hitech_shared_frontage,329.2397,0.1766917,39.96372
hitech_shared_frontage,329.0225,0.1766917,40.06469
hitech_shared_frontage,328.8054,0.1766917,40.1657
hitech_shared_frontage,328.5882,0.1766917,40.26669
hitech_shared_frontage,328.371,0.1766917,40.36769
hitech_shared_frontage,328.1538,0.1766917,40.46868
hitech_shared_frontage,327.9366,0.1766917,40.56968
hitech_shared_frontage,327.7195,0.1766917,40.67067
hitech_shared_frontage,327.5023,0.1766918,40.77166
hitech_shared_frontage,327.2851,0.1766918,40.87265
hitech_shared_frontage,327.0679,0.1766918,40.97365
hitech_shared_frontage,326.8507,0.1766918,41.07464
hitech_shared_frontage,326.6336,0.1766918,41.17564
hitech_shared_frontage,326.4164,0.1766918,41.27663
hitech_shared_frontage,326.1992,0.1766918,41.37761
hitech_shared_frontage,325.9821,0.1766918,41.47861
hitech_shared_frontage,325.7649,0.1766918,41.5796
hitech_shared_frontage,325.5477,0.1766918,41.6806
hitech_shared_frontage,325.3305,0.1766918,41.78159
hitech_shared_frontage,325.1133,0.1766918,41.8826
hitech_shared_frontage,324.8961,0.1766918,41.98359
hitech_shared_frontage,324.679,0.1766918,42.08458
hitech_shared_frontage,324.4618,0.1766918,42.18556
hitech_shared_frontage,324.2446,0.1766918,42.28657
hitech_shared_frontage,324.0274,0.1766918,42.38756
hitech_shared_frontage,323.8103,0.1766918,42.48856
hitech_shared_frontage,323.5931,0.1766918,42.58955
hitech_shared_frontage,323.3759,0.1766918,42.69053
hitech_shared_frontage,323.1588,0.1766918,42.79153
hitech_shared_frontage,322.9416,0.1766918,42.89252
hitech_shared_frontage,352.9647,0.1742954,29.06878
hitech_shared_frontage,352.7476,0.1742954,29.16975
hitech_shared_frontage,352.5304,0.1742954,29.27075
hitech_shared_frontage,352.3132,0.1742954,29.37174
hitech_shared_frontage,352.096,0.1742955,29.47274
hitech_shared_frontage,351.8788,0.1742955,29.57374
hitech_shared_frontage,351.6617,0.1742955,29.67473
hitech_shared_frontage,351.4445,0.1742955,29.77571
hitech_shared_frontage,351.2273,0.1742955,29.87671
hitech_shared_frontage,351.0101,0.1742955,29.97771
hitech_shared_frontage,350.793,0.1742955,30.0787
hitech_shared_frontage,350.5758,0.1742955,30.1797
hitech_shared_frontage,350.3586,0.1742955,30.2807
hitech_shared_frontage,350.1414,0.1742955,30.38169
hitech_shared_frontage,349.9243,0.1742955,30.48268
hitech_shared_frontage,349.7071,0.1742955,30.58367
hitech_shared_frontage,349.4899,0.1742955,30.68467
hitech_shared_frontage,349.2727,0.1742955,30.78565
hitech_shared_frontage,349.0555,0.1742955,30.88666
hitech_shared_frontage,348.8383,0.1742955,30.98764
hitech_shared_frontage,348.6212,0.1742955,31.08864
hitech_shared_frontage,348.404,0.1742955,31.18962
hitech_shared_frontage,348.1868,0.1742955,31.29063
hitech_shared_frontage,347.9696,0.1742955,31.39161
hitech_shared_frontage,347.7525,0.1742955,31.49262
hitech_shared_frontage,347.5353,0.1742955,31.59361
hitech_shared_frontage,347.3181,0.1742955,31.6946
hitech_shared_frontage,347.101,0.1742955,31.79558
hitech_shared_frontage,346.8838,0.1742955,31.8966
hitech_shared_frontage,346.6666,0.1742955,31.99758
hitech_shared_frontage,346.4494,0.1742956,32.09859
hitech_shared_frontage,346.2322,0.1742956,32.19957
hitech_shared_frontage,346.015,0.1742956,32.30055
hitech_shared_frontage,345.7979,0.1742956,32.40155
hitech_shared_frontage,345.5807,0.1742956,32.50254
hitech_shared_frontage,345.3635,0.1742956,32.60354
hitech_shared_frontage,345.1463,0.1742956,32.70452
hitech_shared_frontage,344.9292,0.1742956,32.80553
hitech_shared_frontage,344.712,0.1742956,32.90652
hitech_shared_frontage,344.4948,0.1742956,33.00752
hitech_shared_frontage,344.2776,0.1742956,33.10849
hitech_shared_frontage,344.0605,0.1742956,33.2095
hitech_shared_frontage,343.8433,0.1742956,33.31049
hitech_shared_frontage,343.6261,0.1742956,33.4115
hitech_shared_frontage,343.4089,0.1742956,33.51248
hitech_shared_frontage,343.1917,0.1742956,33.61347
hitech_shared_frontage,342.9746,0.1742956,33.71445
hitech_shared_frontage,342.7574,0.1742956,33.81545
hitech_shared_frontage,342.5402,0.1742956,33.91645
hitech_shared_frontage,342.3231,0.1742956,34.01744
hitech_shared_frontage,342.1059,0.1742956,34.11844
hitech_shared_frontage,341.8887,0.1742956,34.21944
hitech_shared_frontage,341.6715,0.1742956,34.32043
hitech_shared_frontage,341.4543,0.1742956,34.42142
hitech_shared_frontage,341.2372,0.1742956,34.52241
hitech_shared_frontage,341.02,0.1742957,34.62341
hitech_shared_frontage,340.8028,0.1742957,34.7244
hitech_shared_frontage,340.5856,0.1742957,34.8254
hitech_shared_frontage,340.3684,0.1742957,34.92638
hitech_shared_frontage,340.1513,0.1742957,35.02738
hitech_shared_frontage,339.9341,0.1742957,35.12836
hitech_shared_frontage,339.7169,0.1742957,35.22937
hitech_shared_frontage,339.4997,0.1742957,35.33035
hitech_shared_frontage,339.2826,0.1742957,35.43137
hitech_shared_frontage,339.0654,0.1742957,35.53235
hitech_shared_frontage,338.8482,0.1742957,35.63336
hitech_shared_frontage,338.631,0.1742957,35.73432
hitech_shared_frontage,338.4139,0.1742957,35.83533
hitech_shared_frontage,338.1967,0.1742957,35.93632
hitech_shared_frontage,337.9795,0.1742957,36.03733
hitech_shared_frontage,337.7623,0.1742957,36.13831
hitech_shared_frontage,337.5451,0.1742957,36.23932
hitech_shared_frontage,337.328,0.1742957,36.34029
hitech_shared_frontage,337.1108,0.1742957,36.44128
hitech_shared_frontage,336.8936,0.1742957,36.54228
hitech_shared_frontage,336.6764,0.1742957,36.64328
hitech_shared_frontage,336.4593,0.1742958,36.74427
hitech_shared_frontage,336.2421,0.1742958,36.84527
hitech_shared_frontage,336.0249,0.1742958,36.94627
hitech_shared_frontage,335.8077,0.1742958,37.04725
hitech_shared_frontage,335.5906,0.1742958,37.14824
hitech_shared_frontage,335.3734,0.1742958,37.24924
hitech_shared_frontage,335.1562,0.1742958,37.35023
hitech_shared_frontage,334.939,0.1742958,37.45123
hitech_shared_frontage,334.7218,0.1742958,37.55223
hitech_shared_frontage,334.5047,0.1742958,37.65321
hitech_shared_frontage,334.2875,0.1742958,37.75419
hitech_shared_frontage,334.0703,0.1742958,37.8552
hitech_shared_frontage,333.8531,0.1742958,37.95618
hitech_shared_frontage,333.6359,0.1742958,38.0572
hitech_shared_frontage,333.4188,0.1742958,38.15818
hitech_shared_frontage,333.2016,0.1742958,38.25919
hitech_shared_frontage,332.9844,0.1742958,38.36015
hitech_shared_frontage,332.7673,0.1742958,38.46117
hitech_shared_frontage,332.5501,0.1742958,38.56215
hitech_shared_frontage,332.3329,0.1742958,38.66316
hitech_shared_frontage,332.1157,0.1742958,38.76414
hitech_shared_frontage,331.8985,0.1742958,38.86514
hitech_shared_frontage,331.6814,0.1742958,38.96612
hitech_shared_frontage,331.4642,0.1742958,39.06711
hitech_shared_frontage,331.247,0.1742958,39.16811
hitech_shared_frontage,331.0298,0.1742958,39.2691
hitech_shared_frontage,330.8127,0.1742959,39.37011
hitech_shared_frontage,330.5955,0.1742959,39.47109
hitech_shared_frontage,330.3783,0.1742959,39.5721
hitech_shared_frontage,330.1611,0.1742959,39.67307
hitech_shared_frontage,329.9439,0.1742959,39.77407
hitech_shared_frontage,329.7268,0.1742959,39.87506
hitech_shared_frontage,329.5096,0.1742959,39.97607
hitech_shared_frontage,329.2924,0.1742959,40.07706
hitech_shared_frontage,329.0752,0.1742959,40.17806
hitech_shared_frontage,328.8581,0.1742959,40.27904
hitech_shared_frontage,328.6409,0.1742959,40.38004
hitech_shared_frontage,328.4237,0.1742959,40.48103
hitech_shared_frontage,328.2065,0.1742959,40.58202
hitech_shared_frontage,327.9893,0.1742959,40.68302
hitech_shared_frontage,327.7722,0.1742959,40.78401
hitech_shared_frontage,327.555,0.1742959,40.88501
hitech_shared_frontage,327.3378,0.1742959,40.98599
hitech_shared_frontage,327.1206,0.1742959,41.08699
hitech_shared_frontage,326.9035,0.1742959,41.18798
hitech_shared_frontage,326.6863,0.1742959,41.28899
hitech_shared_frontage,326.4691,0.1742959,41.38998
hitech_shared_frontage,326.2519,0.1742959,41.49097
hitech_shared_frontage,326.0348,0.1742959,41.59195
hitech_shared_frontage,325.8176,0.1742959,41.69296
hitech_shared_frontage,325.6004,0.174296,41.79395
hitech_shared_frontage,325.3832,0.174296,41.89494
hitech_shared_frontage,325.166,0.174296,41.99594
hitech_shared_frontage,324.9489,0.174296,42.09692
hitech_shared_frontage,324.7317,0.174296,42.19793
hitech_shared_frontage,324.5145,0.174296,42.2989
hitech_shared_frontage,324.2973,0.174296,42.39991
hitech_shared_frontage,324.0801,0.174296,42.5009
hitech_shared_frontage,323.863,0.174296,42.6019
hitech_shared_frontage,323.6458,0.174296,42.70289
hitech_shared_frontage,323.4286,0.174296,42.80389
hitech_shared_frontage,323.2115,0.174296,42.90487
hitech_shared_frontage,322.9943,0.174296,43.00587
hitech_shared_frontage,353.0174,0.1718996,29.18212
hitech_shared_frontage,352.8003,0.1718996,29.28309
hitech_shared_frontage,352.5831,0.1718996,29.3841
hitech_shared_frontage,352.3659,0.1718996,29.48508
hitech_shared_frontage,352.1487,0.1718996,29.58609
hitech_shared_frontage,351.9315,0.1718996,29.68708
hitech_shared_frontage,351.7144,0.1718996,29.78809
hitech_shared_frontage,351.4972,0.1718996,29.88907
hitech_shared_frontage,351.28,0.1718996,29.99005
hitech_shared_frontage,351.0628,0.1718996,30.09105
hitech_shared_frontage,350.8456,0.1718997,30.19204
hitech_shared_frontage,350.6285,0.1718997,30.29304
hitech_shared_frontage,350.4113,0.1718997,30.39404
hitech_shared_frontage,350.1941,0.1718997,30.49503
hitech_shared_frontage,349.977,0.1718997,30.59601
hitech_shared_frontage,349.7598,0.1718997,30.69701
hitech_shared_frontage,349.5426,0.1718997,30.79801
hitech_shared_frontage,349.3254,0.1718997,30.899
hitech_shared_frontage,349.1082,0.1718997,31
hitech_shared_frontage,348.8911,0.1718997,31.101
hitech_shared_frontage,348.6739,0.1718997,31.20199
hitech_shared_frontage,348.4567,0.1718997,31.30297
hitech_shared_frontage,348.2396,0.1718997,31.40397
hitech_shared_frontage,348.0223,0.1718997,31.50495
hitech_shared_frontage,347.8052,0.1718997,31.60596
hitech_shared_frontage,347.588,0.1718998,31.70695
hitech_shared_frontage,347.3708,0.1718998,31.80796
hitech_shared_frontage,347.1536,0.1718998,31.90894
hitech_shared_frontage,346.9365,0.1718998,32.00993
hitech_shared_frontage,346.7193,0.1718998,32.11092
hitech_shared_frontage,346.5021,0.1718998,32.21193
hitech_shared_frontage,346.2849,0.1718998,32.31291
hitech_shared_frontage,346.0677,0.1718998,32.41392
hitech_shared_frontage,345.8506,0.1718998,32.5149
hitech_shared_frontage,345.6334,0.1718998,32.6159
hitech_shared_frontage,345.4163,0.1718998,32.71688
hitech_shared_frontage,345.199,0.1718998,32.81788
hitech_shared_frontage,344.9819,0.1718998,32.91887
hitech_shared_frontage,344.7647,0.1718998,33.01985
hitech_shared_frontage,344.5475,0.1718998,33.12086
hitech_shared_frontage,344.3303,0.1718998,33.22185
hitech_shared_frontage,344.1132,0.1718999,33.32284
hitech_shared_frontage,343.896,0.1718999,33.42384
hitech_shared_frontage,343.6788,0.1718999,33.52483
hitech_shared_frontage,343.4616,0.1718999,33.62582
hitech_shared_frontage,343.2444,0.1718999,33.72683
hitech_shared_frontage,343.0273,0.1718999,33.82781
hitech_shared_frontage,342.8101,0.1718999,33.9288
hitech_shared_frontage,342.593,0.1718999,34.02979
hitech_shared_frontage,342.3758,0.1718999,34.13078
hitech_shared_frontage,342.1586,0.1718999,34.23178
hitech_shared_frontage,341.9414,0.1718999,34.33278
hitech_shared_frontage,341.7242,0.1718999,34.43377
hitech_shared_frontage,341.507,0.1718999,34.53476
hitech_shared_frontage,341.2899,0.1718999,34.63575
hitech_shared_frontage,341.0727,0.1718999,34.73675
hitech_shared_frontage,340.8555,0.1718999,34.83775
hitech_shared_frontage,340.6383,0.1718999,34.93874
hitech_shared_frontage,340.4211,0.1719,35.03973
hitech_shared_frontage,340.204,0.1719,35.14073
hitech_shared_frontage,339.9868,0.1719,35.24171
hitech_shared_frontage,339.7697,0.1719,35.34271
hitech_shared_frontage,339.5525,0.1719,35.44371
hitech_shared_frontage,339.3353,0.1719,35.5447
hitech_shared_frontage,339.1181,0.1719,35.64568
hitech_shared_frontage,338.9009,0.1719,35.7467
hitech_shared_frontage,338.6837,0.1719,35.84768
hitech_shared_frontage,338.4666,0.1719,35.94867
hitech_shared_frontage,338.2494,0.1719,36.04966
hitech_shared_frontage,338.0322,0.1719,36.15067
hitech_shared_frontage,337.815,0.1719,36.25165
hitech_shared_frontage,337.5978,0.1719,36.35266
hitech_shared_frontage,337.3807,0.1719,36.45364
hitech_shared_frontage,337.1635,0.1719,36.55464
hitech_shared_frontage,336.9463,0.1719001,36.65562
hitech_shared_frontage,336.7292,0.1719001,36.75663
hitech_shared_frontage,336.512,0.1719001,36.85761
hitech_shared_frontage,336.2948,0.1719001,36.95861
hitech_shared_frontage,336.0776,0.1719001,37.0596
hitech_shared_frontage,335.8604,0.1719001,37.1606
hitech_shared_frontage,335.6432,0.1719001,37.26158
hitech_shared_frontage,335.4261,0.1719001,37.36258
hitech_shared_frontage,335.2089,0.1719001,37.46358
hitech_shared_frontage,334.9917,0.1719001,37.56458
hitech_shared_frontage,334.7745,0.1719001,37.66557
hitech_shared_frontage,334.5574,0.1719001,37.76656
hitech_shared_frontage,334.3402,0.1719001,37.86755
hitech_shared_frontage,334.123,0.1719001,37.96854
hitech_shared_frontage,333.9058,0.1719002,38.06954
hitech_shared_frontage,333.6887,0.1719002,38.17054
hitech_shared_frontage,333.4715,0.1719002,38.27151
hitech_shared_frontage,333.2543,0.1719002,38.37253
hitech_shared_frontage,333.0371,0.1719002,38.4735
hitech_shared_frontage,332.82,0.1719002,38.57451
hitech_shared_frontage,332.6028,0.1719002,38.67549
hitech_shared_frontage,332.3856,0.1719002,38.7765
hitech_shared_frontage,332.1684,0.1719002,38.87748
hitech_shared_frontage,331.9512,0.1719002,38.97849
hitech_shared_frontage,331.7341,0.1719002,39.07947
hitech_shared_frontage,331.5169,0.1719002,39.18047
hitech_shared_frontage,331.2997,0.1719002,39.28145
hitech_shared_frontage,331.0826,0.1719002,39.38245
hitech_shared_frontage,330.8654,0.1719002,39.48344
hitech_shared_frontage,330.6482,0.1719002,39.58445
hitech_shared_frontage,330.431,0.1719002,39.68544
hitech_shared_frontage,330.2138,0.1719003,39.78641
hitech_shared_frontage,329.9967,0.1719003,39.88741
hitech_shared_frontage,329.7795,0.1719003,39.9884
hitech_shared_frontage,329.5623,0.1719003,40.08941
hitech_shared_frontage,329.3451,0.1719003,40.1904
hitech_shared_frontage,329.1279,0.1719003,40.2914
hitech_shared_frontage,328.9107,0.1719003,40.39239
hitech_shared_frontage,328.6936,0.1719003,40.49338
hitech_shared_frontage,328.4764,0.1719003,40.59437
hitech_shared_frontage,328.2592,0.1719003,40.69537
hitech_shared_frontage,328.0421,0.1719003,40.79636
hitech_shared_frontage,327.8249,0.1719003,40.89736
hitech_shared_frontage,327.6077,0.1719003,40.99835
hitech_shared_frontage,327.3905,0.1719003,41.09936
hitech_shared_frontage,327.1733,0.1719003,41.20033
hitech_shared_frontage,326.9562,0.1719003,41.30132
hitech_shared_frontage,326.739,0.1719004,41.40232
hitech_shared_frontage,326.5218,0.1719004,41.50331
hitech_shared_frontage,326.3046,0.1719004,41.60432
hitech_shared_frontage,326.0875,0.1719004,41.70531
hitech_shared_frontage,325.8703,0.1719004,41.80629
hitech_shared_frontage,325.6531,0.1719004,41.90728
hitech_shared_frontage,325.4359,0.1719004,42.00829
hitech_shared_frontage,325.2188,0.1719004,42.10928
hitech_shared_frontage,325.0016,0.1719004,42.21028
hitech_shared_frontage,324.7844,0.1719004,42.31127
hitech_shared_frontage,324.5672,0.1719004,42.41226
hitech_shared_frontage,324.35,0.1719004,42.51324
hitech_shared_frontage,324.1329,0.1719004,42.61423
hitech_shared_frontage,323.9157,0.1719004,42.71524
hitech_shared_frontage,323.6985,0.1719004,42.81623
hitech_shared_frontage,323.4813,0.1719005,42.91723
hitech_shared_frontage,323.2642,0.1719005,43.01821
hitech_shared_frontage,323.047,0.1719005,43.11921
biryong_plaza_accessible_lateral,247.4316,2.303966,-160.3064
biryong_plaza_accessible_lateral,247.4316,2.305761,-160.5107
biryong_plaza_accessible_lateral,247.4316,2.307556,-160.7149
biryong_plaza_accessible_lateral,247.4316,2.309352,-160.9192
biryong_plaza_accessible_lateral,247.4316,2.311147,-161.1234
biryong_plaza_accessible_lateral,247.4316,2.312943,-161.3277
biryong_plaza_accessible_lateral,247.4316,2.314738,-161.5319
biryong_plaza_accessible_lateral,247.4316,2.316534,-161.7362
biryong_plaza_accessible_lateral,247.4316,2.318329,-161.9404
biryong_plaza_accessible_lateral,247.4316,2.320125,-162.1447
biryong_plaza_accessible_lateral,247.4316,2.32192,-162.3489
biryong_plaza_accessible_lateral,247.4316,2.323715,-162.5532
biryong_plaza_accessible_lateral,247.4316,2.325511,-162.7574
biryong_plaza_accessible_lateral,247.4316,2.327306,-162.9617
biryong_plaza_accessible_lateral,247.4316,2.329102,-163.166
biryong_plaza_accessible_lateral,247.4316,2.330897,-163.3702
biryong_plaza_accessible_lateral,247.4316,2.332693,-163.5745
biryong_plaza_accessible_lateral,247.4316,2.334488,-163.7787
biryong_plaza_accessible_lateral,247.4316,2.336284,-163.983
biryong_plaza_accessible_lateral,247.4316,2.338079,-164.1872
biryong_plaza_accessible_lateral,247.4316,2.339875,-164.3915
biryong_plaza_accessible_lateral,247.4316,2.34167,-164.5957
biryong_plaza_accessible_lateral,247.4316,2.343465,-164.8
biryong_plaza_accessible_lateral,247.4316,2.345261,-165.0042
biryong_plaza_accessible_lateral,247.4316,2.347056,-165.2085
biryong_plaza_accessible_lateral,247.4316,2.348852,-165.4128
biryong_plaza_accessible_lateral,247.4316,2.350647,-165.617
biryong_plaza_accessible_lateral,247.4316,2.352443,-165.8213
biryong_plaza_accessible_lateral,247.4316,2.354238,-166.0255
biryong_plaza_accessible_lateral,247.4316,2.356034,-166.2298
biryong_plaza_accessible_lateral,247.4316,2.357829,-166.434
biryong_plaza_accessible_lateral,247.4316,2.359624,-166.6383
biryong_plaza_accessible_lateral,247.4316,2.36142,-166.8425
biryong_plaza_accessible_lateral,247.4316,2.363215,-167.0468
biryong_plaza_accessible_lateral,247.4316,2.365011,-167.251
biryong_plaza_accessible_lateral,247.4316,2.366806,-167.4553
biryong_plaza_accessible_lateral,247.4316,2.368602,-167.6595
biryong_plaza_accessible_lateral,247.4316,2.370397,-167.8638
biryong_plaza_accessible_lateral,247.4316,2.372193,-168.068
biryong_plaza_accessible_lateral,247.3066,2.300376,-160.3049
biryong_plaza_accessible_lateral,247.3066,2.302228,-160.5077
biryong_plaza_accessible_lateral,247.3066,2.30408,-160.7104
biryong_plaza_accessible_lateral,247.3066,2.305932,-160.9132
biryong_plaza_accessible_lateral,247.3066,2.307784,-161.1159
biryong_plaza_accessible_lateral,247.3066,2.309636,-161.3187
biryong_plaza_accessible_lateral,247.3066,2.311488,-161.5214
biryong_plaza_accessible_lateral,247.3066,2.31334,-161.7242
biryong_plaza_accessible_lateral,247.3066,2.315192,-161.9269
biryong_plaza_accessible_lateral,247.3066,2.317044,-162.1297
biryong_plaza_accessible_lateral,247.3066,2.318896,-162.3324
biryong_plaza_accessible_lateral,247.3066,2.320748,-162.5352
biryong_plaza_accessible_lateral,247.3066,2.3226,-162.7379
biryong_plaza_accessible_lateral,247.3066,2.324452,-162.9407
biryong_plaza_accessible_lateral,247.3066,2.326304,-163.1435
biryong_plaza_accessible_lateral,247.3066,2.328156,-163.3462
biryong_plaza_accessible_lateral,247.3066,2.330008,-163.549
biryong_plaza_accessible_lateral,247.3066,2.33186,-163.7517
biryong_plaza_accessible_lateral,247.3066,2.333712,-163.9545
biryong_plaza_accessible_lateral,247.3066,2.335563,-164.1572
biryong_plaza_accessible_lateral,247.3066,2.337415,-164.36
biryong_plaza_accessible_lateral,247.3066,2.339267,-164.5627
biryong_plaza_accessible_lateral,247.3066,2.341119,-164.7655
biryong_plaza_accessible_lateral,247.3066,2.342971,-164.9682
biryong_plaza_accessible_lateral,247.3066,2.344823,-165.171
biryong_plaza_accessible_lateral,247.3066,2.346675,-165.3737
biryong_plaza_accessible_lateral,247.3066,2.348527,-165.5765
biryong_plaza_accessible_lateral,247.3066,2.350379,-165.7793
biryong_plaza_accessible_lateral,247.3066,2.352231,-165.982
biryong_plaza_accessible_lateral,247.3066,2.354083,-166.1848
biryong_plaza_accessible_lateral,247.3066,2.355935,-166.3875
biryong_plaza_accessible_lateral,247.3066,2.357787,-166.5903
biryong_plaza_accessible_lateral,247.3066,2.359639,-166.793
biryong_plaza_accessible_lateral,247.3066,2.361491,-166.9958
biryong_plaza_accessible_lateral,247.3066,2.363343,-167.1985
biryong_plaza_accessible_lateral,247.3066,2.365195,-167.4013
biryong_plaza_accessible_lateral,247.3066,2.367047,-167.604
biryong_plaza_accessible_lateral,247.3066,2.368899,-167.8068
biryong_plaza_accessible_lateral,247.3066,2.370751,-168.0095
biryong_plaza_accessible_lateral,247.1816,2.296787,-160.3034
biryong_plaza_accessible_lateral,247.1816,2.298695,-160.5047
biryong_plaza_accessible_lateral,247.1816,2.300604,-160.7059
biryong_plaza_accessible_lateral,247.1816,2.302512,-160.9072
biryong_plaza_accessible_lateral,247.1816,2.304421,-161.1084
biryong_plaza_accessible_lateral,247.1816,2.306329,-161.3097
biryong_plaza_accessible_lateral,247.1816,2.308238,-161.5109
biryong_plaza_accessible_lateral,247.1816,2.310146,-161.7122
biryong_plaza_accessible_lateral,247.1816,2.312055,-161.9134
biryong_plaza_accessible_lateral,247.1816,2.313963,-162.1147
biryong_plaza_accessible_lateral,247.1816,2.315872,-162.3159
biryong_plaza_accessible_lateral,247.1816,2.31778,-162.5172
biryong_plaza_accessible_lateral,247.1816,2.319689,-162.7184
biryong_plaza_accessible_lateral,247.1816,2.321597,-162.9197
biryong_plaza_accessible_lateral,247.1816,2.323506,-163.121
biryong_plaza_accessible_lateral,247.1816,2.325414,-163.3222
biryong_plaza_accessible_lateral,247.1816,2.327322,-163.5235
biryong_plaza_accessible_lateral,247.1816,2.329231,-163.7247
biryong_plaza_accessible_lateral,247.1816,2.33114,-163.926
biryong_plaza_accessible_lateral,247.1816,2.333048,-164.1272
biryong_plaza_accessible_lateral,247.1816,2.334957,-164.3285
biryong_plaza_accessible_lateral,247.1816,2.336865,-164.5297
biryong_plaza_accessible_lateral,247.1816,2.338773,-164.731
biryong_plaza_accessible_lateral,247.1816,2.340682,-164.9322
biryong_plaza_accessible_lateral,247.1816,2.342591,-165.1335
biryong_plaza_accessible_lateral,247.1816,2.344499,-165.3347
biryong_plaza_accessible_lateral,247.1816,2.346407,-165.536
biryong_plaza_accessible_lateral,247.1816,2.348316,-165.7372
biryong_plaza_accessible_lateral,247.1816,2.350224,-165.9385
biryong_plaza_accessible_lateral,247.1816,2.352133,-166.1398
biryong_plaza_accessible_lateral,247.1816,2.354041,-166.341
biryong_plaza_accessible_lateral,247.1816,2.35595,-166.5423
biryong_plaza_accessible_lateral,247.1816,2.357858,-166.7435
biryong_plaza_accessible_lateral,247.1816,2.359767,-166.9448
biryong_plaza_accessible_lateral,247.1816,2.361676,-167.146
biryong_plaza_accessible_lateral,247.1816,2.363584,-167.3473
biryong_plaza_accessible_lateral,247.1816,2.365492,-167.5485
biryong_plaza_accessible_lateral,247.1816,2.367401,-167.7498
biryong_plaza_accessible_lateral,247.1816,2.369309,-167.951
biryong_plaza_accessible_lateral,247.0566,2.293207,-160.3017
biryong_plaza_accessible_lateral,247.0566,2.295182,-160.5012
biryong_plaza_accessible_lateral,247.0566,2.297156,-160.7007
biryong_plaza_accessible_lateral,247.0566,2.29913,-160.9002
biryong_plaza_accessible_lateral,247.0566,2.301105,-161.0997
biryong_plaza_accessible_lateral,247.0566,2.303079,-161.2992
biryong_plaza_accessible_lateral,247.0566,2.305053,-161.4987
biryong_plaza_accessible_lateral,247.0566,2.307028,-161.6982
biryong_plaza_accessible_lateral,247.0566,2.309002,-161.8977
biryong_plaza_accessible_lateral,247.0566,2.310977,-162.0972
biryong_plaza_accessible_lateral,247.0566,2.312951,-162.2967
biryong_plaza_accessible_lateral,247.0566,2.314925,-162.4962
biryong_plaza_accessible_lateral,247.0566,2.3169,-162.6957
biryong_plaza_accessible_lateral,247.0566,2.318874,-162.8952
biryong_plaza_accessible_lateral,247.0566,2.320849,-163.0947
biryong_plaza_accessible_lateral,247.0566,2.322823,-163.2942
biryong_plaza_accessible_lateral,247.0566,2.324798,-163.4937
biryong_plaza_accessible_lateral,247.0566,2.326772,-163.6932
biryong_plaza_accessible_lateral,247.0566,2.328746,-163.8927
biryong_plaza_accessible_lateral,247.0566,2.330721,-164.0922
biryong_plaza_accessible_lateral,247.0566,2.332695,-164.2917
biryong_plaza_accessible_lateral,247.0566,2.33467,-164.4912
biryong_plaza_accessible_lateral,247.0566,2.336644,-164.6907
biryong_plaza_accessible_lateral,247.0566,2.338619,-164.8902
biryong_plaza_accessible_lateral,247.0566,2.340593,-165.0897
biryong_plaza_accessible_lateral,247.0566,2.342567,-165.2892
biryong_plaza_accessible_lateral,247.0566,2.344542,-165.4887
biryong_plaza_accessible_lateral,247.0566,2.346516,-165.6882
biryong_plaza_accessible_lateral,247.0566,2.34849,-165.8878
biryong_plaza_accessible_lateral,247.0566,2.350465,-166.0872
biryong_plaza_accessible_lateral,247.0566,2.352439,-166.2868
biryong_plaza_accessible_lateral,247.0566,2.354414,-166.4863
biryong_plaza_accessible_lateral,247.0566,2.356388,-166.6858
biryong_plaza_accessible_lateral,247.0566,2.358363,-166.8853
biryong_plaza_accessible_lateral,247.0566,2.360337,-167.0848
biryong_plaza_accessible_lateral,247.0566,2.362311,-167.2843
biryong_plaza_accessible_lateral,247.0566,2.364286,-167.4838
biryong_plaza_accessible_lateral,247.0566,2.36626,-167.6833
biryong_plaza_accessible_lateral,247.0566,2.368235,-167.8828
biryong_plaza_accessible_lateral,246.9316,2.289618,-160.3002
biryong_plaza_accessible_lateral,246.9316,2.291649,-160.4982
biryong_plaza_accessible_lateral,246.9316,2.293679,-160.6962
biryong_plaza_accessible_lateral,246.9316,2.295711,-160.8942
biryong_plaza_accessible_lateral,246.9316,2.297741,-161.0922
biryong_plaza_accessible_lateral,246.9316,2.299772,-161.2902
biryong_plaza_accessible_lateral,246.9316,2.301803,-161.4882
biryong_plaza_accessible_lateral,246.9316,2.303834,-161.6862
biryong_plaza_accessible_lateral,246.9316,2.305865,-161.8842
biryong_plaza_accessible_lateral,246.9316,2.307896,-162.0822
biryong_plaza_accessible_lateral,246.9316,2.309927,-162.2802
biryong_plaza_accessible_lateral,246.9316,2.311958,-162.4782
biryong_plaza_accessible_lateral,246.9316,2.313989,-162.6762
biryong_plaza_accessible_lateral,246.9316,2.31602,-162.8742
biryong_plaza_accessible_lateral,246.9316,2.318051,-163.0722
biryong_plaza_accessible_lateral,246.9316,2.320082,-163.2702
biryong_plaza_accessible_lateral,246.9316,2.322113,-163.4682
biryong_plaza_accessible_lateral,246.9316,2.324144,-163.6662
biryong_plaza_accessible_lateral,246.9316,2.326174,-163.8642
biryong_plaza_accessible_lateral,246.9316,2.328206,-164.0622
biryong_plaza_accessible_lateral,246.9316,2.330236,-164.2602
biryong_plaza_accessible_lateral,246.9316,2.332268,-164.4582
biryong_plaza_accessible_lateral,246.9316,2.334298,-164.6562
biryong_plaza_accessible_lateral,246.9316,2.336329,-164.8542
biryong_plaza_accessible_lateral,246.9316,2.33836,-165.0522
biryong_plaza_accessible_lateral,246.9316,2.340391,-165.2502
biryong_plaza_accessible_lateral,246.9316,2.342422,-165.4482
biryong_plaza_accessible_lateral,246.9316,2.344453,-165.6462
biryong_plaza_accessible_lateral,246.9316,2.346484,-165.8443
biryong_plaza_accessible_lateral,246.9316,2.348515,-166.0423
biryong_plaza_accessible_lateral,246.9316,2.350546,-166.2403
biryong_plaza_accessible_lateral,246.9316,2.352577,-166.4383
biryong_plaza_accessible_lateral,246.9316,2.354608,-166.6363
biryong_plaza_accessible_lateral,246.9316,2.356639,-166.8343
biryong_plaza_accessible_lateral,246.9316,2.35867,-167.0323
biryong_plaza_accessible_lateral,246.9316,2.360701,-167.2303
biryong_plaza_accessible_lateral,246.9316,2.362731,-167.4283
biryong_plaza_accessible_lateral,246.9316,2.364763,-167.6263
biryong_plaza_accessible_lateral,246.9316,2.366793,-167.8243
biryong_plaza_accessible_lateral,246.8066,2.286038,-160.2984
biryong_plaza_accessible_lateral,246.8066,2.288135,-160.4947
biryong_plaza_accessible_lateral,246.8066,2.290231,-160.6909
biryong_plaza_accessible_lateral,246.8066,2.292328,-160.8872
biryong_plaza_accessible_lateral,246.8066,2.294425,-161.0834
biryong_plaza_accessible_lateral,246.8066,2.296522,-161.2797
biryong_plaza_accessible_lateral,246.8066,2.298619,-161.4759
biryong_plaza_accessible_lateral,246.8066,2.300716,-161.6722
biryong_plaza_accessible_lateral,246.8066,2.302813,-161.8684
biryong_plaza_accessible_lateral,246.8066,2.304909,-162.0647
biryong_plaza_accessible_lateral,246.8066,2.307006,-162.2609
biryong_plaza_accessible_lateral,246.8066,2.309103,-162.4572
biryong_plaza_accessible_lateral,246.8066,2.3112,-162.6534
biryong_plaza_accessible_lateral,246.8066,2.313297,-162.8497
biryong_plaza_accessible_lateral,246.8066,2.315394,-163.046
biryong_plaza_accessible_lateral,246.8066,2.317491,-163.2422
biryong_plaza_accessible_lateral,246.8066,2.319587,-163.4385
biryong_plaza_accessible_lateral,246.8066,2.321684,-163.6347
biryong_plaza_accessible_lateral,246.8066,2.323781,-163.831
biryong_plaza_accessible_lateral,246.8066,2.325878,-164.0272
biryong_plaza_accessible_lateral,246.8066,2.327975,-164.2235
biryong_plaza_accessible_lateral,246.8066,2.330072,-164.4197
biryong_plaza_accessible_lateral,246.8066,2.332169,-164.616
biryong_plaza_accessible_lateral,246.8066,2.334265,-164.8122
biryong_plaza_accessible_lateral,246.8066,2.336362,-165.0085
biryong_plaza_accessible_lateral,246.8066,2.338459,-165.2047
biryong_plaza_accessible_lateral,246.8066,2.340556,-165.401
biryong_plaza_accessible_lateral,246.8066,2.342653,-165.5972
biryong_plaza_accessible_lateral,246.8066,2.34475,-165.7935
biryong_plaza_accessible_lateral,246.8066,2.346847,-165.9897
biryong_plaza_accessible_lateral,246.8066,2.348944,-166.186
biryong_plaza_accessible_lateral,246.8066,2.35104,-166.3823
biryong_plaza_accessible_lateral,246.8066,2.353137,-166.5785
biryong_plaza_accessible_lateral,246.8066,2.355234,-166.7748
biryong_plaza_accessible_lateral,246.8066,2.357331,-166.971
biryong_plaza_accessible_lateral,246.8066,2.359428,-167.1673
biryong_plaza_accessible_lateral,246.8066,2.361525,-167.3635
biryong_plaza_accessible_lateral,246.8066,2.363622,-167.5598
biryong_plaza_accessible_lateral,246.8066,2.365719,-167.756
biryong_plaza_accessible_lateral,246.6816,2.282448,-160.2969
biryong_plaza_accessible_lateral,246.6816,2.284602,-160.4917
biryong_plaza_accessible_lateral,246.6816,2.286755,-160.6864
biryong_plaza_accessible_lateral,246.6816,2.288908,-160.8812
biryong_plaza_accessible_lateral,246.6816,2.291062,-161.0759
biryong_plaza_accessible_lateral,246.6816,2.293215,-161.2707
biryong_plaza_accessible_lateral,246.6816,2.295368,-161.4654
biryong_plaza_accessible_lateral,246.6816,2.297522,-161.6602
biryong_plaza_accessible_lateral,246.6816,2.299675,-161.8549
biryong_plaza_accessible_lateral,246.6816,2.301829,-162.0497
biryong_plaza_accessible_lateral,246.6816,2.303982,-162.2444
biryong_plaza_accessible_lateral,246.6816,2.306135,-162.4392
biryong_plaza_accessible_lateral,246.6816,2.308289,-162.6339
biryong_plaza_accessible_lateral,246.6816,2.310442,-162.8287
biryong_plaza_accessible_lateral,246.6816,2.312596,-163.0235
biryong_plaza_accessible_lateral,246.6816,2.314749,-163.2182
biryong_plaza_accessible_lateral,246.6816,2.316902,-163.413
biryong_plaza_accessible_lateral,246.6816,2.319056,-163.6077
biryong_plaza_accessible_lateral,246.6816,2.321209,-163.8025
biryong_plaza_accessible_lateral,246.6816,2.323362,-163.9972
biryong_plaza_accessible_lateral,246.6816,2.325516,-164.192
biryong_plaza_accessible_lateral,246.6816,2.327669,-164.3867
biryong_plaza_accessible_lateral,246.6816,2.329823,-164.5815
biryong_plaza_accessible_lateral,246.6816,2.331976,-164.7762
biryong_plaza_accessible_lateral,246.6816,2.334129,-164.971
biryong_plaza_accessible_lateral,246.6816,2.336283,-165.1657
biryong_plaza_accessible_lateral,246.6816,2.338436,-165.3605
biryong_plaza_accessible_lateral,246.6816,2.34059,-165.5552
biryong_plaza_accessible_lateral,246.6816,2.342743,-165.75
biryong_plaza_accessible_lateral,246.6816,2.344896,-165.9447
biryong_plaza_accessible_lateral,246.6816,2.347049,-166.1395
biryong_plaza_accessible_lateral,246.6816,2.349203,-166.3343
biryong_plaza_accessible_lateral,246.6816,2.351356,-166.529
biryong_plaza_accessible_lateral,246.6816,2.35351,-166.7238
biryong_plaza_accessible_lateral,246.6816,2.355663,-166.9185
biryong_plaza_accessible_lateral,246.6816,2.357816,-167.1133
biryong_plaza_accessible_lateral,246.6816,2.35997,-167.308
biryong_plaza_accessible_lateral,246.6816,2.362123,-167.5028
biryong_plaza_accessible_lateral,246.6816,2.364277,-167.6975
biryong_plaza_accessible_lateral,246.5566,2.278859,-160.2954
biryong_plaza_accessible_lateral,246.5566,2.281069,-160.4887
biryong_plaza_accessible_lateral,246.5566,2.283279,-160.6819
biryong_plaza_accessible_lateral,246.5566,2.285489,-160.8752
biryong_plaza_accessible_lateral,246.5566,2.287699,-161.0684
biryong_plaza_accessible_lateral,246.5566,2.289909,-161.2617
biryong_plaza_accessible_lateral,246.5566,2.292119,-161.4549
biryong_plaza_accessible_lateral,246.5566,2.294328,-161.6482
biryong_plaza_accessible_lateral,246.5566,2.296538,-161.8414
biryong_plaza_accessible_lateral,246.5566,2.298748,-162.0347
biryong_plaza_accessible_lateral,246.5566,2.300958,-162.2279
biryong_plaza_accessible_lateral,246.5566,2.303168,-162.4212
biryong_plaza_accessible_lateral,246.5566,2.305378,-162.6144
biryong_plaza_accessible_lateral,246.5566,2.307588,-162.8077
biryong_plaza_accessible_lateral,246.5566,2.309798,-163.0009
biryong_plaza_accessible_lateral,246.5566,2.312008,-163.1942
biryong_plaza_accessible_lateral,246.5566,2.314218,-163.3875
biryong_plaza_accessible_lateral,246.5566,2.316427,-163.5807
biryong_plaza_accessible_lateral,246.5566,2.318637,-163.774
biryong_plaza_accessible_lateral,246.5566,2.320847,-163.9672
biryong_plaza_accessible_lateral,246.5566,2.323057,-164.1605
biryong_plaza_accessible_lateral,246.5566,2.325267,-164.3537
biryong_plaza_accessible_lateral,246.5566,2.327477,-164.547
biryong_plaza_accessible_lateral,246.5566,2.329687,-164.7402
biryong_plaza_accessible_lateral,246.5566,2.331897,-164.9335
biryong_plaza_accessible_lateral,246.5566,2.334107,-165.1267
biryong_plaza_accessible_lateral,246.5566,2.336317,-165.32
biryong_plaza_accessible_lateral,246.5566,2.338526,-165.5132
biryong_plaza_accessible_lateral,246.5566,2.340736,-165.7065
biryong_plaza_accessible_lateral,246.5566,2.342946,-165.8997
biryong_plaza_accessible_lateral,246.5566,2.345156,-166.093
biryong_plaza_accessible_lateral,246.5566,2.347366,-166.2863
biryong_plaza_accessible_lateral,246.5566,2.349576,-166.4795
biryong_plaza_accessible_lateral,246.5566,2.351786,-166.6728
biryong_plaza_accessible_lateral,246.5566,2.353996,-166.866
biryong_plaza_accessible_lateral,246.5566,2.356206,-167.0593
biryong_plaza_accessible_lateral,246.5566,2.358416,-167.2525
biryong_plaza_accessible_lateral,246.5566,2.360625,-167.4458
biryong_plaza_accessible_lateral,246.5566,2.362835,-167.639
biryong_plaza_accessible_lateral,246.4316,2.275279,-160.2937
biryong_plaza_accessible_lateral,246.4316,2.277555,-160.4852
biryong_plaza_accessible_lateral,246.4316,2.279831,-160.6767
biryong_plaza_accessible_lateral,246.4316,2.282107,-160.8682
biryong_plaza_accessible_lateral,246.4316,2.284382,-161.0597
biryong_plaza_accessible_lateral,246.4316,2.286658,-161.2512
biryong_plaza_accessible_lateral,246.4316,2.288934,-161.4427
biryong_plaza_accessible_lateral,246.4316,2.29121,-161.6342
biryong_plaza_accessible_lateral,246.4316,2.293486,-161.8257
biryong_plaza_accessible_lateral,246.4316,2.295762,-162.0172
biryong_plaza_accessible_lateral,246.4316,2.298037,-162.2087
biryong_plaza_accessible_lateral,246.4316,2.300313,-162.4002
biryong_plaza_accessible_lateral,246.4316,2.302589,-162.5917
biryong_plaza_accessible_lateral,246.4316,2.304865,-162.7832
biryong_plaza_accessible_lateral,246.4316,2.307141,-162.9747
biryong_plaza_accessible_lateral,246.4316,2.309417,-163.1662
biryong_plaza_accessible_lateral,246.4316,2.311692,-163.3577
biryong_plaza_accessible_lateral,246.4316,2.313968,-163.5492
biryong_plaza_accessible_lateral,246.4316,2.316244,-163.7407
biryong_plaza_accessible_lateral,246.4316,2.31852,-163.9322
biryong_plaza_accessible_lateral,246.4316,2.320796,-164.1237
biryong_plaza_accessible_lateral,246.4316,2.323071,-164.3152
biryong_plaza_accessible_lateral,246.4316,2.325347,-164.5067
biryong_plaza_accessible_lateral,246.4316,2.327623,-164.6982
biryong_plaza_accessible_lateral,246.4316,2.329899,-164.8897
biryong_plaza_accessible_lateral,246.4316,2.332175,-165.0812
biryong_plaza_accessible_lateral,246.4316,2.33445,-165.2727
biryong_plaza_accessible_lateral,246.4316,2.336726,-165.4642
biryong_plaza_accessible_lateral,246.4316,2.339002,-165.6557
biryong_plaza_accessible_lateral,246.4316,2.341278,-165.8472
biryong_plaza_accessible_lateral,246.4316,2.343554,-166.0388
biryong_plaza_accessible_lateral,246.4316,2.34583,-166.2303
biryong_plaza_accessible_lateral,246.4316,2.348105,-166.4218
biryong_plaza_accessible_lateral,246.4316,2.350381,-166.6133
biryong_plaza_accessible_lateral,246.4316,2.352657,-166.8048
biryong_plaza_accessible_lateral,246.4316,2.354933,-166.9963
biryong_plaza_accessible_lateral,246.4316,2.357209,-167.1878
biryong_plaza_accessible_lateral,246.4316,2.359485,-167.3793
biryong_plaza_accessible_lateral,246.4316,2.36176,-167.5708
biryong_plaza_accessible_lateral,246.3066,2.27169,-160.2922
biryong_plaza_accessible_lateral,246.3066,2.274022,-160.4822
biryong_plaza_accessible_lateral,246.3066,2.276355,-160.6722
biryong_plaza_accessible_lateral,246.3066,2.278687,-160.8622
biryong_plaza_accessible_lateral,246.3066,2.281019,-161.0522
biryong_plaza_accessible_lateral,246.3066,2.283352,-161.2422
biryong_plaza_accessible_lateral,246.3066,2.285684,-161.4322
biryong_plaza_accessible_lateral,246.3066,2.288016,-161.6222
biryong_plaza_accessible_lateral,246.3066,2.290349,-161.8122
biryong_plaza_accessible_lateral,246.3066,2.292681,-162.0022
biryong_plaza_accessible_lateral,246.3066,2.295013,-162.1922
biryong_plaza_accessible_lateral,246.3066,2.297346,-162.3822
biryong_plaza_accessible_lateral,246.3066,2.299678,-162.5722
biryong_plaza_accessible_lateral,246.3066,2.30201,-162.7622
biryong_plaza_accessible_lateral,246.3066,2.304343,-162.9522
biryong_plaza_accessible_lateral,246.3066,2.306675,-163.1422
biryong_plaza_accessible_lateral,246.3066,2.309007,-163.3322
biryong_plaza_accessible_lateral,246.3066,2.31134,-163.5222
biryong_plaza_accessible_lateral,246.3066,2.313672,-163.7122
biryong_plaza_accessible_lateral,246.3066,2.316005,-163.9022
biryong_plaza_accessible_lateral,246.3066,2.318337,-164.0922
biryong_plaza_accessible_lateral,246.3066,2.320669,-164.2822
biryong_plaza_accessible_lateral,246.3066,2.323001,-164.4722
biryong_plaza_accessible_lateral,246.3066,2.325334,-164.6622
biryong_plaza_accessible_lateral,246.3066,2.327666,-164.8522
biryong_plaza_accessible_lateral,246.3066,2.329998,-165.0422
biryong_plaza_accessible_lateral,246.3066,2.332331,-165.2322
biryong_plaza_accessible_lateral,246.3066,2.334663,-165.4222
biryong_plaza_accessible_lateral,246.3066,2.336996,-165.6122
biryong_plaza_accessible_lateral,246.3066,2.339328,-165.8022
biryong_plaza_accessible_lateral,246.3066,2.34166,-165.9922
biryong_plaza_accessible_lateral,246.3066,2.343993,-166.1823
biryong_plaza_accessible_lateral,246.3066,2.346325,-166.3723
biryong_plaza_accessible_lateral,246.3066,2.348657,-166.5623
biryong_plaza_accessible_lateral,246.3066,2.35099,-166.7523
biryong_plaza_accessible_lateral,246.3066,2.353322,-166.9423
biryong_plaza_accessible_lateral,246.3066,2.355654,-167.1323
biryong_plaza_accessible_lateral,246.3066,2.357987,-167.3223
biryong_plaza_accessible_lateral,246.3066,2.360319,-167.5123
biryong_plaza_accessible_lateral,246.1816,2.26811,-160.2904
biryong_plaza_accessible_lateral,246.1816,2.270508,-160.4787
biryong_plaza_accessible_lateral,246.1816,2.272907,-160.6669
biryong_plaza_accessible_lateral,246.1816,2.275305,-160.8552
biryong_plaza_accessible_lateral,246.1816,2.277703,-161.0434
biryong_plaza_accessible_lateral,246.1816,2.280101,-161.2317
biryong_plaza_accessible_lateral,246.1816,2.2825,-161.4199
biryong_plaza_accessible_lateral,246.1816,2.284898,-161.6082
biryong_plaza_accessible_lateral,246.1816,2.287296,-161.7964
biryong_plaza_accessible_lateral,246.1816,2.289695,-161.9847
biryong_plaza_accessible_lateral,246.1816,2.292093,-162.1729
biryong_plaza_accessible_lateral,246.1816,2.294491,-162.3612
biryong_plaza_accessible_lateral,246.1816,2.296889,-162.5494
biryong_plaza_accessible_lateral,246.1816,2.299288,-162.7377
biryong_plaza_accessible_lateral,246.1816,2.301686,-162.9259
biryong_plaza_accessible_lateral,246.1816,2.304084,-163.1142
biryong_plaza_accessible_lateral,246.1816,2.306482,-163.3025
biryong_plaza_accessible_lateral,246.1816,2.308881,-163.4907
biryong_plaza_accessible_lateral,246.1816,2.311279,-163.679
biryong_plaza_accessible_lateral,246.1816,2.313677,-163.8672
biryong_plaza_accessible_lateral,246.1816,2.316075,-164.0555
biryong_plaza_accessible_lateral,246.1816,2.318474,-164.2437
biryong_plaza_accessible_lateral,246.1816,2.320872,-164.432
biryong_plaza_accessible_lateral,246.1816,2.32327,-164.6202
biryong_plaza_accessible_lateral,246.1816,2.325669,-164.8085
biryong_plaza_accessible_lateral,246.1816,2.328067,-164.9967
biryong_plaza_accessible_lateral,246.1816,2.330465,-165.185
biryong_plaza_accessible_lateral,246.1816,2.332863,-165.3732
biryong_plaza_accessible_lateral,246.1816,2.335262,-165.5615
biryong_plaza_accessible_lateral,246.1816,2.33766,-165.7498
biryong_plaza_accessible_lateral,246.1816,2.340058,-165.938
biryong_plaza_accessible_lateral,246.1816,2.342456,-166.1263
biryong_plaza_accessible_lateral,246.1816,2.344855,-166.3145
biryong_plaza_accessible_lateral,246.1816,2.347253,-166.5028
biryong_plaza_accessible_lateral,246.1816,2.349651,-166.691
biryong_plaza_accessible_lateral,246.1816,2.352049,-166.8793
biryong_plaza_accessible_lateral,246.1816,2.354448,-167.0675
biryong_plaza_accessible_lateral,246.1816,2.356846,-167.2558
biryong_plaza_accessible_lateral,246.1816,2.359244,-167.444
biryong_plaza_accessible_lateral,246.0566,2.264521,-160.2889
biryong_plaza_accessible_lateral,246.0566,2.266975,-160.4757
biryong_plaza_accessible_lateral,246.0566,2.26943,-160.6624
biryong_plaza_accessible_lateral,246.0566,2.271885,-160.8492
biryong_plaza_accessible_lateral,246.0566,2.27434,-161.0359
biryong_plaza_accessible_lateral,246.0566,2.276795,-161.2227
biryong_plaza_accessible_lateral,246.0566,2.279249,-161.4094
biryong_plaza_accessible_lateral,246.0566,2.281704,-161.5962
biryong_plaza_accessible_lateral,246.0566,2.284159,-161.7829
biryong_plaza_accessible_lateral,246.0566,2.286614,-161.9697
biryong_plaza_accessible_lateral,246.0566,2.289068,-162.1564
biryong_plaza_accessible_lateral,246.0566,2.291523,-162.3432
biryong_plaza_accessible_lateral,246.0566,2.293978,-162.5299
biryong_plaza_accessible_lateral,246.0566,2.296433,-162.7167
biryong_plaza_accessible_lateral,246.0566,2.298888,-162.9034
biryong_plaza_accessible_lateral,246.0566,2.301342,-163.0902
biryong_plaza_accessible_lateral,246.0566,2.303797,-163.2769
biryong_plaza_accessible_lateral,246.0566,2.306252,-163.4637
biryong_plaza_accessible_lateral,246.0566,2.308707,-163.6505
biryong_plaza_accessible_lateral,246.0566,2.311162,-163.8372
biryong_plaza_accessible_lateral,246.0566,2.313616,-164.024
biryong_plaza_accessible_lateral,246.0566,2.316071,-164.2107
biryong_plaza_accessible_lateral,246.0566,2.318526,-164.3975
biryong_plaza_accessible_lateral,246.0566,2.320981,-164.5842
biryong_plaza_accessible_lateral,246.0566,2.323436,-164.771
biryong_plaza_accessible_lateral,246.0566,2.32589,-164.9577
biryong_plaza_accessible_lateral,246.0566,2.328345,-165.1445
biryong_plaza_accessible_lateral,246.0566,2.3308,-165.3312
biryong_plaza_accessible_lateral,246.0566,2.333255,-165.518
biryong_plaza_accessible_lateral,246.0566,2.335709,-165.7047
biryong_plaza_accessible_lateral,246.0566,2.338164,-165.8915
biryong_plaza_accessible_lateral,246.0566,2.340619,-166.0782
biryong_plaza_accessible_lateral,246.0566,2.343074,-166.265
biryong_plaza_accessible_lateral,246.0566,2.345529,-166.4518
biryong_plaza_accessible_lateral,246.0566,2.347983,-166.6385
biryong_plaza_accessible_lateral,246.0566,2.350438,-166.8253
biryong_plaza_accessible_lateral,246.0566,2.352893,-167.012
biryong_plaza_accessible_lateral,246.0566,2.355348,-167.1988
biryong_plaza_accessible_lateral,246.0566,2.357802,-167.3855
biryong_plaza_accessible_lateral,245.9316,2.260931,-160.2874
biryong_plaza_accessible_lateral,245.9316,2.263443,-160.4727
biryong_plaza_accessible_lateral,245.9316,2.265954,-160.6579
biryong_plaza_accessible_lateral,245.9316,2.268465,-160.8432
biryong_plaza_accessible_lateral,245.9316,2.270977,-161.0284
biryong_plaza_accessible_lateral,245.9316,2.273488,-161.2137
biryong_plaza_accessible_lateral,245.9316,2.275999,-161.3989
biryong_plaza_accessible_lateral,245.9316,2.278511,-161.5842
biryong_plaza_accessible_lateral,245.9316,2.281022,-161.7694
biryong_plaza_accessible_lateral,245.9316,2.283533,-161.9547
biryong_plaza_accessible_lateral,245.9316,2.286044,-162.1399
biryong_plaza_accessible_lateral,245.9316,2.288556,-162.3252
biryong_plaza_accessible_lateral,245.9316,2.291067,-162.5104
biryong_plaza_accessible_lateral,245.9316,2.293578,-162.6957
biryong_plaza_accessible_lateral,245.9316,2.29609,-162.881
biryong_plaza_accessible_lateral,245.9316,2.298601,-163.0662
biryong_plaza_accessible_lateral,245.9316,2.301112,-163.2515
biryong_plaza_accessible_lateral,245.9316,2.303624,-163.4367
biryong_plaza_accessible_lateral,245.9316,2.306135,-163.622
biryong_plaza_accessible_lateral,245.9316,2.308646,-163.8072
biryong_plaza_accessible_lateral,245.9316,2.311157,-163.9925
biryong_plaza_accessible_lateral,245.9316,2.313669,-164.1777
biryong_plaza_accessible_lateral,245.9316,2.31618,-164.363
biryong_plaza_accessible_lateral,245.9316,2.318691,-164.5482
biryong_plaza_accessible_lateral,245.9316,2.321203,-164.7335
biryong_plaza_accessible_lateral,245.9316,2.323714,-164.9187
biryong_plaza_accessible_lateral,245.9316,2.326226,-165.104
biryong_plaza_accessible_lateral,245.9316,2.328737,-165.2892
biryong_plaza_accessible_lateral,245.9316,2.331248,-165.4745
biryong_plaza_accessible_lateral,245.9316,2.333759,-165.6597
biryong_plaza_accessible_lateral,245.9316,2.336271,-165.845
biryong_plaza_accessible_lateral,245.9316,2.338782,-166.0302
biryong_plaza_accessible_lateral,245.9316,2.341293,-166.2155
biryong_plaza_accessible_lateral,245.9316,2.343805,-166.4008
biryong_plaza_accessible_lateral,245.9316,2.346316,-166.586
biryong_plaza_accessible_lateral,245.9316,2.348827,-166.7713
biryong_plaza_accessible_lateral,245.9316,2.351339,-166.9565
biryong_plaza_accessible_lateral,245.9316,2.35385,-167.1418
biryong_plaza_accessible_lateral,245.9316,2.356361,-167.327
biryong_plaza_accessible_lateral,245.8066,2.257351,-160.2857
biryong_plaza_accessible_lateral,245.8066,2.259928,-160.4692
biryong_plaza_accessible_lateral,245.8066,2.262506,-160.6527
biryong_plaza_accessible_lateral,245.8066,2.265083,-160.8362
biryong_plaza_accessible_lateral,245.8066,2.26766,-161.0197
biryong_plaza_accessible_lateral,245.8066,2.270237,-161.2032
biryong_plaza_accessible_lateral,245.8066,2.272815,-161.3867
biryong_plaza_accessible_lateral,245.8066,2.275392,-161.5702
biryong_plaza_accessible_lateral,245.8066,2.277969,-161.7537
biryong_plaza_accessible_lateral,245.8066,2.280546,-161.9372
biryong_plaza_accessible_lateral,245.8066,2.283124,-162.1207
biryong_plaza_accessible_lateral,245.8066,2.285701,-162.3042
biryong_plaza_accessible_lateral,245.8066,2.288278,-162.4877
biryong_plaza_accessible_lateral,245.8066,2.290855,-162.6712
biryong_plaza_accessible_lateral,245.8066,2.293433,-162.8547
biryong_plaza_accessible_lateral,245.8066,2.29601,-163.0382
biryong_plaza_accessible_lateral,245.8066,2.298587,-163.2217
biryong_plaza_accessible_lateral,245.8066,2.301164,-163.4052
biryong_plaza_accessible_lateral,245.8066,2.303742,-163.5887
biryong_plaza_accessible_lateral,245.8066,2.306319,-163.7722
biryong_plaza_accessible_lateral,245.8066,2.308896,-163.9557
biryong_plaza_accessible_lateral,245.8066,2.311473,-164.1392
biryong_plaza_accessible_lateral,245.8066,2.31405,-164.3227
biryong_plaza_accessible_lateral,245.8066,2.316628,-164.5062
biryong_plaza_accessible_lateral,245.8066,2.319205,-164.6897
biryong_plaza_accessible_lateral,245.8066,2.321782,-164.8732
biryong_plaza_accessible_lateral,245.8066,2.324359,-165.0567
biryong_plaza_accessible_lateral,245.8066,2.326937,-165.2402
biryong_plaza_accessible_lateral,245.8066,2.329514,-165.4237
biryong_plaza_accessible_lateral,245.8066,2.332091,-165.6072
biryong_plaza_accessible_lateral,245.8066,2.334668,-165.7907
biryong_plaza_accessible_lateral,245.8066,2.337246,-165.9742
biryong_plaza_accessible_lateral,245.8066,2.339823,-166.1577
biryong_plaza_accessible_lateral,245.8066,2.3424,-166.3412
biryong_plaza_accessible_lateral,245.8066,2.344977,-166.5247
biryong_plaza_accessible_lateral,245.8066,2.347555,-166.7083
biryong_plaza_accessible_lateral,245.8066,2.350132,-166.8918
biryong_plaza_accessible_lateral,245.8066,2.352709,-167.0753
biryong_plaza_accessible_lateral,245.8066,2.355286,-167.2588
biryong_plaza_accessible_lateral,245.6816,2.253762,-160.2841
biryong_plaza_accessible_lateral,245.6816,2.256396,-160.4662
biryong_plaza_accessible_lateral,245.6816,2.25903,-160.6482
biryong_plaza_accessible_lateral,245.6816,2.261663,-160.8302
biryong_plaza_accessible_lateral,245.6816,2.264297,-161.0122
biryong_plaza_accessible_lateral,245.6816,2.266931,-161.1942
biryong_plaza_accessible_lateral,245.6816,2.269565,-161.3762
biryong_plaza_accessible_lateral,245.6816,2.272198,-161.5582
biryong_plaza_accessible_lateral,245.6816,2.274832,-161.7402
biryong_plaza_accessible_lateral,245.6816,2.277466,-161.9222
biryong_plaza_accessible_lateral,245.6816,2.2801,-162.1042
biryong_plaza_accessible_lateral,245.6816,2.282733,-162.2862
biryong_plaza_accessible_lateral,245.6816,2.285367,-162.4682
biryong_plaza_accessible_lateral,245.6816,2.288001,-162.6502
biryong_plaza_accessible_lateral,245.6816,2.290635,-162.8322
biryong_plaza_accessible_lateral,245.6816,2.293268,-163.0142
biryong_plaza_accessible_lateral,245.6816,2.295902,-163.1962
biryong_plaza_accessible_lateral,245.6816,2.298536,-163.3782
biryong_plaza_accessible_lateral,245.6816,2.30117,-163.5602
biryong_plaza_accessible_lateral,245.6816,2.303803,-163.7422
biryong_plaza_accessible_lateral,245.6816,2.306437,-163.9242
biryong_plaza_accessible_lateral,245.6816,2.309071,-164.1062
biryong_plaza_accessible_lateral,245.6816,2.311705,-164.2882
biryong_plaza_accessible_lateral,245.6816,2.314338,-164.4702
biryong_plaza_accessible_lateral,245.6816,2.316972,-164.6522
biryong_plaza_accessible_lateral,245.6816,2.319606,-164.8342
biryong_plaza_accessible_lateral,245.6816,2.32224,-165.0162
biryong_plaza_accessible_lateral,245.6816,2.324873,-165.1982
biryong_plaza_accessible_lateral,245.6816,2.327507,-165.3802
biryong_plaza_accessible_lateral,245.6816,2.330141,-165.5622
biryong_plaza_accessible_lateral,245.6816,2.332775,-165.7442
biryong_plaza_accessible_lateral,245.6816,2.335408,-165.9263
biryong_plaza_accessible_lateral,245.6816,2.338042,-166.1082
biryong_plaza_accessible_lateral,245.6816,2.340676,-166.2903
biryong_plaza_accessible_lateral,245.6816,2.34331,-166.4723
biryong_plaza_accessible_lateral,245.6816,2.345943,-166.6543
biryong_plaza_accessible_lateral,245.6816,2.348577,-166.8363
biryong_plaza_accessible_lateral,245.6816,2.351211,-167.0183
biryong_plaza_accessible_lateral,245.6816,2.353845,-167.2003
biryong_plaza_accessible_lateral,245.5566,2.250182,-160.2824
biryong_plaza_accessible_lateral,245.5566,2.252882,-160.4627
biryong_plaza_accessible_lateral,245.5566,2.255582,-160.6429
biryong_plaza_accessible_lateral,245.5566,2.258281,-160.8232
biryong_plaza_accessible_lateral,245.5566,2.260981,-161.0034
biryong_plaza_accessible_lateral,245.5566,2.263681,-161.1837
biryong_plaza_accessible_lateral,245.5566,2.26638,-161.3639
biryong_plaza_accessible_lateral,245.5566,2.26908,-161.5442
biryong_plaza_accessible_lateral,245.5566,2.27178,-161.7244
biryong_plaza_accessible_lateral,245.5566,2.274479,-161.9047
biryong_plaza_accessible_lateral,245.5566,2.277179,-162.0849
biryong_plaza_accessible_lateral,245.5566,2.279879,-162.2652
biryong_plaza_accessible_lateral,245.5566,2.282578,-162.4454
biryong_plaza_accessible_lateral,245.5566,2.285278,-162.6257
biryong_plaza_accessible_lateral,245.5566,2.287978,-162.8059
biryong_plaza_accessible_lateral,245.5566,2.290678,-162.9862
biryong_plaza_accessible_lateral,245.5566,2.293377,-163.1665
biryong_plaza_accessible_lateral,245.5566,2.296077,-163.3467
biryong_plaza_accessible_lateral,245.5566,2.298776,-163.527
biryong_plaza_accessible_lateral,245.5566,2.301476,-163.7072
biryong_plaza_accessible_lateral,245.5566,2.304176,-163.8875
biryong_plaza_accessible_lateral,245.5566,2.306875,-164.0677
biryong_plaza_accessible_lateral,245.5566,2.309575,-164.248
biryong_plaza_accessible_lateral,245.5566,2.312275,-164.4282
biryong_plaza_accessible_lateral,245.5566,2.314975,-164.6085
biryong_plaza_accessible_lateral,245.5566,2.317674,-164.7887
biryong_plaza_accessible_lateral,245.5566,2.320374,-164.969
biryong_plaza_accessible_lateral,245.5566,2.323074,-165.1492
biryong_plaza_accessible_lateral,245.5566,2.325773,-165.3295
biryong_plaza_accessible_lateral,245.5566,2.328473,-165.5097
biryong_plaza_accessible_lateral,245.5566,2.331173,-165.69
biryong_plaza_accessible_lateral,245.5566,2.333872,-165.8702
biryong_plaza_accessible_lateral,245.5566,2.336572,-166.0505
biryong_plaza_accessible_lateral,245.5566,2.339272,-166.2308
biryong_plaza_accessible_lateral,245.5566,2.341971,-166.411
biryong_plaza_accessible_lateral,245.5566,2.344671,-166.5913
biryong_plaza_accessible_lateral,245.5566,2.347371,-166.7715
biryong_plaza_accessible_lateral,245.5566,2.35007,-166.9518
biryong_plaza_accessible_lateral,245.5566,2.35277,-167.132
biryong_plaza_accessible_lateral,245.4316,2.246593,-160.2809
biryong_plaza_accessible_lateral,245.4316,2.249349,-160.4597
biryong_plaza_accessible_lateral,245.4316,2.252105,-160.6384
biryong_plaza_accessible_lateral,245.4316,2.254861,-160.8172
biryong_plaza_accessible_lateral,245.4316,2.257618,-160.9959
biryong_plaza_accessible_lateral,245.4316,2.260374,-161.1747
biryong_plaza_accessible_lateral,245.4316,2.26313,-161.3534
biryong_plaza_accessible_lateral,245.4316,2.265886,-161.5322
biryong_plaza_accessible_lateral,245.4316,2.268642,-161.7109
biryong_plaza_accessible_lateral,245.4316,2.271399,-161.8897
biryong_plaza_accessible_lateral,245.4316,2.274155,-162.0684
biryong_plaza_accessible_lateral,245.4316,2.276911,-162.2472
biryong_plaza_accessible_lateral,245.4316,2.279667,-162.4259
biryong_plaza_accessible_lateral,245.4316,2.282423,-162.6047
biryong_plaza_accessible_lateral,245.4316,2.28518,-162.7834
biryong_plaza_accessible_lateral,245.4316,2.287936,-162.9622
biryong_plaza_accessible_lateral,245.4316,2.290692,-163.141
biryong_plaza_accessible_lateral,245.4316,2.293448,-163.3197
biryong_plaza_accessible_lateral,245.4316,2.296204,-163.4985
biryong_plaza_accessible_lateral,245.4316,2.29896,-163.6772
biryong_plaza_accessible_lateral,245.4316,2.301717,-163.856
biryong_plaza_accessible_lateral,245.4316,2.304473,-164.0347
biryong_plaza_accessible_lateral,245.4316,2.307229,-164.2135
biryong_plaza_accessible_lateral,245.4316,2.309985,-164.3922
biryong_plaza_accessible_lateral,245.4316,2.312742,-164.571
biryong_plaza_accessible_lateral,245.4316,2.315498,-164.7497
biryong_plaza_accessible_lateral,245.4316,2.318254,-164.9285
biryong_plaza_accessible_lateral,245.4316,2.32101,-165.1072
biryong_plaza_accessible_lateral,245.4316,2.323766,-165.286
biryong_plaza_accessible_lateral,245.4316,2.326522,-165.4647
biryong_plaza_accessible_lateral,245.4316,2.329279,-165.6435
biryong_plaza_accessible_lateral,245.4316,2.332035,-165.8223
biryong_plaza_accessible_lateral,245.4316,2.334791,-166.001
biryong_plaza_accessible_lateral,245.4316,2.337547,-166.1797
biryong_plaza_accessible_lateral,245.4316,2.340303,-166.3585
biryong_plaza_accessible_lateral,245.4316,2.34306,-166.5373
biryong_plaza_accessible_lateral,245.4316,2.345816,-166.716
biryong_plaza_accessible_lateral,245.4316,2.348572,-166.8948
biryong_plaza_accessible_lateral,245.4316,2.351328,-167.0735
biryong_plaza_accessible_lateral,245.3066,2.243003,-160.2794
biryong_plaza_accessible_lateral,245.3066,2.245816,-160.4567
biryong_plaza_accessible_lateral,245.3066,2.248629,-160.6339
biryong_plaza_accessible_lateral,245.3066,2.251442,-160.8112
biryong_plaza_accessible_lateral,245.3066,2.254254,-160.9884
biryong_plaza_accessible_lateral,245.3066,2.257067,-161.1657
biryong_plaza_accessible_lateral,245.3066,2.25988,-161.3429
biryong_plaza_accessible_lateral,245.3066,2.262692,-161.5202
biryong_plaza_accessible_lateral,245.3066,2.265505,-161.6974
biryong_plaza_accessible_lateral,245.3066,2.268318,-161.8747
biryong_plaza_accessible_lateral,245.3066,2.271131,-162.0519
biryong_plaza_accessible_lateral,245.3066,2.273943,-162.2292
biryong_plaza_accessible_lateral,245.3066,2.276756,-162.4064
biryong_plaza_accessible_lateral,245.3066,2.279569,-162.5837
biryong_plaza_accessible_lateral,245.3066,2.282382,-162.761
biryong_plaza_accessible_lateral,245.3066,2.285194,-162.9382
biryong_plaza_accessible_lateral,245.3066,2.288007,-163.1154
biryong_plaza_accessible_lateral,245.3066,2.29082,-163.2927
biryong_plaza_accessible_lateral,245.3066,2.293633,-163.47
biryong_plaza_accessible_lateral,245.3066,2.296445,-163.6472
biryong_plaza_accessible_lateral,245.3066,2.299258,-163.8245
biryong_plaza_accessible_lateral,245.3066,2.302071,-164.0017
biryong_plaza_accessible_lateral,245.3066,2.304883,-164.179
biryong_plaza_accessible_lateral,245.3066,2.307696,-164.3562
biryong_plaza_accessible_lateral,245.3066,2.310509,-164.5335
biryong_plaza_accessible_lateral,245.3066,2.313322,-164.7107
biryong_plaza_accessible_lateral,245.3066,2.316134,-164.888
biryong_plaza_accessible_lateral,245.3066,2.318947,-165.0652
biryong_plaza_accessible_lateral,245.3066,2.32176,-165.2425
biryong_plaza_accessible_lateral,245.3066,2.324572,-165.4197
biryong_plaza_accessible_lateral,245.3066,2.327385,-165.597
biryong_plaza_accessible_lateral,245.3066,2.330198,-165.7742
biryong_plaza_accessible_lateral,245.3066,2.333011,-165.9515
biryong_plaza_accessible_lateral,245.3066,2.335823,-166.1288
biryong_plaza_accessible_lateral,245.3066,2.338636,-166.306
biryong_plaza_accessible_lateral,245.3066,2.341449,-166.4833
biryong_plaza_accessible_lateral,245.3066,2.344261,-166.6605
biryong_plaza_accessible_lateral,245.3066,2.347074,-166.8378
biryong_plaza_accessible_lateral,245.3066,2.349887,-167.015
biryong_plaza_accessible_lateral,245.1816,2.239424,-160.2776
biryong_plaza_accessible_lateral,245.1816,2.242302,-160.4532
biryong_plaza_accessible_lateral,245.1816,2.245181,-160.6287
biryong_plaza_accessible_lateral,245.1816,2.24806,-160.8042
biryong_plaza_accessible_lateral,245.1816,2.250938,-160.9797
biryong_plaza_accessible_lateral,245.1816,2.253817,-161.1552
biryong_plaza_accessible_lateral,245.1816,2.256696,-161.3307
biryong_plaza_accessible_lateral,245.1816,2.259574,-161.5062
biryong_plaza_accessible_lateral,245.1816,2.262453,-161.6817
biryong_plaza_accessible_lateral,245.1816,2.265332,-161.8572
biryong_plaza_accessible_lateral,245.1816,2.26821,-162.0327
biryong_plaza_accessible_lateral,245.1816,2.271089,-162.2082
biryong_plaza_accessible_lateral,245.1816,2.273968,-162.3837
biryong_plaza_accessible_lateral,245.1816,2.276846,-162.5592
biryong_plaza_accessible_lateral,245.1816,2.279725,-162.7347
biryong_plaza_accessible_lateral,245.1816,2.282603,-162.9102
biryong_plaza_accessible_lateral,245.1816,2.285482,-163.0857
biryong_plaza_accessible_lateral,245.1816,2.288361,-163.2612
biryong_plaza_accessible_lateral,245.1816,2.291239,-163.4367
biryong_plaza_accessible_lateral,245.1816,2.294118,-163.6122
biryong_plaza_accessible_lateral,245.1816,2.296997,-163.7877
biryong_plaza_accessible_lateral,245.1816,2.299875,-163.9632
biryong_plaza_accessible_lateral,245.1816,2.302754,-164.1387
biryong_plaza_accessible_lateral,245.1816,2.305632,-164.3142
biryong_plaza_accessible_lateral,245.1816,2.308511,-164.4897
biryong_plaza_accessible_lateral,245.1816,2.31139,-164.6652
biryong_plaza_accessible_lateral,245.1816,2.314268,-164.8407
biryong_plaza_accessible_lateral,245.1816,2.317147,-165.0162
biryong_plaza_accessible_lateral,245.1816,2.320026,-165.1917
biryong_plaza_accessible_lateral,245.1816,2.322904,-165.3672
biryong_plaza_accessible_lateral,245.1816,2.325783,-165.5427
biryong_plaza_accessible_lateral,245.1816,2.328661,-165.7182
biryong_plaza_accessible_lateral,245.1816,2.33154,-165.8937
biryong_plaza_accessible_lateral,245.1816,2.334419,-166.0692
biryong_plaza_accessible_lateral,245.1816,2.337297,-166.2448
biryong_plaza_accessible_lateral,245.1816,2.340176,-166.4203
biryong_plaza_accessible_lateral,245.1816,2.343055,-166.5958
biryong_plaza_accessible_lateral,245.1816,2.345933,-166.7713
biryong_plaza_accessible_lateral,245.1816,2.348812,-166.9468
dormitory2_shared_frontage,554.5227,9.211617,-305.3177
dormitory2_shared_frontage,554.6424,9.211555,-305.1049
dormitory2_shared_frontage,554.7621,9.211492,-304.8921
dormitory2_shared_frontage,554.8818,9.21143,-304.6793
dormitory2_shared_frontage,555.0015,9.211367,-304.4665
dormitory2_shared_frontage,555.1212,9.211304,-304.2537
dormitory2_shared_frontage,555.241,9.211242,-304.0409
dormitory2_shared_frontage,555.3607,9.211179,-303.8281
dormitory2_shared_frontage,555.4804,9.211117,-303.6153
dormitory2_shared_frontage,555.6001,9.211054,-303.4025
dormitory2_shared_frontage,555.7198,9.210992,-303.1897
dormitory2_shared_frontage,555.8395,9.210929,-302.9769
dormitory2_shared_frontage,555.9592,9.210866,-302.7642
dormitory2_shared_frontage,556.079,9.210804,-302.5514
dormitory2_shared_frontage,556.1987,9.210741,-302.3386
dormitory2_shared_frontage,556.3184,9.210679,-302.1258
dormitory2_shared_frontage,556.4381,9.210616,-301.913
dormitory2_shared_frontage,556.5578,9.210554,-301.7001
dormitory2_shared_frontage,556.6776,9.210491,-301.4873
dormitory2_shared_frontage,556.7972,9.210428,-301.2745
dormitory2_shared_frontage,556.917,9.210366,-301.0618
dormitory2_shared_frontage,557.0367,9.210303,-300.849
dormitory2_shared_frontage,557.1564,9.210241,-300.6362
dormitory2_shared_frontage,554.6534,9.210365,-305.3912
dormitory2_shared_frontage,554.7731,9.21026,-305.1784
dormitory2_shared_frontage,554.8929,9.210156,-304.9656
dormitory2_shared_frontage,555.0126,9.210052,-304.7529
dormitory2_shared_frontage,555.1323,9.209948,-304.5401
dormitory2_shared_frontage,555.252,9.209843,-304.3273
dormitory2_shared_frontage,555.3718,9.209739,-304.1145
dormitory2_shared_frontage,555.4915,9.209634,-303.9017
dormitory2_shared_frontage,555.6112,9.20953,-303.6889
dormitory2_shared_frontage,555.7308,9.209425,-303.476
dormitory2_shared_frontage,555.8506,9.209321,-303.2632
dormitory2_shared_frontage,555.9703,9.209217,-303.0505
dormitory2_shared_frontage,556.09,9.209112,-302.8377
dormitory2_shared_frontage,556.2097,9.209008,-302.6249
dormitory2_shared_frontage,556.3294,9.208903,-302.4121
dormitory2_shared_frontage,556.4492,9.208799,-302.1993
dormitory2_shared_frontage,556.5688,9.208694,-301.9865
dormitory2_shared_frontage,556.6886,9.208591,-301.7737
dormitory2_shared_frontage,556.8083,9.208486,-301.5609
dormitory2_shared_frontage,556.928,9.208382,-301.3481
dormitory2_shared_frontage,557.0477,9.208277,-301.1353
dormitory2_shared_frontage,557.1675,9.208173,-300.9225
dormitory2_shared_frontage,557.2872,9.208068,-300.7097
dormitory2_shared_frontage,554.7842,9.209115,-305.4648
dormitory2_shared_frontage,554.9038,9.208968,-305.252
dormitory2_shared_frontage,555.0236,9.208822,-305.0392
dormitory2_shared_frontage,555.1432,9.208675,-304.8264
dormitory2_shared_frontage,555.263,9.208529,-304.6136
dormitory2_shared_frontage,555.3827,9.208384,-304.4008
dormitory2_shared_frontage,555.5024,9.208237,-304.188
dormitory2_shared_frontage,555.6221,9.208091,-303.9752
dormitory2_shared_frontage,555.7419,9.207944,-303.7624
dormitory2_shared_frontage,555.8616,9.207798,-303.5496
dormitory2_shared_frontage,555.9813,9.207651,-303.3368
dormitory2_shared_frontage,556.101,9.207505,-303.124
dormitory2_shared_frontage,556.2208,9.207359,-302.9112
dormitory2_shared_frontage,556.3405,9.207212,-302.6984
dormitory2_shared_frontage,556.4601,9.207067,-302.4856
dormitory2_shared_frontage,556.5798,9.20692,-302.2728
dormitory2_shared_frontage,556.6995,9.206774,-302.06
dormitory2_shared_frontage,556.8193,9.206627,-301.8472
dormitory2_shared_frontage,556.939,9.206481,-301.6344
dormitory2_shared_frontage,557.0587,9.206335,-301.4216
dormitory2_shared_frontage,557.1784,9.206188,-301.2088
dormitory2_shared_frontage,557.2982,9.206042,-300.996
dormitory2_shared_frontage,557.4178,9.205895,-300.7832
dormitory2_shared_frontage,554.9149,9.207864,-305.5383
dormitory2_shared_frontage,555.0346,9.207675,-305.3255
dormitory2_shared_frontage,555.1544,9.207487,-305.1127
dormitory2_shared_frontage,555.274,9.207298,-304.9
dormitory2_shared_frontage,555.3938,9.20711,-304.6872
dormitory2_shared_frontage,555.5135,9.206923,-304.4744
dormitory2_shared_frontage,555.6332,9.206734,-304.2616
dormitory2_shared_frontage,555.7529,9.206546,-304.0488
dormitory2_shared_frontage,555.8726,9.206358,-303.8359
dormitory2_shared_frontage,555.9923,9.206169,-303.6231
dormitory2_shared_frontage,556.1121,9.205981,-303.4103
dormitory2_shared_frontage,556.2318,9.205793,-303.1976
dormitory2_shared_frontage,556.3515,9.205605,-302.9848
dormitory2_shared_frontage,556.4712,9.205417,-302.772
dormitory2_shared_frontage,556.5909,9.205228,-302.5592
dormitory2_shared_frontage,556.7106,9.20504,-302.3464
dormitory2_shared_frontage,556.8303,9.204852,-302.1336
dormitory2_shared_frontage,556.9501,9.204663,-301.9208
dormitory2_shared_frontage,557.0698,9.204475,-301.708
dormitory2_shared_frontage,557.1895,9.204287,-301.4952
dormitory2_shared_frontage,557.3092,9.204099,-301.2824
dormitory2_shared_frontage,557.4289,9.203911,-301.0696
dormitory2_shared_frontage,557.5486,9.203722,-300.8568
dormitory2_shared_frontage,555.0456,9.206614,-305.6119
dormitory2_shared_frontage,555.1653,9.206383,-305.3991
dormitory2_shared_frontage,555.285,9.206153,-305.1863
dormitory2_shared_frontage,555.4047,9.205923,-304.9735
dormitory2_shared_frontage,555.5245,9.205693,-304.7607
dormitory2_shared_frontage,555.6442,9.205463,-304.5479
dormitory2_shared_frontage,555.7639,9.205233,-304.3351
dormitory2_shared_frontage,555.8836,9.205003,-304.1223
dormitory2_shared_frontage,556.0034,9.204773,-303.9095
dormitory2_shared_frontage,556.123,9.204542,-303.6967
dormitory2_shared_frontage,556.2428,9.204312,-303.4839
dormitory2_shared_frontage,556.3625,9.204082,-303.2711
dormitory2_shared_frontage,556.4822,9.203853,-303.0583
dormitory2_shared_frontage,556.6019,9.203623,-302.8455
dormitory2_shared_frontage,556.7216,9.203392,-302.6327
dormitory2_shared_frontage,556.8413,9.203162,-302.4199
dormitory2_shared_frontage,556.961,9.202932,-302.2071
dormitory2_shared_frontage,557.0807,9.202702,-301.9943
dormitory2_shared_frontage,557.2004,9.202472,-301.7815
dormitory2_shared_frontage,557.3202,9.202242,-301.5688
dormitory2_shared_frontage,557.4399,9.202012,-301.356
dormitory2_shared_frontage,557.5596,9.201782,-301.1432
dormitory2_shared_frontage,557.6793,9.201551,-300.9304
dormitory2_shared_frontage,555.1764,9.205361,-305.6854
dormitory2_shared_frontage,555.2961,9.20509,-305.4726
dormitory2_shared_frontage,555.4158,9.204817,-305.2599
dormitory2_shared_frontage,555.5355,9.204545,-305.0471
dormitory2_shared_frontage,555.6553,9.204273,-304.8343
dormitory2_shared_frontage,555.7749,9.204001,-304.6215
dormitory2_shared_frontage,555.8947,9.20373,-304.4087
dormitory2_shared_frontage,556.0143,9.203457,-304.1959
dormitory2_shared_frontage,556.1341,9.203185,-303.9831
dormitory2_shared_frontage,556.2538,9.202913,-303.7703
dormitory2_shared_frontage,556.3735,9.202641,-303.5575
dormitory2_shared_frontage,556.4932,9.20237,-303.3447
dormitory2_shared_frontage,556.613,9.202097,-303.1319
dormitory2_shared_frontage,556.7327,9.201825,-302.9191
dormitory2_shared_frontage,556.8524,9.201553,-302.7063
dormitory2_shared_frontage,556.9721,9.201282,-302.4935
dormitory2_shared_frontage,557.0918,9.201009,-302.2807
dormitory2_shared_frontage,557.2115,9.200737,-302.0679
dormitory2_shared_frontage,557.3312,9.200465,-301.8551
dormitory2_shared_frontage,557.4509,9.200193,-301.6423
dormitory2_shared_frontage,557.5706,9.199922,-301.4295
dormitory2_shared_frontage,557.6904,9.199649,-301.2167
dormitory2_shared_frontage,557.8101,9.199377,-301.0039
dormitory2_shared_frontage,555.3071,9.204111,-305.7589
dormitory2_shared_frontage,555.4268,9.203797,-305.5461
dormitory2_shared_frontage,555.5465,9.203484,-305.3334
dormitory2_shared_frontage,555.6662,9.203169,-305.1206
dormitory2_shared_frontage,555.7859,9.202855,-304.9078
dormitory2_shared_frontage,555.9056,9.202541,-304.695
dormitory2_shared_frontage,556.0254,9.202228,-304.4822
dormitory2_shared_frontage,556.1451,9.201914,-304.2694
dormitory2_shared_frontage,556.2648,9.2016,-304.0566
dormitory2_shared_frontage,556.3845,9.201286,-303.8438
dormitory2_shared_frontage,556.5043,9.200973,-303.631
dormitory2_shared_frontage,556.624,9.200659,-303.4182
dormitory2_shared_frontage,556.7437,9.200344,-303.2054
dormitory2_shared_frontage,556.8633,9.20003,-302.9926
dormitory2_shared_frontage,556.983,9.199717,-302.7798
dormitory2_shared_frontage,557.1028,9.199403,-302.567
dormitory2_shared_frontage,557.2225,9.199089,-302.3542
dormitory2_shared_frontage,557.3422,9.198775,-302.1414
dormitory2_shared_frontage,557.4619,9.198462,-301.9286
dormitory2_shared_frontage,557.5817,9.198147,-301.7159
dormitory2_shared_frontage,557.7014,9.197833,-301.5031
dormitory2_shared_frontage,557.8211,9.197519,-301.2903
dormitory2_shared_frontage,557.9408,9.197206,-301.0775
dormitory2_shared_frontage,555.4378,9.202859,-305.8325
dormitory2_shared_frontage,555.5576,9.202503,-305.6197
dormitory2_shared_frontage,555.6772,9.202147,-305.407
dormitory2_shared_frontage,555.7969,9.201792,-305.1942
dormitory2_shared_frontage,555.9166,9.201436,-304.9813
dormitory2_shared_frontage,556.0364,9.20108,-304.7685
dormitory2_shared_frontage,556.1561,9.200725,-304.5557
dormitory2_shared_frontage,556.2758,9.200369,-304.3429
dormitory2_shared_frontage,556.3956,9.200013,-304.1302
dormitory2_shared_frontage,556.5153,9.199657,-303.9174
dormitory2_shared_frontage,556.635,9.199302,-303.7046
dormitory2_shared_frontage,556.7547,9.198946,-303.4918
dormitory2_shared_frontage,556.8745,9.198589,-303.279
dormitory2_shared_frontage,556.9941,9.198234,-303.0662
dormitory2_shared_frontage,557.1138,9.197878,-302.8534
dormitory2_shared_frontage,557.2336,9.197522,-302.6406
dormitory2_shared_frontage,557.3533,9.197166,-302.4278
dormitory2_shared_frontage,557.473,9.196811,-302.215
dormitory2_shared_frontage,557.5927,9.196455,-302.0022
dormitory2_shared_frontage,557.7124,9.196099,-301.7894
dormitory2_shared_frontage,557.8321,9.195744,-301.5766
dormitory2_shared_frontage,557.9518,9.195388,-301.3638
dormitory2_shared_frontage,558.0715,9.195032,-301.151
dormitory2_shared_frontage,555.5685,9.201609,-305.9061
dormitory2_shared_frontage,555.6883,9.201211,-305.6933
dormitory2_shared_frontage,555.808,9.200813,-305.4805
dormitory2_shared_frontage,555.9277,9.200416,-305.2677
dormitory2_shared_frontage,556.0474,9.200018,-305.0549
dormitory2_shared_frontage,556.1671,9.19962,-304.8421
dormitory2_shared_frontage,556.2869,9.199223,-304.6293
dormitory2_shared_frontage,556.4066,9.198825,-304.4165
dormitory2_shared_frontage,556.5263,9.198427,-304.2037
dormitory2_shared_frontage,556.646,9.19803,-303.9909
dormitory2_shared_frontage,556.7657,9.197632,-303.7781
dormitory2_shared_frontage,556.8854,9.197235,-303.5653
dormitory2_shared_frontage,557.0051,9.196837,-303.3525
dormitory2_shared_frontage,557.1248,9.19644,-303.1397
dormitory2_shared_frontage,557.2445,9.196042,-302.9269
dormitory2_shared_frontage,557.3643,9.195644,-302.7141
dormitory2_shared_frontage,557.4839,9.195247,-302.5013
dormitory2_shared_frontage,557.6037,9.194849,-302.2885
dormitory2_shared_frontage,557.7234,9.194451,-302.0757
dormitory2_shared_frontage,557.8431,9.194054,-301.8629
dormitory2_shared_frontage,557.9628,9.193656,-301.6501
dormitory2_shared_frontage,558.0826,9.193258,-301.4373
dormitory2_shared_frontage,558.2023,9.192861,-301.2245
dormitory2_shared_frontage,555.6993,9.200357,-305.9796
dormitory2_shared_frontage,555.819,9.199918,-305.7668
dormitory2_shared_frontage,555.9387,9.199478,-305.554
dormitory2_shared_frontage,556.0584,9.199039,-305.3412
dormitory2_shared_frontage,556.1781,9.1986,-305.1284
dormitory2_shared_frontage,556.2979,9.19816,-304.9156
dormitory2_shared_frontage,556.4175,9.197721,-304.7028
dormitory2_shared_frontage,556.5373,9.197281,-304.49
dormitory2_shared_frontage,556.657,9.196841,-304.2773
dormitory2_shared_frontage,556.7767,9.196402,-304.0645
dormitory2_shared_frontage,556.8964,9.195962,-303.8517
dormitory2_shared_frontage,557.0162,9.195522,-303.6389
dormitory2_shared_frontage,557.1359,9.195084,-303.4261
dormitory2_shared_frontage,557.2556,9.194644,-303.2133
dormitory2_shared_frontage,557.3753,9.194204,-303.0005
dormitory2_shared_frontage,557.4951,9.193765,-302.7877
dormitory2_shared_frontage,557.6147,9.193325,-302.5749
dormitory2_shared_frontage,557.7344,9.192885,-302.3621
dormitory2_shared_frontage,557.8541,9.192446,-302.1493
dormitory2_shared_frontage,557.9739,9.192007,-301.9365
dormitory2_shared_frontage,558.0936,9.191567,-301.7237
dormitory2_shared_frontage,558.2133,9.191128,-301.5109
dormitory2_shared_frontage,558.333,9.190688,-301.2981
dormitory2_shared_frontage,555.83,9.199106,-306.0532
dormitory2_shared_frontage,555.9498,9.198625,-305.8404
dormitory2_shared_frontage,556.0695,9.198144,-305.6276
dormitory2_shared_frontage,556.1891,9.197662,-305.4148
dormitory2_shared_frontage,556.3089,9.197181,-305.202
dormitory2_shared_frontage,556.4286,9.196699,-304.9892
dormitory2_shared_frontage,556.5483,9.196218,-304.7764
dormitory2_shared_frontage,556.668,9.195737,-304.5636
dormitory2_shared_frontage,556.7877,9.195255,-304.3508
dormitory2_shared_frontage,556.9074,9.194774,-304.138
dormitory2_shared_frontage,557.0272,9.194292,-303.9252
dormitory2_shared_frontage,557.1469,9.193811,-303.7124
dormitory2_shared_frontage,557.2666,9.19333,-303.4996
dormitory2_shared_frontage,557.3863,9.192848,-303.2868
dormitory2_shared_frontage,557.506,9.192367,-303.074
dormitory2_shared_frontage,557.6257,9.191885,-302.8612
dormitory2_shared_frontage,557.7454,9.191404,-302.6484
dormitory2_shared_frontage,557.8652,9.190923,-302.4356
dormitory2_shared_frontage,557.9849,9.190441,-302.2228
dormitory2_shared_frontage,558.1046,9.18996,-302.01
dormitory2_shared_frontage,558.2243,9.189478,-301.7972
dormitory2_shared_frontage,558.3441,9.188997,-301.5844
dormitory2_shared_frontage,558.4637,9.188516,-301.3716
dormitory1_shared_frontage,72.41661,-7.670394,-465.3568
dormitory1_shared_frontage,72.52296,-7.670478,-465.1514
dormitory1_shared_frontage,72.62932,-7.670562,-464.946
dormitory1_shared_frontage,72.73566,-7.670647,-464.7406
dormitory1_shared_frontage,72.84201,-7.670731,-464.5352
dormitory1_shared_frontage,72.94838,-7.670815,-464.3299
dormitory1_shared_frontage,73.0547,-7.670899,-464.1245
dormitory1_shared_frontage,73.16106,-7.670983,-463.9191
dormitory1_shared_frontage,73.2674,-7.671067,-463.7137
dormitory1_shared_frontage,73.37376,-7.671151,-463.5083
dormitory1_shared_frontage,73.4801,-7.671236,-463.3029
dormitory1_shared_frontage,73.58647,-7.671319,-463.0976
dormitory1_shared_frontage,73.69281,-7.671404,-462.8922
dormitory1_shared_frontage,73.79916,-7.671488,-462.6868
dormitory1_shared_frontage,73.90549,-7.671572,-462.4814
dormitory1_shared_frontage,74.01186,-7.671656,-462.276
dormitory1_shared_frontage,74.11821,-7.67174,-462.0706
dormitory1_shared_frontage,74.22456,-7.671824,-461.8653
dormitory1_shared_frontage,74.3309,-7.671908,-461.6599
dormitory1_shared_frontage,74.43726,-7.671993,-461.4545
dormitory1_shared_frontage,74.54359,-7.672077,-461.2491
dormitory1_shared_frontage,74.64996,-7.672161,-461.0438
dormitory1_shared_frontage,74.7563,-7.672245,-460.8383
dormitory1_shared_frontage,74.86264,-7.672329,-460.633
dormitory1_shared_frontage,74.96901,-7.672413,-460.4276
dormitory1_shared_frontage,75.07535,-7.672497,-460.2222
dormitory1_shared_frontage,75.1817,-7.672582,-460.0168
dormitory1_shared_frontage,75.28806,-7.672666,-459.8114
dormitory1_shared_frontage,75.39439,-7.67275,-459.6061
dormitory1_shared_frontage,75.50075,-7.672834,-459.4007
dormitory1_shared_frontage,75.6071,-7.672918,-459.1953
dormitory1_shared_frontage,75.71344,-7.673002,-458.9899
dormitory1_shared_frontage,75.81979,-7.673086,-458.7845
dormitory1_shared_frontage,75.92613,-7.673171,-458.5791
dormitory1_shared_frontage,76.0325,-7.673254,-458.3737
dormitory1_shared_frontage,76.13884,-7.673338,-458.1684
dormitory1_shared_frontage,76.24516,-7.673423,-457.963
dormitory1_shared_frontage,76.35155,-7.673507,-457.7576
dormitory1_shared_frontage,76.45789,-7.673591,-457.5522
dormitory1_shared_frontage,76.56421,-7.673675,-457.3468
dormitory1_shared_frontage,76.67056,-7.673759,-457.1415
dormitory1_shared_frontage,76.77695,-7.673843,-456.9361
dormitory1_shared_frontage,76.88327,-7.673927,-456.7307
dormitory1_shared_frontage,76.98964,-7.674012,-456.5253
dormitory1_shared_frontage,77.09599,-7.674096,-456.3199
dormitory1_shared_frontage,77.20232,-7.67418,-456.1146
dormitory1_shared_frontage,77.30867,-7.674264,-455.9091
dormitory1_shared_frontage,77.41504,-7.674348,-455.7038
dormitory1_shared_frontage,77.52136,-7.674432,-455.4984
dormitory1_shared_frontage,77.62775,-7.674516,-455.293
dormitory1_shared_frontage,77.73409,-7.674601,-455.0876
dormitory1_shared_frontage,77.84041,-7.674685,-454.8823
dormitory1_shared_frontage,77.94676,-7.674769,-454.6768
dormitory1_shared_frontage,78.05313,-7.674853,-454.4715
dormitory1_shared_frontage,78.15947,-7.674937,-454.2661
dormitory1_shared_frontage,72.54982,-7.675106,-465.4257
dormitory1_shared_frontage,72.65617,-7.675202,-465.2204
dormitory1_shared_frontage,72.76253,-7.675299,-465.015
dormitory1_shared_frontage,72.86888,-7.675395,-464.8096
dormitory1_shared_frontage,72.97519,-7.675492,-464.6042
dormitory1_shared_frontage,73.08157,-7.675588,-464.3988
dormitory1_shared_frontage,73.18793,-7.675685,-464.1934
dormitory1_shared_frontage,73.29427,-7.675781,-463.9881
dormitory1_shared_frontage,73.40062,-7.675878,-463.7827
dormitory1_shared_frontage,73.50696,-7.675974,-463.5773
dormitory1_shared_frontage,73.6133,-7.67607,-463.3719
dormitory1_shared_frontage,73.71967,-7.676167,-463.1665
dormitory1_shared_frontage,73.826,-7.676263,-462.9612
dormitory1_shared_frontage,73.93234,-7.67636,-462.7558
dormitory1_shared_frontage,74.03873,-7.676456,-462.5504
dormitory1_shared_frontage,74.14505,-7.676552,-462.345
dormitory1_shared_frontage,74.25139,-7.676649,-462.1396
dormitory1_shared_frontage,74.35774,-7.676745,-461.9342
dormitory1_shared_frontage,74.46411,-7.676842,-461.7289
dormitory1_shared_frontage,74.57045,-7.676938,-461.5235
dormitory1_shared_frontage,74.6768,-7.677034,-461.3181
dormitory1_shared_frontage,74.78316,-7.677131,-461.1127
dormitory1_shared_frontage,74.8895,-7.677227,-460.9073
dormitory1_shared_frontage,74.99583,-7.677324,-460.7019
dormitory1_shared_frontage,75.1022,-7.67742,-460.4966
dormitory1_shared_frontage,75.20854,-7.677517,-460.2912
dormitory1_shared_frontage,75.31491,-7.677613,-460.0858
dormitory1_shared_frontage,75.42126,-7.67771,-459.8804
dormitory1_shared_frontage,75.52759,-7.677806,-459.675
dormitory1_shared_frontage,75.63393,-7.677902,-459.4696
dormitory1_shared_frontage,75.74031,-7.677999,-459.2643
dormitory1_shared_frontage,75.84665,-7.678095,-459.0589
dormitory1_shared_frontage,75.95297,-7.678192,-458.8535
dormitory1_shared_frontage,76.05936,-7.678288,-458.6481
dormitory1_shared_frontage,76.1657,-7.678385,-458.4427
dormitory1_shared_frontage,76.27203,-7.678481,-458.2374
dormitory1_shared_frontage,76.37837,-7.678577,-458.0319
dormitory1_shared_frontage,76.48474,-7.678674,-457.8266
dormitory1_shared_frontage,76.59108,-7.67877,-457.6212
dormitory1_shared_frontage,76.69743,-7.678867,-457.4158
dormitory1_shared_frontage,76.80379,-7.678963,-457.2104
dormitory1_shared_frontage,76.91013,-7.67906,-457.005
dormitory1_shared_frontage,77.01648,-7.679156,-456.7997
dormitory1_shared_frontage,77.12285,-7.679252,-456.5943
dormitory1_shared_frontage,77.22917,-7.679349,-456.3889
dormitory1_shared_frontage,77.33551,-7.679445,-456.1835
dormitory1_shared_frontage,77.44189,-7.679542,-455.9781
dormitory1_shared_frontage,77.54823,-7.679638,-455.7727
dormitory1_shared_frontage,77.65457,-7.679734,-455.5674
dormitory1_shared_frontage,77.76091,-7.679831,-455.362
dormitory1_shared_frontage,77.86728,-7.679927,-455.1566
dormitory1_shared_frontage,77.97362,-7.680024,-454.9513
dormitory1_shared_frontage,78.07999,-7.68012,-454.7458
dormitory1_shared_frontage,78.18633,-7.680217,-454.5405
dormitory1_shared_frontage,78.29266,-7.680313,-454.3351
dormitory1_shared_frontage,72.68301,-7.679817,-465.4947
dormitory1_shared_frontage,72.78938,-7.679926,-465.2893
dormitory1_shared_frontage,72.89572,-7.680035,-465.084
dormitory1_shared_frontage,73.00209,-7.680143,-464.8785
dormitory1_shared_frontage,73.10843,-7.680252,-464.6732
dormitory1_shared_frontage,73.21477,-7.680361,-464.4678
dormitory1_shared_frontage,73.32111,-7.68047,-464.2624
dormitory1_shared_frontage,73.42749,-7.680579,-464.057
dormitory1_shared_frontage,73.53381,-7.680687,-463.8517
dormitory1_shared_frontage,73.64015,-7.680796,-463.6463
dormitory1_shared_frontage,73.74652,-7.680905,-463.4409
dormitory1_shared_frontage,73.85287,-7.681014,-463.2355
dormitory1_shared_frontage,73.95921,-7.681122,-463.0301
dormitory1_shared_frontage,74.06554,-7.681231,-462.8247
dormitory1_shared_frontage,74.17192,-7.68134,-462.6194
dormitory1_shared_frontage,74.27826,-7.681448,-462.414
dormitory1_shared_frontage,74.3846,-7.681557,-462.2086
dormitory1_shared_frontage,74.49097,-7.681666,-462.0032
dormitory1_shared_frontage,74.59729,-7.681775,-461.7978
dormitory1_shared_frontage,74.70364,-7.681883,-461.5924
dormitory1_shared_frontage,74.81003,-7.681993,-461.3871
dormitory1_shared_frontage,74.91634,-7.682101,-461.1817
dormitory1_shared_frontage,75.02269,-7.68221,-460.9763
dormitory1_shared_frontage,75.12907,-7.682319,-460.7709
dormitory1_shared_frontage,75.2354,-7.682427,-460.5655
dormitory1_shared_frontage,75.34175,-7.682536,-460.3602
dormitory1_shared_frontage,75.44809,-7.682645,-460.1547
dormitory1_shared_frontage,75.55444,-7.682754,-459.9494
dormitory1_shared_frontage,75.6608,-7.682862,-459.744
dormitory1_shared_frontage,75.76717,-7.682971,-459.5386
dormitory1_shared_frontage,75.87349,-7.68308,-459.3333
dormitory1_shared_frontage,75.97984,-7.683188,-459.1278
dormitory1_shared_frontage,76.08618,-7.683297,-458.9225
dormitory1_shared_frontage,76.19254,-7.683406,-458.7171
dormitory1_shared_frontage,76.29889,-7.683515,-458.5117
dormitory1_shared_frontage,76.40526,-7.683624,-458.3063
dormitory1_shared_frontage,76.5116,-7.683733,-458.101
dormitory1_shared_frontage,76.61794,-7.683841,-457.8955
dormitory1_shared_frontage,76.72427,-7.68395,-457.6902
dormitory1_shared_frontage,76.83064,-7.684059,-457.4848
dormitory1_shared_frontage,76.937,-7.684167,-457.2794
dormitory1_shared_frontage,77.04333,-7.684276,-457.0741
dormitory1_shared_frontage,77.14969,-7.684385,-456.8687
dormitory1_shared_frontage,77.25603,-7.684494,-456.6633
dormitory1_shared_frontage,77.36238,-7.684602,-456.4579
dormitory1_shared_frontage,77.46872,-7.684711,-456.2525
dormitory1_shared_frontage,77.57507,-7.68482,-456.0471
dormitory1_shared_frontage,77.68143,-7.684928,-455.8417
dormitory1_shared_frontage,77.78777,-7.685038,-455.6364
dormitory1_shared_frontage,77.89413,-7.685146,-455.431
dormitory1_shared_frontage,78.00047,-7.685255,-455.2256
dormitory1_shared_frontage,78.10681,-7.685364,-455.0202
dormitory1_shared_frontage,78.21318,-7.685472,-454.8148
dormitory1_shared_frontage,78.31953,-7.685581,-454.6094
dormitory1_shared_frontage,78.42586,-7.68569,-454.4041
dormitory1_shared_frontage,72.81624,-7.684529,-465.5637
dormitory1_shared_frontage,72.92258,-7.68465,-465.3583
dormitory1_shared_frontage,73.02892,-7.684771,-465.1529
dormitory1_shared_frontage,73.13525,-7.684892,-464.9475
dormitory1_shared_frontage,73.24164,-7.685013,-464.7422
dormitory1_shared_frontage,73.34796,-7.685134,-464.5368
dormitory1_shared_frontage,73.45433,-7.685256,-464.3314
dormitory1_shared_frontage,73.56068,-7.685377,-464.126
dormitory1_shared_frontage,73.66701,-7.685497,-463.9206
dormitory1_shared_frontage,73.77336,-7.685618,-463.7152
dormitory1_shared_frontage,73.87973,-7.68574,-463.5099
dormitory1_shared_frontage,73.98605,-7.685861,-463.3045
dormitory1_shared_frontage,74.09241,-7.685982,-463.0991
dormitory1_shared_frontage,74.19879,-7.686103,-462.8937
dormitory1_shared_frontage,74.3051,-7.686224,-462.6883
dormitory1_shared_frontage,74.41145,-7.686345,-462.4829
dormitory1_shared_frontage,74.51779,-7.686466,-462.2776
dormitory1_shared_frontage,74.62416,-7.686587,-462.0722
dormitory1_shared_frontage,74.73051,-7.686708,-461.8668
dormitory1_shared_frontage,74.83687,-7.686829,-461.6614
dormitory1_shared_frontage,74.94321,-7.68695,-461.4561
dormitory1_shared_frontage,75.04956,-7.687071,-461.2506
dormitory1_shared_frontage,75.1559,-7.687192,-461.0453
dormitory1_shared_frontage,75.26225,-7.687313,-460.8399
dormitory1_shared_frontage,75.36861,-7.687434,-460.6345
dormitory1_shared_frontage,75.47495,-7.687555,-460.4291
dormitory1_shared_frontage,75.5813,-7.687676,-460.2238
dormitory1_shared_frontage,75.68765,-7.687797,-460.0183
dormitory1_shared_frontage,75.79399,-7.687918,-459.813
dormitory1_shared_frontage,75.90036,-7.688039,-459.6076
dormitory1_shared_frontage,76.00668,-7.68816,-459.4022
dormitory1_shared_frontage,76.11304,-7.688281,-459.1968
dormitory1_shared_frontage,76.21941,-7.688402,-458.9914
dormitory1_shared_frontage,76.32574,-7.688523,-458.786
dormitory1_shared_frontage,76.4321,-7.688644,-458.5807
dormitory1_shared_frontage,76.53842,-7.688766,-458.3753
dormitory1_shared_frontage,76.64479,-7.688886,-458.17
dormitory1_shared_frontage,76.75114,-7.689007,-457.9645
dormitory1_shared_frontage,76.8575,-7.689128,-457.7592
dormitory1_shared_frontage,76.96384,-7.68925,-457.5538
dormitory1_shared_frontage,77.07019,-7.689371,-457.3484
dormitory1_shared_frontage,77.17651,-7.689491,-457.143
dormitory1_shared_frontage,77.2829,-7.689612,-456.9376
dormitory1_shared_frontage,77.38924,-7.689734,-456.7322
dormitory1_shared_frontage,77.49556,-7.689855,-456.5269
dormitory1_shared_frontage,77.60194,-7.689976,-456.3215
dormitory1_shared_frontage,77.7083,-7.690097,-456.1161
dormitory1_shared_frontage,77.81462,-7.690217,-455.9107
dormitory1_shared_frontage,77.92099,-7.690339,-455.7053
dormitory1_shared_frontage,78.02734,-7.69046,-455.4999
dormitory1_shared_frontage,78.13367,-7.690581,-455.2946
dormitory1_shared_frontage,78.24004,-7.690702,-455.0892
dormitory1_shared_frontage,78.34637,-7.690823,-454.8838
dormitory1_shared_frontage,78.45271,-7.690944,-454.6784
dormitory1_shared_frontage,78.55907,-7.691065,-454.473
dormitory1_shared_frontage,72.94943,-7.689241,-465.6327
dormitory1_shared_frontage,73.05577,-7.689374,-465.4273
dormitory1_shared_frontage,73.16212,-7.689507,-465.2219
dormitory1_shared_frontage,73.26848,-7.689641,-465.0165
dormitory1_shared_frontage,73.37482,-7.689774,-464.8111
dormitory1_shared_frontage,73.48117,-7.689908,-464.6057
dormitory1_shared_frontage,73.58754,-7.690041,-464.4004
dormitory1_shared_frontage,73.69386,-7.690174,-464.195
dormitory1_shared_frontage,73.80022,-7.690308,-463.9896
dormitory1_shared_frontage,73.90659,-7.690441,-463.7842
dormitory1_shared_frontage,74.01292,-7.690574,-463.5788
dormitory1_shared_frontage,74.11928,-7.690708,-463.3734
dormitory1_shared_frontage,74.2256,-7.690841,-463.1681
dormitory1_shared_frontage,74.33197,-7.690974,-462.9627
dormitory1_shared_frontage,74.43831,-7.691108,-462.7573
dormitory1_shared_frontage,74.54466,-7.691241,-462.5519
dormitory1_shared_frontage,74.65102,-7.691374,-462.3465
dormitory1_shared_frontage,74.75735,-7.691508,-462.1412
dormitory1_shared_frontage,74.86371,-7.691641,-461.9358
dormitory1_shared_frontage,74.97008,-7.691774,-461.7304
dormitory1_shared_frontage,75.0764,-7.691908,-461.525
dormitory1_shared_frontage,75.18275,-7.692041,-461.3196
dormitory1_shared_frontage,75.28912,-7.692174,-461.1142
dormitory1_shared_frontage,75.39545,-7.692308,-460.9088
dormitory1_shared_frontage,75.5018,-7.692441,-460.7035
dormitory1_shared_frontage,75.60815,-7.692575,-460.4981
dormitory1_shared_frontage,75.71451,-7.692708,-460.2927
dormitory1_shared_frontage,75.82086,-7.692842,-460.0873
dormitory1_shared_frontage,75.92717,-7.692975,-459.8819
dormitory1_shared_frontage,76.03355,-7.693108,-459.6766
dormitory1_shared_frontage,76.13991,-7.693241,-459.4712
dormitory1_shared_frontage,76.24623,-7.693375,-459.2658
dormitory1_shared_frontage,76.3526,-7.693508,-459.0604
dormitory1_shared_frontage,76.45895,-7.693641,-458.855
dormitory1_shared_frontage,76.56528,-7.693775,-458.6497
dormitory1_shared_frontage,76.67166,-7.693908,-458.4443
dormitory1_shared_frontage,76.77798,-7.694041,-458.2389
dormitory1_shared_frontage,76.88432,-7.694175,-458.0335
dormitory1_shared_frontage,76.99071,-7.694308,-457.8281
dormitory1_shared_frontage,77.09705,-7.694441,-457.6227
dormitory1_shared_frontage,77.20338,-7.694575,-457.4174
dormitory1_shared_frontage,77.30975,-7.694708,-457.212
dormitory1_shared_frontage,77.41609,-7.694841,-457.0066
dormitory1_shared_frontage,77.52243,-7.694975,-456.8012
dormitory1_shared_frontage,77.62878,-7.695108,-456.5958
dormitory1_shared_frontage,77.73514,-7.695241,-456.3905
dormitory1_shared_frontage,77.84148,-7.695375,-456.1851
dormitory1_shared_frontage,77.94783,-7.695508,-455.9797
dormitory1_shared_frontage,78.05418,-7.695642,-455.7743
dormitory1_shared_frontage,78.16052,-7.695775,-455.5689
dormitory1_shared_frontage,78.26686,-7.695909,-455.3636
dormitory1_shared_frontage,78.37325,-7.696042,-455.1582
dormitory1_shared_frontage,78.47957,-7.696175,-454.9528
dormitory1_shared_frontage,78.58591,-7.696309,-454.7474
dormitory1_shared_frontage,78.69229,-7.696442,-454.542
dormitory1_shared_frontage,73.08263,-7.693954,-465.7016
dormitory1_shared_frontage,73.18896,-7.6941,-465.4962
dormitory1_shared_frontage,73.29533,-7.694245,-465.2909
dormitory1_shared_frontage,73.40169,-7.694391,-465.0855
dormitory1_shared_frontage,73.50803,-7.694537,-464.8801
dormitory1_shared_frontage,73.61438,-7.694682,-464.6747
dormitory1_shared_frontage,73.72073,-7.694828,-464.4693
dormitory1_shared_frontage,73.82707,-7.694973,-464.2639
dormitory1_shared_frontage,73.93341,-7.695119,-464.0586
dormitory1_shared_frontage,74.03976,-7.695265,-463.8532
dormitory1_shared_frontage,74.14612,-7.69541,-463.6478
dormitory1_shared_frontage,74.25246,-7.695556,-463.4424
dormitory1_shared_frontage,74.35883,-7.695702,-463.2371
dormitory1_shared_frontage,74.46516,-7.695848,-463.0316
dormitory1_shared_frontage,74.5715,-7.695993,-462.8263
dormitory1_shared_frontage,74.67787,-7.696138,-462.6209
dormitory1_shared_frontage,74.78423,-7.696284,-462.4155
dormitory1_shared_frontage,74.89055,-7.69643,-462.2101
dormitory1_shared_frontage,74.99692,-7.696575,-462.0047
dormitory1_shared_frontage,75.10327,-7.696721,-461.7994
dormitory1_shared_frontage,75.20961,-7.696867,-461.5939
dormitory1_shared_frontage,75.31593,-7.697012,-461.3886
dormitory1_shared_frontage,75.42232,-7.697158,-461.1832
dormitory1_shared_frontage,75.52866,-7.697303,-460.9778
dormitory1_shared_frontage,75.63501,-7.697449,-460.7725
dormitory1_shared_frontage,75.74136,-7.697595,-460.567
dormitory1_shared_frontage,75.8477,-7.697741,-460.3617
dormitory1_shared_frontage,75.95404,-7.697886,-460.1563
dormitory1_shared_frontage,76.06042,-7.698031,-459.9509
dormitory1_shared_frontage,76.16675,-7.698177,-459.7455
dormitory1_shared_frontage,76.27309,-7.698323,-459.5402
dormitory1_shared_frontage,76.37947,-7.698469,-459.3347
dormitory1_shared_frontage,76.48581,-7.698614,-459.1294
dormitory1_shared_frontage,76.59215,-7.69876,-458.924
dormitory1_shared_frontage,76.6985,-7.698905,-458.7186
dormitory1_shared_frontage,76.80486,-7.699051,-458.5133
dormitory1_shared_frontage,76.91119,-7.699197,-458.3078
dormitory1_shared_frontage,77.01755,-7.699342,-458.1025
dormitory1_shared_frontage,77.1239,-7.699488,-457.8971
dormitory1_shared_frontage,77.23024,-7.699634,-457.6917
dormitory1_shared_frontage,77.33658,-7.699779,-457.4864
dormitory1_shared_frontage,77.44296,-7.699924,-457.2809
dormitory1_shared_frontage,77.54929,-7.70007,-457.0756
dormitory1_shared_frontage,77.65562,-7.700216,-456.8702
dormitory1_shared_frontage,77.76201,-7.700362,-456.6648
dormitory1_shared_frontage,77.86833,-7.700507,-456.4594
dormitory1_shared_frontage,77.97467,-7.700653,-456.254
dormitory1_shared_frontage,78.08105,-7.700799,-456.0486
dormitory1_shared_frontage,78.18738,-7.700944,-455.8433
dormitory1_shared_frontage,78.29373,-7.70109,-455.6379
dormitory1_shared_frontage,78.4001,-7.701235,-455.4325
dormitory1_shared_frontage,78.50642,-7.701381,-455.2271
dormitory1_shared_frontage,78.61278,-7.701527,-455.0217
dormitory1_shared_frontage,78.71913,-7.701672,-454.8163
dormitory1_shared_frontage,78.82547,-7.701818,-454.611
dormitory1_shared_frontage,73.21584,-7.698665,-465.7706
dormitory1_shared_frontage,73.32217,-7.698822,-465.5652
dormitory1_shared_frontage,73.42853,-7.698981,-465.3598
dormitory1_shared_frontage,73.53488,-7.699139,-465.1544
dormitory1_shared_frontage,73.64122,-7.699296,-464.9491
dormitory1_shared_frontage,73.74756,-7.699454,-464.7437
dormitory1_shared_frontage,73.85393,-7.699613,-464.5383
dormitory1_shared_frontage,73.96025,-7.69977,-464.3329
dormitory1_shared_frontage,74.06664,-7.699928,-464.1275
dormitory1_shared_frontage,74.17299,-7.700086,-463.9222
dormitory1_shared_frontage,74.27931,-7.700244,-463.7168
dormitory1_shared_frontage,74.38565,-7.700402,-463.5114
dormitory1_shared_frontage,74.49203,-7.70056,-463.306
dormitory1_shared_frontage,74.59836,-7.700718,-463.1006
dormitory1_shared_frontage,74.70473,-7.700876,-462.8953
dormitory1_shared_frontage,74.81108,-7.701034,-462.6898
dormitory1_shared_frontage,74.9174,-7.701192,-462.4845
dormitory1_shared_frontage,75.02376,-7.70135,-462.2791
dormitory1_shared_frontage,75.13013,-7.701508,-462.0737
dormitory1_shared_frontage,75.23645,-7.701666,-461.8683
dormitory1_shared_frontage,75.3428,-7.701824,-461.663
dormitory1_shared_frontage,75.44917,-7.701982,-461.4576
dormitory1_shared_frontage,75.5555,-7.702139,-461.2522
dormitory1_shared_frontage,75.66185,-7.702298,-461.0468
dormitory1_shared_frontage,75.76822,-7.702456,-460.8414
dormitory1_shared_frontage,75.87456,-7.702613,-460.636
dormitory1_shared_frontage,75.98091,-7.702771,-460.4306
dormitory1_shared_frontage,76.08727,-7.702929,-460.2253
dormitory1_shared_frontage,76.1936,-7.703087,-460.0199
dormitory1_shared_frontage,76.29996,-7.703245,-459.8145
dormitory1_shared_frontage,76.4063,-7.703403,-459.6091
dormitory1_shared_frontage,76.51265,-7.703561,-459.4037
dormitory1_shared_frontage,76.61899,-7.703719,-459.1984
dormitory1_shared_frontage,76.72534,-7.703877,-458.993
dormitory1_shared_frontage,76.83171,-7.704035,-458.7876
dormitory1_shared_frontage,76.93803,-7.704193,-458.5822
dormitory1_shared_frontage,77.04439,-7.704351,-458.3768
dormitory1_shared_frontage,77.15073,-7.704509,-458.1714
dormitory1_shared_frontage,77.2571,-7.704667,-457.9661
dormitory1_shared_frontage,77.36343,-7.704824,-457.7607
dormitory1_shared_frontage,77.4698,-7.704983,-457.5553
dormitory1_shared_frontage,77.57614,-7.705141,-457.3499
dormitory1_shared_frontage,77.6825,-7.705298,-457.1445
dormitory1_shared_frontage,77.78882,-7.705456,-456.9391
dormitory1_shared_frontage,77.89519,-7.705614,-456.7338
dormitory1_shared_frontage,78.00154,-7.705772,-456.5284
dormitory1_shared_frontage,78.10789,-7.70593,-456.323
dormitory1_shared_frontage,78.21423,-7.706088,-456.1176
dormitory1_shared_frontage,78.32059,-7.706246,-455.9122
dormitory1_shared_frontage,78.42693,-7.706404,-455.7069
dormitory1_shared_frontage,78.53329,-7.706562,-455.5015
dormitory1_shared_frontage,78.63963,-7.70672,-455.2961
dormitory1_shared_frontage,78.74597,-7.706878,-455.0907
dormitory1_shared_frontage,78.85234,-7.707036,-454.8853
dormitory1_shared_frontage,78.95868,-7.707194,-454.68
dormitory1_shared_frontage,73.34901,-7.703376,-465.8396
dormitory1_shared_frontage,73.45537,-7.703547,-465.6342
dormitory1_shared_frontage,73.56174,-7.703717,-465.4288
dormitory1_shared_frontage,73.66808,-7.703887,-465.2234
dormitory1_shared_frontage,73.77441,-7.704057,-465.018
dormitory1_shared_frontage,73.88078,-7.704227,-464.8127
dormitory1_shared_frontage,73.98712,-7.704398,-464.6073
dormitory1_shared_frontage,74.09348,-7.704568,-464.4019
dormitory1_shared_frontage,74.19983,-7.704738,-464.1965
dormitory1_shared_frontage,74.30617,-7.704908,-463.9911
dormitory1_shared_frontage,74.41252,-7.705079,-463.7857
dormitory1_shared_frontage,74.51889,-7.705249,-463.5804
dormitory1_shared_frontage,74.62521,-7.705419,-463.375
dormitory1_shared_frontage,74.73157,-7.705589,-463.1696
dormitory1_shared_frontage,74.83794,-7.70576,-462.9642
dormitory1_shared_frontage,74.94426,-7.70593,-462.7589
dormitory1_shared_frontage,75.05061,-7.7061,-462.5534
dormitory1_shared_frontage,75.15698,-7.706271,-462.3481
dormitory1_shared_frontage,75.26332,-7.706441,-462.1427
dormitory1_shared_frontage,75.36966,-7.706611,-461.9373
dormitory1_shared_frontage,75.476,-7.706781,-461.7319
dormitory1_shared_frontage,75.58237,-7.706952,-461.5265
dormitory1_shared_frontage,75.68871,-7.707122,-461.3212
dormitory1_shared_frontage,75.79507,-7.707292,-461.1158
dormitory1_shared_frontage,75.90141,-7.707462,-460.9104
dormitory1_shared_frontage,76.00775,-7.707633,-460.705
dormitory1_shared_frontage,76.11411,-7.707803,-460.4996
dormitory1_shared_frontage,76.22046,-7.707973,-460.2943
dormitory1_shared_frontage,76.3268,-7.708143,-460.0889
dormitory1_shared_frontage,76.43315,-7.708313,-459.8835
dormitory1_shared_frontage,76.53951,-7.708484,-459.6781
dormitory1_shared_frontage,76.64586,-7.708654,-459.4727
dormitory1_shared_frontage,76.75221,-7.708824,-459.2673
dormitory1_shared_frontage,76.85852,-7.708994,-459.062
dormitory1_shared_frontage,76.9649,-7.709165,-458.8566
dormitory1_shared_frontage,77.07126,-7.709335,-458.6512
dormitory1_shared_frontage,77.17757,-7.709505,-458.4458
dormitory1_shared_frontage,77.28395,-7.709675,-458.2404
dormitory1_shared_frontage,77.3903,-7.709846,-458.035
dormitory1_shared_frontage,77.49663,-7.710016,-457.8297
dormitory1_shared_frontage,77.603,-7.710186,-457.6243
dormitory1_shared_frontage,77.70934,-7.710357,-457.4189
dormitory1_shared_frontage,77.81567,-7.710527,-457.2135
dormitory1_shared_frontage,77.92206,-7.710697,-457.0081
dormitory1_shared_frontage,78.02838,-7.710867,-456.8028
dormitory1_shared_frontage,78.13472,-7.711038,-456.5974
dormitory1_shared_frontage,78.24107,-7.711208,-456.392
dormitory1_shared_frontage,78.34744,-7.711378,-456.1866
dormitory1_shared_frontage,78.45378,-7.711548,-455.9812
dormitory1_shared_frontage,78.56015,-7.711719,-455.7758
dormitory1_shared_frontage,78.66649,-7.711889,-455.5705
dormitory1_shared_frontage,78.77283,-7.712059,-455.3651
dormitory1_shared_frontage,78.87917,-7.712229,-455.1597
dormitory1_shared_frontage,78.98553,-7.712399,-454.9543
dormitory1_shared_frontage,79.09187,-7.71257,-454.7489
dormitory1_shared_frontage,73.48225,-7.708089,-465.9085
dormitory1_shared_frontage,73.58859,-7.708272,-465.7032
dormitory1_shared_frontage,73.69493,-7.708454,-465.4978
dormitory1_shared_frontage,73.80127,-7.708636,-465.2924
dormitory1_shared_frontage,73.90765,-7.708819,-465.087
dormitory1_shared_frontage,74.01398,-7.709002,-464.8816
dormitory1_shared_frontage,74.12032,-7.709184,-464.6762
dormitory1_shared_frontage,74.2267,-7.709366,-464.4709
dormitory1_shared_frontage,74.33304,-7.709549,-464.2655
dormitory1_shared_frontage,74.43936,-7.709732,-464.0601
dormitory1_shared_frontage,74.54572,-7.709914,-463.8547
dormitory1_shared_frontage,74.65208,-7.710097,-463.6493
dormitory1_shared_frontage,74.75842,-7.710279,-463.444
dormitory1_shared_frontage,74.86479,-7.710462,-463.2386
dormitory1_shared_frontage,74.97112,-7.710644,-463.0332
dormitory1_shared_frontage,75.07747,-7.710827,-462.8278
dormitory1_shared_frontage,75.18382,-7.71101,-462.6224
dormitory1_shared_frontage,75.29016,-7.711192,-462.4171
dormitory1_shared_frontage,75.39651,-7.711374,-462.2117
dormitory1_shared_frontage,75.50287,-7.711557,-462.0063
dormitory1_shared_frontage,75.60922,-7.71174,-461.8009
dormitory1_shared_frontage,75.71556,-7.711922,-461.5955
dormitory1_shared_frontage,75.82191,-7.712104,-461.3901
dormitory1_shared_frontage,75.92824,-7.712287,-461.1848
dormitory1_shared_frontage,76.03462,-7.71247,-460.9794
dormitory1_shared_frontage,76.14096,-7.712652,-460.774
dormitory1_shared_frontage,76.24731,-7.712835,-460.5686
dormitory1_shared_frontage,76.35367,-7.713017,-460.3632
dormitory1_shared_frontage,76.46001,-7.7132,-460.1578
dormitory1_shared_frontage,76.56635,-7.713382,-459.9525
dormitory1_shared_frontage,76.67271,-7.713565,-459.7471
dormitory1_shared_frontage,76.77905,-7.713748,-459.5417
dormitory1_shared_frontage,76.88542,-7.71393,-459.3363
dormitory1_shared_frontage,76.99178,-7.714112,-459.1309
dormitory1_shared_frontage,77.0981,-7.714295,-458.9256
dormitory1_shared_frontage,77.20444,-7.714478,-458.7202
dormitory1_shared_frontage,77.31081,-7.71466,-458.5148
dormitory1_shared_frontage,77.41714,-7.714843,-458.3094
dormitory1_shared_frontage,77.52348,-7.715025,-458.104
dormitory1_shared_frontage,77.62985,-7.715208,-457.8987
dormitory1_shared_frontage,77.73621,-7.71539,-457.6932
dormitory1_shared_frontage,77.84254,-7.715573,-457.4879
dormitory1_shared_frontage,77.94887,-7.715755,-457.2825
dormitory1_shared_frontage,78.05525,-7.715938,-457.0771
dormitory1_shared_frontage,78.16159,-7.71612,-456.8717
dormitory1_shared_frontage,78.26794,-7.716303,-456.6664
dormitory1_shared_frontage,78.3743,-7.716486,-456.461
dormitory1_shared_frontage,78.48064,-7.716668,-456.2556
dormitory1_shared_frontage,78.58698,-7.71685,-456.0502
dormitory1_shared_frontage,78.69336,-7.717033,-455.8448
dormitory1_shared_frontage,78.79967,-7.717216,-455.6395
dormitory1_shared_frontage,78.90602,-7.717398,-455.4341
dormitory1_shared_frontage,79.01241,-7.717581,-455.2286
dormitory1_shared_frontage,79.11873,-7.717763,-455.0233
dormitory1_shared_frontage,79.22508,-7.717946,-454.8179
dormitory1_shared_frontage,73.61542,-7.7128,-465.9775
dormitory1_shared_frontage,73.72179,-7.712994,-465.7722
dormitory1_shared_frontage,73.82814,-7.713189,-465.5668
dormitory1_shared_frontage,73.93449,-7.713384,-465.3614
dormitory1_shared_frontage,74.04083,-7.713579,-465.156
dormitory1_shared_frontage,74.14719,-7.713774,-464.9506
dormitory1_shared_frontage,74.25351,-7.713969,-464.7452
dormitory1_shared_frontage,74.35988,-7.714164,-464.5399
dormitory1_shared_frontage,74.46623,-7.714358,-464.3345
dormitory1_shared_frontage,74.57257,-7.714553,-464.129
dormitory1_shared_frontage,74.67892,-7.714748,-463.9237
dormitory1_shared_frontage,74.78528,-7.714943,-463.7183
dormitory1_shared_frontage,74.89162,-7.715138,-463.5129
dormitory1_shared_frontage,74.99799,-7.715333,-463.3076
dormitory1_shared_frontage,75.10432,-7.715528,-463.1022
dormitory1_shared_frontage,75.21066,-7.715723,-462.8968
dormitory1_shared_frontage,75.31703,-7.715918,-462.6914
dormitory1_shared_frontage,75.42339,-7.716113,-462.486
dormitory1_shared_frontage,75.52972,-7.716308,-462.2806
dormitory1_shared_frontage,75.63605,-7.716502,-462.0753
dormitory1_shared_frontage,75.74242,-7.716697,-461.8699
dormitory1_shared_frontage,75.84877,-7.716892,-461.6645
dormitory1_shared_frontage,75.95511,-7.717087,-461.4591
dormitory1_shared_frontage,76.06146,-7.717282,-461.2537
dormitory1_shared_frontage,76.16782,-7.717477,-461.0484
dormitory1_shared_frontage,76.27415,-7.717672,-460.8429
dormitory1_shared_frontage,76.38052,-7.717866,-460.6376
dormitory1_shared_frontage,76.48686,-7.718061,-460.4322
dormitory1_shared_frontage,76.5932,-7.718256,-460.2268
dormitory1_shared_frontage,76.69957,-7.718451,-460.0215
dormitory1_shared_frontage,76.80592,-7.718646,-459.816
dormitory1_shared_frontage,76.91225,-7.718841,-459.6107
dormitory1_shared_frontage,77.01859,-7.719036,-459.4053
dormitory1_shared_frontage,77.12497,-7.719231,-459.1999
dormitory1_shared_frontage,77.23129,-7.719426,-458.9945
dormitory1_shared_frontage,77.33766,-7.719621,-458.7892
dormitory1_shared_frontage,77.44402,-7.719815,-458.5837
dormitory1_shared_frontage,77.55034,-7.72001,-458.3784
dormitory1_shared_frontage,77.65669,-7.720205,-458.173
dormitory1_shared_frontage,77.76306,-7.7204,-457.9676
dormitory1_shared_frontage,77.86938,-7.720595,-457.7623
dormitory1_shared_frontage,77.97574,-7.72079,-457.5568
dormitory1_shared_frontage,78.08212,-7.720985,-457.3514
dormitory1_shared_frontage,78.18843,-7.721179,-457.1461
dormitory1_shared_frontage,78.29478,-7.721375,-456.9407
dormitory1_shared_frontage,78.40117,-7.72157,-456.7353
dormitory1_shared_frontage,78.50749,-7.721765,-456.5299
dormitory1_shared_frontage,78.61385,-7.721959,-456.3245
dormitory1_shared_frontage,78.7202,-7.722154,-456.1192
dormitory1_shared_frontage,78.82654,-7.722349,-455.9138
dormitory1_shared_frontage,78.93289,-7.722544,-455.7084
dormitory1_shared_frontage,79.03923,-7.722739,-455.503
dormitory1_shared_frontage,79.14558,-7.722934,-455.2976
dormitory1_shared_frontage,79.25194,-7.723129,-455.0923
dormitory1_shared_frontage,79.35828,-7.723323,-454.8869
dormitory1_shared_frontage,73.74864,-7.717513,-466.0465
dormitory1_shared_frontage,73.855,-7.71772,-465.8411
dormitory1_shared_frontage,73.96132,-7.717927,-465.6357
dormitory1_shared_frontage,74.0677,-7.718134,-465.4304
dormitory1_shared_frontage,74.17404,-7.718341,-465.2249
dormitory1_shared_frontage,74.28036,-7.718548,-465.0196
dormitory1_shared_frontage,74.38675,-7.718756,-464.8142
dormitory1_shared_frontage,74.49307,-7.718963,-464.6088
dormitory1_shared_frontage,74.59941,-7.71917,-464.4034
dormitory1_shared_frontage,74.70576,-7.719377,-464.198
dormitory1_shared_frontage,74.81213,-7.719584,-463.9927
dormitory1_shared_frontage,74.91847,-7.719791,-463.7873
dormitory1_shared_frontage,75.02484,-7.719998,-463.5819
dormitory1_shared_frontage,75.13118,-7.720206,-463.3765
dormitory1_shared_frontage,75.23752,-7.720413,-463.1711
dormitory1_shared_frontage,75.34387,-7.72062,-462.9657
dormitory1_shared_frontage,75.45023,-7.720827,-462.7604
dormitory1_shared_frontage,75.55656,-7.721034,-462.555
dormitory1_shared_frontage,75.6629,-7.721241,-462.3496
dormitory1_shared_frontage,75.76929,-7.721448,-462.1443
dormitory1_shared_frontage,75.87561,-7.721656,-461.9388
dormitory1_shared_frontage,75.98195,-7.721863,-461.7335
dormitory1_shared_frontage,76.08833,-7.72207,-461.5281
dormitory1_shared_frontage,76.19466,-7.722277,-461.3227
dormitory1_shared_frontage,76.30101,-7.722484,-461.1173
dormitory1_shared_frontage,76.40738,-7.722692,-460.9119
dormitory1_shared_frontage,76.51372,-7.722898,-460.7065
dormitory1_shared_frontage,76.62006,-7.723105,-460.5012
dormitory1_shared_frontage,76.72639,-7.723313,-460.2958
dormitory1_shared_frontage,76.83276,-7.72352,-460.0904
dormitory1_shared_frontage,76.9391,-7.723727,-459.885
dormitory1_shared_frontage,77.04546,-7.723934,-459.6796
dormitory1_shared_frontage,77.15181,-7.724142,-459.4742
dormitory1_shared_frontage,77.25815,-7.724349,-459.2689
dormitory1_shared_frontage,77.3645,-7.724555,-459.0635
dormitory1_shared_frontage,77.47086,-7.724763,-458.8582
dormitory1_shared_frontage,77.57719,-7.72497,-458.6527
dormitory1_shared_frontage,77.68355,-7.725177,-458.4473
dormitory1_shared_frontage,77.78992,-7.725384,-458.242
dormitory1_shared_frontage,77.89626,-7.725591,-458.0366
dormitory1_shared_frontage,78.00261,-7.725799,-457.8312
dormitory1_shared_frontage,78.10893,-7.726006,-457.6258
dormitory1_shared_frontage,78.2153,-7.726213,-457.4204
dormitory1_shared_frontage,78.32164,-7.72642,-457.2151
dormitory1_shared_frontage,78.42801,-7.726627,-457.0097
dormitory1_shared_frontage,78.53435,-7.726834,-456.8043
dormitory1_shared_frontage,78.64069,-7.727041,-456.5989
dormitory1_shared_frontage,78.74704,-7.727249,-456.3935
dormitory1_shared_frontage,78.85341,-7.727456,-456.1881
dormitory1_shared_frontage,78.95973,-7.727663,-455.9828
dormitory1_shared_frontage,79.06609,-7.72787,-455.7774
dormitory1_shared_frontage,79.17245,-7.728077,-455.572
dormitory1_shared_frontage,79.27878,-7.728284,-455.3666
dormitory1_shared_frontage,79.38515,-7.728491,-455.1612
dormitory1_shared_frontage,79.49149,-7.728699,-454.9559
rear_gate_accessible_lateral,257.831,-0.2690725,70.73811
rear_gate_accessible_lateral,257.831,-0.2650725,70.55911
rear_gate_accessible_lateral,257.831,-0.2610725,70.38011
rear_gate_accessible_lateral,257.831,-0.2570725,70.20111
rear_gate_accessible_lateral,257.831,-0.2530725,70.02211
rear_gate_accessible_lateral,257.831,-0.2490725,69.84311
rear_gate_accessible_lateral,257.831,-0.2450725,69.66411
rear_gate_accessible_lateral,257.831,-0.2410725,69.48509
rear_gate_accessible_lateral,257.831,-0.2370725,69.30609
rear_gate_accessible_lateral,257.831,-0.2330725,69.12711
rear_gate_accessible_lateral,257.831,-0.2290725,68.9481
rear_gate_accessible_lateral,257.831,-0.2250725,68.76909
rear_gate_accessible_lateral,257.831,-0.2210725,68.5901
rear_gate_accessible_lateral,257.831,-0.2170725,68.41109
rear_gate_accessible_lateral,257.831,-0.2130725,68.23209
rear_gate_accessible_lateral,257.831,-0.2090725,68.05309
rear_gate_accessible_lateral,257.831,-0.2050725,67.87409
rear_gate_accessible_lateral,257.831,-0.2010725,67.69509
rear_gate_accessible_lateral,257.831,-0.1970725,67.51608
rear_gate_accessible_lateral,257.681,-0.2690725,70.74062
rear_gate_accessible_lateral,257.681,-0.2650725,70.56411
rear_gate_accessible_lateral,257.681,-0.2610725,70.38761
rear_gate_accessible_lateral,257.681,-0.2570725,70.21111
rear_gate_accessible_lateral,257.681,-0.2530725,70.03459
rear_gate_accessible_lateral,257.681,-0.2490725,69.85809
rear_gate_accessible_lateral,257.681,-0.2450725,69.6816
rear_gate_accessible_lateral,257.681,-0.2410725,69.5051
rear_gate_accessible_lateral,257.681,-0.2370725,69.3286
rear_gate_accessible_lateral,257.681,-0.2330725,69.1521
rear_gate_accessible_lateral,257.681,-0.2290725,68.9756
rear_gate_accessible_lateral,257.681,-0.2250725,68.79909
rear_gate_accessible_lateral,257.681,-0.2210725,68.6226
rear_gate_accessible_lateral,257.681,-0.2170725,68.44609
rear_gate_accessible_lateral,257.681,-0.2130725,68.26958
rear_gate_accessible_lateral,257.681,-0.2090725,68.09309
rear_gate_accessible_lateral,257.681,-0.2050725,67.9166
rear_gate_accessible_lateral,257.681,-0.2010725,67.74009
rear_gate_accessible_lateral,257.681,-0.1970725,67.56359
rear_gate_accessible_lateral,257.531,-0.2690725,70.74312
rear_gate_accessible_lateral,257.531,-0.2650725,70.56911
rear_gate_accessible_lateral,257.531,-0.2610725,70.3951
rear_gate_accessible_lateral,257.531,-0.2570725,70.22112
rear_gate_accessible_lateral,257.531,-0.2530725,70.04711
rear_gate_accessible_lateral,257.531,-0.2490725,69.87311
rear_gate_accessible_lateral,257.531,-0.2450725,69.69911
rear_gate_accessible_lateral,257.531,-0.2410725,69.5251
rear_gate_accessible_lateral,257.531,-0.2370725,69.3511
rear_gate_accessible_lateral,257.531,-0.2330725,69.17709
rear_gate_accessible_lateral,257.531,-0.2290725,69.0031
rear_gate_accessible_lateral,257.531,-0.2250725,68.8291
rear_gate_accessible_lateral,257.531,-0.2210725,68.65509
rear_gate_accessible_lateral,257.531,-0.2170725,68.48109
rear_gate_accessible_lateral,257.531,-0.2130725,68.3071
rear_gate_accessible_lateral,257.531,-0.2090725,68.13309
rear_gate_accessible_lateral,257.531,-0.2050725,67.95909
rear_gate_accessible_lateral,257.531,-0.2010725,67.7851
rear_gate_accessible_lateral,257.531,-0.1970725,67.61108
rear_gate_accessible_lateral,257.381,-0.2690725,70.74561
rear_gate_accessible_lateral,257.381,-0.2650725,70.57411
rear_gate_accessible_lateral,257.381,-0.2610725,70.40262
rear_gate_accessible_lateral,257.381,-0.2570725,70.2311
rear_gate_accessible_lateral,257.381,-0.2530725,70.0596
rear_gate_accessible_lateral,257.381,-0.2490725,69.88811
rear_gate_accessible_lateral,257.381,-0.2450725,69.71661
rear_gate_accessible_lateral,257.381,-0.2410725,69.5451
rear_gate_accessible_lateral,257.381,-0.2370725,69.37361
rear_gate_accessible_lateral,257.381,-0.2330725,69.2021
rear_gate_accessible_lateral,257.381,-0.2290725,69.03061
rear_gate_accessible_lateral,257.381,-0.2250725,68.8591
rear_gate_accessible_lateral,257.381,-0.2210725,68.68761
rear_gate_accessible_lateral,257.381,-0.2170725,68.5161
rear_gate_accessible_lateral,257.381,-0.2130725,68.3446
rear_gate_accessible_lateral,257.381,-0.2090725,68.17309
rear_gate_accessible_lateral,257.381,-0.2050725,68.00159
rear_gate_accessible_lateral,257.381,-0.2010725,67.83009
rear_gate_accessible_lateral,257.381,-0.1970725,67.65859
rear_gate_accessible_lateral,257.231,-0.2690725,70.74812
rear_gate_accessible_lateral,257.231,-0.2650725,70.5791
rear_gate_accessible_lateral,257.231,-0.2610725,70.41011
rear_gate_accessible_lateral,257.231,-0.2570725,70.2411
rear_gate_accessible_lateral,257.231,-0.2530725,70.0721
rear_gate_accessible_lateral,257.231,-0.2490725,69.90311
rear_gate_accessible_lateral,257.231,-0.2450725,69.73412
rear_gate_accessible_lateral,257.231,-0.2410725,69.56509
rear_gate_accessible_lateral,257.231,-0.2370725,69.3961
rear_gate_accessible_lateral,257.231,-0.2330725,69.22711
rear_gate_accessible_lateral,257.231,-0.2290725,69.05809
rear_gate_accessible_lateral,257.231,-0.2250725,68.8891
rear_gate_accessible_lateral,257.231,-0.2210725,68.72011
rear_gate_accessible_lateral,257.231,-0.2170725,68.5511
rear_gate_accessible_lateral,257.231,-0.2130725,68.38209
rear_gate_accessible_lateral,257.231,-0.2090725,68.2131
rear_gate_accessible_lateral,257.231,-0.2050725,68.0441
rear_gate_accessible_lateral,257.231,-0.2010725,67.87508
rear_gate_accessible_lateral,257.231,-0.1970725,67.70609
rear_gate_accessible_lateral,257.081,-0.2690725,70.7506
rear_gate_accessible_lateral,257.081,-0.2650725,70.58411
rear_gate_accessible_lateral,257.081,-0.2610725,70.41761
rear_gate_accessible_lateral,257.081,-0.2570725,70.25111
rear_gate_accessible_lateral,257.081,-0.2530725,70.08461
rear_gate_accessible_lateral,257.081,-0.2490725,69.91811
rear_gate_accessible_lateral,257.081,-0.2450725,69.75161
rear_gate_accessible_lateral,257.081,-0.2410725,69.58511
rear_gate_accessible_lateral,257.081,-0.2370725,69.41859
rear_gate_accessible_lateral,257.081,-0.2330725,69.2521
rear_gate_accessible_lateral,257.081,-0.2290725,69.0856
rear_gate_accessible_lateral,257.081,-0.2250725,68.9191
rear_gate_accessible_lateral,257.081,-0.2210725,68.75259
rear_gate_accessible_lateral,257.081,-0.2170725,68.5861
rear_gate_accessible_lateral,257.081,-0.2130725,68.4196
rear_gate_accessible_lateral,257.081,-0.2090725,68.2531
rear_gate_accessible_lateral,257.081,-0.2050725,68.0866
rear_gate_accessible_lateral,257.081,-0.2010725,67.92008
rear_gate_accessible_lateral,257.081,-0.1970725,67.75359
rear_gate_accessible_lateral,256.931,-0.2690725,70.75361
rear_gate_accessible_lateral,256.931,-0.2650725,70.59011
rear_gate_accessible_lateral,256.931,-0.2610725,70.42661
rear_gate_accessible_lateral,256.931,-0.2570725,70.26311
rear_gate_accessible_lateral,256.931,-0.2530725,70.0996
rear_gate_accessible_lateral,256.931,-0.2490725,69.9361
rear_gate_accessible_lateral,256.931,-0.2450725,69.77261
rear_gate_accessible_lateral,256.931,-0.2410725,69.6091
rear_gate_accessible_lateral,256.931,-0.2370725,69.44561
rear_gate_accessible_lateral,256.931,-0.2330725,69.2821
rear_gate_accessible_lateral,256.931,-0.2290725,69.11859
rear_gate_accessible_lateral,256.931,-0.2250725,68.95511
rear_gate_accessible_lateral,256.931,-0.2210725,68.7916
rear_gate_accessible_lateral,256.931,-0.2170725,68.6281
rear_gate_accessible_lateral,256.931,-0.2130725,68.4646
rear_gate_accessible_lateral,256.931,-0.2090725,68.30109
rear_gate_accessible_lateral,256.931,-0.2050725,68.13759
rear_gate_accessible_lateral,256.931,-0.2010725,67.97409
rear_gate_accessible_lateral,256.931,-0.1970725,67.81059
rear_gate_accessible_lateral,256.781,-0.2690725,70.75612
rear_gate_accessible_lateral,256.781,-0.2650725,70.59511
rear_gate_accessible_lateral,256.781,-0.2610725,70.43412
rear_gate_accessible_lateral,256.781,-0.2570725,70.27311
rear_gate_accessible_lateral,256.781,-0.2530725,70.11211
rear_gate_accessible_lateral,256.781,-0.2490725,69.95111
rear_gate_accessible_lateral,256.781,-0.2450725,69.7901
rear_gate_accessible_lateral,256.781,-0.2410725,69.6291
rear_gate_accessible_lateral,256.781,-0.2370725,69.46811
rear_gate_accessible_lateral,256.781,-0.2330725,69.30711
rear_gate_accessible_lateral,256.781,-0.2290725,69.1461
rear_gate_accessible_lateral,256.781,-0.2250725,68.98511
rear_gate_accessible_lateral,256.781,-0.2210725,68.8241
rear_gate_accessible_lateral,256.781,-0.2170725,68.66309
rear_gate_accessible_lateral,256.781,-0.2130725,68.50211
rear_gate_accessible_lateral,256.781,-0.2090725,68.3411
rear_gate_accessible_lateral,256.781,-0.2050725,68.18009
rear_gate_accessible_lateral,256.781,-0.2010725,68.0191
rear_gate_accessible_lateral,256.781,-0.1970725,67.85809
rear_gate_accessible_lateral,256.631,-0.2690725,70.75861
rear_gate_accessible_lateral,256.631,-0.2650725,70.60011
rear_gate_accessible_lateral,256.631,-0.2610725,70.44161
rear_gate_accessible_lateral,256.631,-0.2570725,70.28311
rear_gate_accessible_lateral,256.631,-0.2530725,70.1246
rear_gate_accessible_lateral,256.631,-0.2490725,69.9661
rear_gate_accessible_lateral,256.631,-0.2450725,69.80761
rear_gate_accessible_lateral,256.631,-0.2410725,69.6491
rear_gate_accessible_lateral,256.631,-0.2370725,69.4906
rear_gate_accessible_lateral,256.631,-0.2330725,69.3321
rear_gate_accessible_lateral,256.631,-0.2290725,69.1736
rear_gate_accessible_lateral,256.631,-0.2250725,69.01511
rear_gate_accessible_lateral,256.631,-0.2210725,68.85659
rear_gate_accessible_lateral,256.631,-0.2170725,68.6981
rear_gate_accessible_lateral,256.631,-0.2130725,68.5396
rear_gate_accessible_lateral,256.631,-0.2090725,68.3811
rear_gate_accessible_lateral,256.631,-0.2050725,68.2226
rear_gate_accessible_lateral,256.631,-0.2010725,68.0641
rear_gate_accessible_lateral,256.631,-0.1970725,67.90559
rear_gate_accessible_lateral,256.481,-0.2690725,70.76111
rear_gate_accessible_lateral,256.481,-0.2650725,70.60511
rear_gate_accessible_lateral,256.481,-0.2610725,70.44911
rear_gate_accessible_lateral,256.481,-0.2570725,70.29311
rear_gate_accessible_lateral,256.481,-0.2530725,70.13711
rear_gate_accessible_lateral,256.481,-0.2490725,69.98111
rear_gate_accessible_lateral,256.481,-0.2450725,69.8251
rear_gate_accessible_lateral,256.481,-0.2410725,69.66911
rear_gate_accessible_lateral,256.481,-0.2370725,69.5131
rear_gate_accessible_lateral,256.481,-0.2330725,69.3571
rear_gate_accessible_lateral,256.481,-0.2290725,69.2011
rear_gate_accessible_lateral,256.481,-0.2250725,69.04511
rear_gate_accessible_lateral,256.481,-0.2210725,68.88909
rear_gate_accessible_lateral,256.481,-0.2170725,68.73309
rear_gate_accessible_lateral,256.481,-0.2130725,68.5771
rear_gate_accessible_lateral,256.481,-0.2090725,68.4211
rear_gate_accessible_lateral,256.481,-0.2050725,68.26509
rear_gate_accessible_lateral,256.481,-0.2010725,68.1091
rear_gate_accessible_lateral,256.481,-0.1970725,67.95309
rear_gate_accessible_lateral,256.331,-0.2690725,70.76361
rear_gate_accessible_lateral,256.331,-0.2650725,70.61011
rear_gate_accessible_lateral,256.331,-0.2610725,70.4566
rear_gate_accessible_lateral,256.331,-0.2570725,70.30311
rear_gate_accessible_lateral,256.331,-0.2530725,70.1496
rear_gate_accessible_lateral,256.331,-0.2490725,69.99611
rear_gate_accessible_lateral,256.331,-0.2450725,69.84261
rear_gate_accessible_lateral,256.331,-0.2410725,69.68911
rear_gate_accessible_lateral,256.331,-0.2370725,69.53561
rear_gate_accessible_lateral,256.331,-0.2330725,69.38211
rear_gate_accessible_lateral,256.331,-0.2290725,69.22861
rear_gate_accessible_lateral,256.331,-0.2250725,69.0751
rear_gate_accessible_lateral,256.331,-0.2210725,68.92159
rear_gate_accessible_lateral,256.331,-0.2170725,68.7681
rear_gate_accessible_lateral,256.331,-0.2130725,68.61459
rear_gate_accessible_lateral,256.331,-0.2090725,68.46109
rear_gate_accessible_lateral,256.331,-0.2050725,68.30759
rear_gate_accessible_lateral,256.331,-0.2010725,68.15409
rear_gate_accessible_lateral,256.331,-0.1970725,68.00059
hitech_general_lateral,355.415,0.2171214,25.58579
hitech_general_lateral,355.6425,0.2192178,25.48
hitech_general_lateral,355.87,0.2213143,25.3742
hitech_general_lateral,356.0975,0.2234108,25.26841
hitech_general_lateral,356.325,0.2255072,25.16261
hitech_general_lateral,356.5526,0.2276037,25.05681
hitech_general_lateral,356.78,0.2297001,24.95102
hitech_general_lateral,357.0075,0.2317966,24.8452
hitech_general_lateral,357.235,0.2338931,24.73942
hitech_general_lateral,357.4626,0.2359895,24.63361
hitech_general_lateral,357.6901,0.238086,24.52781
hitech_general_lateral,357.9176,0.2401825,24.42203
hitech_general_lateral,358.1451,0.2422789,24.31622
hitech_general_lateral,358.3726,0.2443754,24.21044
hitech_general_lateral,358.6001,0.2464719,24.10463
hitech_general_lateral,358.8276,0.2485683,23.99883
hitech_general_lateral,359.0551,0.2506648,23.89303
hitech_general_lateral,359.2826,0.2527612,23.78723
hitech_general_lateral,359.5101,0.2548577,23.68144
hitech_general_lateral,359.7377,0.2569542,23.57564
hitech_general_lateral,359.9651,0.2590507,23.46984
hitech_general_lateral,360.1927,0.2611471,23.36405
hitech_general_lateral,360.4202,0.2632436,23.25825
hitech_general_lateral,360.6477,0.2653401,23.15245
hitech_general_lateral,360.8752,0.2674365,23.04666
hitech_general_lateral,361.1027,0.269533,22.94084
hitech_general_lateral,361.3302,0.2716295,22.83505
hitech_general_lateral,361.5577,0.2737259,22.72925
hitech_general_lateral,361.7852,0.2758224,22.62345
hitech_general_lateral,362.0128,0.2779188,22.51766
hitech_general_lateral,362.2402,0.2800153,22.41186
hitech_general_lateral,362.4677,0.2821118,22.30607
hitech_general_lateral,362.6953,0.2842082,22.20027
hitech_general_lateral,362.9228,0.2863047,22.09446
hitech_general_lateral,363.1503,0.2884012,21.98867
hitech_general_lateral,363.3778,0.2904977,21.88287
hitech_general_lateral,363.6053,0.2925941,21.77708
hitech_general_lateral,363.8328,0.2946905,21.67128
hitech_general_lateral,364.0603,0.296787,21.56548
hitech_general_lateral,364.2878,0.2988835,21.45969
hitech_general_lateral,364.5154,0.30098,21.35389
hitech_general_lateral,364.7428,0.3030764,21.24808
hitech_general_lateral,364.9703,0.3051729,21.14228
hitech_general_lateral,365.1979,0.3072694,21.03648
hitech_general_lateral,365.4254,0.3093658,20.93069
hitech_general_lateral,365.6529,0.3114623,20.82489
hitech_general_lateral,365.8804,0.3135588,20.7191
hitech_general_lateral,366.1079,0.3156552,20.6133
hitech_general_lateral,366.3354,0.3177517,20.5075
hitech_general_lateral,366.5629,0.3198482,20.40171
hitech_general_lateral,366.7904,0.3219446,20.29589
hitech_general_lateral,367.0179,0.3240411,20.19011
hitech_general_lateral,367.2455,0.3261375,20.0843
hitech_general_lateral,367.473,0.328234,19.9785
hitech_general_lateral,367.7004,0.3303305,19.87271
hitech_general_lateral,367.928,0.3324269,19.76691
hitech_general_lateral,368.1555,0.3345234,19.66113
hitech_general_lateral,368.383,0.3366199,19.55532
hitech_general_lateral,368.6105,0.3387163,19.44952
hitech_general_lateral,368.838,0.3408128,19.34372
hitech_general_lateral,369.0655,0.3429093,19.23792
hitech_general_lateral,369.293,0.3450058,19.13213
hitech_general_lateral,369.5205,0.3471022,19.02633
hitech_general_lateral,369.748,0.3491986,18.92053
hitech_general_lateral,369.9755,0.3512951,18.81473
hitech_general_lateral,370.2031,0.3533916,18.70894
hitech_general_lateral,370.4305,0.3554881,18.60315
hitech_general_lateral,370.6581,0.3575845,18.49733
hitech_general_lateral,370.8856,0.359681,18.39153
hitech_general_lateral,371.1131,0.3617775,18.28573
hitech_general_lateral,371.3406,0.3638739,18.17994
hitech_general_lateral,371.5681,0.3659704,18.07416
hitech_general_lateral,371.7956,0.3680668,17.96836
hitech_general_lateral,372.0231,0.3701633,17.86255
hitech_general_lateral,372.2506,0.3722598,17.75675
hitech_general_lateral,372.4781,0.3743562,17.65096
hitech_general_lateral,372.7056,0.3764527,17.54516
hitech_general_lateral,372.9332,0.3785492,17.43936
hitech_general_lateral,373.1606,0.3806456,17.33356
hitech_general_lateral,373.3882,0.3827421,17.22775
hitech_general_lateral,373.6157,0.3848386,17.12197
hitech_general_lateral,373.8432,0.386935,17.01618
hitech_general_lateral,374.0707,0.3890315,16.91038
hitech_general_lateral,374.2982,0.391128,16.80458
hitech_general_lateral,374.5257,0.3932244,16.69876
hitech_general_lateral,374.7532,0.3953209,16.59297
hitech_general_lateral,374.9807,0.3974174,16.48718
hitech_general_lateral,375.2083,0.3995138,16.38138
hitech_general_lateral,375.4357,0.4016103,16.27558
hitech_general_lateral,375.6633,0.4037068,16.16978
hitech_general_lateral,375.8908,0.4058032,16.06398
hitech_general_lateral,376.1183,0.4078997,15.9582
hitech_general_lateral,376.3458,0.4099962,15.85239
hitech_general_lateral,376.5733,0.4120926,15.74659
hitech_general_lateral,376.8008,0.4141891,15.64078
hitech_general_lateral,377.0283,0.4162855,15.53498
hitech_general_lateral,377.2558,0.418382,15.42921
hitech_general_lateral,377.4833,0.4204785,15.32341
hitech_general_lateral,377.7108,0.4225749,15.21761
hitech_general_lateral,355.4677,0.2147499,25.69914
hitech_general_lateral,355.6952,0.2168705,25.59334
hitech_general_lateral,355.9227,0.2189911,25.48755
hitech_general_lateral,356.1502,0.2211117,25.38175
hitech_general_lateral,356.3777,0.2232323,25.27595
hitech_general_lateral,356.6052,0.2253529,25.17016
hitech_general_lateral,356.8327,0.2274735,25.06436
hitech_general_lateral,357.0603,0.2295941,24.95857
hitech_general_lateral,357.2878,0.2317147,24.85275
hitech_general_lateral,357.5153,0.2338353,24.74695
hitech_general_lateral,357.7428,0.2359559,24.64117
hitech_general_lateral,357.9703,0.2380765,24.53536
hitech_general_lateral,358.1978,0.2401972,24.42958
hitech_general_lateral,358.4253,0.2423177,24.32377
hitech_general_lateral,358.6528,0.2444384,24.21797
hitech_general_lateral,358.8803,0.2465589,24.11219
hitech_general_lateral,359.1078,0.2486795,24.00637
hitech_general_lateral,359.3354,0.2508001,23.90058
hitech_general_lateral,359.5629,0.2529207,23.79478
hitech_general_lateral,359.7903,0.2550414,23.68898
hitech_general_lateral,360.0179,0.2571619,23.58319
hitech_general_lateral,360.2454,0.2592825,23.47739
hitech_general_lateral,360.4729,0.2614031,23.37159
hitech_general_lateral,360.7004,0.2635238,23.2658
hitech_general_lateral,360.9279,0.2656444,23.16
hitech_general_lateral,361.1554,0.267765,23.0542
hitech_general_lateral,361.3829,0.2698855,22.94839
hitech_general_lateral,361.6104,0.2720062,22.84259
hitech_general_lateral,361.8379,0.2741268,22.7368
hitech_general_lateral,362.0655,0.2762474,22.631
hitech_general_lateral,362.2929,0.2783679,22.52522
hitech_general_lateral,362.5204,0.2804886,22.41941
hitech_general_lateral,362.748,0.2826092,22.31361
hitech_general_lateral,362.9755,0.2847298,22.20782
hitech_general_lateral,363.203,0.2868504,22.10201
hitech_general_lateral,363.4305,0.2889709,21.99622
hitech_general_lateral,363.658,0.2910916,21.89042
hitech_general_lateral,363.8855,0.2932122,21.78462
hitech_general_lateral,364.113,0.2953328,21.67883
hitech_general_lateral,364.3405,0.2974533,21.57303
hitech_general_lateral,364.568,0.299574,21.46724
hitech_general_lateral,364.7955,0.3016946,21.36144
hitech_general_lateral,365.023,0.3038152,21.25562
hitech_general_lateral,365.2505,0.3059358,21.14983
hitech_general_lateral,365.4781,0.3080564,21.04403
hitech_general_lateral,365.7056,0.310177,20.93824
hitech_general_lateral,365.9331,0.3122976,20.83244
hitech_general_lateral,366.1606,0.3144182,20.72664
hitech_general_lateral,366.3881,0.3165388,20.62085
hitech_general_lateral,366.6156,0.3186594,20.51505
hitech_general_lateral,366.8431,0.32078,20.40925
hitech_general_lateral,367.0706,0.3229006,20.30345
hitech_general_lateral,367.2981,0.3250211,20.19765
hitech_general_lateral,367.5257,0.3271418,20.09186
hitech_general_lateral,367.7532,0.3292624,19.98606
hitech_general_lateral,367.9807,0.331383,19.88027
hitech_general_lateral,368.2082,0.3335036,19.77447
hitech_general_lateral,368.4357,0.3356242,19.66866
hitech_general_lateral,368.6632,0.3377448,19.56286
hitech_general_lateral,368.8907,0.3398654,19.45706
hitech_general_lateral,369.1182,0.341986,19.35127
hitech_general_lateral,369.3457,0.3441066,19.24547
hitech_general_lateral,369.5732,0.3462272,19.13967
hitech_general_lateral,369.8008,0.3483478,19.03387
hitech_general_lateral,370.0283,0.3504684,18.92808
hitech_general_lateral,370.2557,0.352589,18.82229
hitech_general_lateral,370.4832,0.3547096,18.71649
hitech_general_lateral,370.7108,0.3568302,18.61067
hitech_general_lateral,370.9383,0.3589508,18.50487
hitech_general_lateral,371.1658,0.3610714,18.39908
hitech_general_lateral,371.3933,0.363192,18.2933
hitech_general_lateral,371.6208,0.3653126,18.1875
hitech_general_lateral,371.8483,0.3674332,18.08169
hitech_general_lateral,372.0758,0.3695538,17.97589
hitech_general_lateral,372.3033,0.3716744,17.8701
hitech_general_lateral,372.5308,0.373795,17.76432
hitech_general_lateral,372.7583,0.3759156,17.6585
hitech_general_lateral,372.9858,0.3780362,17.5527
hitech_general_lateral,373.2134,0.3801568,17.4469
hitech_general_lateral,373.4409,0.3822774,17.34111
hitech_general_lateral,373.6684,0.384398,17.23532
hitech_general_lateral,373.8959,0.3865186,17.12952
hitech_general_lateral,374.1234,0.3886392,17.02372
hitech_general_lateral,374.3509,0.3907598,16.91792
hitech_general_lateral,374.5784,0.3928804,16.81213
hitech_general_lateral,374.8059,0.395001,16.70633
hitech_general_lateral,375.0334,0.3971216,16.60052
hitech_general_lateral,375.261,0.3992422,16.49472
hitech_general_lateral,375.4885,0.4013628,16.38892
hitech_general_lateral,375.7159,0.4034834,16.28312
hitech_general_lateral,375.9435,0.405604,16.17735
hitech_general_lateral,376.171,0.4077246,16.07154
hitech_general_lateral,376.3985,0.4098452,15.96574
hitech_general_lateral,376.626,0.4119658,15.85992
hitech_general_lateral,376.8535,0.4140864,15.75412
hitech_general_lateral,377.081,0.416207,15.64835
hitech_general_lateral,377.3085,0.4183276,15.54255
hitech_general_lateral,377.536,0.4204482,15.43675
hitech_general_lateral,377.7635,0.4225688,15.33094
hitech_general_lateral,355.5203,0.2123777,25.81253
hitech_general_lateral,355.7477,0.2145224,25.70677
hitech_general_lateral,355.9751,0.2166672,25.60102
hitech_general_lateral,356.2026,0.218812,25.49526
hitech_general_lateral,356.43,0.2209567,25.38952
hitech_general_lateral,356.6574,0.2231015,25.28375
hitech_general_lateral,356.8848,0.2252463,25.17799
hitech_general_lateral,357.1122,0.227391,25.07224
hitech_general_lateral,357.3396,0.2295358,24.96648
hitech_general_lateral,357.5671,0.2316805,24.86073
hitech_general_lateral,357.7945,0.2338253,24.75498
hitech_general_lateral,358.0219,0.2359701,24.64921
hitech_general_lateral,358.2493,0.2381148,24.54347
hitech_general_lateral,358.4767,0.2402596,24.43772
hitech_general_lateral,358.7042,0.2424043,24.33196
hitech_general_lateral,358.9315,0.2445491,24.22619
hitech_general_lateral,359.159,0.2466939,24.12042
hitech_general_lateral,359.3864,0.2488386,24.01468
hitech_general_lateral,359.6138,0.2509834,23.90892
hitech_general_lateral,359.8412,0.2531281,23.80317
hitech_general_lateral,360.0687,0.2552729,23.69741
hitech_general_lateral,360.2961,0.2574177,23.59167
hitech_general_lateral,360.5235,0.2595624,23.4859
hitech_general_lateral,360.7509,0.2617072,23.38016
hitech_general_lateral,360.9783,0.2638519,23.27439
hitech_general_lateral,361.2057,0.2659967,23.16863
hitech_general_lateral,361.4332,0.2681415,23.06288
hitech_general_lateral,361.6606,0.2702863,22.95712
hitech_general_lateral,361.888,0.272431,22.85136
hitech_general_lateral,362.1154,0.2745758,22.74562
hitech_general_lateral,362.3428,0.2767205,22.63985
hitech_general_lateral,362.5703,0.2788653,22.53411
hitech_general_lateral,362.7977,0.28101,22.42835
hitech_general_lateral,363.0251,0.2831548,22.32259
hitech_general_lateral,363.2525,0.2852996,22.21683
hitech_general_lateral,363.4799,0.2874444,22.11107
hitech_general_lateral,363.7073,0.2895891,22.00532
hitech_general_lateral,363.9348,0.2917339,21.89956
hitech_general_lateral,364.1622,0.2938786,21.79382
hitech_general_lateral,364.3896,0.2960234,21.68805
hitech_general_lateral,364.617,0.2981681,21.58231
hitech_general_lateral,364.8445,0.3003129,21.47655
hitech_general_lateral,365.0719,0.3024577,21.37078
hitech_general_lateral,365.2993,0.3046024,21.26503
hitech_general_lateral,365.5267,0.3067472,21.15927
hitech_general_lateral,365.7541,0.308892,21.05351
hitech_general_lateral,365.9815,0.3110367,20.94777
hitech_general_lateral,366.209,0.3131815,20.842
hitech_general_lateral,366.4363,0.3153262,20.73626
hitech_general_lateral,366.6638,0.317471,20.63051
hitech_general_lateral,366.8912,0.3196158,20.52475
hitech_general_lateral,367.1186,0.3217605,20.41898
hitech_general_lateral,367.346,0.3239053,20.31324
hitech_general_lateral,367.5735,0.32605,20.20747
hitech_general_lateral,367.8008,0.3281948,20.10173
hitech_general_lateral,368.0283,0.3303396,19.99596
hitech_general_lateral,368.2557,0.3324843,19.8902
hitech_general_lateral,368.4832,0.3346291,19.78446
hitech_general_lateral,368.7106,0.3367738,19.67869
hitech_general_lateral,368.938,0.3389186,19.57295
hitech_general_lateral,369.1654,0.3410634,19.46718
hitech_general_lateral,369.3928,0.3432081,19.36142
hitech_general_lateral,369.6202,0.3453529,19.25567
hitech_general_lateral,369.8476,0.3474976,19.14993
hitech_general_lateral,370.0751,0.3496424,19.04415
hitech_general_lateral,370.3025,0.3517872,18.93841
hitech_general_lateral,370.5299,0.353932,18.83266
hitech_general_lateral,370.7573,0.3560767,18.7269
hitech_general_lateral,370.9847,0.3582215,18.62115
hitech_general_lateral,371.2121,0.3603662,18.51538
hitech_general_lateral,371.4396,0.362511,18.40962
hitech_general_lateral,371.667,0.3646558,18.30388
hitech_general_lateral,371.8944,0.3668005,18.19811
hitech_general_lateral,372.1218,0.3689453,18.09235
hitech_general_lateral,372.3492,0.3710901,17.98661
hitech_general_lateral,372.5767,0.3732348,17.88084
hitech_general_lateral,372.8041,0.3753796,17.7751
hitech_general_lateral,373.0315,0.3775243,17.66934
hitech_general_lateral,373.2589,0.3796691,17.56357
hitech_general_lateral,373.4863,0.3818139,17.45782
hitech_general_lateral,373.7137,0.3839586,17.35208
hitech_general_lateral,373.9412,0.3861034,17.24631
hitech_general_lateral,374.1686,0.3882481,17.14056
hitech_general_lateral,374.396,0.3903929,17.03479
hitech_general_lateral,374.6234,0.3925377,16.92905
hitech_general_lateral,374.8508,0.3946824,16.8233
hitech_general_lateral,375.0782,0.3968272,16.71754
hitech_general_lateral,375.3057,0.3989719,16.61177
hitech_general_lateral,375.5331,0.4011167,16.50603
hitech_general_lateral,375.7605,0.4032615,16.40026
hitech_general_lateral,375.9879,0.4054062,16.29452
hitech_general_lateral,376.2153,0.407551,16.18876
hitech_general_lateral,376.4427,0.4096957,16.08301
hitech_general_lateral,376.6702,0.4118405,15.97725
hitech_general_lateral,376.8976,0.4139853,15.87149
hitech_general_lateral,377.125,0.41613,15.76574
hitech_general_lateral,377.3524,0.4182748,15.65997
hitech_general_lateral,377.5798,0.4204196,15.55421
hitech_general_lateral,377.8073,0.4225643,15.44846
hitech_general_lateral,355.5729,0.2100063,25.92591
hitech_general_lateral,355.8003,0.2121752,25.8202
hitech_general_lateral,356.0276,0.2143441,25.71449
hitech_general_lateral,356.2549,0.216513,25.60878
hitech_general_lateral,356.4822,0.218682,25.50306
hitech_general_lateral,356.7096,0.2208509,25.39735
hitech_general_lateral,356.9369,0.2230198,25.29163
hitech_general_lateral,357.1642,0.2251887,25.18593
hitech_general_lateral,357.3915,0.2273576,25.08021
hitech_general_lateral,357.6189,0.2295265,24.9745
hitech_general_lateral,357.8462,0.2316954,24.86879
hitech_general_lateral,358.0735,0.2338644,24.76306
hitech_general_lateral,358.3009,0.2360333,24.65735
hitech_general_lateral,358.5282,0.2382022,24.55164
hitech_general_lateral,358.7555,0.2403711,24.44593
hitech_general_lateral,358.9828,0.24254,24.34022
hitech_general_lateral,359.2101,0.2447089,24.23448
hitech_general_lateral,359.4375,0.2468778,24.12879
hitech_general_lateral,359.6648,0.2490467,24.02307
hitech_general_lateral,359.8922,0.2512157,23.91735
hitech_general_lateral,360.1195,0.2533846,23.81165
hitech_general_lateral,360.3468,0.2555535,23.70592
hitech_general_lateral,360.5741,0.2577224,23.60023
hitech_general_lateral,360.8015,0.2598913,23.49449
hitech_general_lateral,361.0288,0.2620602,23.38879
hitech_general_lateral,361.2561,0.2642291,23.28308
hitech_general_lateral,361.4834,0.2663981,23.17736
hitech_general_lateral,361.7108,0.268567,23.07165
hitech_general_lateral,361.9381,0.2707359,22.96592
hitech_general_lateral,362.1654,0.2729048,22.86023
hitech_general_lateral,362.3928,0.2750737,22.75452
hitech_general_lateral,362.6201,0.2772426,22.64878
hitech_general_lateral,362.8474,0.2794116,22.54309
hitech_general_lateral,363.0747,0.2815804,22.43736
hitech_general_lateral,363.302,0.2837493,22.33167
hitech_general_lateral,363.5294,0.2859183,22.22593
hitech_general_lateral,363.7567,0.2880872,22.12022
hitech_general_lateral,363.984,0.2902561,22.01452
hitech_general_lateral,364.2114,0.292425,21.9088
hitech_general_lateral,364.4387,0.2945939,21.80309
hitech_general_lateral,364.666,0.2967628,21.69736
hitech_general_lateral,364.8933,0.2989318,21.59165
hitech_general_lateral,365.1207,0.3011007,21.48596
hitech_general_lateral,365.348,0.3032696,21.38022
hitech_general_lateral,365.5753,0.3054385,21.27452
hitech_general_lateral,365.8027,0.3076074,21.1688
hitech_general_lateral,366.03,0.3097763,21.06309
hitech_general_lateral,366.2573,0.3119453,20.95738
hitech_general_lateral,366.4846,0.3141142,20.85166
hitech_general_lateral,366.7119,0.3162831,20.74596
hitech_general_lateral,366.9393,0.318452,20.64024
hitech_general_lateral,367.1666,0.3206209,20.53453
hitech_general_lateral,367.394,0.3227898,20.4288
hitech_general_lateral,367.6213,0.3249587,20.32309
hitech_general_lateral,367.8486,0.3271276,20.2174
hitech_general_lateral,368.0759,0.3292966,20.11166
hitech_general_lateral,368.3033,0.3314655,20.00595
hitech_general_lateral,368.5306,0.3336344,19.90024
hitech_general_lateral,368.7579,0.3358033,19.79453
hitech_general_lateral,368.9852,0.3379722,19.68881
hitech_general_lateral,369.2126,0.3401411,19.5831
hitech_general_lateral,369.4399,0.34231,19.47739
hitech_general_lateral,369.6672,0.344479,19.37168
hitech_general_lateral,369.8946,0.3466479,19.26595
hitech_general_lateral,370.1219,0.3488168,19.16024
hitech_general_lateral,370.3492,0.3509857,19.05453
hitech_general_lateral,370.5765,0.3531546,18.94882
hitech_general_lateral,370.8039,0.3553235,18.8431
hitech_general_lateral,371.0312,0.3574924,18.73739
hitech_general_lateral,371.2585,0.3596613,18.63168
hitech_general_lateral,371.4858,0.3618302,18.52597
hitech_general_lateral,371.7132,0.3639992,18.42026
hitech_general_lateral,371.9405,0.3661681,18.31454
hitech_general_lateral,372.1678,0.368337,18.20883
hitech_general_lateral,372.3951,0.3705059,18.10312
hitech_general_lateral,372.6225,0.3726748,17.99739
hitech_general_lateral,372.8498,0.3748437,17.89168
hitech_general_lateral,373.0771,0.3770126,17.78597
hitech_general_lateral,373.3044,0.3791816,17.68026
hitech_general_lateral,373.5318,0.3813505,17.57454
hitech_general_lateral,373.7591,0.3835194,17.46883
hitech_general_lateral,373.9864,0.3856883,17.36312
hitech_general_lateral,374.2137,0.3878572,17.25741
hitech_general_lateral,374.4411,0.3900261,17.15169
hitech_general_lateral,374.6684,0.392195,17.04598
hitech_general_lateral,374.8958,0.394364,16.94027
hitech_general_lateral,375.123,0.3965329,16.83456
hitech_general_lateral,375.3504,0.3987018,16.72883
hitech_general_lateral,375.5778,0.4008707,16.62312
hitech_general_lateral,375.8051,0.4030396,16.51741
hitech_general_lateral,376.0324,0.4052085,16.4117
hitech_general_lateral,376.2597,0.4073775,16.30598
hitech_general_lateral,376.487,0.4095463,16.20027
hitech_general_lateral,376.7144,0.4117153,16.09455
hitech_general_lateral,376.9417,0.4138842,15.98885
hitech_general_lateral,377.169,0.4160531,15.88313
hitech_general_lateral,377.3964,0.418222,15.77742
hitech_general_lateral,377.6237,0.4203909,15.67171
hitech_general_lateral,377.851,0.4225598,15.56598
hitech_general_lateral,355.6255,0.2076346,26.03931
hitech_general_lateral,355.8528,0.2098277,25.93363
hitech_general_lateral,356.08,0.2120208,25.82796
hitech_general_lateral,356.3073,0.2142138,25.72229
hitech_general_lateral,356.5345,0.2164069,25.61661
hitech_general_lateral,356.7617,0.2186,25.51095
hitech_general_lateral,356.989,0.220793,25.40527
hitech_general_lateral,357.2162,0.2229861,25.29961
hitech_general_lateral,357.4434,0.2251792,25.19393
hitech_general_lateral,357.6707,0.2273722,25.08825
hitech_general_lateral,357.8979,0.2295653,24.98259
hitech_general_lateral,358.1251,0.2317584,24.87693
hitech_general_lateral,358.3524,0.2339514,24.77125
hitech_general_lateral,358.5796,0.2361445,24.66557
hitech_general_lateral,358.8069,0.2383376,24.55991
hitech_general_lateral,359.0341,0.2405306,24.45423
hitech_general_lateral,359.2613,0.2427237,24.34855
hitech_general_lateral,359.4886,0.2449168,24.2429
hitech_general_lateral,359.7158,0.2471099,24.13722
hitech_general_lateral,359.9431,0.2493029,24.03154
hitech_general_lateral,360.1703,0.251496,23.92587
hitech_general_lateral,360.3975,0.2536891,23.8202
hitech_general_lateral,360.6248,0.2558821,23.71452
hitech_general_lateral,360.852,0.2580752,23.60886
hitech_general_lateral,361.0792,0.2602683,23.5032
hitech_general_lateral,361.3065,0.2624613,23.39752
hitech_general_lateral,361.5337,0.2646544,23.29184
hitech_general_lateral,361.7609,0.2668475,23.18616
hitech_general_lateral,361.9882,0.2690405,23.0805
hitech_general_lateral,362.2154,0.2712336,22.97482
hitech_general_lateral,362.4427,0.2734267,22.86916
hitech_general_lateral,362.6699,0.2756197,22.76349
hitech_general_lateral,362.8971,0.2778128,22.65781
hitech_general_lateral,363.1244,0.2800059,22.55214
hitech_general_lateral,363.3516,0.282199,22.44646
hitech_general_lateral,363.5788,0.284392,22.34079
hitech_general_lateral,363.8061,0.2865851,22.23513
hitech_general_lateral,364.0333,0.2887782,22.12945
hitech_general_lateral,364.2605,0.2909712,22.0238
hitech_general_lateral,364.4878,0.2931643,21.91811
hitech_general_lateral,364.715,0.2953573,21.81245
hitech_general_lateral,364.9423,0.2975504,21.70677
hitech_general_lateral,365.1695,0.2997435,21.60112
hitech_general_lateral,365.3967,0.3019366,21.49544
hitech_general_lateral,365.6239,0.3041297,21.38976
hitech_general_lateral,365.8512,0.3063227,21.28409
hitech_general_lateral,366.0784,0.3085158,21.17842
hitech_general_lateral,366.3057,0.3107089,21.07274
hitech_general_lateral,366.5329,0.3129019,20.96708
hitech_general_lateral,366.7601,0.315095,20.86142
hitech_general_lateral,366.9874,0.317288,20.75574
hitech_general_lateral,367.2146,0.3194811,20.65006
hitech_general_lateral,367.4418,0.3216742,20.54438
hitech_general_lateral,367.6691,0.3238673,20.43872
hitech_general_lateral,367.8963,0.3260603,20.33304
hitech_general_lateral,368.1235,0.3282534,20.22738
hitech_general_lateral,368.3508,0.3304465,20.12171
hitech_general_lateral,368.578,0.3326395,20.01604
hitech_general_lateral,368.8053,0.3348326,19.91036
hitech_general_lateral,369.0325,0.3370257,19.80468
hitech_general_lateral,369.2597,0.3392187,19.69901
hitech_general_lateral,369.487,0.3414118,19.59335
hitech_general_lateral,369.7142,0.3436049,19.48767
hitech_general_lateral,369.9415,0.345798,19.38201
hitech_general_lateral,370.1687,0.347991,19.27633
hitech_general_lateral,370.3959,0.3501841,19.17065
hitech_general_lateral,370.6232,0.3523772,19.06498
hitech_general_lateral,370.8504,0.3545702,18.95933
hitech_general_lateral,371.0776,0.3567633,18.85365
hitech_general_lateral,371.3049,0.3589563,18.74797
hitech_general_lateral,371.5321,0.3611494,18.64229
hitech_general_lateral,371.7593,0.3633425,18.53663
hitech_general_lateral,371.9866,0.3655356,18.43095
hitech_general_lateral,372.2138,0.3677287,18.32529
hitech_general_lateral,372.4411,0.3699217,18.21962
hitech_general_lateral,372.6683,0.3721148,18.11395
hitech_general_lateral,372.8955,0.3743078,18.00827
hitech_general_lateral,373.1227,0.3765009,17.90259
hitech_general_lateral,373.35,0.378694,17.79692
hitech_general_lateral,373.5773,0.3808871,17.69126
hitech_general_lateral,373.8045,0.3830801,17.58558
hitech_general_lateral,374.0317,0.3852732,17.47992
hitech_general_lateral,374.259,0.3874663,17.37424
hitech_general_lateral,374.4862,0.3896593,17.26856
hitech_general_lateral,374.7134,0.3918524,17.16289
hitech_general_lateral,374.9407,0.3940455,17.05724
hitech_general_lateral,375.1679,0.3962385,16.95156
hitech_general_lateral,375.3951,0.3984316,16.84588
hitech_general_lateral,375.6224,0.4006247,16.74022
hitech_general_lateral,375.8496,0.4028177,16.63455
hitech_general_lateral,376.0768,0.4050108,16.52886
hitech_general_lateral,376.3041,0.4072039,16.4232
hitech_general_lateral,376.5313,0.4093969,16.31755
hitech_general_lateral,376.7585,0.41159,16.21187
hitech_general_lateral,376.9858,0.4137831,16.10619
hitech_general_lateral,377.213,0.4159761,16.00053
hitech_general_lateral,377.4402,0.4181692,15.89485
hitech_general_lateral,377.6675,0.4203623,15.78917
hitech_general_lateral,377.8947,0.4225554,15.68351
hitech_general_lateral,355.6782,0.2052626,26.15265
hitech_general_lateral,355.9055,0.2074798,26.04697
hitech_general_lateral,356.1327,0.2096971,25.94131
hitech_general_lateral,356.36,0.2119143,25.83563
hitech_general_lateral,356.5872,0.2141315,25.72995
hitech_general_lateral,356.8144,0.2163487,25.62429
hitech_general_lateral,357.0417,0.2185659,25.51863
hitech_general_lateral,357.2689,0.2207831,25.41295
hitech_general_lateral,357.4962,0.2230003,25.30727
hitech_general_lateral,357.7234,0.2252175,25.20161
hitech_general_lateral,357.9506,0.2274348,25.09593
hitech_general_lateral,358.1779,0.229652,24.99026
hitech_general_lateral,358.4051,0.2318692,24.88459
hitech_general_lateral,358.6323,0.2340864,24.77892
hitech_general_lateral,358.8596,0.2363036,24.67324
hitech_general_lateral,359.0868,0.2385208,24.56757
hitech_general_lateral,359.314,0.240738,24.46189
hitech_general_lateral,359.5413,0.2429552,24.35624
hitech_general_lateral,359.7685,0.2451724,24.25056
hitech_general_lateral,359.9957,0.2473896,24.14488
hitech_general_lateral,360.223,0.2496068,24.03922
hitech_general_lateral,360.4503,0.2518241,23.93354
hitech_general_lateral,360.6775,0.2540413,23.82786
hitech_general_lateral,360.9047,0.2562585,23.7222
hitech_general_lateral,361.1319,0.2584757,23.61654
hitech_general_lateral,361.3592,0.2606929,23.51086
hitech_general_lateral,361.5864,0.2629101,23.40518
hitech_general_lateral,361.8137,0.2651273,23.29951
hitech_general_lateral,362.0409,0.2673445,23.19384
hitech_general_lateral,362.2681,0.2695618,23.08817
hitech_general_lateral,362.4954,0.2717789,22.9825
hitech_general_lateral,362.7226,0.2739962,22.87683
hitech_general_lateral,362.9498,0.2762134,22.77115
hitech_general_lateral,363.1771,0.2784306,22.66548
hitech_general_lateral,363.4043,0.2806478,22.55983
hitech_general_lateral,363.6316,0.282865,22.45415
hitech_general_lateral,363.8588,0.2850822,22.34849
hitech_general_lateral,364.086,0.2872994,22.24281
hitech_general_lateral,364.3132,0.2895166,22.13714
hitech_general_lateral,364.5405,0.2917339,22.03147
hitech_general_lateral,364.7677,0.2939511,21.92579
hitech_general_lateral,364.9949,0.2961683,21.82012
hitech_general_lateral,365.2222,0.2983855,21.71446
hitech_general_lateral,365.4494,0.3006027,21.60878
hitech_general_lateral,365.6767,0.3028199,21.50311
hitech_general_lateral,365.9039,0.3050371,21.39744
hitech_general_lateral,366.1311,0.3072543,21.29176
hitech_general_lateral,366.3583,0.3094715,21.18608
hitech_general_lateral,366.5856,0.3116888,21.08043
hitech_general_lateral,366.8128,0.313906,20.97476
hitech_general_lateral,367.0401,0.3161232,20.86908
hitech_general_lateral,367.2673,0.3183404,20.7634
hitech_general_lateral,367.4946,0.3205576,20.65774
hitech_general_lateral,367.7218,0.3227748,20.55206
hitech_general_lateral,367.949,0.324992,20.4464
hitech_general_lateral,368.1762,0.3272092,20.34072
hitech_general_lateral,368.4035,0.3294264,20.23505
hitech_general_lateral,368.6307,0.3316436,20.12938
hitech_general_lateral,368.858,0.3338608,20.0237
hitech_general_lateral,369.0852,0.336078,19.91803
hitech_general_lateral,369.3124,0.3382953,19.81237
hitech_general_lateral,369.5397,0.3405125,19.70669
hitech_general_lateral,369.7669,0.3427297,19.60101
hitech_general_lateral,369.9942,0.3449469,19.49535
hitech_general_lateral,370.2214,0.3471641,19.38967
hitech_general_lateral,370.4486,0.3493813,19.28399
hitech_general_lateral,370.6759,0.3515985,19.17834
hitech_general_lateral,370.9031,0.3538157,19.07267
hitech_general_lateral,371.1303,0.356033,18.96699
hitech_general_lateral,371.3576,0.3582501,18.86131
hitech_general_lateral,371.5848,0.3604674,18.75565
hitech_general_lateral,371.8121,0.3626846,18.64997
hitech_general_lateral,372.0393,0.3649018,18.54429
hitech_general_lateral,372.2665,0.367119,18.43864
hitech_general_lateral,372.4938,0.3693362,18.33296
hitech_general_lateral,372.721,0.3715534,18.22729
hitech_general_lateral,372.9482,0.3737706,18.12161
hitech_general_lateral,373.1755,0.3759879,18.01594
hitech_general_lateral,373.4027,0.3782051,17.91026
hitech_general_lateral,373.6299,0.3804223,17.8046
hitech_general_lateral,373.8572,0.3826395,17.69894
hitech_general_lateral,374.0844,0.3848567,17.59326
hitech_general_lateral,374.3117,0.3870739,17.48758
hitech_general_lateral,374.5389,0.3892911,17.38192
hitech_general_lateral,374.7661,0.3915083,17.27624
hitech_general_lateral,374.9934,0.3937255,17.17059
hitech_general_lateral,375.2206,0.3959427,17.0649
hitech_general_lateral,375.4478,0.39816,16.95924
hitech_general_lateral,375.675,0.4003772,16.85357
hitech_general_lateral,375.9023,0.4025944,16.74789
hitech_general_lateral,376.1295,0.4048116,16.64222
hitech_general_lateral,376.3568,0.4070288,16.53657
hitech_general_lateral,376.584,0.409246,16.43089
hitech_general_lateral,376.8112,0.4114632,16.32521
hitech_general_lateral,377.0385,0.4136804,16.21953
hitech_general_lateral,377.2657,0.4158976,16.11387
hitech_general_lateral,377.493,0.4181148,16.00819
hitech_general_lateral,377.7202,0.4203321,15.90251
hitech_general_lateral,377.9474,0.4225493,15.79686
hitech_general_lateral,355.7309,0.2028913,26.26604
hitech_general_lateral,355.958,0.2051326,26.1604
hitech_general_lateral,356.1852,0.207374,26.05477
hitech_general_lateral,356.4123,0.2096153,25.94914
hitech_general_lateral,356.6395,0.2118567,25.84351
hitech_general_lateral,356.8666,0.2140981,25.73789
hitech_general_lateral,357.0938,0.2163394,25.63226
hitech_general_lateral,357.3209,0.2185808,25.52663
hitech_general_lateral,357.548,0.2208222,25.42101
hitech_general_lateral,357.7752,0.2230635,25.31538
hitech_general_lateral,358.0023,0.2253049,25.20975
hitech_general_lateral,358.2295,0.2275462,25.10411
hitech_general_lateral,358.4566,0.2297876,24.9985
hitech_general_lateral,358.6838,0.232029,24.89286
hitech_general_lateral,358.9109,0.2342703,24.78723
hitech_general_lateral,359.1381,0.2365117,24.6816
hitech_general_lateral,359.3652,0.2387531,24.57595
hitech_general_lateral,359.5923,0.2409944,24.47032
hitech_general_lateral,359.8195,0.2432358,24.36469
hitech_general_lateral,360.0466,0.2454771,24.25907
hitech_general_lateral,360.2738,0.2477185,24.15344
hitech_general_lateral,360.5009,0.2499599,24.04781
hitech_general_lateral,360.7281,0.2522012,23.94219
hitech_general_lateral,360.9552,0.2544426,23.83656
hitech_general_lateral,361.1824,0.2566839,23.73093
hitech_general_lateral,361.4095,0.2589253,23.62531
hitech_general_lateral,361.6367,0.2611667,23.51968
hitech_general_lateral,361.8638,0.263408,23.41405
hitech_general_lateral,362.091,0.2656494,23.3084
hitech_general_lateral,362.3181,0.2678908,23.20278
hitech_general_lateral,362.5452,0.2701321,23.09715
hitech_general_lateral,362.7724,0.2723735,22.99152
hitech_general_lateral,362.9995,0.2746148,22.8859
hitech_general_lateral,363.2267,0.2768562,22.78027
hitech_general_lateral,363.4538,0.2790976,22.67463
hitech_general_lateral,363.681,0.2813389,22.569
hitech_general_lateral,363.9081,0.2835803,22.46339
hitech_general_lateral,364.1353,0.2858217,22.35775
hitech_general_lateral,364.3624,0.288063,22.25212
hitech_general_lateral,364.5896,0.2903044,22.1465
hitech_general_lateral,364.8167,0.2925457,22.04086
hitech_general_lateral,365.0439,0.2947871,21.93522
hitech_general_lateral,365.271,0.2970285,21.82961
hitech_general_lateral,365.4981,0.2992698,21.72398
hitech_general_lateral,365.7253,0.3015112,21.61834
hitech_general_lateral,365.9525,0.3037525,21.51271
hitech_general_lateral,366.1796,0.3059939,21.40709
hitech_general_lateral,366.4067,0.3082353,21.30146
hitech_general_lateral,366.6339,0.3104767,21.19583
hitech_general_lateral,366.861,0.312718,21.09021
hitech_general_lateral,367.0881,0.3149593,20.98458
hitech_general_lateral,367.3153,0.3172007,20.87895
hitech_general_lateral,367.5425,0.3194421,20.77332
hitech_general_lateral,367.7696,0.3216835,20.66768
hitech_general_lateral,367.9968,0.3239248,20.56205
hitech_general_lateral,368.2239,0.3261662,20.45642
hitech_general_lateral,368.451,0.3284075,20.3508
hitech_general_lateral,368.6782,0.3306489,20.24517
hitech_general_lateral,368.9053,0.3328903,20.13954
hitech_general_lateral,369.1325,0.3351316,20.03391
hitech_general_lateral,369.3596,0.337373,19.92829
hitech_general_lateral,369.5868,0.3396143,19.82264
hitech_general_lateral,369.8139,0.3418557,19.71701
hitech_general_lateral,370.041,0.3440971,19.61139
hitech_general_lateral,370.2682,0.3463385,19.50576
hitech_general_lateral,370.4954,0.3485798,19.40013
hitech_general_lateral,370.7225,0.3508212,19.2945
hitech_general_lateral,370.9496,0.3530625,19.18887
hitech_general_lateral,371.1768,0.3553039,19.08323
hitech_general_lateral,371.404,0.3575453,18.9776
hitech_general_lateral,371.631,0.3597866,18.87198
hitech_general_lateral,371.8582,0.362028,18.76635
hitech_general_lateral,372.0854,0.3642693,18.66072
hitech_general_lateral,372.3125,0.3665107,18.5551
hitech_general_lateral,372.5397,0.3687521,18.44947
hitech_general_lateral,372.7668,0.3709934,18.34384
hitech_general_lateral,372.994,0.3732348,18.23822
hitech_general_lateral,373.2211,0.3754762,18.13259
hitech_general_lateral,373.4483,0.3777175,18.02694
hitech_general_lateral,373.6754,0.3799589,17.92131
hitech_general_lateral,373.9026,0.3822002,17.81569
hitech_general_lateral,374.1297,0.3844416,17.71006
hitech_general_lateral,374.3568,0.386683,17.60443
hitech_general_lateral,374.584,0.3889243,17.49881
hitech_general_lateral,374.8111,0.3911657,17.39318
hitech_general_lateral,375.0383,0.393407,17.28755
hitech_general_lateral,375.2654,0.3956484,17.18191
hitech_general_lateral,375.4926,0.3978898,17.0763
hitech_general_lateral,375.7197,0.4001311,16.97066
hitech_general_lateral,375.9469,0.4023725,16.86503
hitech_general_lateral,376.174,0.4046139,16.75942
hitech_general_lateral,376.4012,0.4068552,16.65377
hitech_general_lateral,376.6283,0.4090966,16.54814
hitech_general_lateral,376.8554,0.4113379,16.44252
hitech_general_lateral,377.0826,0.4135793,16.33689
hitech_general_lateral,377.3098,0.4158207,16.23125
hitech_general_lateral,377.5369,0.418062,16.12562
hitech_general_lateral,377.764,0.4203034,16.02001
hitech_general_lateral,377.9912,0.4225447,15.91437
hitech_general_lateral,355.7834,0.2005196,26.37942
hitech_general_lateral,356.0106,0.2027851,26.27382
hitech_general_lateral,356.2376,0.2050506,26.16825
hitech_general_lateral,356.4647,0.2073161,26.06266
hitech_general_lateral,356.6917,0.2095816,25.95706
hitech_general_lateral,356.9188,0.2118472,25.85148
hitech_general_lateral,357.1458,0.2141127,25.74591
hitech_general_lateral,357.3729,0.2163782,25.64031
hitech_general_lateral,357.5999,0.2186437,25.53472
hitech_general_lateral,357.827,0.2209092,25.42915
hitech_general_lateral,358.054,0.2231747,25.32353
hitech_general_lateral,358.2811,0.2254403,25.21796
hitech_general_lateral,358.5082,0.2277058,25.11238
hitech_general_lateral,358.7352,0.2299713,25.00678
hitech_general_lateral,358.9623,0.2322368,24.90119
hitech_general_lateral,359.1893,0.2345023,24.79562
hitech_general_lateral,359.4164,0.2367678,24.69002
hitech_general_lateral,359.6434,0.2390334,24.58443
hitech_general_lateral,359.8705,0.2412989,24.47886
hitech_general_lateral,360.0976,0.2435644,24.37326
hitech_general_lateral,360.3246,0.2458299,24.26768
hitech_general_lateral,360.5517,0.2480954,24.16209
hitech_general_lateral,360.7787,0.250361,24.0565
hitech_general_lateral,361.0057,0.2526265,23.95092
hitech_general_lateral,361.2328,0.254892,23.84533
hitech_general_lateral,361.4598,0.2571575,23.73974
hitech_general_lateral,361.687,0.259423,23.63414
hitech_general_lateral,361.914,0.2616885,23.52857
hitech_general_lateral,362.1411,0.263954,23.42299
hitech_general_lateral,362.3681,0.2662196,23.31739
hitech_general_lateral,362.5952,0.2684851,23.21181
hitech_general_lateral,362.8222,0.2707506,23.10623
hitech_general_lateral,363.0493,0.2730161,23.00063
hitech_general_lateral,363.2763,0.2752816,22.89504
hitech_general_lateral,363.5034,0.2775472,22.78947
hitech_general_lateral,363.7304,0.2798127,22.68386
hitech_general_lateral,363.9575,0.2820782,22.57829
hitech_general_lateral,364.1845,0.2843437,22.47271
hitech_general_lateral,364.4116,0.2866092,22.3671
hitech_general_lateral,364.6386,0.2888747,22.26153
hitech_general_lateral,364.8657,0.2911403,22.15594
hitech_general_lateral,365.0928,0.2934058,22.05034
hitech_general_lateral,365.3198,0.2956713,21.94476
hitech_general_lateral,365.5469,0.2979368,21.83918
hitech_general_lateral,365.7739,0.3002023,21.73358
hitech_general_lateral,366.001,0.3024678,21.628
hitech_general_lateral,366.228,0.3047333,21.52243
hitech_general_lateral,366.4551,0.3069988,21.41681
hitech_general_lateral,366.6821,0.3092644,21.31124
hitech_general_lateral,366.9092,0.3115299,21.20565
hitech_general_lateral,367.1362,0.3137954,21.10005
hitech_general_lateral,367.3633,0.3160609,20.99447
hitech_general_lateral,367.5904,0.3183264,20.8889
hitech_general_lateral,367.8174,0.320592,20.78331
hitech_general_lateral,368.0445,0.3228575,20.67771
hitech_general_lateral,368.2715,0.325123,20.57214
hitech_general_lateral,368.4986,0.3273885,20.46654
hitech_general_lateral,368.7256,0.329654,20.36095
hitech_general_lateral,368.9527,0.3319196,20.25537
hitech_general_lateral,369.1797,0.3341851,20.14978
hitech_general_lateral,369.4068,0.3364506,20.04419
hitech_general_lateral,369.6339,0.3387161,19.93861
hitech_general_lateral,369.8609,0.3409816,19.83302
hitech_general_lateral,370.088,0.3432471,19.72742
hitech_general_lateral,370.315,0.3455127,19.62185
hitech_general_lateral,370.5421,0.3477782,19.51625
hitech_general_lateral,370.7692,0.3500437,19.41066
hitech_general_lateral,370.9962,0.3523092,19.30509
hitech_general_lateral,371.2232,0.3545747,19.19949
hitech_general_lateral,371.4503,0.3568403,19.09391
hitech_general_lateral,371.6774,0.3591058,18.98832
hitech_general_lateral,371.9044,0.3613713,18.88273
hitech_general_lateral,372.1315,0.3636368,18.77713
hitech_general_lateral,372.3585,0.3659023,18.67156
hitech_general_lateral,372.5856,0.3681678,18.56599
hitech_general_lateral,372.8126,0.3704333,18.46039
hitech_general_lateral,373.0397,0.3726988,18.3548
hitech_general_lateral,373.2667,0.3749644,18.24922
hitech_general_lateral,373.4938,0.3772299,18.14363
hitech_general_lateral,373.7209,0.3794954,18.03803
hitech_general_lateral,373.9479,0.3817609,17.93246
hitech_general_lateral,374.175,0.3840264,17.82688
hitech_general_lateral,374.402,0.386292,17.72127
hitech_general_lateral,374.6291,0.3885575,17.6157
hitech_general_lateral,374.8561,0.390823,17.5101
hitech_general_lateral,375.0832,0.3930885,17.40452
hitech_general_lateral,375.3102,0.395354,17.29893
hitech_general_lateral,375.5373,0.3976195,17.19335
hitech_general_lateral,375.7643,0.3998851,17.08776
hitech_general_lateral,375.9914,0.4021506,16.98217
hitech_general_lateral,376.2184,0.4044161,16.87659
hitech_general_lateral,376.4455,0.4066816,16.77099
hitech_general_lateral,376.6726,0.4089471,16.66541
hitech_general_lateral,376.8996,0.4112127,16.55981
hitech_general_lateral,377.1267,0.4134782,16.45423
hitech_general_lateral,377.3537,0.4157437,16.34864
hitech_general_lateral,377.5808,0.4180092,16.24306
hitech_general_lateral,377.8078,0.4202747,16.13747
hitech_general_lateral,378.0349,0.4225402,16.03189
hitech_general_lateral,355.8362,0.1981479,26.49276
hitech_general_lateral,356.0632,0.2004375,26.38717
hitech_general_lateral,356.2903,0.2027272,26.28159
hitech_general_lateral,356.5174,0.2050168,26.176
hitech_general_lateral,356.7444,0.2073065,26.07042
hitech_general_lateral,356.9714,0.2095962,25.96483
hitech_general_lateral,357.1985,0.2118858,25.85925
hitech_general_lateral,357.4256,0.2141755,25.75366
hitech_general_lateral,357.6526,0.2164651,25.64806
hitech_general_lateral,357.8797,0.2187548,25.54249
hitech_general_lateral,358.1068,0.2210444,25.43689
hitech_general_lateral,358.3338,0.2233341,25.3313
hitech_general_lateral,358.5609,0.2256237,25.22572
hitech_general_lateral,358.7879,0.2279134,25.12013
hitech_general_lateral,359.015,0.2302031,25.01455
hitech_general_lateral,359.242,0.2324927,24.90896
hitech_general_lateral,359.4691,0.2347824,24.80337
hitech_general_lateral,359.6962,0.237072,24.69777
hitech_general_lateral,359.9232,0.2393617,24.5922
hitech_general_lateral,360.1503,0.2416513,24.4866
hitech_general_lateral,360.3773,0.243941,24.38101
hitech_general_lateral,360.6043,0.2462306,24.27544
hitech_general_lateral,360.8314,0.2485203,24.16984
hitech_general_lateral,361.0584,0.25081,24.06426
hitech_general_lateral,361.2855,0.2530996,23.95867
hitech_general_lateral,361.5126,0.2553893,23.85308
hitech_general_lateral,361.7396,0.2576789,23.74748
hitech_general_lateral,361.9667,0.2599686,23.64191
hitech_general_lateral,362.1937,0.2622582,23.53634
hitech_general_lateral,362.4208,0.2645479,23.43073
hitech_general_lateral,362.6478,0.2668375,23.32516
hitech_general_lateral,362.8749,0.2691272,23.21957
hitech_general_lateral,363.102,0.2714168,23.11397
hitech_general_lateral,363.329,0.2737065,23.00838
hitech_general_lateral,363.5561,0.2759962,22.90281
hitech_general_lateral,363.7831,0.2782858,22.7972
hitech_general_lateral,364.0102,0.2805755,22.69162
hitech_general_lateral,364.2372,0.2828651,22.58605
hitech_general_lateral,364.4643,0.2851548,22.48044
hitech_general_lateral,364.6913,0.2874445,22.37487
hitech_general_lateral,364.9184,0.2897341,22.26928
hitech_general_lateral,365.1454,0.2920238,22.16369
hitech_general_lateral,365.3725,0.2943134,22.05811
hitech_general_lateral,365.5996,0.2966031,21.95252
hitech_general_lateral,365.8266,0.2988927,21.84692
hitech_general_lateral,366.0537,0.3011824,21.74134
hitech_general_lateral,366.2807,0.303472,21.63577
hitech_general_lateral,366.5078,0.3057617,21.53018
hitech_general_lateral,366.7348,0.3080513,21.42458
hitech_general_lateral,366.9619,0.310341,21.31899
hitech_general_lateral,367.189,0.3126307,21.21342
hitech_general_lateral,367.416,0.3149203,21.10782
hitech_general_lateral,367.6431,0.31721,21.00224
hitech_general_lateral,367.8701,0.3194996,20.89666
hitech_general_lateral,368.0972,0.3217893,20.79105
hitech_general_lateral,368.3242,0.3240789,20.68548
hitech_general_lateral,368.5513,0.3263686,20.57989
hitech_general_lateral,368.7784,0.3286583,20.47429
hitech_general_lateral,369.0054,0.3309479,20.36872
hitech_general_lateral,369.2325,0.3332376,20.26313
hitech_general_lateral,369.4595,0.3355272,20.15753
hitech_general_lateral,369.6866,0.3378169,20.05195
hitech_general_lateral,369.9136,0.3401065,19.94637
hitech_general_lateral,370.1407,0.3423962,19.84076
hitech_general_lateral,370.3677,0.3446859,19.73519
hitech_general_lateral,370.5948,0.3469755,19.62962
hitech_general_lateral,370.8218,0.3492652,19.524
hitech_general_lateral,371.0489,0.3515548,19.41843
hitech_general_lateral,371.276,0.3538445,19.31285
hitech_general_lateral,371.503,0.3561341,19.20724
hitech_general_lateral,371.7301,0.3584238,19.10166
hitech_general_lateral,371.9571,0.3607135,18.99609
hitech_general_lateral,372.1842,0.3630031,18.89049
hitech_general_lateral,372.4112,0.3652928,18.7849
hitech_general_lateral,372.6383,0.3675824,18.67933
hitech_general_lateral,372.8654,0.3698721,18.57373
hitech_general_lateral,373.0924,0.3721617,18.46814
hitech_general_lateral,373.3195,0.3744514,18.36256
hitech_general_lateral,373.5465,0.3767411,18.25697
hitech_general_lateral,373.7736,0.3790307,18.15137
hitech_general_lateral,374.0006,0.3813204,18.0458
hitech_general_lateral,374.2277,0.38361,17.94021
hitech_general_lateral,374.4547,0.3858997,17.83461
hitech_general_lateral,374.6818,0.3881893,17.72904
hitech_general_lateral,374.9088,0.390479,17.62344
hitech_general_lateral,375.1359,0.3927687,17.51786
hitech_general_lateral,375.363,0.3950583,17.41227
hitech_general_lateral,375.59,0.397348,17.30668
hitech_general_lateral,375.817,0.3996376,17.2011
hitech_general_lateral,376.0441,0.4019273,17.09551
hitech_general_lateral,376.2712,0.4042169,16.98993
hitech_general_lateral,376.4982,0.4065066,16.88433
hitech_general_lateral,376.7253,0.4087962,16.77875
hitech_general_lateral,376.9524,0.4110859,16.67315
hitech_general_lateral,377.1794,0.4133755,16.56757
hitech_general_lateral,377.4064,0.4156652,16.462
hitech_general_lateral,377.6335,0.4179549,16.35641
hitech_general_lateral,377.8606,0.4202445,16.25083
hitech_general_lateral,378.0876,0.4225342,16.14522
hitech_general_lateral,355.8888,0.1957762,26.60615
hitech_general_lateral,356.1158,0.19809,26.50061
hitech_general_lateral,356.3427,0.2004038,26.39505
hitech_general_lateral,356.5697,0.2027176,26.28953
hitech_general_lateral,356.7967,0.2050314,26.18396
hitech_general_lateral,357.0236,0.2073452,26.07843
hitech_general_lateral,357.2506,0.209659,25.97288
hitech_general_lateral,357.4775,0.2119729,25.86732
hitech_general_lateral,357.7045,0.2142867,25.7618
hitech_general_lateral,357.9315,0.2166005,25.65624
hitech_general_lateral,358.1584,0.2189143,25.55069
hitech_general_lateral,358.3854,0.2212281,25.44515
hitech_general_lateral,358.6124,0.2235419,25.33961
hitech_general_lateral,358.8394,0.2258557,25.23407
hitech_general_lateral,359.0663,0.2281695,25.12852
hitech_general_lateral,359.2933,0.2304834,25.02298
hitech_general_lateral,359.5203,0.2327972,24.91742
hitech_general_lateral,359.7472,0.235111,24.81188
hitech_general_lateral,359.9742,0.2374248,24.70633
hitech_general_lateral,360.2011,0.2397386,24.6008
hitech_general_lateral,360.4281,0.2420524,24.49525
hitech_general_lateral,360.6551,0.2443662,24.38971
hitech_general_lateral,360.882,0.24668,24.28417
hitech_general_lateral,361.109,0.2489938,24.1786
hitech_general_lateral,361.3359,0.2513077,24.07307
hitech_general_lateral,361.5629,0.2536215,23.96752
hitech_general_lateral,361.7899,0.2559353,23.86198
hitech_general_lateral,362.0168,0.2582491,23.75644
hitech_general_lateral,362.2438,0.2605629,23.6509
hitech_general_lateral,362.4708,0.2628767,23.54533
hitech_general_lateral,362.6978,0.2651905,23.43981
hitech_general_lateral,362.9247,0.2675043,23.33425
hitech_general_lateral,363.1517,0.2698181,23.22871
hitech_general_lateral,363.3786,0.2721319,23.12317
hitech_general_lateral,363.6056,0.2744458,23.01762
hitech_general_lateral,363.8326,0.2767596,22.91208
hitech_general_lateral,364.0595,0.2790734,22.80652
hitech_general_lateral,364.2865,0.2813872,22.70098
hitech_general_lateral,364.5135,0.283701,22.59544
hitech_general_lateral,364.7404,0.2860148,22.48989
hitech_general_lateral,364.9674,0.2883286,22.38435
hitech_general_lateral,365.1944,0.2906424,22.27881
hitech_general_lateral,365.4213,0.2929562,22.17326
hitech_general_lateral,365.6483,0.2952701,22.06772
hitech_general_lateral,365.8752,0.2975839,21.96218
hitech_general_lateral,366.1022,0.2998977,21.85662
hitech_general_lateral,366.3292,0.3022115,21.7511
hitech_general_lateral,366.5561,0.3045253,21.64554
hitech_general_lateral,366.7831,0.3068391,21.53997
hitech_general_lateral,367.0101,0.3091529,21.43445
hitech_general_lateral,367.237,0.3114668,21.32889
hitech_general_lateral,367.464,0.3137805,21.22337
hitech_general_lateral,367.691,0.3160943,21.11782
hitech_general_lateral,367.9179,0.3184082,21.01228
hitech_general_lateral,368.1449,0.320722,20.90672
hitech_general_lateral,368.3719,0.3230358,20.80118
hitech_general_lateral,368.5988,0.3253496,20.69563
hitech_general_lateral,368.8258,0.3276634,20.59009
hitech_general_lateral,369.0528,0.3299772,20.48455
hitech_general_lateral,369.2797,0.3322911,20.37899
hitech_general_lateral,369.5067,0.3346049,20.27345
hitech_general_lateral,369.7336,0.3369187,20.1679
hitech_general_lateral,369.9606,0.3392325,20.06237
hitech_general_lateral,370.1876,0.3415463,19.95682
hitech_general_lateral,370.4145,0.3438601,19.85126
hitech_general_lateral,370.6415,0.3461739,19.74574
hitech_general_lateral,370.8685,0.3484877,19.64017
hitech_general_lateral,371.0954,0.3508015,19.53463
hitech_general_lateral,371.3224,0.3531154,19.42909
hitech_general_lateral,371.5494,0.3554292,19.32355
hitech_general_lateral,371.7763,0.357743,19.21801
hitech_general_lateral,372.0033,0.3600568,19.11247
hitech_general_lateral,372.2303,0.3623706,19.00692
hitech_general_lateral,372.4572,0.3646844,18.90136
hitech_general_lateral,372.6842,0.3669982,18.79582
hitech_general_lateral,372.9112,0.369312,18.69027
hitech_general_lateral,373.1381,0.3716258,18.58474
hitech_general_lateral,373.3651,0.3739396,18.47919
hitech_general_lateral,373.592,0.3762535,18.37366
hitech_general_lateral,373.819,0.3785673,18.26809
hitech_general_lateral,374.046,0.3808811,18.16255
hitech_general_lateral,374.2729,0.3831949,18.05701
hitech_general_lateral,374.4999,0.3855087,17.95146
hitech_general_lateral,374.7269,0.3878225,17.84592
hitech_general_lateral,374.9538,0.3901363,17.74038
hitech_general_lateral,375.1808,0.3924501,17.63483
hitech_general_lateral,375.4078,0.3947639,17.52927
hitech_general_lateral,375.6347,0.3970778,17.42375
hitech_general_lateral,375.8617,0.3993916,17.31819
hitech_general_lateral,376.0887,0.4017054,17.21265
hitech_general_lateral,376.3156,0.4040192,17.10711
hitech_general_lateral,376.5426,0.406333,17.00156
hitech_general_lateral,376.7696,0.4086468,16.89602
hitech_general_lateral,376.9965,0.4109606,16.79046
hitech_general_lateral,377.2235,0.4132744,16.68493
hitech_general_lateral,377.4505,0.4155882,16.57938
hitech_general_lateral,377.6774,0.4179021,16.47384
hitech_general_lateral,377.9044,0.4202159,16.36831
hitech_general_lateral,378.1313,0.4225297,16.26275
hitech_general_lateral,355.9414,0.1934042,26.71953
hitech_general_lateral,356.1683,0.1957422,26.61404
hitech_general_lateral,356.3952,0.1980802,26.50853
hitech_general_lateral,356.622,0.2004181,26.40304
hitech_general_lateral,356.8489,0.2027561,26.29753
hitech_general_lateral,357.0758,0.2050941,26.19202
hitech_general_lateral,357.3027,0.207432,26.08651
hitech_general_lateral,357.5295,0.20977,25.98102
hitech_general_lateral,357.7564,0.212108,25.87551
hitech_general_lateral,357.9833,0.2144459,25.77
hitech_general_lateral,358.2101,0.2167839,25.66451
hitech_general_lateral,358.437,0.2191219,25.559
hitech_general_lateral,358.6639,0.2214599,25.45349
hitech_general_lateral,358.8908,0.2237978,25.348
hitech_general_lateral,359.1177,0.2261358,25.2425
hitech_general_lateral,359.3445,0.2284738,25.137
hitech_general_lateral,359.5714,0.2308117,25.03149
hitech_general_lateral,359.7983,0.2331497,24.92599
hitech_general_lateral,360.0251,0.2354877,24.82049
hitech_general_lateral,360.252,0.2378256,24.71499
hitech_general_lateral,360.4789,0.2401636,24.60948
hitech_general_lateral,360.7058,0.2425016,24.50397
hitech_general_lateral,360.9327,0.2448395,24.39847
hitech_general_lateral,361.1595,0.2471775,24.29297
hitech_general_lateral,361.3864,0.2495155,24.18747
hitech_general_lateral,361.6133,0.2518535,24.08196
hitech_general_lateral,361.8402,0.2541914,23.97645
hitech_general_lateral,362.067,0.2565294,23.87095
hitech_general_lateral,362.2939,0.2588674,23.76546
hitech_general_lateral,362.5208,0.2612053,23.65997
hitech_general_lateral,362.7477,0.2635433,23.55446
hitech_general_lateral,362.9745,0.2658813,23.44895
hitech_general_lateral,363.2014,0.2682192,23.34346
hitech_general_lateral,363.4283,0.2705572,23.23795
hitech_general_lateral,363.6552,0.2728952,23.13244
hitech_general_lateral,363.882,0.2752331,23.02693
hitech_general_lateral,364.1089,0.2775711,22.92144
hitech_general_lateral,364.3358,0.2799091,22.81593
hitech_general_lateral,364.5626,0.2822471,22.71044
hitech_general_lateral,364.7895,0.284585,22.60493
hitech_general_lateral,365.0164,0.286923,22.49942
hitech_general_lateral,365.2433,0.289261,22.39391
hitech_general_lateral,365.4702,0.2915989,22.28842
hitech_general_lateral,365.697,0.2939369,22.18291
hitech_general_lateral,365.9239,0.2962749,22.0774
hitech_general_lateral,366.1508,0.2986128,21.97192
hitech_general_lateral,366.3776,0.3009508,21.86642
hitech_general_lateral,366.6045,0.3032888,21.76091
hitech_general_lateral,366.8314,0.3056267,21.65541
hitech_general_lateral,367.0583,0.3079647,21.5499
hitech_general_lateral,367.2851,0.3103027,21.4444
hitech_general_lateral,367.512,0.3126407,21.33889
hitech_general_lateral,367.7389,0.3149786,21.23339
hitech_general_lateral,367.9658,0.3173166,21.12789
hitech_general_lateral,368.1926,0.3196546,21.02239
hitech_general_lateral,368.4195,0.3219925,20.91688
hitech_general_lateral,368.6464,0.3243305,20.81138
hitech_general_lateral,368.8732,0.3266684,20.70588
hitech_general_lateral,369.1001,0.3290064,20.60037
hitech_general_lateral,369.327,0.3313444,20.49487
hitech_general_lateral,369.5539,0.3336824,20.38936
hitech_general_lateral,369.7808,0.3360204,20.28386
hitech_general_lateral,370.0076,0.3383583,20.17837
hitech_general_lateral,370.2345,0.3406963,20.07288
hitech_general_lateral,370.4613,0.3430342,19.96737
hitech_general_lateral,370.6882,0.3453722,19.86186
hitech_general_lateral,370.9151,0.3477102,19.75635
hitech_general_lateral,371.142,0.3500482,19.65086
hitech_general_lateral,371.3688,0.3523861,19.54535
hitech_general_lateral,371.5957,0.3547241,19.43984
hitech_general_lateral,371.8226,0.357062,19.33433
hitech_general_lateral,372.0495,0.3594,19.22882
hitech_general_lateral,372.2763,0.361738,19.12333
hitech_general_lateral,372.5032,0.364076,19.01784
hitech_general_lateral,372.7301,0.366414,18.91233
hitech_general_lateral,372.957,0.3687519,18.80682
hitech_general_lateral,373.1838,0.3710899,18.70133
hitech_general_lateral,373.4107,0.3734278,18.59583
hitech_general_lateral,373.6376,0.3757658,18.49032
hitech_general_lateral,373.8645,0.3781038,18.38482
hitech_general_lateral,374.0913,0.3804418,18.27932
hitech_general_lateral,374.3182,0.3827797,18.17381
hitech_general_lateral,374.5451,0.3851177,18.06832
hitech_general_lateral,374.772,0.3874556,17.96281
hitech_general_lateral,374.9988,0.3897936,17.85731
hitech_general_lateral,375.2257,0.3921316,17.7518
hitech_general_lateral,375.4526,0.3944696,17.64629
hitech_general_lateral,375.6795,0.3968075,17.54079
hitech_general_lateral,375.9063,0.3991455,17.43529
hitech_general_lateral,376.1332,0.4014835,17.32979
hitech_general_lateral,376.3601,0.4038214,17.22429
hitech_general_lateral,376.587,0.4061594,17.11879
hitech_general_lateral,376.8138,0.4084974,17.0133
hitech_general_lateral,377.0407,0.4108354,16.90779
hitech_general_lateral,377.2676,0.4131733,16.80228
hitech_general_lateral,377.4944,0.4155113,16.69677
hitech_general_lateral,377.7213,0.4178493,16.59126
hitech_general_lateral,377.9482,0.4201872,16.48577
hitech_general_lateral,378.175,0.4225252,16.38028
hitech_general_lateral,355.994,0.1910326,26.83293
hitech_general_lateral,356.2208,0.1933947,26.72746
hitech_general_lateral,356.4476,0.1957568,26.62201
hitech_general_lateral,356.6744,0.1981189,26.51655
hitech_general_lateral,356.9012,0.2004811,26.41108
hitech_general_lateral,357.128,0.2028432,26.30562
hitech_general_lateral,357.3547,0.2052053,26.20016
hitech_general_lateral,357.5815,0.2075674,26.09471
hitech_general_lateral,357.8083,0.2099295,25.98925
hitech_general_lateral,358.0351,0.2122917,25.88377
hitech_general_lateral,358.2619,0.2146538,25.77831
hitech_general_lateral,358.4886,0.2170159,25.67285
hitech_general_lateral,358.7155,0.219378,25.56738
hitech_general_lateral,358.9422,0.2217402,25.46192
hitech_general_lateral,359.169,0.2241023,25.35646
hitech_general_lateral,359.3958,0.2264644,25.25101
hitech_general_lateral,359.6226,0.2288265,25.14555
hitech_general_lateral,359.8494,0.2311887,25.04008
hitech_general_lateral,360.0761,0.2335508,24.93463
hitech_general_lateral,360.3029,0.2359129,24.82917
hitech_general_lateral,360.5297,0.238275,24.72372
hitech_general_lateral,360.7565,0.2406372,24.61824
hitech_general_lateral,360.9833,0.2429993,24.51278
hitech_general_lateral,361.2101,0.2453614,24.40733
hitech_general_lateral,361.4368,0.2477235,24.30187
hitech_general_lateral,361.6636,0.2500857,24.19639
hitech_general_lateral,361.8904,0.2524478,24.09095
hitech_general_lateral,362.1172,0.2548099,23.98548
hitech_general_lateral,362.344,0.257172,23.88004
hitech_general_lateral,362.5707,0.2595342,23.77457
hitech_general_lateral,362.7975,0.2618963,23.6691
hitech_general_lateral,363.0243,0.2642584,23.56365
hitech_general_lateral,363.2511,0.2666205,23.45819
hitech_general_lateral,363.4779,0.2689826,23.35274
hitech_general_lateral,363.7047,0.2713448,23.24726
hitech_general_lateral,363.9315,0.2737069,23.1418
hitech_general_lateral,364.1582,0.276069,23.03634
hitech_general_lateral,364.385,0.2784311,22.93088
hitech_general_lateral,364.6118,0.2807932,22.82541
hitech_general_lateral,364.8386,0.2831554,22.71995
hitech_general_lateral,365.0654,0.2855175,22.61449
hitech_general_lateral,365.2921,0.2878796,22.50904
hitech_general_lateral,365.5189,0.2902418,22.40357
hitech_general_lateral,365.7457,0.2926039,22.2981
hitech_general_lateral,365.9725,0.294966,22.19266
hitech_general_lateral,366.1993,0.2973281,22.08719
hitech_general_lateral,366.4261,0.2996902,21.98173
hitech_general_lateral,366.6529,0.3020524,21.87627
hitech_general_lateral,366.8797,0.3044145,21.77081
hitech_general_lateral,367.1064,0.3067766,21.66536
hitech_general_lateral,367.3332,0.3091387,21.5599
hitech_general_lateral,367.56,0.3115009,21.45444
hitech_general_lateral,367.7867,0.313863,21.34897
hitech_general_lateral,368.0136,0.3162251,21.24351
hitech_general_lateral,368.2403,0.3185872,21.13806
hitech_general_lateral,368.4671,0.3209494,21.03259
hitech_general_lateral,368.6939,0.3233115,20.92714
hitech_general_lateral,368.9207,0.3256736,20.82168
hitech_general_lateral,369.1475,0.3280357,20.71622
hitech_general_lateral,369.3742,0.3303979,20.61075
hitech_general_lateral,369.601,0.33276,20.50529
hitech_general_lateral,369.8279,0.3351221,20.39981
hitech_general_lateral,370.0546,0.3374842,20.29437
hitech_general_lateral,370.2814,0.3398464,20.18889
hitech_general_lateral,370.5081,0.3422085,20.08344
hitech_general_lateral,370.735,0.3445706,19.97798
hitech_general_lateral,370.9618,0.3469327,19.87252
hitech_general_lateral,371.1885,0.3492948,19.76706
hitech_general_lateral,371.4153,0.351657,19.66159
hitech_general_lateral,371.6421,0.3540191,19.55615
hitech_general_lateral,371.8689,0.3563812,19.45068
hitech_general_lateral,372.0957,0.3587434,19.34521
hitech_general_lateral,372.3224,0.3611055,19.23976
hitech_general_lateral,372.5492,0.3634676,19.1343
hitech_general_lateral,372.776,0.3658297,19.02884
hitech_general_lateral,373.0028,0.3681918,18.92339
hitech_general_lateral,373.2296,0.370554,18.81791
hitech_general_lateral,373.4563,0.3729161,18.71246
hitech_general_lateral,373.6832,0.3752782,18.607
hitech_general_lateral,373.9099,0.3776403,18.50154
hitech_general_lateral,374.1367,0.3800025,18.39608
hitech_general_lateral,374.3635,0.3823646,18.29062
hitech_general_lateral,374.5903,0.3847267,18.18517
hitech_general_lateral,374.8171,0.3870888,18.07971
hitech_general_lateral,375.0439,0.389451,17.97423
hitech_general_lateral,375.2706,0.3918131,17.86877
hitech_general_lateral,375.4974,0.3941752,17.7633
hitech_general_lateral,375.7242,0.3965373,17.65786
hitech_general_lateral,375.951,0.3988995,17.55238
hitech_general_lateral,376.1778,0.4012616,17.44692
hitech_general_lateral,376.4045,0.4036237,17.34147
hitech_general_lateral,376.6313,0.4059858,17.23601
hitech_general_lateral,376.8581,0.408348,17.13053
hitech_general_lateral,377.0849,0.4107101,17.02508
hitech_general_lateral,377.3117,0.4130722,16.91962
hitech_general_lateral,377.5385,0.4154343,16.81417
hitech_general_lateral,377.7653,0.4177965,16.7087
hitech_general_lateral,377.992,0.4201586,16.60324
hitech_general_lateral,378.2188,0.4225207,16.49779
hitech_general_lateral,356.0468,0.1886606,26.94627
hitech_general_lateral,356.2736,0.1910468,26.8408
hitech_general_lateral,356.5003,0.1934331,26.73535
hitech_general_lateral,356.7271,0.1958193,26.62988
hitech_general_lateral,356.9539,0.1982056,26.52442
hitech_general_lateral,357.1807,0.2005919,26.41896
hitech_general_lateral,357.4075,0.2029781,26.3135
hitech_general_lateral,357.6342,0.2053644,26.20805
hitech_general_lateral,357.861,0.2077507,26.10259
hitech_general_lateral,358.0878,0.210137,25.99713
hitech_general_lateral,358.3146,0.2125232,25.89166
hitech_general_lateral,358.5414,0.2149095,25.7862
hitech_general_lateral,358.7681,0.2172957,25.68074
hitech_general_lateral,358.9949,0.219682,25.57528
hitech_general_lateral,359.2217,0.2220683,25.4698
hitech_general_lateral,359.4485,0.2244545,25.36435
hitech_general_lateral,359.6753,0.2268408,25.25889
hitech_general_lateral,359.902,0.2292271,25.15344
hitech_general_lateral,360.1288,0.2316133,25.04797
hitech_general_lateral,360.3557,0.2339996,24.9425
hitech_general_lateral,360.5824,0.2363859,24.83706
hitech_general_lateral,360.8092,0.2387721,24.73159
hitech_general_lateral,361.036,0.2411584,24.62612
hitech_general_lateral,361.2628,0.2435447,24.52067
hitech_general_lateral,361.4896,0.2459309,24.41521
hitech_general_lateral,361.7163,0.2483172,24.30976
hitech_general_lateral,361.9431,0.2507035,24.20428
hitech_general_lateral,362.1699,0.2530897,24.09882
hitech_general_lateral,362.3967,0.255476,23.99338
hitech_general_lateral,362.6235,0.2578623,23.88791
hitech_general_lateral,362.8503,0.2602485,23.78246
hitech_general_lateral,363.077,0.2626348,23.67699
hitech_general_lateral,363.3038,0.2650211,23.57153
hitech_general_lateral,363.5306,0.2674073,23.46608
hitech_general_lateral,363.7574,0.2697936,23.36062
hitech_general_lateral,363.9842,0.2721798,23.25514
hitech_general_lateral,364.2109,0.2745661,23.14968
hitech_general_lateral,364.4377,0.2769524,23.04421
hitech_general_lateral,364.6645,0.2793387,22.93877
hitech_general_lateral,364.8913,0.2817249,22.83329
hitech_general_lateral,365.1181,0.2841112,22.72783
hitech_general_lateral,365.3449,0.2864974,22.62238
hitech_general_lateral,365.5717,0.2888837,22.51692
hitech_general_lateral,365.7984,0.29127,22.41146
hitech_general_lateral,366.0252,0.2936562,22.306
hitech_general_lateral,366.252,0.2960425,22.20053
hitech_general_lateral,366.4788,0.2984288,22.09509
hitech_general_lateral,366.7056,0.300815,21.98961
hitech_general_lateral,366.9323,0.3032013,21.88415
hitech_general_lateral,367.1591,0.3055876,21.7787
hitech_general_lateral,367.3859,0.3079738,21.67324
hitech_general_lateral,367.6127,0.3103601,21.56778
hitech_general_lateral,367.8395,0.3127463,21.46231
hitech_general_lateral,368.0663,0.3151326,21.35685
hitech_general_lateral,368.2931,0.3175189,21.2514
hitech_general_lateral,368.5198,0.3199052,21.14593
hitech_general_lateral,368.7466,0.3222914,21.04048
hitech_general_lateral,368.9734,0.3246777,20.93502
hitech_general_lateral,369.2002,0.3270639,20.82955
hitech_general_lateral,369.427,0.3294502,20.72411
hitech_general_lateral,369.6537,0.3318365,20.61863
hitech_general_lateral,369.8805,0.3342227,20.51317
hitech_general_lateral,370.1073,0.336609,20.40771
hitech_general_lateral,370.3341,0.3389953,20.30224
hitech_general_lateral,370.5609,0.3413815,20.19678
hitech_general_lateral,370.7877,0.3437678,20.09132
hitech_general_lateral,371.0145,0.3461541,19.98586
hitech_general_lateral,371.2412,0.3485403,19.88041
hitech_general_lateral,371.468,0.3509266,19.77493
hitech_general_lateral,371.6948,0.3533128,19.66949
hitech_general_lateral,371.9216,0.3556991,19.56402
hitech_general_lateral,372.1484,0.3580854,19.45856
hitech_general_lateral,372.3752,0.3604717,19.3531
hitech_general_lateral,372.6019,0.3628579,19.24764
hitech_general_lateral,372.8287,0.3652442,19.14219
hitech_general_lateral,373.0555,0.3676305,19.03673
hitech_general_lateral,373.2823,0.3700167,18.93125
hitech_general_lateral,373.5091,0.372403,18.8258
hitech_general_lateral,373.7358,0.3747893,18.72034
hitech_general_lateral,373.9626,0.3771755,18.61488
hitech_general_lateral,374.1894,0.3795618,18.50943
hitech_general_lateral,374.4162,0.3819481,18.40396
hitech_general_lateral,374.643,0.3843343,18.29851
hitech_general_lateral,374.8698,0.3867206,18.19304
hitech_general_lateral,375.0966,0.3891068,18.08758
hitech_general_lateral,375.3233,0.3914931,17.98212
hitech_general_lateral,375.5501,0.3938794,17.87666
hitech_general_lateral,375.7769,0.3962657,17.7712
hitech_general_lateral,376.0037,0.3986519,17.66573
hitech_general_lateral,376.2305,0.4010382,17.56026
hitech_general_lateral,376.4572,0.4034244,17.45481
hitech_general_lateral,376.684,0.4058107,17.34935
hitech_general_lateral,376.9108,0.408197,17.2439
hitech_general_lateral,377.1376,0.4105832,17.13842
hitech_general_lateral,377.3644,0.4129695,17.03296
hitech_general_lateral,377.5912,0.4153558,16.92751
hitech_general_lateral,377.8179,0.417742,16.82205
hitech_general_lateral,378.0447,0.4201283,16.71657
hitech_general_lateral,378.2715,0.4225146,16.61113
hitech_general_lateral,356.0994,0.1862892,27.05966
hitech_general_lateral,356.326,0.1886996,26.95423
hitech_general_lateral,356.5527,0.19111,26.84881
hitech_general_lateral,356.7794,0.1935204,26.74339
hitech_general_lateral,357.0062,0.1959308,26.63798
hitech_general_lateral,357.2328,0.1983413,26.53256
hitech_general_lateral,357.4595,0.2007517,26.42713
hitech_general_lateral,357.6862,0.2031621,26.32173
hitech_general_lateral,357.9129,0.2055725,26.2163
hitech_general_lateral,358.1396,0.2079829,26.11088
hitech_general_lateral,358.3663,0.2103933,26.00547
hitech_general_lateral,358.593,0.2128038,25.90007
hitech_general_lateral,358.8197,0.2152142,25.79462
hitech_general_lateral,359.0464,0.2176246,25.68921
hitech_general_lateral,359.273,0.220035,25.5838
hitech_general_lateral,359.4998,0.2224454,25.47837
hitech_general_lateral,359.7264,0.2248558,25.37296
hitech_general_lateral,359.9531,0.2272663,25.26754
hitech_general_lateral,360.1798,0.2296767,25.16212
hitech_general_lateral,360.4065,0.2320871,25.05669
hitech_general_lateral,360.6332,0.2344975,24.95129
hitech_general_lateral,360.8599,0.2369079,24.84586
hitech_general_lateral,361.0866,0.2393184,24.74046
hitech_general_lateral,361.3133,0.2417288,24.63503
hitech_general_lateral,361.54,0.2441392,24.5296
hitech_general_lateral,361.7667,0.2465496,24.4242
hitech_general_lateral,361.9934,0.24896,24.31875
hitech_general_lateral,362.2201,0.2513704,24.21335
hitech_general_lateral,362.4467,0.2537808,24.10793
hitech_general_lateral,362.6735,0.2561913,24.00252
hitech_general_lateral,362.9001,0.2586017,23.89709
hitech_general_lateral,363.1268,0.2610121,23.79169
hitech_general_lateral,363.3535,0.2634225,23.68626
hitech_general_lateral,363.5802,0.265833,23.58085
hitech_general_lateral,363.8069,0.2682434,23.47542
hitech_general_lateral,364.0336,0.2706538,23.37001
hitech_general_lateral,364.2603,0.2730642,23.26459
hitech_general_lateral,364.487,0.2754746,23.15916
hitech_general_lateral,364.7137,0.277885,23.05375
hitech_general_lateral,364.9404,0.2802954,22.94833
hitech_general_lateral,365.1671,0.2827059,22.84293
hitech_general_lateral,365.3938,0.2851163,22.73748
hitech_general_lateral,365.6205,0.2875267,22.63208
hitech_general_lateral,365.8472,0.2899371,22.52667
hitech_general_lateral,366.0739,0.2923476,22.42123
hitech_general_lateral,366.3005,0.294758,22.31582
hitech_general_lateral,366.5272,0.2971684,22.2104
hitech_general_lateral,366.7539,0.2995788,22.10499
hitech_general_lateral,366.9806,0.3019892,21.99956
hitech_general_lateral,367.2073,0.3043996,21.89416
hitech_general_lateral,367.434,0.30681,21.78872
hitech_general_lateral,367.6607,0.3092204,21.68331
hitech_general_lateral,367.8874,0.3116309,21.57789
hitech_general_lateral,368.1141,0.3140413,21.47248
hitech_general_lateral,368.3408,0.3164517,21.36706
hitech_general_lateral,368.5674,0.3188621,21.26164
hitech_general_lateral,368.7942,0.3212726,21.15621
hitech_general_lateral,369.0208,0.323683,21.05081
hitech_general_lateral,369.2475,0.3260934,20.94538
hitech_general_lateral,369.4742,0.3285038,20.83995
hitech_general_lateral,369.7009,0.3309142,20.73455
hitech_general_lateral,369.9276,0.3333246,20.62914
hitech_general_lateral,370.1543,0.3357351,20.5237
hitech_general_lateral,370.381,0.3381455,20.41829
hitech_general_lateral,370.6077,0.3405559,20.31289
hitech_general_lateral,370.8344,0.3429663,20.20745
hitech_general_lateral,371.0611,0.3453767,20.10204
hitech_general_lateral,371.2878,0.3477871,19.99662
hitech_general_lateral,371.5145,0.3501976,19.89121
hitech_general_lateral,371.7412,0.352608,19.78578
hitech_general_lateral,371.9678,0.3550184,19.68036
hitech_general_lateral,372.1945,0.3574288,19.57494
hitech_general_lateral,372.4212,0.3598392,19.46953
hitech_general_lateral,372.6479,0.3622496,19.36411
hitech_general_lateral,372.8746,0.3646601,19.25868
hitech_general_lateral,373.1013,0.3670705,19.15328
hitech_general_lateral,373.328,0.3694809,19.04785
hitech_general_lateral,373.5547,0.3718913,18.94243
hitech_general_lateral,373.7814,0.3743017,18.83702
hitech_general_lateral,374.0081,0.3767121,18.73162
hitech_general_lateral,374.2348,0.3791226,18.62617
hitech_general_lateral,374.4615,0.381533,18.52076
hitech_general_lateral,374.6882,0.3839434,18.41534
hitech_general_lateral,374.9149,0.3863538,18.30991
hitech_general_lateral,375.1415,0.3887642,18.20451
hitech_general_lateral,375.3683,0.3911746,18.09908
hitech_general_lateral,375.5949,0.3935851,17.99368
hitech_general_lateral,375.8216,0.3959955,17.88824
hitech_general_lateral,376.0483,0.3984059,17.78283
hitech_general_lateral,376.275,0.4008163,17.67741
hitech_general_lateral,376.5017,0.4032268,17.57201
hitech_general_lateral,376.7284,0.4056372,17.46656
hitech_general_lateral,376.9551,0.4080476,17.36116
hitech_general_lateral,377.1818,0.410458,17.25575
hitech_general_lateral,377.4084,0.4128684,17.1503
hitech_general_lateral,377.6352,0.4152788,17.0449
hitech_general_lateral,377.8618,0.4176893,16.93949
hitech_general_lateral,378.0886,0.4200997,16.83407
hitech_general_lateral,378.3152,0.4225101,16.72864
hitech_general_lateral,356.152,0.1839178,27.17304
hitech_general_lateral,356.3786,0.1863524,27.06767
hitech_general_lateral,356.6052,0.1887869,26.96229
hitech_general_lateral,356.8318,0.1912215,26.8569
hitech_general_lateral,357.0584,0.1936561,26.75153
hitech_general_lateral,357.285,0.1960906,26.64615
hitech_general_lateral,357.5116,0.1985252,26.54076
hitech_general_lateral,357.7382,0.2009598,26.43539
hitech_general_lateral,357.9648,0.2033944,26.33002
hitech_general_lateral,358.1914,0.2058289,26.22466
hitech_general_lateral,358.418,0.2082635,26.11927
hitech_general_lateral,358.6446,0.2106981,26.0139
hitech_general_lateral,358.8712,0.2131326,25.90852
hitech_general_lateral,359.0978,0.2155672,25.80315
hitech_general_lateral,359.3244,0.2180018,25.69777
hitech_general_lateral,359.551,0.2204363,25.59241
hitech_general_lateral,359.7776,0.2228709,25.48702
hitech_general_lateral,360.0042,0.2253055,25.38165
hitech_general_lateral,360.2308,0.22774,25.27627
hitech_general_lateral,360.4574,0.2301746,25.17088
hitech_general_lateral,360.684,0.2326092,25.0655
hitech_general_lateral,360.9106,0.2350437,24.96014
hitech_general_lateral,361.1372,0.2374783,24.85476
hitech_general_lateral,361.3638,0.2399129,24.74939
hitech_general_lateral,361.5905,0.2423475,24.644
hitech_general_lateral,361.817,0.244782,24.53864
hitech_general_lateral,362.0436,0.2472166,24.43325
hitech_general_lateral,362.2702,0.2496512,24.32787
hitech_general_lateral,362.4968,0.2520857,24.22251
hitech_general_lateral,362.7234,0.2545203,24.11712
hitech_general_lateral,362.95,0.2569549,24.01175
hitech_general_lateral,363.1766,0.2593895,23.90637
hitech_general_lateral,363.4032,0.261824,23.801
hitech_general_lateral,363.6299,0.2642586,23.6956
hitech_general_lateral,363.8564,0.2666932,23.59025
hitech_general_lateral,364.0831,0.2691277,23.48486
hitech_general_lateral,364.3097,0.2715623,23.37949
hitech_general_lateral,364.5363,0.2739969,23.27411
hitech_general_lateral,364.7629,0.2764314,23.16874
hitech_general_lateral,364.9895,0.278866,23.06335
hitech_general_lateral,365.2161,0.2813006,22.95798
hitech_general_lateral,365.4427,0.2837352,22.85261
hitech_general_lateral,365.6693,0.2861697,22.74724
hitech_general_lateral,365.8959,0.2886043,22.64186
hitech_general_lateral,366.1225,0.2910388,22.53649
hitech_general_lateral,366.3491,0.2934734,22.4311
hitech_general_lateral,366.5757,0.295908,22.32574
hitech_general_lateral,366.8022,0.2983426,22.22037
hitech_general_lateral,367.0289,0.3007771,22.115
hitech_general_lateral,367.2555,0.3032117,22.0096
hitech_general_lateral,367.4821,0.3056463,21.90423
hitech_general_lateral,367.7087,0.3080809,21.79884
hitech_general_lateral,367.9353,0.3105154,21.69347
hitech_general_lateral,368.1619,0.31295,21.58809
hitech_general_lateral,368.3885,0.3153846,21.48272
hitech_general_lateral,368.6151,0.3178191,21.37735
hitech_general_lateral,368.8417,0.3202537,21.27196
hitech_general_lateral,369.0683,0.3226883,21.16659
hitech_general_lateral,369.2949,0.3251228,21.06121
hitech_general_lateral,369.5215,0.3275574,20.95584
hitech_general_lateral,369.7481,0.329992,20.85047
hitech_general_lateral,369.9747,0.3324265,20.7451
hitech_general_lateral,370.2013,0.3348611,20.63972
hitech_general_lateral,370.4279,0.3372957,20.53435
hitech_general_lateral,370.6545,0.3397302,20.42895
hitech_general_lateral,370.8811,0.3421648,20.32358
hitech_general_lateral,371.1077,0.3445994,20.21819
hitech_general_lateral,371.3343,0.3470339,20.11283
hitech_general_lateral,371.5609,0.3494685,20.00745
hitech_general_lateral,371.7875,0.3519031,19.90208
hitech_general_lateral,372.0141,0.3543376,19.7967
hitech_general_lateral,372.2407,0.3567722,19.69133
hitech_general_lateral,372.4673,0.3592068,19.58594
hitech_general_lateral,372.6939,0.3616413,19.48059
hitech_general_lateral,372.9205,0.3640759,19.3752
hitech_general_lateral,373.1471,0.3665105,19.26982
hitech_general_lateral,373.3737,0.3689451,19.16445
hitech_general_lateral,373.6003,0.3713796,19.05906
hitech_general_lateral,373.8269,0.3738142,18.9537
hitech_general_lateral,374.0535,0.3762488,18.8483
hitech_general_lateral,374.2802,0.3786834,18.74294
hitech_general_lateral,374.5068,0.3811179,18.63755
hitech_general_lateral,374.7333,0.3835525,18.53218
hitech_general_lateral,374.96,0.385987,18.4268
hitech_general_lateral,375.1866,0.3884216,18.32143
hitech_general_lateral,375.4131,0.3908562,18.21605
hitech_general_lateral,375.6397,0.3932908,18.11069
hitech_general_lateral,375.8664,0.3957253,18.00531
hitech_general_lateral,376.093,0.3981599,17.89994
hitech_general_lateral,376.3195,0.4005945,17.79455
hitech_general_lateral,376.5461,0.4030291,17.68918
hitech_general_lateral,376.7727,0.4054636,17.5838
hitech_general_lateral,376.9993,0.4078982,17.47843
hitech_general_lateral,377.226,0.4103327,17.37306
hitech_general_lateral,377.4526,0.4127673,17.26767
hitech_general_lateral,377.6792,0.4152019,17.16229
hitech_general_lateral,377.9058,0.4176365,17.05692
hitech_general_lateral,378.1324,0.420071,16.95153
hitech_general_lateral,378.359,0.4225056,16.84616
hitech_general_lateral,356.2047,0.1815461,27.2864
hitech_general_lateral,356.4313,0.1840048,27.18101
hitech_general_lateral,356.6579,0.1864635,27.07564
hitech_general_lateral,356.8845,0.1889222,26.97026
hitech_general_lateral,357.1111,0.1913809,26.86487
hitech_general_lateral,357.3377,0.1938396,26.75949
hitech_general_lateral,357.5643,0.1962983,26.65412
hitech_general_lateral,357.7909,0.1987571,26.54875
hitech_general_lateral,358.0175,0.2012158,26.44336
hitech_general_lateral,358.2441,0.2036745,26.33799
hitech_general_lateral,358.4707,0.2061332,26.23261
hitech_general_lateral,358.6973,0.2085919,26.12724
hitech_general_lateral,358.9239,0.2110506,26.02185
hitech_general_lateral,359.1505,0.2135093,25.9165
hitech_general_lateral,359.3771,0.215968,25.81112
hitech_general_lateral,359.6037,0.2184267,25.70575
hitech_general_lateral,359.8303,0.2208854,25.60036
hitech_general_lateral,360.0569,0.2233441,25.49499
hitech_general_lateral,360.2835,0.2258028,25.38961
hitech_general_lateral,360.5101,0.2282615,25.28424
hitech_general_lateral,360.7368,0.2307203,25.17885
hitech_general_lateral,360.9633,0.233179,25.07348
hitech_general_lateral,361.1899,0.2356377,24.9681
hitech_general_lateral,361.4165,0.2380964,24.86273
hitech_general_lateral,361.6432,0.2405551,24.75734
hitech_general_lateral,361.8698,0.2430138,24.65197
hitech_general_lateral,362.0964,0.2454725,24.5466
hitech_general_lateral,362.3229,0.2479312,24.44123
hitech_general_lateral,362.5496,0.2503899,24.33585
hitech_general_lateral,362.7761,0.2528486,24.23046
hitech_general_lateral,363.0027,0.2553073,24.1251
hitech_general_lateral,363.2294,0.257766,24.01971
hitech_general_lateral,363.456,0.2602248,23.91434
hitech_general_lateral,363.6826,0.2626835,23.80897
hitech_general_lateral,363.9091,0.2651422,23.7036
hitech_general_lateral,364.1358,0.2676009,23.5982
hitech_general_lateral,364.3624,0.2700596,23.49283
hitech_general_lateral,364.589,0.2725183,23.38745
hitech_general_lateral,364.8156,0.274977,23.28208
hitech_general_lateral,365.0422,0.2774357,23.17671
hitech_general_lateral,365.2688,0.2798944,23.07134
hitech_general_lateral,365.4954,0.2823531,22.96595
hitech_general_lateral,365.722,0.2848119,22.86058
hitech_general_lateral,365.9486,0.2872705,22.7552
hitech_general_lateral,366.1752,0.2897292,22.64983
hitech_general_lateral,366.4018,0.292188,22.54445
hitech_general_lateral,366.6284,0.2946467,22.43909
hitech_general_lateral,366.855,0.2971054,22.3337
hitech_general_lateral,367.0816,0.2995641,22.22833
hitech_general_lateral,367.3082,0.3020228,22.12295
hitech_general_lateral,367.5348,0.3044815,22.01758
hitech_general_lateral,367.7614,0.3069402,21.91218
hitech_general_lateral,367.988,0.3093989,21.80681
hitech_general_lateral,368.2146,0.3118576,21.70144
hitech_general_lateral,368.4412,0.3143163,21.59607
hitech_general_lateral,368.6678,0.316775,21.49069
hitech_general_lateral,368.8944,0.3192337,21.3853
hitech_general_lateral,369.121,0.3216925,21.27993
hitech_general_lateral,369.3476,0.3241512,21.17455
hitech_general_lateral,369.5742,0.3266099,21.06919
hitech_general_lateral,369.8008,0.3290686,20.96381
hitech_general_lateral,370.0274,0.3315273,20.85844
hitech_general_lateral,370.254,0.333986,20.75305
hitech_general_lateral,370.4806,0.3364447,20.64768
hitech_general_lateral,370.7072,0.3389034,20.5423
hitech_general_lateral,370.9338,0.3413621,20.43691
hitech_general_lateral,371.1604,0.3438208,20.33154
hitech_general_lateral,371.3871,0.3462796,20.22618
hitech_general_lateral,371.6136,0.3487383,20.12079
hitech_general_lateral,371.8402,0.3511969,20.01542
hitech_general_lateral,372.0668,0.3536556,19.91004
hitech_general_lateral,372.2934,0.3561144,19.80467
hitech_general_lateral,372.52,0.3585731,19.69928
hitech_general_lateral,372.7466,0.3610318,19.59393
hitech_general_lateral,372.9733,0.3634905,19.48854
hitech_general_lateral,373.1998,0.3659492,19.38317
hitech_general_lateral,373.4265,0.3684079,19.27779
hitech_general_lateral,373.653,0.3708666,19.1724
hitech_general_lateral,373.8796,0.3733253,19.06703
hitech_general_lateral,374.1062,0.375784,18.96166
hitech_general_lateral,374.3328,0.3782427,18.85629
hitech_general_lateral,374.5594,0.3807015,18.75091
hitech_general_lateral,374.7861,0.3831601,18.64552
hitech_general_lateral,375.0127,0.3856189,18.54014
hitech_general_lateral,375.2393,0.3880776,18.43477
hitech_general_lateral,375.4659,0.3905363,18.32939
hitech_general_lateral,375.6924,0.392995,18.22403
hitech_general_lateral,375.9191,0.3954537,18.11864
hitech_general_lateral,376.1457,0.3979124,18.01328
hitech_general_lateral,376.3723,0.4003711,17.90789
hitech_general_lateral,376.5989,0.4028298,17.80252
hitech_general_lateral,376.8255,0.4052885,17.69714
hitech_general_lateral,377.0521,0.4077472,17.59178
hitech_general_lateral,377.2787,0.410206,17.4864
hitech_general_lateral,377.5052,0.4126647,17.38103
hitech_general_lateral,377.7319,0.4151234,17.27563
hitech_general_lateral,377.9585,0.4175821,17.17026
hitech_general_lateral,378.1851,0.4200408,17.06487
hitech_general_lateral,378.4117,0.4224995,16.95951
hitech_general_lateral,356.2573,0.1791741,27.39975
hitech_general_lateral,356.4838,0.181657,27.29443
hitech_general_lateral,356.7103,0.1841399,27.1891
hitech_general_lateral,356.9368,0.1866227,27.08377
hitech_general_lateral,357.1634,0.1891056,26.97843
hitech_general_lateral,357.3899,0.1915885,26.8731
hitech_general_lateral,357.6164,0.1940713,26.76777
hitech_general_lateral,357.8429,0.1965542,26.66243
hitech_general_lateral,358.0694,0.1990371,26.55709
hitech_general_lateral,358.2959,0.2015199,26.45177
hitech_general_lateral,358.5224,0.2040028,26.34643
hitech_general_lateral,358.749,0.2064857,26.24109
hitech_general_lateral,358.9754,0.2089685,26.13577
hitech_general_lateral,359.202,0.2114514,26.03043
hitech_general_lateral,359.4285,0.2139343,25.92509
hitech_general_lateral,359.655,0.2164171,25.81975
hitech_general_lateral,359.8815,0.2189,25.71443
hitech_general_lateral,360.108,0.2213829,25.60909
hitech_general_lateral,360.3345,0.2238657,25.50376
hitech_general_lateral,360.561,0.2263486,25.39842
hitech_general_lateral,360.7876,0.2288315,25.29307
hitech_general_lateral,361.014,0.2313143,25.18775
hitech_general_lateral,361.2406,0.2337972,25.08243
hitech_general_lateral,361.4671,0.2362801,24.97709
hitech_general_lateral,361.6936,0.2387629,24.87175
hitech_general_lateral,361.9201,0.2412458,24.76641
hitech_general_lateral,362.1466,0.2437287,24.66109
hitech_general_lateral,362.3731,0.2462115,24.55575
hitech_general_lateral,362.5996,0.2486944,24.45041
hitech_general_lateral,362.8261,0.2511773,24.34507
hitech_general_lateral,363.0526,0.2536601,24.23975
hitech_general_lateral,363.2791,0.256143,24.13442
hitech_general_lateral,363.5057,0.2586259,24.02909
hitech_general_lateral,363.7322,0.2611087,23.92373
hitech_general_lateral,363.9587,0.2635916,23.81841
hitech_general_lateral,364.1852,0.2660744,23.71307
hitech_general_lateral,364.4117,0.2685573,23.60775
hitech_general_lateral,364.6382,0.2710402,23.50241
hitech_general_lateral,364.8647,0.273523,23.39707
hitech_general_lateral,365.0912,0.2760059,23.29174
hitech_general_lateral,365.3178,0.2784888,23.18639
hitech_general_lateral,365.5443,0.2809716,23.08107
hitech_general_lateral,365.7708,0.2834545,22.97573
hitech_general_lateral,365.9973,0.2859374,22.87041
hitech_general_lateral,366.2238,0.2884203,22.76507
hitech_general_lateral,366.4503,0.2909031,22.65973
hitech_general_lateral,366.6768,0.293386,22.55439
hitech_general_lateral,366.9033,0.2958688,22.44907
hitech_general_lateral,367.1299,0.2983517,22.34373
hitech_general_lateral,367.3564,0.3008346,22.23839
hitech_general_lateral,367.5829,0.3033174,22.13307
hitech_general_lateral,367.8094,0.3058003,22.02774
hitech_general_lateral,368.0359,0.3082832,21.92241
hitech_general_lateral,368.2624,0.310766,21.81705
hitech_general_lateral,368.489,0.3132489,21.71171
hitech_general_lateral,368.7154,0.3157318,21.60641
hitech_general_lateral,368.942,0.3182147,21.50107
hitech_general_lateral,369.1685,0.3206975,21.39573
hitech_general_lateral,369.395,0.3231804,21.29039
hitech_general_lateral,369.6215,0.3256633,21.18505
hitech_general_lateral,369.848,0.3281461,21.07973
hitech_general_lateral,370.0745,0.330629,20.97439
hitech_general_lateral,370.301,0.3331118,20.86905
hitech_general_lateral,370.5275,0.3355947,20.76371
hitech_general_lateral,370.7541,0.3380776,20.65839
hitech_general_lateral,370.9805,0.3405604,20.55306
hitech_general_lateral,371.207,0.3430433,20.44771
hitech_general_lateral,371.4336,0.3455262,20.34237
hitech_general_lateral,371.6601,0.348009,20.23705
hitech_general_lateral,371.8866,0.3504919,20.13171
hitech_general_lateral,372.1131,0.3529748,20.02639
hitech_general_lateral,372.3396,0.3554577,19.92105
hitech_general_lateral,372.5661,0.3579405,19.81571
hitech_general_lateral,372.7927,0.3604234,19.71037
hitech_general_lateral,373.0191,0.3629062,19.60505
hitech_general_lateral,373.2457,0.3653891,19.49971
hitech_general_lateral,373.4722,0.367872,19.39439
hitech_general_lateral,373.6987,0.3703548,19.28905
hitech_general_lateral,373.9252,0.3728377,19.18371
hitech_general_lateral,374.1517,0.3753206,19.07837
hitech_general_lateral,374.3782,0.3778034,18.97305
hitech_general_lateral,374.6047,0.3802863,18.86771
hitech_general_lateral,374.8312,0.3827692,18.76237
hitech_general_lateral,375.0578,0.385252,18.65703
hitech_general_lateral,375.2842,0.3877349,18.55171
hitech_general_lateral,375.5108,0.3902178,18.44638
hitech_general_lateral,375.7373,0.3927006,18.34103
hitech_general_lateral,375.9638,0.3951835,18.23569
hitech_general_lateral,376.1903,0.3976664,18.13035
hitech_general_lateral,376.4168,0.4001492,18.02505
hitech_general_lateral,376.6433,0.4026321,17.91971
hitech_general_lateral,376.8698,0.405115,17.81437
hitech_general_lateral,377.0963,0.4075978,17.70902
hitech_general_lateral,377.3229,0.4100807,17.60369
hitech_general_lateral,377.5493,0.4125636,17.49837
hitech_general_lateral,377.7759,0.4150464,17.39303
hitech_general_lateral,378.0024,0.4175293,17.28769
hitech_general_lateral,378.2289,0.4200122,17.18237
hitech_general_lateral,378.4554,0.422495,17.07703
hitech_general_lateral,356.3099,0.1768027,27.51315
hitech_general_lateral,356.5363,0.1793098,27.40786
hitech_general_lateral,356.7628,0.1818168,27.30257
hitech_general_lateral,356.9892,0.1843238,27.19728
hitech_general_lateral,357.2156,0.1868308,27.09197
hitech_general_lateral,357.442,0.1893378,26.98669
hitech_general_lateral,357.6685,0.1918449,26.8814
hitech_general_lateral,357.8949,0.1943519,26.77611
hitech_general_lateral,358.1213,0.1968589,26.67081
hitech_general_lateral,358.3477,0.1993659,26.56552
hitech_general_lateral,358.5742,0.2018729,26.46023
hitech_general_lateral,358.8005,0.2043799,26.35494
hitech_general_lateral,359.027,0.2068869,26.24965
hitech_general_lateral,359.2534,0.209394,26.14435
hitech_general_lateral,359.4798,0.211901,26.03906
hitech_general_lateral,359.7062,0.214408,25.93377
hitech_general_lateral,359.9326,0.216915,25.82848
hitech_general_lateral,360.1591,0.219422,25.7232
hitech_general_lateral,360.3855,0.2219291,25.61789
hitech_general_lateral,360.6119,0.2244361,25.51261
hitech_general_lateral,360.8383,0.2269431,25.40731
hitech_general_lateral,361.0648,0.2294501,25.30203
hitech_general_lateral,361.2912,0.2319571,25.19672
hitech_general_lateral,361.5176,0.2344642,25.09144
hitech_general_lateral,361.744,0.2369712,24.98614
hitech_general_lateral,361.9704,0.2394782,24.88086
hitech_general_lateral,362.1968,0.2419852,24.77555
hitech_general_lateral,362.4233,0.2444922,24.67028
hitech_general_lateral,362.6497,0.2469992,24.56498
hitech_general_lateral,362.8762,0.2495063,24.45968
hitech_general_lateral,363.1025,0.2520133,24.3544
hitech_general_lateral,363.329,0.2545203,24.24909
hitech_general_lateral,363.5554,0.2570273,24.14381
hitech_general_lateral,363.7818,0.2595343,24.03851
hitech_general_lateral,364.0082,0.2620413,23.93323
hitech_general_lateral,364.2346,0.2645484,23.82792
hitech_general_lateral,364.4611,0.2670554,23.72264
hitech_general_lateral,364.6875,0.2695624,23.61734
hitech_general_lateral,364.9139,0.2720694,23.51206
hitech_general_lateral,365.1404,0.2745764,23.40677
hitech_general_lateral,365.3668,0.2770835,23.30148
hitech_general_lateral,365.5932,0.2795905,23.19618
hitech_general_lateral,365.8196,0.2820975,23.09089
hitech_general_lateral,366.046,0.2846045,22.9856
hitech_general_lateral,366.2724,0.2871115,22.88031
hitech_general_lateral,366.4989,0.2896186,22.77501
hitech_general_lateral,366.7253,0.2921256,22.66972
hitech_general_lateral,366.9517,0.2946326,22.56443
hitech_general_lateral,367.1781,0.2971396,22.45914
hitech_general_lateral,367.4045,0.2996466,22.35385
hitech_general_lateral,367.631,0.3021536,22.24855
hitech_general_lateral,367.8574,0.3046606,22.14326
hitech_general_lateral,368.0838,0.3071676,22.03798
hitech_general_lateral,368.3102,0.3096747,21.93268
hitech_general_lateral,368.5366,0.3121817,21.8274
hitech_general_lateral,368.7631,0.3146887,21.72209
hitech_general_lateral,368.9895,0.3171957,21.6168
hitech_general_lateral,369.2159,0.3197027,21.51151
hitech_general_lateral,369.4423,0.3222098,21.40622
hitech_general_lateral,369.6687,0.3247168,21.30092
hitech_general_lateral,369.8952,0.3272238,21.19563
hitech_general_lateral,370.1216,0.3297308,21.09034
hitech_general_lateral,370.348,0.3322378,20.98505
hitech_general_lateral,370.5744,0.3347449,20.87977
hitech_general_lateral,370.8009,0.3372519,20.77446
hitech_general_lateral,371.0273,0.3397589,20.66919
hitech_general_lateral,371.2537,0.3422659,20.56388
hitech_general_lateral,371.4801,0.3447729,20.4586
hitech_general_lateral,371.7065,0.34728,20.35329
hitech_general_lateral,371.9329,0.349787,20.24802
hitech_general_lateral,372.1594,0.352294,20.14271
hitech_general_lateral,372.3858,0.354801,20.03743
hitech_general_lateral,372.6122,0.357308,19.93213
hitech_general_lateral,372.8386,0.3598151,19.82685
hitech_general_lateral,373.0651,0.3623221,19.72155
hitech_general_lateral,373.2914,0.3648291,19.61626
hitech_general_lateral,373.5179,0.3673361,19.51097
hitech_general_lateral,373.7443,0.3698431,19.40568
hitech_general_lateral,373.9707,0.3723502,19.30039
hitech_general_lateral,374.1971,0.3748572,19.1951
hitech_general_lateral,374.4236,0.3773642,19.0898
hitech_general_lateral,374.65,0.3798712,18.9845
hitech_general_lateral,374.8764,0.3823782,18.87922
hitech_general_lateral,375.1028,0.3848852,18.77391
hitech_general_lateral,375.3292,0.3873923,18.66863
hitech_general_lateral,375.5557,0.3898993,18.56333
hitech_general_lateral,375.7821,0.3924063,18.45805
hitech_general_lateral,376.0085,0.3949133,18.35275
hitech_general_lateral,376.2349,0.3974203,18.24746
hitech_general_lateral,376.4614,0.3999273,18.14217
hitech_general_lateral,376.6878,0.4024343,18.03688
hitech_general_lateral,376.9142,0.4049414,17.93159
hitech_general_lateral,377.1406,0.4074484,17.8263
hitech_general_lateral,377.367,0.4099554,17.721
hitech_general_lateral,377.5934,0.4124624,17.61571
hitech_general_lateral,377.8199,0.4149694,17.51042
hitech_general_lateral,378.0463,0.4174765,17.40514
hitech_general_lateral,378.2727,0.4199835,17.29983
hitech_general_lateral,378.4991,0.4224905,17.19456
hitech_general_lateral,356.3625,0.1744308,27.62654
hitech_general_lateral,356.5889,0.1769619,27.52129
hitech_general_lateral,356.8152,0.1794931,27.41604
hitech_general_lateral,357.0415,0.1820243,27.31078
hitech_general_lateral,357.2679,0.1845555,27.20554
hitech_general_lateral,357.4942,0.1870866,27.10029
hitech_general_lateral,357.7206,0.1896178,26.99504
hitech_general_lateral,357.9469,0.192149,26.88978
hitech_general_lateral,358.1732,0.1946802,26.78454
hitech_general_lateral,358.3995,0.1972114,26.67929
hitech_general_lateral,358.6259,0.1997425,26.57405
hitech_general_lateral,358.8522,0.2022737,26.46879
hitech_general_lateral,359.0785,0.2048049,26.36354
hitech_general_lateral,359.3048,0.2073361,26.2583
hitech_general_lateral,359.5312,0.2098672,26.15306
hitech_general_lateral,359.7575,0.2123984,26.04779
hitech_general_lateral,359.9838,0.2149296,25.94254
hitech_general_lateral,360.2101,0.2174608,25.8373
hitech_general_lateral,360.4365,0.2199919,25.73205
hitech_general_lateral,360.6628,0.2225231,25.62679
hitech_general_lateral,360.8891,0.2250543,25.52154
hitech_general_lateral,361.1155,0.2275855,25.4163
hitech_general_lateral,361.3418,0.2301166,25.31105
hitech_general_lateral,361.5681,0.2326478,25.20579
hitech_general_lateral,361.7945,0.235179,25.10054
hitech_general_lateral,362.0208,0.2377101,24.9953
hitech_general_lateral,362.2471,0.2402413,24.89005
hitech_general_lateral,362.4734,0.2427725,24.7848
hitech_general_lateral,362.6998,0.2453037,24.67954
hitech_general_lateral,362.9261,0.2478349,24.5743
hitech_general_lateral,363.1524,0.250366,24.46905
hitech_general_lateral,363.3788,0.2528972,24.36381
hitech_general_lateral,363.6051,0.2554284,24.25854
hitech_general_lateral,363.8314,0.2579596,24.1533
hitech_general_lateral,364.0577,0.2604907,24.04805
hitech_general_lateral,364.2841,0.2630219,23.94281
hitech_general_lateral,364.5104,0.2655531,23.83755
hitech_general_lateral,364.7368,0.2680843,23.7323
hitech_general_lateral,364.9631,0.2706155,23.62705
hitech_general_lateral,365.1894,0.2731466,23.52181
hitech_general_lateral,365.4157,0.2756778,23.41655
hitech_general_lateral,365.6421,0.278209,23.3113
hitech_general_lateral,365.8684,0.2807401,23.20605
hitech_general_lateral,366.0947,0.2832713,23.10081
hitech_general_lateral,366.321,0.2858025,22.99555
hitech_general_lateral,366.5474,0.2883337,22.8903
hitech_general_lateral,366.7737,0.2908649,22.78506
hitech_general_lateral,367.0001,0.293396,22.67979
hitech_general_lateral,367.2264,0.2959272,22.57455
hitech_general_lateral,367.4527,0.2984584,22.4693
hitech_general_lateral,367.679,0.3009896,22.36406
hitech_general_lateral,367.9054,0.3035207,22.2588
hitech_general_lateral,368.1317,0.3060519,22.15355
hitech_general_lateral,368.358,0.3085831,22.0483
hitech_general_lateral,368.5844,0.3111143,21.94306
hitech_general_lateral,368.8107,0.3136454,21.8378
hitech_general_lateral,369.037,0.3161766,21.73256
hitech_general_lateral,369.2634,0.3187078,21.6273
hitech_general_lateral,369.4897,0.321239,21.52206
hitech_general_lateral,369.716,0.3237702,21.4168
hitech_general_lateral,369.9424,0.3263013,21.31157
hitech_general_lateral,370.1687,0.3288325,21.2063
hitech_general_lateral,370.395,0.3313637,21.10106
hitech_general_lateral,370.6213,0.3338948,20.9958
hitech_general_lateral,370.8477,0.336426,20.89057
hitech_general_lateral,371.074,0.3389572,20.78531
hitech_general_lateral,371.3003,0.3414884,20.68006
hitech_general_lateral,371.5266,0.3440195,20.5748
hitech_general_lateral,371.753,0.3465507,20.46955
hitech_general_lateral,371.9793,0.3490819,20.36431
hitech_general_lateral,372.2056,0.3516131,20.25906
hitech_general_lateral,372.432,0.3541443,20.1538
hitech_general_lateral,372.6583,0.3566754,20.04856
hitech_general_lateral,372.8846,0.3592066,19.94331
hitech_general_lateral,373.111,0.3617378,19.83806
hitech_general_lateral,373.3373,0.364269,19.7328
hitech_general_lateral,373.5636,0.3668001,19.62756
hitech_general_lateral,373.7899,0.3693313,19.52231
hitech_general_lateral,374.0163,0.3718625,19.41706
hitech_general_lateral,374.2426,0.3743937,19.31182
hitech_general_lateral,374.469,0.3769248,19.20656
hitech_general_lateral,374.6953,0.379456,19.10131
hitech_general_lateral,374.9216,0.3819872,18.99606
hitech_general_lateral,375.1479,0.3845184,18.89082
hitech_general_lateral,375.3743,0.3870496,18.78556
hitech_general_lateral,375.6006,0.3895807,18.68031
hitech_general_lateral,375.8269,0.3921119,18.57506
hitech_general_lateral,376.0533,0.3946431,18.46982
hitech_general_lateral,376.2796,0.3971742,18.36456
hitech_general_lateral,376.5059,0.3997054,18.25931
hitech_general_lateral,376.7322,0.4022366,18.15407
hitech_general_lateral,376.9586,0.4047678,18.04882
hitech_general_lateral,377.1849,0.407299,17.94356
hitech_general_lateral,377.4112,0.4098301,17.83831
hitech_general_lateral,377.6375,0.4123613,17.73307
hitech_general_lateral,377.8639,0.4148925,17.62782
hitech_general_lateral,378.0902,0.4174237,17.52256
hitech_general_lateral,378.3165,0.4199548,17.41731
hitech_general_lateral,378.5428,0.422486,17.31207
