{"type": "FeatureCollection", "features": [{"type": "Feature", "geometry": {"type": "Point", "coordinates": [126.663897, 37.443319]}, "properties": {"osm_type": "node", "osm_id": "368641066", "tags": {"amenity": "bank", "atm": "yes", "name": "남인천농협", "name:en": "Namincheon Nonghyup", "name:ko": "남인천농협", "name:ko-Latn": "Namincheonnonghyeop"}, "verified_access": false}}, {"type": "Feature", "geometry": {"type": "Point", "coordinates": [126.654545, 37.456865]}, "properties": {"osm_type": "node", "osm_id": "368755677", "tags": {"amenity": "hospital", "healthcare": "hospital", "name": "쏙쏙여성뷰티클럽", "name:en": "Ssokssokyeoseongbyuti Club", "name:ko": "쏙쏙여성뷰티클럽", "name:ko-Latn": "Ssokssokyeoseongbyutikeulleop"}, "verified_access": false}}, {"type": "Feature", "geometry": {"type": "Point", "coordinates": [126.648847, 37.456917]}, "properties": {"osm_type": "node", "osm_id": "368756710", "tags": {"amenity": "hospital", "healthcare": "hospital", "name": "보화한의원", "name:en": "Bohwa Oriental Medicine Clinic", "name:ko": "보화한의원", "name:ko-Latn": "Bohwahanuiwon"}, "verified_access": false}}, {"type": "Feature", "geometry": {"type": "Point", "coordinates": [126.6616239, 37.4500068]}, "properties": {"osm_type": "node", "osm_id": "368756853", "tags": {"amenity": "hospital", "healthcare": "hospital", "name": "다사랑메디칼의원", "name:en": "Dasarang medical Clinic"}, "verified_access": false}}, {"type": "Feature", "geometry": {"type": "Point", "coordinates": [126.65547, 37.45576]}, "properties": {"osm_type": "node", "osm_id": "368760108", "tags": {"amenity": "veterinary", "name": "온누리동물병원", "name:en": "Onnuri Animal Hospital", "name:ko": "온누리동물병원", "name:ko-Latn": "Onnuridongmulbyeongwon"}, "verified_access": false}}, {"type": "Feature", "geometry": {"type": "Point", "coordinates": [126.658869, 37.45467]}, "properties": {"osm_type": "node", "osm_id": "368876842", "tags": {"amenity": "post_office", "name": "용일새마을금고우편취급국", "name:en": "Yongil Community Credit Cooperative Postal Agency", "name:ko": "용일새마을금고우편취급국", "name:ko-Latn": "Yongilsaemaeulgeumgoupyeonchwigeupguk"}, "verified_access": false}}, {"type": "Feature", "geometry": {"type": "Point", "coordinates": [126.6562124, 37.4514425]}, "properties": {"osm_type": "node", "osm_id": "368895709", "tags": {"amenity": "bank", "atm": "yes", "brand": "우리은행", "brand:en": "Woori Bank", "brand:ko": "우리은행", "brand:wikidata": "Q494369", "name": "우리은행", "name:en": "Woori Bank", "name:ko": "우리은행", "name:ko-Latn": "Urieunhaeng"}, "verified_access": false}}, {"type": "Feature", "geometry": {"type": "Point", "coordinates": [126.6529979, 37.4471033]}, "properties": {"osm_type": "node", "osm_id": "368909069", "tags": {"amenity": "fuel", "name": "인하주유소", "name:en": "Inha Gas Station", "name:ko": "인하주유소", "name:ko-Latn": "Inhajuyuso"}, "verified_access": false}}, {"type": "Feature", "geometry": {"type": "Point", "coordinates": [126.66087, 37.4548085]}, "properties": {"osm_type": "node", "osm_id": "368961023", "tags": {"amenity": "restaurant", "name": "남구바다횟집", "name:en": "Namgubada Fish Restaurant", "name:ko": "남구바다횟집", "name:ko-Latn": "Namgubadahoetjip"}, "verified_access": false}}, {"type": "Feature", "geometry": {"type": "Point", "coordinates": [126.6536153, 37.4525904]}, "properties": {"osm_type": "node", "osm_id": "436222334", "tags": {"direction": "255", "highway": "speed_camera", "maxspeed": "70"}, "verified_access": false}}, {"type": "Feature", "geometry": {"type": "Point", "coordinates": [126.6504795, 37.4454029]}, "properties": {"osm_type": "node", "osm_id": "436830040", "tags": {"crossing": "no", "highway": "traffic_signals", "traffic_signals": "signal"}, "verified_access": false}}, {"type": "Feature", "geometry": {"type": "Point", "coordinates": [126.6489556, 37.454087]}, "properties": {"osm_type": "node", "osm_id": "1770121006", "tags": {"amenity": "fire_station", "name": "용현소방파출소"}, "verified_access": false}}, {"type": "Feature", "geometry": {"type": "Point", "coordinates": [126.6573682, 37.4504694]}, "properties": {"osm_type": "node", "osm_id": "2262335941", "tags": {"entrance": "entrance", "wheelchair": "yes"}, "verified_access": false}}, {"type": "Feature", "geometry": {"type": "Point", "coordinates": [126.6536904, 37.4470961]}, "properties": {"osm_type": "node", "osm_id": "2273253114", "tags": {"bus": "yes", "highway": "bus_stop", "local_ref": "woongbijae", "name": "(웅비재)woongbijae", "network": "인천광역시 시내버스", "network:ko": "인천광역시 시내버스", "network:wikidata": "Q12613485", "public_transport": "platform"}, "verified_access": false}}, {"type": "Feature", "geometry": {"type": "Point", "coordinates": [126.6565478, 37.4492159]}, "properties": {"osm_type": "node", "osm_id": "2273439053", "tags": {"amenity": "bank", "atm": "yes", "branch": "인하대지점", "brand": "하나은행", "brand:en": "KEB Hana Bank", "brand:ko": "하나은행", "brand:wikidata": "Q484047", "name": "하나은행", "name:en": "KEB Hana Bank", "name:ko": "하나은행"}, "verified_access": false}}, {"type": "Feature", "geometry": {"type": "Point", "coordinates": [126.656565, 37.4497737]}, "properties": {"osm_type": "node", "osm_id": "2273439962", "tags": {"amenity": "restaurant", "cuisine": "international", "name": "학생식당"}, "verified_access": false}}, {"type": "Feature", "geometry": {"type": "Point", "coordinates": [126.6538877, 37.4472273]}, "properties": {"osm_type": "node", "osm_id": "2273620631", "tags": {"bus": "yes", "highway": "bus_stop", "local_ref": "Inha main gate", "name": "인하대정문", "name:en": "Inha main gate", "name:ko": "인하대정문", "network": "인천광역시 시내버스", "network:ko": "인천광역시 시내버스", "network:wikidata": "Q12613485", "public_transport": "platform", "ref": "37104"}, "verified_access": false}}, {"type": "Feature", "geometry": {"type": "Point", "coordinates": [126.6502649, 37.4453873]}, "properties": {"osm_type": "node", "osm_id": "2429042776", "tags": {"crossing": "traffic_signals", "highway": "crossing"}, "verified_access": false}}, {"type": "Feature", "geometry": {"type": "Point", "coordinates": [126.6556876, 37.451433]}, "properties": {"osm_type": "node", "osm_id": "2445319135", "tags": {"bus": "yes", "highway": "bus_stop", "name": "511 버스정류장", "public_transport": "platform"}, "verified_access": false}}, {"type": "Feature", "geometry": {"type": "Point", "coordinates": [126.6571281, 37.4510636]}, "properties": {"osm_type": "node", "osm_id": "2445319838", "tags": {"bus": "yes", "highway": "bus_stop", "name": "908 버스 정류장", "public_transport": "platform"}, "verified_access": false}}, {"type": "Feature", "geometry": {"type": "Point", "coordinates": [126.6507206, 37.4454153]}, "properties": {"osm_type": "node", "osm_id": "2886789172", "tags": {"crossing": "traffic_signals", "highway": "crossing"}, "verified_access": false}}, {"type": "Feature", "geometry": {"type": "Point", "coordinates": [126.657106, 37.4457489]}, "properties": {"osm_type": "node", "osm_id": "4638934521", "tags": {"amenity": "place_of_worship", "name": "반석교회"}, "verified_access": false}}, {"type": "Feature", "geometry": {"type": "Point", "coordinates": [126.6562891, 37.4447582]}, "properties": {"osm_type": "node", "osm_id": "4638938534", "tags": {"amenity": "kindergarten", "education": "kindergarten", "name": "장미어린이집"}, "verified_access": false}}, {"type": "Feature", "geometry": {"type": "Point", "coordinates": [126.6567491, 37.4451013]}, "properties": {"osm_type": "node", "osm_id": "4638940121", "tags": {"amenity": "kindergarten", "education": "kindergarten", "name": "인하어린이집"}, "verified_access": false}}, {"type": "Feature", "geometry": {"type": "Point", "coordinates": [126.6562474, 37.4456194]}, "properties": {"osm_type": "node", "osm_id": "4638942940", "tags": {"bus": "yes", "highway": "bus_stop", "name": "장미아파트19동앞 정류장;장미아파트정류장", "network": "인천광역시 시내버스", "network:ko": "인천광역시 시내버스", "network:wikidata": "Q12613485", "public_transport": "platform"}, "verified_access": false}}, {"type": "Feature", "geometry": {"type": "Point", "coordinates": [126.6575324, 37.445625]}, "properties": {"osm_type": "node", "osm_id": "4638943279", "tags": {"bus": "yes", "highway": "bus_stop", "name": "장미아파트정류장", "network": "인천광역시 시내버스", "network:ko": "인천광역시 시내버스", "network:wikidata": "Q12613485", "public_transport": "platform"}, "verified_access": false}}, {"type": "Feature", "geometry": {"type": "Point", "coordinates": [126.6531848, 37.4477024]}, "properties": {"osm_type": "node", "osm_id": "4741793208", "tags": {"amenity": "university", "name": "인하대학교 정문"}, "verified_access": false}}, {"type": "Feature", "geometry": {"type": "Point", "coordinates": [126.6546437, 37.4516913]}, "properties": {"osm_type": "node", "osm_id": "4741793210", "tags": {"amenity": "university", "name": "인하대학교 후문쪽문"}, "verified_access": false}}, {"type": "Feature", "geometry": {"type": "Point", "coordinates": [126.6578926, 37.4508181]}, "properties": {"osm_type": "node", "osm_id": "4741793211", "tags": {"amenity": "university", "education": "university", "name": "인하대학교 하이테크쪽문"}, "verified_access": false}}, {"type": "Feature", "geometry": {"type": "Point", "coordinates": [126.6592866, 37.4504492]}, "properties": {"osm_type": "node", "osm_id": "4741793212", "tags": {"amenity": "university", "education": "university", "name": "정석고등학교 입구"}, "verified_access": false}}, {"type": "Feature", "geometry": {"type": "Point", "coordinates": [126.650263, 37.4478074]}, "properties": {"osm_type": "node", "osm_id": "4741793213", "tags": {"description": "인하대역 7번출구", "description:ja": "仁荷大駅 7番出口", "description:ko": "인하대역 7번출구", "railway": "subway_entrance", "ref": "7", "wheelchair": "no"}, "verified_access": false}}, {"type": "Feature", "geometry": {"type": "Point", "coordinates": [126.6496632, 37.4475977]}, "properties": {"osm_type": "node", "osm_id": "4741793359", "tags": {"description": "인하대역 1번출구", "description:ja": "仁荷大駅 1番出口", "description:ko": "인하대역 1번출구", "railway": "subway_entrance", "ref": "1"}, "verified_access": false}}, {"type": "Feature", "geometry": {"type": "Point", "coordinates": [126.6494097, 37.448306]}, "properties": {"osm_type": "node", "osm_id": "4741793360", "tags": {"description": "인하대역 2번출구", "description:ja": "仁荷大駅 2番出口", "description:ko": "인하대역 2번출구", "railway": "subway_entrance", "ref": "2"}, "verified_access": false}}, {"type": "Feature", "geometry": {"type": "Point", "coordinates": [126.6490718, 37.4487299]}, "properties": {"osm_type": "node", "osm_id": "4741793361", "tags": {"description": "인하대역 3번출구", "description:ja": "仁荷大駅 3番出口", "description:ko": "인하대역 3번출구", "railway": "subway_entrance", "ref": "3"}, "verified_access": false}}, {"type": "Feature", "geometry": {"type": "Point", "coordinates": [126.6500924, 37.4490116]}, "properties": {"osm_type": "node", "osm_id": "4741793362", "tags": {"description": "인하대역 4번출구", "description:ja": "仁荷大駅 4番出口", "description:ko": "인하대역 4번출구", "railway": "subway_entrance", "ref": "4", "wheelchair": "no"}, "verified_access": false}}, {"type": "Feature", "geometry": {"type": "Point", "coordinates": [126.6504634, 37.4487264]}, "properties": {"osm_type": "node", "osm_id": "4741793363", "tags": {"description": "인하대역 5번출구", "description:ja": "仁荷大駅 5番出口", "description:ko": "인하대역 5번출구", "railway": "subway_entrance", "ref": "5", "wheelchair": "no"}, "verified_access": false}}, {"type": "Feature", "geometry": {"type": "Point", "coordinates": [126.6505383, 37.4482704]}, "properties": {"osm_type": "node", "osm_id": "4741793364", "tags": {"description": "인하대역 6번출구", "description:ja": "仁荷大駅 6番出口", "description:ko": "인하대역 6번출구", "railway": "subway_entrance", "ref": "6", "wheelchair": "no"}, "verified_access": false}}, {"type": "Feature", "geometry": {"type": "Point", "coordinates": [126.6519161, 37.4567714]}, "properties": {"osm_type": "node", "osm_id": "5502604330", "tags": {"addr:city": "인천광역시", "addr:district": "미추홀구", "addr:housenumber": "133", "addr:postcode": "22179", "addr:street": "인주대로", "amenity": "townhall", "government": "administrative", "name": "용현3동 행정복지센터", "name:ja": "龍現3洞 行政福祉センター", "name:ko": "용현3동 행정복지센터", "office": "government", "website": "http://michu.incheon.kr/"}, "verified_access": false}}, {"type": "Feature", "geometry": {"type": "Point", "coordinates": [126.6173267, 37.4769719]}, "properties": {"osm_type": "node", "osm_id": "5910775258", "tags": {"name": "인천", "name:en": "Incheon", "name:ja": "仁川", "name:ko": "인천", "name:zh": "仁川", "network": "수도권 전철", "operator": "한국철도공사", "operator:en": "Korea Railroad Corporation", "operator:ko": "한국철도공사", "operator:short": "KORAIL", "operator:type": "public", "operator:wikidata": "Q18169", "operator:wikipedia": "en:Korail", "public_transport": "stop_position", "railway": "stop", "ref": "K272", "train": "yes"}, "verified_access": false}}, {"type": "Feature", "geometry": {"type": "Point", "coordinates": [126.6236807, 37.4689305]}, "properties": {"osm_type": "node", "osm_id": "5910775260", "tags": {"name": "신포", "name:en": "Sinpo", "name:ko": "신포", "network": "K271", "operator": "한국철도공사", "operator:en": "Korea Railroad Corporation", "operator:ko": "한국철도공사", "operator:short": "KORAIL", "operator:type": "public", "operator:wikidata": "Q18169", "operator:wikipedia": "en:Korail", "public_transport": "stop_position", "railway": "stop", "train": "yes"}, "verified_access": false}}, {"type": "Feature", "geometry": {"type": "Point", "coordinates": [126.6253144, 37.467987]}, "properties": {"osm_type": "node", "osm_id": "5910775261", "tags": {"name": "신포", "name:en": "Sinpo", "name:ko": "신포", "network": "K271", "operator": "한국철도공사", "operator:en": "Korea Railroad Corporation", "operator:ko": "한국철도공사", "operator:short": "KORAIL", "operator:type": "public", "operator:wikidata": "Q18169", "operator:wikipedia": "en:Korail", "public_transport": "stop_position", "railway": "stop", "train": "yes"}, "verified_access": false}}, {"type": "Feature", "geometry": {"type": "Point", "coordinates": [126.6370849, 37.461239]}, "properties": {"osm_type": "node", "osm_id": "5910775262", "tags": {"name": "숭의", "name:en": "Sungui", "name:ko": "숭의", "operator": "한국철도공사", "operator:en": "Korea Railroad Corporation", "operator:ko": "한국철도공사", "operator:short": "KORAIL", "operator:type": "public", "operator:wikidata": "Q18169", "operator:wikipedia": "en:Korail", "public_transport": "stop_position", "railway": "stop", "ref": "K270", "train": "yes"}, "verified_access": false}}, {"type": "Feature", "geometry": {"type": "Point", "coordinates": [126.6387981, 37.4605823]}, "properties": {"osm_type": "node", "osm_id": "5910775263", "tags": {"name": "숭의", "name:en": "Sungui", "name:ko": "숭의", "operator": "한국철도공사", "operator:en": "Korea Railroad Corporation", "operator:ko": "한국철도공사", "operator:short": "KORAIL", "operator:type": "public", "operator:wikidata": "Q18169", "operator:wikipedia": "en:Korail", "public_transport": "stop_position", "railway": "stop", "ref": "K270", "train": "yes"}, "verified_access": false}}, {"type": "Feature", "geometry": {"type": "Point", "coordinates": [126.6500767, 37.4476431]}, "properties": {"osm_type": "node", "osm_id": "5910775268", "tags": {"name": "인하대", "name:en": "Inha University", "name:ko": "인하대", "operator": "한국철도공사", "operator:en": "Korea Railroad Corporation", "operator:ko": "한국철도공사", "operator:short": "KORAIL", "operator:type": "public", "operator:wikidata": "Q18169", "operator:wikipedia": "en:Korail", "public_transport": "stop_position", "railway": "stop", "ref": "K269", "train": "yes"}, "verified_access": false}}, {"type": "Feature", "geometry": {"type": "Point", "coordinates": [126.6497844, 37.4482473]}, "properties": {"osm_type": "node", "osm_id": "5910775269", "tags": {"name": "인하대", "name:en": "Inha Univ.", "name:ja": "インハデ(仁荷大)", "name:ko": "인하대", "name:zh": "仁荷大学", "operator": "한국철도공사", "operator:en": "Korea Railroad Corporation", "operator:ko": "한국철도공사", "operator:short": "KORAIL", "operator:type": "public", "operator:wikidata": "Q18169", "operator:wikipedia": "en:Korail", "public_transport": "station", "railway": "station", "station": "train", "train": "yes", "wheelchair": "yes", "wikidata": "Q1593043", "wikipedia": "ko:인하대역"}, "verified_access": false}}, {"type": "Feature", "geometry": {"type": "Point", "coordinates": [126.6493767, 37.4489904]}, "properties": {"osm_type": "node", "osm_id": "5910775615", "tags": {"name": "인하대", "name:en": "Inha University", "name:ko": "인하대", "operator": "한국철도공사", "operator:en": "Korea Railroad Corporation", "operator:ko": "한국철도공사", "operator:short": "KORAIL", "operator:type": "public", "operator:wikidata": "Q18169", "operator:wikipedia": "en:Korail", "public_transport": "stop_position", "railway": "stop", "ref": "K269", "train": "yes"}, "verified_access": false}}, {"type": "Feature", "geometry": {"type": "Point", "coordinates": [126.6615441, 37.4506341]}, "properties": {"osm_type": "node", "osm_id": "7304684509", "tags": {"addr:city": "인천광역시", "addr:district": "미추홀구", "addr:housenumber": "13", "addr:postcode": "22208", "addr:street": "인하로119번길", "addr:subdistrict": "용현동", "amenity": "pharmacy", "dispensing": "yes", "drive_through": "no", "healthcare": "pharmacy", "name": "대은약국"}, "verified_access": false}}, {"type": "Feature", "geometry": {"type": "Point", "coordinates": [126.6603483, 37.450409]}, "properties": {"osm_type": "node", "osm_id": "7304684511", "tags": {"addr:housenumber": "107", "addr:street": "인하로", "amenity": "bank", "brand": "MG새마을금고", "brand:ko": "MG새마을금고", "brand:wikidata": "Q12600614", "brand:wikipedia": "ko:새마을금고", "name": "MG새마을금고", "name:ko": "MG새마을금고"}, "verified_access": false}}, {"type": "Feature", "geometry": {"type": "Point", "coordinates": [126.6610077, 37.4496613]}, "properties": {"osm_type": "node", "osm_id": "7304715094", "tags": {"addr:street": "인하로 118번길", "amenity": "place_of_worship", "name": "인천성광교회", "religion": "christian"}, "verified_access": false}}, {"type": "Feature", "geometry": {"type": "Point", "coordinates": [126.6618577, 37.4495914]}, "properties": {"osm_type": "node", "osm_id": "7304715100", "tags": {"amenity": "theatre", "fax": "+82 32 866 3971", "level": "4", "name": "학산소극장", "phone": "+82 32 866 3993;+82 32 866 3994", "website": "https://www.haksanculture.or.kr/theatre/haksantheater.php"}, "verified_access": false}}, {"type": "Feature", "geometry": {"type": "Point", "coordinates": [126.6173982, 37.4758745]}, "properties": {"osm_type": "node", "osm_id": "7902543836", "tags": {"name": "인천", "name:en": "Incheon", "name:ja": "仁川", "name:ko": "인천", "name:zh": "仁川", "network": "수도권 전철", "operator": "한국철도공사", "operator:en": "Korea Railroad Corporation", "operator:ko": "한국철도공사", "operator:short": "KORAIL", "operator:type": "public", "operator:wikidata": "Q18169", "operator:wikipedia": "en:Korail", "public_transport": "stop_position", "railway": "stop", "ref": "K272", "train": "yes"}, "verified_access": false}}, {"type": "Feature", "geometry": {"type": "Point", "coordinates": [126.6488869, 37.4397554]}, "properties": {"osm_type": "node", "osm_id": "7933863142", "tags": {"construction": "stop_position", "name": "학익", "name:en": "Hagik", "name:ko": "학익", "network": "수도권 전철", "operator": "한국철도공사", "operator:en": "Korea Railroad Corporation", "operator:ko": "한국철도공사", "operator:short": "KORAIL", "operator:type": "public", "operator:wikidata": "Q18169", "operator:wikipedia": "en:Korail", "public_transport": "stop_position", "railway": "construction", "ref": "K268", "train": "yes"}, "verified_access": false}}, {"type": "Feature", "geometry": {"type": "Point", "coordinates": [126.6483599, 37.4379005]}, "properties": {"osm_type": "node", "osm_id": "7933863143", "tags": {"construction": "stop_position", "name": "학익", "name:en": "Hagik", "name:ko": "학익", "network": "수도권 전철", "operator": "한국철도공사", "operator:en": "Korea Railroad Corporation", "operator:ko": "한국철도공사", "operator:short": "KORAIL", "operator:type": "public", "operator:wikidata": "Q18169", "operator:wikipedia": "en:Korail", "public_transport": "stop_position", "railway": "construction", "ref": "K268", "train": "yes"}, "verified_access": false}}, {"type": "Feature", "geometry": {"type": "Point", "coordinates": [126.6601466, 37.4543208]}, "properties": {"osm_type": "node", "osm_id": "8239087924", "tags": {"direction": "73", "highway": "speed_camera", "maxspeed": "70"}, "verified_access": false}}, {"type": "Feature", "geometry": {"type": "Point", "coordinates": [126.6565326, 37.4496712]}, "properties": {"osm_type": "node", "osm_id": "8411370365", "tags": {"amenity": "place_of_worship", "denomination": "sunni", "name": "Room for Namaz (Islamic praying)", "religion": "muslim"}, "verified_access": false}}, {"type": "Feature", "geometry": {"type": "Point", "coordinates": [126.6629542, 37.453585]}, "properties": {"osm_type": "node", "osm_id": "9582933117", "tags": {"bus": "yes", "highway": "bus_stop", "name": "용일초등학교", "name:en": "Bus Yongil Elementary School", "name:ko": "용일초등학교", "network": "인천광역시 시내버스", "network:ko": "인천광역시 시내버스", "network:wikidata": "Q12613485", "public_transport": "platform", "ref": "37233", "route_ref": "36"}, "verified_access": false}}, {"type": "Feature", "geometry": {"type": "Point", "coordinates": [126.6501065, 37.4453647]}, "properties": {"osm_type": "node", "osm_id": "9659463900", "tags": {"crossing": "marked", "crossing:markings": "yes", "highway": "crossing"}, "verified_access": false}}, {"type": "Feature", "geometry": {"type": "Point", "coordinates": [126.6552355, 37.4475547]}, "properties": {"osm_type": "node", "osm_id": "9694405990", "tags": {"amenity": "cafe", "name": "Cafe Dream"}, "verified_access": false}}, {"type": "Feature", "geometry": {"type": "Point", "coordinates": [126.6602909, 37.4514333]}, "properties": {"osm_type": "node", "osm_id": "9695008707", "tags": {"amenity": "restaurant", "cuisine": "pizza", "name": "Suta pizza"}, "verified_access": false}}, {"type": "Feature", "geometry": {"type": "Point", "coordinates": [126.6611248, 37.450177]}, "properties": {"osm_type": "node", "osm_id": "9695039270", "tags": {"amenity": "restaurant", "cuisine": "korean", "name": "곱창다방"}, "verified_access": false}}, {"type": "Feature", "geometry": {"type": "Point", "coordinates": [126.6587259, 37.4514151]}, "properties": {"osm_type": "node", "osm_id": "9695049398", "tags": {"amenity": "restaurant", "cuisine": "chicken", "name": "Thunder Chicken"}, "verified_access": false}}, {"type": "Feature", "geometry": {"type": "Point", "coordinates": [126.6576746, 37.4531569]}, "properties": {"osm_type": "node", "osm_id": "9695063827", "tags": {"amenity": "restaurant", "cuisine": "mexican", "diet:halal": "yes", "name": "Uzkebab"}, "verified_access": false}}, {"type": "Feature", "geometry": {"type": "Point", "coordinates": [126.662656, 37.4490514]}, "properties": {"osm_type": "node", "osm_id": "9695065117", "tags": {"amenity": "cafe", "name": "pit-a-pat"}, "verified_access": false}}, {"type": "Feature", "geometry": {"type": "Point", "coordinates": [126.6609926, 37.4489039]}, "properties": {"osm_type": "node", "osm_id": "9695065118", "tags": {"amenity": "cafe", "name": "Kay’s cafe"}, "verified_access": false}}, {"type": "Feature", "geometry": {"type": "Point", "coordinates": [126.6577899, 37.4511917]}, "properties": {"osm_type": "node", "osm_id": "9731905053", "tags": {"amenity": "restaurant", "name": "맛사랑"}, "verified_access": false}}, {"type": "Feature", "geometry": {"type": "Point", "coordinates": [126.6579317, 37.4511579]}, "properties": {"osm_type": "node", "osm_id": "9731905054", "tags": {"amenity": "cafe", "name": "SoBling"}, "verified_access": false}}, {"type": "Feature", "geometry": {"type": "Point", "coordinates": [126.6576624, 37.451217]}, "properties": {"osm_type": "node", "osm_id": "9731905055", "tags": {"amenity": "restaurant", "name": "삼삼오오"}, "verified_access": false}}, {"type": "Feature", "geometry": {"type": "Point", "coordinates": [126.6581632, 37.4510835]}, "properties": {"osm_type": "node", "osm_id": "9731905056", "tags": {"amenity": "cafe", "name": "Hodabang"}, "verified_access": false}}, {"type": "Feature", "geometry": {"type": "Point", "coordinates": [126.6576791, 37.4513387]}, "properties": {"osm_type": "node", "osm_id": "9731905057", "tags": {"amenity": "restaurant", "name": "이모떡"}, "verified_access": false}}, {"type": "Feature", "geometry": {"type": "Point", "coordinates": [126.657982, 37.4512661]}, "properties": {"osm_type": "node", "osm_id": "9731905058", "tags": {"amenity": "restaurant", "name": "포케품은초밥"}, "verified_access": false}}, {"type": "Feature", "geometry": {"type": "Point", "coordinates": [126.6558381, 37.4509946]}, "properties": {"osm_type": "node", "osm_id": "9767086762", "tags": {"entrance": "entrance", "ref": "2호관 북쪽입구"}, "verified_access": false}}, {"type": "Feature", "geometry": {"type": "Point", "coordinates": [126.6553956, 37.4505569]}, "properties": {"osm_type": "node", "osm_id": "9767095616", "tags": {"entrance": "entrance", "level": "1", "ref": "4호관 북쪽입구"}, "verified_access": false}}, {"type": "Feature", "geometry": {"type": "Point", "coordinates": [126.654983, 37.4503464]}, "properties": {"osm_type": "node", "osm_id": "9767118837", "tags": {"entrance": "yes", "ref": "4호관 서쪽 입구"}, "verified_access": false}}, {"type": "Feature", "geometry": {"type": "Point", "coordinates": [126.6563688, 37.4496712]}, "properties": {"osm_type": "node", "osm_id": "9767122969", "tags": {"entrance": "entrance", "ref": "비룡플라자 입구1"}, "verified_access": false}}, {"type": "Feature", "geometry": {"type": "Point", "coordinates": [126.6563578, 37.4491754]}, "properties": {"osm_type": "node", "osm_id": "9767122970", "tags": {"entrance": "yes", "ref": "비룡플라자 입구2"}, "verified_access": false}}, {"type": "Feature", "geometry": {"type": "Point", "coordinates": [126.6541637, 37.4514446]}, "properties": {"osm_type": "node", "osm_id": "9767128851", "tags": {"entrance": "yes", "ref": "5북 입구"}, "verified_access": false}}, {"type": "Feature", "geometry": {"type": "Point", "coordinates": [126.6538932, 37.4509699]}, "properties": {"osm_type": "node", "osm_id": "9767128852", "tags": {"entrance": "entrance", "ref": "5동 입구"}, "verified_access": false}}, {"type": "Feature", "geometry": {"type": "Point", "coordinates": [126.6541926, 37.4509034]}, "properties": {"osm_type": "node", "osm_id": "9767141262", "tags": {"entrance": "entrance", "ref": "60주년 입구"}, "verified_access": false}}, {"type": "Feature", "geometry": {"type": "Point", "coordinates": [126.663222, 37.453664]}, "properties": {"osm_type": "node", "osm_id": "9864834217", "tags": {"bus": "yes", "highway": "bus_stop", "name:en": "Bus Yongil Elementary School", "network": "인천광역시 시내버스", "network:ko": "인천광역시 시내버스", "network:wikidata": "Q12613485", "public_transport": "platform"}, "verified_access": false}}, {"type": "Feature", "geometry": {"type": "Point", "coordinates": [126.6595832, 37.4505003]}, "properties": {"osm_type": "node", "osm_id": "9865368770", "tags": {"bus": "yes", "highway": "bus_stop", "name": "정석항공과학고", "name:en": "Jeongseok Flight Gwahakgo", "name:ko": "정석항공과학고", "network": "인천광역시 시내버스", "network:ko": "인천광역시 시내버스", "network:wikidata": "Q12613485", "public_transport": "platform", "ref": "37170", "route_ref": "13;27;511;512"}, "verified_access": false}}, {"type": "Feature", "geometry": {"type": "Point", "coordinates": [126.6600006, 37.4502199]}, "properties": {"osm_type": "node", "osm_id": "9865368771", "tags": {"bus": "yes", "highway": "bus_stop", "name": "정석항공과학고", "name:en": "Jeongseok Flight Gwahakgo", "name:ko": "정석항공과학고", "public_transport": "platform", "ref": "37168", "route_ref": "27;511;1601"}, "verified_access": false}}, {"type": "Feature", "geometry": {"type": "Point", "coordinates": [126.6536823, 37.4506687]}, "properties": {"osm_type": "node", "osm_id": "10058101211", "tags": {"access": "permit", "description": "5동 남측 출입구", "door": "hinged", "entrance": "yes"}, "verified_access": false}}, {"type": "Feature", "geometry": {"type": "Point", "coordinates": [126.6530126, 37.4506236]}, "properties": {"osm_type": "node", "osm_id": "10058101212", "tags": {"description": "5남 주출입구", "door": "automatic", "entrance": "gate", "level": "1", "wheelchair": "yes"}, "verified_access": false}}, {"type": "Feature", "geometry": {"type": "Point", "coordinates": [126.6548306, 37.4500506]}, "properties": {"osm_type": "node", "osm_id": "10058101213", "tags": {"access": "permit", "door": "automatic", "entrance": "entrance", "level": "1", "ref": "2호관 남쪽 출입구", "wheelchair": "yes"}, "verified_access": false}}, {"type": "Feature", "geometry": {"type": "Point", "coordinates": [126.6557078, 37.4502393]}, "properties": {"osm_type": "node", "osm_id": "10058101214", "tags": {"access": "permit", "door": "hinged", "entrance": "entrance", "level": "2", "ref": "2호관 동쪽 출입구", "wheelchair": "limited"}, "verified_access": false}}, {"type": "Feature", "geometry": {"type": "Point", "coordinates": [126.6543242, 37.4503931]}, "properties": {"osm_type": "node", "osm_id": "10058101215", "tags": {"access": "permit", "door": "hinged", "entrance": "entrance", "level": "1", "ref": "2남관 서쪽 출입구", "wheelchair": "no"}, "verified_access": false}}, {"type": "Feature", "geometry": {"type": "Point", "coordinates": [126.6549247, 37.4502667]}, "properties": {"osm_type": "node", "osm_id": "10058120918", "tags": {"access": "permit", "door": "hinged", "entrance": "entrance", "level": "2", "ref": "2남관 북쪽 출입구"}, "verified_access": false}}, {"type": "Feature", "geometry": {"type": "Point", "coordinates": [126.6543983, 37.4504961]}, "properties": {"osm_type": "node", "osm_id": "10058120919", "tags": {"access": "private", "door": "shutter", "entrance": "gate", "level": "1", "ref": "2호관 구조시험동 입구", "wheelchair": "no"}, "verified_access": false}}, {"type": "Feature", "geometry": {"type": "Point", "coordinates": [126.6538774, 37.4502714]}, "properties": {"osm_type": "node", "osm_id": "10058120938", "tags": {"access": "customers", "door": "hinged", "entrance": "entrance", "level": "2", "ref": "Grazie 입구", "wheelchair": "yes"}, "verified_access": false}}, {"type": "Feature", "geometry": {"type": "Point", "coordinates": [126.6531039, 37.4484277]}, "properties": {"osm_type": "node", "osm_id": "10058460589", "tags": {"natural": "tree"}, "verified_access": false}}, {"type": "Feature", "geometry": {"type": "Point", "coordinates": [126.6504632, 37.4455976]}, "properties": {"osm_type": "node", "osm_id": "11257934915", "tags": {"crossing": "traffic_signals", "highway": "crossing"}, "verified_access": false}}, {"type": "Feature", "geometry": {"type": "Point", "coordinates": [126.6504708, 37.4452208]}, "properties": {"osm_type": "node", "osm_id": "11257934916", "tags": {"crossing": "traffic_signals", "highway": "crossing"}, "verified_access": false}}, {"type": "Feature", "geometry": {"type": "Point", "coordinates": [126.6515476, 37.4563801]}, "properties": {"osm_type": "node", "osm_id": "11379298320", "tags": {"bus": "yes", "highway": "bus_stop", "name": "용현3동행정복지센터.보훈병원", "public_transport": "platform", "ref": "37221"}, "verified_access": false}}, {"type": "Feature", "geometry": {"type": "Point", "coordinates": [126.6570001, 37.4554863]}, "properties": {"osm_type": "node", "osm_id": "11379298322", "tags": {"bus": "yes", "highway": "bus_stop", "name": "독정이고개", "public_transport": "platform", "ref": "37234"}, "verified_access": false}}, {"type": "Feature", "geometry": {"type": "Point", "coordinates": [126.6476401, 37.4447378]}, "properties": {"osm_type": "node", "osm_id": "11379629358", "tags": {"bus": "yes", "highway": "bus_stop", "name": "힐스테이트학익104동앞", "public_transport": "platform", "ref": "37670"}, "verified_access": false}}, {"type": "Feature", "geometry": {"type": "Point", "coordinates": [126.6475496, 37.4448874]}, "properties": {"osm_type": "node", "osm_id": "11379629359", "tags": {"bus": "yes", "highway": "bus_stop", "name": "힐스테이트학익104동앞", "public_transport": "platform", "ref": "37669"}, "verified_access": false}}, {"type": "Feature", "geometry": {"type": "Point", "coordinates": [126.6500973, 37.4437616]}, "properties": {"osm_type": "node", "osm_id": "11379629360", "tags": {"bus": "yes", "highway": "bus_stop", "name": "힐스테이트학익", "public_transport": "platform", "ref": "37022"}, "verified_access": false}}, {"type": "Feature", "geometry": {"type": "Point", "coordinates": [126.6503381, 37.4437606]}, "properties": {"osm_type": "node", "osm_id": "11379629361", "tags": {"bus": "yes", "highway": "bus_stop", "name": "힐스테이트학익", "public_transport": "platform", "ref": "37023"}, "verified_access": false}}, {"type": "Feature", "geometry": {"type": "Point", "coordinates": [126.6628775, 37.4433846]}, "properties": {"osm_type": "node", "osm_id": "11379634044", "tags": {"bus": "yes", "highway": "bus_stop", "name": "학익사거리(동아풍림아파트)", "public_transport": "platform", "ref": "37084"}, "verified_access": false}}, {"type": "Feature", "geometry": {"type": "Point", "coordinates": [126.6626903, 37.4436838]}, "properties": {"osm_type": "node", "osm_id": "11379634045", "tags": {"bus": "yes", "highway": "bus_stop", "name": "학익사거리(동아풍림아파트)", "public_transport": "platform", "ref": "37089"}, "verified_access": false}}, {"type": "Feature", "geometry": {"type": "Point", "coordinates": [126.6632096, 37.4495551]}, "properties": {"osm_type": "node", "osm_id": "11379634058", "tags": {"bus": "yes", "highway": "bus_stop", "name": "학산소극장", "public_transport": "platform", "ref": "37173"}, "verified_access": false}}, {"type": "Feature", "geometry": {"type": "Point", "coordinates": [126.6630719, 37.4493753]}, "properties": {"osm_type": "node", "osm_id": "11379634059", "tags": {"bus": "yes", "highway": "bus_stop", "name": "학산소극장", "public_transport": "platform", "ref": "37169"}, "verified_access": false}}, {"type": "Feature", "geometry": {"type": "Point", "coordinates": [126.65621, 37.4457448]}, "properties": {"osm_type": "node", "osm_id": "11379634728", "tags": {"bus": "yes", "highway": "bus_stop", "name": "장미아파트(19동)앞", "network": "인천광역시 시내버스", "network:ko": "인천광역시 시내버스", "network:wikidata": "Q12613485", "public_transport": "platform", "ref": "37474"}, "verified_access": false}}, {"type": "Feature", "geometry": {"type": "Point", "coordinates": [126.6564638, 37.4456751]}, "properties": {"osm_type": "node", "osm_id": "11379634729", "tags": {"bus": "yes", "highway": "bus_stop", "name": "장미아파트(19동)앞", "network": "인천광역시 시내버스", "network:ko": "인천광역시 시내버스", "network:wikidata": "Q12613485", "public_transport": "platform", "ref": "37540"}, "verified_access": false}}, {"type": "Feature", "geometry": {"type": "Point", "coordinates": [126.6577372, 37.4454377]}, "properties": {"osm_type": "node", "osm_id": "11379634730", "tags": {"bus": "yes", "highway": "bus_stop", "name": "장미아파트", "network": "인천광역시 시내버스", "network:ko": "인천광역시 시내버스", "network:wikidata": "Q12613485", "public_transport": "platform", "ref": "37092"}, "verified_access": false}}, {"type": "Feature", "geometry": {"type": "Point", "coordinates": [126.6576046, 37.4457609]}, "properties": {"osm_type": "node", "osm_id": "11379634731", "tags": {"bus": "yes", "highway": "bus_stop", "name": "장미아파트", "network": "인천광역시 시내버스", "network:ko": "인천광역시 시내버스", "network:wikidata": "Q12613485", "public_transport": "platform", "ref": "37094"}, "verified_access": false}}, {"type": "Feature", "geometry": {"type": "Point", "coordinates": [126.6568846, 37.4432177]}, "properties": {"osm_type": "node", "osm_id": "11379634732", "tags": {"bus": "yes", "highway": "bus_stop", "name": "장미아파트", "public_transport": "platform", "ref": "37044"}, "verified_access": false}}, {"type": "Feature", "geometry": {"type": "Point", "coordinates": [126.6566974, 37.4510802]}, "properties": {"osm_type": "node", "osm_id": "11379634816", "tags": {"bus": "yes", "highway": "bus_stop", "name": "인하대후문", "network": "인천광역시 시내버스", "network:ko": "인천광역시 시내버스", "network:wikidata": "Q12613485", "public_transport": "platform", "ref": "37166"}, "verified_access": false}}, {"type": "Feature", "geometry": {"type": "Point", "coordinates": [126.6561421, 37.4513813]}, "properties": {"osm_type": "node", "osm_id": "11379634817", "tags": {"bus": "yes", "highway": "bus_stop", "name": "인하대후문", "network": "인천광역시 시내버스", "network:ko": "인천광역시 시내버스", "network:wikidata": "Q12613485", "public_transport": "platform", "ref": "37167"}, "verified_access": false}}, {"type": "Feature", "geometry": {"type": "Point", "coordinates": [126.6557201, 37.4513523]}, "properties": {"osm_type": "node", "osm_id": "11379634818", "tags": {"bus": "yes", "highway": "bus_stop", "name": "인하대후문", "network": "인천광역시 시내버스", "network:ko": "인천광역시 시내버스", "network:wikidata": "Q12613485", "public_transport": "platform", "ref": "37165"}, "verified_access": false}}, {"type": "Feature", "geometry": {"type": "Point", "coordinates": [126.6497171, 37.4497575]}, "properties": {"osm_type": "node", "osm_id": "11379634819", "tags": {"bus": "yes", "highway": "bus_stop", "name": "인하대역4번출구", "public_transport": "platform", "ref": "37122"}, "verified_access": false}}, {"type": "Feature", "geometry": {"type": "Point", "coordinates": [126.649138, 37.4502335]}, "properties": {"osm_type": "node", "osm_id": "11379634820", "tags": {"bus": "yes", "highway": "bus_stop", "name": "인하대역3번출구", "public_transport": "platform", "ref": "37127"}, "verified_access": false}}, {"type": "Feature", "geometry": {"type": "Point", "coordinates": [126.6502949, 37.4476473]}, "properties": {"osm_type": "node", "osm_id": "11379634821", "tags": {"bus": "yes", "highway": "bus_stop", "name": "인하대역(7번출구)", "public_transport": "platform", "ref": "37091"}, "verified_access": false}}, {"type": "Feature", "geometry": {"type": "Point", "coordinates": [126.6500086, 37.4479904]}, "properties": {"osm_type": "node", "osm_id": "11379634822", "tags": {"bus": "yes", "highway": "bus_stop", "name": "인하대역(1번출구)", "public_transport": "platform", "ref": "37066"}, "verified_access": false}}, {"type": "Feature", "geometry": {"type": "Point", "coordinates": [126.6494585, 37.4487537]}, "properties": {"osm_type": "node", "osm_id": "11379634823", "tags": {"bus": "yes", "highway": "bus_stop", "name": "인하대역", "public_transport": "platform", "ref": "37596"}, "verified_access": false}}, {"type": "Feature", "geometry": {"type": "Point", "coordinates": [126.6489624, 37.4567892]}, "properties": {"osm_type": "node", "osm_id": "11379635281", "tags": {"bus": "yes", "highway": "bus_stop", "name": "용현사거리", "public_transport": "platform", "ref": "37213"}, "verified_access": false}}, {"type": "Feature", "geometry": {"type": "Point", "coordinates": [126.6481716, 37.4568671]}, "properties": {"osm_type": "node", "osm_id": "11379635282", "tags": {"bus": "yes", "highway": "bus_stop", "name": "용현사거리", "public_transport": "platform", "ref": "37212"}, "verified_access": false}}, {"type": "Feature", "geometry": {"type": "Point", "coordinates": [126.6454537, 37.4530012]}, "properties": {"osm_type": "node", "osm_id": "11379635283", "tags": {"bus": "yes", "highway": "bus_stop", "name": "용현동성원상떼빌아파트", "public_transport": "platform", "ref": "37546"}, "verified_access": false}}, {"type": "Feature", "geometry": {"type": "Point", "coordinates": [126.6647285, 37.4555978]}, "properties": {"osm_type": "node", "osm_id": "11379635284", "tags": {"bus": "yes", "highway": "bus_stop", "name": "용현동상우빌라", "public_transport": "platform", "ref": "37564"}, "verified_access": false}}, {"type": "Feature", "geometry": {"type": "Point", "coordinates": [126.6646852, 37.4556525]}, "properties": {"osm_type": "node", "osm_id": "11379635285", "tags": {"bus": "yes", "highway": "bus_stop", "name": "용현동상우빌라", "public_transport": "platform", "ref": "37565"}, "verified_access": false}}, {"type": "Feature", "geometry": {"type": "Point", "coordinates": [126.6487073, 37.4543722]}, "properties": {"osm_type": "node", "osm_id": "11379635287", "tags": {"bus": "yes", "highway": "bus_stop", "name": "용현고개", "public_transport": "platform", "ref": "37178"}, "verified_access": false}}, {"type": "Feature", "geometry": {"type": "Point", "coordinates": [126.6490651, 37.4544256]}, "properties": {"osm_type": "node", "osm_id": "11379635288", "tags": {"bus": "yes", "highway": "bus_stop", "name": "용현고개", "public_transport": "platform", "ref": "37497"}, "verified_access": false}}, {"type": "Feature", "geometry": {"type": "Point", "coordinates": [126.6503805, 37.4520159]}, "properties": {"osm_type": "node", "osm_id": "11379635289", "tags": {"bus": "yes", "highway": "bus_stop", "name": "용현고가교", "public_transport": "platform", "ref": "37550"}, "verified_access": false}}, {"type": "Feature", "geometry": {"type": "Point", "coordinates": [126.6488714, 37.4517804]}, "properties": {"osm_type": "node", "osm_id": "11379635290", "tags": {"bus": "yes", "highway": "bus_stop", "name": "용현고가교", "public_transport": "platform", "ref": "37611"}, "verified_access": false}}, {"type": "Feature", "geometry": {"type": "Point", "coordinates": [126.6515819, 37.4565479]}, "properties": {"osm_type": "node", "osm_id": "11379635292", "tags": {"bus": "yes", "highway": "bus_stop", "name": "용현3동행정복지센터.보훈병원", "public_transport": "platform", "ref": "37224"}, "verified_access": false}}, {"type": "Feature", "geometry": {"type": "Point", "coordinates": [126.6642657, 37.4534439]}, "properties": {"osm_type": "node", "osm_id": "11379635304", "tags": {"bus": "yes", "highway": "bus_stop", "name": "용일초등학교", "public_transport": "platform", "ref": "37237"}, "verified_access": false}}, {"type": "Feature", "geometry": {"type": "Point", "coordinates": [126.6619417, 37.4548606]}, "properties": {"osm_type": "node", "osm_id": "11379635779", "tags": {"bus": "yes", "highway": "bus_stop", "name": "아리마을쉼터", "public_transport": "platform", "ref": "37551"}, "verified_access": false}}, {"type": "Feature", "geometry": {"type": "Point", "coordinates": [126.6614113, 37.4547767]}, "properties": {"osm_type": "node", "osm_id": "11379635780", "tags": {"bus": "yes", "highway": "bus_stop", "name": "아리마을쉼터", "public_transport": "platform", "ref": "37552"}, "verified_access": false}}, {"type": "Feature", "geometry": {"type": "Point", "coordinates": [126.6524706, 37.4446814]}, "properties": {"osm_type": "node", "osm_id": "11379637033", "tags": {"bus": "yes", "highway": "bus_stop", "name": "미추홀서사거리", "public_transport": "platform", "ref": "37678"}, "verified_access": false}}, {"type": "Feature", "geometry": {"type": "Point", "coordinates": [126.6547783, 37.4440697]}, "properties": {"osm_type": "node", "osm_id": "11379637038", "tags": {"bus": "yes", "highway": "bus_stop", "name": "미추홀경찰서(장미아파트)", "public_transport": "platform", "ref": "37524"}, "verified_access": false}}, {"type": "Feature", "geometry": {"type": "Point", "coordinates": [126.6563867, 37.4431117]}, "properties": {"osm_type": "node", "osm_id": "11379637359", "tags": {"bus": "yes", "highway": "bus_stop", "name": "두산위브아파트", "public_transport": "platform", "ref": "37043"}, "verified_access": false}}, {"type": "Feature", "geometry": {"type": "Point", "coordinates": [126.6573522, 37.4556343]}, "properties": {"osm_type": "node", "osm_id": "11379637494", "tags": {"bus": "yes", "highway": "bus_stop", "name": "독정이고개", "public_transport": "platform", "ref": "37238"}, "verified_access": false}}, {"type": "Feature", "geometry": {"type": "Point", "coordinates": [126.6464364, 37.4471184]}, "properties": {"osm_type": "node", "osm_id": "11379637497", "tags": {"bus": "yes", "highway": "bus_stop", "name": "독배로317번길(삼거리)", "public_transport": "platform", "ref": "37634"}, "verified_access": false}}, {"type": "Feature", "geometry": {"type": "Point", "coordinates": [126.6451208, 37.4442854]}, "properties": {"osm_type": "node", "osm_id": "11379637632", "tags": {"bus": "yes", "highway": "bus_stop", "name": "대우일렉트로닉스", "public_transport": "platform", "ref": "37462"}, "verified_access": false}}, {"type": "Feature", "geometry": {"type": "Point", "coordinates": [126.6454402, 37.4525988]}, "properties": {"osm_type": "node", "osm_id": "11379638079", "tags": {"bus": "yes", "highway": "bus_stop", "name": "굴다리", "public_transport": "platform", "ref": "37142"}, "verified_access": false}}, {"type": "Feature", "geometry": {"type": "Point", "coordinates": [126.6493361, 37.4453911]}, "properties": {"osm_type": "node", "osm_id": "11379638180", "tags": {"bus": "yes", "highway": "bus_stop", "name": "교통방송사거리", "public_transport": "platform", "ref": "37538"}, "verified_access": false}}, {"type": "Feature", "geometry": {"type": "Point", "coordinates": [126.6496654, 37.4450798]}, "properties": {"osm_type": "node", "osm_id": "11379638181", "tags": {"bus": "yes", "highway": "bus_stop", "name": "교통방송사거리", "public_transport": "platform", "ref": "37539"}, "verified_access": false}}, {"type": "Feature", "geometry": {"type": "Point", "coordinates": [126.6470999, 37.4481289]}, "properties": {"osm_type": "node", "osm_id": "11379638696", "tags": {"bus": "yes", "highway": "bus_stop", "name": "SK스카이뷰", "public_transport": "platform", "ref": "37601"}, "verified_access": false}}, {"type": "Feature", "geometry": {"type": "Point", "coordinates": [126.6658101, 37.4490524]}, "properties": {"osm_type": "node", "osm_id": "11403267420", "tags": {"bus": "yes", "highway": "bus_stop", "name": "용남파출소", "public_transport": "stop_position"}, "verified_access": false}}, {"type": "Feature", "geometry": {"type": "Point", "coordinates": [126.6631692, 37.4494719]}, "properties": {"osm_type": "node", "osm_id": "11403267421", "tags": {"bus": "yes", "highway": "bus_stop", "name": "학산소극장", "public_transport": "stop_position"}, "verified_access": false}}, {"type": "Feature", "geometry": {"type": "Point", "coordinates": [126.659551, 37.4504488]}, "properties": {"osm_type": "node", "osm_id": "11403267422", "tags": {"bus": "yes", "highway": "bus_stop", "name": "정석항공과학고", "public_transport": "stop_position"}, "verified_access": false}}, {"type": "Feature", "geometry": {"type": "Point", "coordinates": [126.6560988, 37.451364]}, "properties": {"osm_type": "node", "osm_id": "11403267423", "tags": {"bus": "yes", "highway": "bus_stop", "name": "인하대후문", "public_transport": "stop_position"}, "verified_access": false}}, {"type": "Feature", "geometry": {"type": "Point", "coordinates": [126.6503815, 37.4519338]}, "properties": {"osm_type": "node", "osm_id": "11403267424", "tags": {"bus": "yes", "highway": "bus_stop", "name": "용현고가교", "public_transport": "stop_position"}, "verified_access": false}}, {"type": "Feature", "geometry": {"type": "Point", "coordinates": [126.6489469, 37.4544964]}, "properties": {"osm_type": "node", "osm_id": "11403267425", "tags": {"bus": "yes", "highway": "bus_stop", "name": "용현고개", "public_transport": "stop_position"}, "verified_access": false}}, {"type": "Feature", "geometry": {"type": "Point", "coordinates": [126.6495303, 37.4574571]}, "properties": {"osm_type": "node", "osm_id": "11403267426", "tags": {"bus": "yes", "highway": "bus_stop", "name": "용현시장", "public_transport": "stop_position"}, "verified_access": false}}, {"type": "Feature", "geometry": {"type": "Point", "coordinates": [126.6618725, 37.4495292]}, "properties": {"osm_type": "node", "osm_id": "11690469306", "tags": {"amenity": "community_centre", "community_centre": "cultural_centre", "fax": "+82 32 866 3971", "level": "3", "name": "미추홀학산문화원", "name:ko": "미추홀학산문화원", "phone": "+82 32 866 3993;+82 32 866 3994", "website": "https://www.haksanculture.or.kr/"}, "verified_access": false}}, {"type": "Feature", "geometry": {"type": "Point", "coordinates": [126.6564699, 37.4493163]}, "properties": {"osm_type": "node", "osm_id": "13986125138", "tags": {"amenity": "cafe", "cuisine": "coffee_shop", "name": "블루포트"}, "verified_access": false}}, {"type": "Feature", "geometry": {"type": "Point", "coordinates": [126.6566487, 37.4495988]}, "properties": {"osm_type": "node", "osm_id": "13986125142", "tags": {"amenity": "fast_food", "cuisine": "burger", "name": "버거리"}, "verified_access": false}}, {"type": "Feature", "geometry": {"type": "Point", "coordinates": [126.6564663, 37.4496102]}, "properties": {"osm_type": "node", "osm_id": "13986125143", "tags": {"amenity": "fast_food", "brand": "써브웨이", "brand:en": "Subway", "brand:ko": "써브웨이", "brand:wikidata": "Q244457", "cuisine": "sandwich", "name": "써브웨이", "name:en": "Subway", "name:ko": "써브웨이", "takeaway": "yes"}, "verified_access": false}}, {"type": "Feature", "geometry": {"type": "Point", "coordinates": [126.6566147, 37.4495009]}, "properties": {"osm_type": "node", "osm_id": "13986125145", "tags": {"amenity": "post_office", "name": "인하대학교우편취급국"}, "verified_access": false}}, {"type": "Feature", "geometry": {"type": "Point", "coordinates": [126.6523178, 37.4510666]}, "properties": {"osm_type": "node", "osm_id": "13986125148", "tags": {"amenity": "cafe", "cuisine": "coffee_shop", "name": "블루포트"}, "verified_access": false}}, {"type": "Feature", "geometry": {"type": "Point", "coordinates": [126.6565004, 37.4513292]}, "properties": {"osm_type": "node", "osm_id": "13986133593", "tags": {"amenity": "restaurant", "name": "백소정"}, "verified_access": false}}, {"type": "Feature", "geometry": {"type": "Point", "coordinates": [126.6564123, 37.4513625]}, "properties": {"osm_type": "node", "osm_id": "13986133597", "tags": {"amenity": "cafe", "brand": "컴포즈커피", "brand:en": "Compose Coffee", "brand:ko": "컴포즈커피", "brand:wikidata": "Q120997937", "cuisine": "coffee_shop", "name": "컴포즈커피", "name:en": "Compose Coffee", "name:ko": "컴포즈커피", "takeaway": "yes"}, "verified_access": false}}, {"type": "Feature", "geometry": {"type": "Point", "coordinates": [126.6564556, 37.451482]}, "properties": {"osm_type": "node", "osm_id": "13986133598", "tags": {"amenity": "fast_food", "cuisine": "sandwich", "name": "샐러리아"}, "verified_access": false}}, {"type": "Feature", "geometry": {"type": "Point", "coordinates": [126.6563648, 37.4515002]}, "properties": {"osm_type": "node", "osm_id": "13986133599", "tags": {"amenity": "restaurant", "name": "면식당"}, "verified_access": false}}, {"type": "Feature", "geometry": {"type": "Point", "coordinates": [126.6578588, 37.450974]}, "properties": {"osm_type": "node", "osm_id": "13986157376", "tags": {"amenity": "cafe", "cuisine": "bubble_tea", "name": "아마스빈"}, "verified_access": false}}, {"type": "Feature", "geometry": {"type": "Point", "coordinates": [126.6580005, 37.450961]}, "properties": {"osm_type": "node", "osm_id": "13986157377", "tags": {"amenity": "restaurant", "cuisine": "chinese", "name": "인하각"}, "verified_access": false}}, {"type": "Feature", "geometry": {"type": "Point", "coordinates": [126.6581607, 37.4509202]}, "properties": {"osm_type": "node", "osm_id": "13986157378", "tags": {"amenity": "restaurant", "cuisine": "korean", "name": "박지혜순대국"}, "verified_access": false}}, {"type": "Feature", "geometry": {"type": "Point", "coordinates": [126.6583497, 37.4510425]}, "properties": {"osm_type": "node", "osm_id": "13986157380", "tags": {"amenity": "restaurant", "cuisine": "korean", "name": "내동칼국수"}, "verified_access": false}}, {"type": "Feature", "geometry": {"type": "Point", "coordinates": [126.6584195, 37.4511827]}, "properties": {"osm_type": "node", "osm_id": "13986157381", "tags": {"amenity": "restaurant", "name": "콩불"}, "verified_access": false}}, {"type": "Feature", "geometry": {"type": "Point", "coordinates": [126.6584832, 37.4513393]}, "properties": {"osm_type": "node", "osm_id": "13986157382", "tags": {"amenity": "cafe", "cuisine": "coffee_shop", "name": "위플라"}, "verified_access": false}}, {"type": "Feature", "geometry": {"type": "Point", "coordinates": [126.6583394, 37.4513686]}, "properties": {"osm_type": "node", "osm_id": "13986157383", "tags": {"amenity": "restaurant", "name": "알촌"}, "verified_access": false}}, {"type": "Feature", "geometry": {"type": "Point", "coordinates": [126.6582203, 37.4514126]}, "properties": {"osm_type": "node", "osm_id": "13986157384", "tags": {"amenity": "restaurant", "brand": "양궈푸마라탕", "brand:en": "Yangguofu Spicy Hot Pot", "brand:ko": "양궈푸마라탕", "brand:wikidata": "Q108210209", "brand:zh": "杨国福麻辣烫", "cuisine": "chinese;malatang", "name": "양궈푸마라탕", "name:en": "Yangguofu Spicy Hot Pot", "name:ko": "양궈푸마라탕", "name:zh": "杨国福麻辣烫"}, "verified_access": false}}, {"type": "Feature", "geometry": {"type": "Point", "coordinates": [126.6580477, 37.4514567]}, "properties": {"osm_type": "node", "osm_id": "13986157385", "tags": {"amenity": "bar", "name": "금별맥주"}, "verified_access": false}}, {"type": "Feature", "geometry": {"type": "Point", "coordinates": [126.657828, 37.4513278]}, "properties": {"osm_type": "node", "osm_id": "13986157386", "tags": {"amenity": "cafe", "cuisine": "coffee_shop", "name": "훗카페"}, "verified_access": false}}, {"type": "Feature", "geometry": {"type": "Point", "coordinates": [126.6578731, 37.4514958]}, "properties": {"osm_type": "node", "osm_id": "13986157387", "tags": {"amenity": "fast_food", "cuisine": "chicken", "name": "푸라닭"}, "verified_access": false}}, {"type": "Feature", "geometry": {"type": "Point", "coordinates": [126.6577088, 37.4515431]}, "properties": {"osm_type": "node", "osm_id": "13986157388", "tags": {"amenity": "restaurant", "name": "큰손샤브샤브"}, "verified_access": false}}, {"type": "Feature", "geometry": {"type": "Point", "coordinates": [126.6575548, 37.4515871]}, "properties": {"osm_type": "node", "osm_id": "13986157389", "tags": {"amenity": "restaurant", "cuisine": "japanese", "name": "멘지"}, "verified_access": false}}, {"type": "Feature", "geometry": {"type": "Point", "coordinates": [126.6574521, 37.4516214]}, "properties": {"osm_type": "node", "osm_id": "13986157390", "tags": {"amenity": "restaurant", "name": "청년다방"}, "verified_access": false}}, {"type": "Feature", "geometry": {"type": "Point", "coordinates": [126.6573268, 37.4516442]}, "properties": {"osm_type": "node", "osm_id": "13986157391", "tags": {"amenity": "restaurant", "cuisine": "pizza", "name": "레오펍"}, "verified_access": false}}, {"type": "Feature", "geometry": {"type": "Point", "coordinates": [126.6572405, 37.4516083]}, "properties": {"osm_type": "node", "osm_id": "13986157392", "tags": {"amenity": "ice_cream", "brand": "배스킨라빈스", "brand:en": "Baskin-Robbins", "brand:ja": "バスキン・ロビンス", "brand:ka": "ბასკინ რობინსი", "brand:ko": "배스킨라빈스", "brand:wikidata": "Q584601", "brand:zh": "31冰淇淋", "name": "배스킨라빈스", "name:en": "Baskin-Robbins", "name:ja": "サーティワンアイスクリーム", "name:ka": "ბასკინ რობინსი", "name:ko": "배스킨라빈스"}, "verified_access": false}}, {"type": "Feature", "geometry": {"type": "Point", "coordinates": [126.657298, 37.4515366]}, "properties": {"osm_type": "node", "osm_id": "13986157393", "tags": {"amenity": "cafe", "brand": "설빙", "brand:en": "Sulbing", "brand:ko": "설빙", "brand:wikidata": "Q18156373", "cuisine": "dessert", "name": "설빙", "name:en": "Sulbing", "name:ko": "설빙", "takeaway": "yes"}, "verified_access": false}}, {"type": "Feature", "geometry": {"type": "Point", "coordinates": [126.6571933, 37.4515088]}, "properties": {"osm_type": "node", "osm_id": "13986157394", "tags": {"amenity": "cafe", "cuisine": "coffee_shop", "name": "히어로보드게임카페"}, "verified_access": false}}, {"type": "Feature", "geometry": {"type": "Point", "coordinates": [126.6571727, 37.4514453]}, "properties": {"osm_type": "node", "osm_id": "13986157395", "tags": {"alt_name": "Kentucky Fried Chicken", "amenity": "fast_food", "brand": "KFC", "brand:wikidata": "Q524757", "cuisine": "chicken", "name": "KFC", "takeaway": "yes"}, "verified_access": false}}, {"type": "Feature", "geometry": {"type": "Point", "coordinates": [126.6573596, 37.4514241]}, "properties": {"osm_type": "node", "osm_id": "13986157396", "tags": {"amenity": "cafe", "cuisine": "coffee_shop", "name": "파브커피컴퍼니"}, "verified_access": false}}, {"type": "Feature", "geometry": {"type": "Point", "coordinates": [126.657524, 37.4513963]}, "properties": {"osm_type": "node", "osm_id": "13986157397", "tags": {"amenity": "fast_food", "cuisine": "burger", "name": "밀플랜비"}, "verified_access": false}}, {"type": "Feature", "geometry": {"type": "Point", "coordinates": [126.6570885, 37.4515871]}, "properties": {"osm_type": "node", "osm_id": "13986157399", "tags": {"amenity": "cafe", "brand": "메가MGC커피", "brand:en": "Mega Coffee", "brand:ko": "메가MGC커피", "brand:wikidata": "Q120998343", "cuisine": "coffee_shop", "name": "메가MGC커피", "name:en": "Mega Coffee", "name:ko": "메가MGC커피", "short_name": "MGC", "takeaway": "yes"}, "verified_access": false}}, {"type": "Feature", "geometry": {"type": "Point", "coordinates": [126.6570392, 37.4515072]}, "properties": {"osm_type": "node", "osm_id": "13986157400", "tags": {"amenity": "cafe", "cuisine": "coffee_shop", "name": "치즈홀덤"}, "verified_access": false}}, {"type": "Feature", "geometry": {"type": "Point", "coordinates": [126.6571255, 37.4513507]}, "properties": {"osm_type": "node", "osm_id": "13986167602", "tags": {"amenity": "cafe", "brand": "매머드커피", "brand:en": "Mammoth Coffee", "brand:ko": "매머드커피", "brand:wikidata": "Q120998386", "cuisine": "coffee_shop", "name": "매머드커피", "name:en": "Mammoth Coffee", "name:ko": "매머드커피", "takeaway": "yes"}, "verified_access": false}}, {"type": "Feature", "geometry": {"type": "Point", "coordinates": [126.6572035, 37.451305]}, "properties": {"osm_type": "node", "osm_id": "13986167603", "tags": {"amenity": "cafe", "cuisine": "coffee_shop", "name": "콜드케이스"}, "verified_access": false}}, {"type": "Feature", "geometry": {"type": "Point", "coordinates": [126.6570844, 37.4512007]}, "properties": {"osm_type": "node", "osm_id": "13986167604", "tags": {"amenity": "restaurant", "name": "핵밥"}, "verified_access": false}}, {"type": "Feature", "geometry": {"type": "Point", "coordinates": [126.6572836, 37.4512643]}, "properties": {"osm_type": "node", "osm_id": "13986167606", "tags": {"amenity": "cafe", "cuisine": "coffee_shop", "name": "베브릿지"}, "verified_access": false}}, {"type": "Feature", "geometry": {"type": "Point", "coordinates": [126.6573473, 37.4511485]}, "properties": {"osm_type": "node", "osm_id": "13986167607", "tags": {"amenity": "fast_food", "cuisine": "burger", "name": "노브랜드버거"}, "verified_access": false}}, {"type": "Feature", "geometry": {"type": "Point", "coordinates": [126.657489, 37.4511142]}, "properties": {"osm_type": "node", "osm_id": "13986167608", "tags": {"amenity": "fast_food", "cuisine": "sandwich", "name": "이삭토스트"}, "verified_access": false}}, {"type": "Feature", "geometry": {"type": "Point", "coordinates": [126.6576349, 37.4510718]}, "properties": {"osm_type": "node", "osm_id": "13986167609", "tags": {"amenity": "restaurant", "name": "형제닭꼬치"}, "verified_access": false}}, {"type": "Feature", "geometry": {"type": "Point", "coordinates": [126.6577335, 37.4510441]}, "properties": {"osm_type": "node", "osm_id": "13986167610", "tags": {"amenity": "library", "name": "메이트스터디카페"}, "verified_access": false}}, {"type": "Feature", "geometry": {"type": "Point", "coordinates": [126.6575445, 37.4512577]}, "properties": {"osm_type": "node", "osm_id": "13986167611", "tags": {"amenity": "restaurant", "name": "난라야미얀마식당"}, "verified_access": false}}, {"type": "Feature", "geometry": {"type": "Point", "coordinates": [126.6573946, 37.4512903]}, "properties": {"osm_type": "node", "osm_id": "13986167612", "tags": {"amenity": "restaurant", "cuisine": "chinese", "name": "수봉차이나"}, "verified_access": false}}, {"type": "Feature", "geometry": {"type": "Point", "coordinates": [126.6577294, 37.4514779]}, "properties": {"osm_type": "node", "osm_id": "13986167613", "tags": {"amenity": "restaurant", "name": "슬로우캘리"}, "verified_access": false}}, {"type": "Feature", "geometry": {"type": "Point", "coordinates": [126.6578444, 37.4514501]}, "properties": {"osm_type": "node", "osm_id": "13986167614", "tags": {"amenity": "restaurant", "name": "큰손샤브샤브"}, "verified_access": false}}, {"type": "Feature", "geometry": {"type": "Point", "coordinates": [126.657524, 37.4515252]}, "properties": {"osm_type": "node", "osm_id": "13986167615", "tags": {"amenity": "restaurant", "name": "치즈를사랑한찜닭"}, "verified_access": false}}, {"type": "Feature", "geometry": {"type": "Point", "coordinates": [126.6582655, 37.4515382]}, "properties": {"osm_type": "node", "osm_id": "13986167616", "tags": {"amenity": "restaurant", "name": "동아리닭갈비"}, "verified_access": false}}, {"type": "Feature", "geometry": {"type": "Point", "coordinates": [126.658021, 37.4516507]}, "properties": {"osm_type": "node", "osm_id": "13986167617", "tags": {"amenity": "fast_food", "cuisine": "chicken", "name": "노랑통닭"}, "verified_access": false}}, {"type": "Feature", "geometry": {"type": "Point", "coordinates": [126.6567434, 37.4513197]}, "properties": {"osm_type": "node", "osm_id": "13986167618", "tags": {"amenity": "fast_food", "cuisine": "sandwich", "name": "오이아샌드위치인하대"}, "verified_access": false}}, {"type": "Feature", "geometry": {"type": "Point", "coordinates": [126.6565803, 37.4513195]}, "properties": {"osm_type": "node", "osm_id": "13986167619", "tags": {"amenity": "cafe", "brand": "투썸플레이스", "brand:en": "A Twosome Place", "brand:ko": "투썸플레이스", "brand:wikidata": "Q12621301", "cuisine": "coffee_shop", "name": "투썸플레이스", "name:en": "A Twosome Place", "name:ko": "투썸플레이스", "takeaway": "yes"}, "verified_access": false}}, {"type": "Feature", "geometry": {"type": "Point", "coordinates": [126.6568461, 37.4515806]}, "properties": {"osm_type": "node", "osm_id": "13986167620", "tags": {"amenity": "cafe", "name": "사랑채전통찻집"}, "verified_access": false}}, {"type": "Feature", "geometry": {"type": "Point", "coordinates": [126.6567475, 37.4517975]}, "properties": {"osm_type": "node", "osm_id": "13986167623", "tags": {"amenity": "bar", "name": "투다리"}, "verified_access": false}}, {"type": "Feature", "geometry": {"type": "Point", "coordinates": [126.6567023, 37.4517176]}, "properties": {"osm_type": "node", "osm_id": "13986167624", "tags": {"amenity": "restaurant", "brand": "BBQ치킨", "brand:en": "bb.q", "brand:ko": "BBQ치킨", "brand:wikidata": "Q87716489", "cuisine": "chicken", "name": "BBQ치킨", "name:en": "bb.q Olive Chicken Cafe", "name:ko": "BBQ치킨"}, "verified_access": false}}, {"type": "Feature", "geometry": {"type": "Point", "coordinates": [126.656842, 37.4517779]}, "properties": {"osm_type": "node", "osm_id": "13986167625", "tags": {"amenity": "bar", "name": "압구정수산시장"}, "verified_access": false}}, {"type": "Feature", "geometry": {"type": "Point", "coordinates": [126.6568071, 37.4517094]}, "properties": {"osm_type": "node", "osm_id": "13986167626", "tags": {"amenity": "restaurant", "cuisine": "sushi", "name": "가메이"}, "verified_access": false}}, {"type": "Feature", "geometry": {"type": "Point", "coordinates": [126.6565113, 37.4516328]}, "properties": {"osm_type": "node", "osm_id": "13986167628", "tags": {"amenity": "restaurant", "cuisine": "korean", "name": "조선탕반"}, "verified_access": false}}, {"type": "Feature", "geometry": {"type": "Point", "coordinates": [126.6565976, 37.4518366]}, "properties": {"osm_type": "node", "osm_id": "13986167630", "tags": {"amenity": "restaurant", "name": "인하닭강정&로제떡볶이"}, "verified_access": false}}, {"type": "Feature", "geometry": {"type": "Point", "coordinates": [126.6564702, 37.4518725]}, "properties": {"osm_type": "node", "osm_id": "13986167631", "tags": {"amenity": "bar", "name": "이나술"}, "verified_access": false}}, {"type": "Feature", "geometry": {"type": "Point", "coordinates": [126.6563532, 37.4519067]}, "properties": {"osm_type": "node", "osm_id": "13986167632", "tags": {"amenity": "restaurant", "name": "더진국"}, "verified_access": false}}, {"type": "Feature", "geometry": {"type": "Point", "coordinates": [126.6562381, 37.4519475]}, "properties": {"osm_type": "node", "osm_id": "13986167633", "tags": {"amenity": "restaurant", "cuisine": "korean", "name": "궁중보쌈"}, "verified_access": false}}, {"type": "Feature", "geometry": {"type": "Point", "coordinates": [126.6561498, 37.4519556]}, "properties": {"osm_type": "node", "osm_id": "13986167634", "tags": {"amenity": "fast_food", "cuisine": "chicken", "name": "레커훈스"}, "verified_access": false}}, {"type": "Feature", "geometry": {"type": "Point", "coordinates": [126.6561211, 37.4518888]}, "properties": {"osm_type": "node", "osm_id": "13986167635", "tags": {"amenity": "restaurant", "name": "정직유부"}, "verified_access": false}}, {"type": "Feature", "geometry": {"type": "Point", "coordinates": [126.6561005, 37.451773]}, "properties": {"osm_type": "node", "osm_id": "13986167636", "tags": {"amenity": "cafe", "cuisine": "coffee_shop", "name": "엘에스프레소"}, "verified_access": false}}, {"type": "Feature", "geometry": {"type": "Point", "coordinates": [126.656234, 37.4518708]}, "properties": {"osm_type": "node", "osm_id": "13986167637", "tags": {"amenity": "restaurant", "name": "매운애갈비찜"}, "verified_access": false}}, {"type": "Feature", "geometry": {"type": "Point", "coordinates": [126.6562546, 37.4517453]}, "properties": {"osm_type": "node", "osm_id": "13986167638", "tags": {"amenity": "restaurant", "name": "두찜"}, "verified_access": false}}, {"type": "Feature", "geometry": {"type": "Point", "coordinates": [126.6563901, 37.451729]}, "properties": {"osm_type": "node", "osm_id": "13986167639", "tags": {"amenity": "restaurant", "name": "돈먹자왕돈까스"}, "verified_access": false}}, {"type": "Feature", "geometry": {"type": "Point", "coordinates": [126.6564661, 37.4518073]}, "properties": {"osm_type": "node", "osm_id": "13986167640", "tags": {"amenity": "cafe", "cuisine": "coffee_shop"}, "verified_access": false}}, {"type": "Feature", "geometry": {"type": "Point", "coordinates": [126.6560274, 37.451482]}, "properties": {"osm_type": "node", "osm_id": "13986183501", "tags": {"amenity": "restaurant", "name": "역전우동-41-"}, "verified_access": false}}, {"type": "Feature", "geometry": {"type": "Point", "coordinates": [126.6560925, 37.4515799]}, "properties": {"osm_type": "node", "osm_id": "13986183503", "tags": {"amenity": "restaurant", "name": "내가찜한닭"}, "verified_access": false}}, {"type": "Feature", "geometry": {"type": "Point", "coordinates": [126.6559854, 37.4518811]}, "properties": {"osm_type": "node", "osm_id": "13986183505", "tags": {"amenity": "restaurant", "cuisine": "sushi", "name": "구름카츠"}, "verified_access": false}}, {"type": "Feature", "geometry": {"type": "Point", "coordinates": [126.6558594, 37.4518585]}, "properties": {"osm_type": "node", "osm_id": "13986183506", "tags": {"amenity": "restaurant", "cuisine": "sushi", "name": "이치라멘&돈가스"}, "verified_access": false}}, {"type": "Feature", "geometry": {"type": "Point", "coordinates": [126.655793, 37.4515207]}, "properties": {"osm_type": "node", "osm_id": "13986183507", "tags": {"amenity": "restaurant", "name": "지지고"}, "verified_access": false}}, {"type": "Feature", "geometry": {"type": "Point", "coordinates": [126.6559027, 37.4516993]}, "properties": {"osm_type": "node", "osm_id": "13986183508", "tags": {"amenity": "restaurant", "cuisine": "korean", "name": "본가신촌설렁탕"}, "verified_access": false}}, {"type": "Feature", "geometry": {"type": "Point", "coordinates": [126.6558024, 37.4516928]}, "properties": {"osm_type": "node", "osm_id": "13986183509", "tags": {"amenity": "restaurant", "name": "신촌샤브샤브"}, "verified_access": false}}, {"type": "Feature", "geometry": {"type": "Point", "coordinates": [126.6557577, 37.4516175]}, "properties": {"osm_type": "node", "osm_id": "13986183510", "tags": {"amenity": "restaurant", "name": "행컵"}, "verified_access": false}}, {"type": "Feature", "geometry": {"type": "Point", "coordinates": [126.6554908, 37.4516272]}, "properties": {"osm_type": "node", "osm_id": "13986183513", "tags": {"amenity": "cafe", "cuisine": "coffee_shop", "name": "뭉크커피"}, "verified_access": false}}, {"type": "Feature", "geometry": {"type": "Point", "coordinates": [126.6553973, 37.4516573]}, "properties": {"osm_type": "node", "osm_id": "13986183514", "tags": {"amenity": "cafe", "brand": "공차", "brand:en": "Gong Cha", "brand:ko": "공차", "brand:wikidata": "Q5581670", "brand:zh": "貢茶", "cuisine": "bubble_tea", "name": "공차", "name:en": "Gong Cha", "name:ko": "공차", "name:zh": "貢茶", "takeaway": "yes"}, "verified_access": false}}, {"type": "Feature", "geometry": {"type": "Point", "coordinates": [126.655301, 37.4516874]}, "properties": {"osm_type": "node", "osm_id": "13986183515", "tags": {"amenity": "restaurant", "name": "삼청당"}, "verified_access": false}}, {"type": "Feature", "geometry": {"type": "Point", "coordinates": [126.6549853, 37.4517853]}, "properties": {"osm_type": "node", "osm_id": "13986183516", "tags": {"amenity": "cafe", "brand": "스타벅스", "brand:en": "Starbucks", "brand:ko": "스타벅스", "brand:wikidata": "Q37158", "cuisine": "coffee_shop", "name": "스타벅스", "name:en": "Starbucks", "name:ko": "스타벅스", "takeaway": "yes"}, "verified_access": false}}, {"type": "Feature", "geometry": {"type": "Point", "coordinates": [126.6550137, 37.4518617]}, "properties": {"osm_type": "node", "osm_id": "13986183518", "tags": {"amenity": "library", "name": "골든스터디카페"}, "verified_access": false}}, {"type": "Feature", "geometry": {"type": "Point", "coordinates": [126.6553309, 37.4517714]}, "properties": {"osm_type": "node", "osm_id": "13986183519", "tags": {"amenity": "restaurant", "name": "돈까스전문점허수아비"}, "verified_access": false}}, {"type": "Feature", "geometry": {"type": "Point", "coordinates": [126.6548064, 37.4518531]}, "properties": {"osm_type": "node", "osm_id": "13986183520", "tags": {"amenity": "restaurant", "cuisine": "indian", "name": "커리야"}, "verified_access": false}}, {"type": "Feature", "geometry": {"type": "Point", "coordinates": [126.6546573, 37.451894]}, "properties": {"osm_type": "node", "osm_id": "13986183521", "tags": {"amenity": "restaurant", "name": "육쌈냉면"}, "verified_access": false}}, {"type": "Feature", "geometry": {"type": "Point", "coordinates": [126.6546899, 37.4519758]}, "properties": {"osm_type": "node", "osm_id": "13986183522", "tags": {"amenity": "restaurant", "cuisine": "italian", "name": "롤링파스타"}, "verified_access": false}}, {"type": "Feature", "geometry": {"type": "Point", "coordinates": [126.6545083, 37.4519263]}, "properties": {"osm_type": "node", "osm_id": "13986183523", "tags": {"amenity": "cafe", "brand": "이디야커피", "brand:en": "Ediya Coffee", "brand:ko": "이디야커피", "brand:wikidata": "Q12611298", "cuisine": "coffee_shop", "name": "이디야커피", "name:en": "Ediya Coffee", "name:ko": "이디야커피", "takeaway": "yes"}, "verified_access": false}}, {"type": "Feature", "geometry": {"type": "Point", "coordinates": [126.6543592, 37.4519704]}, "properties": {"osm_type": "node", "osm_id": "13986183524", "tags": {"amenity": "restaurant", "cuisine": "korean", "name": "찌개사랑"}, "verified_access": false}}, {"type": "Feature", "geometry": {"type": "Point", "coordinates": [126.6543795, 37.4520317]}, "properties": {"osm_type": "node", "osm_id": "13986183525", "tags": {"amenity": "cafe", "cuisine": "coffee_shop", "name": "카페삼층"}, "verified_access": false}}, {"type": "Feature", "geometry": {"type": "Point", "coordinates": [126.6538619, 37.4521113]}, "properties": {"osm_type": "node", "osm_id": "13986183528", "tags": {"amenity": "cafe", "name": "팥지콩지"}, "verified_access": false}}, {"type": "Feature", "geometry": {"type": "Point", "coordinates": [126.6534011, 37.452292]}, "properties": {"osm_type": "node", "osm_id": "13986183530", "tags": {"amenity": "restaurant", "cuisine": "sushi", "name": "회뜨는포차"}, "verified_access": false}}, {"type": "Feature", "geometry": {"type": "Point", "coordinates": [126.6541573, 37.4522221]}, "properties": {"osm_type": "node", "osm_id": "13986183532", "tags": {"amenity": "restaurant", "cuisine": "italian", "name": "까사올리브"}, "verified_access": false}}, {"type": "Feature", "geometry": {"type": "Point", "coordinates": [126.6545923, 37.4525911]}, "properties": {"osm_type": "node", "osm_id": "13986183534", "tags": {"amenity": "cafe", "name": "카페위위"}, "verified_access": false}}, {"type": "Feature", "geometry": {"type": "Point", "coordinates": [126.6555097, 37.4522404]}, "properties": {"osm_type": "node", "osm_id": "13986183537", "tags": {"amenity": "restaurant", "name": "촌닭"}, "verified_access": false}}, {"type": "Feature", "geometry": {"type": "Point", "coordinates": [126.6548755, 37.4520285]}, "properties": {"osm_type": "node", "osm_id": "13986183538", "tags": {"amenity": "restaurant", "name": "무한리필삼겹의난"}, "verified_access": false}}, {"type": "Feature", "geometry": {"type": "Point", "coordinates": [126.6548416, 37.4519682]}, "properties": {"osm_type": "node", "osm_id": "13986183539", "tags": {"amenity": "restaurant", "name": "전골의법칙얼큰한곱창전골"}, "verified_access": false}}, {"type": "Feature", "geometry": {"type": "Point", "coordinates": [126.6556751, 37.4521985]}, "properties": {"osm_type": "node", "osm_id": "13986203854", "tags": {"amenity": "restaurant", "name": "고기덕후를위한곳"}, "verified_access": false}}, {"type": "Feature", "geometry": {"type": "Point", "coordinates": [126.6560762, 37.4521318]}, "properties": {"osm_type": "node", "osm_id": "13986203855", "tags": {"amenity": "restaurant", "cuisine": "sushi", "name": "탄포포"}, "verified_access": false}}, {"type": "Feature", "geometry": {"type": "Point", "coordinates": [126.6561209, 37.4522608]}, "properties": {"osm_type": "node", "osm_id": "13986203856", "tags": {"amenity": "restaurant", "name": "신전떡볶이"}, "verified_access": false}}, {"type": "Feature", "geometry": {"type": "Point", "coordinates": [126.6562117, 37.4520554]}, "properties": {"osm_type": "node", "osm_id": "13986203857", "tags": {"amenity": "restaurant", "cuisine": "chinese", "name": "중경마라탕"}, "verified_access": false}}, {"type": "Feature", "geometry": {"type": "Point", "coordinates": [126.6562984, 37.4522092]}, "properties": {"osm_type": "node", "osm_id": "13986203859", "tags": {"amenity": "restaurant", "name": "다우리식당"}, "verified_access": false}}, {"type": "Feature", "geometry": {"type": "Point", "coordinates": [126.656564, 37.4524351]}, "properties": {"osm_type": "node", "osm_id": "13986203860", "tags": {"amenity": "restaurant", "name": "동대문엽기떡볶이"}, "verified_access": false}}, {"type": "Feature", "geometry": {"type": "Point", "coordinates": [126.6569828, 37.4523146]}, "properties": {"osm_type": "node", "osm_id": "13986203861", "tags": {"amenity": "restaurant", "name": "불판위에서춤추는갈매기"}, "verified_access": false}}, {"type": "Feature", "geometry": {"type": "Point", "coordinates": [126.6569299, 37.452178]}, "properties": {"osm_type": "node", "osm_id": "13986203862", "tags": {"amenity": "internet_cafe", "name": "로하스PC방"}, "verified_access": false}}, {"type": "Feature", "geometry": {"type": "Point", "coordinates": [126.6568744, 37.4520328]}, "properties": {"osm_type": "node", "osm_id": "13986203863", "tags": {"amenity": "fast_food", "cuisine": "chicken", "name": "아웃닭"}, "verified_access": false}}, {"type": "Feature", "geometry": {"type": "Point", "coordinates": [126.6568283, 37.4519026]}, "properties": {"osm_type": "node", "osm_id": "13986203864", "tags": {"amenity": "bar", "name": "인쌩맥주"}, "verified_access": false}}, {"type": "Feature", "geometry": {"type": "Point", "coordinates": [126.6566833, 37.4519575]}, "properties": {"osm_type": "node", "osm_id": "13986203865", "tags": {"amenity": "restaurant", "name": "솣불구이먹방"}, "verified_access": false}}, {"type": "Feature", "geometry": {"type": "Point", "coordinates": [126.6563797, 37.4520371]}, "properties": {"osm_type": "node", "osm_id": "13986203866", "tags": {"amenity": "restaurant", "name": "디아스라면앤드카페"}, "verified_access": false}}, {"type": "Feature", "geometry": {"type": "Point", "coordinates": [126.6564556, 37.4521748]}, "properties": {"osm_type": "node", "osm_id": "13986203867", "tags": {"amenity": "restaurant", "name": "인하칼국수"}, "verified_access": false}}, {"type": "Feature", "geometry": {"type": "Point", "coordinates": [126.6567768, 37.4523803]}, "properties": {"osm_type": "node", "osm_id": "13986203868", "tags": {"amenity": "restaurant", "name": "효자동솥뚜껑"}, "verified_access": false}}, {"type": "Feature", "geometry": {"type": "Point", "coordinates": [126.6571671, 37.4522727]}, "properties": {"osm_type": "node", "osm_id": "13986203869", "tags": {"amenity": "bar", "name": "역전할머니맥주"}, "verified_access": false}}, {"type": "Feature", "geometry": {"type": "Point", "coordinates": [126.6571142, 37.4521447]}, "properties": {"osm_type": "node", "osm_id": "13986203870", "tags": {"amenity": "restaurant", "cuisine": "korean", "name": "빙그래정육식당"}, "verified_access": false}}, {"type": "Feature", "geometry": {"type": "Point", "coordinates": [126.6570126, 37.4518811]}, "properties": {"osm_type": "node", "osm_id": "13986203871", "tags": {"amenity": "restaurant", "name": "봉구스밥버거"}, "verified_access": false}}, {"type": "Feature", "geometry": {"type": "Point", "coordinates": [126.6571739, 37.4518424]}, "properties": {"osm_type": "node", "osm_id": "13986203872", "tags": {"amenity": "cafe", "name": "타이쿤보드게임카페"}, "verified_access": false}}, {"type": "Feature", "geometry": {"type": "Point", "coordinates": [126.6572362, 37.4519822]}, "properties": {"osm_type": "node", "osm_id": "13986203873", "tags": {"amenity": "restaurant", "cuisine": "chinese", "name": "탕화쿵푸마라탕"}, "verified_access": false}}, {"type": "Feature", "geometry": {"type": "Point", "coordinates": [126.6572972, 37.4521188]}, "properties": {"osm_type": "node", "osm_id": "13986203874", "tags": {"amenity": "restaurant", "cuisine": "korean", "name": "일품부대찌개"}, "verified_access": false}}, {"type": "Feature", "geometry": {"type": "Point", "coordinates": [126.6573514, 37.4522329]}, "properties": {"osm_type": "node", "osm_id": "13986203875", "tags": {"amenity": "bar", "name": "주접집"}, "verified_access": false}}, {"type": "Feature", "geometry": {"type": "Point", "coordinates": [126.6571386, 37.4522243]}, "properties": {"osm_type": "node", "osm_id": "13986203876", "tags": {"amenity": "restaurant", "cuisine": "vietnamese", "name": "하노이별"}, "verified_access": false}}, {"type": "Feature", "geometry": {"type": "Point", "coordinates": [126.6563964, 37.4527617]}, "properties": {"osm_type": "node", "osm_id": "13986203878", "tags": {"amenity": "cafe", "cuisine": "coffee_shop", "name": "알케미스타"}, "verified_access": false}}, {"type": "Feature", "geometry": {"type": "Point", "coordinates": [126.6573959, 37.4523571]}, "properties": {"osm_type": "node", "osm_id": "13986203879", "tags": {"amenity": "cafe", "brand": "더벤티", "brand:en": "The Venti", "brand:ko": "더벤티", "brand:wikidata": "Q120998398", "cuisine": "coffee_shop", "name": "더벤티", "name:en": "The Venti", "name:ko": "더벤티", "takeaway": "yes"}, "verified_access": false}}, {"type": "Feature", "geometry": {"type": "Point", "coordinates": [126.657117, 37.452421]}, "properties": {"osm_type": "node", "osm_id": "13986203880", "tags": {"amenity": "bar", "name": "국민정서"}, "verified_access": false}}, {"type": "Feature", "geometry": {"type": "Point", "coordinates": [126.6566038, 37.4525615]}, "properties": {"osm_type": "node", "osm_id": "13986203881", "tags": {"amenity": "restaurant", "cuisine": "pizza", "name": "아미고"}, "verified_access": false}}, {"type": "Feature", "geometry": {"type": "Point", "coordinates": [126.6568058, 37.4525303]}, "properties": {"osm_type": "node", "osm_id": "13986203882", "tags": {"amenity": "bar", "name": "당나발포차"}, "verified_access": false}}, {"type": "Feature", "geometry": {"type": "Point", "coordinates": [126.656965, 37.4524834]}, "properties": {"osm_type": "node", "osm_id": "13986203883", "tags": {"amenity": "cafe", "cuisine": "coffee_shop", "name": "보드게임카페블랙쉽"}, "verified_access": false}}, {"type": "Feature", "geometry": {"type": "Point", "coordinates": [126.6576606, 37.4529391]}, "properties": {"osm_type": "node", "osm_id": "13986203884", "tags": {"amenity": "cafe", "cuisine": "coffee_shop", "name": "백억커피"}, "verified_access": false}}, {"type": "Feature", "geometry": {"type": "Point", "coordinates": [126.6574049, 37.4528752]}, "properties": {"osm_type": "node", "osm_id": "13986203885", "tags": {"amenity": "restaurant", "name": "스며듦튀김수육"}, "verified_access": false}}, {"type": "Feature", "geometry": {"type": "Point", "coordinates": [126.6575783, 37.4533593]}, "properties": {"osm_type": "node", "osm_id": "13986203886", "tags": {"amenity": "cafe", "cuisine": "coffee_shop", "name": "테라커피"}, "verified_access": false}}, {"type": "Feature", "geometry": {"type": "Point", "coordinates": [126.6577697, 37.4533493]}, "properties": {"osm_type": "node", "osm_id": "13986203887", "tags": {"amenity": "restaurant", "name": "영지숯불갈비"}, "verified_access": false}}, {"type": "Feature", "geometry": {"type": "Point", "coordinates": [126.6576195, 37.4532656]}, "properties": {"osm_type": "node", "osm_id": "13986203888", "tags": {"amenity": "restaurant", "name": "송도만두"}, "verified_access": false}}, {"type": "Feature", "geometry": {"type": "Point", "coordinates": [126.6576302, 37.4528582]}, "properties": {"osm_type": "node", "osm_id": "13986203889", "tags": {"amenity": "restaurant", "name": "미로곱창볶음집"}, "verified_access": false}}, {"type": "Feature", "geometry": {"type": "Point", "coordinates": [126.6575855, 37.4527531]}, "properties": {"osm_type": "node", "osm_id": "13986203890", "tags": {"amenity": "restaurant", "name": "디탕"}, "verified_access": false}}, {"type": "Feature", "geometry": {"type": "Point", "coordinates": [126.6575408, 37.4526623]}, "properties": {"osm_type": "node", "osm_id": "13986203891", "tags": {"amenity": "restaurant", "cuisine": "chinese", "name": "춘리마라탕"}, "verified_access": false}}, {"type": "Feature", "geometry": {"type": "Point", "coordinates": [126.6575032, 37.4525658]}, "properties": {"osm_type": "node", "osm_id": "13986203892", "tags": {"amenity": "cafe", "brand": "빽다방", "brand:en": "Paik's Coffee", "brand:ko": "빽다방", "brand:wikidata": "Q55730575", "cuisine": "coffee_shop", "name": "빽다방", "name:en": "Paik's Coffee", "name:ko": "빽다방", "takeaway": "yes"}, "verified_access": false}}, {"type": "Feature", "geometry": {"type": "Point", "coordinates": [126.6576154, 37.4523608]}, "properties": {"osm_type": "node", "osm_id": "13986203893", "tags": {"amenity": "bar", "name": "맥주집"}, "verified_access": false}}, {"type": "Feature", "geometry": {"type": "Point", "coordinates": [126.6576602, 37.4525031]}, "properties": {"osm_type": "node", "osm_id": "13986203894", "tags": {"amenity": "internet_cafe", "name": "빠삐용PC방"}, "verified_access": false}}, {"type": "Feature", "geometry": {"type": "Point", "coordinates": [126.6578112, 37.4525069]}, "properties": {"osm_type": "node", "osm_id": "13986203895", "tags": {"amenity": "bar", "name": "봄날은간다"}, "verified_access": false}}, {"type": "Feature", "geometry": {"type": "Point", "coordinates": [126.6577381, 37.452668]}, "properties": {"osm_type": "node", "osm_id": "13986203896", "tags": {"amenity": "cafe", "cuisine": "coffee_shop", "name": "닉스냅"}, "verified_access": false}}, {"type": "Feature", "geometry": {"type": "Point", "coordinates": [126.6578018, 37.4528553]}, "properties": {"osm_type": "node", "osm_id": "13986203897", "tags": {"amenity": "fast_food", "cuisine": "chicken", "name": "닭큐멘터리"}, "verified_access": false}}, {"type": "Feature", "geometry": {"type": "Point", "coordinates": [126.6575163, 37.4520723]}, "properties": {"osm_type": "node", "osm_id": "13986203898", "tags": {"amenity": "bar", "name": "천지인"}, "verified_access": false}}, {"type": "Feature", "geometry": {"type": "Point", "coordinates": [126.6578537, 37.4520292]}, "properties": {"osm_type": "node", "osm_id": "13986203899", "tags": {"amenity": "bar", "name": "이구포차"}, "verified_access": false}}, {"type": "Feature", "geometry": {"type": "Point", "coordinates": [126.658151, 37.4519712]}, "properties": {"osm_type": "node", "osm_id": "13986203900", "tags": {"amenity": "bar", "name": "포차1번지먹새통"}, "verified_access": false}}, {"type": "Feature", "geometry": {"type": "Point", "coordinates": [126.6578915, 37.4518663]}, "properties": {"osm_type": "node", "osm_id": "13986218602", "tags": {"amenity": "restaurant", "cuisine": "korean", "name": "신흥갈비"}, "verified_access": false}}, {"type": "Feature", "geometry": {"type": "Point", "coordinates": [126.6573488, 37.451782]}, "properties": {"osm_type": "node", "osm_id": "13986218603", "tags": {"amenity": "fast_food", "brand": "맘스터치", "brand:en": "Mom's Touch", "brand:ko": "맘스터치", "brand:wikidata": "Q23044856", "cuisine": "burger", "name": "맘스터치", "name:en": "Mom's Touch", "name:ko": "맘스터치", "takeaway": "yes"}, "verified_access": false}}, {"type": "Feature", "geometry": {"type": "Point", "coordinates": [126.657639, 37.4519262]}, "properties": {"osm_type": "node", "osm_id": "13986218605", "tags": {"amenity": "restaurant", "name": "정인곱창"}, "verified_access": false}}, {"type": "Feature", "geometry": {"type": "Point", "coordinates": [126.6575611, 37.4517614]}, "properties": {"osm_type": "node", "osm_id": "13986218606", "tags": {"amenity": "bar", "name": "비터스윗"}, "verified_access": false}}, {"type": "Feature", "geometry": {"type": "Point", "coordinates": [126.6577758, 37.4516996]}, "properties": {"osm_type": "node", "osm_id": "13986218607", "tags": {"amenity": "bar", "name": "산타나"}, "verified_access": false}}, {"type": "Feature", "geometry": {"type": "Point", "coordinates": [126.6585615, 37.4510346]}, "properties": {"osm_type": "node", "osm_id": "13986218610", "tags": {"amenity": "restaurant", "cuisine": "korean", "name": "청진동해장국"}, "verified_access": false}}, {"type": "Feature", "geometry": {"type": "Point", "coordinates": [126.658512, 37.4509091]}, "properties": {"osm_type": "node", "osm_id": "13986218611", "tags": {"amenity": "cafe", "cuisine": "coffee_shop", "name": "카페더스토리"}, "verified_access": false}}, {"type": "Feature", "geometry": {"type": "Point", "coordinates": [126.6594723, 37.4506225]}, "properties": {"osm_type": "node", "osm_id": "13986218614", "tags": {"amenity": "fast_food", "cuisine": "kebab", "name": "SHOHONA KEBOB"}, "verified_access": false}}, {"type": "Feature", "geometry": {"type": "Point", "coordinates": [126.6598805, 37.4506282]}, "properties": {"osm_type": "node", "osm_id": "13986218618", "tags": {"amenity": "restaurant", "cuisine": "ramen", "name": "큐슈울트라아멘"}, "verified_access": false}}, {"type": "Feature", "geometry": {"type": "Point", "coordinates": [126.6598003, 37.4509709]}, "properties": {"osm_type": "node", "osm_id": "13986218620", "tags": {"amenity": "restaurant", "name": "밀면회관 인하대점"}, "verified_access": false}}, {"type": "Feature", "geometry": {"type": "Point", "coordinates": [126.6590098, 37.4513399]}, "properties": {"osm_type": "node", "osm_id": "13986218623", "tags": {"amenity": "restaurant", "name": "종로닭한마리"}, "verified_access": false}}, {"type": "Feature", "geometry": {"type": "Point", "coordinates": [126.6591467, 37.4513118]}, "properties": {"osm_type": "node", "osm_id": "13986218624", "tags": {"amenity": "restaurant", "name": "까막산인하대점"}, "verified_access": false}}, {"type": "Feature", "geometry": {"type": "Point", "coordinates": [126.6594109, 37.4512369]}, "properties": {"osm_type": "node", "osm_id": "13986218626", "tags": {"amenity": "restaurant", "name": "꽃피는꽃삼겹"}, "verified_access": false}}, {"type": "Feature", "geometry": {"type": "Point", "coordinates": [126.6595549, 37.4512219]}, "properties": {"osm_type": "node", "osm_id": "13986218627", "tags": {"amenity": "restaurant", "cuisine": "ramen", "name": "산쪼메"}, "verified_access": false}}, {"type": "Feature", "geometry": {"type": "Point", "coordinates": [126.6596988, 37.4511901]}, "properties": {"osm_type": "node", "osm_id": "13986218628", "tags": {"amenity": "restaurant", "name": "닭살부부"}, "verified_access": false}}, {"type": "Feature", "geometry": {"type": "Point", "coordinates": [126.6601589, 37.4512875]}, "properties": {"osm_type": "node", "osm_id": "13986218629", "tags": {"amenity": "restaurant", "name": "메흐몬레스토랑"}, "verified_access": false}}, {"type": "Feature", "geometry": {"type": "Point", "coordinates": [126.6599583, 37.4514242]}, "properties": {"osm_type": "node", "osm_id": "13986218630", "tags": {"amenity": "library", "name": "갤러리&스터디북카페"}, "verified_access": false}}, {"type": "Feature", "geometry": {"type": "Point", "coordinates": [126.6591774, 37.4511189]}, "properties": {"osm_type": "node", "osm_id": "13986218631", "tags": {"amenity": "restaurant", "name": "명동손만두"}, "verified_access": false}}, {"type": "Feature", "geometry": {"type": "Point", "coordinates": [126.6593732, 37.4510683]}, "properties": {"osm_type": "node", "osm_id": "13986218632", "tags": {"amenity": "restaurant", "cuisine": "chinese", "name": "금산양꼬치"}, "verified_access": false}}, {"type": "Feature", "geometry": {"type": "Point", "coordinates": [126.6518478, 37.4477455]}, "properties": {"osm_type": "node", "osm_id": "13986242525", "tags": {"amenity": "restaurant", "cuisine": "korean", "name": "가마솥순대국"}, "verified_access": false}}, {"type": "Feature", "geometry": {"type": "Point", "coordinates": [126.6521106, 37.4476574]}, "properties": {"osm_type": "node", "osm_id": "13986242526", "tags": {"amenity": "cafe", "cuisine": "coffee_shop", "name": "913"}, "verified_access": false}}, {"type": "Feature", "geometry": {"type": "Point", "coordinates": [126.6516261, 37.4473181]}, "properties": {"osm_type": "node", "osm_id": "13986242527", "tags": {"amenity": "restaurant", "cuisine": "chinese", "name": "마라시대마라탕"}, "verified_access": false}}, {"type": "Feature", "geometry": {"type": "Point", "coordinates": [126.6515402, 37.4474786]}, "properties": {"osm_type": "node", "osm_id": "13986242528", "tags": {"amenity": "restaurant", "cuisine": "sushi", "name": "스시만"}, "verified_access": false}}, {"type": "Feature", "geometry": {"type": "Point", "coordinates": [126.6515706, 37.4476106]}, "properties": {"osm_type": "node", "osm_id": "13986242529", "tags": {"amenity": "bar", "name": "모모하루"}, "verified_access": false}}, {"type": "Feature", "geometry": {"type": "Point", "coordinates": [126.6505675, 37.4477227]}, "properties": {"osm_type": "node", "osm_id": "13986242531", "tags": {"amenity": "cafe", "brand": "공차", "brand:en": "Gong Cha", "brand:ko": "공차", "brand:wikidata": "Q5581670", "brand:zh": "貢茶", "cuisine": "bubble_tea", "name": "공차", "name:en": "Gong Cha", "name:ko": "공차", "name:zh": "貢茶", "takeaway": "yes"}, "verified_access": false}}, {"type": "Feature", "geometry": {"type": "Point", "coordinates": [126.6492989, 37.4481416]}, "properties": {"osm_type": "node", "osm_id": "13986242541", "tags": {"amenity": "bank", "brand": "KB국민은행", "brand:en": "KB Kookmin Bank", "brand:ko": "KB국민은행", "brand:wikidata": "Q496606", "name": "KB국민은행", "name:en": "KB Kookmin Bank", "name:ko": "KB국민은행"}, "verified_access": false}}, {"type": "Feature", "geometry": {"type": "Point", "coordinates": [126.6492428, 37.4483146]}, "properties": {"osm_type": "node", "osm_id": "13986242542", "tags": {"amenity": "cafe", "cuisine": "coffee_shop", "name": "그릭엔젤"}, "verified_access": false}}, {"type": "Feature", "geometry": {"type": "Point", "coordinates": [126.6490093, 37.4482627]}, "properties": {"osm_type": "node", "osm_id": "13986242543", "tags": {"amenity": "restaurant", "cuisine": "korean", "name": "귀한족발"}, "verified_access": false}}, {"type": "Feature", "geometry": {"type": "Point", "coordinates": [126.6490809, 37.4480155]}, "properties": {"osm_type": "node", "osm_id": "13986242546", "tags": {"amenity": "restaurant", "cuisine": "korean", "name": "한신우동인하대역점"}, "verified_access": false}}, {"type": "Feature", "geometry": {"type": "Point", "coordinates": [126.6492958, 37.4478475]}, "properties": {"osm_type": "node", "osm_id": "13986242547", "tags": {"amenity": "restaurant", "cuisine": "pizza", "name": "치즈웨이브"}, "verified_access": false}}, {"type": "Feature", "geometry": {"type": "Point", "coordinates": [126.6492055, 37.4477931]}, "properties": {"osm_type": "node", "osm_id": "13986242548", "tags": {"amenity": "pharmacy", "healthcare": "pharmacy", "name": "메디칼정성약국"}, "verified_access": false}}, {"type": "Feature", "geometry": {"type": "Point", "coordinates": [126.6493238, 37.4477214]}, "properties": {"osm_type": "node", "osm_id": "13986242549", "tags": {"amenity": "cafe", "brand": "스타벅스", "brand:en": "Starbucks", "brand:ko": "스타벅스", "brand:wikidata": "Q37158", "cuisine": "coffee_shop", "name": "스타벅스", "name:en": "Starbucks", "name:ko": "스타벅스", "takeaway": "yes"}, "verified_access": false}}, {"type": "Feature", "geometry": {"type": "Point", "coordinates": [126.6493518, 37.4475113]}, "properties": {"osm_type": "node", "osm_id": "13986242550", "tags": {"amenity": "bank", "brand": "우리은행", "brand:en": "Woori Bank", "brand:ko": "우리은행", "brand:wikidata": "Q494369", "name": "우리은행", "name:en": "Woori Bank", "name:ko": "우리은행"}, "verified_access": false}}, {"type": "Feature", "geometry": {"type": "Point", "coordinates": [126.6494265, 37.4474446]}, "properties": {"osm_type": "node", "osm_id": "13986242551", "tags": {"amenity": "fast_food", "brand": "파파이스", "brand:en": "Popeyes", "brand:ko": "파파이스", "brand:wikidata": "Q1330910", "cuisine": "chicken", "name": "파파이스", "name:en": "Popeyes", "name:ko": "파파이스", "takeaway": "yes"}, "verified_access": false}}, {"type": "Feature", "geometry": {"type": "Point", "coordinates": [126.6494016, 37.4476126]}, "properties": {"osm_type": "node", "osm_id": "13986242552", "tags": {"amenity": "fast_food", "brand": "교촌치킨", "brand:en": "KyoChon", "brand:ko": "교촌치킨", "brand:ko-Latn": "Gyochonchikin", "brand:wikidata": "Q6451885", "cuisine": "chicken", "name": "교촌치킨", "name:en": "KyoChon", "name:ko": "교촌치킨", "name:ko-Latn": "Gyochonchikin", "takeaway": "yes"}, "verified_access": false}}, {"type": "Feature", "geometry": {"type": "Point", "coordinates": [126.6498406, 37.4473531]}, "properties": {"osm_type": "node", "osm_id": "13986242553", "tags": {"amenity": "veterinary", "name": "하인츠동물병원"}, "verified_access": false}}, {"type": "Feature", "geometry": {"type": "Point", "coordinates": [126.6487167, 37.4487051]}, "properties": {"osm_type": "node", "osm_id": "13986242556", "tags": {"amenity": "bank", "brand": "NH농협은행", "brand:en": "NH Bank", "brand:ko": "NH농협은행", "brand:wikidata": "Q15283673", "name": "NH농협은행", "name:en": "NH Bank", "name:ko": "NH농협은행"}, "verified_access": false}}, {"type": "Feature", "geometry": {"type": "Point", "coordinates": [126.6483773, 37.4486013]}, "properties": {"osm_type": "node", "osm_id": "13986242557", "tags": {"amenity": "cafe", "brand": "빽다방", "brand:en": "Paik's Coffee", "brand:ko": "빽다방", "brand:wikidata": "Q55730575", "cuisine": "coffee_shop", "name": "빽다방", "name:en": "Paik's Coffee", "name:ko": "빽다방", "takeaway": "yes"}, "verified_access": false}}, {"type": "Feature", "geometry": {"type": "Point", "coordinates": [126.6481376, 37.4485395]}, "properties": {"osm_type": "node", "osm_id": "13986242558", "tags": {"amenity": "restaurant", "name": "백남옥달인손만두"}, "verified_access": false}}, {"type": "Feature", "geometry": {"type": "Point", "coordinates": [126.6478916, 37.4485123]}, "properties": {"osm_type": "node", "osm_id": "13986242559", "tags": {"amenity": "restaurant", "name": "33떡볶이"}, "verified_access": false}}, {"type": "Feature", "geometry": {"type": "Point", "coordinates": [126.6484334, 37.4479933]}, "properties": {"osm_type": "node", "osm_id": "13986242561", "tags": {"amenity": "restaurant", "name": "장터삼겹살"}, "verified_access": false}}, {"type": "Feature", "geometry": {"type": "Point", "coordinates": [126.6483742, 37.4470961]}, "properties": {"osm_type": "node", "osm_id": "13986242564", "tags": {"amenity": "restaurant", "name": "닭온당"}, "verified_access": false}}, {"type": "Feature", "geometry": {"type": "Point", "coordinates": [126.6489377, 37.4475113]}, "properties": {"osm_type": "node", "osm_id": "13986242565", "tags": {"amenity": "restaurant", "name": "명동칼국수인하대점"}, "verified_access": false}}, {"type": "Feature", "geometry": {"type": "Point", "coordinates": [126.6489377, 37.447363]}, "properties": {"osm_type": "node", "osm_id": "13986242566", "tags": {"amenity": "restaurant", "name": "고기에진심인남자고진남"}, "verified_access": false}}, {"type": "Feature", "geometry": {"type": "Point", "coordinates": [126.6487789, 37.447363]}, "properties": {"osm_type": "node", "osm_id": "13986242567", "tags": {"amenity": "restaurant", "name": "팔각도"}, "verified_access": false}}, {"type": "Feature", "geometry": {"type": "Point", "coordinates": [126.6485859, 37.4473581]}, "properties": {"osm_type": "node", "osm_id": "13986242568", "tags": {"amenity": "restaurant", "cuisine": "chinese", "name": "챠오팡"}, "verified_access": false}}, {"type": "Feature", "geometry": {"type": "Point", "coordinates": [126.6486482, 37.4472369]}, "properties": {"osm_type": "node", "osm_id": "13986242569", "tags": {"amenity": "restaurant", "name": "고씨네오리"}, "verified_access": false}}, {"type": "Feature", "geometry": {"type": "Point", "coordinates": [126.6485205, 37.4476769]}, "properties": {"osm_type": "node", "osm_id": "13986242570", "tags": {"amenity": "restaurant", "name": "쇠나무그릴"}, "verified_access": false}}, {"type": "Feature", "geometry": {"type": "Point", "coordinates": [126.6477858, 37.4470615]}, "properties": {"osm_type": "node", "osm_id": "13986242572", "tags": {"amenity": "restaurant", "cuisine": "ramen", "name": "두손메밀"}, "verified_access": false}}, {"type": "Feature", "geometry": {"type": "Point", "coordinates": [126.6474994, 37.4469848]}, "properties": {"osm_type": "node", "osm_id": "13986242573", "tags": {"amenity": "restaurant", "cuisine": "korean", "name": "신비면옥"}, "verified_access": false}}, {"type": "Feature", "geometry": {"type": "Point", "coordinates": [126.6473312, 37.4469428]}, "properties": {"osm_type": "node", "osm_id": "13986242574", "tags": {"amenity": "restaurant", "cuisine": "korean", "name": "국밥참맛있는집"}, "verified_access": false}}, {"type": "Feature", "geometry": {"type": "Point", "coordinates": [126.6470199, 37.4471702]}, "properties": {"osm_type": "node", "osm_id": "13986242575", "tags": {"amenity": "restaurant", "cuisine": "korean", "name": "한양한식뷔페"}, "verified_access": false}}, {"type": "Feature", "geometry": {"type": "Point", "coordinates": [126.6474215, 37.4473012]}, "properties": {"osm_type": "node", "osm_id": "13986242576", "tags": {"amenity": "restaurant", "name": "더고깃집"}, "verified_access": false}}, {"type": "Feature", "geometry": {"type": "Point", "coordinates": [126.6470915, 37.4478919]}, "properties": {"osm_type": "node", "osm_id": "13986242578", "tags": {"amenity": "restaurant", "name": "하남돼지집"}, "verified_access": false}}, {"type": "Feature", "geometry": {"type": "Point", "coordinates": [126.6474309, 37.4479537]}, "properties": {"osm_type": "node", "osm_id": "13986242579", "tags": {"amenity": "restaurant", "name": "등촌샤브칼국수"}, "verified_access": false}}, {"type": "Feature", "geometry": {"type": "Point", "coordinates": [126.6477048, 37.4480254]}, "properties": {"osm_type": "node", "osm_id": "13986242580", "tags": {"amenity": "cafe", "brand": "메가MGC커피", "brand:en": "Mega Coffee", "brand:ko": "메가MGC커피", "brand:wikidata": "Q120998343", "cuisine": "coffee_shop", "name": "메가MGC커피", "name:en": "Mega Coffee", "name:ko": "메가MGC커피", "short_name": "MGC", "takeaway": "yes"}, "verified_access": false}}, {"type": "Feature", "geometry": {"type": "Point", "coordinates": [126.6471849, 37.4483739]}, "properties": {"osm_type": "node", "osm_id": "13986242583", "tags": {"amenity": "restaurant", "cuisine": "pizza", "name": "피자스쿨"}, "verified_access": false}}, {"type": "Feature", "geometry": {"type": "Point", "coordinates": [126.6464253, 37.4481984]}, "properties": {"osm_type": "node", "osm_id": "13986242585", "tags": {"amenity": "fast_food", "cuisine": "chicken", "name": "멕시카나치킨"}, "verified_access": false}}, {"type": "Feature", "geometry": {"type": "Point", "coordinates": [126.6571437, 37.4511875]}, "properties": {"osm_type": "node", "osm_id": "14000365037", "tags": {"amenity": "restaurant", "name": "성수완당"}, "verified_access": false}}, {"type": "Feature", "geometry": {"type": "LineString", "coordinates": [[126.6455335, 37.4525936], [126.6454356, 37.4530415], [126.6449997, 37.4542821], [126.6446873, 37.4547846], [126.644049, 37.4556253], [126.6423764, 37.4575675], [126.6422515, 37.4577406], [126.6418589, 37.4579281], [126.6416906, 37.4580085], [126.6412006, 37.4582425], [126.6411411, 37.4582709], [126.6409108, 37.4583809], [126.6408003, 37.4584336], [126.6406104, 37.4585243], [126.6403321, 37.4586572], [126.6401211, 37.458758], [126.6400234, 37.4588053], [126.6377228, 37.459871]]}, "properties": {"osm_type": "way", "osm_id": "37399906", "tags": {"highway": "tertiary", "name": "능해길", "name:en": "Neunghae-gil", "name:ko": "능해길"}, "verified_access": false}}, {"type": "Feature", "geometry": {"type": "LineString", "coordinates": [[126.6553905, 37.4561026], [126.6548373, 37.4570314], [126.6545545, 37.4575064], [126.6544374, 37.457703], [126.6539106, 37.4585875], [126.6537015, 37.4589385], [126.6532767, 37.4596518], [126.6531312, 37.4598962], [126.6526782, 37.4606567], [126.6525983, 37.4607909], [126.6522233, 37.4614205], [126.6517746, 37.4621717], [126.6513381, 37.462903], [126.6513267, 37.4629221], [126.6510811, 37.4633336], [126.6505805, 37.4641721], [126.6505067, 37.4642957], [126.6500551, 37.4650521], [126.6500396, 37.465078], [126.6494427, 37.4660722], [126.6493519, 37.4662462]]}, "properties": {"osm_type": "way", "osm_id": "37400151", "tags": {"highway": "tertiary", "name": "독정이로", "name:en": "Dokjeongi-ro", "name:ko": "독정이로", "surface": "asphalt"}, "verified_access": false}}, {"type": "Feature", "geometry": {"type": "LineString", "coordinates": [[126.6482129, 37.4518976], [126.6470807, 37.4521467], [126.6468494, 37.4521927], [126.6464594, 37.4523095], [126.6455335, 37.4525936], [126.6447431, 37.4528402], [126.644081, 37.4531383], [126.6436303, 37.4533184], [126.6426182, 37.4537923], [126.6412114, 37.4544248], [126.64006, 37.45498], [126.6390019, 37.4554691], [126.6379615, 37.45595], [126.6371769, 37.4562951], [126.6356428, 37.4569698]]}, "properties": {"osm_type": "way", "osm_id": "37400830", "tags": {"highway": "tertiary", "name": "용오로", "name:en": "Yongo-ro", "name:ko": "용오로"}, "verified_access": false}}, {"type": "Feature", "geometry": {"type": "LineString", "coordinates": [[126.6462972, 37.4310713], [126.6460098, 37.4329901], [126.6460264, 37.4334465], [126.6460626, 37.4335702], [126.6463715, 37.4345823], [126.6467215, 37.4353158], [126.6472284, 37.4361466], [126.6472464, 37.4362453], [126.6473358, 37.4364573], [126.6476316, 37.4366855], [126.6480606, 37.4368802], [126.648387, 37.4370732], [126.6485112, 37.4371714], [126.6486217, 37.4372846], [126.6488626, 37.4377644], [126.6491682, 37.4382537], [126.6493968, 37.4387082], [126.6495643, 37.4391948], [126.649584, 37.4393444], [126.6496634, 37.4399475], [126.6495699, 37.440222], [126.6493505, 37.4406152], [126.6493032, 37.4409789], [126.6499052, 37.4428542], [126.6501611, 37.4439614]]}, "properties": {"osm_type": "way", "osm_id": "71382408", "tags": {"highway": "secondary", "name": "독배로", "name:en": "Dokbae-ro", "name:ko": "독배로", "ref": "17"}, "verified_access": false}}, {"type": "Feature", "geometry": {"type": "LineString", "coordinates": [[126.6749808, 37.4395094], [126.6738829, 37.4395807], [126.6722682, 37.4396855], [126.6715047, 37.4397907], [126.6714793, 37.4397923], [126.6708874, 37.4398288], [126.6707789, 37.4398355], [126.6695568, 37.4399109], [126.6683284, 37.4399868], [126.6671876, 37.4400572], [126.6666282, 37.4400917], [126.6657306, 37.4401434], [126.6653425, 37.4401658], [126.6650161, 37.4401846], [126.6648108, 37.4401964], [126.6644935, 37.4402147], [126.6642647, 37.4402393], [126.6642458, 37.4402418], [126.6641263, 37.4402579], [126.6639289, 37.4402959], [126.6637784, 37.4403463], [126.6637001, 37.4403726], [126.663233, 37.4405482], [126.6624964, 37.4408059], [126.6618569, 37.4410725], [126.6600162, 37.4417818], [126.6571344, 37.4429537], [126.65511, 37.4437652], [126.6532052, 37.4445424], [126.6516253, 37.4451871], [126.6513708, 37.4452705], [126.6512803, 37.4452986], [126.6511351, 37.4453438], [126.6509646, 37.4453824], [126.6507206, 37.4454153], [126.6504795, 37.4454029], [126.6502649, 37.4453873], [126.6500351, 37.4453504], [126.6498151, 37.4452981], [126.6488257, 37.4450627], [126.648445, 37.4449722]]}, "properties": {"osm_type": "way", "osm_id": "71395177", "tags": {"highway": "secondary", "lanes": "6", "name": "매소홀로", "name:en": "Maesohol-ro", "name:ja": "買召忽路", "name:ko": "매소홀로", "name:ko-Hani": "買召忽路", "name:zh": "买召忽路", "name:zh-Hans": "买召忽路", "name:zh-Hant": "買召忽路", "oneway": "no", "ref": "14", "surface": "asphalt", "wikidata": "Q110114908", "wikipedia": "ko:매소홀로"}, "verified_access": false}}, {"type": "Feature", "geometry": {"type": "LineString", "coordinates": [[126.656548, 37.4460547], [126.6565064, 37.4459894], [126.6564848, 37.4459554], [126.6562796, 37.4456335], [126.6558782, 37.4450036], [126.6553625, 37.4441943], [126.65511, 37.4437652]]}, "properties": {"osm_type": "way", "osm_id": "165484707", "tags": {"highway": "tertiary", "name": "매소홀로289번길", "name:en": "Maesohol-ro 289beon-gil", "name:ko": "매소홀로289번길", "oneway": "no"}, "verified_access": false}}, {"type": "Feature", "geometry": {"type": "LineString", "coordinates": [[126.6573682, 37.4504694], [126.6568015, 37.4507178], [126.6566735, 37.4507791], [126.6567214, 37.450971], [126.6564949, 37.4510135], [126.656379, 37.4510352]]}, "properties": {"osm_type": "way", "osm_id": "216916382", "tags": {"highway": "service"}, "verified_access": false}}, {"type": "Feature", "geometry": {"type": "LineString", "coordinates": [[126.6564766, 37.4512632], [126.6564271, 37.4511471], [126.656379, 37.4510352], [126.6559488, 37.4511371], [126.6549418, 37.4513755], [126.6544702, 37.4514903]]}, "properties": {"osm_type": "way", "osm_id": "216916383", "tags": {"highway": "service"}, "verified_access": false}}, {"type": "Feature", "geometry": {"type": "LineString", "coordinates": [[126.6554559, 37.4496873], [126.65544, 37.4496945], [126.6548005, 37.4499825], [126.6541191, 37.4502665], [126.654378, 37.4506113], [126.654571, 37.4508684], [126.6549418, 37.4513755]]}, "properties": {"osm_type": "way", "osm_id": "216916384", "tags": {"highway": "service"}, "verified_access": false}}, {"type": "Feature", "geometry": {"type": "LineString", "coordinates": [[126.6554559, 37.4496873], [126.656379, 37.4510352]]}, "properties": {"osm_type": "way", "osm_id": "216916385", "tags": {"highway": "service"}, "verified_access": false}}, {"type": "Feature", "geometry": {"type": "Polygon", "coordinates": [[[126.6503359, 37.4478699], [126.6511261, 37.4479611], [126.6514155, 37.4465022], [126.6505977, 37.4464073], [126.6503359, 37.4478699]]]}, "properties": {"osm_type": "way", "osm_id": "217947345", "tags": {"branch": "인하점", "brand": "Homeplus", "brand:en": "Homeplus", "brand:ko": "홈플러스", "brand:wikidata": "Q5889167", "brand:wikipedia": "ko:홈플러스", "building": "yes", "name": "Homeplus", "name:en": "Homeplus", "name:ja": "ホームプラス 仁荷店", "name:ko": "홈플러스", "shop": "department_store"}, "verified_access": false}}, {"type": "Feature", "geometry": {"type": "Polygon", "coordinates": [[[126.652898, 37.4471818], [126.6530052, 37.4471456], [126.6530847, 37.4472785], [126.6531984, 37.447232], [126.6531172, 37.4471005], [126.6531383, 37.4470928], [126.6530864, 37.447009], [126.652846, 37.4470966], [126.652898, 37.4471818]]]}, "properties": {"osm_type": "way", "osm_id": "217948031", "tags": {"building": "yes", "facility": "gas station"}, "verified_access": false}}, {"type": "Feature", "geometry": {"type": "Polygon", "coordinates": [[[126.6534147, 37.4467441], [126.6535632, 37.4469725], [126.6537652, 37.4468897], [126.6537746, 37.4469042], [126.6538671, 37.4468663], [126.6538618, 37.4468582], [126.6541291, 37.4467487], [126.654138, 37.4467624], [126.6542252, 37.4467267], [126.654219, 37.4467172], [126.6544323, 37.4466298], [126.6542209, 37.4463047], [126.6540782, 37.4463632], [126.6542442, 37.4466185], [126.6541739, 37.4466473], [126.6541591, 37.4466246], [126.654073, 37.4466599], [126.6540878, 37.4466826], [126.6540267, 37.4467076], [126.6538611, 37.446453], [126.6537139, 37.4465133], [126.6538768, 37.4467639], [126.6538103, 37.4467912], [126.6537941, 37.4467663], [126.6537049, 37.4468028], [126.6537196, 37.4468254], [126.6536648, 37.4468479], [126.6535375, 37.446652], [126.6534599, 37.4466838], [126.6534813, 37.4467168], [126.6534147, 37.4467441]]]}, "properties": {"osm_type": "way", "osm_id": "217948855", "tags": {"building": "dormitory", "name": "웅비재", "name:en": "Woongbijae (Dormitory #1)"}, "verified_access": false}}, {"type": "Feature", "geometry": {"type": "Polygon", "coordinates": [[[126.6516196, 37.4483366], [126.651659, 37.44832], [126.6516523, 37.44831], [126.6517411, 37.4482726], [126.6517507, 37.448287], [126.6517911, 37.44827], [126.6519504, 37.4485082], [126.6521345, 37.4484306], [126.6519738, 37.4481901], [126.652022, 37.4481698], [126.6520121, 37.4481548], [126.6521115, 37.4481129], [126.6521187, 37.4481237], [126.6521499, 37.4481105], [126.6523278, 37.4483767], [126.6522871, 37.4483938], [126.6522983, 37.4484106], [126.6523369, 37.4483943], [126.652354, 37.44842], [126.6522824, 37.4484501], [126.6522932, 37.4484662], [126.6521485, 37.4485272], [126.6521402, 37.4485147], [126.6520417, 37.4485562], [126.652052, 37.4485716], [126.6519019, 37.4486349], [126.6518959, 37.4486259], [126.6518248, 37.4486559], [126.6518089, 37.4486321], [126.6518374, 37.4486201], [126.651825, 37.4486017], [126.651803, 37.448611], [126.6516196, 37.4483366]]]}, "properties": {"osm_type": "way", "osm_id": "217950511", "tags": {"building": "university", "name": "로스쿨관", "name:en": "Law School"}, "verified_access": false}}, {"type": "Feature", "geometry": {"type": "Polygon", "coordinates": [[[126.6520804, 37.4492057], [126.6524377, 37.449715], [126.6525206, 37.4496776], [126.6525547, 37.4497253], [126.6529708, 37.4495378], [126.6528698, 37.4493965], [126.6528204, 37.4494156], [126.6526081, 37.4491105], [126.6525723, 37.4491247], [126.6525431, 37.4490783], [126.652628, 37.4490443], [126.6525304, 37.4489084], [126.6521088, 37.4490882], [126.6521689, 37.4491675], [126.6520804, 37.4492057]]]}, "properties": {"osm_type": "way", "osm_id": "217958067", "tags": {"amenity": "library", "building": "yes", "height": "40", "name": "정석학술정보관", "name:en": "Jeonseok Memorial Library"}, "verified_access": false}}, {"type": "Feature", "geometry": {"type": "Polygon", "coordinates": [[[126.6539528, 37.4497314], [126.6538313, 37.4495594], [126.6539542, 37.4495047], [126.65394, 37.4494846], [126.6540604, 37.4494309], [126.6540696, 37.449444], [126.6546605, 37.4491809], [126.654655, 37.449173], [126.6547712, 37.4491213], [126.6547918, 37.4491505], [126.6549223, 37.4490924], [126.6550367, 37.4492543], [126.6547862, 37.4493659], [126.6547643, 37.4493349], [126.6545988, 37.4494086], [126.6547096, 37.4495654], [126.6544756, 37.4496697], [126.6543632, 37.4495105], [126.6541697, 37.4495967], [126.6541902, 37.4496257], [126.6539528, 37.4497314]]]}, "properties": {"osm_type": "way", "osm_id": "217958071", "tags": {"building": "university", "name": "본관", "name:en": "University Main Building", "operator": "인하대학교"}, "verified_access": false}}, {"type": "Feature", "geometry": {"type": "Polygon", "coordinates": [[[126.6568616, 37.448707], [126.6568308, 37.4486567], [126.6567934, 37.4486683], [126.6567479, 37.4486013], [126.6567821, 37.4485871], [126.6567629, 37.4485631], [126.6570927, 37.4484328], [126.6570927, 37.4483929], [126.6571089, 37.4483632], [126.6571414, 37.4483452], [126.6571706, 37.4483336], [126.6572096, 37.4483336], [126.6572275, 37.4483426], [126.6572449, 37.4483537], [126.6575475, 37.4482201], [126.6575637, 37.4482459], [126.6576075, 37.4482278], [126.6576482, 37.4483052], [126.6576075, 37.448322], [126.6576417, 37.4483774], [126.6568616, 37.448707]]]}, "properties": {"osm_type": "way", "osm_id": "218017288", "tags": {"building": "university", "name": "5호관", "name:en": "Building #5"}, "verified_access": false}}, {"type": "Feature", "geometry": {"type": "Polygon", "coordinates": [[[126.6565164, 37.4481849], [126.656576, 37.4482715], [126.6566077, 37.4482578], [126.6566588, 37.4483319], [126.6567411, 37.4482962], [126.6567179, 37.4482625], [126.6567608, 37.4482439], [126.6567344, 37.4482057], [126.6569313, 37.4481201], [126.6569607, 37.4481629], [126.6570389, 37.4481289], [126.6570084, 37.4480846], [126.6572595, 37.4479755], [126.6573001, 37.4480344], [126.6573822, 37.4479987], [126.657341, 37.447939], [126.6573754, 37.447924], [126.6573158, 37.4478376], [126.6565164, 37.4481849]]]}, "properties": {"osm_type": "way", "osm_id": "218017289", "tags": {"building": "university", "name": "본관", "name:en": "College Main Building"}, "verified_access": false}}, {"type": "Feature", "geometry": {"type": "Polygon", "coordinates": [[[126.6583967, 37.4484438], [126.6583195, 37.4483298], [126.6588669, 37.4480915], [126.6589372, 37.4482184], [126.6583967, 37.4484438]]]}, "properties": {"osm_type": "way", "osm_id": "218018325", "tags": {"building": "university", "name": "4호관", "name:en": "Building #4"}, "verified_access": false}}, {"type": "Feature", "geometry": {"type": "Polygon", "coordinates": [[[126.658463, 37.4485123], [126.6586173, 37.4484461], [126.6588559, 37.4488181], [126.6587017, 37.4488837], [126.658463, 37.4485123]]]}, "properties": {"osm_type": "way", "osm_id": "218018326", "tags": {"building": "university", "name": "10호관", "name:en": "Building #10"}, "verified_access": false}}, {"type": "Feature", "geometry": {"type": "Polygon", "coordinates": [[[126.6578865, 37.4481423], [126.6582864, 37.447985], [126.6580782, 37.4476526], [126.6576748, 37.4478347], [126.6578865, 37.4481423]]]}, "properties": {"osm_type": "way", "osm_id": "218036943", "tags": {"building": "yes", "name": "3호관", "name:en": "Building #3"}, "verified_access": false}}, {"type": "Feature", "geometry": {"type": "Polygon", "coordinates": [[[126.6586523, 37.4479481], [126.6588401, 37.4478782], [126.6585815, 37.4474673], [126.6583884, 37.4475495], [126.6586523, 37.4479481]]]}, "properties": {"osm_type": "way", "osm_id": "218036946", "tags": {"building": "yes", "name": "2호관", "name:en": "Building #2"}, "verified_access": false}}, {"type": "Feature", "geometry": {"type": "Polygon", "coordinates": [[[126.6558867, 37.4486296], [126.6557794, 37.448469], [126.6558345, 37.4484035], [126.6561784, 37.4482582], [126.6562554, 37.4482681], [126.6563531, 37.4484133], [126.6563283, 37.4484854], [126.6559913, 37.4486274], [126.6558867, 37.4486296]]]}, "properties": {"osm_type": "way", "osm_id": "218037242", "tags": {"building": "university", "name": "체육관", "name:en": "Gymnasium"}, "verified_access": false}}, {"type": "Feature", "geometry": {"type": "Polygon", "coordinates": [[[126.6565884, 37.4501913], [126.6564852, 37.4500417], [126.6565375, 37.4499052], [126.6564439, 37.449772], [126.6564673, 37.4497152], [126.6563688, 37.4496712], [126.6562945, 37.449638], [126.6562835, 37.4496118], [126.6562918, 37.449591], [126.6563179, 37.4495812], [126.6563158, 37.4495315], [126.6562594, 37.4494635], [126.6563392, 37.4494264], [126.6563858, 37.4493677], [126.6563859, 37.449284], [126.6563567, 37.4492346], [126.6563578, 37.4491754], [126.6563587, 37.4491281], [126.6565488, 37.4490857], [126.6566272, 37.4491173], [126.6567937, 37.449398], [126.6569158, 37.4493897], [126.6569714, 37.4494772], [126.6568173, 37.4497695], [126.6569824, 37.4500112], [126.6567718, 37.4501058], [126.6568075, 37.4501583], [126.6567401, 37.4501888], [126.6567071, 37.450143], [126.6565884, 37.4501913]]]}, "properties": {"osm_type": "way", "osm_id": "218038027", "tags": {"building": "university", "name": "학생회관", "name:en": "Student Center"}, "verified_access": false}}, {"type": "Feature", "geometry": {"type": "Polygon", "coordinates": [[[126.6574462, 37.4492251], [126.6571456, 37.4493532], [126.6571359, 37.449342], [126.6571101, 37.4493516], [126.6571186, 37.449364], [126.6570502, 37.4493894], [126.6569539, 37.4492469], [126.6570552, 37.4492051], [126.6570639, 37.4492151], [126.6570887, 37.4492032], [126.6570795, 37.449192], [126.6573473, 37.4490753], [126.657359, 37.4490868], [126.6573817, 37.4490768], [126.6573735, 37.4490664], [126.6574716, 37.4490221], [126.6575687, 37.4491683], [126.6574724, 37.4492081], [126.6574622, 37.4491961], [126.6574325, 37.4492085], [126.6574462, 37.4492251]]]}, "properties": {"osm_type": "way", "osm_id": "218040082", "tags": {"amenity": "library", "building": "yes", "name": "도서관(7호관)", "name:en": "Building #7"}, "verified_access": false}}, {"type": "Feature", "geometry": {"type": "Polygon", "coordinates": [[[126.6576102, 37.4491372], [126.6574961, 37.4489777], [126.6580593, 37.4487535], [126.6581693, 37.448913], [126.6576102, 37.4491372]]]}, "properties": {"osm_type": "way", "osm_id": "218040150", "tags": {"building": "university", "name": "6호관", "name:en": "Building #6"}, "verified_access": false}}, {"type": "Feature", "geometry": {"type": "Polygon", "coordinates": [[[126.6579672, 37.450576], [126.6579147, 37.4504601], [126.6585003, 37.4502902], [126.6586229, 37.4505791], [126.658512, 37.4506084], [126.6584458, 37.4504401], [126.6579672, 37.450576]]]}, "properties": {"osm_type": "way", "osm_id": "218041095", "tags": {"building": "yes", "name": "8호관(평생교육원)", "name:en": "Building #8 (Center for Continuing Education)"}, "verified_access": false}}, {"type": "Feature", "geometry": {"type": "Polygon", "coordinates": [[[126.6580334, 37.4507178], [126.6580155, 37.4506889], [126.6579776, 37.4506987], [126.6579311, 37.4505908], [126.658356, 37.4504747], [126.6583754, 37.4505225], [126.6584308, 37.4505086], [126.6584766, 37.4506028], [126.6580334, 37.4507178]]]}, "properties": {"osm_type": "way", "osm_id": "218041096", "tags": {"building": "yes", "name": "9호관", "name:en": "Building #9"}, "verified_access": false}}, {"type": "Feature", "geometry": {"type": "Polygon", "coordinates": [[[126.6579494, 37.4503748], [126.6576657, 37.4499719], [126.6576919, 37.4499599], [126.6576738, 37.4499414], [126.6577697, 37.4498943], [126.6577546, 37.4498773], [126.6578444, 37.4498338], [126.6581288, 37.4502328], [126.6580979, 37.4502465], [126.6581303, 37.4502923], [126.6579494, 37.4503748]]]}, "properties": {"osm_type": "way", "osm_id": "218041567", "tags": {"building": "yes"}, "verified_access": false}}, {"type": "Feature", "geometry": {"type": "Polygon", "coordinates": [[[126.657971, 37.4498995], [126.6579059, 37.4498068], [126.6579477, 37.449789], [126.6579, 37.4497257], [126.6585546, 37.4494306], [126.6586633, 37.4495814], [126.6583225, 37.4497244], [126.6583349, 37.4497392], [126.6582867, 37.4497599], [126.6582751, 37.4497463], [126.6580089, 37.4498647], [126.65802, 37.4498779], [126.657971, 37.4498995]]]}, "properties": {"osm_type": "way", "osm_id": "218041568", "tags": {"building": "yes"}, "verified_access": false}}, {"type": "Feature", "geometry": {"type": "Polygon", "coordinates": [[[126.6588263, 37.4499789], [126.658642, 37.4497121], [126.6586599, 37.449704], [126.6586313, 37.4496666], [126.6587981, 37.4496013], [126.6590039, 37.4499221], [126.6588614, 37.4499866], [126.6588479, 37.4499707], [126.6588263, 37.4499789]]]}, "properties": {"osm_type": "way", "osm_id": "218042319", "tags": {"building": "yes"}, "verified_access": false}}, {"type": "Feature", "geometry": {"type": "Polygon", "coordinates": [[[126.6572379, 37.4502699], [126.6574273, 37.4501721], [126.6576761, 37.4505509], [126.6577606, 37.4506905], [126.6568184, 37.4510394], [126.6568052, 37.4510133], [126.6566866, 37.4507888], [126.6574065, 37.450528], [126.6573682, 37.4504694], [126.6572379, 37.4502699]]]}, "properties": {"osm_type": "way", "osm_id": "218081857", "tags": {"building": "university", "name": "하이테크센터", "name:en": "Inha Hi-Tech Center", "operator": "인하대학교"}, "verified_access": false}}, {"type": "Feature", "geometry": {"type": "Polygon", "coordinates": [[[126.6587114, 37.4502871], [126.6586578, 37.4502194], [126.6585285, 37.4502609], [126.6585821, 37.4503352], [126.6587114, 37.4502871]]]}, "properties": {"osm_type": "way", "osm_id": "218084656", "tags": {"building": "yes"}, "verified_access": false}}, {"type": "Feature", "geometry": {"type": "Polygon", "coordinates": [[[126.6587325, 37.4502728], [126.6590489, 37.4501286], [126.658965, 37.4500205], [126.6586528, 37.4501592], [126.6587325, 37.4502728]]]}, "properties": {"osm_type": "way", "osm_id": "218085342", "tags": {"building": "yes"}, "verified_access": false}}, {"type": "Feature", "geometry": {"type": "Polygon", "coordinates": [[[126.6581769, 37.4489516], [126.6579865, 37.4490277], [126.6581234, 37.4492435], [126.6582315, 37.4492003], [126.6581429, 37.4490605], [126.6582251, 37.4490276], [126.6581769, 37.4489516]]]}, "properties": {"osm_type": "way", "osm_id": "218086165", "tags": {"building": "yes", "name": "격납고"}, "verified_access": false}}, {"type": "Feature", "geometry": {"type": "Polygon", "coordinates": [[[126.6538451, 37.4475612], [126.6537441, 37.4473976], [126.6539824, 37.4473023], [126.6540058, 37.4473244], [126.6540521, 37.4473031], [126.6540384, 37.447279], [126.6543506, 37.4471518], [126.6543833, 37.4471922], [126.6544067, 37.4471794], [126.6544917, 37.4473012], [126.6544532, 37.447317], [126.6544656, 37.4473345], [126.6543753, 37.4473626], [126.6543671, 37.4473476], [126.6543303, 37.4473627], [126.6543083, 37.4474013], [126.6542597, 37.4473914], [126.6541443, 37.4474377], [126.6541301, 37.4474216], [126.6540963, 37.4474314], [126.6540826, 37.4474147], [126.6540679, 37.4474203], [126.6540913, 37.4474578], [126.6538451, 37.4475612]]]}, "properties": {"osm_type": "way", "osm_id": "218186034", "tags": {"building": "university", "name": "평생교육관", "name:en": "Center for Continuing Education"}, "verified_access": false}}, {"type": "Feature", "geometry": {"type": "Polygon", "coordinates": [[[126.6585534, 37.4489907], [126.6585592, 37.4490278], [126.6585787, 37.4490664], [126.6585943, 37.4490957], [126.6586234, 37.4491235], [126.6590514, 37.4489629], [126.6589678, 37.4488363], [126.6585534, 37.4489907]]]}, "properties": {"osm_type": "way", "osm_id": "218186243", "tags": {"building": "yes"}, "verified_access": false}}, {"type": "Feature", "geometry": {"type": "Polygon", "coordinates": [[[126.6506799, 37.4517456], [126.6506271, 37.4516618], [126.6506007, 37.4516723], [126.6504503, 37.451434], [126.6505481, 37.4513951], [126.6506839, 37.4516102], [126.650808, 37.4515608], [126.6507337, 37.451443], [126.6508354, 37.4514025], [126.6509218, 37.4515395], [126.6508878, 37.451553], [126.6509433, 37.4516409], [126.6506799, 37.4517456]]]}, "properties": {"osm_type": "way", "osm_id": "218188169", "tags": {"amenity": "university", "building": "yes", "education": "university", "name": "나빌레관", "name:en": "Student Club Hall"}, "verified_access": false}}, {"type": "Feature", "geometry": {"type": "Polygon", "coordinates": [[[126.6509825, 37.4516659], [126.6510403, 37.4517465], [126.6509291, 37.4517977], [126.650869, 37.4517189], [126.6509825, 37.4516659]]]}, "properties": {"osm_type": "way", "osm_id": "218188170", "tags": {"building": "yes"}, "verified_access": false}}, {"type": "Feature", "geometry": {"type": "Polygon", "coordinates": [[[126.6511566, 37.4517098], [126.6517582, 37.4514421], [126.651893, 37.451633], [126.6520932, 37.4515439], [126.6518412, 37.451187], [126.6510393, 37.4515437], [126.6511566, 37.4517098]]]}, "properties": {"osm_type": "way", "osm_id": "218188831", "tags": {"building": "yes", "name": "서호관", "name:en": "West Lake Building"}, "verified_access": false}}, {"type": "Feature", "geometry": {"type": "Polygon", "coordinates": [[[126.6541464, 37.450336], [126.654848, 37.4513115], [126.6545519, 37.4514372], [126.6541926, 37.4509034], [126.6538579, 37.450461], [126.6541464, 37.450336]]]}, "properties": {"osm_type": "way", "osm_id": "218189298", "tags": {"building": "yes", "building:levels": "14", "name": "60주년기념관", "name:en": "60th Anniversary Hall", "surface": "glass"}, "verified_access": false}}, {"type": "Feature", "geometry": {"type": "Polygon", "coordinates": [[[126.6540764, 37.4490336], [126.6541698, 37.4489889], [126.6534853, 37.4479829], [126.6533919, 37.4480253], [126.6540764, 37.4490336]]]}, "properties": {"osm_type": "way", "osm_id": "218220690", "tags": {"natural": "water"}, "verified_access": false}}, {"type": "Feature", "geometry": {"type": "Polygon", "coordinates": [[[126.6561144, 37.4501596], [126.6563875, 37.4500732], [126.6559039, 37.4492675], [126.6558375, 37.449236], [126.6555556, 37.4493481], [126.6555303, 37.449444], [126.6556041, 37.4495302], [126.6556973, 37.4495863], [126.6558446, 37.4496535], [126.6559424, 37.4497712], [126.6559751, 37.4498418], [126.6560225, 37.4499454], [126.656067, 37.4500913], [126.6561144, 37.4501596]]]}, "properties": {"osm_type": "way", "osm_id": "218264623", "tags": {"name": "인경호", "natural": "water"}, "verified_access": false}}, {"type": "Feature", "geometry": {"type": "Polygon", "coordinates": [[[126.6506338, 37.449195], [126.6506904, 37.4492616], [126.650965, 37.4491284], [126.6507889, 37.4488971], [126.6506589, 37.448957], [126.6507354, 37.4490594], [126.6506841, 37.449086], [126.6507292, 37.4491467], [126.6506338, 37.449195]]]}, "properties": {"osm_type": "way", "osm_id": "218265217", "tags": {"building": "yes", "name": "학군단", "name:en": "R.O.T.C Building"}, "verified_access": false}}, {"type": "Feature", "geometry": {"type": "Polygon", "coordinates": [[[126.659709, 37.4481043], [126.6598776, 37.4480394], [126.6596812, 37.4477614], [126.6596927, 37.4474544], [126.6596822, 37.4474078], [126.6596613, 37.4473695], [126.6595321, 37.4471669], [126.6593765, 37.447221], [126.6595025, 37.4474294], [126.6595128, 37.4474623], [126.6595048, 37.4477725], [126.6595205, 37.4478497], [126.659709, 37.4481043]]]}, "properties": {"osm_type": "way", "osm_id": "218397211", "tags": {"building": "dormitory", "name": "비룡재", "name:en": "Biryongjae (Dormitory #2)"}, "verified_access": false}}, {"type": "Feature", "geometry": {"type": "Polygon", "coordinates": [[[126.6504913, 37.4488536], [126.6503408, 37.4487366], [126.6502465, 37.4487982], [126.6501354, 37.4490112], [126.6502018, 37.4490381], [126.6504913, 37.4488536]]]}, "properties": {"osm_type": "way", "osm_id": "218399242", "tags": {"leaf_type": "mixed", "natural": "wood"}, "verified_access": false}}, {"type": "Feature", "geometry": {"type": "Polygon", "coordinates": [[[126.6570501, 37.4494138], [126.6572199, 37.4496668], [126.6572702, 37.4496951], [126.6573457, 37.4497301], [126.6574107, 37.4497384], [126.6586178, 37.4492781], [126.6586304, 37.4492132], [126.6585822, 37.4491733], [126.6585193, 37.4491666], [126.6584731, 37.4491666], [126.6581423, 37.4493021], [126.6580016, 37.4490712], [126.6582197, 37.4489763], [126.6581945, 37.448958], [126.6581652, 37.4489613], [126.6576172, 37.44918], [126.6576142, 37.4492035], [126.6578914, 37.4493989], [126.6579611, 37.4494189], [126.6579092, 37.4494636], [126.6576463, 37.4495681], [126.6576085, 37.4495481], [126.6578108, 37.4494541], [126.6578339, 37.4494241], [126.6578255, 37.4493941], [126.6575742, 37.4492008], [126.6570501, 37.4494138]]]}, "properties": {"osm_type": "way", "osm_id": "218399774", "tags": {"natural": "wood"}, "verified_access": false}}, {"type": "Feature", "geometry": {"type": "Polygon", "coordinates": [[[126.6582878, 37.450178], [126.6585057, 37.4500874], [126.6584346, 37.4499885], [126.6583175, 37.4499603], [126.6581855, 37.450018], [126.6582878, 37.450178]]]}, "properties": {"osm_type": "way", "osm_id": "218399924", "tags": {"natural": "wood"}, "verified_access": false}}, {"type": "Feature", "geometry": {"type": "Polygon", "coordinates": [[[126.6586726, 37.4497531], [126.6588164, 37.4499615], [126.6585309, 37.4500839], [126.6584568, 37.4499779], [126.6585191, 37.4498179], [126.6585725, 37.4497908], [126.6586726, 37.4497531]]]}, "properties": {"osm_type": "way", "osm_id": "218399926", "tags": {"natural": "wood"}, "verified_access": false}}, {"type": "Feature", "geometry": {"type": "Polygon", "coordinates": [[[126.6580426, 37.4499797], [126.657984, 37.4498932], [126.6580204, 37.4498775], [126.6580088, 37.4498642], [126.6582748, 37.4497466], [126.6582868, 37.4497601], [126.6583116, 37.4497495], [126.6584106, 37.4498209], [126.6580426, 37.4499797]]]}, "properties": {"osm_type": "way", "osm_id": "218399928", "tags": {"natural": "wood"}, "verified_access": false}}, {"type": "Feature", "geometry": {"type": "Polygon", "coordinates": [[[126.6584392, 37.4498157], [126.6583344, 37.4497393], [126.6583222, 37.4497243], [126.6586116, 37.4496025], [126.65862, 37.4496108], [126.6586302, 37.4496675], [126.6586606, 37.4497041], [126.6586418, 37.4497122], [126.6586507, 37.449724], [126.6584392, 37.4498157]]]}, "properties": {"osm_type": "way", "osm_id": "218399929", "tags": {"natural": "wood"}, "verified_access": false}}, {"type": "Feature", "geometry": {"type": "Polygon", "coordinates": [[[126.6567931, 37.4491121], [126.6570139, 37.4490203], [126.6570436, 37.4489733], [126.6570495, 37.4489203], [126.6570288, 37.4488791], [126.6569932, 37.4488073], [126.6569739, 37.4487826], [126.656713, 37.4488979], [126.65671, 37.4489438], [126.6567056, 37.4489662], [126.6567086, 37.4489909], [126.6567931, 37.4491121]]]}, "properties": {"osm_type": "way", "osm_id": "218595314", "tags": {"natural": "wood"}, "verified_access": false}}, {"type": "Feature", "geometry": {"type": "Polygon", "coordinates": [[[126.6570518, 37.4487795], [126.6571021, 37.4488661], [126.6571483, 37.4489177], [126.6571986, 37.4489543], [126.6572279, 37.4489726], [126.6572971, 37.4489526], [126.6573684, 37.4489144], [126.6573705, 37.4488528], [126.6574481, 37.4488195], [126.6575026, 37.4488345], [126.657578, 37.4488245], [126.6576388, 37.4487979], [126.6576808, 37.4487646], [126.6577332, 37.4487363], [126.6577884, 37.4487177], [126.6578073, 37.4486802], [126.6580409, 37.448584], [126.6580646, 37.4485569], [126.6580779, 37.4485192], [126.6580675, 37.4484875], [126.6580616, 37.4484592], [126.6580991, 37.4484218], [126.6580798, 37.4483865], [126.6580754, 37.4483701], [126.6579523, 37.448403], [126.6579138, 37.4484112], [126.6579015, 37.4484165], [126.6578723, 37.4484289], [126.6578486, 37.4484442], [126.65777, 37.4484736], [126.6577166, 37.4484901], [126.657687, 37.4484913], [126.6576277, 37.4485148], [126.6573267, 37.4486372], [126.6573163, 37.4486596], [126.6572822, 37.4486655], [126.6572496, 37.4486796], [126.6572155, 37.4487055], [126.6571963, 37.4487055], [126.6570688, 37.4487596], [126.6570518, 37.4487795]]]}, "properties": {"osm_type": "way", "osm_id": "218595316", "tags": {"natural": "wood"}, "verified_access": false}}, {"type": "Feature", "geometry": {"type": "Polygon", "coordinates": [[[126.6547492, 37.4509893], [126.6546664, 37.4508748], [126.6548153, 37.4508084], [126.6548927, 37.450925], [126.6547492, 37.4509893]]]}, "properties": {"osm_type": "way", "osm_id": "219982954", "tags": {"building": "yes", "building:levels": "2"}, "verified_access": false}}, {"type": "Feature", "geometry": {"type": "Polygon", "coordinates": [[[126.6549429, 37.4502904], [126.6551894, 37.4501807], [126.6552973, 37.4503334], [126.6554439, 37.4505359], [126.6553956, 37.4505569], [126.6551958, 37.4506436], [126.654983, 37.4503464], [126.6549429, 37.4502904]]]}, "properties": {"osm_type": "way", "osm_id": "219982956", "tags": {"building": "university", "name": "4호관", "name:en": "Building #4"}, "verified_access": false}}, {"type": "Feature", "geometry": {"type": "Polygon", "coordinates": [[[126.6544515, 37.4505702], [126.6543983, 37.4504961], [126.6543242, 37.4503931], [126.6542635, 37.4503088], [126.6548306, 37.4500506], [126.6553925, 37.4497947], [126.6557078, 37.4502393], [126.6560864, 37.450773], [126.6560536, 37.4507873], [126.6561119, 37.4508705], [126.6559913, 37.4509252], [126.655696, 37.4504962], [126.6554589, 37.4501682], [126.6553593, 37.4500274], [126.6551468, 37.45012], [126.6551894, 37.4501807], [126.6549429, 37.4502904], [126.6549247, 37.4502667], [126.6548956, 37.4502289], [126.6547597, 37.4502892], [126.6548384, 37.4504036], [126.6544515, 37.4505702]]]}, "properties": {"osm_type": "way", "osm_id": "219983082", "tags": {"building": "university", "building:levels": "4", "name": "2남관", "name:en": "Building #2 South"}, "verified_access": false}}, {"type": "Feature", "geometry": {"type": "LineString", "coordinates": [[126.6614048, 37.449952], [126.6616534, 37.4505408], [126.6618663, 37.4510449], [126.6620639, 37.451513], [126.6620754, 37.4515402], [126.6623109, 37.4520273], [126.6623292, 37.4520651]]}, "properties": {"osm_type": "way", "osm_id": "231774837", "tags": {"highway": "residential", "name": "인하로119번길", "name:en": "Inha-ro 119beon-gil", "name:ko": "인하로119번길"}, "verified_access": false}}, {"type": "Feature", "geometry": {"type": "LineString", "coordinates": [[126.6721606, 37.4616964], [126.6709331, 37.4599507], [126.670564, 37.4594257], [126.6703369, 37.4591192], [126.6702244, 37.4589782], [126.6695277, 37.4581053], [126.6694912, 37.458073], [126.6688735, 37.4575264], [126.6685643, 37.4572529], [126.6685377, 37.4572326], [126.6680222, 37.456839], [126.6674836, 37.4564854], [126.6674136, 37.4564431], [126.6669622, 37.4561702], [126.6662647, 37.4558166], [126.6661846, 37.4557841], [126.6656155, 37.4555535], [126.6648835, 37.4552711], [126.6639133, 37.4549833], [126.6638046, 37.4549566], [126.662363, 37.4546031], [126.6612756, 37.4543364], [126.6608808, 37.4542396], [126.6595875, 37.4539224], [126.6586179, 37.4536846]]}, "properties": {"osm_type": "way", "osm_id": "231774838", "tags": {"highway": "residential", "name": "경인남길", "name:en": "Gyeonginnam-gil", "name:ko": "경인남길"}, "verified_access": false}}, {"type": "Feature", "geometry": {"type": "LineString", "coordinates": [[126.6590377, 37.4533232], [126.6589604, 37.4533053], [126.6577903, 37.4530348], [126.656357, 37.4526691], [126.6559249, 37.4525584], [126.655, 37.4523214], [126.6544168, 37.452172], [126.6537646, 37.4520049]]}, "properties": {"osm_type": "way", "osm_id": "231774839", "tags": {"highway": "residential", "name": "인하로47번길", "name:en": "Inha-ro 47beon-gil", "name:ko": "인하로47번길", "oneway": "yes"}, "verified_access": false}}, {"type": "Feature", "geometry": {"type": "LineString", "coordinates": [[126.6563589, 37.4525422], [126.6571024, 37.4523462], [126.657465, 37.4522506]]}, "properties": {"osm_type": "way", "osm_id": "231774841", "tags": {"highway": "service", "name": "인하로67번길", "name:en": "Inha-ro 67beon-gil", "name:ko": "인하로67번길"}, "verified_access": false}}, {"type": "Feature", "geometry": {"type": "LineString", "coordinates": [[126.6631345, 37.453649], [126.6628509, 37.4530998], [126.6625921, 37.4525864], [126.6625471, 37.4524972], [126.6623292, 37.4520651]]}, "properties": {"osm_type": "way", "osm_id": "231774842", "tags": {"highway": "residential", "name": "인주대로238번길", "name:en": "Inju-daero 238beon-gil", "name:ko": "인주대로238번길"}, "verified_access": false}}, {"type": "Feature", "geometry": {"type": "LineString", "coordinates": [[126.6558634, 37.4514268], [126.6559989, 37.4517294], [126.6561261, 37.4520136], [126.6563589, 37.4525422], [126.656357, 37.4526691], [126.6562076, 37.4530877]]}, "properties": {"osm_type": "way", "osm_id": "231774843", "tags": {"highway": "residential", "name": "인하로67번길", "name:en": "Inha-ro 67beon-gil", "name:ko": "인하로67번길"}, "verified_access": false}}, {"type": "Feature", "geometry": {"type": "LineString", "coordinates": [[126.6427778, 37.4538541], [126.6441543, 37.4532359], [126.644725, 37.4530183], [126.6452759, 37.4528635]]}, "properties": {"osm_type": "way", "osm_id": "234250407", "tags": {"expressway": "yes", "highway": "trunk", "lanes": "3", "maxspeed": "70", "name": "인천대로", "name:en": "Incheon-daero", "name:ja": "仁川大路", "name:ko": "인천대로", "name:ko-Hani": "仁川大路", "name:zh": "仁川大路", "oneway": "yes", "ref": "25", "wikidata": "Q61090891", "wikipedia": "ko:인천대로"}, "verified_access": false}}, {"type": "Feature", "geometry": {"type": "LineString", "coordinates": [[126.6363056, 37.4571598], [126.6382123, 37.4562761], [126.6389071, 37.455954], [126.6392172, 37.4558103], [126.6395082, 37.4556754], [126.6397881, 37.4555457], [126.6400602, 37.4554196], [126.6402738, 37.4552588], [126.642347, 37.4543147], [126.6428677, 37.4540858], [126.6437999, 37.4536487], [126.64509, 37.4531855], [126.6454356, 37.4530415]]}, "properties": {"osm_type": "way", "osm_id": "234250446", "tags": {"highway": "residential", "name": "아암대로45번길", "name:en": "Aam-daero 45beon-gil", "name:ko": "아암대로45번길"}, "verified_access": false}}, {"type": "Feature", "geometry": {"type": "LineString", "coordinates": [[126.6718448, 37.4617762], [126.6700395, 37.4591678], [126.6691841, 37.4581914], [126.6685027, 37.4575428], [126.6674821, 37.4567795], [126.6666562, 37.4562925], [126.6655648, 37.4557914], [126.6642433, 37.4553348], [126.6601466, 37.4543208], [126.653597, 37.4526996], [126.6525714, 37.4524942], [126.6518604, 37.4523767], [126.6511698, 37.4522919], [126.6503335, 37.4522233], [126.6494416, 37.4522102], [126.6484389, 37.4522211]]}, "properties": {"osm_type": "way", "osm_id": "234766657", "tags": {"expressway": "yes", "highway": "trunk", "lanes": "3", "maxspeed": "70", "name": "인천대로", "name:en": "Incheon-daero", "name:ja": "仁川大路", "name:ko": "인천대로", "name:ko-Hani": "仁川大路", "name:zh": "仁川大路", "oneway": "yes", "ref": "25", "wikidata": "Q61090891", "wikipedia": "ko:인천대로"}, "verified_access": false}}, {"type": "Feature", "geometry": {"type": "LineString", "coordinates": [[126.6484831, 37.4520878], [126.6494424, 37.4520629], [126.6503426, 37.4520651], [126.6512275, 37.4521617], [126.6519015, 37.452269], [126.6526125, 37.4523865], [126.6536153, 37.4525904], [126.658646, 37.4538366], [126.6642492, 37.4552247], [126.6656592, 37.4556977], [126.6667299, 37.4561941], [126.6675892, 37.4567158], [126.6680853, 37.4570496], [126.668616, 37.457471], [126.6693203, 37.4581451], [126.6701618, 37.4591259], [126.671946, 37.461696]]}, "properties": {"osm_type": "way", "osm_id": "234766658", "tags": {"expressway": "yes", "highway": "trunk", "lanes": "3", "maxspeed": "70", "name": "인천대로", "name:en": "Incheon-daero", "name:ja": "仁川大路", "name:ko": "인천대로", "name:ko-Hani": "仁川大路", "name:zh": "仁川大路", "oneway": "yes", "ref": "25", "wikidata": "Q61090891", "wikipedia": "ko:인천대로"}, "verified_access": false}}, {"type": "Feature", "geometry": {"type": "LineString", "coordinates": [[126.6460819, 37.452727], [126.6452168, 37.4530093]]}, "properties": {"osm_type": "way", "osm_id": "234766660", "tags": {"bridge": "viaduct", "bridge:name": "수인철도육교", "bridge:name:ko": "수인철도육교", "bridge:structure": "beam", "expressway": "yes", "highway": "trunk", "lanes": "3", "layer": "1", "maxspeed": "70", "oneway": "yes", "ref": "25"}, "verified_access": false}}, {"type": "Feature", "geometry": {"type": "LineString", "coordinates": [[126.6452759, 37.4528635], [126.6461417, 37.4525971]]}, "properties": {"osm_type": "way", "osm_id": "234766661", "tags": {"bridge": "viaduct", "bridge:name": "수인철도육교", "bridge:name:ko": "수인철도육교", "bridge:structure": "beam", "expressway": "yes", "highway": "trunk", "lanes": "3", "layer": "1", "maxspeed": "70", "oneway": "yes", "ref": "25"}, "verified_access": false}}, {"type": "Feature", "geometry": {"type": "LineString", "coordinates": [[126.6484389, 37.4522211], [126.6478256, 37.452278]]}, "properties": {"osm_type": "way", "osm_id": "234766669", "tags": {"bridge": "viaduct", "bridge:name": "송도육교", "bridge:name:ko": "송도육교", "bridge:structure": "beam", "expressway": "yes", "highway": "trunk", "lanes": "3", "layer": "1", "maxspeed": "70", "oneway": "yes", "ref": "25"}, "verified_access": false}}, {"type": "Feature", "geometry": {"type": "LineString", "coordinates": [[126.6478939, 37.4521569], [126.6484831, 37.4520878]]}, "properties": {"osm_type": "way", "osm_id": "234766670", "tags": {"bridge": "viaduct", "bridge:name": "송도육교", "bridge:name:ko": "송도육교", "bridge:structure": "beam", "expressway": "yes", "highway": "trunk", "lanes": "3", "layer": "1", "maxspeed": "70", "oneway": "yes", "ref": "25"}, "verified_access": false}}, {"type": "Feature", "geometry": {"type": "LineString", "coordinates": [[126.6478256, 37.452278], [126.6471728, 37.4524012], [126.6460819, 37.452727]]}, "properties": {"osm_type": "way", "osm_id": "234766672", "tags": {"expressway": "yes", "highway": "trunk", "lanes": "3", "maxspeed": "70", "name": "인천대로", "name:en": "Incheon-daero", "name:ja": "仁川大路", "name:ko": "인천대로", "name:ko-Hani": "仁川大路", "name:zh": "仁川大路", "oneway": "yes", "ref": "25", "wikidata": "Q61090891", "wikipedia": "ko:인천대로"}, "verified_access": false}}, {"type": "Feature", "geometry": {"type": "LineString", "coordinates": [[126.6452168, 37.4530093], [126.6447271, 37.4531749], [126.6442506, 37.4533614], [126.6428762, 37.4539654]]}, "properties": {"osm_type": "way", "osm_id": "234766674", "tags": {"expressway": "yes", "highway": "trunk", "lanes": "3", "maxspeed": "70", "name": "인천대로", "name:en": "Incheon-daero", "name:ja": "仁川大路", "name:ko": "인천대로", "name:ko-Hani": "仁川大路", "name:zh": "仁川大路", "oneway": "yes", "ref": "25", "wikidata": "Q61090891", "wikipedia": "ko:인천대로"}, "verified_access": false}}, {"type": "Feature", "geometry": {"type": "LineString", "coordinates": [[126.6461417, 37.4525971], [126.647131, 37.4523062], [126.6478939, 37.4521569]]}, "properties": {"osm_type": "way", "osm_id": "234766678", "tags": {"expressway": "yes", "highway": "trunk", "lanes": "3", "maxspeed": "70", "name": "인천대로", "name:en": "Incheon-daero", "name:ja": "仁川大路", "name:ko": "인천대로", "name:ko-Hani": "仁川大路", "name:zh": "仁川大路", "oneway": "yes", "ref": "25", "wikidata": "Q61090891", "wikipedia": "ko:인천대로"}, "verified_access": false}}, {"type": "Feature", "geometry": {"type": "LineString", "coordinates": [[126.6717702, 37.4619871], [126.6703764, 37.4598731], [126.6703654, 37.4598601], [126.669764, 37.459152], [126.668486, 37.4578018], [126.668346, 37.4575749], [126.6677659, 37.4571446], [126.6672969, 37.4568442], [126.6667301, 37.4564812], [126.6660236, 37.4561268], [126.6657356, 37.4559824], [126.6646911, 37.4556028], [126.6646381, 37.4555877], [126.6634182, 37.4552405], [126.6633451, 37.4552225], [126.6618504, 37.4548539], [126.6606636, 37.454539], [126.660435, 37.4544857], [126.6602751, 37.4544388], [126.6582446, 37.4539649], [126.6579119, 37.4538829], [126.6573752, 37.4537506], [126.6567763, 37.4536029], [126.6556916, 37.4533355], [126.6551771, 37.4532086], [126.6535444, 37.4528061], [126.6526903, 37.4526442], [126.6523066, 37.4525715], [126.6521661, 37.4525501], [126.6514398, 37.4524397], [126.6503509, 37.4523428], [126.6502727, 37.4523408], [126.6494426, 37.4523196], [126.6493821, 37.4523213], [126.6486759, 37.4523409], [126.6483647, 37.4523447], [126.6480814, 37.4524009], [126.6479481, 37.4524035]]}, "properties": {"osm_type": "way", "osm_id": "234766709", "tags": {"highway": "residential", "name": "경인북길", "name:en": "Gyeonginbuk-gil", "name:ko": "경인북길"}, "verified_access": false}}, {"type": "Feature", "geometry": {"type": "LineString", "coordinates": [[126.65511, 37.4437652], [126.6538308, 37.4418426]]}, "properties": {"osm_type": "way", "osm_id": "234766712", "tags": {"highway": "tertiary", "name": "매소홀로290번길", "name:en": "Maesohol-ro 290beon-gil", "name:ko": "매소홀로290번길", "oneway": "no"}, "verified_access": false}}, {"type": "Feature", "geometry": {"type": "LineString", "coordinates": [[126.6586002, 37.4452329], [126.6585607, 37.4451687], [126.6582281, 37.4446289], [126.6580805, 37.4443893], [126.6571344, 37.4429537]]}, "properties": {"osm_type": "way", "osm_id": "234766713", "tags": {"highway": "residential", "name": "매소홀로309번길", "name:en": "Maesohol-ro 309beon-gil", "name:ko": "매소홀로309번길"}, "verified_access": false}}, {"type": "Feature", "geometry": {"type": "LineString", "coordinates": [[126.6499796, 37.4563619], [126.6498306, 37.4563725], [126.6495894, 37.4564325], [126.6495157, 37.4564619], [126.6493575, 37.456525], [126.6486701, 37.4567994], [126.6477593, 37.4571628], [126.6467698, 37.4575038], [126.6464399, 37.4576754], [126.6462646, 37.4577509], [126.6461452, 37.4578137], [126.646028, 37.4578824], [126.6457612, 37.4580107], [126.6452906, 37.4582706], [126.6448859, 37.4584941], [126.6442492, 37.4587786], [126.6441098, 37.4588475], [126.6434174, 37.4591307], [126.6430312, 37.4592761], [126.64204, 37.4596692], [126.6418401, 37.4597485], [126.6414149, 37.4599172]]}, "properties": {"osm_type": "way", "osm_id": "234766723", "tags": {"highway": "secondary", "name": "인주대로", "name:en": "Inju-daero", "name:ja": "仁州大路", "name:ko": "인주대로", "name:ko-Hani": "仁州大路", "name:zh": "仁州大路", "ref": "18"}, "verified_access": false}}, {"type": "Feature", "geometry": {"type": "LineString", "coordinates": [[126.6612436, 37.4542428], [126.6604023, 37.4545116]]}, "properties": {"osm_type": "way", "osm_id": "234766724", "tags": {"highway": "secondary", "layer": "-1", "name": "용현지하차도", "name:ko": "용현지하차도", "ref": "18", "tunnel": "yes", "tunnel:name": "용현지하차도"}, "verified_access": false}}, {"type": "Feature", "geometry": {"type": "Polygon", "coordinates": [[[126.6569723, 37.4512496], [126.6569999, 37.4513187], [126.6569169, 37.4513359], [126.6568872, 37.4512684], [126.6569723, 37.4512496]]]}, "properties": {"osm_type": "way", "osm_id": "236508389", "tags": {"brand": "CU", "brand:wikidata": "Q12580836", "building": "yes", "name": "CU", "operator": "BGF리테일", "operator:en": "BGF Retail", "payment:american_express": "yes", "payment:cash": "yes", "payment:coins": "yes", "payment:credit_cards": "yes", "payment:debit_cards": "yes", "payment:diners_club": "yes", "payment:discover_card": "yes", "payment:jcb": "yes", "payment:mastercard": "yes", "payment:notes": "yes", "payment:unionpay": "yes", "payment:visa": "yes", "shop": "convenience", "smoking": "no", "website": "https://cu.bgfretail.com/index.do"}, "verified_access": false}}, {"type": "Feature", "geometry": {"type": "Polygon", "coordinates": [[[126.66044, 37.4521743], [126.660529, 37.4520958], [126.6605784, 37.4520848], [126.660614, 37.4521555], [126.6605171, 37.4522355], [126.66044, 37.4521743]]]}, "properties": {"osm_type": "way", "osm_id": "236508423", "tags": {"amenity": "restaurant", "building": "yes", "name": "우리소참한우"}, "verified_access": false}}, {"type": "Feature", "geometry": {"type": "LineString", "coordinates": [[126.6572336, 37.4517335], [126.6568874, 37.451821], [126.6567534, 37.4518549], [126.6567077, 37.4518665], [126.6561261, 37.4520136], [126.6558514, 37.4520887], [126.6554109, 37.4522091], [126.6551849, 37.4522709], [126.655, 37.4523214]]}, "properties": {"osm_type": "way", "osm_id": "236508980", "tags": {"highway": "service", "name": "경인남길30번길", "name:en": "Gyeonginnam-gil 30beon-gil", "name:ko": "경인남길30번길"}, "verified_access": false}}, {"type": "Feature", "geometry": {"type": "Polygon", "coordinates": [[[126.6559737, 37.4520433], [126.6559554, 37.4519739], [126.6559818, 37.4519658], [126.6559778, 37.4519464], [126.656057, 37.4519222], [126.6560794, 37.4519706], [126.6560469, 37.4520239], [126.6559737, 37.4520433]]]}, "properties": {"osm_type": "way", "osm_id": "236520708", "tags": {"brand": "GS25", "brand:wikidata": "Q624041", "building": "yes", "name": "GS25", "shop": "convenience"}, "verified_access": false}}, {"type": "Feature", "geometry": {"type": "LineString", "coordinates": [[126.6533746, 37.4479326], [126.6535087, 37.4478766], [126.6538798, 37.4484186], [126.6542786, 37.4490012]]}, "properties": {"osm_type": "way", "osm_id": "258995842", "tags": {"highway": "service"}, "verified_access": false}}, {"type": "Feature", "geometry": {"type": "Polygon", "coordinates": [[[126.6548868, 37.451795], [126.655078, 37.4517411], [126.6551284, 37.4518538], [126.6549372, 37.4519077], [126.6548868, 37.451795]]]}, "properties": {"osm_type": "way", "osm_id": "281499207", "tags": {"addr:city": "인천광역시", "addr:district": "미추홀구", "addr:housenumber": "59", "addr:postcode": "22207", "addr:street": "인하로", "building": "commercial", "building:levels": "6", "name": "메사빌딩", "smoking": "outside"}, "verified_access": false}}, {"type": "Feature", "geometry": {"type": "LineString", "coordinates": [[126.6560749, 37.4559046], [126.6561731, 37.455796], [126.6561811, 37.4558236], [126.656208, 37.4558407], [126.6562436, 37.455853]]}, "properties": {"osm_type": "way", "osm_id": "281585930", "tags": {"highway": "unclassified", "oneway": "yes"}, "verified_access": false}}, {"type": "Feature", "geometry": {"type": "LineString", "coordinates": [[126.6561731, 37.455796], [126.6569487, 37.455108], [126.6569823, 37.4550812], [126.6575467, 37.4546307], [126.6576764, 37.4545271], [126.6577876, 37.4544383], [126.6579139, 37.4543375], [126.6580399, 37.4542054], [126.6582446, 37.4539649], [126.6582773, 37.4539404]]}, "properties": {"osm_type": "way", "osm_id": "281585931", "tags": {"highway": "residential", "name": "인주대로174번길", "name:en": "Inju-daero 174beon-gil", "name:ko": "인주대로174번길"}, "verified_access": false}}, {"type": "Feature", "geometry": {"type": "LineString", "coordinates": [[126.6582773, 37.4539404], [126.6585805, 37.4537127]]}, "properties": {"osm_type": "way", "osm_id": "281585933", "tags": {"highway": "unclassified", "layer": "-1", "tunnel": "yes"}, "verified_access": false}}, {"type": "Feature", "geometry": {"type": "LineString", "coordinates": [[126.6586179, 37.4536846], [126.6590377, 37.4533232], [126.6605832, 37.4519929]]}, "properties": {"osm_type": "way", "osm_id": "281585936", "tags": {"highway": "service", "name": "경인남길102번길", "name:en": "Gyeonginnam-gil 102beon-gil", "name:ko": "경인남길102번길"}, "verified_access": false}}, {"type": "Feature", "geometry": {"type": "LineString", "coordinates": [[126.6636999, 37.4515969], [126.6634579, 37.45107], [126.6634288, 37.4510056], [126.6632712, 37.4506614], [126.6630602, 37.4501612], [126.6628126, 37.4495747]]}, "properties": {"osm_type": "way", "osm_id": "281586682", "tags": {"highway": "service", "name": "인하로133번길", "name:en": "Inha-ro 133beon-gil", "name:ko": "인하로133번길"}, "verified_access": false}}, {"type": "Feature", "geometry": {"type": "LineString", "coordinates": [[126.660833, 37.4524851], [126.6623109, 37.4520273], [126.6636999, 37.4515969]]}, "properties": {"osm_type": "way", "osm_id": "281586683", "tags": {"highway": "service", "name": "한나루로489번길", "name:en": "Hannaru-ro 489beon-gil", "name:ko": "한나루로489번길"}, "verified_access": false}}, {"type": "Feature", "geometry": {"type": "LineString", "coordinates": [[126.6603765, 37.4495804], [126.660172, 37.4490979], [126.6600807, 37.4488828], [126.6599765, 37.4486373]]}, "properties": {"osm_type": "way", "osm_id": "281586684", "tags": {"highway": "service", "name": "재넘이길", "name:en": "Jaeneomi-gil", "name:ko": "재넘이길"}, "verified_access": false}}, {"type": "Feature", "geometry": {"type": "LineString", "coordinates": [[126.6636999, 37.4515969], [126.6651509, 37.451139], [126.6662832, 37.4507817], [126.6664121, 37.4507497], [126.6671952, 37.4505417]]}, "properties": {"osm_type": "way", "osm_id": "281586686", "tags": {"highway": "service", "name": "한나루로489번길", "name:en": "Hannaru-ro 489beon-gil", "name:ko": "한나루로489번길"}, "verified_access": false}}, {"type": "Feature", "geometry": {"type": "LineString", "coordinates": [[126.6599765, 37.4486373], [126.6600091, 37.4486136], [126.660496, 37.4484825], [126.660706, 37.4484259], [126.6615272, 37.4482048], [126.662179, 37.4480131], [126.6630789, 37.4480375], [126.6641477, 37.4480366], [126.6646767, 37.448019], [126.6652895, 37.4479641]]}, "properties": {"osm_type": "way", "osm_id": "281586687", "tags": {"highway": "service", "name": "재넘이길", "name:en": "Jaeneomi-gil", "name:ko": "재넘이길"}, "verified_access": false}}, {"type": "Feature", "geometry": {"type": "LineString", "coordinates": [[126.6585997, 37.4513649], [126.6601431, 37.4509484]]}, "properties": {"osm_type": "way", "osm_id": "281588709", "tags": {"highway": "service", "name": "경인남길30번길", "name:en": "Gyeonginnam-gil 30beon-gil", "name:ko": "경인남길30번길"}, "verified_access": false}}, {"type": "Feature", "geometry": {"type": "LineString", "coordinates": [[126.662363, 37.4546031], [126.6624552, 37.4545608], [126.6633952, 37.4542603], [126.6648179, 37.4538056], [126.6662476, 37.4533519], [126.6664862, 37.4532856], [126.6678962, 37.4529322]]}, "properties": {"osm_type": "way", "osm_id": "281588710", "tags": {"highway": "service", "name": "한나루로515번길", "name:en": "Hannaru-ro 515beon-gil", "name:ko": "한나루로515번길"}, "verified_access": false}}, {"type": "Feature", "geometry": {"type": "LineString", "coordinates": [[126.6651509, 37.451139], [126.6648958, 37.4506129], [126.6647459, 37.4502589], [126.664536, 37.4497629], [126.6642888, 37.4491493]]}, "properties": {"osm_type": "way", "osm_id": "281588711", "tags": {"highway": "service", "name": "인하로147번길", "name:en": "Inha-ro 147beon-gil", "name:ko": "인하로147번길"}, "verified_access": false}}, {"type": "Feature", "geometry": {"type": "LineString", "coordinates": [[126.664536, 37.4497629], [126.6661801, 37.4496419], [126.6673638, 37.4495485]]}, "properties": {"osm_type": "way", "osm_id": "281589089", "tags": {"highway": "service", "name": "한나루로477번길", "name:en": "Hannaru-ro 477beon-gil", "name:ko": "한나루로477번길"}, "verified_access": false}}, {"type": "Feature", "geometry": {"type": "LineString", "coordinates": [[126.6569674, 37.4511411], [126.6570936, 37.451422], [126.6572336, 37.4517335], [126.657465, 37.4522506], [126.6577903, 37.4530348], [126.6576398, 37.4534447]]}, "properties": {"osm_type": "way", "osm_id": "281589090", "tags": {"highway": "residential", "name": "인하로77번길", "name:en": "Inha-ro 77beon-gil", "name:ko": "인하로77번길"}, "verified_access": false}}, {"type": "Feature", "geometry": {"type": "LineString", "coordinates": [[126.6642359, 37.4526413], [126.6656685, 37.4521834], [126.6666739, 37.4518621], [126.6673747, 37.4516208]]}, "properties": {"osm_type": "way", "osm_id": "281589415", "tags": {"highway": "service", "name": "한나루로501번길", "name:en": "Hannaru-ro 501beon-gil", "name:ko": "한나루로501번길"}, "verified_access": false}}, {"type": "Feature", "geometry": {"type": "LineString", "coordinates": [[126.6619219, 37.4386988], [126.6620134, 37.4393719], [126.6620218, 37.4394332], [126.6621145, 37.4401154], [126.6621894, 37.4403651], [126.6622868, 37.4405733], [126.6624964, 37.4408059], [126.66284, 37.4412901], [126.6628506, 37.4413031], [126.66309, 37.4415989], [126.6632995, 37.4418578], [126.6633912, 37.4419699], [126.6635109, 37.4421179], [126.66419, 37.4429579], [126.6643805, 37.4431728], [126.6648082, 37.4437357], [126.6651787, 37.4442232], [126.6651983, 37.444249], [126.6658399, 37.4450934], [126.6662211, 37.4455949], [126.6664795, 37.4459145], [126.6670263, 37.4466126], [126.6670864, 37.4466897], [126.6677344, 37.4475543], [126.6677613, 37.4476065], [126.6678523, 37.4477828], [126.6678736, 37.4478564], [126.6678556, 37.4479573], [126.6677548, 37.4482833], [126.667571, 37.4488826]]}, "properties": {"osm_type": "way", "osm_id": "281591607", "tags": {"highway": "secondary", "name": "한나루로", "name:en": "Hannaru-ro", "name:ko": "한나루로", "ref": "15"}, "verified_access": false}}, {"type": "Feature", "geometry": {"type": "LineString", "coordinates": [[126.6665886, 37.4470421], [126.6659375, 37.4461936], [126.6653011, 37.4453641], [126.6651402, 37.4451021], [126.6648649, 37.4447321], [126.6646522, 37.4444735]]}, "properties": {"osm_type": "way", "osm_id": "281612162", "tags": {"highway": "service", "name": "재넘이길9번길", "name:en": "Jaeneomi-gil 9beon-gil", "name:ko": "재넘이길9번길"}, "verified_access": false}}, {"type": "Feature", "geometry": {"type": "LineString", "coordinates": [[126.6657222, 37.4476915], [126.6654421, 37.4472894], [126.6649748, 37.4466189], [126.664965, 37.446606], [126.6643431, 37.4457885], [126.6643167, 37.4457538], [126.664239, 37.4456154], [126.6642076, 37.4455493], [126.6641934, 37.4455195], [126.6641692, 37.4454343], [126.6641554, 37.4453887], [126.6641049, 37.4452214], [126.664087, 37.4451027], [126.664078, 37.4449297], [126.6640833, 37.4448907], [126.6640897, 37.4448706], [126.6641299, 37.4448173], [126.6641987, 37.4447423], [126.6643552, 37.4446214]]}, "properties": {"osm_type": "way", "osm_id": "281613324", "tags": {"highway": "service", "name": "재넘이길29번길", "name:en": "Jaeneomi-gil 29beon-gil", "name:ko": "재넘이길29번길"}, "verified_access": false}}, {"type": "Feature", "geometry": {"type": "LineString", "coordinates": [[126.6642888, 37.4491493], [126.6642686, 37.4490695], [126.6642044, 37.4485209], [126.6641477, 37.4480366]]}, "properties": {"osm_type": "way", "osm_id": "281613743", "tags": {"highway": "service", "name": "인하로148번길", "name:en": "Inha-ro 148beon-gil", "name:ko": "인하로148번길"}, "verified_access": false}}, {"type": "Feature", "geometry": {"type": "LineString", "coordinates": [[126.6646767, 37.448019], [126.6646386, 37.4472444], [126.6638778, 37.4460098]]}, "properties": {"osm_type": "way", "osm_id": "281613991", "tags": {"highway": "service", "name": "재넘이길51번길", "name:en": "Jaeneomi-gil 51beon-gil", "name:ko": "재넘이길51번길"}, "verified_access": false}}, {"type": "Feature", "geometry": {"type": "LineString", "coordinates": [[126.6640574, 37.4472904], [126.6644187, 37.4472657], [126.6646386, 37.4472444]]}, "properties": {"osm_type": "way", "osm_id": "281613992", "tags": {"highway": "service", "name": "재넘이길61번길", "name:en": "Jaeneomi-gil 61beon-gil", "name:ko": "재넘이길61번길"}, "verified_access": false}}, {"type": "Feature", "geometry": {"type": "LineString", "coordinates": [[126.6604863, 37.4495547], [126.6611085, 37.4493839], [126.6617121, 37.4492182], [126.6625612, 37.4489669]]}, "properties": {"osm_type": "way", "osm_id": "281615134", "tags": {"highway": "service", "name": "한나루로463번길", "name:en": "Hannaru-ro 463beon-gil", "name:ko": "한나루로463번길"}, "verified_access": false}}, {"type": "Feature", "geometry": {"type": "LineString", "coordinates": [[126.6625681, 37.4489835], [126.6633898, 37.4487661], [126.6642044, 37.4485209]]}, "properties": {"osm_type": "way", "osm_id": "281615137", "tags": {"highway": "service", "name": "한나루로463번길", "name:en": "Hannaru-ro 463beon-gil", "name:ko": "한나루로463번길"}, "verified_access": false}}, {"type": "Feature", "geometry": {"type": "LineString", "coordinates": [[126.6606375, 37.4443909], [126.6604786, 37.4444566], [126.6603717, 37.4445008], [126.6589536, 37.4450868], [126.6586002, 37.4452329], [126.6583178, 37.445346], [126.6574972, 37.4456746], [126.657317, 37.4457468], [126.6571841, 37.4458], [126.656832, 37.445941], [126.6566257, 37.4460236], [126.656548, 37.4460547], [126.6563369, 37.4461392], [126.6546057, 37.4467792], [126.6544119, 37.4468509], [126.6532344, 37.4473242], [126.6527163, 37.4475486], [126.6505577, 37.4483995], [126.6501311, 37.4485677], [126.6498752, 37.4485853]]}, "properties": {"osm_type": "way", "osm_id": "281621314", "tags": {"highway": "secondary", "lanes": "4", "name": "소성로", "name:en": "Soseong-ro", "name:ko": "소성로", "oneway": "no", "ref": "16", "surface": "asphalt"}, "verified_access": false}}, {"type": "Feature", "geometry": {"type": "LineString", "coordinates": [[126.6665546, 37.4420042], [126.6664144, 37.4420607], [126.6657265, 37.4423382], [126.6653452, 37.442492], [126.66419, 37.4429579], [126.6637487, 37.443136], [126.6636766, 37.4431651], [126.6630963, 37.4433992], [126.6622125, 37.4437558], [126.6620081, 37.4438381], [126.6606375, 37.4443909]]}, "properties": {"osm_type": "way", "osm_id": "281621319", "tags": {"highway": "secondary", "lanes": "4", "name": "소성로", "name:en": "Soseong-ro", "name:ko": "소성로", "oneway": "no", "ref": "16"}, "verified_access": false}}, {"type": "Feature", "geometry": {"type": "LineString", "coordinates": [[126.6547975, 37.4548057], [126.6550468, 37.4546796], [126.6552213, 37.4546098], [126.6557845, 37.4543415], [126.655873, 37.4539923]]}, "properties": {"osm_type": "way", "osm_id": "281635648", "tags": {"highway": "service", "name": "비룡길29번길", "name:en": "Biryong-gil 29beon-gil", "name:ko": "비룡길29번길"}, "verified_access": false}}, {"type": "Feature", "geometry": {"type": "LineString", "coordinates": [[126.6554914, 37.4560749], [126.65546, 37.4559809], [126.655299, 37.4555679], [126.6552735, 37.4555126], [126.6552186, 37.4553933], [126.6551301, 37.455257], [126.6549557, 37.4550377], [126.6548565, 37.4549015], [126.6547975, 37.4548057], [126.6547653, 37.4547333], [126.654717, 37.4545736], [126.6546834, 37.4543239]]}, "properties": {"osm_type": "way", "osm_id": "281635649", "tags": {"highway": "service", "name": "비룡길", "name:en": "Biryong-gil", "name:ko": "비룡길"}, "verified_access": false}}, {"type": "Feature", "geometry": {"type": "LineString", "coordinates": [[126.6569823, 37.4550812], [126.6567071, 37.454852], [126.65664, 37.4547989], [126.656566, 37.454759]]}, "properties": {"osm_type": "way", "osm_id": "281635650", "tags": {"highway": "service", "name": "비룡길11번길", "name:en": "Biryong-gil 11beon-gil", "name:ko": "비룡길11번길"}, "verified_access": false}}, {"type": "Feature", "geometry": {"type": "LineString", "coordinates": [[126.6549557, 37.4550377], [126.6560983, 37.4544373], [126.6563974, 37.4544852]]}, "properties": {"osm_type": "way", "osm_id": "281635651", "tags": {"highway": "service", "name": "비룡길23번길", "name:en": "Biryong-gil 23beon-gil", "name:ko": "비룡길23번길"}, "verified_access": false}}, {"type": "Feature", "geometry": {"type": "LineString", "coordinates": [[126.6545444, 37.4534584], [126.6547519, 37.4534302], [126.6548913, 37.4533514], [126.6551771, 37.4532086]]}, "properties": {"osm_type": "way", "osm_id": "281635652", "tags": {"highway": "service", "name": "비룡길41번길", "name:en": "Biryong-gil 41beon-gil", "name:ko": "비룡길41번길"}, "verified_access": false}}, {"type": "Feature", "geometry": {"type": "LineString", "coordinates": [[126.6561751, 37.4540449], [126.6565645, 37.4541126], [126.6568492, 37.4541622], [126.6569855, 37.4541945], [126.6571068, 37.4542414]]}, "properties": {"osm_type": "way", "osm_id": "281635653", "tags": {"highway": "service", "name": "비룡길23번길", "name:en": "Biryong-gil 23beon-gil", "name:ko": "비룡길23번길"}, "verified_access": false}}, {"type": "Feature", "geometry": {"type": "LineString", "coordinates": [[126.6565645, 37.4541126], [126.6567763, 37.4536029]]}, "properties": {"osm_type": "way", "osm_id": "281635840", "tags": {"highway": "service", "name": "경인북길", "name:en": "Gyeonginbuk-gil", "name:ko": "경인북길"}, "verified_access": false}}, {"type": "Feature", "geometry": {"type": "LineString", "coordinates": [[126.6542177, 37.4539881], [126.654049, 37.4540238], [126.6539392, 37.4540568], [126.6536949, 37.4541303], [126.6535744, 37.4541477], [126.6535502, 37.4541497], [126.6533971, 37.4541626], [126.6531694, 37.4541818], [126.6530325, 37.4541918], [126.6525283, 37.4542286], [126.6519329, 37.4542563]]}, "properties": {"osm_type": "way", "osm_id": "281636619", "tags": {"highway": "service", "name": "비룡길56번길", "name:en": "Biryong-gil 56beon-gil", "name:ko": "비룡길56번길"}, "verified_access": false}}, {"type": "Feature", "geometry": {"type": "LineString", "coordinates": [[126.651399, 37.4548734], [126.6513752, 37.4551479], [126.6513535, 37.4553976], [126.6513508, 37.4556424], [126.6513426, 37.45574], [126.651324, 37.4561982], [126.6512996, 37.4564296]]}, "properties": {"osm_type": "way", "osm_id": "281636620", "tags": {"highway": "service", "name": "인주대로128번길", "name:en": "Inju-daero 128beon-gil", "name:ko": "인주대로128번길"}, "verified_access": false}}, {"type": "Feature", "geometry": {"type": "LineString", "coordinates": [[126.6508557, 37.4546872], [126.6509217, 37.454927], [126.6509002, 37.4551378]]}, "properties": {"osm_type": "way", "osm_id": "281636621", "tags": {"highway": "service", "name": "인주대로120번길", "name:en": "Inju-daero 120beon-gil", "name:ko": "인주대로120번길"}, "verified_access": false}}, {"type": "Feature", "geometry": {"type": "LineString", "coordinates": [[126.6546834, 37.4543239], [126.6546154, 37.4543939], [126.6544515, 37.4545629], [126.6543983, 37.4546044], [126.6543147, 37.4546694], [126.6542341, 37.4547094], [126.6541215, 37.4547418], [126.6537139, 37.4548035], [126.6534935, 37.4548295], [126.6529412, 37.4548947], [126.6528636, 37.454893], [126.6519409, 37.4547886], [126.6519005, 37.4547946], [126.6518585, 37.454821]]}, "properties": {"osm_type": "way", "osm_id": "281636622", "tags": {"highway": "service", "name": "비룡길42번길", "name:en": "Biryong-gil 42beon-gil", "name:ko": "비룡길42번길"}, "verified_access": false}}, {"type": "Feature", "geometry": {"type": "LineString", "coordinates": [[126.6516539, 37.4538198], [126.6531157, 37.4532641]]}, "properties": {"osm_type": "way", "osm_id": "281636623", "tags": {"highway": "service", "name": "비룡길82번길", "name:en": "Biryong-gil 82beon-gil", "name:ko": "비룡길82번길"}, "verified_access": false}}, {"type": "Feature", "geometry": {"type": "LineString", "coordinates": [[126.6542177, 37.4539881], [126.6541268, 37.4539514], [126.6540464, 37.4539029], [126.6539176, 37.4537917], [126.6537754, 37.4536363], [126.6536735, 37.4535468], [126.6533972, 37.4534127], [126.6533409, 37.4534191], [126.6532229, 37.4533382], [126.6531157, 37.4532641], [126.6526903, 37.4526442]]}, "properties": {"osm_type": "way", "osm_id": "281636624", "tags": {"highway": "service", "name": "비룡길", "name:en": "Biryong-gil", "name:ko": "비룡길"}, "verified_access": false}}, {"type": "Feature", "geometry": {"type": "LineString", "coordinates": [[126.6514675, 37.4545704], [126.6513495, 37.4545714], [126.6510585, 37.4546471], [126.6508557, 37.4546872]]}, "properties": {"osm_type": "way", "osm_id": "281636625", "tags": {"highway": "service", "name": "인주대로128번길", "name:en": "Inju-daero 128beon-gil", "name:ko": "인주대로128번길"}, "verified_access": false}}, {"type": "Feature", "geometry": {"type": "LineString", "coordinates": [[126.6514152, 37.4534599], [126.6515091, 37.4536218], [126.6515505, 37.4536909], [126.6515926, 37.4537434], [126.6516539, 37.4538198], [126.6518524, 37.454103], [126.6519329, 37.4542563]]}, "properties": {"osm_type": "way", "osm_id": "281636883", "tags": {"highway": "service", "noname": "yes"}, "verified_access": false}}, {"type": "Feature", "geometry": {"type": "LineString", "coordinates": [[126.650227, 37.4551336], [126.6503772, 37.4551345], [126.6504577, 37.455135], [126.6505166, 37.4551353], [126.6506239, 37.4551359], [126.6508039, 37.455137], [126.6509002, 37.4551378]]}, "properties": {"osm_type": "way", "osm_id": "281636884", "tags": {"highway": "service", "name": "인주대로120번길", "name:en": "Inju-daero 120beon-gil", "name:ko": "인주대로120번길"}, "verified_access": false}}, {"type": "Feature", "geometry": {"type": "LineString", "coordinates": [[126.6515505, 37.4536909], [126.6514072, 37.4537538], [126.651273, 37.4538198], [126.6510905, 37.4538918], [126.6510236, 37.4539071], [126.6508008, 37.4539195], [126.6507123, 37.4539003], [126.6505033, 37.4539901], [126.6503663, 37.4540792], [126.6502671, 37.4540855], [126.6502216, 37.4540902]]}, "properties": {"osm_type": "way", "osm_id": "281636885", "tags": {"highway": "service", "name": "독배로386번길", "name:en": "Dokbae-ro 386beon-gil", "name:ko": "독배로386번길"}, "verified_access": false}}, {"type": "Feature", "geometry": {"type": "LineString", "coordinates": [[126.6517813, 37.456456], [126.6518283, 37.4560938], [126.6518712, 37.4556935], [126.6518712, 37.4555253], [126.6518585, 37.454821]]}, "properties": {"osm_type": "way", "osm_id": "281636886", "tags": {"highway": "service", "name": "인주대로132번길", "name:en": "Inju-daero 132beon-gil", "name:ko": "인주대로132번길"}, "verified_access": false}}, {"type": "Feature", "geometry": {"type": "LineString", "coordinates": [[126.6521661, 37.4525501], [126.6517827, 37.4526977], [126.6511041, 37.4529766], [126.6507951, 37.4531063], [126.6498461, 37.4535047], [126.6496323, 37.4535939], [126.6486432, 37.4540095]]}, "properties": {"osm_type": "way", "osm_id": "281636887", "tags": {"highway": "service", "name": "독배로382번길", "name:en": "Dokbae-ro 382beon-gil", "name:ko": "독배로382번길"}, "verified_access": false}}, {"type": "Feature", "geometry": {"type": "LineString", "coordinates": [[126.6498461, 37.4535047], [126.6502055, 37.4540264], [126.6502216, 37.4540902], [126.6502109, 37.4541498], [126.650176, 37.4543308], [126.6501814, 37.4543606], [126.6502431, 37.454499], [126.6502484, 37.4545459], [126.6502458, 37.4545885], [126.6502338, 37.4546205], [126.6502243, 37.454646], [126.650227, 37.4546928], [126.6502297, 37.4547396], [126.6502404, 37.4549334], [126.650227, 37.4551336], [126.6501947, 37.4552076], [126.6501331, 37.4552783], [126.6499051, 37.4554721], [126.6497951, 37.4555637], [126.6496634, 37.4556453]]}, "properties": {"osm_type": "way", "osm_id": "281636888", "tags": {"highway": "service", "name": "독배로404번길", "name:en": "Dokbae-ro 404beon-gil", "name:ko": "독배로404번길"}, "verified_access": false}}, {"type": "Feature", "geometry": {"type": "LineString", "coordinates": [[126.6627948, 37.456934], [126.6632812, 37.4570345], [126.6639331, 37.4571434]]}, "properties": {"osm_type": "way", "osm_id": "281637074", "tags": {"highway": "service", "name": "수봉로130번길", "name:en": "Subong-ro 130beon-gil", "name:ko": "수봉로130번길"}, "verified_access": false}}, {"type": "Feature", "geometry": {"type": "LineString", "coordinates": [[126.6609462, 37.4557365], [126.6608409, 37.455543], [126.6606064, 37.4551121], [126.6605035, 37.4549232], [126.6603669, 37.4546337]]}, "properties": {"osm_type": "way", "osm_id": "281637075", "tags": {"highway": "service", "name": "인주대로211번길", "name:en": "Inju-daero 211beon-gil", "name:ko": "인주대로211번길"}, "verified_access": false}}, {"type": "Feature", "geometry": {"type": "LineString", "coordinates": [[126.6640715, 37.4568127], [126.6641341, 37.456911], [126.6642709, 37.4570494], [126.6643569, 37.4570988], [126.6644479, 37.4571899], [126.6645462, 37.4573046]]}, "properties": {"osm_type": "way", "osm_id": "281637076", "tags": {"highway": "service", "noname": "yes"}, "verified_access": false}}, {"type": "Feature", "geometry": {"type": "LineString", "coordinates": [[126.6617745, 37.457521], [126.6617838, 37.4572309], [126.6617927, 37.4569563]]}, "properties": {"osm_type": "way", "osm_id": "281637077", "tags": {"highway": "service", "name": "인주대로211번길", "name:en": "Inju-daero 211beon-gil", "name:ko": "인주대로211번길"}, "verified_access": false}}, {"type": "Feature", "geometry": {"type": "LineString", "coordinates": [[126.6575984, 37.4582415], [126.6571437, 37.4579357], [126.6570548, 37.4578652], [126.6565382, 37.4574927], [126.6564631, 37.4574373], [126.6564388, 37.4574135], [126.6563826, 37.4573586], [126.6563317, 37.4572755], [126.6562011, 37.4569696], [126.6560608, 37.456641], [126.656042, 37.4565559], [126.6560179, 37.4559874], [126.6559992, 37.4559278]]}, "properties": {"osm_type": "way", "osm_id": "281637208", "tags": {"highway": "service", "name": "수봉남로", "name:en": "Subongnam-ro", "name:ko": "수봉남로"}, "verified_access": false}}, {"type": "Feature", "geometry": {"type": "LineString", "coordinates": [[126.6607787, 37.4571601], [126.6607815, 37.4568412], [126.6607806, 37.4567029], [126.6607787, 37.4563894], [126.66078, 37.4563409], [126.6607868, 37.4560896]]}, "properties": {"osm_type": "way", "osm_id": "281637282", "tags": {"highway": "service", "name": "수봉남로18번길", "name:en": "Subongnam-ro 18beon-gil", "name:ko": "수봉남로18번길"}, "verified_access": false}}, {"type": "Feature", "geometry": {"type": "LineString", "coordinates": [[126.6579747, 37.457494], [126.6579382, 37.4574497], [126.6575868, 37.4571218], [126.6575655, 37.457069], [126.6575655, 37.4570603], [126.6575548, 37.4569902], [126.6573751, 37.4566197], [126.6573643, 37.456593], [126.6572249, 37.4562471], [126.6571857, 37.4561751], [126.6571659, 37.4561385], [126.6571337, 37.4561087], [126.6570933, 37.456087], [126.6562861, 37.4559576], [126.6561895, 37.4559277], [126.6561271, 37.4558886]]}, "properties": {"osm_type": "way", "osm_id": "281637283", "tags": {"highway": "service", "name": "인주대로171번길", "name:en": "Inju-daero 171beon-gil", "name:ko": "인주대로171번길"}, "verified_access": false}}, {"type": "Feature", "geometry": {"type": "LineString", "coordinates": [[126.6594511, 37.4570158], [126.6593653, 37.4566921], [126.6593009, 37.4565324]]}, "properties": {"osm_type": "way", "osm_id": "281637286", "tags": {"highway": "service", "name": "수봉남로18번길", "name:en": "Subongnam-ro 18beon-gil", "name:ko": "수봉남로18번길"}, "verified_access": false}}, {"type": "Feature", "geometry": {"type": "LineString", "coordinates": [[126.656042, 37.4565559], [126.6571857, 37.4561751], [126.6579415, 37.4559383], [126.6592457, 37.4555316], [126.660202, 37.4552332], [126.6606064, 37.4551121], [126.6616473, 37.4553586], [126.6631729, 37.4557199], [126.6632142, 37.4557297], [126.6643311, 37.4560984]]}, "properties": {"osm_type": "way", "osm_id": "281637400", "tags": {"highway": "service", "name": "수봉남로6번길", "name:en": "Subongnam-ro 6beon-gil", "name:ko": "수봉남로6번길"}, "verified_access": false}}, {"type": "Feature", "geometry": {"type": "LineString", "coordinates": [[126.6652205, 37.4570732], [126.6651991, 37.4570583], [126.6644936, 37.4566155], [126.6641824, 37.4564106], [126.6641637, 37.4563791], [126.6641906, 37.4563323], [126.6642226, 37.4562978], [126.6643311, 37.4560984], [126.6643581, 37.4560536], [126.6646381, 37.4555877]]}, "properties": {"osm_type": "way", "osm_id": "281637401", "tags": {"highway": "service", "name": "경인북길303번길", "name:en": "Gyeonginbuk-gil 303beon-gil", "name:ko": "경인북길303번길"}, "verified_access": false}}, {"type": "Feature", "geometry": {"type": "LineString", "coordinates": [[126.6564388, 37.4574135], [126.6574769, 37.4570749], [126.6575655, 37.4570603], [126.6576244, 37.4570506], [126.6591829, 37.4565644], [126.6593009, 37.4565324], [126.6596119, 37.4564511], [126.6597856, 37.4563969], [126.660634, 37.4561321], [126.6607868, 37.4560896], [126.6608296, 37.4560806], [126.6609719, 37.4560683], [126.6610631, 37.4560725], [126.6611756, 37.4560934]]}, "properties": {"osm_type": "way", "osm_id": "281637403", "tags": {"highway": "service", "name": "수봉남로18번길", "name:en": "Subongnam-ro 18beon-gil", "name:ko": "수봉남로18번길"}, "verified_access": false}}, {"type": "Feature", "geometry": {"type": "LineString", "coordinates": [[126.6562011, 37.4569696], [126.6573643, 37.456593], [126.6575333, 37.4565324], [126.6581756, 37.4563305], [126.6592101, 37.4560053], [126.6594509, 37.4559296], [126.6606018, 37.4555679], [126.6606903, 37.4555466], [126.6607815, 37.4555338], [126.6608409, 37.455543]]}, "properties": {"osm_type": "way", "osm_id": "281637529", "tags": {"highway": "service", "name": "수봉남로12번길", "name:en": "Subongnam-ro 12beon-gil", "name:ko": "수봉남로12번길"}, "verified_access": false}}, {"type": "Feature", "geometry": {"type": "LineString", "coordinates": [[126.663073, 37.4536632], [126.6633497, 37.4542033], [126.6633952, 37.4542603], [126.6644528, 37.4545821], [126.6658052, 37.4549918], [126.6661769, 37.4551044], [126.6664623, 37.455191], [126.6674527, 37.4552444]]}, "properties": {"osm_type": "way", "osm_id": "282619234", "tags": {"highway": "service", "name": "인주대로237번길", "name:en": "Inju-daero 237beon-gil", "name:ko": "인주대로237번길"}, "verified_access": false}}, {"type": "Feature", "geometry": {"type": "LineString", "coordinates": [[126.6650323, 37.4542473], [126.6648179, 37.4538056], [126.664547, 37.4532473]]}, "properties": {"osm_type": "way", "osm_id": "282619237", "tags": {"highway": "service", "name": "인주대로251번길", "name:en": "Inju-daero 251beon-gil", "name:ko": "인주대로251번길"}, "verified_access": false}}, {"type": "Feature", "geometry": {"type": "LineString", "coordinates": [[126.6638046, 37.4549566], [126.6644528, 37.4545821], [126.6650323, 37.4542473]]}, "properties": {"osm_type": "way", "osm_id": "282619239", "tags": {"highway": "service", "name": "한나루로527번길", "name:en": "Hannaru-ro 527beon-gil", "name:ko": "한나루로527번길"}, "verified_access": false}}, {"type": "Feature", "geometry": {"type": "LineString", "coordinates": [[126.6617927, 37.4569563], [126.6617562, 37.4569255], [126.6615944, 37.4566936], [126.6613408, 37.4563302], [126.6611756, 37.4560934], [126.661106, 37.4560299], [126.6610631, 37.4559512], [126.6610123, 37.4558579]]}, "properties": {"osm_type": "way", "osm_id": "283879068", "tags": {"highway": "service", "name": "인주대로211번길", "name:en": "Inju-daero 211beon-gil", "name:ko": "인주대로211번길"}, "verified_access": false}}, {"type": "Feature", "geometry": {"type": "LineString", "coordinates": [[126.6617927, 37.4569563], [126.6618356, 37.4569646], [126.6627127, 37.4571839], [126.6638633, 37.457554]]}, "properties": {"osm_type": "way", "osm_id": "283879069", "tags": {"highway": "service", "name": "수봉로128번길", "name:en": "Subong-ro 128beon-gil", "name:ko": "수봉로128번길"}, "verified_access": false}}, {"type": "Feature", "geometry": {"type": "LineString", "coordinates": [[126.6624028, 37.4577502], [126.6625408, 37.457498], [126.6627127, 37.4571839], [126.6627948, 37.456934], [126.6629348, 37.4565084], [126.6630774, 37.4560746], [126.6630962, 37.4560043], [126.6630892, 37.4559258], [126.6631729, 37.4557199], [126.6632732, 37.4554678], [126.6633451, 37.4552225]]}, "properties": {"osm_type": "way", "osm_id": "283879070", "tags": {"highway": "service", "name": "경인북길279번길", "name:en": "Gyeonginbuk-gil 279beon-gil", "name:ko": "경인북길279번길"}, "verified_access": false}}, {"type": "Feature", "geometry": {"type": "LineString", "coordinates": [[126.6614654, 37.4567219], [126.6614604, 37.4573949]]}, "properties": {"osm_type": "way", "osm_id": "283879072", "tags": {"highway": "service", "name": "인주대로211번길", "name:en": "Inju-daero 211beon-gil", "name:ko": "인주대로211번길"}, "verified_access": false}}, {"type": "Feature", "geometry": {"type": "LineString", "coordinates": [[126.6607806, 37.4567029], [126.6611227, 37.4567124], [126.6614654, 37.4567219], [126.6615379, 37.4567155], [126.6615944, 37.4566936]]}, "properties": {"osm_type": "way", "osm_id": "283879102", "tags": {"highway": "service", "name": "인주대로211번길", "name:en": "Inju-daero 211beon-gil", "name:ko": "인주대로211번길"}, "verified_access": false}}, {"type": "Feature", "geometry": {"type": "LineString", "coordinates": [[126.6614198, 37.45614], [126.6615459, 37.4556892], [126.6615713, 37.4555621], [126.6616473, 37.4553586], [126.6618504, 37.4548539]]}, "properties": {"osm_type": "way", "osm_id": "283879103", "tags": {"highway": "service", "name": "경인북길251번길", "name:en": "Gyeonginbuk-gil 251beon-gil", "name:ko": "경인북길251번길"}, "verified_access": false}}, {"type": "Feature", "geometry": {"type": "LineString", "coordinates": [[126.6611286, 37.4563365], [126.6613286, 37.4563365], [126.6613408, 37.4563302]]}, "properties": {"osm_type": "way", "osm_id": "283879104", "tags": {"highway": "service", "name": "인주대로211번길", "name:en": "Inju-daero 211beon-gil", "name:ko": "인주대로211번길"}, "verified_access": false}}, {"type": "Feature", "geometry": {"type": "LineString", "coordinates": [[126.6611178, 37.4570415], [126.6611227, 37.4567124], [126.6611286, 37.4563365]]}, "properties": {"osm_type": "way", "osm_id": "283879105", "tags": {"highway": "service", "name": "인주대로211번길", "name:en": "Inju-daero 211beon-gil", "name:ko": "인주대로211번길"}, "verified_access": false}}, {"type": "Feature", "geometry": {"type": "LineString", "coordinates": [[126.658038, 37.4560663], [126.658346, 37.4560682], [126.6585821, 37.4560576], [126.6586491, 37.4560384], [126.6593451, 37.4557245]]}, "properties": {"osm_type": "way", "osm_id": "283879189", "tags": {"highway": "service", "name": "인주대로185번길", "name:en": "Inju-daero 185beon-gil", "name:ko": "인주대로185번길"}, "verified_access": false}}, {"type": "Feature", "geometry": {"type": "LineString", "coordinates": [[126.6594509, 37.4559296], [126.6593451, 37.4557245], [126.6592457, 37.4555316], [126.6589585, 37.4549904]]}, "properties": {"osm_type": "way", "osm_id": "283879190", "tags": {"highway": "service", "name": "인주대로197번길", "name:en": "Inju-daero 197beon-gil", "name:ko": "인주대로197번길"}, "verified_access": false}}, {"type": "Feature", "geometry": {"type": "LineString", "coordinates": [[126.6581756, 37.4563305], [126.658038, 37.4560663], [126.6579743, 37.4560088], [126.6579415, 37.4559383], [126.6576955, 37.4554087]]}, "properties": {"osm_type": "way", "osm_id": "283879191", "tags": {"highway": "service", "name": "인주대로185번길", "name:en": "Inju-daero 185beon-gil", "name:ko": "인주대로185번길"}, "verified_access": false}}, {"type": "Feature", "geometry": {"type": "LineString", "coordinates": [[126.6571541, 37.4542598], [126.6571739, 37.4542243], [126.6573187, 37.4540795], [126.6573375, 37.4540731], [126.6574609, 37.4540604], [126.6575145, 37.4540497], [126.6577148, 37.4539886], [126.6577942, 37.4539574], [126.6579119, 37.4538829]]}, "properties": {"osm_type": "way", "osm_id": "283879195", "tags": {"highway": "track", "name": "경인북길", "name:en": "Gyeonginbuk-gil", "name:ko": "경인북길"}, "verified_access": false}}, {"type": "Feature", "geometry": {"type": "LineString", "coordinates": [[126.6567421, 37.4547268], [126.6571364, 37.4544777], [126.6573275, 37.4543273]]}, "properties": {"osm_type": "way", "osm_id": "283879196", "tags": {"highway": "track", "name": "비룡길11번길", "name:en": "Biryong-gil 11beon-gil", "name:ko": "비룡길11번길"}, "verified_access": false}}, {"type": "Feature", "geometry": {"type": "LineString", "coordinates": [[126.6577876, 37.4544383], [126.657831, 37.4544649], [126.6587924, 37.4546951], [126.6588236, 37.4547183], [126.6589585, 37.4549904]]}, "properties": {"osm_type": "way", "osm_id": "283879197", "tags": {"highway": "service", "name": "인주대로198번길", "name:en": "Inju-daero 198beon-gil", "name:ko": "인주대로198번길"}, "verified_access": false}}, {"type": "Feature", "geometry": {"type": "LineString", "coordinates": [[126.6552735, 37.4555126], [126.656566, 37.454759]]}, "properties": {"osm_type": "way", "osm_id": "283879253", "tags": {"highway": "service", "name": "비룡길11번길", "name:en": "Biryong-gil 11beon-gil", "name:ko": "비룡길11번길"}, "verified_access": false}}, {"type": "Feature", "geometry": {"type": "LineString", "coordinates": [[126.6539312, 37.4575143], [126.6543163, 37.4568593]]}, "properties": {"osm_type": "way", "osm_id": "283879685", "tags": {"highway": "service", "name": "인주대로153번길", "name:en": "Inju-daero 153beon-gil", "name:ko": "인주대로153번길"}, "verified_access": false}}, {"type": "Feature", "geometry": {"type": "LineString", "coordinates": [[126.6532308, 37.4578926], [126.6532418, 37.4578737], [126.653569, 37.4573794], [126.6535038, 37.4570119], [126.6534172, 37.4565241], [126.6534065, 37.4564603]]}, "properties": {"osm_type": "way", "osm_id": "283879686", "tags": {"highway": "service", "name": "인주대로145번길", "name:en": "Inju-daero 145beon-gil", "name:ko": "인주대로145번길"}, "verified_access": false}}, {"type": "Feature", "geometry": {"type": "LineString", "coordinates": [[126.6543163, 37.4568593], [126.6543102, 37.4568051], [126.6541815, 37.4563318]]}, "properties": {"osm_type": "way", "osm_id": "283879688", "tags": {"highway": "service", "name": "인주대로153번길", "name:en": "Inju-daero 153beon-gil", "name:ko": "인주대로153번길"}, "verified_access": false}}, {"type": "Feature", "geometry": {"type": "LineString", "coordinates": [[126.6507742, 37.4569816], [126.6515253, 37.4570428], [126.6518202, 37.4570668], [126.652466, 37.4570776], [126.6530111, 37.4570625], [126.6535038, 37.4570119], [126.6539671, 37.4569329], [126.6543163, 37.4568593], [126.6548373, 37.4570314]]}, "properties": {"osm_type": "way", "osm_id": "283879690", "tags": {"highway": "service", "name": "독정이로9번길", "name:en": "Dokjeongi-ro 9beon-gil", "name:ko": "독정이로9번길"}, "verified_access": false}}, {"type": "Feature", "geometry": {"type": "LineString", "coordinates": [[126.6545534, 37.4554294], [126.6546592, 37.4558092], [126.6547766, 37.4562306]]}, "properties": {"osm_type": "way", "osm_id": "283879691", "tags": {"highway": "service", "name": "인주대로160번길", "name:en": "Inju-daero 160beon-gil", "name:ko": "인주대로160번길"}, "verified_access": false}}, {"type": "Feature", "geometry": {"type": "LineString", "coordinates": [[126.6524881, 37.4576587], [126.6524794, 37.4574311], [126.652466, 37.4570776], [126.6524434, 37.4564858]]}, "properties": {"osm_type": "way", "osm_id": "283879692", "tags": {"highway": "service", "name": "인주대로137번길", "name:en": "Inju-daero 137beon-gil", "name:ko": "인주대로137번길"}, "verified_access": false}}, {"type": "Feature", "geometry": {"type": "LineString", "coordinates": [[126.6643581, 37.4560536], [126.6655183, 37.4567222]]}, "properties": {"osm_type": "way", "osm_id": "283879837", "tags": {"highway": "service", "name": "경인북길303번길", "name:en": "Gyeonginbuk-gil 303beon-gil", "name:ko": "경인북길303번길"}, "verified_access": false}}, {"type": "Feature", "geometry": {"type": "LineString", "coordinates": [[126.6592101, 37.4560053], [126.6593315, 37.4562494], [126.6593653, 37.4562662], [126.6597856, 37.4563969]]}, "properties": {"osm_type": "way", "osm_id": "283879838", "tags": {"highway": "service", "name": "수봉남로12번길", "name:en": "Subongnam-ro 12beon-gil", "name:ko": "수봉남로12번길"}, "verified_access": false}}, {"type": "Feature", "geometry": {"type": "LineString", "coordinates": [[126.6642044, 37.4485209], [126.6644598, 37.4485192], [126.6646564, 37.4485062], [126.6655251, 37.4484557], [126.6660234, 37.4484003], [126.6668164, 37.4482514], [126.6669332, 37.4482321], [126.6672992, 37.4482259], [126.6676547, 37.4482598], [126.6677548, 37.4482833]]}, "properties": {"osm_type": "way", "osm_id": "284008290", "tags": {"highway": "service", "name": "한나루로463번길", "name:en": "Hannaru-ro 463beon-gil", "name:ko": "한나루로463번길"}, "verified_access": false}}, {"type": "Feature", "geometry": {"type": "LineString", "coordinates": [[126.6605832, 37.4519929], [126.6620639, 37.451513]]}, "properties": {"osm_type": "way", "osm_id": "284008317", "tags": {"highway": "service", "name": "경인남길102번길", "name:en": "Gyeonginnam-gil 102beon-gil", "name:ko": "경인남길102번길"}, "verified_access": false}}, {"type": "Feature", "geometry": {"type": "LineString", "coordinates": [[126.6620639, 37.451513], [126.6634579, 37.45107], [126.6648958, 37.4506129], [126.6649426, 37.4506037], [126.6663748, 37.4505716]]}, "properties": {"osm_type": "way", "osm_id": "284008358", "tags": {"highway": "service", "name": "경인남길102번길", "name:en": "Gyeonginnam-gil 102beon-gil", "name:ko": "경인남길102번길"}, "verified_access": false}}, {"type": "Feature", "geometry": {"type": "LineString", "coordinates": [[126.6639843, 37.4521508], [126.6654295, 37.4517012]]}, "properties": {"osm_type": "way", "osm_id": "284008384", "tags": {"highway": "service", "name": "인주대로266번길", "name:en": "Inju-daero 266beon-gil", "name:ko": "인주대로266번길"}, "verified_access": false}}, {"type": "Feature", "geometry": {"type": "LineString", "coordinates": [[126.6583478, 37.4507712], [126.6584834, 37.4510909], [126.6585997, 37.4513649]]}, "properties": {"osm_type": "way", "osm_id": "284008454", "tags": {"highway": "service", "name": "인하로91번길", "name:en": "Inha-ro 91beon-gil", "name:ko": "인하로91번길"}, "verified_access": false}}, {"type": "Feature", "geometry": {"type": "LineString", "coordinates": [[126.6603574, 37.4514568], [126.6618663, 37.4510449], [126.6632712, 37.4506614], [126.6647459, 37.4502589], [126.6662872, 37.4501531]]}, "properties": {"osm_type": "way", "osm_id": "284008458", "tags": {"highway": "service", "name": "인하로91번길", "name:en": "Inha-ro 91beon-gil", "name:ko": "인하로91번길"}, "verified_access": false}}, {"type": "Feature", "geometry": {"type": "LineString", "coordinates": [[126.6595451, 37.4492693], [126.660172, 37.4490979]]}, "properties": {"osm_type": "way", "osm_id": "284010311", "tags": {"highway": "service", "name": "재넘이길", "name:en": "Jaeneomi-gil", "name:ko": "재넘이길"}, "verified_access": false}}, {"type": "Feature", "geometry": {"type": "LineString", "coordinates": [[126.660706, 37.4484259], [126.660634, 37.4482578], [126.6605818, 37.4481263], [126.6605402, 37.4480215], [126.6604852, 37.4479254], [126.6603739, 37.4477574], [126.6603269, 37.4476507], [126.6602988, 37.4475445], [126.6602907, 37.4474316], [126.6602988, 37.4470845]]}, "properties": {"osm_type": "way", "osm_id": "284010312", "tags": {"highway": "service", "name": "재넘이길123번길", "name:en": "Jaeneomi-gil 123beon-gil", "name:ko": "재넘이길123번길"}, "verified_access": false}}, {"type": "Feature", "geometry": {"type": "LineString", "coordinates": [[126.661318, 37.4469695], [126.6602988, 37.4470845], [126.6602062, 37.4470566], [126.6601614, 37.4470348], [126.6600748, 37.4469927], [126.660001, 37.4469248], [126.6599434, 37.4468352], [126.6599273, 37.4467904], [126.6599219, 37.4466946], [126.6599112, 37.4465818], [126.6598803, 37.4464968], [126.659824, 37.4464052]]}, "properties": {"osm_type": "way", "osm_id": "284010313", "tags": {"highway": "service", "name": "재넘이길123번길", "name:en": "Jaeneomi-gil 123beon-gil", "name:ko": "재넘이길123번길"}, "verified_access": false}}, {"type": "Feature", "geometry": {"type": "LineString", "coordinates": [[126.6640574, 37.4472904], [126.6640096, 37.4472868], [126.6639721, 37.4472655], [126.6633806, 37.4463435], [126.6632224, 37.4460837], [126.6631258, 37.4458751], [126.6629464, 37.4454927]]}, "properties": {"osm_type": "way", "osm_id": "284010316", "tags": {"highway": "service", "name": "재넘이길61번길", "name:en": "Jaeneomi-gil 61beon-gil", "name:ko": "재넘이길61번길"}, "verified_access": false}}, {"type": "Feature", "geometry": {"type": "LineString", "coordinates": [[126.6633898, 37.4487661], [126.6632093, 37.448343]]}, "properties": {"osm_type": "way", "osm_id": "284010327", "tags": {"highway": "service", "name": "한나루로463번길", "name:en": "Hannaru-ro 463beon-gil", "name:ko": "한나루로463번길"}, "verified_access": false}}, {"type": "Feature", "geometry": {"type": "LineString", "coordinates": [[126.6595451, 37.4492693], [126.6595263, 37.4492757], [126.6593828, 37.4493819], [126.6591669, 37.4494035], [126.659065, 37.4491756], [126.6600807, 37.4488828]]}, "properties": {"osm_type": "way", "osm_id": "284010393", "tags": {"highway": "service", "name": "재넘이길", "name:en": "Jaeneomi-gil", "name:ko": "재넘이길"}, "verified_access": false}}, {"type": "Feature", "geometry": {"type": "LineString", "coordinates": [[126.6579196, 37.446352], [126.6577759, 37.4461215], [126.6574972, 37.4456746]]}, "properties": {"osm_type": "way", "osm_id": "284010488", "tags": {"highway": "service"}, "verified_access": false}}, {"type": "Feature", "geometry": {"type": "LineString", "coordinates": [[126.6629464, 37.4454927], [126.6633029, 37.4454087], [126.6634853, 37.4453895], [126.6641554, 37.4453887]]}, "properties": {"osm_type": "way", "osm_id": "284010943", "tags": {"highway": "service", "name": "재넘이길61번길", "name:en": "Jaeneomi-gil 61beon-gil", "name:ko": "재넘이길61번길"}, "verified_access": false}}, {"type": "Feature", "geometry": {"type": "LineString", "coordinates": [[126.6661614, 37.447383], [126.6661259, 37.4473294], [126.6654727, 37.4464048], [126.6651856, 37.4460284], [126.6648232, 37.4455758]]}, "properties": {"osm_type": "way", "osm_id": "284010944", "tags": {"highway": "service", "name": "재넘이길19번길", "name:en": "Jaeneomi-gil 19beon-gil", "name:ko": "재넘이길19번길"}, "verified_access": false}}, {"type": "Feature", "geometry": {"type": "LineString", "coordinates": [[126.6637586, 37.4460664], [126.6637857, 37.4459964], [126.663846, 37.4459005], [126.6639801, 37.4457536], [126.6642076, 37.4455493]]}, "properties": {"osm_type": "way", "osm_id": "284010947", "tags": {"highway": "service", "name": "재넘이길29번길", "name:en": "Jaeneomi-gil 29beon-gil", "name:ko": "재넘이길29번길"}, "verified_access": false}}, {"type": "Feature", "geometry": {"type": "LineString", "coordinates": [[126.6633806, 37.4463435], [126.6634584, 37.4462733], [126.6636516, 37.4461391], [126.6637586, 37.4460664], [126.6638778, 37.4460098], [126.6640217, 37.4459538], [126.6641558, 37.4458878], [126.6643431, 37.4457885], [126.6648232, 37.4455758], [126.6653011, 37.4453641], [126.6655264, 37.4452625], [126.6655613, 37.4452668]]}, "properties": {"osm_type": "way", "osm_id": "284010948", "tags": {"highway": "service", "name": "한나루로421번길", "name:en": "Hannaru-ro 421beon-gil", "name:ko": "한나루로421번길"}, "verified_access": false}}, {"type": "Feature", "geometry": {"type": "LineString", "coordinates": [[126.664965, 37.446606], [126.6652232, 37.4465181], [126.6654727, 37.4464048], [126.6659375, 37.4461936], [126.6664795, 37.4459145]]}, "properties": {"osm_type": "way", "osm_id": "284011330", "tags": {"highway": "service", "name": "한나루로433번길", "name:en": "Hannaru-ro 433beon-gil", "name:ko": "한나루로433번길"}, "verified_access": false}}, {"type": "Feature", "geometry": {"type": "LineString", "coordinates": [[126.6579046, 37.4553447], [126.6578687, 37.4552676], [126.6575467, 37.4546307]]}, "properties": {"osm_type": "way", "osm_id": "284137261", "tags": {"highway": "service", "name": "인주대로", "name:en": "Inju-daero", "name:ko": "인주대로"}, "verified_access": false}}, {"type": "Feature", "geometry": {"type": "LineString", "coordinates": [[126.6595875, 37.4539224], [126.6597326, 37.4535259], [126.6597628, 37.4534969], [126.6599445, 37.453445], [126.6601698, 37.4533726], [126.6605321, 37.4532514], [126.6611274, 37.4530654], [126.6625921, 37.4525864]]}, "properties": {"osm_type": "way", "osm_id": "284146038", "tags": {"highway": "service", "name": "경인남길118번길", "name:en": "Gyeonginnam-gil 118beon-gil", "name:ko": "경인남길118번길"}, "verified_access": false}}, {"type": "Feature", "geometry": {"type": "LineString", "coordinates": [[126.6605321, 37.4532514], [126.6602771, 37.4527445]]}, "properties": {"osm_type": "way", "osm_id": "284146039", "tags": {"highway": "service", "name": "경인남길118번길", "name:en": "Gyeonginnam-gil 118beon-gil", "name:ko": "경인남길118번길"}, "verified_access": false}}, {"type": "Feature", "geometry": {"type": "LineString", "coordinates": [[126.6603574, 37.4514568], [126.6601431, 37.4509484], [126.6598938, 37.4503569]]}, "properties": {"osm_type": "way", "osm_id": "284146040", "tags": {"highway": "residential", "name": "인하로105번길", "name:en": "Inha-ro 105beon-gil", "name:ko": "인하로105번길"}, "verified_access": false}}, {"type": "Feature", "geometry": {"type": "LineString", "coordinates": [[126.6625471, 37.4524972], [126.6639384, 37.4520614]]}, "properties": {"osm_type": "way", "osm_id": "284146041", "tags": {"highway": "service", "noname": "yes"}, "verified_access": false}}, {"type": "Feature", "geometry": {"type": "LineString", "coordinates": [[126.6489582, 37.4572542], [126.6486701, 37.4567994]]}, "properties": {"osm_type": "way", "osm_id": "284366763", "tags": {"highway": "service", "noname": "yes"}, "verified_access": false}}, {"type": "Feature", "geometry": {"type": "LineString", "coordinates": [[126.6496323, 37.4535939], [126.6493425, 37.4531718], [126.6492062, 37.4529733]]}, "properties": {"osm_type": "way", "osm_id": "284366927", "tags": {"highway": "service", "name": "독배로376번길", "name:en": "Dokbae-ro 376beon-gil", "name:ko": "독배로376번길"}, "verified_access": false}}, {"type": "Feature", "geometry": {"type": "LineString", "coordinates": [[126.6535502, 37.4541497], [126.6534886, 37.4540015], [126.653459, 37.4538709], [126.6534082, 37.4536012], [126.6533791, 37.4535226], [126.6533409, 37.4534191]]}, "properties": {"osm_type": "way", "osm_id": "284366928", "tags": {"highway": "service", "name": "비룡길78번길", "name:en": "Biryong-gil 78beon-gil", "name:ko": "비룡길78번길"}, "verified_access": false}}, {"type": "Feature", "geometry": {"type": "LineString", "coordinates": [[126.6534935, 37.4548295], [126.6534484, 37.4545743], [126.6534161, 37.4543372], [126.6533971, 37.4541626]]}, "properties": {"osm_type": "way", "osm_id": "284366929", "tags": {"highway": "service", "name": "비룡길56번길", "name:en": "Biryong-gil 56beon-gil", "name:ko": "비룡길56번길"}, "verified_access": false}}, {"type": "Feature", "geometry": {"type": "LineString", "coordinates": [[126.6485915, 37.4532487], [126.6484969, 37.4531022], [126.6480814, 37.4524009]]}, "properties": {"osm_type": "way", "osm_id": "284366930", "tags": {"highway": "service", "name": "경인북길", "name:en": "Gyeonginbuk-gil", "name:ko": "경인북길"}, "verified_access": false}}, {"type": "Feature", "geometry": {"type": "LineString", "coordinates": [[126.6488564, 37.4531369], [126.6483647, 37.4523447]]}, "properties": {"osm_type": "way", "osm_id": "284366931", "tags": {"highway": "service", "name": "경인북길", "name:en": "Gyeonginbuk-gil", "name:ko": "경인북길"}, "verified_access": false}}, {"type": "Feature", "geometry": {"type": "LineString", "coordinates": [[126.6482567, 37.4533899], [126.6485915, 37.4532487], [126.6488564, 37.4531369], [126.6491752, 37.4530023], [126.6492062, 37.4529733]]}, "properties": {"osm_type": "way", "osm_id": "284366932", "tags": {"highway": "service", "name": "독배로376번길", "name:en": "Dokbae-ro 376beon-gil", "name:ko": "독배로376번길"}, "verified_access": false}}, {"type": "Feature", "geometry": {"type": "LineString", "coordinates": [[126.6546154, 37.4543939], [126.6543683, 37.4542605], [126.6543361, 37.4542371], [126.6543119, 37.4541988], [126.6542821, 37.45398]]}, "properties": {"osm_type": "way", "osm_id": "284366933", "tags": {"highway": "service", "name": "비룡길", "name:en": "Biryong-gil", "name:ko": "비룡길"}, "verified_access": false}}, {"type": "Feature", "geometry": {"type": "LineString", "coordinates": [[126.6493425, 37.4531718], [126.6497121, 37.4530561], [126.6500071, 37.4529645], [126.6500955, 37.4529425], [126.6505676, 37.4527594]]}, "properties": {"osm_type": "way", "osm_id": "284366934", "tags": {"highway": "service", "name": "독배로376번길", "name:en": "Dokbae-ro 376beon-gil", "name:ko": "독배로376번길"}, "verified_access": false}}, {"type": "Feature", "geometry": {"type": "LineString", "coordinates": [[126.6507951, 37.4531063], [126.6507473, 37.4530277], [126.6505676, 37.4527594], [126.6502727, 37.4523408]]}, "properties": {"osm_type": "way", "osm_id": "284366935", "tags": {"highway": "service", "name": "경인북길", "name:en": "Gyeonginbuk-gil", "name:ko": "경인북길"}, "verified_access": false}}, {"type": "Feature", "geometry": {"type": "LineString", "coordinates": [[126.6543983, 37.4546044], [126.6540304, 37.454421], [126.6540035, 37.4543904], [126.6539392, 37.4540568]]}, "properties": {"osm_type": "way", "osm_id": "284366936", "tags": {"highway": "service", "name": "비룡길56번길", "name:en": "Biryong-gil 56beon-gil", "name:ko": "비룡길56번길"}, "verified_access": false}}, {"type": "Feature", "geometry": {"type": "LineString", "coordinates": [[126.6548345, 37.4527502], [126.655, 37.4523214]]}, "properties": {"osm_type": "way", "osm_id": "284367128", "tags": {"highway": "service", "name": "경인남길30번길", "name:en": "Gyeonginnam-gil 30beon-gil", "name:ko": "경인남길30번길"}, "verified_access": false}}, {"type": "Feature", "geometry": {"type": "LineString", "coordinates": [[126.6646522, 37.4444735], [126.663807, 37.4432238], [126.6637487, 37.443136]]}, "properties": {"osm_type": "way", "osm_id": "284367131", "tags": {"highway": "service", "name": "소성로135번길", "name:en": "Soseong-ro 135beon-gil", "name:ko": "소성로135번길"}, "verified_access": false}}, {"type": "Feature", "geometry": {"type": "LineString", "coordinates": [[126.6502338, 37.4546205], [126.6502834, 37.4546077], [126.6515797, 37.4540525], [126.6516004, 37.4540328]]}, "properties": {"osm_type": "way", "osm_id": "284467970", "tags": {"highway": "service", "name": "독배로404번길", "name:en": "Dokbae-ro 404beon-gil", "name:ko": "독배로404번길"}, "verified_access": false}}, {"type": "Feature", "geometry": {"type": "LineString", "coordinates": [[126.6636766, 37.4431651], [126.6632151, 37.4425174], [126.6626992, 37.4417886], [126.6625902, 37.4415847], [126.6625017, 37.4414824], [126.6624149, 37.4413563], [126.6623827, 37.4413064]]}, "properties": {"osm_type": "way", "osm_id": "284468265", "tags": {"highway": "service", "name": "매소홀로357번길", "name:en": "Maesohol-ro 357beon-gil", "name:ko": "매소홀로357번길"}, "verified_access": false}}, {"type": "Feature", "geometry": {"type": "LineString", "coordinates": [[126.6478292, 37.4518127], [126.6477682, 37.4516866], [126.6476415, 37.4515849]]}, "properties": {"osm_type": "way", "osm_id": "284973518", "tags": {"footway": "sidewalk", "highway": "footway"}, "verified_access": false}}, {"type": "Feature", "geometry": {"type": "LineString", "coordinates": [[126.6503727, 37.4464912], [126.6501438, 37.4464671]]}, "properties": {"osm_type": "way", "osm_id": "284973519", "tags": {"highway": "service"}, "verified_access": false}}, {"type": "Feature", "geometry": {"type": "LineString", "coordinates": [[126.6515225, 37.4463159], [126.6506025, 37.4462754], [126.6505247, 37.4462903], [126.6504523, 37.4463159], [126.6503957, 37.4463706]]}, "properties": {"osm_type": "way", "osm_id": "284973520", "tags": {"highway": "service"}, "verified_access": false}}, {"type": "Feature", "geometry": {"type": "LineString", "coordinates": [[126.6494894, 37.4470165], [126.6497522, 37.4469015], [126.6500043, 37.4468035], [126.6500741, 37.4467759], [126.6501438, 37.4464671], [126.6501975, 37.4461775]]}, "properties": {"osm_type": "way", "osm_id": "284973522", "tags": {"highway": "service"}, "verified_access": false}}, {"type": "Feature", "geometry": {"type": "Polygon", "coordinates": [[[126.6631579, 37.4535807], [126.6644, 37.4531902], [126.6638863, 37.4521521], [126.6626383, 37.4525437], [126.6631579, 37.4535807]]]}, "properties": {"osm_type": "way", "osm_id": "409630459", "tags": {"amenity": "school", "education": "school", "isced:level": "1", "name": "용일초등학교", "name:en": "Yongil Elementary School"}, "verified_access": false}}, {"type": "Feature", "geometry": {"type": "Polygon", "coordinates": [[[126.6585739, 37.4471106], [126.6597879, 37.4466262], [126.6592764, 37.4458043], [126.6580132, 37.446318], [126.6585739, 37.4471106]]]}, "properties": {"osm_type": "way", "osm_id": "430319701", "tags": {"amenity": "school", "education": "school", "isced:level": "1", "name": "학익초등학교", "name:en": "Hagik Elementary School"}, "verified_access": false}}, {"type": "Feature", "geometry": {"type": "Polygon", "coordinates": [[[126.6612298, 37.4459169], [126.6626656, 37.4453836], [126.663898, 37.4472916], [126.6634297, 37.4474628], [126.6633557, 37.4474188], [126.6626471, 37.447634], [126.6619692, 37.4476242], [126.66139, 37.4470323], [126.661162, 37.4468121], [126.6612298, 37.4459169]]]}, "properties": {"osm_type": "way", "osm_id": "430321856", "tags": {"amenity": "school", "description": "High School Attached to College of Education Inha University", "education": "school", "isced:level": "2;3", "name": "인하사대부속중고등학교", "name:en": "Inha-University Middle & High School", "operator": "학교법인 정석인하학원"}, "verified_access": false}}, {"type": "Feature", "geometry": {"type": "LineString", "coordinates": [[126.6479481, 37.4524035], [126.6477029, 37.4524333], [126.6474081, 37.4524692], [126.6470647, 37.45253], [126.6469163, 37.4525727], [126.6468182, 37.452601], [126.6461774, 37.4527942], [126.6460144, 37.4528553], [126.6454356, 37.4530415]]}, "properties": {"osm_type": "way", "osm_id": "430687335", "tags": {"highway": "unclassified"}, "verified_access": false}}, {"type": "Feature", "geometry": {"type": "LineString", "coordinates": [[126.646052, 37.4529027], [126.6460144, 37.4528553]]}, "properties": {"osm_type": "way", "osm_id": "430687699", "tags": {"highway": "service"}, "verified_access": false}}, {"type": "Feature", "geometry": {"type": "LineString", "coordinates": [[126.660833, 37.4524851], [126.6611274, 37.4530654], [126.6613777, 37.453574], [126.6615967, 37.4540215]]}, "properties": {"osm_type": "way", "osm_id": "430687789", "tags": {"highway": "service", "name": "인주대로224번길", "name:en": "Inju-daero 224beon-gil", "name:ko": "인주대로224번길"}, "verified_access": false}}, {"type": "Feature", "geometry": {"type": "Polygon", "coordinates": [[[126.6555581, 37.4563153], [126.6557718, 37.4562378], [126.6558633, 37.4565188], [126.6556924, 37.4567466], [126.6555154, 37.4566884], [126.6556253, 37.456514], [126.6555581, 37.4563153]]]}, "properties": {"osm_type": "way", "osm_id": "468644911", "tags": {"amenity": "place_of_worship", "building": "yes", "name": "용현교회"}, "verified_access": false}}, {"type": "Feature", "geometry": {"type": "Polygon", "coordinates": [[[126.6543916, 37.4568152], [126.6544989, 37.4566513], [126.6546571, 37.4567024], [126.6547121, 37.4566023], [126.6549253, 37.45668], [126.6547389, 37.4569366], [126.6545941, 37.456893], [126.6543916, 37.4568152]]]}, "properties": {"osm_type": "way", "osm_id": "468645032", "tags": {"building": "commercial", "name": "청도하이텔(농협)"}, "verified_access": false}}, {"type": "Feature", "geometry": {"type": "Polygon", "coordinates": [[[126.6592449, 37.4488546], [126.659154, 37.4486957], [126.6593606, 37.4486004], [126.6594535, 37.4487381], [126.6592449, 37.4488546]]]}, "properties": {"osm_type": "way", "osm_id": "471332104", "tags": {"building": "university", "name": "인하드림센터3관", "name:en": "Inha Dream Center #3"}, "verified_access": false}}, {"type": "Feature", "geometry": {"type": "Polygon", "coordinates": [[[126.6594928, 37.4487152], [126.6593978, 37.4485906], [126.6593606, 37.4486004], [126.6593343, 37.4485505], [126.659309, 37.4485594], [126.6592945, 37.4485217], [126.6593358, 37.4485069], [126.6593214, 37.4484824], [126.659424, 37.4484392], [126.659594, 37.4486742], [126.6594928, 37.4487152]]]}, "properties": {"osm_type": "way", "osm_id": "471332105", "tags": {"building": "university", "name": "인하드림센터2관", "name:en": "Inha Dream Center #2"}, "verified_access": false}}, {"type": "Feature", "geometry": {"type": "Polygon", "coordinates": [[[126.6594804, 37.4484643], [126.659437, 37.448402], [126.6595346, 37.44836], [126.6595754, 37.4484282], [126.6594804, 37.4484643]]]}, "properties": {"osm_type": "way", "osm_id": "471332106", "tags": {"building": "yes"}, "verified_access": false}}, {"type": "Feature", "geometry": {"type": "Polygon", "coordinates": [[[126.6596229, 37.4485365], [126.6596353, 37.4484184], [126.6595775, 37.4483512], [126.6596477, 37.4483151], [126.6597138, 37.4484036], [126.6597035, 37.4485397], [126.6596229, 37.4485365]]]}, "properties": {"osm_type": "way", "osm_id": "471332107", "tags": {"building": "yes"}, "verified_access": false}}, {"type": "Feature", "geometry": {"type": "LineString", "coordinates": [[126.6601614, 37.4470348], [126.659883, 37.4472036], [126.6598768, 37.4476332], [126.6598767, 37.4479687], [126.659883, 37.4472036]]}, "properties": {"osm_type": "way", "osm_id": "471332807", "tags": {"highway": "service", "lanes": "1", "surface": "asphalt"}, "verified_access": false}}, {"type": "Feature", "geometry": {"type": "LineString", "coordinates": [[126.6466761, 37.4466096], [126.6462769, 37.447839], [126.6478585, 37.4481892], [126.6488203, 37.4484021], [126.6494694, 37.4485379], [126.6496828, 37.4485825], [126.6498752, 37.4485853]]}, "properties": {"osm_type": "way", "osm_id": "471689462", "tags": {"highway": "tertiary", "name": "독배로317번길", "name:en": "Dokbae-ro 317beon-gil", "name:ko": "독배로317번길", "surface": "asphalt"}, "verified_access": false}}, {"type": "Feature", "geometry": {"type": "LineString", "coordinates": [[126.6516427, 37.4564484], [126.6515253, 37.4570428], [126.6513508, 37.4572989], [126.6510331, 37.4576844], [126.650978, 37.4577629]]}, "properties": {"osm_type": "way", "osm_id": "472321970", "tags": {"highway": "service", "name": "인주대로131번길", "name:en": "Inju-daero 131beon-gil", "name:ko": "인주대로131번길"}, "verified_access": false}}, {"type": "Feature", "geometry": {"type": "Polygon", "coordinates": [[[126.6518521, 37.4566609], [126.652, 37.4566707], [126.6519691, 37.4568932], [126.6518274, 37.4568834], [126.6518521, 37.4566609]]]}, "properties": {"osm_type": "way", "osm_id": "472321980", "tags": {"building": "public"}, "verified_access": false}}, {"type": "Feature", "geometry": {"type": "Polygon", "coordinates": [[[126.6529631, 37.4563748], [126.6534191, 37.4563492], [126.6536981, 37.4563067], [126.6536283, 37.455983], [126.6537394, 37.4559362], [126.6536865, 37.4556281], [126.6531839, 37.4557113], [126.6530597, 37.4560299], [126.6529631, 37.4563748]]]}, "properties": {"osm_type": "way", "osm_id": "472324192", "tags": {"addr:city": "인천광역시", "addr:district": "미추홀구", "addr:postcode": "22182", "addr:street": "인주대로 138번길", "addr:subdistrict": "용현동", "amenity": "hospital", "check_date": "2020-06-16", "construction": "hospital", "emergency": "no", "healthcare": "hospital", "name": "인천보훈병원", "name:en": "Incheon Veterans Hospital"}, "verified_access": false}}, {"type": "Feature", "geometry": {"type": "LineString", "coordinates": [[126.6541815, 37.4563318], [126.6540685, 37.4559084], [126.6539681, 37.4555703]]}, "properties": {"osm_type": "way", "osm_id": "472324712", "tags": {"highway": "service", "name": "인주대로154번길", "name:en": "Inju-daero 154beon-gil", "name:ko": "인주대로154번길"}, "verified_access": false}}, {"type": "Feature", "geometry": {"type": "LineString", "coordinates": [[126.6546592, 37.4558092], [126.6541974, 37.4558834], [126.6540685, 37.4559084]]}, "properties": {"osm_type": "way", "osm_id": "472324713", "tags": {"highway": "service", "name": "인주대로160번길", "name:en": "Inju-daero 160beon-gil", "name:ko": "인주대로160번길"}, "verified_access": false}}, {"type": "Feature", "geometry": {"type": "LineString", "coordinates": [[126.6548671, 37.4552556], [126.6549733, 37.4555534], [126.6550193, 37.4558428], [126.6549944, 37.4561936]]}, "properties": {"osm_type": "way", "osm_id": "472324714", "tags": {"highway": "service", "name": "인주대로162번길", "name:en": "Inju-daero 162beon-gil", "name:ko": "인주대로162번길"}, "verified_access": false}}, {"type": "Feature", "geometry": {"type": "Polygon", "coordinates": [[[126.6504913, 37.4488536], [126.6502018, 37.4490381], [126.6501274, 37.4490101], [126.650006, 37.449035], [126.6499295, 37.4493095], [126.6497967, 37.4495766], [126.6496642, 37.4498464], [126.6493324, 37.4504076], [126.6490067, 37.4509487], [126.649781, 37.4514003], [126.6495914, 37.4517312], [126.6501326, 37.45175], [126.6505999, 37.4517726], [126.6510982, 37.4518266], [126.6512838, 37.4518467], [126.6517828, 37.4519342], [126.6520048, 37.4519731], [126.6520885, 37.4519878], [126.6524237, 37.4520465], [126.6525693, 37.452072], [126.6528855, 37.4521371], [126.6530797, 37.4521045], [126.6536373, 37.4518765], [126.6544021, 37.4516675], [126.6564271, 37.4511471], [126.6578465, 37.4507776], [126.6569217, 37.4492734], [126.6553859, 37.4466845], [126.6547144, 37.4468884], [126.6545294, 37.4469713], [126.6544155, 37.4470167], [126.653386, 37.4474272], [126.6527874, 37.4476634], [126.6507639, 37.4484888], [126.6505808, 37.4485626], [126.6505271, 37.4487565], [126.6504913, 37.4488536]]]}, "properties": {"osm_type": "way", "osm_id": "472447787", "tags": {"amenity": "university", "education": "university", "name": "인하대학교", "name:en": "Inha University", "name:ja": "仁荷大学校", "name:zh": "仁荷大学", "wikidata": "Q488851"}, "verified_access": false}}, {"type": "Feature", "geometry": {"type": "Polygon", "coordinates": [[[126.6643148, 37.4531155], [126.6641995, 37.4531517], [126.6637676, 37.4523596], [126.6638964, 37.4523192], [126.6643148, 37.4531155]]]}, "properties": {"osm_type": "way", "osm_id": "472451253", "tags": {"building": "school"}, "verified_access": false}}, {"type": "Feature", "geometry": {"type": "Polygon", "coordinates": [[[126.6632101, 37.4532968], [126.6631947, 37.4533038], [126.6632213, 37.4533421], [126.6632036, 37.4533497], [126.6632567, 37.4534223], [126.6633883, 37.4533708], [126.6633455, 37.4533067], [126.6633594, 37.4533001], [126.663332, 37.4532591], [126.6633467, 37.4532526], [126.6630966, 37.4528858], [126.6630816, 37.4528917], [126.6630329, 37.4528163], [126.6628812, 37.4528737], [126.6629318, 37.4529477], [126.6629475, 37.4529424], [126.6630159, 37.4530459], [126.6629863, 37.4530573], [126.6630958, 37.4532099], [126.6631391, 37.4531933], [126.6632101, 37.4532968]]]}, "properties": {"osm_type": "way", "osm_id": "472451255", "tags": {"building": "school"}, "verified_access": false}}, {"type": "Feature", "geometry": {"type": "Polygon", "coordinates": [[[126.6629874, 37.4527507], [126.6636645, 37.4524597], [126.6636038, 37.4523521], [126.6627539, 37.452708], [126.6628139, 37.4528047], [126.6628413, 37.4527954], [126.6628515, 37.4528094], [126.6628708, 37.4528021], [126.6628866, 37.4528245], [126.6630037, 37.4527766], [126.6629874, 37.4527507]]]}, "properties": {"osm_type": "way", "osm_id": "472451257", "tags": {"building": "school"}, "verified_access": false}}, {"type": "Feature", "geometry": {"type": "LineString", "coordinates": [[126.6648082, 37.4437357], [126.6654022, 37.4434268], [126.6656262, 37.4429912], [126.6656262, 37.4429557], [126.665614, 37.4429073], [126.6653452, 37.442492]]}, "properties": {"osm_type": "way", "osm_id": "473466878", "tags": {"highway": "service", "name": "한나루로404번길", "name:en": "Hannaru-ro 404beon-gil", "name:ko": "한나루로404번길"}, "verified_access": false}}, {"type": "Feature", "geometry": {"type": "Polygon", "coordinates": [[[126.6597748, 37.4551121], [126.6599257, 37.4550656], [126.6600151, 37.4552441], [126.65997, 37.4552573], [126.6599755, 37.4552714], [126.6599225, 37.455288], [126.6599157, 37.4552747], [126.6598703, 37.4552882], [126.6597748, 37.4551121]]]}, "properties": {"osm_type": "way", "osm_id": "475562025", "tags": {"amenity": "place_of_worship", "building": "church", "name": "팔복교회", "name:en": "Beatitudes Church"}, "verified_access": false}}, {"type": "Feature", "geometry": {"type": "Polygon", "coordinates": [[[126.6584581, 37.454814], [126.6587231, 37.4547299], [126.6587716, 37.4548262], [126.6585066, 37.4549103], [126.6584581, 37.454814]]]}, "properties": {"osm_type": "way", "osm_id": "475562333", "tags": {"addr:city": "인천광역시", "addr:district": "미추홀구", "addr:housenumber": "198", "addr:postcode": "22182", "addr:street": "인주대로", "amenity": "townhall", "building": "public", "government": "administrative", "name": "용현1·4동 행정복지센터", "name:en": "community service center(Yonghyeon 1 dong, 4 dong)", "name:ja": "龍現1.4洞 行政福祉センター", "name:ko": "용현1·4동 행정복지센터", "office": "government", "website": "http://michu.incheon.kr/"}, "verified_access": false}}, {"type": "Feature", "geometry": {"type": "LineString", "coordinates": [[126.6533746, 37.4479326], [126.6532669, 37.447981], [126.653599, 37.4485071], [126.6540219, 37.4490993]]}, "properties": {"osm_type": "way", "osm_id": "481241657", "tags": {"highway": "service"}, "verified_access": false}}, {"type": "Feature", "geometry": {"type": "LineString", "coordinates": [[126.6532344, 37.4473242], [126.6531798, 37.4475546], [126.6532817, 37.4477196], [126.6535204, 37.447743], [126.6544898, 37.4477788], [126.6545433, 37.4478088], [126.6546858, 37.4480616], [126.6551815, 37.4487502], [126.6552095, 37.4487903], [126.6555442, 37.4492969]]}, "properties": {"osm_type": "way", "osm_id": "481241658", "tags": {"highway": "service"}, "verified_access": false}}, {"type": "Feature", "geometry": {"type": "LineString", "coordinates": [[126.6538798, 37.4484186], [126.6546858, 37.4480616], [126.6550435, 37.447939]]}, "properties": {"osm_type": "way", "osm_id": "481241659", "tags": {"highway": "service"}, "verified_access": false}}, {"type": "Feature", "geometry": {"type": "LineString", "coordinates": [[126.655379, 37.4472182], [126.6547292, 37.4474328], [126.6542396, 37.4476053], [126.6542128, 37.4476021], [126.6541229, 37.4475153], [126.654129, 37.4475009], [126.6546486, 37.4472949]]}, "properties": {"osm_type": "way", "osm_id": "481241660", "tags": {"highway": "service"}, "verified_access": false}}, {"type": "Feature", "geometry": {"type": "LineString", "coordinates": [[126.6546486, 37.4472949], [126.6547292, 37.4474328], [126.6550435, 37.447939], [126.6555227, 37.4486497], [126.6558984, 37.4491737]]}, "properties": {"osm_type": "way", "osm_id": "481241661", "tags": {"highway": "service"}, "verified_access": false}}, {"type": "Feature", "geometry": {"type": "LineString", "coordinates": [[126.6502519, 37.4513896], [126.6513249, 37.4509655], [126.651659, 37.4508581], [126.6523204, 37.4505968], [126.6527628, 37.450422], [126.6528736, 37.4503783], [126.653454, 37.450164], [126.653543, 37.4501295], [126.6536329, 37.4500791], [126.6536596, 37.4500696], [126.6545112, 37.4497409]]}, "properties": {"osm_type": "way", "osm_id": "481241662", "tags": {"highway": "service"}, "verified_access": false}}, {"type": "Feature", "geometry": {"type": "LineString", "coordinates": [[126.6558984, 37.4491737], [126.6562594, 37.4497847], [126.6564605, 37.4501252], [126.6564949, 37.4510135]]}, "properties": {"osm_type": "way", "osm_id": "481241663", "tags": {"highway": "service"}, "verified_access": false}}, {"type": "Feature", "geometry": {"type": "LineString", "coordinates": [[126.6554416, 37.4493495], [126.65541, 37.4494074], [126.65544, 37.4496945]]}, "properties": {"osm_type": "way", "osm_id": "481241664", "tags": {"highway": "service"}, "verified_access": false}}, {"type": "Feature", "geometry": {"type": "LineString", "coordinates": [[126.6541191, 37.4502665], [126.6536596, 37.4500696]]}, "properties": {"osm_type": "way", "osm_id": "481241665", "tags": {"highway": "service"}, "verified_access": false}}, {"type": "Feature", "geometry": {"type": "LineString", "coordinates": [[126.6544702, 37.4514903], [126.6543714, 37.4513665], [126.6541975, 37.4511325], [126.6540495, 37.4509215], [126.6537715, 37.4504638]]}, "properties": {"osm_type": "way", "osm_id": "481241666", "tags": {"highway": "footway"}, "verified_access": false}}, {"type": "Feature", "geometry": {"type": "LineString", "coordinates": [[126.6537715, 37.4504638], [126.6540524, 37.4503513], [126.6540932, 37.4503348], [126.6541191, 37.4502665]]}, "properties": {"osm_type": "way", "osm_id": "481241667", "tags": {"highway": "footway"}, "verified_access": false}}, {"type": "Feature", "geometry": {"type": "LineString", "coordinates": [[126.654571, 37.4508684], [126.6548597, 37.4507605], [126.6549285, 37.450746], [126.6551299, 37.4506979]]}, "properties": {"osm_type": "way", "osm_id": "481241668", "tags": {"highway": "service"}, "verified_access": false}}, {"type": "Feature", "geometry": {"type": "LineString", "coordinates": [[126.6551299, 37.4506979], [126.6553011, 37.4506885], [126.6553605, 37.4507036], [126.6554622, 37.4508504]]}, "properties": {"osm_type": "way", "osm_id": "481241669", "tags": {"highway": "service"}, "verified_access": false}}, {"type": "Feature", "geometry": {"type": "LineString", "coordinates": [[126.6518116, 37.4510626], [126.6523421, 37.4508374], [126.6525725, 37.4507396], [126.6530014, 37.4505575], [126.6534567, 37.4503831], [126.6534912, 37.4502634], [126.653454, 37.450164]]}, "properties": {"osm_type": "way", "osm_id": "481241675", "tags": {"highway": "service"}, "verified_access": false}}, {"type": "Feature", "geometry": {"type": "LineString", "coordinates": [[126.6530014, 37.4505575], [126.6528736, 37.4503783]]}, "properties": {"osm_type": "way", "osm_id": "481241676", "tags": {"highway": "service"}, "verified_access": false}}, {"type": "Feature", "geometry": {"type": "LineString", "coordinates": [[126.6523204, 37.4505968], [126.6523828, 37.4506941], [126.6524914, 37.4507296], [126.6525725, 37.4507396]]}, "properties": {"osm_type": "way", "osm_id": "481241677", "tags": {"highway": "service"}, "verified_access": false}}, {"type": "Feature", "geometry": {"type": "LineString", "coordinates": [[126.6523421, 37.4508374], [126.65237, 37.4507871], [126.6523828, 37.4507245], [126.6523828, 37.4506941]]}, "properties": {"osm_type": "way", "osm_id": "481241679", "tags": {"highway": "service"}, "verified_access": false}}, {"type": "Feature", "geometry": {"type": "LineString", "coordinates": [[126.6527628, 37.450422], [126.6526207, 37.4502253], [126.6525153, 37.4500793], [126.6515963, 37.4488071]]}, "properties": {"osm_type": "way", "osm_id": "481241681", "tags": {"highway": "service"}, "verified_access": false}}, {"type": "Feature", "geometry": {"type": "LineString", "coordinates": [[126.6524029, 37.4484321], [126.6526055, 37.448332], [126.6527431, 37.4482803], [126.6528221, 37.4481866], [126.6531223, 37.4477904], [126.6529862, 37.4476498], [126.6527163, 37.4475486]]}, "properties": {"osm_type": "way", "osm_id": "481241683", "tags": {"highway": "service"}, "verified_access": false}}, {"type": "Feature", "geometry": {"type": "LineString", "coordinates": [[126.6536329, 37.4500791], [126.6533032, 37.4495876], [126.6532897, 37.4495668], [126.6528056, 37.4488638], [126.6526098, 37.4486051], [126.6525739, 37.4485087]]}, "properties": {"osm_type": "way", "osm_id": "481241685", "tags": {"highway": "service"}, "verified_access": false}}, {"type": "Feature", "geometry": {"type": "LineString", "coordinates": [[126.6521954, 37.4481004], [126.6524029, 37.4484321]]}, "properties": {"osm_type": "way", "osm_id": "481241687", "tags": {"highway": "service"}, "verified_access": false}}, {"type": "Feature", "geometry": {"type": "LineString", "coordinates": [[126.6531223, 37.4477904], [126.6532817, 37.4477196]]}, "properties": {"osm_type": "way", "osm_id": "481241689", "tags": {"highway": "service"}, "verified_access": false}}, {"type": "Feature", "geometry": {"type": "LineString", "coordinates": [[126.6528056, 37.4488638], [126.653599, 37.4485071]]}, "properties": {"osm_type": "way", "osm_id": "481241690", "tags": {"highway": "service"}, "verified_access": false}}, {"type": "Feature", "geometry": {"type": "LineString", "coordinates": [[126.6533032, 37.4495876], [126.6551815, 37.4487502]]}, "properties": {"osm_type": "way", "osm_id": "481241692", "tags": {"highway": "service"}, "verified_access": false}}, {"type": "Feature", "geometry": {"type": "LineString", "coordinates": [[126.6548005, 37.4499825], [126.6547443, 37.4499134]]}, "properties": {"osm_type": "way", "osm_id": "481241694", "tags": {"highway": "service"}, "verified_access": false}}, {"type": "Feature", "geometry": {"type": "LineString", "coordinates": [[126.6547295, 37.4496452], [126.6554416, 37.4493495], [126.6555442, 37.4492969], [126.6558984, 37.4491737], [126.6562233, 37.4490593]]}, "properties": {"osm_type": "way", "osm_id": "481241696", "tags": {"highway": "service"}, "verified_access": false}}, {"type": "Feature", "geometry": {"type": "LineString", "coordinates": [[126.6545112, 37.4497409], [126.6546693, 37.449672], [126.6547295, 37.4496452]]}, "properties": {"osm_type": "way", "osm_id": "481241697", "tags": {"highway": "service", "tunnel": "yes"}, "verified_access": false}}, {"type": "Feature", "geometry": {"type": "LineString", "coordinates": [[126.6568015, 37.4507178], [126.6565183, 37.4502257], [126.6564605, 37.4501252]]}, "properties": {"osm_type": "way", "osm_id": "481241699", "tags": {"highway": "service"}, "verified_access": false}}, {"type": "Feature", "geometry": {"type": "LineString", "coordinates": [[126.6591346, 37.448694], [126.6591016, 37.4489604], [126.6588174, 37.4490641], [126.6586556, 37.449131], [126.6584768, 37.4491435], [126.6578454, 37.449435], [126.6572392, 37.4497374]]}, "properties": {"osm_type": "way", "osm_id": "481241706", "tags": {"highway": "service"}, "verified_access": false}}, {"type": "Feature", "geometry": {"type": "Polygon", "coordinates": [[[126.65915, 37.4486885], [126.6593325, 37.4486134], [126.6592751, 37.4484913], [126.6590892, 37.4486496], [126.65915, 37.4486885]]]}, "properties": {"osm_type": "way", "osm_id": "481241708", "tags": {"amenity": "parking", "name": "벤처창업관 주차장"}, "verified_access": false}}, {"type": "Feature", "geometry": {"type": "Polygon", "coordinates": [[[126.658954, 37.4488374], [126.6587361, 37.4485383], [126.6594305, 37.448223], [126.6593579, 37.4480929], [126.6595234, 37.4480151], [126.6596907, 37.4482686], [126.6596383, 37.4482995], [126.6594288, 37.4483947], [126.6594035, 37.4484336], [126.6592751, 37.4484913], [126.6590892, 37.4486496], [126.6591078, 37.4487167], [126.6590858, 37.4488683], [126.658954, 37.4488374]]]}, "properties": {"osm_type": "way", "osm_id": "481241710", "tags": {"natural": "wood"}, "verified_access": false}}, {"type": "Feature", "geometry": {"type": "LineString", "coordinates": [[126.6591016, 37.4489604], [126.6594254, 37.4487689], [126.6596249, 37.4486658], [126.6597171, 37.4485408], [126.6597533, 37.4483701], [126.6596404, 37.4481537]]}, "properties": {"osm_type": "way", "osm_id": "481241712", "tags": {"highway": "service"}, "verified_access": false}}, {"type": "Feature", "geometry": {"type": "LineString", "coordinates": [[126.6579184, 37.4508863], [126.6576167, 37.4502816], [126.6572392, 37.4497374], [126.6569716, 37.4494106], [126.6567423, 37.4491296], [126.6565626, 37.4489209]]}, "properties": {"osm_type": "way", "osm_id": "481241714", "tags": {"highway": "service"}, "verified_access": false}}, {"type": "Feature", "geometry": {"type": "LineString", "coordinates": [[126.6562233, 37.4490593], [126.6565626, 37.4489209], [126.6574799, 37.4485227], [126.6576446, 37.4484546], [126.6579704, 37.44832], [126.65899, 37.4478988]]}, "properties": {"osm_type": "way", "osm_id": "481241715", "tags": {"highway": "service"}, "verified_access": false}}, {"type": "Feature", "geometry": {"type": "LineString", "coordinates": [[126.6579704, 37.44832], [126.6578071, 37.4482416], [126.6576524, 37.4481435], [126.6563369, 37.4461392]]}, "properties": {"osm_type": "way", "osm_id": "481241716", "tags": {"highway": "service"}, "verified_access": false}}, {"type": "Feature", "geometry": {"type": "LineString", "coordinates": [[126.6576446, 37.4484546], [126.6576784, 37.4482991], [126.6576524, 37.4481435]]}, "properties": {"osm_type": "way", "osm_id": "481241717", "tags": {"highway": "service"}, "verified_access": false}}, {"type": "Feature", "geometry": {"type": "Polygon", "coordinates": [[[126.6605667, 37.4440105], [126.6611037, 37.4438288], [126.6611504, 37.4439141], [126.660618, 37.4440958], [126.6605667, 37.4440105]]]}, "properties": {"osm_type": "way", "osm_id": "505994333", "tags": {"building": "apartments", "building:flats": "80", "building:levels": "20", "height": "54", "name": "101", "start_date": "1999"}, "verified_access": false}}, {"type": "Feature", "geometry": {"type": "Polygon", "coordinates": [[[126.6612485, 37.4437621], [126.6618042, 37.4435581], [126.6618509, 37.4436434], [126.6612905, 37.4438473], [126.6612485, 37.4437621]]]}, "properties": {"osm_type": "way", "osm_id": "505994335", "tags": {"building": "apartments", "building:flats": "80", "building:levels": "20", "height": "54", "name": "102", "start_date": "1999"}, "verified_access": false}}, {"type": "Feature", "geometry": {"type": "Polygon", "coordinates": [[[126.6627335, 37.4431688], [126.6632799, 37.4429649], [126.6633266, 37.4430576], [126.6627802, 37.4432541], [126.6627335, 37.4431688]]]}, "properties": {"osm_type": "way", "osm_id": "505994336", "tags": {"building": "apartments", "building:flats": "80", "building:levels": "20", "height": "54", "name": "103", "start_date": "1999"}, "verified_access": false}}, {"type": "Feature", "geometry": {"type": "Polygon", "coordinates": [[[126.6623226, 37.4429204], [126.6624533, 37.4428759], [126.6626635, 37.4431911], [126.6625374, 37.4432393], [126.6623226, 37.4429204]]]}, "properties": {"osm_type": "way", "osm_id": "505994338", "tags": {"building": "apartments", "building:flats": "40", "building:levels": "20", "height": "54", "name": "104", "start_date": "1999"}, "verified_access": false}}, {"type": "Feature", "geometry": {"type": "Polygon", "coordinates": [[[126.66151, 37.4431169], [126.6616361, 37.4430761], [126.6618462, 37.443369], [126.6617202, 37.4434098], [126.66151, 37.4431169]]]}, "properties": {"osm_type": "way", "osm_id": "505994340", "tags": {"building": "apartments", "building:flats": "80", "building:levels": "20", "height": "54", "name": "105", "start_date": "1999"}, "verified_access": false}}, {"type": "Feature", "geometry": {"type": "Polygon", "coordinates": [[[126.6608749, 37.4434321], [126.6609916, 37.4433802], [126.6612018, 37.4436731], [126.661085, 37.4437287], [126.6608749, 37.4434321]]]}, "properties": {"osm_type": "way", "osm_id": "505994341", "tags": {"building": "apartments", "building:flats": "80", "building:levels": "20", "height": "54", "name": "106", "start_date": "1999"}, "verified_access": false}}, {"type": "Feature", "geometry": {"type": "Polygon", "coordinates": [[[126.6603145, 37.4436471], [126.6602024, 37.4436879], [126.6604149, 37.4439957], [126.6605153, 37.4439475], [126.6603145, 37.4436471]]]}, "properties": {"osm_type": "way", "osm_id": "505994344", "tags": {"building": "apartments", "building:flats": "80", "building:levels": "20", "height": "54", "name": "107", "start_date": "1999"}, "verified_access": false}}, {"type": "Feature", "geometry": {"type": "Polygon", "coordinates": [[[126.6602911, 37.4434951], [126.6607301, 37.443332], [126.6607908, 37.4434247], [126.6603472, 37.4435878], [126.6602911, 37.4434951]]]}, "properties": {"osm_type": "way", "osm_id": "505994346", "tags": {"building": "apartments", "building:flats": "80", "building:levels": "20", "height": "54", "name": "108", "start_date": "1999"}, "verified_access": false}}, {"type": "Feature", "geometry": {"type": "Polygon", "coordinates": [[[126.6609589, 37.4432096], [126.6613839, 37.4430465], [126.6614446, 37.4431392], [126.661015, 37.4432986], [126.6609589, 37.4432096]]]}, "properties": {"osm_type": "way", "osm_id": "505994348", "tags": {"building": "apartments", "building:flats": "80", "building:levels": "20", "height": "54", "name": "109", "start_date": "1999"}, "verified_access": false}}, {"type": "Feature", "geometry": {"type": "Polygon", "coordinates": [[[126.6606227, 37.4430131], [126.6607441, 37.4429612], [126.6609076, 37.4431948], [126.6607815, 37.4432541], [126.6606227, 37.4430131]]]}, "properties": {"osm_type": "way", "osm_id": "505994359", "tags": {"building": "apartments", "building:flats": "40", "building:levels": "20", "height": "54", "name": "114", "start_date": "1999"}, "verified_access": false}}, {"type": "Feature", "geometry": {"type": "Polygon", "coordinates": [[[126.6599035, 37.4432319], [126.6600296, 37.44318], [126.6601837, 37.443395], [126.6600576, 37.4434432], [126.6599035, 37.4432319]]]}, "properties": {"osm_type": "way", "osm_id": "505994361", "tags": {"building": "apartments", "building:flats": "40", "building:levels": "20", "height": "54", "name": "115", "start_date": "1999"}, "verified_access": false}}, {"type": "Feature", "geometry": {"type": "Polygon", "coordinates": [[[126.6620237, 37.4433134], [126.6622058, 37.4432467], [126.6623646, 37.4434729], [126.6621778, 37.443547], [126.6620237, 37.4433134]]]}, "properties": {"osm_type": "way", "osm_id": "505994378", "tags": {"building": "yes"}, "verified_access": false}}, {"type": "Feature", "geometry": {"type": "LineString", "coordinates": [[126.6622125, 37.4437558], [126.6619814, 37.4434259], [126.6619116, 37.4433263], [126.6617241, 37.4430586], [126.6616644, 37.4429773], [126.6615459, 37.4429672], [126.6606921, 37.4428933], [126.6602659, 37.4422443], [126.6600162, 37.4417818]]}, "properties": {"osm_type": "way", "osm_id": "505994379", "tags": {"highway": "service"}, "verified_access": false}}, {"type": "Feature", "geometry": {"type": "LineString", "coordinates": [[126.660491, 37.4440042], [126.6606295, 37.4439505], [126.661027, 37.4437962], [126.661303, 37.4436891], [126.6617178, 37.4435282], [126.6619814, 37.4434259]]}, "properties": {"osm_type": "way", "osm_id": "505994380", "tags": {"highway": "service"}, "verified_access": false}}, {"type": "Feature", "geometry": {"type": "LineString", "coordinates": [[126.6617178, 37.4435282], [126.661476, 37.4432003], [126.6611528, 37.4433307], [126.6612627, 37.4434883]]}, "properties": {"osm_type": "way", "osm_id": "505994381", "tags": {"highway": "service"}, "verified_access": false}}, {"type": "Feature", "geometry": {"type": "LineString", "coordinates": [[126.661027, 37.4437962], [126.6607866, 37.4434902], [126.6604689, 37.4436232], [126.6605613, 37.4437503]]}, "properties": {"osm_type": "way", "osm_id": "505994382", "tags": {"highway": "service"}, "verified_access": false}}, {"type": "Feature", "geometry": {"type": "LineString", "coordinates": [[126.6606921, 37.4428933], [126.6604333, 37.4429949], [126.6601835, 37.4430929], [126.6598932, 37.4432068]]}, "properties": {"osm_type": "way", "osm_id": "505994383", "tags": {"highway": "service"}, "verified_access": false}}, {"type": "Feature", "geometry": {"type": "LineString", "coordinates": [[126.6601835, 37.4430929], [126.6602668, 37.4432102]]}, "properties": {"osm_type": "way", "osm_id": "505994384", "tags": {"highway": "service"}, "verified_access": false}}, {"type": "Feature", "geometry": {"type": "LineString", "coordinates": [[126.6617241, 37.4430586], [126.6629712, 37.4425795], [126.6631407, 37.4428632], [126.6627494, 37.4430149], [126.6625737, 37.4427337]]}, "properties": {"osm_type": "way", "osm_id": "505994387", "tags": {"highway": "service"}, "verified_access": false}}, {"type": "Feature", "geometry": {"type": "LineString", "coordinates": [[126.6604333, 37.4429949], [126.6606007, 37.4432543], [126.6602836, 37.4433834]]}, "properties": {"osm_type": "way", "osm_id": "505994388", "tags": {"highway": "service"}, "verified_access": false}}, {"type": "Feature", "geometry": {"type": "LineString", "coordinates": [[126.6619116, 37.4433263], [126.662296, 37.4431769], [126.6624545, 37.4434125]]}, "properties": {"osm_type": "way", "osm_id": "505994389", "tags": {"highway": "service"}, "verified_access": false}}, {"type": "Feature", "geometry": {"type": "Polygon", "coordinates": [[[126.6593607, 37.4427798], [126.6598323, 37.4425991], [126.660049, 37.4429227], [126.6604828, 37.4427573], [126.6605289, 37.4428336], [126.6600722, 37.4430219], [126.6600939, 37.4430563], [126.6599124, 37.4431252], [126.6598933, 37.4430929], [126.6596149, 37.4432069], [126.6595661, 37.4431294], [126.6599456, 37.4429739], [126.659835, 37.4428034], [126.6597869, 37.4428217], [126.6597368, 37.4427485], [126.659564, 37.4428131], [126.6595953, 37.4428647], [126.6594522, 37.4429212], [126.6593607, 37.4427798]]]}, "properties": {"osm_type": "way", "osm_id": "505994393", "tags": {"building": "school"}, "verified_access": false}}, {"type": "Feature", "geometry": {"type": "Polygon", "coordinates": [[[126.6605968, 37.4428808], [126.6596272, 37.4432585], [126.6591007, 37.4423999], [126.6600358, 37.4420307], [126.6605968, 37.4428808]]]}, "properties": {"osm_type": "way", "osm_id": "505994395", "tags": {"amenity": "school", "education": "school", "isced:level": "2", "name": "인주중학교", "name:en": "Inju middle school"}, "verified_access": false}}, {"type": "Feature", "geometry": {"type": "Polygon", "coordinates": [[[126.6560896, 37.4436998], [126.6567058, 37.4434503], [126.6567921, 37.4435726], [126.6561635, 37.4438221], [126.6560896, 37.4436998]]]}, "properties": {"osm_type": "way", "osm_id": "505994397", "tags": {"building": "apartments", "name": "10"}, "verified_access": false}}, {"type": "Feature", "geometry": {"type": "Polygon", "coordinates": [[[126.6562683, 37.4438955], [126.6568968, 37.4436606], [126.6569584, 37.4437732], [126.6563422, 37.444008], [126.6562683, 37.4438955]]]}, "properties": {"osm_type": "way", "osm_id": "505994398", "tags": {"building": "apartments", "name": "11"}, "verified_access": false}}, {"type": "Feature", "geometry": {"type": "Polygon", "coordinates": [[[126.6564223, 37.4441156], [126.6570262, 37.4438906], [126.6570817, 37.4439835], [126.6564716, 37.4442184], [126.6564223, 37.4441156]]]}, "properties": {"osm_type": "way", "osm_id": "505994399", "tags": {"building": "apartments", "name": "12"}, "verified_access": false}}, {"type": "Feature", "geometry": {"type": "Polygon", "coordinates": [[[126.6565702, 37.444326], [126.6571803, 37.4440912], [126.6572481, 37.444189], [126.6566257, 37.4444189], [126.6565702, 37.444326]]]}, "properties": {"osm_type": "way", "osm_id": "505994400", "tags": {"building": "apartments", "name": "13"}, "verified_access": false}}, {"type": "Feature", "geometry": {"type": "Polygon", "coordinates": [[[126.656675, 37.4445413], [126.6572542, 37.4443162], [126.657322, 37.4444043], [126.6567243, 37.4446391], [126.656675, 37.4445413]]]}, "properties": {"osm_type": "way", "osm_id": "505994401", "tags": {"building": "apartments"}, "verified_access": false}}, {"type": "Feature", "geometry": {"type": "Polygon", "coordinates": [[[126.6568414, 37.4447321], [126.6574699, 37.4445021], [126.6575254, 37.4446], [126.6568907, 37.4448299], [126.6568414, 37.4447321]]]}, "properties": {"osm_type": "way", "osm_id": "505994402", "tags": {"building": "apartments", "name": "15"}, "verified_access": false}}, {"type": "Feature", "geometry": {"type": "Polygon", "coordinates": [[[126.6569215, 37.4449277], [126.6578519, 37.4445657], [126.6579197, 37.4446685], [126.6569954, 37.4450354], [126.6569215, 37.4449277]]]}, "properties": {"osm_type": "way", "osm_id": "505994403", "tags": {"building": "apartments", "name": "16"}, "verified_access": false}}, {"type": "Feature", "geometry": {"type": "Polygon", "coordinates": [[[126.6570447, 37.4451332], [126.6577657, 37.4448593], [126.657815, 37.4449473], [126.657094, 37.4452262], [126.6570447, 37.4451332]]]}, "properties": {"osm_type": "way", "osm_id": "505994404", "tags": {"building": "apartments", "name": "17"}, "verified_access": false}}, {"type": "Feature", "geometry": {"type": "Polygon", "coordinates": [[[126.657168, 37.4453436], [126.6579444, 37.4450549], [126.6579998, 37.4451528], [126.6572234, 37.4454463], [126.657168, 37.4453436]]]}, "properties": {"osm_type": "way", "osm_id": "505994405", "tags": {"building": "apartments", "name": "18"}, "verified_access": false}}, {"type": "Feature", "geometry": {"type": "Polygon", "coordinates": [[[126.6553871, 37.4439961], [126.6559888, 37.4437766], [126.6560538, 37.4438735], [126.6554481, 37.4440962], [126.6553871, 37.4439961]]]}, "properties": {"osm_type": "way", "osm_id": "505994406", "tags": {"building": "apartments", "name": "9"}, "verified_access": false}}, {"type": "Feature", "geometry": {"type": "Polygon", "coordinates": [[[126.6555009, 37.4442092], [126.656127, 37.4439671], [126.656188, 37.4440542], [126.6555619, 37.4442963], [126.6555009, 37.4442092]]]}, "properties": {"osm_type": "way", "osm_id": "505994407", "tags": {"building": "apartments", "name": "8"}, "verified_access": false}}, {"type": "Feature", "geometry": {"type": "Polygon", "coordinates": [[[126.6556392, 37.4444061], [126.6562327, 37.4441801], [126.6562896, 37.4442608], [126.6557001, 37.4444964], [126.6556392, 37.4444061]]]}, "properties": {"osm_type": "way", "osm_id": "505994408", "tags": {"building": "apartments", "name": "7"}, "verified_access": false}}, {"type": "Feature", "geometry": {"type": "Polygon", "coordinates": [[[126.6557815, 37.4446385], [126.6563791, 37.4444028], [126.6564279, 37.4444803], [126.6558302, 37.4447192], [126.6557815, 37.4446385]]]}, "properties": {"osm_type": "way", "osm_id": "505994410", "tags": {"building": "apartments", "name": "6"}, "verified_access": false}}, {"type": "Feature", "geometry": {"type": "Polygon", "coordinates": [[[126.6558912, 37.4448612], [126.6565214, 37.4446094], [126.6565864, 37.4446998], [126.6559563, 37.4449516], [126.6558912, 37.4448612]]]}, "properties": {"osm_type": "way", "osm_id": "505994411", "tags": {"building": "apartments", "name": "5"}, "verified_access": false}}, {"type": "Feature", "geometry": {"type": "Polygon", "coordinates": [[[126.6560254, 37.4450516], [126.6566393, 37.4448224], [126.6566892, 37.4448958], [126.6560681, 37.4451248], [126.6560254, 37.4450516]]]}, "properties": {"osm_type": "way", "osm_id": "505994412", "tags": {"building": "apartments", "name": "3"}, "verified_access": false}}, {"type": "Feature", "geometry": {"type": "Polygon", "coordinates": [[[126.6561512, 37.4452695], [126.6567706, 37.4450292], [126.6568237, 37.4451192], [126.6562132, 37.4453566], [126.6561512, 37.4452695]]]}, "properties": {"osm_type": "way", "osm_id": "505994413", "tags": {"building": "apartments", "name": "2"}, "verified_access": false}}, {"type": "Feature", "geometry": {"type": "Polygon", "coordinates": [[[126.6562751, 37.4454859], [126.6568998, 37.4452414], [126.6569458, 37.4453102], [126.6563246, 37.4455505], [126.6562751, 37.4454859]]]}, "properties": {"osm_type": "way", "osm_id": "505994414", "tags": {"building": "apartments", "name": "1"}, "verified_access": false}}, {"type": "Feature", "geometry": {"type": "Polygon", "coordinates": [[[126.6563884, 37.4456882], [126.6569989, 37.4454592], [126.6570537, 37.4455378], [126.656445, 37.4457682], [126.6563884, 37.4456882]]]}, "properties": {"osm_type": "way", "osm_id": "505994415", "tags": {"building": "apartments", "name": "19"}, "verified_access": false}}, {"type": "Feature", "geometry": {"type": "Polygon", "coordinates": [[[126.6566733, 37.4457753], [126.6571086, 37.4456109], [126.6571493, 37.4456727], [126.656714, 37.4458413], [126.6566733, 37.4457753]]]}, "properties": {"osm_type": "way", "osm_id": "505994416", "tags": {"building": "commercial"}, "verified_access": false}}, {"type": "Feature", "geometry": {"type": "Polygon", "coordinates": [[[126.6572838, 37.4454901], [126.6579562, 37.4452302], [126.6580005, 37.445299], [126.6573315, 37.4455645], [126.6572838, 37.4454901]]]}, "properties": {"osm_type": "way", "osm_id": "505994417", "tags": {"building": "commercial"}, "verified_access": false}}, {"type": "Feature", "geometry": {"type": "LineString", "coordinates": [[126.6553625, 37.4441943], [126.6561551, 37.4438807], [126.656853, 37.4436046]]}, "properties": {"osm_type": "way", "osm_id": "505994420", "tags": {"highway": "service"}, "verified_access": false}}, {"type": "Feature", "geometry": {"type": "LineString", "coordinates": [[126.6561551, 37.4438807], [126.6562777, 37.4440775], [126.6564152, 37.4442984], [126.6565457, 37.4445079], [126.6566838, 37.4447298], [126.6567988, 37.4449146], [126.6569335, 37.4451309], [126.6570598, 37.4453337], [126.657317, 37.4457468]]}, "properties": {"osm_type": "way", "osm_id": "505994421", "tags": {"highway": "service"}, "verified_access": false}}, {"type": "Feature", "geometry": {"type": "LineString", "coordinates": [[126.6570598, 37.4453337], [126.6562796, 37.4456335]]}, "properties": {"osm_type": "way", "osm_id": "505994422", "tags": {"highway": "service"}, "verified_access": false}}, {"type": "Feature", "geometry": {"type": "LineString", "coordinates": [[126.6560065, 37.4449948], [126.6566838, 37.4447298]]}, "properties": {"osm_type": "way", "osm_id": "505994423", "tags": {"highway": "service"}, "verified_access": false}}, {"type": "Feature", "geometry": {"type": "LineString", "coordinates": [[126.6558851, 37.444776], [126.6565457, 37.4445079]]}, "properties": {"osm_type": "way", "osm_id": "505994424", "tags": {"highway": "service"}, "verified_access": false}}, {"type": "Feature", "geometry": {"type": "LineString", "coordinates": [[126.6557566, 37.4445499], [126.6564152, 37.4442984]]}, "properties": {"osm_type": "way", "osm_id": "505994425", "tags": {"highway": "service"}, "verified_access": false}}, {"type": "Feature", "geometry": {"type": "LineString", "coordinates": [[126.6556352, 37.444333], [126.6562777, 37.4440775]]}, "properties": {"osm_type": "way", "osm_id": "505994426", "tags": {"highway": "service"}, "verified_access": false}}, {"type": "Feature", "geometry": {"type": "LineString", "coordinates": [[126.6570598, 37.4453337], [126.6578819, 37.4450114]]}, "properties": {"osm_type": "way", "osm_id": "505994427", "tags": {"highway": "service"}, "verified_access": false}}, {"type": "Feature", "geometry": {"type": "LineString", "coordinates": [[126.6562433, 37.445402], [126.6569335, 37.4451309], [126.6577439, 37.4448204]]}, "properties": {"osm_type": "way", "osm_id": "505994428", "tags": {"highway": "service"}, "verified_access": false}}, {"type": "Feature", "geometry": {"type": "LineString", "coordinates": [[126.6561194, 37.4451857], [126.6567988, 37.4449146], [126.6577828, 37.4445338]]}, "properties": {"osm_type": "way", "osm_id": "505994429", "tags": {"highway": "service"}, "verified_access": false}}, {"type": "Feature", "geometry": {"type": "LineString", "coordinates": [[126.6565457, 37.4445079], [126.6572307, 37.4442472]]}, "properties": {"osm_type": "way", "osm_id": "505994430", "tags": {"highway": "service"}, "verified_access": false}}, {"type": "Feature", "geometry": {"type": "LineString", "coordinates": [[126.6564152, 37.4442984], [126.6571139, 37.4440336]]}, "properties": {"osm_type": "way", "osm_id": "505994431", "tags": {"highway": "service"}, "verified_access": false}}, {"type": "Feature", "geometry": {"type": "LineString", "coordinates": [[126.6562777, 37.4440775], [126.6569795, 37.4438172]]}, "properties": {"osm_type": "way", "osm_id": "505994432", "tags": {"highway": "service"}, "verified_access": false}}, {"type": "Feature", "geometry": {"type": "LineString", "coordinates": [[126.6566838, 37.4447298], [126.6574196, 37.4444489]]}, "properties": {"osm_type": "way", "osm_id": "505994433", "tags": {"highway": "service"}, "verified_access": false}}, {"type": "Feature", "geometry": {"type": "Polygon", "coordinates": [[[126.6531313, 37.4427756], [126.6531957, 37.4427529], [126.6534192, 37.4430951], [126.6534907, 37.4430681], [126.653464, 37.4430198], [126.6535837, 37.4429689], [126.6532567, 37.4424418], [126.6529935, 37.4425498], [126.6531313, 37.4427756]]]}, "properties": {"osm_type": "way", "osm_id": "526649959", "tags": {"building": "yes"}, "verified_access": false}}, {"type": "Feature", "geometry": {"type": "Polygon", "coordinates": [[[126.6538624, 37.4431088], [126.6539969, 37.443054], [126.6538642, 37.4428587], [126.6537314, 37.4429121], [126.6538624, 37.4431088]]]}, "properties": {"osm_type": "way", "osm_id": "526649961", "tags": {"building": "yes"}, "verified_access": false}}, {"type": "Feature", "geometry": {"type": "Polygon", "coordinates": [[[126.6540694, 37.4432423], [126.6535545, 37.443439], [126.6534642, 37.4432943], [126.6538642, 37.4431454], [126.6539385, 37.4431271], [126.653988, 37.4431229], [126.6540217, 37.4431229], [126.6540641, 37.4431875], [126.6540429, 37.4431945], [126.6540694, 37.4432423]]]}, "properties": {"osm_type": "way", "osm_id": "526649962", "tags": {"building": "yes"}, "verified_access": false}}, {"type": "Feature", "geometry": {"type": "Polygon", "coordinates": [[[126.6527759, 37.4423751], [126.6537772, 37.4419494], [126.6545259, 37.443104], [126.6544032, 37.4431501], [126.653503, 37.4434881], [126.6527759, 37.4423751]]]}, "properties": {"osm_type": "way", "osm_id": "526649963", "tags": {"amenity": "police", "name": "인천미추홀경찰서", "name:en": "Incheon Michuhol Police Station", "wikidata": "Q11376356"}, "verified_access": false}}, {"type": "Feature", "geometry": {"type": "Polygon", "coordinates": [[[126.6581528, 37.452764], [126.6586338, 37.45286], [126.65856, 37.453093], [126.6584503, 37.4531379], [126.6582041, 37.4530888], [126.6582692, 37.4528832], [126.6581242, 37.4528543], [126.6581528, 37.452764]]]}, "properties": {"osm_type": "way", "osm_id": "528022022", "tags": {"amenity": "place_of_worship", "building": "yes", "name": "용현동성당", "religion": "christian"}, "verified_access": false}}, {"type": "Feature", "geometry": {"type": "Polygon", "coordinates": [[[126.6617441, 37.4471904], [126.662373, 37.4469506], [126.6624054, 37.4470043], [126.66275, 37.4468733], [126.6628274, 37.4468459], [126.6630177, 37.4471854], [126.6630825, 37.4471626], [126.6630988, 37.4471917], [126.6635367, 37.4470375], [126.663519, 37.4470206], [126.663576, 37.4470023], [126.6635509, 37.4469532], [126.6635757, 37.4469363], [126.663301, 37.4464827], [126.6616883, 37.4470981], [126.6617441, 37.4471904]]]}, "properties": {"osm_type": "way", "osm_id": "561923676", "tags": {"building": "school", "building:levels": "6"}, "verified_access": false}}, {"type": "Feature", "geometry": {"type": "Polygon", "coordinates": [[[126.6554201, 37.4466758], [126.6568856, 37.4491598], [126.65737, 37.4498596], [126.6579284, 37.4507722], [126.6586713, 37.4505843], [126.6584944, 37.4502396], [126.6578482, 37.4504366], [126.6573561, 37.4496992], [126.6590709, 37.4489836], [126.6596871, 37.4486547], [126.6597361, 37.4485335], [126.6597761, 37.4484108], [126.6597667, 37.4483317], [126.6596878, 37.4481698], [126.6598446, 37.4480898], [126.659921, 37.4480277], [126.6598581, 37.4479671], [126.6598514, 37.4472002], [126.659951, 37.4471268], [126.6600921, 37.4470393], [126.6600059, 37.4469585], [126.659932, 37.4468631], [126.6597996, 37.4466648], [126.6585311, 37.4471845], [126.6576123, 37.4457675], [126.6554201, 37.4466758]]]}, "properties": {"osm_type": "way", "osm_id": "568420965", "tags": {"amenity": "university", "education": "university", "name": "인하공업전문대학", "name:en": "Inha Technical College", "name:ja": "仁荷工業専門大学", "name:zh": "仁荷工业专门大学"}, "verified_access": false}}, {"type": "Feature", "geometry": {"type": "Polygon", "coordinates": [[[126.6586935, 37.4505767], [126.6585025, 37.4502074], [126.6578647, 37.4503982], [126.6574395, 37.4497475], [126.6587243, 37.4492877], [126.6589677, 37.4494369], [126.6594052, 37.4494247], [126.6600245, 37.4495299], [126.6602155, 37.4495103], [126.6604435, 37.4496546], [126.6605141, 37.4500476], [126.6586935, 37.4505767]]]}, "properties": {"osm_type": "way", "osm_id": "568420966", "tags": {"amenity": "school", "education": "school", "isced:level": "3", "name": "정석항공과학고등학교", "name:en": "Jungseok Aviation Science High School", "wikidata": "Q12615710"}, "verified_access": false}}, {"type": "Feature", "geometry": {"type": "Polygon", "coordinates": [[[126.6575535, 37.4476342], [126.6583916, 37.4473113], [126.6584686, 37.4474189], [126.6576336, 37.4477369], [126.6575535, 37.4476342]]]}, "properties": {"osm_type": "way", "osm_id": "568420967", "tags": {"building": "university", "name": "1호관", "name:en": "Building #1"}, "verified_access": false}}, {"type": "Feature", "geometry": {"type": "Polygon", "coordinates": [[[126.6555248, 37.4482161], [126.6560049, 37.4479989], [126.656131, 37.4481629], [126.6556536, 37.4483844], [126.6555248, 37.4482161]]]}, "properties": {"osm_type": "way", "osm_id": "568420968", "tags": {"building": "university", "name": "6호관", "name:en": "Building #6"}, "verified_access": false}}, {"type": "Feature", "geometry": {"type": "Polygon", "coordinates": [[[126.6559426, 37.4480191], [126.6560533, 37.4479734], [126.6557577, 37.4475337], [126.6557048, 37.4475579], [126.6555584, 37.4473562], [126.6550869, 37.4475837], [126.6552271, 37.4477725], [126.6556459, 37.4475853], [126.6559426, 37.4480191]]]}, "properties": {"osm_type": "way", "osm_id": "568420969", "tags": {"building": "university", "name": "9호관", "name:en": "Building #9"}, "verified_access": false}}, {"type": "Feature", "geometry": {"type": "Polygon", "coordinates": [[[126.6559083, 37.4487508], [126.6560901, 37.4486775], [126.6562595, 37.4489465], [126.656087, 37.4490199], [126.6559083, 37.4487508]]]}, "properties": {"osm_type": "way", "osm_id": "568420970", "tags": {"building": "university", "name": "김현태인하드림센터", "name:en": "Kim Hyun Tae Inha Dream Center"}, "verified_access": false}}, {"type": "Feature", "geometry": {"type": "Polygon", "coordinates": [[[126.6503168, 37.4498771], [126.6510012, 37.4508151], [126.6510121, 37.4508836], [126.6509875, 37.450927], [126.6507695, 37.4509301], [126.6507232, 37.4509951], [126.6506443, 37.451065], [126.6504688, 37.4511274], [126.6503273, 37.4511584], [126.6501394, 37.4511866], [126.6499328, 37.4511565], [126.6497977, 37.4511101], [126.6496092, 37.451039], [126.6494206, 37.4508222], [126.6493756, 37.4507253], [126.649388, 37.4506846], [126.6494065, 37.4506537], [126.6494735, 37.4506601], [126.6498411, 37.4501035], [126.6503168, 37.4498771]]]}, "properties": {"osm_type": "way", "osm_id": "568420971", "tags": {"amenity": "parking", "name": "비룡주차장", "name:en": "Biryong Parking Lot"}, "verified_access": false}}, {"type": "Feature", "geometry": {"type": "Polygon", "coordinates": [[[126.6570044, 37.449963], [126.6571889, 37.449887], [126.6570091, 37.4496145], [126.6569857, 37.4496219], [126.6568947, 37.4498184], [126.6570044, 37.449963]]]}, "properties": {"osm_type": "way", "osm_id": "568420972", "tags": {"building": "university", "name": "C호관", "name:en": "Building #C"}, "verified_access": false}}, {"type": "Feature", "geometry": {"type": "Polygon", "coordinates": [[[126.6586823, 37.4485206], [126.6593925, 37.4482124], [126.6592138, 37.4479336], [126.6590798, 37.4479972], [126.6591969, 37.4481794], [126.6586192, 37.4484301], [126.6586823, 37.4485206]]]}, "properties": {"osm_type": "way", "osm_id": "568420973", "tags": {"building": "university", "name": "동아리관", "name:en": "Dong-arigwan(Student Club Hall)"}, "verified_access": false}}, {"type": "Feature", "geometry": {"type": "Polygon", "coordinates": [[[126.6538004, 37.4503562], [126.6537213, 37.450231], [126.6538255, 37.4501894], [126.6538774, 37.4502714], [126.6539047, 37.4503146], [126.6538004, 37.4503562]]]}, "properties": {"osm_type": "way", "osm_id": "575176169", "tags": {"building": "commercial", "building:levels": "3", "name": "Grazie"}, "verified_access": false}}, {"type": "Feature", "geometry": {"type": "LineString", "coordinates": [[126.6482207, 37.4335188], [126.6478398, 37.4341684], [126.6475984, 37.434867], [126.6475528, 37.4351566], [126.6475716, 37.4353973], [126.6476279, 37.43577], [126.6477808, 37.4363472], [126.6483361, 37.438002], [126.6486375, 37.4389627], [126.6487437, 37.4393011], [126.6488869, 37.4397554], [126.6494787, 37.441633], [126.6500258, 37.4433708], [126.6503987, 37.4444717], [126.6505194, 37.4449786], [126.6505435, 37.4453725], [126.6504845, 37.4456664], [126.6503745, 37.4462988], [126.6501224, 37.4473891], [126.6498622, 37.4480429], [126.6493767, 37.4489904], [126.6491917, 37.4492992], [126.6489744, 37.4495739], [126.6485587, 37.4500679], [126.6481563, 37.4504278], [126.6471156, 37.4512178], [126.6463056, 37.4520823], [126.6461796, 37.4522143], [126.6460937, 37.4523186], [126.646032, 37.4524272], [126.6459516, 37.4525869], [126.6451925, 37.4542477], [126.6449189, 37.4547055], [126.6447687, 37.4549078], [126.6445219, 37.4551867], [126.6430441, 37.4570157], [126.6417298, 37.4585295], [126.6411665, 37.4591533], [126.6408446, 37.4594344], [126.6407722, 37.4594983], [126.6404772, 37.4596835], [126.6400802, 37.4599049], [126.6393828, 37.4602562], [126.6389617, 37.4604659], [126.6370849, 37.461239], [126.6369796, 37.4612824], [126.6323045, 37.4632688], [126.6299871, 37.4641544], [126.6295445, 37.4643652], [126.6291583, 37.4646164], [126.6279513, 37.4655957], [126.6274899, 37.4660279], [126.6265485, 37.4669178], [126.6262346, 37.467218], [126.6258296, 37.4675245], [126.6254635, 37.4678266], [126.6244054, 37.468491], [126.6236807, 37.4689305], [126.6215073, 37.4702483], [126.619505, 37.4714649], [126.6190866, 37.4717566], [126.6188318, 37.4720014], [126.6185716, 37.4723803], [126.6183731, 37.4728401], [126.6178232, 37.4743983], [126.6173767, 37.4754605], [126.6173498, 37.4755605], [126.6173364, 37.475667], [126.6173323, 37.4766586], [126.6173267, 37.4769719]]}, "properties": {"osm_type": "way", "osm_id": "626070243", "tags": {"colour": "#F5A200", "construction:railway:etcs": "1", "electrified": "contact_line", "frequency": "60", "gauge": "1435", "layer": "-1", "name": "수인선", "name:en": "Suin Line", "name:ja": "水仁線", "name:ko": "수인선", "name:ko-Hani": "水仁線", "name:zh": "水仁線", "name:zh-Hans": "水仁线", "name:zh-Hant": "水仁線", "oneway": "yes", "operator": "한국철도공사", "operator:en": "Korea Railroad Corporation", "operator:ko": "한국철도공사", "operator:short": "KORAIL", "operator:type": "public", "operator:wikidata": "Q18169", "operator:wikipedia": "en:Korail", "railway": "rail", "railway:ats": "S2", "railway:ctc": "yes", "railway:radio": "lte-r", "ref": "30205", "tracks": "1", "tunnel": "yes", "usage": "main", "voltage": "25000", "workrules": "KR:RSA"}, "verified_access": false}}, {"type": "Feature", "geometry": {"type": "LineString", "coordinates": [[126.6486966, 37.4504752], [126.6485412, 37.4504891], [126.6484395, 37.450582], [126.6482762, 37.4508731], [126.6481284, 37.4510272], [126.6480205, 37.451125], [126.6479435, 37.451284], [126.6478695, 37.4513403], [126.6478264, 37.4514381], [126.6476415, 37.4515849], [126.6474628, 37.4516803], [126.6470931, 37.4517879], [126.646862, 37.4519273], [126.6465817, 37.45203], [126.6464769, 37.4521695]]}, "properties": {"osm_type": "way", "osm_id": "653535230", "tags": {"footway": "sidewalk", "highway": "footway"}, "verified_access": false}}, {"type": "Feature", "geometry": {"type": "Polygon", "coordinates": [[[126.6481621, 37.4490711], [126.6480722, 37.4489485], [126.6486276, 37.4486918], [126.6488096, 37.44894], [126.6486053, 37.4490344], [126.6485132, 37.4489089], [126.6481621, 37.4490711]]]}, "properties": {"osm_type": "way", "osm_id": "653535231", "tags": {"building": "apartments", "building:flats": "140", "building:levels": "32", "height": "94", "name": "118동", "start_date": "2016"}, "verified_access": false}}, {"type": "Feature", "geometry": {"type": "Polygon", "coordinates": [[[126.6473595, 37.4489438], [126.6472569, 37.4488744], [126.6476647, 37.4485584], [126.6478977, 37.4487456], [126.6478173, 37.4488194], [126.6476605, 37.4487059], [126.6473595, 37.4489438]]]}, "properties": {"osm_type": "way", "osm_id": "653535232", "tags": {"building": "apartments", "building:flats": "121", "building:levels": "27", "height": "76", "name": "119동", "start_date": "2016"}, "verified_access": false}}, {"type": "Feature", "geometry": {"type": "Polygon", "coordinates": [[[126.6468256, 37.4484336], [126.6470739, 37.4486175], [126.6470032, 37.4486868], [126.6468436, 37.4485734], [126.6465524, 37.4488256], [126.6464608, 37.4487496], [126.6468256, 37.4484336]]]}, "properties": {"osm_type": "way", "osm_id": "653535233", "tags": {"building": "apartments", "building:flats": "170", "building:levels": "37", "height": "109", "name": "120동", "start_date": "2016"}, "verified_access": false}}, {"type": "Feature", "geometry": {"type": "Polygon", "coordinates": [[[126.6477648, 37.449739], [126.64773, 37.4496395], [126.6482718, 37.44952], [126.6483334, 37.4496959], [126.6482106, 37.449723], [126.6481839, 37.4496467], [126.6477648, 37.449739]]]}, "properties": {"osm_type": "way", "osm_id": "653535234", "tags": {"building": "apartments", "building:flats": "182", "building:levels": "39", "height": "114", "name": "117동", "start_date": "2016"}, "verified_access": false}}, {"type": "Feature", "geometry": {"type": "Polygon", "coordinates": [[[126.6473367, 37.450043], [126.6473144, 37.4499572], [126.6478407, 37.4498711], [126.6479071, 37.4501268], [126.6478083, 37.450143], [126.6477642, 37.4499731], [126.6473367, 37.450043]]]}, "properties": {"osm_type": "way", "osm_id": "653535235", "tags": {"building": "apartments", "building:flats": "146", "building:levels": "40", "height": "119", "name": "116동", "start_date": "2016"}, "verified_access": false}}, {"type": "Feature", "geometry": {"type": "Polygon", "coordinates": [[[126.6469032, 37.450378], [126.6469116, 37.4503604], [126.646895, 37.4502987], [126.6473826, 37.450216], [126.647455, 37.4504852], [126.6473622, 37.4505009], [126.6473105, 37.450309], [126.6469032, 37.450378]]]}, "properties": {"osm_type": "way", "osm_id": "653535236", "tags": {"building": "apartments", "building:flats": "156", "building:levels": "40", "height": "119", "name": "115동", "start_date": "2016"}, "verified_access": false}}, {"type": "Feature", "geometry": {"type": "Polygon", "coordinates": [[[126.6469207, 37.4508676], [126.647032, 37.4508494], [126.6469619, 37.4505796], [126.646442, 37.4506647], [126.6464663, 37.4507583], [126.6468749, 37.4506915], [126.6469207, 37.4508676]]]}, "properties": {"osm_type": "way", "osm_id": "653535237", "tags": {"building": "apartments", "building:flats": "156", "building:levels": "40", "height": "119", "name": "114동", "start_date": "2016"}, "verified_access": false}}, {"type": "Feature", "geometry": {"type": "Polygon", "coordinates": [[[126.6460041, 37.4511577], [126.6459778, 37.4510705], [126.6465041, 37.4509704], [126.6465911, 37.4512588], [126.6464906, 37.4512779], [126.6464299, 37.4510767], [126.6460041, 37.4511577]]]}, "properties": {"osm_type": "way", "osm_id": "653535238", "tags": {"building": "apartments", "building:flats": "156", "building:levels": "40", "height": "119", "name": "113동", "start_date": "2016"}, "verified_access": false}}, {"type": "Feature", "geometry": {"type": "Polygon", "coordinates": [[[126.6456317, 37.4515465], [126.6456067, 37.4514594], [126.6460966, 37.4513708], [126.6461671, 37.4516164], [126.6460453, 37.4516384], [126.6459998, 37.4514798], [126.6456317, 37.4515465]]]}, "properties": {"osm_type": "way", "osm_id": "653535239", "tags": {"building": "apartments", "building:flats": "156", "building:levels": "40", "height": "117", "name": "112동", "start_date": "2016"}, "verified_access": false}}, {"type": "Feature", "geometry": {"type": "Polygon", "coordinates": [[[126.6454324, 37.4519444], [126.6454021, 37.4518542], [126.6457031, 37.4517906], [126.6457756, 37.4520066], [126.6456895, 37.4520248], [126.6456473, 37.4518989], [126.6454324, 37.4519444]]]}, "properties": {"osm_type": "way", "osm_id": "653535240", "tags": {"building": "apartments", "building:flats": "73", "building:levels": "25", "height": "74", "name": "111동", "start_date": "2016"}, "verified_access": false}}, {"type": "Feature", "geometry": {"type": "Polygon", "coordinates": [[[126.6448072, 37.4521176], [126.644772, 37.4520393], [126.6453166, 37.4518852], [126.6453517, 37.4519635], [126.6448072, 37.4521176]]]}, "properties": {"osm_type": "way", "osm_id": "653535241", "tags": {"building": "apartments", "building:flats": "96", "building:levels": "25", "height": "74", "name": "110동", "start_date": "2016"}, "verified_access": false}}, {"type": "Feature", "geometry": {"type": "LineString", "coordinates": [[126.6487251, 37.4484716], [126.6483743, 37.4487585], [126.6480875, 37.4487206], [126.6477911, 37.4489786], [126.6478851, 37.4490874], [126.64796, 37.4492063], [126.6479218, 37.4493176], [126.6478357, 37.4494821], [126.6476244, 37.4497195], [126.6475032, 37.4497613], [126.6473227, 37.4498514], [126.6470582, 37.4500058], [126.6468287, 37.4501651], [126.646651, 37.450321], [126.6466152, 37.4503524], [126.646389, 37.4506306], [126.646201, 37.4508381], [126.645844, 37.4510911], [126.6458055, 37.4511002], [126.6456618, 37.4511342], [126.6455126, 37.4511695], [126.6452641, 37.4511998], [126.6450028, 37.4511214], [126.6448084, 37.4509089], [126.6447747, 37.450647], [126.6447361, 37.450583]]}, "properties": {"osm_type": "way", "osm_id": "653535242", "tags": {"footway": "sidewalk", "highway": "footway"}, "verified_access": false}}, {"type": "Feature", "geometry": {"type": "LineString", "coordinates": [[126.6479218, 37.4493176], [126.6482805, 37.4491718], [126.6494938, 37.4486711]]}, "properties": {"osm_type": "way", "osm_id": "653535243", "tags": {"footway": "sidewalk", "highway": "footway"}, "verified_access": false}}, {"type": "Feature", "geometry": {"type": "LineString", "coordinates": [[126.6479218, 37.4493176], [126.6472955, 37.4495822], [126.6465404, 37.4499011], [126.6447747, 37.450647], [126.6440373, 37.4509215], [126.6438939, 37.4510013]]}, "properties": {"osm_type": "way", "osm_id": "653535244", "tags": {"footway": "sidewalk", "highway": "footway"}, "verified_access": false}}, {"type": "Feature", "geometry": {"type": "Polygon", "coordinates": [[[126.6451493, 37.4506681], [126.6455199, 37.4510031], [126.645405, 37.4510832], [126.6451445, 37.4508477], [126.6449394, 37.4509907], [126.6448293, 37.4508912], [126.6451493, 37.4506681]]]}, "properties": {"osm_type": "way", "osm_id": "653535245", "tags": {"building": "apartments", "building:flats": "123", "building:levels": "25", "height": "74", "name": "126동", "start_date": "2016"}, "verified_access": false}}, {"type": "Feature", "geometry": {"type": "Polygon", "coordinates": [[[126.6448189, 37.4499121], [126.6452657, 37.4502371], [126.6451571, 37.4503311], [126.6448338, 37.4500959], [126.6446079, 37.4502915], [126.6444845, 37.4502018], [126.6448189, 37.4499121]]]}, "properties": {"osm_type": "way", "osm_id": "653535246", "tags": {"building": "apartments", "building:flats": "192", "building:levels": "40", "height": "117", "name": "125동", "start_date": "2016"}, "verified_access": false}}, {"type": "Feature", "geometry": {"type": "Polygon", "coordinates": [[[126.6453303, 37.4482504], [126.6455685, 37.4480546], [126.6459941, 37.4483807], [126.6458865, 37.4484693], [126.6455876, 37.4482402], [126.6454571, 37.4483476], [126.6453303, 37.4482504]]]}, "properties": {"osm_type": "way", "osm_id": "653535247", "tags": {"building": "apartments", "building:flats": "193", "building:levels": "40", "height": "113", "name": "101동", "start_date": "2016"}, "verified_access": false}}, {"type": "Feature", "geometry": {"type": "Polygon", "coordinates": [[[126.644791, 37.4477875], [126.6451985, 37.4481232], [126.6450941, 37.4482031], [126.6448095, 37.4479686], [126.6446695, 37.4480757], [126.6445466, 37.4479745], [126.644791, 37.4477875]]]}, "properties": {"osm_type": "way", "osm_id": "653535248", "tags": {"building": "apartments", "building:flats": "164", "building:levels": "36", "height": "106", "name": "102동", "start_date": "2016"}, "verified_access": false}}, {"type": "Feature", "geometry": {"type": "Polygon", "coordinates": [[[126.648953, 37.4483056], [126.649034, 37.4479372], [126.6493967, 37.4479874], [126.6493158, 37.4483558], [126.648953, 37.4483056]]]}, "properties": {"osm_type": "way", "osm_id": "653535251", "tags": {"building": "commercial", "building:levels": "13", "height": "54", "name": "비젼프라자", "smoking": "no", "start_date": "2016"}, "verified_access": false}}, {"type": "Feature", "geometry": {"type": "LineString", "coordinates": [[126.6447361, 37.450583], [126.6446977, 37.4505429], [126.6446267, 37.4504485], [126.6443718, 37.4503473], [126.6440882, 37.4502208], [126.6440217, 37.4500568], [126.643999, 37.4500007], [126.6440022, 37.4498641], [126.6439639, 37.4497528], [126.643811, 37.4495883], [126.6437345, 37.449515], [126.6436962, 37.4493834], [126.6437249, 37.4492493], [126.6437408, 37.4489786], [126.6436835, 37.4487332], [126.6435273, 37.4485486], [126.6432947, 37.4483942], [126.643043, 37.4482779], [126.6431641, 37.4481716], [126.6435305, 37.4480653], [126.6438715, 37.4480426], [126.6443846, 37.4480729], [126.644888, 37.4481918], [126.6452067, 37.4483462], [126.6456146, 37.448503], [126.6458472, 37.4486017], [126.6459524, 37.4487383], [126.6461404, 37.4487965], [126.6462577, 37.4488648], [126.6464611, 37.4489091], [126.6465477, 37.448928], [126.6469492, 37.448971], [126.6470894, 37.448971], [126.647526, 37.4489432], [126.6477911, 37.4489786]]}, "properties": {"osm_type": "way", "osm_id": "653535256", "tags": {"footway": "sidewalk", "highway": "footway"}, "verified_access": false}}, {"type": "Feature", "geometry": {"type": "Polygon", "coordinates": [[[126.6467504, 37.4492768], [126.6464994, 37.4490932], [126.6461204, 37.4494197], [126.6462125, 37.449487], [126.6464737, 37.449262], [126.6466326, 37.4493782], [126.6467504, 37.4492768]]]}, "properties": {"osm_type": "way", "osm_id": "653535258", "tags": {"building": "apartments", "building:flats": "185", "building:levels": "39", "height": "114", "name": "121동", "start_date": "2016"}, "verified_access": false}}, {"type": "Feature", "geometry": {"type": "Polygon", "coordinates": [[[126.6455732, 37.4490332], [126.6458383, 37.4492278], [126.6457313, 37.4493197], [126.645585, 37.4492123], [126.6452764, 37.4494774], [126.6451575, 37.4493901], [126.6455732, 37.4490332]]]}, "properties": {"osm_type": "way", "osm_id": "653535259", "tags": {"building": "apartments", "building:flats": "184", "building:levels": "40", "height": "117", "name": "122동", "start_date": "2016"}, "verified_access": false}}, {"type": "Feature", "geometry": {"type": "LineString", "coordinates": [[126.6458055, 37.4511002], [126.6452735, 37.4506552]]}, "properties": {"osm_type": "way", "osm_id": "653537031", "tags": {"footway": "sidewalk", "highway": "footway"}, "verified_access": false}}, {"type": "Feature", "geometry": {"type": "LineString", "coordinates": [[126.6456618, 37.4511342], [126.6455006, 37.4514681], [126.6454667, 37.451725], [126.6450707, 37.4518132], [126.6448437, 37.4519435], [126.6446215, 37.4519972], [126.644403, 37.4521497]]}, "properties": {"osm_type": "way", "osm_id": "653537032", "tags": {"footway": "sidewalk", "highway": "footway"}, "verified_access": false}}, {"type": "Feature", "geometry": {"type": "LineString", "coordinates": [[126.6482805, 37.4491718], [126.6484469, 37.4494511], [126.6483631, 37.4496511], [126.6483425, 37.449702], [126.6482437, 37.4498007], [126.6481975, 37.4498491], [126.6479601, 37.4500977], [126.6478535, 37.4502018], [126.6473882, 37.450656], [126.6472104, 37.45081], [126.6470058, 37.4509874], [126.6468557, 37.4511055], [126.6462307, 37.451597], [126.6458593, 37.4519664], [126.645628, 37.4522245]]}, "properties": {"osm_type": "way", "osm_id": "653537033", "tags": {"footway": "sidewalk", "highway": "footway"}, "verified_access": false}}, {"type": "Feature", "geometry": {"type": "LineString", "coordinates": [[126.646201, 37.4508381], [126.6463501, 37.4508963], [126.6467771, 37.4508356], [126.6468557, 37.4511055]]}, "properties": {"osm_type": "way", "osm_id": "653537034", "tags": {"footway": "sidewalk", "highway": "footway"}, "verified_access": false}}, {"type": "Feature", "geometry": {"type": "LineString", "coordinates": [[126.646651, 37.450321], [126.6468249, 37.450446], [126.6470989, 37.4504156], [126.6472104, 37.45081]]}, "properties": {"osm_type": "way", "osm_id": "653537035", "tags": {"footway": "sidewalk", "highway": "footway"}, "verified_access": false}}, {"type": "Feature", "geometry": {"type": "LineString", "coordinates": [[126.6470582, 37.4500058], [126.647322, 37.4500969], [126.6475578, 37.450069], [126.6478535, 37.4502018]]}, "properties": {"osm_type": "way", "osm_id": "653537036", "tags": {"footway": "sidewalk", "highway": "footway"}, "verified_access": false}}, {"type": "Feature", "geometry": {"type": "LineString", "coordinates": [[126.6476244, 37.4497195], [126.6481975, 37.4498491]]}, "properties": {"osm_type": "way", "osm_id": "653537037", "tags": {"footway": "sidewalk", "highway": "footway"}, "verified_access": false}}, {"type": "Feature", "geometry": {"type": "LineString", "coordinates": [[126.6475032, 37.4497613], [126.6472955, 37.4495822]]}, "properties": {"osm_type": "way", "osm_id": "653537038", "tags": {"footway": "sidewalk", "highway": "footway"}, "verified_access": false}}, {"type": "Feature", "geometry": {"type": "LineString", "coordinates": [[126.6468287, 37.4501651], [126.6465404, 37.4499011]]}, "properties": {"osm_type": "way", "osm_id": "653537039", "tags": {"footway": "sidewalk", "highway": "footway"}, "verified_access": false}}, {"type": "Feature", "geometry": {"type": "LineString", "coordinates": [[126.6440217, 37.4500568], [126.6458976, 37.4493708], [126.6465404, 37.4499011]]}, "properties": {"osm_type": "way", "osm_id": "653537040", "tags": {"footway": "sidewalk", "highway": "footway"}, "verified_access": false}}, {"type": "Feature", "geometry": {"type": "LineString", "coordinates": [[126.6480875, 37.4487206], [126.6477476, 37.4485014], [126.6474072, 37.4485392], [126.6468508, 37.4483852], [126.6465543, 37.4484259], [126.6461404, 37.4487965]]}, "properties": {"osm_type": "way", "osm_id": "653537041", "tags": {"footway": "sidewalk", "highway": "footway"}, "verified_access": false}}, {"type": "Feature", "geometry": {"type": "LineString", "coordinates": [[126.6458976, 37.4493708], [126.6459649, 37.4492686], [126.6459686, 37.4491495], [126.6458588, 37.4490507]]}, "properties": {"osm_type": "way", "osm_id": "653537042", "tags": {"footway": "sidewalk", "highway": "footway"}, "verified_access": false}}, {"type": "Feature", "geometry": {"type": "LineString", "coordinates": [[126.6458588, 37.4490507], [126.6461404, 37.4487965]]}, "properties": {"osm_type": "way", "osm_id": "653537043", "tags": {"footway": "sidewalk", "highway": "footway"}, "verified_access": false}}, {"type": "Feature", "geometry": {"type": "LineString", "coordinates": [[126.6472955, 37.4495822], [126.6464611, 37.4489091]]}, "properties": {"osm_type": "way", "osm_id": "653537044", "tags": {"footway": "sidewalk", "highway": "footway"}, "verified_access": false}}, {"type": "Feature", "geometry": {"type": "LineString", "coordinates": [[126.6490715, 37.4378523], [126.6495114, 37.4385508], [126.650241, 37.4394581], [126.6503805, 37.4398201], [126.6506111, 37.4405101], [126.650697, 37.440902], [126.6509115, 37.4416431], [126.6509813, 37.4421329], [126.6506809, 37.4438323], [126.6503805, 37.4448544], [126.6499299, 37.4476313], [126.6495061, 37.4485725], [126.6490144, 37.4494203], [126.6483986, 37.4500778], [126.6471877, 37.4510933], [126.6465493, 37.4516895], [126.6460665, 37.4522261], [126.6456481, 37.4531204], [126.6451868, 37.4541382], [126.6447791, 37.454794], [126.6439742, 37.4557722], [126.6421827, 37.4579494], [126.6409811, 37.4592652], [126.6396212, 37.4601552]]}, "properties": {"osm_type": "way", "osm_id": "653873200", "tags": {"name": "동양화학선", "name:ko": "동양화학선", "name:zh": "东洋化学线", "railway": "razed", "usage": "industrial"}, "verified_access": false}}, {"type": "Feature", "geometry": {"type": "LineString", "coordinates": [[126.6576755, 37.4534535], [126.6583673, 37.4536863], [126.658646, 37.4538366]]}, "properties": {"osm_type": "way", "osm_id": "665737674", "tags": {"highway": "trunk_link", "oneway": "yes"}, "verified_access": false}}, {"type": "Feature", "geometry": {"type": "LineString", "coordinates": [[126.6439742, 37.4557722], [126.6452058, 37.4563568], [126.645489, 37.4565142], [126.6456659, 37.4566827], [126.6457933, 37.4568794], [126.6459624, 37.4571708]]}, "properties": {"osm_type": "way", "osm_id": "693997301", "tags": {"highway": "residential", "name": "낙섬동로", "name:en": "Nakseomdong-ro", "name:ko": "낙섬동로"}, "verified_access": false}}, {"type": "Feature", "geometry": {"type": "LineString", "coordinates": [[126.6459624, 37.4571708], [126.6464268, 37.456986], [126.6474159, 37.4565925], [126.6483007, 37.4562405], [126.6492392, 37.4558671], [126.6496899, 37.4556878]]}, "properties": {"osm_type": "way", "osm_id": "693997304", "tags": {"highway": "residential", "name": "독배로403번길", "name:en": "Dokbae-ro 403beon-gil", "name:ko": "독배로403번길"}, "verified_access": false}}, {"type": "Feature", "geometry": {"type": "Polygon", "coordinates": [[[126.6458766, 37.4507049], [126.6455513, 37.4504261], [126.6459489, 37.450297], [126.6461761, 37.450463], [126.6458766, 37.4507049]]]}, "properties": {"osm_type": "way", "osm_id": "712204758", "tags": {"name": "점박이 물범가족", "natural": "water", "water": "lake"}, "verified_access": false}}, {"type": "Feature", "geometry": {"type": "LineString", "coordinates": [[126.6628126, 37.4495747], [126.6625681, 37.4489835], [126.6625612, 37.4489669], [126.6623667, 37.4484965], [126.6623622, 37.4484849], [126.662179, 37.4480131]]}, "properties": {"osm_type": "way", "osm_id": "719647535", "tags": {"highway": "service", "name": "인하로134번길", "name:en": "Inha-ro 134beon-gil", "name:ko": "인하로134번길"}, "verified_access": false}}, {"type": "Feature", "geometry": {"type": "LineString", "coordinates": [[126.664547, 37.4532473], [126.6642359, 37.4526413], [126.6639843, 37.4521508], [126.6639384, 37.4520614], [126.6636999, 37.4515969]]}, "properties": {"osm_type": "way", "osm_id": "719647536", "tags": {"highway": "service", "name": "인주대로252번길", "name:en": "Inju-daero 252beon-gil", "name:ko": "인주대로252번길"}, "verified_access": false}}, {"type": "Feature", "geometry": {"type": "LineString", "coordinates": [[126.6502225, 37.45743], [126.6507742, 37.4569816], [126.6508434, 37.4564046]]}, "properties": {"osm_type": "way", "osm_id": "719647537", "tags": {"highway": "service", "name": "인주대로123번길", "name:en": "Inju-daero 123beon-gil", "name:ko": "인주대로123번길"}, "verified_access": false}}, {"type": "Feature", "geometry": {"type": "LineString", "coordinates": [[126.6641477, 37.4480366], [126.6640574, 37.4472904]]}, "properties": {"osm_type": "way", "osm_id": "720084835", "tags": {"highway": "service", "name": "재넘이길61번길", "name:en": "Jaeneomi-gil 61beon-gil", "name:ko": "재넘이길61번길"}, "verified_access": false}}, {"type": "Feature", "geometry": {"type": "LineString", "coordinates": [[126.6613536, 37.4499657], [126.6611085, 37.4493839], [126.6609042, 37.4488976], [126.660706, 37.4484259]]}, "properties": {"osm_type": "way", "osm_id": "720084836", "tags": {"highway": "service", "name": "인하로120번길", "name:en": "Inha-ro 120beon-gil", "name:ko": "인하로120번길"}, "verified_access": false}}, {"type": "Feature", "geometry": {"type": "LineString", "coordinates": [[126.6601431, 37.4509484], [126.6616534, 37.4505408], [126.6630602, 37.4501612], [126.664536, 37.4497629]]}, "properties": {"osm_type": "way", "osm_id": "720084837", "tags": {"highway": "service", "name": "한나루로477번길", "name:en": "Hannaru-ro 477beon-gil", "name:ko": "한나루로477번길"}, "verified_access": false}}, {"type": "Feature", "geometry": {"type": "LineString", "coordinates": [[126.6649997, 37.4472263], [126.665184, 37.4472472], [126.6654421, 37.4472894]]}, "properties": {"osm_type": "way", "osm_id": "731224470", "tags": {"highway": "service", "noname": "yes"}, "verified_access": false}}, {"type": "Feature", "geometry": {"type": "LineString", "coordinates": [[126.6646386, 37.4472444], [126.6649997, 37.4472263]]}, "properties": {"osm_type": "way", "osm_id": "731224471", "tags": {"highway": "service", "name": "재넘이길51번길", "name:en": "Jaeneomi-gil 51beon-gil", "name:ko": "재넘이길51번길"}, "verified_access": false}}, {"type": "Feature", "geometry": {"type": "LineString", "coordinates": [[126.6648232, 37.4455758], [126.6642577, 37.4450424], [126.6640833, 37.4448907]]}, "properties": {"osm_type": "way", "osm_id": "731224472", "tags": {"highway": "service", "name": "한나루로421번길", "name:en": "Hannaru-ro 421beon-gil", "name:ko": "한나루로421번길"}, "verified_access": false}}, {"type": "Feature", "geometry": {"type": "LineString", "coordinates": [[126.6643552, 37.4446214], [126.6644357, 37.4445746], [126.6646522, 37.4444735], [126.6651787, 37.4442232]]}, "properties": {"osm_type": "way", "osm_id": "731224473", "tags": {"highway": "service", "name": "한나루로411번길", "name:en": "Hannaru-ro 411beon-gil", "name:ko": "한나루로411번길"}, "verified_access": false}}, {"type": "Feature", "geometry": {"type": "LineString", "coordinates": [[126.659824, 37.4464052], [126.6597127, 37.4462645], [126.6595879, 37.4460841], [126.6595206, 37.4459783], [126.6592422, 37.4455405], [126.6589536, 37.4450868]]}, "properties": {"osm_type": "way", "osm_id": "731224474", "tags": {"highway": "service", "name": "소성로87번길", "name:en": "Soseong-ro 87beon-gil", "name:ko": "소성로87번길"}, "verified_access": false}}, {"type": "Feature", "geometry": {"type": "LineString", "coordinates": [[126.6632093, 37.448343], [126.6630789, 37.4480375]]}, "properties": {"osm_type": "way", "osm_id": "731224475", "tags": {"highway": "service", "name": "재넘이길", "name:en": "Jaeneomi-gil", "name:ko": "재넘이길"}, "verified_access": false}}, {"type": "Feature", "geometry": {"type": "LineString", "coordinates": [[126.660172, 37.4490979], [126.66057, 37.448989]]}, "properties": {"osm_type": "way", "osm_id": "731224476", "tags": {"highway": "service", "noname": "yes"}, "verified_access": false}}, {"type": "Feature", "geometry": {"type": "LineString", "coordinates": [[126.6609042, 37.4488976], [126.6623622, 37.4484849]]}, "properties": {"osm_type": "way", "osm_id": "731224477", "tags": {"highway": "service", "name": "인하로134번길", "name:en": "Inha-ro 134beon-gil", "name:ko": "인하로134번길"}, "verified_access": false}}, {"type": "Feature", "geometry": {"type": "LineString", "coordinates": [[126.66057, 37.448989], [126.6609042, 37.4488976]]}, "properties": {"osm_type": "way", "osm_id": "731224478", "tags": {"highway": "service", "name": "인하로120번길", "name:en": "Inha-ro 120beon-gil", "name:ko": "인하로120번길"}, "verified_access": false}}, {"type": "Feature", "geometry": {"type": "LineString", "coordinates": [[126.660833, 37.4524851], [126.6605832, 37.4519929]]}, "properties": {"osm_type": "way", "osm_id": "731224479", "tags": {"highway": "service", "name": "인하로105번길", "name:en": "Inha-ro 105beon-gil", "name:ko": "인하로105번길"}, "verified_access": false}}, {"type": "Feature", "geometry": {"type": "LineString", "coordinates": [[126.66078, 37.4563409], [126.6611286, 37.4563365]]}, "properties": {"osm_type": "way", "osm_id": "731224494", "tags": {"highway": "service", "noname": "yes"}, "verified_access": false}}, {"type": "Feature", "geometry": {"type": "LineString", "coordinates": [[126.6611756, 37.4560934], [126.6614198, 37.45614], [126.661468, 37.4561492], [126.6616899, 37.4562188], [126.6618517, 37.456262], [126.6621601, 37.456328], [126.6624148, 37.4564], [126.6627234, 37.4564707], [126.6629348, 37.4565084], [126.6630129, 37.4565214], [126.6640161, 37.4567258], [126.6640715, 37.4568127]]}, "properties": {"osm_type": "way", "osm_id": "731224496", "tags": {"highway": "service", "name": "수봉로130번길", "name:en": "Subong-ro 130beon-gil", "name:ko": "수봉로130번길"}, "verified_access": false}}, {"type": "Feature", "geometry": {"type": "LineString", "coordinates": [[126.654489, 37.4588447], [126.6550337, 37.4578449], [126.6550898, 37.4577439], [126.6554598, 37.4571239], [126.6555807, 37.4569434], [126.6556424, 37.4568923], [126.6558944, 37.4566321], [126.6559642, 37.4565942], [126.656042, 37.4565559]]}, "properties": {"osm_type": "way", "osm_id": "731224509", "tags": {"highway": "service", "name": "수봉남로5번길", "name:en": "Subongnam-ro 5beon-gil", "name:ko": "수봉남로5번길"}, "verified_access": false}}, {"type": "Feature", "geometry": {"type": "LineString", "coordinates": [[126.655873, 37.4539923], [126.6561751, 37.4540449]]}, "properties": {"osm_type": "way", "osm_id": "731224523", "tags": {"highway": "service", "noname": "yes"}, "verified_access": false}}, {"type": "Feature", "geometry": {"type": "LineString", "coordinates": [[126.6571068, 37.4542414], [126.6571541, 37.4542598], [126.6573275, 37.4543273], [126.6573858, 37.45435], [126.6576764, 37.4545271]]}, "properties": {"osm_type": "way", "osm_id": "731224524", "tags": {"highway": "service", "noname": "yes"}, "verified_access": false}}, {"type": "Feature", "geometry": {"type": "LineString", "coordinates": [[126.6555565, 37.4539497], [126.655873, 37.4539923]]}, "properties": {"osm_type": "way", "osm_id": "731224525", "tags": {"highway": "service", "name": "비룡길29번길", "name:en": "Biryong-gil 29beon-gil", "name:ko": "비룡길29번길"}, "verified_access": false}}, {"type": "Feature", "geometry": {"type": "LineString", "coordinates": [[126.656566, 37.454759], [126.6563974, 37.4544852]]}, "properties": {"osm_type": "way", "osm_id": "731224526", "tags": {"highway": "service", "noname": "yes"}, "verified_access": false}}, {"type": "Feature", "geometry": {"type": "LineString", "coordinates": [[126.6563974, 37.4544852], [126.6564363, 37.4544713], [126.6564738, 37.4544522], [126.6565302, 37.4544266], [126.6571068, 37.4542414]]}, "properties": {"osm_type": "way", "osm_id": "731224527", "tags": {"highway": "service", "name": "비룡길23번길", "name:en": "Biryong-gil 23beon-gil", "name:ko": "비룡길23번길"}, "verified_access": false}}, {"type": "Feature", "geometry": {"type": "LineString", "coordinates": [[126.6546834, 37.4543239], [126.6546313, 37.4539362], [126.6546096, 37.4537747], [126.6545444, 37.4534584]]}, "properties": {"osm_type": "way", "osm_id": "731224528", "tags": {"highway": "service", "name": "비룡길41번길", "name:en": "Biryong-gil 41beon-gil", "name:ko": "비룡길41번길"}, "verified_access": false}}, {"type": "Feature", "geometry": {"type": "LineString", "coordinates": [[126.6518524, 37.454103], [126.6533791, 37.4535226]]}, "properties": {"osm_type": "way", "osm_id": "731224529", "tags": {"highway": "service", "name": "비룡길78번길", "name:en": "Biryong-gil 78beon-gil", "name:ko": "비룡길78번길"}, "verified_access": false}}, {"type": "Feature", "geometry": {"type": "LineString", "coordinates": [[126.6542821, 37.45398], [126.6542177, 37.4539881]]}, "properties": {"osm_type": "way", "osm_id": "731224530", "tags": {"highway": "service", "name": "비룡길", "name:en": "Biryong-gil", "name:ko": "비룡길"}, "verified_access": false}}, {"type": "Feature", "geometry": {"type": "LineString", "coordinates": [[126.6546313, 37.4539362], [126.6542821, 37.45398]]}, "properties": {"osm_type": "way", "osm_id": "731224531", "tags": {"highway": "service", "noname": "yes"}, "verified_access": false}}, {"type": "Feature", "geometry": {"type": "LineString", "coordinates": [[126.6556916, 37.4533355], [126.655586, 37.4535153], [126.6555324, 37.453609], [126.6554144, 37.4537389], [126.6551541, 37.4539408], [126.6549155, 37.4541179], [126.6546834, 37.4543239]]}, "properties": {"osm_type": "way", "osm_id": "731224532", "tags": {"highway": "service", "name": "비룡길39번길", "name:en": "Biryong-gil 39beon-gil", "name:ko": "비룡길39번길"}, "verified_access": false}}, {"type": "Feature", "geometry": {"type": "LineString", "coordinates": [[126.6518585, 37.454821], [126.651839, 37.4548333], [126.6517344, 37.454861], [126.651619, 37.4548653], [126.6515063, 37.4548563]]}, "properties": {"osm_type": "way", "osm_id": "731224533", "tags": {"highway": "service", "noname": "yes"}, "verified_access": false}}, {"type": "Feature", "geometry": {"type": "LineString", "coordinates": [[126.6519329, 37.4542563], [126.6515304, 37.4544475], [126.6514876, 37.4544863], [126.6514675, 37.4545704], [126.651493, 37.4547865], [126.6515063, 37.4548563], [126.651399, 37.4548734]]}, "properties": {"osm_type": "way", "osm_id": "731224534", "tags": {"highway": "service", "name": "인주대로128번길", "name:en": "Inju-daero 128beon-gil", "name:ko": "인주대로128번길"}, "verified_access": false}}, {"type": "Feature", "geometry": {"type": "LineString", "coordinates": [[126.6519329, 37.4542563], [126.652067, 37.4545373], [126.6530648, 37.4544649], [126.6530325, 37.4541918]]}, "properties": {"osm_type": "way", "osm_id": "731224535", "tags": {"highway": "service", "name": "비룡길56번길", "name:en": "Biryong-gil 56beon-gil", "name:ko": "비룡길56번길"}, "verified_access": false}}, {"type": "Feature", "geometry": {"type": "LineString", "coordinates": [[126.6511041, 37.4529766], [126.6512087, 37.4531555], [126.6514152, 37.4534599]]}, "properties": {"osm_type": "way", "osm_id": "731224536", "tags": {"highway": "service", "name": "독배로382번길", "name:en": "Dokbae-ro 382beon-gil", "name:ko": "독배로382번길"}, "verified_access": false}}, {"type": "Feature", "geometry": {"type": "LineString", "coordinates": [[126.6516004, 37.4540328], [126.6516191, 37.4539944], [126.6515931, 37.453831], [126.6515926, 37.4537434]]}, "properties": {"osm_type": "way", "osm_id": "731224537", "tags": {"highway": "service", "noname": "yes"}, "verified_access": false}}, {"type": "Feature", "geometry": {"type": "LineString", "coordinates": [[126.6508557, 37.4546872], [126.6507715, 37.4547162], [126.6504308, 37.45473], [126.6502297, 37.4547396]]}, "properties": {"osm_type": "way", "osm_id": "731224538", "tags": {"highway": "service", "name": "독배로404번길", "name:en": "Dokbae-ro 404beon-gil", "name:ko": "독배로404번길"}, "verified_access": false}}, {"type": "Feature", "geometry": {"type": "LineString", "coordinates": [[126.6509002, 37.4551378], [126.6513752, 37.4551479]]}, "properties": {"osm_type": "way", "osm_id": "731224539", "tags": {"highway": "service", "noname": "yes"}, "verified_access": false}}, {"type": "Feature", "geometry": {"type": "LineString", "coordinates": [[126.6492062, 37.4529733], [126.6493768, 37.4523896], [126.6493821, 37.4523213]]}, "properties": {"osm_type": "way", "osm_id": "731224540", "tags": {"highway": "service", "name": "독배로376번길", "name:en": "Dokbae-ro 376beon-gil", "name:ko": "독배로376번길"}, "verified_access": false}}, {"type": "Feature", "geometry": {"type": "LineString", "coordinates": [[126.6540685, 37.4559084], [126.6537098, 37.4559692]]}, "properties": {"osm_type": "way", "osm_id": "731224541", "tags": {"highway": "service", "name": "인주대로154번길", "name:en": "Inju-daero 154beon-gil", "name:ko": "인주대로154번길"}, "verified_access": false}}, {"type": "Feature", "geometry": {"type": "LineString", "coordinates": [[126.6493598, 37.4471815], [126.648292, 37.4469539], [126.6481582, 37.4469254], [126.6466761, 37.4466096], [126.6450793, 37.4462693], [126.6441603, 37.4460735], [126.6431803, 37.4458646]]}, "properties": {"osm_type": "way", "osm_id": "731804508", "tags": {"highway": "residential", "name": "용정공원로83번길", "name:en": "Yongjeonggongwon-ro 83beon-gil", "name:ko": "용정공원로83번길"}, "verified_access": false}}, {"type": "Feature", "geometry": {"type": "Polygon", "coordinates": [[[126.660496, 37.4484825], [126.660706, 37.4484259], [126.6605818, 37.4481263], [126.6603761, 37.4481859], [126.660496, 37.4484825]]]}, "properties": {"osm_type": "way", "osm_id": "782271763", "tags": {"amenity": "parking", "building": "parking", "name": "재넘이공영주차장", "parking": "multi-storey"}, "verified_access": false}}, {"type": "Feature", "geometry": {"type": "Polygon", "coordinates": [[[126.6554863, 37.450588], [126.6554439, 37.4505359], [126.6552973, 37.4503334], [126.6553817, 37.4502984], [126.655328, 37.4502217], [126.6554589, 37.4501682], [126.655696, 37.4504962], [126.6554863, 37.450588]]]}, "properties": {"osm_type": "way", "osm_id": "797050851", "tags": {"building": "yes"}, "verified_access": false}}, {"type": "Feature", "geometry": {"type": "LineString", "coordinates": [[126.6173982, 37.4758745], [126.6174, 37.4756592], [126.6174071, 37.4756002], [126.6174107, 37.4755698], [126.6174375, 37.4754761], [126.6178841, 37.474416], [126.6184286, 37.4728557], [126.6186351, 37.472398], [126.6188899, 37.4720298], [126.6191287, 37.4717977], [126.6195417, 37.4715039], [126.6215547, 37.4702958], [126.6244546, 37.4685287], [126.6248879, 37.4682525], [126.6253144, 37.467987], [126.6255046, 37.4678686], [126.6258727, 37.4675598], [126.6262789, 37.4672501], [126.6265927, 37.4669481], [126.6275342, 37.466066], [126.6280013, 37.465639], [126.6292047, 37.4646558], [126.6295798, 37.4644086], [126.6300116, 37.4642007], [126.6323333, 37.463313], [126.6369922, 37.461323], [126.6387981, 37.4605823], [126.6389734, 37.4605104], [126.6393976, 37.4603015], [126.640084, 37.459961], [126.6401337, 37.4599363], [126.6405169, 37.4597229], [126.6408048, 37.4595348], [126.6408766, 37.4594752], [126.641212, 37.4591831], [126.641232, 37.4591608], [126.641769, 37.458562], [126.6430878, 37.4570504], [126.6445643, 37.455217], [126.6448036, 37.4549396], [126.6449685, 37.4547196], [126.6452483, 37.4542592], [126.6460125, 37.4525941], [126.646086, 37.4524329], [126.6461413, 37.4523343], [126.6462245, 37.4522321], [126.6463398, 37.4521128], [126.6471471, 37.4512505], [126.6481878, 37.4504627], [126.6486009, 37.4500964], [126.6490247, 37.4495981], [126.6492409, 37.4493193], [126.6494246, 37.4490102], [126.6499083, 37.4480655], [126.6500767, 37.4476431], [126.6501713, 37.4474001], [126.650425, 37.4463095], [126.6505416, 37.4456752], [126.650602, 37.4453809], [126.650576, 37.4449735], [126.6504605, 37.4444589], [126.6500841, 37.443361], [126.649545, 37.4416253], [126.6487993, 37.4392912], [126.6483901, 37.4379909], [126.6483599, 37.4379005], [126.6478337, 37.4363266], [126.647695, 37.4357796], [126.6476246, 37.4353853], [126.6476138, 37.4351638], [126.6476477, 37.4348824], [126.6478874, 37.4341815], [126.6482627, 37.4335394]]}, "properties": {"osm_type": "way", "osm_id": "846867975", "tags": {"colour": "#F5A200", "construction:railway:etcs": "1", "electrified": "contact_line", "frequency": "60", "gauge": "1435", "layer": "-2", "name": "수인선", "name:en": "Suin Line", "name:ja": "水仁線", "name:ko": "수인선", "name:ko-Hani": "水仁線", "name:zh": "水仁線", "name:zh-Hans": "水仁线", "name:zh-Hant": "水仁線", "oneway": "yes", "operator": "한국철도공사", "operator:en": "Korea Railroad Corporation", "operator:ko": "한국철도공사", "operator:short": "KORAIL", "operator:type": "public", "operator:wikidata": "Q18169", "operator:wikipedia": "en:Korail", "railway": "rail", "railway:ats": "S2", "railway:ctc": "yes", "railway:radio": "lte-r", "ref": "30205", "tracks": "1", "tunnel": "yes", "usage": "main", "voltage": "25000", "workrules": "KR:RSA"}, "verified_access": false}}, {"type": "Feature", "geometry": {"type": "Polygon", "coordinates": [[[126.6589102, 37.4535], [126.65899, 37.4535716], [126.6591126, 37.4534725], [126.6592539, 37.4534994], [126.6592793, 37.4534319], [126.6591611, 37.453384], [126.6590754, 37.453384], [126.6590262, 37.4533929], [126.6589102, 37.4535]]]}, "properties": {"osm_type": "way", "osm_id": "905755439", "tags": {"amenity": "place_of_worship", "building": "yes", "level": "2", "name": "Ashrafia masjid", "religion": "muslim"}, "verified_access": false}}, {"type": "Feature", "geometry": {"type": "Polygon", "coordinates": [[[126.6579837, 37.4510905], [126.6580227, 37.451166], [126.6581329, 37.4511301], [126.6580939, 37.4510546], [126.6579837, 37.4510905]]]}, "properties": {"osm_type": "way", "osm_id": "905757494", "tags": {"amenity": "restaurant", "building": "yes", "cuisine": "kebab", "diet:halal": "yes", "name": "Halal Kebab", "smoking": "no"}, "verified_access": false}}, {"type": "Feature", "geometry": {"type": "LineString", "coordinates": [[126.6544702, 37.4514903], [126.6528558, 37.4521058], [126.6524453, 37.4520187], [126.6518116, 37.4510626]]}, "properties": {"osm_type": "way", "osm_id": "937727088", "tags": {"highway": "service"}, "verified_access": false}}, {"type": "Feature", "geometry": {"type": "LineString", "coordinates": [[126.6625976, 37.4538202], [126.6624198, 37.4539484], [126.6623171, 37.4539947], [126.6619785, 37.4540985], [126.6616003, 37.4542171], [126.6612756, 37.4543364]]}, "properties": {"osm_type": "way", "osm_id": "940020890", "tags": {"highway": "tertiary_link", "oneway": "yes"}, "verified_access": false}}, {"type": "Feature", "geometry": {"type": "LineString", "coordinates": [[126.6608808, 37.4542396], [126.6610609, 37.4541949], [126.6614135, 37.4540818], [126.6615967, 37.4540215], [126.6621233, 37.4538668], [126.6623288, 37.4538297], [126.6625976, 37.4538202]]}, "properties": {"osm_type": "way", "osm_id": "940020891", "tags": {"highway": "tertiary_link", "oneway": "yes"}, "verified_access": false}}, {"type": "Feature", "geometry": {"type": "LineString", "coordinates": [[126.6625976, 37.4538202], [126.6625241, 37.4538431], [126.6616476, 37.4541158], [126.6612436, 37.4542428]]}, "properties": {"osm_type": "way", "osm_id": "940020892", "tags": {"highway": "secondary", "lanes": "8", "layer": "-1", "name": "인주대로", "name:en": "Inju-daero", "name:ja": "仁州大路", "name:ko": "인주대로", "name:ko-Hani": "仁州大路", "name:zh": "仁州大路", "ref": "18"}, "verified_access": false}}, {"type": "Feature", "geometry": {"type": "LineString", "coordinates": [[126.6604023, 37.4545116], [126.6591579, 37.4549256], [126.6589585, 37.4549904]]}, "properties": {"osm_type": "way", "osm_id": "940020893", "tags": {"highway": "secondary", "layer": "-1", "name": "인주대로", "name:en": "Inju-daero", "name:ja": "仁州大路", "name:ko": "인주대로", "name:ko-Hani": "仁州大路", "name:zh": "仁州大路", "ref": "18", "wikidata": "Q12613433", "wikipedia": "ko:인주대로"}, "verified_access": false}}, {"type": "Feature", "geometry": {"type": "LineString", "coordinates": [[126.6606636, 37.454539], [126.6603669, 37.4546337], [126.6600738, 37.4547232], [126.65948, 37.4549045], [126.6592552, 37.4549523], [126.6589585, 37.4549904]]}, "properties": {"osm_type": "way", "osm_id": "940020894", "tags": {"highway": "tertiary_link", "oneway": "yes"}, "verified_access": false}}, {"type": "Feature", "geometry": {"type": "LineString", "coordinates": [[126.6589585, 37.4549904], [126.6590511, 37.4548828], [126.6591705, 37.4548006], [126.6597073, 37.4546243], [126.6602751, 37.4544388]]}, "properties": {"osm_type": "way", "osm_id": "940020895", "tags": {"highway": "tertiary_link", "oneway": "yes"}, "verified_access": false}}, {"type": "Feature", "geometry": {"type": "LineString", "coordinates": [[126.6628509, 37.4530998], [126.6613777, 37.453574], [126.6608259, 37.4537516], [126.6597628, 37.4534969], [126.6590377, 37.4533232]]}, "properties": {"osm_type": "way", "osm_id": "940020896", "tags": {"highway": "residential", "name": "인하로47번길", "name:en": "Inha-ro 47beon-gil", "name:ko": "인하로47번길"}, "verified_access": false}}, {"type": "Feature", "geometry": {"type": "LineString", "coordinates": [[126.6605832, 37.4519929], [126.6603574, 37.4514568]]}, "properties": {"osm_type": "way", "osm_id": "940020897", "tags": {"highway": "residential", "name": "인하로105번길", "name:en": "Inha-ro 105beon-gil", "name:ko": "인하로105번길"}, "verified_access": false}}, {"type": "Feature", "geometry": {"type": "LineString", "coordinates": [[126.6572336, 37.4517335], [126.6575754, 37.4516413], [126.6581758, 37.4514793], [126.6585997, 37.4513649]]}, "properties": {"osm_type": "way", "osm_id": "940020898", "tags": {"highway": "service", "name": "경인남길30번길", "name:en": "Gyeonginnam-gil 30beon-gil", "name:ko": "경인남길30번길"}, "verified_access": false}}, {"type": "Feature", "geometry": {"type": "LineString", "coordinates": [[126.6585997, 37.4513649], [126.6586465, 37.4514753], [126.6601129, 37.4515112], [126.6603574, 37.4514568]]}, "properties": {"osm_type": "way", "osm_id": "940020899", "tags": {"highway": "service", "name": "인하로91번길", "name:en": "Inha-ro 91beon-gil", "name:ko": "인하로91번길", "oneway": "yes"}, "verified_access": false}}, {"type": "Feature", "geometry": {"type": "LineString", "coordinates": [[126.65307, 37.45222], [126.6533195, 37.452378], [126.6537419, 37.4524818], [126.6540629, 37.4525606], [126.6544806, 37.4526633], [126.6548345, 37.4527502], [126.6562076, 37.4530877], [126.6576398, 37.4534447], [126.6576755, 37.4534535], [126.6586179, 37.4536846]]}, "properties": {"osm_type": "way", "osm_id": "940020900", "tags": {"highway": "residential", "name": "경인남길", "name:en": "Gyeonginnam-gil", "name:ko": "경인남길", "oneway": "yes"}, "verified_access": false}}, {"type": "Feature", "geometry": {"type": "LineString", "coordinates": [[126.6585805, 37.4537127], [126.6586179, 37.4536846]]}, "properties": {"osm_type": "way", "osm_id": "940020901", "tags": {"highway": "service", "name": "경인남길102번길", "name:en": "Gyeonginnam-gil 102beon-gil", "name:ko": "경인남길102번길"}, "verified_access": false}}, {"type": "Feature", "geometry": {"type": "Polygon", "coordinates": [[[126.6475154, 37.4435957], [126.6477659, 37.4434043], [126.6478407, 37.4434659], [126.6478199, 37.4434818], [126.6479418, 37.443564], [126.6478623, 37.4436321], [126.6477701, 37.4435691], [126.6476923, 37.4436286], [126.6476435, 37.4435884], [126.6475725, 37.4436427], [126.6475154, 37.4435957]]]}, "properties": {"osm_type": "way", "osm_id": "955217464", "tags": {"building": "apartments", "building:flats": "115", "building:levels": "40", "height": "113", "name": "103", "start_date": "2021"}, "verified_access": false}}, {"type": "Feature", "geometry": {"type": "Polygon", "coordinates": [[[126.6473583, 37.4441297], [126.6474409, 37.4440481], [126.6477048, 37.4442164], [126.6476273, 37.444293], [126.6475376, 37.4442358], [126.6474876, 37.4442852], [126.6473981, 37.4442281], [126.6474431, 37.4441837], [126.6473583, 37.4441297]]]}, "properties": {"osm_type": "way", "osm_id": "955217465", "tags": {"building": "apartments", "building:flats": "73", "building:levels": "38", "height": "107", "name": "104", "start_date": "2021"}, "verified_access": false}}, {"type": "Feature", "geometry": {"type": "Polygon", "coordinates": [[[126.6480084, 37.4441154], [126.6480473, 37.4440792], [126.6484306, 37.4443391], [126.6483455, 37.4444183], [126.6482631, 37.4443624], [126.6482787, 37.4443479], [126.6482628, 37.4443372], [126.6482005, 37.4443952], [126.6481199, 37.4443406], [126.6481791, 37.4442855], [126.6481036, 37.4442343], [126.6479853, 37.4443444], [126.6478865, 37.4442775], [126.6480387, 37.4441359], [126.6480084, 37.4441154]]]}, "properties": {"osm_type": "way", "osm_id": "955217466", "tags": {"building": "apartments", "building:flats": "144", "building:levels": "38", "height": "107", "name": "105", "start_date": "2021"}, "verified_access": false}}, {"type": "Feature", "geometry": {"type": "LineString", "coordinates": [[126.648445, 37.4449722], [126.6487115, 37.4442316], [126.6488886, 37.4437394]]}, "properties": {"osm_type": "way", "osm_id": "955217467", "tags": {"highway": "service"}, "verified_access": false}}, {"type": "Feature", "geometry": {"type": "LineString", "coordinates": [[126.6488886, 37.4437394], [126.6491215, 37.44378], [126.6501611, 37.4439614]]}, "properties": {"osm_type": "way", "osm_id": "955217468", "tags": {"highway": "service"}, "verified_access": false}}, {"type": "Feature", "geometry": {"type": "LineString", "coordinates": [[126.6503879, 37.4447443], [126.6504113, 37.4448422], [126.6504507, 37.4450432], [126.6504708, 37.4452208], [126.6504795, 37.4454029], [126.6504632, 37.4455976], [126.6504468, 37.4458802], [126.6504447, 37.4461138], [126.6503957, 37.4463706], [126.6503727, 37.4464912], [126.6501251, 37.4475882], [126.6500185, 37.4480135], [126.6498752, 37.4485853]]}, "properties": {"osm_type": "way", "osm_id": "955217469", "tags": {"highway": "secondary", "name": "독배로", "name:en": "Dokbae-ro", "name:ko": "독배로", "ref": "17", "surface": "asphalt"}, "verified_access": false}}, {"type": "Feature", "geometry": {"type": "LineString", "coordinates": [[126.648445, 37.4449722], [126.6462359, 37.4444467], [126.6443229, 37.4439916], [126.6440209, 37.4439198], [126.6437548, 37.443884], [126.6435078, 37.4438503], [126.6431698, 37.4438337], [126.6425527, 37.4439117], [126.6417605, 37.4441351], [126.6411163, 37.4444821], [126.6398475, 37.4453767], [126.6398013, 37.4454068], [126.6389834, 37.4459403], [126.6379352, 37.4466966], [126.6379104, 37.4467119], [126.6378564, 37.4467452], [126.637802, 37.4467814], [126.6371851, 37.447192]]}, "properties": {"osm_type": "way", "osm_id": "955217470", "tags": {"highway": "secondary", "name": "매소홀로", "name:en": "Maesohol-ro", "name:ja": "買召忽路", "name:ko": "매소홀로", "name:ko-Hani": "買召忽路", "name:zh": "买召忽路", "name:zh-Hans": "买召忽路", "name:zh-Hant": "買召忽路", "oneway": "no", "ref": "14", "wikidata": "Q110114908", "wikipedia": "ko:매소홀로"}, "verified_access": false}}, {"type": "Feature", "geometry": {"type": "LineString", "coordinates": [[126.6488886, 37.4437394], [126.648696, 37.4436971], [126.6486166, 37.4436971], [126.6485699, 37.4437267]]}, "properties": {"osm_type": "way", "osm_id": "955217471", "tags": {"highway": "service"}, "verified_access": false}}, {"type": "Feature", "geometry": {"type": "LineString", "coordinates": [[126.6485699, 37.4437267], [126.6485512, 37.4437638], [126.648486, 37.4439469]]}, "properties": {"osm_type": "way", "osm_id": "955217472", "tags": {"highway": "service", "layer": "-1", "tunnel": "yes"}, "verified_access": false}}, {"type": "Feature", "geometry": {"type": "Polygon", "coordinates": [[[126.6485227, 37.4441246], [126.6486359, 37.4438013], [126.6487661, 37.44383], [126.648653, 37.4441533], [126.6485227, 37.4441246]]]}, "properties": {"osm_type": "way", "osm_id": "955217473", "tags": {"building": "yes"}, "verified_access": false}}, {"type": "Feature", "geometry": {"type": "LineString", "coordinates": [[126.6482893, 37.4429661], [126.6481907, 37.4432695]]}, "properties": {"osm_type": "way", "osm_id": "955217475", "tags": {"highway": "service", "layer": "-1", "tunnel": "yes"}, "verified_access": false}}, {"type": "Feature", "geometry": {"type": "LineString", "coordinates": [[126.6483118, 37.4429048], [126.6485238, 37.4430551], [126.6487321, 37.4432028], [126.6488347, 37.4432786], [126.6488502, 37.4432901], [126.6488636, 37.4433327], [126.6488502, 37.4434115], [126.6487965, 37.4434796], [126.648759, 37.4435137], [126.648696, 37.4436971]]}, "properties": {"osm_type": "way", "osm_id": "955217476", "tags": {"highway": "footway"}, "verified_access": false}}, {"type": "Feature", "geometry": {"type": "LineString", "coordinates": [[126.6483118, 37.4429048], [126.6482557, 37.4429004], [126.647957, 37.4428769], [126.6478363, 37.4429025], [126.6477424, 37.4429749], [126.6476619, 37.4430707], [126.6476076, 37.4432187], [126.6474795, 37.4436329], [126.6475037, 37.443684], [126.6475788, 37.4437139], [126.6476888, 37.4437266], [126.6477934, 37.4436862], [126.6478926, 37.4436713], [126.6479838, 37.443667], [126.6480187, 37.4436691]]}, "properties": {"osm_type": "way", "osm_id": "955217477", "tags": {"highway": "footway"}, "verified_access": false}}, {"type": "Feature", "geometry": {"type": "LineString", "coordinates": [[126.6482557, 37.4429004], [126.6482118, 37.4429442], [126.6481251, 37.4432856], [126.6481269, 37.443353], [126.6481212, 37.4433696], [126.6480187, 37.4436691], [126.6478899, 37.4439511], [126.647828, 37.4440865], [126.647796, 37.4441567], [126.6477446, 37.4442157], [126.6476986, 37.4443464]]}, "properties": {"osm_type": "way", "osm_id": "955217478", "tags": {"highway": "footway"}, "verified_access": false}}, {"type": "Feature", "geometry": {"type": "LineString", "coordinates": [[126.6476986, 37.4443464], [126.6475639, 37.4443386], [126.6475107, 37.4443355], [126.647504, 37.4443351], [126.6473164, 37.4442916], [126.6473024, 37.4442671], [126.647281, 37.4442298], [126.6473111, 37.4441103], [126.6473907, 37.4439895], [126.6474845, 37.4439726], [126.6476261, 37.4439923], [126.6477199, 37.444026], [126.647828, 37.4440865]]}, "properties": {"osm_type": "way", "osm_id": "955217479", "tags": {"highway": "footway"}, "verified_access": false}}, {"type": "Feature", "geometry": {"type": "LineString", "coordinates": [[126.6476986, 37.4443464], [126.6483003, 37.4444602], [126.6483905, 37.444463], [126.6484454, 37.4444349], [126.6484737, 37.4443815], [126.6484896, 37.4443056], [126.6484118, 37.4442466], [126.6478899, 37.4439511]]}, "properties": {"osm_type": "way", "osm_id": "955217480", "tags": {"highway": "footway"}, "verified_access": false}}, {"type": "Feature", "geometry": {"type": "LineString", "coordinates": [[126.6481212, 37.4433696], [126.6481888, 37.4433376], [126.6482737, 37.443346], [126.6487197, 37.4434472], [126.6487409, 37.4434654], [126.648759, 37.4435137]]}, "properties": {"osm_type": "way", "osm_id": "955217482", "tags": {"highway": "footway"}, "verified_access": false}}, {"type": "Feature", "geometry": {"type": "LineString", "coordinates": [[126.6487115, 37.4442316], [126.6484832, 37.444181]]}, "properties": {"osm_type": "way", "osm_id": "955217483", "tags": {"highway": "service", "service": "parking_aisle"}, "verified_access": false}}, {"type": "Feature", "geometry": {"type": "Polygon", "coordinates": [[[126.6474695, 37.443896], [126.6475303, 37.4437542], [126.6476844, 37.4437959], [126.6476236, 37.4439377], [126.6474695, 37.443896]]]}, "properties": {"osm_type": "way", "osm_id": "955217485", "tags": {"amenity": "childcare", "building": "yes"}, "verified_access": false}}, {"type": "Feature", "geometry": {"type": "LineString", "coordinates": [[126.6553011, 37.4506885], [126.6554641, 37.4506175], [126.655504, 37.4506138], [126.6556296, 37.4507889]]}, "properties": {"osm_type": "way", "osm_id": "968147725", "tags": {"highway": "service"}, "verified_access": false}}, {"type": "Feature", "geometry": {"type": "Polygon", "coordinates": [[[126.6619561, 37.4484555], [126.6620464, 37.4484267], [126.6620976, 37.4485278], [126.6620073, 37.4485566], [126.6619561, 37.4484555]]]}, "properties": {"osm_type": "way", "osm_id": "975086120", "tags": {"building": "yes", "building:levels": "4", "name": "Jafar 빌라"}, "verified_access": false}}, {"type": "Feature", "geometry": {"type": "Polygon", "coordinates": [[[126.6617469, 37.4485004], [126.6618394, 37.4484755], [126.6617916, 37.4483635], [126.661699, 37.4483884], [126.6617469, 37.4485004]]]}, "properties": {"osm_type": "way", "osm_id": "1054323741", "tags": {"building": "apartments", "level": "5", "name": "수예원룸"}, "verified_access": false}}, {"type": "Feature", "geometry": {"type": "LineString", "coordinates": [[126.654378, 37.4506113], [126.654983, 37.4503464]]}, "properties": {"osm_type": "way", "osm_id": "1063265596", "tags": {"bicycle": "no", "foot": "yes", "footway": "sidewalk", "highway": "footway", "horse": "no", "width": "1.5"}, "verified_access": false}}, {"type": "Feature", "geometry": {"type": "LineString", "coordinates": [[126.6558381, 37.4509946], [126.6559488, 37.4511371]]}, "properties": {"osm_type": "way", "osm_id": "1063266065", "tags": {"highway": "footway", "incline": "down"}, "verified_access": false}}, {"type": "Feature", "geometry": {"type": "LineString", "coordinates": [[126.6562594, 37.4497847], [126.6563688, 37.4496712]]}, "properties": {"osm_type": "way", "osm_id": "1063267429", "tags": {"footway": "sidewalk", "highway": "footway"}, "verified_access": false}}, {"type": "Feature", "geometry": {"type": "LineString", "coordinates": [[126.6538932, 37.4509699], [126.6540495, 37.4509215]]}, "properties": {"osm_type": "way", "osm_id": "1063267904", "tags": {"bicycle": "yes", "foot": "yes", "highway": "footway", "horse": "no", "motor_vehicle": "no", "width": "2"}, "verified_access": false}}, {"type": "Feature", "geometry": {"type": "LineString", "coordinates": [[126.6541637, 37.4514446], [126.6543714, 37.4513665]]}, "properties": {"osm_type": "way", "osm_id": "1063267905", "tags": {"highway": "footway"}, "verified_access": false}}, {"type": "Feature", "geometry": {"type": "LineString", "coordinates": [[126.6540495, 37.4509215], [126.6541926, 37.4509034]]}, "properties": {"osm_type": "way", "osm_id": "1063268261", "tags": {"bicycle": "yes", "foot": "yes", "highway": "footway", "horse": "yes", "width": "2"}, "verified_access": false}}, {"type": "Feature", "geometry": {"type": "LineString", "coordinates": [[126.6547443, 37.4499134], [126.6547524, 37.4497945], [126.6546693, 37.449672]]}, "properties": {"osm_type": "way", "osm_id": "1063579312", "tags": {"bicycle": "no", "foot": "yes", "footway": "sidewalk", "highway": "footway", "horse": "no", "width": "1"}, "verified_access": false}}, {"type": "Feature", "geometry": {"type": "Polygon", "coordinates": [[[126.6555276, 37.4523428], [126.6557705, 37.4522839], [126.6558345, 37.4524243], [126.6557064, 37.452455], [126.6556983, 37.452438], [126.6556536, 37.4524477], [126.6556394, 37.4524122], [126.6555652, 37.4524316], [126.6555276, 37.4523428]]]}, "properties": {"osm_type": "way", "osm_id": "1098486595", "tags": {"addr:city": "인천광역시", "addr:district": "미추홀구", "addr:housenumber": "32", "addr:postcode": "22207", "addr:street": "인하로47번길", "building": "residential", "building:levels": "6", "name": "수봉힐스빌"}, "verified_access": false}}, {"type": "Feature", "geometry": {"type": "LineString", "coordinates": [[126.6558514, 37.4520887], [126.6559798, 37.4524082], [126.6559249, 37.4525584]]}, "properties": {"osm_type": "way", "osm_id": "1098486596", "tags": {"highway": "footway", "surface": "concrete", "width": "1.5"}, "verified_access": false}}, {"type": "Feature", "geometry": {"type": "Polygon", "coordinates": [[[126.6551159, 37.4523388], [126.6551098, 37.4522985], [126.6552267, 37.4522646], [126.6552288, 37.4523678], [126.6551159, 37.4523388]]]}, "properties": {"osm_type": "way", "osm_id": "1098486597", "tags": {"access": "yes", "amenity": "parking", "capacity": "4", "fee": "no", "operator": "인천광역시 미추홀구청", "parking": "street_side", "surface": "asphalt"}, "verified_access": false}}, {"type": "Feature", "geometry": {"type": "LineString", "coordinates": [[126.6551299, 37.4506979], [126.654882, 37.4503235]]}, "properties": {"osm_type": "way", "osm_id": "1098489686", "tags": {"highway": "service", "surface": "asphalt"}, "verified_access": false}}, {"type": "Feature", "geometry": {"type": "LineString", "coordinates": [[126.6546486, 37.4472949], [126.6544119, 37.4468509]]}, "properties": {"osm_type": "way", "osm_id": "1098489687", "tags": {"description": "인하대학교 등록차량 진출로(진출 단독)", "highway": "service", "oneway": "yes", "service": "driveway", "surface": "asphalt"}, "verified_access": false}}, {"type": "Feature", "geometry": {"type": "LineString", "coordinates": [[126.6526055, 37.448332], [126.6524007, 37.4480083]]}, "properties": {"osm_type": "way", "osm_id": "1098491073", "tags": {"highway": "service", "surface": "asphalt"}, "verified_access": false}}, {"type": "Feature", "geometry": {"type": "LineString", "coordinates": [[126.6512514, 37.4489698], [126.6515963, 37.4488071], [126.6524029, 37.4484321]]}, "properties": {"osm_type": "way", "osm_id": "1098491074", "tags": {"highway": "service"}, "verified_access": false}}, {"type": "Feature", "geometry": {"type": "LineString", "coordinates": [[126.6525739, 37.4485087], [126.6524029, 37.4484321]]}, "properties": {"osm_type": "way", "osm_id": "1098491075", "tags": {"highway": "service", "oneway": "yes"}, "verified_access": false}}, {"type": "Feature", "geometry": {"type": "LineString", "coordinates": [[126.6525739, 37.4485087], [126.6525887, 37.4484826], [126.6526884, 37.4483478], [126.6527431, 37.4482803]]}, "properties": {"osm_type": "way", "osm_id": "1098491076", "tags": {"highway": "service", "oneway": "yes"}, "verified_access": false}}, {"type": "Feature", "geometry": {"type": "LineString", "coordinates": [[126.6559989, 37.4517294], [126.655832, 37.4517811]]}, "properties": {"osm_type": "way", "osm_id": "1098496323", "tags": {"highway": "residential", "name": "인하로67번길", "surface": "asphalt"}, "verified_access": false}}, {"type": "Feature", "geometry": {"type": "LineString", "coordinates": [[126.6559989, 37.4517294], [126.6565748, 37.4515677], [126.6570936, 37.451422]]}, "properties": {"osm_type": "way", "osm_id": "1098496324", "tags": {"bicycle": "yes", "foot": "yes", "highway": "footway", "name": "인하로67번길", "surface": "concrete"}, "verified_access": false}}, {"type": "Feature", "geometry": {"type": "LineString", "coordinates": [[126.6564433, 37.4512721], [126.6565748, 37.4515677], [126.6567077, 37.4518665]]}, "properties": {"osm_type": "way", "osm_id": "1098496325", "tags": {"bicycle": "yes", "foot": "yes", "highway": "footway", "surface": "concrete"}, "verified_access": false}}, {"type": "Feature", "geometry": {"type": "LineString", "coordinates": [[126.6568874, 37.451821], [126.6571024, 37.4523462]]}, "properties": {"osm_type": "way", "osm_id": "1098496326", "tags": {"bicycle": "yes", "foot": "yes", "highway": "footway", "surface": "concrete"}, "verified_access": false}}, {"type": "Feature", "geometry": {"type": "LineString", "coordinates": [[126.6570936, 37.451422], [126.6579049, 37.4512287], [126.6580533, 37.4511933], [126.6584834, 37.4510909]]}, "properties": {"osm_type": "way", "osm_id": "1098496327", "tags": {"bicycle": "yes", "foot": "yes", "highway": "footway", "name": "인하로77번길", "surface": "concrete"}, "verified_access": false}}, {"type": "Feature", "geometry": {"type": "LineString", "coordinates": [[126.6579049, 37.4512287], [126.657759, 37.450929]]}, "properties": {"osm_type": "way", "osm_id": "1098496328", "tags": {"bicycle": "yes", "foot": "yes", "highway": "footway", "surface": "concrete"}, "verified_access": false}}, {"type": "Feature", "geometry": {"type": "LineString", "coordinates": [[126.6580533, 37.4511933], [126.6581758, 37.4514793]]}, "properties": {"osm_type": "way", "osm_id": "1098496329", "tags": {"bicycle": "yes", "foot": "yes", "highway": "footway", "surface": "concrete"}, "verified_access": false}}, {"type": "Feature", "geometry": {"type": "LineString", "coordinates": [[126.6544702, 37.4514903], [126.6546715, 37.4517233]]}, "properties": {"osm_type": "way", "osm_id": "1098496330", "tags": {"highway": "service"}, "verified_access": false}}, {"type": "Feature", "geometry": {"type": "LineString", "coordinates": [[126.6537715, 37.4504638], [126.653543, 37.4501295]]}, "properties": {"osm_type": "way", "osm_id": "1098496331", "tags": {"highway": "service", "surface": "asphalt"}, "verified_access": false}}, {"type": "Feature", "geometry": {"type": "LineString", "coordinates": [[126.6540524, 37.4503513], [126.6539814, 37.4503237], [126.6538774, 37.4502714]]}, "properties": {"osm_type": "way", "osm_id": "1098496332", "tags": {"highway": "footway"}, "verified_access": false}}, {"type": "Feature", "geometry": {"type": "LineString", "coordinates": [[126.6552095, 37.4487903], [126.6555227, 37.4486497]]}, "properties": {"osm_type": "way", "osm_id": "1098539002", "tags": {"highway": "service"}, "verified_access": false}}, {"type": "Feature", "geometry": {"type": "Polygon", "coordinates": [[[126.6533223, 37.4476374], [126.6533426, 37.447577], [126.6534187, 37.4475907], [126.653401, 37.4476525], [126.6533223, 37.4476374]]]}, "properties": {"osm_type": "way", "osm_id": "1098539003", "tags": {"addr:city": "인천광역시", "addr:district": "미추홀구", "addr:housenumber": "100", "addr:postcode": "22212", "addr:street": "인하로", "building": "yes", "building:levels": "1", "name": "주차관리실"}, "verified_access": false}}, {"type": "Feature", "geometry": {"type": "Polygon", "coordinates": [[[126.6521524, 37.4505176], [126.652068, 37.4503861], [126.6522374, 37.4503168], [126.6523377, 37.4502758], [126.6523725, 37.450331], [126.6524257, 37.4504153], [126.6521524, 37.4505176]]]}, "properties": {"osm_type": "way", "osm_id": "1098539005", "tags": {"amenity": "parking"}, "verified_access": false}}, {"type": "Feature", "geometry": {"type": "LineString", "coordinates": [[126.6522374, 37.4503168], [126.6521798, 37.4502247], [126.6525153, 37.4500793]]}, "properties": {"osm_type": "way", "osm_id": "1098539006", "tags": {"highway": "service"}, "verified_access": false}}, {"type": "Feature", "geometry": {"type": "LineString", "coordinates": [[126.6523725, 37.450331], [126.6526207, 37.4502253]]}, "properties": {"osm_type": "way", "osm_id": "1098539007", "tags": {"highway": "footway"}, "verified_access": false}}, {"type": "Feature", "geometry": {"type": "LineString", "coordinates": [[126.6521798, 37.4502247], [126.651972, 37.4503076]]}, "properties": {"osm_type": "way", "osm_id": "1098539008", "tags": {"highway": "footway"}, "verified_access": false}}, {"type": "Feature", "geometry": {"type": "LineString", "coordinates": [[126.6521798, 37.4502247], [126.6521418, 37.4501686], [126.6520534, 37.4500381], [126.6518786, 37.4497802], [126.6517888, 37.4496477], [126.6517418, 37.4495784]]}, "properties": {"osm_type": "way", "osm_id": "1098539009", "tags": {"highway": "footway"}, "verified_access": false}}, {"type": "Feature", "geometry": {"type": "LineString", "coordinates": [[126.6520088, 37.4495474], [126.6517888, 37.4496477], [126.6515862, 37.44974]]}, "properties": {"osm_type": "way", "osm_id": "1098539010", "tags": {"highway": "footway"}, "verified_access": false}}, {"type": "Feature", "geometry": {"type": "LineString", "coordinates": [[126.6521017, 37.4496889], [126.6518786, 37.4497802], [126.6516718, 37.4498649]]}, "properties": {"osm_type": "way", "osm_id": "1098539011", "tags": {"highway": "footway"}, "verified_access": false}}, {"type": "Feature", "geometry": {"type": "LineString", "coordinates": [[126.6522704, 37.4499455], [126.6520534, 37.4500381], [126.6518498, 37.4501249]]}, "properties": {"osm_type": "way", "osm_id": "1098539012", "tags": {"highway": "footway"}, "verified_access": false}}, {"type": "Feature", "geometry": {"type": "LineString", "coordinates": [[126.6523595, 37.4500812], [126.6521418, 37.4501686], [126.6519362, 37.4502511]]}, "properties": {"osm_type": "way", "osm_id": "1098539013", "tags": {"highway": "footway"}, "verified_access": false}}, {"type": "Feature", "geometry": {"type": "LineString", "coordinates": [[126.6510121, 37.4508836], [126.6512211, 37.4509046], [126.6513249, 37.4509655]]}, "properties": {"osm_type": "way", "osm_id": "1098539014", "tags": {"highway": "service", "oneway": "yes", "surface": "concrete"}, "verified_access": false}}, {"type": "Feature", "geometry": {"type": "LineString", "coordinates": [[126.6502519, 37.4513896], [126.6502, 37.4513921], [126.6497488, 37.4512165], [126.6495223, 37.4510872], [126.6492639, 37.4508414], [126.6492604, 37.450788], [126.6493347, 37.4506953], [126.649388, 37.4506846]]}, "properties": {"osm_type": "way", "osm_id": "1098539015", "tags": {"highway": "service", "oneway": "yes", "surface": "asphalt"}, "verified_access": false}}, {"type": "Feature", "geometry": {"type": "LineString", "coordinates": [[126.649388, 37.4506846], [126.6495807, 37.4507037], [126.6499664, 37.4511027], [126.6501009, 37.4511487], [126.6501894, 37.4511406], [126.6502158, 37.4511292], [126.6503584, 37.4510672], [126.6505024, 37.4510052], [126.6506581, 37.4509379], [126.6507999, 37.4508765], [126.6510121, 37.4508836]]}, "properties": {"osm_type": "way", "osm_id": "1098539016", "tags": {"highway": "service"}, "verified_access": false}}, {"type": "Feature", "geometry": {"type": "LineString", "coordinates": [[126.6495807, 37.4507037], [126.6496659, 37.450524], [126.6497761, 37.450369], [126.6498603, 37.4502457], [126.6499146, 37.450217], [126.6500783, 37.4501303], [126.6502425, 37.4500434], [126.6508017, 37.450809], [126.6507999, 37.4508765]]}, "properties": {"osm_type": "way", "osm_id": "1098539017", "tags": {"highway": "service"}, "verified_access": false}}, {"type": "Feature", "geometry": {"type": "LineString", "coordinates": [[126.6496659, 37.450524], [126.6502158, 37.4511292]]}, "properties": {"osm_type": "way", "osm_id": "1098539018", "tags": {"highway": "service"}, "verified_access": false}}, {"type": "Feature", "geometry": {"type": "LineString", "coordinates": [[126.6497761, 37.450369], [126.6503584, 37.4510672]]}, "properties": {"osm_type": "way", "osm_id": "1098539019", "tags": {"highway": "service"}, "verified_access": false}}, {"type": "Feature", "geometry": {"type": "LineString", "coordinates": [[126.6499146, 37.450217], [126.6505024, 37.4510052]]}, "properties": {"osm_type": "way", "osm_id": "1098539020", "tags": {"highway": "service"}, "verified_access": false}}, {"type": "Feature", "geometry": {"type": "LineString", "coordinates": [[126.6500783, 37.4501303], [126.6506581, 37.4509379]]}, "properties": {"osm_type": "way", "osm_id": "1098539021", "tags": {"highway": "service"}, "verified_access": false}}, {"type": "Feature", "geometry": {"type": "Polygon", "coordinates": [[[126.6480726, 37.4478568], [126.6481146, 37.4477381], [126.6481683, 37.447753], [126.6484205, 37.4476399], [126.6484882, 37.4475008], [126.6484345, 37.447512], [126.6482687, 37.4472784], [126.6483107, 37.447195], [126.6484088, 37.4472154], [126.6485979, 37.447473], [126.648745, 37.4475045], [126.6490789, 37.4473711], [126.6491677, 37.4473952], [126.649142, 37.4474786], [126.6488519, 37.4476052], [126.6487847, 37.4477326], [126.6489245, 37.4479232], [126.6489823, 37.4479336], [126.6489353, 37.4480589], [126.6488506, 37.4480387], [126.6488568, 37.4480063], [126.6488236, 37.4479904], [126.6487921, 37.4480045], [126.6486411, 37.4477856], [126.6484978, 37.4477507], [126.6482313, 37.4478749], [126.6482067, 37.4478437], [126.6481897, 37.4478522], [126.6481697, 37.4478449], [126.6481566, 37.4478767], [126.6480726, 37.4478568]]]}, "properties": {"osm_type": "way", "osm_id": "1098546940", "tags": {"addr:city": "인천광역시", "addr:district": "미추홀구", "addr:housenumber": "49", "addr:postcode": "22188", "addr:street": "용정공원로83번길", "building": "apartments", "building:flats": "1472", "building:levels": "24", "height": "91", "name": "인하대역 헤리움 메트로 타워", "start_date": "2020"}, "verified_access": false}}, {"type": "Feature", "geometry": {"type": "Polygon", "coordinates": [[[126.6490976, 37.4477844], [126.6490336, 37.4477691], [126.6489939, 37.4478635], [126.6493425, 37.4479353], [126.6494371, 37.4476884], [126.6491799, 37.4476335], [126.6491474, 37.4477376], [126.6491159, 37.4477295], [126.6490976, 37.4477844]]]}, "properties": {"osm_type": "way", "osm_id": "1098546941", "tags": {"addr:city": "인천광역시", "addr:district": "미추홀구", "addr:housenumber": "309", "addr:postcode": "22188", "addr:street": "독배로", "building": "commercial", "building:levels": "12", "height": "56", "start_date": "2020"}, "verified_access": false}}, {"type": "Feature", "geometry": {"type": "Polygon", "coordinates": [[[126.6479692, 37.4478103], [126.647541, 37.4477077], [126.647517, 37.4477708], [126.6475821, 37.4477864], [126.6475793, 37.4477939], [126.6476356, 37.4478074], [126.6476184, 37.4478524], [126.6478149, 37.4478995], [126.6478387, 37.447837], [126.647949, 37.4478635], [126.6479692, 37.4478103]]]}, "properties": {"osm_type": "way", "osm_id": "1098546942", "tags": {"building": "apartments", "building:flats": "169", "building:levels": "37", "height": "113", "name": "101", "start_date": "2020"}, "verified_access": false}}, {"type": "Feature", "geometry": {"type": "Polygon", "coordinates": [[[126.6473465, 37.4476549], [126.6473043, 37.447774], [126.6471492, 37.4477393], [126.647156, 37.4477202], [126.6470847, 37.4477043], [126.6470765, 37.4477274], [126.646954, 37.4476999], [126.6468607, 37.4475849], [126.6469912, 37.4475182], [126.6470478, 37.4475881], [126.6473465, 37.4476549]]]}, "properties": {"osm_type": "way", "osm_id": "1098546944", "tags": {"building": "apartments", "building:flats": "169", "building:levels": "37", "height": "113", "name": "102", "start_date": "2020"}, "verified_access": false}}, {"type": "Feature", "geometry": {"type": "Polygon", "coordinates": [[[126.6469815, 37.4474766], [126.647071, 37.4472456], [126.6471461, 37.4472639], [126.6471352, 37.4472921], [126.6471706, 37.4473007], [126.6471064, 37.4474665], [126.6470747, 37.4474587], [126.6470603, 37.4474959], [126.6469815, 37.4474766]]]}, "properties": {"osm_type": "way", "osm_id": "1098546945", "tags": {"building": "apartments", "building:flats": "169", "building:levels": "37", "height": "113", "name": "103", "start_date": "2020"}, "verified_access": false}}, {"type": "Feature", "geometry": {"type": "Polygon", "coordinates": [[[126.6471069, 37.4471284], [126.6471882, 37.4471477], [126.647207, 37.4470977], [126.6472739, 37.4471135], [126.6472907, 37.4470687], [126.6473069, 37.4470725], [126.6472905, 37.4471161], [126.647452, 37.4471544], [126.6474716, 37.4471024], [126.6475258, 37.4471153], [126.6475543, 37.4470398], [126.6472849, 37.4469758], [126.6472186, 37.446887], [126.6470758, 37.4469542], [126.6471401, 37.4470403], [126.6471069, 37.4471284]]]}, "properties": {"osm_type": "way", "osm_id": "1098546946", "tags": {"building": "apartments", "building:flats": "169", "building:levels": "37", "height": "113", "name": "104", "start_date": "2020"}, "verified_access": false}}, {"type": "Feature", "geometry": {"type": "Polygon", "coordinates": [[[126.64767, 37.4470816], [126.6479699, 37.4471464], [126.6479735, 37.447136], [126.6480926, 37.4471617], [126.6481068, 37.4471779], [126.6480723, 37.4472685], [126.6481201, 37.4473401], [126.6480508, 37.4473693], [126.6480191, 37.4473219], [126.6479909, 37.4473338], [126.6479119, 37.4473208], [126.6479351, 37.4472327], [126.6479086, 37.4472208], [126.647916, 37.4471991], [126.6478737, 37.44719], [126.6478578, 37.4472363], [126.6476713, 37.447196], [126.6476899, 37.4471416], [126.6476523, 37.4471335], [126.64767, 37.4470816]]]}, "properties": {"osm_type": "way", "osm_id": "1098546947", "tags": {"building": "apartments", "building:flats": "169", "building:levels": "37", "height": "113", "name": "105", "start_date": "2020"}, "verified_access": false}}, {"type": "Feature", "geometry": {"type": "Polygon", "coordinates": [[[126.6492108, 37.4476073], [126.6493002, 37.4473692], [126.6494957, 37.4474036], [126.6494391, 37.4476607], [126.6492108, 37.4476073]]]}, "properties": {"osm_type": "way", "osm_id": "1098546949", "tags": {"addr:city": "인천광역시", "addr:district": "미추홀구", "addr:housenumber": "59", "addr:postcode": "22188", "addr:street": "용정공원로83번길", "building": "commercial", "building:levels": "11", "height": "46", "start_date": "2020"}, "verified_access": false}}, {"type": "Feature", "geometry": {"type": "LineString", "coordinates": [[126.6450793, 37.4462693], [126.6450165, 37.4464377], [126.6450501, 37.4464454], [126.6449714, 37.4466541], [126.6448097, 37.4466194], [126.6444175, 37.4465354]]}, "properties": {"osm_type": "way", "osm_id": "1098546951", "tags": {"highway": "service", "surface": "asphalt"}, "verified_access": false}}, {"type": "Feature", "geometry": {"type": "LineString", "coordinates": [[126.6448097, 37.4466194], [126.6448935, 37.446411], [126.6450165, 37.4464377]]}, "properties": {"osm_type": "way", "osm_id": "1098546952", "tags": {"highway": "service", "surface": "asphalt"}, "verified_access": false}}, {"type": "Feature", "geometry": {"type": "LineString", "coordinates": [[126.6520961, 37.4469814], [126.6519965, 37.4469717]]}, "properties": {"osm_type": "way", "osm_id": "1098546960", "tags": {"highway": "pedestrian"}, "verified_access": false}}, {"type": "Feature", "geometry": {"type": "Polygon", "coordinates": [[[126.6519965, 37.4469717], [126.6519826, 37.4470169], [126.6519333, 37.4470683], [126.6518671, 37.447083], [126.6517885, 37.4470597], [126.6516822, 37.4470059], [126.651616, 37.4469374], [126.6515405, 37.4468298], [126.6515066, 37.4467466], [126.6514897, 37.4466268], [126.6515081, 37.4465742], [126.6515544, 37.4465363], [126.6516437, 37.4465265], [126.6517223, 37.4465656], [126.6518209, 37.4466305], [126.6518779, 37.4466977], [126.6519272, 37.4467858], [126.6519734, 37.4468848], [126.6519965, 37.4469717]]]}, "properties": {"osm_type": "way", "osm_id": "1098546961", "tags": {"highway": "pedestrian"}, "verified_access": false}}, {"type": "Feature", "geometry": {"type": "LineString", "coordinates": [[126.6516437, 37.4465265], [126.6516853, 37.4464886], [126.6516967, 37.446419]]}, "properties": {"osm_type": "way", "osm_id": "1098546962", "tags": {"highway": "pedestrian"}, "verified_access": false}}, {"type": "Feature", "geometry": {"type": "Polygon", "coordinates": [[[126.6512901, 37.4478412], [126.6512513, 37.4477815], [126.6512694, 37.4477741], [126.6512261, 37.4477074], [126.6512915, 37.4476807], [126.6513097, 37.4477087], [126.6514446, 37.4476536], [126.6514395, 37.4476458], [126.6514678, 37.4476342], [126.6514828, 37.4476573], [126.6515233, 37.4476407], [126.6515266, 37.4476259], [126.6514692, 37.447618], [126.6515171, 37.4473998], [126.651495, 37.4473794], [126.6513216, 37.4473551], [126.6513352, 37.4472941], [126.6513171, 37.4472915], [126.651331, 37.447229], [126.6519629, 37.4473177], [126.6519399, 37.4474207], [126.6517102, 37.4473884], [126.6516511, 37.4476538], [126.6515812, 37.447644], [126.6515764, 37.4476653], [126.6516065, 37.4477117], [126.6512901, 37.4478412]]]}, "properties": {"osm_type": "way", "osm_id": "1098546963", "tags": {"addr:city": "인천광역시", "addr:district": "미추홀구", "addr:housenumber": "16", "addr:postcode": "22201", "addr:street": "소성로", "building": "yes", "building:levels": "14", "height": "55", "name": "인하아리스타", "start_date": "2018"}, "verified_access": false}}, {"type": "Feature", "geometry": {"type": "Polygon", "coordinates": [[[126.6534698, 37.4523222], [126.653506, 37.4522253], [126.6535455, 37.4522343], [126.653565, 37.4521864], [126.6536421, 37.4522019], [126.6536414, 37.4522184], [126.6536367, 37.4522418], [126.653628, 37.4522641], [126.6536146, 37.452303], [126.6536314, 37.4523073], [126.6536133, 37.4523552], [126.6534698, 37.4523222]]]}, "properties": {"osm_type": "way", "osm_id": "1099883991", "tags": {"addr:city": "인천광역시", "addr:district": "미추홀구", "addr:housenumber": "6", "addr:postcode": "22207", "addr:street": "경인남길", "building": "yes", "building:levels": "7", "name": "인천교회학생센터"}, "verified_access": false}}, {"type": "Feature", "geometry": {"type": "Polygon", "coordinates": [[[126.6536273, 37.4523585], [126.6536828, 37.4522133], [126.6537993, 37.4522413], [126.6537438, 37.4523865], [126.6536273, 37.4523585]]]}, "properties": {"osm_type": "way", "osm_id": "1099883992", "tags": {"addr:city": "인천광역시", "addr:district": "미추홀구", "addr:housenumber": "10", "addr:postcode": "22207", "addr:street": "경인남길", "building": "yes", "building:levels": "5", "name": "체리쉬"}, "verified_access": false}}, {"type": "Feature", "geometry": {"type": "Polygon", "coordinates": [[[126.653437, 37.4523311], [126.6533482, 37.4523118], [126.6533711, 37.4522456], [126.6534136, 37.4522548], [126.6534169, 37.4522451], [126.6534443, 37.452251], [126.6534512, 37.4522312], [126.6534702, 37.4522354], [126.653437, 37.4523311]]]}, "properties": {"osm_type": "way", "osm_id": "1099883993", "tags": {"addr:city": "인천광역시", "addr:district": "미추홀구", "addr:housenumber": "45", "addr:postcode": "22207", "addr:street": "인하로", "building": "yes", "building:levels": "3"}, "verified_access": false}}, {"type": "Feature", "geometry": {"type": "Polygon", "coordinates": [[[126.6536609, 37.4521396], [126.6538648, 37.4520662], [126.6539126, 37.4520788], [126.6538645, 37.4521935], [126.6536609, 37.4521396]]]}, "properties": {"osm_type": "way", "osm_id": "1099883994", "tags": {"addr:city": "인천광역시", "addr:district": "미추홀구", "addr:housenumber": "47", "addr:postcode": "22207", "addr:street": "인하로", "building": "yes", "building:levels": "4", "name": "산호마을"}, "verified_access": false}}, {"type": "Feature", "geometry": {"type": "Polygon", "coordinates": [[[126.653806, 37.4524129], [126.6538378, 37.4523334], [126.6539543, 37.4523626], [126.6539315, 37.4524197], [126.6538801, 37.4524068], [126.6538712, 37.4524293], [126.653806, 37.4524129]]]}, "properties": {"osm_type": "way", "osm_id": "1099883995", "tags": {"addr:city": "인천광역시", "addr:district": "미추홀구", "addr:housenumber": "12", "addr:postcode": "22207", "addr:street": "경인남길", "building": "yes", "building:levels": "6", "name": "효성주택"}, "verified_access": false}}, {"type": "Feature", "geometry": {"type": "Polygon", "coordinates": [[[126.6539584, 37.452356], [126.653986, 37.4522877], [126.6538417, 37.4522509], [126.653814, 37.4523192], [126.6539584, 37.452356]]]}, "properties": {"osm_type": "way", "osm_id": "1099883996", "tags": {"building": "yes"}, "verified_access": false}}, {"type": "Feature", "geometry": {"type": "Polygon", "coordinates": [[[126.6539819, 37.4523704], [126.6541147, 37.452403], [126.654086, 37.4524765], [126.6539532, 37.4524438], [126.6539819, 37.4523704]]]}, "properties": {"osm_type": "way", "osm_id": "1099883997", "tags": {"addr:city": "인천광역시", "addr:district": "미추홀구", "addr:housenumber": "16", "addr:postcode": "22207", "addr:street": "경인남길", "building": "yes", "building:levels": "4", "name": "혜담주택"}, "verified_access": false}}, {"type": "Feature", "geometry": {"type": "Polygon", "coordinates": [[[126.6541307, 37.4523981], [126.6541575, 37.4523296], [126.6540127, 37.452294], [126.6539859, 37.4523625], [126.6541307, 37.4523981]]]}, "properties": {"osm_type": "way", "osm_id": "1099883998", "tags": {"building": "yes"}, "verified_access": false}}, {"type": "Feature", "geometry": {"type": "LineString", "coordinates": [[126.6537419, 37.4524818], [126.6538125, 37.4523307]]}, "properties": {"osm_type": "way", "osm_id": "1099883999", "tags": {"highway": "footway", "surface": "concrete"}, "verified_access": false}}, {"type": "Feature", "geometry": {"type": "LineString", "coordinates": [[126.6540629, 37.4525606], [126.654127, 37.4524063]]}, "properties": {"osm_type": "way", "osm_id": "1099884000", "tags": {"highway": "footway"}, "verified_access": false}}, {"type": "Feature", "geometry": {"type": "Polygon", "coordinates": [[[126.65411, 37.4524921], [126.654137, 37.4524253], [126.6542053, 37.4524426], [126.6542083, 37.4524353], [126.6542597, 37.4524483], [126.6542298, 37.4525225], [126.65411, 37.4524921]]]}, "properties": {"osm_type": "way", "osm_id": "1099884001", "tags": {"building": "yes"}, "verified_access": false}}, {"type": "Feature", "geometry": {"type": "Polygon", "coordinates": [[[126.6542764, 37.4525176], [126.6543101, 37.4524296], [126.6544383, 37.4524605], [126.6544046, 37.4525486], [126.6542764, 37.4525176]]]}, "properties": {"osm_type": "way", "osm_id": "1099884002", "tags": {"addr:city": "인천광역시", "addr:district": "미추홀구", "addr:housenumber": "22", "addr:postcode": "22207", "addr:street": "경인남길", "building": "yes", "building:levels": "5", "name": "가희정 오피스텔"}, "verified_access": false}}, {"type": "Feature", "geometry": {"type": "Polygon", "coordinates": [[[126.6544175, 37.4525625], [126.654459, 37.4524574], [126.6545198, 37.4524725], [126.6544819, 37.4525684], [126.6544536, 37.4525613], [126.6544499, 37.4525705], [126.6544175, 37.4525625]]]}, "properties": {"osm_type": "way", "osm_id": "1099884003", "tags": {"addr:city": "인천광역시", "addr:district": "미추홀구", "addr:housenumber": "24", "addr:postcode": "22207", "addr:street": "경인남길", "building": "yes", "building:levels": "2"}, "verified_access": false}}, {"type": "Feature", "geometry": {"type": "Polygon", "coordinates": [[[126.6544609, 37.4524513], [126.6544915, 37.4523731], [126.6545981, 37.4523993], [126.6545675, 37.4524776], [126.6544609, 37.4524513]]]}, "properties": {"osm_type": "way", "osm_id": "1099884004", "tags": {"addr:city": "인천광역시", "addr:district": "미추홀구", "addr:housenumber": "24-2", "addr:postcode": "22207", "addr:street": "경인남길", "building": "yes", "building:levels": "2"}, "verified_access": false}}, {"type": "Feature", "geometry": {"type": "Polygon", "coordinates": [[[126.6545389, 37.452608], [126.654583, 37.4525006], [126.6545954, 37.4525038], [126.6546066, 37.4524764], [126.6546888, 37.4524977], [126.6546335, 37.4526325], [126.6545389, 37.452608]]]}, "properties": {"osm_type": "way", "osm_id": "1099884005", "tags": {"addr:city": "인천광역시", "addr:district": "미추홀구", "addr:housenumber": "26", "addr:postcode": "22207", "addr:street": "경인남길", "building": "yes", "building:levels": "5"}, "verified_access": false}}, {"type": "Feature", "geometry": {"type": "Polygon", "coordinates": [[[126.6546623, 37.4526376], [126.6546966, 37.4525515], [126.6548133, 37.4525808], [126.6547888, 37.4526421], [126.6547566, 37.4526613], [126.6546623, 37.4526376]]]}, "properties": {"osm_type": "way", "osm_id": "1099884006", "tags": {"addr:city": "인천광역시", "addr:district": "미추홀구", "addr:housenumber": "30", "addr:postcode": "22207", "addr:street": "경인남길", "building": "yes", "building:levels": "4", "name": "청우주택"}, "verified_access": false}}, {"type": "Feature", "geometry": {"type": "Polygon", "coordinates": [[[126.6547218, 37.4524901], [126.6547545, 37.4524115], [126.6548687, 37.4524414], [126.6548359, 37.4525201], [126.6547218, 37.4524901]]]}, "properties": {"osm_type": "way", "osm_id": "1099884007", "tags": {"addr:city": "인천광역시", "addr:district": "미추홀구", "addr:housenumber": "6", "addr:postcode": "22207", "addr:street": "경인남길30번길", "building": "yes", "building:levels": "4", "name": "동원주택"}, "verified_access": false}}, {"type": "Feature", "geometry": {"type": "Polygon", "coordinates": [[[126.6547785, 37.4523736], [126.654812, 37.4522948], [126.6548936, 37.4523166], [126.6549112, 37.4523445], [126.6548866, 37.4524025], [126.6547785, 37.4523736]]]}, "properties": {"osm_type": "way", "osm_id": "1099884008", "tags": {"addr:city": "인천광역시", "addr:district": "미추홀구", "addr:housenumber": "17", "addr:postcode": "22207", "addr:street": "인하로47번길", "building": "yes", "building:levels": "5"}, "verified_access": false}}, {"type": "Feature", "geometry": {"type": "Polygon", "coordinates": [[[126.6546505, 37.4523747], [126.6546969, 37.4522626], [126.6547872, 37.4522861], [126.6547408, 37.4523983], [126.6546505, 37.4523747]]]}, "properties": {"osm_type": "way", "osm_id": "1099884009", "tags": {"addr:city": "인천광역시", "addr:district": "미추홀구", "addr:housenumber": "15", "addr:postcode": "22207", "addr:street": "인하로47번길", "building": "yes", "building:levels": "5", "name": "Rhea"}, "verified_access": false}}, {"type": "Feature", "geometry": {"type": "Polygon", "coordinates": [[[126.6545251, 37.4523414], [126.6545568, 37.4522642], [126.6545916, 37.4522732], [126.6545897, 37.452278], [126.6546368, 37.4522902], [126.6546345, 37.4522959], [126.6546639, 37.4523035], [126.6546557, 37.4523234], [126.6546619, 37.452325], [126.6546427, 37.4523718], [126.6545251, 37.4523414]]]}, "properties": {"osm_type": "way", "osm_id": "1099884010", "tags": {"addr:city": "인천광역시", "addr:district": "미추홀구", "addr:housenumber": "13", "addr:postcode": "22207", "addr:street": "인하로47번길", "building": "yes", "building:levels": "2"}, "verified_access": false}}, {"type": "Feature", "geometry": {"type": "Polygon", "coordinates": [[[126.6543879, 37.4523032], [126.6544908, 37.4523297], [126.6545339, 37.4522244], [126.654457, 37.4522045], [126.6544293, 37.4522721], [126.6544034, 37.4522654], [126.6543879, 37.4523032]]]}, "properties": {"osm_type": "way", "osm_id": "1099884011", "tags": {"addr:city": "인천광역시", "addr:district": "미추홀구", "addr:housenumber": "11", "addr:postcode": "22207", "addr:street": "인하로47번길", "building": "yes", "building:levels": "2"}, "verified_access": false}}, {"type": "Feature", "geometry": {"type": "Polygon", "coordinates": [[[126.6543425, 37.4524158], [126.6543792, 37.4523262], [126.6544808, 37.4523524], [126.6544441, 37.452442], [126.6543425, 37.4524158]]]}, "properties": {"osm_type": "way", "osm_id": "1099884012", "tags": {"building": "yes"}, "verified_access": false}}, {"type": "Feature", "geometry": {"type": "Polygon", "coordinates": [[[126.6541968, 37.4523868], [126.6543251, 37.4524179], [126.6543513, 37.4523497], [126.654223, 37.4523186], [126.6541968, 37.4523868]]]}, "properties": {"osm_type": "way", "osm_id": "1099884013", "tags": {"building": "yes"}, "verified_access": false}}, {"type": "Feature", "geometry": {"type": "Polygon", "coordinates": [[[126.6542506, 37.4522506], [126.654285, 37.4521625], [126.6543745, 37.4521845], [126.6543402, 37.4522726], [126.6542506, 37.4522506]]]}, "properties": {"osm_type": "way", "osm_id": "1099884014", "tags": {"addr:city": "인천광역시", "addr:district": "미추홀구", "addr:housenumber": "9", "addr:postcode": "22207", "addr:street": "인하로47번길", "building": "yes", "building:levels": "3", "name": "시내비"}, "verified_access": false}}, {"type": "Feature", "geometry": {"type": "Polygon", "coordinates": [[[126.654204, 37.4522885], [126.6542282, 37.4522243], [126.6541959, 37.4522166], [126.6542133, 37.4521706], [126.6541301, 37.4521508], [126.6540886, 37.4522611], [126.654204, 37.4522885]]]}, "properties": {"osm_type": "way", "osm_id": "1099884015", "tags": {"addr:city": "인천광역시", "addr:district": "미추홀구", "addr:housenumber": "5", "addr:postcode": "22207", "addr:street": "인하로47번길", "building": "yes", "building:levels": "4", "name": "까사올리브"}, "verified_access": false}}, {"type": "Feature", "geometry": {"type": "Polygon", "coordinates": [[[126.6539633, 37.4520913], [126.6540944, 37.4521241], [126.6540607, 37.452209], [126.6539296, 37.4521762], [126.6539633, 37.4520913]]]}, "properties": {"osm_type": "way", "osm_id": "1099884016", "tags": {"addr:city": "인천광역시", "addr:district": "미추홀구", "addr:housenumber": "1", "addr:postcode": "22207", "addr:street": "인하로47번길", "building": "yes", "building:levels": "3", "name": "주영원룸"}, "verified_access": false}}, {"type": "Feature", "geometry": {"type": "LineString", "coordinates": [[126.6544806, 37.4526633], [126.6545437, 37.4524885]]}, "properties": {"osm_type": "way", "osm_id": "1099884017", "tags": {"highway": "footway"}, "verified_access": false}}, {"type": "Feature", "geometry": {"type": "LineString", "coordinates": [[126.6544168, 37.452172], [126.6543535, 37.4523108]]}, "properties": {"osm_type": "way", "osm_id": "1099884018", "tags": {"highway": "footway"}, "verified_access": false}}, {"type": "Feature", "geometry": {"type": "Polygon", "coordinates": [[[126.654084, 37.452035], [126.654074, 37.4520051], [126.6542612, 37.4519549], [126.6542974, 37.4520295], [126.6542727, 37.4520809], [126.654084, 37.452035]]]}, "properties": {"osm_type": "way", "osm_id": "1099890752", "tags": {"addr:city": "인천광역시", "addr:district": "미추홀구", "addr:housenumber": "51", "addr:postcode": "22207", "addr:street": "인하로", "building": "yes", "building:levels": "6", "name": "대원오피스텔"}, "verified_access": false}}, {"type": "Feature", "geometry": {"type": "Polygon", "coordinates": [[[126.6543179, 37.4520526], [126.6543251, 37.4520332], [126.6542868, 37.4519489], [126.6544162, 37.4519155], [126.6544507, 37.4519996], [126.6544186, 37.4520784], [126.6543179, 37.4520526]]]}, "properties": {"osm_type": "way", "osm_id": "1099890753", "tags": {"addr:city": "인천광역시", "addr:district": "미추홀구", "addr:housenumber": "53", "addr:postcode": "22207", "addr:street": "인하로", "building": "yes", "building:levels": "6"}, "verified_access": false}}, {"type": "Feature", "geometry": {"type": "Polygon", "coordinates": [[[126.6544619, 37.4521219], [126.6544985, 37.4520273], [126.6545373, 37.4520367], [126.6545418, 37.4520252], [126.6545739, 37.4520188], [126.6545641, 37.452044], [126.6546131, 37.452056], [126.6545768, 37.4521499], [126.6544619, 37.4521219]]]}, "properties": {"osm_type": "way", "osm_id": "1099890754", "tags": {"addr:city": "인천광역시", "addr:district": "미추홀구", "addr:housenumber": "12", "addr:postcode": "22207", "addr:street": "인하로47번길", "building": "yes", "building:levels": "4", "name": "경양"}, "verified_access": false}}, {"type": "Feature", "geometry": {"type": "Polygon", "coordinates": [[[126.6546796, 37.4521743], [126.6547229, 37.4520596], [126.6546415, 37.4520403], [126.6545982, 37.4521549], [126.6546796, 37.4521743]]]}, "properties": {"osm_type": "way", "osm_id": "1099890755", "tags": {"addr:city": "인천광역시", "addr:district": "미추홀구", "addr:housenumber": "14", "addr:postcode": "22207", "addr:street": "인하로47번길", "building": "yes", "building:levels": "4", "name": "햇빛마을"}, "verified_access": false}}, {"type": "Feature", "geometry": {"type": "Polygon", "coordinates": [[[126.6547119, 37.4521821], [126.6547579, 37.4520616], [126.6548471, 37.4520831], [126.6548479, 37.4521175], [126.6548335, 37.4521551], [126.6548419, 37.4521571], [126.6548222, 37.4522086], [126.6547119, 37.4521821]]]}, "properties": {"osm_type": "way", "osm_id": "1099890756", "tags": {"addr:city": "인천광역시", "addr:district": "미추홀구", "addr:housenumber": "16", "addr:postcode": "22207", "addr:street": "인하로47번길", "building": "yes", "building:levels": "5", "name": "LunaSquare"}, "verified_access": false}}, {"type": "Feature", "geometry": {"type": "Polygon", "coordinates": [[[126.654941, 37.4522556], [126.6549706, 37.4522623], [126.6550457, 37.4522383], [126.6549869, 37.4521225], [126.6548893, 37.4521538], [126.654941, 37.4522556]]]}, "properties": {"osm_type": "way", "osm_id": "1099890757", "tags": {"addr:city": "인천광역시", "addr:district": "미추홀구", "addr:housenumber": "20", "addr:postcode": "22207", "addr:street": "인하로47번길", "building": "yes", "building:levels": "5", "name": "극동주택"}, "verified_access": false}}, {"type": "Feature", "geometry": {"type": "Polygon", "coordinates": [[[126.6545663, 37.4518777], [126.6545958, 37.4519514], [126.6544667, 37.4519839], [126.6544373, 37.4519102], [126.6545663, 37.4518777]]]}, "properties": {"osm_type": "way", "osm_id": "1099890758", "tags": {"addr:city": "인천광역시", "addr:district": "미추홀구", "addr:housenumber": "55", "addr:postcode": "22207", "addr:street": "인하로", "building": "yes", "building:levels": "4"}, "verified_access": false}}, {"type": "Feature", "geometry": {"type": "Polygon", "coordinates": [[[126.6546042, 37.4518683], [126.6546865, 37.4518462], [126.6547589, 37.4520157], [126.6547143, 37.4520276], [126.6546296, 37.452013], [126.6546105, 37.4519682], [126.654643, 37.4519594], [126.6546042, 37.4518683]]]}, "properties": {"osm_type": "way", "osm_id": "1099890759", "tags": {"addr:city": "인천광역시", "addr:district": "미추홀구", "addr:housenumber": "55-1", "addr:postcode": "22207", "addr:street": "인하로", "building": "yes", "building:levels": "2"}, "verified_access": false}}, {"type": "Feature", "geometry": {"type": "Polygon", "coordinates": [[[126.6547861, 37.4519371], [126.6547395, 37.4518331], [126.6548588, 37.4517995], [126.6549053, 37.4519034], [126.6547861, 37.4519371]]]}, "properties": {"osm_type": "way", "osm_id": "1099890760", "tags": {"addr:city": "인천광역시", "addr:district": "미추홀구", "addr:housenumber": "57", "addr:postcode": "22207", "addr:street": "인하로", "building": "yes", "building:levels": "4"}, "verified_access": false}}, {"type": "Feature", "geometry": {"type": "Polygon", "coordinates": [[[126.6547721, 37.4520105], [126.6549299, 37.4519689], [126.6549126, 37.4519275], [126.6547548, 37.4519691], [126.6547721, 37.4520105]]]}, "properties": {"osm_type": "way", "osm_id": "1099890761", "tags": {"addr:city": "인천광역시", "addr:district": "미추홀구", "addr:housenumber": "55-2", "addr:postcode": "22207", "addr:street": "인하로", "building": "yes", "building:levels": "1"}, "verified_access": false}}, {"type": "Feature", "geometry": {"type": "LineString", "coordinates": [[126.6546599, 37.4517272], [126.6547552, 37.451942]]}, "properties": {"osm_type": "way", "osm_id": "1099890762", "tags": {"highway": "footway"}, "verified_access": false}}, {"type": "Feature", "geometry": {"type": "Polygon", "coordinates": [[[126.654988, 37.4521131], [126.6549303, 37.4519823], [126.6547948, 37.45202], [126.6548135, 37.4520622], [126.6548614, 37.4520768], [126.6548896, 37.4521405], [126.654988, 37.4521131]]]}, "properties": {"osm_type": "way", "osm_id": "1099890763", "tags": {"building": "yes"}, "verified_access": false}}, {"type": "Feature", "geometry": {"type": "Polygon", "coordinates": [[[126.655064, 37.452232], [126.6550183, 37.4521293], [126.6550962, 37.4521075], [126.6551418, 37.4522102], [126.655064, 37.452232]]]}, "properties": {"osm_type": "way", "osm_id": "1099890764", "tags": {"addr:city": "인천광역시", "addr:district": "미추홀구", "addr:housenumber": "12", "addr:postcode": "22207", "addr:street": "경인남길30번길", "building": "yes", "building:levels": "3"}, "verified_access": false}}, {"type": "Feature", "geometry": {"type": "Polygon", "coordinates": [[[126.6551728, 37.4522016], [126.6552568, 37.4521788], [126.6552131, 37.4520777], [126.6551461, 37.452096], [126.6551651, 37.4521399], [126.6551482, 37.4521445], [126.6551728, 37.4522016]]]}, "properties": {"osm_type": "way", "osm_id": "1099890765", "tags": {"addr:city": "인천광역시", "addr:district": "미추홀구", "addr:housenumber": "14", "addr:postcode": "22207", "addr:street": "경인남길30번길", "building": "yes", "building:levels": "5", "name": "더네스빌"}, "verified_access": false}}, {"type": "Feature", "geometry": {"type": "Polygon", "coordinates": [[[126.6550068, 37.4521013], [126.6549667, 37.4520086], [126.655048, 37.4519864], [126.6550881, 37.4520792], [126.6550068, 37.4521013]]]}, "properties": {"osm_type": "way", "osm_id": "1099890766", "tags": {"building": "yes"}, "verified_access": false}}, {"type": "Feature", "geometry": {"type": "Polygon", "coordinates": [[[126.6551137, 37.4520767], [126.6551974, 37.452054], [126.6551443, 37.4519302], [126.6550889, 37.4519452], [126.6551016, 37.4519747], [126.6550732, 37.4519824], [126.6551137, 37.4520767]]]}, "properties": {"osm_type": "way", "osm_id": "1099890767", "tags": {"building": "yes"}, "verified_access": false}}, {"type": "Feature", "geometry": {"type": "LineString", "coordinates": [[126.6551849, 37.4522709], [126.6551118, 37.4521022]]}, "properties": {"osm_type": "way", "osm_id": "1099890768", "tags": {"highway": "footway"}, "verified_access": false}}, {"type": "Feature", "geometry": {"type": "Polygon", "coordinates": [[[126.655271, 37.4521753], [126.6553411, 37.4521551], [126.6552861, 37.4520346], [126.6552159, 37.4520548], [126.655271, 37.4521753]]]}, "properties": {"osm_type": "way", "osm_id": "1099890769", "tags": {"addr:city": "인천광역시", "addr:district": "미추홀구", "addr:housenumber": "18-4", "addr:postcode": "22207", "addr:street": "경인남길30번길", "building": "yes", "building:levels": "4", "name": "The Shine"}, "verified_access": false}}, {"type": "Feature", "geometry": {"type": "LineString", "coordinates": [[126.6554109, 37.4522091], [126.6553059, 37.4519855]]}, "properties": {"osm_type": "way", "osm_id": "1099890770", "tags": {"highway": "service", "surface": "concrete"}, "verified_access": false}}, {"type": "Feature", "geometry": {"type": "LineString", "coordinates": [[126.6553059, 37.4519855], [126.6552697, 37.4519005], [126.6553259, 37.4518846]]}, "properties": {"osm_type": "way", "osm_id": "1099890771", "tags": {"highway": "footway"}, "verified_access": false}}, {"type": "Feature", "geometry": {"type": "Polygon", "coordinates": [[[126.6552693, 37.4519371], [126.6552845, 37.4519727], [126.6551828, 37.452], [126.655146, 37.4519138], [126.6551903, 37.4519019], [126.6552119, 37.4519525], [126.6552693, 37.4519371]]]}, "properties": {"osm_type": "way", "osm_id": "1099890772", "tags": {"building": "yes"}, "verified_access": false}}, {"type": "Feature", "geometry": {"type": "Polygon", "coordinates": [[[126.6552769, 37.4518691], [126.6552604, 37.4518284], [126.6551265, 37.4518625], [126.6551453, 37.4519088], [126.6551827, 37.4518992], [126.6551724, 37.4518738], [126.6552385, 37.4518569], [126.6552466, 37.4518768], [126.6552769, 37.4518691]]]}, "properties": {"osm_type": "way", "osm_id": "1099890773", "tags": {"building": "yes"}, "verified_access": false}}, {"type": "Feature", "geometry": {"type": "Polygon", "coordinates": [[[126.6552814, 37.4518696], [126.65526, 37.4518165], [126.6553685, 37.4517889], [126.6553899, 37.451842], [126.6552814, 37.4518696]]]}, "properties": {"osm_type": "way", "osm_id": "1099890774", "tags": {"building": "yes"}, "verified_access": false}}, {"type": "Feature", "geometry": {"type": "Polygon", "coordinates": [[[126.6513257, 37.4509401], [126.6521665, 37.4506248], [126.6521247, 37.4505526], [126.6512346, 37.4508895], [126.6513257, 37.4509401]]]}, "properties": {"osm_type": "way", "osm_id": "1203054818", "tags": {"building": "commercial", "description": "露天看台 (관중석)", "name": "관중석"}, "verified_access": false}}, {"type": "Feature", "geometry": {"type": "LineString", "coordinates": [[126.6503879, 37.4447443], [126.6506678, 37.4449928], [126.6508947, 37.4451865], [126.6510479, 37.4452473], [126.6512803, 37.4452986]]}, "properties": {"osm_type": "way", "osm_id": "1215102701", "tags": {"highway": "secondary_link", "oneway": "yes"}, "verified_access": false}}, {"type": "Feature", "geometry": {"type": "LineString", "coordinates": [[126.6511351, 37.4453438], [126.6507075, 37.4456684], [126.6504468, 37.4458802]]}, "properties": {"osm_type": "way", "osm_id": "1215102702", "tags": {"highway": "secondary_link", "oneway": "yes"}, "verified_access": false}}, {"type": "Feature", "geometry": {"type": "LineString", "coordinates": [[126.6504468, 37.4458802], [126.6503018, 37.4456144], [126.6501146, 37.4454725], [126.6498151, 37.4452981]]}, "properties": {"osm_type": "way", "osm_id": "1215102703", "tags": {"highway": "secondary_link", "oneway": "yes"}, "verified_access": false}}, {"type": "Feature", "geometry": {"type": "LineString", "coordinates": [[126.6500185, 37.4480135], [126.6501488, 37.4482741], [126.6501945, 37.4483325], [126.650244, 37.4483567], [126.6503505, 37.4483778], [126.6505577, 37.4483995]]}, "properties": {"osm_type": "way", "osm_id": "1215102704", "tags": {"highway": "secondary_link", "oneway": "yes"}, "verified_access": false}}, {"type": "Feature", "geometry": {"type": "LineString", "coordinates": [[126.6505577, 37.4483995], [126.6501818, 37.4486558], [126.6501298, 37.4486991], [126.6497772, 37.449048]]}, "properties": {"osm_type": "way", "osm_id": "1215102705", "tags": {"highway": "secondary_link", "oneway": "yes"}, "verified_access": false}}, {"type": "Feature", "geometry": {"type": "LineString", "coordinates": [[126.6497117, 37.44922], [126.6496591, 37.4488462], [126.6496299, 37.4487273], [126.6495792, 37.4486508], [126.6494694, 37.4485379]]}, "properties": {"osm_type": "way", "osm_id": "1215102706", "tags": {"highway": "secondary_link", "oneway": "yes"}, "verified_access": false}}, {"type": "Feature", "geometry": {"type": "LineString", "coordinates": [[126.6487251, 37.4484716], [126.6493908, 37.4486165], [126.6494938, 37.4486711], [126.6495341, 37.4487463], [126.6494386, 37.4491519], [126.6492713, 37.4494933], [126.6487972, 37.4503279], [126.6486966, 37.4504752], [126.6481338, 37.4514936], [126.6479537, 37.4518131], [126.6478292, 37.4518127]]}, "properties": {"osm_type": "way", "osm_id": "1215102707", "tags": {"footway": "sidewalk", "highway": "footway"}, "verified_access": false}}, {"type": "Feature", "geometry": {"type": "LineString", "coordinates": [[126.6495341, 37.4487463], [126.6496299, 37.4487273], [126.6498514, 37.4487234], [126.6500215, 37.4487178]]}, "properties": {"osm_type": "way", "osm_id": "1215102708", "tags": {"crossing": "traffic_signals", "crossing:markings": "yes", "footway": "crossing", "highway": "footway"}, "verified_access": false}}, {"type": "Feature", "geometry": {"type": "LineString", "coordinates": [[126.6500215, 37.4487178], [126.6500406, 37.4487172], [126.6500918, 37.4486804], [126.6501027, 37.4486858]]}, "properties": {"osm_type": "way", "osm_id": "1215102709", "tags": {"crossing:markings": "yes", "highway": "footway"}, "verified_access": false}}, {"type": "Feature", "geometry": {"type": "LineString", "coordinates": [[126.6501027, 37.4486858], [126.6501298, 37.4486991], [126.6501493, 37.4487235]]}, "properties": {"osm_type": "way", "osm_id": "1215102710", "tags": {"crossing": "traffic_signals", "crossing:markings": "yes", "footway": "crossing", "highway": "footway"}, "verified_access": false}}, {"type": "Feature", "geometry": {"type": "LineString", "coordinates": [[126.6482129, 37.4518976], [126.6479481, 37.4524035], [126.6479363, 37.4524308], [126.6478956, 37.4525531], [126.647884, 37.4527423], [126.6479423, 37.452929]]}, "properties": {"osm_type": "way", "osm_id": "1215117217", "tags": {"highway": "secondary", "name": "독배로", "name:en": "Dokbae-ro", "name:ko": "독배로", "ref": "17", "surface": "asphalt"}, "verified_access": false}}, {"type": "Feature", "geometry": {"type": "Polygon", "coordinates": [[[126.6495475, 37.4496517], [126.649355, 37.4500629], [126.6488337, 37.4508644], [126.6486557, 37.4510138], [126.6486797, 37.4508134], [126.6492063, 37.4499801], [126.6495475, 37.4496517]]]}, "properties": {"osm_type": "way", "osm_id": "1215117218", "tags": {"highway": "secondary", "name": "독배로", "name:en": "Dokbae-ro", "name:ko": "독배로", "oneway": "yes", "ref": "16;17", "surface": "asphalt"}, "verified_access": false}}, {"type": "Feature", "geometry": {"type": "LineString", "coordinates": [[126.6498752, 37.4485853], [126.6498514, 37.4487234], [126.6498105, 37.4489603], [126.6497772, 37.449048], [126.6497117, 37.44922], [126.6495475, 37.4496517]]}, "properties": {"osm_type": "way", "osm_id": "1215393150", "tags": {"highway": "secondary", "name": "독배로", "name:en": "Dokbae-ro", "name:ko": "독배로", "ref": "16;17", "surface": "asphalt"}, "verified_access": false}}, {"type": "Feature", "geometry": {"type": "LineString", "coordinates": [[126.6486557, 37.4510138], [126.6482129, 37.4518976]]}, "properties": {"osm_type": "way", "osm_id": "1215393151", "tags": {"highway": "secondary", "name": "독배로", "name:en": "Dokbae-ro", "name:ko": "독배로", "ref": "16;17", "surface": "asphalt"}, "verified_access": false}}, {"type": "Feature", "geometry": {"type": "LineString", "coordinates": [[126.6498737, 37.4567121], [126.6497912, 37.4565979], [126.6497347, 37.4565498], [126.649664, 37.4565001], [126.6495157, 37.4564619]]}, "properties": {"osm_type": "way", "osm_id": "1215393158", "tags": {"highway": "secondary_link", "oneway": "yes"}, "verified_access": false}}, {"type": "Feature", "geometry": {"type": "LineString", "coordinates": [[126.6504009, 37.4563803], [126.6502356, 37.4564472], [126.6501548, 37.4565065], [126.6498737, 37.4567121]]}, "properties": {"osm_type": "way", "osm_id": "1215393159", "tags": {"highway": "secondary_link", "oneway": "yes"}, "verified_access": false}}, {"type": "Feature", "geometry": {"type": "LineString", "coordinates": [[126.6493575, 37.456525], [126.6495003, 37.4563493], [126.6495993, 37.4562515], [126.6496438, 37.456197], [126.6496983, 37.4560976], [126.6497874, 37.4558441]]}, "properties": {"osm_type": "way", "osm_id": "1215393160", "tags": {"highway": "secondary_link", "oneway": "yes"}, "verified_access": false}}, {"type": "Feature", "geometry": {"type": "LineString", "coordinates": [[126.6589585, 37.4549904], [126.6579046, 37.4553447], [126.6576955, 37.4554087], [126.6570677, 37.4556008], [126.6562436, 37.455853], [126.6561271, 37.4558886], [126.6560749, 37.4559046], [126.6559992, 37.4559278], [126.6557596, 37.4560011], [126.6554914, 37.4560749], [126.6553905, 37.4561026], [126.655036, 37.4561865], [126.6549944, 37.4561936], [126.6547766, 37.4562306], [126.6541815, 37.4563318], [126.6534403, 37.4564579], [126.6534065, 37.4564603], [126.652944, 37.4564925], [126.6524434, 37.4564858], [126.6522834, 37.4564836], [126.6517813, 37.456456], [126.6516427, 37.4564484], [126.65154, 37.4564428]]}, "properties": {"osm_type": "way", "osm_id": "1223158571", "tags": {"highway": "secondary", "name": "인주대로", "name:en": "Inju-daero", "name:ja": "仁州大路", "name:ko": "인주대로", "name:ko-Hani": "仁州大路", "name:zh": "仁州大路", "ref": "18", "wikidata": "Q12613433", "wikipedia": "ko:인주대로"}, "verified_access": false}}, {"type": "Feature", "geometry": {"type": "LineString", "coordinates": [[126.6479423, 37.452929], [126.6482567, 37.4533899], [126.6486432, 37.4540095], [126.6489469, 37.4544964], [126.6495209, 37.4554072], [126.6496634, 37.4556453], [126.6496899, 37.4556878], [126.6497874, 37.4558441], [126.6499244, 37.4561015], [126.6499796, 37.4563619]]}, "properties": {"osm_type": "way", "osm_id": "1223158572", "tags": {"highway": "secondary", "name": "독배로", "name:en": "Dokbae-ro", "name:ko": "독배로", "name:ko-Latn": "Dokbae-ro", "ref": "17"}, "verified_access": false}}, {"type": "Feature", "geometry": {"type": "LineString", "coordinates": [[126.6661639, 37.4527346], [126.6659723, 37.4527963], [126.664547, 37.4532473], [126.6631345, 37.453649], [126.663073, 37.4536632], [126.6629984, 37.4536878]]}, "properties": {"osm_type": "way", "osm_id": "1223158573", "tags": {"highway": "secondary", "lanes": "8", "name": "인주대로", "name:en": "Inju-daero", "name:ja": "仁州大路", "name:ko": "인주대로", "name:ko-Hani": "仁州大路", "name:zh": "仁州大路", "ref": "18", "wikidata": "Q12613433", "wikipedia": "ko:인주대로"}, "verified_access": false}}, {"type": "Feature", "geometry": {"type": "LineString", "coordinates": [[126.6482129, 37.4518976], [126.6486647, 37.4518723], [126.6492031, 37.4518886], [126.6500416, 37.4519081], [126.6503815, 37.4519338], [126.6510362, 37.4519832], [126.6526557, 37.4522214], [126.6528817, 37.4522344], [126.65307, 37.45222], [126.6533313, 37.4521584], [126.6537646, 37.4520049], [126.6546599, 37.4517272], [126.6546715, 37.4517233], [126.6558634, 37.4514268], [126.6560988, 37.451364], [126.6564433, 37.4512721], [126.6564766, 37.4512632], [126.6569674, 37.4511411], [126.657759, 37.450929], [126.6579184, 37.4508863], [126.6583478, 37.4507712], [126.659551, 37.4504488], [126.6598938, 37.4503569], [126.6613536, 37.4499657], [126.6614048, 37.449952], [126.6628126, 37.4495747], [126.6631692, 37.4494719], [126.6642888, 37.4491493], [126.6643918, 37.4491592], [126.6658101, 37.4490524], [126.6660991, 37.4490306], [126.667571, 37.4488826]]}, "properties": {"osm_type": "way", "osm_id": "1223158575", "tags": {"highway": "secondary", "name": "인하로", "name:en": "Inha-ro", "name:ko": "인하로", "ref": "16"}, "verified_access": false}}, {"type": "Feature", "geometry": {"type": "LineString", "coordinates": [[126.6499796, 37.4563619], [126.6499295, 37.4565744], [126.6498737, 37.4567121], [126.6498305, 37.4568188], [126.649645, 37.4572463], [126.6495303, 37.4574571], [126.6493729, 37.4577463]]}, "properties": {"osm_type": "way", "osm_id": "1227252038", "tags": {"highway": "secondary", "name": "독배로", "name:en": "Dokbae-ro", "name:ko": "독배로", "name:ko-Latn": "Dokbae-ro", "ref": "17"}, "verified_access": false}}, {"type": "Feature", "geometry": {"type": "LineString", "coordinates": [[126.65154, 37.4564428], [126.6512996, 37.4564296], [126.6508434, 37.4564046], [126.6504009, 37.4563803], [126.6499796, 37.4563619]]}, "properties": {"osm_type": "way", "osm_id": "1227252039", "tags": {"highway": "secondary", "name": "인주대로", "name:en": "Inju-daero", "name:ja": "仁州大路", "name:ko": "인주대로", "name:ko-Hani": "仁州大路", "name:zh": "仁州大路", "ref": "18"}, "verified_access": false}}, {"type": "Feature", "geometry": {"type": "LineString", "coordinates": [[126.6629984, 37.4536878], [126.6625976, 37.4538202]]}, "properties": {"osm_type": "way", "osm_id": "1227252040", "tags": {"highway": "secondary", "lanes": "8", "name": "인주대로", "name:en": "Inju-daero", "name:ja": "仁州大路", "name:ko": "인주대로", "name:ko-Hani": "仁州大路", "name:zh": "仁州大路", "ref": "18", "wikidata": "Q12613433", "wikipedia": "ko:인주대로"}, "verified_access": false}}, {"type": "Feature", "geometry": {"type": "Polygon", "coordinates": [[[126.6617069, 37.4494637], [126.661794, 37.4496495], [126.6620134, 37.4495846], [126.6619532, 37.4494562], [126.6619143, 37.4494677], [126.6618874, 37.4494103], [126.6617069, 37.4494637]]]}, "properties": {"osm_type": "way", "osm_id": "1257398113", "tags": {"addr:housenumber": "126", "addr:postcode": "22211", "addr:street": "인하로", "building": "public", "name": "학산생활문화센터", "name:ko": "학산생활문화센터"}, "verified_access": false}}, {"type": "Feature", "geometry": {"type": "LineString", "coordinates": [[126.6532052, 37.4445424], [126.6536338, 37.4452677], [126.65378, 37.445485], [126.6539782, 37.445826], [126.6546057, 37.4467792]]}, "properties": {"osm_type": "way", "osm_id": "1390060991", "tags": {"highway": "residential"}, "verified_access": false}}, {"type": "Feature", "geometry": {"type": "LineString", "coordinates": [[126.6483007, 37.4562405], [126.6486701, 37.4567994]]}, "properties": {"osm_type": "way", "osm_id": "1390062928", "tags": {"highway": "residential"}, "verified_access": false}}, {"type": "Feature", "geometry": {"type": "LineString", "coordinates": [[126.6477593, 37.4571628], [126.6474159, 37.4565925]]}, "properties": {"osm_type": "way", "osm_id": "1390064381", "tags": {"highway": "residential"}, "verified_access": false}}, {"type": "Feature", "geometry": {"type": "LineString", "coordinates": [[126.6467698, 37.4575038], [126.6464268, 37.456986]]}, "properties": {"osm_type": "way", "osm_id": "1390064697", "tags": {"highway": "residential"}, "verified_access": false}}, {"type": "Feature", "geometry": {"type": "LineString", "coordinates": [[126.6498151, 37.4452981], [126.6501373, 37.4452022], [126.6502451, 37.4451009], [126.6503132, 37.4449882], [126.6503879, 37.4447443]]}, "properties": {"osm_type": "way", "osm_id": "1416977807", "tags": {"highway": "secondary_link", "oneway": "yes"}, "verified_access": false}}, {"type": "Feature", "geometry": {"type": "LineString", "coordinates": [[126.6501611, 37.4439614], [126.6503218, 37.4444682], [126.6503879, 37.4447443]]}, "properties": {"osm_type": "way", "osm_id": "1416977808", "tags": {"highway": "secondary", "name": "독배로", "name:en": "Dokbae-ro", "name:ko": "독배로", "ref": "17", "surface": "asphalt"}, "verified_access": false}}, {"type": "Feature", "geometry": {"type": "LineString", "coordinates": [[126.6483007, 37.4562405], [126.6481618, 37.4560091], [126.6488943, 37.4557013]]}, "properties": {"osm_type": "way", "osm_id": "1436422581", "tags": {"highway": "service"}, "verified_access": false}}, {"type": "Feature", "geometry": {"type": "LineString", "coordinates": [[126.6469163, 37.4525727], [126.6479702, 37.4542397], [126.6488943, 37.4557013]]}, "properties": {"osm_type": "way", "osm_id": "1436422582", "tags": {"highway": "service", "name": "용마루로8번길", "name:en": "Yongmaru-ro 8beon-gil", "name:ko": "용마루로8번길", "oneway": "yes"}, "verified_access": false}}, {"type": "Feature", "geometry": {"type": "LineString", "coordinates": [[126.6488943, 37.4557013], [126.6495209, 37.4554072]]}, "properties": {"osm_type": "way", "osm_id": "1436422583", "tags": {"highway": "service", "oneway": "yes"}, "verified_access": false}}, {"type": "Feature", "geometry": {"type": "LineString", "coordinates": [[126.6486432, 37.4540095], [126.6479702, 37.4542397]]}, "properties": {"osm_type": "way", "osm_id": "1436422584", "tags": {"highway": "residential"}, "verified_access": false}}, {"type": "Feature", "geometry": {"type": "Polygon", "coordinates": [[[126.6515623, 37.4453461], [126.651995, 37.445173], [126.6522192, 37.4455809], [126.6518175, 37.4457564], [126.6515623, 37.4453461]]]}, "properties": {"osm_type": "way", "osm_id": "1534982816", "tags": {"amenity": "cinema", "brand": "CGV", "brand:en": "CGV Cinemas", "brand:ko": "CGV", "brand:wikidata": "Q135400010", "building": "yes", "building:levels": "9", "height": "48", "name": "CGV 인천학익점", "name:en": "CGV Cinemas", "name:ko": "CGV", "start_date": "2020"}, "verified_access": false}}, {"type": "Feature", "geometry": {"type": "Polygon", "coordinates": [[[126.6519729, 37.4447386], [126.6520414, 37.4444326], [126.6522942, 37.4444683], [126.6526539, 37.4443169], [126.6527244, 37.4444224], [126.6519729, 37.4447386]]]}, "properties": {"osm_type": "way", "osm_id": "1536201471", "tags": {"building": "yes", "building:levels": "16", "height": "74", "start_date": "2022"}, "verified_access": false}}, {"type": "Feature", "geometry": {"type": "Polygon", "coordinates": [[[126.6582773, 37.4433663], [126.6579905, 37.4432896], [126.6580812, 37.4430758], [126.6583679, 37.4431524], [126.6582773, 37.4433663]]]}, "properties": {"osm_type": "way", "osm_id": "1536205160", "tags": {"building": "apartments", "building:flats": "141", "building:levels": "40", "height": "139", "start_date": "2010"}, "verified_access": false}}, {"type": "Feature", "geometry": {"type": "Polygon", "coordinates": [[[126.6588442, 37.4431215], [126.6585321, 37.4430422], [126.6586032, 37.4428659], [126.6589153, 37.4429453], [126.6588442, 37.4431215]]]}, "properties": {"osm_type": "way", "osm_id": "1536205161", "tags": {"building": "apartments", "building:flats": "141", "building:levels": "40", "height": "139", "start_date": "2010"}, "verified_access": false}}, {"type": "Feature", "geometry": {"type": "Polygon", "coordinates": [[[126.6587959, 37.4438844], [126.6584783, 37.4438046], [126.658593, 37.4435169], [126.6589106, 37.4435967], [126.6587959, 37.4438844]]]}, "properties": {"osm_type": "way", "osm_id": "1536205162", "tags": {"building": "apartments", "building:flats": "238", "building:levels": "53", "height": "189", "start_date": "2010"}, "verified_access": false}}, {"type": "Feature", "geometry": {"type": "Polygon", "coordinates": [[[126.6591452, 37.4443899], [126.6588276, 37.4443101], [126.6589422, 37.4440224], [126.6592598, 37.4441022], [126.6591452, 37.4443899]]]}, "properties": {"osm_type": "way", "osm_id": "1536205163", "tags": {"building": "apartments", "building:flats": "187", "building:levels": "43", "height": "157", "start_date": "2010"}, "verified_access": false}}, {"type": "Feature", "geometry": {"type": "Polygon", "coordinates": [[[126.6578439, 37.4547636], [126.6580113, 37.4551213], [126.6582838, 37.4550328], [126.6581024, 37.4546846], [126.6578439, 37.4547636]]]}, "properties": {"osm_type": "way", "osm_id": "1546330019", "tags": {"building": "apartments", "building:flats": "162", "building:levels": "23", "height": "79", "start_date": "2022"}, "verified_access": false}}, {"type": "Feature", "geometry": {"type": "Polygon", "coordinates": [[[126.6532521, 37.4562643], [126.6531923, 37.4560031], [126.6534451, 37.4559667], [126.6535049, 37.4562278], [126.6532521, 37.4562643]]]}, "properties": {"osm_type": "way", "osm_id": "1546330020", "tags": {"building": "apartments", "building:flats": "314", "building:levels": "32", "height": "124", "start_date": "2021"}, "verified_access": false}}, {"type": "Feature", "geometry": {"type": "Polygon", "coordinates": [[[126.6534733, 37.4559469], [126.6534136, 37.4556858], [126.6536664, 37.4556493], [126.6537261, 37.4559105], [126.6534733, 37.4559469]]]}, "properties": {"osm_type": "way", "osm_id": "1546330021", "tags": {"building": "apartments", "building:flats": "314", "building:levels": "32", "height": "124", "start_date": "2021"}, "verified_access": false}}, {"type": "Feature", "geometry": {"type": "Polygon", "coordinates": [[[126.649896, 37.4557702], [126.6500238, 37.4559611], [126.6503122, 37.4558394], [126.6501843, 37.4556485], [126.649896, 37.4557702]]]}, "properties": {"osm_type": "way", "osm_id": "1546330277", "tags": {"building": "yes", "building:levels": "9", "height": "39", "start_date": "2024"}, "verified_access": false}}, {"type": "Feature", "geometry": {"type": "LineString", "coordinates": [[126.6481582, 37.4469254], [126.6488257, 37.4450627]]}, "properties": {"osm_type": "way", "osm_id": "1546646094", "tags": {"highway": "service", "surface": "paved"}, "verified_access": false}}, {"type": "Feature", "geometry": {"type": "Polygon", "coordinates": [[[126.6525187, 37.4570085], [126.652512, 37.4568568], [126.6527203, 37.4568511], [126.6527269, 37.4570028], [126.6525187, 37.4570085]]]}, "properties": {"osm_type": "way", "osm_id": "1546916942", "tags": {"building": "apartments", "building:flats": "15", "building:levels": "10", "height": "30", "start_date": "2016"}, "verified_access": false}}, {"type": "Feature", "geometry": {"type": "Polygon", "coordinates": [[[126.6530211, 37.4568346], [126.6529872, 37.4566202], [126.653149, 37.4566041], [126.6531829, 37.4568185], [126.6530211, 37.4568346]]]}, "properties": {"osm_type": "way", "osm_id": "1546916943", "tags": {"building": "apartments", "building:flats": "24", "building:levels": "13", "height": "41", "start_date": "2016"}, "verified_access": false}}, {"type": "Feature", "geometry": {"type": "Polygon", "coordinates": [[[126.6535742, 37.4569369], [126.6539596, 37.4568771], [126.6539306, 37.4567596], [126.6535452, 37.4568194], [126.6535742, 37.4569369]]]}, "properties": {"osm_type": "way", "osm_id": "1546916944", "tags": {"building": "apartments", "building:flats": "45", "building:levels": "14", "height": "43", "start_date": "2017"}, "verified_access": false}}, {"type": "Feature", "geometry": {"type": "Polygon", "coordinates": [[[126.6537118, 37.4567595], [126.6536576, 37.4565672], [126.6539051, 37.4565233], [126.6539593, 37.4567156], [126.6537118, 37.4567595]]]}, "properties": {"osm_type": "way", "osm_id": "1546916945", "tags": {"building": "apartments", "building:flats": "62", "building:levels": "19", "height": "61", "start_date": "2017"}, "verified_access": false}}, {"type": "Feature", "geometry": {"type": "Polygon", "coordinates": [[[126.6542059, 37.4565997], [126.6542581, 37.4568299], [126.6541405, 37.4568467], [126.6540882, 37.4566166], [126.6542059, 37.4565997]]]}, "properties": {"osm_type": "way", "osm_id": "1546916946", "tags": {"building": "apartments", "building:flats": "27", "building:levels": "14", "height": "44", "start_date": "2016"}, "verified_access": false}}, {"type": "Feature", "geometry": {"type": "Polygon", "coordinates": [[[126.6545611, 37.4565689], [126.65452, 37.4564103], [126.6546475, 37.4563895], [126.6546886, 37.4565481], [126.6545611, 37.4565689]]]}, "properties": {"osm_type": "way", "osm_id": "1546916947", "tags": {"building": "apartments", "building:flats": "24", "building:levels": "17", "height": "55", "start_date": "2017"}, "verified_access": false}}, {"type": "Feature", "geometry": {"type": "Polygon", "coordinates": [[[126.6547626, 37.4560118], [126.6547425, 37.4559471], [126.6548995, 37.4559164], [126.6549196, 37.455981], [126.6547626, 37.4560118]]]}, "properties": {"osm_type": "way", "osm_id": "1546916948", "tags": {"building": "yes", "building:levels": "10", "height": "33", "start_date": "2004"}, "verified_access": false}}, {"type": "Feature", "geometry": {"type": "Polygon", "coordinates": [[[126.6473812, 37.4570662], [126.6472716, 37.4569034], [126.6474589, 37.4568239], [126.6475685, 37.4569867], [126.6473812, 37.4570662]]]}, "properties": {"osm_type": "way", "osm_id": "1546924919", "tags": {"building": "apartments", "building:flats": "26", "building:levels": "14", "height": "44", "start_date": "2017"}, "verified_access": false}}, {"type": "Feature", "geometry": {"type": "Polygon", "coordinates": [[[126.6450145, 37.4566647], [126.6445414, 37.4564261], [126.6444772, 37.4565062], [126.6449503, 37.4567449], [126.6450145, 37.4566647]]]}, "properties": {"osm_type": "way", "osm_id": "1546924922", "tags": {"building": "apartments", "building:flats": "96", "building:levels": "24", "height": "74", "start_date": "2018"}, "verified_access": false}}, {"type": "Feature", "geometry": {"type": "Polygon", "coordinates": [[[126.645384, 37.4570019], [126.6450688, 37.456836], [126.6449961, 37.456923], [126.6453112, 37.457089], [126.645384, 37.4570019]]]}, "properties": {"osm_type": "way", "osm_id": "1546924924", "tags": {"building": "apartments", "building:flats": "103", "building:levels": "27", "height": "82", "start_date": "2018"}, "verified_access": false}}, {"type": "Feature", "geometry": {"type": "LineString", "coordinates": [[126.6462359, 37.4444467], [126.646657, 37.4433239], [126.6469456, 37.4424323]]}, "properties": {"osm_type": "way", "osm_id": "1556726238", "tags": {"highway": "footway"}, "verified_access": false}}, {"type": "Feature", "geometry": {"type": "LineString", "coordinates": [[126.648292, 37.4469539], [126.6478585, 37.4481892]]}, "properties": {"osm_type": "way", "osm_id": "1556825513", "tags": {"highway": "footway"}, "verified_access": false}}, {"type": "Feature", "geometry": {"type": "Polygon", "coordinates": [[[126.6537496, 37.4438134], [126.6535422, 37.4435188], [126.6544032, 37.4431501], [126.6545005, 37.4431652], [126.6546515, 37.4434278], [126.6537496, 37.4438134]]]}, "properties": {"osm_type": "way", "osm_id": "1558375861", "tags": {"building": "retail"}, "verified_access": false}}, {"type": "Feature", "geometry": {"type": "Polygon", "coordinates": [[[126.6539066, 37.4440764], [126.6537668, 37.4438546], [126.6539304, 37.443792], [126.654069, 37.4440055], [126.6539066, 37.4440764]]]}, "properties": {"osm_type": "way", "osm_id": "1558375862", "tags": {"building": "retail"}, "verified_access": false}}, {"type": "Feature", "geometry": {"type": "LineString", "coordinates": [[126.6491215, 37.44378], [126.6492775, 37.4433218], [126.6491622, 37.4433069], [126.6490388, 37.443637], [126.6489637, 37.4436242], [126.649071, 37.443292], [126.6491622, 37.4433069]]}, "properties": {"osm_type": "way", "osm_id": "1558814620", "tags": {"highway": "service"}, "verified_access": false}}, {"type": "Feature", "geometry": {"type": "Polygon", "coordinates": [[[126.6488671, 37.4436838], [126.6492292, 37.4437626], [126.6493624, 37.44331], [126.649197, 37.4432835], [126.6490173, 37.4432515], [126.6488671, 37.4436838]]]}, "properties": {"osm_type": "way", "osm_id": "1558814622", "tags": {"amenity": "parking", "parking": "surface"}, "verified_access": false}}]}